DATES:2021-03-01,2021-03-02,2021-03-03,2021-03-04,2021-03-05,2021-03-06,2021-03-07,2021-03-08,2021-03-09,2021-03-10,2021-03-11,2021-03-12,2021-03-13,2021-03-14,2021-03-15,2021-03-16,2021-03-17,2021-03-18,2021-03-19,2021-03-20,2021-03-21,2021-03-22,2021-03-23,2021-03-24,2021-03-25,2021-03-26,2021-03-27,2021-03-28,2021-03-29,2021-03-30,2021-03-31,2021-04-01,2021-04-02,2021-04-03,2021-04-04,2021-04-05,2021-04-06,2021-04-07,2021-04-08,2021-04-09,2021-04-10,2021-04-11,2021-04-12,2021-04-13,2021-04-14,2021-04-15,2021-04-16,2021-04-17,2021-04-18,2021-04-19,2021-04-20,2021-04-21,2021-04-22,2021-04-23,2021-04-24,2021-04-25,2021-04-26,2021-04-27,2021-04-28,2021-04-29,2021-04-30,2021-05-01,2021-05-02,2021-05-03,2021-05-04,2021-05-05,2021-05-06,2021-05-07,2021-05-08,2021-05-09,2021-05-10,2021-05-11,2021-05-12,2021-05-13,2021-05-14,2021-05-15,2021-05-16,2021-05-17,2021-05-18,2021-05-19,2021-05-20,2021-05-21,2021-05-22,2021-05-23,2021-05-24,2021-05-25,2021-05-26,2021-05-27,2021-05-28,2021-05-29,2021-05-30,2021-05-31,2021-06-01,2021-06-02,2021-06-03,2021-06-04,2021-06-05,2021-06-06,2021-06-07,2021-06-08,2021-06-09,2021-06-10,2021-06-11,2021-06-12,2021-06-13,2021-06-14,2021-06-15,2021-06-16,2021-06-17,2021-06-18,2021-06-19,2021-06-20,2021-06-21,2021-06-22,2021-06-23,2021-06-24,2021-06-25,2021-06-26,2021-06-27,2021-06-28,2021-06-29,2021-06-30,2021-07-01,2021-07-02,2021-07-03,2021-07-04,2021-07-05,2021-07-06,2021-07-07,2021-07-08,2021-07-09,2021-07-10,2021-07-11,2021-07-12,2021-07-13,2021-07-14,2021-07-15,2021-07-16,2021-07-17,2021-07-18,2021-07-19,2021-07-20,2021-07-21,2021-07-22,2021-07-23,2021-07-24,2021-07-25,2021-07-26,2021-07-27,2021-07-28,2021-07-29,2021-07-30,2021-07-31,2022-03-01,2022-03-02,2022-03-03,2022-03-04,2022-03-05,2022-03-06,2022-03-07,2022-03-08,2022-03-09,2022-03-10,2022-03-11,2022-03-12,2022-03-13,2022-03-14,2022-03-15,2022-03-16,2022-03-17,2022-03-18,2022-03-19,2022-03-20,2022-03-21,2022-03-22,2022-03-23,2022-03-24,2022-03-25,2022-03-26,2022-03-27,2022-03-28,2022-03-29,2022-03-30,2022-03-31,2022-04-01,2022-04-02,2022-04-03,2022-04-04,2022-04-05,2022-04-06,2022-04-07,2022-04-08,2022-04-09,2022-04-10,2022-04-11,2022-04-12,2022-04-13,2022-04-14,2022-04-15,2022-04-16,2022-04-17,2022-04-18,2022-04-19,2022-04-20,2022-04-21,2022-04-22,2022-04-23,2022-04-24,2022-04-25,2022-04-26,2022-04-27,2022-04-28,2022-04-29,2022-04-30,2022-05-01,2022-05-02,2022-05-03,2022-05-04,2022-05-05,2022-05-06,2022-05-07,2022-05-08,2022-05-09,2022-05-10,2022-05-11,2022-05-12,2022-05-13,2022-05-14,2022-05-15,2022-05-16,2022-05-17,2022-05-18,2022-05-19,2022-05-20,2022-05-21,2022-05-22,2022-05-23,2022-05-24,2022-05-25,2022-05-26,2022-05-27,2022-05-28,2022-05-29,2022-05-30,2022-05-31,2022-06-01,2022-06-02,2022-06-03,2022-06-04,2022-06-05,2022-06-06,2022-06-07,2022-06-08,2022-06-09,2022-06-10,2022-06-11,2022-06-12,2022-06-13,2022-06-14,2022-06-15,2022-06-16,2022-06-17,2022-06-18,2022-06-19,2022-06-20,2022-06-21,2022-06-22,2022-06-23,2022-06-24,2022-06-25,2022-06-26,2022-06-27,2022-06-28,2022-06-29,2022-06-30,2022-07-01,2022-07-02,2022-07-03,2022-07-04,2022-07-05,2022-07-06,2022-07-07,2022-07-08,2022-07-09,2022-07-10,2022-07-11,2022-07-12,2022-07-13,2022-07-14,2022-07-15,2022-07-16,2022-07-17,2022-07-18,2022-07-19,2022-07-20,2022-07-21,2022-07-22,2022-07-23,2022-07-24,2022-07-25,2022-07-26,2022-07-27,2022-07-28,2022-07-29,2022-07-30,2022-07-31,2023-03-01,2023-03-02,2023-03-03,2023-03-04,2023-03-05,2023-03-06,2023-03-07,2023-03-08,2023-03-09,2023-03-10,2023-03-11,2023-03-12,2023-03-13,2023-03-14,2023-03-15,2023-03-16,2023-03-17,2023-03-18,2023-03-19,2023-03-20,2023-03-21,2023-03-22,2023-03-23,2023-03-24,2023-03-25,2023-03-26,2023-03-27,2023-03-28,2023-03-29,2023-03-30,2023-03-31,2023-04-01,2023-04-02,2023-04-03,2023-04-04,2023-04-05,2023-04-06,2023-04-07,2023-04-08,2023-04-09,2023-04-10,2023-04-11,2023-04-12,2023-04-13,2023-04-14,2023-04-15,2023-04-16,2023-04-17,2023-04-18,2023-04-19,2023-04-20,2023-04-21,2023-04-22,2023-04-23,2023-04-24,2023-04-25,2023-04-26,2023-04-27,2023-04-28,2023-04-29,2023-04-30,2023-05-01,2023-05-02,2023-05-03,2023-05-04,2023-05-05,2023-05-06,2023-05-07,2023-05-08,2023-05-09,2023-05-10,2023-05-11,2023-05-12,2023-05-13,2023-05-14,2023-05-15,2023-05-16,2023-05-17,2023-05-18,2023-05-19,2023-05-20,2023-05-21,2023-05-22,2023-05-23,2023-05-24,2023-05-25,2023-05-26,2023-05-27,2023-05-28,2023-05-29,2023-05-30,2023-05-31,2023-06-01,2023-06-02,2023-06-03,2023-06-04,2023-06-05,2023-06-06,2023-06-07,2023-06-08,2023-06-09,2023-06-10,2023-06-11,2023-06-12,2023-06-13,2023-06-14,2023-06-15,2023-06-16,2023-06-17,2023-06-18,2023-06-19,2023-06-20,2023-06-21,2023-06-22,2023-06-23,2023-06-24,2023-06-25,2023-06-26,2023-06-27,2023-06-28,2023-06-29,2023-06-30,2023-07-01,2023-07-02,2023-07-03,2023-07-04,2023-07-05,2023-07-06,2023-07-07,2023-07-08,2023-07-09,2023-07-10,2023-07-11,2023-07-12,2023-07-13,2023-07-14,2023-07-15,2023-07-16,2023-07-17,2023-07-18,2023-07-19,2023-07-20,2023-07-21,2023-07-22,2023-07-23,2023-07-24,2023-07-25,2023-07-26,2023-07-27,2023-07-28,2023-07-29,2023-07-30,2023-07-31,2024-03-01,2024-03-02,2024-03-03,2024-03-04,2024-03-05,2024-03-06,2024-03-07,2024-03-08,2024-03-09,2024-03-10,2024-03-11,2024-03-12,2024-03-13,2024-03-14,2024-03-15,2024-03-16,2024-03-17,2024-03-18,2024-03-19,2024-03-20,2024-03-21,2024-03-22,2024-03-23,2024-03-24,2024-03-25,2024-03-26,2024-03-27,2024-03-28,2024-03-29,2024-03-30,2024-03-31,2024-04-01,2024-04-02,2024-04-03,2024-04-04,2024-04-05,2024-04-06,2024-04-07,2024-04-08,2024-04-09,2024-04-10,2024-04-11,2024-04-12,2024-04-13,2024-04-14,2024-04-15,2024-04-16,2024-04-17,2024-04-18,2024-04-19,2024-04-20,2024-04-21,2024-04-22,2024-04-23,2024-04-24,2024-04-25,2024-04-26,2024-04-27,2024-04-28,2024-04-29,2024-04-30,2024-05-01,2024-05-02,2024-05-03,2024-05-04,2024-05-05,2024-05-06,2024-05-07,2024-05-08,2024-05-09,2024-05-10,2024-05-11,2024-05-12,2024-05-13,2024-05-14,2024-05-15,2024-05-16,2024-05-17,2024-05-18,2024-05-19,2024-05-20,2024-05-21,2024-05-22,2024-05-23,2024-05-24,2024-05-25,2024-05-26,2024-05-27,2024-05-28,2024-05-29,2024-05-30,2024-05-31,2024-06-01,2024-06-02,2024-06-03,2024-06-04,2024-06-05,2024-06-06,2024-06-07,2024-06-08,2024-06-09,2024-06-10,2024-06-11,2024-06-12,2024-06-13,2024-06-14,2024-06-15,2024-06-16,2024-06-17,2024-06-18,2024-06-19,2024-06-20,2024-06-21,2024-06-22,2024-06-23,2024-06-24,2024-06-25,2024-06-26,2024-06-27,2024-06-28,2024-06-29,2024-06-30,2024-07-01,2024-07-02,2024-07-03,2024-07-04,2024-07-05,2024-07-06,2024-07-07,2024-07-08,2024-07-09,2024-07-10,2024-07-11,2024-07-12,2024-07-13,2024-07-14,2024-07-15,2024-07-16,2024-07-17,2024-07-18,2024-07-19,2024-07-20,2024-07-21,2024-07-22,2024-07-23,2024-07-24,2024-07-25,2024-07-26,2024-07-27,2024-07-28,2024-07-29,2024-07-30,2024-07-31,2025-03-01,2025-03-02,2025-03-03,2025-03-04,2025-03-05,2025-03-06,2025-03-07,2025-03-08,2025-03-09,2025-03-10,2025-03-11,2025-03-12,2025-03-13,2025-03-14,2025-03-15,2025-03-16,2025-03-17,2025-03-18,2025-03-19,2025-03-20,2025-03-21,2025-03-22,2025-03-23,2025-03-24,2025-03-25,2025-03-26,2025-03-27,2025-03-28,2025-03-29,2025-03-30,2025-03-31,2025-04-01,2025-04-02,2025-04-03,2025-04-04,2025-04-05,2025-04-06,2025-04-07,2025-04-08,2025-04-09,2025-04-10,2025-04-11,2025-04-12,2025-04-13,2025-04-14,2025-04-15,2025-04-16,2025-04-17,2025-04-18,2025-04-19,2025-04-20,2025-04-21,2025-04-22,2025-04-23,2025-04-24,2025-04-25,2025-04-26,2025-04-27,2025-04-28,2025-04-29,2025-04-30,2025-05-01,2025-05-02,2025-05-03,2025-05-04,2025-05-05,2025-05-06,2025-05-07,2025-05-08,2025-05-09,2025-05-10,2025-05-11,2025-05-12,2025-05-13,2025-05-14,2025-05-15,2025-05-16,2025-05-17,2025-05-18,2025-05-19,2025-05-20,2025-05-21,2025-05-22,2025-05-23,2025-05-24,2025-05-25,2025-05-26,2025-05-27,2025-05-28,2025-05-29,2025-05-30,2025-05-31,2025-06-01,2025-06-02,2025-06-03,2025-06-04,2025-06-05,2025-06-06,2025-06-07,2025-06-08,2025-06-09,2025-06-10,2025-06-11,2025-06-12,2025-06-13,2025-06-14,2025-06-15,2025-06-16,2025-06-17,2025-06-18,2025-06-19,2025-06-20,2025-06-21,2025-06-22,2025-06-23,2025-06-24,2025-06-25,2025-06-26,2025-06-27,2025-06-28,2025-06-29,2025-06-30,2025-07-01,2025-07-02,2025-07-03,2025-07-04,2025-07-05,2025-07-06,2025-07-07,2025-07-08,2025-07-09,2025-07-10,2025-07-11,2025-07-12,2025-07-13,2025-07-14,2025-07-15,2025-07-16,2025-07-17,2025-07-18,2025-07-19,2025-07-20,2025-07-21,2025-07-22,2025-07-23,2025-07-24,2025-07-25,2025-07-26,2025-07-27,2025-07-28,2025-07-29,2025-07-30,2025-07-31
d,s,mx,mn,ng,hm,ws,pr,hw,tn,er,pw,vis,fog
0,102,6.1,2.1,2.1,93.7,5.3,,,,,N,4.2,0
1,102,3.0,-0.6,-0.6,69.6,5.1,,,,,NNW,31.8,0
2,102,7.1,0.4,0.4,71.6,4.3,,,,,S,37.5,0
3,102,7.9,3.5,3.5,88.0,3.8,,,,,SE,6.9,0
4,102,7.5,3.2,3.2,95.5,3.5,,,,,NNW,0.2,3
5,102,3.0,0.3,0.3,72.9,6.7,,,,,NNW,28.2,0
6,102,5.8,1.3,1.3,76.2,2.7,,,,,NW,22.5,0
7,102,7.6,0.8,0.8,62.3,3.0,,,,,NNW,13.4,0
8,102,9.6,2.8,2.8,68.6,2.1,,,,,WNW,9.0,0
9,102,10.5,2.8,2.8,77.6,1.7,,,,,S,2.6,0
10,102,9.2,4.1,4.1,85.4,1.8,,,,,SE,1.4,0
11,102,8.5,4.4,4.4,88.5,3.7,,,,,NW,1.8,0
12,102,10.1,4.5,4.5,81.5,1.7,,,,,WNW,1.3,0
13,102,11.3,3.5,3.5,86.9,2.1,,,,,NW,0.1,7
14,102,8.9,4.0,4.0,95.5,5.0,,,,,SSE,0.2,10
15,102,6.3,4.5,4.5,54.0,7.3,,,,,NNW,6.3,0
16,102,8.0,2.8,2.8,56.9,4.6,,,,,NNW,31.0,0
17,102,10.7,3.3,3.3,52.3,2.6,,,,,NNW,25.3,0
18,102,13.3,5.0,5.0,62.4,1.4,,,,,NW,14.1,0
19,102,7.5,4.7,4.7,84.2,3.3,,,,,NW,6.0,0
20,102,6.2,4.4,4.4,70.8,7.6,,,,,NW,4.8,0
21,102,9.1,3.6,3.6,67.7,4.5,,,,,NW,18.4,0
22,102,12.8,5.0,5.0,76.4,4.6,,,,,SSW,5.2,0
23,102,11.0,6.6,6.6,88.3,4.2,,,,,SSE,8.3,0
24,102,9.7,4.2,4.2,94.1,1.9,,,,,SSE,0.4,3
25,102,7.5,3.0,3.0,95.0,3.6,,,,,SE,0.3,9
26,102,9.4,4.6,4.6,96.5,4.8,,,,,ESE,0.5,2
27,102,9.2,6.4,6.4,97.9,4.3,,,,,WNW,0.2,9
28,102,12.1,5.2,5.2,65.9,3.0,,,,,WNW,0.1,5
29,102,12.8,5.5,5.5,35.9,2.2,,,,,WNW,18.1,0
30,102,16.6,6.2,6.2,29.8,1.8,,,,,NW,20.0,0
31,102,18.9,10.0,10.0,25.2,3.6,,,,,ESE,27.8,0
32,102,16.2,11.1,11.1,40.8,3.9,,,,,ESE,28.1,0
33,102,9.9,7.7,7.7,94.5,5.5,,,,,NNW,1.1,0
34,102,9.1,6.6,6.6,67.7,6.0,,,,,NNW,35.6,0
35,102,13.8,5.6,5.6,50.3,2.5,,,,,NW,21.9,0
36,102,16.1,7.8,7.8,49.8,3.4,,,,,WNW,14.4,0
37,102,13.7,7.3,7.3,63.2,4.5,,,,,NW,11.1,0
38,102,11.2,6.6,6.6,55.9,4.8,,,,,NW,30.3,0
39,102,14.1,5.8,5.8,52.4,2.3,,,,,WNW,22.4,0
40,102,12.8,6.7,6.7,75.8,2.6,,,,,SE,5.8,0
41,102,15.3,7.2,7.2,75.1,2.2,,,,,SSE,3.0,0
42,102,13.0,9.3,9.7,74.8,3.8,,,,,ESE,0.6,1
43,102,9.3,5.8,5.8,69.6,9.3,,,,,NNW,0.8,1
44,102,11.8,5.1,5.1,60.7,4.2,,,,,WSW,8.2,0
45,102,11.6,6.2,6.2,82.4,3.8,,,,,SSE,5.8,0
46,102,13.7,8.3,8.3,61.2,5.1,,,,,WNW,14.9,0
47,102,11.2,7.6,7.6,58.7,6.5,,,,,WNW,19.5,0
48,102,11.6,7.0,7.0,69.2,4.8,,,,,NNW,17.1,0
49,102,17.1,8.6,8.6,58.5,2.3,,,,,WNW,17.9,0
50,102,13.8,8.4,8.4,87.4,2.6,,,,,SE,6.2,0
51,102,18.8,8.2,8.2,74.2,1.8,,,,,ESE,3.1,0
52,102,17.9,10.8,10.8,53.0,3.5,,,,,ESE,15.7,0
53,102,17.7,12.1,12.1,65.0,5.1,,,,,E,19.8,0
54,102,19.1,10.3,10.3,73.0,3.4,,,,,NW,11.4,0
55,102,19.5,9.1,9.1,70.4,3.5,,,,,NW,6.4,0
56,102,13.9,10.4,10.4,79.1,2.9,,,,,S,14.4,0
57,102,13.2,10.5,10.5,93.3,4.7,,,,,SSW,0.4,2
58,102,16.9,9.9,9.9,64.9,2.9,,,,,WSW,1.8,0
59,102,16.2,9.8,9.8,69.0,4.0,,,,,SSE,6.0,0
60,102,10.6,6.7,6.7,91.1,3.6,,,,,NW,2.9,0
61,102,11.3,7.1,7.1,85.3,4.6,,,,,WNW,8.4,0
62,102,13.2,7.7,7.7,73.2,3.8,,,,,NW,11.3,0
63,102,14.6,7.7,7.7,78.8,3.2,,,,,SSE,6.7,0
64,102,12.7,8.9,8.9,97.7,4.6,,,,,SE,0.3,11
65,102,16.4,8.2,8.2,64.7,5.8,,,,,WNW,4.6,0
66,102,16.7,11.9,11.9,64.0,6.6,,,,,SE,6.8,0
67,102,14.0,11.9,11.9,66.1,7.5,,,,,WNW,2.8,0
68,102,14.8,9.6,9.6,72.4,5.8,,,,,SSW,6.2,0
69,102,18.4,9.5,9.5,43.0,3.8,,,,,WNW,23.7,0
70,102,14.3,9.5,9.5,83.2,3.1,,,,,S,6.0,0
71,102,21.6,10.2,10.2,62.2,3.7,,,,,ESE,18.8,0
72,102,20.4,12.8,12.8,55.5,3.6,,,,,SE,20.9,0
73,102,22.2,12.7,12.7,76.4,2.4,,,,,WNW,15.2,0
74,102,22.8,13.7,13.7,86.2,2.0,,,,,SE,3.3,0
75,102,18.5,15.1,15.1,95.3,1.6,,,,,ESE,0.7,1
76,102,18.4,11.8,11.8,98.5,1.6,,,,,NW,0.5,3
77,102,17.2,11.1,11.1,82.8,2.9,,,,,NW,8.4,0
78,102,20.7,11.2,11.2,72.1,1.1,,,,,S,2.7,0
79,102,18.7,10.8,10.8,89.5,2.7,,,,,S,0.1,7
80,102,18.7,12.9,12.9,76.8,3.0,,,,,NNW,4.2,0
81,102,20.5,12.0,12.0,75.0,2.6,,,,,WNW,14.8,0
82,102,20.1,11.9,11.9,79.4,1.8,,,,,S,5.6,0
83,102,17.0,12.9,12.9,88.7,3.3,,,,,S,3.5,0
84,102,20.4,11.7,11.7,79.4,3.9,,,,,NW,0.2,2
85,102,18.1,10.3,10.3,68.1,4.6,,,,,W,4.7,0
86,102,20.1,11.9,11.9,84.0,6.2,,,,,SSW,2.5,0
87,102,18.9,12.8,12.8,86.8,5.6,,,,,WNW,1.8,0
88,102,18.1,12.5,12.5,89.1,6.7,,,,,WNW,5.2,0
89,102,17.5,11.7,11.7,85.7,2.8,,,,,ESE,13.8,0
90,102,20.2,11.2,11.2,77.2,2.5,,,,,ESE,9.0,0
91,102,19.4,14.7,14.7,94.3,4.9,,,,,SE,0.6,1
92,102,16.7,14.7,14.7,92.2,4.5,,,,,SE,2.2,0
93,102,20.8,15.2,15.2,86.3,4.2,,,,,SE,5.9,0
94,102,18.8,14.4,14.4,97.2,2.7,,,,,S,0.3,5
95,102,22.8,12.9,12.9,66.0,4.9,,,,,SW,0.6,1
96,102,24.3,14.5,14.5,69.3,3.1,,,,,SSW,2.2,0
97,102,20.0,13.9,13.9,94.4,4.3,,,,,SE,0.1,9
98,102,18.7,15.9,15.9,97.0,4.2,,,,,SE,0.1,12
99,102,18.0,15.9,15.9,98.7,4.3,,,,,SE,0.2,7
100,102,24.3,15.5,15.5,87.4,2.5,,,,,S,0.1,9
101,102,20.4,16.7,16.7,95.4,4.2,,,,,SE,0.2,5
102,102,21.4,15.7,15.7,97.1,1.8,,,,,WNW,0.1,8
103,102,19.5,14.6,14.6,97.4,2.2,,,,,WNW,0.1,8
104,102,19.7,14.1,14.1,94.8,2.8,,,,,NW,0.1,10
105,102,19.5,14.9,14.9,98.0,1.6,,,,,SE,0.1,10
106,102,20.6,16.1,16.1,98.2,2.2,,,,,SSE,0.5,2
107,102,26.9,18.5,18.5,76.8,2.4,,,,,E,24.7,0
108,102,22.4,17.2,17.2,88.4,3.8,,,,,SSE,2.2,0
109,102,21.7,16.5,16.5,95.9,3.2,,,,,NW,0.3,4
110,102,19.8,15.2,15.2,96.4,3.8,,,,,SE,0.1,10
111,102,23.2,15.8,15.8,96.9,3.8,,,,,SE,0.1,17
112,102,25.3,16.6,16.6,76.1,1.2,,,,,WNW,0.1,1
113,102,23.8,17.4,17.4,80.8,2.1,,,,,E,12.6,0
114,102,23.1,17.4,17.4,81.4,2.3,,,,,WNW,5.7,0
115,102,24.0,17.5,17.5,83.3,0.8,,,,,NW,7.9,0
116,102,21.7,17.1,17.1,96.0,1.7,,,,,SSE,0.3,1
117,102,21.0,18.3,18.3,97.0,4.3,,,,,SE,0.2,12
118,102,24.4,18.8,18.8,88.2,2.4,,,,,ESE,2.4,0
119,102,25.3,18.3,18.3,86.5,1.2,,,,,WNW,4.2,0
120,102,25.8,19.2,19.2,90.5,1.4,,,,,SSW,1.2,0
121,102,24.8,18.5,18.5,94.1,2.4,,,,,S,0.2,10
122,102,25.7,17.8,17.8,88.5,2.0,,,,,SE,0.1,10
123,102,27.6,19.6,19.6,77.8,0.7,,,,,NW,10.2,0
124,102,22.9,18.9,18.9,92.5,5.0,,,,,ESE,1.7,0
125,102,20.9,17.5,18.1,96.8,3.4,,,,,NW,3.0,0
126,102,21.2,18.2,18.2,96.6,2.7,,,,,SE,1.1,0
127,102,25.6,18.3,18.3,86.3,0.7,,,,,NW,0.3,1
128,102,24.7,19.1,19.1,90.3,1.1,,,,,WNW,5.7,0
129,102,26.3,19.1,19.1,86.2,1.6,,,,,NW,3.0,0
130,102,25.5,19.7,19.7,90.2,1.2,,,,,S,0.5,1
131,102,26.7,20.3,20.3,92.8,2.9,,,,,S,0.2,8
132,102,23.9,20.9,20.9,98.8,2.9,,,,,SE,0.1,18
133,102,24.3,20.3,20.3,98.5,4.9,,,,,SE,0.1,11
134,102,23.7,22.1,22.1,97.0,6.5,,,,,SE,4.2,0
135,102,23.7,21.7,22.0,98.2,6.2,,,,,SE,2.8,0
136,102,25.9,21.9,21.9,96.4,5.4,,,,,SSE,6.0,0
137,102,29.3,21.6,21.6,87.6,2.8,,,,,SSE,7.2,0
138,102,28.8,22.3,22.3,81.8,2.3,,,,,NW,16.0,0
139,102,28.0,22.5,22.5,85.7,2.3,,,,,SE,11.0,0
140,102,27.1,22.4,22.4,86.8,2.9,,,,,ESE,6.3,0
141,102,30.7,22.3,22.3,82.0,1.9,,,,,ESE,6.4,0
142,102,30.1,23.3,23.3,71.6,2.0,,,,,ENE,27.2,0
143,102,29.6,24.0,24.0,72.2,2.4,,,,,NW,19.8,0
144,102,30.9,24.5,24.5,74.1,1.9,,,,,WNW,10.8,0
145,102,30.7,24.3,24.3,71.8,1.3,,,,,NW,12.0,0
146,102,29.5,22.4,22.4,67.7,2.4,,,,,S,11.0,0
147,102,28.7,22.3,22.3,76.5,2.7,,,,,S,12.0,0
148,102,31.4,22.6,22.6,62.1,1.9,,,,,NW,28.9,0
149,102,31.0,24.1,24.1,62.2,1.8,,,,,NNW,15.8,0
150,102,29.8,23.3,23.3,84.0,2.5,,,,,S,0.5,2
151,102,25.1,22.9,23.3,97.2,5.7,,,,,SE,2.2,0
152,102,27.0,23.5,23.5,92.7,4.0,,,,,SSW,3.0,0
153,102,5.6,2.7,2.7,65.9,6.6,,,,,NW,9.7,0
154,102,8.0,2.2,2.2,55.7,5.2,,,,,WSW,15.6,0
155,102,8.3,2.0,2.0,54.1,2.8,,,,,SSE,6.7,0
156,102,10.9,4.3,4.3,83.4,6.7,,,,,SE,0.2,6
157,102,4.5,1.9,1.9,33.3,8.9,,,,,NW,14.0,0
158,102,2.9,0.9,0.9,34.8,8.1,,,,,NNW,30.6,0
159,102,6.1,0.6,0.6,64.2,3.2,,,,,SSE,29.1,0
160,102,7.7,2.6,2.6,90.3,2.9,,,,,E,0.3,4
161,102,4.7,1.1,1.1,96.8,1.7,,,,,SE,0.3,11
162,102,7.0,1.3,1.3,96.7,4.4,,,,,SE,0.2,7
163,102,12.3,2.0,2.0,84.2,2.8,,,,,WNW,0.1,6
164,102,9.2,2.9,2.9,80.2,3.3,,,,,SSE,0.6,5
165,102,9.7,5.7,5.7,90.9,3.1,,,,,NW,0.2,8
166,102,8.2,3.9,3.9,87.3,6.0,,,,,NW,1.0,0
167,102,6.7,0.5,0.5,75.8,4.0,,,,,SSE,4.8,0
168,102,7.4,4.3,4.3,78.9,4.5,,,,,NNW,3.9,0
169,102,6.3,1.6,1.6,64.1,4.8,,,,,NNW,14.0,0
170,102,8.7,5.4,5.4,67.2,2.2,,,,,E,11.9,0
171,102,5.5,0.4,0.4,82.5,4.6,,,,,NNW,1.4,0
172,102,4.6,2.2,2.2,50.7,5.3,,,,,NW,20.9,0
173,102,7.7,2.2,2.2,53.8,2.1,,,,,NNW,12.9,0
174,102,6.6,2.9,2.9,60.3,5.0,,,,,NNW,7.4,0
175,102,8.3,4.1,4.1,68.1,4.4,,,,,SSW,5.6,0
176,102,11.1,6.2,6.2,82.1,4.6,,,,,SSE,3.1,0
177,102,11.7,6.7,6.7,84.7,6.7,,,,,ESE,0.6,1
178,102,9.9,6.4,6.4,79.0,8.0,,,,,NNW,0.2,2
179,102,8.2,5.0,5.0,59.1,5.6,,,,,WNW,7.7,0
180,102,11.2,3.3,3.3,50.0,2.5,,,,,WNW,27.7,0
181,102,10.2,2.0,2.0,70.3,4.1,,,,,SSE,14.7,0
182,102,8.1,6.2,6.2,85.2,3.7,,,,,SE,0.2,5
183,102,6.2,6.2,6.2,97.0,3.3,,,,,NW,5.0,0
184,102,7.9,3.5,3.5,57.9,5.0,,,,,NNW,25.8,0
185,102,8.5,3.8,3.8,61.5,3.8,,,,,WNW,22.4,0
186,102,12.7,5.3,5.3,53.6,1.9,,,,,W,10.4,0
187,102,12.1,5.4,5.4,70.9,3.2,,,,,S,1.2,0
188,102,12.1,7.2,7.2,74.7,4.7,,,,,S,2.5,0
189,102,9.5,5.7,5.7,51.2,4.5,,,,,NNW,0.4,1
190,102,11.8,4.2,4.2,47.2,3.5,,,,,NNW,14.0,0
191,102,11.0,5.1,5.1,77.2,4.8,,,,,SE,4.5,0
192,102,14.6,8.9,8.9,75.3,5.7,,,,,SE,7.2,0
193,102,13.1,8.9,8.9,79.3,5.8,,,,,SE,5.8,0
194,102,13.5,11.0,11.0,86.6,6.4,,,,,SSE,0.2,6
195,102,11.5,7.6,7.7,96.7,3.7,,,,,SSE,0.3,12
196,102,15.8,8.9,8.9,71.7,3.1,,,,,NNW,31.7,0
197,102,15.4,8.4,8.4,54.3,3.3,,,,,ENE,39.1,0
198,102,10.5,6.9,6.9,65.0,4.6,,,,,NW,7.4,0
199,102,13.3,7.0,7.0,52.8,4.1,,,,,WNW,5.1,0
200,102,16.3,7.2,7.2,45.5,3.4,,,,,W,7.1,0
201,102,16.6,8.5,8.5,49.1,2.7,,,,,WNW,4.5,0
202,102,17.9,7.6,7.6,59.1,2.4,,,,,WNW,2.5,0
203,102,14.4,7.9,7.9,79.9,3.6,,,,,S,1.1,0
204,102,14.0,9.5,9.5,74.1,5.3,,,,,SSE,6.2,0
205,102,14.0,8.6,8.6,83.1,4.8,,,,,NW,3.5,0
206,102,16.8,6.3,6.3,67.8,2.7,,,,,S,1.8,0
207,102,12.2,6.1,6.1,96.0,4.3,,,,,SE,0.3,14
208,102,16.7,10.4,10.4,93.5,4.1,,,,,SE,0.2,9
209,102,19.0,10.0,10.0,84.8,3.8,,,,,NW,0.2,6
210,102,13.4,9.0,9.0,51.0,6.1,,,,,NNW,11.8,0
211,102,15.1,8.3,8.3,59.7,4.2,,,,,NNW,21.9,0
212,102,13.1,7.6,7.6,89.5,2.3,,,,,WNW,2.9,0
213,102,12.0,6.9,6.9,76.8,3.4,,,,,WNW,3.0,0
214,102,16.0,8.3,8.3,55.7,5.9,,,,,W,7.4,0
215,102,14.1,7.3,7.3,54.3,3.6,,,,,NW,8.1,0
216,102,16.3,9.1,9.1,49.4,5.3,,,,,SW,27.3,0
217,102,16.8,10.9,10.9,70.2,5.0,,,,,SSE,11.0,0
218,102,15.4,11.2,11.2,77.8,5.1,,,,,SSE,11.0,0
219,102,16.1,9.9,9.9,92.1,3.1,,,,,S,0.3,7
220,102,13.4,9.7,9.7,67.9,5.9,,,,,NW,0.3,1
221,102,15.6,10.3,10.3,57.0,3.0,,,,,NW,30.3,0
222,102,15.4,9.2,9.2,71.2,3.7,,,,,NNW,8.5,0
223,102,18.9,10.2,10.2,62.2,2.6,,,,,WNW,19.0,0
224,102,15.6,10.6,10.6,71.6,2.6,,,,,NW,4.1,0
225,102,16.5,9.4,9.4,70.6,3.8,,,,,NNW,5.1,0
226,102,14.2,11.0,11.0,70.7,4.2,,,,,WNW,3.4,0
227,102,15.0,9.8,9.8,64.5,5.1,,,,,WNW,14.5,0
228,102,19.5,9.0,9.0,50.0,4.9,,,,,WNW,39.8,0
229,102,17.9,12.1,12.1,70.6,3.8,,,,,SW,3.4,0
230,102,18.2,11.8,11.8,85.2,4.5,,,,,SE,0.2,1
231,102,19.3,12.6,12.6,79.7,4.3,,,,,SE,1.6,0
232,102,19.6,11.9,11.9,83.4,3.7,,,,,ESE,1.4,0
233,102,18.1,12.5,12.5,87.2,3.7,,,,,S,0.9,1
234,102,16.0,12.5,12.5,93.6,2.7,,,,,S,0.1,14
235,102,19.0,12.8,12.8,88.0,3.0,,,,,SE,0.1,10
236,102,18.3,13.2,13.2,88.2,3.0,,,,,SE,0.2,4
237,102,19.6,14.9,14.9,75.5,3.5,,,,,S,9.8,0
238,102,17.6,12.4,12.4,94.0,3.7,,,,,WNW,0.2,7
239,102,20.7,13.1,13.1,64.2,5.6,,,,,W,18.5,0
240,102,22.3,13.3,13.3,66.2,3.4,,,,,WNW,8.2,0
241,102,21.1,12.8,12.8,86.5,4.7,,,,,SSE,0.1,8
242,102,19.0,15.4,15.4,90.7,4.4,,,,,SSE,0.5,1
243,102,17.9,14.3,14.5,85.0,3.0,,,,,WNW,0.5,1
244,102,20.7,12.9,12.9,60.4,4.2,,,,,S,28.6,0
245,102,20.9,15.3,15.3,72.9,3.2,,,,,S,1.0,0
246,102,21.5,15.1,15.1,82.7,2.8,,,,,SSE,0.7,1
247,102,19.4,15.7,15.7,88.9,3.9,,,,,SE,4.1,0
248,102,20.1,16.0,16.0,87.8,4.0,,,,,SE,0.6,2
249,102,21.0,15.7,15.7,77.6,1.5,,,,,S,5.3,0
250,102,21.5,14.3,14.3,73.9,3.2,,,,,NNW,8.8,0
251,102,18.8,14.3,14.3,69.7,3.0,,,,,E,43.9,0
252,102,20.8,13.9,13.9,77.2,2.7,,,,,SSE,0.2,3
253,102,20.8,15.6,15.6,89.0,3.2,,,,,S,0.2,4
254,102,18.3,15.5,15.5,92.2,3.4,,,,,SE,0.5,3
255,102,24.3,15.2,15.2,73.4,2.2,,,,,NW,4.1,0
256,102,22.8,16.9,16.9,73.3,2.9,,,,,ESE,3.9,0
257,102,24.0,16.0,16.0,86.0,2.3,,,,,SE,0.3,4
258,102,24.2,15.9,15.9,63.8,4.9,,,,,ESE,4.4,0
259,102,18.4,14.0,14.0,86.5,3.6,,,,,E,2.0,0
260,102,22.7,13.7,13.7,79.1,2.6,,,,,S,10.8,0
261,102,20.2,15.8,15.8,92.7,4.4,,,,,SE,0.4,4
262,102,20.8,17.4,17.4,95.1,4.5,,,,,SE,0.4,11
263,102,21.7,18.1,18.1,94.7,2.9,,,,,SSE,0.3,14
264,102,22.9,18.6,18.6,94.3,2.3,,,,,S,0.3,12
265,102,22.3,18.9,18.9,92.3,1.4,,,,,S,0.3,6
266,102,23.0,18.4,18.4,91.0,3.3,,,,,SSE,0.3,6
267,102,22.8,18.4,18.5,95.4,5.9,,,,,SE,0.2,7
268,102,26.3,19.0,19.0,76.3,4.8,,,,,WNW,0.1,4
269,102,22.5,18.2,18.2,88.0,4.6,,,,,SE,0.2,5
270,102,23.4,20.2,20.2,95.2,5.6,,,,,SE,0.3,13
271,102,23.0,19.7,19.7,95.4,6.6,,,,,SE,0.3,6
272,102,23.2,21.9,21.9,95.4,6.9,,,,,SSW,1.8,0
273,102,23.7,20.4,20.4,95.2,4.3,,,,,S,0.2,7
274,102,22.0,20.2,20.2,97.8,3.3,,,,,SSE,0.2,17
275,102,23.3,21.4,21.4,96.3,4.9,,,,,S,0.3,5
276,102,24.5,20.0,20.0,92.7,3.0,,,,,SE,0.1,10
277,102,25.7,19.3,19.3,85.0,1.8,,,,,WNW,0.1,4
278,102,27.0,21.7,21.7,78.4,1.5,,,,,E,7.7,0
279,102,29.8,22.6,22.6,68.8,1.6,,,,,WNW,14.4,0
280,102,25.5,20.8,20.8,85.0,4.8,,,,,SE,4.0,0
281,102,25.0,22.0,22.0,92.5,6.8,,,,,S,2.1,0
282,102,25.7,20.9,20.9,90.9,3.8,,,,,WNW,0.4,2
283,102,27.9,19.7,19.7,86.2,1.7,,,,,S,0.2,3
284,102,26.5,21.2,21.2,92.7,2.2,,,,,SSE,0.1,11
285,102,27.4,21.8,21.8,80.1,1.9,,,,,WNW,1.8,0
286,102,24.1,21.9,21.9,82.8,3.7,,,,,ESE,4.7,0
287,102,25.2,21.9,21.9,94.3,5.7,,,,,SE,0.2,5
288,102,24.3,19.6,19.6,90.3,3.9,,,,,NW,0.2,7
289,102,26.9,21.1,21.1,87.4,2.4,,,,,WNW,0.2,4
290,102,25.4,21.3,21.3,89.5,3.5,,,,,NW,7.5,0
291,102,26.7,21.3,21.3,88.4,2.0,,,,,S,0.8,1
292,102,28.6,21.0,21.0,88.0,2.4,,,,,WNW,0.1,9
293,102,28.4,21.9,21.9,87.0,2.7,,,,,WNW,0.1,7
294,102,28.0,21.2,21.2,84.3,1.6,,,,,WSW,4.2,0
295,102,24.8,19.8,19.8,88.8,4.1,,,,,NW,3.0,0
296,102,26.3,22.0,22.0,88.5,3.2,,,,,WNW,2.6,0
297,102,24.1,20.4,20.4,95.6,3.6,,,,,SE,1.3,0
298,102,24.7,20.2,20.2,91.8,3.9,,,,,NNW,1.6,0
299,102,27.3,20.8,20.8,89.0,1.6,,,,,S,2.1,0
300,102,28.4,21.8,21.8,89.0,1.8,,,,,S,0.1,3
301,102,28.3,22.7,22.7,89.2,2.1,,,,,ESE,0.5,1
302,102,26.3,23.0,23.0,85.7,4.6,,,,,SE,1.2,0
303,102,27.5,23.5,23.5,88.6,3.5,,,,,SSE,4.6,0
304,102,31.5,23.8,23.8,81.0,2.1,,,,,NW,3.8,0
305,102,27.4,23.7,23.7,94.6,2.7,,,,,ENE,0.8,2
306,102,6.8,1.8,1.8,73.5,4.4,,,,,NNW,0.3,2
307,102,3.6,1.3,1.3,39.8,6.9,,,,,NNW,34.8,0
308,102,9.9,4.3,4.3,75.5,3.0,,,,,SSW,6.6,0
309,102,5.9,3.5,3.5,98.9,4.0,,,,,SE,0.3,12
310,102,6.8,1.2,1.2,94.2,2.8,,,,,SE,0.4,10
311,102,9.5,3.6,3.6,89.3,4.7,,,,,SSE,4.5,0
312,102,8.4,4.9,4.9,96.7,4.4,,,,,SE,0.2,8
313,102,9.2,5.0,5.0,96.2,5.4,,,,,SE,0.1,11
314,102,10.6,4.5,4.5,94.8,2.4,,,,,WNW,0.2,14
315,102,6.8,3.5,3.5,97.8,6.8,,,,,SE,0.2,11
316,102,11.0,5.0,5.0,93.0,4.0,,,,,SE,0.1,4
317,102,5.6,1.9,1.9,60.4,8.3,,,,,NNW,7.5,0
318,102,7.6,0.7,0.7,48.3,5.7,,,,,S,18.4,0
319,102,10.5,5.9,5.9,82.0,7.6,,,,,SSE,14.4,0
320,102,8.4,4.4,4.4,63.3,7.0,,,,,NNW,3.4,0
321,102,6.5,3.2,3.2,41.1,5.1,,,,,NNW,34.5,0
322,102,8.0,3.0,3.0,53.2,4.1,,,,,NNW,30.1,0
323,102,8.6,4.3,4.3,72.0,4.1,,,,,WNW,1.4,0
324,102,9.7,3.9,3.9,72.1,2.7,,,,,WNW,1.4,0
325,102,7.9,0.3,0.3,96.5,2.3,,,,,S,0.1,14
326,102,13.0,1.5,1.5,69.5,2.2,,,,,ESE,0.1,9
327,102,14.7,5.9,5.9,61.5,2.4,,,,,WNW,6.9,0
328,102,10.8,6.4,6.4,59.4,8.5,,,,,NNW,7.0,0
329,102,5.9,3.7,3.7,46.2,10.8,,,,,NNW,20.1,0
330,102,7.4,4.0,4.0,65.5,5.2,,,,,NNW,21.3,0
331,102,7.4,3.3,3.3,47.4,5.1,,,,,NNW,21.1,0
332,102,9.2,3.2,3.2,73.5,3.5,,,,,SSE,13.2,0
333,102,10.4,3.6,3.6,88.5,3.1,,,,,SE,0.1,1
334,102,8.1,2.7,2.7,96.2,3.1,,,,,SE,0.1,15
335,102,12.7,3.7,3.7,81.3,2.6,,,,,ESE,0.2,10
336,102,16.9,5.6,5.6,61.4,1.9,,,,,S,2.0,0
337,102,19.1,8.5,8.5,27.9,2.7,,,,,WNW,10.7,0
338,102,18.1,8.8,8.8,29.5,3.0,,,,,NW,13.1,0
339,102,19.0,9.4,9.4,35.8,3.0,,,,,ESE,12.0,0
340,102,14.3,9.3,10.0,62.2,4.9,,,,,ESE,3.7,0
341,102,10.9,7.6,7.6,98.8,5.6,,,,,SSE,0.2,10
342,102,9.8,6.7,6.7,80.9,3.8,,,,,WNW,0.2,3
343,102,7.7,6.0,6.0,59.7,6.7,,,,,WNW,3.7,0
344,102,10.3,5.6,5.6,67.8,3.7,,,,,WNW,11.0,0
345,102,13.2,5.4,5.4,77.9,3.9,,,,,SW,1.3,0
346,102,12.9,8.1,8.1,85.9,6.5,,,,,SSE,10.2,0
347,102,12.4,7.1,7.1,79.1,5.9,,,,,WNW,6.0,0
348,102,14.1,5.3,5.3,42.9,3.8,,,,,SW,9.6,0
349,102,10.6,8.9,8.9,66.0,5.0,,,,,SSE,8.1,0
350,102,11.8,8.6,8.6,87.8,3.8,,,,,SE,6.1,0
351,102,11.9,6.2,6.2,92.3,3.3,,,,,WNW,0.3,6
352,102,12.7,7.9,7.9,59.5,3.6,,,,,WNW,11.9,0
353,102,12.1,7.4,7.4,72.5,4.0,,,,,SE,10.7,0
354,102,16.5,9.6,9.6,75.9,4.4,,,,,E,0.2,2
355,102,16.0,7.3,7.3,83.8,2.2,,,,,WNW,2.8,0
356,102,13.0,9.7,9.7,85.4,3.6,,,,,NNW,0.3,6
357,102,13.8,10.2,10.2,34.1,7.3,,,,,NNW,18.1,0
358,102,16.5,10.6,10.6,26.3,3.1,,,,,NNW,27.9,0
359,102,17.5,10.8,10.8,30.9,3.3,,,,,NNW,22.5,0
360,102,15.6,7.6,7.6,50.9,3.5,,,,,NNW,21.6,0
361,102,11.1,7.3,7.3,70.2,3.2,,,,,SSW,18.7,0
362,102,9.6,5.7,5.7,72.9,6.0,,,,,NW,10.9,0
363,102,12.1,5.6,5.6,81.9,4.2,,,,,SSE,4.0,0
364,102,12.8,8.1,8.1,86.3,4.8,,,,,SSE,9.8,0
365,102,12.6,8.6,8.6,87.6,5.8,,,,,W,0.2,5
366,102,14.7,7.9,7.9,73.6,3.4,,,,,WNW,16.6,0
367,102,17.8,8.9,8.9,59.5,3.4,,,,,WNW,16.4,0
368,102,14.3,9.8,9.8,70.7,5.3,,,,,SE,11.7,0
369,102,17.6,11.1,11.1,69.9,4.9,,,,,SE,6.9,0
370,102,19.1,12.2,12.2,87.4,4.9,,,,,ESE,0.2,4
371,102,15.5,11.6,11.6,97.8,4.0,,,,,SE,0.3,10
372,102,14.2,10.4,10.4,77.9,3.6,,,,,E,0.5,1
373,102,17.0,9.4,9.4,51.2,3.1,,,,,NE,14.9,0
374,102,15.3,9.7,9.7,63.6,3.7,,,,,WNW,18.8,0
375,102,21.2,10.5,10.5,62.1,3.5,,,,,WNW,6.4,0
376,102,21.3,11.4,11.4,44.8,3.2,,,,,WNW,18.8,0
377,102,20.3,11.1,11.1,56.1,2.5,,,,,WNW,5.9,0
378,102,17.2,10.2,10.2,85.7,3.5,,,,,S,1.7,0
379,102,12.7,9.9,9.9,95.5,4.4,,,,,SSE,0.3,9
380,102,16.7,9.8,9.8,90.1,3.4,,,,,SSE,0.2,9
381,102,17.2,12.5,12.5,81.0,5.9,,,,,SE,5.7,0
382,102,18.1,13.2,13.2,83.8,6.4,,,,,SE,1.6,0
383,102,18.5,13.0,13.0,91.8,5.8,,,,,SE,0.4,7
384,102,19.9,13.2,13.2,89.0,2.8,,,,,WNW,0.2,8
385,102,22.5,11.0,11.0,80.7,2.1,,,,,WNW,0.2,2
386,102,18.1,12.0,12.0,89.1,4.5,,,,,S,0.2,5
387,102,17.1,13.8,13.8,67.1,3.2,,,,,WNW,9.1,0
388,102,18.2,12.1,12.1,62.5,4.0,,,,,WNW,13.5,0
389,102,20.5,12.8,12.8,50.6,3.2,,,,,WNW,30.5,0
390,102,19.5,12.7,12.7,66.4,2.6,,,,,SSE,9.8,0
391,102,19.1,13.3,13.3,79.0,3.4,,,,,WSW,6.8,0
392,102,20.2,14.2,14.2,82.1,3.3,,,,,WSW,7.3,0
393,102,18.1,14.8,14.8,94.6,4.4,,,,,ESE,1.2,0
394,102,18.0,15.9,15.9,94.1,2.4,,,,,SW,0.2,3
395,102,21.6,14.6,14.6,88.0,3.0,,,,,N,0.2,8
396,102,23.2,16.4,16.4,63.2,2.5,,,,,NE,11.8,0
397,102,22.2,17.0,17.0,75.6,2.7,,,,,ENE,0.7,1
398,102,20.3,14.9,14.9,94.5,2.6,,,,,S,0.3,3
399,102,18.1,15.6,15.6,88.2,4.0,,,,,NW,0.6,1
400,102,22.8,15.0,15.0,67.6,4.1,,,,,WNW,11.6,0
401,102,24.4,16.1,16.1,64.9,2.9,,,,,WNW,16.1,0
402,102,23.9,14.7,14.7,72.9,4.8,,,,,WSW,3.7,0
403,102,20.0,15.4,15.4,86.9,4.3,,,,,SSW,4.0,0
404,102,18.7,16.1,16.1,95.5,5.0,,,,,SSE,1.5,0
405,102,20.0,16.3,16.3,95.6,4.0,,,,,SSE,0.1,3
406,102,18.6,14.1,14.1,96.8,3.5,,,,,SSE,0.1,11
407,102,20.5,15.7,15.7,93.2,3.5,,,,,SE,0.5,2
408,102,23.4,15.0,15.0,82.0,2.8,,,,,NW,8.1,0
409,102,23.3,14.9,14.9,67.8,1.2,,,,,WNW,10.6,0
410,102,21.8,15.2,15.2,73.0,2.1,,,,,NW,10.1,0
411,102,22.1,15.1,15.1,81.5,2.3,,,,,NW,4.6,0
412,102,25.1,16.5,16.5,82.0,2.3,,,,,NW,0.1,6
413,102,23.1,15.4,15.4,90.3,2.5,,,,,S,0.2,7
414,102,24.0,15.9,15.9,87.0,2.0,,,,,SSW,0.2,5
415,102,22.1,18.1,18.1,87.3,3.4,,,,,NW,0.1,2
416,102,26.5,17.4,17.4,71.7,1.8,,,,,E,0.1,2
417,102,21.2,17.7,17.7,86.7,2.0,,,,,ESE,0.3,1
418,102,21.2,17.4,17.4,92.9,2.8,,,,,NW,0.2,6
419,102,23.6,17.6,17.6,89.6,3.5,,,,,NW,0.7,1
420,102,27.9,18.1,18.1,79.0,1.9,,,,,SSW,0.7,1
421,102,24.1,18.5,18.5,89.2,2.9,,,,,SSE,0.3,1
422,102,27.6,19.0,19.0,79.0,1.8,,,,,ESE,0.2,6
423,102,23.4,19.1,19.1,93.6,4.6,,,,,ENE,0.3,4
424,102,25.5,18.9,18.9,83.5,5.6,,,,,SW,1.8,0
425,102,22.3,19.4,19.4,96.7,4.1,,,,,SE,0.1,12
426,102,23.9,19.6,19.6,97.7,4.0,,,,,SSE,0.2,10
427,102,25.5,19.8,19.8,84.1,2.4,,,,,N,0.3,3
428,102,25.7,18.8,18.8,87.0,1.5,,,,,ENE,5.2,0
429,102,25.6,20.5,20.5,88.3,2.0,,,,,SE,7.9,0
430,102,27.4,19.5,19.5,85.7,1.4,,,,,E,6.1,0
431,102,24.3,20.9,20.9,96.9,5.4,,,,,SE,0.3,10
432,102,25.6,20.6,20.6,84.6,6.0,,,,,WNW,3.7,0
433,102,27.5,20.0,20.0,85.5,4.3,,,,,S,0.4,2
434,102,25.6,20.5,20.5,91.4,4.2,,,,,SE,0.4,5
435,102,23.3,19.3,19.3,91.7,3.3,,,,,SE,2.2,0
436,102,24.4,19.8,19.8,93.7,4.5,,,,,NE,0.2,10
437,102,26.3,21.3,21.3,91.8,3.4,,,,,SSE,0.1,9
438,102,24.4,21.1,21.7,95.9,3.4,,,,,SSE,0.2,9
439,102,26.1,21.4,21.4,92.7,1.7,,,,,S,0.2,3
440,102,23.6,21.9,21.9,98.0,5.1,,,,,SE,0.2,9
441,102,25.9,23.2,23.2,93.5,4.5,,,,,WSW,0.8,1
442,102,27.9,22.5,22.5,88.5,4.3,,,,,SW,0.3,5
443,102,26.9,21.6,21.6,83.4,1.7,,,,,S,9.5,0
444,102,26.4,21.1,21.1,87.7,1.4,,,,,S,0.2,4
445,102,27.2,20.3,20.3,79.9,2.2,,,,,NW,12.5,0
446,102,26.7,21.1,21.1,86.0,2.9,,,,,NW,6.2,0
447,102,29.2,20.9,20.9,77.7,1.8,,,,,NW,1.9,0
448,102,28.1,21.1,21.1,78.6,2.2,,,,,ESE,6.3,0
449,102,25.8,22.7,23.0,87.5,5.8,,,,,SE,0.9,1
450,102,27.7,23.3,23.3,92.0,2.4,,,,,S,0.2,3
451,102,26.7,23.2,23.2,93.1,2.8,,,,,S,0.3,3
452,102,27.2,23.0,23.0,93.8,4.2,,,,,SSE,0.4,3
453,102,27.8,24.1,24.1,90.5,4.0,,,,,SSW,2.0,0
454,102,27.4,24.1,24.1,92.0,3.6,,,,,SSE,1.1,0
455,102,28.5,24.2,24.2,89.6,3.7,,,,,SE,0.1,5
456,102,26.3,23.8,23.8,91.9,3.0,,,,,SE,3.6,0
457,102,29.3,24.4,24.4,82.5,1.9,,,,,SE,3.7,0
458,102,28.7,23.0,23.0,84.8,1.9,,,,,NW,10.3,0
459,102,-0.5,-5.2,-5.2,39.1,10.0,,,,,NNW,34.3,0
460,102,5.8,-3.3,-3.3,55.5,5.7,,,,,WSW,4.5,0
461,102,7.3,0.0,0.0,50.8,2.6,,,,,N,4.2,0
462,102,6.1,-0.1,-0.1,46.0,3.0,,,,,SSE,4.2,0
463,102,9.0,4.5,4.5,46.6,3.0,,,,,ENE,15.1,0
464,102,4.8,2.4,2.4,54.0,5.8,,,,,NNW,12.1,0
465,102,5.0,1.8,1.8,57.1,5.4,,,,,NW,6.7,0
466,102,4.3,2.0,2.0,40.0,7.9,,,,,NNW,22.9,0
467,102,2.9,0.0,0.0,51.5,5.2,,,,,N,26.9,0
468,102,8.0,1.0,1.0,70.8,3.7,,,,,SSW,18.8,0
469,102,6.8,5.1,5.1,86.5,4.1,,,,,SSE,6.7,0
470,102,6.4,3.5,3.5,72.8,6.0,,,,,N,1.6,0
471,102,10.6,3.2,3.2,58.7,4.8,,,,,WSW,8.1,0
472,102,13.6,4.1,4.1,60.0,3.4,,,,,SSW,3.8,0
473,102,13.2,5.8,5.8,60.1,2.8,,,,,WSW,4.7,0
474,102,8.5,3.7,3.7,86.8,3.5,,,,,SE,0.1,7
475,102,8.8,4.6,4.6,65.2,9.4,,,,,NNW,1.9,0
476,102,9.0,2.5,2.5,54.5,2.9,,,,,SSW,18.6,0
477,102,7.1,4.8,4.8,72.6,6.6,,,,,NW,7.5,0
478,102,5.0,3.1,3.1,52.8,7.3,,,,,NNW,21.7,0
479,102,8.4,2.2,2.2,60.8,4.1,,,,,S,30.4,0
480,102,10.2,5.5,5.5,79.4,7.0,,,,,SE,3.8,0
481,102,12.5,5.1,5.1,77.0,3.2,,,,,NW,0.2,5
482,102,18.6,7.6,7.6,47.9,2.6,,,,,NW,18.2,0
483,102,11.7,6.8,6.8,72.3,2.4,,,,,NW,4.2,0
484,102,10.0,4.6,4.6,84.4,2.8,,,,,ENE,6.7,0
485,102,8.6,4.6,4.6,92.0,4.4,,,,,SSE,3.4,0
486,102,9.3,6.0,6.0,87.1,4.2,,,,,SE,1.8,0
487,102,9.2,3.7,3.7,80.1,3.8,,,,,WNW,1.1,0
488,102,10.5,4.9,4.9,61.4,4.2,,,,,N,14.1,0
489,102,12.2,3.5,3.5,51.8,2.9,,,,,NW,28.4,0
490,102,13.8,5.0,5.0,45.8,1.8,,,,,E,26.6,0
491,102,13.3,6.5,6.5,67.4,3.1,,,,,SE,2.5,0
492,102,12.0,8.6,8.6,62.0,4.5,,,,,NNW,15.5,0
493,102,11.5,7.4,7.4,52.8,6.0,,,,,NNW,21.5,0
494,102,13.6,6.1,6.1,53.1,2.5,,,,,NW,18.4,0
495,102,14.1,5.3,5.3,54.5,2.5,,,,,S,7.6,0
496,102,14.0,6.5,6.5,79.3,3.2,,,,,S,0.4,4
497,102,14.1,6.8,6.8,85.0,3.3,,,,,NW,0.1,8
498,102,14.7,6.6,6.6,54.2,4.0,,,,,NW,13.8,0
499,102,12.4,7.3,7.3,73.1,3.6,,,,,SSE,2.6,0
500,102,14.6,9.0,9.0,81.2,4.5,,,,,SSE,8.6,0
501,102,14.0,8.9,8.9,87.5,3.3,,,,,SSE,0.4,4
502,102,18.7,8.0,8.0,85.3,1.8,,,,,NW,0.2,9
503,102,19.1,10.4,10.4,66.5,3.3,,,,,E,15.8,0
504,102,16.8,9.1,9.1,89.5,5.2,,,,,WSW,0.2,6
505,102,14.3,8.2,8.2,85.9,2.7,,,,,NW,0.1,10
506,102,16.8,8.4,8.4,65.5,2.8,,,,,NW,15.2,0
507,102,20.7,9.4,9.4,51.2,2.1,,,,,NW,14.7,0
508,102,17.5,10.1,10.1,77.0,2.2,,,,,SSE,4.5,0
509,102,15.2,11.4,11.4,75.6,4.0,,,,,ESE,8.7,0
510,102,17.2,10.8,10.8,69.4,2.1,,,,,NE,37.2,0
511,102,19.2,12.5,12.5,65.5,2.5,,,,,ESE,27.6,0
512,102,16.0,11.1,11.1,77.0,4.0,,,,,SE,1.8,0
513,102,12.3,9.1,9.1,90.5,4.0,,,,,NW,1.9,0
514,102,12.9,8.8,8.8,89.7,4.6,,,,,SSE,0.4,1
515,102,16.9,8.6,8.6,79.6,3.0,,,,,SSE,5.9,0
516,102,19.3,8.8,8.8,74.9,2.0,,,,,NW,0.4,2
517,102,20.3,7.4,7.4,74.8,2.4,,,,,NW,0.2,3
518,102,20.9,10.5,10.5,63.5,3.3,,,,,NW,10.2,0
519,102,12.9,8.7,8.7,71.8,5.9,,,,,NNW,9.4,0
520,102,19.7,9.2,9.2,55.1,2.5,,,,,NW,30.3,0
521,102,19.7,9.2,9.2,45.0,2.4,,,,,W,28.6,0
522,102,20.8,10.1,10.1,43.6,2.8,,,,,NW,20.3,0
523,102,21.6,11.7,11.7,60.2,2.3,,,,,NW,10.2,0
524,102,15.7,12.1,12.1,92.1,4.2,,,,,ESE,0.4,3
525,102,12.9,11.4,11.4,96.5,3.5,,,,,WNW,0.3,6
526,102,14.3,10.0,10.0,91.8,2.7,,,,,NW,0.2,7
527,102,17.9,11.4,11.4,61.2,2.4,,,,,SE,17.4,0
528,102,19.2,10.4,10.4,78.2,2.8,,,,,SSW,1.9,0
529,102,16.3,12.6,12.6,79.0,5.1,,,,,SSE,11.7,0
530,102,14.5,11.3,11.3,88.1,4.7,,,,,S,0.7,1
531,102,16.3,10.2,10.2,64.6,3.5,,,,,NW,17.7,0
532,102,21.8,11.7,11.7,51.0,3.5,,,,,NW,37.6,0
533,102,18.3,11.5,11.5,72.2,3.9,,,,,S,14.7,0
534,102,13.9,8.8,8.8,78.1,4.4,,,,,NW,9.6,0
535,102,17.8,9.1,9.1,63.6,2.1,,,,,NW,2.8,0
536,102,18.2,10.9,10.9,86.7,5.3,,,,,SE,0.5,1
537,102,17.7,14.3,14.3,88.2,5.3,,,,,SSE,4.8,0
538,102,19.5,13.8,13.8,82.9,3.4,,,,,SSE,6.0,0
539,102,17.2,12.6,12.6,89.5,3.5,,,,,NW,2.2,0
540,102,18.0,12.1,12.1,91.9,2.0,,,,,S,0.3,7
541,102,16.1,13.0,13.0,92.8,2.3,,,,,SE,0.8,2
542,102,17.3,14.2,14.2,87.9,3.1,,,,,S,0.9,1
543,102,17.7,13.9,13.9,88.0,2.1,,,,,NW,0.1,5
544,102,19.8,13.9,13.9,85.1,3.3,,,,,SSE,0.4,3
545,102,17.5,14.2,14.2,95.4,5.5,,,,,SSE,0.5,2
546,102,19.3,13.5,13.5,71.9,5.5,,,,,WNW,13.8,0
547,102,20.3,13.3,13.3,69.4,3.6,,,,,NW,33.8,0
548,102,21.3,13.7,13.7,62.5,3.1,,,,,S,41.8,0
549,102,17.8,14.2,14.2,88.0,3.3,,,,,SSE,3.3,0
550,102,20.1,12.9,12.9,87.3,3.8,,,,,SSW,0.3,6
551,102,18.9,13.5,13.5,76.4,4.3,,,,,NW,9.5,0
552,102,23.0,14.5,14.5,59.5,2.8,,,,,WNW,13.2,0
553,102,23.4,15.3,15.3,58.8,2.5,,,,,NW,17.8,0
554,102,24.6,15.4,15.4,57.3,2.4,,,,,NW,15.2,0
555,102,24.0,15.1,15.1,54.9,1.4,,,,,E,20.8,0
556,102,23.0,14.7,14.7,80.1,2.2,,,,,NW,0.1,1
557,102,21.2,15.8,15.8,86.2,2.1,,,,,S,0.1,2
558,102,21.8,15.5,15.5,88.4,3.0,,,,,S,0.1,5
559,102,21.1,15.4,15.4,91.7,3.3,,,,,SSE,0.1,11
560,102,22.4,16.2,16.2,93.6,3.0,,,,,SE,0.2,15
561,102,22.7,16.1,16.1,91.5,4.3,,,,,SSE,0.1,11
562,102,21.7,16.8,16.8,93.5,3.0,,,,,SSE,0.2,10
563,102,23.4,16.7,16.7,86.5,2.9,,,,,SSE,0.2,3
564,102,22.2,17.1,17.1,93.7,2.8,,,,,S,0.1,6
565,102,23.6,18.2,18.2,89.1,2.8,,,,,NW,0.1,1
566,102,25.8,17.7,17.7,70.7,3.3,,,,,NW,0.1,5
567,102,26.6,16.9,16.9,69.3,3.2,,,,,SW,2.9,0
568,102,27.4,18.2,18.2,68.7,2.1,,,,,SW,4.2,0
569,102,28.1,16.9,16.9,68.8,2.1,,,,,S,0.1,1
570,102,27.7,17.9,17.9,66.0,2.2,,,,,SE,3.6,0
571,102,26.9,19.4,19.4,76.9,1.5,,,,,NW,17.1,0
572,102,24.0,19.4,19.4,93.5,3.0,,,,,SE,0.3,7
573,102,25.8,19.6,19.6,89.9,2.4,,,,,NW,0.2,2
574,102,22.5,17.1,17.1,78.5,4.4,,,,,NNW,8.1,0
575,102,24.1,17.8,17.8,68.5,3.2,,,,,NW,19.1,0
576,102,26.9,17.7,17.7,73.1,2.2,,,,,S,6.8,0
577,102,27.0,18.6,18.6,72.3,1.8,,,,,SSE,0.2,7
578,102,27.9,18.9,18.9,53.9,1.6,,,,,NW,40.5,0
579,102,24.9,18.8,18.8,81.5,4.0,,,,,SE,0.2,3
580,102,25.5,18.5,18.5,88.0,4.5,,,,,NW,0.2,2
581,102,23.8,18.9,18.9,93.9,2.2,,,,,S,0.2,8
582,102,22.8,19.9,20.1,95.7,5.5,,,,,ESE,0.2,3
583,102,24.4,20.3,20.3,84.4,4.9,,,,,SW,2.9,0
584,102,23.2,19.8,19.8,94.3,3.8,,,,,SSE,0.5,9
585,102,26.4,18.6,18.6,87.9,4.8,,,,,WSW,0.1,2
586,102,25.2,20.5,20.5,90.8,6.6,,,,,WSW,0.4,1
587,102,24.2,18.7,18.7,91.0,2.7,,,,,SSE,0.2,5
588,102,23.8,20.4,20.4,93.1,1.9,,,,,S,0.1,10
589,102,22.4,20.0,20.0,95.9,2.0,,,,,ESE,0.2,9
590,102,23.3,19.6,19.6,94.9,3.8,,,,,NW,0.1,12
591,102,27.1,19.3,19.3,85.0,2.0,,,,,NW,0.1,7
592,102,26.9,19.4,19.4,84.3,1.2,,,,,S,0.1,6
593,102,27.7,20.8,20.8,84.5,1.5,,,,,WNW,1.5,0
594,102,28.2,20.9,20.9,82.0,2.2,,,,,ESE,1.4,0
595,102,28.2,22.7,22.7,77.9,3.4,,,,,ESE,8.6,0
596,102,24.7,22.8,22.8,95.1,3.9,,,,,SE,1.2,0
597,102,25.4,22.8,22.8,91.9,5.2,,,,,SSW,1.0,0
598,102,25.6,22.1,22.1,93.3,3.0,,,,,WSW,0.9,1
599,102,24.9,21.6,21.6,94.2,3.8,,,,,SE,0.2,6
600,102,24.8,21.8,21.8,93.8,6.4,,,,,SSE,1.8,0
601,102,26.8,21.6,21.6,89.0,4.9,,,,,S,0.4,4
602,102,24.6,23.0,23.0,94.9,5.0,,,,,SSE,0.2,7
603,102,25.9,21.7,21.7,90.8,3.8,,,,,S,3.8,0
604,102,25.4,23.4,23.5,96.3,3.6,,,,,S,0.2,9
605,102,26.5,23.4,23.4,93.4,3.5,,,,,SSE,0.3,5
606,102,25.9,24.3,24.5,90.9,5.9,,,,,SSE,3.2,0
607,102,27.1,25.1,25.1,90.8,7.3,,,1,,SSE,9.2,0
608,102,27.1,25.4,25.4,89.7,8.4,,,1,,SSW,8.9,0
609,102,26.5,23.9,23.9,92.2,5.2,,,,,SW,0.4,4
610,102,26.4,23.7,23.7,95.2,2.9,,,,,S,0.0,12
611,102,26.8,24.0,24.0,93.7,5.6,,,,,SSE,0.2,5
612,102,9.2,3.5,3.5,,2.8,,,,,SE,0.2,11
613,102,9.1,2.4,2.4,,3.9,,,,,NNW,2.4,0
614,102,6.4,1.9,1.9,,5.1,,,,,E,6.6,0
615,102,2.7,0.4,1.5,,5.9,,,,,E,1.8,0
616,102,4.7,1.8,1.8,73.3,4.4,,,,,NNW,18.1,0
617,102,5.2,2.5,2.5,58.0,6.5,,,,,NNW,8.7,0
618,102,6.7,0.5,0.5,57.4,2.3,,,,,NW,11.8,0
619,102,7.5,2.8,2.8,75.8,2.1,,,,,S,4.7,0
620,102,8.2,2.4,2.4,92.0,2.5,,,,,ESE,0.1,12
621,102,6.4,2.0,2.0,93.2,3.3,,,,,SE,0.1,18
622,102,10.1,1.9,1.9,86.3,3.1,,,,,SE,0.1,10
623,102,9.6,5.4,5.4,78.5,3.5,,,,,WNW,3.6,0
624,102,11.5,4.7,4.7,44.5,2.6,,,,,NW,18.8,0
625,102,11.5,4.9,4.9,32.5,3.6,,,,,NNW,38.5,0
626,102,12.0,5.1,5.1,45.9,4.3,,,,,N,15.8,0
627,102,4.9,1.9,1.9,43.9,10.4,,,,,NNW,18.4,0
628,102,5.3,0.8,0.8,49.5,5.4,,,,,NNW,6.5,0
629,102,2.9,-0.6,-0.6,52.7,10.5,,,,,N,0.8,1
630,102,6.0,1.4,1.4,49.9,4.5,,,,,NNW,5.8,0
631,102,13.3,3.8,3.8,78.7,3.1,,,,,S,1.6,0
632,102,13.7,3.2,3.2,76.6,3.0,,,,,SE,0.1,9
633,102,17.0,7.1,7.1,41.5,4.0,,,,,WNW,8.6,0
634,102,12.7,5.9,5.9,75.5,4.4,,,,,SSE,2.4,0
635,102,13.4,6.7,6.7,76.0,3.6,,,,,ESE,3.7,0
636,102,13.0,4.7,4.7,73.8,6.0,,,,,WNW,0.2,2
637,102,12.5,2.7,2.7,70.8,5.2,,,,,SE,1.5,0
638,102,9.8,5.1,5.1,68.8,8.6,,,,,NNW,0.2,6
639,102,5.2,3.1,3.1,40.2,9.7,,,,,NNW,34.6,0
640,102,4.2,0.2,0.2,53.4,5.4,,,,,NNW,8.3,0
641,102,6.8,-0.5,-0.5,50.9,2.8,,,,,WSW,28.4,0
642,102,9.2,2.5,2.5,68.8,4.3,,,,,SSE,3.8,0
643,102,11.0,5.9,5.9,74.6,4.5,,,,,SSE,3.1,0
644,102,7.3,5.4,5.4,86.0,3.4,,,,,S,1.1,0
645,102,10.2,4.6,4.6,80.0,2.7,,,,,NW,3.5,0
646,102,9.6,3.9,3.9,84.4,3.8,,,,,SSE,1.3,0
647,102,7.4,5.0,5.0,92.6,5.0,,,,,SSE,0.2,4
648,102,12.5,1.6,1.6,73.0,2.6,,,,,WNW,0.1,10
649,102,10.9,5.6,5.6,84.0,4.3,,,,,SE,2.0,0
650,102,11.8,5.6,5.6,70.5,3.6,,,,,NW,0.1,5
651,102,10.2,7.0,7.0,66.2,2.3,,,,,SE,14.4,0
652,102,11.2,4.6,4.6,80.2,3.2,,,,,NW,1.0,0
653,102,14.5,5.7,5.7,66.1,3.0,,,,,S,5.1,0
654,102,11.1,2.3,2.3,82.2,5.9,,,,,SE,2.3,0
655,102,7.5,4.0,4.0,64.0,5.1,,,,,W,16.3,0
656,102,6.8,4.0,4.0,77.7,4.5,,,,,WSW,9.4,0
657,102,10.5,5.4,5.4,74.6,3.5,,,,,NW,5.3,0
658,102,12.3,6.4,6.4,80.9,6.3,,,,,SE,4.3,0
659,102,10.1,8.9,9.2,93.6,6.6,,,,,SE,0.3,5
660,102,14.0,7.6,7.6,72.6,3.1,,,,,NW,1.3,0
661,102,10.7,7.3,7.3,89.2,3.8,,,,,SSE,0.3,4
662,102,15.9,6.6,6.6,72.3,3.5,,,,,NW,4.7,0
663,102,15.0,11.0,11.0,80.2,4.2,,,,,SSE,0.3,4
664,102,14.8,10.1,10.1,86.3,3.9,,,,,NNW,1.1,0
665,102,16.4,9.1,9.1,69.3,2.5,,,,,NW,8.6,0
666,102,12.5,9.2,9.2,56.1,5.3,,,,,WNW,15.1,0
667,102,14.8,7.9,7.9,52.0,4.2,,,,,NW,32.5,0
668,102,17.3,9.0,9.0,68.3,3.5,,,,,S,17.4,0
669,102,17.0,10.4,10.4,64.4,4.4,,,,,SSW,9.4,0
670,102,12.9,8.0,8.0,63.3,4.9,,,,,WNW,4.9,0
671,102,14.2,8.7,8.7,59.0,5.3,,,,,S,17.7,0
672,102,15.9,10.4,10.4,63.4,6.9,,,,,SSE,18.5,0
673,102,14.9,8.8,8.8,77.2,6.3,,,,,NW,0.6,1
674,102,15.7,8.0,8.0,63.2,2.8,,,,,NW,17.5,0
675,102,13.1,7.6,7.6,79.2,3.7,,,,,WNW,2.8,0
676,102,18.0,10.0,10.0,48.8,5.8,,,,,WNW,20.1,0
677,102,12.0,8.7,8.7,75.4,2.6,,,,,ESE,8.0,0
678,102,13.2,8.4,8.4,71.6,3.0,,,,,NW,14.5,0
679,102,16.7,8.6,8.6,70.1,3.1,,,,,NW,4.0,0
680,102,14.6,9.0,9.0,79.8,3.4,,,,,SSE,0.2,5
681,102,13.3,11.1,11.1,83.3,3.5,,,,,ENE,2.5,0
682,102,13.7,9.9,9.9,86.9,6.0,,,,,NW,0.5,3
683,102,16.2,10.9,10.9,69.0,2.6,,,,,NW,6.7,0
684,102,15.0,9.3,9.3,85.8,5.7,,,,,SE,1.9,0
685,102,17.9,11.6,11.6,72.1,4.8,,,,,SE,3.9,0
686,102,16.2,12.7,12.7,81.8,5.8,,,,,SSE,0.5,2
687,102,15.9,8.9,8.9,92.5,2.5,,,,,NW,0.1,12
688,102,16.1,10.2,10.2,94.9,3.5,,,,,SE,0.2,15
689,102,15.7,10.3,10.3,90.0,4.5,,,,,SSW,0.2,4
690,102,19.1,9.1,9.1,62.5,4.0,,,,,WNW,17.1,0
691,102,13.8,11.5,11.5,83.5,5.2,,,,,SSE,0.2,8
692,102,15.6,12.7,12.7,95.1,5.6,,,,,SE,0.2,16
693,102,17.8,14.0,14.0,96.6,3.3,,,,,SSE,0.3,13
694,102,19.3,13.0,13.0,66.9,4.8,,,,,NNW,0.2,5
695,102,17.3,11.8,11.8,77.9,3.5,,,,,ESE,0.6,1
696,102,15.8,11.1,11.1,87.4,3.1,,,,,NNW,2.3,0
697,102,19.0,10.5,10.5,80.9,1.7,,,,,S,2.8,0
698,102,18.4,9.7,9.7,88.9,3.3,,,,,SE,0.1,9
699,102,19.0,10.8,10.8,90.5,2.7,,,,,SE,0.1,10
700,102,21.5,12.6,12.6,72.5,1.8,,,,,E,4.8,0
701,102,23.0,13.2,13.2,55.3,1.6,,,,,E,12.8,0
702,102,24.4,13.0,13.0,57.1,1.5,,,,,NW,10.0,0
703,102,22.2,15.5,15.5,62.5,1.4,,,,,WNW,10.2,0
704,102,23.1,14.6,14.6,65.5,2.1,,,,,NW,5.0,0
705,102,20.7,15.0,15.0,62.7,2.4,,,,,NW,13.5,0
706,102,23.1,14.2,14.2,67.4,4.1,,,,,WNW,7.4,0
707,102,20.9,15.5,15.5,60.3,4.9,,,,,WNW,37.7,0
708,102,22.9,12.9,12.9,60.2,3.8,,,,,S,7.8,0
709,102,21.5,15.4,15.4,77.5,4.9,,,,,S,9.7,0
710,102,18.7,15.9,15.9,94.2,2.8,,,,,S,0.2,10
711,102,22.6,13.3,13.3,88.2,2.2,,,,,NW,0.2,7
712,102,20.7,13.1,13.1,88.5,3.0,,,,,SSE,0.2,8
713,102,21.1,16.3,16.3,84.2,3.7,,,,,WNW,0.3,3
714,102,25.0,16.0,16.0,63.4,3.2,,,,,WNW,7.9,0
715,102,25.4,15.7,15.7,63.1,2.1,,,,,S,9.8,0
716,102,19.7,15.8,15.8,81.1,3.0,,,,,SE,5.6,0
717,102,22.2,17.2,17.2,87.0,3.4,,,,,NW,0.2,3
718,102,20.8,16.7,17.3,95.9,4.8,,,,,SSW,0.2,12
719,102,21.5,15.4,15.4,94.2,2.8,,,,,SE,0.1,11
720,102,21.8,15.4,15.4,89.0,2.6,,,,,SSW,0.1,6
721,102,20.2,14.4,14.4,90.5,4.2,,,,,SSE,0.1,7
722,102,22.5,18.0,18.0,91.6,5.4,,,,,SE,0.4,7
723,102,23.1,17.7,17.7,95.8,4.7,,,,,S,0.2,6
724,102,25.4,17.1,17.1,68.2,2.4,,,,,NW,3.9,0
725,102,27.7,17.3,17.3,61.3,1.8,,,,,NW,1.6,0
726,102,26.2,17.2,17.2,70.4,2.3,,,,,NW,2.8,0
727,102,26.8,21.2,21.2,61.8,1.3,,,,,E,16.4,0
728,102,21.0,17.3,17.3,90.9,1.9,,,,,NW,3.4,0
729,102,23.7,17.8,17.8,82.6,1.6,,,,,S,3.2,0
730,102,21.2,17.7,17.7,90.8,3.7,,,,,SE,1.4,0
731,102,24.8,18.4,18.4,91.6,2.9,,,,,S,0.2,11
732,102,21.8,19.6,19.6,96.5,4.2,,,,,SSE,0.2,19
733,102,22.4,19.9,19.9,97.0,4.2,,,,,SSE,0.2,23
734,102,23.4,20.7,20.7,96.7,3.6,,,,,SSW,0.2,15
735,102,24.1,20.1,20.2,96.4,3.0,,,,,S,0.1,15
736,102,23.9,21.2,21.2,95.5,4.2,,,,,S,0.1,9
737,102,25.2,21.5,21.5,92.5,3.9,,,,,S,0.5,1
738,102,24.6,22.0,22.0,94.4,5.3,,,,,SSE,0.2,12
739,102,26.2,21.4,21.4,93.8,3.0,,,,,S,0.2,11
740,102,26.1,22.4,22.4,94.5,2.2,,,,,ESE,0.2,13
741,102,28.7,22.5,22.5,90.2,2.1,,,,,NW,0.1,9
742,102,30.5,23.7,23.7,78.3,2.1,,,,,E,2.7,0
743,102,32.0,23.9,23.9,68.1,2.5,,,,,SE,2.4,0
744,102,30.8,22.1,22.1,62.5,2.8,,,,,ESE,16.1,0
745,102,28.9,22.7,22.7,68.0,2.6,,,,,NW,23.1,0
746,102,27.2,22.1,22.1,66.3,2.0,,,,,NW,21.0,0
747,102,26.1,20.6,20.6,75.5,3.8,,,,,NNW,0.3,1
748,102,26.8,19.7,19.7,81.8,2.4,,,,,S,15.2,0
749,102,23.6,19.8,19.8,91.3,4.4,,,,,SE,1.1,0
750,102,25.5,21.2,21.2,90.8,2.0,,,,,ESE,0.2,6
751,102,27.1,19.9,19.9,87.3,1.7,,,,,SE,1.0,0
752,102,26.1,21.5,21.5,93.6,2.6,,,,,ESE,0.2,11
753,102,27.8,22.4,22.4,91.0,4.5,,,,,SSW,0.4,2
754,102,28.2,24.0,24.0,88.9,4.3,,,,,S,7.1,0
755,102,28.5,23.0,23.0,88.8,3.6,,,,,SSW,0.8,1
756,102,26.5,22.2,22.2,93.8,2.5,,,,,S,0.1,10
757,102,28.7,22.2,22.2,88.2,1.5,,,,,ESE,0.1,9
758,102,30.0,22.6,22.6,81.6,1.6,,,,,NW,6.2,0
759,102,31.1,21.3,21.3,68.5,1.6,,,,,NW,10.5,0
760,102,31.1,22.9,22.9,58.7,2.0,,,,,NW,15.4,0
761,102,30.4,23.7,23.7,62.7,2.1,,,,,NW,9.6,0
762,102,30.1,23.6,23.6,76.6,1.2,,,,,SSW,4.9,0
763,102,29.7,22.7,22.7,82.1,1.8,,,,,E,5.8,0
764,102,28.1,24.1,24.1,83.1,1.4,,,,,S,8.8,0
0,47069,5.5,2.3,2.3,85.9,2.5,,,,,NE,4.5,0
1,47069,7.5,0.9,0.9,63.4,1.2,,,,,NW,10.0,0
2,47069,5.1,-1.4,-1.4,67.0,1.6,,,,,SE,10.0,0
3,47069,8.8,2.2,2.2,61.0,1.8,,,,,SE,10.0,0
4,47069,14.7,2.9,2.9,73.6,0.6,,,,,E,10.0,0
5,47069,10.2,2.5,2.5,67.8,2.2,,,,,SE,10.0,0
6,47069,9.4,0.9,0.9,69.3,1.6,,,,,SW,10.0,0
7,47069,9.7,-0.2,-0.2,64.0,0.9,,,,,E,10.0,0
8,47069,10.1,1.8,1.8,60.3,1.5,,,,,W,4.5,0
9,47069,11.8,2.2,2.2,66.5,0.8,,,,,SW,4.5,0
10,47069,12.3,2.9,2.9,69.8,1.0,,,,,S,3.5,0
11,47069,15.1,7.1,7.1,57.4,1.9,,,,,E,4.5,0
12,47069,12.3,7.3,7.3,66.6,1.2,,,,,N,4.5,0
13,47069,12.1,3.9,3.9,82.8,1.4,,,,,E,3.5,0
14,47069,9.7,3.7,3.7,87.0,1.0,,,,,SE,0.1,3
15,47069,10.9,5.3,5.3,42.1,3.4,,,,,N,4.5,0
16,47069,12.3,2.9,2.9,41.9,1.1,,,,,SE,10.0,0
17,47069,14.4,4.5,4.5,55.3,0.5,,,,,SE,10.0,0
18,47069,14.7,7.9,7.9,57.8,1.4,,,,,S,10.0,0
19,47069,10.9,5.1,5.1,78.9,1.9,,,,,SE,3.5,0
20,47069,7.3,3.5,3.5,68.9,4.6,,,,,NW,3.5,0
21,47069,11.9,1.1,1.1,53.7,2.4,,,,,NW,10.0,0
22,47069,13.5,3.3,3.3,73.2,1.9,,,,,SE,3.5,0
23,47069,9.7,6.9,6.9,86.4,2.1,,,,,SE,4.5,0
24,47069,11.8,6.9,6.9,87.8,1.2,,,,,SE,3.5,0
25,47069,12.9,3.9,3.9,80.5,0.6,,,,,S,0.2,2
26,47069,11.3,8.8,8.8,77.2,2.9,,,,,E,4.5,0
27,47069,11.7,6.9,6.9,93.2,3.8,,,,,SE,0.3,1
28,47069,14.0,6.7,6.7,68.1,2.2,,,,,NW,3.5,0
29,47069,15.9,4.1,4.1,47.3,1.8,,,,,E,10.0,0
30,47069,20.0,5.9,5.9,45.9,0.6,,,,,E,4.6,0
31,47069,21.8,11.3,11.3,38.5,2.6,,,,,SE,10.0,0
32,47069,19.0,14.3,14.3,41.1,3.8,,,,,E,10.0,0
33,47069,15.1,11.8,11.8,84.8,1.9,,,,,W,4.5,0
34,47069,13.7,10.2,10.2,63.1,3.2,,,,,NE,10.0,0
35,47069,15.1,6.1,6.1,45.5,1.8,,,,,SW,10.0,0
36,47069,19.7,7.6,7.6,46.3,2.1,,,,,NW,4.5,0
37,47069,20.2,9.3,9.3,43.5,2.9,,,,,NW,4.5,0
38,47069,16.2,7.1,7.1,36.7,2.6,,,,,NE,10.0,0
39,47069,16.7,7.5,7.5,36.8,1.5,,,,,N,10.0,0
40,47069,15.1,9.4,9.4,60.2,2.2,,,,,N,10.0,0
41,47069,17.2,7.9,7.9,61.2,0.5,,,,,S,4.5,0
42,47069,16.1,10.9,11.8,63.3,3.1,,,,,E,4.5,0
43,47069,11.8,5.5,5.5,68.9,4.2,,,,,NW,4.5,0
44,47069,13.3,2.9,2.9,52.6,2.2,,,,,NW,10.0,0
45,47069,11.9,5.9,5.9,74.9,2.1,,,,,SE,4.5,0
46,47069,15.4,7.9,7.9,61.1,2.9,,,,,W,4.3,0
47,47069,13.7,6.9,6.9,53.8,3.1,,,,,N,10.0,0
48,47069,16.3,6.3,6.3,56.9,3.5,,,,,NW,10.0,0
49,47069,15.3,6.3,6.3,69.5,1.4,,,,,SE,10.0,0
50,47069,15.7,8.9,8.9,78.3,1.5,,,,,SE,4.5,0
51,47069,22.5,9.5,9.5,64.7,1.0,,,,,SE,5.0,0
52,47069,22.0,14.9,14.9,46.5,1.6,,,,,E,10.0,0
53,47069,20.3,15.5,15.5,50.5,3.5,,,,,NE,4.5,0
54,47069,21.0,14.7,14.7,55.6,2.6,,,,,NE,4.5,0
55,47069,21.0,12.5,12.5,59.8,2.9,,,,,N,10.0,0
56,47069,17.9,12.5,12.5,71.1,2.9,,,,,NW,10.0,0
57,47069,13.5,11.9,11.9,83.3,1.0,,,,,S,4.5,0
58,47069,17.4,9.7,9.7,82.4,1.2,,,,,NW,4.5,0
59,47069,16.9,10.9,10.9,65.3,1.8,,,,,NE,4.5,0
60,47069,12.2,8.9,8.9,87.9,1.6,,,,,SW,4.5,0
61,47069,12.5,7.5,7.5,70.3,2.8,,,,,NW,4.5,0
62,47069,19.4,7.9,7.9,60.7,1.4,,,,,NW,4.5,0
63,47069,15.1,7.6,7.6,61.0,1.2,,,,,SE,10.0,0
64,47069,13.1,10.6,10.6,83.8,1.4,,,,,E,4.5,0
65,47069,18.5,9.1,9.1,64.7,3.0,,,,,NW,10.0,0
66,47069,16.0,10.0,10.0,67.1,2.5,,,,,SE,10.0,0
67,47069,16.9,12.5,12.5,62.9,4.8,,,,,NW,2.0,0
68,47069,16.5,9.8,9.8,68.9,2.5,,,,,E,4.5,0
69,47069,22.0,9.5,9.5,46.2,3.4,,,,,NW,10.0,0
70,47069,15.0,12.4,12.4,64.7,0.6,,,,,S,10.0,0
71,47069,25.2,11.8,11.8,56.2,2.5,,,,,E,10.0,0
72,47069,24.1,16.7,16.7,48.3,2.9,,,,,E,10.0,0
73,47069,27.0,16.6,16.6,67.4,1.0,,,,,SW,10.0,0
74,47069,26.6,17.0,17.0,76.7,0.5,,,,,NW,10.0,0
75,47069,22.0,19.0,19.0,84.7,1.1,,,,,SE,4.5,0
76,47069,20.6,16.2,16.2,90.1,1.6,,,,,E,4.5,0
77,47069,20.0,14.6,14.6,80.9,0.2,,,,,SW,4.5,0
78,47069,21.1,13.1,13.1,77.9,0.9,,,,,SW,10.0,0
79,47069,21.7,12.4,12.4,75.5,0.6,,,,,S,3.5,0
80,47069,21.3,15.4,15.4,62.7,2.5,,,,,NE,4.5,0
81,47069,20.5,14.4,14.4,75.8,2.1,,,,,NW,4.5,0
82,47069,25.0,13.7,13.7,69.0,1.0,,,,,SW,4.5,0
83,47069,19.7,14.5,14.5,76.8,0.5,,,,,E,4.7,0
84,47069,23.0,15.0,15.0,64.4,2.5,,,,,W,3.5,0
85,47069,19.8,12.9,12.9,61.6,2.6,,,,,NW,4.0,0
86,47069,18.9,12.1,12.1,74.1,2.8,,,,,E,10.0,0
87,47069,21.0,14.7,14.7,75.6,3.1,,,,,W,4.5,0
88,47069,17.8,12.6,12.6,80.8,3.6,,,,,SE,4.0,0
89,47069,16.6,12.7,12.7,76.5,1.4,,,,,W,4.5,0
90,47069,22.2,10.5,10.5,72.8,1.1,,,,,SE,4.5,0
91,47069,20.8,15.7,15.7,86.0,2.2,,,,,SE,4.5,0
92,47069,18.6,14.7,14.7,82.4,1.6,,,,,NE,4.5,0
93,47069,24.2,15.3,15.3,73.5,1.2,,,,,S,10.0,0
94,47069,20.1,15.7,15.7,86.1,0.6,,,,,NE,4.5,0
95,47069,23.5,12.9,12.9,71.8,2.5,,,,,NW,4.5,0
96,47069,22.0,16.3,16.3,77.6,1.0,,,,,SE,4.5,0
97,47069,23.3,15.4,15.4,83.6,1.8,,,,,E,4.8,0
98,47069,19.9,18.0,18.0,88.0,2.2,,,,,SE,0.9,1
99,47069,21.0,19.0,19.0,80.6,1.6,,,,,SE,4.5,0
100,47069,28.1,18.2,18.2,70.3,0.9,,,,,SE,10.0,0
101,47069,24.1,19.2,20.4,78.4,1.6,,,,,E,3.5,0
102,47069,22.8,18.0,18.0,89.5,1.9,,,,,SE,0.4,1
103,47069,28.8,18.6,18.6,83.8,1.4,,,,,SW,0.9,2
104,47069,27.1,19.2,19.2,75.6,0.8,,,,,NW,10.0,0
105,47069,24.8,17.3,17.3,82.6,1.0,,,,,SE,4.5,0
106,47069,23.7,20.0,20.0,86.1,1.5,,,,,SE,3.5,0
107,47069,27.9,22.0,22.0,61.1,4.1,,,,,NE,10.0,0
108,47069,23.0,20.7,20.7,71.5,2.5,,,,,E,4.5,0
109,47069,25.4,19.2,19.2,87.8,1.4,,,,,SW,4.5,0
110,47069,22.0,17.6,17.6,87.6,0.9,,,,,SE,4.5,0
111,47069,22.4,18.1,18.1,92.6,1.5,,,,,E,3.5,0
112,47069,25.9,16.9,16.9,83.2,0.8,,,,,S,0.9,1
113,47069,25.6,19.0,19.0,72.0,1.0,,,,,SE,10.0,0
114,47069,25.5,20.4,20.4,70.2,1.4,,,,,E,10.0,0
115,47069,26.1,19.3,19.3,77.4,1.0,,,,,S,10.0,0
116,47069,24.6,19.2,19.2,81.7,1.1,,,,,S,10.0,0
117,47069,24.6,20.4,20.4,86.7,1.5,,,,,SE,4.5,0
118,47069,28.5,19.6,19.6,78.0,0.8,,,,,E,10.0,0
119,47069,26.2,22.8,22.8,78.2,1.4,,,,,E,4.5,0
120,47069,26.6,21.6,21.6,79.0,1.0,,,,,N,4.5,0
121,47069,26.5,21.4,21.4,81.5,0.8,,,,,NW,3.5,0
122,47069,29.8,20.4,20.4,71.8,0.8,,,,,S,3.5,0
123,47069,29.9,23.4,23.4,75.4,0.8,,,,,E,3.5,0
124,47069,26.8,19.8,19.8,75.9,6.6,,,,,NE,3.5,0
125,47069,25.2,20.4,20.4,93.4,3.4,,,,,E,3.5,0
126,47069,23.8,19.8,19.8,91.1,0.8,,,,,S,10.0,0
127,47069,29.1,20.2,20.2,80.8,0.6,,,,,SW,10.0,0
128,47069,27.8,22.0,22.0,81.6,0.8,,,,,S,3.5,0
129,47069,27.6,23.0,23.0,84.0,0.9,,,,,S,3.5,0
130,47069,26.9,22.6,22.6,84.6,1.5,,,,,SE,3.5,0
131,47069,27.9,23.0,23.0,85.9,1.8,,,,,SE,3.5,0
132,47069,27.5,23.6,23.6,88.6,1.0,,,,,SE,0.2,1
133,47069,27.1,23.3,23.3,88.5,1.0,,,,,E,0.9,1
134,47069,27.1,25.5,25.5,88.4,1.9,,,1,,SE,10.0,0
135,47069,27.3,26.2,26.2,88.6,2.4,,,1,,SE,10.0,0
136,47069,30.5,25.3,25.3,83.7,2.2,,,1,,S,10.0,0
137,47069,32.4,25.0,25.0,76.3,1.1,,,1,,E,10.0,0
138,47069,31.8,24.8,24.8,73.0,1.2,,,,,E,4.5,0
139,47069,31.1,25.2,25.2,73.5,0.9,,,1,,S,4.5,0
140,47069,30.2,24.8,24.8,76.9,1.2,,,,,S,4.5,0
141,47069,32.7,24.4,24.4,75.2,0.9,,,,,E,10.0,0
142,47069,34.7,26.0,26.0,71.1,0.6,,1,1,,SW,10.0,0
143,47069,34.8,27.0,27.0,70.5,0.8,,1,1,,SW,10.0,0
144,47069,33.3,26.7,26.7,72.6,1.2,,1,1,,S,10.0,0
145,47069,34.4,26.9,26.9,74.6,1.0,,1,1,,SW,10.0,0
146,47069,33.1,26.9,26.9,69.8,0.5,,1,1,,S,10.0,0
147,47069,31.9,26.1,26.1,65.3,1.1,,,1,,S,10.0,0
148,47069,33.7,25.7,25.7,67.6,0.9,,1,1,,NW,10.0,0
149,47069,32.4,26.0,26.0,76.3,0.5,,,1,,SE,10.0,0
150,47069,33.1,26.5,26.5,79.1,0.5,,1,1,,S,10.0,0
151,47069,29.8,25.9,25.9,81.4,1.8,,,1,,SE,4.5,0
152,47069,29.5,25.7,25.7,85.8,1.5,,,1,,S,4.9,0
153,47069,8.3,0.5,0.5,61.1,2.2,,,,,NW,4.5,0
154,47069,9.9,-1.3,-1.3,52.8,2.5,,,,,SW,10.0,0
155,47069,10.0,0.5,0.5,57.5,1.2,,,,,N,10.0,0
156,47069,8.6,2.4,2.4,80.7,3.0,,,,,E,0.3,2
157,47069,4.9,0.2,0.2,38.9,4.4,,,,,W,4.5,0
158,47069,5.1,-0.4,-0.4,33.7,3.1,,,,,NW,10.0,0
159,47069,4.3,-2.4,-2.4,47.7,0.8,,,,,SE,10.0,0
160,47069,8.5,1.4,1.4,74.3,1.1,,,,,SW,10.0,0
161,47069,6.3,-1.5,-1.5,89.5,0.4,,,,,SE,0.0,4
162,47069,9.1,1.8,1.8,78.2,1.1,,,,,SE,3.5,0
163,47069,15.8,2.0,2.0,75.8,0.6,,,,,SW,0.3,2
164,47069,12.2,6.3,6.3,74.5,1.6,,,,,E,0.4,1
165,47069,14.9,7.5,7.5,87.7,1.0,,,,,E,3.5,0
166,47069,10.7,4.6,4.6,87.2,3.0,,,,,E,4.5,0
167,47069,8.1,0.7,0.7,80.4,1.2,,,,,E,10.0,0
168,47069,15.9,2.5,2.5,68.5,1.0,,,,,SE,0.4,1
169,47069,13.7,4.7,4.7,51.8,1.2,,,,,SW,10.0,0
170,47069,10.0,6.9,6.9,57.5,4.5,,,,,E,10.0,0
171,47069,5.7,1.3,1.3,77.4,2.8,,,,,E,3.5,0
172,47069,7.7,1.7,1.7,61.7,1.8,,,,,NW,10.0,0
173,47069,8.5,0.7,0.7,51.2,1.9,,,,,SE,10.0,0
174,47069,11.3,2.5,2.5,48.6,2.2,,,,,NW,10.0,0
175,47069,7.5,2.2,2.2,69.3,1.1,,,,,SW,10.0,0
176,47069,7.9,4.8,4.8,89.7,1.5,,,,,SE,4.2,0
177,47069,13.9,7.0,7.0,73.2,4.1,,,,,E,4.5,0
178,47069,14.3,8.9,8.9,76.3,5.6,,,,,NW,3.5,0
179,47069,9.4,5.0,5.0,43.2,4.4,,,,,NW,10.0,0
180,47069,11.9,2.2,2.2,41.7,1.1,,,,,NW,10.0,0
181,47069,11.6,2.7,2.7,52.8,0.9,,,,,SE,10.0,0
182,47069,10.8,6.9,6.9,73.4,1.0,,,,,E,4.5,0
183,47069,13.5,7.9,7.9,65.5,2.0,,,,,NW,4.5,0
184,47069,14.2,5.3,5.3,43.8,1.5,,,,,SW,10.0,0
185,47069,12.8,2.2,2.2,47.6,1.4,,,,,SW,10.0,0
186,47069,15.6,3.4,3.4,47.7,1.0,,,,,N,10.0,0
187,47069,15.3,4.6,4.6,52.3,1.0,,,,,NW,10.0,0
188,47069,11.8,5.1,5.1,79.0,1.6,,,,,E,0.2,1
189,47069,15.1,6.0,6.0,55.3,2.1,,,,,S,4.5,0
190,47069,15.1,6.3,6.3,50.7,3.7,,,,,NW,10.0,0
191,47069,13.0,5.9,5.9,62.3,2.1,,,,,E,10.0,0
192,47069,14.6,10.6,10.6,66.3,3.2,,,,,SE,10.0,0
193,47069,18.4,10.8,10.8,77.3,4.1,,,,,SE,10.0,0
194,47069,19.8,13.8,13.8,76.9,2.2,,,,,SE,10.0,0
195,47069,13.8,12.6,12.6,92.8,1.2,,,,,S,0.2,3
196,47069,16.3,11.9,11.9,69.0,3.0,,,,,E,10.0,0
197,47069,16.9,11.3,11.3,45.2,3.9,,,,,E,10.0,0
198,47069,17.0,7.7,7.7,49.6,1.8,,,,,N,10.0,0
199,47069,20.0,7.3,7.3,36.5,3.6,,,,,N,10.0,0
200,47069,17.1,5.8,5.8,64.4,2.5,,,,,NW,10.0,0
201,47069,20.0,10.9,10.9,59.2,2.6,,,,,NW,3.5,0
202,47069,20.0,8.2,8.2,63.1,2.1,,,,,NW,4.5,0
203,47069,16.9,8.5,8.5,69.7,2.2,,,,,SE,3.5,0
204,47069,15.5,9.9,9.9,68.5,2.6,,,,,SE,10.0,0
205,47069,17.1,11.7,11.7,87.2,1.4,,,,,SE,3.5,0
206,47069,20.2,7.6,7.6,68.8,1.0,,,,,S,0.9,1
207,47069,14.7,9.9,9.9,78.2,0.8,,,,,NE,0.7,2
208,47069,19.7,12.9,12.9,88.4,1.0,,,,,SE,0.2,2
209,47069,25.6,15.3,15.3,68.9,1.8,,,,,NW,3.5,0
210,47069,21.2,12.6,12.6,34.6,2.5,,,,,NW,10.0,0
211,47069,19.7,9.7,9.7,41.7,1.4,,,,,SW,10.0,0
212,47069,15.1,11.1,11.1,77.9,1.5,,,,,NE,4.5,0
213,47069,13.7,8.4,8.4,72.9,1.6,,,,,NE,10.0,0
214,47069,17.9,7.2,7.2,52.0,2.9,,,,,NW,10.0,0
215,47069,17.8,8.7,8.7,52.2,1.5,,,,,NW,10.0,0
216,47069,19.3,9.2,9.2,47.3,2.4,,,,,N,10.0,0
217,47069,16.5,11.2,11.2,74.0,1.9,,,,,SE,10.0,0
218,47069,18.9,12.3,12.3,73.5,3.4,,,,,E,10.0,0
219,47069,20.3,15.5,15.5,81.5,0.9,,,,,SE,10.0,0
220,47069,20.4,14.3,14.3,58.4,3.0,,,,,NW,4.5,0
221,47069,16.7,13.8,13.8,41.6,3.2,,,,,E,4.5,0
222,47069,22.5,11.2,11.2,56.1,1.4,,,,,SE,10.0,0
223,47069,21.0,13.0,13.0,52.9,1.8,,,,,SW,10.0,0
224,47069,22.0,14.7,14.7,58.8,1.1,,,,,NW,10.0,0
225,47069,24.2,12.3,12.3,59.2,1.2,,,,,SW,10.0,0
226,47069,21.6,13.5,13.5,46.1,1.4,,,,,NW,10.0,0
227,47069,18.2,10.3,10.3,45.8,4.0,,,,,NW,10.0,0
228,47069,20.8,9.3,9.3,47.5,2.5,,,,,NW,10.0,0
229,47069,18.4,11.6,11.6,76.0,2.4,,,,,SE,10.0,0
230,47069,20.4,13.9,13.9,86.4,3.4,,,,,SE,3.5,0
231,47069,18.2,15.0,15.0,87.0,3.1,,,,,SE,3.0,0
232,47069,20.7,14.5,14.5,84.6,3.4,,,,,SE,4.5,0
233,47069,21.2,14.1,14.1,84.4,1.8,,,,,SE,4.5,0
234,47069,20.4,14.7,14.7,87.1,0.9,,,,,W,3.5,0
235,47069,20.2,14.7,14.7,90.0,1.5,,,,,E,0.8,2
236,47069,23.2,14.3,14.3,86.0,1.2,,,,,SE,3.0,0
237,47069,24.8,14.5,14.5,75.7,1.4,,,,,W,3.5,0
238,47069,19.0,15.0,15.0,87.3,1.9,,,,,W,3.5,0
239,47069,20.8,10.9,10.9,72.1,3.4,,,,,SW,10.0,0
240,47069,26.9,14.1,14.1,65.1,2.2,,,,,NW,10.0,0
241,47069,22.1,15.2,15.2,81.3,2.5,,,,,SE,4.5,0
242,47069,21.7,17.2,17.2,87.7,2.2,,,,,S,0.8,1
243,47069,22.2,17.3,17.3,77.5,1.8,,,,,SW,4.5,0
244,47069,24.1,13.5,13.5,58.6,1.8,,,,,NW,10.0,0
245,47069,24.3,16.3,16.3,72.7,2.0,,,,,E,4.5,0
246,47069,22.0,16.2,16.2,82.5,1.1,,,,,S,10.0,0
247,47069,23.8,18.0,18.0,80.0,2.1,,,,,S,4.5,0
248,47069,24.6,17.8,17.8,83.8,1.9,,,,,SE,3.5,0
249,47069,24.7,19.7,19.7,72.7,0.8,,,,,S,10.0,0
250,47069,23.1,17.6,17.6,68.1,4.0,,,,,NE,10.0,0
251,47069,22.9,15.4,15.4,59.1,2.8,,,,,NE,10.0,0
252,47069,22.0,18.0,18.0,71.3,1.2,,,,,NE,10.0,0
253,47069,20.8,18.2,18.2,87.5,2.0,,,,,SW,4.5,0
254,47069,20.7,16.9,16.9,89.5,0.9,,,,,E,3.5,0
255,47069,27.2,16.9,16.9,75.2,0.8,,,,,S,10.0,0
256,47069,25.5,20.6,20.6,69.5,2.4,,,,,E,10.0,0
257,47069,26.4,19.0,19.0,79.4,3.5,,,,,E,4.5,0
258,47069,24.2,19.0,19.0,62.7,5.6,,,,,NE,4.5,0
259,47069,17.6,14.7,14.7,91.3,2.8,,,,,E,4.0,0
260,47069,24.9,15.2,15.2,83.2,2.0,,,,,N,10.0,0
261,47069,22.1,16.7,16.7,89.1,2.0,,,,,SE,0.2,1
262,47069,21.6,19.8,19.8,92.0,2.2,,,,,S,0.5,1
263,47069,22.0,20.1,20.1,92.2,1.5,,,,,SE,0.9,1
264,47069,25.0,20.6,20.6,90.5,0.8,,,,,E,0.2,2
265,47069,27.7,19.6,19.6,87.8,1.6,,,,,N,0.2,2
266,47069,25.5,21.0,21.0,88.1,1.4,,,,,SW,4.5,0
267,47069,22.6,20.8,20.8,91.3,3.4,,,,,SE,0.9,1
268,47069,25.1,20.6,20.6,89.5,3.5,,,,,SW,0.9,1
269,47069,23.2,19.0,19.0,91.2,2.0,,,,,SE,3.5,0
270,47069,22.6,21.6,21.6,91.4,2.5,,,,,SE,0.2,1
271,47069,23.1,22.2,22.2,91.8,4.8,,,,,SE,0.5,1
272,47069,23.5,22.6,22.6,92.2,7.1,,,,,SW,1.5,0
273,47069,23.2,22.6,22.6,91.5,3.9,,,,,SW,0.9,1
274,47069,23.0,22.2,22.2,91.4,2.4,,,,,E,1.5,0
275,47069,25.3,22.2,22.2,91.5,2.1,,,,,S,0.3,2
276,47069,27.6,23.2,23.2,90.7,1.1,,,,,S,4.5,0
277,47069,31.2,21.4,21.4,87.5,0.1,,,,,SW,10.0,0
278,47069,31.3,23.8,23.8,85.2,0.6,,,,,SW,10.0,0
279,47069,32.2,25.1,25.1,83.7,1.1,,,1,,SW,10.0,0
280,47069,30.1,25.5,25.5,86.9,2.6,,,1,,SE,10.0,0
281,47069,27.3,24.6,24.6,91.8,5.4,,,,,SE,4.5,0
282,47069,25.5,22.5,22.5,92.8,1.1,,,,,W,3.5,0
283,47069,29.5,22.0,22.0,88.0,1.6,,,,,S,0.4,1
284,47069,28.1,24.2,24.2,86.4,1.2,,,,,SE,0.8,1
285,47069,30.0,24.3,24.3,84.5,0.9,,,,,NW,10.0,0
286,47069,26.3,24.7,24.7,82.9,3.1,,,,,E,10.0,0
287,47069,26.2,23.6,23.8,91.8,3.5,,,,,SE,3.5,0
288,47069,28.9,22.6,22.6,90.5,1.5,,,,,N,4.5,0
289,47069,27.7,20.8,20.8,88.2,2.2,,,,,SE,10.0,0
290,47069,28.9,21.7,21.7,87.8,1.5,,,,,SW,10.0,0
291,47069,29.1,22.6,22.6,87.5,1.4,,,,,SW,10.0,0
292,47069,29.9,23.2,23.2,84.5,1.5,,,,,SW,4.5,0
293,47069,30.1,22.6,22.6,84.1,1.2,,,,,S,10.0,0
294,47069,28.9,24.8,24.8,85.6,1.6,,,,,W,4.5,0
295,47069,27.5,20.4,20.4,87.6,2.9,,,,,NW,3.5,0
296,47069,28.5,22.4,22.4,89.7,1.4,,,,,SW,4.5,0
297,47069,25.3,20.8,20.8,92.2,2.4,,,,,SE,3.5,0
298,47069,26.9,21.3,21.3,89.7,2.2,,,,,E,4.5,0
299,47069,29.1,21.0,21.0,85.5,1.1,,,,,SW,10.0,0
300,47069,30.5,23.5,23.5,85.6,1.1,,,,,SW,10.0,0
301,47069,30.2,25.0,25.0,86.0,0.8,,,1,,S,10.0,0
302,47069,30.5,25.9,25.9,81.1,3.2,,,1,,E,10.0,0
303,47069,30.7,26.3,26.3,83.5,2.1,,,1,,E,10.0,0
304,47069,34.3,27.5,27.5,81.3,1.9,,1,1,,E,4.5,0
305,47069,29.3,25.1,25.1,88.3,3.4,,,1,,E,3.5,0
306,47069,7.9,3.3,3.3,67.8,2.5,,,,,NW,4.5,0
307,47069,6.5,0.3,0.3,35.4,3.4,,,,,N,10.0,0
308,47069,8.8,0.6,0.6,72.5,2.5,,,,,SE,10.0,0
309,47069,9.7,4.1,4.1,83.5,2.4,,,,,SE,4.0,0
310,47069,11.6,-0.6,-0.6,78.1,0.5,,,,,W,0.4,1
311,47069,9.3,2.0,2.0,68.2,2.0,,,,,SE,4.5,0
312,47069,10.4,7.1,7.1,86.5,3.2,,,,,SE,0.8,1
313,47069,10.9,6.7,6.7,87.6,3.6,,,,,SE,0.7,3
314,47069,12.9,4.9,4.9,90.8,1.6,,,,,SE,0.3,2
315,47069,12.3,4.1,4.1,84.8,2.4,,,,,SE,0.3,3
316,47069,12.1,8.2,8.2,83.7,3.5,,,,,SE,3.5,0
317,47069,8.3,1.4,1.4,77.0,3.2,,,,,NW,0.1,1
318,47069,5.6,-2.2,-2.2,58.7,3.9,,,,,SE,10.0,0
319,47069,9.9,4.1,4.1,78.8,3.5,,,,,E,10.0,0
320,47069,8.5,3.3,3.3,78.4,1.9,,,,,NW,3.5,0
321,47069,8.7,2.4,2.4,55.3,2.8,,,,,NW,10.0,0
322,47069,11.1,1.0,1.0,54.1,0.9,,,,,NW,10.0,0
323,47069,13.0,3.9,3.9,49.8,2.8,,,,,NW,4.5,0
324,47069,11.7,1.5,1.5,71.2,0.9,,,,,SE,4.5,0
325,47069,12.0,0.2,0.2,74.1,1.0,,,,,W,0.2,3
326,47069,15.8,3.4,3.4,47.6,1.0,,,,,SE,4.5,0
327,47069,18.0,8.5,8.5,46.8,1.0,,,,,N,4.5,0
328,47069,18.3,10.3,10.3,56.9,3.4,,,,,W,4.5,0
329,47069,12.9,6.1,6.1,35.6,2.8,,,,,NW,10.0,0
330,47069,15.3,3.4,3.4,45.4,1.1,,,,,SW,10.0,0
331,47069,11.5,4.7,4.7,30.4,3.6,,,,,NW,10.0,0
332,47069,10.9,2.3,2.3,51.4,2.1,,,,,W,10.0,0
333,47069,11.5,5.1,5.1,72.7,1.6,,,,,E,4.5,0
334,47069,14.1,3.9,3.9,77.3,1.2,,,,,S,0.9,1
335,47069,14.9,3.3,3.3,73.3,1.7,,,,,NE,4.5,0
336,47069,20.4,6.5,6.5,54.0,2.0,,,,,N,4.5,0
337,47069,23.2,9.7,9.7,47.1,1.6,,,,,W,10.0,0
338,47069,22.0,12.2,12.2,35.4,2.9,,,,,SW,10.0,0
339,47069,23.7,13.9,13.9,34.8,2.9,,,,,SE,10.0,0
340,47069,17.8,12.1,12.1,47.6,2.2,,,,,SE,4.5,0
341,47069,12.6,8.3,8.3,92.7,5.1,,,,,SE,2.5,0
342,47069,10.5,8.1,8.1,92.2,2.6,,,,,NW,2.0,0
343,47069,12.2,4.8,4.8,66.6,4.2,,,,,NW,10.0,0
344,47069,14.3,3.3,3.3,52.9,4.0,,,,,NW,10.0,0
345,47069,14.3,4.7,4.7,63.8,2.5,,,,,NW,10.0,0
346,47069,10.7,7.6,7.6,84.3,3.5,,,,,SE,10.0,0
347,47069,16.7,10.3,10.3,72.8,2.4,,,,,SW,4.5,0
348,47069,16.3,4.9,4.9,41.0,2.8,,,,,NW,4.0,0
349,47069,10.9,7.5,7.5,63.3,2.4,,,,,SE,4.5,0
350,47069,14.5,10.3,10.3,69.7,1.8,,,,,E,10.0,0
351,47069,17.1,11.2,11.2,82.2,3.0,,,,,NW,4.5,0
352,47069,15.3,8.5,8.5,70.2,2.6,,,,,W,4.5,0
353,47069,13.5,6.3,6.3,69.5,2.2,,,,,SE,10.0,0
354,47069,19.2,12.1,12.1,65.2,2.6,,,,,SE,4.5,0
355,47069,23.4,10.7,10.7,69.9,2.2,,,,,SW,4.5,0
356,47069,17.3,12.5,12.5,85.9,1.4,,,,,S,0.7,1
357,47069,17.3,11.9,11.9,38.8,6.2,,,,,NE,5.0,0
358,47069,20.5,14.3,14.3,21.9,4.1,,,,,E,10.0,0
359,47069,21.0,13.7,13.7,22.0,2.8,,,,,NE,10.0,0
360,47069,19.4,11.7,11.7,39.1,2.9,,,,,S,10.0,0
361,47069,10.5,9.1,9.1,75.5,1.8,,,,,SE,4.5,0
362,47069,14.0,6.5,6.5,75.5,3.6,,,,,NW,10.0,0
363,47069,13.4,6.1,6.1,73.2,2.0,,,,,SE,10.0,0
364,47069,14.5,7.7,7.7,72.5,2.1,,,,,S,10.0,0
365,47069,13.7,9.7,9.7,88.1,4.4,,,,,NW,1.5,0
366,47069,13.9,7.2,7.2,76.7,2.1,,,,,NW,10.0,0
367,47069,19.2,7.9,7.9,59.8,2.9,,,,,NW,10.0,0
368,47069,18.4,10.1,10.1,52.8,2.1,,,,,SE,10.0,0
369,47069,21.6,11.9,11.9,58.5,2.4,,,,,SE,10.0,0
370,47069,21.5,15.9,15.9,75.4,1.8,,,,,SE,4.5,0
371,47069,18.6,14.5,15.7,92.2,3.9,,,,,SE,3.5,0
372,47069,16.8,13.0,13.4,76.4,7.1,,,,,E,4.5,0
373,47069,19.2,13.3,13.3,44.1,3.6,,,,,E,10.0,0
374,47069,21.6,10.1,10.1,61.7,2.1,,,,,N,10.0,0
375,47069,23.6,10.1,10.1,62.1,1.1,,,,,SE,10.0,0
376,47069,24.2,11.9,11.9,55.4,1.5,,,,,NW,10.0,0
377,47069,21.3,13.0,13.0,54.2,1.6,,,,,SE,10.0,0
378,47069,20.5,12.7,12.7,68.3,1.6,,,,,E,4.5,0
379,47069,16.5,12.7,12.7,83.3,2.1,,,,,SE,4.5,0
380,47069,20.0,12.2,12.2,80.2,1.6,,,,,SE,4.5,0
381,47069,20.2,13.1,13.1,73.8,2.4,,,,,SE,10.0,0
382,47069,20.9,15.4,15.4,80.8,4.1,,,,,SE,0.5,2
383,47069,18.6,14.1,14.1,90.7,2.3,,,,,SE,0.9,1
384,47069,24.8,16.1,16.1,79.1,2.5,,,,,SE,4.5,0
385,47069,25.3,16.9,16.9,68.1,2.0,,,,,SW,10.0,0
386,47069,22.0,16.3,16.3,76.2,2.0,,,,,W,10.0,0
387,47069,22.2,15.7,15.7,70.1,2.2,,,,,NW,2.5,0
388,47069,25.1,16.1,16.1,52.5,2.2,,,,,NE,4.5,0
389,47069,26.1,14.4,14.4,45.0,2.6,,,,,NE,10.0,0
390,47069,21.4,15.4,15.4,55.2,1.5,,,,,E,10.0,0
391,47069,23.2,13.9,13.9,63.5,2.4,,,,,SW,10.0,0
392,47069,22.7,16.1,16.1,66.0,1.6,,,,,SE,10.0,0
393,47069,19.6,16.7,17.2,83.4,2.5,,,,,E,4.0,0
394,47069,19.0,17.6,17.6,94.3,2.2,,,,,SW,4.5,0
395,47069,27.5,18.1,18.1,83.3,1.5,,,,,SE,3.5,0
396,47069,25.3,19.4,19.4,67.5,2.2,,,,,SE,10.0,0
397,47069,22.4,19.6,19.6,68.3,1.9,,,,,S,10.0,0
398,47069,23.8,18.8,18.8,80.3,2.4,,,,,S,4.5,0
399,47069,26.3,16.9,16.9,72.5,1.6,,,,,N,10.0,0
400,47069,26.5,17.6,17.6,52.7,4.0,,,,,NW,10.0,0
401,47069,27.1,16.2,16.2,60.8,2.6,,,,,NW,10.0,0
402,47069,25.8,18.2,18.2,67.5,2.5,,,,,N,10.0,0
403,47069,22.0,17.3,17.3,80.1,2.6,,,,,W,10.0,0
404,47069,19.1,18.0,18.0,90.2,3.4,,,,,S,2.0,0
405,47069,19.4,17.6,17.6,91.4,3.1,,,,,SW,2.0,0
406,47069,21.5,15.3,15.3,85.1,1.5,,,,,SE,5.0,0
407,47069,22.4,18.0,18.0,81.9,2.1,,,,,SE,4.5,0
408,47069,25.0,16.9,16.9,73.9,0.6,,,,,S,4.7,0
409,47069,24.0,18.2,18.2,65.5,1.6,,,,,SW,10.0,0
410,47069,24.4,16.9,16.9,73.1,1.8,,,,,W,10.0,0
411,47069,24.2,16.6,16.6,73.7,1.9,,,,,SW,10.0,0
412,47069,26.5,17.6,17.6,67.5,2.1,,,,,W,10.0,0
413,47069,26.9,18.2,18.2,67.6,1.6,,,,,NW,10.0,0
414,47069,28.3,18.0,18.0,64.1,1.5,,,,,W,10.0,0
415,47069,29.9,19.6,19.6,68.8,1.4,,,,,SW,10.0,0
416,47069,29.5,22.0,22.0,65.1,1.4,,,,,SE,10.0,0
417,47069,24.6,21.0,21.0,73.6,1.2,,,,,S,4.5,0
418,47069,23.4,19.4,19.4,83.4,1.5,,,,,SE,4.5,0
419,47069,27.9,18.2,18.2,75.8,2.6,,,,,NW,10.0,0
420,47069,26.3,20.6,20.6,77.8,2.0,,,,,S,4.5,0
421,47069,28.1,21.2,21.2,74.6,1.4,,,,,SE,4.5,0
422,47069,31.9,21.3,21.3,66.5,1.2,,,,,S,10.0,0
423,47069,26.4,21.9,21.9,86.1,4.1,,,,,SW,4.5,0
424,47069,25.3,20.8,20.8,85.2,3.8,,,,,SW,10.0,0
425,47069,23.4,21.4,21.4,91.4,2.2,,,,,S,0.8,2
426,47069,22.6,21.8,21.8,95.7,2.6,,,,,SE,1.5,0
427,47069,27.1,21.8,21.8,87.1,1.0,,,,,SE,5.0,0
428,47069,29.3,23.0,23.0,84.0,1.0,,,,,SW,3.5,0
429,47069,27.1,22.3,22.3,84.4,0.9,,,,,SW,4.5,0
430,47069,30.9,22.2,22.2,76.4,1.4,,,,,SW,10.0,0
431,47069,26.5,23.0,23.0,92.3,4.0,,,,,S,3.5,0
432,47069,27.5,21.2,21.2,83.6,4.4,,,,,W,4.5,0
433,47069,29.1,22.5,22.5,87.0,3.6,,,,,S,3.5,0
434,47069,28.1,22.7,22.7,83.3,2.9,,,,,SE,2.0,0
435,47069,26.3,21.8,21.8,78.1,2.6,,,,,S,10.0,0
436,47069,25.6,22.0,22.0,89.7,3.4,,,,,SE,1.0,0
437,47069,26.9,23.2,23.2,89.9,2.4,,,,,SE,2.0,0
438,47069,25.0,23.0,23.0,93.1,2.6,,,,,S,0.6,1
439,47069,26.5,23.0,23.0,90.5,1.5,,,,,SE,4.5,0
440,47069,24.6,23.8,24.0,94.5,3.9,,,,,SE,2.5,0
441,47069,25.7,23.7,23.7,95.4,2.8,,,,,W,3.0,0
442,47069,26.4,24.3,24.3,93.8,2.2,,,,,W,1.0,0
443,47069,27.1,22.6,22.6,83.0,1.1,,,,,SW,10.0,0
444,47069,28.1,22.8,22.8,82.0,1.0,,,,,E,10.0,0
445,47069,29.3,22.2,22.2,79.0,1.0,,,,,NE,10.0,0
446,47069,31.9,22.8,22.8,76.4,1.2,,,,,N,4.5,0
447,47069,31.7,22.2,22.2,69.8,0.9,,,,,NE,10.0,0
448,47069,31.2,23.3,23.3,67.5,1.2,,,,,SE,10.0,0
449,47069,29.6,24.4,24.4,74.5,4.0,,,,,SE,3.0,0
450,47069,27.3,24.0,24.0,94.4,3.0,,,,,SW,3.0,0
451,47069,27.1,24.4,24.4,89.3,1.5,,,,,SW,3.5,0
452,47069,26.1,24.5,24.5,91.8,2.1,,,,,SE,4.0,0
453,47069,29.3,24.7,24.7,88.7,1.6,,,,,SW,3.5,0
454,47069,29.1,25.1,25.1,88.3,1.6,,,1,,SW,10.0,0
455,47069,30.9,25.5,25.5,82.1,1.9,,,1,,S,10.0,0
456,47069,28.4,25.9,25.9,84.1,1.1,,,1,,E,10.0,0
457,47069,32.7,25.0,25.0,73.8,0.6,,,1,,SW,10.0,0
458,47069,31.0,25.3,25.3,79.0,1.0,,,1,,N,4.5,0
459,47069,-1.5,-6.2,-6.2,41.7,5.4,,,,,N,10.0,0
460,47069,5.4,-7.4,-7.4,59.0,3.1,,,,,E,10.0,0
461,47069,7.9,0.3,0.3,59.9,2.0,,,,,N,10.0,0
462,47069,8.3,-2.0,-2.0,50.2,1.4,,,,,S,10.0,0
463,47069,10.8,4.7,4.7,43.0,1.2,,,,,E,10.0,0
464,47069,9.1,3.1,3.1,60.4,1.0,,,,,N,10.0,0
465,47069,8.3,0.7,0.7,55.1,2.8,,,,,N,10.0,0
466,47069,5.1,-0.3,-0.3,50.9,3.2,,,,,NW,10.0,0
467,47069,7.4,-1.4,-1.4,44.6,2.9,,,,,NW,10.0,0
468,47069,8.5,-2.1,-2.1,58.3,1.8,,,,,N,10.0,0
469,47069,7.2,3.9,3.9,72.5,2.8,,,,,E,10.0,0
470,47069,9.3,4.3,4.3,67.4,3.0,,,,,N,10.0,0
471,47069,12.5,1.6,1.6,53.3,3.0,,,,,NW,10.0,0
472,47069,12.1,1.8,1.8,61.5,2.0,,,,,N,10.0,0
473,47069,13.0,3.0,3.0,81.1,1.2,,,,,SE,0.9,1
474,47069,11.9,4.6,4.6,73.1,2.0,,,,,SE,0.3,1
475,47069,9.7,4.9,4.9,54.3,4.4,,,,,N,10.0,0
476,47069,10.7,1.1,1.1,41.0,2.5,,,,,N,10.0,0
477,47069,10.3,4.6,4.6,66.5,3.8,,,,,N,10.0,0
478,47069,7.5,0.6,0.6,53.2,4.0,,,,,N,10.0,0
479,47069,9.7,1.2,1.2,58.1,1.9,,,,,N,10.0,0
480,47069,9.7,4.7,4.7,69.0,5.9,,,,,SE,4.5,0
481,47069,17.8,6.4,6.4,66.0,1.4,,,,,E,0.9,1
482,47069,20.6,11.1,11.1,47.4,2.4,,,,,W,10.0,0
483,47069,14.5,8.1,8.1,59.4,2.4,,,,,SE,4.5,0
484,47069,11.3,4.9,4.9,76.2,2.9,,,,,E,4.5,0
485,47069,10.8,4.5,4.5,80.7,1.8,,,,,S,5.0,0
486,47069,9.0,6.1,6.1,89.3,2.1,,,,,SE,4.5,0
487,47069,12.1,3.5,3.5,77.8,3.0,,,,,SE,4.5,0
488,47069,13.8,4.0,4.0,59.2,2.4,,,,,N,10.0,0
489,47069,14.7,2.7,2.7,47.6,1.9,,,,,N,10.0,0
490,47069,16.3,4.9,4.9,48.2,1.8,,,,,W,10.0,0
491,47069,17.2,7.1,7.1,59.2,2.0,,,,,SE,10.0,0
492,47069,20.2,13.4,13.4,50.1,1.5,,,,,N,10.0,0
493,47069,19.0,11.3,11.3,49.2,1.6,,,,,W,10.0,0
494,47069,14.9,11.5,11.5,64.8,2.2,,,,,S,10.0,0
495,47069,14.5,6.1,6.1,68.7,1.9,,,,,S,10.0,0
496,47069,16.9,7.9,7.9,67.8,1.9,,,,,S,4.5,0
497,47069,19.3,8.7,8.7,74.7,2.1,,,,,NW,4.5,0
498,47069,18.8,10.3,10.3,50.2,3.5,,,,,NW,10.0,0
499,47069,13.4,10.5,10.5,68.5,2.9,,,,,S,10.0,0
500,47069,15.8,10.8,10.8,76.7,1.8,,,,,S,4.5,0
501,47069,18.8,10.3,10.3,68.4,2.0,,,,,SE,10.0,0
502,47069,23.4,10.3,10.3,66.7,1.8,,,,,W,4.5,0
503,47069,24.4,12.8,12.8,57.3,1.6,,,,,SW,10.0,0
504,47069,18.3,11.9,11.9,78.6,4.1,,,,,SE,3.5,0
505,47069,14.2,10.7,10.7,87.3,2.0,,,,,SE,0.5,1
506,47069,17.0,8.1,8.1,81.3,1.6,,,,,SE,0.2,2
507,47069,24.9,10.9,10.9,56.0,2.1,,,,,W,10.0,0
508,47069,18.2,12.1,12.1,68.0,2.8,,,,,SE,10.0,0
509,47069,16.9,13.6,13.6,71.9,3.0,,,,,SE,4.5,0
510,47069,20.0,13.7,13.7,64.1,3.8,,,,,E,10.0,0
511,47069,22.3,14.9,14.9,56.4,3.4,,,,,E,10.0,0
512,47069,19.2,13.9,13.9,65.6,3.2,,,,,E,4.5,0
513,47069,15.4,11.1,11.1,83.1,3.8,,,,,S,4.0,0
514,47069,13.2,9.3,9.3,87.7,1.8,,,,,NW,3.5,0
515,47069,21.8,9.1,9.1,67.8,1.8,,,,,E,10.0,0
516,47069,23.9,10.5,10.5,68.7,2.2,,,,,SW,10.0,0
517,47069,23.8,12.5,12.5,70.3,1.4,,,,,W,5.0,0
518,47069,25.3,14.1,14.1,62.0,1.9,,,,,W,10.0,0
519,47069,21.4,10.8,10.8,59.5,2.4,,,,,NW,10.0,0
520,47069,21.4,12.4,12.4,52.4,3.4,,,,,W,10.0,0
521,47069,24.0,12.5,12.5,46.4,2.4,,,,,N,10.0,0
522,47069,26.2,11.9,11.9,41.9,1.1,,,,,N,10.0,0
523,47069,22.8,13.6,13.6,55.3,1.5,,,,,SE,10.0,0
524,47069,17.6,14.4,14.4,83.5,3.4,,,,,SE,3.5,0
525,47069,13.5,12.7,12.7,92.9,2.6,,,,,SW,1.0,0
526,47069,16.1,12.3,12.3,80.1,3.6,,,,,E,4.0,0
527,47069,20.0,13.0,13.0,57.6,3.2,,,,,E,10.0,0
528,47069,17.8,9.6,9.6,74.9,2.2,,,,,SW,10.0,0
529,47069,19.2,12.5,12.5,78.5,3.2,,,,,S,4.5,0
530,47069,15.3,13.5,13.5,88.3,2.9,,,,,S,3.5,0
531,47069,22.0,9.5,9.5,60.4,2.1,,,,,N,10.0,0
532,47069,24.1,11.3,11.3,56.2,2.9,,,,,N,10.0,0
533,47069,20.5,13.3,13.3,66.5,2.1,,,,,SE,10.0,0
534,47069,14.9,10.3,10.3,78.1,4.0,,,,,NE,4.5,0
535,47069,21.0,7.1,7.1,62.7,2.2,,,,,NW,10.0,0
536,47069,18.8,11.3,11.3,77.8,3.2,,,,,SE,4.5,0
537,47069,22.0,15.5,15.5,76.0,3.1,,,,,S,10.0,0
538,47069,23.0,14.9,14.9,70.8,2.2,,,,,E,10.0,0
539,47069,22.8,17.0,17.0,76.8,2.0,,,,,W,10.0,0
540,47069,23.4,15.1,15.1,77.1,2.2,,,,,SW,0.7,2
541,47069,21.9,14.2,14.2,77.2,2.1,,,,,SW,0.4,2
542,47069,21.7,15.0,15.0,77.1,1.9,,,,,NW,10.0,0
543,47069,21.8,15.0,15.0,78.6,1.2,,,,,NW,4.5,0
544,47069,20.2,16.9,16.9,82.7,1.8,,,,,S,3.5,0
545,47069,17.9,16.3,16.4,85.9,2.8,,,,,SE,3.5,0
546,47069,22.6,13.1,13.1,64.4,4.1,,,,,NW,10.0,0
547,47069,25.0,14.9,14.9,53.6,2.6,,,,,N,10.0,0
548,47069,25.0,14.5,14.5,60.9,1.9,,,,,SW,10.0,0
549,47069,22.0,16.3,16.3,62.5,2.0,,,,,SE,10.0,0
550,47069,23.2,15.1,15.1,70.0,2.5,,,,,W,4.5,0
551,47069,25.0,16.3,16.3,53.9,2.2,,,,,N,10.0,0
552,47069,26.5,14.9,14.9,55.1,2.0,,,,,N,10.0,0
553,47069,27.1,16.9,16.9,56.5,1.8,,,,,W,10.0,0
554,47069,26.1,18.8,18.8,52.8,3.0,,,,,SW,10.0,0
555,47069,27.6,16.9,16.9,55.9,2.0,,,,,SW,10.0,0
556,47069,28.9,17.0,17.0,52.0,1.8,,,,,SW,10.0,0
557,47069,23.8,17.8,17.8,65.0,1.5,,,,,N,4.5,0
558,47069,22.1,16.5,16.5,82.9,1.9,,,,,E,4.0,0
559,47069,24.3,17.1,17.1,76.8,1.9,,,,,E,3.5,0
560,47069,22.8,19.0,19.0,87.9,2.1,,,,,SE,0.9,2
561,47069,22.8,20.0,20.0,85.7,3.0,,,,,SE,0.9,1
562,47069,24.7,19.0,19.0,81.4,1.8,,,,,S,4.5,0
563,47069,28.2,18.0,18.0,72.2,1.4,,,,,E,10.0,0
564,47069,25.9,20.8,20.8,71.7,1.9,,,,,SW,10.0,0
565,47069,26.8,21.0,21.0,78.5,1.6,,,,,N,4.5,0
566,47069,29.9,17.2,17.2,64.4,2.4,,,,,NW,10.0,0
567,47069,27.1,18.3,18.3,68.5,2.1,,,,,NW,10.0,0
568,47069,27.2,20.2,20.2,67.8,1.8,,,,,NW,10.0,0
569,47069,31.1,20.0,20.0,66.5,1.4,,,,,S,10.0,0
570,47069,31.1,21.4,21.4,57.2,2.0,,,,,SE,10.0,0
571,47069,29.5,21.4,21.4,66.2,1.5,,,,,N,10.0,0
572,47069,25.1,22.6,22.6,82.0,2.2,,,,,SE,4.5,0
573,47069,29.0,22.3,22.3,79.9,2.4,,,,,NW,2.0,0
574,47069,26.9,19.6,19.6,73.5,2.4,,,,,NW,10.0,0
575,47069,27.0,17.6,17.6,61.9,2.9,,,,,NW,10.0,0
576,47069,29.2,17.7,17.7,60.3,2.5,,,,,N,10.0,0
577,47069,29.7,19.6,19.6,55.1,1.9,,,,,SW,10.0,0
578,47069,30.1,19.8,19.8,59.0,1.4,,,,,W,10.0,0
579,47069,28.7,20.5,20.5,68.9,2.4,,,,,S,4.5,0
580,47069,29.0,22.7,22.7,82.4,3.4,,,,,NW,3.0,0
581,47069,26.6,21.0,21.0,79.0,1.8,,,,,N,10.0,0
582,47069,24.9,22.0,23.0,83.2,5.8,,,,,SE,3.5,0
583,47069,25.1,22.4,22.4,81.2,4.6,,,,,SW,4.5,0
584,47069,25.0,22.0,22.0,85.3,2.1,,,,,SE,4.5,0
585,47069,26.3,21.0,21.0,82.2,3.5,,,,,NW,10.0,0
586,47069,25.1,21.5,21.5,87.9,4.0,,,,,SE,4.5,0
587,47069,25.4,19.8,19.8,85.5,1.9,,,,,NW,0.4,2
588,47069,26.9,23.2,23.2,88.5,2.1,,,,,SW,0.0,3
589,47069,24.2,22.2,22.2,88.6,1.6,,,,,S,4.5,0
590,47069,29.5,22.8,22.8,80.7,2.0,,,,,N,3.5,0
591,47069,26.1,22.3,22.3,86.4,1.0,,,,,SW,3.6,0
592,47069,27.6,22.6,22.6,85.0,1.4,,,,,W,4.0,0
593,47069,30.3,22.8,22.8,79.6,1.4,,,,,NE,4.5,0
594,47069,31.1,24.7,24.7,70.4,2.6,,,,,SE,10.0,0
595,47069,30.7,24.8,24.8,69.5,3.4,,,,,E,4.5,0
596,47069,26.7,24.3,24.3,83.2,3.6,,,,,S,4.0,0
597,47069,25.6,23.6,23.6,92.8,2.8,,,,,SW,3.4,0
598,47069,28.2,23.9,23.9,89.3,2.4,,,,,W,4.0,0
599,47069,28.1,22.5,22.5,85.3,2.2,,,,,E,4.5,0
600,47069,25.1,23.7,23.9,90.8,3.5,,,,,SE,3.5,0
601,47069,28.3,22.1,22.1,85.1,3.9,,,,,SW,1.0,0
602,47069,25.3,24.7,24.7,94.3,3.6,,,,,S,0.8,2
603,47069,25.8,23.4,23.4,88.6,2.8,,,,,W,2.5,0
604,47069,28.4,24.8,24.8,91.6,2.1,,,,,SW,1.0,0
605,47069,29.9,25.2,25.2,86.9,1.6,,,1,,S,0.8,1
606,47069,29.6,25.7,25.7,85.6,3.4,,,1,,S,4.5,0
607,47069,28.1,25.8,25.8,88.7,2.4,,,1,,S,4.5,0
608,47069,26.9,26.3,26.3,87.8,3.9,,,1,,SW,4.5,0
609,47069,26.3,25.5,25.5,89.2,3.4,,,1,,W,0.9,1
610,47069,27.4,25.0,25.0,91.2,1.9,,,1,,SW,0.5,3
611,47069,27.6,25.3,25.3,89.0,2.8,,,1,,SW,0.8,1
612,47069,10.7,2.5,2.5,81.5,1.8,,,,,SW,0.4,2
613,47069,13.9,5.0,5.0,70.3,2.6,,,,,E,4.5,0
614,47069,6.5,1.8,1.8,62.5,6.0,,,,,E,4.5,0
615,47069,2.1,-0.5,1.0,62.3,6.6,,,,,SE,4.5,0
616,47069,7.0,1.7,1.7,59.9,2.4,,,,,E,10.0,0
617,47069,8.3,1.5,1.5,54.0,3.4,,,,,N,10.0,0
618,47069,7.8,-0.4,-0.4,56.2,1.5,,,,,NW,10.0,0
619,47069,6.9,1.4,1.4,68.9,1.9,,,,,S,3.5,0
620,47069,8.5,0.6,0.6,76.4,1.2,,,,,SE,4.5,0
621,47069,10.0,0.4,0.4,76.9,1.2,,,,,S,0.0,3
622,47069,12.3,1.0,1.0,73.6,1.5,,,,,SE,4.5,0
623,47069,13.7,5.1,5.1,70.8,2.1,,,,,NW,3.5,0
624,47069,13.3,5.1,5.1,39.1,3.1,,,,,N,10.0,0
625,47069,16.9,6.9,6.9,36.5,2.5,,,,,N,10.0,0
626,47069,13.7,7.9,7.9,40.2,2.8,,,,,SW,10.0,0
627,47069,6.3,1.6,1.6,51.4,4.8,,,,,N,4.5,0
628,47069,5.8,-2.2,-2.2,53.5,3.9,,,,,SW,4.5,0
629,47069,2.7,-2.0,-2.0,68.1,5.0,,,,,N,3.5,0
630,47069,6.2,-3.0,-3.0,59.4,2.6,,,,,N,10.0,0
631,47069,9.1,2.9,2.9,78.8,3.0,,,,,SE,4.5,0
632,47069,13.7,3.0,3.0,79.6,2.1,,,,,SE,0.9,1
633,47069,17.6,5.2,5.2,71.1,2.0,,,,,W,10.0,0
634,47069,13.6,6.1,6.1,76.9,3.4,,,,,SE,4.5,0
635,47069,13.2,7.9,7.9,75.9,3.6,,,,,SE,4.5,0
636,47069,12.9,6.3,6.3,78.9,4.4,,,,,SE,0.4,1
637,47069,17.8,3.9,3.9,59.9,3.4,,,,,S,10.0,0
638,47069,15.0,6.6,6.6,63.7,3.6,,,,,N,3.5,0
639,47069,8.5,3.0,3.0,40.6,6.6,,,,,N,10.0,0
640,47069,5.1,0.8,0.8,49.6,4.4,,,,,NW,4.6,0
641,47069,9.2,-2.0,-2.0,53.0,2.5,,,,,NW,10.0,0
642,47069,10.1,0.2,0.2,56.9,2.6,,,,,E,10.0,0
643,47069,10.9,5.9,5.9,79.8,2.6,,,,,SE,4.5,0
644,47069,7.5,3.7,3.7,74.1,2.0,,,,,SE,4.5,0
645,47069,13.9,5.4,5.4,70.5,2.0,,,,,W,10.0,0
646,47069,10.5,3.2,3.2,73.8,1.9,,,,,SW,4.5,0
647,47069,7.8,6.0,6.0,86.1,2.8,,,,,SE,4.5,0
648,47069,13.2,4.7,4.7,82.7,1.9,,,,,NW,0.4,1
649,47069,11.9,5.6,5.6,77.3,3.1,,,,,SE,0.9,1
650,47069,17.8,6.3,6.3,64.7,2.5,,,,,NW,10.0,0
651,47069,11.4,8.0,8.0,73.3,1.9,,,,,N,5.0,0
652,47069,18.2,5.6,5.6,63.2,1.2,,,,,NE,10.0,0
653,47069,19.0,7.5,7.5,60.2,1.5,,,,,S,10.0,0
654,47069,15.3,2.9,2.9,72.0,3.9,,,,,SE,3.5,0
655,47069,6.6,1.4,1.4,77.9,3.6,,,,,N,3.5,0
656,47069,7.5,3.4,3.4,77.8,4.0,,,,,NW,4.5,0
657,47069,14.5,2.0,2.0,73.0,3.1,,,,,NW,10.0,0
658,47069,15.5,5.7,5.7,71.1,4.1,,,,,SE,10.0,0
659,47069,12.7,11.3,11.3,86.6,4.9,,,,,SE,0.2,2
660,47069,19.6,9.7,9.7,84.4,2.0,,,,,SE,0.3,1
661,47069,14.3,10.4,10.4,87.6,2.5,,,,,SE,3.0,0
662,47069,22.5,7.5,7.5,67.3,1.5,,,,,SW,10.0,0
663,47069,18.9,12.5,12.5,75.9,2.1,,,,,SE,4.5,0
664,47069,18.6,15.1,15.1,81.7,1.9,,,,,W,4.5,0
665,47069,20.4,11.5,11.5,72.0,2.2,,,,,NW,10.0,0
666,47069,18.4,9.9,9.9,57.1,2.9,,,,,N,10.0,0
667,47069,16.7,7.1,7.1,46.9,3.6,,,,,NW,10.0,0
668,47069,15.6,7.1,7.1,63.5,2.5,,,,,SW,10.0,0
669,47069,18.7,10.1,10.1,75.8,2.2,,,,,E,10.0,0
670,47069,18.4,9.1,9.1,58.9,2.8,,,,,N,10.0,0
671,47069,18.4,6.9,6.9,52.5,3.1,,,,,SW,10.0,0
672,47069,17.1,11.2,11.2,59.3,4.6,,,,,SE,10.0,0
673,47069,16.3,12.2,12.2,77.3,3.5,,,,,SE,4.5,0
674,47069,18.8,8.1,8.1,60.8,3.2,,,,,NW,4.5,0
675,47069,14.8,8.2,8.2,75.8,2.9,,,,,NW,4.5,0
676,47069,19.6,9.6,9.6,51.1,3.9,,,,,NW,10.0,0
677,47069,13.3,9.7,9.7,69.8,2.8,,,,,E,4.5,0
678,47069,18.8,8.6,8.6,58.2,2.1,,,,,N,10.0,0
679,47069,19.2,9.0,9.0,62.2,1.9,,,,,W,10.0,0
680,47069,19.0,8.7,8.7,68.0,1.9,,,,,S,4.5,0
681,47069,15.3,13.7,13.7,73.6,4.2,,,,,E,4.5,0
682,47069,16.2,12.1,12.1,84.5,3.4,,,,,NW,4.0,0
683,47069,17.9,10.9,10.9,81.2,2.2,,,,,SE,0.7,1
684,47069,17.0,10.7,10.7,81.8,3.1,,,,,SE,4.5,0
685,47069,18.7,14.1,14.1,74.0,3.6,,,,,SE,10.0,0
686,47069,21.2,14.6,14.6,71.3,4.0,,,,,SE,10.0,0
687,47069,20.0,14.9,14.9,86.5,2.0,,,,,S,1.5,0
688,47069,19.0,14.7,14.7,89.7,2.8,,,,,SE,0.5,1
689,47069,19.8,14.4,14.4,87.1,3.1,,,,,NW,4.5,0
690,47069,20.1,9.3,9.3,66.9,3.0,,,,,W,10.0,0
691,47069,16.1,12.5,12.5,72.5,3.0,,,,,SE,1.5,0
692,47069,17.6,14.3,14.3,93.7,3.0,,,,,SE,0.6,1
693,47069,22.8,18.2,18.2,91.0,2.2,,,,,S,1.5,0
694,47069,26.3,18.4,18.4,67.7,2.4,,,,,E,10.0,0
695,47069,23.6,14.3,14.3,61.2,4.4,,,,,E,4.5,0
696,47069,17.8,12.9,12.9,74.8,4.1,,,,,E,4.5,0
697,47069,22.5,12.1,12.1,73.3,2.2,,,,,NW,10.0,0
698,47069,22.0,13.0,13.0,75.5,2.1,,,,,SE,4.5,0
699,47069,22.0,11.9,11.9,76.2,2.1,,,,,S,0.9,1
700,47069,22.4,14.9,14.9,77.3,1.5,,,,,S,0.5,2
701,47069,26.3,15.2,15.2,64.7,3.0,,,,,N,10.0,0
702,47069,25.3,15.6,15.6,59.8,1.6,,,,,N,10.0,0
703,47069,24.6,17.6,17.6,64.9,1.5,,,,,SE,10.0,0
704,47069,26.4,16.4,16.4,63.9,1.6,,,,,NW,10.0,0
705,47069,24.6,18.2,18.2,65.9,1.4,,,,,NW,10.0,0
706,47069,25.0,16.4,16.4,57.6,3.4,,,,,NW,10.0,0
707,47069,23.7,15.9,15.9,58.7,3.6,,,,,NW,10.0,0
708,47069,24.2,14.9,14.9,62.1,2.2,,,,,S,10.0,0
709,47069,22.0,18.4,18.4,69.2,3.6,,,,,SE,10.0,0
710,47069,18.9,17.4,17.4,88.9,3.2,,,,,SE,0.5,2
711,47069,26.3,18.0,18.0,76.8,1.8,,,,,SE,0.7,2
712,47069,24.0,18.0,18.0,80.2,2.5,,,,,SE,0.7,2
713,47069,26.3,19.4,19.4,68.6,3.0,,,,,NW,4.5,0
714,47069,28.5,15.5,15.5,60.5,2.6,,,,,NW,10.0,0
715,47069,29.0,18.2,18.2,56.4,1.6,,,,,SW,10.0,0
716,47069,22.4,18.8,18.8,70.9,2.0,,,,,SE,10.0,0
717,47069,30.8,20.0,20.0,69.1,2.1,,,,,E,10.0,0
718,47069,23.0,19.5,19.5,84.2,2.4,,,,,E,2.5,0
719,47069,21.8,20.3,20.4,93.5,2.2,,,,,SE,0.4,3
720,47069,24.0,18.0,18.0,82.3,2.0,,,,,E,4.5,0
721,47069,24.0,18.5,18.5,77.0,2.2,,,,,SE,0.5,3
722,47069,26.3,20.1,20.1,76.8,2.9,,,,,SE,4.5,0
723,47069,23.0,21.1,21.5,94.1,4.4,,,,,SW,1.5,0
724,47069,25.6,20.2,20.2,83.4,1.4,,,,,S,0.3,1
725,47069,26.6,18.2,18.2,68.4,2.0,,,,,NW,10.0,0
726,47069,28.9,18.4,18.4,72.7,1.8,,,,,S,3.5,0
727,47069,27.4,22.6,22.6,67.0,2.0,,,,,E,10.0,0
728,47069,24.2,19.1,19.1,80.6,3.0,,,,,E,4.5,0
729,47069,25.0,19.8,19.8,82.6,1.5,,,,,SW,10.0,0
730,47069,24.6,21.0,21.0,85.5,2.2,,,,,SE,4.5,0
731,47069,26.9,21.8,21.8,86.5,2.4,,,,,S,0.8,1
732,47069,23.2,22.3,22.4,94.2,2.4,,,,,S,0.4,4
733,47069,23.2,22.6,22.6,94.9,2.6,,,,,SE,0.5,4
734,47069,23.9,23.0,23.0,95.1,1.6,,,,,SE,0.4,5
735,47069,23.5,22.6,22.6,94.8,2.1,,,,,SE,0.2,4
736,47069,23.8,22.8,22.8,96.5,2.0,,,,,SE,0.3,8
737,47069,23.4,22.9,23.0,95.7,2.4,,,,,SE,0.9,1
738,47069,24.6,22.5,22.5,95.4,2.4,,,,,SE,0.6,6
739,47069,24.6,23.0,23.0,95.5,1.9,,,,,S,0.5,6
740,47069,25.3,23.6,23.6,95.3,2.0,,,,,SE,0.5,6
741,47069,34.4,23.9,23.9,79.2,1.8,,1,,,W,0.8,2
742,47069,33.9,26.8,26.8,73.4,2.4,,1,1,,S,10.0,0
743,47069,33.1,27.9,27.9,63.2,3.2,,1,1,,E,10.0,0
744,47069,33.0,25.7,25.7,53.0,3.1,,1,1,,E,10.0,0
745,47069,32.2,25.9,25.9,59.9,3.0,,,1,,E,10.0,0
746,47069,30.4,24.2,24.2,74.8,1.2,,,,,NW,10.0,0
747,47069,28.1,22.7,22.7,75.8,2.1,,,,,NE,10.0,0
748,47069,25.1,20.9,20.9,83.9,1.8,,,,,S,4.5,0
749,47069,23.5,21.2,22.4,87.7,2.9,,,,,SE,3.5,0
750,47069,23.8,22.6,22.6,92.3,3.8,,,,,SE,4.2,0
751,47069,24.4,22.6,22.6,91.5,2.9,,,,,SE,0.7,1
752,47069,25.0,22.8,22.8,91.1,3.9,,,,,SE,4.0,0
753,47069,26.9,24.0,24.0,91.9,2.6,,,,,SW,3.5,0
754,47069,27.9,24.8,24.8,86.5,2.6,,,,,SW,10.0,0
755,47069,31.1,25.7,25.7,83.8,2.8,,,1,,W,4.5,0
756,47069,30.4,24.6,24.6,80.5,1.8,,,,,E,10.0,0
757,47069,32.0,24.9,24.9,78.0,1.0,,,,,SW,10.0,0
758,47069,32.9,24.8,24.8,74.0,1.6,,,,,SW,10.0,0
759,47069,33.6,25.9,25.9,72.6,1.0,,1,1,,SW,4.5,0
760,47069,34.4,25.1,25.1,65.3,1.2,,1,1,,SW,10.0,0
761,47069,34.3,25.9,25.9,60.2,1.2,,1,1,,SW,10.0,0
762,47069,34.2,25.5,25.5,63.8,1.5,,1,1,,N,10.0,0
763,47069,32.2,26.7,26.7,63.9,0.8,,,1,,N,10.0,0
764,47069,29.3,27.5,27.5,72.5,1.9,,,1,,NE,10.0,0
0,47060,5.2,1.1,1.1,91.6,3.4,,,,,NE,4.5,0
1,47060,3.1,-0.1,-0.1,80.8,1.8,,,,,W,12.0,0
2,47060,9.3,-2.0,-2.0,77.5,1.5,,,,,E,14.0,0
3,47060,9.3,0.3,0.3,80.0,1.6,,,,,NE,12.0,0
4,47060,10.8,1.8,1.8,88.2,2.6,,,,,E,8.0,0
5,47060,6.4,-0.9,-0.9,79.1,1.5,,,,,NW,13.0,0
6,47060,6.9,-1.3,-1.3,81.5,2.0,,,,,NE,13.0,0
7,47060,9.3,-2.4,-2.4,82.7,1.5,,,,,W,9.0,0
8,47060,10.0,-0.5,-0.5,80.3,2.0,,,,,W,9.0,0
9,47060,13.7,-0.4,-0.4,83.9,1.9,,,,,NE,0.0,1
10,47060,12.3,2.9,2.9,80.0,1.1,,,,,NE,4.5,0
11,47060,11.0,3.7,3.7,88.9,2.0,,,,,SW,3.5,0
12,47060,10.2,5.8,5.8,81.6,2.6,,,,,NE,5.0,0
13,47060,12.8,2.5,2.5,87.7,1.1,,,,,W,0.0,3
14,47060,11.2,5.1,5.1,87.7,1.6,,,,,SE,4.5,0
15,47060,6.0,3.5,3.5,73.0,4.2,,,,,NW,3.5,0
16,47060,11.0,1.9,1.9,73.7,1.9,,,,,NW,14.0,0
17,47060,9.8,2.0,2.0,81.4,1.5,,,,,W,9.0,0
18,47060,16.8,5.4,5.4,80.3,1.5,,,,,SW,6.0,0
19,47060,7.9,3.8,3.8,90.3,1.9,,,,,W,3.5,0
20,47060,5.1,3.2,3.2,83.7,6.5,,,,,NW,6.0,0
21,47060,8.9,1.7,1.7,77.4,2.9,,,,,W,13.0,0
22,47060,16.7,2.5,2.5,70.1,4.0,,,,,SE,9.0,0
23,47060,15.2,6.0,6.0,80.1,2.1,,,,,SE,9.0,0
24,47060,11.0,5.8,5.8,88.4,1.6,,,,,E,4.0,0
25,47060,16.3,3.2,3.2,86.4,1.1,,,,,NE,0.0,4
26,47060,9.4,8.0,8.0,85.2,2.1,,,,,E,5.0,0
27,47060,10.6,7.6,7.6,89.7,2.1,,,,,SW,2.5,0
28,47060,11.1,5.5,5.5,83.9,3.4,,,,,SW,1.5,0
29,47060,14.1,4.7,4.7,68.0,2.0,,,,,W,15.0,0
30,47060,18.0,5.1,5.1,69.9,1.2,,,,,E,9.0,0
31,47060,21.3,7.4,7.4,65.8,2.0,,,,,E,7.0,0
32,47060,19.6,11.6,11.6,67.2,2.4,,,,,NE,13.0,0
33,47060,12.2,9.5,9.5,86.4,3.5,,,,,NE,4.5,0
34,47060,13.8,7.2,7.2,74.8,4.2,,,,,NE,11.0,0
35,47060,16.9,5.3,5.3,73.7,2.0,,,,,W,15.0,0
36,47060,15.4,7.7,7.7,75.2,2.8,,,,,SW,9.0,0
37,47060,16.9,7.1,7.1,75.1,1.8,,,,,SW,9.0,0
38,47060,13.6,7.1,7.1,55.8,3.2,,,,,W,15.0,0
39,47060,16.0,5.2,5.2,64.3,2.0,,,,,W,13.0,0
40,47060,16.9,5.6,5.6,77.5,2.5,,,,,E,14.0,0
41,47060,17.2,7.2,7.2,82.0,1.0,,,,,S,9.0,0
42,47060,14.0,10.3,10.3,86.3,2.1,,,,,E,7.0,0
43,47060,10.1,6.2,6.2,81.6,7.1,,,,,NW,7.0,0
44,47060,10.7,3.3,3.3,74.3,4.6,,,,,NW,11.0,0
45,47060,16.6,5.3,5.3,75.1,2.0,,,,,SE,13.0,0
46,47060,13.4,9.2,9.2,74.0,5.1,,,,,SE,9.0,0
47,47060,12.6,8.1,8.1,72.1,5.2,,,,,SW,11.0,0
48,47060,13.8,6.6,6.6,76.6,3.9,,,,,NW,15.0,0
49,47060,19.3,5.9,5.9,71.3,2.0,,,,,E,11.0,0
50,47060,22.3,8.4,8.4,78.0,2.8,,,,,E,11.0,0
51,47060,24.7,10.5,10.5,77.8,1.6,,,,,E,8.0,0
52,47060,24.2,12.4,12.4,76.0,1.2,,,,,SW,12.0,0
53,47060,19.7,13.2,13.2,77.5,1.8,,,,,SW,11.0,0
54,47060,19.1,13.2,13.2,79.2,1.9,,,,,W,12.0,0
55,47060,22.4,9.8,9.8,73.7,2.5,,,,,SW,13.0,0
56,47060,20.2,9.8,9.8,76.8,2.4,,,,,E,13.0,0
57,47060,15.3,12.1,12.1,85.5,2.1,,,,,NE,12.0,0
58,47060,19.7,8.6,8.6,74.3,3.0,,,,,W,6.0,0
59,47060,17.4,8.8,8.8,78.7,1.4,,,,,NE,11.0,0
60,47060,13.4,9.4,9.4,85.8,2.9,,,,,SW,4.5,0
61,47060,10.4,7.3,7.3,85.6,3.0,,,,,W,9.0,0
62,47060,15.4,7.4,7.4,81.1,2.6,,,,,SW,11.0,0
63,47060,19.6,7.2,7.2,70.6,2.2,,,,,W,15.0,0
64,47060,13.4,10.4,10.4,86.6,1.6,,,,,E,6.0,0
65,47060,16.6,8.8,8.8,76.8,4.5,,,,,W,11.0,0
66,47060,20.6,11.8,11.8,70.6,2.2,,,,,NE,14.0,0
67,47060,15.4,13.0,13.0,75.8,7.8,,,,,W,2.5,0
68,47060,19.1,11.0,11.0,73.8,3.8,,,,,SW,4.5,0
69,47060,19.7,10.0,10.0,71.5,3.0,,,,,NW,15.0,0
70,47060,20.4,12.2,12.2,73.5,2.2,,,,,NW,15.0,0
71,47060,25.5,9.5,9.5,76.8,1.2,,,,,E,8.0,0
72,47060,21.9,14.4,14.4,76.7,2.2,,,,,NE,9.0,0
73,47060,24.1,15.6,15.6,79.4,1.4,,,,,SW,13.0,0
74,47060,26.9,15.7,15.7,79.5,1.9,,,,,E,6.0,0
75,47060,25.2,18.0,18.0,83.7,1.2,,,,,NE,7.0,0
76,47060,19.5,13.8,13.8,92.0,2.8,,,,,NE,3.5,0
77,47060,20.9,12.6,12.6,78.3,1.6,,,,,NE,13.0,0
78,47060,24.1,12.6,12.6,75.6,1.9,,,,,NE,13.0,0
79,47060,24.8,13.8,13.8,74.2,2.4,,,,,NW,11.0,0
80,47060,19.4,15.0,15.0,83.9,1.8,,,,,NE,7.0,0
81,47060,20.9,14.0,14.0,81.0,3.2,,,,,NE,6.0,0
82,47060,22.6,14.1,14.1,76.8,1.6,,,,,W,12.0,0
83,47060,24.4,15.5,15.5,79.3,1.8,,,,,SW,13.0,0
84,47060,21.3,13.9,13.9,82.8,3.0,,,,,W,5.0,0
85,47060,18.1,11.2,11.2,77.2,2.9,,,,,SW,12.0,0
86,47060,22.1,11.9,11.9,74.7,4.1,,,,,SW,13.0,0
87,47060,19.6,14.4,14.4,86.8,2.9,,,,,SW,2.1,0
88,47060,19.4,15.3,15.3,82.7,5.8,,,,,SE,6.0,0
89,47060,15.7,12.8,12.8,85.8,2.4,,,,,NW,11.0,0
90,47060,23.1,10.8,10.8,85.4,1.2,,,,,SE,0.0,2
91,47060,22.2,16.5,16.5,84.7,2.5,,,,,SE,15.0,0
92,47060,19.5,14.6,14.6,88.9,2.5,,,,,NE,9.0,0
93,47060,26.4,15.3,15.3,83.2,1.8,,,,,E,11.0,0
94,47060,20.1,16.7,16.7,90.5,2.1,,,,,SE,4.5,0
95,47060,24.2,14.0,14.0,75.6,5.4,,,,,SW,11.0,0
96,47060,25.0,14.7,14.7,73.8,3.1,,,,,SW,11.0,0
97,47060,28.0,15.7,15.7,72.4,2.8,,,,,W,13.0,0
98,47060,24.9,18.1,18.1,83.1,1.5,,,,,SE,6.0,0
99,47060,21.7,18.7,18.7,86.6,2.6,,,,,E,6.0,0
100,47060,25.5,17.6,17.6,87.2,2.0,,,,,NE,7.0,0
101,47060,22.4,18.5,18.7,90.9,2.2,,,,,SE,4.0,0
102,47060,23.6,17.8,17.8,88.0,2.6,,,,,W,5.0,0
103,47060,24.4,17.3,17.3,89.4,1.8,,,,,SW,1.5,0
104,47060,27.4,16.8,16.8,85.2,2.8,,,,,SW,0.2,1
105,47060,24.5,16.5,16.5,85.2,1.8,,,,,W,0.0,1
106,47060,22.9,19.0,19.0,88.7,1.4,,,,,E,7.0,0
107,47060,27.7,18.5,18.5,79.1,2.2,,,,,NE,15.0,0
108,47060,22.5,19.9,19.9,84.7,2.2,,,,,E,11.0,0
109,47060,21.7,18.3,18.3,87.2,2.5,,,,,SW,6.0,0
110,47060,28.5,16.2,16.2,75.3,2.4,,,,,E,11.0,0
111,47060,26.7,17.5,17.5,83.2,3.2,,,,,E,6.0,0
112,47060,27.3,17.8,17.8,83.2,2.5,,,,,NW,3.5,0
113,47060,28.3,18.9,18.9,79.9,1.6,,,,,E,12.0,0
114,47060,26.6,17.0,17.0,80.4,1.9,,,,,E,14.0,0
115,47060,26.2,18.6,18.6,80.0,2.5,,,,,W,8.0,0
116,47060,27.8,17.8,17.8,84.4,2.5,,,,,E,8.0,0
117,47060,22.4,19.8,19.8,92.1,2.1,,,,,E,5.0,0
118,47060,28.0,19.3,19.3,82.6,2.1,,,,,E,11.0,0
119,47060,26.5,20.6,20.6,85.1,1.8,,,,,NE,9.0,0
120,47060,25.3,20.3,20.3,87.9,2.1,,,,,W,5.0,0
121,47060,24.6,21.1,21.1,90.5,1.5,,,,,E,6.0,0
122,47060,27.2,20.3,20.3,86.9,1.8,,,,,SE,2.5,0
123,47060,28.6,21.2,21.2,83.6,1.2,,,,,NE,9.0,0
124,47060,25.3,19.9,19.9,87.3,3.6,,,,,E,5.0,0
125,47060,22.1,19.2,19.2,92.5,2.6,,,,,NE,4.5,0
126,47060,26.3,19.1,19.1,84.5,1.4,,,,,SW,12.0,0
127,47060,27.7,19.9,19.9,83.1,1.0,,,,,SW,11.0,0
128,47060,27.7,20.9,20.9,87.2,0.9,,,,,SW,11.0,0
129,47060,30.0,21.3,21.3,86.0,0.5,,,,,W,7.0,0
130,47060,28.6,22.9,22.9,84.3,1.4,,,,,SW,11.0,0
131,47060,27.9,22.0,22.0,85.3,2.0,,,,,SW,11.0,0
132,47060,30.1,22.2,22.2,88.2,1.6,,,,,E,6.0,0
133,47060,31.6,23.6,23.6,86.2,1.5,,,,,NE,9.0,0
134,47060,28.1,25.8,25.8,85.8,2.4,,,1,,SE,13.0,0
135,47060,28.4,26.3,26.3,86.0,1.6,,,1,,NE,13.0,0
136,47060,31.7,25.3,25.3,84.9,1.8,,,1,,NE,15.0,0
137,47060,31.6,24.3,24.3,80.7,1.5,,,,,NW,16.0,0
138,47060,31.8,23.5,23.5,79.9,1.6,,,,,NE,6.0,0
139,47060,30.2,23.6,23.6,87.0,1.5,,,,,E,12.0,0
140,47060,30.2,23.4,23.4,86.9,1.5,,,,,SE,9.0,0
141,47060,32.0,23.0,23.0,83.0,0.9,,,,,NE,5.0,0
142,47060,32.8,24.1,24.1,81.1,1.0,,,,,SW,15.0,0
143,47060,34.3,24.9,24.9,82.5,0.8,,1,,,NE,11.0,0
144,47060,34.3,25.1,25.1,83.4,1.5,,1,1,,SW,6.0,0
145,47060,34.7,25.1,25.1,80.4,0.6,,1,1,,W,11.0,0
146,47060,34.2,24.8,24.8,79.1,2.1,,1,,,W,11.0,0
147,47060,34.3,24.8,24.8,79.6,1.2,,1,,,W,9.0,0
148,47060,35.1,24.3,24.3,77.2,0.8,,1,,,W,12.0,0
149,47060,34.4,24.9,24.9,77.3,1.8,,1,,,SW,12.0,0
150,47060,35.1,24.8,24.8,79.5,1.5,,1,,,NE,12.0,0
151,47060,32.1,24.8,24.8,82.2,1.6,,,,,E,11.0,0
152,47060,31.5,25.5,25.5,83.6,0.9,,,1,,E,11.0,0
153,47060,5.8,0.3,0.3,78.8,2.9,,,,,E,8.0,0
154,47060,7.9,-1.3,-1.3,75.4,3.2,,,,,SW,14.0,0
155,47060,7.2,-0.2,-0.2,70.5,1.5,,,,,W,13.0,0
156,47060,11.2,1.2,1.2,79.0,4.2,,,,,E,5.0,0
157,47060,2.7,-0.5,-0.5,68.3,6.6,,,,,NW,9.0,0
158,47060,2.5,-0.3,-0.3,66.7,4.8,,,,,NW,16.0,0
159,47060,7.6,-3.2,-3.2,77.2,1.8,,,,,E,13.0,0
160,47060,10.4,-0.1,-0.1,82.7,1.4,,,,,E,11.0,0
161,47060,8.0,1.0,1.0,87.6,1.0,,,,,NW,0.1,2
162,47060,15.8,-0.5,-0.5,79.9,2.0,,,,,E,0.0,2
163,47060,10.7,1.9,1.9,84.2,1.2,,,,,E,0.2,1
164,47060,14.8,0.6,0.6,83.9,2.5,,,,,E,0.4,2
165,47060,12.0,6.8,6.8,89.2,1.8,,,,,SW,3.5,1
166,47060,7.0,3.8,3.8,88.8,2.8,,,,,SE,8.0,0
167,47060,9.6,0.7,0.7,81.6,2.8,,,,,NW,14.0,0
168,47060,9.4,3.1,3.1,86.6,2.5,,,,,E,6.0,0
169,47060,10.2,1.3,1.3,73.4,2.1,,,,,N,15.0,0
170,47060,9.1,3.3,3.3,76.8,2.4,,,,,NE,15.0,0
171,47060,4.7,0.0,0.0,89.3,3.0,,,,,E,2.5,0
172,47060,5.1,1.1,1.1,77.1,3.2,,,,,W,15.0,0
173,47060,8.6,-0.3,-0.3,74.4,1.8,,,,,W,7.0,0
174,47060,10.2,1.9,1.9,75.0,2.2,,,,,NW,13.0,0
175,47060,7.9,2.9,2.9,80.0,1.8,,,,,SW,15.0,0
176,47060,12.0,4.7,4.7,84.9,2.1,,,,,E,7.0,0
177,47060,9.4,6.4,6.4,86.9,3.2,,,,,E,1.5,0
178,47060,13.8,7.5,7.5,82.1,5.8,,,,,NE,4.0,0
179,47060,8.8,5.2,5.2,68.6,5.5,,,,,W,15.0,0
180,47060,13.2,2.1,2.1,68.5,1.5,,,,,W,17.0,0
181,47060,14.7,2.3,2.3,72.1,1.5,,,,,E,14.0,0
182,47060,8.4,7.6,7.6,88.5,1.6,,,,,E,4.5,0
183,47060,11.4,5.2,5.2,79.9,2.8,,,,,W,12.0,0
184,47060,10.4,4.8,4.8,63.9,3.6,,,,,N,17.0,0
185,47060,10.8,1.8,1.8,73.8,2.9,,,,,W,11.0,0
186,47060,14.0,2.9,2.9,71.3,2.1,,,,,E,11.0,0
187,47060,16.2,4.1,4.1,78.8,2.6,,,,,E,3.5,0
188,47060,15.9,5.4,5.4,75.8,1.8,,,,,SE,11.0,0
189,47060,11.0,5.5,5.5,66.9,3.5,,,,,W,14.0,0
190,47060,11.4,2.8,2.8,73.9,4.1,,,,,SW,15.0,0
191,47060,19.3,4.5,4.5,72.1,2.8,,,,,E,11.0,0
192,47060,22.5,10.8,10.8,73.1,3.0,,,,,E,14.0,0
193,47060,23.8,11.8,11.8,71.3,2.9,,,,,E,15.0,0
194,47060,24.8,12.7,12.7,76.8,2.6,,,,,E,15.0,0
195,47060,15.7,10.2,10.9,91.0,2.5,,,,,NW,6.0,0
196,47060,17.5,10.8,10.8,74.0,4.0,,,,,E,16.0,0
197,47060,18.3,9.2,9.2,65.2,3.6,,,,,NE,15.0,0
198,47060,16.1,6.4,6.4,67.4,3.0,,,,,E,11.0,0
199,47060,17.2,7.7,7.7,66.2,3.5,,,,,W,13.0,0
200,47060,19.1,8.0,8.0,67.5,3.5,,,,,W,14.0,0
201,47060,17.3,10.4,10.4,70.0,4.1,,,,,W,8.0,0
202,47060,19.1,8.0,8.0,73.8,2.1,,,,,W,9.0,0
203,47060,22.5,8.5,8.5,65.8,3.0,,,,,NE,11.0,0
204,47060,22.3,10.1,10.1,75.6,2.6,,,,,E,11.0,0
205,47060,14.8,10.8,10.8,86.3,4.1,,,,,SW,5.0,0
206,47060,21.8,7.2,7.2,74.7,2.9,,,,,NW,15.0,0
207,47060,20.7,10.0,10.0,78.2,2.2,,,,,E,11.0,0
208,47060,23.5,14.6,14.6,84.9,1.9,,,,,E,9.0,0
209,47060,22.9,12.9,12.9,82.6,3.5,,,,,NW,6.0,0
210,47060,17.5,10.8,10.8,58.1,4.5,,,,,NW,12.0,0
211,47060,19.1,9.2,9.2,71.2,2.6,,,,,W,15.0,0
212,47060,15.7,8.1,8.1,80.9,2.4,,,,,NE,9.0,0
213,47060,13.4,10.4,10.4,81.7,3.9,,,,,W,11.0,0
214,47060,15.6,8.8,8.8,76.1,4.2,,,,,W,11.0,0
215,47060,16.3,8.3,8.3,73.8,2.8,,,,,W,11.0,0
216,47060,21.1,7.6,7.6,63.4,3.9,,,,,SW,15.0,0
217,47060,25.5,11.8,11.8,71.7,3.5,,,,,E,15.0,0
218,47060,25.9,12.0,12.0,72.6,3.5,,,,,E,16.0,0
219,47060,25.1,13.0,13.0,82.4,2.9,,,,,W,8.0,0
220,47060,19.0,12.0,12.0,68.7,3.4,,,,,NW,8.0,0
221,47060,17.2,11.8,11.8,71.8,1.2,,,,,N,12.0,0
222,47060,22.2,9.0,9.0,79.5,1.9,,,,,SW,15.0,0
223,47060,22.5,10.6,10.6,78.7,2.4,,,,,E,12.0,0
224,47060,17.5,13.3,13.3,78.4,1.6,,,,,WSW,11.0,0
225,47060,20.4,11.0,11.0,79.0,1.4,,,,,NW,11.0,0
226,47060,17.5,13.0,13.0,79.3,2.1,,,,,W,8.0,0
227,47060,16.3,10.4,10.4,75.5,4.5,,,,,W,11.0,0
228,47060,19.5,9.5,9.5,68.5,3.4,,,,,SW,16.0,0
229,47060,20.7,9.6,9.6,70.9,2.5,,,,,W,11.0,0
230,47060,24.7,12.4,12.4,76.8,2.6,,,,,E,8.0,0
231,47060,22.7,15.0,15.0,85.7,2.5,,,,,E,8.0,0
232,47060,26.4,13.4,13.4,80.9,2.1,,,,,E,11.0,0
233,47060,24.6,14.0,14.0,79.2,2.5,,,,,SE,12.0,0
234,47060,24.5,14.1,14.1,80.8,2.5,,,,,SE,3.5,0
235,47060,25.1,14.9,14.9,82.9,2.2,,,,,W,8.0,0
236,47060,29.7,16.3,16.3,80.1,2.1,,,,,E,8.0,0
237,47060,27.1,16.9,16.9,72.1,3.2,,,,,SE,14.0,0
238,47060,24.1,14.6,14.6,83.5,2.2,,,,,SW,9.0,0
239,47060,20.3,12.6,12.6,80.8,4.2,,,,,SW,11.0,0
240,47060,22.8,12.9,12.9,80.6,1.9,,,,,SW,14.0,0
241,47060,30.0,15.6,15.6,76.0,2.6,,,,,E,16.0,0
242,47060,23.7,18.0,18.0,84.2,2.0,,,,,E,5.0,0
243,47060,20.7,17.1,17.1,84.8,2.1,,,,,W,2.5,0
244,47060,26.3,14.5,14.5,74.0,1.8,,,,,SW,15.0,0
245,47060,25.0,14.8,14.8,81.2,2.5,,,,,E,6.0,0
246,47060,25.0,15.3,15.3,81.5,2.0,,,,,W,13.0,0
247,47060,27.8,17.7,17.7,80.0,1.6,,,,,NE,8.0,0
248,47060,25.3,19.1,19.1,82.5,0.9,,,,,SE,15.0,0
249,47060,24.1,19.3,19.3,84.4,1.6,,,,,SW,9.0,0
250,47060,22.8,16.0,16.0,79.2,3.9,,,,,E,8.0,0
251,47060,22.1,13.4,13.4,76.7,2.8,,,,,E,17.0,0
252,47060,24.7,14.8,14.8,75.2,2.0,,,,,E,15.0,0
253,47060,20.5,17.1,17.1,89.4,1.9,,,,,W,9.0,0
254,47060,19.4,16.8,16.8,89.5,1.2,,,,,E,4.1,0
255,47060,26.9,16.7,16.7,81.5,1.4,,,,,NE,11.0,0
256,47060,26.6,18.1,18.1,81.6,1.9,,,,,NE,15.0,0
257,47060,24.7,18.4,18.4,88.0,1.4,,,,,NE,9.0,0
258,47060,24.6,17.5,17.5,77.8,4.0,,,,,E,13.0,0
259,47060,20.2,14.0,14.0,87.1,2.5,,,,,E,3.5,0
260,47060,23.8,15.7,15.7,84.0,2.8,,,,,SW,9.0,0
261,47060,27.1,17.1,17.1,84.7,1.6,,,,,E,13.0,0
262,47060,24.5,20.4,20.4,86.2,0.9,,,,,NE,13.0,0
263,47060,25.5,20.3,20.3,88.0,1.6,,,,,E,11.0,0
264,47060,29.0,21.3,21.3,83.4,1.5,,,,,SE,11.0,0
265,47060,29.2,21.0,21.0,83.9,1.5,,,,,SW,7.0,0
266,47060,29.7,21.1,21.1,82.7,1.6,,,,,NW,8.0,0
267,47060,23.3,21.9,21.9,92.4,2.8,,,,,E,4.1,0
268,47060,25.7,19.7,19.7,87.5,3.2,,,,,W,2.0,0
269,47060,31.9,19.9,19.9,80.4,2.1,,,,,NE,8.0,0
270,47060,26.5,20.5,20.5,91.5,4.4,,,,,NE,3.0,0
271,47060,24.5,22.9,22.9,91.6,1.6,,,,,SE,12.0,0
272,47060,24.5,23.1,23.1,95.5,2.5,,,,,SE,4.0,0
273,47060,28.5,22.8,22.8,92.2,1.5,,,,,SE,4.0,0
274,47060,27.9,23.4,23.4,87.3,1.1,,,,,E,13.0,0
275,47060,28.2,22.7,22.7,87.5,1.8,,,,,E,12.0,0
276,47060,27.8,23.1,23.1,85.2,1.5,,,,,E,14.0,0
277,47060,28.7,21.5,21.5,85.0,1.4,,,,,SW,14.0,0
278,47060,30.5,21.9,21.9,84.2,0.6,,,,,SE,11.0,0
279,47060,32.0,23.7,23.7,81.7,1.5,,,,,SSW,13.0,0
280,47060,30.7,24.6,24.6,84.8,0.9,,,,,E,13.0,0
281,47060,27.1,25.1,25.1,90.7,1.4,,,1,,E,6.0,0
282,47060,24.4,21.8,21.8,91.0,0.8,,,,,SW,8.0,0
283,47060,31.1,21.4,21.4,85.9,0.6,,,,,SW,0.0,4
284,47060,32.2,24.4,24.4,85.3,0.8,,,,,E,6.0,0
285,47060,30.3,22.8,22.8,83.1,0.6,,,,,SW,12.0,0
286,47060,27.1,22.7,22.7,84.9,1.4,,,,,E,14.0,0
287,47060,25.2,22.4,22.4,94.8,2.9,,,,,E,7.0,0
288,47060,26.9,20.2,20.2,89.5,2.6,,,,,W,7.0,0
289,47060,28.5,22.0,22.0,84.5,2.1,,,,,W,11.0,0
290,47060,27.1,22.1,22.1,87.7,1.0,,,,,W,8.0,0
291,47060,28.9,21.8,21.8,83.9,1.6,,,,,W,11.0,0
292,47060,29.5,23.6,23.6,82.8,1.1,,,,,NW,8.0,0
293,47060,29.7,22.6,22.6,85.7,1.9,,,,,W,6.0,0
294,47060,27.9,24.1,24.1,84.9,1.4,,,,,SW,13.0,0
295,47060,28.9,21.3,21.3,83.1,1.2,,,,,NW,11.0,0
296,47060,30.0,22.9,22.9,84.6,3.0,,,,,W,8.0,0
297,47060,26.1,22.6,22.6,88.2,1.4,,,,,E,9.0,0
298,47060,27.7,21.0,21.0,87.1,1.4,,,,,E,11.0,0
299,47060,30.7,21.7,21.7,83.0,1.1,,,,,W,13.0,0
300,47060,32.3,22.2,22.2,82.9,1.1,,,,,NW,8.0,0
301,47060,31.3,24.7,24.7,83.9,0.2,,,,,E,7.0,0
302,47060,30.1,24.6,24.6,85.7,1.1,,,,,E,8.0,0
303,47060,30.5,25.1,25.1,83.3,1.9,,,1,,E,13.0,0
304,47060,33.4,23.6,23.6,86.0,2.1,,1,,,NE,9.0,0
305,47060,28.3,24.0,24.0,91.5,2.1,,,,,NE,8.0,0
306,47060,7.4,1.1,1.1,78.2,2.5,,,,,NW,0.2,1
307,47060,4.2,-0.1,-0.1,63.5,3.1,,,,,NW,18.0,0
308,47060,11.2,-2.3,-2.3,81.3,2.1,,,,,E,13.0,0
309,47060,11.8,2.1,2.1,85.3,2.1,,,,,SE,4.5,0
310,47060,13.0,1.3,1.3,83.3,0.8,,,,,SE,5.0,0
311,47060,16.3,2.1,2.1,74.0,2.5,,,,,E,11.0,0
312,47060,14.0,5.1,5.1,85.7,1.0,,,,,SE,9.0,0
313,47060,13.6,5.4,5.4,85.3,2.8,,,,,E,5.0,0
314,47060,12.2,5.6,5.6,89.3,2.0,,,,,W,1.5,0
315,47060,17.7,4.3,4.3,84.5,2.2,,,,,SE,7.0,0
316,47060,16.0,8.4,8.4,87.8,2.4,,,,,SE,5.0,0
317,47060,6.7,1.1,1.1,80.6,4.1,,,,,W,6.0,0
318,47060,6.2,-1.8,-1.8,68.5,3.2,,,,,W,14.0,0
319,47060,12.6,4.7,4.7,80.5,2.8,,,,,E,14.0,0
320,47060,8.6,3.3,3.3,79.2,2.9,,,,,SE,12.0,0
321,47060,6.7,0.1,0.1,66.1,1.9,,,,,W,15.0,0
322,47060,9.0,0.1,0.1,70.9,1.8,,,,,NW,11.0,0
323,47060,9.6,1.1,1.1,77.2,2.2,,,,,NW,12.0,0
324,47060,14.1,0.9,0.9,78.6,1.2,,,,,E,7.0,0
325,47060,14.9,1.9,1.9,77.7,1.5,,,,,SW,7.0,0
326,47060,15.7,3.7,3.7,76.3,0.8,,,,,S,6.0,0
327,47060,13.4,4.9,4.9,79.7,0.4,,,,,SW,8.0,0
328,47060,15.5,7.8,7.8,72.1,3.2,,,,,NW,7.0,0
329,47060,8.4,2.9,2.9,65.7,4.6,,,,,NW,8.0,0
330,47060,11.4,2.1,2.1,78.5,1.2,,,,,NW,12.0,0
331,47060,8.4,3.3,3.3,64.6,3.0,,,,,NW,15.0,0
332,47060,10.8,1.6,1.6,74.8,1.2,,,,,NW,14.0,0
333,47060,14.0,2.5,2.5,75.2,1.8,,,,,E,11.0,0
334,47060,17.9,3.7,3.7,72.4,1.0,,,,,E,3.5,0
335,47060,17.9,5.7,5.7,71.5,2.0,,,,,SE,12.0,0
336,47060,19.9,5.7,5.7,72.8,0.9,,,,,W,11.0,0
337,47060,21.0,6.0,6.0,71.3,1.0,,,,,SW,8.0,0
338,47060,24.5,8.3,8.3,71.2,1.2,,,,,E,12.0,0
339,47060,23.3,9.0,9.0,73.7,1.5,,,,,E,11.0,0
340,47060,17.8,11.2,11.2,75.7,0.9,,,,,NE,8.0,0
341,47060,12.5,9.2,9.2,91.0,3.5,,,,,SE,4.5,0
342,47060,9.1,7.6,7.6,87.3,1.8,,,,,W,4.5,0
343,47060,9.2,5.8,5.8,73.2,4.4,,,,,NW,9.0,0
344,47060,11.0,5.1,5.1,69.7,2.2,,,,,NW,14.0,0
345,47060,18.5,3.5,3.5,73.2,3.0,,,,,E,15.0,0
346,47060,18.1,8.1,8.1,80.5,4.4,,,,,SE,12.0,0
347,47060,13.6,10.4,10.4,80.4,5.4,,,,,SE,4.5,0
348,47060,15.0,5.6,5.6,60.3,4.8,,,,,SW,11.0,0
349,47060,17.3,7.0,7.0,62.4,1.9,,,,,E,11.0,0
350,47060,16.5,9.7,9.7,79.0,0.9,,,,,E,12.0,0
351,47060,12.5,8.8,8.8,87.9,1.2,,,,,W,2.0,0
352,47060,14.8,8.3,8.3,76.9,2.6,,,,,W,8.0,0
353,47060,16.1,6.2,6.2,76.4,0.9,,,,,E,12.0,0
354,47060,19.2,10.2,10.2,81.1,2.2,,,,,NE,12.0,0
355,47060,20.5,8.0,8.0,78.4,1.9,,,,,W,8.0,0
356,47060,17.3,11.4,11.4,84.1,1.5,,,,,NW,6.0,0
357,47060,17.5,10.9,10.9,56.2,5.6,,,,,NW,11.0,0
358,47060,19.9,11.0,11.0,47.7,2.5,,,,,NE,13.0,0
359,47060,20.1,9.2,9.2,63.5,2.0,,,,,N,15.0,0
360,47060,19.1,10.2,10.2,62.0,2.2,,,,,NW,16.0,0
361,47060,13.0,9.2,9.2,79.0,2.2,,,,,SW,13.0,0
362,47060,12.5,6.8,6.8,82.0,3.8,,,,,SW,9.0,0
363,47060,20.1,4.9,4.9,73.7,1.2,,,,,E,12.0,0
364,47060,19.3,6.8,6.8,75.3,1.2,,,,,E,14.0,0
365,47060,14.1,9.4,9.6,90.4,4.6,,,,,S,9.0,0
366,47060,18.3,7.2,7.2,78.2,2.4,,,,,NW,9.0,0
367,47060,21.3,8.2,8.2,72.9,2.0,,,,,W,13.0,0
368,47060,22.5,9.9,9.9,72.4,2.2,,,,,E,14.0,0
369,47060,25.7,11.7,11.7,72.2,1.4,,,,,E,14.0,0
370,47060,21.9,14.5,14.5,85.7,0.8,,,,,SE,9.0,0
371,47060,17.6,14.4,14.4,95.3,2.0,,,,,NE,6.0,0
372,47060,18.8,13.4,13.4,77.9,4.6,,,,,NE,12.0,0
373,47060,20.9,10.5,10.5,68.3,2.5,,,,,NE,15.0,0
374,47060,21.1,10.6,10.6,74.2,1.8,,,,,W,11.0,0
375,47060,22.1,12.0,12.0,70.0,1.6,,,,,NW,12.0,0
376,47060,24.4,11.2,11.2,70.8,1.1,,,,,W,12.0,0
377,47060,24.0,11.9,11.9,70.4,2.1,,,,,W,14.0,0
378,47060,24.5,12.8,12.8,76.2,1.5,,,,,W,11.0,0
379,47060,18.9,12.0,12.0,84.8,0.2,,,,,NE,13.0,0
380,47060,22.9,11.8,11.8,82.5,0.9,,,,,W,11.0,0
381,47060,25.8,13.6,13.6,79.0,1.8,,,,,NE,13.0,0
382,47060,30.1,15.5,15.5,78.9,3.1,,,,,NE,9.0,0
383,47060,24.7,16.1,16.1,83.8,4.0,,,,,SW,15.0,0
384,47060,22.5,17.3,17.3,87.1,1.8,,,,,W,15.0,0
385,47060,25.7,14.8,14.8,82.1,2.2,,,,,NE,11.0,0
386,47060,24.5,16.3,16.3,82.1,2.8,,,,,SW,9.0,0
387,47060,20.5,14.6,14.6,78.1,3.2,,,,,W,6.0,0
388,47060,24.7,15.9,15.9,69.5,1.9,,,,,NW,6.0,0
389,47060,23.5,13.6,13.6,73.1,1.8,,,,,W,14.0,0
390,47060,26.1,13.8,13.8,71.1,2.1,,,,,SW,13.0,0
391,47060,23.9,15.0,15.0,72.2,3.1,,,,,SE,13.0,0
392,47060,24.1,16.1,16.1,81.2,0.6,,,,,E,13.0,0
393,47060,17.9,15.3,15.3,91.0,1.5,,,,,E,7.0,0
394,47060,20.7,17.8,17.8,93.3,1.0,,,,,E,9.0,0
395,47060,26.8,19.1,19.1,85.7,1.0,,,,,SW,8.0,0
396,47060,25.3,18.1,18.1,77.4,1.6,,,,,NE,12.0,0
397,47060,24.9,15.7,15.7,83.6,1.4,,,,,E,11.0,0
398,47060,26.1,18.7,18.7,82.9,1.4,,,,,SW,9.0,0
399,47060,24.1,17.5,17.5,81.7,1.6,,,,,NW,8.0,0
400,47060,23.6,16.6,16.6,76.2,3.2,,,,,SW,15.0,0
401,47060,26.9,17.1,17.1,78.6,2.4,,,,,W,13.0,0
402,47060,25.6,17.3,17.3,77.9,3.6,,,,,SW,14.0,0
403,47060,23.2,18.6,18.6,81.8,3.9,,,,,SW,13.0,0
404,47060,25.4,17.6,17.6,85.0,1.8,,,,,NE,14.0,0
405,47060,22.3,18.0,18.0,89.0,1.8,,,,,SE,12.0,0
406,47060,27.3,15.6,15.6,81.0,0.5,,,,,NE,13.0,0
407,47060,25.1,17.5,18.5,82.0,1.6,,,,,E,11.0,0
408,47060,24.5,15.3,15.3,83.7,0.2,,,,,N,8.0,0
409,47060,26.0,16.6,16.6,80.5,1.8,,,,,W,12.0,0
410,47060,24.1,16.9,16.9,83.6,1.5,,,,,NW,13.0,0
411,47060,24.6,16.3,16.3,82.1,0.9,,,,,NW,11.0,0
412,47060,27.3,17.3,17.3,83.3,1.0,,,,,SW,8.0,0
413,47060,28.6,17.8,17.8,79.9,0.4,,,,,SW,11.0,0
414,47060,28.5,19.0,19.0,80.5,2.1,,,,,NW,12.0,0
415,47060,26.9,18.7,18.7,85.7,2.4,,,,,W,11.0,0
416,47060,30.1,19.9,19.9,81.5,2.4,,,,,SE,9.0,0
417,47060,23.5,20.3,20.3,90.8,0.9,,,,,SE,7.0,0
418,47060,22.3,18.4,18.4,90.5,0.4,,,,,NE,5.0,0
419,47060,24.5,18.1,18.1,88.5,3.1,,,,,NW,8.0,0
420,47060,29.9,19.9,19.9,80.8,1.8,,,,,SW,11.0,0
421,47060,31.3,21.1,21.1,83.6,1.2,,,,,SW,11.0,0
422,47060,30.2,20.5,20.5,84.7,0.8,,,,,NE,7.0,0
423,47060,24.3,21.3,22.7,91.5,1.6,,,,,E,5.0,0
424,47060,28.6,20.5,20.5,86.9,4.8,,,,,SW,11.0,0
425,47060,28.9,20.5,20.5,86.4,1.9,,,,,E,11.0,0
426,47060,23.3,21.4,22.3,93.0,2.6,,,,,NE,7.0,0
427,47060,29.7,19.3,19.3,84.9,1.0,,,,,NE,12.0,0
428,47060,31.1,21.3,21.3,85.9,1.0,,,,,SW,9.0,0
429,47060,29.0,22.4,22.4,90.1,0.1,,,,,NE,7.0,0
430,47060,31.3,22.4,22.4,87.7,0.9,,,,,S,7.0,0
431,47060,26.3,23.8,23.8,92.7,2.1,,,,,SE,5.0,0
432,47060,29.2,20.9,20.9,87.3,5.9,,,,,W,8.0,0
433,47060,31.7,22.5,22.5,84.4,3.1,,,,,SE,9.0,0
434,47060,30.6,22.5,22.5,86.6,3.0,,,,,NE,8.0,0
435,47060,28.9,22.9,22.9,85.7,1.4,,,,,NW,9.0,0
436,47060,27.9,20.7,20.7,89.2,1.2,,,,,E,11.0,0
437,47060,30.7,23.7,23.7,85.7,1.9,,,,,SE,9.0,0
438,47060,28.2,24.1,24.1,89.5,0.9,,,,,SE,11.0,0
439,47060,28.9,23.1,23.1,87.8,1.5,,,,,E,8.0,0
440,47060,25.1,23.7,23.7,91.6,1.9,,,,,E,5.0,0
441,47060,25.5,23.9,23.9,91.8,3.6,,,,,SW,7.0,0
442,47060,32.0,23.9,23.9,88.2,2.0,,,,,SW,8.0,0
443,47060,29.5,22.3,22.3,86.3,1.5,,,,,SW,12.0,0
444,47060,29.1,22.1,22.1,85.3,1.4,,,,,SE,14.0,0
445,47060,30.1,20.9,20.9,85.0,0.9,,,,,E,11.0,0
446,47060,29.5,21.9,21.9,88.5,1.9,,,,,SW,6.0,0
447,47060,31.5,22.5,22.5,81.6,1.6,,,,,W,12.0,0
448,47060,33.2,21.9,21.9,81.6,0.9,,1,,,E,11.0,0
449,47060,29.5,23.3,23.3,88.2,2.1,,,,,E,5.0,0
450,47060,30.3,24.3,24.3,89.7,2.0,,,,,SW,6.0,0
451,47060,29.3,24.1,24.1,88.7,1.2,,,,,E,12.0,0
452,47060,30.9,23.6,23.6,88.4,1.0,,,,,E,12.0,0
453,47060,24.9,23.3,23.3,93.4,1.5,,,,,E,6.0,0
454,47060,31.5,23.1,23.1,88.1,1.1,,,,,E,11.0,0
455,47060,31.3,24.7,24.7,87.0,1.1,,,,,E,11.0,0
456,47060,27.7,25.3,25.3,92.8,1.2,,,1,,E,11.0,0
457,47060,31.5,24.7,24.7,88.5,0.6,,,,,E,11.0,0
458,47060,31.6,25.3,25.3,86.6,0.6,,,1,,W,11.0,0
459,47060,-2.6,-6.6,-6.6,66.8,6.5,,,,,NW,12.0,0
460,47060,4.3,-5.5,-5.5,77.8,3.9,,,,,SW,12.0,0
461,47060,5.2,-1.6,-1.6,77.4,1.6,,,,,W,9.0,0
462,47060,7.0,-2.0,-2.0,75.0,1.4,,,,,E,12.0,0
463,47060,10.3,1.8,1.8,71.7,1.5,,,,,NE,11.0,0
464,47060,7.4,1.8,1.8,79.1,2.5,,,,,W,11.0,0
465,47060,5.1,-0.6,-0.6,80.6,2.9,,,,,W,8.0,0
466,47060,2.8,1.3,1.3,73.5,6.1,,,,,NW,8.0,0
467,47060,3.5,-2.4,-2.4,72.1,2.9,,,,,W,15.0,0
468,47060,10.5,-2.5,-2.5,79.8,2.1,,,,,E,13.0,0
469,47060,9.6,2.7,2.7,85.4,2.2,,,,,NE,9.0,0
470,47060,8.6,2.9,2.9,80.4,2.1,,,,,NW,9.0,0
471,47060,10.9,1.7,1.7,78.7,3.2,,,,,SW,11.0,0
472,47060,14.2,2.7,2.7,74.9,2.2,,,,,W,11.0,0
473,47060,14.2,7.8,7.8,72.0,2.9,,,,,SW,5.0,0
474,47060,13.0,4.3,4.3,81.8,2.0,,,,,SE,4.0,0
475,47060,9.4,4.1,4.1,75.3,4.9,,,,,NW,9.0,0
476,47060,11.3,0.5,0.5,67.8,2.4,,,,,W,11.0,0
477,47060,8.0,2.6,2.6,86.3,4.1,,,,,NW,8.0,0
478,47060,5.3,2.1,2.1,76.5,4.4,,,,,NW,11.0,0
479,47060,11.2,1.9,1.9,76.1,1.5,,,,,W,13.0,0
480,47060,9.9,3.9,3.9,83.7,2.5,,,,,E,11.0,0
481,47060,14.2,6.0,6.0,84.7,2.0,,,,,NW,5.0,0
482,47060,19.9,5.4,5.4,80.6,1.9,,,,,E,11.0,0
483,47060,12.8,7.8,7.8,82.4,2.4,,,,,E,11.0,0
484,47060,11.0,2.8,2.8,87.6,3.0,,,,,NE,11.0,0
485,47060,15.3,3.8,3.8,80.5,2.0,,,,,E,9.0,0
486,47060,11.0,6.8,6.8,88.8,3.2,,,,,SW,8.0,0
487,47060,8.4,2.0,2.0,84.2,3.5,,,,,W,8.0,0
488,47060,10.6,2.9,2.9,76.3,2.6,,,,,W,12.0,0
489,47060,12.0,3.5,3.5,75.2,1.9,,,,,NE,11.0,0
490,47060,14.0,3.1,3.1,76.3,1.2,,,,,E,12.0,0
491,47060,20.1,6.1,6.1,75.2,2.0,,,,,NE,11.0,0
492,47060,17.5,9.6,9.6,77.1,2.6,,,,,NE,11.0,0
493,47060,19.1,9.5,9.5,64.3,3.0,,,,,N,14.0,0
494,47060,16.3,7.2,7.2,78.6,1.4,,,,,SW,12.0,0
495,47060,17.9,5.8,5.8,74.5,2.8,,,,,E,11.0,0
496,47060,21.1,7.2,7.2,75.6,2.4,,,,,E,12.0,0
497,47060,19.7,9.3,9.3,85.8,1.8,,,,,NE,7.0,0
498,47060,17.3,7.0,7.0,71.7,2.2,,,,,NE,13.0,0
499,47060,18.3,7.8,7.8,81.5,2.4,,,,,NE,11.0,0
500,47060,21.1,10.0,10.0,80.3,1.6,,,,,E,11.0,0
501,47060,23.6,9.9,9.9,75.5,2.4,,,,,W,11.0,0
502,47060,22.7,10.4,10.4,80.9,1.1,,,,,W,6.0,0
503,47060,27.1,10.2,10.2,80.2,1.8,,,,,E,3.0,0
504,47060,14.8,11.2,13.3,89.4,2.4,,,,,W,5.0,0
505,47060,15.4,10.1,10.1,87.9,1.9,,,,,W,3.0,0
506,47060,19.9,9.4,9.4,80.0,1.0,,,,,W,8.0,0
507,47060,23.6,9.8,9.8,76.8,2.2,,,,,W,11.0,0
508,47060,23.5,11.2,11.2,78.9,0.8,,,,,NE,8.0,0
509,47060,17.5,12.6,12.6,87.1,1.1,,,,,E,9.0,0
510,47060,21.3,10.6,10.6,83.4,1.9,,,,,SE,12.0,0
511,47060,21.9,13.2,13.2,80.8,2.2,,,,,NE,13.0,0
512,47060,20.1,12.6,12.6,81.3,1.2,,,,,NE,11.0,0
513,47060,15.5,9.8,9.8,88.4,2.8,,,,,NE,8.0,0
514,47060,20.9,9.6,9.6,86.4,1.5,,,,,E,7.0,0
515,47060,23.7,11.0,11.0,78.1,2.0,,,,,E,12.0,0
516,47060,22.1,10.8,10.8,76.5,2.0,,,,,SW,7.0,0
517,47060,25.9,11.0,11.0,81.2,2.0,,,,,W,12.0,0
518,47060,25.5,11.6,11.6,77.9,1.9,,,,,NE,13.0,0
519,47060,19.1,11.1,11.1,76.8,3.2,,,,,NW,15.0,0
520,47060,21.9,9.8,9.8,72.6,3.0,,,,,NE,13.0,0
521,47060,22.1,10.6,10.6,73.2,2.1,,,,,W,15.0,0
522,47060,24.7,11.5,11.5,71.8,1.6,,,,,SW,11.0,0
523,47060,26.4,11.4,11.4,74.7,1.8,,,,,E,12.0,0
524,47060,17.7,14.4,14.4,89.3,1.8,,,,,E,4.5,0
525,47060,14.4,13.2,13.2,94.8,2.2,,,,,SW,6.0,0
526,47060,17.5,13.0,13.0,88.4,1.1,,,,,NE,8.0,0
527,47060,18.7,12.4,12.4,78.3,2.4,,,,,SW,12.0,0
528,47060,21.3,10.2,10.2,79.2,2.2,,,,,SW,8.0,0
529,47060,23.3,12.8,12.8,79.9,1.5,,,,,E,9.0,0
530,47060,16.2,11.9,11.9,90.3,3.5,,,,,NE,8.0,0
531,47060,18.7,11.0,11.0,77.2,2.4,,,,,W,12.0,0
532,47060,23.2,10.6,10.6,73.2,2.8,,,,,W,12.0,0
533,47060,25.7,13.3,13.3,75.8,2.2,,,,,E,15.0,0
534,47060,16.7,10.0,10.0,88.5,3.0,,,,,NW,11.0,0
535,47060,19.5,9.2,9.2,75.5,2.6,,,,,W,14.0,0
536,47060,26.3,11.2,11.2,78.3,2.4,,,,,E,13.0,0
537,47060,24.5,15.3,15.3,82.1,2.0,,,,,NE,12.0,0
538,47060,25.5,16.5,16.5,83.0,1.4,,,,,NE,12.0,0
539,47060,20.3,16.7,16.7,86.7,2.5,,,,,W,11.0,0
540,47060,23.0,13.8,13.8,86.7,2.9,,,,,W,3.8,0
541,47060,21.3,14.8,14.8,88.4,2.5,,,,,W,1.7,0
542,47060,23.1,14.2,14.2,88.7,1.6,,,,,NW,8.0,0
543,47060,23.5,15.0,15.0,86.3,1.9,,,,,W,5.0,0
544,47060,22.8,16.9,16.9,84.3,2.2,,,,,W,8.0,0
545,47060,18.9,14.6,14.6,90.2,2.6,,,,,E,6.0,0
546,47060,21.1,13.4,13.4,80.2,3.4,,,,,W,11.0,0
547,47060,24.9,14.3,14.3,80.7,2.2,,,,,NE,14.0,0
548,47060,27.9,14.0,14.0,73.5,2.6,,,,,SW,15.0,0
549,47060,23.1,15.6,15.6,80.5,1.8,,,,,E,13.0,0
550,47060,22.2,15.3,15.3,84.9,2.5,,,,,W,11.0,0
551,47060,23.3,14.7,14.7,79.3,2.8,,,,,NW,11.0,0
552,47060,25.3,14.8,14.8,77.8,2.2,,,,,W,11.0,0
553,47060,26.5,14.4,14.4,77.8,2.0,,,,,W,13.0,0
554,47060,26.9,15.9,15.9,78.1,2.8,,,,,SW,12.0,0
555,47060,27.6,16.0,16.0,77.1,1.9,,,,,W,12.0,0
556,47060,27.1,17.1,17.1,78.7,1.8,,,,,SW,13.0,0
557,47060,26.1,16.3,16.3,82.4,1.4,,,,,W,12.0,0
558,47060,24.1,17.7,17.7,88.6,1.8,,,,,NE,8.0,0
559,47060,26.2,17.8,17.8,86.7,1.4,,,,,E,7.0,0
560,47060,26.9,18.4,18.4,87.4,1.6,,,,,E,3.5,0
561,47060,31.5,19.6,19.6,85.1,1.8,,,,,E,6.0,0
562,47060,25.5,20.3,20.3,84.8,2.0,,,,,E,12.0,0
563,47060,28.1,18.8,18.8,85.8,1.2,,,,,SW,7.0,0
564,47060,27.6,20.5,20.5,89.2,2.2,,,,,SW,11.0,0
565,47060,25.3,20.1,20.1,88.6,2.4,,,,,W,11.0,0
566,47060,27.5,18.3,18.3,80.3,2.9,,,,,W,9.0,0
567,47060,31.0,17.8,17.8,74.6,1.9,,,,,E,14.0,0
568,47060,31.7,20.1,20.1,75.4,2.5,,,,,W,14.0,0
569,47060,32.7,20.9,20.9,76.3,2.0,,,,,E,12.0,0
570,47060,32.3,20.1,20.1,77.3,2.0,,,,,E,12.0,0
571,47060,29.7,20.2,20.2,82.2,2.1,,,,,SW,15.0,0
572,47060,27.3,22.9,22.9,89.7,1.4,,,,,E,8.0,0
573,47060,27.1,18.7,18.7,90.4,2.5,,,,,W,3.0,0
574,47060,24.3,18.1,18.1,86.7,2.5,,,,,NW,9.0,0
575,47060,25.1,19.0,19.0,78.8,2.6,,,,,W,15.0,0
576,47060,31.7,18.9,18.9,77.0,2.1,,,,,NW,14.0,0
577,47060,30.9,19.4,19.4,79.9,1.4,,,,,W,12.0,0
578,47060,30.8,19.1,19.1,79.7,1.5,,,,,W,12.0,0
579,47060,29.7,19.4,19.4,83.5,0.8,,,,,NE,12.0,0
580,47060,26.7,20.9,20.9,91.4,3.6,,,,,NW,4.0,0
581,47060,30.1,21.6,21.6,88.5,1.8,,,,,W,11.0,0
582,47060,24.1,21.2,23.0,92.8,2.9,,,,,E,11.0,0
583,47060,24.9,22.1,22.1,88.4,7.2,,,,,SW,12.0,0
584,47060,26.3,20.1,20.1,91.0,1.5,,,,,SE,5.0,0
585,47060,26.6,20.7,20.7,90.2,3.4,,,,,W,7.0,0
586,47060,27.6,20.9,20.9,92.6,5.2,,,,,E,8.0,0
587,47060,29.6,20.7,20.7,87.3,1.4,,,,,SW,11.0,0
588,47060,28.6,23.1,23.1,87.9,1.6,,,,,NW,7.0,0
589,47060,28.5,22.5,22.5,92.4,1.9,,,,,W,3.5,0
590,47060,29.5,22.9,22.9,87.7,2.4,,,,,NE,7.0,0
591,47060,30.1,21.8,21.8,87.2,1.9,,,,,W,7.0,0
592,47060,30.0,22.1,22.1,87.5,2.0,,,,,W,6.0,0
593,47060,31.1,21.7,21.7,89.0,1.6,,,,,NE,6.0,0
594,47060,31.0,21.7,21.7,87.8,1.2,,,,,NE,8.0,0
595,47060,31.3,23.6,23.6,84.9,2.0,,,,,SE,12.0,0
596,47060,28.1,24.4,24.4,91.4,1.2,,,,,E,12.0,0
597,47060,26.9,23.8,23.8,92.8,2.4,,,,,E,9.0,0
598,47060,28.8,23.7,23.7,92.2,1.8,,,,,SW,1.7,0
599,47060,30.6,21.8,21.8,88.2,1.1,,,,,NE,9.0,0
600,47060,27.1,24.3,24.5,93.2,2.1,,,,,E,4.0,0
601,47060,30.5,21.5,21.5,92.1,3.5,,,,,SW,7.0,0
602,47060,29.1,25.3,25.3,92.5,3.8,,,1,,SE,7.0,0
603,47060,29.3,23.8,23.8,91.6,3.0,,,,,SW,9.0,0
604,47060,30.3,24.3,24.3,91.9,1.0,,,,,E,12.0,0
605,47060,30.5,25.7,25.7,90.4,0.9,,,1,,E,11.0,0
606,47060,29.8,25.1,25.1,94.0,2.2,,,1,,E,12.0,0
607,47060,29.5,26.1,26.1,94.1,1.0,,,1,,SW,12.0,0
608,47060,29.2,27.6,27.6,92.8,3.8,,,1,,SW,12.0,0
609,47060,29.1,25.5,25.5,94.7,3.0,,,1,,SW,8.0,0
610,47060,32.3,25.3,25.3,90.4,1.0,,,1,,W,5.0,0
611,47060,32.1,25.4,25.4,89.9,1.4,,,1,,NE,11.0,0
612,47060,11.0,1.9,1.9,90.9,1.4,,,,,E,0.0,3
613,47060,8.4,0.8,0.8,90.6,1.4,,,,,E,0.0,2
614,47060,7.0,1.3,1.3,81.7,2.6,,,,,E,8.0,0
615,47060,2.1,-0.3,-0.3,83.2,3.0,,,,,NE,13.0,0
616,47060,6.4,0.1,0.1,82.5,2.6,,,,,NE,13.0,0
617,47060,6.8,-0.3,-0.3,78.0,2.0,,,,,NW,11.0,0
618,47060,7.5,0.1,0.1,75.1,1.2,,,,,N,11.0,0
619,47060,8.8,0.5,0.5,81.5,1.4,,,,,W,11.0,0
620,47060,12.1,-0.3,-0.3,86.2,1.1,,,,,E,6.0,0
621,47060,13.0,1.1,1.1,89.0,0.8,,,,,E,3.0,0
622,47060,14.2,3.1,3.1,87.7,1.4,,,,,E,8.0,0
623,47060,9.2,4.5,4.5,91.4,2.1,,,,,W,4.5,0
624,47060,12.3,3.7,3.7,83.0,2.2,,,,,SW,8.0,0
625,47060,13.6,3.6,3.6,78.8,1.4,,,,,SW,11.0,0
626,47060,13.6,5.1,5.1,84.5,2.1,,,,,SW,12.0,0
627,47060,5.2,1.3,1.3,84.1,5.1,,,,,NW,13.0,0
628,47060,3.5,-0.9,-0.9,82.8,1.8,,,,,NW,6.0,0
629,47060,2.3,-2.0,-2.0,87.3,3.8,,,,,NE,4.5,0
630,47060,5.4,-0.9,-0.9,83.3,1.4,,,,,W,14.0,0
631,47060,13.8,0.3,0.3,77.2,3.0,,,,,E,11.0,0
632,47060,15.9,3.0,3.0,69.1,1.6,,,,,W,8.0,0
633,47060,17.9,6.2,6.2,61.9,2.1,,,,,W,12.0,0
634,47060,21.1,6.8,6.8,66.6,1.8,,,,,E,11.0,0
635,47060,17.7,9.4,9.4,66.1,4.0,,,,,E,8.0,0
636,47060,14.8,6.4,6.4,71.0,5.8,,,,,SW,5.0,0
637,47060,17.1,3.9,3.9,64.4,2.0,,,,,W,9.0,0
638,47060,12.2,5.6,5.6,68.0,4.8,,,,,NW,11.0,0
639,47060,5.6,3.1,3.1,48.4,5.8,,,,,NW,11.0,0
640,47060,3.1,1.1,1.1,62.2,6.1,,,,,NW,14.0,0
641,47060,5.8,-1.0,-1.0,64.8,1.5,,,,,NW,13.0,0
642,47060,14.1,-0.3,-0.3,62.8,2.0,,,,,E,15.0,0
643,47060,15.9,4.8,4.8,61.3,2.9,,,,,SE,9.0,0
644,47060,7.0,4.9,4.9,85.1,1.9,,,,,E,8.0,0
645,47060,12.0,4.8,4.8,76.5,1.2,,,,,W,8.0,0
646,47060,14.9,2.9,2.9,78.5,0.8,,,,,E,8.0,0
647,47060,8.0,5.5,5.5,90.0,2.4,,,,,SE,8.0,0
648,47060,13.8,4.5,4.5,82.8,2.0,,,,,W,0.0,1
649,47060,17.5,4.7,4.7,76.4,1.9,,,,,NE,11.0,0
650,47060,16.3,7.0,7.0,74.1,2.2,,,,,W,0.4,1
651,47060,13.6,7.0,7.0,76.8,0.8,,,,,E,11.0,0
652,47060,14.6,6.8,6.8,82.8,2.0,,,,,W,0.0,1
653,47060,20.3,5.5,5.5,75.5,1.9,,,,,E,9.0,0
654,47060,13.2,1.1,1.1,86.5,4.1,,,,,SE,6.0,0
655,47060,5.6,1.3,1.3,88.2,3.9,,,,,W,11.0,0
656,47060,8.8,4.1,4.1,82.7,2.7,,,,,N,11.0,0
657,47060,11.8,4.5,4.5,81.0,2.4,,,,,SW,12.0,0
658,47060,17.3,4.9,4.9,81.3,2.8,,,,,E,11.0,0
659,47060,16.7,9.7,9.7,80.1,3.5,,,,,E,12.0,0
660,47060,16.3,10.9,10.9,80.8,2.6,,,,,W,11.0,0
661,47060,12.4,9.3,9.3,87.5,1.8,,,,,W,6.0,0
662,47060,18.7,7.2,7.2,80.6,1.4,,,,,SW,8.0,0
663,47060,22.5,10.0,10.0,77.4,0.8,,,,,E,12.0,0
664,47060,17.5,12.7,12.7,90.2,1.8,,,,,SW,4.5,0
665,47060,18.7,9.8,9.8,81.4,1.5,,,,,W,9.0,0
666,47060,15.0,10.0,10.0,72.3,2.5,,,,,W,5.0,0
667,47060,15.6,9.0,9.0,58.0,4.5,,,,,SW,13.0,0
668,47060,20.6,8.6,8.6,65.6,1.5,,,,,SW,12.0,0
669,47060,19.1,11.4,11.4,72.7,2.4,,,,,W,12.0,0
670,47060,16.3,8.4,8.4,70.4,1.4,,,,,W,11.0,0
671,47060,21.1,7.5,7.5,71.1,1.4,,,,,E,12.0,0
672,47060,22.9,11.2,11.2,63.7,5.4,,,,,SW,12.0,0
673,47060,16.1,11.2,11.2,76.0,3.6,,,,,SW,11.0,0
674,47060,16.7,9.0,9.0,64.6,3.8,,,,,W,15.0,0
675,47060,13.8,9.0,9.0,81.5,3.5,,,,,SW,11.0,0
676,47060,16.7,9.6,9.6,69.7,3.8,,,,,W,13.0,0
677,47060,13.4,10.0,10.0,70.8,1.0,,,,,E,13.0,0
678,47060,16.7,8.0,8.0,73.7,2.0,,,,,NW,13.0,0
679,47060,18.3,10.0,10.0,71.1,2.4,,,,,W,11.0,0
680,47060,21.6,9.8,9.8,74.1,1.5,,,,,E,12.0,0
681,47060,14.6,13.0,13.0,85.9,2.0,,,,,NE,8.0,0
682,47060,16.1,11.4,11.4,89.9,1.6,,,,,W,8.0,0
683,47060,20.3,11.5,11.5,71.9,1.6,,,,,NW,11.0,0
684,47060,23.0,11.4,11.4,68.6,3.0,,,,,E,12.0,0
685,47060,23.7,15.3,15.3,69.0,3.1,,,,,E,11.0,0
686,47060,23.5,15.3,15.3,85.5,3.1,,,,,NE,13.0,0
687,47060,19.7,14.0,14.0,86.6,2.6,,,,,W,8.0,0
688,47060,21.6,13.6,13.6,90.0,1.1,,,,,E,0.5,1
689,47060,20.5,13.0,13.0,87.6,1.4,,,,,NW,6.0,0
690,47060,17.9,10.0,10.0,77.8,3.0,,,,,W,13.0,0
691,47060,21.7,12.2,12.2,85.5,2.5,,,,,E,12.0,0
692,47060,23.3,15.6,15.6,83.8,2.6,,,,,SE,9.0,0
693,47060,24.7,17.3,17.3,84.3,2.0,,,,,E,9.0,0
694,47060,26.3,16.1,16.1,65.1,1.6,,,,,W,9.0,0
695,47060,17.9,13.0,13.0,78.3,2.2,,,,,NE,5.0,0
696,47060,19.4,11.4,11.4,85.5,1.9,,,,,NE,5.0,0
697,47060,22.9,11.9,11.9,71.0,2.2,,,,,W,12.0,0
698,47060,24.5,13.6,13.6,70.8,1.1,,,,,E,11.0,0
699,47060,22.7,14.6,14.6,82.0,1.6,,,,,E,12.0,0
700,47060,24.3,14.0,14.0,74.6,1.0,,,,,SW,11.0,0
701,47060,24.3,14.2,14.2,74.1,1.5,,,,,W,5.0,0
702,47060,25.8,14.4,14.4,68.5,2.2,,,,,W,11.0,0
703,47060,24.9,16.7,16.7,85.1,0.9,,,,,W,8.0,0
704,47060,26.1,16.1,16.1,77.1,0.9,,,,,W,11.0,0
705,47060,23.1,16.6,16.6,71.2,1.1,,,,,SW,11.0,0
706,47060,23.1,16.0,16.0,68.2,3.1,,,,,W,11.0,0
707,47060,22.3,15.6,15.6,61.5,3.5,,,,,W,13.0,0
708,47060,27.5,15.0,15.0,78.9,2.4,,,,,W,16.0,0
709,47060,27.7,17.8,17.8,73.6,2.6,,,,,E,12.0,0
710,47060,24.1,18.3,18.3,85.8,1.2,,,,,E,8.0,0
711,47060,27.9,18.3,18.3,78.7,0.9,,,,,SW,0.0,2
712,47060,27.8,16.1,16.1,80.0,1.8,,,,,WSW,0.8,1
713,47060,22.5,18.5,18.5,75.1,4.2,,,,,W,9.0,0
714,47060,26.1,17.1,17.1,65.6,3.4,,,,,W,12.0,0
715,47060,30.0,17.3,17.3,64.4,1.2,,,,,E,11.0,0
716,47060,26.5,17.6,17.6,74.3,1.1,,,,,E,12.0,0
717,47060,27.9,18.6,18.6,79.1,2.4,,,,,W,13.0,0
718,47060,25.8,19.3,19.3,85.6,1.8,,,,,SE,8.0,0
719,47060,28.9,20.7,20.7,83.0,0.8,,,,,SW,0.0,1
720,47060,28.3,18.5,18.5,73.6,1.9,,,,,SW,11.0,0
721,47060,30.5,18.3,18.3,70.0,1.0,,,,,NE,11.0,0
722,47060,30.1,21.1,21.1,72.1,1.4,,,,,E,14.0,0
723,47060,25.3,21.1,21.5,94.4,0.2,,,,,NE,8.0,0
724,47060,25.3,18.7,18.7,78.9,2.4,,,,,SW,12.0,0
725,47060,28.1,19.2,19.2,69.1,2.4,,,,,W,11.0,0
726,47060,30.4,19.5,19.5,76.6,1.4,,,,,W,11.0,0
727,47060,27.1,20.6,20.6,78.7,0.4,,,,,E,12.0,0
728,47060,23.5,18.9,18.9,86.0,1.2,,,,,NE,6.0,0
729,47060,27.1,20.1,20.1,80.4,0.8,,,,,NW,11.0,0
730,47060,25.1,21.7,21.7,87.2,0.4,,,,,NW,12.0,0
731,47060,28.5,23.3,23.3,81.8,0.4,,,,,NW,11.0,0
732,47060,28.1,23.3,23.3,87.8,1.1,,,,,SE,6.0,0
733,47060,27.9,24.3,24.3,85.9,1.2,,,,,E,11.0,0
734,47060,30.4,24.9,24.9,83.0,1.1,,,,,SW,12.0,0
735,47060,26.5,24.6,24.6,89.8,1.4,,,,,E,9.0,0
736,47060,28.3,24.5,24.5,88.6,1.0,,,,,E,12.0,0
737,47060,27.8,24.3,24.3,90.0,2.2,,,,,SE,8.0,0
738,47060,29.1,24.8,24.8,84.8,2.1,,,,,NE,11.0,0
739,47060,29.9,25.1,25.1,84.0,1.4,,,1,,E,9.0,0
740,47060,31.1,25.7,25.7,88.3,0.6,,,1,,E,3.5,0
741,47060,33.5,25.7,25.7,83.1,0.8,,1,1,,W,3.5,0
742,47060,33.1,25.7,25.7,79.9,0.6,,1,1,,SW,4.5,0
743,47060,33.1,25.1,25.1,70.6,1.4,,1,1,,NE,12.0,0
744,47060,32.1,22.7,22.7,63.7,1.2,,,,,NE,12.0,0
745,47060,31.7,22.5,22.5,70.6,1.2,,,,,E,15.0,0
746,47060,30.3,23.3,23.3,77.3,0.5,,,,,SW,11.0,0
747,47060,29.7,22.3,22.3,80.9,1.9,,,,,NE,9.0,0
748,47060,25.7,22.1,22.1,86.0,0.9,,,,,E,11.0,0
749,47060,23.1,21.3,22.2,88.7,2.0,,,,,E,8.0,0
750,47060,28.1,22.5,22.5,90.6,0.5,,,,,E,11.0,0
751,47060,28.9,22.0,22.0,82.8,0.8,,,,,NE,11.0,0
752,47060,27.9,23.1,23.1,88.7,0.9,,,,,E,8.0,0
753,47060,30.5,23.3,23.3,81.1,1.2,,,,,NE,4.5,0
754,47060,30.7,26.5,26.5,80.6,1.0,,,1,,SW,12.0,0
755,47060,26.9,24.1,24.1,91.4,0.8,,,,,SW,11.0,0
756,47060,30.7,23.2,23.2,84.1,1.0,,,,,W,12.0,0
757,47060,31.3,25.3,25.3,80.2,1.0,,,1,,W,4.5,0
758,47060,31.7,23.7,23.7,81.6,0.4,,,,,S,9.0,0
759,47060,33.2,24.8,24.8,78.6,1.1,,1,,,W,6.0,0
760,47060,33.5,23.1,23.1,91.5,1.1,,1,,,W,12.0,0
761,47060,32.3,23.5,23.5,84.4,1.2,,,,,W,9.0,0
762,47060,33.5,24.9,24.9,80.7,1.1,,1,,,W,6.0,0
763,47060,30.5,25.3,25.3,78.2,0.6,,,1,,W,11.0,0
764,47060,31.9,26.1,26.1,84.0,0.4,,,1,,E,12.0,0
0,47065,6.2,1.5,1.5,91.6,0.0,,,,,,5.0,0
1,47065,5.0,0.0,0.0,80.3,0.4,,,,,NW,10.0,0
2,47065,8.8,-2.6,-2.6,64.1,0.0,,,,,,20.0,0
3,47065,9.8,1.1,1.1,66.3,1.1,,,,,SE,10.0,0
4,47065,12.8,0.3,0.3,81.0,1.8,,,,,NW,10.0,0
5,47065,8.8,-0.6,-0.6,71.0,2.4,,,,,NW,10.0,0
6,47065,7.8,-0.4,-0.4,68.8,1.6,,,,,SE,10.0,0
7,47065,9.2,-2.2,-2.2,73.0,0.9,,,,,NW,0.2,1
8,47065,11.0,-1.0,-1.0,66.0,0.4,,,,,NW,10.0,0
9,47065,14.8,0.8,0.8,65.3,0.6,,,,,NW,5.0,0
10,47065,14.0,2.2,2.2,69.4,0.4,,,,,SE,10.0,0
11,47065,16.0,4.4,4.4,73.2,1.4,,,,,NW,10.0,0
12,47065,11.3,5.8,5.8,75.7,1.1,,,,,NW,10.0,0
13,47065,12.7,2.2,2.2,80.7,0.1,,,,,NW,0.1,2
14,47065,12.1,4.8,4.8,77.4,1.8,,,,,SE,10.0,0
15,47065,7.2,2.2,2.2,64.8,5.0,,,,,NW,10.0,0
16,47065,12.4,0.2,0.2,60.7,2.0,,,,,NW,10.0,0
17,47065,13.1,0.8,0.8,67.9,1.8,,,,,NW,10.0,0
18,47065,18.6,5.6,5.6,67.5,0.2,,,,,SW,5.0,0
19,47065,9.8,4.6,4.6,83.6,0.5,,,,,NW,10.0,0
20,47065,6.0,3.0,3.0,76.3,4.6,,,,,NW,10.0,0
21,47065,10.9,0.4,0.4,60.4,1.4,,,,,NW,10.0,0
22,47065,16.8,1.4,1.4,50.1,3.9,,,,,SE,10.0,0
23,47065,13.5,5.8,5.8,73.3,2.2,,,,,S,10.0,0
24,47065,18.3,5.6,5.6,75.5,1.1,,,,,NW,5.0,0
25,47065,18.2,3.5,3.5,68.2,1.4,,,,,SE,0.1,2
26,47065,11.4,9.3,9.3,84.9,1.9,,,,,SE,10.0,0
27,47065,12.2,8.4,8.4,94.9,0.9,,,,,NW,8.0,0
28,47065,13.1,6.2,6.2,68.2,2.2,,,,,NW,5.0,0
29,47065,16.3,2.5,2.5,54.5,1.1,,,,,NW,10.0,0
30,47065,19.0,3.4,3.4,52.9,1.0,,,,,NW,10.0,0
31,47065,22.2,7.0,7.0,47.4,1.9,,,,,SE,10.0,0
32,47065,21.3,12.0,12.0,64.1,2.0,,,,,SE,10.0,0
33,47065,14.6,10.4,10.4,91.4,0.8,,,,,NW,5.0,0
34,47065,15.0,8.8,8.8,75.5,1.9,,,,,NW,10.0,0
35,47065,16.5,4.9,4.9,61.9,0.8,,,,,NW,20.0,0
36,47065,17.8,7.4,7.4,56.7,1.5,,,,,NW,20.0,0
37,47065,18.0,7.0,7.0,56.3,2.2,,,,,NW,10.0,0
38,47065,15.5,5.0,5.0,63.7,2.0,,,,,NW,10.0,0
39,47065,16.8,3.3,3.3,59.7,1.0,,,,,NW,20.0,0
40,47065,19.0,7.2,7.2,58.2,1.8,,,,,E,20.0,0
41,47065,19.9,7.0,7.0,63.8,0.4,,,,,NW,10.0,0
42,47065,15.0,10.6,10.6,78.8,2.8,,,,,SE,10.0,0
43,47065,10.9,5.5,5.5,76.5,6.1,,,,,NW,10.0,0
44,47065,13.8,1.6,1.6,63.8,1.1,,,,,NW,10.0,0
45,47065,17.0,5.0,5.0,72.9,2.2,,,,,ENE,20.0,0
46,47065,16.2,8.5,8.5,57.4,3.2,,,,,SE,4.0,0
47,47065,14.0,7.8,7.8,53.4,3.0,,,,,NW,4.0,0
48,47065,14.6,5.2,5.2,61.7,3.5,,,,,NW,20.0,0
49,47065,22.3,5.2,5.2,60.5,1.5,,,,,SW,20.0,0
50,47065,21.8,8.4,8.4,71.4,1.4,,,,,SE,10.0,0
51,47065,26.4,9.2,9.2,62.3,0.2,,,,,NW,10.0,0
52,47065,25.1,13.5,13.5,53.4,1.6,,,,,SE,10.0,0
53,47065,20.3,14.8,14.8,62.4,1.6,,,,,NW,10.0,0
54,47065,20.8,12.4,12.4,71.3,1.0,,,,,NW,10.0,0
55,47065,21.9,10.0,10.0,63.0,0.9,,,,,NW,20.0,0
56,47065,19.2,9.2,9.2,65.9,1.9,,,,,SSW,20.0,0
57,47065,15.4,12.0,12.0,77.8,1.6,,,,,SE,10.0,0
58,47065,21.0,10.0,10.0,68.7,0.5,,,,,SW,10.0,0
59,47065,16.8,10.0,10.0,71.5,1.4,,,,,SE,10.0,0
60,47065,13.6,9.3,9.3,85.5,1.4,,,,,SE,10.0,0
61,47065,10.2,6.6,6.6,89.7,1.9,,,,,NW,10.0,0
62,47065,18.0,7.0,7.0,76.9,1.6,,,,,NW,10.0,0
63,47065,20.2,6.0,6.0,60.6,0.2,,,,,SW,20.0,0
64,47065,13.4,10.8,10.8,83.6,3.6,,,,,SE,10.0,0
65,47065,18.5,8.6,8.6,74.5,2.8,,,,,NW,10.0,0
66,47065,20.4,9.6,9.6,57.7,3.5,,,,,SE,10.0,0
67,47065,17.3,13.0,13.0,57.5,5.4,,,,,SE,3.9,0
68,47065,18.5,8.6,8.6,66.5,4.1,,,,,SE,3.9,0
69,47065,19.8,7.8,7.8,57.4,2.5,,,,,NW,10.0,0
70,47065,20.8,9.8,9.8,65.5,1.2,,,,,NW,10.0,0
71,47065,26.2,9.8,9.8,61.4,0.8,,,,,E,10.0,0
72,47065,25.2,16.0,16.0,53.1,2.4,,,,,SE,10.0,0
73,47065,26.0,14.4,14.4,79.5,0.6,,,,,NW,20.0,0
74,47065,28.4,15.4,15.4,78.8,0.0,,,,,,2.0,0
75,47065,24.8,19.4,19.4,91.1,0.1,,,,,S,10.0,0
76,47065,20.6,14.2,14.2,97.3,0.4,,,,,SE,5.0,0
77,47065,22.4,13.6,13.6,88.5,0.4,,,,,NW,10.0,0
78,47065,25.4,12.0,12.0,80.6,0.2,,,,,NW,10.0,0
79,47065,27.6,13.0,13.0,66.5,0.8,,,,,SE,10.0,0
80,47065,20.4,14.6,14.6,78.5,1.1,,,,,NE,10.0,0
81,47065,21.2,14.2,14.2,81.1,2.2,,,,,NW,10.0,0
82,47065,25.0,12.8,12.8,75.6,0.5,,,,,NW,10.0,0
83,47065,23.4,14.0,14.0,68.5,1.4,,,,,SE,20.0,0
84,47065,22.8,14.4,14.4,70.2,2.4,,,,,NW,10.0,0
85,47065,19.8,11.6,11.6,65.9,1.5,,,,,NW,10.0,0
86,47065,21.5,10.4,10.4,72.8,3.8,,,,,SE,10.0,0
87,47065,19.5,14.5,14.6,86.1,1.4,,,,,SE,10.0,0
88,47065,19.6,15.2,15.2,77.0,5.2,,,,,SE,10.0,0
89,47065,15.6,12.6,12.6,89.1,0.4,,,,,NW,10.0,0
90,47065,23.5,8.6,8.6,79.5,0.1,,,,,SE,0.2,1
91,47065,22.5,16.4,16.4,79.3,2.6,,,,,SE,10.0,0
92,47065,18.8,14.0,14.0,88.8,2.2,,,,,SE,10.0,0
93,47065,26.6,14.0,14.0,75.1,1.8,,,,,SE,10.0,0
94,47065,20.0,15.4,15.4,91.7,0.5,,,,,SE,10.0,0
95,47065,24.2,13.0,13.0,69.5,2.2,,,,,SW,10.0,0
96,47065,26.8,14.6,14.6,63.1,1.1,,,,,E,10.0,0
97,47065,26.0,15.2,15.2,68.8,3.0,,,,,SE,10.0,0
98,47065,24.5,17.8,17.8,84.5,0.8,,,,,SE,10.0,0
99,47065,22.8,18.6,18.6,81.5,1.0,,,,,SE,10.0,0
100,47065,30.5,17.4,17.4,72.9,0.0,,,,,,10.0,0
101,47065,24.3,19.4,19.4,87.8,0.5,,,,,SE,10.0,0
102,47065,24.8,18.4,18.4,90.2,0.8,,,,,SE,10.0,0
103,47065,26.8,18.1,18.1,88.5,0.1,,,,,NW,10.0,0
104,47065,29.0,18.2,18.2,78.5,0.0,,,,,,5.0,0
105,47065,28.2,18.2,18.2,81.2,0.0,,,,,,10.0,0
106,47065,22.8,20.6,20.6,88.4,0.9,,,,,SE,10.0,0
107,47065,28.1,18.8,18.8,73.5,0.0,,,,,,20.0,0
108,47065,22.5,19.4,19.4,74.2,2.2,,,,,SE,20.0,0
109,47065,24.8,19.0,19.0,87.7,0.5,,,,,NW,10.0,0
110,47065,26.6,16.6,16.6,73.0,1.1,,,,,S,10.0,0
111,47065,26.4,17.4,17.4,74.3,2.4,,,,,SE,10.0,0
112,47065,27.7,17.4,17.4,73.0,1.8,,,,,NW,10.0,0
113,47065,27.4,18.4,18.4,78.2,1.1,,,,,SE,20.0,0
114,47065,27.0,16.7,16.7,78.2,1.1,,,,,NW,20.0,0
115,47065,28.2,18.0,18.0,75.3,0.1,,,,,SW,10.0,0
116,47065,28.0,17.6,17.6,74.5,0.5,,,,,SW,10.0,0
117,47065,23.0,19.8,19.8,89.3,1.0,,,,,SE,10.0,0
118,47065,29.2,19.0,19.0,79.8,0.0,,,,,,10.0,0
119,47065,27.0,20.8,20.8,85.4,0.1,,,,,SE,10.0,0
120,47065,26.8,20.6,20.6,86.9,0.1,,,,,NW,10.0,0
121,47065,26.0,20.2,20.2,90.3,0.0,,,,,,10.0,0
122,47065,28.7,19.0,19.0,83.8,0.8,,,,,NW,10.0,0
123,47065,30.0,21.6,21.6,83.8,0.0,,,,,,10.0,0
124,47065,24.8,19.8,19.8,80.5,3.9,,,,,SE,10.0,0
125,47065,23.4,19.4,19.4,92.4,1.4,,,,,SE,10.0,0
126,47065,25.2,19.2,19.2,86.1,0.0,,,,,,10.0,0
127,47065,29.0,20.0,20.0,87.1,0.8,,,,,NW,3.0,0
128,47065,29.1,21.1,21.1,88.7,0.0,,,,,,0.2,1
129,47065,30.0,22.0,22.0,90.7,0.2,,,,,NW,10.0,0
130,47065,29.6,22.2,22.2,86.0,0.5,,,,,E,10.0,0
131,47065,29.7,22.4,22.4,79.8,2.1,,,,,SW,10.0,0
132,47065,29.6,21.9,21.9,83.5,1.5,,,,,SE,10.0,0
133,47065,30.6,23.2,23.2,82.3,1.0,,,,,SE,10.0,0
134,47065,29.2,26.1,26.1,81.7,3.0,,,1,,SE,10.0,0
135,47065,30.2,26.6,26.6,77.5,4.0,,,1,,SE,10.0,0
136,47065,31.6,25.5,25.5,76.3,2.0,,,1,,SE,20.0,0
137,47065,34.0,23.6,23.6,83.9,1.9,,1,,,SE,10.0,0
138,47065,32.0,23.5,23.5,80.6,1.1,,,,,SE,10.0,0
139,47065,31.2,23.6,23.6,83.6,0.5,,,,,SE,20.0,0
140,47065,31.6,23.6,23.6,85.3,0.2,,,,,SW,10.0,0
141,47065,32.3,22.8,22.8,81.3,0.4,,,,,NW,10.0,0
142,47065,33.5,23.7,23.7,82.7,0.5,,1,,,NW,10.0,0
143,47065,33.4,24.6,24.6,80.2,0.8,,1,,,NW,10.0,0
144,47065,34.2,24.8,24.8,81.5,0.2,,1,,,NW,10.0,0
145,47065,34.6,24.6,24.6,81.2,0.4,,1,,,NW,10.0,0
146,47065,35.0,24.8,24.8,76.7,0.8,,1,,,SE,10.0,0
147,47065,34.4,25.0,25.0,77.0,0.6,,1,1,,E,10.0,0
148,47065,34.2,24.2,24.2,82.8,1.4,,1,,,NW,10.0,0
149,47065,33.4,24.2,24.2,81.0,1.0,,1,,,NW,10.0,0
150,47065,33.6,24.8,24.8,83.0,0.1,,1,,,NW,10.0,0
151,47065,33.2,24.4,24.4,75.4,2.5,,1,,,SE,10.0,0
152,47065,32.4,26.2,26.2,75.8,2.2,,,1,,S,10.0,0
153,47065,5.9,0.7,0.7,71.7,1.8,,,,,NW,10.0,0
154,47065,10.0,-3.0,-3.0,52.0,1.8,,,,,SW,20.0,0
155,47065,9.2,-1.4,-1.4,71.5,0.1,,,,,NW,10.0,0
156,47065,10.4,1.1,1.1,67.3,3.6,,,,,SE,4.0,0
157,47065,3.5,-2.2,-2.2,61.6,5.9,,,,,NW,4.0,0
158,47065,3.8,-2.4,-2.4,53.6,3.5,,,,,NW,20.0,0
159,47065,8.4,-4.6,-4.6,57.6,0.2,,,,,S,15.0,0
160,47065,10.6,-0.8,-0.8,70.1,0.2,,,,,WSW,10.0,0
161,47065,10.9,-0.8,-0.8,78.7,0.0,,,,,,0.3,1
162,47065,15.6,0.8,0.8,62.3,1.5,,,,,SE,10.0,0
163,47065,14.0,1.4,1.4,71.5,0.5,,,,,NW,5.0,0
164,47065,16.0,2.0,2.0,71.1,1.9,,,,,SE,10.0,0
165,47065,13.8,8.2,8.2,89.6,0.8,,,,,NW,4.0,0
166,47065,8.6,3.8,3.8,85.6,3.9,,,,,SE,5.0,0
167,47065,10.2,0.6,0.6,74.7,0.5,,,,,NW,10.0,0
168,47065,12.0,1.7,1.7,79.1,1.5,,,,,NW,10.0,0
169,47065,11.4,1.6,1.6,66.1,1.2,,,,,NW,10.0,0
170,47065,9.6,3.8,3.8,61.3,2.0,,,,,SE,10.0,0
171,47065,5.2,0.4,0.4,85.8,1.8,,,,,SE,4.0,0
172,47065,6.0,1.0,1.0,71.3,1.5,,,,,NW,10.0,0
173,47065,8.8,-1.4,-1.4,67.6,0.5,,,,,NW,10.0,0
174,47065,11.2,0.2,0.2,60.9,1.4,,,,,NW,10.0,0
175,47065,7.2,1.6,1.6,70.0,0.1,,,,,SW,10.0,0
176,47065,11.2,4.2,4.2,82.3,2.1,,,,,SE,10.0,0
177,47065,11.5,7.0,7.0,78.5,3.2,,,,,SE,5.0,0
178,47065,15.3,8.7,8.7,77.9,5.2,,,,,NW,10.0,0
179,47065,9.2,4.6,4.6,65.3,2.4,,,,,NW,10.0,0
180,47065,12.5,0.6,0.6,58.3,0.4,,,,,SW,10.0,0
181,47065,14.0,0.6,0.6,65.7,1.6,,,,,SW,10.0,0
182,47065,10.2,7.0,7.0,80.9,0.6,,,,,SE,10.0,0
183,47065,12.6,5.4,5.4,79.8,2.0,,,,,NW,10.0,0
184,47065,11.6,1.5,1.5,60.0,1.4,,,,,NW,10.0,0
185,47065,12.4,0.0,0.0,52.3,1.1,,,,,NW,20.0,0
186,47065,15.8,0.8,0.8,53.7,0.8,,,,,NW,10.0,0
187,47065,17.0,4.0,4.0,61.4,0.4,,,,,W,10.0,0
188,47065,16.6,3.4,3.4,57.6,2.2,,,,,SW,10.0,0
189,47065,12.6,5.0,5.0,53.4,2.4,,,,,NW,10.0,0
190,47065,13.8,3.4,3.4,59.1,1.9,,,,,NW,10.0,0
191,47065,18.2,2.9,2.9,58.8,1.9,,,,,SE,10.0,0
192,47065,21.7,11.6,11.6,51.0,3.6,,,,,SE,10.0,0
193,47065,22.2,12.4,12.4,53.2,4.0,,,,,SE,10.0,0
194,47065,24.0,14.0,14.0,65.8,2.4,,,,,SE,10.0,0
195,47065,17.2,12.4,12.4,89.4,1.6,,,,,SE,10.0,0
196,47065,18.1,11.0,11.0,71.7,1.4,,,,,SE,10.0,0
197,47065,18.7,11.0,11.0,44.5,1.1,,,,,SE,10.0,0
198,47065,17.4,6.9,6.9,42.2,1.5,,,,,NW,10.0,0
199,47065,19.4,5.8,5.8,51.2,1.6,,,,,NW,20.0,0
200,47065,22.0,5.8,5.8,51.6,1.4,,,,,SE,20.0,0
201,47065,22.0,11.2,11.2,43.6,1.6,,,,,SE,10.0,0
202,47065,21.6,8.0,8.0,49.2,0.6,,,,,W,10.0,0
203,47065,22.0,8.2,8.2,44.3,1.6,,,,,S,10.0,0
204,47065,20.6,9.6,9.6,57.9,2.0,,,,,SE,10.0,0
205,47065,16.2,12.0,12.0,77.5,2.4,,,,,SE,10.0,0
206,47065,23.8,6.6,6.6,51.6,0.5,,,,,NW,10.0,0
207,47065,20.2,9.0,9.0,62.1,2.4,,,,,SW,10.0,0
208,47065,23.2,15.2,15.2,78.8,1.9,,,,,SE,10.0,0
209,47065,24.1,13.8,13.8,78.1,3.1,,,,,NW,10.0,0
210,47065,19.4,10.0,10.0,39.3,2.5,,,,,NW,10.0,0
211,47065,19.6,7.4,7.4,55.1,1.1,,,,,NW,10.0,0
212,47065,15.0,9.6,9.6,79.1,0.5,,,,,SE,10.0,0
213,47065,14.4,8.4,8.4,67.9,1.9,,,,,E,10.0,0
214,47065,17.9,6.2,6.2,59.5,2.0,,,,,SW,20.0,0
215,47065,17.0,6.4,6.4,62.4,1.9,,,,,NW,10.0,0
216,47065,21.2,6.0,6.0,46.3,2.6,,,,,SW,20.0,0
217,47065,24.4,11.2,11.2,52.5,3.4,,,,,SE,20.0,0
218,47065,24.3,12.4,12.4,56.2,3.1,,,,,SE,10.0,0
219,47065,24.6,14.0,14.0,74.9,2.1,,,,,SW,10.0,0
220,47065,19.8,12.6,12.6,69.5,3.6,,,,,NW,10.0,0
221,47065,17.4,11.4,11.4,65.6,0.1,,,,,SE,10.0,0
222,47065,23.2,7.8,7.8,68.2,0.8,,,,,NW,10.0,0
223,47065,24.2,10.4,10.4,54.5,0.8,,,,,SE,10.0,0
224,47065,20.3,13.8,13.8,62.3,1.0,,,,,NW,20.0,0
225,47065,22.2,10.4,10.4,66.3,1.0,,,,,NW,10.0,0
226,47065,19.6,13.5,13.5,59.2,1.8,,,,,NW,10.0,0
227,47065,16.8,9.2,9.2,54.8,3.1,,,,,NW,10.0,0
228,47065,21.4,8.0,8.0,48.5,1.8,,,,,NW,20.0,0
229,47065,23.8,9.2,9.2,53.6,1.4,,,,,SE,10.0,0
230,47065,24.8,12.3,12.3,64.8,2.1,,,,,SE,10.0,0
231,47065,22.6,15.2,15.2,71.1,3.9,,,,,SE,10.0,0
232,47065,26.0,13.6,13.6,69.0,1.8,,,,,SE,10.0,0
233,47065,25.2,14.6,14.6,67.1,2.9,,,,,SE,10.0,0
234,47065,27.2,13.8,13.8,70.0,0.9,,,,,SE,10.0,0
235,47065,23.8,14.6,14.6,73.4,1.6,,,,,SE,10.0,0
236,47065,29.8,15.4,15.4,68.9,1.2,,,,,SE,10.0,0
237,47065,29.2,15.8,15.8,59.5,1.1,,,,,SW,10.0,0
238,47065,23.2,14.4,14.4,76.0,1.1,,,,,SW,10.0,0
239,47065,21.2,11.4,11.4,75.3,2.5,,,,,W,10.0,0
240,47065,24.0,12.7,12.7,71.6,1.8,,,,,NW,10.0,0
241,47065,28.0,13.5,13.5,63.9,2.5,,,,,SE,10.0,0
242,47065,22.8,17.8,17.8,77.8,2.0,,,,,SE,10.0,0
243,47065,21.2,16.2,16.2,82.7,1.0,,,,,NW,5.0,0
244,47065,26.5,13.0,13.0,59.2,1.6,,,,,SE,10.0,0
245,47065,26.4,15.2,15.2,70.3,0.9,,,,,SE,10.0,0
246,47065,27.4,15.2,15.2,76.8,0.1,,,,,SE,10.0,0
247,47065,29.2,17.8,17.8,70.5,0.6,,,,,SE,10.0,0
248,47065,27.0,18.8,18.8,65.2,1.5,,,,,SE,15.0,0
249,47065,24.6,20.0,20.0,70.1,0.9,,,,,SE,10.0,0
250,47065,24.0,16.2,16.2,66.6,1.2,,,,,E,10.0,0
251,47065,22.7,14.3,14.3,59.9,1.9,,,,,E,10.0,0
252,47065,24.0,15.8,15.8,67.2,1.1,,,,,SE,10.0,0
253,47065,20.0,15.5,15.5,93.3,0.4,,,,,SE,10.0,0
254,47065,20.0,16.0,16.0,92.2,0.4,,,,,SE,10.0,0
255,47065,27.0,17.0,17.0,79.2,0.2,,,,,NW,5.0,0
256,47065,27.2,17.0,17.0,69.1,1.4,,,,,E,10.0,0
257,47065,25.8,19.4,19.4,84.2,0.2,,,,,SE,10.0,0
258,47065,25.2,17.2,17.2,63.8,3.1,,,,,SE,20.0,0
259,47065,18.4,14.3,14.3,86.2,0.5,,,,,SE,10.0,0
260,47065,25.2,15.4,15.4,78.2,0.6,,,,,NW,20.0,0
261,47065,26.4,16.5,16.5,78.3,0.8,,,,,S,10.0,0
262,47065,25.2,20.8,20.8,83.2,0.8,,,,,SE,10.0,0
263,47065,25.6,21.6,21.6,84.3,0.8,,,,,SE,10.0,0
264,47065,29.3,21.6,21.6,78.5,0.5,,,,,SW,10.0,0
265,47065,30.0,21.2,21.2,86.4,0.9,,,,,SW,0.3,1
266,47065,29.7,21.8,21.8,81.1,0.4,,,,,SE,10.0,0
267,47065,23.2,22.0,22.0,93.5,1.1,,,,,SE,5.0,0
268,47065,28.2,20.6,20.6,83.0,1.5,,,,,SW,10.0,0
269,47065,29.6,19.0,19.0,77.8,3.1,,,,,SE,10.0,0
270,47065,24.8,22.2,22.2,91.6,1.1,,,,,SE,3.0,0
271,47065,24.8,22.8,22.8,94.2,3.0,,,,,SE,10.0,0
272,47065,24.8,23.4,23.6,96.1,2.5,,,,,SE,5.0,0
273,47065,27.8,23.4,23.4,93.4,1.4,,,,,SE,10.0,0
274,47065,26.0,23.4,23.4,90.7,2.0,,,,,SE,10.0,0
275,47065,28.5,22.1,22.1,86.4,2.9,,,,,SE,10.0,0
276,47065,29.2,23.3,23.3,82.5,1.8,,,,,E,10.0,0
277,47065,29.8,22.2,22.2,85.9,0.4,,,,,NW,0.2,1
278,47065,30.6,22.8,22.8,85.0,0.0,,,,,,0.2,1
279,47065,32.4,23.8,23.8,78.4,0.8,,,,,NW,10.0,0
280,47065,30.4,25.2,25.2,80.9,1.5,,,1,,SE,10.0,0
281,47065,28.8,26.0,26.0,85.6,4.0,,,1,,SE,10.0,0
282,47065,24.8,22.6,23.0,96.0,0.0,,,,,,4.0,0
283,47065,31.6,22.0,22.0,85.1,0.0,,,,,,0.3,1
284,47065,32.1,24.3,24.3,81.1,1.5,,,,,SE,10.0,0
285,47065,30.0,22.4,22.4,80.1,0.0,,,,,,10.0,0
286,47065,28.0,22.6,22.6,76.3,1.2,,,,,SE,10.0,0
287,47065,25.7,22.8,22.8,92.6,2.5,,,,,E,10.0,0
288,47065,27.8,21.6,21.6,87.7,1.0,,,,,NW,5.0,0
289,47065,29.8,21.8,21.8,82.3,0.2,,,,,NW,10.0,0
290,47065,29.2,22.8,22.8,88.6,0.1,,,,,NW,5.0,0
291,47065,28.4,22.2,22.2,84.3,0.1,,,,,W,10.0,0
292,47065,30.0,23.0,23.0,82.0,0.5,,,,,SE,10.0,0
293,47065,29.7,23.0,23.0,83.6,0.4,,,,,NW,7.0,0
294,47065,28.2,23.0,23.0,83.8,0.0,,,,,,10.0,0
295,47065,26.8,21.4,21.4,87.5,0.5,,,,,NW,10.0,0
296,47065,27.2,22.6,22.6,87.4,0.0,,,,,,10.0,0
297,47065,26.2,22.2,22.2,91.9,0.8,,,,,SE,5.0,0
298,47065,25.8,21.0,21.0,91.7,0.1,,,,,SE,10.0,0
299,47065,30.8,20.6,20.6,82.7,0.0,,,,,,10.0,0
300,47065,31.4,22.2,22.2,83.1,0.0,,,,,,5.0,0
301,47065,31.2,24.8,24.8,83.8,0.0,,,,,,10.0,0
302,47065,30.7,24.8,24.8,74.3,2.2,,,,,SE,10.0,0
303,47065,31.8,25.2,25.2,78.2,1.5,,,1,,SE,10.0,0
304,47065,34.4,25.6,25.6,80.5,0.2,,1,1,,NW,10.0,0
305,47065,28.8,25.4,25.4,95.6,0.2,,,1,,SE,10.0,0
306,47065,7.8,1.2,1.2,83.2,2.8,,,,,NW,5.0,0
307,47065,4.0,-2.4,-2.4,72.5,2.8,,,,,NW,10.0,0
308,47065,11.2,-2.0,-2.0,78.5,1.9,,,,,SE,20.0,0
309,47065,13.0,2.8,2.8,75.7,1.9,,,,,E,10.0,0
310,47065,14.6,1.0,1.0,66.7,0.2,,,,,W,10.0,0
311,47065,14.3,1.2,1.2,52.3,1.6,,,,,SE,10.0,0
312,47065,15.4,7.2,7.2,73.7,1.6,,,,,SE,10.0,0
313,47065,12.6,6.8,6.8,84.3,4.5,,,,,SE,10.0,0
314,47065,15.0,9.0,9.0,82.0,0.2,,,,,SW,10.0,0
315,47065,19.6,6.0,6.0,71.2,3.8,,,,,SE,10.0,0
316,47065,19.5,10.2,10.2,70.3,3.5,,,,,SE,5.0,0
317,47065,8.0,1.0,1.0,80.3,4.8,,,,,NW,10.0,0
318,47065,7.6,-3.0,-3.0,67.0,2.6,,,,,NW,20.0,0
319,47065,10.4,4.6,4.6,72.8,5.0,,,,,SE,10.0,0
320,47065,9.0,2.2,2.2,73.3,3.5,,,,,NW,10.0,0
321,47065,7.2,-0.4,-0.4,51.8,2.6,,,,,NW,20.0,0
322,47065,10.0,-1.4,-1.4,50.2,1.0,,,,,NW,10.0,0
323,47065,11.4,0.0,0.0,58.1,2.1,,,,,NW,10.0,0
324,47065,15.4,-0.4,-0.4,60.9,0.8,,,,,NW,10.0,0
325,47065,15.4,0.8,0.8,48.6,0.2,,,,,NW,10.0,0
326,47065,17.7,3.0,3.0,53.4,0.5,,,,,NW,10.0,0
327,47065,15.6,4.8,4.8,67.3,0.5,,,,,NW,10.0,0
328,47065,18.0,8.2,8.2,52.3,4.4,,,,,NW,10.0,0
329,47065,8.6,3.4,3.4,39.8,3.9,,,,,NW,10.0,0
330,47065,14.0,1.0,1.0,56.7,1.2,,,,,NW,10.0,0
331,47065,9.5,2.5,2.5,38.7,4.4,,,,,NW,10.0,0
332,47065,13.9,-0.8,-0.8,52.2,0.6,,,,,NW,20.0,0
333,47065,15.4,2.8,2.8,65.2,1.2,,,,,SE,10.0,0
334,47065,17.3,2.8,2.8,60.9,1.5,,,,,SE,10.0,0
335,47065,20.2,5.2,5.2,41.0,0.9,,,,,NW,10.0,0
336,47065,22.3,6.7,6.7,45.8,1.2,,,,,NW,10.0,0
337,47065,23.2,6.8,6.8,50.4,0.9,,,,,NW,5.0,0
338,47065,25.0,8.4,8.4,40.9,0.9,,,,,NW,10.0,0
339,47065,24.6,9.0,9.0,41.9,0.2,,,,,SE,10.0,0
340,47065,19.8,12.5,12.5,44.6,0.4,,,,,SE,10.0,0
341,47065,13.3,9.2,9.2,93.1,5.4,,,,,SE,10.0,0
342,47065,10.0,8.8,8.8,88.6,0.9,,,,,SE,5.0,0
343,47065,10.6,4.2,4.2,63.3,2.8,,,,,NW,5.0,0
344,47065,12.8,3.0,3.0,52.3,1.5,,,,,NW,20.0,0
345,47065,17.5,2.0,2.0,62.5,1.9,,,,,SE,10.0,0
346,47065,15.3,8.0,8.0,71.7,4.0,,,,,SE,10.0,0
347,47065,15.0,9.4,9.4,76.8,4.4,,,,,SE,4.0,0
348,47065,16.3,3.6,3.6,47.2,1.4,,,,,NW,4.0,0
349,47065,16.0,6.0,6.0,47.9,1.2,,,,,SE,10.0,0
350,47065,16.8,10.5,10.5,58.2,2.4,,,,,SE,10.0,0
351,47065,15.0,11.3,11.3,87.0,0.9,,,,,NW,10.0,0
352,47065,17.0,7.4,7.4,59.5,1.2,,,,,NW,10.0,0
353,47065,15.6,5.4,5.4,60.9,0.9,,,,,SE,10.0,0
354,47065,20.2,11.4,11.4,71.1,2.8,,,,,SE,10.0,0
355,47065,25.6,9.3,9.3,66.1,0.6,,,,,NW,10.0,0
356,47065,19.0,13.6,13.6,73.1,1.5,,,,,NW,10.0,0
357,47065,18.8,11.4,11.4,31.2,4.1,,,,,NW,5.0,0
358,47065,20.4,11.2,11.2,31.3,1.9,,,,,NW,10.0,0
359,47065,22.0,7.4,7.4,45.8,1.8,,,,,N,10.0,0
360,47065,21.0,9.8,9.8,50.3,0.4,,,,,NW,10.0,0
361,47065,12.8,9.8,9.8,70.5,1.2,,,,,SE,10.0,0
362,47065,13.8,6.8,6.8,68.6,3.2,,,,,NW,10.0,0
363,47065,19.2,4.4,4.4,59.4,1.1,,,,,SW,20.0,0
364,47065,18.0,7.0,7.0,60.2,1.8,,,,,SE,20.0,0
365,47065,15.0,10.0,10.0,85.9,2.8,,,,,SW,10.0,0
366,47065,17.8,7.2,7.2,67.9,2.4,,,,,NW,20.0,0
367,47065,20.4,7.0,7.0,61.1,1.1,,,,,SW,20.0,0
368,47065,22.5,9.4,9.4,50.5,1.6,,,,,SE,20.0,0
369,47065,24.6,11.6,11.6,57.0,1.5,,,,,SE,20.0,0
370,47065,23.4,14.6,14.6,80.5,1.6,,,,,SE,20.0,0
371,47065,18.4,16.0,16.0,95.2,2.5,,,,,SE,10.0,0
372,47065,18.8,14.6,14.6,63.9,0.4,,,,,E,10.0,0
373,47065,20.7,9.2,9.2,50.9,0.2,,,,,NW,10.0,0
374,47065,21.6,8.0,8.0,57.9,0.9,,,,,NW,10.0,0
375,47065,24.2,9.0,9.0,53.2,1.2,,,,,NW,10.0,0
376,47065,24.5,9.4,9.4,44.6,1.4,,,,,NW,20.0,0
377,47065,25.0,12.5,12.5,46.1,0.6,,,,,SE,20.0,0
378,47065,24.4,11.8,11.8,56.0,0.6,,,,,SW,10.0,0
379,47065,20.4,12.0,12.0,78.6,1.1,,,,,SE,10.0,0
380,47065,23.0,11.8,11.8,80.9,1.1,,,,,SW,10.0,0
381,47065,24.2,13.8,13.8,68.2,1.8,,,,,SE,20.0,0
382,47065,28.6,16.2,16.2,67.9,4.8,,,,,SE,10.0,0
383,47065,23.2,16.0,16.0,79.6,4.3,,,,,SE,10.0,0
384,47065,26.0,16.4,16.4,80.0,1.1,,,,,NW,10.0,0
385,47065,27.0,15.4,15.4,74.4,1.4,,,,,NW,10.0,0
386,47065,25.2,16.8,16.8,75.2,2.1,,,,,SW,10.0,0
387,47065,22.7,15.0,15.0,73.4,1.9,,,,,NW,5.0,0
388,47065,25.1,13.6,13.6,64.0,1.6,,,,,NW,5.0,0
389,47065,26.4,13.2,13.2,68.0,1.1,,,,,NW,20.0,0
390,47065,26.4,11.7,11.7,60.8,2.1,,,,,SE,10.0,0
391,47065,24.0,13.4,13.4,58.4,2.2,,,,,SE,10.0,0
392,47065,24.0,15.4,15.4,68.8,0.5,,,,,SE,10.0,0
393,47065,18.8,14.8,14.8,89.4,1.6,,,,,SE,5.0,0
394,47065,20.6,18.1,18.1,95.7,0.8,,,,,SE,5.0,0
395,47065,28.8,18.2,18.2,85.6,1.4,,,,,NW,10.0,0
396,47065,25.0,18.2,18.2,78.0,0.2,,,,,S,10.0,0
397,47065,25.2,16.4,16.4,77.8,0.6,,,,,SE,10.0,0
398,47065,26.0,18.4,18.4,82.4,1.1,,,,,W,10.0,0
399,47065,23.8,17.2,17.2,82.2,1.8,,,,,NW,10.0,0
400,47065,26.2,16.2,16.2,67.8,3.0,,,,,NW,20.0,0
401,47065,27.4,14.4,14.4,72.1,0.6,,,,,NW,20.0,0
402,47065,26.2,15.2,15.2,72.1,1.8,,,,,SW,10.0,0
403,47065,22.4,17.0,17.0,81.4,0.5,,,,,SW,10.0,0
404,47065,24.0,18.2,18.2,80.9,2.5,,,,,SE,10.0,0
405,47065,22.2,17.6,17.6,87.2,2.6,,,,,SE,10.0,0
406,47065,27.0,15.0,15.0,78.5,0.6,,,,,S,10.0,0
407,47065,26.0,18.2,18.2,80.2,1.0,,,,,SE,10.0,0
408,47065,26.0,15.0,15.0,83.0,0.6,,,,,NW,10.0,0
409,47065,26.2,15.6,15.6,80.6,0.1,,,,,SW,10.0,0
410,47065,25.0,16.0,16.0,84.2,1.1,,,,,NW,10.0,0
411,47065,24.2,14.8,14.8,87.4,0.6,,,,,NW,10.0,0
412,47065,28.0,16.4,16.4,78.7,0.9,,,,,NW,10.0,0
413,47065,29.6,17.0,17.0,72.6,0.5,,,,,SW,10.0,0
414,47065,29.4,18.2,18.2,77.6,1.4,,,,,NW,10.0,0
415,47065,29.6,18.8,18.8,81.1,2.1,,,,,NW,10.0,0
416,47065,32.0,20.2,20.2,73.6,1.0,,,,,SW,10.0,0
417,47065,24.8,22.0,22.0,87.2,0.1,,,,,NW,10.0,0
418,47065,22.4,19.0,19.0,93.3,0.0,,,,,,10.0,0
419,47065,26.4,18.6,18.6,87.3,2.0,,,,,NW,10.0,0
420,47065,31.0,18.5,18.5,79.7,0.5,,,,,NW,5.0,0
421,47065,31.0,21.2,21.2,78.0,0.2,,,,,SE,10.0,0
422,47065,31.0,21.0,21.0,77.1,0.5,,,,,NW,10.0,0
423,47065,26.2,21.8,21.8,88.2,3.4,,,,,SE,10.0,0
424,47065,28.8,21.2,21.2,79.8,2.4,,,,,SE,10.0,0
425,47065,29.7,20.2,20.2,78.9,1.0,,,,,SE,10.0,0
426,47065,24.0,22.4,22.4,94.9,1.4,,,,,SE,10.0,0
427,47065,30.0,20.5,20.5,85.8,0.2,,,,,NW,10.0,0
428,47065,31.4,22.4,22.4,85.7,0.2,,,,,W,0.2,1
429,47065,30.0,22.8,22.8,87.2,0.0,,,,,,4.0,0
430,47065,32.4,23.0,23.0,83.2,0.0,,,,,,5.0,0
431,47065,26.2,23.7,23.7,92.5,1.6,,,,,SE,10.0,0
432,47065,29.0,21.6,21.6,87.8,2.8,,,,,SE,10.0,0
433,47065,31.0,22.4,22.4,84.8,3.4,,,,,SE,10.0,0
434,47065,31.0,22.0,22.0,82.4,1.8,,,,,SE,10.0,0
435,47065,29.6,22.5,22.5,85.1,0.9,,,,,SE,10.0,0
436,47065,27.6,20.4,20.4,91.5,1.6,,,,,SE,10.0,0
437,47065,29.4,23.0,23.0,88.1,0.5,,,,,SSW,10.0,0
438,47065,27.5,23.8,23.8,91.1,0.5,,,,,SE,10.0,0
439,47065,28.8,22.6,22.6,90.8,0.6,,,,,SE,10.0,0
440,47065,25.4,24.0,24.0,97.1,2.0,,,,,SE,10.0,0
441,47065,26.2,24.0,24.0,93.9,1.6,,,,,SE,10.0,0
442,47065,29.9,24.3,24.3,88.1,1.8,,,,,SE,10.0,0
443,47065,27.5,22.4,22.4,84.2,0.0,,,,,,10.0,0
444,47065,29.0,21.7,21.7,86.5,1.0,,,,,SW,10.0,0
445,47065,30.2,21.2,21.2,86.2,0.6,,,,,NW,10.0,0
446,47065,31.0,21.6,21.6,86.0,0.8,,,,,NW,2.0,0
447,47065,31.8,21.2,21.2,79.1,0.2,,,,,NW,10.0,0
448,47065,32.8,21.0,21.0,78.4,0.2,,,,,SW,10.0,0
449,47065,30.6,23.8,23.8,82.3,3.5,,,,,SE,10.0,0
450,47065,29.9,24.2,24.2,92.4,0.4,,,,,SE,10.0,0
451,47065,29.6,24.2,24.2,92.4,0.0,,,,,,10.0,0
452,47065,29.0,23.4,23.4,89.5,1.1,,,,,SE,10.0,0
453,47065,28.5,22.5,22.5,93.7,0.8,,,,,SE,10.0,0
454,47065,31.8,24.2,24.2,85.9,0.8,,,,,SW,20.0,0
455,47065,32.2,24.2,24.2,85.6,0.8,,,,,SE,10.0,0
456,47065,28.0,25.2,25.2,91.0,0.2,,,1,,SE,10.0,0
457,47065,32.0,24.5,24.5,88.1,0.0,,,,,,10.0,0
458,47065,32.5,25.0,25.0,88.0,0.6,,,1,,NW,10.0,0
459,47065,-2.2,-6.6,-6.6,58.4,6.8,,,,,NW,10.0,0
460,47065,4.6,-8.6,-8.6,75.3,1.6,,,,,SW,10.0,0
461,47065,5.4,-1.0,-1.0,75.8,1.1,,,,,NW,5.0,0
462,47065,8.6,-4.1,-4.1,68.7,0.0,,,,,,10.0,0
463,47065,11.2,1.4,1.4,73.5,0.4,,,,,NW,10.0,0
464,47065,8.6,2.0,2.0,77.0,0.9,,,,,NW,10.0,0
465,47065,7.0,-0.2,-0.2,67.9,1.4,,,,,NW,10.0,0
466,47065,3.0,-1.0,-1.0,63.4,3.9,,,,,NW,10.0,0
467,47065,4.2,-1.8,-1.8,62.5,2.5,,,,,NW,10.0,0
468,47065,10.8,-4.8,-4.8,64.4,1.0,,,,,NW,10.0,0
469,47065,10.0,2.7,2.7,80.8,3.2,,,,,SE,10.0,0
470,47065,9.6,3.0,3.0,81.9,2.6,,,,,NW,10.0,0
471,47065,12.6,0.8,0.8,69.8,1.4,,,,,SW,10.0,0
472,47065,16.4,0.4,0.4,63.7,0.4,,,,,SW,10.0,0
473,47065,17.5,3.2,3.2,68.9,1.8,,,,,SE,10.0,0
474,47065,15.8,5.0,5.0,74.3,2.1,,,,,SE,10.0,0
475,47065,9.6,3.4,3.4,61.0,4.9,,,,,NW,4.0,0
476,47065,12.2,-1.6,-1.6,59.2,0.6,,,,,NW,10.0,0
477,47065,9.9,3.5,3.5,67.7,4.0,,,,,NW,10.0,0
478,47065,6.8,0.0,0.0,62.5,4.1,,,,,NW,10.0,0
479,47065,11.4,-2.3,-2.3,62.6,0.5,,,,,NW,10.0,0
480,47065,11.3,4.2,4.2,70.4,4.9,,,,,SE,10.0,0
481,47065,14.8,7.0,7.0,83.7,1.0,,,,,NW,5.0,0
482,47065,20.8,4.2,4.2,74.4,0.0,,,,,,10.0,0
483,47065,12.6,7.8,7.8,70.3,2.6,,,,,SE,10.0,0
484,47065,11.6,3.4,3.4,86.8,0.4,,,,,NW,10.0,0
485,47065,14.4,3.6,3.6,78.3,2.5,,,,,SE,10.0,0
486,47065,10.4,8.2,8.2,89.2,2.4,,,,,SE,10.0,0
487,47065,10.8,0.9,0.9,78.3,1.8,,,,,NW,10.0,0
488,47065,11.6,2.4,2.4,60.8,3.2,,,,,S,10.0,0
489,47065,13.5,2.0,2.0,55.1,0.5,,,,,NW,10.0,0
490,47065,15.8,1.8,1.8,62.3,0.8,,,,,NW,10.0,0
491,47065,21.7,5.2,5.2,62.6,1.2,,,,,SE,10.0,0
492,47065,19.2,8.4,8.4,71.9,2.8,,,,,NW,10.0,0
493,47065,19.4,7.6,7.6,60.8,1.8,,,,,NW,10.0,0
494,47065,18.6,7.8,7.8,63.2,2.0,,,,,NW,10.0,0
495,47065,19.0,5.0,5.0,54.3,1.5,,,,,SE,10.0,0
496,47065,22.2,7.6,7.6,54.4,1.8,,,,,SE,10.0,0
497,47065,21.0,8.8,8.8,67.6,1.5,,,,,NW,10.0,0
498,47065,19.2,7.4,7.4,67.3,1.5,,,,,NW,10.0,0
499,47065,16.8,9.0,9.0,68.6,3.5,,,,,SE,10.0,0
500,47065,19.6,11.4,11.4,70.2,2.1,,,,,SE,10.0,0
501,47065,23.4,9.2,9.2,65.0,0.0,,,,,,10.0,0
502,47065,24.0,9.2,9.2,72.0,1.2,,,,,NW,10.0,0
503,47065,28.0,10.2,10.2,66.3,1.2,,,,,S,10.0,0
504,47065,18.2,12.4,12.4,81.1,3.1,,,,,SE,10.0,0
505,47065,17.0,11.2,11.2,81.8,1.4,,,,,NW,10.0,0
506,47065,20.8,7.8,7.8,72.2,0.6,,,,,NW,10.0,0
507,47065,24.8,8.8,8.8,60.4,0.9,,,,,NW,10.0,0
508,47065,24.0,10.4,10.4,67.6,0.9,,,,,SE,10.0,0
509,47065,17.0,13.0,13.0,78.8,0.8,,,,,SE,10.0,0
510,47065,20.4,10.0,10.0,75.0,0.8,,,,,SE,10.0,0
511,47065,22.2,14.0,14.0,64.6,1.5,,,,,SE,10.0,0
512,47065,21.0,12.8,12.8,64.8,5.0,,,,,SE,10.0,0
513,47065,16.0,9.8,9.8,84.6,1.5,,,,,SE,10.0,0
514,47065,18.5,9.8,9.8,84.6,1.0,,,,,SW,10.0,0
515,47065,24.4,9.8,9.8,70.0,1.8,,,,,SW,10.0,0
516,47065,23.7,9.0,9.0,68.2,1.6,,,,,NW,10.0,0
517,47065,25.8,10.4,10.4,68.1,0.5,,,,,NW,10.0,0
518,47065,25.3,13.2,13.2,63.7,2.5,,,,,SE,20.0,0
519,47065,20.2,11.0,11.0,67.4,2.4,,,,,NW,10.0,0
520,47065,23.0,9.0,9.0,61.1,1.6,,,,,NW,20.0,0
521,47065,25.0,8.8,8.8,50.3,1.6,,,,,NW,20.0,0
522,47065,25.5,10.0,10.0,55.4,2.0,,,,,NW,10.0,0
523,47065,27.0,10.8,10.8,57.9,2.0,,,,,SW,10.0,0
524,47065,19.0,16.0,16.0,84.2,1.6,,,,,SE,10.0,0
525,47065,14.6,13.2,13.2,95.5,1.2,,,,,S,10.0,0
526,47065,17.2,12.7,12.7,83.6,0.8,,,,,NE,10.0,0
527,47065,20.4,12.0,12.0,72.2,1.1,,,,,SE,10.0,0
528,47065,21.7,9.0,9.0,74.6,2.5,,,,,SW,10.0,0
529,47065,22.0,12.8,12.8,67.3,4.1,,,,,SE,10.0,0
530,47065,16.2,12.6,12.6,88.4,2.5,,,,,SE,10.0,0
531,47065,19.2,7.8,7.8,76.8,2.9,,,,,NW,20.0,0
532,47065,24.4,8.8,8.8,62.8,0.9,,,,,NW,10.0,0
533,47065,24.5,12.0,12.0,57.5,2.2,,,,,SE,20.0,0
534,47065,15.9,9.7,9.7,84.7,3.0,,,,,NW,10.0,0
535,47065,20.4,5.9,5.9,71.1,1.9,,,,,NW,10.0,0
536,47065,24.4,8.8,8.8,73.6,3.2,,,,,SE,10.0,0
537,47065,23.1,14.8,14.8,77.5,3.5,,,,,SE,20.0,0
538,47065,26.2,15.2,15.2,75.8,2.2,,,,,SE,20.0,0
539,47065,23.0,18.2,18.2,81.2,0.2,,,,,NW,10.0,0
540,47065,27.0,14.8,14.8,82.5,1.6,,,,,NW,5.0,0
541,47065,23.2,15.8,15.8,84.6,1.0,,,,,NW,3.4,0
542,47065,24.5,15.6,15.6,82.4,1.5,,,,,NW,10.0,0
543,47065,24.2,16.2,16.2,81.5,1.5,,,,,NW,10.0,0
544,47065,23.4,18.0,18.0,78.0,2.2,,,,,SW,10.0,0
545,47065,20.0,16.4,16.4,84.7,3.5,,,,,SE,10.0,0
546,47065,22.4,12.8,12.8,72.3,3.9,,,,,NW,10.0,0
547,47065,25.0,13.4,13.4,68.1,2.5,,,,,NW,20.0,0
548,47065,27.0,11.8,11.8,66.0,1.5,,,,,SW,20.0,0
549,47065,23.6,16.6,16.6,64.9,0.5,,,,,SE,10.0,0
550,47065,25.2,14.0,14.0,74.8,1.9,,,,,NW,20.0,0
551,47065,24.0,14.2,14.2,68.5,2.5,,,,,NW,20.0,0
552,47065,25.8,14.0,14.0,67.2,1.8,,,,,NW,10.0,0
553,47065,28.2,13.4,13.4,64.4,0.2,,,,,SE,20.0,0
554,47065,28.4,14.2,14.2,64.2,2.1,,,,,NW,10.0,0
555,47065,29.0,15.6,15.6,66.0,0.9,,,,,NW,10.0,0
556,47065,29.2,16.8,16.8,68.5,1.4,,,,,NW,20.0,0
557,47065,26.8,16.4,16.4,71.9,0.5,,,,,SW,10.0,0
558,47065,23.5,17.2,17.2,85.7,1.2,,,,,S,10.0,0
559,47065,26.8,16.8,16.8,82.5,0.9,,,,,SE,5.0,0
560,47065,27.8,18.6,18.6,84.1,1.1,,,,,SE,10.0,0
561,47065,30.4,19.8,19.8,73.3,1.4,,,,,SE,10.0,0
562,47065,26.4,18.4,18.4,76.6,0.8,,,,,SE,10.0,0
563,47065,30.8,17.5,17.5,75.2,1.1,,,,,SW,10.0,0
564,47065,28.4,21.4,21.4,74.2,1.9,,,,,SE,10.0,0
565,47065,27.0,21.0,21.0,82.6,1.5,,,,,NW,10.0,0
566,47065,29.0,18.7,18.7,69.3,1.6,,,,,NW,10.0,0
567,47065,31.8,16.0,16.0,60.1,1.1,,,,,SW,20.0,0
568,47065,33.6,18.8,18.8,68.5,0.1,,1,,,SE,20.0,0
569,47065,33.8,20.6,20.6,62.6,0.8,,1,,,NW,10.0,0
570,47065,32.7,19.8,19.8,62.4,0.9,,,,,SE,20.0,0
571,47065,32.2,19.8,19.8,71.9,0.9,,,,,NW,10.0,0
572,47065,27.8,22.2,22.2,84.0,1.5,,,,,SE,10.0,0
573,47065,30.0,19.5,19.5,84.2,1.0,,,,,NW,10.0,0
574,47065,25.2,17.7,17.7,80.6,2.0,,,,,NW,10.0,0
575,47065,26.0,18.0,18.0,68.7,3.1,,,,,NW,10.0,0
576,47065,31.3,17.8,17.8,65.7,0.8,,,,,NW,20.0,0
577,47065,31.6,18.0,18.0,65.7,1.2,,,,,NW,10.0,0
578,47065,32.2,18.8,18.8,64.5,1.0,,,,,NW,20.0,0
579,47065,30.6,18.7,18.7,67.9,2.4,,,,,SE,10.0,0
580,47065,28.7,22.4,22.4,86.2,1.9,,,,,NW,10.0,0
581,47065,30.6,21.4,21.4,80.0,0.5,,,,,S,10.0,0
582,47065,24.5,21.2,21.6,92.3,4.5,,,,,SE,10.0,0
583,47065,24.6,22.2,22.2,84.5,3.6,,,,,SW,10.0,0
584,47065,26.2,21.2,21.2,89.2,0.5,,,,,SE,10.0,0
585,47065,27.0,21.2,21.2,86.5,1.6,,,,,SW,10.0,0
586,47065,25.8,20.8,20.8,92.5,2.5,,,,,SE,10.0,0
587,47065,28.2,20.0,20.0,85.5,0.8,,,,,SE,10.0,0
588,47065,29.4,22.5,22.5,88.8,1.0,,,,,SE,10.0,0
589,47065,28.0,23.4,23.4,88.4,0.2,,,,,S,10.0,0
590,47065,31.0,23.0,23.0,84.1,1.2,,,,,NW,20.0,0
591,47065,31.2,21.4,21.4,83.7,0.8,,,,,NW,10.0,0
592,47065,30.0,21.8,21.8,85.5,0.5,,,,,NW,10.0,0
593,47065,31.2,21.6,21.6,87.6,0.1,,,,,NW,10.0,0
594,47065,31.2,22.4,22.4,78.5,0.4,,,,,SE,10.0,0
595,47065,31.2,23.6,23.6,74.2,1.2,,,,,SE,10.0,0
596,47065,28.4,24.0,24.0,81.8,2.4,,,,,SE,10.0,0
597,47065,26.4,23.0,23.0,94.1,2.1,,,,,SE,10.0,0
598,47065,29.6,23.5,23.5,92.0,1.2,,,,,SE,10.0,0
599,47065,30.0,21.8,21.8,83.7,0.6,,,,,S,10.0,0
600,47065,26.2,24.6,24.6,92.1,2.0,,,,,SE,10.0,0
601,47065,30.0,22.2,22.2,86.6,3.4,,,,,S,10.0,0
602,47065,28.6,24.6,25.2,91.7,0.5,,,1,,SE,10.0,0
603,47065,28.2,23.8,23.8,91.1,0.8,,,,,SW,10.0,0
604,47065,30.0,24.2,24.2,89.3,1.4,,,,,SE,10.0,0
605,47065,30.0,25.4,25.4,89.2,0.0,,,1,,,10.0,0
606,47065,30.2,25.0,25.0,90.2,1.8,,,1,,SE,10.0,0
607,47065,29.2,26.4,26.4,92.5,0.9,,,1,,S,10.0,0
608,47065,29.1,26.5,26.5,88.2,2.9,,,1,,S,10.0,0
609,47065,28.3,26.0,26.0,93.0,1.4,,,1,,S,10.0,0
610,47065,32.2,25.4,25.4,91.0,0.2,,,1,,SW,10.0,0
611,47065,30.3,25.8,25.8,85.2,2.4,,,1,,SE,10.0,0
612,47065,13.2,1.0,1.0,78.3,0.1,,,,,NW,0.2,2
613,47065,9.4,0.0,0.0,89.5,1.4,,,,,SE,0.2,3
614,47065,6.2,1.2,1.2,77.5,1.2,,,,,SE,10.0,0
615,47065,2.8,0.3,0.3,76.0,0.2,,,,,SE,10.0,0
616,47065,6.5,0.8,0.8,82.6,1.0,,,,,NW,10.0,0
617,47065,7.6,-1.2,-1.2,71.1,2.1,,,,,NW,10.0,0
618,47065,8.4,-1.2,-1.2,69.3,0.5,,,,,NW,10.0,0
619,47065,10.0,-0.2,-0.2,74.3,0.2,,,,,NW,10.0,0
620,47065,12.1,-1.2,-1.2,74.3,0.0,,,,,,10.0,0
621,47065,13.2,0.2,0.2,73.7,0.0,,,,,,10.0,0
622,47065,14.4,2.0,2.0,70.2,0.1,,,,,N,10.0,0
623,47065,11.8,6.2,6.2,74.2,0.9,,,,,NW,5.0,0
624,47065,14.2,1.0,1.0,63.6,1.5,,,,,NW,5.0,0
625,47065,15.0,1.4,1.4,60.3,2.1,,,,,NW,10.0,0
626,47065,15.8,4.0,4.0,64.5,1.1,,,,,NW,10.0,0
627,47065,5.6,1.0,1.0,71.1,4.8,,,,,NW,10.0,0
628,47065,5.2,-3.0,-3.0,70.0,0.4,,,,,NW,10.0,0
629,47065,2.4,-2.4,-2.4,84.4,2.6,,,,,NW,10.0,0
630,47065,5.4,-4.4,-4.4,71.1,0.0,,,,,,10.0,0
631,47065,13.5,0.0,0.0,73.2,2.1,,,,,SE,10.0,0
632,47065,18.6,3.6,3.6,77.1,1.8,,,,,E,10.0,0
633,47065,21.8,6.1,6.1,71.1,1.9,,,,,SE,10.0,0
634,47065,21.4,7.6,7.6,69.4,3.8,,,,,SE,10.0,0
635,47065,21.6,11.0,11.0,68.5,2.6,,,,,SE,10.0,0
636,47065,16.0,6.5,6.5,72.6,4.5,,,,,SE,10.0,0
637,47065,19.2,3.2,3.2,71.1,1.6,,,,,SE,10.0,0
638,47065,15.0,5.7,5.7,71.3,4.2,,,,,NW,10.0,0
639,47065,7.2,3.0,3.0,62.8,5.1,,,,,NW,10.0,0
640,47065,4.0,-0.8,-0.8,68.2,3.9,,,,,NW,10.0,0
641,47065,7.2,-4.2,-4.2,65.8,2.8,,,,,NW,10.0,0
642,47065,13.4,-2.6,-2.6,60.7,0.9,,,,,SW,20.0,0
643,47065,15.6,4.6,4.6,64.7,3.0,,,,,SE,10.0,0
644,47065,8.8,3.8,3.8,74.9,0.5,,,,,SE,10.0,0
645,47065,14.2,3.8,3.8,73.0,0.9,,,,,W,10.0,0
646,47065,15.6,3.0,3.0,65.9,1.0,,,,,SW,10.0,0
647,47065,8.6,5.8,5.8,88.5,1.9,,,,,SE,10.0,0
648,47065,16.0,4.8,4.8,71.7,0.4,,,,,NW,10.0,0
649,47065,16.4,4.2,4.2,67.9,4.4,,,,,SE,10.0,0
650,47065,17.0,7.4,7.4,73.9,2.6,,,,,NW,10.0,0
651,47065,14.8,6.2,6.2,70.5,1.5,,,,,SE,10.0,0
652,47065,17.6,6.2,6.2,73.1,2.0,,,,,NW,10.0,0
653,47065,23.3,5.4,5.4,63.6,0.5,,,,,SW,10.0,0
654,47065,18.2,0.8,0.8,77.1,3.0,,,,,SE,10.0,0
655,47065,6.4,0.4,0.4,87.5,1.8,,,,,SW,10.0,0
656,47065,8.2,3.4,3.4,82.6,2.5,,,,,SE,10.0,0
657,47065,13.0,2.4,2.4,81.3,1.6,,,,,NW,10.0,0
658,47065,18.6,5.8,5.8,73.3,2.5,,,,,SE,10.0,0
659,47065,17.9,12.4,12.4,78.8,4.0,,,,,SE,10.0,0
660,47065,18.6,12.2,12.2,78.2,0.2,,,,,NW,10.0,0
661,47065,14.2,10.5,10.5,89.0,0.5,,,,,SE,10.0,0
662,47065,21.6,6.6,6.6,78.1,0.8,,,,,NW,0.3,1
663,47065,22.0,9.8,9.8,78.5,1.2,,,,,SE,10.0,0
664,47065,19.2,13.2,13.2,87.9,0.4,,,,,NW,10.0,0
665,47065,21.0,10.6,10.6,75.8,0.8,,,,,NW,10.0,0
666,47065,16.2,9.8,9.8,66.2,3.4,,,,,NW,10.0,0
667,47065,16.0,7.0,7.0,53.4,1.9,,,,,NW,10.0,0
668,47065,21.8,5.4,5.4,54.9,0.9,,,,,SE,10.0,0
669,47065,20.4,11.6,11.6,67.4,1.9,,,,,SE,10.0,0
670,47065,17.2,7.0,7.0,61.5,3.5,,,,,NW,10.0,0
671,47065,21.6,6.2,6.2,56.1,1.2,,,,,SW,10.0,0
672,47065,22.6,11.6,11.6,53.6,4.5,,,,,SE,10.0,0
673,47065,16.0,11.4,11.4,73.8,3.4,,,,,SE,10.0,0
674,47065,17.2,7.2,7.2,70.0,2.0,,,,,NW,10.0,0
675,47065,14.4,8.2,8.2,81.3,1.2,,,,,NW,10.0,0
676,47065,18.2,7.0,7.0,66.2,2.9,,,,,NW,10.0,0
677,47065,13.6,8.4,8.4,75.4,0.2,,,,,NW,10.0,0
678,47065,17.2,6.2,6.2,72.2,2.4,,,,,NW,10.0,0
679,47065,18.4,8.2,8.2,71.1,0.0,,,,,,10.0,0
680,47065,22.2,7.8,7.8,68.4,0.4,,,,,S,10.0,0
681,47065,15.8,14.0,14.0,82.5,0.0,,,,,,10.0,0
682,47065,16.2,11.8,11.8,92.2,1.4,,,,,NW,10.0,0
683,47065,21.0,10.6,10.6,77.8,0.2,,,,,SE,10.0,0
684,47065,22.3,9.2,9.2,74.7,1.4,,,,,SE,10.0,0
685,47065,23.2,15.6,15.6,63.8,3.4,,,,,SE,10.0,0
686,47065,22.8,14.8,14.8,67.4,3.1,,,,,SE,10.0,0
687,47065,22.2,14.6,14.6,85.2,0.2,,,,,NW,10.0,0
688,47065,21.4,14.8,14.8,85.6,1.2,,,,,SE,10.0,0
689,47065,22.4,13.2,13.2,85.4,2.0,,,,,NW,10.0,0
690,47065,20.4,8.8,8.8,69.7,1.0,,,,,NW,10.0,0
691,47065,18.6,12.0,12.0,68.3,1.9,,,,,SE,10.0,0
692,47065,23.5,15.8,15.8,84.3,2.8,,,,,SE,10.0,0
693,47065,24.0,19.5,19.5,87.5,1.2,,,,,SE,10.0,0
694,47065,26.0,16.2,16.2,72.4,1.2,,,,,NW,10.0,0
695,47065,19.2,13.2,13.2,78.9,0.4,,,,,SE,10.0,0
696,47065,18.4,12.8,12.8,82.3,0.0,,,,,,10.0,0
697,47065,23.5,10.2,10.2,76.4,0.2,,,,,NW,10.0,0
698,47065,25.2,12.0,12.0,72.9,0.9,,,,,SW,10.0,0
699,47065,24.0,12.0,12.0,76.9,0.6,,,,,SE,10.0,0
700,47065,24.8,13.0,13.0,80.4,0.4,,,,,W,10.0,0
701,47065,25.4,14.4,14.4,74.4,1.2,,,,,NW,10.0,0
702,47065,26.6,12.8,12.8,70.0,0.5,,,,,NW,10.0,0
703,47065,25.6,15.6,15.6,75.3,0.5,,,,,NW,10.0,0
704,47065,27.6,16.0,16.0,69.6,0.4,,,,,NW,10.0,0
705,47065,23.8,16.2,16.2,66.2,0.5,,,,,NW,10.0,0
706,47065,24.2,15.0,15.0,67.8,1.8,,,,,NW,10.0,0
707,47065,22.2,15.0,15.0,68.4,2.4,,,,,NW,10.0,0
708,47065,27.7,12.6,12.6,64.3,1.9,,,,,SE,10.0,0
709,47065,28.0,18.2,18.2,59.7,2.9,,,,,SE,10.0,0
710,47065,23.6,18.2,18.2,85.8,2.5,,,,,SE,10.0,0
711,47065,28.2,18.6,18.6,79.6,0.0,,,,,,10.0,0
712,47065,28.3,18.2,18.2,74.4,0.2,,,,,SW,5.0,0
713,47065,24.6,19.3,19.3,71.1,2.5,,,,,NW,10.0,0
714,47065,28.0,14.0,14.0,69.5,1.5,,,,,NW,10.0,0
715,47065,30.2,16.2,16.2,62.1,0.5,,,,,SW,10.0,0
716,47065,25.8,15.8,15.8,68.0,0.2,,,,,SE,10.0,0
717,47065,30.2,19.0,19.0,72.9,1.2,,,,,NW,10.0,0
718,47065,27.0,18.8,18.8,82.5,1.6,,,,,SE,10.0,0
719,47065,26.7,21.4,21.4,85.7,0.9,,,,,SE,10.0,0
720,47065,28.5,17.8,17.8,75.0,0.5,,,,,SW,10.0,0
721,47065,29.7,17.4,17.4,72.1,0.8,,,,,S,10.0,0
722,47065,28.8,20.4,20.4,71.4,2.2,,,,,SE,10.0,0
723,47065,25.0,22.1,22.1,96.0,2.0,,,,,SE,10.0,0
724,47065,26.4,19.6,19.6,84.1,0.4,,,,,NW,10.0,0
725,47065,29.4,16.0,16.0,70.9,0.4,,,,,NW,10.0,0
726,47065,31.2,17.2,17.2,72.7,0.0,,,,,,10.0,0
727,47065,27.4,20.0,20.0,81.2,0.0,,,,,,10.0,0
728,47065,24.2,18.8,18.8,90.4,0.0,,,,,,10.0,0
729,47065,27.0,19.0,19.0,85.7,0.0,,,,,,10.0,0
730,47065,25.2,22.2,22.2,91.7,0.4,,,,,SE,10.0,0
731,47065,29.0,23.6,23.6,82.0,1.4,,,,,SE,10.0,0
732,47065,28.2,23.6,23.6,88.2,1.0,,,,,SE,10.0,0
733,47065,27.4,24.2,24.2,87.8,2.8,,,,,SE,10.0,0
734,47065,29.6,25.3,25.3,83.8,1.2,,,1,,SW,20.0,0
735,47065,26.2,24.7,24.7,90.8,1.9,,,,,SE,10.0,0
736,47065,27.8,23.6,23.6,87.4,2.1,,,,,SE,10.0,0
737,47065,25.8,23.9,23.9,90.5,0.9,,,,,SE,10.0,0
738,47065,29.2,24.6,24.6,85.9,2.4,,,,,SE,10.0,0
739,47065,28.8,24.4,24.4,85.4,1.2,,,,,SE,10.0,0
740,47065,31.6,25.4,25.4,87.0,0.1,,,1,,S,10.0,0
741,47065,33.8,25.2,25.2,79.7,0.2,,1,1,,NW,10.0,0
742,47065,34.4,25.4,25.4,79.7,0.0,,1,1,,,10.0,0
743,47065,33.6,25.0,25.0,66.1,0.8,,1,1,,SE,10.0,0
744,47065,32.8,22.2,22.2,62.8,1.1,,,,,SE,10.0,0
745,47065,32.6,23.2,23.2,65.9,0.9,,,,,NW,10.0,0
746,47065,30.2,22.0,22.0,75.9,0.2,,,,,NW,10.0,0
747,47065,29.6,21.6,21.6,82.5,0.0,,,,,,10.0,0
748,47065,25.0,21.4,21.4,90.5,0.0,,,,,,10.0,0
749,47065,24.0,20.8,21.8,91.4,1.1,,,,,SE,10.0,0
750,47065,25.8,22.0,22.0,90.0,2.8,,,,,SE,10.0,0
751,47065,27.6,22.8,22.8,87.8,1.1,,,,,SE,10.0,0
752,47065,28.2,23.2,23.2,87.5,1.7,,,,,SE,10.0,0
753,47065,29.4,22.4,22.4,88.5,1.0,,,,,SW,10.0,0
754,47065,29.6,25.0,25.0,84.4,1.1,,,1,,S,10.0,0
755,47065,28.0,23.4,23.4,90.0,0.1,,,,,NW,10.0,0
756,47065,31.8,22.2,22.2,86.1,0.0,,,,,,10.0,0
757,47065,31.6,24.8,24.8,83.4,0.2,,,,,NW,5.0,0
758,47065,33.2,23.8,23.8,83.6,0.0,,1,,,,0.3,2
759,47065,33.4,23.6,23.6,80.0,0.0,,1,,,,10.0,0
760,47065,33.8,23.8,23.8,76.3,0.4,,1,,,NW,3.0,0
761,47065,34.0,22.0,22.0,77.1,0.2,,1,,,NW,20.0,0
762,47065,34.6,24.2,24.2,80.7,0.0,,1,,,,0.3,1
763,47065,30.0,24.8,24.8,85.8,0.0,,,,,,10.0,0
764,47065,31.8,25.6,25.6,86.0,0.0,,,1,,,10.0,0
0,47068,4.6,2.2,2.2,87.7,1.9,,,,,N,4.0,0
1,47068,5.3,-0.5,-0.5,77.6,1.8,,,,,NW,10.0,0
2,47068,7.6,-5.0,-5.0,75.4,2.5,,,,,SE,10.0,0
3,47068,9.2,0.2,0.2,75.4,2.6,,,,,E,10.0,0
4,47068,13.0,0.3,0.3,84.7,1.1,,,,,SW,0.2,1
5,47068,6.6,-0.2,-0.2,80.4,1.2,,,,,NW,10.0,0
6,47068,8.5,-0.2,-0.2,71.6,1.1,,,,,W,10.0,0
7,47068,10.0,-3.2,-3.2,80.9,1.6,,,,,SW,10.0,0
8,47068,11.0,-2.4,-2.4,75.4,0.6,,,,,SW,10.0,0
9,47068,12.9,-1.2,-1.2,79.5,1.2,,,,,NE,1.5,0
10,47068,12.4,0.2,0.2,78.8,1.1,,,,,NE,3.5,0
11,47068,14.2,4.5,4.5,83.3,0.9,,,,,W,3.5,0
12,47068,10.8,3.4,3.4,80.4,0.6,,,,,E,3.5,0
13,47068,13.6,0.8,0.8,83.3,1.0,,,,,W,0.0,3
14,47068,11.6,3.9,3.9,77.1,3.6,,,,,E,4.0,0
15,47068,7.6,3.8,3.8,64.4,3.1,,,,,NW,10.0,0
16,47068,12.2,-0.6,-0.6,61.5,1.2,,,,,NW,10.0,0
17,47068,14.6,-0.1,-0.1,58.4,0.5,,,,,NW,10.0,0
18,47068,16.5,4.4,4.4,63.1,1.0,,,,,ESE,10.0,0
19,47068,8.4,4.6,4.6,82.9,1.1,,,,,NW,3.5,0
20,47068,7.0,3.2,3.2,78.5,3.9,,,,,NW,10.0,0
21,47068,10.8,-0.8,-0.8,64.7,1.5,,,,,W,10.0,0
22,47068,15.3,0.4,0.4,69.4,2.2,,,,,SW,10.0,0
23,47068,13.0,6.8,6.8,69.5,3.5,,,,,SE,10.0,0
24,47068,16.6,6.2,6.2,76.9,1.6,,,,,SE,4.0,0
25,47068,17.2,2.6,2.6,79.7,2.4,,,,,E,0.5,1
26,47068,10.2,7.6,7.6,86.5,3.1,,,,,E,4.0,0
27,47068,11.8,8.0,8.0,94.1,3.0,,,,,NW,3.5,0
28,47068,13.4,6.0,6.0,73.3,2.2,,,,,W,3.5,0
29,47068,16.0,0.2,0.2,80.0,1.1,,,,,SW,10.0,0
30,47068,18.0,0.5,0.5,60.8,0.6,,,,,NE,10.0,0
31,47068,22.0,5.0,5.0,59.3,1.9,,,,,NE,10.0,0
32,47068,18.5,11.4,11.4,60.4,1.5,,,,,NE,10.0,0
33,47068,12.4,9.4,9.4,90.0,1.4,,,,,N,3.5,0
34,47068,13.4,6.8,6.8,80.7,2.8,,,,,N,10.0,0
35,47068,16.4,1.3,1.3,75.5,1.4,,,,,W,10.0,0
36,47068,19.0,3.7,3.7,64.5,2.4,,,,,SW,10.0,0
37,47068,18.0,6.0,6.0,70.8,1.9,,,,,SW,10.0,0
38,47068,16.6,4.0,4.0,51.8,2.0,,,,,NW,10.0,0
39,47068,17.2,2.2,2.2,65.5,1.4,,,,,SW,10.0,0
40,47068,16.6,3.5,3.5,61.7,2.5,,,,,E,10.0,0
41,47068,19.0,5.4,5.4,68.6,1.1,,,,,NE,10.0,0
42,47068,15.8,10.6,10.6,85.5,2.2,,,,,E,3.5,0
43,47068,10.7,4.4,4.4,70.3,5.9,,,,,NW,4.0,0
44,47068,12.4,1.4,1.4,63.7,2.1,,,,,W,10.0,0
45,47068,15.4,3.9,3.9,77.2,1.5,,,,,E,10.0,0
46,47068,14.6,6.8,6.8,59.4,4.0,,,,,W,10.0,0
47,47068,13.6,6.8,6.8,51.0,4.5,,,,,NW,10.0,0
48,47068,15.6,6.6,6.6,62.1,2.6,,,,,NW,10.0,0
49,47068,21.6,3.5,3.5,71.9,1.2,,,,,E,10.0,0
50,47068,19.4,7.6,7.6,67.0,2.2,,,,,E,10.0,0
51,47068,25.7,7.1,7.1,70.3,0.5,,,,,E,10.0,0
52,47068,23.1,12.6,12.6,63.4,1.2,,,,,E,10.0,0
53,47068,18.6,13.0,13.0,73.8,3.8,,,,,NE,3.5,0
54,47068,20.0,12.0,12.0,81.8,2.2,,,,,NE,4.0,0
55,47068,21.6,7.8,7.8,73.2,1.5,,,,,W,10.0,0
56,47068,18.1,7.4,7.4,71.5,1.9,,,,,SW,10.0,0
57,47068,14.8,12.2,12.2,83.0,3.4,,,,,SW,4.0,0
58,47068,19.8,8.6,8.6,80.8,1.1,,,,,W,3.5,0
59,47068,17.8,9.4,9.4,58.9,2.6,,,,,E,10.0,0
60,47068,12.6,8.4,8.4,84.5,2.6,,,,,SW,4.0,0
61,47068,14.6,4.7,4.7,77.9,2.4,,,,,NW,10.0,0
62,47068,18.2,7.2,7.2,67.0,1.5,,,,,W,4.0,0
63,47068,18.6,4.3,4.3,68.8,1.8,,,,,E,10.0,0
64,47068,13.6,9.9,9.9,91.9,2.0,,,,,E,3.5,0
65,47068,17.0,7.2,7.2,67.1,3.4,,,,,W,10.0,0
66,47068,18.8,9.6,9.6,68.8,2.6,,,,,S,10.0,0
67,47068,16.2,11.6,11.6,63.5,6.8,,,,,W,3.5,0
68,47068,17.2,6.8,6.8,66.9,4.4,,,,,E,10.0,0
69,47068,21.6,6.4,6.4,55.9,2.4,,,,,W,10.0,0
70,47068,20.2,8.9,8.9,67.4,1.1,,,,,SW,10.0,0
71,47068,25.7,7.4,7.4,60.0,2.4,,,,,E,10.0,0
72,47068,25.7,16.0,16.0,53.1,1.2,,,,,E,10.0,0
73,47068,25.7,12.7,12.7,69.9,0.8,,,,,W,10.0,0
74,47068,28.5,13.8,13.8,68.1,0.9,,,,,SW,10.0,0
75,47068,22.9,17.8,17.8,84.2,1.2,,,,,SE,10.0,0
76,47068,21.0,14.8,14.8,94.3,0.6,,,,,NE,4.0,0
77,47068,21.9,13.6,13.6,78.2,1.6,,,,,NNE,10.0,0
78,47068,24.3,9.0,9.0,76.2,1.1,,,,,SW,15.0,0
79,47068,25.3,10.2,10.2,72.0,0.5,,,,,W,10.0,0
80,47068,19.8,13.0,13.0,72.6,1.0,,,,,N,4.0,0
81,47068,21.5,13.8,13.8,83.5,1.9,,,,,NW,3.5,0
82,47068,24.3,10.8,10.8,64.2,0.8,,,,,W,15.0,0
83,47068,21.7,11.8,11.8,71.3,1.9,,,,,NE,10.0,0
84,47068,21.6,13.2,13.2,74.2,1.9,,,,,W,10.0,0
85,47068,19.0,10.8,10.8,74.1,2.5,,,,,W,3.5,0
86,47068,20.7,10.6,10.6,68.7,3.1,,,,,SE,10.0,0
87,47068,19.1,14.0,14.0,81.2,4.0,,,,,SW,3.5,0
88,47068,19.1,13.6,13.6,84.4,4.9,,,,,SE,3.5,0
89,47068,15.8,10.4,10.4,85.3,1.2,,,,,SW,10.0,0
90,47068,23.7,9.2,9.2,82.0,1.0,,,,,NE,0.3,1
91,47068,21.2,15.9,15.9,83.1,3.5,,,,,E,10.0,0
92,47068,18.4,14.6,14.6,88.3,3.0,,,,,E,4.0,0
93,47068,24.8,14.6,14.6,80.9,1.9,,,,,S,10.0,0
94,47068,19.8,15.4,15.4,83.9,0.8,,,,,W,4.0,0
95,47068,24.9,11.0,11.0,68.4,4.2,,,,,W,1.0,0
96,47068,25.8,14.4,14.4,60.2,1.5,,,,,SW,10.0,0
97,47068,25.7,13.6,13.6,69.4,2.6,,,,,SE,10.0,0
98,47068,21.1,17.6,17.6,80.2,2.2,,,,,E,10.0,0
99,47068,22.0,17.0,17.0,87.1,2.5,,,,,E,10.0,0
100,47068,29.1,16.4,16.4,73.3,1.1,,,,,E,0.5,1
101,47068,22.5,18.1,18.2,91.0,1.8,,,,,SE,3.5,0
102,47068,23.6,17.0,17.0,89.9,1.9,,,,,SW,3.5,0
103,47068,26.7,17.6,17.6,80.2,0.8,,,,,SW,0.2,3
104,47068,26.7,15.8,15.8,80.0,1.2,,,,,SW,0.1,2
105,47068,25.7,15.8,15.8,85.2,1.2,,,,,SW,0.5,2
106,47068,22.3,19.2,19.2,88.7,1.1,,,,,E,4.0,0
107,47068,28.4,18.4,18.4,78.3,2.4,,,,,E,10.0,0
108,47068,21.8,20.1,20.1,85.6,1.0,,,,,E,10.0,0
109,47068,23.3,18.6,18.6,90.1,1.4,,,,,SW,3.5,0
110,47068,26.2,15.9,15.9,70.7,2.2,,,,,E,10.0,0
111,47068,25.4,18.2,18.2,87.2,2.8,,,,,SE,4.0,0
112,47068,29.4,15.6,15.6,75.5,0.4,,,,,NW,0.1,1
113,47068,27.1,17.4,17.4,67.0,1.5,,,,,ESE,10.0,0
114,47068,26.4,16.8,16.8,72.6,1.2,,,,,SW,10.0,0
115,47068,26.7,16.0,16.0,72.9,0.8,,,,,W,10.0,0
116,47068,26.7,17.1,17.1,71.9,1.4,,,,,E,4.0,0
117,47068,24.7,19.5,19.5,91.3,1.6,,,,,E,4.0,0
118,47068,28.8,19.0,19.0,77.6,0.4,,,,,NE,4.0,0
119,47068,26.0,19.8,19.8,86.8,0.8,,,,,NE,4.0,0
120,47068,26.2,19.7,19.7,87.1,1.2,,,,,W,10.0,0
121,47068,25.9,20.8,20.8,92.3,1.2,,,,,E,4.0,0
122,47068,27.6,19.8,19.8,76.7,1.4,,,,,NE,10.0,0
123,47068,28.3,21.0,21.0,87.8,1.2,,,,,NE,10.0,0
124,47068,24.1,19.6,19.6,92.0,2.4,,,,,NE,4.0,0
125,47068,23.1,19.4,19.4,92.6,2.8,,,,,NE,3.5,0
126,47068,24.5,19.2,19.2,86.5,1.4,,,,,SE,10.0,0
127,47068,28.4,18.4,18.4,84.0,0.8,,,,,W,10.0,0
128,47068,28.5,19.4,19.4,82.9,1.6,,,,,NE,10.0,0
129,47068,27.9,20.2,20.2,85.5,1.2,,,,,WNW,10.0,0
130,47068,27.8,22.6,22.6,76.6,1.1,,,,,W,10.0,0
131,47068,27.8,22.3,22.3,78.5,2.2,,,,,E,10.0,0
132,47068,29.0,22.9,22.9,85.8,1.8,,,,,SE,4.0,0
133,47068,28.8,22.7,22.7,78.7,2.0,,,,,E,10.0,0
134,47068,27.7,26.1,26.1,84.9,3.2,,,1,,SE,10.0,0
135,47068,27.1,25.5,26.1,92.1,4.8,,,1,,SE,4.0,0
136,47068,30.0,25.5,25.5,87.0,2.4,,,1,,S,10.0,0
137,47068,30.9,23.6,23.6,78.6,1.8,,,,,E,10.0,0
138,47068,30.8,23.5,23.5,79.8,1.1,,,,,NE,10.0,0
139,47068,29.4,23.1,23.1,86.8,0.8,,,,,E,10.0,0
140,47068,30.8,23.7,23.7,80.5,1.4,,,,,NE,10.0,0
141,47068,31.8,22.7,22.7,78.6,0.8,,,,,NE,10.0,0
142,47068,32.7,22.3,22.3,76.0,0.1,,,,,SW,10.0,0
143,47068,33.7,23.7,23.7,74.6,0.9,,1,,,SE,10.0,0
144,47068,32.8,23.3,23.3,82.1,0.9,,,,,W,10.0,0
145,47068,33.9,22.9,22.9,81.5,0.8,,1,,,W,10.0,0
146,47068,33.6,22.3,22.3,72.1,0.9,,1,,,NE,10.0,0
147,47068,34.3,21.8,21.8,81.4,1.1,,1,,,E,10.0,0
148,47068,32.7,22.5,22.5,76.9,0.8,,,,,W,10.0,0
149,47068,32.7,23.7,23.7,70.0,1.0,,,,,W,10.0,0
150,47068,34.3,22.5,22.5,76.1,0.6,,1,,,S,10.0,0
151,47068,28.6,23.7,23.7,84.9,3.4,,,,,SE,4.0,0
152,47068,28.2,24.3,24.3,86.9,2.2,,,,,SE,10.0,0
153,47068,4.4,0.6,0.6,68.5,2.1,,,,,NW,10.0,0
154,47068,9.4,-4.6,-4.6,71.4,1.9,,,,,W,10.0,0
155,47068,10.2,-0.8,-0.8,66.2,0.6,,,,,W,10.0,0
156,47068,11.4,2.4,2.4,76.7,3.2,,,,,E,3.5,0
157,47068,3.8,-0.2,-0.2,59.7,4.6,,,,,NW,4.0,0
158,47068,2.6,-1.9,-1.9,63.1,2.2,,,,,N,10.0,0
159,47068,6.3,-5.1,-5.1,66.3,0.4,,,,,SW,10.0,0
160,47068,10.8,-1.0,-1.0,71.8,1.0,,,,,NE,10.0,0
161,47068,10.2,-0.6,-0.6,82.2,0.2,,,,,NW,0.2,2
162,47068,14.3,1.1,1.1,74.6,2.1,,,,,NE,10.0,0
163,47068,15.0,-1.2,-1.2,82.5,0.6,,,,,W,0.9,1
164,47068,14.0,0.2,0.2,77.5,1.5,,,,,SE,4.0,0
165,47068,14.3,7.4,7.4,86.0,0.6,,,,,SE,4.0,0
166,47068,8.4,3.8,3.8,90.1,2.4,,,,,W,4.0,0
167,47068,9.6,0.4,0.4,73.3,1.9,,,,,W,10.0,0
168,47068,10.8,0.8,0.8,77.9,1.0,,,,,E,3.5,0
169,47068,10.6,1.6,1.6,71.4,0.9,,,,,NE,10.0,0
170,47068,9.6,4.4,4.4,68.7,1.8,,,,,NE,10.0,0
171,47068,6.4,0.5,0.5,82.2,1.1,,,,,NE,4.0,0
172,47068,5.5,-1.4,-1.4,75.9,1.4,,,,,NW,10.0,0
173,47068,7.6,-2.4,-2.4,66.1,0.6,,,,,NW,10.0,0
174,47068,10.3,-1.2,-1.2,63.9,2.1,,,,,NW,10.0,0
175,47068,8.4,1.4,1.4,75.7,1.1,,,,,SW,10.0,0
176,47068,13.6,4.4,4.4,80.8,1.2,,,,,E,3.5,0
177,47068,11.0,5.6,5.6,84.6,3.4,,,,,NE,3.5,0
178,47068,12.6,7.5,7.5,83.5,4.1,,,,,NW,3.5,0
179,47068,9.0,3.2,3.2,57.2,1.6,,,,,N,10.0,0
180,47068,13.0,-1.2,-1.2,62.3,1.0,,,,,SW,10.0,0
181,47068,13.4,-1.2,-1.2,68.0,1.1,,,,,S,10.0,0
182,47068,10.6,5.6,5.6,80.8,2.0,,,,,E,3.5,0
183,47068,12.6,4.3,4.3,73.2,1.4,,,,,NW,10.0,0
184,47068,11.4,2.2,2.2,66.6,1.2,,,,,NW,10.0,0
185,47068,12.2,-2.4,-2.4,58.6,0.5,,,,,N,10.0,0
186,47068,14.6,-1.4,-1.4,65.9,1.2,,,,,SW,10.0,0
187,47068,15.4,-0.6,-0.6,71.9,1.0,,,,,SW,4.0,0
188,47068,14.4,4.4,4.4,69.8,1.1,,,,,E,10.0,0
189,47068,12.3,5.3,5.3,56.7,2.1,,,,,NW,10.0,0
190,47068,13.4,2.8,2.8,64.1,1.9,,,,,NW,10.0,0
191,47068,17.4,1.4,1.4,58.8,1.5,,,,,SE,10.0,0
192,47068,20.0,11.6,11.6,61.0,3.6,,,,,SE,10.0,0
193,47068,20.5,11.6,11.6,67.7,3.2,,,,,S,10.0,0
194,47068,21.6,14.8,14.8,76.1,2.9,,,,,SE,10.0,0
195,47068,15.0,10.0,10.0,90.3,2.6,,,,,S,4.0,0
196,47068,18.2,9.0,9.0,75.0,2.1,,,,,NE,10.0,0
197,47068,18.0,10.2,10.2,49.0,2.5,,,,,NE,10.0,0
198,47068,15.1,4.4,4.4,59.7,1.8,,,,,NW,10.0,0
199,47068,17.6,6.8,6.8,51.5,2.6,,,,,W,10.0,0
200,47068,18.2,2.2,2.2,60.0,2.1,,,,,NW,10.0,0
201,47068,19.0,8.8,8.8,56.5,2.1,,,,,SE,10.0,0
202,47068,20.0,3.8,3.8,55.0,1.5,,,,,E,4.0,0
203,47068,21.1,6.3,6.3,57.4,2.0,,,,,SE,10.0,0
204,47068,17.6,8.4,8.4,71.5,4.6,,,,,SE,10.0,0
205,47068,17.4,10.2,10.2,74.4,2.1,,,,,E,10.0,0
206,47068,22.3,4.0,4.0,59.1,1.2,,,,,SE,10.0,0
207,47068,17.7,6.8,6.8,72.7,4.1,,,,,E,10.0,0
208,47068,20.4,13.6,13.6,83.1,2.6,,,,,SE,3.5,0
209,47068,23.1,12.0,12.0,80.0,1.4,,,,,E,3.5,0
210,47068,16.5,10.6,10.6,58.5,4.2,,,,,NW,10.0,0
211,47068,20.0,7.0,7.0,52.3,1.6,,,,,NW,10.0,0
212,47068,14.9,10.2,10.2,81.3,1.2,,,,,SW,4.0,0
213,47068,14.2,7.0,7.0,78.4,1.0,,,,,SW,0.1,1
214,47068,16.0,5.0,5.0,63.7,3.1,,,,,W,10.0,0
215,47068,15.6,3.2,3.2,63.8,1.0,,,,,NW,10.0,0
216,47068,18.6,1.6,1.6,55.4,2.2,,,,,S,10.0,0
217,47068,21.6,12.9,12.9,52.6,1.6,,,,,SE,10.0,0
218,47068,21.1,11.6,11.6,60.0,4.1,,,,,S,10.0,0
219,47068,22.6,14.8,14.8,75.8,1.1,,,,,W,10.0,0
220,47068,17.2,12.0,12.0,65.2,3.0,,,,,NW,10.0,0
221,47068,17.4,10.4,10.4,59.2,1.4,,,,,NE,4.0,0
222,47068,20.1,6.8,6.8,72.2,1.2,,,,,SW,10.0,0
223,47068,22.0,7.8,7.8,67.7,1.2,,,,,SW,10.0,0
224,47068,20.0,12.2,12.2,69.5,0.9,,,,,SW,10.0,0
225,47068,21.2,7.8,7.8,65.0,1.0,,,,,E,10.0,0
226,47068,18.3,11.6,11.6,62.7,2.5,,,,,W,10.0,0
227,47068,16.6,9.0,9.0,58.5,3.5,,,,,W,10.0,0
228,47068,20.0,2.8,2.8,60.8,3.4,,,,,W,10.0,0
229,47068,22.4,8.6,8.6,62.1,1.6,,,,,SE,10.0,0
230,47068,25.4,11.7,11.7,68.7,2.9,,,,,E,10.0,0
231,47068,23.0,14.0,14.0,70.7,3.6,,,,,E,10.0,0
232,47068,24.7,12.4,12.4,75.0,2.8,,,,,E,3.5,0
233,47068,25.2,13.8,13.8,76.6,2.9,,,,,E,10.0,0
234,47068,25.2,11.7,11.7,81.5,0.8,,,,,W,3.5,0
235,47068,25.9,13.4,13.4,74.0,1.2,,,,,E,10.0,0
236,47068,29.9,14.2,14.2,69.4,1.4,,,,,E,3.5,0
237,47068,26.0,12.4,12.4,62.5,1.8,,,,,W,10.0,0
238,47068,21.6,13.6,13.6,85.7,1.4,,,,,SW,4.0,0
239,47068,21.4,10.1,10.1,74.2,4.6,,,,,W,10.0,0
240,47068,24.2,12.1,12.1,68.1,2.0,,,,,W,10.0,0
241,47068,26.5,14.2,14.2,63.8,3.8,,,,,E,10.0,0
242,47068,21.2,16.0,16.0,80.4,3.1,,,,,SE,10.0,0
243,47068,21.8,15.4,15.4,81.4,1.1,,,,,NNW,10.0,0
244,47068,24.7,10.0,10.0,70.6,2.6,,,,,S,10.0,0
245,47068,25.9,15.6,15.6,67.8,1.9,,,,,E,3.5,0
246,47068,26.7,14.3,14.3,71.0,1.6,,,,,S,10.0,0
247,47068,25.4,15.6,15.6,75.2,2.1,,,,,S,10.0,0
248,47068,24.9,18.0,18.0,76.3,1.9,,,,,SE,5.0,0
249,47068,23.6,19.0,19.0,72.2,0.5,,,,,ESE,10.0,0
250,47068,24.0,16.4,16.4,74.5,1.9,,,,,N,4.0,0
251,47068,20.6,13.8,13.8,71.6,1.5,,,,,NE,10.0,0
252,47068,24.9,12.6,12.6,68.5,1.4,,,,,E,10.0,0
253,47068,21.4,16.8,16.8,83.4,1.8,,,,,E,3.5,0
254,47068,18.3,16.6,16.6,92.0,1.2,,,,,E,3.5,0
255,47068,27.0,16.6,16.6,76.8,0.5,,,,,NE,10.0,0
256,47068,28.6,16.8,16.8,74.7,0.8,,,,,S,10.0,0
257,47068,25.5,18.2,18.2,78.2,2.0,,,,,E,10.0,0
258,47068,24.1,16.9,16.9,72.7,3.8,,,,,E,10.0,0
259,47068,18.9,14.2,14.2,88.8,1.5,,,,,NE,4.0,0
260,47068,24.1,14.1,14.1,81.5,1.0,,,,,SW,10.0,0
261,47068,22.7,16.4,16.4,81.9,3.1,,,,,E,10.0,0
262,47068,23.7,20.1,20.1,86.3,2.5,,,,,SE,4.0,0
263,47068,24.7,20.4,20.4,88.5,2.8,,,,,E,10.0,0
264,47068,26.3,20.6,20.6,88.3,2.2,,,,,E,10.0,0
265,47068,28.2,19.6,19.6,84.1,1.8,,,,,W,4.0,0
266,47068,27.4,20.3,20.3,78.6,2.2,,,,,S,10.0,0
267,47068,23.3,21.0,21.0,94.1,4.0,,,,,SE,3.5,0
268,47068,26.5,19.9,19.9,82.4,4.4,,,,,W,0.9,1
269,47068,29.4,17.2,17.2,81.6,2.9,,,,,SE,10.0,0
270,47068,25.2,23.7,23.7,82.7,4.0,,,,,SE,10.0,0
271,47068,24.6,22.3,22.3,94.5,5.6,,,,,E,4.0,0
272,47068,24.7,23.4,23.5,94.9,8.2,,,,,S,3.5,0
273,47068,25.2,22.3,22.3,92.2,3.6,,,,,S,4.0,0
274,47068,24.9,22.8,22.8,95.7,1.9,,,,,SE,4.0,0
275,47068,25.7,23.1,23.1,93.3,3.1,,,,,S,4.0,0
276,47068,27.1,23.2,23.2,80.7,1.9,,,,,SE,10.0,0
277,47068,28.9,19.8,19.8,84.5,0.5,,,,,W,3.5,0
278,47068,30.0,21.9,21.9,79.7,0.5,,,,,SW,10.0,0
279,47068,31.6,22.9,22.9,77.3,0.1,,,,,W,10.0,0
280,47068,30.0,23.5,23.5,81.3,2.8,,,,,SE,10.0,0
281,47068,27.5,24.3,24.3,94.0,6.9,,,,,S,3.5,0
282,47068,26.7,21.9,21.9,92.4,2.2,,,,,SW,4.0,0
283,47068,31.4,20.8,20.8,81.9,0.2,,,,,W,3.5,0
284,47068,31.0,23.7,23.7,79.0,1.4,,,,,E,10.0,0
285,47068,29.8,22.5,22.5,81.7,0.2,,,,,W,10.0,0
286,47068,27.3,22.3,22.3,87.3,0.9,,,,,E,4.0,0
287,47068,25.8,23.3,23.3,94.3,2.9,,,,,S,4.0,0
288,47068,27.6,22.5,22.5,85.9,1.8,,,,,SW,10.0,0
289,47068,28.4,20.8,20.8,84.1,0.9,,,,,SW,3.5,0
290,47068,28.6,21.8,21.8,78.0,1.0,,,,,NW,10.0,0
291,47068,28.8,20.6,20.6,77.7,0.9,,,,,W,0.2,1
292,47068,30.4,22.2,22.2,78.0,1.4,,,,,SW,3.5,0
293,47068,31.0,21.6,21.6,77.5,0.9,,,,,NW,3.5,0
294,47068,28.4,22.3,22.3,82.4,0.8,,,,,SW,4.0,0
295,47068,28.3,20.8,20.8,79.8,2.6,,,,,NW,4.0,0
296,47068,29.1,22.5,22.5,82.6,1.9,,,,,SW,5.0,0
297,47068,25.7,21.4,21.4,89.1,1.8,,,,,E,4.0,0
298,47068,26.9,20.8,20.8,85.7,1.8,,,,,NE,4.0,0
299,47068,30.2,19.6,19.6,80.1,0.1,,,,,W,10.0,0
300,47068,31.0,21.9,21.9,81.8,0.5,,,,,SW,5.0,0
301,47068,31.8,23.7,23.7,80.9,0.5,,,,,E,10.0,0
302,47068,30.8,24.4,24.4,77.3,1.5,,,,,SE,10.0,0
303,47068,30.2,24.7,24.7,80.8,1.9,,,,,E,10.0,0
304,47068,33.0,24.5,24.5,83.7,0.8,,1,,,N,4.0,0
305,47068,28.6,25.1,25.1,93.4,0.4,,,1,,NE,3.5,0
306,47068,7.4,2.6,2.6,78.5,2.0,,,,,NW,4.0,0
307,47068,5.8,-0.8,-0.8,49.8,2.9,,,,,NW,10.0,0
308,47068,12.2,-3.2,-3.2,69.8,1.0,,,,,W,10.0,0
309,47068,14.4,2.4,2.4,78.7,1.8,,,,,E,4.0,0
310,47068,13.4,-3.0,-3.0,76.4,0.9,,,,,SW,0.2,3
311,47068,14.6,0.0,0.0,62.0,2.5,,,,,SE,10.0,0
312,47068,14.4,6.2,6.2,80.3,3.9,,,,,E,4.0,0
313,47068,12.0,6.0,6.0,84.5,4.8,,,,,E,5.0,0
314,47068,14.6,5.2,5.2,80.6,2.5,,,,,E,10.0,0
315,47068,16.2,3.2,3.2,78.4,6.2,,,,,E,10.0,0
316,47068,17.6,6.8,6.8,74.0,2.5,,,,,E,4.0,0
317,47068,6.8,1.0,1.0,75.2,4.1,,,,,NW,4.0,0
318,47068,7.0,-2.6,-2.6,60.6,3.9,,,,,NW,10.0,0
319,47068,11.2,6.0,6.0,62.8,6.0,,,,,SE,10.0,0
320,47068,9.4,3.0,3.0,64.9,4.4,,,,,NW,10.0,0
321,47068,7.7,-1.3,-1.3,56.1,2.5,,,,,NW,10.0,0
322,47068,11.6,-2.8,-2.8,60.9,1.0,,,,,N,10.0,0
323,47068,11.2,0.8,0.8,59.1,2.6,,,,,W,10.0,0
324,47068,14.3,-0.7,-0.7,77.9,1.1,,,,,N,0.1,3
325,47068,14.6,-2.7,-2.7,66.0,1.4,,,,,E,10.0,0
326,47068,17.8,-0.3,-0.3,58.8,0.5,,,,,W,10.0,0
327,47068,16.1,1.7,1.7,68.4,0.4,,,,,E,10.0,0
328,47068,13.0,8.6,8.6,66.0,3.4,,,,,SW,4.0,0
329,47068,6.9,3.8,3.8,49.1,4.1,,,,,NW,10.0,0
330,47068,11.6,-0.3,-0.3,60.3,1.2,,,,,N,10.0,0
331,47068,9.6,2.0,2.0,50.6,3.6,,,,,NW,10.0,0
332,47068,12.0,-3.6,-3.6,64.6,1.2,,,,,E,10.0,0
333,47068,14.8,2.8,2.8,70.8,2.4,,,,,E,10.0,0
334,47068,16.4,0.2,0.2,77.9,1.1,,,,,SE,0.1,2
335,47068,18.8,2.0,2.0,67.1,0.9,,,,,W,10.0,0
336,47068,22.0,1.7,1.7,63.4,1.1,,,,,W,10.0,0
337,47068,22.5,2.1,2.1,60.6,0.9,,,,,W,10.0,0
338,47068,24.0,3.4,3.4,59.9,0.4,,,,,E,10.0,0
339,47068,23.8,6.6,6.6,55.4,1.4,,,,,W,10.0,0
340,47068,17.1,12.2,12.2,62.4,2.0,,,,,NE,4.0,0
341,47068,12.4,8.5,8.5,95.2,4.0,,,,,E,4.0,0
342,47068,10.8,6.4,6.4,84.7,2.2,,,,,W,0.5,1
343,47068,9.0,4.3,4.3,65.9,2.8,,,,,NW,10.0,0
344,47068,13.8,2.6,2.6,63.3,1.8,,,,,W,10.0,0
345,47068,17.4,1.2,1.2,63.4,2.4,,,,,SW,10.0,0
346,47068,15.0,8.4,8.4,66.4,5.2,,,,,S,10.0,0
347,47068,15.2,10.7,10.7,72.8,4.6,,,,,SW,4.0,0
348,47068,15.8,0.2,0.2,61.5,1.8,,,,,W,4.0,0
349,47068,15.8,5.1,5.1,51.3,0.9,,,,,SE,5.0,0
350,47068,14.6,8.6,8.6,75.9,1.5,,,,,SE,10.0,0
351,47068,12.4,8.2,8.2,80.2,1.5,,,,,SW,4.0,0
352,47068,15.8,6.8,6.8,65.7,2.6,,,,,SW,10.0,0
353,47068,15.2,3.4,3.4,71.4,1.2,,,,,SE,10.0,0
354,47068,20.4,11.2,11.2,66.4,2.6,,,,,E,4.0,0
355,47068,21.1,6.6,6.6,68.9,1.2,,,,,E,10.0,0
356,47068,17.0,12.6,12.6,81.0,0.9,,,,,E,3.5,0
357,47068,16.5,10.5,10.5,35.1,5.5,,,,,N,10.0,0
358,47068,19.8,8.6,8.6,33.5,1.6,,,,,N,10.0,0
359,47068,19.6,5.4,5.4,54.4,1.0,,,,,NW,10.0,0
360,47068,18.8,9.2,9.2,47.5,1.8,,,,,NW,10.0,0
361,47068,11.8,6.2,6.2,70.9,1.8,,,,,SW,10.0,0
362,47068,12.6,6.6,6.6,71.5,3.5,,,,,NW,10.0,0
363,47068,16.8,1.6,1.6,59.5,2.4,,,,,SE,10.0,0
364,47068,17.2,6.2,6.2,66.4,4.2,,,,,E,10.0,0
365,47068,13.1,9.2,9.2,88.6,4.8,,,,,NW,5.0,0
366,47068,15.7,6.4,6.4,72.8,1.9,,,,,W,10.0,0
367,47068,20.0,4.1,4.1,67.5,1.2,,,,,SE,10.0,0
368,47068,19.2,8.0,8.0,64.7,3.0,,,,,E,10.0,0
369,47068,22.9,9.7,9.7,61.1,3.0,,,,,E,10.0,0
370,47068,21.2,13.4,13.4,84.2,2.5,,,,,E,4.0,0
371,47068,17.0,15.4,15.4,95.1,2.0,,,,,E,3.5,0
372,47068,17.1,13.0,13.0,73.3,3.4,,,,,E,10.0,0
373,47068,19.4,8.5,8.5,60.2,0.4,,,,,NE,10.0,0
374,47068,20.9,7.6,7.6,70.0,1.0,,,,,SW,10.0,0
375,47068,22.1,5.4,5.4,62.1,1.2,,,,,W,10.0,0
376,47068,24.9,7.0,7.0,63.8,1.2,,,,,W,10.0,0
377,47068,23.7,7.9,7.9,58.3,1.0,,,,,W,10.0,0
378,47068,22.7,9.6,9.6,68.1,1.4,,,,,SW,10.0,0
379,47068,17.4,11.0,11.0,79.5,1.5,,,,,SE,4.0,0
380,47068,21.2,10.4,10.4,78.5,1.2,,,,,SE,10.0,0
381,47068,23.0,12.3,12.3,68.6,3.8,,,,,E,10.0,0
382,47068,27.4,14.6,14.6,73.0,5.5,,,,,SE,4.0,0
383,47068,21.6,15.4,15.4,83.3,4.7,,,,,SE,4.0,0
384,47068,23.6,15.1,15.1,81.9,1.1,,,,,SW,10.0,0
385,47068,24.9,13.5,13.5,76.6,0.9,,,,,W,5.0,0
386,47068,23.3,13.2,13.2,75.7,2.6,,,,,SW,10.0,0
387,47068,21.6,13.6,13.6,64.0,1.6,,,,,W,4.0,0
388,47068,23.3,13.2,13.2,68.7,2.0,,,,,SW,5.0,0
389,47068,25.2,9.6,9.6,63.4,1.0,,,,,NW,10.0,0
390,47068,24.0,8.4,8.4,56.3,1.1,,,,,SE,10.0,0
391,47068,22.7,11.1,11.1,72.3,2.5,,,,,E,10.0,0
392,47068,23.8,14.2,14.2,71.8,1.5,,,,,S,10.0,0
393,47068,18.1,14.8,14.8,93.5,1.8,,,,,E,4.0,0
394,47068,20.4,18.0,18.0,95.6,1.4,,,,,S,4.0,0
395,47068,26.4,18.0,18.0,80.6,0.5,,,,,NW,5.0,0
396,47068,25.5,16.4,16.4,76.7,1.2,,,,,NE,10.0,0
397,47068,25.5,16.0,16.0,76.9,0.6,,,,,W,10.0,0
398,47068,23.8,17.8,17.8,78.0,0.9,,,,,W,10.0,0
399,47068,22.7,16.3,16.3,73.5,2.8,,,,,SW,10.0,0
400,47068,25.7,13.0,13.0,65.2,2.6,,,,,W,10.0,0
401,47068,27.9,12.1,12.1,71.7,1.6,,,,,W,10.0,0
402,47068,24.4,14.6,14.6,73.7,2.2,,,,,W,10.0,0
403,47068,22.9,16.0,16.0,77.0,1.8,,,,,SW,10.0,0
404,47068,21.8,17.8,17.8,87.0,3.0,,,,,SE,3.5,0
405,47068,21.0,17.8,17.8,88.3,2.2,,,,,SE,4.0,0
406,47068,26.7,16.6,16.6,73.8,1.9,,,,,SE,5.0,0
407,47068,24.7,16.2,16.2,79.9,1.1,,,,,S,4.0,0
408,47068,26.1,14.6,14.6,77.3,0.9,,,,,NE,4.0,0
409,47068,25.9,13.9,13.9,71.9,0.6,,,,,W,10.0,0
410,47068,24.9,14.8,14.8,72.7,1.1,,,,,W,10.0,0
411,47068,24.5,13.3,13.3,73.8,0.8,,,,,SE,10.0,0
412,47068,27.6,14.6,14.6,72.3,1.0,,,,,S,10.0,0
413,47068,29.4,14.2,14.2,74.2,0.5,,,,,E,10.0,0
414,47068,28.0,15.2,15.2,74.9,1.1,,,,,W,10.0,0
415,47068,27.4,18.6,18.6,75.8,1.4,,,,,SW,10.0,0
416,47068,31.2,18.6,18.6,73.8,0.6,,,,,E,10.0,0
417,47068,24.3,19.2,19.2,83.0,0.8,,,,,NE,4.0,0
418,47068,22.6,18.8,18.8,88.6,1.6,,,,,NW,4.0,0
419,47068,25.9,17.6,17.6,78.5,1.5,,,,,NW,10.0,0
420,47068,30.4,18.3,18.3,78.6,1.1,,,,,W,10.0,0
421,47068,30.2,18.6,18.6,71.1,1.0,,,,,S,10.0,0
422,47068,32.3,18.8,18.8,73.9,0.6,,,,,E,10.0,0
423,47068,23.9,22.0,22.0,91.8,3.1,,,,,E,4.0,0
424,47068,27.9,20.6,20.6,82.5,3.5,,,,,W,4.0,0
425,47068,27.8,20.7,20.7,84.2,2.1,,,,,E,6.0,0
426,47068,23.4,22.5,22.5,93.7,2.5,,,,,E,4.0,0
427,47068,29.2,21.5,21.5,84.2,1.5,,,,,NE,10.0,0
428,47068,29.4,20.6,20.6,84.6,0.8,,,,,W,0.3,2
429,47068,27.5,21.0,21.0,88.0,1.1,,,,,NE,4.0,0
430,47068,31.0,21.2,21.2,81.4,0.9,,,,,SW,3.5,0
431,47068,24.7,22.3,22.3,94.5,1.8,,,,,SE,4.0,0
432,47068,28.2,21.1,21.1,83.5,5.1,,,,,W,4.0,0
433,47068,30.8,22.5,22.5,78.6,4.0,,,,,SE,10.0,0
434,47068,29.4,22.9,22.9,84.7,3.1,,,,,SE,3.5,0
435,47068,28.2,20.8,20.8,85.1,2.0,,,,,SE,3.9,0
436,47068,27.8,20.4,20.4,89.8,2.5,,,,,E,4.0,0
437,47068,29.4,23.3,23.3,83.2,1.8,,,,,SE,6.0,0
438,47068,26.5,23.5,24.1,91.9,2.4,,,,,SE,3.5,0
439,47068,28.4,23.5,23.5,87.6,0.5,,,,,E,6.0,0
440,47068,24.9,23.7,23.7,94.5,2.8,,,,,E,4.0,0
441,47068,26.1,24.0,24.0,93.1,2.5,,,,,SW,4.0,0
442,47068,29.6,23.4,23.4,84.8,1.5,,,,,W,3.5,0
443,47068,28.4,21.2,21.2,80.3,0.4,,,,,E,10.0,0
444,47068,28.4,20.6,20.6,82.1,0.9,,,,,W,10.0,0
445,47068,29.6,20.5,20.5,78.2,1.0,,,,,NE,10.0,0
446,47068,31.4,20.1,20.1,79.3,0.4,,,,,NW,10.0,0
447,47068,32.0,19.2,19.2,76.1,0.8,,,,,W,10.0,0
448,47068,32.5,19.2,19.2,75.6,0.5,,,,,NE,10.0,0
449,47068,28.8,22.8,22.8,86.5,4.1,,,,,SE,4.0,0
450,47068,28.8,24.9,24.9,90.2,2.2,,,,,SW,3.5,0
451,47068,28.4,24.6,24.6,89.8,1.0,,,,,W,10.0,0
452,47068,29.3,24.1,24.1,88.9,0.9,,,,,E,4.0,0
453,47068,29.5,24.7,24.7,87.8,1.8,,,,,SW,4.0,0
454,47068,29.6,25.3,25.3,85.1,1.2,,,1,,S,10.0,0
455,47068,31.2,24.7,24.7,82.4,0.8,,,,,S,6.0,0
456,47068,28.2,25.2,25.2,90.5,0.8,,,1,,E,4.0,0
457,47068,32.7,24.9,24.9,84.1,0.6,,,,,NE,10.0,0
458,47068,30.9,24.1,24.1,81.7,0.5,,,,,SW,0.4,1
459,47068,-1.8,-6.4,-6.4,58.0,5.4,,,,,NW,10.0,0
460,47068,4.4,-8.4,-8.4,76.6,2.8,,,,,SW,10.0,0
461,47068,7.0,-2.9,-2.9,66.2,1.1,,,,,NW,10.0,0
462,47068,9.8,-5.8,-5.8,72.4,0.5,,,,,E,10.0,0
463,47068,10.6,1.6,1.6,53.5,1.5,,,,,NE,10.0,0
464,47068,7.8,0.0,0.0,62.4,1.8,,,,,NW,10.0,0
465,47068,6.8,-2.8,-2.8,60.3,1.6,,,,,W,10.0,0
466,47068,3.6,0.2,0.2,52.3,4.1,,,,,NW,10.0,0
467,47068,5.9,-2.4,-2.4,59.2,2.5,,,,,NW,10.0,0
468,47068,9.0,-5.4,-5.4,68.5,1.6,,,,,SW,10.0,0
469,47068,10.2,4.6,4.6,70.7,2.8,,,,,SE,10.0,0
470,47068,6.9,3.8,3.8,71.7,2.8,,,,,NW,4.0,0
471,47068,11.7,0.8,0.8,63.1,2.8,,,,,W,10.0,0
472,47068,15.4,-1.4,-1.4,71.2,0.6,,,,,W,10.0,0
473,47068,16.6,3.4,3.4,66.1,2.2,,,,,E,10.0,0
474,47068,12.6,3.4,3.4,75.4,2.1,,,,,E,3.5,0
475,47068,8.7,4.5,4.5,56.8,5.2,,,,,NW,10.0,0
476,47068,11.6,-3.2,-3.2,63.4,1.8,,,,,NW,10.0,0
477,47068,9.8,4.2,4.2,73.5,3.1,,,,,NW,10.0,0
478,47068,6.5,1.2,1.2,48.1,5.1,,,,,NW,10.0,0
479,47068,11.4,-3.4,-3.4,62.4,1.1,,,,,E,10.0,0
480,47068,10.4,3.6,3.6,70.6,4.9,,,,,E,4.0,0
481,47068,16.8,6.1,6.1,71.0,1.5,,,,,NW,6.0,0
482,47068,21.0,4.2,4.2,75.0,1.1,,,,,E,10.0,0
483,47068,13.6,8.4,8.4,76.1,0.8,,,,,NE,4.0,0
484,47068,10.7,3.8,3.8,82.9,2.5,,,,,NE,4.0,0
485,47068,12.5,2.1,2.1,77.4,2.6,,,,,SE,10.0,0
486,47068,9.8,5.0,5.0,91.1,3.5,,,,,SE,4.0,0
487,47068,11.6,2.4,2.4,80.4,3.1,,,,,SW,4.0,0
488,47068,11.0,1.2,1.2,76.0,2.2,,,,,SW,4.0,0
489,47068,14.8,-0.4,-0.4,67.8,0.6,,,,,NE,10.0,0
490,47068,15.6,-0.4,-0.4,61.0,1.1,,,,,SW,10.0,0
491,47068,18.7,3.6,3.6,59.6,1.9,,,,,NE,10.0,0
492,47068,16.2,9.6,9.6,64.8,0.8,,,,,NE,10.0,0
493,47068,16.2,7.6,7.6,61.2,2.0,,,,,W,10.0,0
494,47068,16.9,3.8,3.8,54.6,1.6,,,,,W,10.0,0
495,47068,18.4,2.2,2.2,59.9,0.6,,,,,W,10.0,0
496,47068,19.6,5.8,5.8,61.0,2.0,,,,,E,10.0,0
497,47068,17.8,6.2,6.2,76.9,1.1,,,,,NW,2.0,0
498,47068,18.6,5.2,5.2,58.9,2.4,,,,,E,10.0,0
499,47068,15.6,4.8,4.8,71.0,1.6,,,,,SE,10.0,0
500,47068,19.0,10.9,10.9,67.8,3.5,,,,,SE,10.0,0
501,47068,20.8,8.8,8.8,63.8,3.2,,,,,SE,10.0,0
502,47068,22.7,7.6,7.6,77.6,0.8,,,,,SW,0.3,3
503,47068,25.9,6.9,6.9,64.0,2.0,,,,,S,10.0,0
504,47068,17.9,9.8,9.8,85.9,4.2,,,,,SE,3.5,0
505,47068,17.9,10.0,10.0,83.0,2.4,,,,,SW,3.0,0
506,47068,20.6,5.8,5.8,76.8,0.2,,,,,E,10.0,0
507,47068,23.3,6.4,6.4,69.3,1.4,,,,,SW,10.0,0
508,47068,23.3,7.2,7.2,72.3,1.8,,,,,SE,10.0,0
509,47068,16.8,12.2,12.2,82.4,1.4,,,,,SE,10.0,0
510,47068,19.0,9.3,9.3,78.5,1.8,,,,,NE,10.0,0
511,47068,21.9,13.6,13.6,68.0,2.2,,,,,NE,10.0,0
512,47068,18.6,10.4,10.4,82.3,1.0,,,,,NE,4.0,0
513,47068,15.2,10.0,10.0,86.8,1.4,,,,,SW,4.0,0
514,47068,17.0,9.2,9.2,78.5,2.5,,,,,SE,10.0,0
515,47068,22.8,8.6,8.6,72.5,1.5,,,,,NE,10.0,0
516,47068,22.7,6.2,6.2,71.8,2.0,,,,,E,10.0,0
517,47068,24.1,8.2,8.2,74.0,1.1,,,,,SW,10.0,0
518,47068,23.7,10.2,10.2,72.6,0.8,,,,,N,10.0,0
519,47068,17.8,9.8,9.8,68.3,2.5,,,,,NW,10.0,0
520,47068,22.4,6.4,6.4,63.1,0.2,,,,,NE,10.0,0
521,47068,22.0,5.2,5.2,64.4,1.2,,,,,E,10.0,0
522,47068,25.7,5.4,5.4,67.9,0.8,,,,,NW,10.0,0
523,47068,25.7,7.6,7.6,61.2,1.1,,,,,W,10.0,0
524,47068,17.6,13.8,13.8,92.1,1.6,,,,,E,4.0,0
525,47068,13.9,12.1,12.1,91.0,2.2,,,,,SW,1.0,0
526,47068,16.2,12.2,12.2,87.9,2.8,,,,,NE,4.0,0
527,47068,19.4,10.6,10.6,80.0,2.2,,,,,SW,10.0,0
528,47068,20.6,6.0,6.0,73.5,1.6,,,,,E,10.0,0
529,47068,20.2,11.6,11.6,71.5,4.0,,,,,SE,10.0,0
530,47068,15.5,11.8,11.8,88.2,3.9,,,,,S,4.0,0
531,47068,19.0,6.2,6.2,75.2,2.1,,,,,NW,10.0,0
532,47068,23.3,7.6,7.6,62.0,1.2,,,,,W,10.0,0
533,47068,23.9,9.8,9.8,65.8,1.4,,,,,NE,10.0,0
534,47068,15.6,10.0,10.0,78.0,3.0,,,,,NE,4.0,0
535,47068,20.6,4.8,4.8,63.6,1.0,,,,,NE,10.0,0
536,47068,23.3,8.8,8.8,74.2,2.9,,,,,E,10.0,0
537,47068,22.5,14.8,14.8,80.0,2.4,,,,,SE,10.0,0
538,47068,23.9,13.6,13.6,75.5,2.1,,,,,SW,10.0,0
539,47068,22.5,14.4,14.4,82.1,1.2,,,,,W,10.0,0
540,47068,22.7,12.4,12.4,82.0,1.1,,,,,W,3.5,0
541,47068,20.4,13.6,13.6,81.8,1.8,,,,,SW,4.0,0
542,47068,23.3,14.1,14.1,80.5,1.1,,,,,W,3.5,0
543,47068,24.5,14.8,14.8,78.3,0.8,,,,,SW,5.0,0
544,47068,23.3,15.0,15.0,84.4,1.4,,,,,S,4.0,0
545,47068,18.6,14.6,14.6,88.5,3.6,,,,,SE,4.0,0
546,47068,21.6,11.0,11.0,70.1,3.6,,,,,W,4.0,0
547,47068,25.3,12.2,12.2,61.9,1.4,,,,,NW,10.0,0
548,47068,26.2,8.8,8.8,69.7,1.8,,,,,W,10.0,0
549,47068,21.0,14.4,14.4,72.9,1.1,,,,,E,10.0,0
550,47068,22.8,11.8,11.8,75.4,2.4,,,,,SW,10.0,0
551,47068,23.5,13.2,13.2,68.8,2.8,,,,,NW,10.0,0
552,47068,25.1,12.4,12.4,64.4,1.0,,,,,NW,10.0,0
553,47068,25.7,10.6,10.6,64.2,1.6,,,,,SW,10.0,0
554,47068,27.6,11.8,11.8,64.0,1.2,,,,,W,10.0,0
555,47068,28.6,11.2,11.2,68.7,1.2,,,,,W,10.0,0
556,47068,27.8,12.0,12.0,66.7,1.5,,,,,SW,10.0,0
557,47068,25.7,12.2,12.2,70.3,0.6,,,,,E,10.0,0
558,47068,24.7,17.0,17.0,82.4,1.4,,,,,SE,4.0,0
559,47068,26.9,16.0,16.0,77.3,1.1,,,,,SE,6.0,0
560,47068,26.3,18.4,18.4,81.6,1.5,,,,,E,3.5,0
561,47068,28.8,19.2,19.2,74.5,3.8,,,,,SE,10.0,0
562,47068,25.7,18.4,18.4,75.3,1.8,,,,,SE,10.0,0
563,47068,28.7,14.6,14.6,74.5,1.2,,,,,W,3.0,0
564,47068,28.8,19.6,19.6,79.3,1.9,,,,,E,4.0,0
565,47068,26.0,19.9,19.9,77.1,1.2,,,,,NW,10.0,0
566,47068,30.0,17.2,17.2,73.7,2.2,,,,,W,10.0,0
567,47068,29.6,15.0,15.0,63.1,1.1,,,,,W,10.0,0
568,47068,32.3,16.8,16.8,62.6,1.9,,,,,W,10.0,0
569,47068,32.7,17.6,17.6,71.3,1.2,,,,,SW,0.4,1
570,47068,32.2,16.8,16.8,57.2,1.5,,,,,NE,10.0,0
571,47068,29.4,16.8,16.8,70.5,1.8,,,,,W,10.0,0
572,47068,25.7,21.4,21.4,87.6,1.4,,,,,E,4.0,0
573,47068,29.0,20.6,20.6,81.8,1.6,,,,,NW,4.0,0
574,47068,24.4,17.8,17.8,75.5,2.4,,,,,W,10.0,0
575,47068,26.9,15.0,15.0,72.5,2.1,,,,,NW,10.0,0
576,47068,30.6,14.6,14.6,63.9,1.1,,,,,W,10.0,0
577,47068,30.6,16.0,16.0,63.6,1.6,,,,,W,10.0,0
578,47068,30.6,16.4,16.4,64.1,1.1,,,,,W,10.0,0
579,47068,28.7,18.6,18.6,73.1,1.8,,,,,E,10.0,0
580,47068,27.1,20.8,20.8,85.8,3.6,,,,,NW,4.0,0
581,47068,28.6,19.8,19.8,77.3,1.5,,,,,S,1.0,0
582,47068,24.5,21.8,22.3,92.2,3.6,,,,,E,3.5,0
583,47068,24.0,21.2,21.2,85.3,5.9,,,,,SW,4.0,0
584,47068,25.9,19.7,19.7,89.6,2.8,,,,,SE,3.5,0
585,47068,26.5,20.4,20.4,86.2,2.8,,,,,SE,5.0,0
586,47068,26.7,21.0,21.0,89.3,6.0,,,,,SW,4.0,0
587,47068,28.1,20.0,20.0,81.9,1.9,,,,,SE,10.0,0
588,47068,28.6,22.7,22.7,84.2,2.2,,,,,SE,10.0,0
589,47068,26.1,21.5,21.5,85.3,1.9,,,,,SE,4.0,0
590,47068,28.2,21.8,21.8,86.5,2.0,,,,,SW,3.5,0
591,47068,30.0,20.5,20.5,83.4,0.6,,,,,SW,0.2,1
592,47068,28.6,20.6,20.6,85.2,1.4,,,,,W,0.5,2
593,47068,29.8,20.1,20.1,83.3,0.6,,,,,NE,3.0,0
594,47068,31.7,22.4,22.4,82.0,0.8,,,,,NE,10.0,0
595,47068,30.4,23.2,23.2,80.9,1.8,,,,,E,10.0,0
596,47068,26.1,23.3,23.3,90.9,3.1,,,,,SE,4.0,0
597,47068,26.7,23.5,23.5,88.5,3.1,,,,,S,4.0,0
598,47068,28.0,23.7,23.7,92.4,3.0,,,,,W,4.0,0
599,47068,29.2,21.2,21.2,84.4,2.6,,,,,SE,3.5,0
600,47068,25.1,23.5,23.5,88.6,4.8,,,,,SE,4.5,0
601,47068,29.6,21.4,21.4,86.8,4.5,,,,,S,4.0,0
602,47068,26.6,24.5,24.5,92.7,3.0,,,,,SE,4.0,0
603,47068,29.4,22.5,22.5,86.6,1.5,,,,,SW,10.0,0
604,47068,28.8,24.5,24.5,90.7,2.2,,,,,SE,10.0,0
605,47068,29.1,25.7,25.7,90.0,2.0,,,1,,SW,4.0,0
606,47068,28.1,25.7,25.7,88.4,3.2,,,1,,SE,4.0,0
607,47068,28.8,26.8,26.8,88.3,5.0,,,1,,S,4.0,0
608,47068,28.8,27.1,27.1,86.1,7.2,,,1,,S,4.0,0
609,47068,27.4,25.2,25.2,90.8,3.8,,,1,,W,4.0,0
610,47068,31.3,24.7,24.7,89.1,2.1,,,,,E,10.0,0
611,47068,29.4,25.2,25.2,87.5,4.1,,,1,,S,5.0,0
612,47068,12.7,3.0,3.0,82.6,2.0,,,,,E,4.0,0
613,47068,11.2,0.0,0.0,85.6,1.1,,,,,NE,0.2,1
614,47068,6.2,1.2,1.2,69.7,5.0,,,,,NE,4.0,0
615,47068,1.4,-0.2,0.8,66.5,5.4,,,,,NE,4.0,0
616,47068,6.8,0.6,0.6,70.8,2.9,,,,,NE,10.0,0
617,47068,6.1,0.0,0.0,57.4,2.2,,,,,NW,10.0,0
618,47068,9.0,-2.7,-2.7,70.4,0.9,,,,,SW,10.0,0
619,47068,8.0,-0.6,-0.6,70.1,0.8,,,,,SW,10.0,0
620,47068,12.6,-1.9,-1.9,74.0,0.9,,,,,E,10.0,0
621,47068,12.2,0.0,0.0,75.8,1.5,,,,,SE,0.1,2
622,47068,14.0,0.4,0.4,78.4,1.1,,,,,SW,3.5,0
623,47068,11.6,5.2,5.2,71.0,1.4,,,,,W,10.0,0
624,47068,14.6,-1.4,-1.4,65.3,0.8,,,,,SE,10.0,0
625,47068,15.8,0.1,0.1,51.8,1.1,,,,,NW,10.0,0
626,47068,13.4,3.8,3.8,55.1,2.0,,,,,SW,10.0,0
627,47068,4.5,1.4,1.4,56.2,5.9,,,,,NW,10.0,0
628,47068,6.2,-1.1,-1.1,63.4,3.0,,,,,NW,4.0,0
629,47068,2.7,-1.0,-1.0,78.4,4.8,,,,,NW,4.0,0
630,47068,6.2,-3.6,-3.6,72.5,1.8,,,,,SW,10.0,0
631,47068,14.6,1.4,1.4,67.4,4.0,,,,,E,10.0,0
632,47068,18.0,1.8,1.8,73.4,1.8,,,,,SW,0.3,2
633,47068,17.4,2.8,2.8,61.0,2.6,,,,,W,10.0,0
634,47068,20.2,4.6,4.6,65.1,3.4,,,,,E,10.0,0
635,47068,19.4,7.0,7.0,60.5,4.2,,,,,E,10.0,0
636,47068,14.6,2.8,2.8,60.4,4.5,,,,,E,10.0,0
637,47068,17.3,1.4,1.4,54.4,3.5,,,,,SE,10.0,0
638,47068,11.6,4.6,4.6,68.8,4.9,,,,,NW,5.0,0
639,47068,7.0,1.8,1.8,44.2,6.6,,,,,NW,10.0,0
640,47068,4.8,-1.6,-1.6,62.5,3.9,,,,,NW,10.0,0
641,47068,7.6,-5.2,-5.2,62.1,2.6,,,,,W,10.0,0
642,47068,12.0,-3.6,-3.6,65.9,0.9,,,,,NE,10.0,0
643,47068,14.4,4.9,4.9,66.7,3.0,,,,,SE,10.0,0
644,47068,6.6,2.8,2.8,87.9,2.5,,,,,SE,5.0,0
645,47068,12.3,3.6,3.6,73.6,0.9,,,,,W,10.0,0
646,47068,12.8,-0.2,-0.2,70.2,1.5,,,,,SE,2.0,0
647,47068,8.5,6.2,6.2,86.0,3.0,,,,,SE,4.0,0
648,47068,15.0,4.0,4.0,72.6,1.2,,,,,SW,3.5,0
649,47068,15.0,2.2,2.2,74.8,3.1,,,,,S,10.0,0
650,47068,14.9,5.2,5.2,71.4,2.0,,,,,NW,0.2,1
651,47068,14.8,4.2,4.2,68.4,1.5,,,,,NE,10.0,0
652,47068,17.6,3.0,3.0,66.2,1.1,,,,,N,10.0,0
653,47068,20.0,2.4,2.4,63.0,1.6,,,,,S,4.0,0
654,47068,12.2,0.4,0.4,75.5,3.2,,,,,NE,4.0,0
655,47068,6.1,0.4,0.4,80.1,3.4,,,,,E,10.0,0
656,47068,6.5,3.2,3.2,87.6,2.5,,,,,E,5.0,0
657,47068,12.1,2.8,2.8,74.9,2.2,,,,,SW,10.0,0
658,47068,17.3,4.6,4.6,73.2,4.8,,,,,NE,10.0,0
659,47068,15.0,11.6,11.6,80.8,5.2,,,,,SE,5.0,0
660,47068,18.2,10.4,10.4,74.0,1.5,,,,,NW,5.0,0
661,47068,13.5,9.8,9.8,85.8,2.4,,,,,NW,5.0,0
662,47068,20.8,5.0,5.0,78.2,1.1,,,,,NE,5.0,0
663,47068,19.4,9.1,9.1,78.3,2.0,,,,,E,5.0,0
664,47068,17.6,12.6,12.6,88.0,2.2,,,,,SW,5.0,0
665,47068,18.8,7.8,7.8,77.2,2.0,,,,,SW,10.0,0
666,47068,15.4,6.9,6.9,65.4,3.0,,,,,NW,10.0,0
667,47068,15.9,4.6,4.6,53.1,2.2,,,,,SW,10.0,0
668,47068,20.4,4.8,4.8,61.0,2.0,,,,,SW,10.0,0
669,47068,20.8,9.6,9.6,68.8,1.9,,,,,NW,10.0,0
670,47068,15.0,6.1,6.1,59.9,3.0,,,,,NW,10.0,0
671,47068,18.4,2.4,2.4,53.9,2.9,,,,,E,10.0,0
672,47068,20.8,10.6,10.6,50.6,5.2,,,,,SE,10.0,0
673,47068,16.0,11.2,11.2,71.9,4.4,,,,,SW,5.0,0
674,47068,17.4,7.6,7.6,63.5,1.6,,,,,NW,5.0,0
675,47068,14.4,8.4,8.4,81.5,2.8,,,,,SW,4.0,0
676,47068,16.8,7.9,7.9,62.1,4.6,,,,,W,10.0,0
677,47068,12.8,7.0,7.0,77.9,1.0,,,,,NE,10.0,0
678,47068,16.4,4.5,4.5,72.0,1.8,,,,,E,10.0,0
679,47068,18.4,5.8,5.8,71.0,1.8,,,,,SW,10.0,0
680,47068,20.2,7.4,7.4,70.0,1.1,,,,,S,4.5,0
681,47068,14.0,12.2,12.2,84.4,2.4,,,,,NE,4.0,0
682,47068,16.4,11.2,11.2,88.0,2.6,,,,,NW,1.0,0
683,47068,19.4,8.0,8.0,76.4,1.8,,,,,NE,10.0,0
684,47068,21.4,8.0,8.0,71.0,3.0,,,,,SE,10.0,0
685,47068,21.6,13.0,13.0,66.4,5.1,,,,,SE,10.0,0
686,47068,21.0,14.6,14.6,73.5,5.5,,,,,SE,10.0,0
687,47068,21.8,13.8,13.8,86.8,0.4,,,,,SE,4.0,0
688,47068,20.6,13.6,13.6,89.0,2.9,,,,,E,5.0,0
689,47068,18.8,12.0,12.0,88.0,2.6,,,,,SW,0.2,1
690,47068,17.8,8.4,8.4,68.2,3.1,,,,,W,10.0,0
691,47068,18.1,11.0,11.0,77.7,2.6,,,,,NE,10.0,0
692,47068,19.4,14.8,14.8,91.3,3.9,,,,,E,4.0,0
693,47068,22.3,18.4,18.4,91.0,3.2,,,,,SE,5.0,0
694,47068,24.7,15.5,15.5,68.3,1.4,,,,,NE,10.0,0
695,47068,18.8,12.6,12.6,79.1,1.1,,,,,NE,5.0,0
696,47068,17.0,12.4,12.4,85.4,2.0,,,,,NE,10.0,0
697,47068,22.8,10.2,10.2,76.4,1.9,,,,,SW,10.0,0
698,47068,23.9,11.0,11.0,78.8,1.2,,,,,NE,0.4,1
699,47068,21.6,11.0,11.0,77.7,1.8,,,,,NE,1.0,0
700,47068,24.5,12.3,12.3,71.6,1.0,,,,,SE,10.0,0
701,47068,24.5,10.6,10.6,68.4,1.0,,,,,SW,10.0,0
702,47068,27.1,9.6,9.6,66.1,0.9,,,,,SW,10.0,0
703,47068,24.5,13.6,13.6,71.1,0.6,,,,,NE,10.0,0
704,47068,25.9,13.6,13.6,70.4,1.4,,,,,SW,10.0,0
705,47068,23.5,13.6,13.6,71.8,0.9,,,,,SW,10.0,0
706,47068,23.7,11.8,11.8,67.2,2.5,,,,,SW,10.0,0
707,47068,22.9,12.4,12.4,65.4,3.2,,,,,SW,10.0,0
708,47068,26.1,10.4,10.4,66.1,1.8,,,,,SW,10.0,0
709,47068,26.5,17.4,17.4,61.1,2.6,,,,,E,10.0,0
710,47068,22.0,19.2,19.2,88.2,0.9,,,,,SE,4.0,0
711,47068,25.8,18.0,18.0,82.0,1.1,,,,,NE,10.0,0
712,47068,26.9,16.1,16.1,81.8,1.2,,,,,E,0.4,1
713,47068,24.7,17.6,17.6,73.9,1.9,,,,,W,10.0,0
714,47068,26.7,12.6,12.6,70.5,1.6,,,,,W,10.0,0
715,47068,29.4,13.8,13.8,63.1,0.8,,,,,SW,10.0,0
716,47068,23.7,13.4,13.4,73.8,0.6,,,,,SE,10.0,0
717,47068,28.6,17.4,17.4,74.7,0.8,,,,,NW,10.0,0
718,47068,24.8,17.0,17.0,89.0,1.9,,,,,SE,0.4,1
719,47068,23.9,19.6,19.6,89.7,1.9,,,,,E,4.0,0
720,47068,27.6,16.8,16.8,75.5,0.9,,,,,W,4.0,0
721,47068,28.4,16.2,16.2,71.4,1.4,,,,,SE,10.0,0
722,47068,26.7,20.0,20.0,76.7,3.2,,,,,SE,5.0,0
723,47068,23.1,21.6,22.0,93.7,2.8,,,,,S,4.5,0
724,47068,27.4,17.8,17.8,76.0,0.2,,,,,NW,10.0,0
725,47068,29.0,15.0,15.0,68.1,1.1,,,,,SW,10.0,0
726,47068,30.2,15.6,15.6,72.2,0.8,,,,,SW,10.0,0
727,47068,27.6,19.1,19.1,72.7,0.5,,,,,NE,10.0,0
728,47068,22.5,18.6,18.6,90.2,2.2,,,,,NE,4.0,0
729,47068,26.7,19.0,19.0,82.6,0.4,,,,,SW,10.0,0
730,47068,24.5,19.6,19.6,88.0,0.9,,,,,SE,5.0,0
731,47068,28.8,21.2,21.2,78.1,1.4,,,,,S,4.0,0
732,47068,25.7,22.7,22.7,91.1,1.1,,,,,E,10.0,0
733,47068,25.1,23.1,23.1,93.7,1.6,,,,,SE,10.0,0
734,47068,26.7,24.3,24.3,87.0,1.9,,,,,SE,10.0,0
735,47068,25.5,23.7,24.3,93.0,1.6,,,,,S,5.0,0
736,47068,27.2,23.9,23.9,90.5,1.6,,,,,SE,10.0,0
737,47068,26.9,24.7,24.7,91.5,1.5,,,,,SE,4.0,0
738,47068,27.7,24.5,24.5,87.6,3.4,,,,,SE,4.0,0
739,47068,29.0,24.3,24.3,89.0,2.2,,,,,SE,4.0,0
740,47068,31.4,24.5,24.5,90.0,1.9,,,,,E,4.5,0
741,47068,34.1,24.9,24.9,86.6,0.9,,1,,,W,4.0,0
742,47068,34.4,24.1,24.1,82.1,0.6,,1,,,SW,4.0,0
743,47068,34.1,24.9,24.9,68.9,1.0,,1,,,E,10.0,0
744,47068,32.5,22.3,22.3,67.6,1.2,,,,,NE,10.0,0
745,47068,31.8,22.9,22.9,69.8,1.2,,,,,SW,10.0,0
746,47068,31.2,21.4,21.4,77.1,0.1,,,,,SW,10.0,0
747,47068,28.4,21.0,21.0,81.5,1.2,,,,,NW,5.0,0
748,47068,27.1,20.8,20.8,88.4,1.6,,,,,E,10.0,0
749,47068,22.5,21.2,21.2,94.2,2.0,,,,,E,4.0,0
750,47068,25.9,22.3,22.3,91.0,1.8,,,,,E,4.0,0
751,47068,28.4,21.4,21.4,84.2,0.2,,,,,NW,4.5,0
752,47068,27.6,22.7,22.7,88.2,1.8,,,,,SE,5.0,0
753,47068,29.2,23.3,23.3,86.6,1.6,,,,,SW,4.0,0
754,47068,29.0,26.0,26.0,83.0,2.9,,,1,,SW,10.0,0
755,47068,30.4,23.9,23.9,87.4,1.2,,,,,SW,5.0,0
756,47068,30.4,23.5,23.5,84.2,0.8,,,,,W,10.0,0
757,47068,31.2,23.7,23.7,85.8,0.4,,,,,SW,4.0,0
758,47068,33.5,23.1,23.1,81.5,0.2,,1,,,NE,0.4,1
759,47068,33.5,21.9,21.9,79.0,0.6,,1,,,SW,0.4,2
760,47068,33.5,21.8,21.8,78.9,0.6,,1,,,SW,10.0,0
761,47068,33.1,21.0,21.0,77.7,1.0,,1,,,SW,10.0,0
762,47068,33.3,23.3,23.3,78.5,0.5,,1,,,W,4.0,0
763,47068,30.0,22.5,22.5,81.1,0.1,,,,,NE,10.0,0
764,47068,31.6,24.3,24.3,84.6,0.1,,,,,SE,10.0,0
0,47070,5.9,-0.5,-0.5,89.6,3.8,,,,,NE,3.0,0
1,47070,4.6,-0.5,-0.5,75.2,1.0,,,,,NE,20.0,0
2,47070,8.0,-2.8,-2.8,74.5,0.5,,,,,SW,20.0,0
3,47070,11.4,-0.8,-0.8,73.4,0.2,,,,,SE,20.0,0
4,47070,14.4,0.6,0.6,76.3,0.8,,,,,W,20.0,0
5,47070,7.2,1.9,1.9,74.2,2.9,,,,,NE,20.0,0
6,47070,10.9,0.5,0.5,65.2,1.9,,,,,E,30.0,0
7,47070,10.6,-1.2,-1.2,70.4,1.2,,,,,W,20.0,0
8,47070,11.9,-1.5,-1.5,72.8,1.5,,,,,SW,20.0,0
9,47070,14.3,-0.8,-0.8,74.2,0.0,,,,,,10.0,0
10,47070,16.0,0.3,0.3,69.9,1.0,,,,,SW,3.7,0
11,47070,13.8,6.6,6.6,69.4,3.1,,,,,NE,10.0,0
12,47070,13.1,4.5,4.5,69.5,2.1,,,,,NE,10.0,0
13,47070,13.8,1.6,1.6,85.7,1.4,,,,,W,0.1,2
14,47070,13.5,1.8,1.8,78.3,0.8,,,,,W,0.9,1
15,47070,12.1,5.2,5.2,50.4,3.9,,,,,W,4.0,0
16,47070,16.0,-0.9,-0.9,52.4,1.8,,,,,W,20.0,0
17,47070,17.0,1.7,1.7,64.7,0.8,,,,,W,10.0,0
18,47070,18.6,8.8,8.8,60.9,1.1,,,,,NE,20.0,0
19,47070,11.1,7.8,7.8,80.7,0.8,,,,,NE,20.0,0
20,47070,8.5,3.2,3.2,69.7,3.6,,,,,NW,20.0,0
21,47070,10.2,-0.4,-0.4,55.8,2.5,,,,,SW,20.0,0
22,47070,14.0,-0.3,-0.3,72.4,1.8,,,,,SW,3.0,0
23,47070,14.6,2.7,2.7,75.5,1.6,,,,,SW,10.0,0
24,47070,15.7,6.2,6.2,79.7,0.6,,,,,W,3.8,0
25,47070,17.0,4.3,4.3,71.9,0.8,,,,,E,0.7,2
26,47070,11.1,6.9,6.9,76.8,0.6,,,,,NE,20.0,0
27,47070,11.1,7.4,7.4,91.8,1.8,,,,,SW,3.0,0
28,47070,12.4,7.1,7.1,77.9,2.2,,,,,W,3.5,0
29,47070,17.2,0.9,0.9,70.0,1.5,,,,,SW,20.0,0
30,47070,21.2,2.9,2.9,66.2,0.4,,,,,SE,20.0,0
31,47070,22.6,10.2,10.2,44.7,2.2,,,,,E,20.0,0
32,47070,22.0,9.8,9.8,44.7,2.8,,,,,E,20.0,0
33,47070,15.8,9.7,9.7,81.1,1.1,,,,,NE,5.0,0
34,47070,14.1,9.0,9.0,69.9,5.0,,,,,NE,20.0,0
35,47070,16.8,4.5,4.5,67.2,1.1,,,,,SW,20.0,0
36,47070,18.1,6.5,6.5,69.3,1.5,,,,,S,20.0,0
37,47070,18.2,5.8,5.8,66.2,2.4,,,,,SW,20.0,0
38,47070,17.1,7.4,7.4,40.9,2.8,,,,,NW,30.0,0
39,47070,17.4,6.1,6.1,43.0,1.6,,,,,NE,30.0,0
40,47070,17.0,6.4,6.4,61.0,1.5,,,,,NE,20.0,0
41,47070,19.2,4.6,4.6,72.4,0.6,,,,,SW,20.0,0
42,47070,15.8,10.5,10.8,81.2,1.5,,,,,NE,3.8,0
43,47070,11.4,6.3,6.3,79.6,4.0,,,,,NW,3.8,0
44,47070,12.6,2.6,2.6,72.4,3.5,,,,,WSW,20.0,0
45,47070,15.6,5.8,5.8,81.5,1.1,,,,,NW,3.8,0
46,47070,15.2,7.2,7.2,79.7,2.1,,,,,SW,3.7,0
47,47070,12.0,4.1,4.1,77.2,1.9,,,,,NW,10.0,0
48,47070,16.3,4.7,4.7,55.8,3.1,,,,,W,20.0,0
49,47070,17.6,3.9,3.9,72.9,1.4,,,,,W,20.0,0
50,47070,19.4,5.5,5.5,78.0,1.1,,,,,W,3.8,0
51,47070,25.0,7.0,7.0,68.6,0.2,,,,,S,20.0,0
52,47070,24.9,13.9,13.9,52.4,1.2,,,,,W,20.0,0
53,47070,20.1,14.7,14.7,55.6,3.4,,,,,E,20.0,0
54,47070,21.4,13.9,13.9,53.2,1.5,,,,,NW,20.0,0
55,47070,21.1,11.7,11.7,58.6,2.2,,,,,E,30.0,0
56,47070,19.5,9.8,9.8,67.1,2.0,,,,,W,20.0,0
57,47070,16.8,10.2,10.2,79.5,1.4,,,,,SW,20.0,0
58,47070,16.3,10.6,10.6,82.5,1.8,,,,,SW,2.8,0
59,47070,16.3,9.7,9.7,75.0,1.0,,,,,E,20.0,0
60,47070,14.0,8.2,8.2,86.2,1.6,,,,,SW,10.0,0
61,47070,13.6,8.2,8.2,85.4,1.6,,,,,NW,10.0,0
62,47070,18.4,7.3,7.3,79.3,3.8,,,,,NW,20.0,0
63,47070,18.7,6.1,6.1,77.4,1.4,,,,,W,10.0,0
64,47070,13.2,8.8,8.8,90.6,0.8,,,,,NE,0.9,1
65,47070,17.5,8.4,8.4,76.0,3.5,,,,,SW,3.5,0
66,47070,20.6,6.0,6.0,65.4,2.2,,,,,SW,20.0,0
67,47070,18.9,10.8,10.8,65.2,4.1,,,,,SW,3.8,0
68,47070,18.0,8.0,8.0,73.5,4.4,,,,,SW,3.8,0
69,47070,22.0,8.6,8.6,52.9,4.0,,,,,W,20.0,0
70,47070,15.4,9.2,9.2,77.5,0.6,,,,,E,11.0,0
71,47070,25.9,8.6,8.6,66.5,2.6,,,,,SE,15.0,0
72,47070,26.1,14.7,14.7,62.9,1.1,,,,,E,30.0,0
73,47070,26.3,14.6,14.6,75.2,0.5,,,,,SW,20.0,0
74,47070,28.6,15.7,15.7,78.4,0.8,,,,,E,20.0,0
75,47070,24.2,18.7,18.7,84.0,0.5,,,,,NE,1.8,0
76,47070,19.5,13.1,13.1,95.1,2.6,,,,,NE,1.8,0
77,47070,18.4,12.6,12.6,83.9,1.9,,,,,NE,20.0,0
78,47070,22.9,11.8,11.8,81.3,1.8,,,,,W,0.7,1
79,47070,24.3,10.1,10.1,73.9,1.4,,,,,SW,15.0,0
80,47070,20.5,14.9,14.9,74.4,2.4,,,,,E,10.0,0
81,47070,18.3,13.7,13.7,80.8,2.6,,,,,NW,15.0,0
82,47070,22.6,13.3,13.3,78.9,1.2,,,,,SW,7.0,0
83,47070,22.1,12.3,12.3,77.0,1.1,,,,,SW,10.0,0
84,47070,23.2,15.4,15.4,74.2,2.5,,,,,W,3.9,0
85,47070,18.5,11.8,11.8,80.0,3.1,,,,,W,10.0,0
86,47070,21.1,10.2,10.2,77.2,1.9,,,,,SW,15.0,0
87,47070,19.2,13.9,13.9,82.8,2.6,,,,,SW,1.5,0
88,47070,18.5,12.2,12.2,84.5,2.5,,,,,E,3.5,0
89,47070,17.2,11.7,11.7,83.0,1.6,,,,,W,10.0,0
90,47070,23.5,9.1,9.1,76.8,1.4,,,,,E,0.2,1
91,47070,22.4,16.0,16.0,82.5,1.8,,,,,E,10.0,0
92,47070,19.3,14.6,14.6,81.1,1.9,,,,,E,10.0,0
93,47070,27.3,14.5,14.5,74.2,1.8,,,,,W,10.0,0
94,47070,20.6,14.8,14.8,83.0,0.4,,,,,E,3.5,0
95,47070,21.9,12.9,12.9,77.6,3.0,,,,,SW,15.0,0
96,47070,24.9,15.3,15.3,75.8,3.1,,,,,SW,3.8,0
97,47070,25.5,15.3,15.3,77.8,1.4,,,,,W,3.5,0
98,47070,21.4,18.5,18.5,82.1,1.1,,,,,SW,3.8,0
99,47070,24.4,17.6,17.6,80.0,1.5,,,,,E,10.0,0
100,47070,30.3,17.1,17.1,73.9,0.5,,,,,SE,20.0,0
101,47070,26.1,19.8,19.8,81.5,1.4,,,,,SE,10.0,0
102,47070,22.6,18.0,18.0,88.7,4.4,,,,,SW,3.8,0
103,47070,29.2,18.2,18.2,79.7,1.2,,,,,NW,3.0,0
104,47070,29.0,19.1,19.1,81.7,1.4,,,,,SW,0.2,1
105,47070,28.5,18.5,18.5,83.4,2.0,,,,,W,0.4,3
106,47070,22.7,19.7,19.7,82.1,2.6,,,,,NE,10.0,0
107,47070,27.9,20.3,20.3,70.6,5.9,,,,,NE,30.0,0
108,47070,22.8,18.1,18.1,77.7,2.9,,,,,NE,20.0,0
109,47070,22.1,18.7,18.7,89.6,2.6,,,,,SW,3.7,0
110,47070,24.4,17.4,17.4,82.8,1.2,,,,,SW,0.3,1
111,47070,24.6,15.0,15.0,84.3,2.0,,,,,E,3.8,0
112,47070,27.8,18.3,18.3,79.9,1.6,,,,,W,3.5,0
113,47070,25.2,17.2,17.2,78.3,2.2,,,,,NE,20.0,0
114,47070,26.9,17.9,17.9,75.3,2.4,,,,,NE,20.0,0
115,47070,25.7,19.2,19.2,77.9,1.4,,,,,ENE,10.0,0
116,47070,27.5,19.0,19.0,78.7,1.2,,,,,SW,2.0,0
117,47070,23.2,20.5,20.5,84.1,1.2,,,,,E,3.7,0
118,47070,28.1,18.6,18.6,75.1,1.6,,,,,E,10.0,0
119,47070,28.4,21.1,21.1,80.0,1.6,,,,,E,20.0,0
120,47070,27.3,19.6,19.6,80.3,1.6,,,,,SE,20.0,0
121,47070,27.2,20.0,20.0,81.3,1.1,,,,,W,3.7,0
122,47070,29.4,19.6,19.6,76.9,1.4,,,,,NE,3.8,0
123,47070,29.7,22.5,22.5,75.0,2.0,,,,,E,15.0,0
124,47070,24.4,19.1,19.1,80.5,5.5,,,,,E,3.8,0
125,47070,22.0,19.2,19.2,92.9,3.4,,,,,NE,2.0,0
126,47070,25.5,19.8,19.8,85.7,1.5,,,,,SW,20.0,0
127,47070,29.0,19.3,19.3,80.3,1.0,,,,,W,20.0,0
128,47070,29.1,20.5,20.5,82.8,0.2,,,,,SW,5.0,0
129,47070,29.4,23.1,23.1,82.2,1.6,,,,,SW,3.5,0
130,47070,28.0,22.5,22.5,81.9,0.9,,,,,SW,20.0,0
131,47070,26.2,22.2,22.2,83.3,2.0,,,,,SW,10.0,0
132,47070,25.3,22.7,22.7,86.3,0.6,,,,,SW,0.7,2
133,47070,31.3,23.9,23.9,83.5,1.2,,,,,E,0.7,3
134,47070,28.9,24.9,24.9,84.4,0.6,,,,,SW,2.0,0
135,47070,30.9,23.8,23.8,81.0,1.2,,,,,S,20.0,0
136,47070,32.4,24.6,24.6,80.6,1.8,,,,,W,20.0,0
137,47070,33.7,22.5,22.5,81.2,1.4,,1,,,W,20.0,0
138,47070,30.1,21.9,21.9,81.8,1.8,,,,,E,20.0,0
139,47070,31.8,23.0,23.0,80.8,1.1,,,,,SE,30.0,0
140,47070,30.1,23.2,23.2,82.8,2.1,,,,,E,20.0,0
141,47070,31.8,22.7,22.7,79.0,0.4,,,,,E,20.0,0
142,47070,33.9,24.4,24.4,76.3,0.0,,1,,,,20.0,0
143,47070,33.9,24.9,24.9,75.0,1.2,,1,,,SE,20.0,0
144,47070,34.7,24.2,24.2,77.3,0.2,,1,,,SW,20.0,0
145,47070,34.9,25.1,25.1,77.2,0.1,,1,1,,SW,20.0,0
146,47070,34.3,24.6,24.6,75.9,1.2,,1,,,E,18.0,0
147,47070,33.9,24.8,24.8,76.7,1.0,,1,,,SE,20.0,0
148,47070,34.2,25.1,25.1,77.3,0.8,,1,1,,E,20.0,0
149,47070,34.1,24.5,24.5,80.1,0.9,,1,,,E,20.0,0
150,47070,33.7,25.0,25.0,81.0,1.6,,1,1,,SW,10.0,0
151,47070,33.8,23.1,23.1,79.7,1.6,,1,,,SW,20.0,0
152,47070,32.7,25.2,25.2,79.5,1.8,,,1,,SW,20.0,0
153,47070,8.4,0.9,0.9,70.6,1.4,,,,,NW,10.0,0
154,47070,7.7,-3.2,-3.2,59.2,1.9,,,,,SW,20.0,0
155,47070,10.6,-1.6,-1.6,69.3,0.4,,,,,SW,0.3,3
156,47070,10.5,-3.2,-3.2,71.1,2.9,,,,,SW,10.0,0
157,47070,5.3,-0.3,-0.3,47.0,6.2,,,,,NW,10.0,0
158,47070,6.0,-2.3,-2.3,40.2,2.0,,,,,W,20.0,0
159,47070,6.7,-4.5,-4.5,53.4,0.8,,,,,W,20.0,0
160,47070,10.3,0.7,0.7,64.7,1.4,,,,,W,20.0,0
161,47070,11.0,-0.8,-0.8,83.6,0.9,,,,,W,0.2,2
162,47070,14.9,-0.1,-0.1,67.4,0.6,,,,,W,10.0,0
163,47070,16.9,0.2,0.2,71.2,0.5,,,,,NW,5.0,0
164,47070,16.8,1.3,1.3,78.5,0.5,,,,,E,4.5,0
165,47070,13.0,8.8,8.8,90.8,0.4,,,,,SW,0.7,1
166,47070,8.7,5.9,5.9,84.3,1.8,,,,,SW,1.4,0
167,47070,10.6,0.8,0.8,80.0,0.5,,,,,W,10.0,0
168,47070,15.5,0.9,0.9,73.5,0.8,,,,,NW,20.0,0
169,47070,14.7,6.1,6.1,62.3,2.1,,,,,NW,20.0,0
170,47070,8.5,4.5,4.5,66.8,5.2,,,,,NE,20.0,0
171,47070,5.8,0.3,0.3,80.0,2.4,,,,,NE,4.5,0
172,47070,7.6,1.0,1.0,71.8,1.2,,,,,SW,20.0,0
173,47070,8.7,-1.7,-1.7,56.6,1.1,,,,,W,20.0,0
174,47070,12.0,1.3,1.3,55.5,1.1,,,,,E,20.0,0
175,47070,6.9,2.7,2.7,64.9,1.5,,,,,SW,20.0,0
176,47070,9.5,4.4,4.4,79.0,0.9,,,,,NE,20.0,0
177,47070,14.3,3.5,3.5,78.7,0.9,,,,,NW,10.0,0
178,47070,14.5,9.0,9.0,80.0,3.5,,,,,NE,4.5,0
179,47070,10.5,4.2,4.2,55.8,3.9,,,,,W,30.0,0
180,47070,13.5,-0.3,-0.3,49.1,0.6,,,,,W,20.0,0
181,47070,14.9,-0.1,-0.1,64.0,0.8,,,,,SW,20.0,0
182,47070,11.6,4.5,4.5,81.9,0.1,,,,,E,20.0,0
183,47070,13.3,7.8,7.8,72.9,0.4,,,,,E,10.0,0
184,47070,14.3,2.9,2.9,63.5,1.1,,,,,SW,20.0,0
185,47070,12.3,0.3,0.3,62.9,1.2,,,,,SW,20.0,0
186,47070,16.0,0.4,0.4,70.8,1.2,,,,,SE,10.0,0
187,47070,15.3,1.5,1.5,69.1,0.9,,,,,W,10.0,0
188,47070,14.3,1.0,1.0,64.9,1.4,,,,,W,20.0,0
189,47070,16.3,5.7,5.7,57.7,0.9,,,,,W,20.0,0
190,47070,14.2,6.9,6.9,56.1,2.3,,,,,SW,20.0,0
191,47070,17.1,2.6,2.6,67.4,0.5,,,,,W,20.0,0
192,47070,21.9,7.7,7.7,58.2,1.6,,,,,SW,20.0,0
193,47070,21.9,9.7,9.7,61.8,1.5,,,,,SW,20.0,0
194,47070,24.3,11.7,11.7,75.8,1.1,,,,,E,20.0,0
195,47070,19.4,13.8,13.8,87.1,1.9,,,,,W,4.0,0
196,47070,16.0,10.6,10.6,65.5,5.0,,,,,NE,10.0,0
197,47070,16.3,10.7,10.7,44.6,5.8,,,,,NE,20.0,0
198,47070,16.9,6.4,6.4,44.4,2.4,,,,,E,20.0,0
199,47070,19.0,4.3,4.3,57.7,1.4,,,,,SW,20.0,0
200,47070,19.4,4.9,4.9,69.6,0.9,,,,,SW,2.8,0
201,47070,17.8,8.5,8.5,63.9,1.0,,,,,SW,13.0,0
202,47070,19.6,5.5,5.5,66.6,1.0,,,,,NW,3.8,0
203,47070,19.4,5.3,5.3,66.2,0.9,,,,,W,3.8,0
204,47070,20.4,5.5,5.5,65.6,2.0,,,,,SW,20.0,0
205,47070,14.1,11.9,11.9,81.6,1.5,,,,,SW,3.0,0
206,47070,22.6,8.9,8.9,70.1,0.4,,,,,SW,0.2,1
207,47070,18.0,11.1,11.1,80.0,0.6,,,,,SW,1.1,0
208,47070,22.0,14.2,14.2,83.0,0.0,,,,,,1.0,0
209,47070,27.6,16.6,16.6,65.8,2.2,,,,,NW,10.0,0
210,47070,22.6,12.5,12.5,32.0,2.6,,,,,NW,20.0,0
211,47070,22.3,8.4,8.4,46.6,1.5,,,,,SW,20.0,0
212,47070,15.1,8.1,8.1,70.9,4.4,,,,,NE,20.0,0
213,47070,15.4,8.7,8.7,74.8,1.6,,,,,W,20.0,0
214,47070,18.2,4.1,4.1,67.1,2.6,,,,,SW,10.0,0
215,47070,18.4,5.3,5.3,61.9,1.5,,,,,NW,0.3,2
216,47070,18.0,5.2,5.2,54.0,2.0,,,,,W,20.0,0
217,47070,22.2,5.5,5.5,62.4,1.4,,,,,SW,20.0,0
218,47070,22.3,8.1,8.1,65.6,1.5,,,,,SW,20.0,0
219,47070,23.7,11.3,11.3,79.0,1.5,,,,,W,20.0,0
220,47070,20.7,14.8,14.8,56.1,2.8,,,,,NW,10.0,0
221,47070,16.4,10.4,10.4,50.5,3.4,,,,,NE,20.0,0
222,47070,23.4,7.5,7.5,64.5,0.1,,,,,SW,20.0,0
223,47070,24.6,10.0,10.0,55.9,0.8,,,,,W,20.0,0
224,47070,22.7,14.4,14.4,55.4,1.5,,,,,SW,20.0,0
225,47070,27.1,11.1,11.1,62.5,0.6,,,,,W,20.0,0
226,47070,24.0,12.3,12.3,47.9,0.8,,,,,NE,20.0,0
227,47070,19.4,8.0,8.0,50.9,3.8,,,,,NW,20.0,0
228,47070,20.6,6.3,6.3,48.6,2.5,,,,,NW,25.0,0
229,47070,20.9,7.5,7.5,72.9,1.6,,,,,SW,20.0,0
230,47070,24.3,11.7,11.7,77.5,1.1,,,,,SW,5.0,0
231,47070,21.2,12.9,12.9,77.1,1.8,,,,,SW,4.5,0
232,47070,23.2,11.9,11.9,74.1,1.2,,,,,SW,10.0,0
233,47070,23.7,11.5,11.5,70.4,1.2,,,,,SW,20.0,0
234,47070,22.2,15.8,15.8,81.9,1.2,,,,,SW,2.0,0
235,47070,22.2,14.4,14.4,83.6,0.2,,,,,W,2.0,0
236,47070,27.8,14.7,14.7,79.6,0.5,,,,,SW,0.2,2
237,47070,27.5,13.9,13.9,73.7,1.1,,,,,SW,0.3,1
238,47070,22.9,15.0,15.0,82.4,2.2,,,,,W,2.0,0
239,47070,20.6,11.9,11.9,72.7,3.9,,,,,W,20.0,0
240,47070,23.5,14.1,14.1,72.3,2.4,,,,,W,20.0,0
241,47070,25.9,12.4,12.4,76.3,1.9,,,,,W,10.0,0
242,47070,24.4,17.4,17.4,81.1,1.0,,,,,S,5.0,0
243,47070,21.9,16.5,16.5,81.9,1.5,,,,,W,10.0,0
244,47070,23.9,11.3,11.3,58.0,1.2,,,,,W,30.0,0
245,47070,26.3,13.2,13.2,58.6,1.6,,,,,W,30.0,0
246,47070,23.7,14.3,14.3,79.3,0.9,,,,,W,5.0,0
247,47070,29.2,18.2,18.2,75.1,1.2,,,,,SW,20.0,0
248,47070,27.9,17.8,17.8,68.7,0.9,,,,,E,10.0,0
249,47070,25.4,19.8,19.8,67.8,1.8,,,,,E,20.0,0
250,47070,20.8,15.1,15.1,73.7,5.5,,,,,NE,10.0,0
251,47070,23.5,13.9,13.9,61.7,3.0,,,,,E,20.0,0
252,47070,25.7,14.6,14.6,66.4,1.9,,,,,NE,20.0,0
253,47070,23.5,17.4,17.4,82.0,0.6,,,,,SW,5.0,0
254,47070,20.0,14.8,14.8,85.2,0.6,,,,,NW,20.0,0
255,47070,29.1,15.7,15.7,70.8,1.8,,,,,NW,20.0,0
256,47070,29.1,17.2,17.2,65.3,2.5,,,,,W,20.0,0
257,47070,24.6,18.2,18.9,80.6,2.1,,,,,NE,3.8,0
258,47070,24.2,17.2,17.2,65.7,5.6,,,,,NE,20.0,0
259,47070,17.0,14.1,14.1,87.0,2.5,,,,,NE,10.0,0
260,47070,22.7,16.4,16.4,82.4,1.2,,,,,SW,20.0,0
261,47070,25.5,14.4,14.4,84.2,0.5,,,,,SW,10.0,0
262,47070,22.9,20.3,20.3,87.5,0.6,,,,,SW,3.5,0
263,47070,23.2,20.7,20.7,88.3,0.6,,,,,SW,3.0,0
264,47070,28.2,21.0,21.0,82.1,0.0,,,,,,2.0,0
265,47070,30.5,19.8,19.8,85.1,1.0,,,,,SW,0.2,2
266,47070,27.6,21.1,21.1,83.1,1.4,,,,,SW,20.0,0
267,47070,22.5,20.8,20.8,90.5,1.6,,,,,NE,0.7,1
268,47070,23.9,20.8,20.8,91.8,3.4,,,,,SW,0.4,1
269,47070,28.3,19.8,19.8,85.9,1.4,,,,,SW,3.5,0
270,47070,25.5,23.2,23.2,88.9,2.9,,,,,SW,4.1,0
271,47070,25.7,23.5,23.5,91.4,3.1,,,,,S,10.0,0
272,47070,25.7,24.3,24.9,89.6,9.2,,,,,SW,10.0,0
273,47070,24.2,23.2,23.2,92.0,6.1,,,,,SW,2.0,0
274,47070,23.1,20.8,20.8,94.7,1.2,,,,,SW,2.0,0
275,47070,28.7,20.9,20.9,91.3,1.6,,,,,SW,4.0,0
276,47070,30.8,22.8,22.8,86.7,0.4,,,,,W,20.0,0
277,47070,32.5,22.1,22.1,82.9,0.6,,,,,W,0.8,1
278,47070,32.2,23.2,23.2,82.6,0.8,,,,,W,10.0,0
279,47070,33.7,25.4,25.4,83.6,0.9,,1,1,,W,12.0,0
280,47070,31.0,24.1,24.1,87.0,0.6,,,,,E,10.0,0
281,47070,28.2,24.8,24.8,88.9,2.5,,,,,E,10.0,0
282,47070,24.6,23.1,23.1,92.6,1.5,,,,,SW,3.5,0
283,47070,29.5,23.2,23.2,89.3,0.5,,,,,W,0.4,1
284,47070,32.5,22.8,22.8,84.5,0.2,,,,,SW,3.5,0
285,47070,28.4,22.7,22.7,86.6,1.0,,,,,NE,10.0,0
286,47070,27.7,21.5,21.5,82.1,2.1,,,,,E,20.0,0
287,47070,24.7,23.1,23.1,91.1,1.9,,,,,E,2.0,0
288,47070,28.2,21.2,21.2,89.8,1.2,,,,,W,5.0,0
289,47070,28.3,21.2,21.2,88.8,1.6,,,,,SW,0.6,1
290,47070,27.1,22.4,22.4,87.9,0.0,,,,,,10.0,0
291,47070,28.3,21.7,21.7,89.0,1.0,,,,,E,10.0,0
292,47070,30.9,22.6,22.6,83.6,0.2,,,,,SE,5.0,0
293,47070,30.5,22.9,22.9,85.7,1.5,,,,,W,3.7,0
294,47070,28.2,23.7,23.7,86.9,0.6,,,,,SW,10.0,0
295,47070,25.9,19.0,19.0,89.5,2.0,,,,,E,10.0,0
296,47070,26.5,21.6,21.6,89.1,0.6,,,,,SW,5.0,0
297,47070,26.4,19.6,19.6,91.2,0.8,,,,,SW,2.0,0
298,47070,25.5,20.7,20.7,92.1,1.5,,,,,NE,5.0,0
299,47070,30.5,21.2,21.2,86.6,0.4,,,,,SW,20.0,0
300,47070,31.9,22.2,22.2,86.8,0.2,,,,,SW,0.4,1
301,47070,31.3,24.9,24.9,85.4,0.1,,,,,S,10.0,0
302,47070,31.8,23.8,23.8,81.4,1.9,,,,,W,15.0,0
303,47070,32.5,25.1,25.1,82.3,0.6,,,1,,W,20.0,0
304,47070,34.4,25.3,25.3,84.0,0.8,,1,1,,SE,20.0,0
305,47070,27.5,24.9,24.9,89.9,1.4,,,,,E,5.0,0
306,47070,8.0,2.8,2.8,61.0,2.0,,,,,NW,20.0,0
307,47070,6.1,-0.5,-0.5,28.9,3.4,,,,,NW,20.0,0
308,47070,7.6,-4.6,-4.6,62.4,1.0,,,,,SW,20.0,0
309,47070,13.0,2.0,2.0,77.8,0.5,,,,,NW,10.0,0
310,47070,13.7,-1.4,-1.4,76.2,0.9,,,,,W,2.0,0
311,47070,13.7,-2.3,-2.3,58.1,0.0,,,,,,20.0,0
312,47070,15.6,3.7,3.7,74.4,0.5,,,,,S,20.0,0
313,47070,11.5,5.3,5.3,87.9,2.1,,,,,S,2.9,0
314,47070,9.5,7.0,7.0,91.6,0.2,,,,,NW,3.0,0
315,47070,19.0,3.8,3.8,80.0,1.1,,,,,E,0.1,4
316,47070,18.9,6.5,6.5,70.6,0.5,,,,,SW,4.0,0
317,47070,8.6,1.1,1.1,75.5,3.8,,,,,W,0.3,1
318,47070,5.9,-2.8,-2.8,43.9,1.9,,,,,NW,20.0,0
319,47070,13.1,1.3,1.3,59.7,2.1,,,,,SW,20.0,0
320,47070,10.0,4.0,4.0,74.0,1.6,,,,,SW,10.0,0
321,47070,8.6,-0.2,-0.2,31.7,1.9,,,,,NW,20.0,0
322,47070,13.5,-0.8,-0.8,37.5,1.0,,,,,W,20.0,0
323,47070,13.5,2.7,2.7,36.3,2.4,,,,,NW,20.0,0
324,47070,13.9,-0.1,-0.1,57.2,1.0,,,,,NW,5.0,0
325,47070,15.1,-1.4,-1.4,68.1,0.5,,,,,W,0.2,4
326,47070,19.3,1.0,1.0,47.1,0.8,,,,,SW,20.0,0
327,47070,23.7,5.5,5.5,52.8,0.6,,,,,E,20.0,0
328,47070,21.0,12.5,12.5,57.8,1.5,,,,,NW,5.0,0
329,47070,17.5,7.3,7.3,37.0,1.9,,,,,NW,20.0,0
330,47070,17.2,5.2,5.2,55.5,1.6,,,,,SW,20.0,0
331,47070,12.7,5.0,5.0,41.7,3.7,,,,,NW,20.0,0
332,47070,12.9,-1.5,-1.5,47.7,1.6,,,,,NW,20.0,0
333,47070,14.7,1.0,1.0,69.8,0.4,,,,,SW,10.0,0
334,47070,17.8,2.0,2.0,68.0,0.2,,,,,W,20.0,0
335,47070,19.4,2.5,2.5,62.3,1.0,,,,,SW,20.0,0
336,47070,22.6,4.2,4.2,52.5,0.9,,,,,SW,20.0,0
337,47070,25.0,5.4,5.4,51.9,0.8,,,,,NW,20.0,0
338,47070,23.9,11.1,11.1,54.9,0.6,,,,,E,20.0,0
339,47070,25.1,8.3,8.3,42.3,0.0,,,,,,20.0,0
340,47070,20.7,11.5,11.5,44.8,0.2,,,,,W,20.0,0
341,47070,12.6,7.8,7.8,94.1,4.2,,,,,E,4.0,0
342,47070,9.5,7.6,7.6,95.6,0.6,,,,,S,2.0,0
343,47070,13.5,2.9,2.9,69.7,2.8,,,,,W,0.2,2
344,47070,13.3,0.6,0.6,60.3,2.8,,,,,W,20.0,0
345,47070,14.7,1.0,1.0,69.9,1.6,,,,,SW,20.0,0
346,47070,17.4,4.2,4.2,70.0,1.6,,,,,SW,20.0,0
347,47070,14.6,11.1,11.1,78.0,3.1,,,,,SW,4.0,0
348,47070,14.6,3.3,3.3,46.6,2.9,,,,,W,4.0,0
349,47070,13.9,2.7,2.7,58.5,0.9,,,,,NW,10.0,0
350,47070,18.0,8.7,8.7,68.0,0.5,,,,,NW,10.0,0
351,47070,13.6,10.5,10.5,85.5,0.6,,,,,SW,4.5,0
352,47070,15.1,6.9,6.9,80.1,1.9,,,,,W,4.5,0
353,47070,15.0,4.8,4.8,71.1,0.2,,,,,NE,15.0,0
354,47070,19.6,9.6,9.6,76.0,1.4,,,,,NE,3.8,0
355,47070,26.4,10.0,10.0,70.8,0.8,,,,,W,2.0,0
356,47070,15.9,13.0,13.0,89.2,0.9,,,,,SW,1.2,0
357,47070,20.7,10.4,10.4,47.2,2.5,,,,,NW,10.0,0
358,47070,19.8,12.7,12.7,21.1,3.5,,,,,NE,20.0,0
359,47070,21.1,8.6,8.6,31.8,1.5,,,,,NW,20.0,0
360,47070,20.7,11.9,11.9,43.6,3.2,,,,,W,20.0,0
361,47070,13.0,6.5,6.5,73.0,1.4,,,,,W,20.0,0
362,47070,14.7,7.9,7.9,70.4,3.4,,,,,NW,20.0,0
363,47070,17.4,3.4,3.4,70.4,0.9,,,,,NE,20.0,0
364,47070,19.0,4.7,4.7,66.8,1.0,,,,,W,20.0,0
365,47070,14.9,9.5,9.5,85.9,2.1,,,,,W,2.0,0
366,47070,15.3,6.3,6.3,74.4,2.2,,,,,W,20.0,0
367,47070,19.8,7.9,7.9,68.8,2.6,,,,,W,0.2,1
368,47070,22.9,6.4,6.4,60.6,1.1,,,,,E,20.0,0
369,47070,24.7,9.3,9.3,63.1,1.5,,,,,SW,20.0,0
370,47070,24.1,14.1,14.1,72.6,1.2,,,,,E,20.0,0
371,47070,20.0,14.2,14.2,92.0,2.9,,,,,E,2.0,0
372,47070,12.8,10.2,10.2,77.5,9.5,,,,,NE,10.0,0
373,47070,18.2,10.3,10.3,43.5,3.5,,,,,NE,20.0,0
374,47070,20.7,6.3,6.3,64.5,1.1,,,,,SW,20.0,0
375,47070,22.0,7.3,7.3,73.8,1.2,,,,,W,20.0,0
376,47070,24.0,7.7,7.7,69.2,0.6,,,,,SW,15.0,0
377,47070,24.7,11.0,11.0,62.6,1.5,,,,,SW,20.0,0
378,47070,23.6,9.4,9.4,65.4,0.6,,,,,W,20.0,0
379,47070,20.0,10.3,10.3,79.9,0.9,,,,,SW,10.0,0
380,47070,20.9,11.0,11.0,76.8,1.0,,,,,W,0.5,1
381,47070,25.6,9.9,9.9,69.2,1.2,,,,,SW,20.0,0
382,47070,27.5,13.7,13.7,69.8,2.1,,,,,W,5.0,0
383,47070,26.2,15.5,15.5,76.5,4.7,,,,,SW,20.0,0
384,47070,27.7,16.9,16.9,78.2,2.0,,,,,SW,10.0,0
385,47070,25.7,16.7,16.7,64.9,2.8,,,,,NE,20.0,0
386,47070,24.1,15.3,15.3,72.4,2.8,,,,,SW,20.0,0
387,47070,22.0,14.7,14.7,76.4,2.9,,,,,SW,4.0,0
388,47070,25.2,14.2,14.2,64.9,1.2,,,,,E,10.0,0
389,47070,25.9,11.9,11.9,58.8,1.6,,,,,W,20.0,0
390,47070,24.5,11.7,11.7,64.7,0.5,,,,,E,20.0,0
391,47070,24.6,12.0,12.0,60.7,1.5,,,,,W,20.0,0
392,47070,25.3,13.7,13.7,65.4,1.4,,,,,W,20.0,0
393,47070,18.0,15.1,15.1,88.4,0.8,,,,,E,4.0,0
394,47070,19.0,17.6,17.6,96.7,1.2,,,,,SW,2.0,0
395,47070,29.6,18.0,18.0,79.0,0.9,,,,,E,4.0,0
396,47070,25.9,18.6,18.6,70.2,2.1,,,,,NE,20.0,0
397,47070,24.9,16.4,16.4,69.0,1.6,,,,,SE,20.0,0
398,47070,26.1,18.6,18.6,77.5,1.2,,,,,SW,4.0,0
399,47070,26.5,17.1,17.1,78.6,1.5,,,,,W,20.0,0
400,47070,28.6,16.8,16.8,55.0,2.9,,,,,NW,20.0,0
401,47070,26.7,15.1,15.1,75.8,0.9,,,,,SW,3.9,0
402,47070,25.1,14.9,14.9,81.5,1.8,,,,,W,20.0,0
403,47070,22.0,16.8,16.8,82.0,2.2,,,,,SW,20.0,0
404,47070,22.7,17.4,17.4,83.6,2.2,,,,,SW,20.0,0
405,47070,19.7,17.3,17.3,88.4,1.9,,,,,SW,10.0,0
406,47070,24.4,15.8,15.8,83.2,1.0,,,,,SW,20.0,0
407,47070,25.7,18.5,18.5,81.6,1.3,,,,,SW,20.0,0
408,47070,27.7,16.1,16.1,77.3,0.9,,,,,NE,20.0,0
409,47070,25.7,17.0,17.0,82.5,1.1,,,,,E,10.0,0
410,47070,24.8,17.9,17.9,78.1,1.1,,,,,SW,10.0,0
411,47070,26.5,15.6,15.6,80.5,0.5,,,,,SW,20.0,0
412,47070,28.0,17.0,17.0,78.8,1.1,,,,,SW,20.0,0
413,47070,27.6,17.6,17.6,77.4,1.6,,,,,W,3.9,0
414,47070,29.1,17.0,17.0,76.3,1.6,,,,,SW,20.0,0
415,47070,30.2,19.5,19.5,74.3,0.9,,,,,SW,20.0,0
416,47070,32.9,20.5,20.5,67.7,0.8,,,,,E,20.0,0
417,47070,24.9,22.5,22.5,75.9,1.0,,,,,NE,20.0,0
418,47070,22.0,18.7,18.7,87.1,1.9,,,,,NE,5.0,0
419,47070,24.7,18.2,18.2,81.5,2.0,,,,,W,5.0,0
420,47070,28.7,19.4,19.4,84.8,0.5,,,,,NW,0.3,2
421,47070,30.6,20.0,20.0,78.4,1.4,,,,,W,10.0,0
422,47070,31.6,20.6,20.6,75.9,0.4,,,,,SW,10.0,0
423,47070,26.6,21.1,21.1,90.3,3.1,,,,,SW,4.0,0
424,47070,25.5,20.5,20.5,83.6,4.8,,,,,SW,4.0,0
425,47070,27.6,21.1,21.1,85.8,0.4,,,,,W,5.0,0
426,47070,23.7,22.3,22.3,95.5,2.4,,,,,SW,2.0,0
427,47070,29.2,20.8,20.8,83.2,1.1,,,,,NE,4.0,0
428,47070,30.4,21.9,21.9,79.3,1.6,,,,,SW,0.2,1
429,47070,28.5,23.2,23.2,80.7,1.0,,,,,SW,20.0,0
430,47070,33.1,22.2,22.2,81.2,1.4,,1,,,W,0.3,2
431,47070,26.8,23.3,23.6,94.0,1.4,,,,,S,4.0,0
432,47070,26.6,21.8,21.8,87.1,5.4,,,,,S,5.0,0
433,47070,30.3,21.7,21.7,83.1,2.8,,,,,S,3.5,0
434,47070,31.5,21.6,21.6,76.2,1.4,,,,,E,5.0,0
435,47070,30.3,20.1,20.1,78.8,1.4,,,,,E,20.0,0
436,47070,25.5,20.3,21.2,88.0,2.1,,,,,NE,10.0,0
437,47070,29.6,23.5,23.5,84.2,2.2,,,,,S,3.5,0
438,47070,25.1,20.8,21.0,92.9,1.1,,,,,SW,2.0,0
439,47070,27.3,21.2,21.2,87.2,0.1,,,,,NE,3.5,0
440,47070,24.6,23.7,23.7,94.2,1.4,,,,,E,4.0,0
441,47070,24.8,23.8,23.8,98.0,3.0,,,,,S,0.4,2
442,47070,24.5,23.0,23.0,95.6,2.0,,,,,SW,0.2,2
443,47070,25.5,22.4,22.4,86.8,1.4,,,,,SW,4.0,0
444,47070,25.1,22.7,22.7,90.5,0.8,,,,,SW,5.0,0
445,47070,30.1,22.7,22.7,86.2,0.0,,,,,,2.0,0
446,47070,31.9,22.3,22.3,80.6,1.0,,,,,SW,0.9,1
447,47070,32.1,22.7,22.7,80.6,0.9,,,,,SW,0.3,2
448,47070,33.1,22.7,22.7,74.0,0.4,,1,,,NE,10.0,0
449,47070,30.8,23.5,23.5,81.0,2.8,,,,,SE,10.0,0
450,47070,25.9,22.7,22.7,96.9,3.4,,,,,SW,5.0,0
451,47070,29.6,23.7,23.7,88.5,1.1,,,,,W,2.0,0
452,47070,26.6,23.9,23.9,90.1,2.1,,,,,SW,5.0,0
453,47070,27.6,22.7,22.7,92.9,2.0,,,,,SW,2.0,0
454,47070,30.5,24.3,24.3,84.9,1.2,,,,,W,0.2,1
455,47070,32.1,24.3,24.3,83.9,1.1,,,,,SW,3.0,0
456,47070,30.5,24.0,24.0,83.5,1.4,,,,,W,20.0,0
457,47070,33.9,24.2,24.2,79.2,1.0,,1,,,SW,20.0,0
458,47070,32.6,24.7,24.7,84.3,0.9,,,,,NE,20.0,0
459,47070,-0.9,-6.7,-6.7,42.3,6.4,,,,,NW,20.0,0
460,47070,4.3,-7.7,-7.7,61.6,3.2,,,,,NW,20.0,0
461,47070,8.1,-1.1,-1.1,71.7,1.8,,,,,SW,1.6,0
462,47070,11.1,-4.4,-4.4,53.2,0.9,,,,,S,20.0,0
463,47070,10.8,3.3,3.3,53.0,1.6,,,,,NE,20.0,0
464,47070,10.2,2.7,2.7,66.6,2.9,,,,,NE,20.0,0
465,47070,6.0,1.7,1.7,70.6,0.9,,,,,W,20.0,0
466,47070,5.4,-1.4,-1.4,53.0,3.8,,,,,W,20.0,0
467,47070,7.0,-2.8,-2.8,57.0,2.6,,,,,W,20.0,0
468,47070,9.1,-4.4,-4.4,63.8,1.2,,,,,W,20.0,0
469,47070,9.1,0.1,0.1,81.2,0.6,,,,,SW,10.0,0
470,47070,10.0,2.5,2.5,75.9,1.2,,,,,NW,10.0,0
471,47070,11.1,0.2,0.2,59.9,2.5,,,,,SW,20.0,0
472,47070,14.7,-0.4,-0.4,64.3,1.1,,,,,SW,5.0,0
473,47070,13.2,1.6,1.6,80.8,1.5,,,,,W,0.2,2
474,47070,15.6,5.7,5.7,73.6,0.9,,,,,E,3.5,0
475,47070,10.6,5.6,5.6,57.9,4.2,,,,,NW,4.8,0
476,47070,12.0,0.0,0.0,40.9,4.0,,,,,NW,20.0,0
477,47070,11.0,2.5,2.5,74.1,4.5,,,,,SW,10.0,0
478,47070,8.1,1.9,1.9,52.1,5.8,,,,,NW,20.0,0
479,47070,10.3,-3.3,-3.3,58.2,1.5,,,,,SW,20.0,0
480,47070,12.9,0.9,0.9,69.2,3.8,,,,,E,20.0,0
481,47070,17.3,7.8,7.8,76.5,1.5,,,,,NW,0.5,1
482,47070,21.5,8.3,8.3,62.2,0.6,,,,,E,20.0,0
483,47070,12.4,7.0,7.0,71.9,3.4,,,,,NE,20.0,0
484,47070,10.5,2.5,2.5,83.3,2.4,,,,,NE,20.0,0
485,47070,14.0,3.7,3.7,87.4,1.1,,,,,W,0.4,2
486,47070,10.9,7.3,7.3,92.1,1.0,,,,,SW,10.0,0
487,47070,11.6,4.2,4.2,84.6,2.0,,,,,W,3.0,0
488,47070,13.6,0.8,0.8,74.9,1.5,,,,,W,15.0,0
489,47070,15.1,0.6,0.6,59.0,0.5,,,,,W,20.0,0
490,47070,17.4,3.0,3.0,51.4,1.0,,,,,E,20.0,0
491,47070,21.3,3.7,3.7,57.1,1.0,,,,,E,20.0,0
492,47070,20.8,11.5,11.5,59.5,0.5,,,,,SE,20.0,0
493,47070,21.3,11.0,11.0,57.5,1.8,,,,,E,20.0,0
494,47070,17.9,9.7,9.7,69.8,1.1,,,,,W,20.0,0
495,47070,18.1,5.1,5.1,70.2,0.9,,,,,E,10.0,0
496,47070,21.2,4.4,4.4,55.4,0.9,,,,,SE,20.0,0
497,47070,22.4,7.5,7.5,65.7,1.0,,,,,SW,20.0,0
498,47070,18.1,9.4,9.4,49.6,3.5,,,,,NE,10.0,0
499,47070,15.5,7.5,7.5,66.5,1.6,,,,,SW,20.0,0
500,47070,18.3,10.5,10.5,77.2,0.8,,,,,E,20.0,0
501,47070,22.1,8.6,8.6,72.8,1.1,,,,,WSW,20.0,0
502,47070,26.8,8.2,8.2,70.2,1.2,,,,,W,3.9,0
503,47070,28.0,10.0,10.0,61.7,1.1,,,,,SW,20.0,0
504,47070,16.9,11.4,11.4,81.5,1.6,,,,,SW,10.0,0
505,47070,14.0,10.3,10.3,91.6,1.8,,,,,SW,3.0,0
506,47070,20.6,8.0,8.0,81.9,1.9,,,,,SW,0.9,1
507,47070,23.1,8.4,8.4,68.1,1.8,,,,,W,10.0,0
508,47070,22.0,9.2,9.2,70.7,0.4,,,,,W,20.0,0
509,47070,17.1,12.1,12.1,78.0,2.4,,,,,E,10.0,0
510,47070,20.5,12.9,12.9,66.1,4.4,,,,,NE,20.0,0
511,47070,21.9,14.2,14.2,56.0,3.2,,,,,NE,20.0,0
512,47070,21.7,12.4,12.4,63.3,4.2,,,,,NE,20.0,0
513,47070,16.6,9.3,9.3,81.6,2.2,,,,,NE,20.0,0
514,47070,17.6,10.0,10.0,83.5,1.6,,,,,SW,10.0,0
515,47070,23.8,8.3,8.3,70.5,0.6,,,,,SW,20.0,0
516,47070,25.1,8.0,8.0,71.0,1.2,,,,,SW,20.0,0
517,47070,27.5,10.2,10.2,70.0,0.5,,,,,NE,20.0,0
518,47070,24.9,14.3,14.3,54.9,3.0,,,,,E,20.0,0
519,47070,22.6,12.1,12.1,65.6,0.9,,,,,NW,20.0,0
520,47070,22.2,11.8,11.8,57.7,2.2,,,,,NE,20.0,0
521,47070,23.1,9.3,9.3,63.4,1.8,,,,,SW,20.0,0
522,47070,27.6,8.0,8.0,60.7,0.8,,,,,SW,20.0,0
523,47070,26.5,11.0,11.0,59.3,1.0,,,,,SW,20.0,0
524,47070,18.2,15.1,15.1,87.0,2.4,,,,,SW,3.0,0
525,47070,14.1,12.4,12.5,96.2,3.9,,,,,SW,3.5,0
526,47070,15.5,11.9,11.9,80.1,4.0,,,,,NE,3.5,0
527,47070,21.7,9.0,9.0,65.1,2.6,,,,,SW,20.0,0
528,47070,18.9,8.1,8.1,80.9,1.9,,,,,SW,5.0,0
529,47070,21.5,11.7,11.7,70.8,1.8,,,,,SW,3.5,0
530,47070,18.6,12.0,12.0,87.3,3.7,,,,,SW,2.0,0
531,47070,21.4,10.6,10.6,73.0,2.0,,,,,NW,0.2,1
532,47070,23.6,9.3,9.3,66.5,1.9,,,,,SW,20.0,0
533,47070,22.6,9.9,9.9,67.9,1.9,,,,,SW,20.0,0
534,47070,14.4,7.2,7.2,85.7,1.8,,,,,N,15.0,0
535,47070,18.6,6.7,6.7,66.0,3.6,,,,,NW,20.0,0
536,47070,22.7,8.0,8.0,79.1,1.4,,,,,SW,3.5,0
537,47070,23.9,14.1,14.1,80.3,1.5,,,,,SW,20.0,0
538,47070,26.3,13.6,13.6,76.8,1.5,,,,,SW,20.0,0
539,47070,21.1,17.0,17.0,84.6,1.1,,,,,SW,10.0,0
540,47070,25.6,15.8,15.8,78.2,0.9,,,,,SE,0.7,1
541,47070,22.8,14.9,14.9,85.5,1.4,,,,,SW,0.6,1
542,47070,22.8,14.8,14.8,83.9,1.1,,,,,SW,15.0,0
543,47070,21.7,15.6,15.6,86.1,1.1,,,,,W,3.3,0
544,47070,22.2,16.4,16.4,83.8,1.2,,,,,W,0.3,2
545,47070,20.4,16.3,16.3,85.8,3.1,,,,,SW,2.0,0
546,47070,21.7,12.0,12.0,69.3,3.0,,,,,W,10.0,0
547,47070,25.0,12.6,12.6,62.4,2.2,,,,,NE,30.0,0
548,47070,25.0,13.5,13.5,70.0,1.8,,,,,SW,20.0,0
549,47070,22.7,13.6,13.6,69.9,1.2,,,,,SW,20.0,0
550,47070,23.6,13.7,13.7,75.9,2.6,,,,,SW,20.0,0
551,47070,25.3,15.9,15.9,63.9,4.0,,,,,SW,20.0,0
552,47070,24.5,14.4,14.4,64.2,3.1,,,,,NW,20.0,0
553,47070,26.6,14.8,14.8,56.4,2.6,,,,,E,20.0,0
554,47070,27.4,15.3,15.3,54.2,3.1,,,,,SW,30.0,0
555,47070,29.5,15.0,15.0,70.6,1.8,,,,,SW,20.0,0
556,47070,29.4,16.1,16.1,70.5,1.5,,,,,SE,20.0,0
557,47070,25.0,16.2,16.2,73.5,1.1,,,,,E,10.0,0
558,47070,23.0,16.5,16.5,86.5,2.0,,,,,W,3.5,0
559,47070,26.9,14.9,14.9,83.0,1.6,,,,,SW,0.2,2
560,47070,28.6,17.9,17.9,81.5,1.5,,,,,SW,0.3,1
561,47070,29.2,20.6,20.6,80.0,2.2,,,,,SW,3.0,0
562,47070,29.4,18.2,18.2,76.9,1.9,,,,,SW,20.0,0
563,47070,30.8,16.5,16.5,71.4,1.1,,,,,N,20.0,0
564,47070,30.4,18.2,18.2,71.9,1.6,,,,,SW,20.0,0
565,47070,27.5,21.1,21.1,79.3,1.6,,,,,SW,10.0,0
566,47070,28.5,18.4,18.4,70.5,3.0,,,,,W,20.0,0
567,47070,27.9,16.1,16.1,75.3,2.1,,,,,SW,20.0,0
568,47070,30.1,19.4,19.4,76.4,2.0,,,,,W,20.0,0
569,47070,34.3,18.6,18.6,69.3,1.2,,1,,,SW,15.0,0
570,47070,35.4,19.4,19.4,59.6,1.1,,1,,,SW,20.0,0
571,47070,31.3,19.8,19.8,65.1,2.0,,,,,SW,20.0,0
572,47070,24.2,21.7,22.1,83.9,1.6,,,,,E,20.0,0
573,47070,29.9,22.7,22.7,77.9,1.9,,,,,SW,20.0,0
574,47070,28.6,20.6,20.6,75.9,2.4,,,,,W,20.0,0
575,47070,27.1,17.6,17.6,66.1,2.8,,,,,SW,20.0,0
576,47070,30.6,16.9,16.9,66.9,1.6,,,,,SW,20.0,0
577,47070,30.5,18.4,18.4,66.0,1.8,,,,,SW,20.0,0
578,47070,31.9,18.4,18.4,64.2,1.8,,,,,SW,20.0,0
579,47070,31.0,18.9,18.9,70.5,2.1,,,,,E,20.0,0
580,47070,26.5,21.5,21.5,93.1,3.6,,,,,S,3.0,0
581,47070,28.7,21.4,21.4,84.8,0.9,,,,,W,5.0,0
582,47070,23.5,21.1,21.9,92.2,3.5,,,,,E,2.0,0
583,47070,23.9,22.7,22.7,89.7,5.2,,,,,SW,5.0,0
584,47070,27.9,21.7,21.7,85.7,1.4,,,,,SW,10.0,0
585,47070,26.2,21.1,21.1,86.8,5.1,,,,,SW,10.0,0
586,47070,27.0,21.0,21.0,92.0,2.8,,,,,SW,10.0,0
587,47070,27.0,20.9,20.9,88.6,1.8,,,,,W,10.0,0
588,47070,26.0,23.1,23.1,93.8,1.4,,,,,SW,5.0,0
589,47070,27.0,22.3,22.3,91.2,1.2,,,,,E,5.0,0
590,47070,29.8,22.7,22.7,83.1,2.9,,,,,NE,10.0,0
591,47070,27.3,22.7,22.7,90.0,1.2,,,,,SW,0.2,2
592,47070,28.5,22.0,22.0,87.6,1.0,,,,,SW,0.2,2
593,47070,31.6,22.7,22.7,83.7,1.1,,,,,E,0.1,2
594,47070,30.9,22.8,22.8,73.4,2.5,,,,,NE,10.0,0
595,47070,30.5,23.1,23.1,72.0,2.4,,,,,E,20.0,0
596,47070,29.1,23.3,23.3,84.1,2.0,,,,,E,10.0,0
597,47070,25.0,22.8,22.8,97.6,1.0,,,,,SW,1.8,0
598,47070,25.8,22.8,22.8,96.4,2.4,,,,,SW,3.0,0
599,47070,28.3,22.5,22.5,86.6,2.0,,,,,SW,5.0,0
600,47070,27.1,23.9,23.9,92.0,2.4,,,,,SW,10.0,0
601,47070,27.7,21.8,21.8,88.4,5.1,,,,,SW,5.0,0
602,47070,25.9,24.8,25.1,95.7,2.0,,,1,,S,3.8,0
603,47070,26.8,23.8,23.8,92.2,3.8,,,,,SW,10.0,0
604,47070,29.5,23.7,23.7,91.5,2.8,,,,,SW,5.0,0
605,47070,30.5,25.4,25.4,87.7,1.4,,,1,,S,10.0,0
606,47070,31.4,24.5,24.5,87.3,1.5,,,,,NE,10.0,0
607,47070,31.1,26.4,26.4,85.6,2.5,,,1,,SW,20.0,0
608,47070,29.9,27.1,27.1,84.1,3.1,,,1,,SW,20.0,0
609,47070,26.8,25.2,25.2,91.0,5.2,,,1,,SW,3.5,0
610,47070,28.5,24.8,24.8,92.9,2.8,,,,,SW,3.5,0
611,47070,30.7,25.5,25.5,86.8,1.8,,,1,,W,20.0,0
612,47070,12.6,-0.6,-0.6,81.0,0.4,,,,,E,0.5,2
613,47070,11.6,3.2,3.2,79.1,3.2,,,,,NE,4.0,0
614,47070,3.9,0.5,0.5,67.3,7.9,,,,,NE,5.0,0
615,47070,2.0,-0.6,0.2,67.5,6.5,,,,,NE,3.1,0
616,47070,7.7,1.5,1.5,65.1,3.0,,,,,NE,30.0,0
617,47070,8.9,-2.0,-2.0,60.2,1.5,,,,,NW,20.0,0
618,47070,9.1,-2.5,-2.5,59.4,1.1,,,,,SE,10.0,0
619,47070,9.3,0.6,0.6,67.3,1.5,,,,,SW,10.0,0
620,47070,11.5,-0.7,-0.7,82.8,0.6,,,,,W,0.2,3
621,47070,13.1,-0.9,-0.9,74.5,1.1,,,,,W,1.8,0
622,47070,14.2,-0.2,-0.2,73.1,0.8,,,,,SW,5.0,0
623,47070,9.1,2.7,2.7,84.2,0.5,,,,,SW,0.4,2
624,47070,13.9,-0.3,-0.3,71.6,2.0,,,,,W,0.1,2
625,47070,17.3,3.6,3.6,39.5,0.9,,,,,NE,20.0,0
626,47070,15.2,8.1,8.1,38.1,1.4,,,,,E,20.0,0
627,47070,6.0,1.7,1.7,61.9,3.4,,,,,NW,20.0,0
628,47070,4.1,-1.8,-1.8,47.8,3.8,,,,,NW,20.0,0
629,47070,4.5,-0.9,-0.9,74.1,3.9,,,,,E,5.0,0
630,47070,5.9,-2.6,-2.6,53.5,2.9,,,,,W,20.0,0
631,47070,12.4,-0.7,-0.7,76.6,1.8,,,,,SW,5.0,0
632,47070,15.9,6.0,6.0,77.5,0.6,,,,,W,3.5,0
633,47070,18.6,2.4,2.4,72.2,1.5,,,,,W,5.0,0
634,47070,20.7,2.9,2.9,69.7,1.0,,,,,SW,5.0,0
635,47070,17.5,8.9,8.9,71.4,1.4,,,,,W,5.0,0
636,47070,14.5,8.1,8.1,77.9,3.0,,,,,W,2.5,0
637,47070,20.6,3.6,3.6,64.0,1.1,,,,,N,20.0,0
638,47070,16.7,6.3,6.3,70.6,2.2,,,,,NW,5.0,0
639,47070,10.4,2.9,2.9,46.0,4.8,,,,,NW,10.0,0
640,47070,5.1,-1.8,-1.8,43.4,3.8,,,,,NW,20.0,0
641,47070,7.2,-3.9,-3.9,58.1,3.2,,,,,W,20.0,0
642,47070,12.9,-3.2,-3.2,55.2,1.4,,,,,W,20.0,0
643,47070,15.3,0.6,0.6,69.8,0.9,,,,,SW,5.0,0
644,47070,11.1,1.0,1.0,68.1,1.2,,,,,SW,20.0,0
645,47070,15.5,3.0,3.0,67.4,1.4,,,,,E,10.0,0
646,47070,14.2,2.9,2.9,72.7,0.8,,,,,W,0.9,1
647,47070,7.2,5.3,5.3,87.6,1.5,,,,,E,5.0,0
648,47070,13.5,6.2,6.2,80.5,1.9,,,,,W,1.5,0
649,47070,18.1,2.4,2.4,73.2,1.0,,,,,S,5.0,0
650,47070,18.3,8.8,8.8,67.4,3.2,,,,,W,10.0,0
651,47070,13.7,6.4,6.4,71.6,1.0,,,,,SW,20.0,0
652,47070,18.7,5.7,5.7,73.1,1.4,,,,,W,10.0,0
653,47070,21.5,4.9,4.9,66.4,1.6,,,,,SW,10.0,0
654,47070,20.7,4.0,4.0,72.7,1.9,,,,,S,5.0,0
655,47070,6.7,0.2,0.2,83.4,4.2,,,,,W,4.0,0
656,47070,6.4,3.2,3.2,82.4,2.8,,,,,NE,10.0,0
657,47070,13.4,2.0,2.0,75.7,3.1,,,,,W,20.0,0
658,47070,19.6,4.9,4.9,71.8,1.2,,,,,NW,4.0,0
659,47070,20.1,13.8,13.8,77.4,1.6,,,,,S,20.0,0
660,47070,21.8,11.9,11.9,82.1,1.0,,,,,SW,0.9,1
661,47070,14.3,11.5,11.5,93.0,1.8,,,,,NW,0.7,1
662,47070,22.4,5.5,5.5,77.4,0.8,,,,,SW,0.2,1
663,47070,23.5,10.8,10.8,77.4,1.1,,,,,W,20.0,0
664,47070,18.0,15.8,16.4,89.4,1.1,,,,,WNW,5.0,0
665,47070,20.4,11.4,11.4,69.3,2.6,,,,,NE,20.0,0
666,47070,18.5,9.2,9.2,70.7,2.8,,,,,SW,15.0,0
667,47070,17.3,6.3,6.3,42.7,2.8,,,,,W,20.0,0
668,47070,18.2,4.3,4.3,68.2,1.4,,,,,SW,20.0,0
669,47070,16.9,8.6,8.6,73.4,1.4,,,,,SW,20.0,0
670,47070,18.8,7.5,7.5,61.9,2.9,,,,,W,20.0,0
671,47070,18.9,5.6,5.6,50.4,1.5,,,,,W,20.0,0
672,47070,24.0,6.4,6.4,52.9,1.9,,,,,S,20.0,0
673,47070,13.8,11.0,12.6,80.9,0.8,,,,,W,5.0,0
674,47070,18.4,7.8,7.8,61.4,3.4,,,,,W,20.0,0
675,47070,14.7,8.4,8.4,81.2,2.1,,,,,W,10.0,0
676,47070,19.7,6.4,6.4,71.2,3.4,,,,,SW,20.0,0
677,47070,12.5,6.9,6.9,78.5,1.1,,,,,E,10.0,0
678,47070,18.6,7.0,7.0,64.0,1.5,,,,,W,20.0,0
679,47070,19.5,7.6,7.6,70.7,1.6,,,,,SW,20.0,0
680,47070,22.6,7.9,7.9,68.1,1.4,,,,,NE,10.0,0
681,47070,15.0,13.5,13.5,81.2,2.0,,,,,NE,10.0,0
682,47070,16.0,11.9,11.9,91.6,3.0,,,,,SW,3.0,0
683,47070,18.1,11.1,11.1,85.1,1.8,,,,,E,5.0,0
684,47070,21.6,10.2,10.2,74.3,1.5,,,,,SW,0.8,1
685,47070,23.1,11.3,11.3,66.9,1.4,,,,,SW,20.0,0
686,47070,24.3,10.5,10.5,69.2,1.8,,,,,NE,20.0,0
687,47070,21.8,15.1,15.1,87.0,1.8,,,,,SW,0.7,1
688,47070,20.5,16.3,16.3,92.0,1.2,,,,,W,0.8,2
689,47070,21.7,14.8,14.8,89.0,1.9,,,,,SW,2.5,0
690,47070,19.2,10.1,10.1,69.7,3.0,,,,,NW,10.0,0
691,47070,17.2,8.5,8.5,77.0,1.5,,,,,SW,20.0,0
692,47070,20.7,15.3,15.3,96.9,1.4,,,,,SW,0.7,1
693,47070,26.3,20.2,20.2,83.5,1.2,,,,,W,0.7,2
694,47070,26.4,19.1,19.1,65.6,2.5,,,,,NE,20.0,0
695,47070,20.7,14.9,14.9,63.8,1.9,,,,,E,20.0,0
696,47070,18.1,13.6,13.6,70.8,4.0,,,,,NE,20.0,0
697,47070,21.2,10.0,10.0,75.2,1.6,,,,,W,20.0,0
698,47070,24.2,10.8,10.8,73.8,1.0,,,,,W,10.0,0
699,47070,24.9,11.7,11.7,76.3,1.6,,,,,SW,20.0,0
700,47070,25.4,13.5,13.5,76.0,1.0,,,,,W,5.0,0
701,47070,26.5,13.9,13.9,71.2,1.4,,,,,W,20.0,0
702,47070,26.1,14.1,14.1,69.9,0.9,,,,,W,20.0,0
703,47070,25.4,13.7,13.7,69.8,1.1,,,,,NE,20.0,0
704,47070,28.2,15.4,15.4,73.5,0.8,,,,,SW,10.0,0
705,47070,21.8,16.6,16.6,80.0,0.4,,,,,SE,20.0,0
706,47070,25.5,16.7,16.7,62.8,2.2,,,,,SW,20.0,0
707,47070,24.0,11.4,11.4,60.0,2.5,,,,,W,20.0,0
708,47070,24.9,12.8,12.8,56.6,2.4,,,,,W,20.0,0
709,47070,26.6,14.4,14.4,57.3,2.7,,,,,SW,20.0,0
710,47070,23.9,18.0,18.0,82.2,1.8,,,,,SW,3.0,0
711,47070,29.1,19.5,19.5,75.2,1.2,,,,,E,3.0,0
712,47070,27.7,19.1,19.1,77.8,1.9,,,,,SW,10.0,0
713,47070,24.4,18.4,18.4,80.4,2.5,,,,,W,10.0,0
714,47070,27.8,14.2,14.2,63.5,2.5,,,,,W,20.0,0
715,47070,30.5,15.8,15.8,66.8,1.9,,,,,E,20.0,0
716,47070,26.0,16.9,16.9,69.7,0.9,,,,,SW,20.0,0
717,47070,31.3,19.5,19.5,71.1,1.5,,,,,SW,20.0,0
718,47070,29.5,19.7,19.7,81.1,1.9,,,,,SW,5.0,0
719,47070,23.0,20.5,20.5,96.0,2.4,,,,,SW,0.6,1
720,47070,26.2,19.5,19.5,84.6,1.8,,,,,SW,5.0,0
721,47070,27.2,19.1,19.1,79.8,1.4,,,,,SW,0.7,2
722,47070,30.3,17.6,17.6,74.4,0.9,,,,,SE,20.0,0
723,47070,25.1,21.0,21.0,97.0,4.6,,,,,SW,4.0,0
724,47070,23.7,20.3,20.3,93.1,1.6,,,,,W,0.3,2
725,47070,26.4,16.6,16.6,83.3,1.4,,,,,W,0.0,1
726,47070,30.3,17.9,17.9,81.7,0.8,,,,,E,0.3,1
727,47070,26.3,20.2,20.2,75.5,1.5,,,,,NE,20.0,0
728,47070,21.0,18.5,18.5,91.5,3.4,,,,,NE,10.0,0
729,47070,24.4,19.6,19.6,88.5,1.2,,,,,SW,20.0,0
730,47070,26.4,20.2,20.2,89.4,0.1,,,,,E,20.0,0
731,47070,24.9,22.9,22.9,93.7,0.9,,,,,SW,10.0,0
732,47070,28.0,23.3,23.3,93.3,1.2,,,,,S,0.8,2
733,47070,27.4,23.9,23.9,92.9,2.5,,,,,SW,10.0,0
734,47070,28.1,24.5,24.5,94.8,2.2,,,,,SW,10.0,0
735,47070,28.2,24.7,24.7,94.1,2.2,,,,,SW,5.0,0
736,47070,28.1,24.3,24.3,93.6,2.6,,,,,SW,0.8,1
737,47070,24.8,23.7,23.7,96.5,2.2,,,,,S,10.0,0
738,47070,29.0,23.9,23.9,90.7,2.4,,,,,SW,10.0,0
739,47070,29.6,24.8,24.8,90.0,1.5,,,,,SW,10.0,0
740,47070,28.3,24.7,24.7,95.7,0.5,,,,,W,0.9,2
741,47070,34.8,23.9,23.9,80.5,1.2,,1,,,E,0.8,1
742,47070,33.9,25.0,25.0,70.9,2.2,,1,1,,E,20.0,0
743,47070,32.9,24.8,24.8,64.0,3.8,,,,,NE,20.0,0
744,47070,32.2,22.8,22.8,58.6,4.2,,,,,NE,20.0,0
745,47070,33.6,21.8,21.8,62.1,1.9,,1,,,SE,30.0,0
746,47070,27.9,23.3,23.3,81.6,0.8,,,,,W,10.0,0
747,47070,25.1,22.1,22.1,89.2,0.6,,,,,W,4.0,0
748,47070,26.9,21.4,21.4,87.6,2.1,,,,,NW,20.0,0
749,47070,22.7,21.1,21.3,93.1,2.0,,,,,E,5.0,0
750,47070,24.4,21.8,21.8,93.4,2.1,,,,,E,10.0,0
751,47070,23.9,22.0,22.0,95.6,0.6,,,,,SW,3.0,0
752,47070,26.2,20.8,20.8,93.7,1.5,,,,,E,5.0,0
753,47070,29.3,23.0,23.0,89.1,2.4,,,,,SW,5.0,0
754,47070,29.3,24.3,24.3,86.1,1.8,,,,,SW,20.0,0
755,47070,29.9,24.7,24.7,86.0,3.1,,,,,SW,20.0,0
756,47070,32.1,23.2,23.2,81.2,1.2,,,,,SW,20.0,0
757,47070,32.2,23.2,23.2,80.3,0.9,,,,,SW,20.0,0
758,47070,33.7,23.1,23.1,74.6,1.0,,1,,,W,20.0,0
759,47070,34.4,24.4,24.4,75.4,0.6,,1,,,W,20.0,0
760,47070,35.3,25.4,25.4,74.8,1.5,,1,1,,W,20.0,0
761,47070,34.2,26.0,26.0,75.8,1.2,,1,1,,W,10.0,0
762,47070,35.3,24.1,24.1,71.6,1.4,,1,,,SW,20.0,0
763,47070,33.6,25.3,25.3,78.0,0.2,,1,1,,NW,20.0,0
764,47070,31.6,26.8,26.8,79.9,0.4,,,1,,W,20.0,0
0,112,7.3,0.2,0.2,86.6,4.8,,,,,NE,3.2,0
1,112,5.5,-0.5,-0.5,69.5,4.0,,,,,NNE,7.2,0
2,112,7.6,0.4,0.4,66.9,2.3,,,,,SW,4.8,0
3,112,12.5,3.5,3.5,55.0,2.1,,,,,SSE,6.3,0
4,112,12.9,4.0,4.0,69.1,2.6,,,,,NNW,3.0,0
5,112,11.1,4.5,4.5,67.2,3.6,,,,,NNE,4.2,0
6,112,9.4,3.0,3.0,58.5,2.7,,,,,E,10.3,0
7,112,9.7,1.8,1.8,68.5,2.0,,,,,NNW,3.2,0
8,112,10.5,2.2,2.2,67.9,2.1,,,,,WSW,4.2,0
9,112,13.4,2.8,2.8,69.6,1.6,,,,,NNW,0.7,1
10,112,13.1,3.4,3.4,57.5,1.8,,,,,SW,1.1,0
11,112,13.0,7.1,7.1,57.2,2.8,,,,,NNE,2.2,0
12,112,12.3,4.8,4.8,63.8,2.7,,,,,NNE,3.0,0
13,112,9.4,4.3,4.3,86.1,1.9,,,,,SW,0.1,8
14,112,13.8,4.6,4.6,68.5,2.5,,,,,SW,1.1,0
15,112,10.8,4.7,4.7,50.5,5.0,,,,,NNW,0.4,3
16,112,12.6,2.7,2.7,43.6,2.4,,,,,N,14.0,0
17,112,14.7,4.6,4.6,56.1,1.6,,,,,SW,6.8,0
18,112,16.9,7.9,7.9,50.4,2.0,,,,,SW,6.3,0
19,112,11.9,6.1,6.1,74.6,2.6,,,,,NNW,1.1,0
20,112,7.5,3.7,3.7,65.7,5.2,,,,,NW,2.1,0
21,112,9.3,2.9,2.9,59.4,4.1,,,,,W,8.6,0
22,112,11.5,3.7,3.7,70.1,3.8,,,,,SW,3.2,0
23,112,13.6,6.9,6.9,63.0,3.5,,,,,S,4.3,0
24,112,13.4,4.8,4.8,79.2,2.3,,,,,SW,0.2,4
25,112,15.8,4.4,4.4,64.7,1.2,,,,,SW,0.1,6
26,112,13.9,10.6,10.6,61.4,3.4,,,,,SE,1.1,0
27,112,12.8,6.9,6.9,92.4,3.9,,,,,SW,0.1,10
28,112,11.4,6.6,6.6,78.7,3.1,,,,,WSW,0.1,9
29,112,15.0,4.9,4.9,50.5,1.7,,,,,SW,3.2,0
30,112,19.0,6.7,6.7,46.6,1.9,,,,,NNW,4.0,0
31,112,22.9,11.9,11.9,26.0,3.7,,,,,SE,11.2,0
32,112,20.2,13.8,13.8,27.5,3.2,,,,,ESE,14.2,0
33,112,18.1,10.6,10.6,75.0,2.9,,,,,NNE,1.5,0
34,112,15.2,9.0,9.0,66.3,4.6,,,,,NNE,3.4,0
35,112,15.4,7.8,7.8,46.1,2.4,,,,,NNW,16.1,0
36,112,14.9,8.5,8.5,57.0,2.5,,,,,SW,6.2,0
37,112,16.6,7.8,7.8,56.9,2.6,,,,,SW,2.4,0
38,112,16.0,8.3,8.3,36.0,4.1,,,,,NNW,17.9,0
39,112,17.2,7.6,7.6,35.0,2.8,,,,,NNW,18.8,0
40,112,15.3,8.3,8.3,48.1,3.3,,,,,SSE,14.1,0
41,112,19.0,8.2,8.2,51.0,2.1,,,,,N,6.1,0
42,112,17.2,11.3,11.8,62.7,3.5,,,,,SSE,1.2,0
43,112,11.4,6.1,6.1,69.3,5.0,,,,,NW,0.1,6
44,112,10.9,5.0,5.0,52.8,4.1,,,,,WSW,9.9,0
45,112,13.9,6.7,6.7,67.8,2.4,,,,,SW,5.5,0
46,112,13.1,8.4,8.4,62.0,3.8,,,,,SW,2.6,0
47,112,12.1,7.3,7.3,54.4,3.8,,,,,SW,9.6,0
48,112,13.3,6.6,6.6,59.6,4.4,,,,,NNW,14.8,0
49,112,14.7,6.7,6.7,65.7,3.3,,,,,SW,5.5,0
50,112,18.1,8.8,8.8,60.1,2.4,,,,,SSW,3.6,0
51,112,24.2,10.4,10.4,55.3,1.7,,,,,NNW,3.7,0
52,112,23.7,14.6,14.6,37.9,2.3,,,,,NNW,5.7,0
53,112,22.4,16.9,16.9,35.2,4.3,,,,,E,11.2,0
54,112,20.7,13.1,13.1,44.7,3.1,,,,,NNE,17.9,0
55,112,21.9,12.3,12.3,53.1,3.1,,,,,E,13.6,0
56,112,18.6,12.7,12.7,54.7,3.1,,,,,SSE,14.1,0
57,112,16.8,11.9,11.9,62.5,2.4,,,,,SSW,15.4,0
58,112,14.6,9.8,9.8,82.1,2.5,,,,,WSW,0.1,5
59,112,18.7,11.2,11.2,58.6,2.7,,,,,NNE,3.2,0
60,112,13.0,8.8,8.8,82.5,2.9,,,,,SW,3.5,0
61,112,12.8,8.6,8.6,73.2,4.0,,,,,NNW,8.1,0
62,112,16.3,7.7,7.7,69.1,3.2,,,,,WSW,14.0,0
63,112,17.2,9.1,9.1,60.3,2.4,,,,,SW,3.7,0
64,112,17.1,11.5,11.5,79.4,2.6,,,,,SSE,0.2,2
65,112,15.3,10.4,10.4,70.5,4.1,,,,,WSW,10.4,0
66,112,20.2,10.0,10.0,39.0,4.0,,,,,S,13.2,0
67,112,16.3,10.8,10.8,57.2,4.8,,,,,WSW,1.6,0
68,112,17.9,10.2,10.2,64.4,4.5,,,,,S,1.8,0
69,112,19.8,11.2,11.2,50.7,3.8,,,,,WSW,9.9,0
70,112,13.6,11.0,11.0,74.3,2.5,,,,,SSW,4.3,0
71,112,24.2,11.5,11.5,42.5,3.7,,,,,E,17.9,0
72,112,25.7,16.7,16.7,30.0,2.4,,,,,SE,16.1,0
73,112,26.3,15.9,15.9,56.0,1.8,,,,,NNW,3.4,0
74,112,27.7,15.9,15.9,64.9,1.8,,,,,W,4.9,0
75,112,24.4,17.3,17.3,81.0,1.7,,,,,SW,0.1,5
76,112,20.7,14.2,14.2,95.6,2.3,,,,,SW,0.2,10
77,112,17.4,12.8,12.8,89.2,2.5,,,,,NNE,1.1,0
78,112,20.1,13.6,13.6,69.5,2.0,,,,,SW,2.3,0
79,112,22.9,13.1,13.1,59.0,2.0,,,,,WSW,5.4,0
80,112,22.3,15.0,15.0,61.8,3.2,,,,,NNE,4.5,0
81,112,17.5,13.5,13.5,85.4,3.7,,,,,NNE,1.5,0
82,112,20.3,13.6,13.6,67.8,2.4,,,,,WSW,4.6,0
83,112,21.9,14.2,14.2,60.5,1.7,,,,,SSW,2.5,0
84,112,21.5,14.8,14.8,67.4,2.6,,,,,WSW,2.9,0
85,112,16.9,12.0,12.0,71.6,4.2,,,,,W,3.3,0
86,112,21.8,12.7,12.7,54.9,3.8,,,,,S,3.6,0
87,112,18.1,13.7,13.7,76.8,3.9,,,,,SW,1.2,0
88,112,18.8,11.9,11.9,78.8,3.5,,,,,S,0.4,1
89,112,17.9,13.9,13.9,68.6,2.8,,,,,WSW,10.5,0
90,112,24.5,12.9,12.9,61.4,2.5,,,,,ESE,1.3,0
91,112,22.9,16.3,16.3,65.0,2.6,,,,,S,2.8,0
92,112,22.0,15.7,15.7,58.9,2.6,,,,,SSE,5.9,0
93,112,27.2,17.6,17.6,57.0,2.0,,,,,WSW,2.2,0
94,112,21.9,14.1,14.1,75.6,2.0,,,,,NW,0.4,2
95,112,19.8,13.8,13.8,69.9,3.4,,,,,WSW,1.3,0
96,112,21.6,17.0,17.0,70.5,3.6,,,,,SW,2.0,0
97,112,24.3,17.9,17.9,72.0,2.6,,,,,SSW,1.2,0
98,112,22.7,18.8,18.8,64.6,2.4,,,,,S,5.4,0
99,112,23.9,19.4,19.4,68.8,2.0,,,,,SSE,3.8,0
100,112,29.1,19.7,19.7,61.4,1.8,,,,,WSW,5.1,0
101,112,27.7,19.9,19.9,58.4,2.7,,,,,SSE,3.3,0
102,112,22.2,17.8,17.8,81.8,3.6,,,,,SW,0.1,6
103,112,27.2,18.8,18.8,74.7,2.0,,,,,NNW,0.4,5
104,112,24.0,17.4,17.4,80.0,1.9,,,,,SW,0.3,3
105,112,24.7,16.0,16.0,75.6,1.8,,,,,WSW,0.2,5
106,112,24.4,19.3,19.3,70.0,2.3,,,,,E,2.8,0
107,112,28.6,20.6,20.6,48.2,3.9,,,,,E,19.3,0
108,112,23.1,19.2,19.2,65.0,2.4,,,,,ESE,0.8,1
109,112,19.6,18.4,18.4,87.8,2.9,,,,,SW,0.2,5
110,112,23.6,17.7,17.7,74.8,2.1,,,,,WSW,0.6,3
111,112,25.6,18.3,18.3,72.6,3.1,,,,,WSW,1.1,0
112,112,24.7,18.7,18.7,72.1,2.3,,,,,WSW,0.3,2
113,112,25.5,19.4,19.4,61.5,2.1,,,,,W,3.8,0
114,112,25.7,19.8,19.8,63.0,2.1,,,,,WSW,5.2,0
115,112,25.7,19.5,19.5,66.5,2.2,,,,,W,3.5,0
116,112,26.1,19.1,19.1,70.0,1.9,,,,,WSW,1.1,0
117,112,25.5,20.7,20.7,73.3,1.5,,,,,WSW,3.0,0
118,112,29.8,20.7,20.7,62.0,2.2,,,,,ESE,13.2,0
119,112,29.5,22.3,22.3,65.2,1.8,,,,,ESE,4.3,0
120,112,27.5,22.0,22.0,68.0,2.1,,,,,WSW,3.6,0
121,112,27.8,21.5,21.5,68.8,1.8,,,,,W,2.8,0
122,112,29.1,21.9,21.9,68.5,2.2,,,,,NNW,2.7,0
123,112,31.0,24.3,24.3,54.8,2.1,,,,,SE,5.2,0
124,112,26.6,20.5,20.5,65.9,3.9,,,,,ESE,2.2,0
125,112,22.2,19.6,19.6,89.5,4.1,,,,,S,0.1,3
126,112,25.3,19.9,19.9,74.1,1.8,,,,,WSW,7.1,0
127,112,27.0,21.2,21.2,69.6,1.8,,,,,W,2.6,0
128,112,27.0,22.9,22.9,74.4,1.6,,,,,WSW,2.2,0
129,112,26.4,22.8,22.8,79.3,1.9,,,,,WSW,0.1,1
130,112,26.9,22.9,22.9,72.4,2.1,,,,,WSW,6.3,0
131,112,26.6,22.3,22.3,77.2,2.6,,,,,WSW,2.1,0
132,112,25.8,23.9,23.9,83.9,2.2,,,,,SW,1.1,0
133,112,30.2,24.3,24.3,74.9,1.8,,,,,SW,1.9,0
134,112,29.7,26.1,26.1,65.4,2.2,,,1,,WSW,9.6,0
135,112,31.4,26.6,26.6,62.5,3.1,,,1,,S,20.0,0
136,112,31.0,26.3,26.3,64.0,2.1,,,1,,WSW,16.3,0
137,112,32.9,24.1,24.1,64.8,2.3,,,,,ESE,2.0,0
138,112,30.7,24.7,24.7,63.0,2.0,,,,,SE,8.2,0
139,112,31.2,25.4,25.4,60.0,2.2,,,1,,SSE,8.7,0
140,112,29.8,25.5,25.5,63.7,1.6,,,1,,SSE,16.2,0
141,112,31.4,25.3,25.3,66.0,1.7,,,1,,NNW,16.0,0
142,112,33.7,26.3,26.3,64.9,1.8,,1,1,,NNW,6.6,0
143,112,33.5,27.3,27.3,54.0,2.0,,1,1,,SE,13.9,0
144,112,33.3,27.2,27.2,54.7,2.1,,1,1,,SSE,16.2,0
145,112,34.0,27.4,27.4,55.2,1.9,,1,1,,NNW,11.0,0
146,112,34.0,27.5,27.5,50.9,2.1,,1,1,,SSE,10.6,0
147,112,33.2,27.1,27.1,48.0,2.8,,1,1,,SE,15.9,0
148,112,33.1,27.3,27.3,50.5,2.2,,1,1,,NNE,16.3,0
149,112,32.6,27.0,27.0,62.0,2.2,,,1,,WSW,7.3,0
150,112,32.0,26.0,26.0,62.9,1.9,,,1,,WSW,3.8,0
151,112,32.7,26.0,26.0,61.3,2.3,,,1,,WSW,4.7,0
152,112,31.0,26.0,26.0,67.2,2.5,,,1,,W,10.1,0
153,112,8.1,0.3,0.3,70.8,3.0,,,,,WNW,1.9,0
154,112,6.2,-1.0,-1.0,62.8,2.9,,,,,SW,6.2,0
155,112,9.0,1.6,1.6,62.2,2.5,,,,,SW,3.3,0
156,112,12.4,3.0,3.0,68.2,5.0,,,,,SSE,2.5,0
157,112,5.1,0.1,0.1,39.4,4.7,,,,,WNW,2.5,0
158,112,4.6,-0.8,-0.8,38.1,4.2,,,,,NW,18.6,0
159,112,5.8,-1.5,-1.5,44.5,2.2,,,,,SW,15.8,0
160,112,9.1,1.6,1.6,59.2,2.0,,,,,SE,8.6,0
161,112,10.5,3.3,3.3,77.7,2.0,,,,,WNW,1.9,0
162,112,12.5,3.1,3.1,63.7,2.2,,,,,SSW,0.9,1
163,112,16.1,5.2,5.2,65.1,1.9,,,,,NNW,3.0,0
164,112,16.7,6.9,6.9,76.0,2.6,,,,,SSW,0.3,3
165,112,11.7,8.5,8.5,95.0,2.3,,,,,NW,0.1,9
166,112,11.3,3.9,3.9,92.6,3.6,,,,,SW,0.1,5
167,112,9.4,1.6,1.6,77.4,2.2,,,,,WSW,5.4,0
168,112,12.9,3.1,3.1,72.0,2.0,,,,,NW,2.0,0
169,112,13.3,6.8,6.8,61.5,3.3,,,,,NE,5.8,0
170,112,9.2,6.6,6.6,57.1,4.8,,,,,E,20.0,0
171,112,6.4,1.5,1.5,80.3,2.9,,,,,ESE,4.0,0
172,112,7.2,2.6,2.6,67.6,3.1,,,,,WSW,2.2,0
173,112,8.0,0.4,0.4,48.8,3.0,,,,,WNW,17.1,0
174,112,10.5,2.3,2.3,54.2,3.2,,,,,NW,11.4,0
175,112,5.9,4.1,4.1,58.1,2.4,,,,,SSW,12.0,0
176,112,10.3,4.0,4.0,71.5,2.7,,,,,SSE,8.2,0
177,112,17.2,7.4,7.4,61.0,3.3,,,,,SE,2.5,0
178,112,13.9,7.6,7.8,82.7,4.3,,,,,WNW,0.1,4
179,112,10.6,5.0,5.0,53.6,4.0,,,,,NW,13.4,0
180,112,11.1,2.9,2.9,39.5,2.6,,,,,NW,14.6,0
181,112,14.0,3.5,3.5,51.5,2.3,,,,,SSE,15.1,0
182,112,15.2,7.5,7.5,71.4,2.2,,,,,SE,4.0,0
183,112,8.5,8.5,8.5,87.0,1.8,,,,,NW,4.7,0
184,112,12.0,5.1,5.1,58.3,2.9,,,,,WSW,9.7,0
185,112,11.1,3.7,3.7,63.4,2.5,,,,,SW,9.0,0
186,112,13.9,4.1,4.1,56.3,2.2,,,,,WSW,4.8,0
187,112,14.0,5.3,5.3,61.7,2.4,,,,,SW,2.2,0
188,112,12.9,5.0,5.0,50.0,2.7,,,,,SW,4.8,0
189,112,14.4,7.7,7.7,58.4,2.3,,,,,SW,4.2,0
190,112,12.2,7.0,7.0,50.6,3.6,,,,,SW,12.0,0
191,112,16.2,5.8,5.8,52.9,2.4,,,,,SSW,8.7,0
192,112,19.7,13.2,13.2,44.1,5.0,,,,,SSE,14.6,0
193,112,21.0,13.9,13.9,48.8,3.3,,,,,SSE,18.5,0
194,112,22.9,15.1,15.1,63.4,2.7,,,,,SW,0.4,1
195,112,20.5,11.7,11.7,85.7,2.9,,,,,S,0.1,7
196,112,13.0,11.0,11.0,73.7,4.6,,,,,E,0.2,3
197,112,15.0,10.9,10.9,51.4,4.0,,,,,E,20.0,0
198,112,15.8,7.8,7.8,49.2,2.8,,,,,WNW,13.8,0
199,112,16.3,7.9,7.9,56.3,2.9,,,,,SW,5.3,0
200,112,14.9,7.1,7.1,69.1,2.8,,,,,SW,2.5,0
201,112,16.6,9.8,9.8,57.3,3.1,,,,,SSW,5.9,0
202,112,16.4,8.6,8.6,68.9,2.8,,,,,SSW,3.9,0
203,112,17.8,9.3,9.3,60.7,2.7,,,,,SSW,2.6,0
204,112,19.0,10.4,10.4,47.2,3.7,,,,,SSE,7.3,0
205,112,14.4,9.6,9.6,78.4,4.3,,,,,SSW,0.1,4
206,112,21.5,9.0,9.0,72.8,1.9,,,,,NW,0.8,1
207,112,19.5,12.4,12.4,78.3,2.4,,,,,SSW,1.4,0
208,112,21.4,15.1,15.1,81.2,1.8,,,,,NW,1.8,0
209,112,25.1,16.8,16.8,63.3,3.8,,,,,WNW,3.0,0
210,112,19.8,12.3,12.3,35.5,4.0,,,,,WNW,8.5,0
211,112,20.9,11.2,11.2,46.2,2.6,,,,,W,10.2,0
212,112,16.1,10.4,10.4,68.8,3.2,,,,,ENE,6.0,0
213,112,16.0,10.7,10.7,66.3,3.3,,,,,W,2.9,0
214,112,15.6,8.5,8.5,61.2,3.3,,,,,SSW,8.4,0
215,112,17.1,9.2,9.2,63.2,2.7,,,,,SW,3.1,0
216,112,17.2,9.3,9.3,49.5,2.7,,,,,SSW,17.5,0
217,112,21.3,11.4,11.4,42.0,3.5,,,,,SSE,17.1,0
218,112,21.5,13.5,13.5,49.0,2.8,,,,,SSE,14.4,0
219,112,22.6,14.6,14.6,71.0,2.3,,,,,WSW,6.7,0
220,112,21.6,13.3,13.3,58.9,3.6,,,,,W,0.3,1
221,112,17.4,11.8,11.8,44.8,3.1,,,,,ENE,14.3,0
222,112,22.2,11.0,11.0,59.1,2.6,,,,,ENE,15.9,0
223,112,23.6,14.4,14.4,37.4,2.6,,,,,SSE,13.1,0
224,112,20.6,14.4,14.4,59.6,2.6,,,,,WSW,9.1,0
225,112,24.3,13.9,13.9,57.4,2.3,,,,,W,11.9,0
226,112,22.9,14.6,14.6,40.8,3.4,,,,,NNE,13.7,0
227,112,16.5,12.1,12.1,54.6,3.7,,,,,W,8.0,0
228,112,19.1,10.9,10.9,44.5,3.2,,,,,NW,15.9,0
229,112,19.4,11.4,11.4,64.1,3.7,,,,,SW,9.0,0
230,112,22.3,13.4,13.4,69.2,2.9,,,,,SSE,3.8,0
231,112,22.1,15.7,15.7,64.2,4.3,,,,,SSE,4.0,0
232,112,20.4,15.4,15.4,61.1,3.9,,,,,S,10.3,0
233,112,22.1,15.4,15.4,57.8,2.7,,,,,SW,6.4,0
234,112,20.0,14.9,14.9,81.2,2.6,,,,,SSW,2.6,0
235,112,20.3,13.9,13.9,79.2,2.7,,,,,SW,3.8,0
236,112,23.5,16.3,16.3,75.8,2.4,,,,,SW,2.0,0
237,112,25.5,15.7,15.7,66.9,2.2,,,,,NW,3.7,0
238,112,21.5,15.6,15.6,81.2,2.7,,,,,SW,0.5,1
239,112,19.6,13.7,13.7,70.0,3.4,,,,,SSW,10.5,0
240,112,20.1,14.6,14.6,71.6,3.4,,,,,SW,10.9,0
241,112,24.6,15.1,15.1,68.0,3.1,,,,,SSW,3.0,0
242,112,24.8,17.5,17.5,74.2,2.6,,,,,SSW,5.0,0
243,112,21.4,16.6,16.6,78.3,2.3,,,,,WNW,9.1,0
244,112,22.5,14.3,14.3,54.1,2.8,,,,,WSW,15.3,0
245,112,25.0,16.7,16.7,46.2,3.3,,,,,WSW,16.1,0
246,112,23.1,16.7,16.7,76.4,2.3,,,,,SW,5.2,0
247,112,25.9,18.5,18.5,71.5,2.1,,,,,WSW,7.3,0
248,112,26.5,18.0,18.0,75.3,1.9,,,,,NW,2.0,0
249,112,25.1,20.4,20.4,59.5,2.8,,,,,SSE,3.6,0
250,112,23.1,16.6,16.6,66.3,3.4,,,,,ENE,2.1,0
251,112,24.0,15.7,15.7,53.2,2.9,,,,,ENE,16.8,0
252,112,23.4,17.3,17.3,67.8,2.8,,,,,SSE,12.2,0
253,112,24.0,17.8,17.8,75.5,1.9,,,,,W,8.2,0
254,112,23.9,17.7,17.7,78.3,2.1,,,,,WNW,3.6,0
255,112,29.2,17.8,17.8,63.0,2.8,,,,,NE,2.8,0
256,112,26.9,20.0,20.0,60.4,2.6,,,,,E,4.5,0
257,112,27.6,19.0,19.0,70.5,2.4,,,,,ENE,2.6,0
258,112,27.0,18.9,18.9,49.2,3.7,,,,,E,16.4,0
259,112,19.7,14.9,14.9,88.3,2.3,,,,,E,2.1,0
260,112,22.0,17.1,17.1,80.2,2.7,,,,,WSW,2.9,0
261,112,24.7,17.3,17.3,79.4,2.0,,,,,SW,5.2,0
262,112,24.4,20.5,20.5,83.3,2.1,,,,,SW,3.3,0
263,112,24.0,21.4,21.4,83.6,2.0,,,,,SW,6.0,0
264,112,27.5,21.1,21.1,82.0,1.6,,,,,SSW,0.3,1
265,112,27.6,19.8,19.8,80.8,2.1,,,,,NW,0.1,5
266,112,26.5,20.5,20.5,81.9,2.0,,,,,SW,3.2,0
267,112,25.0,20.5,20.5,91.0,3.8,,,,,SSW,0.8,3
268,112,22.8,19.3,19.3,95.2,3.8,,,,,SSW,0.1,10
269,112,26.0,19.9,19.9,88.0,3.5,,,,,SSW,0.6,2
270,112,26.5,23.5,23.5,86.3,4.5,,,,,S,9.5,0
271,112,27.2,24.5,24.5,84.6,5.0,,,,,S,11.6,0
272,112,26.3,24.5,24.5,85.5,7.1,,,,,S,10.7,0
273,112,24.5,23.2,23.2,95.2,5.4,,,,,SSW,0.1,3
274,112,24.4,21.2,21.2,97.5,2.8,,,,,SE,0.2,2
275,112,27.8,23.7,23.7,86.7,3.1,,,,,SSE,1.4,0
276,112,30.2,23.6,23.6,80.9,1.9,,,,,WNW,4.8,0
277,112,31.1,23.1,23.1,74.3,2.2,,,,,WNW,3.7,0
278,112,30.7,24.3,24.3,71.3,1.7,,,,,WNW,8.8,0
279,112,30.9,24.5,24.5,75.8,2.2,,,,,SW,5.5,0
280,112,33.2,25.3,25.3,72.0,2.0,,1,1,,SSE,6.5,0
281,112,29.8,25.0,25.0,77.8,4.2,,,1,,SSE,1.2,0
282,112,26.4,23.5,23.5,88.4,3.0,,,,,SSW,1.5,0
283,112,28.4,22.7,22.7,82.3,1.9,,,,,WSW,0.4,1
284,112,30.4,23.7,23.7,74.8,1.9,,,,,SW,0.7,2
285,112,29.1,24.3,24.3,70.3,2.3,,,,,WSW,6.7,0
286,112,29.2,24.5,24.5,71.5,2.3,,,,,E,8.7,0
287,112,27.2,23.5,23.7,91.9,3.7,,,,,SE,0.1,7
288,112,27.5,22.4,22.4,88.6,2.8,,,,,WSW,0.1,4
289,112,26.7,22.1,22.1,85.2,2.7,,,,,SW,4.4,0
290,112,27.1,22.9,22.9,84.2,3.0,,,,,SW,2.2,0
291,112,27.1,22.7,22.7,83.0,2.6,,,,,SSW,5.5,0
292,112,29.8,23.6,23.6,78.7,1.9,,,,,SE,3.7,0
293,112,28.2,24.0,24.0,79.9,2.4,,,,,WSW,5.3,0
294,112,28.6,24.2,24.2,80.7,2.5,,,,,WSW,3.5,0
295,112,26.7,20.0,20.0,84.1,3.7,,,,,NE,3.4,0
296,112,26.7,23.1,23.1,82.3,2.8,,,,,WSW,3.3,0
297,112,26.6,22.7,22.7,84.2,2.2,,,,,SSE,0.9,1
298,112,27.0,22.4,22.4,88.1,2.3,,,,,ESE,2.8,0
299,112,29.4,22.6,22.6,79.5,2.3,,,,,WNW,14.0,0
300,112,31.3,24.2,24.2,75.2,1.8,,,,,WNW,4.7,0
301,112,31.2,25.1,25.1,74.4,2.0,,,1,,SE,2.1,0
302,112,31.8,25.2,25.2,64.1,2.5,,,1,,ESE,12.8,0
303,112,32.4,26.9,26.9,70.0,2.4,,,1,,SE,11.8,0
304,112,35.1,27.8,27.8,62.9,2.5,,1,1,,ESE,16.6,0
305,112,29.6,25.3,25.3,80.9,2.7,,,1,,ESE,4.5,0
306,112,7.9,2.9,2.9,60.7,3.3,,,,,WNW,10.4,0
307,112,4.6,-0.5,-0.5,37.9,4.6,,,,,NW,29.7,0
308,112,7.7,-0.2,-0.2,66.6,3.1,,,,,SSW,24.2,0
309,112,10.7,4.4,4.4,73.0,2.0,,,,,SE,9.3,0
310,112,12.0,2.3,2.3,58.3,1.5,,,,,WNW,3.6,0
311,112,12.2,2.9,2.9,51.9,2.1,,,,,SW,10.5,0
312,112,14.3,8.0,8.0,67.3,3.2,,,,,SSW,8.0,0
313,112,15.6,8.6,8.6,67.0,3.3,,,,,S,8.7,0
314,112,11.7,5.4,5.4,89.7,2.6,,,,,SSW,0.1,4
315,112,18.2,4.8,4.8,72.5,1.8,,,,,SW,0.1,10
316,112,19.0,10.0,10.0,57.9,2.9,,,,,SSE,4.8,0
317,112,10.0,0.9,0.9,71.3,4.3,,,,,WNW,0.1,6
318,112,4.8,-1.4,-1.4,40.7,4.1,,,,,SSW,44.8,0
319,112,12.3,3.4,3.4,53.2,4.5,,,,,SSE,33.6,0
320,112,11.0,3.9,3.9,69.4,4.0,,,,,S,11.1,0
321,112,7.5,1.7,1.7,37.5,3.5,,,,,NW,27.0,0
322,112,10.8,1.3,1.3,36.8,2.9,,,,,NNE,24.0,0
323,112,12.5,3.3,3.3,45.0,3.3,,,,,NW,6.3,0
324,112,10.0,2.2,2.2,78.6,2.5,,,,,SSW,0.1,4
325,112,12.8,1.3,1.3,64.1,1.7,,,,,NW,0.1,9
326,112,16.7,4.8,4.8,46.7,2.0,,,,,NW,6.8,0
327,112,20.7,8.4,8.4,49.7,2.0,,,,,NNW,6.0,0
328,112,20.0,11.3,11.3,53.2,4.4,,,,,NW,10.3,0
329,112,14.0,5.9,5.9,35.0,3.7,,,,,NW,19.9,0
330,112,14.3,5.8,5.8,62.2,2.8,,,,,SW,13.9,0
331,112,12.1,4.5,4.5,34.7,4.3,,,,,WNW,21.1,0
332,112,10.1,2.1,2.1,52.5,2.7,,,,,SSW,24.4,0
333,112,12.5,3.7,3.7,60.0,2.1,,,,,SW,11.2,0
334,112,15.2,4.8,4.8,66.3,1.9,,,,,SW,3.1,0
335,112,17.0,6.2,6.2,54.8,1.9,,,,,WSW,6.0,0
336,112,16.8,7.6,7.6,49.5,1.9,,,,,SW,4.5,0
337,112,22.6,8.4,8.4,52.7,1.9,,,,,WNW,4.8,0
338,112,23.2,13.6,13.6,27.1,2.5,,,,,ESE,8.5,0
339,112,24.3,14.0,14.0,25.4,2.8,,,,,E,12.9,0
340,112,20.5,12.7,12.7,34.4,3.1,,,,,SE,2.6,0
341,112,14.2,7.8,7.8,95.5,4.5,,,,,SSW,0.2,5
342,112,8.4,6.7,6.7,95.0,3.1,,,,,SSW,0.1,5
343,112,12.6,4.8,4.8,68.8,3.7,,,,,SSW,5.0,0
344,112,13.2,4.3,4.3,57.1,3.4,,,,,WSW,29.1,0
345,112,14.1,5.0,5.0,65.7,3.3,,,,,SSW,13.8,0
346,112,16.0,7.7,7.7,51.1,4.5,,,,,SSE,20.0,0
347,112,15.6,9.5,9.5,73.1,5.4,,,,,S,6.1,0
348,112,13.3,6.4,6.4,45.2,3.4,,,,,WSW,8.6,0
349,112,15.4,6.1,6.1,42.8,2.1,,,,,SSE,11.0,0
350,112,18.9,11.7,11.7,59.9,2.9,,,,,S,22.0,0
351,112,13.9,7.3,7.3,86.6,2.6,,,,,SW,0.5,1
352,112,13.8,6.4,6.4,78.6,2.6,,,,,SSW,2.3,0
353,112,15.0,7.4,7.4,67.8,2.5,,,,,SW,8.2,0
354,112,16.8,10.9,11.0,72.7,2.8,,,,,ENE,3.0,0
355,112,24.1,12.3,12.3,70.0,2.1,,,,,W,3.0,0
356,112,16.3,12.0,12.0,92.1,2.3,,,,,SSW,0.1,8
357,112,20.0,9.2,9.2,44.5,4.0,,,,,NNE,0.1,3
358,112,21.0,13.0,13.0,17.4,3.2,,,,,NE,28.8,0
359,112,20.9,12.2,12.2,29.8,2.4,,,,,WNW,26.5,0
360,112,19.9,9.8,9.8,41.2,3.2,,,,,SW,26.2,0
361,112,12.1,9.1,9.1,62.9,2.5,,,,,S,26.6,0
362,112,11.0,7.8,7.8,70.3,3.9,,,,,WSW,13.4,0
363,112,15.5,5.6,5.6,70.3,2.1,,,,,SW,6.7,0
364,112,18.5,9.1,9.1,62.3,2.5,,,,,SSW,6.5,0
365,112,15.6,9.5,9.5,87.1,4.0,,,,,WSW,0.1,5
366,112,15.4,8.4,8.4,74.0,3.4,,,,,SSW,9.0,0
367,112,18.3,9.2,9.2,67.4,2.3,,,,,SW,3.0,0
368,112,22.5,10.1,10.1,46.0,2.0,,,,,ESE,29.5,0
369,112,24.5,13.9,13.9,47.8,2.2,,,,,S,23.4,0
370,112,25.7,16.1,16.1,65.9,2.3,,,,,E,14.4,0
371,112,21.3,15.6,15.6,89.7,3.7,,,,,SSE,0.3,3
372,112,16.7,11.8,12.3,86.6,4.8,,,,,NE,2.3,0
373,112,17.8,12.2,12.2,46.0,2.6,,,,,ENE,23.5,0
374,112,18.5,10.2,10.2,56.5,2.4,,,,,SSW,21.3,0
375,112,18.7,10.5,10.5,68.5,2.5,,,,,SW,7.5,0
376,112,22.7,11.0,11.0,62.9,1.9,,,,,SW,3.9,0
377,112,22.3,12.8,12.8,53.3,2.0,,,,,SW,10.1,0
378,112,22.0,12.7,12.7,56.7,2.0,,,,,SSE,9.0,0
379,112,20.5,12.7,12.7,70.4,2.0,,,,,WSW,1.5,0
380,112,20.8,12.9,12.9,63.5,2.2,,,,,SSW,5.5,0
381,112,24.7,13.7,13.7,55.8,2.3,,,,,SSE,11.6,0
382,112,25.9,17.7,17.7,59.9,2.8,,,,,SSE,8.9,0
383,112,24.5,16.8,16.8,72.4,3.4,,,,,SW,10.5,0
384,112,24.3,18.2,18.2,76.3,2.1,,,,,ENE,0.9,1
385,112,26.2,16.4,16.4,62.7,2.3,,,,,E,15.1,0
386,112,22.5,14.6,14.6,72.9,3.0,,,,,SSW,6.6,0
387,112,17.5,14.0,14.0,88.1,3.4,,,,,SW,0.2,2
388,112,21.7,14.8,14.8,70.2,2.1,,,,,W,10.1,0
389,112,24.6,15.1,15.1,57.2,2.0,,,,,WSW,9.4,0
390,112,21.7,14.7,14.7,55.7,1.9,,,,,S,19.1,0
391,112,24.0,14.6,14.6,54.8,2.1,,,,,S,19.3,0
392,112,23.9,16.6,16.6,56.7,2.2,,,,,WSW,25.8,0
393,112,20.2,18.4,18.4,86.2,1.6,,,,,SE,1.2,0
394,112,19.1,17.5,17.5,96.4,2.5,,,,,S,0.6,3
395,112,24.1,17.8,17.8,91.2,1.1,,,,,SW,1.1,0
396,112,25.5,19.5,19.5,77.2,1.6,,,,,NW,3.3,0
397,112,24.7,18.8,18.8,64.5,2.5,,,,,SE,21.9,0
398,112,24.6,18.0,18.0,75.2,1.5,,,,,WNW,3.5,0
399,112,21.9,17.1,17.1,81.6,1.7,,,,,SW,5.8,0
400,112,25.8,16.6,16.6,61.5,2.7,,,,,WSW,17.4,0
401,112,23.4,16.0,16.0,73.2,2.5,,,,,SW,4.2,0
402,112,22.6,17.6,17.6,75.5,3.0,,,,,SW,13.1,0
403,112,21.7,17.0,17.0,76.8,2.4,,,,,SSW,23.8,0
404,112,22.2,18.1,18.1,80.4,2.5,,,,,S,7.3,0
405,112,22.4,17.4,17.4,83.4,3.1,,,,,SSW,6.9,0
406,112,24.9,17.9,17.9,79.3,1.9,,,,,SW,0.7,1
407,112,25.7,19.4,19.4,72.7,3.0,,,,,S,6.4,0
408,112,26.3,18.5,18.5,77.9,1.2,,,,,WNW,1.5,0
409,112,22.7,17.8,17.8,77.3,1.6,,,,,SSW,4.3,0
410,112,23.0,17.7,17.7,76.8,2.2,,,,,SW,9.2,0
411,112,23.7,17.5,17.5,77.2,2.0,,,,,SW,1.9,0
412,112,24.2,17.8,17.8,77.8,2.3,,,,,WSW,6.5,0
413,112,25.6,18.4,18.4,71.2,2.2,,,,,SW,7.8,0
414,112,26.2,19.0,19.0,69.9,2.0,,,,,SW,14.1,0
415,112,27.1,20.2,20.2,71.4,1.3,,,,,SW,6.9,0
416,112,31.4,21.3,21.3,63.6,1.0,,,,,SW,10.5,0
417,112,24.7,20.0,20.0,62.9,1.8,,,,,SE,2.3,0
418,112,22.6,18.8,18.8,88.7,2.0,,,,,E,1.2,0
419,112,24.7,19.1,19.1,77.3,2.3,,,,,NW,5.3,0
420,112,26.5,19.7,19.7,80.8,1.9,,,,,WSW,2.8,0
421,112,28.8,21.5,21.5,73.4,2.1,,,,,NW,2.9,0
422,112,30.4,22.1,22.1,68.0,1.8,,,,,WNW,11.8,0
423,112,25.3,21.7,21.7,86.5,4.0,,,,,S,1.6,0
424,112,27.5,20.3,20.3,81.6,2.5,,,,,SW,0.7,1
425,112,26.7,21.9,21.9,85.4,2.0,,,,,SSW,0.7,1
426,112,24.5,22.0,22.0,94.8,3.3,,,,,S,0.1,4
427,112,26.7,22.2,22.2,91.1,1.3,,,,,SW,0.1,8
428,112,28.6,22.1,22.1,82.1,1.9,,,,,WSW,9.5,0
429,112,28.1,21.7,21.7,85.7,1.6,,,,,SW,1.1,0
430,112,32.2,23.3,23.3,79.8,1.8,,,,,WNW,10.1,0
431,112,26.5,24.0,24.0,92.0,3.3,,,,,SSE,0.7,1
432,112,24.3,21.3,21.3,88.7,5.0,,,,,WSW,1.7,0
433,112,29.1,22.2,22.2,77.9,3.9,,,,,SSW,5.1,0
434,112,30.0,23.3,23.3,70.5,1.9,,,,,SE,8.8,0
435,112,28.6,22.3,22.3,80.5,2.1,,,,,SE,6.5,0
436,112,25.9,22.2,23.7,88.9,2.3,,,,,SSE,0.8,1
437,112,28.2,23.3,23.3,85.6,2.7,,,,,SW,2.2,0
438,112,24.9,22.0,22.0,90.9,2.3,,,,,SE,0.7,2
439,112,27.3,22.4,22.4,89.9,1.4,,,,,WSW,0.5,1
440,112,25.5,23.8,24.4,94.1,2.6,,,,,SSE,1.8,0
441,112,24.2,23.2,23.2,98.0,4.0,,,,,SSW,0.1,17
442,112,24.5,22.9,22.9,96.2,3.9,,,,,S,0.1,7
443,112,24.3,22.9,22.9,92.8,2.4,,,,,SSW,1.3,0
444,112,25.7,23.2,23.2,89.6,1.9,,,,,SSE,6.7,0
445,112,26.8,23.2,23.2,89.8,1.0,,,,,NW,2.9,0
446,112,30.1,23.0,23.0,82.9,1.5,,,,,WNW,0.3,1
447,112,28.8,23.3,23.3,78.0,1.8,,,,,SW,2.3,0
448,112,32.2,23.6,23.6,70.4,1.8,,,,,SSW,3.0,0
449,112,31.2,23.3,23.3,75.4,3.6,,,,,SSE,3.8,0
450,112,25.1,23.8,23.8,95.5,4.2,,,,,SSE,1.6,0
451,112,27.1,23.4,23.4,89.8,2.0,,,,,SSW,5.1,0
452,112,28.1,24.9,24.9,85.5,2.6,,,,,SSW,9.5,0
453,112,29.5,25.0,25.0,84.7,2.9,,,1,,WSW,20.6,0
454,112,30.9,24.7,24.7,79.7,1.6,,,,,SW,4.5,0
455,112,31.7,25.9,25.9,75.0,1.9,,,1,,WNW,4.4,0
456,112,31.8,26.6,26.6,73.0,1.8,,,1,,NW,10.9,0
457,112,33.6,25.5,25.5,68.3,1.3,,1,1,,NW,29.6,0
458,112,31.3,25.6,25.6,77.0,2.1,,,1,,WNW,12.7,0
459,112,0.1,-6.5,-6.5,41.0,6.2,,,,,NW,21.8,0
460,112,4.3,-7.7,-7.7,59.0,4.1,,,,,SW,5.3,0
461,112,6.8,0.7,0.7,74.2,2.7,,,,,W,3.5,0
462,112,9.2,-0.5,-0.5,45.3,2.3,,,,,NNE,3.9,0
463,112,10.4,5.9,5.9,43.7,2.7,,,,,NNE,14.0,0
464,112,10.0,2.2,2.2,64.0,2.9,,,,,NNE,22.7,0
465,112,5.8,2.0,2.0,62.8,3.4,,,,,WSW,14.9,0
466,112,5.3,0.0,0.0,52.7,4.1,,,,,WNW,6.1,0
467,112,5.0,-1.1,-1.1,50.9,3.3,,,,,NW,30.4,0
468,112,7.9,-0.8,-0.8,60.1,2.4,,,,,SSW,19.4,0
469,112,10.4,2.8,2.8,61.1,2.3,,,,,SE,12.0,0
470,112,10.4,4.7,4.7,72.5,2.6,,,,,NW,7.5,0
471,112,9.2,2.4,2.4,65.8,3.2,,,,,SSW,12.4,0
472,112,12.0,4.3,4.3,72.2,2.6,,,,,SSW,6.5,0
473,112,10.4,4.5,4.5,83.2,3.5,,,,,SSW,3.9,0
474,112,15.7,4.9,4.9,69.6,1.8,,,,,SSW,2.3,0
475,112,10.4,5.3,5.3,56.8,5.1,,,,,WNW,3.6,0
476,112,10.7,2.2,2.2,35.3,3.0,,,,,WSW,44.1,0
477,112,8.0,4.0,4.0,68.2,5.4,,,,,S,5.7,0
478,112,7.1,1.8,1.8,54.7,4.9,,,,,WNW,17.9,0
479,112,8.1,0.2,0.2,60.1,2.1,,,,,SW,26.6,0
480,112,14.4,4.1,4.1,53.2,4.7,,,,,S,20.7,0
481,112,16.0,7.2,7.2,75.5,2.6,,,,,NW,0.2,2
482,112,21.5,8.9,8.9,47.7,2.7,,,,,NNE,19.3,0
483,112,13.6,7.3,7.3,60.6,4.2,,,,,ENE,10.7,0
484,112,11.0,2.1,2.1,82.6,3.4,,,,,NE,6.4,0
485,112,13.6,4.9,4.9,77.1,2.0,,,,,SW,6.8,0
486,112,12.6,6.9,6.9,80.7,2.6,,,,,SSE,4.7,0
487,112,10.6,5.5,5.5,81.8,3.9,,,,,WSW,1.2,0
488,112,14.3,3.9,3.9,61.2,2.8,,,,,WSW,10.7,0
489,112,15.3,4.5,4.5,41.6,2.7,,,,,NW,31.0,0
490,112,16.1,6.6,6.6,37.0,2.5,,,,,NNE,26.2,0
491,112,19.4,8.5,8.5,44.3,2.3,,,,,SW,12.0,0
492,112,18.9,11.8,11.8,56.7,2.5,,,,,SSW,12.3,0
493,112,20.1,10.9,10.9,58.1,2.5,,,,,NNE,10.8,0
494,112,15.4,8.7,8.7,58.0,3.0,,,,,SSE,16.3,0
495,112,14.7,7.1,7.1,61.6,1.8,,,,,SSW,4.2,0
496,112,19.7,8.1,8.1,35.3,1.7,,,,,SW,10.8,0
497,112,19.0,10.0,10.0,55.8,1.5,,,,,W,9.8,0
498,112,19.9,10.3,10.3,43.8,3.6,,,,,ENE,8.5,0
499,112,16.3,9.8,9.8,65.1,2.9,,,,,S,8.6,0
500,112,19.3,12.0,12.0,64.3,1.6,,,,,SW,9.3,0
501,112,21.1,12.0,12.0,66.0,2.0,,,,,SE,14.1,0
502,112,23.2,10.3,10.3,69.8,1.8,,,,,WNW,0.1,2
503,112,25.3,11.7,11.7,57.0,2.1,,,,,SSW,15.2,0
504,112,19.6,10.1,10.1,79.1,3.6,,,,,SE,0.8,2
505,112,12.5,9.1,9.1,94.0,2.6,,,,,SSW,0.1,6
506,112,17.1,7.8,7.8,79.4,1.8,,,,,SSW,0.1,7
507,112,19.7,10.0,10.0,65.5,2.5,,,,,SW,4.4,0
508,112,19.0,11.7,11.7,60.9,2.3,,,,,S,14.9,0
509,112,16.2,13.0,13.0,76.4,3.4,,,,,ENE,3.9,0
510,112,20.0,13.0,13.0,68.2,3.9,,,,,ENE,40.0,0
511,112,23.4,15.5,15.5,51.7,3.0,,,,,E,21.1,0
512,112,22.4,13.0,13.0,61.0,2.7,,,,,SE,5.4,0
513,112,16.0,10.4,10.4,83.9,2.8,,,,,WSW,3.0,0
514,112,17.0,9.1,9.1,83.2,2.1,,,,,SW,3.8,0
515,112,22.1,11.4,11.4,74.3,1.8,,,,,SW,1.6,0
516,112,20.9,11.0,11.0,69.0,2.3,,,,,SW,3.9,0
517,112,22.9,11.8,11.8,68.9,1.9,,,,,WNW,9.7,0
518,112,24.5,15.2,15.2,54.7,2.7,,,,,SW,19.9,0
519,112,17.0,13.1,13.1,75.2,2.6,,,,,SSW,8.4,0
520,112,20.9,13.0,13.0,58.8,2.1,,,,,E,15.9,0
521,112,20.6,12.9,12.9,59.7,2.7,,,,,WSW,13.0,0
522,112,23.1,12.2,12.2,60.1,2.0,,,,,W,24.4,0
523,112,23.5,13.6,13.6,53.2,2.0,,,,,WSW,8.2,0
524,112,18.8,14.3,14.3,86.8,3.7,,,,,SE,0.2,2
525,112,13.7,12.4,12.4,98.3,3.7,,,,,SW,0.1,3
526,112,14.0,11.9,11.9,86.2,3.2,,,,,ENE,0.7,2
527,112,18.5,9.7,9.7,62.2,2.5,,,,,NE,34.9,0
528,112,17.9,11.4,11.4,73.5,3.1,,,,,SW,16.5,0
529,112,20.4,12.8,12.8,64.2,3.1,,,,,S,11.3,0
530,112,20.8,12.6,12.6,81.1,4.5,,,,,S,1.1,0
531,112,19.6,11.0,11.0,74.9,2.9,,,,,WNW,4.5,0
532,112,21.2,13.1,13.1,63.4,2.1,,,,,WSW,16.2,0
533,112,20.7,12.9,12.9,57.0,2.4,,,,,S,9.3,0
534,112,16.2,7.2,7.2,73.8,3.6,,,,,S,5.6,0
535,112,17.3,7.2,7.2,72.6,3.0,,,,,SW,18.1,0
536,112,21.2,12.2,12.2,74.6,2.8,,,,,SSE,4.0,0
537,112,23.2,15.9,15.9,71.3,2.5,,,,,SSE,29.8,0
538,112,24.2,16.4,16.4,71.2,1.9,,,,,WNW,15.1,0
539,112,20.9,14.9,14.9,81.3,2.3,,,,,SW,0.6,1
540,112,23.4,14.9,14.9,82.9,1.8,,,,,WSW,0.3,6
541,112,21.4,14.4,14.4,82.8,1.7,,,,,SW,0.3,5
542,112,21.7,14.8,14.8,79.8,2.3,,,,,W,8.4,0
543,112,21.2,14.9,14.9,84.9,1.8,,,,,W,0.3,1
544,112,21.0,16.3,16.3,84.6,1.7,,,,,S,0.1,5
545,112,21.7,16.3,16.3,79.1,2.9,,,,,SSE,0.3,1
546,112,20.9,14.5,14.5,69.5,3.3,,,,,W,5.0,0
547,112,24.9,14.9,14.9,59.0,2.5,,,,,NE,33.3,0
548,112,23.3,15.8,15.8,63.9,2.2,,,,,SW,24.2,0
549,112,23.3,16.5,16.5,54.9,1.4,,,,,WNW,22.7,0
550,112,21.1,16.0,16.0,74.7,2.8,,,,,WSW,12.5,0
551,112,23.3,16.8,16.8,69.4,3.2,,,,,WNW,8.6,0
552,112,22.3,16.2,16.2,61.4,2.8,,,,,WSW,29.1,0
553,112,26.7,16.2,16.2,56.0,2.0,,,,,E,25.9,0
554,112,26.4,18.6,18.6,41.1,2.4,,,,,E,37.7,0
555,112,24.5,17.9,17.9,66.7,2.1,,,,,SW,4.9,0
556,112,26.2,18.0,18.0,69.8,2.3,,,,,SW,8.7,0
557,112,25.0,17.0,17.0,67.8,2.0,,,,,SW,7.9,0
558,112,22.8,17.8,17.8,83.7,2.1,,,,,WSW,1.1,0
559,112,24.5,17.5,17.5,79.8,2.1,,,,,NW,0.9,1
560,112,27.6,19.0,19.0,77.0,2.5,,,,,SW,5.2,0
561,112,26.1,20.1,20.1,81.1,2.6,,,,,SW,1.6,0
562,112,27.6,19.1,19.1,73.0,2.4,,,,,SW,5.4,0
563,112,28.1,19.9,19.9,70.7,1.8,,,,,SW,10.1,0
564,112,28.4,20.5,20.5,74.3,2.0,,,,,W,8.5,0
565,112,26.3,20.8,20.8,81.2,2.1,,,,,WSW,3.9,0
566,112,24.9,19.4,19.4,75.8,2.6,,,,,SW,6.6,0
567,112,26.0,18.8,18.8,68.7,2.5,,,,,SW,15.6,0
568,112,26.3,20.3,20.3,76.8,2.7,,,,,SSW,13.9,0
569,112,31.6,20.9,20.9,71.0,2.0,,,,,S,9.1,0
570,112,30.5,22.0,22.0,55.8,1.9,,,,,NW,11.7,0
571,112,27.6,22.0,22.0,65.5,2.1,,,,,SW,34.8,0
572,112,24.8,22.7,23.4,84.7,1.9,,,,,ENE,1.2,0
573,112,26.6,22.4,22.4,84.2,2.4,,,,,SW,3.8,0
574,112,25.0,21.2,21.2,81.3,3.0,,,,,SW,0.7,1
575,112,25.1,20.1,20.1,66.8,3.0,,,,,WSW,43.0,0
576,112,29.0,19.7,19.7,65.9,2.0,,,,,W,27.9,0
577,112,27.7,21.2,21.2,67.6,1.9,,,,,SW,10.6,0
578,112,28.8,21.7,21.7,59.5,2.1,,,,,WSW,15.3,0
579,112,31.0,21.7,21.7,67.3,2.1,,,,,SE,1.1,0
580,112,24.6,21.0,21.0,92.6,4.7,,,,,SSW,1.8,0
581,112,27.4,21.3,21.3,79.9,2.0,,,,,WSW,1.5,0
582,112,24.5,21.2,23.2,90.3,2.7,,,,,E,1.1,0
583,112,24.7,22.6,22.6,89.7,3.9,,,,,SW,2.3,0
584,112,28.4,22.1,22.1,84.8,3.3,,,,,SSW,0.6,3
585,112,24.5,20.8,20.8,86.3,3.8,,,,,SW,5.6,0
586,112,28.3,22.4,22.4,87.3,3.8,,,,,SE,1.5,0
587,112,27.1,21.5,21.5,88.1,2.3,,,,,SSE,0.2,3
588,112,23.7,22.7,22.7,96.5,2.2,,,,,WSW,0.2,5
589,112,24.9,21.9,21.9,94.3,1.8,,,,,SSW,0.5,1
590,112,30.1,22.8,22.8,79.4,2.5,,,,,NE,9.5,0
591,112,25.7,21.7,21.7,87.7,2.2,,,,,SW,0.8,1
592,112,27.5,22.0,22.0,85.4,1.8,,,,,SW,3.3,0
593,112,29.5,23.4,23.4,82.0,1.8,,,,,WSW,4.0,0
594,112,31.0,24.1,24.1,72.9,2.1,,,,,SE,4.1,0
595,112,30.6,24.9,24.9,69.3,2.1,,,,,ESE,38.6,0
596,112,30.6,24.1,24.1,83.1,2.3,,,,,SE,3.4,0
597,112,25.7,23.7,23.7,95.0,4.2,,,,,SSW,1.2,0
598,112,25.4,22.7,22.7,97.8,3.0,,,,,SSW,0.7,2
599,112,27.8,23.5,23.5,93.8,2.4,,,,,SSW,0.1,3
600,112,29.0,24.0,24.0,89.3,3.7,,,,,S,9.7,0
601,112,28.5,22.7,22.7,89.6,4.5,,,,,SSW,5.0,0
602,112,26.9,24.5,25.6,93.8,4.7,,,1,,SSW,7.6,0
603,112,25.8,24.5,24.5,96.0,3.7,,,,,SSW,5.5,0
604,112,29.0,25.2,25.2,94.2,2.7,,,1,,SW,0.2,3
605,112,31.2,26.3,26.3,84.4,2.1,,,1,,S,15.2,0
606,112,33.2,26.0,26.0,83.5,2.9,,1,1,,SSE,4.6,0
607,112,31.1,27.5,27.5,80.6,3.7,,,1,,SSE,33.4,0
608,112,31.7,27.5,27.5,79.1,4.2,,,1,,S,32.3,0
609,112,27.2,25.7,25.7,90.8,4.1,,,1,,SSW,7.9,0
610,112,29.3,25.4,25.4,90.0,2.8,,,1,,SW,11.7,0
611,112,31.0,26.4,26.4,83.0,2.8,,,1,,SSW,25.2,0
612,112,11.2,1.0,1.0,83.5,2.1,,,,,ENE,0.1,5
613,112,15.0,3.3,3.3,69.6,4.0,,,,,ENE,4.1,0
614,112,6.3,0.8,0.8,68.2,6.4,,,,,ENE,5.7,0
615,112,3.1,0.5,1.6,69.8,4.8,,,,,ENE,1.1,0
616,112,6.9,1.6,1.6,67.0,3.2,,,,,NNE,37.3,0
617,112,8.4,0.6,0.6,56.4,3.2,,,,,WNW,17.9,0
618,112,8.7,0.1,0.1,53.2,1.9,,,,,WSW,10.6,0
619,112,9.2,1.8,1.8,63.8,2.1,,,,,WSW,7.2,0
620,112,10.0,1.6,1.6,80.5,1.7,,,,,SSW,0.3,1
621,112,11.5,2.6,2.6,71.7,1.7,,,,,SW,3.3,0
622,112,12.8,3.2,3.2,65.5,1.8,,,,,WNW,3.2,0
623,112,9.4,5.1,5.1,78.3,2.2,,,,,SSW,0.1,7
624,112,12.2,2.3,2.3,69.8,1.6,,,,,SW,0.1,10
625,112,17.0,5.5,5.5,34.9,3.1,,,,,NW,22.7,0
626,112,15.7,7.8,7.8,40.7,2.8,,,,,E,22.5,0
627,112,8.3,1.4,1.4,58.6,4.4,,,,,WNW,11.6,0
628,112,4.5,-0.7,-0.7,48.0,3.7,,,,,WNW,2.0,0
629,112,4.5,0.5,0.5,73.4,4.7,,,,,NW,0.8,2
630,112,5.3,-1.1,-1.1,50.2,3.0,,,,,WNW,19.7,0
631,112,11.7,1.3,1.3,71.8,3.7,,,,,SSW,6.2,0
632,112,13.3,6.0,6.0,77.2,3.8,,,,,SSW,2.9,0
633,112,15.5,7.5,7.5,62.9,3.6,,,,,S,7.3,0
634,112,18.8,7.5,7.5,60.8,2.9,,,,,SSE,2.4,0
635,112,15.8,8.6,8.6,63.0,4.0,,,,,SSW,2.9,0
636,112,17.3,7.3,7.3,75.3,4.1,,,,,SSW,1.9,0
637,112,23.1,5.5,5.5,52.1,2.5,,,,,S,11.8,0
638,112,16.3,6.4,6.4,71.1,3.7,,,,,WNW,1.6,0
639,112,10.2,3.6,3.6,41.3,4.9,,,,,WNW,12.8,0
640,112,5.6,1.1,1.1,43.1,4.5,,,,,WNW,42.2,0
641,112,6.8,-0.4,-0.4,51.2,3.3,,,,,WSW,44.9,0
642,112,10.9,2.8,2.8,61.8,2.3,,,,,SSW,10.4,0
643,112,13.8,4.9,4.9,66.7,2.6,,,,,SSE,5.8,0
644,112,10.5,4.9,4.9,70.8,2.0,,,,,WSW,9.9,0
645,112,13.1,4.7,4.7,66.1,2.4,,,,,WNW,7.0,0
646,112,13.3,5.5,5.5,69.2,2.4,,,,,SSW,4.4,0
647,112,8.3,6.9,6.9,89.0,2.0,,,,,SSE,0.3,2
648,112,11.4,5.5,5.5,83.4,3.1,,,,,SSW,0.6,1
649,112,17.4,6.4,6.4,63.5,3.9,,,,,S,8.1,0
650,112,14.4,8.9,8.9,73.2,2.9,,,,,SSW,4.5,0
651,112,14.6,7.3,7.3,64.0,2.0,,,,,S,11.0,0
652,112,16.1,7.7,7.7,70.2,2.3,,,,,WNW,5.8,0
653,112,18.9,7.2,7.2,67.8,2.2,,,,,SSW,4.5,0
654,112,20.9,1.3,1.3,67.8,3.6,,,,,SE,2.8,0
655,112,6.9,1.3,1.3,75.5,5.8,,,,,WSW,3.3,0
656,112,6.2,2.5,2.5,86.2,3.8,,,,,SSE,6.7,0
657,112,11.6,3.7,3.7,77.4,3.5,,,,,WSW,8.6,0
658,112,20.1,6.4,6.4,65.8,3.6,,,,,SSE,5.8,0
659,112,20.6,15.2,15.2,74.3,3.5,,,,,S,18.4,0
660,112,18.8,11.5,11.5,81.5,2.4,,,,,SW,2.7,0
661,112,16.8,10.2,10.2,95.6,3.5,,,,,SSW,0.9,1
662,112,20.5,8.1,8.1,80.1,2.0,,,,,NW,0.1,9
663,112,24.3,13.4,13.4,74.0,2.2,,,,,SE,13.0,0
664,112,18.5,14.9,14.9,91.8,2.0,,,,,NNE,0.6,3
665,112,19.5,11.2,11.2,70.9,2.7,,,,,ENE,39.1,0
666,112,15.2,9.9,9.9,67.0,3.5,,,,,SW,7.5,0
667,112,15.7,8.7,8.7,44.4,3.8,,,,,W,22.8,0
668,112,16.0,8.0,8.0,63.7,3.5,,,,,S,19.8,0
669,112,15.5,11.3,11.3,55.8,3.3,,,,,SW,41.4,0
670,112,17.9,9.4,9.4,61.5,3.0,,,,,SW,19.4,0
671,112,18.1,9.3,9.3,46.0,2.4,,,,,SW,18.2,0
672,112,23.2,11.9,11.9,35.4,3.7,,,,,SSE,24.0,0
673,112,16.8,10.5,10.5,74.6,3.8,,,,,SSE,0.7,1
674,112,16.4,8.9,8.9,62.0,3.5,,,,,WNW,28.3,0
675,112,12.9,8.8,8.8,84.3,2.8,,,,,W,3.9,0
676,112,17.3,9.3,9.3,66.9,3.6,,,,,SW,25.8,0
677,112,14.3,9.7,9.7,66.2,2.3,,,,,ENE,13.5,0
678,112,17.1,9.0,9.0,61.2,2.4,,,,,WNW,37.5,0
679,112,16.6,10.3,10.3,69.2,2.5,,,,,SW,25.2,0
680,112,21.7,10.2,10.2,65.2,2.0,,,,,SW,2.9,0
681,112,16.9,13.8,14.9,79.0,3.0,,,,,ENE,1.5,0
682,112,14.8,10.7,10.7,98.5,4.8,,,,,WSW,0.2,2
683,112,17.1,10.5,10.5,86.8,2.5,,,,,SSW,4.4,0
684,112,20.6,10.7,10.7,70.5,2.7,,,,,S,3.3,0
685,112,23.5,16.6,16.6,49.6,3.8,,,,,SSE,15.7,0
686,112,24.2,16.9,16.9,54.8,3.0,,,,,SSE,16.9,0
687,112,20.7,14.2,14.2,87.6,2.7,,,,,SSW,0.2,6
688,112,21.7,17.2,17.2,95.5,1.9,,,,,NW,0.4,6
689,112,20.8,13.3,13.3,92.0,2.8,,,,,SW,0.2,3
690,112,18.0,10.7,10.7,70.2,2.4,,,,,WNW,17.4,0
691,112,18.1,11.3,11.3,73.5,3.2,,,,,SSW,0.7,1
692,112,22.8,15.9,15.9,94.2,2.9,,,,,SSW,2.2,0
693,112,27.4,20.7,20.7,85.5,2.0,,,,,WNW,5.2,0
694,112,25.8,18.4,18.4,77.2,2.0,,,,,SW,2.2,0
695,112,21.4,16.9,16.9,57.4,2.5,,,,,ESE,18.9,0
696,112,19.4,13.3,13.3,67.0,2.9,,,,,ENE,6.0,0
697,112,19.1,12.6,12.6,68.3,2.4,,,,,SW,23.1,0
698,112,22.9,13.1,13.1,69.0,1.9,,,,,SSW,7.6,0
699,112,22.7,14.8,14.8,73.6,2.3,,,,,SSW,5.0,0
700,112,22.3,15.2,15.2,75.8,2.0,,,,,SSW,2.2,0
701,112,25.4,16.2,16.2,65.3,1.7,,,,,WNW,5.6,0
702,112,25.1,16.9,16.9,65.3,1.8,,,,,SW,9.1,0
703,112,21.4,15.9,15.9,65.4,2.0,,,,,SSW,7.0,0
704,112,24.3,15.7,15.7,71.9,1.9,,,,,SW,4.9,0
705,112,22.2,17.3,17.3,69.7,1.3,,,,,SSW,11.1,0
706,112,21.8,16.9,16.9,70.6,3.2,,,,,SW,10.5,0
707,112,22.6,15.5,15.5,66.1,3.5,,,,,WSW,38.8,0
708,112,23.2,15.8,15.8,60.0,2.6,,,,,SSW,24.4,0
709,112,26.3,18.8,18.8,45.3,3.6,,,,,SSW,45.2,0
710,112,25.6,20.0,20.0,69.9,3.0,,,,,SSW,5.0,0
711,112,26.5,19.6,19.6,82.1,1.8,,,,,WSW,2.7,0
712,112,25.1,18.7,18.7,82.6,2.3,,,,,SSW,1.5,0
713,112,21.4,18.4,18.4,87.7,2.6,,,,,SSW,2.5,0
714,112,23.8,16.5,16.5,70.0,2.6,,,,,SW,13.8,0
715,112,28.7,17.4,17.4,66.5,2.0,,,,,SSW,10.2,0
716,112,24.1,19.4,19.4,72.2,1.9,,,,,S,3.0,0
717,112,29.7,20.0,20.0,74.8,2.2,,,,,WNW,10.9,0
718,112,29.6,19.1,19.1,81.2,2.7,,,,,SSW,0.3,1
719,112,22.8,20.5,20.5,97.2,3.2,,,,,SSW,0.2,7
720,112,25.9,20.3,20.3,87.6,2.7,,,,,SW,6.4,0
721,112,26.4,19.1,19.1,79.1,2.0,,,,,SW,0.8,3
722,112,29.6,20.3,20.3,69.7,1.9,,,,,SSW,8.4,0
723,112,25.8,20.4,20.4,98.6,5.7,,,,,SSW,0.3,3
724,112,20.8,18.7,18.7,98.4,2.0,,,,,SSW,0.1,6
725,112,22.8,17.3,17.3,90.3,2.5,,,,,SSW,2.9,0
726,112,28.5,18.6,18.6,83.2,1.9,,,,,WNW,2.9,0
727,112,28.0,20.8,20.8,71.8,2.0,,,,,ENE,5.9,0
728,112,21.7,19.7,19.7,89.9,2.4,,,,,ENE,0.7,1
729,112,23.8,19.7,19.7,89.8,2.0,,,,,SW,1.9,0
730,112,27.4,20.4,20.4,84.3,1.5,,,,,SW,4.7,0
731,112,25.6,23.9,23.9,92.0,1.8,,,,,SSW,1.9,0
732,112,28.2,23.4,23.4,89.0,2.4,,,,,S,0.4,2
733,112,28.3,24.8,24.8,86.4,2.6,,,,,S,22.1,0
734,112,28.7,24.3,24.3,90.6,3.0,,,,,SSW,1.6,0
735,112,28.5,25.4,25.4,91.1,3.1,,,1,,SSW,2.5,0
736,112,28.6,25.1,25.1,90.5,2.9,,,1,,SW,0.3,2
737,112,28.2,24.4,24.4,88.5,3.5,,,,,SSW,15.6,0
738,112,29.0,25.1,25.1,85.9,3.2,,,1,,SSW,24.3,0
739,112,29.9,25.2,25.2,86.2,2.7,,,1,,SSW,10.8,0
740,112,30.3,25.2,25.2,88.2,2.1,,,1,,S,1.3,0
741,112,35.6,25.2,25.2,79.5,2.4,,1,1,,NW,2.6,0
742,112,34.0,27.6,27.6,71.3,1.7,,1,1,,WSW,16.8,0
743,112,35.1,26.8,26.8,49.9,2.3,,1,1,,SE,26.4,0
744,112,34.4,25.4,25.4,44.9,2.9,,1,1,,E,50.0,0
745,112,33.1,25.3,25.3,49.5,2.1,,1,1,,E,49.0,0
746,112,27.9,23.7,23.7,76.2,1.9,,,,,SSW,17.1,0
747,112,27.3,21.4,21.4,85.8,2.3,,,,,NE,5.2,0
748,112,24.1,20.7,20.7,91.9,2.4,,,,,WNW,2.9,0
749,112,23.6,21.3,21.3,96.0,3.2,,,,,SSE,0.7,1
750,112,24.1,21.9,21.9,98.8,3.1,,,,,SE,1.9,0
751,112,25.6,22.2,22.2,97.6,2.0,,,,,SSE,1.2,0
752,112,25.5,21.5,21.5,98.4,2.5,,,,,SSW,1.1,0
753,112,29.8,24.4,24.4,90.0,3.4,,,,,SSW,3.2,0
754,112,29.4,25.7,25.7,88.4,2.7,,,1,,SW,12.1,0
755,112,29.6,25.8,25.8,88.2,2.7,,,1,,SSW,25.0,0
756,112,30.9,25.0,25.0,81.9,1.8,,,1,,WNW,7.1,0
757,112,31.9,25.3,25.3,79.5,1.8,,,1,,WNW,9.7,0
758,112,33.8,25.3,25.3,77.5,2.1,,1,1,,WNW,7.0,0
759,112,34.6,26.7,26.7,75.4,2.0,,1,1,,WNW,10.3,0
760,112,34.3,28.0,28.0,70.8,2.0,,1,1,,WNW,13.3,0
761,112,33.6,26.8,26.8,75.5,1.9,,1,1,,WNW,2.9,0
762,112,33.8,26.5,26.5,72.0,1.9,,1,1,,NW,8.6,0
763,112,33.3,26.2,26.2,75.6,1.7,,1,1,,SW,10.8,0
764,112,31.9,28.3,28.3,71.2,2.3,,,1,,NW,16.5,0
