day,h,t,rh,ws,wd,vis
2021-03-01,0,6.1,66.0,2.3,20.0,21.9
2021-03-01,1,5.3,81.0,3.9,360.0,14.5
2021-03-01,2,4.0,92.0,4.9,360.0,5.2
2021-03-01,3,3.8,95.0,0.4,0.0,4.8
2021-03-01,4,3.7,96.0,1.4,360.0,4.8
2021-03-01,5,3.4,97.0,2.2,360.0,4.2
2021-03-01,6,3.1,97.0,2.5,360.0,5.8
2021-03-01,7,3.0,98.0,1.9,20.0,7.4
2021-03-01,8,3.1,98.0,3.2,360.0,9.8
2021-03-01,9,3.3,98.0,3.2,360.0,12.9
2021-03-01,10,3.3,97.0,5.3,340.0,8.6
2021-03-01,11,3.1,97.0,7.4,360.0,8.2
2021-03-01,12,2.9,97.0,8.2,360.0,10.0
2021-03-01,13,2.8,97.0,9.4,360.0,14.6
2021-03-01,14,2.6,97.0,8.2,360.0,14.2
2021-03-01,15,2.4,97.0,8.2,360.0,16.1
2021-03-01,16,2.3,97.0,6.1,360.0,15.7
2021-03-01,17,2.2,96.0,7.0,360.0,18.7
2021-03-01,18,2.4,97.0,7.2,360.0,18.9
2021-03-01,19,2.6,95.0,6.4,360.0,20.8
2021-03-01,20,2.3,94.0,7.7,360.0,21.1
2021-03-01,21,2.2,93.0,6.9,360.0,24.0
2021-03-01,22,2.3,89.0,6.9,360.0,28.2
2021-03-01,23,2.1,87.0,6.2,360.0,32.2
2021-03-02,0,1.9,84.0,4.7,360.0,35.1
2021-03-02,1,1.5,83.0,6.6,360.0,36.4
2021-03-02,2,1.7,80.0,6.1,360.0,44.5
2021-03-02,3,1.6,77.0,7.1,340.0,46.6
2021-03-02,4,1.1,75.0,7.9,340.0,46.4
2021-03-02,5,0.8,73.0,8.7,340.0,42.3
2021-03-02,6,0.5,73.0,8.3,340.0,39.4
2021-03-02,7,0.2,73.0,8.0,340.0,38.5
2021-03-02,8,0.3,71.0,6.3,340.0,39.9
2021-03-02,9,1.0,69.0,4.8,340.0,42.9
2021-03-02,10,1.8,69.0,5.3,360.0,40.9
2021-03-02,11,2.1,65.0,5.6,340.0,39.5
2021-03-02,12,2.4,61.0,5.8,340.0,40.8
2021-03-02,13,2.6,60.0,5.9,320.0,43.1
2021-03-02,14,2.8,56.0,5.3,340.0,45.2
2021-03-02,15,3.0,60.0,4.9,340.0,41.1
2021-03-02,16,2.9,63.0,4.9,340.0,40.4
2021-03-02,17,2.5,62.0,4.5,340.0,40.6
2021-03-02,18,1.7,63.0,3.5,340.0,38.1
2021-03-02,19,1.3,65.0,4.4,340.0,41.3
2021-03-02,20,1.1,66.0,3.6,340.0,44.6
2021-03-02,21,0.8,73.0,0.1,0.0,39.0
2021-03-02,22,0.6,74.0,0.0,0.0,40.9
2021-03-02,23,-0.6,76.0,0.7,180.0,31.8
2021-03-03,0,0.4,67.0,0.2,0.0,43.4
2021-03-03,1,0.4,72.0,1.7,200.0,46.9
2021-03-03,2,0.6,71.0,0.8,230.0,47.2
2021-03-03,3,1.8,66.0,0.0,0.0,46.7
2021-03-03,4,1.8,66.0,0.0,0.0,48.6
2021-03-03,5,1.6,75.0,2.0,180.0,44.9
2021-03-03,6,2.0,73.0,0.8,180.0,43.2
2021-03-03,7,2.4,72.0,2.0,200.0,43.4
2021-03-03,8,3.1,70.0,1.2,180.0,40.7
2021-03-03,9,5.1,64.0,4.3,180.0,47.5
2021-03-03,10,6.2,63.0,5.2,180.0,45.6
2021-03-03,11,6.6,63.0,6.6,160.0,45.4
2021-03-03,12,7.0,65.0,7.2,180.0,37.5
2021-03-03,13,7.0,66.0,7.7,180.0,41.9
2021-03-03,14,7.1,65.0,8.2,180.0,42.0
2021-03-03,15,6.7,69.0,7.4,160.0,40.5
2021-03-03,16,6.6,70.0,8.2,160.0,41.0
2021-03-03,17,5.9,74.0,6.7,160.0,39.0
2021-03-03,18,5.3,72.0,7.0,180.0,41.5
2021-03-03,19,4.8,77.0,5.8,160.0,41.5
2021-03-03,20,4.7,82.0,5.5,160.0,40.0
2021-03-03,21,4.5,88.0,5.5,160.0,38.4
2021-03-03,22,4.3,88.0,5.2,160.0,40.2
2021-03-03,23,4.0,81.0,4.1,160.0,45.4
2021-03-04,0,3.6,90.0,4.0,160.0,25.9
2021-03-04,1,3.5,93.0,4.0,160.0,20.9
2021-03-04,2,3.9,93.0,4.7,140.0,19.1
2021-03-04,3,3.7,92.0,4.1,110.0,12.8
2021-03-04,4,4.6,90.0,3.6,140.0,17.8
2021-03-04,5,4.8,87.0,3.8,140.0,22.3
2021-03-04,6,4.1,90.0,3.5,110.0,16.4
2021-03-04,7,4.5,84.0,5.0,140.0,23.0
2021-03-04,8,5.0,86.0,4.5,140.0,19.9
2021-03-04,9,5.2,86.0,4.0,140.0,15.9
2021-03-04,10,5.6,89.0,5.0,140.0,13.8
2021-03-04,11,6.2,85.0,4.9,140.0,15.8
2021-03-04,12,6.7,86.0,5.1,140.0,20.2
2021-03-04,13,7.9,76.0,6.1,160.0,34.6
2021-03-04,14,7.4,78.0,3.8,160.0,34.0
2021-03-04,15,7.7,79.0,3.4,160.0,25.4
2021-03-04,16,7.8,81.0,3.3,180.0,31.2
2021-03-04,17,6.6,88.0,3.5,180.0,22.2
2021-03-04,18,6.3,90.0,3.1,180.0,16.8
2021-03-04,19,5.8,93.0,2.4,180.0,14.0
2021-03-04,20,5.3,95.0,2.5,180.0,9.9
2021-03-04,21,6.1,94.0,2.2,200.0,6.9
2021-03-04,22,6.3,94.0,1.6,200.0,17.5
2021-03-04,23,6.4,94.0,2.3,160.0,19.5
2021-03-05,0,5.5,96.0,2.1,110.0,9.2
2021-03-05,1,5.5,92.0,2.4,140.0,13.2
2021-03-05,2,5.7,95.0,1.4,140.0,10.5
2021-03-05,3,5.2,98.0,0.5,110.0,3.5
2021-03-05,4,4.3,99.0,0.0,0.0,0.2
2021-03-05,5,4.4,99.0,0.0,0.0,5.1
2021-03-05,6,4.4,99.0,0.9,160.0,3.7
2021-03-05,7,4.7,99.0,1.0,90.0,2.1
2021-03-05,8,5.1,99.0,0.0,0.0,0.4
2021-03-05,9,5.2,99.0,1.3,160.0,0.9
2021-03-05,10,5.2,99.0,1.8,180.0,1.8
2021-03-05,11,5.5,99.0,2.6,90.0,2.3
2021-03-05,12,6.1,99.0,2.5,70.0,2.3
2021-03-05,13,7.5,97.0,1.6,110.0,22.5
2021-03-05,14,6.8,89.0,3.0,200.0,19.7
2021-03-05,15,7.2,90.0,5.7,320.0,35.5
2021-03-05,16,6.3,96.0,3.7,320.0,13.7
2021-03-05,17,6.1,96.0,3.3,320.0,25.7
2021-03-05,18,5.4,93.0,8.2,340.0,30.8
2021-03-05,19,5.2,92.0,8.0,340.0,24.1
2021-03-05,20,3.7,96.0,10.0,340.0,10.1
2021-03-05,21,3.4,91.0,8.5,340.0,21.5
2021-03-05,22,3.3,91.0,6.7,360.0,25.6
2021-03-05,23,3.2,90.0,9.0,340.0,27.4
2021-03-06,0,2.7,82.0,7.5,360.0,32.3
2021-03-06,1,2.3,82.0,8.4,360.0,30.3
2021-03-06,2,2.1,80.0,8.8,360.0,30.7
2021-03-06,3,1.5,76.0,8.1,360.0,34.2
2021-03-06,4,1.1,77.0,7.9,360.0,32.5
2021-03-06,5,0.7,75.0,6.4,360.0,32.6
2021-03-06,6,0.5,74.0,7.2,360.0,33.5
2021-03-06,7,0.3,71.0,8.5,360.0,34.4
2021-03-06,8,0.4,69.0,8.3,340.0,35.1
2021-03-06,9,0.7,69.0,8.8,340.0,35.0
2021-03-06,10,1.1,63.0,9.4,360.0,37.3
2021-03-06,11,1.8,64.0,7.4,360.0,40.7
2021-03-06,12,1.9,63.0,7.2,340.0,39.4
2021-03-06,13,2.3,62.0,7.9,340.0,39.9
2021-03-06,14,2.0,65.0,8.8,340.0,36.0
2021-03-06,15,2.2,66.0,7.1,340.0,34.0
2021-03-06,16,2.5,69.0,6.9,340.0,32.0
2021-03-06,17,3.0,70.0,6.5,340.0,31.1
2021-03-06,18,2.7,74.0,5.4,340.0,29.2
2021-03-06,19,2.4,78.0,5.4,340.0,28.9
2021-03-06,20,2.4,82.0,3.7,340.0,28.2
2021-03-06,21,2.6,82.0,4.2,360.0,29.1
2021-03-06,22,2.2,80.0,1.7,340.0,31.1
2021-03-06,23,2.6,77.0,0.4,0.0,31.2
2021-03-07,0,2.9,69.0,1.6,50.0,37.9
2021-03-07,1,2.3,73.0,1.7,50.0,35.9
2021-03-07,2,2.5,75.0,0.0,0.0,29.4
2021-03-07,3,2.0,79.0,0.0,0.0,31.7
2021-03-07,4,1.3,82.0,0.0,0.0,29.0
2021-03-07,5,2.2,81.0,0.0,0.0,30.5
2021-03-07,6,2.0,87.0,0.0,0.0,24.3
2021-03-07,7,2.2,87.0,0.0,0.0,22.5
2021-03-07,8,2.1,87.0,0.0,0.0,22.6
2021-03-07,9,3.7,81.0,1.1,140.0,26.2
2021-03-07,10,4.8,66.0,2.6,110.0,35.1
2021-03-07,11,5.3,61.0,2.1,180.0,36.0
2021-03-07,12,5.7,58.0,2.6,180.0,35.6
2021-03-07,13,5.6,62.0,3.8,360.0,33.3
2021-03-07,14,5.8,74.0,4.7,320.0,28.3
2021-03-07,15,5.1,73.0,5.3,320.0,31.2
2021-03-07,16,5.1,70.0,5.6,320.0,35.1
2021-03-07,17,4.2,75.0,5.8,340.0,32.0
2021-03-07,18,3.5,83.0,4.7,320.0,28.0
2021-03-07,19,2.4,85.0,4.8,320.0,28.1
2021-03-07,20,2.1,85.0,3.6,340.0,30.1
2021-03-07,21,2.2,82.0,6.0,320.0,35.4
2021-03-07,22,2.1,78.0,4.8,320.0,39.9
2021-03-07,23,2.0,77.0,4.6,340.0,41.8
2021-03-08,0,2.2,73.0,5.5,340.0,43.4
2021-03-08,1,2.1,71.0,6.2,340.0,36.6
2021-03-08,2,1.8,71.0,4.9,340.0,42.0
2021-03-08,3,1.7,74.0,4.2,340.0,44.9
2021-03-08,4,1.2,79.0,4.1,360.0,34.3
2021-03-08,5,1.2,74.0,3.8,340.0,38.9
2021-03-08,6,0.8,71.0,0.7,50.0,41.7
2021-03-08,7,1.3,65.0,0.0,0.0,42.0
2021-03-08,8,2.3,59.0,2.3,70.0,41.4
2021-03-08,9,4.1,43.0,1.6,70.0,45.1
2021-03-08,10,4.8,48.0,2.6,90.0,38.4
2021-03-08,11,6.4,31.0,2.1,90.0,42.1
2021-03-08,12,7.6,28.0,1.3,90.0,42.6
2021-03-08,13,6.5,44.0,3.1,340.0,37.5
2021-03-08,14,6.5,44.0,3.8,290.0,39.4
2021-03-08,15,6.4,52.0,4.9,290.0,43.0
2021-03-08,16,6.5,51.0,4.1,290.0,30.9
2021-03-08,17,5.7,57.0,4.6,320.0,27.3
2021-03-08,18,4.8,69.0,4.4,320.0,21.0
2021-03-08,19,3.9,77.0,2.9,340.0,15.5
2021-03-08,20,3.6,78.0,2.4,340.0,13.5
2021-03-08,21,2.7,81.0,1.5,340.0,13.4
2021-03-08,22,2.8,83.0,1.8,320.0,15.1
2021-03-08,23,3.0,73.0,0.0,0.0,17.0
2021-03-09,0,3.5,56.0,0.0,0.0,23.8
2021-03-09,1,3.5,35.0,2.1,290.0,35.5
2021-03-09,2,3.3,36.0,2.1,290.0,30.2
2021-03-09,3,3.1,46.0,1.8,290.0,26.6
2021-03-09,4,2.8,66.0,1.8,290.0,22.6
2021-03-09,5,2.9,87.0,2.0,270.0,13.0
2021-03-09,6,3.1,91.0,0.0,0.0,10.1
2021-03-09,7,3.2,92.0,0.0,0.0,9.0
2021-03-09,8,3.6,92.0,1.6,110.0,9.2
2021-03-09,9,5.0,84.0,0.0,0.0,12.4
2021-03-09,10,6.6,75.0,2.2,180.0,17.2
2021-03-09,11,7.9,71.0,3.3,180.0,20.3
2021-03-09,12,7.8,74.0,2.0,90.0,17.6
2021-03-09,13,9.1,64.0,2.2,340.0,20.9
2021-03-09,14,9.1,64.0,2.2,360.0,21.3
2021-03-09,15,9.6,47.0,3.3,270.0,21.4
2021-03-09,16,8.9,53.0,4.4,270.0,20.2
2021-03-09,17,8.2,58.0,4.1,250.0,18.8
2021-03-09,18,7.3,69.0,2.2,250.0,16.6
2021-03-09,19,5.9,69.0,1.7,270.0,18.9
2021-03-09,20,5.2,69.0,2.6,270.0,17.5
2021-03-09,21,5.4,72.0,2.6,290.0,15.3
2021-03-09,22,5.1,87.0,2.3,290.0,9.6
2021-03-09,23,5.0,89.0,3.1,320.0,9.8
2021-03-10,0,4.5,90.0,2.3,320.0,8.7
2021-03-10,1,4.1,92.0,2.6,320.0,7.3
2021-03-10,2,3.7,95.0,0.0,0.0,4.8
2021-03-10,3,3.3,97.0,1.2,320.0,2.8
2021-03-10,4,3.4,98.0,0.0,0.0,3.5
2021-03-10,5,3.3,97.0,0.0,0.0,2.9
2021-03-10,6,3.4,97.0,0.0,0.0,4.2
2021-03-10,7,2.8,98.0,0.0,0.0,2.6
2021-03-10,8,3.3,97.0,1.9,90.0,3.9
2021-03-10,9,5.2,93.0,1.7,90.0,6.0
2021-03-10,10,6.5,82.0,1.9,110.0,7.4
2021-03-10,11,8.1,61.0,3.3,110.0,9.1
2021-03-10,12,8.7,54.0,4.1,180.0,9.9
2021-03-10,13,9.4,52.0,4.3,160.0,12.5
2021-03-10,14,10.2,57.0,2.0,180.0,10.8
2021-03-10,15,10.5,53.0,2.3,290.0,10.4
2021-03-10,16,9.5,45.0,3.5,180.0,12.4
2021-03-10,17,9.4,46.0,2.5,200.0,10.7
2021-03-10,18,8.7,51.0,1.0,200.0,8.6
2021-03-10,19,6.0,71.0,1.4,290.0,8.8
2021-03-10,20,6.2,70.0,0.1,0.0,9.0
2021-03-10,21,4.3,80.0,1.9,180.0,5.1
2021-03-10,22,4.6,93.0,2.0,180.0,4.9
2021-03-10,23,4.4,94.0,1.7,110.0,4.6
2021-03-11,0,4.3,97.0,2.5,110.0,2.4
2021-03-11,1,4.1,96.0,1.7,140.0,3.8
2021-03-11,2,4.5,85.0,1.8,160.0,5.8
2021-03-11,3,4.7,88.0,0.0,0.0,4.7
2021-03-11,4,4.1,96.0,1.4,180.0,4.0
2021-03-11,5,5.4,97.0,0.2,0.0,1.4
2021-03-11,6,5.8,98.0,1.5,160.0,1.7
2021-03-11,7,5.4,97.0,0.0,0.0,1.7
2021-03-11,8,5.2,97.0,0.3,0.0,1.6
2021-03-11,9,5.5,98.0,2.8,140.0,1.6
2021-03-11,10,5.6,95.0,4.0,140.0,2.1
2021-03-11,11,5.8,94.0,4.1,140.0,3.0
2021-03-11,12,8.8,78.0,3.2,140.0,7.4
2021-03-11,13,9.2,66.0,3.4,140.0,6.3
2021-03-11,14,9.2,64.0,2.2,180.0,5.2
2021-03-11,15,8.5,66.0,1.8,180.0,6.4
2021-03-11,16,8.1,73.0,2.0,180.0,5.5
2021-03-11,17,8.7,69.0,0.0,0.0,6.4
2021-03-11,18,7.8,78.0,0.0,0.0,5.9
2021-03-11,19,6.5,83.0,0.2,0.0,4.9
2021-03-11,20,7.4,78.0,2.1,290.0,6.4
2021-03-11,21,6.9,80.0,0.9,270.0,5.6
2021-03-11,22,6.0,88.0,3.7,340.0,4.2
2021-03-11,23,5.9,89.0,3.0,320.0,4.0
2021-03-12,0,5.5,92.0,2.8,320.0,3.2
2021-03-12,1,6.1,89.0,4.0,290.0,4.4
2021-03-12,2,5.4,93.0,0.7,270.0,3.3
2021-03-12,3,5.3,91.0,1.9,340.0,4.4
2021-03-12,4,4.4,96.0,3.1,320.0,1.8
2021-03-12,5,4.4,97.0,2.9,320.0,2.6
2021-03-12,6,6.3,76.0,5.1,340.0,9.5
2021-03-12,7,5.7,84.0,2.1,340.0,8.1
2021-03-12,8,6.3,90.0,3.5,360.0,6.4
2021-03-12,9,6.9,89.0,2.6,50.0,6.2
2021-03-12,10,6.8,90.0,3.3,340.0,5.4
2021-03-12,11,8.1,81.0,4.5,360.0,6.0
2021-03-12,12,7.3,86.0,4.0,320.0,5.7
2021-03-12,13,8.5,83.0,5.1,320.0,5.9
2021-03-12,14,7.3,86.0,6.8,320.0,4.6
2021-03-12,15,8.2,81.0,4.3,320.0,5.0
2021-03-12,16,7.0,84.0,6.5,320.0,4.3
2021-03-12,17,6.2,90.0,6.5,320.0,3.2
2021-03-12,18,5.7,92.0,7.0,320.0,2.5
2021-03-12,19,5.5,95.0,5.6,320.0,2.1
2021-03-12,20,6.1,93.0,3.4,340.0,3.4
2021-03-12,21,5.6,93.0,0.8,290.0,3.3
2021-03-12,22,6.3,87.0,1.7,320.0,5.4
2021-03-12,23,6.8,85.0,1.6,270.0,6.1
2021-03-13,0,7.4,80.0,0.0,0.0,7.5
2021-03-13,1,7.2,83.0,0.0,0.0,7.0
2021-03-13,2,8.1,79.0,0.0,0.0,7.3
2021-03-13,3,5.2,90.0,0.0,0.0,5.4
2021-03-13,4,4.9,95.0,2.0,320.0,2.8
2021-03-13,5,4.5,97.0,1.5,320.0,1.6
2021-03-13,6,4.6,98.0,1.8,290.0,1.4
2021-03-13,7,4.9,98.0,1.3,290.0,1.7
2021-03-13,8,6.8,86.0,1.7,200.0,5.9
2021-03-13,9,7.6,76.0,1.7,180.0,5.5
2021-03-13,10,9.1,68.0,1.8,180.0,12.7
2021-03-13,11,9.9,59.0,2.0,180.0,14.8
2021-03-13,12,10.1,60.0,1.2,290.0,9.9
2021-03-13,13,9.3,72.0,1.1,320.0,8.9
2021-03-13,14,9.9,63.0,1.8,270.0,12.4
2021-03-13,15,9.4,59.0,4.2,250.0,15.6
2021-03-13,16,8.3,70.0,3.8,320.0,10.2
2021-03-13,17,7.9,80.0,2.7,320.0,4.4
2021-03-13,18,7.2,81.0,1.0,320.0,4.2
2021-03-13,19,6.0,85.0,2.4,290.0,3.6
2021-03-13,20,5.1,90.0,1.6,290.0,2.8
2021-03-13,21,4.7,94.0,2.4,290.0,2.3
2021-03-13,22,4.6,96.0,2.0,290.0,1.5
2021-03-13,23,4.5,97.0,2.5,290.0,1.3
2021-03-14,0,3.9,97.0,0.0,0.0,1.1
2021-03-14,1,3.5,99.0,0.0,0.0,0.9
2021-03-14,2,3.8,99.0,2.6,290.0,0.6
2021-03-14,3,3.7,99.0,3.1,320.0,0.6
2021-03-14,4,3.8,99.0,3.0,320.0,0.6
2021-03-14,5,3.5,99.0,2.9,320.0,0.1
2021-03-14,6,3.8,99.0,2.5,320.0,0.9
2021-03-14,7,3.6,99.0,2.2,320.0,1.7
2021-03-14,8,4.2,99.0,1.4,290.0,1.6
2021-03-14,9,6.6,98.0,0.8,320.0,6.2
2021-03-14,10,7.9,81.0,0.2,0.0,9.8
2021-03-14,11,9.2,75.0,2.1,90.0,11.2
2021-03-14,12,9.9,69.0,2.0,250.0,10.8
2021-03-14,13,10.1,64.0,0.9,70.0,13.4
2021-03-14,14,11.0,65.0,1.4,70.0,11.8
2021-03-14,15,11.3,61.0,2.9,180.0,13.0
2021-03-14,16,10.3,67.0,2.3,200.0,12.4
2021-03-14,17,9.6,69.0,2.4,200.0,14.1
2021-03-14,18,8.4,77.0,2.6,180.0,10.2
2021-03-14,19,6.8,85.0,2.6,160.0,8.2
2021-03-14,20,6.2,92.0,3.0,180.0,4.6
2021-03-14,21,6.6,96.0,4.6,180.0,2.3
2021-03-14,22,5.1,98.0,1.4,140.0,1.7
2021-03-14,23,5.0,99.0,2.4,140.0,0.2
2021-03-15,0,5.1,99.0,4.2,160.0,0.2
2021-03-15,1,5.1,99.0,4.5,160.0,0.2
2021-03-15,2,5.1,99.0,3.7,140.0,0.2
2021-03-15,3,5.0,99.0,3.4,160.0,0.2
2021-03-15,4,5.0,99.0,4.2,160.0,0.2
2021-03-15,5,4.6,99.0,4.1,140.0,0.2
2021-03-15,6,4.3,99.0,4.8,160.0,0.5
2021-03-15,7,4.2,99.0,4.5,160.0,0.6
2021-03-15,8,4.1,99.0,6.2,140.0,0.5
2021-03-15,9,4.0,99.0,6.1,140.0,0.9
2021-03-15,10,4.3,99.0,5.4,160.0,3.0
2021-03-15,11,4.4,99.0,8.1,140.0,3.4
2021-03-15,12,5.2,99.0,5.6,140.0,6.6
2021-03-15,13,5.5,99.0,5.8,140.0,7.7
2021-03-15,14,6.0,96.0,5.5,140.0,8.9
2021-03-15,15,6.6,91.0,4.0,160.0,9.3
2021-03-15,16,7.4,86.0,3.8,160.0,9.6
2021-03-15,17,7.5,86.0,5.6,160.0,9.0
2021-03-15,18,7.6,87.0,3.9,180.0,8.1
2021-03-15,19,8.6,86.0,3.8,180.0,7.4
2021-03-15,20,8.5,89.0,4.6,200.0,6.5
2021-03-15,21,8.6,92.0,5.8,230.0,5.1
2021-03-15,22,8.9,95.0,5.1,270.0,3.8
2021-03-15,23,6.9,98.0,6.5,320.0,1.1
2021-03-16,0,6.3,99.0,5.6,340.0,6.3
2021-03-16,1,5.9,90.0,5.0,340.0,14.5
2021-03-16,2,5.3,90.0,4.3,340.0,19.2
2021-03-16,3,4.9,83.0,4.7,360.0,25.3
2021-03-16,4,4.7,86.0,5.2,340.0,22.4
2021-03-16,5,5.3,58.0,8.0,360.0,21.5
2021-03-16,6,5.5,49.0,8.9,360.0,20.3
2021-03-16,7,5.5,44.0,8.3,360.0,24.4
2021-03-16,8,5.4,44.0,11.1,340.0,28.2
2021-03-16,9,5.6,39.0,9.4,340.0,27.3
2021-03-16,10,5.8,38.0,8.9,360.0,28.5
2021-03-16,11,5.8,36.0,8.4,360.0,29.3
2021-03-16,12,6.1,37.0,7.6,340.0,31.0
2021-03-16,13,5.9,37.0,9.8,340.0,33.1
2021-03-16,14,5.5,37.0,8.8,340.0,34.0
2021-03-16,15,5.3,35.0,9.5,340.0,36.9
2021-03-16,16,5.1,35.0,10.5,340.0,37.8
2021-03-16,17,5.3,39.0,8.1,340.0,39.4
2021-03-16,18,4.7,44.0,7.4,340.0,37.4
2021-03-16,19,4.5,46.0,7.6,340.0,38.1
2021-03-16,20,4.9,43.0,5.3,340.0,38.5
2021-03-16,21,5.0,52.0,4.0,340.0,37.5
2021-03-16,22,4.5,65.0,3.9,320.0,33.3
2021-03-16,23,4.7,70.0,4.1,320.0,33.8
2021-03-17,0,4.7,81.0,4.9,320.0,31.7
2021-03-17,1,5.2,70.0,5.2,340.0,37.8
2021-03-17,2,5.2,50.0,5.8,360.0,34.9
2021-03-17,3,4.7,55.0,5.3,360.0,34.0
2021-03-17,4,4.1,62.0,4.8,340.0,31.0
2021-03-17,5,3.8,70.0,2.7,360.0,31.4
2021-03-17,6,2.8,67.0,3.2,360.0,33.6
2021-03-17,7,3.7,58.0,1.9,20.0,36.5
2021-03-17,8,4.1,65.0,1.5,340.0,36.7
2021-03-17,9,5.5,52.0,3.5,340.0,39.3
2021-03-17,10,6.6,43.0,3.5,360.0,41.0
2021-03-17,11,7.0,48.0,4.0,340.0,42.8
2021-03-17,12,7.0,50.0,4.8,340.0,39.3
2021-03-17,13,7.2,44.0,6.5,340.0,41.5
2021-03-17,14,7.6,39.0,6.4,340.0,43.6
2021-03-17,15,8.0,39.0,5.1,340.0,41.0
2021-03-17,16,7.5,40.0,4.7,320.0,36.9
2021-03-17,17,6.2,51.0,7.7,320.0,39.7
2021-03-17,18,5.5,60.0,6.2,320.0,37.4
2021-03-17,19,4.9,69.0,5.5,290.0,40.5
2021-03-17,20,5.1,70.0,5.4,340.0,35.2
2021-03-17,21,4.9,74.0,4.4,320.0,31.2
2021-03-17,22,6.1,49.0,3.5,320.0,39.6
2021-03-17,23,5.6,60.0,4.6,320.0,40.1
2021-03-18,0,6.1,51.0,5.3,320.0,37.0
2021-03-18,1,6.4,46.0,5.2,340.0,36.6
2021-03-18,2,6.3,44.0,2.4,340.0,36.0
2021-03-18,3,4.9,57.0,0.2,0.0,34.8
2021-03-18,4,5.2,57.0,2.7,320.0,33.1
2021-03-18,5,3.3,71.0,2.2,320.0,31.2
2021-03-18,6,4.1,73.0,2.0,320.0,29.9
2021-03-18,7,4.7,65.0,1.1,270.0,32.8
2021-03-18,8,6.2,45.0,0.0,0.0,39.1
2021-03-18,9,7.6,57.0,0.0,0.0,34.5
2021-03-18,10,9.1,50.0,0.0,0.0,35.7
2021-03-18,11,9.1,59.0,1.3,90.0,27.4
2021-03-18,12,10.1,44.0,2.2,340.0,34.6
2021-03-18,13,10.7,41.0,2.9,340.0,37.3
2021-03-18,14,10.0,38.0,3.6,290.0,33.0
2021-03-18,15,8.1,62.0,4.4,340.0,29.6
2021-03-18,16,7.2,64.0,4.7,340.0,29.6
2021-03-18,17,6.9,55.0,3.8,320.0,31.2
2021-03-18,18,6.6,52.0,5.5,340.0,25.3
2021-03-18,19,6.8,54.0,2.6,320.0,25.7
2021-03-18,20,7.5,47.0,4.2,360.0,26.6
2021-03-18,21,7.4,42.0,3.2,360.0,34.4
2021-03-18,22,8.0,40.0,2.8,20.0,31.9
2021-03-18,23,8.2,42.0,1.1,360.0,27.6
2021-03-19,0,7.0,52.0,0.0,0.0,29.6
2021-03-19,1,6.2,78.0,3.3,320.0,35.7
2021-03-19,2,6.5,71.0,1.7,290.0,37.0
2021-03-19,3,6.3,73.0,2.2,290.0,36.0
2021-03-19,4,6.9,72.0,2.9,320.0,35.2
2021-03-19,5,5.7,81.0,0.0,0.0,32.1
2021-03-19,6,5.0,83.0,1.6,290.0,29.9
2021-03-19,7,5.4,75.0,2.0,320.0,30.7
2021-03-19,8,7.0,67.0,0.0,0.0,31.0
2021-03-19,9,10.5,43.0,1.0,90.0,32.2
2021-03-19,10,10.6,47.0,1.6,90.0,25.6
2021-03-19,11,12.1,44.0,2.0,70.0,22.5
2021-03-19,12,13.3,45.0,2.4,110.0,19.6
2021-03-19,13,12.8,48.0,2.7,110.0,16.8
2021-03-19,14,11.7,41.0,3.3,180.0,22.9
2021-03-19,15,11.5,38.0,3.4,180.0,25.1
2021-03-19,16,11.6,41.0,1.5,180.0,17.7
2021-03-19,17,9.1,61.0,1.9,340.0,16.2
2021-03-19,18,8.8,63.0,0.0,0.0,17.0
2021-03-19,19,8.1,59.0,0.0,0.0,17.0
2021-03-19,20,7.5,77.0,0.0,0.0,16.4
2021-03-19,21,6.8,84.0,0.0,0.0,19.5
2021-03-19,22,6.6,85.0,0.3,0.0,14.1
2021-03-19,23,7.4,69.0,0.0,0.0,22.5
2021-03-20,0,7.5,62.0,0.8,90.0,29.1
2021-03-20,1,7.5,60.0,0.0,0.0,30.8
2021-03-20,2,7.4,69.0,0.0,0.0,23.8
2021-03-20,3,7.4,61.0,1.7,230.0,26.0
2021-03-20,4,6.0,85.0,0.0,0.0,18.9
2021-03-20,5,6.2,79.0,1.4,180.0,23.2
2021-03-20,6,5.6,88.0,1.9,290.0,20.6
2021-03-20,7,5.6,86.0,2.3,340.0,12.6
2021-03-20,8,5.2,90.0,4.9,340.0,8.4
2021-03-20,9,4.7,92.0,3.4,360.0,8.4
2021-03-20,10,5.3,92.0,0.0,0.0,12.1
2021-03-20,11,5.7,90.0,2.0,320.0,16.1
2021-03-20,12,7.5,81.0,1.4,290.0,26.1
2021-03-20,13,6.6,81.0,4.2,320.0,23.6
2021-03-20,14,5.6,91.0,5.1,290.0,7.0
2021-03-20,15,4.9,92.0,6.4,320.0,6.0
2021-03-20,16,4.8,90.0,6.4,320.0,7.0
2021-03-20,17,4.7,88.0,6.2,320.0,6.6
2021-03-20,18,4.9,89.0,5.8,320.0,6.9
2021-03-20,19,4.9,91.0,6.3,320.0,7.4
2021-03-20,20,5.0,90.0,3.2,340.0,7.3
2021-03-20,21,4.9,91.0,4.6,320.0,7.3
2021-03-20,22,5.2,91.0,5.0,290.0,7.7
2021-03-20,23,5.1,92.0,5.9,290.0,6.7
2021-03-21,0,5.0,93.0,7.1,290.0,6.3
2021-03-21,1,4.9,94.0,6.8,320.0,5.4
2021-03-21,2,4.9,94.0,4.9,320.0,5.1
2021-03-21,3,4.6,95.0,4.3,290.0,4.8
2021-03-21,4,4.8,94.0,6.6,320.0,6.1
2021-03-21,5,4.7,93.0,5.4,320.0,6.6
2021-03-21,6,4.8,90.0,4.5,320.0,6.6
2021-03-21,7,4.6,89.0,6.6,320.0,10.2
2021-03-21,8,4.7,90.0,5.5,340.0,12.4
2021-03-21,9,5.3,73.0,8.1,320.0,16.5
2021-03-21,10,5.6,54.0,9.0,320.0,43.4
2021-03-21,11,5.7,53.0,9.0,320.0,33.5
2021-03-21,12,5.6,55.0,11.0,320.0,41.7
2021-03-21,13,5.8,58.0,10.0,320.0,42.5
2021-03-21,14,5.6,56.0,10.9,320.0,38.0
2021-03-21,15,6.2,55.0,9.0,320.0,40.6
2021-03-21,16,6.1,56.0,9.4,320.0,39.2
2021-03-21,17,5.5,58.0,9.2,320.0,35.4
2021-03-21,18,4.9,56.0,9.1,320.0,35.0
2021-03-21,19,4.5,59.0,8.3,320.0,35.3
2021-03-21,20,4.6,57.0,7.7,320.0,37.2
2021-03-21,21,4.4,58.0,5.8,320.0,38.9
2021-03-21,22,4.5,63.0,5.0,320.0,38.9
2021-03-21,23,4.9,55.0,9.6,320.0,39.0
2021-03-22,0,4.9,58.0,7.7,320.0,38.4
2021-03-22,1,4.8,56.0,7.6,320.0,39.7
2021-03-22,2,4.6,65.0,5.1,290.0,35.8
2021-03-22,3,4.3,67.0,4.9,290.0,32.5
2021-03-22,4,3.6,71.0,2.6,270.0,33.3
2021-03-22,5,4.0,74.0,3.1,270.0,33.8
2021-03-22,6,4.4,75.0,4.6,270.0,34.3
2021-03-22,7,4.5,77.0,3.9,270.0,29.9
2021-03-22,8,5.7,77.0,4.3,270.0,25.9
2021-03-22,9,6.7,77.0,3.7,290.0,27.6
2021-03-22,10,7.4,56.0,3.0,290.0,32.9
2021-03-22,11,8.0,50.0,3.8,320.0,35.9
2021-03-22,12,8.2,61.0,5.7,320.0,30.0
2021-03-22,13,9.1,54.0,5.7,320.0,30.4
2021-03-22,14,8.0,70.0,6.4,320.0,25.9
2021-03-22,15,7.9,70.0,6.1,290.0,24.7
2021-03-22,16,7.6,72.0,5.1,320.0,23.5
2021-03-22,17,7.5,69.0,5.2,290.0,23.6
2021-03-22,18,7.0,69.0,3.7,290.0,22.7
2021-03-22,19,5.8,67.0,2.7,270.0,25.9
2021-03-22,20,5.3,82.0,3.0,270.0,20.8
2021-03-22,21,6.1,57.0,3.0,250.0,30.9
2021-03-22,22,5.6,68.0,3.3,230.0,25.9
2021-03-22,23,5.8,82.0,4.8,200.0,18.4
2021-03-23,0,6.2,77.0,5.2,200.0,18.8
2021-03-23,1,6.2,80.0,3.5,200.0,17.1
2021-03-23,2,6.1,87.0,3.2,200.0,12.7
2021-03-23,3,6.1,88.0,3.1,160.0,11.9
2021-03-23,4,5.4,91.0,2.0,140.0,10.6
2021-03-23,5,5.0,97.0,2.5,110.0,5.2
2021-03-23,6,6.1,91.0,1.8,140.0,9.2
2021-03-23,7,5.8,94.0,1.9,110.0,7.8
2021-03-23,8,6.9,93.0,1.7,110.0,10.4
2021-03-23,9,7.9,89.0,2.8,90.0,10.8
2021-03-23,10,10.2,71.0,4.5,160.0,16.9
2021-03-23,11,10.5,71.0,4.8,180.0,16.1
2021-03-23,12,12.0,54.0,5.8,180.0,18.5
2021-03-23,13,12.8,47.0,6.1,250.0,20.0
2021-03-23,14,12.2,49.0,6.4,230.0,17.5
2021-03-23,15,11.4,59.0,6.2,230.0,19.4
2021-03-23,16,10.6,64.0,6.4,200.0,20.4
2021-03-23,17,10.5,65.0,5.8,200.0,20.7
2021-03-23,18,9.2,71.0,7.5,200.0,21.2
2021-03-23,19,8.5,78.0,6.9,200.0,20.8
2021-03-23,20,8.5,78.0,6.6,200.0,18.2
2021-03-23,21,8.2,81.0,5.4,200.0,14.5
2021-03-23,22,8.1,81.0,5.0,180.0,14.2
2021-03-23,23,8.1,78.0,4.2,180.0,15.3
2021-03-24,0,8.4,76.0,6.6,180.0,16.2
2021-03-24,1,8.3,79.0,5.9,180.0,15.5
2021-03-24,2,8.2,83.0,5.4,180.0,12.9
2021-03-24,3,7.9,85.0,6.0,160.0,12.6
2021-03-24,4,7.4,89.0,3.9,160.0,10.7
2021-03-24,5,7.2,93.0,4.9,160.0,9.3
2021-03-24,6,7.0,96.0,5.6,160.0,9.0
2021-03-24,7,6.6,96.0,4.5,160.0,8.3
2021-03-24,8,7.4,94.0,5.7,160.0,14.2
2021-03-24,9,8.4,91.0,4.3,160.0,19.1
2021-03-24,10,9.8,85.0,4.2,160.0,24.4
2021-03-24,11,10.2,80.0,3.8,140.0,25.0
2021-03-24,12,10.8,80.0,5.7,160.0,26.9
2021-03-24,13,11.0,77.0,3.7,160.0,29.8
2021-03-24,14,10.7,79.0,3.9,160.0,22.0
2021-03-24,15,10.3,83.0,4.7,180.0,26.6
2021-03-24,16,9.6,88.0,4.9,180.0,27.9
2021-03-24,17,9.2,90.0,4.4,200.0,26.4
2021-03-24,18,8.0,93.0,5.0,200.0,23.6
2021-03-24,19,7.1,95.0,1.9,90.0,17.1
2021-03-24,20,7.6,96.0,0.8,110.0,18.8
2021-03-24,21,7.2,97.0,2.4,110.0,18.5
2021-03-24,22,7.9,97.0,1.7,140.0,10.0
2021-03-24,23,7.7,98.0,1.5,140.0,9.1
2021-03-25,0,7.7,99.0,0.7,160.0,4.8
2021-03-25,1,7.4,99.0,0.0,0.0,3.0
2021-03-25,2,7.5,99.0,0.0,0.0,6.9
2021-03-25,3,7.2,99.0,0.7,110.0,4.8
2021-03-25,4,7.0,99.0,2.2,140.0,5.8
2021-03-25,5,6.6,98.0,1.8,110.0,4.8
2021-03-25,6,6.4,98.0,2.2,140.0,4.7
2021-03-25,7,6.2,98.0,1.6,110.0,3.6
2021-03-25,8,6.3,98.0,1.7,110.0,4.3
2021-03-25,9,6.7,96.0,1.8,140.0,6.4
2021-03-25,10,7.3,94.0,2.3,140.0,7.2
2021-03-25,11,7.0,93.0,3.6,160.0,7.8
2021-03-25,12,7.7,88.0,4.2,180.0,9.3
2021-03-25,13,8.4,88.0,4.3,160.0,8.8
2021-03-25,14,9.7,79.0,2.7,180.0,10.4
2021-03-25,15,8.6,84.0,2.4,180.0,9.1
2021-03-25,16,9.1,84.0,0.3,0.0,9.6
2021-03-25,17,8.0,85.0,1.7,90.0,8.7
2021-03-25,18,6.7,89.0,3.2,200.0,7.0
2021-03-25,19,5.2,96.0,2.6,180.0,3.4
2021-03-25,20,4.8,98.0,2.5,160.0,0.8
2021-03-25,21,4.8,99.0,0.4,0.0,1.6
2021-03-25,22,4.5,99.0,0.5,110.0,0.5
2021-03-25,23,4.2,99.0,1.7,160.0,0.4
2021-03-26,0,3.6,99.0,2.1,160.0,0.3
2021-03-26,1,3.6,99.0,1.9,160.0,0.4
2021-03-26,2,3.0,99.0,1.5,160.0,0.4
2021-03-26,3,3.1,99.0,2.4,140.0,0.3
2021-03-26,4,3.2,99.0,2.5,140.0,0.5
2021-03-26,5,3.3,99.0,3.8,140.0,0.3
2021-03-26,6,3.1,99.0,3.8,140.0,0.3
2021-03-26,7,3.3,99.0,4.4,140.0,0.8
2021-03-26,8,3.6,99.0,4.8,140.0,0.9
2021-03-26,9,4.0,99.0,5.0,140.0,2.7
2021-03-26,10,4.4,99.0,6.7,140.0,4.0
2021-03-26,11,4.7,99.0,6.2,140.0,5.0
2021-03-26,12,5.6,99.0,6.0,140.0,8.1
2021-03-26,13,6.0,96.0,5.1,140.0,9.0
2021-03-26,14,6.8,89.0,5.0,160.0,10.8
2021-03-26,15,6.8,88.0,4.5,160.0,9.6
2021-03-26,16,7.3,88.0,5.5,160.0,9.9
2021-03-26,17,7.5,88.0,3.9,160.0,9.9
2021-03-26,18,6.9,86.0,3.0,180.0,9.5
2021-03-26,19,7.1,83.0,1.1,180.0,10.0
2021-03-26,20,6.4,91.0,1.6,180.0,4.2
2021-03-26,21,6.4,91.0,0.3,0.0,7.5
2021-03-26,22,5.8,96.0,3.9,180.0,4.2
2021-03-26,23,4.6,97.0,1.2,110.0,2.7
2021-03-27,0,4.6,99.0,3.0,110.0,5.5
2021-03-27,1,5.2,99.0,3.0,110.0,4.7
2021-03-27,2,5.5,99.0,3.7,160.0,4.4
2021-03-27,3,6.8,88.0,2.9,140.0,9.6
2021-03-27,4,6.8,95.0,4.3,110.0,4.7
2021-03-27,5,7.7,81.0,4.6,110.0,9.2
2021-03-27,6,7.3,90.0,4.8,90.0,7.0
2021-03-27,7,7.7,90.0,3.3,110.0,7.3
2021-03-27,8,7.4,94.0,4.2,90.0,4.4
2021-03-27,9,7.5,96.0,3.3,110.0,2.8
2021-03-27,10,7.5,98.0,4.0,110.0,2.2
2021-03-27,11,7.8,99.0,5.4,110.0,2.0
2021-03-27,12,7.9,99.0,6.2,90.0,1.4
2021-03-27,13,7.9,99.0,5.6,110.0,2.0
2021-03-27,14,7.8,99.0,6.4,90.0,2.4
2021-03-27,15,7.7,99.0,4.7,110.0,1.3
2021-03-27,16,7.9,99.0,6.2,110.0,2.0
2021-03-27,17,8.9,99.0,6.7,110.0,7.5
2021-03-27,18,9.2,99.0,6.6,110.0,8.0
2021-03-27,19,9.1,99.0,6.1,140.0,2.8
2021-03-27,20,9.0,99.0,4.7,110.0,2.3
2021-03-27,21,9.4,99.0,5.9,110.0,1.0
2021-03-27,22,9.2,99.0,4.6,110.0,0.5
2021-03-27,23,9.2,99.0,3.8,110.0,0.7
2021-03-28,0,9.1,99.0,2.0,110.0,0.7
2021-03-28,1,9.1,99.0,0.0,0.0,0.9
2021-03-28,2,8.2,99.0,2.1,290.0,0.3
2021-03-28,3,7.9,99.0,2.8,290.0,0.5
2021-03-28,4,6.7,99.0,6.0,290.0,0.3
2021-03-28,5,6.4,99.0,6.0,320.0,0.4
2021-03-28,6,6.5,99.0,6.2,320.0,0.2
2021-03-28,7,6.6,99.0,5.1,320.0,0.2
2021-03-28,8,6.6,99.0,5.2,290.0,1.8
2021-03-28,9,6.9,99.0,5.3,290.0,3.5
2021-03-28,10,7.6,99.0,4.5,290.0,7.1
2021-03-28,11,9.0,99.0,2.7,230.0,24.0
2021-03-28,12,9.2,94.0,4.6,230.0,27.0
2021-03-28,13,8.6,93.0,5.4,200.0,20.7
2021-03-28,14,8.2,94.0,3.9,200.0,14.5
2021-03-28,15,8.1,95.0,5.8,200.0,11.0
2021-03-28,16,7.7,97.0,3.7,180.0,6.4
2021-03-28,17,8.1,98.0,3.8,160.0,6.7
2021-03-28,18,7.8,97.0,4.5,160.0,5.5
2021-03-28,19,7.7,98.0,5.5,180.0,4.0
2021-03-28,20,7.5,99.0,2.8,140.0,4.0
2021-03-28,21,8.5,99.0,3.0,230.0,0.3
2021-03-28,22,8.4,99.0,5.8,290.0,1.6
2021-03-28,23,8.0,99.0,6.2,290.0,1.1
2021-03-29,0,7.3,99.0,5.7,290.0,1.0
2021-03-29,1,6.8,99.0,5.4,320.0,0.1
2021-03-29,2,6.4,99.0,3.4,320.0,0.1
2021-03-29,3,6.4,99.0,2.0,320.0,0.1
2021-03-29,4,6.3,99.0,1.0,320.0,0.5
2021-03-29,5,5.7,99.0,1.4,320.0,0.1
2021-03-29,6,5.3,99.0,2.8,290.0,1.9
2021-03-29,7,5.2,99.0,2.0,290.0,2.6
2021-03-29,8,6.8,99.0,2.0,290.0,3.9
2021-03-29,9,8.5,79.0,3.6,320.0,5.2
2021-03-29,10,10.6,48.0,3.3,290.0,6.3
2021-03-29,11,12.1,43.0,3.7,290.0,9.2
2021-03-29,12,11.7,42.0,4.5,290.0,9.4
2021-03-29,13,11.9,38.0,3.8,290.0,13.7
2021-03-29,14,10.0,63.0,4.6,290.0,10.0
2021-03-29,15,10.2,60.0,4.5,290.0,13.9
2021-03-29,16,9.8,56.0,4.2,290.0,19.8
2021-03-29,17,9.6,45.0,3.9,290.0,26.2
2021-03-29,18,9.6,43.0,2.0,320.0,34.9
2021-03-29,19,8.0,39.0,2.8,290.0,37.2
2021-03-29,20,7.3,39.0,2.8,290.0,38.2
2021-03-29,21,7.4,28.0,1.6,270.0,43.6
2021-03-29,22,7.5,31.0,0.0,0.0,39.1
2021-03-29,23,6.6,36.0,1.9,290.0,37.9
2021-03-30,0,7.4,27.0,0.7,290.0,42.0
2021-03-30,1,7.5,32.0,1.4,320.0,41.9
2021-03-30,2,6.4,39.0,0.0,0.0,37.8
2021-03-30,3,5.8,46.0,3.3,320.0,37.3
2021-03-30,4,6.3,56.0,2.9,290.0,31.6
2021-03-30,5,5.9,67.0,3.5,290.0,28.7
2021-03-30,6,5.5,71.0,3.1,290.0,30.3
2021-03-30,7,5.7,64.0,2.5,290.0,36.2
2021-03-30,8,8.2,52.0,0.9,290.0,36.6
2021-03-30,9,9.7,34.0,3.6,290.0,41.6
2021-03-30,10,10.5,28.0,4.3,320.0,41.3
2021-03-30,11,12.0,20.0,3.4,340.0,43.1
2021-03-30,12,12.8,15.0,3.6,340.0,44.6
2021-03-30,13,12.3,18.0,5.0,320.0,44.4
2021-03-30,14,12.6,18.0,3.6,290.0,42.0
2021-03-30,15,12.8,18.0,3.7,290.0,35.6
2021-03-30,16,12.5,19.0,2.8,290.0,35.2
2021-03-30,17,12.0,23.0,2.3,290.0,34.1
2021-03-30,18,10.7,29.0,2.1,290.0,36.4
2021-03-30,19,8.5,46.0,0.1,0.0,31.2
2021-03-30,20,8.4,32.0,0.0,0.0,33.0
2021-03-30,21,7.9,37.0,0.0,0.0,18.1
2021-03-30,22,7.3,32.0,0.0,0.0,32.3
2021-03-30,23,7.6,38.0,0.0,0.0,30.1
2021-03-31,0,8.2,23.0,0.0,0.0,32.1
2021-03-31,1,7.1,23.0,0.0,0.0,32.3
2021-03-31,2,8.1,25.0,0.1,0.0,35.6
2021-03-31,3,8.4,14.0,0.0,0.0,37.5
2021-03-31,4,7.4,38.0,1.9,340.0,43.5
2021-03-31,5,7.9,29.0,0.0,0.0,39.0
2021-03-31,6,8.8,15.0,0.0,0.0,22.0
2021-03-31,7,6.2,70.0,2.1,90.0,28.8
2021-03-31,8,8.3,61.0,1.7,90.0,27.7
2021-03-31,9,10.6,54.0,0.9,140.0,28.0
2021-03-31,10,11.9,32.0,1.7,90.0,30.2
2021-03-31,11,13.1,28.0,2.8,90.0,20.0
2021-03-31,12,15.6,19.0,2.8,180.0,29.2
2021-03-31,13,16.3,16.0,0.6,140.0,30.9
2021-03-31,14,16.6,17.0,1.5,340.0,30.9
2021-03-31,15,13.5,22.0,4.0,320.0,31.1
2021-03-31,16,14.0,20.0,4.0,320.0,33.8
2021-03-31,17,12.5,21.0,4.8,290.0,31.6
2021-03-31,18,11.4,33.0,3.0,320.0,31.9
2021-03-31,19,9.2,48.0,3.0,320.0,25.5
2021-03-31,20,10.2,36.0,3.4,320.0,29.6
2021-03-31,21,10.1,33.0,1.9,320.0,32.3
2021-03-31,22,11.8,21.0,2.1,360.0,38.2
2021-03-31,23,13.4,17.0,1.8,20.0,38.4
2021-04-01,0,13.1,16.0,2.4,50.0,39.0
2021-04-01,1,14.2,11.0,2.7,20.0,39.9
2021-04-01,2,13.1,14.0,2.5,360.0,39.9
2021-04-01,3,12.8,12.0,1.9,20.0,42.6
2021-04-01,4,12.9,14.0,2.9,20.0,40.8
2021-04-01,5,13.3,14.0,2.4,20.0,39.4
2021-04-01,6,10.0,37.0,2.6,70.0,36.1
2021-04-01,7,10.7,36.0,2.2,110.0,33.0
2021-04-01,8,11.3,44.0,2.8,110.0,27.8
2021-04-01,9,13.1,33.0,3.7,90.0,29.1
2021-04-01,10,15.0,32.0,3.3,110.0,28.7
2021-04-01,11,16.5,28.0,7.8,110.0,37.1
2021-04-01,12,18.1,26.0,6.4,110.0,38.4
2021-04-01,13,17.6,23.0,6.3,110.0,37.7
2021-04-01,14,18.5,20.0,6.3,110.0,37.8
2021-04-01,15,18.7,22.0,6.5,140.0,35.5
2021-04-01,16,18.9,24.0,5.9,140.0,38.9
2021-04-01,17,18.5,24.0,5.1,160.0,37.7
2021-04-01,18,16.5,24.0,3.8,180.0,37.2
2021-04-01,19,16.4,23.0,3.3,160.0,34.5
2021-04-01,20,15.3,26.0,1.8,110.0,32.1
2021-04-01,21,14.5,31.0,1.5,70.0,31.9
2021-04-01,22,14.5,33.0,0.0,0.0,34.2
2021-04-01,23,13.6,39.0,1.1,110.0,33.9
2021-04-02,0,15.0,29.0,7.0,140.0,40.7
2021-04-02,1,13.6,44.0,4.4,110.0,37.6
2021-04-02,2,13.6,52.0,5.6,110.0,34.0
2021-04-02,3,13.9,45.0,6.2,110.0,33.8
2021-04-02,4,12.8,46.0,5.8,110.0,34.2
2021-04-02,5,12.4,45.0,4.3,110.0,36.6
2021-04-02,6,13.0,37.0,6.4,110.0,37.0
2021-04-02,7,12.2,43.0,5.1,110.0,36.5
2021-04-02,8,12.9,39.0,5.4,140.0,36.0
2021-04-02,9,13.4,39.0,4.1,110.0,34.0
2021-04-02,10,15.4,33.0,5.8,110.0,40.0
2021-04-02,11,15.3,34.0,4.4,110.0,40.7
2021-04-02,12,15.3,32.0,4.5,140.0,39.4
2021-04-02,13,14.8,32.0,5.1,140.0,38.1
2021-04-02,14,15.0,31.0,4.3,140.0,39.3
2021-04-02,15,16.2,29.0,2.6,140.0,38.0
2021-04-02,16,15.9,32.0,1.9,140.0,40.0
2021-04-02,17,15.5,36.0,0.0,0.0,38.5
2021-04-02,18,12.7,48.0,1.8,290.0,36.3
2021-04-02,19,13.0,48.0,0.0,0.0,35.3
2021-04-02,20,13.2,43.0,0.0,0.0,32.9
2021-04-02,21,13.0,48.0,2.4,340.0,34.8
2021-04-02,22,12.5,51.0,2.2,340.0,37.6
2021-04-02,23,11.1,63.0,3.2,340.0,28.1
2021-04-03,0,9.9,70.0,4.5,340.0,34.6
2021-04-03,1,8.4,83.0,5.3,340.0,33.8
2021-04-03,2,7.7,90.0,6.3,360.0,19.0
2021-04-03,3,7.9,92.0,6.1,360.0,29.9
2021-04-03,4,8.2,96.0,4.4,360.0,25.4
2021-04-03,5,8.5,97.0,4.7,360.0,20.7
2021-04-03,6,9.8,98.0,3.7,20.0,5.1
2021-04-03,7,9.4,98.0,4.3,70.0,4.5
2021-04-03,8,9.7,99.0,3.9,50.0,4.9
2021-04-03,9,9.1,99.0,4.5,70.0,2.8
2021-04-03,10,9.8,99.0,2.7,90.0,1.7
2021-04-03,11,9.7,99.0,2.0,360.0,1.1
2021-04-03,12,8.0,99.0,5.9,360.0,8.1
2021-04-03,13,8.2,99.0,7.1,360.0,4.5
2021-04-03,14,8.0,99.0,7.4,340.0,15.1
2021-04-03,15,8.0,99.0,6.3,340.0,16.1
2021-04-03,16,8.3,99.0,8.0,340.0,15.5
2021-04-03,17,8.2,99.0,4.3,360.0,36.4
2021-04-03,18,8.2,97.0,6.0,340.0,27.1
2021-04-03,19,9.0,94.0,6.2,340.0,44.1
2021-04-03,20,9.2,90.0,4.8,340.0,48.0
2021-04-03,21,8.0,92.0,7.5,340.0,35.1
2021-04-03,22,8.1,92.0,9.3,360.0,36.6
2021-04-03,23,8.8,90.0,7.5,340.0,42.6
2021-04-04,0,8.5,88.0,9.2,360.0,45.1
2021-04-04,1,8.3,82.0,7.6,340.0,41.5
2021-04-04,2,8.2,80.0,8.2,340.0,38.1
2021-04-04,3,8.0,76.0,5.7,340.0,38.0
2021-04-04,4,7.6,78.0,5.9,340.0,39.2
2021-04-04,5,7.1,76.0,5.1,340.0,43.0
2021-04-04,6,7.0,71.0,1.7,320.0,46.5
2021-04-04,7,7.0,67.0,6.3,360.0,47.9
2021-04-04,8,7.1,65.0,6.2,340.0,46.6
2021-04-04,9,7.8,61.0,7.1,340.0,43.0
2021-04-04,10,7.9,63.0,6.7,340.0,39.7
2021-04-04,11,8.7,59.0,7.3,340.0,38.5
2021-04-04,12,8.9,60.0,6.4,340.0,39.4
2021-04-04,13,8.6,62.0,8.2,340.0,35.6
2021-04-04,14,8.4,57.0,8.9,340.0,37.1
2021-04-04,15,9.1,54.0,8.1,340.0,41.6
2021-04-04,16,9.1,52.0,6.7,340.0,43.8
2021-04-04,17,8.7,56.0,6.6,340.0,44.5
2021-04-04,18,8.3,59.0,3.8,340.0,42.2
2021-04-04,19,6.9,75.0,3.0,290.0,47.0
2021-04-04,20,7.0,72.0,4.7,320.0,48.9
2021-04-04,21,7.1,69.0,3.9,320.0,47.6
2021-04-04,22,6.6,73.0,2.7,340.0,40.0
2021-04-04,23,7.1,70.0,3.9,340.0,42.2
2021-04-05,0,7.6,64.0,4.3,320.0,42.4
2021-04-05,1,8.0,57.0,3.4,340.0,46.1
2021-04-05,2,6.7,74.0,3.1,320.0,42.2
2021-04-05,3,6.1,82.0,2.3,290.0,36.7
2021-04-05,4,6.0,83.0,2.9,270.0,35.3
2021-04-05,5,5.8,86.0,3.2,290.0,27.7
2021-04-05,6,5.6,88.0,3.7,320.0,21.9
2021-04-05,7,6.2,83.0,3.5,320.0,23.4
2021-04-05,8,8.1,69.0,1.0,340.0,30.0
2021-04-05,9,10.3,37.0,2.2,340.0,47.1
2021-04-05,10,12.4,28.0,1.8,90.0,47.0
2021-04-05,11,13.6,20.0,2.7,90.0,48.9
2021-04-05,12,13.6,22.0,2.7,110.0,49.4
2021-04-05,13,12.9,23.0,3.7,200.0,48.5
2021-04-05,14,13.8,26.0,2.3,180.0,48.4
2021-04-05,15,13.8,22.0,3.5,230.0,49.5
2021-04-05,16,13.5,26.0,2.9,230.0,47.4
2021-04-05,17,12.0,28.0,1.4,250.0,45.6
2021-04-05,18,10.2,54.0,2.5,320.0,38.2
2021-04-05,19,8.4,73.0,1.9,290.0,31.8
2021-04-05,20,8.3,54.0,3.4,290.0,34.9
2021-04-05,21,8.0,46.0,0.5,290.0,37.5
2021-04-05,22,8.9,34.0,0.0,0.0,38.3
2021-04-05,23,8.9,28.0,0.0,0.0,43.9
2021-04-06,0,8.0,28.0,0.0,0.0,44.8
2021-04-06,1,8.7,22.0,0.0,0.0,39.4
2021-04-06,2,8.6,28.0,1.5,290.0,36.1
2021-04-06,3,8.4,47.0,0.0,0.0,30.8
2021-04-06,4,8.3,51.0,0.0,0.0,29.1
2021-04-06,5,7.8,59.0,1.8,320.0,24.6
2021-04-06,6,8.5,57.0,0.0,0.0,20.9
2021-04-06,7,7.9,61.0,0.0,0.0,21.1
2021-04-06,8,10.9,54.0,2.9,290.0,19.1
2021-04-06,9,11.3,55.0,3.7,320.0,17.8
2021-04-06,10,13.4,42.0,4.3,290.0,20.4
2021-04-06,11,15.2,37.0,4.5,290.0,20.4
2021-04-06,12,13.1,47.0,6.1,320.0,16.7
2021-04-06,13,13.2,53.0,5.0,290.0,15.9
2021-04-06,14,12.8,52.0,6.3,290.0,14.4
2021-04-06,15,16.1,38.0,3.9,290.0,19.2
2021-04-06,16,15.6,34.0,4.7,290.0,19.4
2021-04-06,17,14.5,39.0,5.0,290.0,21.0
2021-04-06,18,13.4,40.0,6.5,290.0,19.5
2021-04-06,19,10.1,67.0,4.9,290.0,15.0
2021-04-06,20,9.6,70.0,5.4,290.0,15.1
2021-04-06,21,9.6,71.0,5.4,290.0,15.3
2021-04-06,22,9.3,73.0,4.7,290.0,16.0
2021-04-06,23,9.5,69.0,4.6,320.0,19.1
2021-04-07,0,8.7,75.0,4.1,290.0,18.3
2021-04-07,1,9.1,71.0,4.0,290.0,19.9
2021-04-07,2,8.4,75.0,3.8,320.0,17.7
2021-04-07,3,8.0,79.0,5.0,290.0,15.4
2021-04-07,4,8.1,80.0,5.6,290.0,14.2
2021-04-07,5,7.9,80.0,5.0,320.0,13.6
2021-04-07,6,7.3,84.0,4.8,320.0,11.1
2021-04-07,7,7.6,84.0,3.5,320.0,11.1
2021-04-07,8,9.0,77.0,4.3,290.0,13.9
2021-04-07,9,9.9,72.0,5.1,290.0,15.8
2021-04-07,10,10.7,68.0,5.2,290.0,15.4
2021-04-07,11,10.9,67.0,6.2,320.0,13.9
2021-04-07,12,11.6,59.0,5.6,320.0,18.4
2021-04-07,13,12.8,46.0,4.3,320.0,26.4
2021-04-07,14,13.2,46.0,3.4,290.0,30.0
2021-04-07,15,12.6,50.0,3.8,290.0,26.5
2021-04-07,16,13.7,30.0,3.6,340.0,36.5
2021-04-07,17,10.7,51.0,4.2,320.0,31.8
2021-04-07,18,10.4,50.0,3.6,320.0,35.7
2021-04-07,19,9.4,52.0,3.9,320.0,38.8
2021-04-07,20,9.2,48.0,4.2,290.0,39.3
2021-04-07,21,9.2,47.0,4.5,320.0,38.7
2021-04-07,22,7.8,69.0,3.9,320.0,41.8
2021-04-07,23,9.0,56.0,7.1,320.0,40.4
2021-04-08,0,8.5,62.0,6.2,320.0,34.7
2021-04-08,1,7.5,67.0,3.2,320.0,35.0
2021-04-08,2,7.6,58.0,4.1,340.0,33.5
2021-04-08,3,7.3,60.0,4.2,340.0,31.6
2021-04-08,4,6.6,70.0,2.8,320.0,30.3
2021-04-08,5,6.7,71.0,4.3,320.0,32.2
2021-04-08,6,6.7,78.0,4.0,360.0,37.3
2021-04-08,7,7.5,61.0,3.5,320.0,44.9
2021-04-08,8,8.1,55.0,6.0,340.0,41.5
2021-04-08,9,8.6,52.0,6.9,340.0,40.4
2021-04-08,10,9.0,54.0,7.6,340.0,41.7
2021-04-08,11,9.4,46.0,7.9,340.0,38.0
2021-04-08,12,9.7,46.0,7.0,340.0,40.1
2021-04-08,13,10.2,41.0,5.2,340.0,40.6
2021-04-08,14,11.2,41.0,3.8,320.0,39.8
2021-04-08,15,11.0,42.0,4.2,320.0,40.1
2021-04-08,16,9.6,54.0,5.1,320.0,34.6
2021-04-08,17,9.8,51.0,4.2,290.0,38.0
2021-04-08,18,8.9,47.0,4.3,290.0,36.8
2021-04-08,19,7.6,66.0,4.4,290.0,40.2
2021-04-08,20,7.6,68.0,5.2,290.0,39.1
2021-04-08,21,8.8,45.0,3.8,290.0,43.9
2021-04-08,22,8.6,48.0,3.5,290.0,45.3
2021-04-08,23,8.0,58.0,4.0,290.0,45.6
2021-04-09,0,7.7,69.0,4.3,320.0,42.0
2021-04-09,1,7.1,78.0,3.8,290.0,36.0
2021-04-09,2,6.9,81.0,3.3,320.0,32.8
2021-04-09,3,5.8,87.0,1.5,340.0,29.3
2021-04-09,4,7.1,67.0,1.7,20.0,32.2
2021-04-09,5,6.8,73.0,2.3,70.0,28.6
2021-04-09,6,8.1,48.0,3.0,360.0,35.5
2021-04-09,7,8.0,52.0,1.3,50.0,35.1
2021-04-09,8,9.0,54.0,0.0,0.0,34.8
2021-04-09,9,11.3,32.0,2.0,70.0,31.6
2021-04-09,10,11.7,28.0,1.4,90.0,31.5
2021-04-09,11,12.5,27.0,3.0,70.0,22.4
2021-04-09,12,13.4,30.0,2.5,90.0,33.4
2021-04-09,13,14.1,31.0,1.2,20.0,36.2
2021-04-09,14,12.7,37.0,2.9,290.0,33.1
2021-04-09,15,12.2,34.0,4.0,320.0,29.6
2021-04-09,16,11.5,44.0,4.3,290.0,26.9
2021-04-09,17,11.4,40.0,3.4,290.0,30.0
2021-04-09,18,10.3,43.0,3.2,320.0,28.3
2021-04-09,19,8.5,59.0,2.7,320.0,29.4
2021-04-09,20,7.2,68.0,1.8,290.0,33.0
2021-04-09,21,7.2,67.0,1.7,290.0,32.6
2021-04-09,22,7.9,54.0,0.1,0.0,34.3
2021-04-09,23,7.3,55.0,0.0,0.0,34.3
2021-04-10,0,6.7,74.0,0.0,0.0,32.2
2021-04-10,1,7.4,71.0,0.0,0.0,31.9
2021-04-10,2,8.4,63.0,0.1,0.0,30.0
2021-04-10,3,7.6,67.0,2.2,90.0,32.9
2021-04-10,4,8.5,63.0,2.8,140.0,32.6
2021-04-10,5,8.2,68.0,2.8,160.0,34.7
2021-04-10,6,8.0,75.0,0.3,0.0,34.7
2021-04-10,7,8.1,87.0,2.2,110.0,27.7
2021-04-10,8,8.8,87.0,2.9,140.0,26.6
2021-04-10,9,9.8,80.0,4.7,140.0,31.7
2021-04-10,10,10.5,73.0,5.1,140.0,28.8
2021-04-10,11,11.0,68.0,4.6,140.0,27.0
2021-04-10,12,11.7,65.0,4.3,140.0,29.3
2021-04-10,13,12.2,56.0,2.8,180.0,30.2
2021-04-10,14,12.8,58.0,3.6,180.0,31.9
2021-04-10,15,11.9,65.0,4.1,180.0,30.5
2021-04-10,16,11.3,65.0,4.2,160.0,27.8
2021-04-10,17,11.0,75.0,3.3,160.0,27.1
2021-04-10,18,9.8,83.0,3.8,160.0,29.0
2021-04-10,19,9.3,89.0,2.3,140.0,24.2
2021-04-10,20,8.9,94.0,2.3,140.0,17.8
2021-04-10,21,8.4,96.0,2.3,160.0,7.8
2021-04-10,22,8.2,98.0,2.1,160.0,5.8
2021-04-10,23,8.1,98.0,0.8,140.0,6.5
2021-04-11,0,8.5,99.0,1.2,160.0,11.2
2021-04-11,1,8.0,97.0,0.0,0.0,11.5
2021-04-11,2,8.0,97.0,0.0,0.0,12.3
2021-04-11,3,7.6,98.0,1.1,140.0,9.9
2021-04-11,4,7.5,99.0,1.1,140.0,5.5
2021-04-11,5,7.2,99.0,2.0,90.0,3.0
2021-04-11,6,7.7,99.0,2.9,140.0,10.4
2021-04-11,7,8.0,98.0,1.8,140.0,12.3
2021-04-11,8,8.8,98.0,1.9,90.0,10.7
2021-04-11,9,10.0,89.0,3.3,110.0,24.4
2021-04-11,10,11.0,84.0,4.0,140.0,28.1
2021-04-11,11,12.0,79.0,4.0,160.0,30.6
2021-04-11,12,13.4,72.0,4.0,160.0,34.1
2021-04-11,13,13.6,61.0,4.2,160.0,40.5
2021-04-11,14,13.1,63.0,3.5,180.0,39.9
2021-04-11,15,15.3,50.0,3.2,160.0,40.5
2021-04-11,16,14.8,32.0,3.0,160.0,46.0
2021-04-11,17,14.1,43.0,2.5,160.0,42.1
2021-04-11,18,12.1,61.0,1.6,200.0,39.0
2021-04-11,19,11.7,57.0,2.3,200.0,28.3
2021-04-11,20,11.0,63.0,1.6,180.0,30.0
2021-04-11,21,11.5,45.0,0.7,160.0,36.9
2021-04-11,22,10.4,73.0,1.3,110.0,33.5
2021-04-11,23,11.2,46.0,1.4,140.0,38.0
2021-04-12,0,10.6,60.0,1.7,110.0,37.2
2021-04-12,1,11.2,42.0,1.8,110.0,39.0
2021-04-12,2,9.9,55.0,1.8,180.0,36.9
2021-04-12,3,11.5,47.0,1.5,110.0,35.7
2021-04-12,4,11.0,49.0,2.5,140.0,36.1
2021-04-12,5,10.8,51.0,2.2,110.0,30.9
2021-04-12,6,10.2,73.0,1.6,110.0,29.9
2021-04-12,7,10.4,78.0,2.2,140.0,28.8
2021-04-12,8,11.3,58.0,3.7,140.0,29.8
2021-04-12,9,11.5,54.0,2.6,140.0,26.2
2021-04-12,10,11.3,63.0,3.6,110.0,29.0
2021-04-12,11,13.0,60.0,4.1,110.0,26.1
2021-04-12,12,12.9,46.0,7.1,140.0,26.7
2021-04-12,13,9.8,81.0,5.7,140.0,13.1
2021-04-12,14,10.0,90.0,4.3,140.0,9.0
2021-04-12,15,9.7,96.0,7.1,140.0,4.5
2021-04-12,16,9.5,98.0,6.4,110.0,1.5
2021-04-12,17,9.3,99.0,4.4,110.0,1.6
2021-04-12,18,9.6,99.0,6.8,110.0,4.7
2021-04-12,19,9.7,99.0,6.7,110.0,2.6
2021-04-12,20,10.0,99.0,5.2,110.0,10.8
2021-04-12,21,10.1,99.0,4.3,110.0,4.7
2021-04-12,22,9.7,99.0,2.0,70.0,0.6
2021-04-12,23,10.5,99.0,1.9,20.0,1.4
2021-04-13,0,9.3,99.0,5.0,360.0,0.8
2021-04-13,1,9.1,99.0,5.0,340.0,1.9
2021-04-13,2,8.2,99.0,8.7,340.0,8.7
2021-04-13,3,8.0,99.0,8.9,340.0,13.7
2021-04-13,4,7.8,99.0,8.0,340.0,14.7
2021-04-13,5,7.2,92.0,11.8,340.0,34.4
2021-04-13,6,6.7,84.0,12.1,340.0,37.5
2021-04-13,7,6.2,80.0,13.1,340.0,37.1
2021-04-13,8,6.3,74.0,10.4,340.0,40.2
2021-04-13,9,6.3,72.0,10.9,340.0,37.8
2021-04-13,10,6.2,65.0,13.1,340.0,38.8
2021-04-13,11,6.6,65.0,9.2,340.0,35.3
2021-04-13,12,6.6,59.0,9.1,340.0,35.0
2021-04-13,13,6.7,56.0,9.9,340.0,38.4
2021-04-13,14,6.9,52.0,8.8,320.0,39.4
2021-04-13,15,6.7,53.0,9.4,320.0,39.4
2021-04-13,16,6.7,48.0,11.1,320.0,40.8
2021-04-13,17,6.6,48.0,9.6,320.0,43.7
2021-04-13,18,6.3,49.0,7.7,320.0,44.0
2021-04-13,19,5.8,50.0,8.4,320.0,43.8
2021-04-13,20,5.9,48.0,8.2,320.0,42.3
2021-04-13,21,6.1,58.0,8.0,320.0,42.8
2021-04-13,22,6.4,60.0,8.0,320.0,40.1
2021-04-13,23,6.5,63.0,7.7,320.0,38.5
2021-04-14,0,6.4,72.0,6.0,320.0,36.4
2021-04-14,1,6.6,57.0,8.1,340.0,42.7
2021-04-14,2,6.1,58.0,5.2,340.0,38.8
2021-04-14,3,5.8,59.0,3.5,320.0,41.4
2021-04-14,4,5.9,61.0,5.7,320.0,40.9
2021-04-14,5,5.5,69.0,4.2,320.0,38.3
2021-04-14,6,5.3,66.0,3.0,320.0,37.8
2021-04-14,7,5.1,69.0,1.6,290.0,39.1
2021-04-14,8,6.7,62.0,2.0,230.0,39.3
2021-04-14,9,8.8,30.0,3.3,250.0,45.0
2021-04-14,10,9.3,38.0,4.3,230.0,47.1
2021-04-14,11,9.4,54.0,5.9,230.0,45.3
2021-04-14,12,11.0,46.0,5.6,250.0,39.6
2021-04-14,13,11.1,49.0,6.8,250.0,35.5
2021-04-14,14,11.8,46.0,5.8,270.0,31.3
2021-04-14,15,11.8,45.0,7.0,270.0,29.5
2021-04-14,16,11.8,49.0,6.1,270.0,26.3
2021-04-14,17,11.3,54.0,5.0,250.0,24.1
2021-04-14,18,10.4,60.0,4.0,250.0,21.8
2021-04-14,19,9.2,69.0,2.4,250.0,20.9
2021-04-14,20,7.7,86.0,2.1,230.0,17.3
2021-04-14,21,7.4,87.0,2.4,270.0,15.8
2021-04-14,22,7.6,78.0,1.6,250.0,16.4
2021-04-14,23,6.2,93.0,0.3,0.0,8.2
2021-04-15,0,6.2,96.0,0.1,0.0,5.8
2021-04-15,1,6.5,97.0,0.6,110.0,8.3
2021-04-15,2,6.6,96.0,0.0,0.0,13.5
2021-04-15,3,7.3,84.0,0.0,0.0,31.5
2021-04-15,4,6.9,86.0,0.0,0.0,26.3
2021-04-15,5,6.7,95.0,2.2,140.0,14.9
2021-04-15,6,6.9,94.0,2.2,160.0,18.7
2021-04-15,7,7.7,92.0,3.2,140.0,22.6
2021-04-15,8,8.3,96.0,2.1,140.0,15.5
2021-04-15,9,9.6,83.0,4.8,140.0,29.1
2021-04-15,10,10.8,75.0,4.1,140.0,28.9
2021-04-15,11,10.9,71.0,5.7,140.0,29.6
2021-04-15,12,11.5,73.0,6.1,160.0,29.3
2021-04-15,13,11.6,72.0,6.3,180.0,30.4
2021-04-15,14,11.2,74.0,7.6,180.0,29.9
2021-04-15,15,11.1,76.0,6.0,180.0,29.9
2021-04-15,16,10.8,76.0,5.6,180.0,27.8
2021-04-15,17,10.7,78.0,5.6,160.0,29.9
2021-04-15,18,9.8,80.0,3.5,160.0,30.0
2021-04-15,19,8.8,85.0,5.3,160.0,28.8
2021-04-15,20,8.4,86.0,4.3,160.0,29.3
2021-04-15,21,8.3,86.0,5.8,180.0,26.4
2021-04-15,22,8.7,70.0,4.2,160.0,47.0
2021-04-15,23,9.2,56.0,7.0,160.0,44.3
2021-04-16,0,8.3,80.0,5.4,160.0,40.7
2021-04-16,1,8.6,76.0,4.3,160.0,44.3
2021-04-16,2,9.9,60.0,6.8,160.0,45.7
2021-04-16,3,9.0,78.0,3.4,180.0,37.5
2021-04-16,4,8.7,87.0,6.6,160.0,36.1
2021-04-16,5,9.6,89.0,5.2,200.0,32.8
2021-04-16,6,9.5,91.0,4.8,200.0,28.7
2021-04-16,7,9.2,94.0,3.8,230.0,22.7
2021-04-16,8,10.1,91.0,4.6,250.0,23.9
2021-04-16,9,11.0,82.0,5.9,250.0,22.4
2021-04-16,10,12.0,73.0,5.4,250.0,16.4
2021-04-16,11,12.3,54.0,8.5,270.0,14.9
2021-04-16,12,12.7,42.0,8.2,290.0,20.8
2021-04-16,13,12.9,43.0,8.4,290.0,24.3
2021-04-16,14,12.8,38.0,8.0,290.0,27.2
2021-04-16,15,13.7,30.0,5.3,290.0,31.0
2021-04-16,16,13.7,32.0,4.5,290.0,34.3
2021-04-16,17,12.7,29.0,5.3,290.0,34.8
2021-04-16,18,11.2,37.0,4.8,270.0,36.0
2021-04-16,19,10.1,44.0,1.8,230.0,35.4
2021-04-16,20,9.0,49.0,1.5,290.0,34.2
2021-04-16,21,8.3,64.0,1.2,200.0,32.2
2021-04-16,22,8.9,60.0,3.6,250.0,36.0
2021-04-16,23,9.5,47.0,5.2,230.0,35.8
2021-04-17,0,10.1,40.0,5.6,250.0,35.6
2021-04-17,1,10.6,29.0,3.7,270.0,30.1
2021-04-17,2,10.8,48.0,8.1,290.0,21.2
2021-04-17,3,9.7,60.0,5.3,270.0,22.4
2021-04-17,4,11.2,35.0,3.8,230.0,21.8
2021-04-17,5,10.9,38.0,6.1,230.0,22.2
2021-04-17,6,10.8,38.0,6.6,230.0,19.5
2021-04-17,7,11.0,38.0,6.8,250.0,20.2
2021-04-17,8,9.6,67.0,7.7,250.0,20.6
2021-04-17,9,9.5,71.0,8.5,250.0,24.3
2021-04-17,10,10.2,63.0,6.2,290.0,20.9
2021-04-17,11,10.2,66.0,6.0,290.0,21.6
2021-04-17,12,10.1,68.0,7.3,290.0,22.9
2021-04-17,13,10.3,63.0,7.9,290.0,32.6
2021-04-17,14,10.5,55.0,7.0,290.0,37.6
2021-04-17,15,10.4,60.0,7.3,290.0,36.2
2021-04-17,16,10.8,62.0,6.6,290.0,33.8
2021-04-17,17,9.7,64.0,6.9,290.0,34.2
2021-04-17,18,9.1,63.0,7.8,290.0,35.7
2021-04-17,19,8.4,70.0,7.2,320.0,38.2
2021-04-17,20,7.8,75.0,6.4,320.0,37.8
2021-04-17,21,7.6,79.0,7.0,320.0,35.6
2021-04-17,22,7.6,79.0,5.3,320.0,35.7
2021-04-17,23,7.7,77.0,4.3,320.0,34.2
2021-04-18,0,7.5,81.0,7.6,320.0,33.6
2021-04-18,1,7.3,84.0,7.5,320.0,30.7
2021-04-18,2,7.5,81.0,8.0,320.0,29.5
2021-04-18,3,7.6,77.0,6.0,340.0,30.7
2021-04-18,4,7.7,73.0,7.9,340.0,32.3
2021-04-18,5,7.2,84.0,4.5,320.0,27.7
2021-04-18,6,7.0,85.0,4.1,340.0,23.9
2021-04-18,7,7.3,89.0,4.7,320.0,17.1
2021-04-18,8,7.9,81.0,8.0,340.0,24.4
2021-04-18,9,9.2,66.0,6.5,340.0,29.6
2021-04-18,10,9.7,64.0,5.1,340.0,31.2
2021-04-18,11,10.3,57.0,5.3,340.0,31.5
2021-04-18,12,10.8,66.0,5.1,290.0,29.5
2021-04-18,13,10.3,65.0,5.4,290.0,29.5
2021-04-18,14,10.8,66.0,4.5,290.0,27.4
2021-04-18,15,10.8,68.0,5.0,290.0,27.8
2021-04-18,16,10.9,63.0,5.7,320.0,28.6
2021-04-18,17,11.6,48.0,3.5,290.0,34.7
2021-04-18,18,11.1,40.0,3.9,270.0,35.8
2021-04-18,19,9.9,48.0,1.8,250.0,33.0
2021-04-18,20,8.1,67.0,0.1,0.0,30.4
2021-04-18,21,9.1,74.0,4.3,230.0,23.8
2021-04-18,22,8.9,63.0,0.0,0.0,25.1
2021-04-18,23,8.5,72.0,0.6,180.0,24.3
2021-04-19,0,9.1,65.0,0.0,0.0,29.0
2021-04-19,1,8.8,75.0,0.0,0.0,31.9
2021-04-19,2,8.8,65.0,0.0,0.0,42.6
2021-04-19,3,9.4,62.0,0.1,0.0,38.6
2021-04-19,4,8.6,72.0,0.0,0.0,31.1
2021-04-19,5,9.7,69.0,1.2,250.0,35.4
2021-04-19,6,9.6,71.0,2.5,290.0,33.1
2021-04-19,7,10.3,69.0,2.2,290.0,32.9
2021-04-19,8,11.9,62.0,0.4,0.0,31.0
2021-04-19,9,13.1,54.0,4.2,270.0,29.8
2021-04-19,10,14.3,51.0,3.7,270.0,29.7
2021-04-19,11,15.2,44.0,3.7,250.0,27.2
2021-04-19,12,16.3,48.0,1.3,290.0,29.3
2021-04-19,13,16.6,49.0,0.7,340.0,30.2
2021-04-19,14,17.1,49.0,2.6,290.0,25.4
2021-04-19,15,16.4,53.0,1.4,90.0,21.4
2021-04-19,16,15.3,57.0,2.8,200.0,17.9
2021-04-19,17,15.5,57.0,2.5,160.0,21.4
2021-04-19,18,14.8,50.0,2.0,200.0,25.2
2021-04-19,19,13.1,55.0,4.7,230.0,24.8
2021-04-19,20,13.7,40.0,5.2,230.0,28.9
2021-04-19,21,12.8,51.0,6.2,230.0,24.0
2021-04-19,22,12.1,58.0,4.9,230.0,21.6
2021-04-19,23,10.3,78.0,3.1,140.0,18.0
2021-04-20,0,9.1,85.0,1.9,140.0,13.5
2021-04-20,1,8.7,93.0,2.2,110.0,10.2
2021-04-20,2,8.7,94.0,2.0,140.0,9.9
2021-04-20,3,8.6,95.0,1.8,160.0,8.6
2021-04-20,4,8.4,96.0,2.7,110.0,6.2
2021-04-20,5,8.5,97.0,2.4,140.0,8.3
2021-04-20,6,8.5,97.0,1.9,110.0,9.9
2021-04-20,7,9.3,94.0,3.2,140.0,16.0
2021-04-20,8,10.3,90.0,3.9,140.0,22.1
2021-04-20,9,11.0,85.0,4.8,140.0,25.2
2021-04-20,10,12.4,81.0,4.7,140.0,28.8
2021-04-20,11,12.8,76.0,4.9,140.0,33.9
2021-04-20,12,13.8,74.0,3.9,160.0,33.6
2021-04-20,13,13.5,73.0,3.8,160.0,35.8
2021-04-20,14,13.2,76.0,3.1,180.0,34.5
2021-04-20,15,12.7,79.0,3.3,160.0,34.8
2021-04-20,16,12.5,80.0,4.0,180.0,32.8
2021-04-20,17,12.1,82.0,2.5,160.0,32.6
2021-04-20,18,12.0,84.0,1.8,180.0,33.4
2021-04-20,19,11.3,89.0,0.5,180.0,35.4
2021-04-20,20,10.5,91.0,0.0,0.0,22.4
2021-04-20,21,9.1,94.0,2.0,90.0,17.8
2021-04-20,22,9.3,96.0,0.0,0.0,12.3
2021-04-20,23,9.4,97.0,1.7,180.0,9.1
2021-04-21,0,9.1,97.0,0.4,0.0,7.2
2021-04-21,1,8.9,98.0,0.0,0.0,6.7
2021-04-21,2,8.3,98.0,0.0,0.0,6.2
2021-04-21,3,8.3,98.0,1.7,90.0,4.4
2021-04-21,4,8.2,99.0,1.3,110.0,3.5
2021-04-21,5,8.4,99.0,2.7,110.0,3.1
2021-04-21,6,8.6,99.0,2.4,110.0,3.7
2021-04-21,7,9.6,99.0,2.3,110.0,5.8
2021-04-21,8,10.9,97.0,2.0,110.0,17.2
2021-04-21,9,12.6,85.0,2.7,110.0,25.8
2021-04-21,10,14.5,73.0,2.4,140.0,27.0
2021-04-21,11,16.7,51.0,2.5,140.0,31.2
2021-04-21,12,18.8,32.0,2.6,110.0,34.8
2021-04-21,13,17.7,48.0,3.1,180.0,32.6
2021-04-21,14,17.1,51.0,2.6,200.0,33.8
2021-04-21,15,16.6,36.0,3.9,200.0,33.4
2021-04-21,16,16.8,29.0,3.1,200.0,30.2
2021-04-21,17,17.2,28.0,2.3,230.0,28.7
2021-04-21,18,11.6,81.0,2.2,320.0,28.4
2021-04-21,19,12.1,81.0,0.0,0.0,31.8
2021-04-21,20,10.9,88.0,1.6,320.0,23.5
2021-04-21,21,11.3,87.0,0.2,0.0,25.4
2021-04-21,22,12.3,70.0,1.2,250.0,30.1
2021-04-21,23,12.8,57.0,0.0,0.0,28.3
2021-04-22,0,12.2,71.0,0.7,200.0,29.4
2021-04-22,1,12.0,60.0,0.1,0.0,29.0
2021-04-22,2,10.8,79.0,0.9,110.0,29.1
2021-04-22,3,11.5,65.0,3.2,70.0,34.1
2021-04-22,4,12.4,64.0,4.2,110.0,31.5
2021-04-22,5,12.1,67.0,4.1,110.0,28.0
2021-04-22,6,13.5,52.0,3.7,140.0,18.3
2021-04-22,7,14.0,48.0,4.9,140.0,20.2
2021-04-22,8,13.3,55.0,4.4,160.0,22.7
2021-04-22,9,13.2,65.0,2.6,180.0,20.6
2021-04-22,10,15.7,44.0,2.9,160.0,22.4
2021-04-22,11,17.8,35.0,3.3,140.0,27.9
2021-04-22,12,17.6,36.0,5.0,140.0,29.9
2021-04-22,13,17.7,40.0,2.8,110.0,28.7
2021-04-22,14,17.9,35.0,4.3,160.0,25.3
2021-04-22,15,16.1,45.0,3.3,180.0,21.3
2021-04-22,16,16.9,37.0,4.8,160.0,16.2
2021-04-22,17,15.1,48.0,2.4,180.0,15.7
2021-04-22,18,15.5,47.0,2.1,230.0,25.0
2021-04-22,19,14.1,66.0,3.2,230.0,26.2
2021-04-22,20,15.5,54.0,6.2,110.0,39.3
2021-04-22,21,14.5,58.0,6.1,110.0,34.3
2021-04-22,22,16.2,51.0,3.9,140.0,37.8
2021-04-22,23,16.3,49.0,5.3,230.0,37.5
2021-04-23,0,15.3,55.0,3.8,180.0,36.4
2021-04-23,1,15.5,51.0,4.6,90.0,39.5
2021-04-23,2,17.0,42.0,1.7,110.0,40.3
2021-04-23,3,16.2,43.0,4.6,160.0,40.7
2021-04-23,4,17.2,40.0,6.8,160.0,39.4
2021-04-23,5,17.7,34.0,5.3,160.0,41.3
2021-04-23,6,16.4,40.0,5.0,140.0,38.7
2021-04-23,7,13.3,69.0,2.4,110.0,30.7
2021-04-23,8,12.1,83.0,4.4,90.0,35.6
2021-04-23,9,12.9,80.0,7.4,70.0,22.8
2021-04-23,10,13.0,81.0,8.4,70.0,19.8
2021-04-23,11,14.9,68.0,7.4,90.0,30.9
2021-04-23,12,15.9,70.0,5.8,90.0,28.9
2021-04-23,13,14.9,66.0,8.7,90.0,33.0
2021-04-23,14,14.3,67.0,5.7,70.0,35.4
2021-04-23,15,15.7,60.0,2.5,90.0,35.5
2021-04-23,16,16.2,60.0,2.3,160.0,38.2
2021-04-23,17,16.7,54.0,2.4,70.0,40.6
2021-04-23,18,12.6,83.0,3.5,360.0,29.4
2021-04-23,19,13.4,79.0,7.0,50.0,39.5
2021-04-23,20,13.2,83.0,9.4,50.0,36.7
2021-04-23,21,12.6,85.0,7.5,50.0,31.9
2021-04-23,22,12.6,84.0,3.9,70.0,35.7
2021-04-23,23,12.1,84.0,2.5,70.0,35.5
2021-04-24,0,12.0,84.0,1.9,90.0,38.3
2021-04-24,1,12.7,79.0,3.1,90.0,40.9
2021-04-24,2,13.3,74.0,2.4,110.0,42.3
2021-04-24,3,13.0,73.0,3.1,360.0,42.3
2021-04-24,4,12.9,74.0,3.2,340.0,40.2
2021-04-24,5,10.4,89.0,6.9,320.0,27.5
2021-04-24,6,11.4,86.0,3.8,340.0,24.9
2021-04-24,7,11.8,87.0,7.4,360.0,11.4
2021-04-24,8,10.4,90.0,4.7,340.0,24.0
2021-04-24,9,11.1,90.0,2.8,320.0,17.6
2021-04-24,10,14.4,74.0,3.2,20.0,46.8
2021-04-24,11,15.9,74.0,0.1,0.0,43.5
2021-04-24,12,16.8,64.0,2.8,70.0,38.4
2021-04-24,13,17.5,64.0,2.8,70.0,40.8
2021-04-24,14,19.1,57.0,1.3,50.0,41.7
2021-04-24,15,17.3,61.0,3.1,320.0,41.2
2021-04-24,16,15.3,61.0,4.0,320.0,38.3
2021-04-24,17,15.7,56.0,3.5,320.0,43.1
2021-04-24,18,15.3,53.0,2.7,320.0,43.1
2021-04-24,19,12.4,60.0,3.2,290.0,41.3
2021-04-24,20,11.4,67.0,3.2,290.0,46.1
2021-04-24,21,10.7,78.0,4.1,320.0,36.7
2021-04-24,22,10.5,79.0,3.8,320.0,32.2
2021-04-24,23,10.3,78.0,3.5,320.0,33.8
2021-04-25,0,10.6,78.0,3.7,290.0,39.5
2021-04-25,1,10.6,83.0,5.3,290.0,33.6
2021-04-25,2,10.7,86.0,5.2,320.0,17.7
2021-04-25,3,9.4,91.0,4.8,320.0,10.8
2021-04-25,4,9.3,94.0,5.0,340.0,7.1
2021-04-25,5,9.1,95.0,4.3,320.0,6.4
2021-04-25,6,10.0,92.0,3.5,320.0,11.1
2021-04-25,7,11.5,85.0,1.9,320.0,18.7
2021-04-25,8,13.2,76.0,2.2,90.0,27.2
2021-04-25,9,14.6,70.0,2.7,90.0,29.9
2021-04-25,10,15.3,64.0,3.5,90.0,30.3
2021-04-25,11,17.5,55.0,2.7,110.0,32.6
2021-04-25,12,18.4,53.0,4.1,140.0,32.4
2021-04-25,13,19.5,50.0,3.0,140.0,34.8
2021-04-25,14,16.8,60.0,3.4,320.0,29.7
2021-04-25,15,17.3,53.0,3.6,320.0,32.0
2021-04-25,16,17.7,54.0,3.1,320.0,32.3
2021-04-25,17,16.6,55.0,3.0,320.0,32.1
2021-04-25,18,16.2,54.0,3.7,340.0,35.8
2021-04-25,19,13.4,62.0,3.1,320.0,35.9
2021-04-25,20,12.4,67.0,3.8,320.0,37.3
2021-04-25,21,11.1,74.0,2.3,320.0,38.0
2021-04-25,22,11.3,72.0,2.5,320.0,38.5
2021-04-25,23,12.2,67.0,2.8,320.0,39.8
2021-04-26,0,12.3,67.0,2.3,320.0,40.7
2021-04-26,1,12.6,66.0,1.4,320.0,42.6
2021-04-26,2,12.4,63.0,1.6,320.0,43.7
2021-04-26,3,10.8,72.0,1.1,360.0,41.2
2021-04-26,4,11.3,72.0,0.0,0.0,43.0
2021-04-26,5,11.6,74.0,0.0,0.0,40.2
2021-04-26,6,11.2,78.0,0.0,0.0,39.2
2021-04-26,7,10.4,84.0,0.0,0.0,32.4
2021-04-26,8,12.2,75.0,0.1,0.0,30.6
2021-04-26,9,13.4,75.0,0.0,0.0,26.2
2021-04-26,10,13.7,78.0,3.8,110.0,14.4
2021-04-26,11,13.6,75.0,6.2,160.0,27.9
2021-04-26,12,13.9,67.0,5.8,160.0,32.4
2021-04-26,13,12.5,82.0,4.7,180.0,25.3
2021-04-26,14,12.9,89.0,5.6,180.0,20.9
2021-04-26,15,13.6,84.0,6.0,180.0,26.6
2021-04-26,16,12.8,86.0,5.2,180.0,24.0
2021-04-26,17,12.2,90.0,4.3,160.0,26.0
2021-04-26,18,11.4,94.0,3.8,180.0,20.8
2021-04-26,19,11.8,85.0,4.8,180.0,34.9
2021-04-26,20,10.9,92.0,2.3,180.0,26.2
2021-04-26,21,12.2,82.0,2.7,180.0,36.2
2021-04-26,22,11.9,84.0,3.3,180.0,36.8
2021-04-26,23,12.4,84.0,3.5,200.0,37.7
2021-04-27,0,12.3,86.0,3.9,200.0,38.9
2021-04-27,1,12.1,88.0,5.7,230.0,35.0
2021-04-27,2,12.3,87.0,4.6,200.0,36.1
2021-04-27,3,12.1,89.0,4.1,200.0,34.8
2021-04-27,4,12.2,89.0,3.7,230.0,33.2
2021-04-27,5,11.6,92.0,4.5,200.0,32.3
2021-04-27,6,12.3,89.0,3.4,200.0,35.9
2021-04-27,7,11.0,93.0,3.2,160.0,26.9
2021-04-27,8,10.5,96.0,3.5,140.0,26.2
2021-04-27,9,10.8,97.0,2.2,160.0,20.0
2021-04-27,10,11.2,97.0,2.3,200.0,19.9
2021-04-27,11,12.6,92.0,4.4,180.0,15.8
2021-04-27,12,12.1,93.0,6.3,160.0,33.7
2021-04-27,13,12.0,92.0,5.1,160.0,33.8
2021-04-27,14,12.2,91.0,6.7,160.0,37.0
2021-04-27,15,12.6,92.0,5.1,180.0,23.2
2021-04-27,16,12.8,93.0,6.1,180.0,13.7
2021-04-27,17,13.2,91.0,5.6,200.0,26.1
2021-04-27,18,11.7,97.0,6.9,230.0,6.0
2021-04-27,19,11.8,99.0,4.8,230.0,4.0
2021-04-27,20,11.5,99.0,4.9,200.0,0.5
2021-04-27,21,11.4,99.0,6.6,250.0,0.4
2021-04-27,22,11.2,99.0,5.4,230.0,1.6
2021-04-27,23,10.9,99.0,4.8,250.0,1.8
2021-04-28,0,10.9,99.0,4.0,250.0,1.8
2021-04-28,1,11.2,99.0,4.8,250.0,1.9
2021-04-28,2,11.4,91.0,6.6,250.0,4.9
2021-04-28,3,12.4,70.0,4.7,270.0,10.7
2021-04-28,4,12.0,68.0,5.3,290.0,9.1
2021-04-28,5,11.0,74.0,5.5,290.0,8.2
2021-04-28,6,10.4,76.0,4.4,290.0,8.1
2021-04-28,7,11.0,69.0,1.2,270.0,11.1
2021-04-28,8,12.2,66.0,0.6,290.0,12.2
2021-04-28,9,14.1,51.0,1.7,320.0,15.8
2021-04-28,10,14.4,61.0,0.9,180.0,10.8
2021-04-28,11,16.2,53.0,1.7,180.0,13.2
2021-04-28,12,15.9,46.0,1.3,70.0,14.9
2021-04-28,13,15.7,55.0,2.7,90.0,11.3
2021-04-28,14,16.9,44.0,4.2,180.0,10.6
2021-04-28,15,15.6,45.0,4.2,250.0,13.7
2021-04-28,16,14.8,52.0,2.7,320.0,12.9
2021-04-28,17,14.0,53.0,2.9,290.0,15.2
2021-04-28,18,13.4,61.0,2.6,200.0,12.7
2021-04-28,19,11.8,64.0,1.6,320.0,17.6
2021-04-28,20,11.3,74.0,1.9,200.0,15.9
2021-04-28,21,11.6,58.0,0.5,250.0,23.7
2021-04-28,22,11.5,49.0,0.8,340.0,25.9
2021-04-28,23,9.9,80.0,2.5,90.0,17.2
2021-04-29,0,9.9,82.0,3.2,160.0,15.3
2021-04-29,1,10.0,83.0,0.8,140.0,12.8
2021-04-29,2,10.6,72.0,0.9,160.0,17.7
2021-04-29,3,10.2,78.0,2.3,90.0,15.0
2021-04-29,4,10.1,86.0,1.3,180.0,7.2
2021-04-29,5,9.8,87.0,1.2,90.0,7.3
2021-04-29,6,10.0,88.0,0.3,0.0,6.3
2021-04-29,7,10.1,89.0,2.9,180.0,6.0
2021-04-29,8,12.3,69.0,3.9,160.0,11.7
2021-04-29,9,14.7,51.0,4.0,160.0,20.6
2021-04-29,10,15.5,46.0,3.5,140.0,20.3
2021-04-29,11,16.1,40.0,4.9,140.0,23.0
2021-04-29,12,16.2,39.0,5.5,140.0,22.8
2021-04-29,13,15.7,40.0,4.7,140.0,22.5
2021-04-29,14,16.1,48.0,4.8,160.0,21.3
2021-04-29,15,15.6,53.0,4.7,160.0,19.3
2021-04-29,16,12.6,73.0,6.0,160.0,15.9
2021-04-29,17,13.3,64.0,6.4,140.0,18.6
2021-04-29,18,12.8,63.0,4.3,160.0,18.7
2021-04-29,19,11.4,80.0,6.6,160.0,15.6
2021-04-29,20,11.3,78.0,7.0,140.0,13.9
2021-04-29,21,11.4,77.0,6.9,140.0,14.0
2021-04-29,22,11.5,79.0,5.0,110.0,14.0
2021-04-29,23,11.0,91.0,6.0,160.0,8.8
2021-04-30,0,10.6,86.0,4.8,180.0,18.2
2021-04-30,1,9.6,94.0,3.0,200.0,2.9
2021-04-30,2,9.3,97.0,2.4,160.0,8.1
2021-04-30,3,9.0,97.0,3.8,160.0,5.8
2021-04-30,4,9.1,98.0,3.5,140.0,5.7
2021-04-30,5,9.2,98.0,3.3,110.0,9.9
2021-04-30,6,9.2,97.0,3.6,110.0,14.3
2021-04-30,7,9.4,95.0,1.8,140.0,22.7
2021-04-30,8,9.9,95.0,2.3,160.0,19.8
2021-04-30,9,8.5,98.0,4.0,20.0,7.6
2021-04-30,10,9.5,98.0,2.6,340.0,10.0
2021-04-30,11,10.3,93.0,5.3,320.0,14.3
2021-04-30,12,10.0,88.0,7.1,320.0,19.0
2021-04-30,13,9.9,88.0,7.4,320.0,17.2
2021-04-30,14,9.7,85.0,5.5,320.0,15.5
2021-04-30,15,9.0,89.0,5.9,320.0,15.0
2021-04-30,16,9.4,90.0,4.9,320.0,18.2
2021-04-30,17,8.9,90.0,4.8,290.0,10.9
2021-04-30,18,9.7,76.0,4.1,290.0,19.6
2021-04-30,19,9.7,75.0,3.2,290.0,24.4
2021-04-30,20,7.7,87.0,2.1,320.0,17.9
2021-04-30,21,6.7,94.0,0.0,0.0,11.0
2021-04-30,22,7.1,95.0,0.0,0.0,11.1
2021-04-30,23,7.0,84.0,1.3,270.0,29.3
2021-05-01,0,7.2,87.0,2.2,320.0,36.2
2021-05-01,1,7.1,90.0,0.0,0.0,39.9
2021-05-01,2,7.3,84.0,2.5,290.0,46.4
2021-05-01,3,7.5,88.0,2.6,290.0,46.0
2021-05-01,4,7.7,90.0,3.7,290.0,46.2
2021-05-01,5,7.8,89.0,3.2,290.0,34.6
2021-05-01,6,8.3,89.0,4.4,290.0,20.3
2021-05-01,7,8.7,90.0,9.3,340.0,12.0
2021-05-01,8,8.8,84.0,6.3,340.0,21.9
2021-05-01,9,9.0,87.0,8.3,340.0,20.4
2021-05-01,10,9.4,91.0,5.1,320.0,22.6
2021-05-01,11,10.5,82.0,6.2,320.0,16.1
2021-05-01,12,10.6,81.0,6.9,290.0,11.7
2021-05-01,13,11.3,82.0,7.0,290.0,9.6
2021-05-01,14,11.2,83.0,7.4,290.0,8.4
2021-05-01,15,11.0,82.0,7.7,290.0,8.9
2021-05-01,16,11.1,82.0,6.5,290.0,10.0
2021-05-01,17,10.9,84.0,6.4,320.0,12.4
2021-05-01,18,9.8,89.0,7.1,340.0,9.3
2021-05-01,19,9.8,77.0,2.2,360.0,36.5
2021-05-01,20,9.6,80.0,1.2,340.0,35.7
2021-05-01,21,9.5,79.0,1.6,360.0,38.0
2021-05-01,22,8.4,87.0,0.4,0.0,33.2
2021-05-01,23,8.8,90.0,2.8,290.0,26.9
2021-05-02,0,8.5,92.0,3.7,290.0,31.4
2021-05-02,1,9.0,86.0,3.3,320.0,37.0
2021-05-02,2,8.5,90.0,3.1,320.0,37.4
2021-05-02,3,8.6,93.0,2.8,320.0,15.2
2021-05-02,4,8.6,92.0,2.5,320.0,23.3
2021-05-02,5,8.7,87.0,3.5,320.0,22.6
2021-05-02,6,7.7,90.0,0.1,0.0,17.3
2021-05-02,7,9.1,90.0,5.0,320.0,11.3
2021-05-02,8,10.4,79.0,4.6,360.0,14.8
2021-05-02,9,11.6,73.0,4.6,340.0,17.0
2021-05-02,10,12.8,63.0,5.0,340.0,22.1
2021-05-02,11,13.2,67.0,3.4,320.0,21.8
2021-05-02,12,12.1,75.0,5.9,320.0,16.9
2021-05-02,13,12.7,77.0,5.9,320.0,16.1
2021-05-02,14,12.1,71.0,7.2,320.0,15.6
2021-05-02,15,13.1,62.0,4.8,320.0,17.1
2021-05-02,16,13.2,55.0,5.2,320.0,17.7
2021-05-02,17,12.9,58.0,3.5,320.0,16.4
2021-05-02,18,13.0,52.0,3.2,320.0,18.3
2021-05-02,19,11.3,67.0,4.4,290.0,17.6
2021-05-02,20,10.3,65.0,2.6,290.0,19.7
2021-05-02,21,10.7,51.0,3.0,270.0,25.8
2021-05-02,22,10.4,61.0,3.1,270.0,22.8
2021-05-02,23,9.8,62.0,1.9,290.0,29.3
2021-05-03,0,9.1,63.0,1.7,290.0,32.5
2021-05-03,1,10.3,52.0,2.2,290.0,37.8
2021-05-03,2,8.8,78.0,0.7,230.0,26.9
2021-05-03,3,7.9,91.0,0.0,0.0,14.1
2021-05-03,4,8.0,92.0,0.1,0.0,10.8
2021-05-03,5,8.0,95.0,0.2,0.0,7.7
2021-05-03,6,7.7,96.0,0.0,0.0,6.7
2021-05-03,7,9.3,94.0,0.0,0.0,9.6
2021-05-03,8,11.3,81.0,1.9,160.0,16.5
2021-05-03,9,12.4,69.0,3.4,180.0,20.7
2021-05-03,10,13.2,63.0,3.6,180.0,20.3
2021-05-03,11,14.2,60.0,4.2,160.0,21.2
2021-05-03,12,14.6,57.0,4.6,180.0,22.6
2021-05-03,13,14.6,59.0,5.6,180.0,19.2
2021-05-03,14,13.9,59.0,5.9,160.0,18.0
2021-05-03,15,13.3,65.0,5.0,160.0,17.8
2021-05-03,16,12.5,77.0,5.9,160.0,15.8
2021-05-03,17,11.5,85.0,6.6,160.0,13.6
2021-05-03,18,11.1,89.0,4.7,160.0,13.0
2021-05-03,19,10.8,92.0,3.3,180.0,12.6
2021-05-03,20,10.4,92.0,5.1,140.0,12.1
2021-05-03,21,10.4,93.0,2.7,160.0,11.5
2021-05-03,22,10.4,94.0,4.2,160.0,10.1
2021-05-03,23,10.0,95.0,5.1,140.0,7.4
2021-05-04,0,10.2,96.0,5.5,140.0,6.8
2021-05-04,1,10.5,94.0,5.5,140.0,11.2
2021-05-04,2,10.3,94.0,5.2,140.0,8.4
2021-05-04,3,10.7,93.0,4.4,140.0,12.5
2021-05-04,4,11.4,90.0,6.5,140.0,18.2
2021-05-04,5,11.0,97.0,7.2,140.0,6.2
2021-05-04,6,11.2,98.0,5.4,140.0,5.8
2021-05-04,7,11.2,99.0,7.4,140.0,4.2
2021-05-04,8,11.0,99.0,4.7,160.0,3.0
2021-05-04,9,11.4,99.0,7.5,160.0,2.6
2021-05-04,10,11.3,99.0,3.8,180.0,1.5
2021-05-04,11,10.8,99.0,3.2,160.0,0.4
2021-05-04,12,12.3,99.0,2.7,200.0,0.7
2021-05-04,13,12.7,99.0,2.6,270.0,0.9
2021-05-04,14,11.9,99.0,1.1,270.0,0.9
2021-05-04,15,11.2,99.0,4.0,290.0,0.9
2021-05-04,16,10.1,99.0,4.3,320.0,0.7
2021-05-04,17,9.8,99.0,3.9,290.0,0.9
2021-05-04,18,9.5,99.0,3.6,320.0,0.4
2021-05-04,19,9.3,99.0,3.9,320.0,0.5
2021-05-04,20,9.2,99.0,5.5,320.0,2.1
2021-05-04,21,9.2,99.0,3.6,320.0,0.4
2021-05-04,22,9.0,99.0,5.5,340.0,0.3
2021-05-04,23,8.9,99.0,4.5,320.0,7.7
2021-05-05,0,8.6,99.0,4.7,290.0,6.4
2021-05-05,1,8.2,99.0,4.2,290.0,4.6
2021-05-05,2,8.2,99.0,3.5,290.0,11.3
2021-05-05,3,8.2,99.0,2.0,270.0,45.7
2021-05-05,4,8.4,99.0,4.5,270.0,7.2
2021-05-05,5,8.5,98.0,4.0,230.0,12.1
2021-05-05,6,9.5,89.0,7.2,250.0,11.3
2021-05-05,7,10.5,81.0,7.1,290.0,17.3
2021-05-05,8,11.3,74.0,7.2,290.0,20.5
2021-05-05,9,11.8,75.0,7.6,290.0,19.3
2021-05-05,10,13.5,54.0,7.6,290.0,20.2
2021-05-05,11,14.3,46.0,8.2,290.0,22.4
2021-05-05,12,14.6,45.0,8.4,290.0,23.4
2021-05-05,13,16.3,34.0,7.4,290.0,26.9
2021-05-05,14,16.1,36.0,5.5,250.0,25.6
2021-05-05,15,16.3,36.0,5.7,290.0,25.4
2021-05-05,16,16.4,33.0,5.9,270.0,29.7
2021-05-05,17,15.5,40.0,4.7,230.0,28.4
2021-05-05,18,13.9,48.0,6.7,230.0,26.2
2021-05-05,19,13.3,50.0,4.2,230.0,27.3
2021-05-05,20,14.0,44.0,5.5,230.0,27.3
2021-05-05,21,12.2,68.0,5.7,200.0,24.6
2021-05-05,22,13.0,53.0,4.9,230.0,25.1
2021-05-05,23,12.9,53.0,6.2,230.0,25.8
2021-05-06,0,12.9,53.0,6.5,200.0,25.5
2021-05-06,1,12.7,59.0,7.4,230.0,25.5
2021-05-06,2,13.1,56.0,7.7,230.0,26.2
2021-05-06,3,14.3,49.0,6.2,230.0,22.1
2021-05-06,4,13.7,63.0,6.3,230.0,18.4
2021-05-06,5,13.9,67.0,4.8,200.0,12.5
2021-05-06,6,11.9,85.0,3.9,140.0,8.5
2021-05-06,7,12.0,88.0,3.6,140.0,6.8
2021-05-06,8,13.5,84.0,4.8,160.0,6.9
2021-05-06,9,13.8,84.0,4.4,140.0,6.9
2021-05-06,10,14.1,82.0,6.5,140.0,7.4
2021-05-06,11,13.9,81.0,6.6,140.0,8.5
2021-05-06,12,14.5,82.0,6.8,140.0,8.7
2021-05-06,13,14.9,79.0,4.5,140.0,8.2
2021-05-06,14,15.4,68.0,6.7,160.0,14.5
2021-05-06,15,15.3,61.0,5.7,180.0,17.6
2021-05-06,16,16.7,50.0,6.4,200.0,21.9
2021-05-06,17,16.3,50.0,7.7,180.0,22.8
2021-05-06,18,14.8,58.0,7.6,160.0,19.5
2021-05-06,19,14.8,53.0,7.8,180.0,20.0
2021-05-06,20,14.6,51.0,7.4,180.0,20.4
2021-05-06,21,15.5,40.0,10.2,180.0,21.4
2021-05-06,22,15.2,42.0,10.4,160.0,21.4
2021-05-06,23,14.4,50.0,8.9,160.0,21.7
2021-05-07,0,13.5,59.0,7.3,160.0,19.5
2021-05-07,1,13.0,67.0,8.2,160.0,18.6
2021-05-07,2,13.9,74.0,7.4,180.0,17.8
2021-05-07,3,14.0,79.0,8.3,200.0,16.7
2021-05-07,4,12.8,88.0,7.1,200.0,13.1
2021-05-07,5,12.9,91.0,7.4,230.0,11.6
2021-05-07,6,13.1,92.0,8.9,230.0,9.6
2021-05-07,7,13.3,90.0,7.9,250.0,9.3
2021-05-07,8,12.7,63.0,10.4,270.0,7.5
2021-05-07,9,12.4,58.0,10.3,290.0,4.2
2021-05-07,10,13.3,49.0,10.0,270.0,3.7
2021-05-07,11,13.9,54.0,8.7,270.0,3.9
2021-05-07,12,13.4,58.0,10.9,270.0,3.7
2021-05-07,13,13.2,69.0,7.4,290.0,3.8
2021-05-07,14,12.9,67.0,8.4,290.0,5.5
2021-05-07,15,13.7,56.0,8.1,290.0,3.1
2021-05-07,16,13.5,56.0,8.0,290.0,2.8
2021-05-07,17,13.4,55.0,8.6,290.0,2.9
2021-05-07,18,12.4,65.0,7.5,290.0,3.2
2021-05-07,19,12.5,59.0,6.1,290.0,4.4
2021-05-07,20,12.9,53.0,4.4,270.0,7.2
2021-05-07,21,12.3,60.0,4.1,250.0,11.4
2021-05-07,22,11.9,64.0,2.8,230.0,15.9
2021-05-07,23,12.3,61.0,2.0,250.0,20.2
2021-05-08,0,9.9,78.0,0.5,180.0,19.5
2021-05-08,1,11.9,66.0,6.5,230.0,22.0
2021-05-08,2,12.5,59.0,6.0,200.0,10.7
2021-05-08,3,11.2,75.0,7.3,200.0,7.4
2021-05-08,4,11.8,75.0,5.6,230.0,9.3
2021-05-08,5,12.4,72.0,4.7,200.0,12.9
2021-05-08,6,12.5,74.0,5.6,200.0,11.2
2021-05-08,7,13.4,66.0,6.2,200.0,11.0
2021-05-08,8,14.3,62.0,8.5,200.0,10.7
2021-05-08,9,13.9,68.0,8.9,200.0,11.1
2021-05-08,10,14.3,67.0,9.2,200.0,11.6
2021-05-08,11,14.4,68.0,8.6,230.0,10.3
2021-05-08,12,14.5,72.0,8.6,230.0,9.3
2021-05-08,13,14.4,74.0,8.7,230.0,8.4
2021-05-08,14,14.8,73.0,7.5,230.0,7.9
2021-05-08,15,14.0,70.0,7.7,290.0,6.2
2021-05-08,16,13.5,72.0,6.2,290.0,7.0
2021-05-08,17,12.8,76.0,4.8,320.0,7.5
2021-05-08,18,12.8,77.0,4.1,320.0,9.4
2021-05-08,19,11.7,77.0,3.7,290.0,12.4
2021-05-08,20,10.8,77.0,4.1,290.0,19.9
2021-05-08,21,10.3,77.0,3.3,290.0,31.4
2021-05-08,22,9.6,83.0,0.6,290.0,33.0
2021-05-08,23,10.1,80.0,1.9,320.0,37.5
2021-05-09,0,9.8,78.0,0.0,0.0,38.7
2021-05-09,1,9.5,79.0,0.8,230.0,34.9
2021-05-09,2,10.2,81.0,3.8,270.0,32.3
2021-05-09,3,10.1,75.0,3.2,290.0,35.7
2021-05-09,4,11.6,61.0,5.3,290.0,30.4
2021-05-09,5,11.4,57.0,4.4,290.0,34.7
2021-05-09,6,10.9,59.0,4.0,290.0,33.8
2021-05-09,7,12.0,57.0,5.9,290.0,23.7
2021-05-09,8,13.3,53.0,5.5,290.0,28.8
2021-05-09,9,16.0,29.0,6.5,290.0,27.6
2021-05-09,10,17.6,23.0,5.8,290.0,36.0
2021-05-09,11,18.4,20.0,5.3,290.0,33.7
2021-05-09,12,16.1,33.0,6.3,290.0,32.9
2021-05-09,13,16.9,32.0,5.0,290.0,34.7
2021-05-09,14,17.2,25.0,5.2,290.0,36.3
2021-05-09,15,17.7,25.0,4.8,290.0,31.8
2021-05-09,16,17.5,27.0,5.1,320.0,32.0
2021-05-09,17,17.3,22.0,4.6,290.0,31.8
2021-05-09,18,16.3,26.0,3.3,320.0,31.4
2021-05-09,19,15.9,26.0,2.6,250.0,33.5
2021-05-09,20,14.5,26.0,0.3,0.0,30.6
2021-05-09,21,14.2,26.0,1.0,270.0,39.5
2021-05-09,22,13.8,29.0,0.0,0.0,35.4
2021-05-09,23,11.6,64.0,2.0,90.0,34.7
2021-05-10,0,12.3,56.0,1.7,90.0,37.1
2021-05-10,1,12.8,50.0,0.0,0.0,36.6
2021-05-10,2,12.1,60.0,1.0,200.0,37.2
2021-05-10,3,14.0,38.0,4.0,250.0,22.4
2021-05-10,4,11.0,85.0,4.0,250.0,8.5
2021-05-10,5,10.1,95.0,3.5,180.0,10.9
2021-05-10,6,10.5,92.0,5.1,180.0,23.7
2021-05-10,7,10.3,94.0,5.3,180.0,6.0
2021-05-10,8,10.2,96.0,5.9,180.0,8.7
2021-05-10,9,10.5,95.0,6.2,180.0,12.4
2021-05-10,10,10.6,94.0,8.8,180.0,17.4
2021-05-10,11,10.9,95.0,6.5,180.0,27.7
2021-05-10,12,12.1,93.0,3.6,110.0,29.3
2021-05-10,13,13.5,84.0,3.4,140.0,37.1
2021-05-10,14,13.6,83.0,3.2,140.0,41.7
2021-05-10,15,13.2,81.0,4.0,160.0,38.7
2021-05-10,16,14.3,80.0,3.2,140.0,40.0
2021-05-10,17,13.1,84.0,1.3,70.0,40.8
2021-05-10,18,13.8,78.0,0.5,340.0,43.6
2021-05-10,19,12.2,85.0,2.3,320.0,40.6
2021-05-10,20,10.1,93.0,1.6,320.0,33.2
2021-05-10,21,9.5,94.0,0.0,0.0,27.6
2021-05-10,22,9.5,97.0,0.0,0.0,26.6
2021-05-10,23,10.0,95.0,0.0,0.0,30.6
2021-05-11,0,11.0,89.0,2.3,50.0,36.1
2021-05-11,1,10.6,90.0,0.5,20.0,35.6
2021-05-11,2,11.1,86.0,3.6,20.0,41.8
2021-05-11,3,10.9,88.0,3.0,50.0,41.8
2021-05-11,4,10.2,92.0,2.6,70.0,35.4
2021-05-11,5,11.5,83.0,2.7,20.0,42.5
2021-05-11,6,11.2,85.0,3.1,50.0,33.5
2021-05-11,7,12.5,78.0,2.2,70.0,30.1
2021-05-11,8,13.6,73.0,2.9,90.0,30.4
2021-05-11,9,15.3,69.0,4.2,110.0,24.2
2021-05-11,10,16.4,70.0,3.2,90.0,29.1
2021-05-11,11,18.1,56.0,2.8,110.0,29.3
2021-05-11,12,20.0,42.0,4.4,140.0,30.1
2021-05-11,13,21.1,35.0,4.8,110.0,32.3
2021-05-11,14,21.3,31.0,3.4,110.0,40.7
2021-05-11,15,21.6,26.0,6.6,140.0,36.9
2021-05-11,16,19.6,39.0,4.8,180.0,23.7
2021-05-11,17,19.2,36.0,6.6,180.0,21.3
2021-05-11,18,19.2,38.0,5.7,160.0,21.5
2021-05-11,19,18.7,43.0,5.1,160.0,21.7
2021-05-11,20,17.8,51.0,3.0,140.0,21.9
2021-05-11,21,17.3,54.0,3.1,160.0,23.2
2021-05-11,22,16.5,62.0,3.0,140.0,18.8
2021-05-11,23,15.5,76.0,4.8,160.0,20.6
2021-05-12,0,13.9,94.0,6.3,140.0,20.9
2021-05-12,1,13.8,94.0,4.1,140.0,26.0
2021-05-12,2,13.8,93.0,5.0,110.0,33.3
2021-05-12,3,14.5,79.0,4.1,110.0,41.4
2021-05-12,4,14.9,71.0,4.2,140.0,40.6
2021-05-12,5,14.8,64.0,2.9,140.0,43.3
2021-05-12,6,15.4,52.0,4.5,140.0,38.3
2021-05-12,7,15.5,51.0,3.8,140.0,39.9
2021-05-12,8,15.6,47.0,5.0,140.0,43.0
2021-05-12,9,16.1,44.0,3.2,140.0,42.2
2021-05-12,10,17.2,39.0,4.7,140.0,46.4
2021-05-12,11,17.7,37.0,4.6,140.0,43.6
2021-05-12,12,19.3,36.0,5.0,160.0,43.6
2021-05-12,13,20.0,35.0,3.6,140.0,43.5
2021-05-12,14,19.2,32.0,4.7,160.0,40.8
2021-05-12,15,19.5,26.0,4.9,180.0,38.6
2021-05-12,16,19.2,29.0,3.2,200.0,29.6
2021-05-12,17,20.4,38.0,0.6,250.0,32.5
2021-05-12,18,17.1,49.0,1.9,340.0,36.0
2021-05-12,19,14.0,64.0,1.8,290.0,33.0
2021-05-12,20,12.8,76.0,0.2,0.0,24.8
2021-05-12,21,13.2,64.0,2.2,320.0,29.9
2021-05-12,22,14.3,60.0,2.1,320.0,36.6
2021-05-12,23,14.6,58.0,2.8,320.0,32.7
2021-05-13,0,13.6,62.0,1.9,290.0,32.6
2021-05-13,1,13.8,60.0,1.7,290.0,40.0
2021-05-13,2,14.4,60.0,0.0,0.0,36.3
2021-05-13,3,12.8,69.0,2.4,320.0,32.3
2021-05-13,4,12.7,73.0,2.6,320.0,32.4
2021-05-13,5,13.7,76.0,1.9,320.0,32.5
2021-05-13,6,13.4,78.0,1.8,340.0,32.5
2021-05-13,7,15.5,81.0,0.0,0.0,32.4
2021-05-13,8,17.5,80.0,0.4,0.0,35.1
2021-05-13,9,19.2,80.0,1.5,340.0,41.0
2021-05-13,10,20.3,78.0,2.2,340.0,44.5
2021-05-13,11,20.7,74.0,1.1,340.0,45.3
2021-05-13,12,22.2,71.0,2.8,340.0,45.2
2021-05-13,13,21.3,75.0,3.4,290.0,37.0
2021-05-13,14,18.7,70.0,4.5,320.0,26.9
2021-05-13,15,17.7,73.0,5.9,320.0,23.0
2021-05-13,16,17.4,74.0,4.9,290.0,24.6
2021-05-13,17,17.7,78.0,3.1,290.0,28.8
2021-05-13,18,18.5,77.0,3.2,320.0,27.4
2021-05-13,19,17.5,83.0,3.6,320.0,24.2
2021-05-13,20,16.1,89.0,2.5,290.0,20.6
2021-05-13,21,15.7,90.0,3.8,290.0,17.9
2021-05-13,22,15.4,91.0,1.1,290.0,16.3
2021-05-13,23,15.1,92.0,2.0,290.0,15.2
2021-05-14,0,15.0,93.0,1.4,320.0,15.0
2021-05-14,1,14.9,94.0,1.1,290.0,13.0
2021-05-14,2,14.5,94.0,0.0,0.0,11.1
2021-05-14,3,13.8,96.0,0.0,0.0,9.3
2021-05-14,4,13.7,97.0,0.0,0.0,8.6
2021-05-14,5,15.1,96.0,0.0,0.0,16.7
2021-05-14,6,15.1,97.0,0.0,0.0,14.2
2021-05-14,7,16.4,95.0,1.6,90.0,14.9
2021-05-14,8,17.9,90.0,3.0,90.0,19.3
2021-05-14,9,19.7,80.0,2.4,110.0,20.5
2021-05-14,10,20.2,75.0,3.8,140.0,24.6
2021-05-14,11,22.8,69.0,3.1,140.0,30.5
2021-05-14,12,19.8,81.0,4.1,180.0,21.5
2021-05-14,13,20.5,79.0,5.1,160.0,19.5
2021-05-14,14,22.6,72.0,5.0,160.0,24.2
2021-05-14,15,21.5,69.0,5.0,160.0,21.0
2021-05-14,16,19.9,75.0,4.2,200.0,22.7
2021-05-14,17,19.6,75.0,4.3,200.0,32.0
2021-05-14,18,19.1,77.0,0.0,0.0,25.4
2021-05-14,19,17.4,85.0,0.0,0.0,21.8
2021-05-14,20,15.2,92.0,0.0,0.0,12.3
2021-05-14,21,14.6,96.0,0.0,0.0,6.0
2021-05-14,22,14.6,95.0,0.8,140.0,6.4
2021-05-14,23,14.1,96.0,2.6,180.0,3.3
2021-05-15,0,15.4,96.0,0.0,0.0,8.8
2021-05-15,1,15.7,94.0,0.0,0.0,11.3
2021-05-15,2,16.7,88.0,1.2,110.0,25.3
2021-05-15,3,16.5,92.0,0.0,0.0,15.3
2021-05-15,4,15.1,93.0,2.1,90.0,11.2
2021-05-15,5,15.7,96.0,1.6,110.0,6.7
2021-05-15,6,15.8,98.0,1.8,90.0,2.7
2021-05-15,7,15.7,99.0,1.8,90.0,3.0
2021-05-15,8,17.0,98.0,2.7,90.0,8.1
2021-05-15,9,18.0,93.0,2.4,110.0,16.8
2021-05-15,10,17.7,88.0,3.0,160.0,20.9
2021-05-15,11,16.7,89.0,4.3,160.0,11.4
2021-05-15,12,17.3,95.0,3.7,110.0,4.5
2021-05-15,13,17.2,97.0,3.0,110.0,3.4
2021-05-15,14,17.5,98.0,0.2,0.0,5.1
2021-05-15,15,17.6,97.0,1.8,90.0,4.0
2021-05-15,16,17.8,97.0,1.7,110.0,3.1
2021-05-15,17,18.2,97.0,1.3,90.0,3.4
2021-05-15,18,17.9,96.0,1.4,70.0,2.4
2021-05-15,19,18.5,97.0,0.1,0.0,2.9
2021-05-15,20,16.1,99.0,0.0,0.0,0.7
2021-05-15,21,17.9,99.0,2.5,20.0,9.5
2021-05-15,22,17.0,96.0,0.5,340.0,8.8
2021-05-15,23,18.1,95.0,0.9,50.0,12.7
2021-05-16,0,17.1,97.0,0.0,0.0,6.0
2021-05-16,1,17.8,97.0,0.0,0.0,8.7
2021-05-16,2,16.1,98.0,0.0,0.0,5.4
2021-05-16,3,17.6,98.0,0.2,0.0,5.5
2021-05-16,4,18.4,98.0,0.6,20.0,4.0
2021-05-16,5,15.1,98.0,0.8,290.0,1.8
2021-05-16,6,15.5,99.0,1.3,290.0,1.6
2021-05-16,7,16.1,99.0,2.1,320.0,0.7
2021-05-16,8,15.7,99.0,2.3,320.0,1.5
2021-05-16,9,16.3,99.0,1.9,320.0,1.8
2021-05-16,10,17.8,99.0,0.0,0.0,1.7
2021-05-16,11,17.4,99.0,0.0,0.0,1.4
2021-05-16,12,15.2,99.0,2.3,290.0,0.5
2021-05-16,13,14.4,99.0,2.4,320.0,0.6
2021-05-16,14,15.8,99.0,3.1,340.0,3.6
2021-05-16,15,16.7,99.0,0.0,0.0,1.8
2021-05-16,16,17.5,99.0,0.0,0.0,4.8
2021-05-16,17,17.0,99.0,1.5,20.0,4.8
2021-05-16,18,14.2,99.0,3.4,360.0,1.8
2021-05-16,19,13.2,99.0,4.3,340.0,9.0
2021-05-16,20,13.5,99.0,4.5,360.0,30.5
2021-05-16,21,14.0,99.0,3.3,360.0,27.4
2021-05-16,22,14.5,97.0,2.2,20.0,28.4
2021-05-16,23,11.8,98.0,2.8,320.0,9.0
2021-05-17,0,11.8,99.0,5.6,340.0,8.4
2021-05-17,1,13.0,99.0,2.4,340.0,24.9
2021-05-17,2,12.4,97.0,3.7,360.0,22.1
2021-05-17,3,13.2,93.0,4.2,360.0,31.4
2021-05-17,4,12.9,94.0,1.9,320.0,35.5
2021-05-17,5,11.1,98.0,2.3,320.0,20.0
2021-05-17,6,11.9,97.0,3.6,320.0,31.0
2021-05-17,7,11.7,96.0,1.2,340.0,28.3
2021-05-17,8,12.9,93.0,2.7,290.0,28.1
2021-05-17,9,12.0,93.0,3.2,320.0,29.1
2021-05-17,10,13.9,89.0,3.2,320.0,29.1
2021-05-17,11,12.9,91.0,3.9,320.0,24.4
2021-05-17,12,12.6,90.0,4.6,290.0,26.2
2021-05-17,13,13.4,91.0,4.1,290.0,25.6
2021-05-17,14,15.4,82.0,4.6,320.0,25.5
2021-05-17,15,16.8,78.0,2.3,320.0,31.9
2021-05-17,16,16.3,75.0,3.9,320.0,34.5
2021-05-17,17,17.2,60.0,2.6,320.0,43.1
2021-05-17,18,16.4,55.0,2.4,320.0,45.8
2021-05-17,19,15.3,59.0,0.0,0.0,44.8
2021-05-17,20,13.9,66.0,2.3,290.0,45.0
2021-05-17,21,13.0,71.0,2.3,290.0,40.1
2021-05-17,22,13.6,66.0,1.7,290.0,24.4
2021-05-17,23,14.2,56.0,1.1,180.0,47.2
2021-05-18,0,15.2,43.0,1.4,290.0,45.1
2021-05-18,1,15.1,46.0,0.0,0.0,27.5
2021-05-18,2,12.3,73.0,0.0,0.0,29.5
2021-05-18,3,12.8,60.0,0.0,0.0,18.5
2021-05-18,4,11.2,91.0,2.1,110.0,11.2
2021-05-18,5,11.7,92.0,1.0,160.0,4.8
2021-05-18,6,11.8,88.0,1.7,180.0,5.2
2021-05-18,7,12.7,90.0,1.1,180.0,5.3
2021-05-18,8,16.1,73.0,0.1,0.0,9.1
2021-05-18,9,16.8,76.0,0.5,110.0,12.5
2021-05-18,10,17.0,69.0,2.2,160.0,11.4
2021-05-18,11,18.2,68.0,2.5,180.0,10.9
2021-05-18,12,18.2,63.0,3.5,160.0,11.4
2021-05-18,13,19.5,67.0,2.8,200.0,10.2
2021-05-18,14,20.4,59.0,1.9,340.0,13.2
2021-05-18,15,20.7,55.0,0.0,0.0,13.2
2021-05-18,16,20.2,65.0,0.9,90.0,11.4
2021-05-18,17,19.8,63.0,2.6,200.0,10.8
2021-05-18,18,19.8,62.0,0.0,0.0,11.1
2021-05-18,19,17.2,71.0,2.0,180.0,9.3
2021-05-18,20,14.8,87.0,0.0,0.0,5.9
2021-05-18,21,14.1,96.0,0.0,0.0,2.7
2021-05-18,22,14.8,86.0,1.0,200.0,5.5
2021-05-18,23,14.1,88.0,0.0,0.0,5.9
2021-05-19,0,13.6,95.0,1.1,180.0,2.1
2021-05-19,1,12.7,96.0,0.0,0.0,3.1
2021-05-19,2,11.8,97.0,0.0,0.0,2.0
2021-05-19,3,11.1,99.0,1.3,160.0,0.1
2021-05-19,4,10.8,99.0,1.8,140.0,0.1
2021-05-19,5,11.6,99.0,1.8,140.0,0.1
2021-05-19,6,10.8,99.0,2.4,110.0,0.1
2021-05-19,7,11.6,99.0,1.5,140.0,0.1
2021-05-19,8,12.9,99.0,1.4,140.0,0.3
2021-05-19,9,15.3,99.0,3.6,140.0,6.1
2021-05-19,10,16.3,84.0,3.4,180.0,9.2
2021-05-19,11,15.5,86.0,3.0,180.0,13.4
2021-05-19,12,16.7,81.0,3.5,180.0,15.3
2021-05-19,13,15.9,85.0,5.2,180.0,17.3
2021-05-19,14,17.3,75.0,5.3,180.0,21.1
2021-05-19,15,18.7,74.0,3.9,180.0,19.1
2021-05-19,16,17.7,76.0,4.2,180.0,17.2
2021-05-19,17,17.8,76.0,3.5,180.0,17.0
2021-05-19,18,17.5,75.0,3.2,180.0,16.6
2021-05-19,19,15.5,90.0,4.7,180.0,11.5
2021-05-19,20,14.9,89.0,2.4,180.0,10.4
2021-05-19,21,15.4,80.0,3.1,180.0,10.6
2021-05-19,22,12.3,97.0,2.7,90.0,0.2
2021-05-19,23,13.6,99.0,1.7,110.0,1.8
2021-05-20,0,14.2,98.0,0.0,0.0,4.2
2021-05-20,1,14.5,91.0,0.0,0.0,5.8
2021-05-20,2,14.2,87.0,2.0,90.0,8.2
2021-05-20,3,14.4,83.0,2.6,70.0,10.7
2021-05-20,4,13.9,84.0,0.6,110.0,12.3
2021-05-20,5,14.6,79.0,0.0,0.0,15.2
2021-05-20,6,15.2,85.0,0.0,0.0,13.0
2021-05-20,7,15.8,71.0,2.6,70.0,21.2
2021-05-20,8,16.6,64.0,2.3,70.0,25.1
2021-05-20,9,16.9,67.0,1.3,70.0,22.4
2021-05-20,10,18.0,66.0,0.0,0.0,21.3
2021-05-20,11,18.7,59.0,0.0,0.0,24.1
2021-05-20,12,16.8,68.0,4.4,20.0,17.6
2021-05-20,13,16.1,63.0,3.8,360.0,30.6
2021-05-20,14,16.0,65.0,4.5,340.0,25.7
2021-05-20,15,16.5,59.0,5.1,340.0,27.0
2021-05-20,16,16.3,64.0,4.5,340.0,26.2
2021-05-20,17,16.6,66.0,4.9,360.0,19.0
2021-05-20,18,14.3,84.0,6.3,340.0,8.0
2021-05-20,19,13.7,89.0,5.5,360.0,7.8
2021-05-20,20,12.9,91.0,4.8,340.0,8.4
2021-05-20,21,13.8,88.0,5.8,340.0,20.6
2021-05-20,22,14.1,85.0,3.8,340.0,27.3
2021-05-20,23,13.9,87.0,6.1,360.0,33.0
2021-05-21,0,13.8,87.0,5.6,360.0,33.7
2021-05-21,1,13.1,89.0,4.1,340.0,29.9
2021-05-21,2,13.9,87.0,4.1,340.0,35.6
2021-05-21,3,12.9,88.0,5.8,340.0,30.7
2021-05-21,4,12.8,87.0,2.9,320.0,23.1
2021-05-21,5,12.3,89.0,3.5,320.0,17.3
2021-05-21,6,12.0,92.0,4.3,290.0,15.5
2021-05-21,7,12.2,91.0,2.8,290.0,14.8
2021-05-21,8,13.7,82.0,4.1,340.0,38.8
2021-05-21,9,14.9,82.0,2.5,360.0,45.5
2021-05-21,10,14.0,87.0,0.7,290.0,43.9
2021-05-21,11,16.4,74.0,0.5,20.0,43.6
2021-05-21,12,18.7,62.0,1.0,90.0,42.1
2021-05-21,13,18.7,65.0,1.5,340.0,46.8
2021-05-21,14,19.7,53.0,2.4,360.0,49.6
2021-05-21,15,20.5,52.0,2.7,360.0,50.0
2021-05-21,16,18.1,60.0,4.8,290.0,45.3
2021-05-21,17,18.0,61.0,2.6,290.0,44.1
2021-05-21,18,19.3,53.0,1.8,290.0,49.4
2021-05-21,19,17.8,61.0,1.7,230.0,49.0
2021-05-21,20,16.0,68.0,0.6,200.0,49.5
2021-05-21,21,15.2,75.0,0.0,0.0,44.5
2021-05-21,22,14.9,76.0,1.4,230.0,46.7
2021-05-21,23,13.7,80.0,0.3,0.0,39.5
2021-05-22,0,14.0,81.0,0.0,0.0,49.9
2021-05-22,1,14.4,84.0,0.0,0.0,31.3
2021-05-22,2,11.9,92.0,2.4,90.0,21.0
2021-05-22,3,12.0,93.0,2.3,90.0,19.3
2021-05-22,4,12.6,92.0,2.0,110.0,22.6
2021-05-22,5,14.0,85.0,0.0,0.0,24.8
2021-05-22,6,13.6,88.0,0.0,0.0,18.6
2021-05-22,7,14.4,92.0,0.3,0.0,11.0
2021-05-22,8,16.1,84.0,0.2,0.0,19.5
2021-05-22,9,17.5,74.0,0.0,0.0,23.1
2021-05-22,10,17.9,75.0,2.7,180.0,22.6
2021-05-22,11,18.9,68.0,2.1,180.0,20.6
2021-05-22,12,18.1,74.0,3.5,200.0,18.7
2021-05-22,13,19.7,66.0,2.5,200.0,21.3
2021-05-22,14,20.1,62.0,3.2,180.0,23.4
2021-05-22,15,19.9,61.0,3.1,200.0,27.2
2021-05-22,16,19.8,57.0,3.9,180.0,32.4
2021-05-22,17,19.1,62.0,2.0,200.0,35.2
2021-05-22,18,18.6,68.0,0.9,160.0,28.7
2021-05-22,19,16.7,78.0,0.3,0.0,24.7
2021-05-22,20,14.3,93.0,1.8,110.0,8.3
2021-05-22,21,14.3,95.0,4.0,180.0,5.6
2021-05-22,22,14.8,92.0,3.3,180.0,10.7
2021-05-22,23,14.6,90.0,3.2,180.0,18.4
2021-05-23,0,14.8,91.0,4.3,180.0,12.6
2021-05-23,1,14.8,93.0,1.8,180.0,7.0
2021-05-23,2,14.1,91.0,1.8,140.0,15.6
2021-05-23,3,12.9,96.0,2.1,90.0,11.2
2021-05-23,4,12.9,95.0,1.9,90.0,10.1
2021-05-23,5,13.0,95.0,2.0,110.0,7.7
2021-05-23,6,13.4,96.0,2.2,160.0,6.7
2021-05-23,7,14.8,96.0,1.6,160.0,7.7
2021-05-23,8,15.6,93.0,4.6,160.0,19.7
2021-05-23,9,16.6,87.0,4.5,160.0,29.4
2021-05-23,10,16.9,85.0,5.0,160.0,30.9
2021-05-23,11,16.3,85.0,6.1,160.0,26.8
2021-05-23,12,16.5,86.0,6.1,160.0,28.3
2021-05-23,13,16.1,87.0,4.1,180.0,23.1
2021-05-23,14,17.0,76.0,3.8,180.0,35.5
2021-05-23,15,17.0,73.0,3.5,180.0,42.3
2021-05-23,16,15.9,79.0,2.6,180.0,31.2
2021-05-23,17,16.9,76.0,3.6,180.0,36.5
2021-05-23,18,16.9,81.0,4.8,200.0,35.0
2021-05-23,19,16.2,89.0,1.5,230.0,21.2
2021-05-23,20,15.2,92.0,2.2,250.0,10.4
2021-05-23,21,14.9,94.0,0.0,0.0,6.8
2021-05-23,22,14.8,96.0,4.1,290.0,3.5
2021-05-23,23,14.4,97.0,4.4,320.0,3.8
2021-05-24,0,14.1,98.0,2.9,320.0,2.9
2021-05-24,1,13.4,99.0,2.5,320.0,2.2
2021-05-24,2,13.2,99.0,3.5,320.0,6.1
2021-05-24,3,12.6,99.0,3.2,320.0,1.1
2021-05-24,4,12.5,99.0,2.8,320.0,2.7
2021-05-24,5,12.2,99.0,4.3,320.0,1.3
2021-05-24,6,11.7,99.0,3.9,320.0,0.2
2021-05-24,7,12.1,99.0,4.4,290.0,0.8
2021-05-24,8,13.8,99.0,4.8,290.0,10.0
2021-05-24,9,15.2,88.0,5.4,290.0,11.2
2021-05-24,10,17.2,75.0,4.3,320.0,12.7
2021-05-24,11,17.6,75.0,4.0,290.0,11.4
2021-05-24,12,17.9,75.0,5.2,320.0,10.4
2021-05-24,13,17.1,79.0,6.3,290.0,10.1
2021-05-24,14,17.4,79.0,4.2,320.0,9.1
2021-05-24,15,19.9,60.0,1.6,270.0,11.0
2021-05-24,16,19.5,63.0,1.0,70.0,11.2
2021-05-24,17,20.4,36.0,5.1,290.0,14.8
2021-05-24,18,20.1,32.0,5.1,270.0,16.2
2021-05-24,19,17.8,53.0,3.7,270.0,14.5
2021-05-24,20,15.3,90.0,4.2,250.0,7.9
2021-05-24,21,15.2,83.0,5.1,250.0,11.2
2021-05-24,22,15.7,65.0,3.0,250.0,16.4
2021-05-24,23,15.7,62.0,2.4,230.0,16.9
2021-05-25,0,15.6,63.0,3.5,230.0,15.8
2021-05-25,1,15.7,62.0,2.2,250.0,15.9
2021-05-25,2,14.2,80.0,0.0,0.0,13.4
2021-05-25,3,15.5,46.0,5.8,290.0,11.3
2021-05-25,4,14.0,64.0,2.6,250.0,11.0
2021-05-25,5,10.9,94.0,9.3,320.0,4.7
2021-05-25,6,10.3,97.0,5.1,110.0,13.6
2021-05-25,7,11.2,94.0,2.7,140.0,24.8
2021-05-25,8,12.0,89.0,3.9,180.0,30.7
2021-05-25,9,13.9,81.0,2.1,180.0,41.9
2021-05-25,10,15.1,76.0,4.0,230.0,45.4
2021-05-25,11,16.8,75.0,5.5,250.0,35.7
2021-05-25,12,17.4,55.0,8.4,270.0,35.4
2021-05-25,13,17.4,62.0,8.5,270.0,30.4
2021-05-25,14,17.5,65.0,7.4,270.0,25.8
2021-05-25,15,18.1,54.0,7.3,290.0,32.2
2021-05-25,16,18.0,46.0,7.2,270.0,37.1
2021-05-25,17,18.1,37.0,6.0,290.0,44.0
2021-05-25,18,17.8,35.0,4.6,270.0,46.1
2021-05-25,19,16.8,46.0,2.1,270.0,40.4
2021-05-25,20,14.4,72.0,3.0,250.0,30.9
2021-05-25,21,13.4,84.0,1.7,200.0,26.3
2021-05-25,22,13.5,79.0,3.2,230.0,31.9
2021-05-25,23,13.4,78.0,3.6,230.0,35.9
2021-05-26,0,12.6,83.0,0.0,0.0,33.6
2021-05-26,1,13.8,71.0,3.1,180.0,37.8
2021-05-26,2,11.9,92.0,2.7,110.0,23.7
2021-05-26,3,13.1,94.0,4.1,140.0,15.2
2021-05-26,4,13.4,96.0,5.5,160.0,7.7
2021-05-26,5,12.9,98.0,5.1,140.0,2.5
2021-05-26,6,13.2,99.0,6.3,140.0,3.4
2021-05-26,7,14.2,96.0,7.3,140.0,12.2
2021-05-26,8,14.8,90.0,6.2,140.0,16.0
2021-05-26,9,15.4,88.0,6.2,160.0,16.4
2021-05-26,10,16.0,84.0,10.2,160.0,16.2
2021-05-26,11,17.8,69.0,8.9,160.0,20.1
2021-05-26,12,18.4,67.0,8.7,180.0,20.0
2021-05-26,13,19.5,66.0,8.8,200.0,19.7
2021-05-26,14,19.6,69.0,7.0,200.0,18.1
2021-05-26,15,20.1,70.0,5.9,180.0,17.4
2021-05-26,16,18.5,76.0,6.5,200.0,16.4
2021-05-26,17,17.8,80.0,7.5,200.0,15.4
2021-05-26,18,17.8,81.0,6.9,200.0,15.6
2021-05-26,19,16.6,89.0,6.5,200.0,11.7
2021-05-26,20,17.0,89.0,6.5,200.0,9.3
2021-05-26,21,15.7,91.0,5.2,180.0,10.2
2021-05-26,22,16.5,86.0,7.3,230.0,17.2
2021-05-26,23,15.6,91.0,7.1,200.0,14.0
2021-05-27,0,16.0,92.0,8.5,230.0,16.3
2021-05-27,1,15.5,94.0,7.3,200.0,14.9
2021-05-27,2,15.3,95.0,6.7,230.0,13.5
2021-05-27,3,14.8,97.0,5.6,230.0,7.8
2021-05-27,4,14.7,98.0,7.9,230.0,7.6
2021-05-27,5,14.7,98.0,7.4,230.0,7.2
2021-05-27,6,14.7,99.0,7.0,230.0,4.1
2021-05-27,7,14.1,99.0,6.1,270.0,3.8
2021-05-27,8,12.8,99.0,8.4,320.0,1.8
2021-05-27,9,13.1,99.0,6.2,320.0,7.1
2021-05-27,10,15.3,93.0,6.6,290.0,10.3
2021-05-27,11,16.0,90.0,7.5,290.0,9.4
2021-05-27,12,16.6,88.0,7.0,290.0,6.4
2021-05-27,13,16.1,85.0,6.8,290.0,4.9
2021-05-27,14,16.0,84.0,7.4,290.0,6.1
2021-05-27,15,17.1,74.0,5.7,290.0,10.2
2021-05-27,16,17.9,67.0,5.1,290.0,16.9
2021-05-27,17,18.9,60.0,4.0,290.0,21.7
2021-05-27,18,18.9,56.0,2.2,290.0,19.2
2021-05-27,19,17.3,63.0,2.2,250.0,24.7
2021-05-27,20,14.6,89.0,1.0,200.0,11.5
2021-05-27,21,14.2,89.0,2.7,200.0,12.7
2021-05-27,22,13.7,89.0,2.4,180.0,10.1
2021-05-27,23,14.2,86.0,2.3,250.0,12.7
2021-05-28,0,13.5,91.0,0.6,340.0,6.9
2021-05-28,1,13.8,96.0,2.6,160.0,5.7
2021-05-28,2,13.5,94.0,4.4,160.0,7.4
2021-05-28,3,13.4,92.0,6.9,160.0,5.2
2021-05-28,4,12.7,96.0,8.8,160.0,5.3
2021-05-28,5,12.6,97.0,11.4,140.0,6.2
2021-05-28,6,12.5,96.0,10.3,160.0,9.2
2021-05-28,7,13.2,93.0,3.9,140.0,13.0
2021-05-28,8,13.7,90.0,7.3,140.0,16.1
2021-05-28,9,14.5,89.0,7.4,160.0,12.9
2021-05-28,10,14.5,89.0,6.4,140.0,10.5
2021-05-28,11,15.8,88.0,4.5,160.0,12.8
2021-05-28,12,18.1,80.0,6.1,250.0,14.8
2021-05-28,13,17.8,81.0,6.6,270.0,15.2
2021-05-28,14,16.7,88.0,9.2,290.0,10.5
2021-05-28,15,16.7,88.0,8.6,290.0,7.8
2021-05-28,16,15.7,87.0,8.9,290.0,6.9
2021-05-28,17,15.9,86.0,8.7,290.0,7.5
2021-05-28,18,15.2,84.0,7.7,290.0,14.2
2021-05-28,19,14.6,83.0,6.9,320.0,18.0
2021-05-28,20,14.2,86.0,6.0,290.0,18.5
2021-05-28,21,14.4,85.0,6.4,290.0,20.6
2021-05-28,22,13.7,89.0,5.6,290.0,16.2
2021-05-28,23,13.5,91.0,4.9,320.0,15.7
2021-05-29,0,13.4,93.0,5.1,290.0,13.8
2021-05-29,1,13.3,84.0,5.2,290.0,31.8
2021-05-29,2,12.4,89.0,2.6,320.0,28.3
2021-05-29,3,11.7,91.0,1.8,340.0,25.6
2021-05-29,4,11.7,93.0,3.5,270.0,27.5
2021-05-29,5,12.0,91.0,3.2,270.0,33.9
2021-05-29,6,13.0,87.0,2.7,290.0,45.2
2021-05-29,7,14.5,82.0,1.9,340.0,45.0
2021-05-29,8,14.9,83.0,1.4,360.0,42.1
2021-05-29,9,16.8,65.0,1.7,20.0,49.6
2021-05-29,10,15.4,74.0,0.1,0.0,49.5
2021-05-29,11,17.5,60.0,1.5,290.0,46.8
2021-05-29,12,17.1,63.0,1.7,360.0,47.6
2021-05-29,13,14.5,80.0,2.7,360.0,44.3
2021-05-29,14,13.0,91.0,3.1,360.0,22.3
2021-05-29,15,13.5,95.0,3.1,70.0,19.7
2021-05-29,16,13.5,91.0,4.2,110.0,46.1
2021-05-29,17,13.4,93.0,2.6,70.0,47.6
2021-05-29,18,14.1,89.0,3.9,110.0,46.0
2021-05-29,19,14.2,87.0,3.7,110.0,49.3
2021-05-29,20,13.3,92.0,2.4,140.0,45.8
2021-05-29,21,13.1,93.0,3.2,110.0,41.4
2021-05-29,22,12.8,95.0,2.6,110.0,32.4
2021-05-29,23,12.4,96.0,2.4,110.0,28.9
2021-05-30,0,12.1,95.0,2.0,110.0,29.2
2021-05-30,1,11.7,97.0,0.0,0.0,19.4
2021-05-30,2,11.6,98.0,1.9,90.0,10.3
2021-05-30,3,11.3,98.0,0.0,0.0,19.7
2021-05-30,4,11.5,97.0,1.9,90.0,23.0
2021-05-30,5,11.2,96.0,1.8,90.0,28.2
2021-05-30,6,11.4,97.0,1.8,110.0,22.1
2021-05-30,7,12.9,95.0,2.4,90.0,29.4
2021-05-30,8,13.6,90.0,3.6,110.0,37.8
2021-05-30,9,15.6,81.0,3.0,110.0,41.0
2021-05-30,10,16.8,74.0,3.8,110.0,49.4
2021-05-30,11,17.8,70.0,3.7,110.0,49.3
2021-05-30,12,19.8,56.0,4.9,140.0,46.5
2021-05-30,13,20.2,55.0,5.4,140.0,47.4
2021-05-30,14,20.1,53.0,5.0,140.0,48.3
2021-05-30,15,19.1,53.0,4.5,140.0,47.7
2021-05-30,16,19.3,52.0,2.8,140.0,44.7
2021-05-30,17,18.8,51.0,4.1,160.0,45.1
2021-05-30,18,19.0,50.0,2.1,110.0,38.1
2021-05-30,19,16.4,70.0,0.0,0.0,37.6
2021-05-30,20,16.7,69.0,0.0,0.0,28.3
2021-05-30,21,16.8,70.0,0.0,0.0,26.4
2021-05-30,22,15.3,93.0,3.3,140.0,9.0
2021-05-30,23,15.6,92.0,3.0,140.0,11.6
2021-05-31,0,14.8,97.0,3.7,110.0,4.0
2021-05-31,1,15.2,98.0,3.7,110.0,4.1
2021-05-31,2,14.9,99.0,1.9,90.0,1.1
2021-05-31,3,15.0,99.0,2.6,110.0,0.6
2021-05-31,4,14.9,99.0,2.6,140.0,1.3
2021-05-31,5,14.7,99.0,3.2,110.0,3.3
2021-05-31,6,14.7,99.0,2.5,110.0,3.5
2021-05-31,7,14.9,99.0,3.0,90.0,6.7
2021-05-31,8,15.1,97.0,3.5,90.0,9.2
2021-05-31,9,15.9,92.0,3.8,110.0,16.5
2021-05-31,10,16.8,92.0,3.1,110.0,25.1
2021-05-31,11,17.0,91.0,3.9,140.0,22.8
2021-05-31,12,18.5,85.0,5.8,140.0,29.8
2021-05-31,13,18.1,85.0,6.2,140.0,24.9
2021-05-31,14,19.4,82.0,5.5,140.0,25.8
2021-05-31,15,17.7,88.0,7.0,140.0,18.2
2021-05-31,16,18.4,88.0,6.1,140.0,19.2
2021-05-31,17,16.9,92.0,7.2,140.0,14.1
2021-05-31,18,16.5,96.0,6.6,140.0,7.9
2021-05-31,19,15.5,98.0,6.8,140.0,1.2
2021-05-31,20,15.1,99.0,7.3,140.0,1.4
2021-05-31,21,15.0,99.0,7.0,160.0,1.2
2021-05-31,22,15.2,99.0,7.3,140.0,6.2
2021-05-31,23,15.3,92.0,6.3,140.0,16.2
2021-06-01,0,15.3,90.0,6.9,140.0,25.5
2021-06-01,1,15.5,83.0,6.3,140.0,27.2
2021-06-01,2,16.1,84.0,7.0,160.0,26.9
2021-06-01,3,14.7,94.0,1.4,90.0,5.5
2021-06-01,4,15.3,95.0,0.1,0.0,2.2
2021-06-01,5,14.8,98.0,4.8,140.0,5.3
2021-06-01,6,14.8,98.0,5.0,140.0,10.9
2021-06-01,7,14.9,90.0,10.3,160.0,27.9
2021-06-01,8,15.1,89.0,6.8,140.0,28.1
2021-06-01,9,14.7,95.0,6.8,160.0,11.5
2021-06-01,10,15.5,97.0,2.5,180.0,6.4
2021-06-01,11,16.7,94.0,7.2,200.0,10.8
2021-06-01,12,16.1,96.0,6.5,200.0,4.4
2021-06-01,13,14.8,97.0,4.8,110.0,2.7
2021-06-01,14,15.5,98.0,6.1,180.0,4.9
2021-06-01,15,16.6,95.0,2.8,160.0,10.9
2021-06-01,16,16.6,95.0,3.8,160.0,11.3
2021-06-01,17,16.5,90.0,3.3,160.0,15.1
2021-06-01,18,16.2,91.0,4.4,140.0,14.5
2021-06-01,19,16.5,87.0,2.9,140.0,13.9
2021-06-01,20,16.6,85.0,3.2,110.0,20.3
2021-06-01,21,15.3,92.0,2.5,110.0,12.6
2021-06-01,22,16.0,89.0,1.9,110.0,15.7
2021-06-01,23,15.2,91.0,1.6,90.0,11.7
2021-06-02,0,15.4,93.0,2.5,110.0,10.6
2021-06-02,1,15.3,93.0,1.6,110.0,11.1
2021-06-02,2,15.4,91.0,3.3,110.0,13.3
2021-06-02,3,15.3,92.0,3.8,110.0,11.8
2021-06-02,4,15.2,94.0,0.5,140.0,8.2
2021-06-02,5,16.3,93.0,4.4,160.0,11.3
2021-06-02,6,16.4,90.0,5.1,140.0,14.3
2021-06-02,7,17.1,89.0,5.8,140.0,17.1
2021-06-02,8,17.8,84.0,6.7,140.0,19.7
2021-06-02,9,18.5,84.0,4.5,140.0,17.2
2021-06-02,10,19.0,82.0,6.2,140.0,18.6
2021-06-02,11,20.0,80.0,5.7,140.0,17.6
2021-06-02,12,19.0,82.0,6.0,140.0,7.5
2021-06-02,13,19.7,80.0,5.0,140.0,8.0
2021-06-02,14,19.6,77.0,5.8,140.0,8.9
2021-06-02,15,20.2,73.0,4.4,140.0,8.6
2021-06-02,16,20.8,68.0,4.4,160.0,9.6
2021-06-02,17,18.8,78.0,4.4,160.0,5.9
2021-06-02,18,18.0,81.0,3.0,180.0,7.1
2021-06-02,19,18.1,85.0,2.8,160.0,9.9
2021-06-02,20,17.9,94.0,2.6,180.0,8.1
2021-06-02,21,17.6,96.0,3.1,160.0,8.2
2021-06-02,22,19.3,95.0,4.5,200.0,16.1
2021-06-02,23,18.5,97.0,5.9,200.0,11.0
2021-06-03,0,18.5,92.0,4.5,200.0,23.5
2021-06-03,1,18.8,82.0,4.0,230.0,39.7
2021-06-03,2,17.7,89.0,2.4,200.0,26.9
2021-06-03,3,16.8,98.0,1.8,180.0,5.2
2021-06-03,4,16.8,95.0,1.9,180.0,13.2
2021-06-03,5,15.8,99.0,1.7,140.0,2.9
2021-06-03,6,16.1,99.0,0.3,0.0,0.3
2021-06-03,7,15.8,99.0,0.7,180.0,0.9
2021-06-03,8,16.0,99.0,4.6,140.0,1.4
2021-06-03,9,15.6,99.0,3.2,160.0,0.3
2021-06-03,10,15.9,99.0,3.1,180.0,1.1
2021-06-03,11,15.8,99.0,2.7,180.0,0.9
2021-06-03,12,16.3,99.0,2.9,180.0,2.0
2021-06-03,13,16.4,99.0,2.0,200.0,2.6
2021-06-03,14,17.0,99.0,2.4,250.0,3.1
2021-06-03,15,16.9,99.0,2.6,270.0,2.1
2021-06-03,16,16.2,99.0,2.4,320.0,3.6
2021-06-03,17,15.4,99.0,6.2,340.0,22.9
2021-06-03,18,15.9,99.0,0.1,0.0,47.2
2021-06-03,19,15.7,97.0,2.4,140.0,29.3
2021-06-03,20,14.6,97.0,5.6,290.0,16.5
2021-06-03,21,15.1,99.0,2.8,290.0,6.9
2021-06-03,22,14.8,99.0,2.4,270.0,12.6
2021-06-03,23,14.4,99.0,3.1,290.0,0.3
2021-06-04,0,13.7,99.0,4.7,270.0,0.6
2021-06-04,1,13.1,99.0,0.0,0.0,6.0
2021-06-04,2,13.3,97.0,0.0,0.0,7.4
2021-06-04,3,13.4,87.0,1.7,290.0,26.6
2021-06-04,4,13.7,84.0,0.0,0.0,26.8
2021-06-04,5,13.5,89.0,2.8,250.0,19.1
2021-06-04,6,14.6,83.0,1.7,250.0,23.4
2021-06-04,7,12.9,97.0,2.2,90.0,10.1
2021-06-04,8,17.2,74.0,3.1,230.0,28.6
2021-06-04,9,19.2,54.0,3.7,250.0,39.0
2021-06-04,10,20.2,46.0,6.3,250.0,44.4
2021-06-04,11,20.6,45.0,7.8,250.0,38.7
2021-06-04,12,22.4,33.0,6.5,250.0,46.8
2021-06-04,13,21.5,43.0,5.4,200.0,33.5
2021-06-04,14,22.1,39.0,6.0,230.0,32.5
2021-06-04,15,22.0,38.0,7.1,230.0,33.4
2021-06-04,16,22.8,24.0,9.2,250.0,49.2
2021-06-04,17,21.2,34.0,6.6,230.0,47.3
2021-06-04,18,19.8,41.0,6.8,230.0,38.6
2021-06-04,19,18.1,63.0,6.8,230.0,20.2
2021-06-04,20,17.4,75.0,6.5,230.0,13.6
2021-06-04,21,17.1,81.0,6.9,230.0,10.8
2021-06-04,22,17.5,79.0,8.0,230.0,10.1
2021-06-04,23,17.2,80.0,6.6,230.0,9.7
2021-06-05,0,17.3,84.0,8.3,230.0,7.7
2021-06-05,1,17.0,88.0,7.8,250.0,5.9
2021-06-05,2,16.7,91.0,6.2,250.0,4.9
2021-06-05,3,16.0,93.0,2.4,230.0,4.0
2021-06-05,4,14.8,95.0,0.0,0.0,2.5
2021-06-05,5,14.5,97.0,0.0,0.0,2.4
2021-06-05,6,14.5,98.0,0.0,0.0,2.2
2021-06-05,7,15.9,97.0,0.0,0.0,3.4
2021-06-05,8,16.8,92.0,0.0,0.0,4.3
2021-06-05,9,17.9,89.0,1.6,110.0,4.5
2021-06-05,10,19.4,83.0,0.5,90.0,6.5
2021-06-05,11,21.1,70.0,0.3,0.0,12.8
2021-06-05,12,19.5,74.0,3.9,180.0,8.6
2021-06-05,13,21.7,65.0,3.1,180.0,9.4
2021-06-05,14,22.8,46.0,2.8,290.0,18.1
2021-06-05,15,24.3,29.0,3.6,270.0,30.1
2021-06-05,16,22.0,50.0,4.0,200.0,19.1
2021-06-05,17,22.1,48.0,4.1,230.0,28.2
2021-06-05,18,20.8,49.0,4.5,200.0,22.8
2021-06-05,19,20.5,44.0,4.0,200.0,33.6
2021-06-05,20,20.0,42.0,5.0,200.0,35.1
2021-06-05,21,19.3,49.0,4.6,200.0,30.7
2021-06-05,22,20.4,38.0,5.8,230.0,48.4
2021-06-05,23,18.3,53.0,2.8,200.0,31.4
2021-06-06,0,14.7,85.0,2.0,110.0,11.1
2021-06-06,1,14.9,89.0,3.6,180.0,9.2
2021-06-06,2,14.5,93.0,1.7,140.0,5.3
2021-06-06,3,13.9,97.0,2.1,90.0,0.5
2021-06-06,4,14.4,99.0,3.1,140.0,0.1
2021-06-06,5,14.4,99.0,2.7,140.0,0.1
2021-06-06,6,14.7,99.0,5.2,140.0,0.2
2021-06-06,7,15.3,99.0,4.4,140.0,0.3
2021-06-06,8,15.4,99.0,4.6,140.0,0.3
2021-06-06,9,15.4,99.0,5.0,140.0,0.3
2021-06-06,10,15.9,99.0,3.8,110.0,0.6
2021-06-06,11,17.9,99.0,4.3,140.0,5.9
2021-06-06,12,18.5,99.0,6.0,140.0,7.0
2021-06-06,13,18.3,93.0,5.3,160.0,12.2
2021-06-06,14,19.5,88.0,5.1,140.0,13.5
2021-06-06,15,19.9,85.0,6.1,160.0,15.6
2021-06-06,16,20.0,85.0,4.8,160.0,14.9
2021-06-06,17,19.7,85.0,5.4,160.0,15.8
2021-06-06,18,18.8,90.0,5.6,160.0,13.7
2021-06-06,19,17.8,94.0,5.3,160.0,10.7
2021-06-06,20,17.4,96.0,5.2,160.0,6.6
2021-06-06,21,16.8,97.0,4.9,160.0,4.6
2021-06-06,22,16.6,99.0,4.5,140.0,3.7
2021-06-06,23,16.1,99.0,3.6,140.0,0.2
2021-06-07,0,15.9,99.0,3.4,110.0,0.1
2021-06-07,1,16.4,99.0,2.4,110.0,0.2
2021-06-07,2,16.5,99.0,4.3,140.0,0.2
2021-06-07,3,16.6,99.0,2.8,110.0,0.2
2021-06-07,4,16.6,99.0,3.7,140.0,0.5
2021-06-07,5,16.3,99.0,2.9,110.0,0.2
2021-06-07,6,16.2,99.0,3.4,140.0,0.2
2021-06-07,7,16.2,99.0,3.1,140.0,0.2
2021-06-07,8,16.5,99.0,3.5,110.0,0.2
2021-06-07,9,16.8,99.0,5.5,140.0,0.5
2021-06-07,10,16.3,99.0,4.6,140.0,0.3
2021-06-07,11,16.1,99.0,2.6,110.0,0.2
2021-06-07,12,17.5,99.0,4.0,140.0,1.3
2021-06-07,13,17.3,99.0,5.7,160.0,2.6
2021-06-07,14,18.7,99.0,5.9,140.0,15.3
2021-06-07,15,18.7,90.0,6.4,140.0,21.3
2021-06-07,16,18.2,89.0,5.6,110.0,18.0
2021-06-07,17,17.9,92.0,4.7,110.0,17.2
2021-06-07,18,18.2,91.0,5.0,140.0,24.4
2021-06-07,19,17.7,94.0,3.6,110.0,18.1
2021-06-07,20,17.9,94.0,3.1,110.0,13.9
2021-06-07,21,17.6,96.0,6.3,140.0,15.4
2021-06-07,22,17.1,97.0,5.1,140.0,9.9
2021-06-07,23,16.0,99.0,4.0,110.0,4.0
2021-06-08,0,16.9,99.0,3.0,110.0,5.0
2021-06-08,1,16.3,99.0,3.7,90.0,8.2
2021-06-08,2,15.9,98.0,2.2,90.0,9.8
2021-06-08,3,17.1,98.0,5.4,140.0,14.7
2021-06-08,4,16.3,96.0,6.8,140.0,15.7
2021-06-08,5,15.9,99.0,6.1,160.0,0.2
2021-06-08,6,16.8,99.0,6.9,160.0,1.1
2021-06-08,7,16.6,99.0,6.5,160.0,1.8
2021-06-08,8,17.1,99.0,6.2,160.0,6.2
2021-06-08,9,16.6,99.0,2.8,140.0,0.6
2021-06-08,10,16.4,99.0,1.8,90.0,0.2
2021-06-08,11,17.1,99.0,4.2,110.0,3.9
2021-06-08,12,17.5,99.0,4.7,140.0,13.0
2021-06-08,13,16.9,99.0,7.3,140.0,5.9
2021-06-08,14,17.1,99.0,7.2,140.0,14.6
2021-06-08,15,18.0,98.0,6.4,160.0,21.6
2021-06-08,16,17.6,97.0,6.3,160.0,11.5
2021-06-08,17,16.9,99.0,4.4,140.0,1.3
2021-06-08,18,17.0,99.0,3.9,160.0,1.4
2021-06-08,19,16.2,99.0,1.7,140.0,1.5
2021-06-08,20,16.1,99.0,2.5,140.0,0.5
2021-06-08,21,16.3,99.0,0.5,110.0,0.2
2021-06-08,22,16.3,99.0,1.5,110.0,0.3
2021-06-08,23,17.1,99.0,1.8,140.0,0.2
2021-06-09,0,15.9,99.0,1.8,180.0,0.1
2021-06-09,1,16.6,99.0,3.7,180.0,0.2
2021-06-09,2,16.3,99.0,3.4,180.0,0.3
2021-06-09,3,16.8,99.0,2.5,180.0,0.4
2021-06-09,4,16.7,99.0,1.5,180.0,0.2
2021-06-09,5,16.5,99.0,2.1,160.0,0.3
2021-06-09,6,15.5,99.0,1.3,110.0,0.2
2021-06-09,7,16.0,99.0,1.6,90.0,0.3
2021-06-09,8,16.3,99.0,1.6,110.0,0.6
2021-06-09,9,17.4,99.0,1.9,200.0,41.4
2021-06-09,10,18.6,99.0,2.2,180.0,50.0
2021-06-09,11,20.9,89.0,2.4,110.0,49.1
2021-06-09,12,21.8,83.0,2.7,110.0,41.1
2021-06-09,13,22.0,76.0,2.5,200.0,48.0
2021-06-09,14,23.6,74.0,2.8,110.0,47.3
2021-06-09,15,23.8,72.0,2.6,180.0,49.7
2021-06-09,16,24.2,67.0,2.6,180.0,46.9
2021-06-09,17,24.3,64.0,3.1,160.0,48.5
2021-06-09,18,23.3,67.0,2.8,180.0,38.3
2021-06-09,19,22.9,74.0,2.9,160.0,35.0
2021-06-09,20,20.3,87.0,2.7,180.0,8.0
2021-06-09,21,20.9,83.0,3.7,180.0,23.0
2021-06-09,22,22.2,78.0,4.5,160.0,32.4
2021-06-09,23,17.9,94.0,0.0,0.0,5.3
2021-06-10,0,19.6,87.0,0.6,140.0,13.4
2021-06-10,1,19.5,88.0,2.1,140.0,10.4
2021-06-10,2,19.5,87.0,3.7,110.0,13.9
2021-06-10,3,19.4,89.0,3.1,140.0,15.4
2021-06-10,4,20.4,83.0,6.2,140.0,24.1
2021-06-10,5,19.7,84.0,6.4,140.0,17.7
2021-06-10,6,18.1,92.0,1.8,230.0,8.2
2021-06-10,7,18.2,96.0,2.4,200.0,4.8
2021-06-10,8,17.7,99.0,4.6,160.0,0.8
2021-06-10,9,17.9,99.0,5.8,160.0,1.9
2021-06-10,10,17.4,99.0,5.2,160.0,1.6
2021-06-10,11,17.3,99.0,5.9,160.0,1.6
2021-06-10,12,17.0,99.0,6.7,160.0,1.9
2021-06-10,13,16.7,99.0,5.3,140.0,2.0
2021-06-10,14,17.0,99.0,6.1,160.0,2.3
2021-06-10,15,17.4,99.0,3.9,180.0,1.8
2021-06-10,16,16.9,99.0,1.8,180.0,1.8
2021-06-10,17,17.2,99.0,0.0,0.0,0.9
2021-06-10,18,16.8,99.0,2.4,90.0,0.2
2021-06-10,19,16.7,99.0,3.1,70.0,0.5
2021-06-10,20,16.8,99.0,3.5,70.0,0.3
2021-06-10,21,17.4,99.0,7.5,110.0,1.5
2021-06-10,22,16.7,99.0,6.4,110.0,2.3
2021-06-10,23,17.6,99.0,5.8,110.0,3.5
2021-06-11,0,17.5,99.0,5.7,140.0,3.9
2021-06-11,1,17.2,99.0,4.6,160.0,1.7
2021-06-11,2,16.3,99.0,3.4,340.0,0.2
2021-06-11,3,15.8,99.0,3.0,290.0,0.3
2021-06-11,4,15.7,99.0,3.8,320.0,0.2
2021-06-11,5,16.5,99.0,2.2,270.0,8.0
2021-06-11,6,16.4,99.0,3.8,290.0,1.6
2021-06-11,7,16.5,99.0,3.5,290.0,0.3
2021-06-11,8,16.8,99.0,2.3,290.0,3.8
2021-06-11,9,17.6,100.0,2.5,320.0,8.9
2021-06-11,10,19.7,100.0,1.3,270.0,41.5
2021-06-11,11,19.1,95.0,0.0,0.0,27.1
2021-06-11,12,20.2,93.0,1.4,180.0,25.4
2021-06-11,13,20.8,88.0,0.5,20.0,21.9
2021-06-11,14,18.4,99.0,1.0,340.0,6.3
2021-06-11,15,21.4,89.0,2.2,140.0,18.9
2021-06-11,16,19.9,93.0,0.9,340.0,23.6
2021-06-11,17,20.1,91.0,0.2,0.0,20.5
2021-06-11,18,18.6,97.0,0.0,0.0,14.2
2021-06-11,19,18.1,98.0,0.0,0.0,7.6
2021-06-11,20,16.8,99.0,0.0,0.0,0.5
2021-06-11,21,16.2,99.0,0.0,0.0,0.3
2021-06-11,22,16.4,99.0,0.0,0.0,0.1
2021-06-11,23,16.3,99.0,0.0,0.0,0.2
2021-06-12,0,15.8,99.0,0.0,0.0,0.3
2021-06-12,1,15.4,99.0,1.1,180.0,0.2
2021-06-12,2,15.2,99.0,0.4,0.0,0.2
2021-06-12,3,15.0,99.0,0.0,0.0,0.1
2021-06-12,4,14.7,99.0,2.4,90.0,0.2
2021-06-12,5,14.6,99.0,0.0,0.0,1.1
2021-06-12,6,15.0,99.0,0.0,0.0,0.4
2021-06-12,7,16.3,99.0,0.0,0.0,0.4
2021-06-12,8,17.5,99.0,0.2,0.0,7.0
2021-06-12,9,19.2,99.0,1.5,140.0,16.2
2021-06-12,10,18.9,98.0,2.0,290.0,37.2
2021-06-12,11,17.2,99.0,3.3,290.0,5.8
2021-06-12,12,19.5,94.0,2.4,320.0,21.8
2021-06-12,13,19.0,90.0,2.7,290.0,43.3
2021-06-12,14,17.8,91.0,4.7,290.0,35.0
2021-06-12,15,18.0,93.0,4.3,320.0,49.1
2021-06-12,16,16.4,95.0,6.1,290.0,3.1
2021-06-12,17,16.3,99.0,5.0,290.0,0.3
2021-06-12,18,16.3,99.0,4.3,290.0,2.0
2021-06-12,19,16.5,98.0,2.2,290.0,50.0
2021-06-12,20,16.0,97.0,1.9,290.0,49.0
2021-06-12,21,15.7,98.0,1.9,320.0,34.5
2021-06-12,22,14.8,98.0,2.6,320.0,34.4
2021-06-12,23,14.6,99.0,3.5,320.0,33.8
2021-06-13,0,14.2,99.0,3.7,290.0,2.5
2021-06-13,1,14.7,99.0,3.8,320.0,46.8
2021-06-13,2,14.1,99.0,4.8,320.0,0.3
2021-06-13,3,14.2,99.0,3.6,290.0,0.3
2021-06-13,4,14.3,99.0,3.3,320.0,0.4
2021-06-13,5,14.6,99.0,4.3,290.0,0.2
2021-06-13,6,14.9,99.0,3.6,290.0,0.2
2021-06-13,7,14.7,99.0,3.1,320.0,0.2
2021-06-13,8,14.9,99.0,4.3,290.0,0.2
2021-06-13,9,16.0,99.0,3.0,320.0,45.0
2021-06-13,10,17.5,97.0,3.2,320.0,50.0
2021-06-13,11,17.4,89.0,3.7,320.0,50.0
2021-06-13,12,18.3,79.0,3.7,290.0,50.0
2021-06-13,13,18.2,84.0,3.8,320.0,50.0
2021-06-13,14,19.5,87.0,2.8,320.0,47.3
2021-06-13,15,17.5,95.0,3.3,320.0,9.4
2021-06-13,16,19.7,87.0,2.8,270.0,18.1
2021-06-13,17,18.1,90.0,3.2,320.0,12.5
2021-06-13,18,19.2,90.0,0.0,0.0,12.5
2021-06-13,19,17.2,92.0,1.3,90.0,11.6
2021-06-13,20,14.4,99.0,0.0,0.0,0.3
2021-06-13,21,15.1,99.0,0.0,0.0,0.1
2021-06-13,22,15.8,99.0,0.0,0.0,0.1
2021-06-13,23,16.4,99.0,1.5,230.0,1.5
2021-06-14,0,16.1,99.0,0.2,0.0,0.8
2021-06-14,1,15.1,99.0,0.0,0.0,0.3
2021-06-14,2,15.7,99.0,2.3,230.0,2.0
2021-06-14,3,16.4,99.0,0.1,0.0,3.0
2021-06-14,4,14.9,99.0,1.4,90.0,0.4
2021-06-14,5,14.9,99.0,1.6,110.0,0.2
2021-06-14,6,14.9,99.0,1.5,110.0,0.1
2021-06-14,7,15.5,99.0,1.8,140.0,0.1
2021-06-14,8,15.7,99.0,2.6,180.0,0.4
2021-06-14,9,16.4,99.0,1.2,140.0,7.6
2021-06-14,10,16.3,99.0,2.7,140.0,1.4
2021-06-14,11,17.5,99.0,3.8,140.0,4.9
2021-06-14,12,18.3,99.0,3.3,160.0,16.3
2021-06-14,13,18.2,97.0,0.7,180.0,11.6
2021-06-14,14,19.2,95.0,1.7,200.0,12.0
2021-06-14,15,18.4,94.0,1.7,180.0,0.8
2021-06-14,16,19.5,92.0,2.5,140.0,13.0
2021-06-14,17,17.1,96.0,2.4,200.0,6.4
2021-06-14,18,17.2,98.0,1.9,180.0,13.7
2021-06-14,19,17.4,98.0,0.0,0.0,12.9
2021-06-14,20,16.5,99.0,1.3,180.0,7.7
2021-06-14,21,16.7,99.0,1.2,140.0,3.5
2021-06-14,22,16.4,99.0,0.9,90.0,0.3
2021-06-14,23,15.9,99.0,2.1,110.0,0.4
2021-06-15,0,16.1,99.0,1.8,110.0,1.0
2021-06-15,1,16.8,99.0,0.0,0.0,12.7
2021-06-15,2,16.7,99.0,0.0,0.0,18.5
2021-06-15,3,16.8,99.0,2.7,160.0,13.8
2021-06-15,4,16.9,99.0,4.5,160.0,11.8
2021-06-15,5,16.9,99.0,4.3,160.0,10.9
2021-06-15,6,16.9,99.0,6.1,160.0,6.0
2021-06-15,7,16.9,99.0,6.2,160.0,4.4
2021-06-15,8,17.3,99.0,1.7,140.0,5.7
2021-06-15,9,17.6,99.0,3.3,160.0,6.0
2021-06-15,10,19.5,96.0,2.7,110.0,12.6
2021-06-15,11,18.6,97.0,1.1,90.0,10.4
2021-06-15,12,18.0,99.0,1.1,90.0,2.1
2021-06-15,13,18.2,99.0,2.3,90.0,0.5
2021-06-15,14,18.8,99.0,1.7,70.0,1.2
2021-06-15,15,19.1,99.0,2.9,70.0,0.8
2021-06-15,16,19.2,99.0,1.0,90.0,6.2
2021-06-15,17,20.4,99.0,2.0,70.0,10.0
2021-06-15,18,20.6,98.0,0.0,0.0,9.1
2021-06-15,19,19.3,98.0,0.0,0.0,10.2
2021-06-15,20,17.9,98.0,0.0,0.0,5.3
2021-06-15,21,19.9,95.0,2.5,50.0,15.1
2021-06-15,22,19.5,94.0,2.0,70.0,18.0
2021-06-15,23,18.9,96.0,2.3,360.0,16.5
2021-06-16,0,19.9,94.0,2.6,50.0,28.8
2021-06-16,1,19.3,95.0,3.1,70.0,24.7
2021-06-16,2,18.8,94.0,1.9,90.0,33.1
2021-06-16,3,18.5,93.0,1.6,90.0,33.9
2021-06-16,4,18.7,88.0,3.5,90.0,49.6
2021-06-16,5,18.7,86.0,2.3,90.0,50.0
2021-06-16,6,19.1,84.0,1.1,70.0,50.0
2021-06-16,7,20.6,78.0,2.3,70.0,50.0
2021-06-16,8,21.1,79.0,3.6,90.0,49.1
2021-06-16,9,21.5,79.0,3.7,90.0,50.0
2021-06-16,10,23.2,69.0,3.9,90.0,50.0
2021-06-16,11,24.3,64.0,5.1,90.0,50.0
2021-06-16,12,24.5,62.0,3.2,90.0,50.0
2021-06-16,13,26.9,54.0,2.3,140.0,44.4
2021-06-16,14,26.4,54.0,1.6,90.0,50.0
2021-06-16,15,26.5,51.0,3.1,140.0,50.0
2021-06-16,16,22.7,67.0,3.6,320.0,47.9
2021-06-16,17,21.3,77.0,4.1,320.0,46.0
2021-06-16,18,20.7,78.0,1.9,320.0,47.2
2021-06-16,19,22.5,72.0,2.0,340.0,49.9
2021-06-16,20,21.2,82.0,0.0,0.0,33.8
2021-06-16,21,20.3,87.0,0.0,0.0,49.1
2021-06-16,22,20.8,80.0,0.0,0.0,50.0
2021-06-16,23,21.3,77.0,0.0,0.0,50.0
2021-06-17,0,22.4,75.0,3.3,140.0,50.0
2021-06-17,1,21.7,75.0,3.2,110.0,50.0
2021-06-17,2,19.9,86.0,0.4,0.0,44.5
2021-06-17,3,20.3,82.0,3.4,140.0,50.0
2021-06-17,4,19.8,82.0,4.4,140.0,49.9
2021-06-17,5,19.2,85.0,4.3,140.0,50.0
2021-06-17,6,18.6,88.0,3.2,110.0,49.7
2021-06-17,7,19.0,87.0,5.4,140.0,50.0
2021-06-17,8,18.5,91.0,3.7,110.0,46.4
2021-06-17,9,19.7,86.0,3.7,110.0,42.7
2021-06-17,10,20.0,83.0,4.4,140.0,45.9
2021-06-17,11,19.3,88.0,6.1,140.0,26.5
2021-06-17,12,18.7,86.0,7.3,160.0,33.8
2021-06-17,13,18.5,88.0,4.4,160.0,25.3
2021-06-17,14,18.8,87.0,5.8,160.0,22.8
2021-06-17,15,18.4,91.0,4.7,160.0,14.7
2021-06-17,16,18.7,90.0,3.4,160.0,17.4
2021-06-17,17,18.9,91.0,2.1,160.0,17.6
2021-06-17,18,18.5,91.0,2.4,160.0,15.8
2021-06-17,19,17.8,95.0,3.7,180.0,10.3
2021-06-17,20,17.6,98.0,2.6,160.0,6.6
2021-06-17,21,17.2,99.0,2.5,180.0,3.9
2021-06-17,22,17.3,99.0,2.4,180.0,2.2
2021-06-17,23,19.2,99.0,4.6,200.0,7.4
2021-06-18,0,18.9,99.0,4.7,200.0,3.5
2021-06-18,1,18.8,99.0,4.8,200.0,3.7
2021-06-18,2,18.7,99.0,5.5,200.0,3.7
2021-06-18,3,18.4,99.0,4.8,200.0,4.3
2021-06-18,4,19.0,99.0,5.8,230.0,6.0
2021-06-18,5,18.6,99.0,5.7,270.0,0.6
2021-06-18,6,18.1,99.0,4.5,290.0,0.3
2021-06-18,7,17.7,99.0,5.4,320.0,0.3
2021-06-18,8,18.3,99.0,5.1,320.0,0.4
2021-06-18,9,18.6,99.0,3.1,290.0,6.6
2021-06-18,10,20.0,97.0,3.6,320.0,30.5
2021-06-18,11,20.3,91.0,4.1,290.0,24.0
2021-06-18,12,19.9,92.0,4.1,320.0,19.5
2021-06-18,13,21.7,87.0,2.2,270.0,39.5
2021-06-18,14,19.4,91.0,4.2,290.0,16.3
2021-06-18,15,19.5,92.0,3.0,320.0,12.0
2021-06-18,16,19.1,93.0,0.0,0.0,9.0
2021-06-18,17,19.0,94.0,2.5,320.0,6.0
2021-06-18,18,19.3,94.0,1.8,250.0,5.5
2021-06-18,19,19.3,92.0,1.1,270.0,5.3
2021-06-18,20,18.1,95.0,1.1,320.0,4.1
2021-06-18,21,18.1,96.0,0.0,0.0,3.9
2021-06-18,22,17.0,99.0,0.0,0.0,1.7
2021-06-18,23,16.5,99.0,0.0,0.0,1.4
2021-06-19,0,16.6,99.0,0.1,0.0,0.1
2021-06-19,1,16.9,99.0,0.0,0.0,0.1
2021-06-19,2,16.6,99.0,0.0,0.0,0.3
2021-06-19,3,16.1,99.0,1.2,140.0,0.5
2021-06-19,4,15.3,99.0,2.4,160.0,0.7
2021-06-19,5,15.2,99.0,2.6,140.0,1.4
2021-06-19,6,15.3,99.0,3.8,140.0,1.9
2021-06-19,7,15.4,99.0,5.2,140.0,2.4
2021-06-19,8,16.0,99.0,4.7,140.0,3.8
2021-06-19,9,17.1,95.0,5.1,140.0,4.2
2021-06-19,10,18.4,92.0,5.0,140.0,4.6
2021-06-19,11,19.5,86.0,5.9,140.0,5.5
2021-06-19,12,19.5,88.0,6.0,140.0,6.0
2021-06-19,13,18.5,93.0,6.9,160.0,3.9
2021-06-19,14,19.4,94.0,5.1,160.0,4.8
2021-06-19,15,19.1,94.0,4.5,160.0,3.9
2021-06-19,16,19.8,92.0,5.4,180.0,5.4
2021-06-19,17,19.1,95.0,4.3,180.0,4.9
2021-06-19,18,18.1,98.0,3.8,180.0,1.8
2021-06-19,19,18.0,99.0,2.6,160.0,0.7
2021-06-19,20,16.6,99.0,2.6,110.0,0.1
2021-06-19,21,16.8,99.0,2.8,140.0,0.1
2021-06-19,22,16.6,99.0,4.3,160.0,0.2
2021-06-19,23,16.9,99.0,6.2,160.0,0.3
2021-06-20,0,17.0,99.0,5.0,140.0,0.2
2021-06-20,1,17.0,99.0,5.3,140.0,0.2
2021-06-20,2,17.3,99.0,4.4,140.0,0.1
2021-06-20,3,17.5,99.0,4.9,140.0,0.1
2021-06-20,4,17.4,99.0,4.4,140.0,0.1
2021-06-20,5,17.4,99.0,4.7,140.0,0.1
2021-06-20,6,17.5,99.0,5.2,140.0,0.1
2021-06-20,7,17.3,99.0,5.4,140.0,0.1
2021-06-20,8,17.3,99.0,5.2,140.0,0.1
2021-06-20,9,17.4,99.0,4.9,140.0,0.2
2021-06-20,10,17.6,99.0,4.3,140.0,0.3
2021-06-20,11,18.3,99.0,3.5,110.0,1.0
2021-06-20,12,18.4,99.0,2.8,90.0,1.1
2021-06-20,13,20.1,99.0,2.6,90.0,3.8
2021-06-20,14,21.8,88.0,1.3,70.0,6.1
2021-06-20,15,23.2,82.0,2.2,360.0,8.8
2021-06-20,16,23.2,79.0,2.9,340.0,11.1
2021-06-20,17,17.6,97.0,4.3,320.0,0.3
2021-06-20,18,17.5,99.0,4.1,320.0,0.2
2021-06-20,19,16.9,99.0,3.5,320.0,0.1
2021-06-20,20,16.4,99.0,2.2,290.0,0.1
2021-06-20,21,15.8,99.0,1.3,320.0,1.0
2021-06-20,22,17.0,99.0,4.3,290.0,0.2
2021-06-20,23,18.1,99.0,3.4,290.0,0.2
2021-06-21,0,18.4,99.0,2.7,290.0,0.1
2021-06-21,1,17.2,99.0,0.0,0.0,2.7
2021-06-21,2,16.8,99.0,0.0,0.0,4.7
2021-06-21,3,17.6,92.0,2.2,290.0,7.8
2021-06-21,4,16.7,98.0,1.3,290.0,5.4
2021-06-21,5,16.6,96.0,0.1,0.0,2.7
2021-06-21,6,18.2,96.0,0.0,0.0,5.2
2021-06-21,7,19.7,94.0,1.1,290.0,5.6
2021-06-21,8,20.2,89.0,0.8,340.0,8.3
2021-06-21,9,21.5,86.0,0.0,0.0,11.1
2021-06-21,10,22.9,80.0,0.0,0.0,13.7
2021-06-21,11,24.4,72.0,0.8,140.0,18.0
2021-06-21,12,23.9,64.0,2.5,320.0,24.8
2021-06-21,13,24.1,61.0,3.1,320.0,30.9
2021-06-21,14,25.1,51.0,2.4,290.0,44.0
2021-06-21,15,25.3,51.0,2.5,290.0,46.3
2021-06-21,16,25.1,44.0,2.0,290.0,48.2
2021-06-21,17,23.8,47.0,2.6,290.0,43.8
2021-06-21,18,23.0,58.0,2.0,270.0,40.9
2021-06-21,19,23.0,53.0,0.3,0.0,50.0
2021-06-21,20,20.1,80.0,2.0,270.0,24.0
2021-06-21,21,21.2,53.0,0.3,0.0,50.0
2021-06-21,22,18.1,83.0,0.0,0.0,31.4
2021-06-21,23,19.9,82.0,0.0,0.0,23.8
2021-06-22,0,20.0,84.0,3.3,270.0,12.6
2021-06-22,1,20.5,78.0,3.7,230.0,21.4
2021-06-22,2,18.3,90.0,2.7,50.0,14.2
2021-06-22,3,18.9,89.0,0.9,70.0,13.6
2021-06-22,4,18.0,92.0,2.3,90.0,12.8
2021-06-22,5,17.7,92.0,1.6,180.0,13.8
2021-06-22,6,17.4,94.0,1.5,90.0,13.1
2021-06-22,7,19.1,92.0,2.0,90.0,23.6
2021-06-22,8,20.2,81.0,3.2,90.0,35.9
2021-06-22,9,21.6,71.0,2.3,110.0,41.5
2021-06-22,10,21.5,87.0,4.5,160.0,13.0
2021-06-22,11,21.2,87.0,4.1,180.0,13.5
2021-06-22,12,21.8,81.0,4.5,160.0,18.4
2021-06-22,13,21.8,65.0,5.0,160.0,43.1
2021-06-22,14,22.0,70.0,3.3,200.0,30.1
2021-06-22,15,21.9,62.0,3.6,180.0,36.5
2021-06-22,16,22.6,59.0,1.4,200.0,43.5
2021-06-22,17,23.8,50.0,0.7,200.0,47.2
2021-06-22,18,20.8,80.0,0.5,90.0,22.1
2021-06-22,19,19.4,83.0,0.5,70.0,19.5
2021-06-22,20,19.6,87.0,0.0,0.0,23.0
2021-06-22,21,18.7,84.0,0.0,0.0,27.5
2021-06-22,22,18.4,89.0,0.0,0.0,22.5
2021-06-22,23,17.5,91.0,0.0,0.0,20.8
2021-06-23,0,19.4,81.0,2.3,20.0,33.6
2021-06-23,1,18.8,85.0,0.0,0.0,27.4
2021-06-23,2,18.0,91.0,0.7,90.0,20.0
2021-06-23,3,17.8,94.0,0.1,0.0,15.4
2021-06-23,4,18.0,96.0,0.0,0.0,13.5
2021-06-23,5,17.6,94.0,1.4,90.0,18.0
2021-06-23,6,17.4,96.0,0.0,0.0,12.7
2021-06-23,7,18.0,97.0,0.0,0.0,12.9
2021-06-23,8,20.8,80.0,0.0,0.0,30.0
2021-06-23,9,22.2,70.0,0.0,0.0,46.7
2021-06-23,10,22.8,67.0,2.5,360.0,46.5
2021-06-23,11,23.1,62.0,2.9,290.0,46.7
2021-06-23,12,22.2,66.0,3.9,290.0,37.7
2021-06-23,13,21.9,71.0,4.1,290.0,36.3
2021-06-23,14,21.2,80.0,4.2,320.0,25.2
2021-06-23,15,21.8,72.0,4.5,290.0,36.3
2021-06-23,16,21.8,72.0,4.0,320.0,36.3
2021-06-23,17,21.5,70.0,3.9,320.0,33.9
2021-06-23,18,21.2,67.0,3.8,320.0,44.2
2021-06-23,19,20.7,68.0,2.8,290.0,40.9
2021-06-23,20,18.6,84.0,3.8,290.0,33.5
2021-06-23,21,18.1,95.0,3.6,320.0,15.4
2021-06-23,22,17.9,97.0,2.8,290.0,10.4
2021-06-23,23,17.8,98.0,3.4,320.0,5.7
2021-06-24,0,18.0,99.0,3.3,320.0,7.9
2021-06-24,1,18.3,98.0,2.1,320.0,8.9
2021-06-24,2,17.5,97.0,0.0,0.0,10.0
2021-06-24,3,17.6,96.0,1.1,320.0,11.6
2021-06-24,4,17.7,95.0,0.0,0.0,10.1
2021-06-24,5,17.7,96.0,0.0,0.0,8.6
2021-06-24,6,18.3,97.0,0.0,0.0,8.2
2021-06-24,7,19.0,91.0,0.0,0.0,11.5
2021-06-24,8,21.1,77.0,0.0,0.0,26.9
2021-06-24,9,22.0,67.0,1.4,110.0,35.2
2021-06-24,10,22.4,72.0,2.0,110.0,33.0
2021-06-24,11,22.2,63.0,3.3,140.0,40.2
2021-06-24,12,22.4,68.0,2.3,160.0,36.3
2021-06-24,13,23.2,69.0,2.2,160.0,32.4
2021-06-24,14,23.6,68.0,0.7,180.0,26.0
2021-06-24,15,24.0,70.0,0.3,0.0,30.5
2021-06-24,16,23.4,60.0,1.2,90.0,33.0
2021-06-24,17,22.0,77.0,0.2,0.0,20.0
2021-06-24,18,22.5,78.0,0.0,0.0,19.1
2021-06-24,19,21.0,87.0,0.0,0.0,14.4
2021-06-24,20,20.0,91.0,0.0,0.0,9.7
2021-06-24,21,18.9,94.0,0.0,0.0,8.3
2021-06-24,22,18.6,95.0,0.0,0.0,8.4
2021-06-24,23,18.7,95.0,0.0,0.0,7.9
2021-06-25,0,19.0,94.0,0.0,0.0,7.2
2021-06-25,1,18.1,97.0,0.0,0.0,5.4
2021-06-25,2,17.7,98.0,0.0,0.0,3.8
2021-06-25,3,17.3,99.0,1.7,200.0,1.8
2021-06-25,4,17.8,99.0,0.0,0.0,2.9
2021-06-25,5,17.2,99.0,0.0,0.0,3.2
2021-06-25,6,17.1,99.0,0.7,110.0,0.3
2021-06-25,7,17.7,99.0,1.6,110.0,3.8
2021-06-25,8,18.8,99.0,0.0,0.0,3.7
2021-06-25,9,20.7,94.0,1.0,160.0,9.2
2021-06-25,10,19.1,95.0,2.8,110.0,2.5
2021-06-25,11,20.2,96.0,4.0,140.0,6.9
2021-06-25,12,21.7,89.0,4.0,140.0,18.7
2021-06-25,13,21.4,86.0,3.9,140.0,24.2
2021-06-25,14,20.7,88.0,4.3,160.0,23.7
2021-06-25,15,20.3,90.0,4.4,160.0,13.8
2021-06-25,16,19.6,93.0,2.0,160.0,7.4
2021-06-25,17,18.6,96.0,1.8,200.0,5.8
2021-06-25,18,18.6,98.0,0.2,0.0,3.9
2021-06-25,19,18.5,99.0,1.9,180.0,1.7
2021-06-25,20,18.8,99.0,2.5,160.0,1.6
2021-06-25,21,18.3,99.0,2.0,110.0,2.5
2021-06-25,22,18.6,99.0,0.0,0.0,2.4
2021-06-25,23,18.2,99.0,2.7,180.0,1.5
2021-06-26,0,18.3,99.0,3.1,180.0,0.8
2021-06-26,1,19.3,99.0,3.3,180.0,0.6
2021-06-26,2,19.3,99.0,4.0,160.0,0.2
2021-06-26,3,19.1,99.0,4.4,160.0,0.2
2021-06-26,4,18.7,99.0,3.0,140.0,0.2
2021-06-26,5,18.8,99.0,4.2,140.0,0.4
2021-06-26,6,18.6,99.0,5.1,140.0,0.2
2021-06-26,7,18.8,99.0,6.1,140.0,0.3
2021-06-26,8,19.3,99.0,5.3,140.0,0.3
2021-06-26,9,19.4,99.0,3.7,140.0,0.3
2021-06-26,10,19.4,99.0,4.3,140.0,0.4
2021-06-26,11,19.6,99.0,5.4,140.0,0.9
2021-06-26,12,19.4,99.0,6.3,140.0,3.1
2021-06-26,13,19.9,99.0,6.6,140.0,6.6
2021-06-26,14,20.3,96.0,5.4,140.0,7.8
2021-06-26,15,20.2,94.0,5.2,140.0,6.4
2021-06-26,16,20.5,95.0,3.3,160.0,4.8
2021-06-26,17,20.5,96.0,3.6,160.0,4.5
2021-06-26,18,21.0,93.0,3.4,160.0,7.8
2021-06-26,19,20.2,94.0,4.3,140.0,5.6
2021-06-26,20,20.1,95.0,4.3,140.0,5.2
2021-06-26,21,20.1,96.0,3.5,140.0,4.4
2021-06-26,22,20.3,92.0,3.0,160.0,5.7
2021-06-26,23,20.2,92.0,3.0,140.0,5.4
2021-06-27,0,20.2,93.0,4.6,140.0,3.9
2021-06-27,1,20.2,94.0,2.8,110.0,4.5
2021-06-27,2,19.8,96.0,2.4,110.0,4.5
2021-06-27,3,19.7,97.0,2.2,110.0,3.8
2021-06-27,4,19.4,98.0,1.6,140.0,3.5
2021-06-27,5,19.6,97.0,3.9,160.0,5.2
2021-06-27,6,18.8,99.0,2.3,110.0,2.4
2021-06-27,7,20.2,94.0,2.9,110.0,10.9
2021-06-27,8,20.9,90.0,2.8,140.0,17.2
2021-06-27,9,21.0,89.0,3.1,110.0,15.2
2021-06-27,10,22.9,85.0,3.4,110.0,20.8
2021-06-27,11,23.1,82.0,3.3,110.0,16.1
2021-06-27,12,24.4,77.0,3.9,140.0,20.0
2021-06-27,13,23.8,76.0,3.2,180.0,12.9
2021-06-27,14,23.2,79.0,3.3,180.0,14.0
2021-06-27,15,24.2,74.0,4.5,180.0,17.0
2021-06-27,16,23.7,71.0,4.0,180.0,27.5
2021-06-27,17,22.3,75.0,0.0,0.0,19.3
2021-06-27,18,21.0,86.0,0.0,0.0,12.3
2021-06-27,19,20.1,94.0,0.1,0.0,5.9
2021-06-27,20,21.2,90.0,0.0,0.0,7.0
2021-06-27,21,19.9,94.0,0.0,0.0,8.7
2021-06-27,22,19.4,93.0,2.3,320.0,10.7
2021-06-27,23,19.2,95.0,1.3,290.0,7.1
2021-06-28,0,19.8,92.0,0.0,0.0,9.0
2021-06-28,1,20.6,87.0,1.7,290.0,17.6
2021-06-28,2,19.5,92.0,3.1,320.0,9.3
2021-06-28,3,19.1,94.0,1.7,290.0,6.0
2021-06-28,4,18.3,96.0,1.0,340.0,4.2
2021-06-28,5,18.4,97.0,0.0,0.0,4.2
2021-06-28,6,19.8,93.0,0.0,0.0,8.0
2021-06-28,7,20.7,91.0,0.1,0.0,10.2
2021-06-28,8,22.1,89.0,0.0,0.0,12.4
2021-06-28,9,23.6,82.0,0.2,0.0,16.1
2021-06-28,10,23.9,78.0,3.3,140.0,18.9
2021-06-28,11,24.7,78.0,2.9,160.0,19.0
2021-06-28,12,25.1,77.0,3.4,160.0,13.4
2021-06-28,13,24.8,78.0,3.1,180.0,12.9
2021-06-28,14,24.7,73.0,2.6,140.0,12.1
2021-06-28,15,25.3,71.0,0.8,110.0,11.8
2021-06-28,16,23.6,82.0,1.3,290.0,12.3
2021-06-28,17,23.7,76.0,2.2,320.0,15.2
2021-06-28,18,23.1,80.0,1.6,320.0,14.1
2021-06-28,19,22.7,85.0,0.0,0.0,13.7
2021-06-28,20,21.2,93.0,0.0,0.0,10.3
2021-06-28,21,20.3,95.0,0.0,0.0,8.9
2021-06-28,22,20.0,97.0,0.0,0.0,4.2
2021-06-28,23,19.9,99.0,0.0,0.0,5.2
2021-06-29,0,19.8,97.0,0.0,0.0,8.1
2021-06-29,1,19.9,97.0,0.0,0.0,4.8
2021-06-29,2,19.8,97.0,0.0,0.0,5.0
2021-06-29,3,20.0,99.0,0.0,0.0,4.0
2021-06-29,4,20.8,94.0,0.0,0.0,9.5
2021-06-29,5,20.4,95.0,0.0,0.0,7.6
2021-06-29,6,20.6,95.0,0.0,0.0,8.8
2021-06-29,7,20.3,96.0,1.8,110.0,5.5
2021-06-29,8,20.9,96.0,0.0,0.0,6.8
2021-06-29,9,22.4,88.0,0.5,200.0,11.9
2021-06-29,10,22.5,86.0,2.0,200.0,13.8
2021-06-29,11,23.2,84.0,2.6,180.0,15.6
2021-06-29,12,24.2,78.0,3.2,200.0,16.5
2021-06-29,13,25.8,72.0,2.4,200.0,21.4
2021-06-29,14,24.6,79.0,3.3,180.0,16.1
2021-06-29,15,24.3,77.0,3.3,180.0,17.7
2021-06-29,16,23.9,85.0,2.8,200.0,16.1
2021-06-29,17,23.8,86.0,2.7,180.0,13.2
2021-06-29,18,23.4,90.0,3.3,200.0,13.3
2021-06-29,19,23.1,90.0,3.0,230.0,12.2
2021-06-29,20,22.1,95.0,1.1,200.0,4.5
2021-06-29,21,20.5,98.0,1.9,180.0,2.3
2021-06-29,22,19.5,99.0,0.0,0.0,1.2
2021-06-29,23,19.2,99.0,0.0,0.0,4.6
2021-06-30,0,19.1,99.0,0.0,0.0,2.0
2021-06-30,1,19.3,99.0,0.0,0.0,2.2
2021-06-30,2,19.9,99.0,0.0,0.0,1.1
2021-06-30,3,19.4,99.0,2.4,180.0,0.3
2021-06-30,4,18.9,99.0,1.0,200.0,0.3
2021-06-30,5,19.1,99.0,2.5,180.0,0.3
2021-06-30,6,19.1,99.0,1.9,180.0,0.2
2021-06-30,7,20.1,99.0,1.6,180.0,0.8
2021-06-30,8,19.7,99.0,1.7,180.0,0.3
2021-06-30,9,19.7,99.0,2.6,180.0,1.4
2021-06-30,10,21.5,99.0,2.7,180.0,10.4
2021-06-30,11,23.1,90.0,2.5,180.0,12.8
2021-06-30,12,23.2,91.0,4.5,160.0,8.9
2021-06-30,13,23.7,91.0,4.9,160.0,9.0
2021-06-30,14,24.4,85.0,3.5,180.0,11.9
2021-06-30,15,24.8,77.0,5.0,180.0,19.9
2021-06-30,16,24.5,81.0,4.3,180.0,19.1
2021-06-30,17,24.3,80.0,3.6,180.0,19.6
2021-06-30,18,23.1,86.0,2.9,200.0,12.9
2021-06-30,19,21.3,92.0,2.2,180.0,10.6
2021-06-30,20,19.9,99.0,1.9,180.0,0.2
2021-06-30,21,19.6,99.0,2.8,180.0,0.3
2021-06-30,22,18.6,99.0,1.9,180.0,0.2
2021-06-30,23,18.5,99.0,0.0,0.0,0.2
2021-07-01,0,18.4,99.0,1.6,160.0,0.2
2021-07-01,1,18.5,99.0,0.0,0.0,0.2
2021-07-01,2,17.8,99.0,1.6,90.0,0.1
2021-07-01,3,18.7,99.0,2.3,140.0,0.2
2021-07-01,4,18.8,99.0,1.9,140.0,0.2
2021-07-01,5,18.6,99.0,1.9,140.0,0.2
2021-07-01,6,19.2,99.0,2.4,140.0,0.4
2021-07-01,7,19.2,99.0,0.0,0.0,0.2
2021-07-01,8,19.5,99.0,1.7,110.0,0.2
2021-07-01,9,20.0,99.0,2.9,180.0,0.7
2021-07-01,10,21.1,99.0,4.3,180.0,11.2
2021-07-01,11,22.2,98.0,5.5,160.0,24.5
2021-07-01,12,24.2,84.0,4.4,180.0,23.8
2021-07-01,13,24.5,76.0,3.8,160.0,26.2
2021-07-01,14,25.6,71.0,0.5,180.0,25.8
2021-07-01,15,25.7,68.0,2.2,340.0,32.7
2021-07-01,16,25.1,68.0,2.0,340.0,35.8
2021-07-01,17,25.7,53.0,2.1,290.0,45.1
2021-07-01,18,24.7,62.0,3.0,320.0,42.8
2021-07-01,19,23.8,77.0,0.8,320.0,33.7
2021-07-01,20,21.7,94.0,1.4,320.0,12.8
2021-07-01,21,21.1,97.0,1.2,320.0,5.2
2021-07-01,22,20.9,94.0,0.0,0.0,12.0
2021-07-01,23,20.9,92.0,0.0,0.0,18.0
2021-07-02,0,20.7,88.0,0.0,0.0,22.9
2021-07-02,1,21.5,82.0,0.0,0.0,28.3
2021-07-02,2,21.4,81.0,0.0,0.0,28.0
2021-07-02,3,20.6,85.0,0.0,0.0,24.0
2021-07-02,4,20.7,84.0,0.1,0.0,22.7
2021-07-02,5,19.6,92.0,2.2,320.0,16.2
2021-07-02,6,20.4,88.0,2.1,290.0,19.6
2021-07-02,7,21.4,86.0,0.0,0.0,17.6
2021-07-02,8,22.3,86.0,0.0,0.0,17.7
2021-07-02,9,22.5,87.0,0.0,0.0,13.5
2021-07-02,10,22.5,91.0,2.2,110.0,10.3
2021-07-02,11,24.5,83.0,0.0,0.0,12.7
2021-07-02,12,27.3,71.0,1.0,110.0,19.3
2021-07-02,13,25.0,75.0,2.7,290.0,13.2
2021-07-02,14,25.8,73.0,1.1,320.0,15.0
2021-07-02,15,27.6,63.0,2.8,140.0,12.9
2021-07-02,16,27.3,58.0,1.2,180.0,14.5
2021-07-02,17,26.9,61.0,1.7,180.0,13.2
2021-07-02,18,26.1,65.0,0.0,0.0,13.8
2021-07-02,19,25.2,66.0,0.6,140.0,13.3
2021-07-02,20,24.5,67.0,0.0,0.0,14.9
2021-07-02,21,24.0,66.0,0.0,0.0,16.8
2021-07-02,22,22.1,88.0,0.0,0.0,11.1
2021-07-02,23,22.8,82.0,0.0,0.0,10.2
2021-07-03,0,22.9,86.0,0.0,0.0,9.5
2021-07-03,1,22.4,93.0,0.5,110.0,6.8
2021-07-03,2,22.3,97.0,1.0,110.0,4.3
2021-07-03,3,22.0,98.0,3.3,90.0,4.7
2021-07-03,4,22.0,92.0,4.0,110.0,14.6
2021-07-03,5,22.4,85.0,4.4,110.0,29.8
2021-07-03,6,21.3,86.0,4.0,110.0,28.6
2021-07-03,7,21.6,86.0,4.5,110.0,28.0
2021-07-03,8,21.8,86.0,5.8,110.0,26.0
2021-07-03,9,21.8,85.0,5.2,110.0,25.1
2021-07-03,10,20.5,88.0,4.2,110.0,22.8
2021-07-03,11,21.2,84.0,5.2,110.0,27.1
2021-07-03,12,21.1,84.0,4.7,110.0,26.2
2021-07-03,13,19.9,91.0,4.1,110.0,12.9
2021-07-03,14,19.4,94.0,3.3,110.0,4.4
2021-07-03,15,19.0,98.0,4.2,90.0,2.6
2021-07-03,16,18.9,99.0,5.6,90.0,1.7
2021-07-03,17,19.2,99.0,8.6,90.0,2.5
2021-07-03,18,19.0,99.0,7.5,90.0,3.5
2021-07-03,19,19.5,98.0,8.4,110.0,8.2
2021-07-03,20,19.5,96.0,9.4,110.0,14.0
2021-07-03,21,19.2,97.0,8.1,110.0,6.5
2021-07-03,22,19.0,99.0,7.3,110.0,13.0
2021-07-03,23,18.9,99.0,6.8,110.0,16.4
2021-07-04,0,18.7,99.0,3.9,110.0,11.0
2021-07-04,1,18.9,99.0,5.9,110.0,7.3
2021-07-04,2,18.7,99.0,3.6,90.0,20.3
2021-07-04,3,19.0,99.0,4.4,90.0,34.9
2021-07-04,4,19.0,98.0,2.9,20.0,32.1
2021-07-04,5,18.7,99.0,2.8,340.0,3.9
2021-07-04,6,18.2,99.0,2.6,320.0,3.0
2021-07-04,7,18.4,99.0,2.7,340.0,12.8
2021-07-04,8,18.1,99.0,3.1,320.0,15.6
2021-07-04,9,20.2,99.0,1.9,20.0,8.9
2021-07-04,10,17.5,99.0,4.5,290.0,4.1
2021-07-04,11,19.5,98.0,4.0,290.0,20.2
2021-07-04,12,19.0,97.0,5.8,320.0,7.3
2021-07-04,13,19.8,95.0,5.4,320.0,9.4
2021-07-04,14,19.9,97.0,5.3,320.0,6.8
2021-07-04,15,20.8,93.0,5.5,320.0,43.2
2021-07-04,16,20.6,93.0,5.2,320.0,49.7
2021-07-04,17,20.6,92.0,4.4,320.0,49.9
2021-07-04,18,20.9,93.0,2.4,320.0,50.0
2021-07-04,19,20.8,94.0,3.0,290.0,49.2
2021-07-04,20,20.8,94.0,0.4,0.0,49.1
2021-07-04,21,20.3,96.0,0.0,0.0,37.5
2021-07-04,22,20.1,96.0,2.3,230.0,34.1
2021-07-04,23,19.6,98.0,0.7,200.0,13.1
2021-07-05,0,19.0,99.0,0.1,0.0,5.1
2021-07-05,1,19.0,99.0,0.0,0.0,5.3
2021-07-05,2,18.3,99.0,0.0,0.0,2.3
2021-07-05,3,18.2,99.0,0.0,0.0,1.4
2021-07-05,4,18.7,99.0,0.6,180.0,2.2
2021-07-05,5,18.8,99.0,1.6,160.0,2.5
2021-07-05,6,18.8,99.0,0.5,90.0,1.1
2021-07-05,7,19.8,99.0,3.9,140.0,5.4
2021-07-05,8,19.6,99.0,3.8,140.0,8.3
2021-07-05,9,20.6,98.0,4.7,160.0,8.0
2021-07-05,10,21.0,95.0,5.7,160.0,37.7
2021-07-05,11,20.8,95.0,5.4,160.0,38.3
2021-07-05,12,20.6,95.0,3.6,160.0,39.6
2021-07-05,13,21.2,93.0,5.9,160.0,43.3
2021-07-05,14,20.2,97.0,5.9,160.0,6.0
2021-07-05,15,20.7,94.0,4.1,140.0,8.0
2021-07-05,16,20.5,95.0,3.2,140.0,41.8
2021-07-05,17,20.3,95.0,4.0,140.0,36.3
2021-07-05,18,20.7,93.0,4.5,140.0,46.5
2021-07-05,19,20.5,94.0,3.6,140.0,35.4
2021-07-05,20,20.1,95.0,2.6,140.0,29.2
2021-07-05,21,19.9,96.0,0.0,0.0,23.2
2021-07-05,22,20.0,96.0,2.0,140.0,24.8
2021-07-05,23,19.3,97.0,0.0,0.0,12.3
2021-07-06,0,19.4,99.0,0.0,0.0,9.2
2021-07-06,1,18.8,98.0,0.0,0.0,8.5
2021-07-06,2,18.3,99.0,0.0,0.0,0.3
2021-07-06,3,18.9,99.0,1.8,70.0,11.4
2021-07-06,4,18.4,99.0,0.1,0.0,10.3
2021-07-06,5,18.8,99.0,0.0,0.0,15.1
2021-07-06,6,18.9,99.0,0.0,0.0,11.6
2021-07-06,7,20.0,97.0,0.0,0.0,22.2
2021-07-06,8,21.9,88.0,1.5,90.0,26.2
2021-07-06,9,22.7,83.0,0.0,0.0,25.3
2021-07-06,10,23.3,81.0,2.3,110.0,24.8
2021-07-06,11,24.4,75.0,1.8,110.0,29.3
2021-07-06,12,24.3,74.0,0.5,320.0,29.5
2021-07-06,13,25.6,69.0,0.1,0.0,30.7
2021-07-06,14,25.1,70.0,0.6,340.0,35.4
2021-07-06,15,24.6,74.0,1.2,340.0,32.6
2021-07-06,16,24.6,69.0,1.7,320.0,36.6
2021-07-06,17,23.4,81.0,2.5,320.0,38.1
2021-07-06,18,22.6,81.0,1.7,320.0,42.1
2021-07-06,19,21.9,84.0,1.7,320.0,42.4
2021-07-06,20,20.8,89.0,0.0,0.0,33.5
2021-07-06,21,20.3,93.0,0.2,0.0,30.6
2021-07-06,22,20.7,86.0,0.0,0.0,35.4
2021-07-06,23,20.5,85.0,0.0,0.0,24.1
2021-07-07,0,21.3,89.0,0.0,0.0,12.0
2021-07-07,1,20.6,90.0,0.0,0.0,8.2
2021-07-07,2,19.9,97.0,2.0,180.0,5.8
2021-07-07,3,20.7,87.0,0.0,0.0,18.4
2021-07-07,4,19.1,94.0,0.2,0.0,13.3
2021-07-07,5,19.4,95.0,0.0,0.0,9.8
2021-07-07,6,19.8,97.0,0.0,0.0,5.7
2021-07-07,7,20.6,96.0,0.0,0.0,7.2
2021-07-07,8,22.2,92.0,0.0,0.0,7.5
2021-07-07,9,24.4,82.0,1.0,160.0,11.6
2021-07-07,10,23.7,83.0,2.1,160.0,9.2
2021-07-07,11,23.9,81.0,3.3,180.0,10.3
2021-07-07,12,24.1,83.0,3.5,180.0,31.4
2021-07-07,13,24.4,85.0,0.0,0.0,24.0
2021-07-07,14,24.7,85.0,0.2,0.0,17.6
2021-07-07,15,22.9,88.0,2.1,320.0,11.8
2021-07-07,16,22.5,92.0,2.6,320.0,19.1
2021-07-07,17,22.4,93.0,1.9,290.0,17.7
2021-07-07,18,22.6,93.0,1.4,290.0,16.8
2021-07-07,19,22.0,91.0,1.8,290.0,10.3
2021-07-07,20,21.6,94.0,1.6,290.0,8.4
2021-07-07,21,21.7,92.0,1.2,320.0,11.2
2021-07-07,22,21.6,93.0,0.0,0.0,9.2
2021-07-07,23,21.7,96.0,1.2,200.0,8.1
2021-07-08,0,20.6,96.0,1.9,320.0,7.3
2021-07-08,1,21.2,94.0,1.3,270.0,11.4
2021-07-08,2,20.0,95.0,1.5,290.0,9.8
2021-07-08,3,19.3,93.0,1.9,320.0,9.8
2021-07-08,4,19.2,88.0,2.5,320.0,15.5
2021-07-08,5,19.1,89.0,2.8,320.0,17.7
2021-07-08,6,19.1,90.0,2.6,320.0,16.4
2021-07-08,7,19.9,90.0,2.2,290.0,15.7
2021-07-08,8,21.4,89.0,0.7,290.0,15.4
2021-07-08,9,22.3,83.0,2.6,320.0,15.0
2021-07-08,10,24.1,78.0,1.7,340.0,17.9
2021-07-08,11,26.3,70.0,0.9,90.0,16.7
2021-07-08,12,25.8,72.0,2.1,90.0,16.2
2021-07-08,13,23.3,71.0,3.1,290.0,14.8
2021-07-08,14,24.7,76.0,2.5,320.0,15.6
2021-07-08,15,25.4,79.0,2.0,200.0,11.9
2021-07-08,16,25.1,74.0,2.1,290.0,12.5
2021-07-08,17,22.6,89.0,2.8,320.0,8.6
2021-07-08,18,24.3,84.0,0.9,320.0,11.1
2021-07-08,19,23.8,86.0,0.1,0.0,11.3
2021-07-08,20,21.2,94.0,0.8,230.0,5.8
2021-07-08,21,20.5,98.0,0.4,0.0,3.0
2021-07-08,22,20.7,96.0,0.0,0.0,4.2
2021-07-08,23,20.4,96.0,0.0,0.0,4.5
2021-07-09,0,20.9,97.0,0.0,0.0,4.9
2021-07-09,1,20.0,98.0,0.2,0.0,2.9
2021-07-09,2,20.3,98.0,0.0,0.0,2.7
2021-07-09,3,20.1,99.0,0.0,0.0,2.9
2021-07-09,4,20.3,97.0,0.0,0.0,3.0
2021-07-09,5,19.7,98.0,0.0,0.0,2.3
2021-07-09,6,19.7,99.0,0.0,0.0,1.8
2021-07-09,7,20.6,99.0,0.0,0.0,2.6
2021-07-09,8,22.6,90.0,0.0,0.0,7.8
2021-07-09,9,22.4,90.0,1.1,20.0,7.0
2021-07-09,10,24.6,80.0,1.4,360.0,10.6
2021-07-09,11,25.3,78.0,0.8,360.0,11.4
2021-07-09,12,25.2,75.0,1.0,110.0,12.5
2021-07-09,13,24.0,79.0,2.6,200.0,12.9
2021-07-09,14,25.5,79.0,1.2,320.0,13.7
2021-07-09,15,25.1,81.0,1.6,340.0,11.9
2021-07-09,16,24.7,81.0,3.2,180.0,12.2
2021-07-09,17,24.4,82.0,3.1,180.0,15.9
2021-07-09,18,24.4,83.0,3.4,180.0,22.3
2021-07-09,19,23.0,90.0,2.2,180.0,14.0
2021-07-09,20,22.0,95.0,1.4,180.0,10.6
2021-07-09,21,21.3,98.0,1.6,160.0,5.8
2021-07-09,22,21.6,99.0,2.6,160.0,1.1
2021-07-09,23,21.2,99.0,1.9,180.0,0.5
2021-07-10,0,20.3,99.0,2.0,110.0,0.2
2021-07-10,1,21.1,99.0,1.4,110.0,0.3
2021-07-10,2,21.5,99.0,3.2,160.0,0.7
2021-07-10,3,20.9,99.0,3.3,180.0,0.8
2021-07-10,4,20.9,99.0,2.3,180.0,0.3
2021-07-10,5,20.9,99.0,2.0,200.0,1.6
2021-07-10,6,21.2,99.0,1.9,180.0,1.2
2021-07-10,7,20.9,99.0,1.5,180.0,0.2
2021-07-10,8,21.0,99.0,1.8,180.0,1.1
2021-07-10,9,23.6,99.0,2.7,180.0,5.4
2021-07-10,10,23.4,93.0,2.7,110.0,12.0
2021-07-10,11,23.2,94.0,3.6,140.0,9.6
2021-07-10,12,23.6,89.0,4.4,180.0,8.2
2021-07-10,13,25.5,85.0,3.9,180.0,8.8
2021-07-10,14,25.4,88.0,5.7,200.0,6.9
2021-07-10,15,25.7,83.0,4.8,230.0,7.3
2021-07-10,16,26.4,78.0,4.6,230.0,10.1
2021-07-10,17,26.4,70.0,4.2,230.0,16.2
2021-07-10,18,26.7,70.0,1.4,270.0,16.8
2021-07-10,19,22.2,93.0,1.8,90.0,4.3
2021-07-10,20,21.5,98.0,1.6,90.0,2.4
2021-07-10,21,21.4,99.0,1.6,180.0,0.4
2021-07-10,22,21.9,99.0,3.6,160.0,1.3
2021-07-10,23,22.2,99.0,4.5,160.0,0.5
2021-07-11,0,22.2,99.0,4.5,160.0,0.1
2021-07-11,1,21.6,99.0,2.8,140.0,0.1
2021-07-11,2,21.3,99.0,2.1,140.0,0.2
2021-07-11,3,20.9,99.0,1.1,90.0,0.1
2021-07-11,4,21.7,99.0,2.8,140.0,0.2
2021-07-11,5,21.7,99.0,2.4,140.0,0.2
2021-07-11,6,21.4,99.0,2.1,160.0,0.2
2021-07-11,7,21.4,99.0,4.2,140.0,0.2
2021-07-11,8,21.2,99.0,3.1,140.0,0.3
2021-07-11,9,21.0,99.0,1.5,180.0,0.3
2021-07-11,10,21.9,99.0,1.8,180.0,0.7
2021-07-11,11,23.2,99.0,3.0,140.0,2.9
2021-07-11,12,22.8,99.0,0.7,160.0,1.6
2021-07-11,13,23.5,99.0,1.9,90.0,2.4
2021-07-11,14,23.9,96.0,1.6,110.0,2.2
2021-07-11,15,23.2,99.0,2.8,160.0,2.4
2021-07-11,16,23.9,98.0,3.7,140.0,1.7
2021-07-11,17,23.0,99.0,5.3,140.0,0.7
2021-07-11,18,22.8,99.0,5.5,160.0,0.6
2021-07-11,19,22.5,99.0,4.6,160.0,0.3
2021-07-11,20,22.9,99.0,3.8,160.0,0.2
2021-07-11,21,22.0,99.0,2.6,140.0,0.1
2021-07-11,22,21.3,99.0,2.3,110.0,0.1
2021-07-11,23,22.6,99.0,2.7,140.0,0.1
2021-07-12,0,22.4,99.0,2.4,140.0,0.2
2021-07-12,1,21.2,99.0,5.1,160.0,0.2
2021-07-12,2,21.0,99.0,2.3,140.0,0.1
2021-07-12,3,20.3,99.0,1.8,110.0,0.1
2021-07-12,4,20.8,99.0,2.0,110.0,0.1
2021-07-12,5,21.2,99.0,2.5,110.0,0.9
2021-07-12,6,21.5,99.0,2.0,110.0,4.5
2021-07-12,7,21.2,99.0,2.5,140.0,1.1
2021-07-12,8,20.6,99.0,4.6,140.0,0.6
2021-07-12,9,21.2,99.0,5.1,140.0,9.6
2021-07-12,10,22.1,99.0,5.5,140.0,1.5
2021-07-12,11,22.8,99.0,6.0,140.0,1.8
2021-07-12,12,22.6,99.0,6.4,140.0,0.8
2021-07-12,13,22.7,99.0,5.9,140.0,0.8
2021-07-12,14,24.3,99.0,6.1,140.0,0.8
2021-07-12,15,24.0,96.0,5.8,140.0,3.0
2021-07-12,16,23.6,98.0,7.3,140.0,3.0
2021-07-12,17,24.1,97.0,7.5,140.0,7.1
2021-07-12,18,24.0,96.0,6.7,140.0,6.7
2021-07-12,19,24.0,98.0,6.3,140.0,3.9
2021-07-12,20,23.8,98.0,4.6,140.0,5.8
2021-07-12,21,23.5,98.0,5.9,140.0,5.3
2021-07-12,22,23.2,99.0,6.8,140.0,2.0
2021-07-12,23,22.9,99.0,5.5,160.0,0.9
2021-07-13,0,22.8,99.0,6.6,140.0,4.2
2021-07-13,1,23.1,99.0,5.2,160.0,6.8
2021-07-13,2,23.2,99.0,5.8,140.0,8.8
2021-07-13,3,23.1,99.0,5.7,140.0,9.7
2021-07-13,4,22.6,99.0,8.3,140.0,9.6
2021-07-13,5,22.3,99.0,8.4,140.0,9.8
2021-07-13,6,22.1,99.0,7.3,140.0,8.8
2021-07-13,7,22.1,99.0,7.5,140.0,12.4
2021-07-13,8,22.1,98.0,7.4,140.0,13.2
2021-07-13,9,22.9,97.0,7.7,140.0,18.0
2021-07-13,10,22.7,95.0,6.8,140.0,19.5
2021-07-13,11,22.5,96.0,4.1,160.0,15.6
2021-07-13,12,22.4,95.0,3.9,160.0,15.5
2021-07-13,13,22.5,96.0,4.8,160.0,14.2
2021-07-13,14,22.5,97.0,4.5,160.0,12.3
2021-07-13,15,22.5,97.0,6.9,140.0,12.3
2021-07-13,16,22.8,96.0,6.1,140.0,14.1
2021-07-13,17,23.5,96.0,5.0,140.0,17.3
2021-07-13,18,23.5,95.0,7.9,160.0,18.4
2021-07-13,19,23.0,94.0,6.5,160.0,19.2
2021-07-13,20,23.3,96.0,7.2,160.0,20.1
2021-07-13,21,23.4,96.0,7.0,160.0,19.3
2021-07-13,22,23.7,97.0,6.8,160.0,17.1
2021-07-13,23,23.7,96.0,7.6,160.0,22.2
2021-07-14,0,22.7,96.0,7.8,160.0,16.7
2021-07-14,1,23.7,96.0,8.2,160.0,18.5
2021-07-14,2,22.3,97.0,6.8,160.0,12.5
2021-07-14,3,22.7,97.0,8.9,140.0,14.8
2021-07-14,4,22.7,97.0,5.2,140.0,15.1
2021-07-14,5,22.1,98.0,6.7,140.0,12.2
2021-07-14,6,22.0,99.0,3.9,160.0,8.5
2021-07-14,7,22.2,99.0,6.6,140.0,10.6
2021-07-14,8,22.0,98.0,4.6,160.0,10.7
2021-07-14,9,22.2,99.0,4.8,160.0,9.2
2021-07-14,10,22.6,98.0,5.6,140.0,13.6
2021-07-14,11,21.7,96.0,5.8,160.0,11.0
2021-07-14,12,22.6,99.0,5.6,140.0,4.8
2021-07-14,13,23.1,99.0,6.6,160.0,4.2
2021-07-14,14,22.0,99.0,5.5,140.0,4.5
2021-07-14,15,21.8,99.0,6.4,140.0,2.8
2021-07-14,16,22.6,99.0,5.9,140.0,4.7
2021-07-14,17,22.9,99.0,5.6,140.0,6.1
2021-07-14,18,23.2,99.0,6.1,140.0,9.9
2021-07-14,19,22.8,99.0,6.4,160.0,8.4
2021-07-14,20,22.9,99.0,6.0,160.0,8.5
2021-07-14,21,23.0,99.0,7.1,160.0,8.5
2021-07-14,22,22.9,99.0,6.5,140.0,8.5
2021-07-14,23,23.2,99.0,6.6,140.0,8.5
2021-07-15,0,23.7,98.0,8.0,160.0,8.0
2021-07-15,1,23.9,98.0,7.2,160.0,18.6
2021-07-15,2,22.2,99.0,5.9,140.0,9.3
2021-07-15,3,23.6,99.0,6.0,160.0,17.4
2021-07-15,4,22.2,99.0,6.8,140.0,10.6
2021-07-15,5,22.6,99.0,5.3,140.0,17.5
2021-07-15,6,22.1,99.0,5.7,140.0,9.1
2021-07-15,7,21.9,99.0,5.9,140.0,6.0
2021-07-15,8,22.9,99.0,5.6,140.0,19.4
2021-07-15,9,23.1,98.0,4.9,160.0,13.2
2021-07-15,10,22.5,97.0,5.0,140.0,16.4
2021-07-15,11,24.1,93.0,7.1,160.0,26.6
2021-07-15,12,24.3,92.0,5.0,160.0,23.3
2021-07-15,13,24.6,94.0,5.4,160.0,19.2
2021-07-15,14,25.9,92.0,4.7,160.0,29.5
2021-07-15,15,25.0,89.0,3.3,140.0,21.3
2021-07-15,16,23.7,93.0,4.9,140.0,15.2
2021-07-15,17,23.9,93.0,6.0,160.0,23.9
2021-07-15,18,23.8,96.0,5.8,160.0,20.0
2021-07-15,19,23.4,97.0,6.5,160.0,18.5
2021-07-15,20,22.8,97.0,5.5,160.0,15.5
2021-07-15,21,23.1,96.0,4.5,160.0,16.0
2021-07-15,22,22.8,98.0,3.1,180.0,15.0
2021-07-15,23,22.4,99.0,1.5,140.0,8.5
2021-07-16,0,21.6,98.0,2.0,90.0,7.2
2021-07-16,1,22.4,99.0,3.6,110.0,14.2
2021-07-16,2,23.1,98.0,2.4,140.0,24.2
2021-07-16,3,22.9,98.0,2.1,110.0,22.3
2021-07-16,4,22.9,98.0,2.3,110.0,14.7
2021-07-16,5,23.2,97.0,3.0,140.0,25.2
2021-07-16,6,22.6,99.0,2.4,110.0,12.4
2021-07-16,7,24.1,96.0,2.5,110.0,42.2
2021-07-16,8,24.9,92.0,4.4,140.0,47.2
2021-07-16,9,25.7,89.0,3.4,160.0,48.3
2021-07-16,10,25.7,87.0,3.3,160.0,48.4
2021-07-16,11,26.2,89.0,4.0,160.0,35.1
2021-07-16,12,27.2,85.0,3.9,160.0,28.9
2021-07-16,13,27.7,83.0,4.3,160.0,47.2
2021-07-16,14,28.2,74.0,3.6,160.0,50.0
2021-07-16,15,28.5,70.0,3.7,180.0,50.0
2021-07-16,16,29.3,68.0,3.3,180.0,50.0
2021-07-16,17,28.6,65.0,3.6,250.0,50.0
2021-07-16,18,27.9,73.0,2.1,200.0,50.0
2021-07-16,19,25.5,80.0,1.4,360.0,50.0
2021-07-16,20,24.5,87.0,1.7,340.0,49.9
2021-07-16,21,24.4,91.0,2.2,70.0,46.4
2021-07-16,22,24.3,92.0,1.1,20.0,47.0
2021-07-16,23,23.2,94.0,1.6,90.0,43.9
2021-07-17,0,23.8,93.0,1.7,90.0,34.5
2021-07-17,1,23.5,92.0,0.6,200.0,48.4
2021-07-17,2,23.9,93.0,2.7,160.0,48.2
2021-07-17,3,23.4,90.0,2.3,180.0,39.7
2021-07-17,4,23.2,91.0,0.6,290.0,44.1
2021-07-17,5,22.5,95.0,0.2,0.0,32.9
2021-07-17,6,23.6,88.0,0.8,140.0,43.0
2021-07-17,7,23.5,89.0,1.7,110.0,36.0
2021-07-17,8,24.7,86.0,1.6,110.0,37.7
2021-07-17,9,25.4,84.0,2.2,70.0,31.2
2021-07-17,10,26.1,83.0,3.0,70.0,18.3
2021-07-17,11,27.0,78.0,3.8,90.0,21.5
2021-07-17,12,27.7,72.0,2.5,110.0,20.2
2021-07-17,13,27.9,68.0,3.7,180.0,25.1
2021-07-17,14,28.8,58.0,3.3,160.0,39.1
2021-07-17,15,28.1,57.0,5.5,180.0,47.9
2021-07-17,16,28.3,55.0,2.8,180.0,48.6
2021-07-17,17,25.6,72.0,3.1,320.0,36.2
2021-07-17,18,25.1,78.0,3.7,320.0,32.1
2021-07-17,19,25.2,77.0,2.1,320.0,35.0
2021-07-17,20,23.6,89.0,1.5,320.0,22.5
2021-07-17,21,22.6,92.0,2.0,320.0,16.0
2021-07-17,22,22.3,93.0,2.5,360.0,18.6
2021-07-17,23,23.9,89.0,1.8,20.0,24.9
2021-07-18,0,23.6,92.0,1.2,90.0,18.1
2021-07-18,1,23.6,95.0,1.9,140.0,13.8
2021-07-18,2,23.4,96.0,1.6,90.0,15.3
2021-07-18,3,22.5,98.0,1.7,110.0,11.0
2021-07-18,4,23.0,94.0,1.0,140.0,34.5
2021-07-18,5,22.9,95.0,1.1,110.0,19.3
2021-07-18,6,23.0,95.0,3.2,160.0,11.1
2021-07-18,7,23.6,92.0,2.1,160.0,24.5
2021-07-18,8,24.4,90.0,2.8,140.0,26.1
2021-07-18,9,24.7,86.0,4.4,140.0,20.4
2021-07-18,10,25.8,83.0,4.6,140.0,28.0
2021-07-18,11,26.2,82.0,4.8,140.0,31.5
2021-07-18,12,26.8,75.0,4.2,160.0,43.8
2021-07-18,13,27.2,77.0,3.7,140.0,37.9
2021-07-18,14,27.5,75.0,3.1,180.0,39.2
2021-07-18,15,28.0,71.0,2.5,180.0,42.0
2021-07-18,16,27.5,70.0,1.3,200.0,45.0
2021-07-18,17,27.0,71.0,1.4,180.0,43.5
2021-07-18,18,27.1,70.0,1.3,340.0,45.1
2021-07-18,19,24.9,83.0,1.4,320.0,33.8
2021-07-18,20,23.8,89.0,1.5,290.0,22.7
2021-07-18,21,23.2,92.0,1.7,320.0,22.4
2021-07-18,22,23.0,93.0,1.7,320.0,20.6
2021-07-18,23,23.1,93.0,1.1,290.0,23.2
2021-07-19,0,23.8,90.0,0.1,0.0,34.0
2021-07-19,1,24.1,89.0,0.7,340.0,38.0
2021-07-19,2,24.4,88.0,1.4,90.0,34.9
2021-07-19,3,23.7,94.0,2.2,110.0,18.7
2021-07-19,4,24.2,92.0,3.1,140.0,19.0
2021-07-19,5,22.5,95.0,2.3,180.0,15.4
2021-07-19,6,22.4,98.0,2.9,110.0,6.3
2021-07-19,7,23.5,94.0,2.3,110.0,10.6
2021-07-19,8,25.0,92.0,2.5,110.0,23.4
2021-07-19,9,25.2,87.0,4.3,110.0,35.2
2021-07-19,10,25.8,87.0,5.2,140.0,20.0
2021-07-19,11,26.6,80.0,5.9,140.0,36.0
2021-07-19,12,27.1,75.0,5.4,140.0,46.7
2021-07-19,13,26.6,74.0,3.9,160.0,49.1
2021-07-19,14,27.1,73.0,3.9,180.0,48.4
2021-07-19,15,27.1,73.0,5.2,160.0,45.1
2021-07-19,16,27.1,73.0,4.8,160.0,45.9
2021-07-19,17,26.7,79.0,4.5,160.0,40.6
2021-07-19,18,25.9,83.0,2.6,200.0,37.1
2021-07-19,19,25.7,87.0,1.9,160.0,37.5
2021-07-19,20,23.8,93.0,1.5,110.0,20.0
2021-07-19,21,23.3,95.0,2.1,110.0,12.2
2021-07-19,22,23.4,95.0,1.6,90.0,13.1
2021-07-19,23,22.9,96.0,0.1,0.0,10.7
2021-07-20,0,23.4,94.0,1.0,110.0,15.5
2021-07-20,1,22.6,96.0,1.3,140.0,9.1
2021-07-20,2,23.0,96.0,1.7,110.0,13.0
2021-07-20,3,22.8,96.0,1.3,110.0,10.1
2021-07-20,4,22.3,96.0,1.0,160.0,7.5
2021-07-20,5,22.8,96.0,2.1,110.0,12.8
2021-07-20,6,23.0,98.0,2.2,140.0,6.4
2021-07-20,7,24.2,96.0,1.4,110.0,11.1
2021-07-20,8,25.5,90.0,2.3,110.0,26.8
2021-07-20,9,26.6,89.0,2.3,110.0,24.2
2021-07-20,10,27.6,84.0,2.3,110.0,31.5
2021-07-20,11,28.3,77.0,2.3,110.0,35.3
2021-07-20,12,28.5,69.0,3.1,110.0,31.6
2021-07-20,13,28.8,64.0,3.0,180.0,41.0
2021-07-20,14,29.6,59.0,3.3,180.0,48.4
2021-07-20,15,30.7,53.0,1.5,200.0,49.5
2021-07-20,16,29.1,57.0,2.8,160.0,47.5
2021-07-20,17,28.4,62.0,2.2,70.0,45.4
2021-07-20,18,27.9,66.0,1.4,70.0,43.6
2021-07-20,19,25.8,81.0,1.6,320.0,25.1
2021-07-20,20,24.4,88.0,1.7,320.0,12.9
2021-07-20,21,24.0,88.0,1.0,320.0,18.8
2021-07-20,22,24.6,83.0,0.7,50.0,41.4
2021-07-20,23,23.7,89.0,1.6,320.0,30.8
2021-07-21,0,24.5,83.0,1.7,70.0,47.5
2021-07-21,1,24.6,83.0,2.2,70.0,49.8
2021-07-21,2,24.7,81.0,1.8,20.0,50.0
2021-07-21,3,24.8,79.0,1.0,70.0,50.0
2021-07-21,4,24.1,84.0,1.6,70.0,49.5
2021-07-21,5,23.9,87.0,0.6,320.0,45.5
2021-07-21,6,24.1,88.0,1.4,70.0,43.1
2021-07-21,7,26.0,80.0,1.1,70.0,27.2
2021-07-21,8,27.2,70.0,1.8,70.0,47.4
2021-07-21,9,28.0,65.0,1.8,70.0,48.8
2021-07-21,10,29.0,62.0,2.1,90.0,48.3
2021-07-21,11,29.6,58.0,1.5,90.0,49.0
2021-07-21,12,30.1,57.0,1.0,70.0,48.1
2021-07-21,13,29.0,59.0,2.6,320.0,48.5
2021-07-21,14,29.6,57.0,2.6,320.0,47.4
2021-07-21,15,27.6,66.0,3.6,320.0,45.6
2021-07-21,16,29.0,57.0,3.9,340.0,48.1
2021-07-21,17,27.8,62.0,2.9,320.0,49.3
2021-07-21,18,28.1,59.0,2.3,320.0,49.9
2021-07-21,19,26.8,66.0,2.0,320.0,47.9
2021-07-21,20,24.6,73.0,2.0,320.0,47.6
2021-07-21,21,24.2,78.0,2.1,320.0,43.4
2021-07-21,22,23.8,80.0,2.2,290.0,43.7
2021-07-21,23,23.3,84.0,1.9,290.0,46.4
2021-07-22,0,26.0,78.0,1.4,20.0,45.6
2021-07-22,1,25.9,76.0,1.7,70.0,37.5
2021-07-22,2,25.3,81.0,1.9,50.0,32.6
2021-07-22,3,24.8,85.0,1.9,90.0,29.9
2021-07-22,4,24.7,86.0,1.6,90.0,28.3
2021-07-22,5,24.1,91.0,1.8,90.0,19.8
2021-07-22,6,24.6,91.0,1.5,90.0,21.6
2021-07-22,7,25.7,87.0,2.2,90.0,25.4
2021-07-22,8,26.9,83.0,3.3,110.0,23.4
2021-07-22,9,27.7,81.0,3.4,110.0,24.0
2021-07-22,10,28.4,73.0,2.9,140.0,26.3
2021-07-22,11,28.9,61.0,3.7,140.0,34.7
2021-07-22,12,29.6,48.0,2.9,160.0,46.1
2021-07-22,13,29.2,52.0,3.2,180.0,43.6
2021-07-22,14,29.4,49.0,3.1,160.0,40.5
2021-07-22,15,28.3,53.0,3.2,180.0,36.2
2021-07-22,16,29.1,50.0,1.8,320.0,31.9
2021-07-22,17,26.6,60.0,2.8,320.0,35.3
2021-07-22,18,26.5,66.0,3.0,320.0,31.3
2021-07-22,19,25.8,69.0,2.2,320.0,31.9
2021-07-22,20,24.8,76.0,2.2,320.0,26.4
2021-07-22,21,24.4,81.0,2.4,320.0,22.8
2021-07-22,22,24.5,79.0,1.9,320.0,27.1
2021-07-22,23,24.0,77.0,1.8,290.0,32.9
2021-07-23,0,25.2,64.0,1.4,290.0,42.8
2021-07-23,1,26.2,64.0,1.2,90.0,43.0
2021-07-23,2,25.9,69.0,0.4,0.0,42.2
2021-07-23,3,25.4,72.0,0.9,70.0,39.2
2021-07-23,4,24.9,85.0,0.8,70.0,25.0
2021-07-23,5,24.6,86.0,1.1,110.0,20.3
2021-07-23,6,24.6,88.0,1.2,90.0,19.3
2021-07-23,7,25.7,78.0,1.3,90.0,32.8
2021-07-23,8,26.6,80.0,1.5,90.0,23.5
2021-07-23,9,27.6,80.0,2.8,140.0,22.6
2021-07-23,10,28.7,78.0,2.6,110.0,20.7
2021-07-23,11,29.4,64.0,3.2,160.0,26.5
2021-07-23,12,29.8,60.0,3.2,160.0,26.3
2021-07-23,13,29.5,59.0,3.0,180.0,26.3
2021-07-23,14,29.3,57.0,3.4,200.0,28.1
2021-07-23,15,30.9,47.0,2.8,180.0,39.7
2021-07-23,16,29.1,64.0,2.1,340.0,23.4
2021-07-23,17,28.4,69.0,2.0,320.0,23.1
2021-07-23,18,28.0,73.0,1.7,320.0,20.7
2021-07-23,19,26.6,85.0,2.2,290.0,15.6
2021-07-23,20,25.2,91.0,1.9,320.0,12.1
2021-07-23,21,24.6,93.0,2.1,290.0,10.8
2021-07-23,22,24.5,92.0,1.5,290.0,13.3
2021-07-23,23,25.2,81.0,0.4,0.0,21.8
2021-07-24,0,24.6,81.0,0.8,70.0,20.4
2021-07-24,1,24.6,84.0,0.4,0.0,18.8
2021-07-24,2,24.7,85.0,1.2,50.0,20.1
2021-07-24,3,24.4,88.0,0.2,0.0,15.4
2021-07-24,4,24.4,95.0,0.8,140.0,12.0
2021-07-24,5,24.3,93.0,0.1,0.0,16.2
2021-07-24,6,24.4,91.0,0.8,110.0,13.4
2021-07-24,7,25.1,92.0,0.1,0.0,12.0
2021-07-24,8,27.3,81.0,1.1,110.0,18.2
2021-07-24,9,27.9,71.0,1.5,70.0,18.5
2021-07-24,10,28.7,68.0,1.4,90.0,21.9
2021-07-24,11,30.1,58.0,2.0,180.0,27.5
2021-07-24,12,30.3,54.0,1.6,200.0,26.0
2021-07-24,13,30.4,58.0,1.6,320.0,26.1
2021-07-24,14,30.6,58.0,2.0,320.0,27.6
2021-07-24,15,30.7,55.0,1.1,110.0,23.2
2021-07-24,16,28.7,58.0,3.1,320.0,29.0
2021-07-24,17,28.8,54.0,3.1,320.0,38.4
2021-07-24,18,28.8,55.0,1.8,320.0,35.5
2021-07-24,19,28.6,59.0,1.3,320.0,33.6
2021-07-24,20,26.4,66.0,1.5,320.0,31.8
2021-07-24,21,25.4,72.0,1.3,340.0,28.2
2021-07-24,22,25.2,73.0,0.3,0.0,27.6
2021-07-24,23,25.3,74.0,1.4,290.0,27.6
2021-07-25,0,25.4,71.0,0.5,360.0,13.3
2021-07-25,1,26.7,43.0,1.4,50.0,37.8
2021-07-25,2,26.1,52.0,1.7,70.0,18.6
2021-07-25,3,24.7,62.0,1.9,90.0,16.8
2021-07-25,4,24.4,77.0,1.6,110.0,12.0
2021-07-25,5,24.2,88.0,0.9,110.0,16.9
2021-07-25,6,23.9,87.0,1.5,90.0,17.5
2021-07-25,7,25.8,75.0,1.5,90.0,25.4
2021-07-25,8,27.0,67.0,1.9,90.0,27.6
2021-07-25,9,28.6,54.0,2.5,90.0,32.3
2021-07-25,10,29.1,63.0,3.3,110.0,24.8
2021-07-25,11,29.3,65.0,4.3,110.0,21.6
2021-07-25,12,28.9,58.0,4.3,180.0,27.3
2021-07-25,13,28.6,56.0,5.8,180.0,30.1
2021-07-25,14,29.5,57.0,2.8,180.0,30.2
2021-07-25,15,28.8,57.0,4.9,180.0,28.7
2021-07-25,16,29.2,55.0,3.9,180.0,30.8
2021-07-25,17,28.4,57.0,4.2,180.0,30.8
2021-07-25,18,27.7,61.0,3.0,180.0,26.9
2021-07-25,19,27.2,64.0,1.4,200.0,26.8
2021-07-25,20,25.1,79.0,1.0,200.0,15.7
2021-07-25,21,24.8,87.0,0.1,0.0,14.0
2021-07-25,22,23.4,93.0,0.8,110.0,11.0
2021-07-25,23,22.4,96.0,1.8,200.0,11.0
2021-07-26,0,22.3,97.0,1.1,70.0,13.0
2021-07-26,1,22.9,93.0,1.6,90.0,12.0
2021-07-26,2,23.7,85.0,1.6,70.0,23.3
2021-07-26,3,23.4,83.0,2.2,70.0,24.9
2021-07-26,4,23.1,87.0,1.2,70.0,20.1
2021-07-26,5,23.2,87.0,1.8,90.0,20.0
2021-07-26,6,22.8,87.0,1.9,90.0,16.2
2021-07-26,7,24.1,88.0,2.4,110.0,19.5
2021-07-26,8,25.3,82.0,2.4,110.0,23.1
2021-07-26,9,27.1,70.0,3.2,140.0,29.4
2021-07-26,10,27.8,70.0,5.0,140.0,25.1
2021-07-26,11,28.2,65.0,4.7,160.0,29.7
2021-07-26,12,28.6,60.0,4.4,160.0,39.6
2021-07-26,13,28.2,58.0,4.8,180.0,36.9
2021-07-26,14,28.7,59.0,3.5,180.0,36.9
2021-07-26,15,28.7,59.0,3.3,180.0,31.5
2021-07-26,16,27.4,64.0,6.6,180.0,27.6
2021-07-26,17,27.0,66.0,5.4,180.0,24.4
2021-07-26,18,26.8,66.0,2.9,200.0,27.2
2021-07-26,19,26.7,60.0,2.0,180.0,34.0
2021-07-26,20,23.6,82.0,0.5,90.0,19.4
2021-07-26,21,22.9,89.0,1.2,90.0,16.2
2021-07-26,22,22.4,89.0,0.4,0.0,22.3
2021-07-26,23,22.5,89.0,0.9,250.0,23.2
2021-07-27,0,22.6,86.0,0.9,290.0,29.8
2021-07-27,1,24.3,70.0,0.9,70.0,47.8
2021-07-27,2,23.6,69.0,0.8,340.0,49.7
2021-07-27,3,24.5,62.0,1.5,70.0,50.0
2021-07-27,4,23.4,73.0,1.7,90.0,49.9
2021-07-27,5,23.4,78.0,0.4,0.0,40.4
2021-07-27,6,23.5,70.0,0.9,340.0,49.2
2021-07-27,7,26.3,64.0,1.7,360.0,47.7
2021-07-27,8,28.0,59.0,1.8,70.0,39.8
2021-07-27,9,28.2,62.0,2.7,70.0,32.9
2021-07-27,10,29.3,56.0,1.9,70.0,28.9
2021-07-27,11,30.7,51.0,2.0,70.0,33.1
2021-07-27,12,31.1,46.0,2.0,110.0,34.5
2021-07-27,13,31.4,47.0,1.7,180.0,38.2
2021-07-27,14,30.8,50.0,2.1,290.0,33.1
2021-07-27,15,29.8,53.0,3.2,290.0,34.3
2021-07-27,16,30.0,48.0,3.4,320.0,40.3
2021-07-27,17,28.8,53.0,2.6,320.0,39.9
2021-07-27,18,27.8,57.0,2.6,320.0,30.5
2021-07-27,19,26.8,62.0,3.6,320.0,33.1
2021-07-27,20,25.3,69.0,2.8,320.0,31.0
2021-07-27,21,25.0,71.0,2.2,320.0,35.7
2021-07-27,22,24.6,70.0,1.1,320.0,36.9
2021-07-27,23,25.5,64.0,0.6,20.0,36.8
2021-07-28,0,26.4,55.0,1.5,360.0,50.0
2021-07-28,1,26.2,53.0,2.2,50.0,50.0
2021-07-28,2,25.7,58.0,0.7,110.0,49.8
2021-07-28,3,25.4,61.0,0.8,110.0,49.4
2021-07-28,4,24.1,69.0,1.6,160.0,41.4
2021-07-28,5,24.9,72.0,1.0,160.0,35.6
2021-07-28,6,24.6,74.0,0.3,0.0,22.3
2021-07-28,7,24.9,82.0,0.6,90.0,15.8
2021-07-28,8,26.6,70.0,0.8,360.0,30.5
2021-07-28,9,27.9,61.0,1.4,340.0,32.1
2021-07-28,10,29.2,58.0,1.5,90.0,32.0
2021-07-28,11,29.3,55.0,1.6,340.0,38.4
2021-07-28,12,30.0,55.0,1.7,90.0,33.0
2021-07-28,13,29.8,53.0,2.3,340.0,30.3
2021-07-28,14,31.0,48.0,2.6,340.0,32.5
2021-07-28,15,29.4,48.0,3.4,320.0,42.4
2021-07-28,16,30.3,40.0,2.6,320.0,49.8
2021-07-28,17,29.5,40.0,2.2,320.0,50.0
2021-07-28,18,30.3,34.0,2.4,360.0,50.0
2021-07-28,19,25.7,71.0,2.4,320.0,29.6
2021-07-28,20,24.7,87.0,2.3,290.0,18.4
2021-07-28,21,25.0,77.0,2.7,290.0,31.9
2021-07-28,22,24.4,82.0,2.4,290.0,28.9
2021-07-28,23,24.6,90.0,3.0,290.0,20.6
2021-07-29,0,24.5,91.0,2.3,320.0,16.5
2021-07-29,1,24.4,96.0,2.1,320.0,8.2
2021-07-29,2,24.1,97.0,2.1,340.0,4.8
2021-07-29,3,23.8,95.0,2.2,290.0,12.8
2021-07-29,4,24.3,90.0,0.8,340.0,17.8
2021-07-29,5,23.3,99.0,1.3,180.0,0.9
2021-07-29,6,23.6,98.0,0.3,0.0,6.4
2021-07-29,7,24.3,91.0,0.0,0.0,22.5
2021-07-29,8,25.1,87.0,1.4,110.0,23.4
2021-07-29,9,25.0,82.0,3.2,90.0,29.3
2021-07-29,10,27.2,67.0,2.9,180.0,36.0
2021-07-29,11,28.1,55.0,3.3,180.0,44.4
2021-07-29,12,29.8,49.0,2.5,180.0,47.7
2021-07-29,13,28.7,61.0,3.1,200.0,44.7
2021-07-29,14,29.2,65.0,3.5,180.0,38.3
2021-07-29,15,28.6,70.0,3.6,180.0,41.8
2021-07-29,16,29.4,72.0,3.5,180.0,44.6
2021-07-29,17,28.2,76.0,3.3,180.0,44.1
2021-07-29,18,26.9,89.0,2.3,200.0,25.1
2021-07-29,19,26.4,94.0,1.9,180.0,19.9
2021-07-29,20,25.3,97.0,2.7,160.0,3.9
2021-07-29,21,24.9,98.0,3.7,160.0,3.4
2021-07-29,22,24.6,99.0,3.0,140.0,1.5
2021-07-29,23,24.5,99.0,4.0,140.0,0.5
2021-07-30,0,24.1,99.0,5.0,140.0,2.2
2021-07-30,1,24.3,98.0,5.4,140.0,12.7
2021-07-30,2,24.2,97.0,6.5,140.0,13.1
2021-07-30,3,24.0,98.0,4.4,140.0,6.4
2021-07-30,4,23.6,99.0,5.5,140.0,2.7
2021-07-30,5,23.8,99.0,6.1,140.0,3.2
2021-07-30,6,23.8,99.0,6.4,140.0,5.2
2021-07-30,7,23.7,98.0,6.8,140.0,9.5
2021-07-30,8,23.7,97.0,8.1,140.0,13.8
2021-07-30,9,23.3,96.0,8.1,140.0,13.2
2021-07-30,10,22.9,98.0,8.0,140.0,6.3
2021-07-30,11,23.5,96.0,8.2,140.0,11.0
2021-07-30,12,24.0,94.0,8.5,140.0,13.2
2021-07-30,13,23.6,96.0,8.2,140.0,13.4
2021-07-30,14,23.7,96.0,6.3,140.0,5.5
2021-07-30,15,23.6,99.0,5.0,140.0,4.1
2021-07-30,16,23.7,98.0,4.7,140.0,6.0
2021-07-30,17,23.6,99.0,4.5,140.0,7.1
2021-07-30,18,23.3,99.0,4.8,140.0,4.2
2021-07-30,19,24.0,99.0,3.1,140.0,5.0
2021-07-30,20,24.0,99.0,3.5,140.0,5.5
2021-07-30,21,23.6,99.0,1.9,180.0,5.2
2021-07-30,22,25.1,91.0,4.4,200.0,16.7
2021-07-30,23,25.1,91.0,3.9,200.0,20.3
2021-07-31,0,24.6,91.0,3.8,200.0,15.9
2021-07-31,1,24.9,88.0,3.1,200.0,17.7
2021-07-31,2,24.9,90.0,2.9,200.0,14.3
2021-07-31,3,24.8,90.0,3.3,200.0,13.9
2021-07-31,4,24.0,94.0,2.5,180.0,8.1
2021-07-31,5,23.6,95.0,2.3,180.0,6.9
2021-07-31,6,23.5,96.0,3.1,180.0,5.8
2021-07-31,7,24.3,95.0,4.3,140.0,7.7
2021-07-31,8,24.4,95.0,4.2,140.0,8.7
2021-07-31,9,25.0,93.0,4.2,140.0,9.7
2021-07-31,10,25.4,92.0,4.4,140.0,9.2
2021-07-31,11,25.2,93.0,5.5,140.0,6.9
2021-07-31,12,25.7,92.0,5.2,160.0,7.5
2021-07-31,13,25.9,93.0,6.8,160.0,8.0
2021-07-31,14,26.6,92.0,6.0,160.0,9.8
2021-07-31,15,26.6,90.0,4.8,160.0,13.5
2021-07-31,16,25.9,91.0,4.2,160.0,12.7
2021-07-31,17,27.0,90.0,5.2,180.0,11.5
2021-07-31,18,26.5,92.0,3.9,180.0,10.9
2021-07-31,19,26.5,93.0,4.0,200.0,8.9
2021-07-31,20,26.1,95.0,3.4,200.0,7.0
2021-07-31,21,25.9,95.0,4.1,200.0,5.2
2021-07-31,22,25.9,93.0,2.9,230.0,6.8
2021-07-31,23,24.9,96.0,2.0,200.0,3.0
2022-03-01,0,4.6,90.0,3.8,160.0,29.4
2022-03-01,1,4.5,88.0,2.8,110.0,29.8
2022-03-01,2,4.3,85.0,2.8,110.0,30.5
2022-03-01,3,4.1,84.0,2.0,90.0,27.7
2022-03-01,4,4.6,85.0,1.6,110.0,28.6
2022-03-01,5,5.0,89.0,0.8,70.0,24.4
2022-03-01,6,5.6,94.0,4.6,320.0,9.7
2022-03-01,7,4.8,95.0,5.1,320.0,11.9
2022-03-01,8,3.7,85.0,9.4,340.0,11.3
2022-03-01,9,3.3,75.0,8.6,340.0,16.9
2022-03-01,10,3.3,70.0,9.0,340.0,22.5
2022-03-01,11,3.3,67.0,10.0,340.0,23.9
2022-03-01,12,3.8,64.0,11.3,340.0,25.8
2022-03-01,13,3.8,64.0,9.5,340.0,26.5
2022-03-01,14,4.2,58.0,7.2,340.0,31.9
2022-03-01,15,3.5,50.0,8.8,340.0,41.4
2022-03-01,16,3.7,41.0,7.5,320.0,46.4
2022-03-01,17,3.4,39.0,7.6,340.0,49.5
2022-03-01,18,2.8,37.0,7.3,320.0,49.8
2022-03-01,19,2.7,39.0,8.8,320.0,50.0
2022-03-01,20,3.2,43.0,7.7,320.0,48.8
2022-03-01,21,3.6,44.0,7.8,320.0,49.0
2022-03-01,22,3.8,47.0,7.8,320.0,48.4
2022-03-01,23,3.8,49.0,7.6,320.0,46.6
2022-03-02,0,3.3,53.0,4.1,320.0,45.5
2022-03-02,1,3.3,53.0,5.0,340.0,47.3
2022-03-02,2,3.3,54.0,4.8,340.0,46.6
2022-03-02,3,3.4,52.0,4.4,320.0,48.5
2022-03-02,4,2.7,58.0,3.5,290.0,48.3
2022-03-02,5,2.5,67.0,3.2,270.0,47.0
2022-03-02,6,2.2,71.0,2.3,250.0,41.3
2022-03-02,7,2.2,74.0,2.5,250.0,36.7
2022-03-02,8,3.0,74.0,2.2,230.0,31.3
2022-03-02,9,5.2,55.0,3.7,270.0,38.6
2022-03-02,10,6.5,45.0,4.6,250.0,43.7
2022-03-02,11,7.2,39.0,6.0,250.0,47.8
2022-03-02,12,7.3,36.0,7.4,250.0,44.9
2022-03-02,13,7.7,40.0,7.4,250.0,41.0
2022-03-02,14,7.9,38.0,6.7,250.0,38.5
2022-03-02,15,8.0,35.0,7.0,270.0,38.4
2022-03-02,16,7.5,46.0,6.9,230.0,26.2
2022-03-02,17,7.5,52.0,5.2,230.0,21.7
2022-03-02,18,6.3,65.0,5.7,230.0,19.2
2022-03-02,19,5.8,72.0,6.1,250.0,18.6
2022-03-02,20,5.8,72.0,6.9,250.0,18.5
2022-03-02,21,6.1,56.0,7.3,230.0,23.8
2022-03-02,22,5.7,74.0,6.9,250.0,15.6
2022-03-02,23,5.8,55.0,5.0,270.0,21.8
2022-03-03,0,5.0,73.0,4.6,290.0,14.0
2022-03-03,1,4.7,83.0,4.5,290.0,8.0
2022-03-03,2,4.0,86.0,3.3,320.0,6.7
2022-03-03,3,3.5,70.0,2.3,320.0,18.1
2022-03-03,4,3.1,63.0,1.9,340.0,24.4
2022-03-03,5,2.7,60.0,2.2,340.0,28.7
2022-03-03,6,2.7,58.0,1.9,340.0,33.3
2022-03-03,7,2.0,66.0,2.7,340.0,33.1
2022-03-03,8,2.9,63.0,2.2,360.0,33.9
2022-03-03,9,4.5,58.0,0.4,0.0,33.1
2022-03-03,10,5.8,39.0,1.7,70.0,44.8
2022-03-03,11,5.9,25.0,1.7,360.0,47.7
2022-03-03,12,7.7,24.0,1.9,340.0,49.6
2022-03-03,13,7.9,21.0,1.7,110.0,49.4
2022-03-03,14,7.6,31.0,1.5,160.0,43.7
2022-03-03,15,8.3,28.0,1.5,200.0,45.1
2022-03-03,16,7.7,27.0,2.0,200.0,45.3
2022-03-03,17,6.8,30.0,2.7,180.0,36.8
2022-03-03,18,5.5,35.0,2.9,160.0,41.8
2022-03-03,19,4.4,62.0,4.2,160.0,33.3
2022-03-03,20,4.3,68.0,4.4,160.0,32.6
2022-03-03,21,4.3,73.0,5.0,160.0,26.3
2022-03-03,22,4.4,71.0,5.0,160.0,26.1
2022-03-03,23,4.6,85.0,5.2,160.0,12.9
2022-03-04,0,4.6,96.0,4.1,160.0,4.0
2022-03-04,1,4.7,98.0,3.6,160.0,2.9
2022-03-04,2,4.8,99.0,3.7,140.0,2.3
2022-03-04,3,5.0,100.0,4.6,140.0,0.6
2022-03-04,4,4.6,99.0,5.9,140.0,0.5
2022-03-04,5,4.3,100.0,5.6,140.0,0.3
2022-03-04,6,4.7,100.0,6.0,140.0,1.1
2022-03-04,7,4.5,97.0,7.0,140.0,1.7
2022-03-04,8,4.8,100.0,6.2,140.0,0.9
2022-03-04,9,5.2,97.0,6.8,140.0,0.2
2022-03-04,10,5.9,97.0,6.5,140.0,0.4
2022-03-04,11,7.7,97.0,8.2,160.0,5.2
2022-03-04,12,8.4,89.0,5.2,160.0,9.1
2022-03-04,13,10.3,80.0,6.9,230.0,13.2
2022-03-04,14,10.9,70.0,7.0,230.0,8.8
2022-03-04,15,10.8,65.0,6.0,230.0,7.5
2022-03-04,16,9.3,67.0,8.6,250.0,6.4
2022-03-04,17,9.0,53.0,8.0,270.0,9.4
2022-03-04,18,7.3,68.0,7.8,290.0,7.2
2022-03-04,19,6.3,75.0,7.7,290.0,6.1
2022-03-04,20,6.1,75.0,7.8,270.0,6.6
2022-03-04,21,6.3,68.0,9.2,340.0,8.5
2022-03-04,22,5.3,58.0,9.3,340.0,16.2
2022-03-04,23,4.8,53.0,8.9,340.0,19.6
2022-03-05,0,4.5,63.0,8.7,340.0,16.8
2022-03-05,1,3.9,44.0,10.4,340.0,14.8
2022-03-05,2,2.8,34.0,15.0,340.0,14.0
2022-03-05,3,2.3,26.0,11.5,340.0,22.6
2022-03-05,4,2.1,30.0,6.3,340.0,23.7
2022-03-05,5,2.3,26.0,8.7,320.0,30.3
2022-03-05,6,2.5,28.0,8.7,320.0,39.7
2022-03-05,7,2.2,28.0,8.6,340.0,39.5
2022-03-05,8,2.4,30.0,6.4,320.0,41.9
2022-03-05,9,3.1,27.0,7.9,320.0,46.4
2022-03-05,10,3.8,31.0,8.9,320.0,46.0
2022-03-05,11,4.1,29.0,7.7,320.0,45.9
2022-03-05,12,4.1,31.0,10.4,320.0,42.4
2022-03-05,13,3.6,31.0,11.7,320.0,42.4
2022-03-05,14,3.6,29.0,10.9,320.0,44.0
2022-03-05,15,3.5,31.0,10.2,320.0,44.6
2022-03-05,16,3.2,33.0,8.7,320.0,44.4
2022-03-05,17,2.7,37.0,8.7,320.0,44.1
2022-03-05,18,2.2,34.0,9.7,320.0,44.2
2022-03-05,19,1.9,37.0,7.4,340.0,39.2
2022-03-05,20,2.1,38.0,7.0,340.0,36.7
2022-03-05,21,2.3,36.0,6.4,320.0,36.3
2022-03-05,22,2.5,35.0,7.8,340.0,31.2
2022-03-05,23,2.6,32.0,6.4,340.0,29.8
2022-03-06,0,2.7,31.0,9.2,340.0,30.6
2022-03-06,1,2.4,28.0,10.8,20.0,37.8
2022-03-06,2,2.3,29.0,9.6,340.0,37.5
2022-03-06,3,2.3,31.0,10.8,340.0,35.9
2022-03-06,4,2.2,29.0,12.3,340.0,39.6
2022-03-06,5,2.0,34.0,10.5,340.0,36.2
2022-03-06,6,1.8,36.0,9.0,340.0,36.7
2022-03-06,7,1.6,33.0,11.1,340.0,37.0
2022-03-06,8,1.3,33.0,9.9,340.0,43.2
2022-03-06,9,1.5,35.0,9.0,340.0,45.1
2022-03-06,10,1.8,30.0,10.2,340.0,45.3
2022-03-06,11,2.3,33.0,9.6,340.0,45.3
2022-03-06,12,2.9,33.0,8.2,340.0,47.5
2022-03-06,13,2.5,34.0,8.7,340.0,45.9
2022-03-06,14,2.6,33.0,8.7,340.0,46.9
2022-03-06,15,2.6,36.0,7.5,340.0,49.2
2022-03-06,16,2.3,35.0,8.6,340.0,47.7
2022-03-06,17,2.0,37.0,7.0,340.0,45.5
2022-03-06,18,1.3,35.0,5.0,340.0,44.0
2022-03-06,19,0.9,39.0,3.4,320.0,45.4
2022-03-06,20,1.2,42.0,4.2,320.0,44.9
2022-03-06,21,1.3,44.0,3.4,320.0,45.8
2022-03-06,22,1.7,40.0,3.8,320.0,46.5
2022-03-06,23,1.8,45.0,3.2,320.0,45.3
2022-03-07,0,1.9,47.0,3.3,320.0,43.0
2022-03-07,1,1.3,51.0,2.1,340.0,45.1
2022-03-07,2,1.1,54.0,0.7,320.0,43.6
2022-03-07,3,0.7,57.0,0.4,0.0,42.9
2022-03-07,4,0.7,57.0,0.2,0.0,43.8
2022-03-07,5,0.6,61.0,0.9,160.0,42.7
2022-03-07,6,0.7,60.0,0.4,0.0,39.9
2022-03-07,7,1.3,58.0,1.6,180.0,41.2
2022-03-07,8,1.5,59.0,1.4,160.0,33.9
2022-03-07,9,3.7,52.0,3.5,160.0,39.4
2022-03-07,10,4.8,47.0,5.0,160.0,41.7
2022-03-07,11,4.8,51.0,5.3,160.0,41.8
2022-03-07,12,6.1,51.0,5.2,160.0,40.5
2022-03-07,13,5.2,56.0,5.1,160.0,42.6
2022-03-07,14,5.9,58.0,6.9,160.0,40.3
2022-03-07,15,5.9,60.0,6.6,160.0,38.4
2022-03-07,16,6.0,63.0,6.0,160.0,40.7
2022-03-07,17,5.8,69.0,3.9,160.0,37.0
2022-03-07,18,5.1,76.0,3.6,160.0,39.5
2022-03-07,19,4.4,85.0,2.7,160.0,38.2
2022-03-07,20,4.3,89.0,4.3,140.0,40.5
2022-03-07,21,4.3,90.0,4.7,140.0,40.5
2022-03-07,22,4.1,93.0,2.1,140.0,30.6
2022-03-07,23,4.3,96.0,2.1,90.0,29.1
2022-03-08,0,4.0,96.0,1.8,110.0,29.5
2022-03-08,1,3.4,96.0,3.0,110.0,25.5
2022-03-08,2,3.2,94.0,2.9,90.0,29.5
2022-03-08,3,2.9,94.0,2.7,90.0,24.7
2022-03-08,4,3.1,92.0,2.4,90.0,25.2
2022-03-08,5,2.9,92.0,2.9,90.0,23.6
2022-03-08,6,2.7,93.0,3.0,90.0,25.1
2022-03-08,7,2.6,93.0,3.1,90.0,22.8
2022-03-08,8,2.9,91.0,3.0,90.0,23.8
2022-03-08,9,3.8,88.0,3.3,90.0,23.7
2022-03-08,10,4.9,83.0,2.7,140.0,21.1
2022-03-08,11,5.3,78.0,4.0,90.0,23.2
2022-03-08,12,6.8,73.0,3.2,110.0,19.2
2022-03-08,13,7.7,71.0,4.1,110.0,23.8
2022-03-08,14,7.2,78.0,5.1,140.0,24.4
2022-03-08,15,7.1,81.0,2.3,160.0,22.0
2022-03-08,16,6.0,87.0,3.7,110.0,12.7
2022-03-08,17,5.3,95.0,3.6,140.0,5.1
2022-03-08,18,4.8,97.0,2.1,140.0,3.3
2022-03-08,19,4.9,99.0,2.5,140.0,6.7
2022-03-08,20,4.1,100.0,3.0,140.0,0.5
2022-03-08,21,3.3,99.0,1.0,160.0,0.4
2022-03-08,22,3.3,99.0,2.2,140.0,0.3
2022-03-08,23,3.7,99.0,2.2,140.0,0.4
2022-03-09,0,3.9,99.0,2.1,110.0,0.3
2022-03-09,1,4.0,99.0,2.3,140.0,0.7
2022-03-09,2,3.7,99.0,1.0,180.0,4.3
2022-03-09,3,3.2,99.0,0.8,70.0,3.8
2022-03-09,4,3.2,100.0,0.9,50.0,3.6
2022-03-09,5,3.1,99.0,0.3,0.0,3.6
2022-03-09,6,2.4,100.0,2.1,360.0,0.3
2022-03-09,7,1.9,100.0,1.0,320.0,0.5
2022-03-09,8,1.8,99.0,0.7,340.0,0.4
2022-03-09,9,1.9,99.0,0.7,70.0,0.5
2022-03-09,10,2.0,99.0,0.9,70.0,0.8
2022-03-09,11,2.8,99.0,1.5,90.0,4.9
2022-03-09,12,3.5,95.0,2.0,90.0,9.2
2022-03-09,13,3.4,90.0,2.9,180.0,9.8
2022-03-09,14,3.4,92.0,2.7,160.0,9.5
2022-03-09,15,3.5,93.0,2.1,160.0,9.6
2022-03-09,16,4.7,83.0,2.3,160.0,11.4
2022-03-09,17,3.8,88.0,2.7,160.0,10.0
2022-03-09,18,3.0,94.0,1.5,140.0,5.5
2022-03-09,19,2.3,98.0,1.0,140.0,4.0
2022-03-09,20,1.9,100.0,2.5,90.0,0.9
2022-03-09,21,1.4,100.0,2.2,140.0,0.5
2022-03-09,22,1.3,100.0,2.3,140.0,0.6
2022-03-09,23,1.1,100.0,2.8,140.0,0.3
2022-03-10,0,1.3,100.0,2.7,140.0,0.4
2022-03-10,1,1.3,100.0,3.2,140.0,0.8
2022-03-10,2,2.0,100.0,2.8,140.0,0.5
2022-03-10,3,2.9,100.0,3.3,140.0,2.1
2022-03-10,4,3.5,100.0,3.9,140.0,3.6
2022-03-10,5,3.8,100.0,4.7,160.0,3.0
2022-03-10,6,3.8,100.0,4.5,160.0,3.2
2022-03-10,7,3.6,100.0,4.2,140.0,3.2
2022-03-10,8,3.8,100.0,4.6,140.0,2.4
2022-03-10,9,4.3,99.0,4.9,140.0,6.3
2022-03-10,10,5.1,91.0,5.7,160.0,8.3
2022-03-10,11,5.2,92.0,5.3,160.0,8.1
2022-03-10,12,5.2,94.0,5.3,140.0,6.2
2022-03-10,13,6.0,91.0,5.5,160.0,8.7
2022-03-10,14,6.3,91.0,6.1,160.0,9.2
2022-03-10,15,7.0,89.0,5.1,160.0,7.0
2022-03-10,16,6.7,89.0,4.2,140.0,6.5
2022-03-10,17,5.9,94.0,4.4,140.0,4.3
2022-03-10,18,5.7,96.0,5.0,140.0,2.5
2022-03-10,19,5.3,98.0,4.3,140.0,0.8
2022-03-10,20,4.9,99.0,4.1,110.0,0.6
2022-03-10,21,4.6,99.0,4.4,140.0,0.9
2022-03-10,22,4.3,99.0,3.5,110.0,2.2
2022-03-10,23,3.5,100.0,3.6,110.0,0.2
2022-03-11,0,3.6,100.0,3.1,140.0,0.1
2022-03-11,1,3.0,100.0,2.5,140.0,0.1
2022-03-11,2,3.0,100.0,4.0,140.0,0.1
2022-03-11,3,2.6,100.0,2.2,140.0,0.2
2022-03-11,4,2.0,100.0,2.0,110.0,0.1
2022-03-11,5,2.4,97.0,2.8,90.0,0.1
2022-03-11,6,2.9,97.0,2.0,90.0,2.5
2022-03-11,7,3.8,97.0,2.2,110.0,4.7
2022-03-11,8,4.2,95.0,2.0,90.0,4.4
2022-03-11,9,5.4,88.0,2.0,90.0,7.0
2022-03-11,10,6.0,81.0,3.3,320.0,9.8
2022-03-11,11,9.4,65.0,1.6,320.0,15.6
2022-03-11,12,12.3,60.0,1.1,90.0,15.8
2022-03-11,13,9.0,61.0,3.6,320.0,13.7
2022-03-11,14,8.8,64.0,3.4,320.0,13.2
2022-03-11,15,9.6,60.0,3.1,290.0,12.8
2022-03-11,16,7.9,68.0,4.0,290.0,12.5
2022-03-11,17,7.7,71.0,4.5,320.0,14.9
2022-03-11,18,5.2,90.0,4.9,290.0,9.9
2022-03-11,19,4.0,95.0,4.1,290.0,1.5
2022-03-11,20,3.5,96.0,2.8,290.0,2.6
2022-03-11,21,3.0,96.0,3.0,290.0,3.5
2022-03-11,22,4.6,83.0,2.4,340.0,18.1
2022-03-11,23,8.2,58.0,0.8,20.0,24.2
2022-03-12,0,7.1,61.0,1.3,290.0,24.7
2022-03-12,1,2.9,93.0,2.9,290.0,10.7
2022-03-12,2,4.9,69.0,1.5,250.0,26.1
2022-03-12,3,7.4,52.0,0.7,140.0,30.0
2022-03-12,4,7.0,54.0,1.8,110.0,25.1
2022-03-12,5,4.4,81.0,2.0,90.0,15.8
2022-03-12,6,4.9,80.0,2.1,90.0,9.2
2022-03-12,7,4.2,84.0,2.1,90.0,8.3
2022-03-12,8,6.0,70.0,2.7,110.0,10.2
2022-03-12,9,8.6,55.0,1.9,110.0,13.1
2022-03-12,10,8.2,55.0,5.7,140.0,12.4
2022-03-12,11,8.5,63.0,3.8,160.0,6.3
2022-03-12,12,9.2,66.0,6.1,140.0,6.9
2022-03-12,13,7.7,85.0,4.8,140.0,3.5
2022-03-12,14,7.0,93.0,6.8,160.0,0.9
2022-03-12,15,7.2,94.0,4.5,160.0,0.9
2022-03-12,16,6.8,95.0,2.5,180.0,0.7
2022-03-12,17,7.5,96.0,3.6,180.0,0.8
2022-03-12,18,7.5,96.0,2.5,160.0,1.0
2022-03-12,19,6.9,96.0,2.0,140.0,1.1
2022-03-12,20,7.2,96.0,0.7,90.0,2.2
2022-03-12,21,7.0,96.0,6.3,160.0,0.6
2022-03-12,22,7.9,97.0,6.1,180.0,2.6
2022-03-12,23,7.7,97.0,3.8,160.0,3.2
2022-03-13,0,7.2,97.0,3.2,110.0,0.6
2022-03-13,1,6.5,97.0,1.1,90.0,0.3
2022-03-13,2,6.8,97.0,1.6,90.0,0.3
2022-03-13,3,7.1,97.0,0.1,0.0,0.3
2022-03-13,4,7.5,97.0,0.8,70.0,0.6
2022-03-13,5,7.6,97.0,2.0,20.0,0.4
2022-03-13,6,7.1,97.0,1.4,340.0,0.2
2022-03-13,7,6.1,97.0,1.9,290.0,0.3
2022-03-13,8,7.1,97.0,1.6,340.0,2.4
2022-03-13,9,7.4,97.0,3.4,340.0,11.0
2022-03-13,10,7.2,97.0,3.0,320.0,14.2
2022-03-13,11,6.4,96.0,5.2,340.0,7.4
2022-03-13,12,7.4,93.0,4.4,340.0,18.0
2022-03-13,13,9.2,85.0,3.6,320.0,13.2
2022-03-13,14,9.7,79.0,4.3,340.0,24.9
2022-03-13,15,6.5,89.0,5.1,320.0,2.3
2022-03-13,16,7.2,84.0,6.3,320.0,7.3
2022-03-13,17,8.1,81.0,4.6,320.0,12.7
2022-03-13,18,8.2,79.0,4.0,320.0,17.3
2022-03-13,19,6.6,87.0,4.9,290.0,9.7
2022-03-13,20,6.3,92.0,5.1,320.0,4.5
2022-03-13,21,5.7,93.0,2.3,320.0,3.4
2022-03-13,22,8.1,79.0,1.5,50.0,39.7
2022-03-13,23,8.3,78.0,2.0,70.0,33.7
2022-03-14,0,8.2,83.0,0.7,70.0,20.8
2022-03-14,1,7.1,92.0,1.9,70.0,7.4
2022-03-14,2,6.9,95.0,1.3,110.0,4.0
2022-03-14,3,6.9,95.0,1.2,110.0,4.4
2022-03-14,4,7.5,95.0,3.5,140.0,3.2
2022-03-14,5,6.7,93.0,5.7,160.0,5.2
2022-03-14,6,7.0,90.0,5.5,160.0,8.8
2022-03-14,7,6.6,90.0,6.1,160.0,7.7
2022-03-14,8,6.3,93.0,5.7,140.0,5.1
2022-03-14,9,6.6,94.0,3.2,180.0,2.5
2022-03-14,10,6.8,95.0,4.1,200.0,3.3
2022-03-14,11,6.8,95.0,4.3,230.0,24.9
2022-03-14,12,6.5,95.0,6.2,230.0,7.9
2022-03-14,13,6.6,96.0,7.0,250.0,1.5
2022-03-14,14,6.5,95.0,8.6,290.0,1.0
2022-03-14,15,7.0,83.0,9.0,290.0,5.5
2022-03-14,16,6.4,78.0,9.6,320.0,7.3
2022-03-14,17,5.5,79.0,10.4,290.0,8.7
2022-03-14,18,4.8,82.0,8.7,320.0,9.5
2022-03-14,19,4.4,83.0,7.8,320.0,10.2
2022-03-14,20,4.6,76.0,6.8,320.0,13.9
2022-03-14,21,4.2,72.0,9.3,340.0,13.1
2022-03-14,22,4.0,73.0,8.9,340.0,11.1
2022-03-14,23,3.9,73.0,9.7,340.0,11.5
2022-03-15,0,3.6,72.0,8.9,340.0,15.2
2022-03-15,1,3.3,71.0,8.0,340.0,14.2
2022-03-15,2,2.9,72.0,4.2,360.0,13.7
2022-03-15,3,2.9,71.0,5.6,340.0,14.2
2022-03-15,4,2.7,73.0,4.3,360.0,13.1
2022-03-15,5,2.4,74.0,3.7,360.0,13.4
2022-03-15,6,2.0,76.0,2.7,20.0,12.8
2022-03-15,7,0.5,83.0,1.6,180.0,10.1
2022-03-15,8,1.3,84.0,0.7,200.0,11.0
2022-03-15,9,3.8,71.0,1.0,200.0,13.1
2022-03-15,10,5.5,65.0,2.3,180.0,14.9
2022-03-15,11,5.9,66.0,2.3,360.0,15.5
2022-03-15,12,6.4,66.0,1.5,320.0,15.3
2022-03-15,13,6.7,60.0,4.2,160.0,17.5
2022-03-15,14,5.9,67.0,3.2,180.0,14.3
2022-03-15,15,5.8,71.0,2.9,160.0,13.0
2022-03-15,16,5.7,71.0,7.5,160.0,14.2
2022-03-15,17,5.4,75.0,6.7,160.0,13.2
2022-03-15,18,5.0,81.0,7.8,160.0,10.9
2022-03-15,19,4.8,86.0,5.3,160.0,8.6
2022-03-15,20,4.9,89.0,3.1,140.0,7.4
2022-03-15,21,4.8,90.0,3.7,110.0,7.0
2022-03-15,22,4.5,91.0,2.8,110.0,5.9
2022-03-15,23,4.3,93.0,2.3,110.0,4.8
2022-03-16,0,4.3,94.0,2.9,140.0,4.7
2022-03-16,1,4.6,93.0,1.9,110.0,5.3
2022-03-16,2,4.6,93.0,2.0,110.0,4.7
2022-03-16,3,4.6,93.0,1.7,140.0,5.0
2022-03-16,4,4.3,94.0,2.9,90.0,3.9
2022-03-16,5,4.3,93.0,1.8,110.0,5.0
2022-03-16,6,4.4,93.0,2.5,140.0,5.0
2022-03-16,7,4.8,93.0,2.2,140.0,4.6
2022-03-16,8,5.4,92.0,1.3,90.0,5.2
2022-03-16,9,5.8,90.0,1.1,70.0,7.0
2022-03-16,10,7.0,82.0,1.1,90.0,10.3
2022-03-16,11,7.4,77.0,3.2,290.0,11.7
2022-03-16,12,7.3,75.0,4.7,320.0,11.8
2022-03-16,13,7.1,76.0,6.3,340.0,8.9
2022-03-16,14,6.9,78.0,7.1,340.0,10.9
2022-03-16,15,6.2,63.0,9.0,340.0,11.5
2022-03-16,16,6.1,61.0,6.3,340.0,11.6
2022-03-16,17,5.7,63.0,8.1,340.0,12.1
2022-03-16,18,5.4,60.0,5.0,340.0,13.6
2022-03-16,19,5.0,64.0,3.9,360.0,14.0
2022-03-16,20,5.0,67.0,9.0,340.0,11.7
2022-03-16,21,5.2,68.0,6.6,360.0,8.8
2022-03-16,22,5.1,65.0,8.2,360.0,11.9
2022-03-16,23,4.4,67.0,8.3,340.0,13.1
2022-03-17,0,4.0,68.0,8.4,360.0,14.0
2022-03-17,1,3.5,69.0,8.9,360.0,14.0
2022-03-17,2,3.2,68.0,9.2,340.0,16.0
2022-03-17,3,2.8,66.0,7.3,340.0,18.9
2022-03-17,4,2.3,65.0,4.3,340.0,21.8
2022-03-17,5,2.1,65.0,5.6,360.0,23.4
2022-03-17,6,2.1,63.0,2.2,360.0,24.8
2022-03-17,7,1.6,65.0,4.7,360.0,25.0
2022-03-17,8,2.1,65.0,3.7,360.0,26.1
2022-03-17,9,3.0,61.0,3.2,340.0,26.8
2022-03-17,10,3.5,59.0,6.4,360.0,28.9
2022-03-17,11,3.9,58.0,5.4,340.0,27.1
2022-03-17,12,4.6,57.0,5.0,340.0,27.5
2022-03-17,13,5.8,52.0,2.7,340.0,29.6
2022-03-17,14,6.3,50.0,3.8,340.0,25.5
2022-03-17,15,4.9,64.0,4.8,340.0,21.4
2022-03-17,16,4.3,68.0,6.3,340.0,18.8
2022-03-17,17,4.5,71.0,5.2,340.0,18.9
2022-03-17,18,4.8,72.0,3.1,340.0,18.0
2022-03-17,19,5.2,69.0,2.9,320.0,17.6
2022-03-17,20,5.5,67.0,4.0,340.0,19.2
2022-03-17,21,5.7,67.5,3.6,360.0,20.0
2022-03-17,22,5.6,66.0,3.5,340.0,24.5
2022-03-17,23,6.3,63.0,1.0,50.0,20.3
2022-03-18,0,6.8,68.0,3.6,110.0,15.2
2022-03-18,1,6.8,74.0,1.9,110.0,11.9
2022-03-18,2,6.5,77.0,1.9,90.0,12.2
2022-03-18,3,6.7,70.0,4.2,110.0,46.5
2022-03-18,4,6.3,74.0,2.0,90.0,44.1
2022-03-18,5,5.7,77.0,2.4,70.0,37.4
2022-03-18,6,5.9,76.0,3.0,90.0,39.5
2022-03-18,7,6.0,75.0,2.2,90.0,43.0
2022-03-18,8,6.5,73.0,1.7,50.0,44.7
2022-03-18,9,6.6,68.0,2.7,70.0,45.3
2022-03-18,10,6.9,62.0,1.3,360.0,42.8
2022-03-18,11,6.7,65.0,2.4,320.0,38.2
2022-03-18,12,7.1,64.0,2.5,340.0,45.0
2022-03-18,13,8.6,54.0,1.6,20.0,46.6
2022-03-18,14,8.7,50.0,2.2,340.0,48.4
2022-03-18,15,8.5,52.0,2.1,290.0,48.5
2022-03-18,16,8.0,54.0,2.4,320.0,49.8
2022-03-18,17,7.8,54.0,2.2,320.0,48.6
2022-03-18,18,6.4,66.0,2.0,320.0,48.1
2022-03-18,19,6.0,70.0,2.3,290.0,49.6
2022-03-18,20,5.6,71.0,2.3,320.0,48.5
2022-03-18,21,5.4,76.0,1.4,290.0,46.9
2022-03-18,22,5.5,72.0,0.5,290.0,47.6
2022-03-18,23,5.8,71.0,1.3,90.0,48.9
2022-03-19,0,5.5,72.0,3.6,160.0,18.6
2022-03-19,1,3.6,87.0,3.1,160.0,4.5
2022-03-19,2,2.9,89.0,3.0,160.0,6.3
2022-03-19,3,2.0,92.0,2.0,200.0,6.3
2022-03-19,4,0.4,95.0,1.3,320.0,1.4
2022-03-19,5,0.5,96.0,1.7,320.0,5.3
2022-03-19,6,0.8,96.0,3.0,320.0,5.9
2022-03-19,7,1.1,96.0,3.9,320.0,8.6
2022-03-19,8,1.7,94.0,4.9,320.0,6.8
2022-03-19,9,2.2,92.0,4.9,340.0,3.8
2022-03-19,10,2.7,88.0,3.7,360.0,19.9
2022-03-19,11,4.4,86.0,3.4,340.0,48.7
2022-03-19,12,3.8,84.0,4.9,340.0,50.0
2022-03-19,13,4.9,78.0,4.4,340.0,42.1
2022-03-19,14,3.9,81.0,5.9,340.0,34.0
2022-03-19,15,3.6,82.0,6.5,340.0,37.4
2022-03-19,16,3.1,84.0,7.6,340.0,24.3
2022-03-19,17,3.4,80.0,6.8,340.0,37.4
2022-03-19,18,3.4,77.0,9.2,340.0,28.8
2022-03-19,19,3.1,72.0,7.3,340.0,25.6
2022-03-19,20,3.2,69.0,5.8,340.0,27.4
2022-03-19,21,3.1,68.0,2.8,360.0,23.5
2022-03-19,22,3.4,64.0,4.6,340.0,23.1
2022-03-19,23,3.9,59.0,6.3,340.0,23.8
2022-03-20,0,3.8,61.0,6.1,340.0,24.9
2022-03-20,1,3.4,65.0,4.1,340.0,21.1
2022-03-20,2,3.0,62.0,3.5,340.0,22.1
2022-03-20,3,2.5,64.0,2.5,320.0,21.1
2022-03-20,4,2.4,66.0,3.0,320.0,20.9
2022-03-20,5,2.2,67.0,2.8,320.0,21.4
2022-03-20,6,2.4,67.0,3.2,320.0,21.9
2022-03-20,7,2.3,65.0,4.4,320.0,24.6
2022-03-20,8,2.7,64.0,4.5,320.0,24.9
2022-03-20,9,3.2,60.0,6.9,320.0,27.4
2022-03-20,10,3.7,53.0,6.5,320.0,29.5
2022-03-20,11,4.3,55.0,6.7,340.0,27.7
2022-03-20,12,4.1,43.0,8.1,340.0,35.1
2022-03-20,13,4.4,40.0,7.7,340.0,40.1
2022-03-20,14,4.5,33.0,7.3,340.0,44.8
2022-03-20,15,4.5,35.0,8.3,340.0,47.7
2022-03-20,16,4.6,33.0,6.1,340.0,49.7
2022-03-20,17,4.2,31.0,6.2,340.0,49.2
2022-03-20,18,3.9,32.0,4.1,320.0,49.7
2022-03-20,19,3.3,36.0,6.1,320.0,49.3
2022-03-20,20,3.3,40.0,5.5,320.0,49.2
2022-03-20,21,3.1,47.0,4.2,290.0,49.1
2022-03-20,22,3.2,49.0,3.9,290.0,47.4
2022-03-20,23,3.6,49.0,4.8,320.0,45.0
2022-03-21,0,4.0,51.0,5.2,320.0,39.2
2022-03-21,1,4.0,54.0,3.7,340.0,30.3
2022-03-21,2,3.8,64.0,3.0,340.0,24.6
2022-03-21,3,3.3,69.0,2.1,360.0,21.8
2022-03-21,4,2.5,74.0,2.7,320.0,18.6
2022-03-21,5,2.2,79.0,1.3,320.0,17.0
2022-03-21,6,2.6,79.0,2.3,360.0,12.9
2022-03-21,7,2.5,75.0,2.0,360.0,15.1
2022-03-21,8,3.9,66.0,1.3,360.0,19.6
2022-03-21,9,5.0,49.0,2.4,340.0,29.3
2022-03-21,10,6.1,38.0,0.7,50.0,32.3
2022-03-21,11,7.0,32.0,1.7,90.0,37.0
2022-03-21,12,6.7,35.0,3.6,200.0,31.7
2022-03-21,13,7.7,23.0,1.3,200.0,29.5
2022-03-21,14,7.0,45.0,2.3,340.0,27.3
2022-03-21,15,7.7,29.0,2.1,140.0,28.0
2022-03-21,16,6.7,29.0,2.6,290.0,30.9
2022-03-21,17,6.1,38.0,2.8,270.0,27.3
2022-03-21,18,5.3,49.0,1.7,230.0,24.5
2022-03-21,19,4.4,56.0,0.2,0.0,24.3
2022-03-21,20,4.3,58.0,1.2,230.0,22.2
2022-03-21,21,4.1,58.0,1.1,250.0,22.7
2022-03-21,22,3.6,67.0,1.0,270.0,19.5
2022-03-21,23,3.9,75.0,1.9,270.0,22.6
2022-03-22,0,3.8,76.0,1.8,270.0,26.5
2022-03-22,1,3.4,80.0,1.9,290.0,25.9
2022-03-22,2,3.4,88.0,3.0,290.0,19.5
2022-03-22,3,4.3,80.0,4.1,320.0,8.5
2022-03-22,4,3.9,81.0,5.7,340.0,7.4
2022-03-22,5,3.3,85.0,5.0,340.0,8.5
2022-03-22,6,3.2,82.0,6.9,360.0,11.8
2022-03-22,7,2.9,82.0,4.8,360.0,11.0
2022-03-22,8,3.4,79.0,6.6,360.0,7.6
2022-03-22,9,4.3,71.0,3.2,360.0,10.0
2022-03-22,10,4.9,57.0,5.1,340.0,18.2
2022-03-22,11,5.4,42.0,6.9,340.0,33.2
2022-03-22,12,5.8,39.0,7.7,340.0,37.6
2022-03-22,13,6.1,38.0,4.4,340.0,40.1
2022-03-22,14,6.6,31.0,6.2,340.0,44.7
2022-03-22,15,5.9,43.0,7.2,340.0,40.0
2022-03-22,16,5.5,41.0,6.2,290.0,41.3
2022-03-22,17,5.0,44.0,7.3,320.0,45.6
2022-03-22,18,4.9,48.0,6.6,320.0,44.3
2022-03-22,19,4.1,52.0,4.8,340.0,39.8
2022-03-22,20,4.3,50.0,4.4,340.0,36.9
2022-03-22,21,4.4,50.0,4.8,340.0,43.2
2022-03-22,22,4.0,53.0,3.3,360.0,42.8
2022-03-22,23,3.8,56.0,3.2,340.0,46.7
2022-03-23,0,4.2,54.0,4.4,320.0,46.8
2022-03-23,1,4.1,65.0,3.6,340.0,34.2
2022-03-23,2,4.5,59.0,5.0,320.0,44.6
2022-03-23,3,4.6,62.0,4.2,320.0,39.4
2022-03-23,4,4.6,65.0,3.0,320.0,30.7
2022-03-23,5,4.5,68.0,1.8,320.0,27.3
2022-03-23,6,4.2,60.0,0.6,110.0,32.3
2022-03-23,7,4.4,55.0,1.6,140.0,30.2
2022-03-23,8,4.4,68.0,3.1,110.0,28.1
2022-03-23,9,4.7,63.0,4.3,160.0,25.4
2022-03-23,10,5.1,64.0,4.2,160.0,25.4
2022-03-23,11,5.4,65.0,5.2,160.0,24.3
2022-03-23,12,6.0,64.0,5.2,160.0,26.0
2022-03-23,13,6.7,62.0,5.1,160.0,29.4
2022-03-23,14,8.1,61.0,5.5,200.0,29.7
2022-03-23,15,8.3,61.0,4.5,230.0,21.4
2022-03-23,16,7.5,66.0,5.2,230.0,20.0
2022-03-23,17,6.9,75.0,4.7,200.0,16.6
2022-03-23,18,6.8,77.0,5.5,200.0,13.2
2022-03-23,19,6.6,80.0,4.8,230.0,11.1
2022-03-23,20,6.5,83.0,5.3,230.0,8.1
2022-03-23,21,6.2,87.0,4.9,200.0,6.5
2022-03-23,22,6.6,85.0,6.7,200.0,7.5
2022-03-23,23,6.8,86.0,6.3,200.0,5.6
2022-03-24,0,7.2,84.0,8.0,200.0,5.1
2022-03-24,1,7.3,85.0,8.4,230.0,4.6
2022-03-24,2,7.2,85.0,7.5,200.0,4.3
2022-03-24,3,7.2,86.0,6.3,200.0,3.9
2022-03-24,4,7.3,85.0,6.6,230.0,4.9
2022-03-24,5,7.4,85.0,5.7,200.0,5.3
2022-03-24,6,6.9,88.0,1.9,180.0,4.4
2022-03-24,7,6.2,92.0,2.4,160.0,3.1
2022-03-24,8,7.5,89.0,1.0,180.0,4.0
2022-03-24,9,8.4,87.0,2.1,180.0,4.2
2022-03-24,10,9.5,78.0,3.3,200.0,5.4
2022-03-24,11,10.7,71.0,3.7,200.0,5.4
2022-03-24,12,11.1,69.0,3.4,200.0,6.8
2022-03-24,13,10.4,74.0,4.7,180.0,7.1
2022-03-24,14,10.5,75.0,3.3,160.0,8.1
2022-03-24,15,9.6,77.0,6.3,160.0,9.4
2022-03-24,16,8.6,82.0,6.1,140.0,9.1
2022-03-24,17,8.7,81.0,4.9,160.0,11.3
2022-03-24,18,8.0,84.0,3.7,160.0,11.1
2022-03-24,19,7.6,88.0,4.6,160.0,9.9
2022-03-24,20,7.8,86.0,4.1,160.0,10.8
2022-03-24,21,7.9,80.0,3.2,180.0,13.9
2022-03-24,22,7.9,80.0,5.4,160.0,12.7
2022-03-24,23,7.8,79.0,5.0,160.0,13.1
2022-03-25,0,7.3,83.0,4.7,140.0,12.9
2022-03-25,1,7.0,81.0,4.7,140.0,14.0
2022-03-25,2,7.2,73.0,6.6,140.0,19.7
2022-03-25,3,7.0,72.0,5.8,140.0,16.2
2022-03-25,4,6.8,74.0,5.4,140.0,12.2
2022-03-25,5,7.0,70.0,5.0,140.0,12.3
2022-03-25,6,6.7,74.0,5.1,140.0,10.3
2022-03-25,7,7.5,70.0,4.5,110.0,9.7
2022-03-25,8,7.9,69.0,6.5,110.0,9.0
2022-03-25,9,6.9,85.0,6.6,110.0,3.1
2022-03-25,10,6.8,93.0,6.1,110.0,1.5
2022-03-25,11,6.8,96.0,5.5,110.0,0.6
2022-03-25,12,7.5,96.0,5.6,110.0,1.6
2022-03-25,13,7.7,92.0,6.2,110.0,2.0
2022-03-25,14,7.4,94.0,4.9,110.0,1.5
2022-03-25,15,8.3,93.0,5.9,140.0,1.9
2022-03-25,16,9.9,85.0,7.2,110.0,5.1
2022-03-25,17,9.2,87.0,6.4,140.0,3.2
2022-03-25,18,9.5,82.0,8.3,140.0,5.0
2022-03-25,19,9.9,90.0,10.1,140.0,3.4
2022-03-25,20,11.7,90.0,9.9,110.0,3.5
2022-03-25,21,9.5,94.0,9.4,110.0,1.9
2022-03-25,22,9.5,95.0,11.2,110.0,1.6
2022-03-25,23,9.5,95.0,9.4,110.0,1.6
2022-03-26,0,9.3,96.0,9.4,110.0,1.6
2022-03-26,1,9.9,97.0,9.4,110.0,3.0
2022-03-26,2,9.6,96.0,8.3,140.0,2.7
2022-03-26,3,9.0,97.0,4.6,140.0,0.9
2022-03-26,4,8.5,97.0,1.0,140.0,2.0
2022-03-26,5,8.2,98.0,4.5,340.0,0.2
2022-03-26,6,8.1,97.0,5.5,340.0,26.9
2022-03-26,7,8.2,94.0,10.0,340.0,19.6
2022-03-26,8,7.1,94.0,8.2,340.0,20.6
2022-03-26,9,6.8,86.0,14.3,340.0,24.4
2022-03-26,10,7.5,79.0,13.9,340.0,29.2
2022-03-26,11,8.1,76.0,13.4,340.0,27.4
2022-03-26,12,8.3,72.0,13.1,340.0,28.2
2022-03-26,13,8.6,69.0,9.9,340.0,16.7
2022-03-26,14,8.8,66.0,8.6,340.0,15.7
2022-03-26,15,9.6,59.0,5.8,320.0,21.5
2022-03-26,16,9.1,62.0,8.1,290.0,21.1
2022-03-26,17,8.8,62.0,7.1,290.0,20.3
2022-03-26,18,8.1,64.0,9.8,290.0,23.2
2022-03-26,19,7.2,68.0,5.9,290.0,24.2
2022-03-26,20,6.9,69.0,7.0,290.0,23.9
2022-03-26,21,7.1,64.0,6.4,290.0,27.8
2022-03-26,22,6.9,65.0,5.3,290.0,29.6
2022-03-26,23,6.4,68.0,3.6,290.0,29.9
2022-03-27,0,6.0,71.0,3.9,290.0,31.8
2022-03-27,1,6.2,68.0,3.6,290.0,32.3
2022-03-27,2,6.3,66.0,4.4,290.0,39.2
2022-03-27,3,6.6,60.0,4.4,290.0,39.8
2022-03-27,4,6.5,59.0,3.9,290.0,41.5
2022-03-27,5,6.5,60.0,3.8,320.0,41.5
2022-03-27,6,6.9,60.0,3.9,320.0,41.1
2022-03-27,7,7.6,57.0,4.9,340.0,30.7
2022-03-27,8,5.2,76.0,9.7,340.0,21.4
2022-03-27,9,5.3,67.0,7.3,340.0,31.5
2022-03-27,10,7.3,48.0,6.9,340.0,42.7
2022-03-27,11,7.6,40.0,8.5,340.0,49.3
2022-03-27,12,7.2,54.0,7.9,340.0,46.2
2022-03-27,13,8.0,44.0,6.5,340.0,49.5
2022-03-27,14,7.8,49.0,7.4,320.0,49.0
2022-03-27,15,8.2,49.0,7.1,320.0,47.4
2022-03-27,16,7.6,51.0,7.1,320.0,45.8
2022-03-27,17,7.5,53.0,6.3,290.0,45.5
2022-03-27,18,6.7,56.0,5.4,320.0,47.7
2022-03-27,19,5.6,60.0,5.2,320.0,48.9
2022-03-27,20,5.3,64.0,3.6,290.0,43.9
2022-03-27,21,5.4,63.0,4.0,290.0,7.7
2022-03-27,22,5.1,69.0,3.7,290.0,11.1
2022-03-27,23,5.0,74.0,4.1,290.0,37.6
2022-03-28,0,4.9,75.0,3.6,270.0,36.7
2022-03-28,1,4.7,80.0,3.2,290.0,31.1
2022-03-28,2,4.4,82.0,2.8,270.0,27.7
2022-03-28,3,4.6,82.0,3.2,290.0,27.7
2022-03-28,4,4.7,79.0,2.0,320.0,30.5
2022-03-28,5,3.3,83.0,1.6,290.0,28.6
2022-03-28,6,3.7,71.0,1.6,320.0,37.2
2022-03-28,7,4.0,69.0,1.8,290.0,39.5
2022-03-28,8,5.8,59.0,1.4,320.0,40.8
2022-03-28,9,7.7,29.0,1.6,340.0,47.4
2022-03-28,10,9.3,24.0,2.0,90.0,47.4
2022-03-28,11,10.1,32.0,2.8,110.0,47.5
2022-03-28,12,11.1,14.0,2.9,160.0,45.5
2022-03-28,13,10.8,16.0,4.1,180.0,45.6
2022-03-28,14,10.7,12.0,4.1,180.0,30.3
2022-03-28,15,11.2,17.0,3.7,180.0,45.6
2022-03-28,16,10.3,17.0,3.3,200.0,42.9
2022-03-28,17,9.3,21.0,4.1,200.0,44.3
2022-03-28,18,8.8,30.0,2.7,230.0,47.8
2022-03-28,19,7.2,37.0,2.7,200.0,46.5
2022-03-28,20,6.1,37.0,0.4,0.0,47.1
2022-03-28,21,5.4,75.0,1.9,90.0,34.9
2022-03-28,22,4.6,79.0,1.4,90.0,28.6
2022-03-28,23,4.6,81.0,1.2,90.0,32.3
2022-03-29,0,4.8,66.0,0.2,0.0,31.1
2022-03-29,1,2.0,76.0,3.2,180.0,38.7
2022-03-29,2,3.6,88.0,4.0,180.0,16.9
2022-03-29,3,3.8,80.0,3.3,180.0,30.9
2022-03-29,4,4.4,70.0,1.8,200.0,43.5
2022-03-29,5,4.2,79.0,1.6,180.0,37.2
2022-03-29,6,3.8,83.0,1.7,180.0,31.8
2022-03-29,7,3.6,85.0,1.7,180.0,26.9
2022-03-29,8,5.6,80.0,4.6,140.0,38.2
2022-03-29,9,6.7,72.0,4.1,160.0,36.3
2022-03-29,10,8.0,57.0,2.7,160.0,41.4
2022-03-29,11,8.6,50.0,4.1,140.0,42.1
2022-03-29,12,9.4,49.0,4.6,110.0,44.1
2022-03-29,13,9.4,52.0,5.5,110.0,42.1
2022-03-29,14,10.2,47.0,4.6,160.0,40.4
2022-03-29,15,9.0,61.0,8.7,160.0,29.7
2022-03-29,16,8.9,67.0,7.1,160.0,26.1
2022-03-29,17,8.1,75.0,5.8,160.0,17.2
2022-03-29,18,7.4,80.0,6.5,160.0,14.7
2022-03-29,19,7.1,82.0,6.2,160.0,16.3
2022-03-29,20,7.2,82.0,4.8,160.0,18.5
2022-03-29,21,8.0,72.0,3.9,180.0,29.0
2022-03-29,22,8.7,65.0,4.4,160.0,38.9
2022-03-29,23,7.8,69.0,2.2,180.0,34.6
2022-03-30,0,7.8,69.0,2.2,180.0,37.0
2022-03-30,1,7.9,69.0,3.1,160.0,42.2
2022-03-30,2,7.7,76.0,2.9,140.0,36.5
2022-03-30,3,8.1,75.0,5.0,140.0,41.1
2022-03-30,4,7.8,77.0,4.3,140.0,34.4
2022-03-30,5,7.5,78.0,3.2,140.0,34.8
2022-03-30,6,7.4,75.0,4.7,140.0,35.9
2022-03-30,7,8.1,74.0,4.9,140.0,33.4
2022-03-30,8,8.1,76.0,5.8,140.0,32.2
2022-03-30,9,8.1,77.0,3.5,160.0,21.0
2022-03-30,10,8.0,76.0,4.4,140.0,30.7
2022-03-30,11,7.7,77.0,4.9,140.0,28.3
2022-03-30,12,7.2,86.0,3.8,160.0,7.6
2022-03-30,13,7.2,93.0,2.4,140.0,7.6
2022-03-30,14,7.4,95.0,1.9,160.0,5.5
2022-03-30,15,8.1,96.0,0.9,230.0,2.6
2022-03-30,16,7.3,96.0,1.2,20.0,2.4
2022-03-30,17,7.5,97.0,1.0,340.0,3.0
2022-03-30,18,7.5,96.0,2.4,340.0,2.6
2022-03-30,19,6.5,97.0,3.8,320.0,0.2
2022-03-30,20,6.7,97.0,6.0,340.0,0.2
2022-03-30,21,6.4,97.0,4.8,340.0,0.4
2022-03-30,22,6.2,98.0,5.0,340.0,0.4
2022-03-30,23,6.3,98.0,5.9,340.0,0.9
2022-03-31,0,6.2,97.0,3.3,320.0,5.0
2022-04-01,0,7.0,50.0,7.8,340.0,29.6
2022-04-01,1,6.5,50.0,7.7,340.0,33.8
2022-04-01,2,5.9,57.0,6.4,340.0,30.3
2022-04-01,3,5.5,62.0,6.8,340.0,27.3
2022-04-01,4,5.3,65.0,5.7,340.0,25.8
2022-04-01,5,5.4,63.0,5.3,340.0,28.8
2022-04-01,6,5.6,60.0,4.0,340.0,36.5
2022-04-01,7,5.6,62.0,3.4,320.0,34.8
2022-04-01,8,6.1,66.0,3.5,340.0,33.7
2022-04-01,9,6.8,60.0,4.9,340.0,39.2
2022-04-01,10,7.4,50.0,6.7,340.0,45.1
2022-04-01,11,7.7,49.0,6.0,340.0,43.6
2022-04-01,12,7.7,48.0,8.3,340.0,39.8
2022-04-01,13,7.9,43.0,8.0,340.0,43.0
2022-04-01,14,7.6,48.0,5.7,340.0,36.8
2022-04-01,15,7.4,53.0,5.1,340.0,33.4
2022-04-01,16,7.2,49.0,5.4,340.0,32.1
2022-04-01,17,7.3,55.0,4.2,320.0,32.4
2022-04-01,18,6.1,59.0,4.3,320.0,28.6
2022-04-01,19,5.1,64.0,2.7,320.0,27.7
2022-04-01,20,4.8,66.0,3.2,320.0,32.4
2022-04-01,21,4.5,65.0,2.6,320.0,35.2
2022-04-01,22,3.9,73.0,1.1,230.0,30.5
2022-04-01,23,3.5,72.0,1.6,290.0,39.2
2022-04-02,0,4.1,63.0,1.9,250.0,37.8
2022-04-02,1,3.9,62.0,2.7,270.0,42.6
2022-04-02,2,4.2,73.0,3.6,290.0,33.4
2022-04-02,3,4.1,80.0,3.0,290.0,32.1
2022-04-02,4,4.2,79.0,3.7,290.0,33.5
2022-04-02,5,4.2,76.0,3.8,290.0,31.9
2022-04-02,6,3.8,79.0,3.7,320.0,25.9
2022-04-02,7,4.3,82.0,3.3,320.0,22.4
2022-04-02,8,6.0,74.0,2.6,320.0,25.2
2022-04-02,9,6.5,70.0,4.2,290.0,27.0
2022-04-02,10,7.4,62.0,4.5,290.0,27.8
2022-04-02,11,8.5,40.0,4.0,290.0,30.3
2022-04-02,12,8.2,50.0,5.5,290.0,29.6
2022-04-02,13,8.3,50.0,5.1,290.0,30.9
2022-04-02,14,7.5,65.0,6.1,290.0,29.8
2022-04-02,15,7.9,60.0,5.6,290.0,28.8
2022-04-02,16,7.8,62.0,5.9,290.0,30.6
2022-04-02,17,7.5,60.0,5.2,290.0,31.2
2022-04-02,18,7.1,60.0,4.7,290.0,32.7
2022-04-02,19,5.8,68.0,2.8,290.0,27.1
2022-04-02,20,5.1,68.0,2.4,270.0,22.6
2022-04-02,21,5.8,45.0,3.0,290.0,35.6
2022-04-02,22,6.1,26.0,2.9,290.0,49.2
2022-04-02,23,6.4,22.0,1.7,270.0,49.7
2022-04-03,0,6.0,31.0,1.6,230.0,46.8
2022-04-03,1,6.0,54.0,3.1,270.0,35.2
2022-04-03,2,5.9,39.0,1.2,270.0,40.3
2022-04-03,3,5.5,65.0,0.5,20.0,37.9
2022-04-03,4,5.9,51.0,1.0,320.0,30.9
2022-04-03,5,5.6,71.0,2.0,290.0,19.3
2022-04-03,6,5.3,62.0,0.6,140.0,22.3
2022-04-03,7,5.9,61.0,0.4,0.0,19.6
2022-04-03,8,7.6,62.0,0.7,320.0,22.1
2022-04-03,9,9.2,59.0,1.4,290.0,11.5
2022-04-03,10,10.2,56.0,2.2,340.0,10.4
2022-04-03,11,11.6,46.0,2.7,360.0,15.3
2022-04-03,12,12.0,49.0,2.9,340.0,12.7
2022-04-03,13,12.7,46.0,1.8,320.0,14.1
2022-04-03,14,12.0,48.0,3.2,320.0,12.7
2022-04-03,15,11.8,49.0,3.7,320.0,12.5
2022-04-03,16,12.5,40.0,3.4,290.0,13.2
2022-04-03,17,12.5,35.0,2.8,270.0,13.6
2022-04-03,18,10.6,39.0,2.7,270.0,17.8
2022-04-03,19,8.5,59.0,2.1,270.0,14.1
2022-04-03,20,7.4,70.0,0.9,290.0,11.5
2022-04-03,21,7.8,64.0,2.8,270.0,13.7
2022-04-03,22,7.5,59.0,1.7,270.0,16.8
2022-04-03,23,6.7,71.0,0.5,180.0,10.9
2022-04-04,0,7.0,74.0,0.4,0.0,8.5
2022-04-04,1,6.8,81.0,0.2,0.0,7.0
2022-04-04,2,6.7,84.0,0.7,290.0,5.5
2022-04-04,3,6.5,84.0,1.8,320.0,4.4
2022-04-04,4,6.4,89.0,1.1,320.0,3.5
2022-04-04,5,5.9,92.0,0.8,110.0,2.6
2022-04-04,6,5.4,96.0,2.0,110.0,1.2
2022-04-04,7,5.6,95.0,2.1,140.0,2.4
2022-04-04,8,7.0,95.0,1.0,140.0,2.2
2022-04-04,9,8.5,83.0,3.8,160.0,5.3
2022-04-04,10,7.1,87.0,2.9,180.0,5.4
2022-04-04,11,8.9,73.0,3.2,180.0,9.9
2022-04-04,12,11.6,45.0,4.7,180.0,23.4
2022-04-04,13,12.1,38.0,5.2,180.0,27.9
2022-04-04,14,11.8,43.0,6.2,180.0,27.6
2022-04-04,15,11.4,40.0,5.9,200.0,31.4
2022-04-04,16,11.4,40.0,5.3,200.0,38.8
2022-04-04,17,10.7,53.0,4.9,200.0,29.2
2022-04-04,18,9.9,60.0,4.4,200.0,27.4
2022-04-04,19,8.9,65.0,4.2,200.0,30.8
2022-04-04,20,8.2,65.0,3.6,180.0,29.4
2022-04-04,21,8.1,66.0,3.3,180.0,23.8
2022-04-04,22,8.3,74.0,4.8,200.0,17.8
2022-04-04,23,8.2,80.0,4.0,200.0,14.8
2022-04-05,0,8.3,70.0,2.9,200.0,20.8
2022-04-05,1,8.4,67.0,4.9,230.0,21.4
2022-04-05,2,8.1,70.0,4.7,230.0,19.7
2022-04-05,3,7.8,81.0,5.4,200.0,13.4
2022-04-05,4,7.6,86.0,4.9,200.0,10.5
2022-04-05,5,7.8,83.0,5.0,200.0,10.8
2022-04-05,6,8.3,71.0,4.8,200.0,14.9
2022-04-05,7,8.5,67.0,5.1,200.0,15.6
2022-04-05,8,9.0,68.0,6.2,180.0,13.4
2022-04-05,9,9.7,66.0,7.2,180.0,14.1
2022-04-05,10,9.9,69.0,6.5,180.0,12.8
2022-04-05,11,10.6,66.0,7.1,180.0,13.7
2022-04-05,12,11.3,62.0,8.3,180.0,15.9
2022-04-05,13,12.1,57.0,5.6,180.0,17.8
2022-04-05,14,11.2,61.0,7.8,180.0,16.8
2022-04-05,15,10.7,66.0,6.7,180.0,15.6
2022-04-05,16,10.6,70.0,5.1,180.0,13.1
2022-04-05,17,9.9,74.0,2.3,160.0,13.0
2022-04-05,18,9.1,80.0,2.1,140.0,10.2
2022-04-05,19,7.9,87.0,2.3,140.0,7.3
2022-04-05,20,7.8,91.0,3.4,160.0,5.8
2022-04-05,21,7.6,92.0,2.6,140.0,4.3
2022-04-05,22,7.2,94.0,1.2,140.0,3.0
2022-04-05,23,7.2,95.0,0.9,110.0,2.5
2022-04-06,0,6.7,95.0,0.4,0.0,1.8
2022-04-06,1,6.9,97.0,2.0,340.0,0.4
2022-04-06,2,7.0,94.0,3.4,360.0,4.3
2022-04-06,3,7.0,82.0,4.2,340.0,10.6
2022-04-06,4,7.0,59.0,4.9,340.0,27.6
2022-04-06,5,7.4,37.0,7.6,340.0,38.3
2022-04-06,6,6.9,38.0,6.3,340.0,36.0
2022-04-06,7,6.9,36.0,5.1,340.0,34.0
2022-04-06,8,6.9,42.0,5.0,340.0,36.1
2022-04-06,9,7.4,42.0,5.4,340.0,33.5
2022-04-06,10,8.2,40.0,4.6,340.0,30.1
2022-04-06,11,8.8,35.0,5.9,360.0,35.6
2022-04-06,12,8.6,31.0,6.1,340.0,39.1
2022-04-06,13,9.3,34.0,6.0,340.0,43.9
2022-04-06,14,9.5,37.0,4.4,320.0,41.0
2022-04-06,15,7.6,49.0,8.1,340.0,39.8
2022-04-06,16,7.1,43.0,7.3,340.0,43.5
2022-04-06,17,6.7,37.0,7.5,340.0,47.7
2022-04-06,18,6.3,35.0,5.0,340.0,49.1
2022-04-06,19,6.0,47.0,1.3,360.0,47.4
2022-04-06,20,6.1,48.0,2.3,320.0,47.1
2022-04-06,21,6.8,37.0,0.6,230.0,50.0
2022-04-06,22,5.7,66.0,2.4,290.0,49.0
2022-04-06,23,5.9,67.0,3.2,320.0,49.6
2022-04-07,0,5.8,72.0,4.1,340.0,49.5
2022-04-07,1,5.9,67.0,3.8,340.0,50.0
2022-04-07,2,5.9,59.0,4.9,340.0,50.0
2022-04-07,3,5.6,61.0,3.8,340.0,49.7
2022-04-07,4,5.2,62.0,2.8,340.0,48.0
2022-04-07,5,4.7,54.0,2.4,340.0,47.2
2022-04-07,6,4.2,59.0,0.4,0.0,38.8
2022-04-07,7,5.3,46.0,1.1,250.0,47.6
2022-04-07,8,7.6,30.0,1.7,250.0,35.8
2022-04-07,9,8.7,25.0,2.3,320.0,42.3
2022-04-07,10,9.9,22.0,3.7,270.0,49.7
2022-04-07,11,11.2,9.0,4.2,250.0,49.3
2022-04-07,12,11.8,24.0,3.8,250.0,49.5
2022-04-07,13,11.4,27.0,4.8,250.0,47.4
2022-04-07,14,11.7,35.0,5.3,250.0,36.2
2022-04-07,15,11.6,31.0,6.1,270.0,33.4
2022-04-07,16,11.7,39.0,5.3,290.0,29.4
2022-04-07,17,9.9,54.0,6.4,290.0,19.6
2022-04-07,18,9.2,49.0,5.9,270.0,21.5
2022-04-07,19,8.0,60.0,3.3,270.0,17.5
2022-04-07,20,7.3,59.0,2.8,290.0,21.5
2022-04-07,21,7.1,51.0,1.1,230.0,26.4
2022-04-07,22,6.7,63.0,1.1,160.0,19.1
2022-04-07,23,6.5,74.0,1.8,230.0,14.0
2022-04-08,0,6.8,71.0,0.8,50.0,14.2
2022-04-08,1,5.9,76.0,0.9,140.0,13.2
2022-04-08,2,6.1,74.0,1.0,140.0,14.5
2022-04-08,3,6.4,76.0,1.6,110.0,12.4
2022-04-08,4,5.6,93.0,2.3,90.0,15.7
2022-04-08,5,5.1,95.0,2.1,140.0,4.5
2022-04-08,6,6.2,94.0,3.6,140.0,5.6
2022-04-08,7,6.7,93.0,2.7,140.0,10.7
2022-04-08,8,8.2,87.0,4.7,160.0,18.5
2022-04-08,9,9.0,82.0,4.3,140.0,23.1
2022-04-08,10,9.6,84.0,6.9,160.0,19.5
2022-04-08,11,10.4,80.0,6.9,160.0,20.6
2022-04-08,12,10.1,82.0,6.2,160.0,19.9
2022-04-08,13,10.7,81.0,8.0,160.0,23.0
2022-04-08,14,10.9,78.0,6.1,160.0,22.4
2022-04-08,15,11.0,72.0,5.7,140.0,38.3
2022-04-08,16,10.7,68.0,6.1,140.0,43.5
2022-04-08,17,10.2,60.0,6.7,140.0,45.0
2022-04-08,18,9.6,60.0,6.5,140.0,42.6
2022-04-08,19,8.9,66.0,6.6,140.0,43.3
2022-04-08,20,8.7,68.0,6.8,140.0,42.8
2022-04-08,21,8.8,71.0,5.7,140.0,34.4
2022-04-08,22,9.0,71.0,5.9,140.0,29.4
2022-04-08,23,9.5,71.0,6.4,160.0,25.4
2022-04-09,0,8.9,77.0,4.2,140.0,19.1
2022-04-09,1,11.4,63.0,5.5,160.0,22.6
2022-04-09,2,9.6,75.0,4.6,140.0,18.8
2022-04-09,3,9.5,77.0,3.3,140.0,17.9
2022-04-09,4,9.8,77.0,2.5,140.0,16.8
2022-04-09,5,10.2,78.0,3.9,160.0,16.0
2022-04-09,6,9.7,79.0,5.3,140.0,14.8
2022-04-09,7,10.0,80.0,4.4,110.0,13.7
2022-04-09,8,10.3,79.0,6.3,140.0,13.7
2022-04-09,9,11.4,75.0,6.0,140.0,13.9
2022-04-09,10,13.3,66.0,6.7,160.0,16.1
2022-04-09,11,14.6,61.0,7.6,160.0,17.2
2022-04-09,12,14.3,62.0,7.3,160.0,18.2
2022-04-09,13,14.3,63.0,6.1,160.0,17.2
2022-04-09,14,13.9,66.0,7.0,160.0,16.0
2022-04-09,15,13.2,68.0,6.5,160.0,14.5
2022-04-09,16,12.3,73.0,6.6,160.0,11.8
2022-04-09,17,12.0,75.0,6.8,160.0,11.6
2022-04-09,18,11.0,80.0,4.9,140.0,10.5
2022-04-09,19,10.7,84.0,6.1,160.0,9.3
2022-04-09,20,10.0,86.0,6.1,140.0,8.3
2022-04-09,21,9.8,87.0,6.3,140.0,8.8
2022-04-09,22,9.9,88.0,7.6,140.0,7.9
2022-04-09,23,9.7,89.0,4.7,140.0,7.2
2022-04-10,0,9.4,91.0,5.6,140.0,6.1
2022-04-10,1,10.6,85.0,5.4,140.0,8.3
2022-04-10,2,10.8,84.0,4.8,140.0,9.3
2022-04-10,3,9.7,90.0,4.0,140.0,5.8
2022-04-10,4,11.2,83.0,7.7,140.0,10.6
2022-04-10,5,10.2,87.0,5.2,140.0,8.9
2022-04-10,6,8.9,92.0,5.6,140.0,6.1
2022-04-10,7,9.3,91.0,5.6,140.0,7.2
2022-04-10,8,10.6,85.0,6.9,140.0,10.5
2022-04-10,9,11.8,76.0,7.6,160.0,14.8
2022-04-10,10,12.8,71.0,7.2,160.0,18.7
2022-04-10,11,12.8,70.0,6.6,140.0,19.7
2022-04-10,12,12.9,70.0,6.4,140.0,23.0
2022-04-10,13,12.8,71.0,7.3,160.0,24.6
2022-04-10,14,13.0,69.0,6.1,160.0,24.8
2022-04-10,15,13.0,68.0,6.9,160.0,25.2
2022-04-10,16,13.1,68.0,6.3,160.0,27.2
2022-04-10,17,12.3,71.0,6.6,140.0,25.6
2022-04-10,18,12.7,73.0,6.4,160.0,25.6
2022-04-10,19,12.0,79.0,4.5,160.0,21.7
2022-04-10,20,11.9,82.0,4.2,180.0,17.7
2022-04-10,21,12.6,81.0,5.6,180.0,18.3
2022-04-10,22,11.3,84.0,3.4,180.0,16.0
2022-04-10,23,12.2,82.0,3.5,180.0,17.8
2022-04-11,0,12.4,81.0,3.2,200.0,20.6
2022-04-11,1,13.1,78.0,6.8,160.0,24.1
2022-04-11,2,12.3,83.0,5.3,160.0,19.8
2022-04-11,3,11.7,83.0,4.5,180.0,18.2
2022-04-11,4,11.9,82.0,4.9,160.0,19.6
2022-04-11,5,11.6,83.0,4.2,160.0,19.1
2022-04-11,6,11.2,84.0,5.5,160.0,16.8
2022-04-11,7,11.1,84.0,6.5,140.0,14.0
2022-04-11,8,11.7,82.0,7.7,140.0,13.9
2022-04-11,9,13.1,76.0,7.6,160.0,15.4
2022-04-11,10,13.0,77.0,8.5,160.0,14.5
2022-04-11,11,13.5,75.0,9.2,160.0,14.1
2022-04-11,12,13.0,76.0,8.4,160.0,11.5
2022-04-11,13,12.6,80.0,6.8,160.0,9.0
2022-04-11,14,12.7,89.0,7.0,160.0,5.8
2022-04-11,15,11.7,94.0,7.5,160.0,2.5
2022-04-11,16,11.7,95.0,7.3,140.0,0.9
2022-04-11,17,12.5,96.0,7.3,140.0,2.2
2022-04-11,18,12.2,96.0,6.6,140.0,1.2
2022-04-11,19,11.7,96.0,7.6,140.0,0.4
2022-04-11,20,11.0,97.0,4.2,180.0,0.2
2022-04-11,21,11.9,97.0,5.4,160.0,0.8
2022-04-11,22,12.0,97.0,5.9,160.0,0.9
2022-04-11,23,11.8,97.0,5.5,160.0,0.7
2022-04-12,0,11.5,97.0,4.8,160.0,0.6
2022-04-12,1,11.0,97.0,3.8,160.0,0.5
2022-04-12,2,11.4,98.0,5.1,160.0,0.9
2022-04-12,3,11.0,98.0,1.7,110.0,0.3
2022-04-12,4,11.1,98.0,2.5,160.0,0.4
2022-04-12,5,11.2,98.0,5.4,160.0,0.9
2022-04-12,6,11.3,98.0,6.9,160.0,1.5
2022-04-12,7,11.2,98.0,8.1,160.0,1.1
2022-04-12,8,10.7,98.0,3.7,160.0,0.5
2022-04-12,9,10.2,98.0,2.1,160.0,0.5
2022-04-12,10,10.6,98.0,0.9,160.0,0.8
2022-04-12,11,10.6,98.0,1.9,270.0,0.8
2022-04-12,12,10.2,98.0,2.4,340.0,0.3
2022-04-12,13,11.3,98.0,1.5,50.0,23.7
2022-04-12,14,11.1,97.0,2.4,340.0,26.3
2022-04-12,15,9.6,97.0,2.3,290.0,1.0
2022-04-12,16,7.9,97.0,3.9,320.0,0.5
2022-04-12,17,7.6,97.0,5.3,320.0,1.0
2022-04-12,18,8.0,97.0,4.4,340.0,4.1
2022-04-12,19,7.9,97.0,4.7,320.0,7.0
2022-04-12,20,7.7,95.0,3.4,290.0,8.7
2022-04-12,21,7.8,92.0,4.7,320.0,13.9
2022-04-12,22,7.8,90.0,3.6,320.0,31.1
2022-04-12,23,8.9,91.0,3.2,340.0,31.9
2022-04-13,0,9.4,87.0,5.0,340.0,44.6
2022-04-13,1,9.4,80.0,4.4,340.0,50.0
2022-04-13,2,9.2,77.0,4.6,340.0,48.6
2022-04-13,3,8.9,75.0,4.0,340.0,43.0
2022-04-13,4,9.2,74.0,4.0,340.0,44.8
2022-04-13,5,9.1,75.0,6.8,340.0,41.7
2022-04-13,6,9.0,81.0,5.6,340.0,37.0
2022-04-13,7,9.3,81.0,2.5,340.0,40.2
2022-04-13,8,9.9,81.0,2.3,20.0,40.5
2022-04-13,9,11.3,81.0,2.7,20.0,35.8
2022-04-13,10,12.6,80.0,1.5,70.0,31.7
2022-04-13,11,13.5,71.0,3.8,70.0,47.7
2022-04-13,12,14.5,65.0,4.0,70.0,49.6
2022-04-13,13,15.6,59.0,1.8,50.0,49.1
2022-04-13,14,15.8,59.0,3.2,140.0,50.0
2022-04-13,15,15.6,53.0,3.3,180.0,49.4
2022-04-13,16,15.7,50.0,2.2,140.0,50.0
2022-04-13,17,13.5,66.0,2.7,290.0,49.0
2022-04-13,18,12.7,69.0,1.5,270.0,45.6
2022-04-13,19,13.3,66.0,1.4,200.0,47.4
2022-04-13,20,11.7,66.0,3.6,180.0,49.7
2022-04-13,21,10.9,70.0,2.4,180.0,45.2
2022-04-13,22,9.6,78.0,0.3,0.0,48.0
2022-04-13,23,10.0,77.0,0.1,0.0,45.5
2022-04-14,0,11.0,65.0,2.6,70.0,49.3
2022-04-14,1,10.6,60.0,3.1,90.0,49.6
2022-04-14,2,10.2,54.0,4.2,90.0,50.0
2022-04-14,3,9.8,56.0,3.8,90.0,50.0
2022-04-14,4,9.5,56.0,3.6,90.0,50.0
2022-04-14,5,9.1,61.0,2.0,20.0,50.0
2022-04-14,6,8.4,67.0,1.4,70.0,50.0
2022-04-14,7,8.7,68.0,2.6,70.0,49.9
2022-04-14,8,11.2,49.0,3.2,50.0,47.9
2022-04-14,9,11.8,46.0,3.1,50.0,49.4
2022-04-14,10,12.9,49.0,2.5,70.0,48.2
2022-04-14,11,15.2,39.0,2.6,70.0,48.8
2022-04-14,12,15.4,38.0,3.6,90.0,50.0
2022-04-14,13,14.9,40.0,1.5,50.0,49.2
2022-04-14,14,14.6,39.0,3.0,340.0,50.0
2022-04-14,15,13.9,38.0,2.9,320.0,49.9
2022-04-14,16,13.5,43.0,4.0,320.0,49.5
2022-04-14,17,11.4,53.0,3.9,290.0,43.7
2022-04-14,18,10.4,57.0,4.3,290.0,39.1
2022-04-14,19,9.1,66.0,5.3,290.0,40.3
2022-04-14,20,8.8,65.0,4.8,320.0,45.6
2022-04-14,21,8.6,67.0,4.1,320.0,46.3
2022-04-14,22,8.6,67.0,3.9,320.0,47.5
2022-04-14,23,8.9,61.0,3.4,290.0,49.9
2022-04-15,0,9.3,54.0,3.1,340.0,50.0
2022-04-15,1,8.7,59.0,2.6,320.0,50.0
2022-04-15,2,8.0,65.0,2.0,320.0,50.0
2022-04-15,3,7.0,72.0,2.2,320.0,50.0
2022-04-15,4,7.7,63.0,2.2,290.0,50.0
2022-04-15,5,6.9,74.0,2.1,290.0,49.8
2022-04-15,6,7.1,74.0,4.1,320.0,49.9
2022-04-15,7,7.4,74.0,2.5,320.0,48.5
2022-04-15,8,8.4,76.0,2.9,320.0,39.1
2022-04-15,9,8.8,77.0,4.9,320.0,23.5
2022-04-15,10,10.1,72.0,5.0,290.0,17.4
2022-04-15,11,9.7,70.0,6.0,320.0,11.9
2022-04-15,12,9.7,68.0,6.6,320.0,10.9
2022-04-15,13,10.1,66.0,5.4,290.0,9.8
2022-04-15,14,10.1,64.0,5.8,320.0,8.9
2022-04-15,15,10.3,64.0,6.2,320.0,7.4
2022-04-15,16,10.5,60.0,5.5,290.0,9.0
2022-04-15,17,10.3,55.0,7.6,320.0,12.2
2022-04-15,18,10.1,53.0,6.2,290.0,16.3
2022-04-15,19,9.5,54.0,7.6,320.0,21.8
2022-04-15,20,9.1,59.0,5.2,290.0,21.7
2022-04-15,21,8.9,60.0,4.5,290.0,22.1
2022-04-15,22,8.6,67.0,4.5,320.0,19.1
2022-04-15,23,9.1,59.0,5.3,320.0,21.2
2022-04-16,0,9.3,54.0,4.1,320.0,28.8
2022-04-16,1,9.6,47.0,3.5,340.0,37.8
2022-04-16,2,8.9,50.0,1.6,320.0,39.0
2022-04-16,3,7.8,53.0,4.0,320.0,42.6
2022-04-16,4,8.3,55.0,3.9,290.0,38.8
2022-04-16,5,7.4,66.0,4.2,290.0,32.7
2022-04-16,6,7.0,64.0,1.9,290.0,35.1
2022-04-16,7,7.8,60.0,3.8,290.0,35.2
2022-04-16,8,9.4,49.0,3.3,290.0,38.1
2022-04-16,9,10.8,31.0,5.0,290.0,44.5
2022-04-16,10,11.8,36.0,5.3,290.0,41.9
2022-04-16,11,12.1,42.0,5.1,290.0,33.6
2022-04-16,12,12.3,43.0,6.1,290.0,28.6
2022-04-16,13,12.7,49.0,6.7,290.0,21.4
2022-04-16,14,12.4,50.0,5.7,290.0,20.0
2022-04-16,15,13.3,48.0,4.8,290.0,20.6
2022-04-16,16,12.5,50.0,5.0,290.0,17.4
2022-04-16,17,12.1,53.0,4.8,290.0,16.4
2022-04-16,18,11.7,45.0,4.5,290.0,17.7
2022-04-16,19,10.7,55.0,2.3,250.0,18.7
2022-04-16,20,8.7,75.0,2.4,230.0,10.6
2022-04-16,21,8.8,69.0,1.8,200.0,5.1
2022-04-16,22,9.7,56.0,3.6,250.0,16.6
2022-04-16,23,9.1,67.0,5.2,250.0,12.0
2022-04-17,0,9.3,58.0,3.1,270.0,18.4
2022-04-17,1,9.4,53.0,3.8,250.0,24.0
2022-04-17,2,9.9,45.0,1.7,270.0,30.9
2022-04-17,3,9.2,50.0,1.3,270.0,28.8
2022-04-17,4,8.1,59.0,2.2,270.0,23.7
2022-04-17,5,7.7,70.0,2.7,320.0,22.3
2022-04-17,6,7.2,71.0,1.7,270.0,20.1
2022-04-17,7,9.0,58.0,2.6,270.0,24.9
2022-04-17,8,12.3,42.0,1.8,270.0,27.2
2022-04-17,9,14.0,37.0,2.4,320.0,27.0
2022-04-17,10,14.0,41.0,4.2,320.0,22.6
2022-04-17,11,13.8,43.0,3.5,290.0,21.4
2022-04-17,12,14.8,40.0,4.0,290.0,20.9
2022-04-17,13,15.5,33.0,4.9,290.0,22.6
2022-04-17,14,16.3,29.0,5.7,270.0,21.8
2022-04-17,15,16.1,31.0,5.5,290.0,20.3
2022-04-17,16,16.1,27.0,5.1,270.0,22.4
2022-04-17,17,16.1,25.0,3.9,250.0,24.4
2022-04-17,18,13.0,51.0,2.2,200.0,14.9
2022-04-17,19,11.2,62.0,3.1,200.0,7.1
2022-04-17,20,11.7,52.0,3.7,250.0,12.3
2022-04-17,21,11.8,49.0,4.3,250.0,12.9
2022-04-17,22,13.4,32.0,3.5,250.0,18.1
2022-04-17,23,12.7,35.0,3.7,250.0,15.2
2022-04-18,0,11.0,48.0,2.0,160.0,14.4
2022-04-18,1,11.5,50.0,0.6,200.0,14.5
2022-04-18,2,10.6,67.0,1.2,200.0,9.6
2022-04-18,3,10.6,65.0,0.6,110.0,9.0
2022-04-18,4,12.3,41.0,2.6,250.0,15.8
2022-04-18,5,10.9,57.0,0.7,200.0,13.4
2022-04-18,6,11.6,50.0,2.3,250.0,15.5
2022-04-18,7,11.4,52.0,0.8,90.0,15.1
2022-04-18,8,12.4,47.0,1.4,20.0,15.6
2022-04-18,9,13.6,48.0,2.4,180.0,15.3
2022-04-18,10,15.8,30.0,3.6,250.0,20.3
2022-04-18,11,16.4,39.0,4.2,180.0,18.6
2022-04-18,12,15.1,38.0,3.2,360.0,17.9
2022-04-18,13,15.3,43.0,5.8,290.0,21.4
2022-04-18,14,16.6,29.0,5.7,290.0,22.4
2022-04-18,15,14.8,39.0,6.0,290.0,17.6
2022-04-18,16,14.5,45.0,4.6,290.0,11.8
2022-04-18,17,16.2,37.0,4.7,290.0,9.2
2022-04-18,18,15.5,40.0,3.7,290.0,8.8
2022-04-18,19,13.9,47.0,2.4,250.0,7.9
2022-04-18,20,11.7,58.0,2.9,270.0,7.1
2022-04-18,21,11.2,60.0,0.4,0.0,6.8
2022-04-18,22,8.5,85.0,2.1,90.0,4.5
2022-04-18,23,10.4,64.0,1.8,250.0,6.3
2022-04-19,0,9.1,71.0,1.9,270.0,5.5
2022-04-19,1,9.8,73.0,3.4,290.0,5.9
2022-04-19,2,9.6,74.0,3.3,290.0,4.6
2022-04-19,3,9.6,74.0,1.3,320.0,4.4
2022-04-19,4,8.4,79.0,2.8,290.0,3.7
2022-04-19,5,8.1,79.0,0.2,0.0,3.3
2022-04-19,6,7.6,83.0,1.0,160.0,3.1
2022-04-19,7,7.8,90.0,1.8,160.0,2.5
2022-04-19,8,9.6,81.0,2.9,180.0,3.8
2022-04-19,9,11.8,66.0,2.0,180.0,5.4
2022-04-19,10,13.4,55.0,1.9,160.0,7.0
2022-04-19,11,14.8,50.0,1.4,180.0,8.0
2022-04-19,12,13.5,62.0,2.4,340.0,8.0
2022-04-19,13,14.1,52.0,3.3,320.0,9.3
2022-04-19,14,15.0,45.0,4.6,290.0,11.6
2022-04-19,15,17.9,22.0,3.6,290.0,18.8
2022-04-19,16,17.6,20.0,3.2,290.0,20.1
2022-04-19,17,17.2,31.0,1.0,360.0,19.0
2022-04-19,18,15.6,36.0,1.0,110.0,14.3
2022-04-19,19,13.5,42.0,2.5,200.0,14.5
2022-04-19,20,11.2,59.0,2.2,200.0,10.6
2022-04-19,21,11.5,47.0,3.4,200.0,13.7
2022-04-19,22,10.9,62.0,2.4,200.0,6.1
2022-04-19,23,10.8,65.0,3.7,200.0,7.7
2022-04-20,0,10.7,79.0,3.8,200.0,6.7
2022-04-20,1,10.3,84.0,2.8,180.0,5.5
2022-04-20,2,10.8,76.0,2.3,200.0,6.3
2022-04-20,3,9.7,86.0,2.5,180.0,4.5
2022-04-20,4,7.9,95.0,2.8,90.0,1.1
2022-04-20,5,8.4,95.0,2.3,110.0,1.9
2022-04-20,6,8.4,95.0,2.8,110.0,1.7
2022-04-20,7,9.3,95.0,3.7,140.0,2.8
2022-04-20,8,10.4,92.0,4.0,140.0,6.7
2022-04-20,9,11.7,83.0,3.8,140.0,13.8
2022-04-20,10,12.4,80.0,4.0,140.0,17.4
2022-04-20,11,13.0,75.0,5.1,160.0,16.9
2022-04-20,12,13.7,71.0,5.5,160.0,15.8
2022-04-20,13,14.4,67.0,5.5,160.0,13.0
2022-04-20,14,14.1,68.0,5.1,180.0,12.7
2022-04-20,15,14.0,68.0,4.2,180.0,12.8
2022-04-20,16,13.8,68.0,4.2,160.0,12.8
2022-04-20,17,13.4,69.0,4.3,180.0,12.2
2022-04-20,18,12.4,73.0,4.8,180.0,11.9
2022-04-20,19,11.2,78.0,3.0,160.0,9.8
2022-04-20,20,10.6,82.0,2.8,180.0,7.1
2022-04-20,21,10.7,83.0,2.8,180.0,6.7
2022-04-20,22,10.5,83.0,3.0,160.0,7.7
2022-04-20,23,11.0,73.0,2.5,160.0,10.8
2022-04-21,0,12.2,59.0,4.1,160.0,16.1
2022-04-21,1,11.4,57.0,3.4,160.0,22.6
2022-04-21,2,11.6,57.0,4.3,160.0,27.5
2022-04-21,3,10.7,72.0,3.0,160.0,19.5
2022-04-21,4,10.7,70.0,2.6,160.0,19.8
2022-04-21,5,10.3,75.0,5.5,160.0,18.7
2022-04-21,6,9.5,82.0,4.7,140.0,12.3
2022-04-21,7,9.9,81.0,5.0,140.0,12.8
2022-04-21,8,10.6,77.0,4.8,140.0,12.2
2022-04-21,9,11.2,73.0,6.7,140.0,13.5
2022-04-21,10,12.5,66.0,5.8,140.0,17.8
2022-04-21,11,13.6,63.0,4.6,160.0,20.7
2022-04-21,12,13.6,65.0,6.8,160.0,22.8
2022-04-21,13,14.0,66.0,6.2,160.0,24.8
2022-04-21,14,13.9,67.0,6.0,160.0,25.4
2022-04-21,15,13.7,72.0,5.9,160.0,23.0
2022-04-21,16,13.3,74.0,5.7,160.0,19.4
2022-04-21,17,12.8,81.0,8.7,160.0,13.8
2022-04-21,18,12.1,86.0,4.5,160.0,9.0
2022-04-21,19,12.2,86.0,4.5,180.0,6.2
2022-04-21,20,12.0,86.0,7.5,160.0,7.7
2022-04-21,21,12.1,88.0,4.9,180.0,6.7
2022-04-21,22,12.5,87.0,6.7,180.0,8.0
2022-04-21,23,12.1,89.0,5.8,180.0,6.2
2022-04-22,0,12.5,88.0,7.0,180.0,7.0
2022-04-22,1,12.8,85.0,7.0,200.0,10.8
2022-04-22,2,12.4,87.0,8.4,200.0,9.0
2022-04-22,3,12.0,90.0,7.8,200.0,6.9
2022-04-22,4,11.7,92.0,6.6,180.0,5.2
2022-04-22,5,11.3,93.0,4.6,180.0,4.2
2022-04-22,6,11.7,91.0,5.7,180.0,4.5
2022-04-22,7,12.0,91.0,5.4,200.0,5.1
2022-04-22,8,12.1,90.0,3.7,200.0,5.7
2022-04-22,9,12.9,86.0,3.2,250.0,5.7
2022-04-22,10,13.9,80.0,2.2,200.0,7.0
2022-04-22,11,14.0,76.0,3.3,340.0,7.3
2022-04-22,12,10.5,88.0,6.1,340.0,3.5
2022-04-22,13,10.5,87.0,5.7,320.0,5.1
2022-04-22,14,11.3,79.0,4.3,320.0,6.6
2022-04-22,15,11.1,74.0,6.4,320.0,6.5
2022-04-22,16,11.0,72.0,5.9,320.0,7.9
2022-04-22,17,11.0,69.0,5.6,320.0,9.4
2022-04-22,18,10.0,73.0,4.6,320.0,10.4
2022-04-22,19,9.0,82.0,4.0,290.0,9.1
2022-04-22,20,8.6,86.0,2.3,290.0,7.5
2022-04-22,21,9.1,82.0,2.8,290.0,9.4
2022-04-22,22,8.7,81.0,1.9,270.0,11.6
2022-04-22,23,9.1,72.0,1.5,320.0,21.1
2022-04-23,0,8.7,76.0,0.9,200.0,18.7
2022-04-23,1,9.0,70.0,2.2,320.0,28.9
2022-04-23,2,8.9,70.0,1.5,290.0,33.2
2022-04-23,3,9.5,64.0,1.2,320.0,38.2
2022-04-23,4,7.7,70.0,1.3,180.0,42.8
2022-04-23,5,7.1,88.0,2.1,70.0,18.1
2022-04-23,6,7.3,92.0,0.9,90.0,11.1
2022-04-23,7,9.4,74.0,0.7,90.0,21.3
2022-04-23,8,10.5,76.0,2.4,110.0,15.7
2022-04-23,9,11.8,63.0,3.3,110.0,22.9
2022-04-23,10,9.8,83.0,2.5,160.0,16.4
2022-04-23,11,10.4,82.0,4.5,140.0,11.1
2022-04-23,12,12.2,73.0,4.6,160.0,11.6
2022-04-23,13,14.3,58.0,3.7,160.0,18.2
2022-04-23,14,15.1,45.0,5.0,160.0,26.2
2022-04-23,15,15.6,44.0,3.9,160.0,16.9
2022-04-23,16,16.8,27.0,3.4,180.0,40.0
2022-04-23,17,16.0,30.0,4.1,180.0,39.5
2022-04-23,18,14.8,38.0,4.0,180.0,27.1
2022-04-23,19,12.9,54.0,3.4,180.0,16.5
2022-04-23,20,9.5,81.0,2.8,180.0,13.8
2022-04-23,21,8.1,87.0,0.3,0.0,11.3
2022-04-23,22,7.6,87.0,2.2,180.0,9.8
2022-04-23,23,6.3,95.0,2.9,180.0,1.8
2022-04-24,0,6.6,96.0,2.9,180.0,0.4
2022-04-24,1,6.1,97.0,5.5,180.0,0.3
2022-04-24,2,6.2,97.0,3.9,180.0,0.8
2022-04-24,3,6.5,97.0,2.4,160.0,0.8
2022-04-24,4,6.8,97.0,2.4,160.0,4.1
2022-04-24,5,7.1,97.0,3.7,160.0,1.4
2022-04-24,6,8.5,97.0,3.6,160.0,0.8
2022-04-24,7,9.0,97.0,2.4,110.0,0.3
2022-04-24,8,10.2,97.0,4.4,140.0,0.7
2022-04-24,9,10.1,97.0,4.3,140.0,0.6
2022-04-24,10,10.7,97.0,4.8,140.0,1.2
2022-04-24,11,11.0,97.0,4.3,140.0,3.5
2022-04-24,12,11.4,96.0,4.2,140.0,3.5
2022-04-24,13,11.7,94.0,3.5,140.0,4.4
2022-04-24,14,12.1,90.0,3.9,140.0,9.2
2022-04-24,15,12.2,92.0,4.5,140.0,6.5
2022-04-24,16,11.9,93.0,4.0,140.0,3.4
2022-04-24,17,11.5,96.0,5.3,140.0,1.0
2022-04-24,18,11.3,96.0,4.1,140.0,0.8
2022-04-24,19,11.4,96.0,6.4,160.0,0.9
2022-04-24,20,11.0,97.0,7.1,160.0,0.6
2022-04-24,21,11.5,97.0,7.5,160.0,0.6
2022-04-24,22,11.5,97.0,4.1,180.0,0.3
2022-04-24,23,10.8,97.0,3.7,140.0,0.3
2022-04-25,0,11.0,97.0,4.8,160.0,0.5
2022-04-25,1,11.2,98.0,4.0,140.0,0.2
2022-04-25,2,10.8,98.0,4.7,160.0,0.4
2022-04-25,3,10.5,98.0,4.7,160.0,0.3
2022-04-25,4,10.9,97.0,6.2,160.0,0.3
2022-04-25,5,10.7,97.0,3.5,140.0,0.2
2022-04-25,6,11.1,97.0,5.2,160.0,0.7
2022-04-25,7,10.4,97.0,4.1,160.0,0.4
2022-04-25,8,10.8,97.0,2.2,110.0,0.9
2022-04-25,9,11.6,98.0,4.6,140.0,5.1
2022-04-25,10,12.1,97.0,5.5,140.0,2.2
2022-04-25,11,12.0,96.0,6.1,140.0,1.9
2022-04-25,12,12.3,95.0,4.6,140.0,6.2
2022-04-25,13,13.3,91.0,5.0,140.0,17.0
2022-04-25,14,14.2,87.0,4.3,160.0,18.6
2022-04-25,15,13.0,91.0,2.8,140.0,22.0
2022-04-25,16,14.6,91.0,4.5,160.0,13.0
2022-04-25,17,15.3,89.0,3.3,140.0,8.0
2022-04-25,18,14.7,91.0,3.2,110.0,8.0
2022-04-25,19,15.8,88.0,3.8,160.0,7.7
2022-04-25,20,15.9,87.0,3.2,140.0,7.4
2022-04-25,21,16.7,82.0,3.4,110.0,6.4
2022-04-25,22,14.0,92.0,1.6,110.0,4.4
2022-04-25,23,14.5,92.0,2.1,140.0,3.4
2022-04-26,0,16.1,84.0,2.1,160.0,3.9
2022-04-26,1,15.5,91.0,1.6,180.0,2.6
2022-04-26,2,13.6,94.0,1.7,90.0,2.1
2022-04-26,3,12.6,97.0,0.4,0.0,0.9
2022-04-26,4,15.4,88.0,2.3,20.0,4.2
2022-04-26,5,13.4,92.0,2.4,340.0,2.9
2022-04-26,6,13.3,90.0,2.6,320.0,3.8
2022-04-26,7,11.8,87.0,2.8,320.0,5.5
2022-04-26,8,15.6,83.0,2.4,290.0,7.2
2022-04-26,9,17.9,68.0,3.2,340.0,13.2
2022-04-26,10,19.0,66.0,4.2,340.0,17.8
2022-04-26,11,17.4,72.0,3.2,320.0,17.7
2022-04-26,12,17.4,72.0,5.2,290.0,15.3
2022-04-26,13,11.9,87.0,7.1,320.0,3.1
2022-04-26,14,14.0,83.0,5.1,320.0,19.3
2022-04-26,15,12.2,85.0,4.8,320.0,6.4
2022-04-26,16,11.3,95.0,4.9,320.0,0.8
2022-04-26,17,11.5,96.0,4.6,320.0,0.6
2022-04-26,18,11.0,95.0,4.8,320.0,1.4
2022-04-26,19,10.1,96.0,4.0,320.0,0.5
2022-04-26,20,10.0,97.0,4.7,290.0,0.2
2022-04-26,21,10.0,97.0,4.7,290.0,0.2
2022-04-26,22,10.7,80.0,3.8,320.0,16.2
2022-04-26,23,12.6,41.0,7.7,340.0,19.7
2022-04-27,0,13.4,28.0,9.3,360.0,14.3
2022-04-27,1,11.9,39.0,5.5,340.0,13.6
2022-04-27,2,11.0,45.0,5.8,340.0,13.4
2022-04-27,3,10.5,49.0,6.3,340.0,11.8
2022-04-27,4,10.4,54.0,8.2,340.0,12.7
2022-04-27,5,10.2,52.0,6.0,340.0,14.3
2022-04-27,6,10.3,46.0,6.3,340.0,14.2
2022-04-27,7,9.9,59.0,5.6,340.0,14.8
2022-04-27,8,10.4,55.0,7.4,340.0,17.0
2022-04-27,9,10.6,55.0,7.7,340.0,24.2
2022-04-27,10,11.3,55.0,5.8,340.0,27.4
2022-04-27,11,12.0,53.0,6.4,340.0,30.5
2022-04-27,12,12.0,47.0,7.5,340.0,39.7
2022-04-27,13,12.2,48.0,5.6,340.0,40.3
2022-04-27,14,12.8,40.0,5.7,340.0,44.3
2022-04-27,15,12.0,41.0,5.7,340.0,44.0
2022-04-27,16,11.8,43.0,5.8,340.0,46.1
2022-04-27,17,11.2,50.0,6.5,320.0,44.6
2022-04-27,18,10.9,46.0,6.1,340.0,48.6
2022-04-27,19,10.0,56.0,5.5,320.0,48.0
2022-04-27,20,9.0,69.0,4.4,320.0,46.7
2022-04-27,21,9.1,68.0,4.5,320.0,47.4
2022-04-27,22,9.1,65.0,4.0,340.0,43.1
2022-04-27,23,9.2,60.0,4.4,340.0,48.8
2022-04-28,0,9.1,67.0,4.6,320.0,48.5
2022-04-28,1,9.1,70.0,3.8,320.0,42.7
2022-04-28,2,8.3,75.0,3.1,320.0,37.6
2022-04-28,3,8.6,73.0,3.8,320.0,36.1
2022-04-28,4,9.3,62.0,3.0,340.0,38.8
2022-04-28,5,10.9,45.0,2.2,360.0,39.0
2022-04-28,6,9.5,60.0,1.3,320.0,39.8
2022-04-28,7,10.2,55.0,0.9,270.0,36.9
2022-04-28,8,12.6,45.0,2.2,70.0,39.3
2022-04-28,9,14.2,38.0,1.4,70.0,45.1
2022-04-28,10,15.1,39.0,2.4,320.0,47.3
2022-04-28,11,13.9,47.0,3.8,290.0,39.2
2022-04-28,12,13.0,54.0,6.7,320.0,32.2
2022-04-28,13,14.6,41.0,4.9,290.0,43.0
2022-04-28,14,13.8,51.0,4.0,320.0,43.5
2022-04-28,15,12.2,49.0,8.2,340.0,21.9
2022-04-28,16,12.4,37.0,6.7,340.0,40.1
2022-04-28,17,10.4,66.0,8.0,340.0,34.5
2022-04-28,18,10.2,71.0,6.6,340.0,30.8
2022-04-28,19,10.2,72.0,7.2,340.0,31.5
2022-04-28,20,10.1,75.0,5.7,340.0,27.6
2022-04-28,21,10.4,75.0,2.7,360.0,31.4
2022-04-28,22,10.2,81.0,4.7,340.0,28.2
2022-04-28,23,10.1,84.0,3.8,340.0,23.5
2022-04-29,0,9.9,86.0,2.2,290.0,19.9
2022-04-29,1,8.9,94.0,6.1,290.0,10.1
2022-04-29,2,8.9,95.0,2.8,320.0,6.1
2022-04-29,3,8.5,96.0,2.4,320.0,2.9
2022-04-29,4,8.3,96.0,2.3,290.0,3.3
2022-04-29,5,8.6,97.0,0.6,250.0,4.7
2022-04-29,6,8.8,96.0,0.1,0.0,5.3
2022-04-29,7,8.8,96.0,1.7,320.0,4.1
2022-04-29,8,9.1,96.0,2.2,340.0,5.4
2022-04-29,9,10.1,92.0,2.3,360.0,12.6
2022-04-29,10,11.1,90.0,1.4,340.0,13.9
2022-04-29,11,11.7,83.0,2.7,340.0,21.0
2022-04-29,12,13.1,78.0,2.3,340.0,22.4
2022-04-29,13,11.4,83.0,2.3,320.0,20.0
2022-04-29,14,11.1,82.0,2.6,290.0,16.8
2022-04-29,15,10.8,83.0,3.3,320.0,12.4
2022-04-29,16,11.7,77.0,3.1,290.0,17.4
2022-04-29,17,10.7,83.0,2.5,290.0,13.4
2022-04-29,18,11.4,80.0,1.7,290.0,15.0
2022-04-29,19,9.1,89.0,2.4,320.0,9.6
2022-04-29,20,8.3,94.0,2.2,290.0,6.1
2022-04-29,21,8.3,93.0,2.1,320.0,5.8
2022-04-29,22,8.1,94.0,1.2,290.0,5.7
2022-04-29,23,7.6,94.0,2.5,290.0,4.3
2022-04-30,0,7.5,95.0,2.8,290.0,5.4
2022-04-30,1,7.2,96.0,2.5,290.0,3.0
2022-04-30,2,7.1,96.0,2.0,320.0,4.4
2022-04-30,3,7.3,95.0,0.4,0.0,4.4
2022-04-30,4,6.9,96.0,1.8,290.0,3.5
2022-04-30,5,7.6,95.0,0.5,250.0,5.7
2022-04-30,6,7.5,96.0,0.9,290.0,4.0
2022-04-30,7,8.2,93.0,0.8,180.0,7.2
2022-04-30,8,10.1,81.0,0.1,0.0,16.7
2022-04-30,9,10.4,78.0,2.6,290.0,28.0
2022-04-30,10,11.1,69.0,2.4,320.0,28.6
2022-04-30,11,11.8,56.0,4.5,290.0,28.0
2022-04-30,12,12.0,65.0,5.0,270.0,16.1
2022-04-30,13,12.0,70.0,5.2,270.0,12.8
2022-04-30,14,10.5,85.0,6.0,290.0,6.1
2022-04-30,15,10.8,83.0,5.7,290.0,6.6
2022-04-30,16,10.6,79.0,4.9,290.0,5.5
2022-04-30,17,11.6,67.0,5.0,290.0,10.0
2022-04-30,18,10.9,60.0,5.0,290.0,14.4
2022-04-30,19,10.6,56.0,4.5,290.0,27.2
2022-04-30,20,10.0,51.0,4.6,270.0,46.1
2022-04-30,21,10.2,55.0,4.6,270.0,49.8
2022-04-30,22,9.8,60.0,4.3,290.0,45.7
2022-04-30,23,9.7,67.0,5.2,290.0,38.4
2022-05-01,0,9.1,74.0,4.0,270.0,32.4
2022-05-01,1,9.8,65.0,6.7,290.0,38.5
2022-05-01,2,9.2,71.0,4.2,270.0,36.2
2022-05-01,3,8.3,78.0,4.0,290.0,31.6
2022-05-01,4,8.6,73.0,4.6,290.0,39.0
2022-05-01,5,9.8,56.0,5.2,270.0,47.4
2022-05-01,6,10.8,40.0,4.4,270.0,48.7
2022-05-01,7,13.0,29.0,4.8,270.0,44.3
2022-05-01,8,13.3,31.0,7.4,250.0,46.5
2022-05-01,9,14.2,31.0,7.6,250.0,47.4
2022-05-01,10,14.7,31.0,8.7,250.0,44.4
2022-05-01,11,15.9,27.0,8.1,250.0,38.4
2022-05-01,12,15.5,31.0,10.4,250.0,30.5
2022-05-01,13,16.0,33.0,9.3,250.0,27.9
2022-05-01,14,15.0,47.0,8.6,250.0,21.3
2022-05-01,15,14.8,49.0,9.3,250.0,19.0
2022-05-01,16,14.0,51.0,6.6,270.0,18.9
2022-05-01,17,13.9,50.0,6.7,270.0,18.2
2022-05-01,18,12.7,58.0,5.9,270.0,15.1
2022-05-01,19,10.4,76.0,4.2,290.0,10.9
2022-05-01,20,9.5,81.0,3.5,290.0,8.7
2022-05-01,21,9.0,84.0,2.8,290.0,8.7
2022-05-01,22,8.7,86.0,3.1,290.0,7.4
2022-05-01,23,8.9,84.0,2.2,290.0,9.1
2022-05-02,0,8.7,84.0,1.9,320.0,9.7
2022-05-02,1,8.5,83.0,1.8,290.0,10.0
2022-05-02,2,8.7,83.0,2.0,290.0,11.1
2022-05-02,3,8.8,74.0,2.4,290.0,16.3
2022-05-02,4,7.3,89.0,2.6,320.0,8.1
2022-05-02,5,8.2,81.0,2.6,320.0,9.9
2022-05-02,6,8.6,76.0,2.6,320.0,15.8
2022-05-02,7,9.9,65.0,1.8,320.0,24.5
2022-05-02,8,11.3,55.0,2.4,320.0,26.0
2022-05-02,9,12.3,42.0,4.3,340.0,35.0
2022-05-02,10,12.4,43.0,5.1,340.0,36.0
2022-05-02,11,13.8,31.0,5.7,340.0,36.3
2022-05-02,12,14.1,32.0,5.8,340.0,34.3
2022-05-02,13,13.1,47.0,4.0,320.0,37.1
2022-05-02,14,12.5,50.0,5.4,320.0,35.7
2022-05-02,15,12.6,44.0,6.2,340.0,34.9
2022-05-02,16,12.0,53.0,6.0,320.0,30.0
2022-05-02,17,12.2,40.0,5.8,320.0,31.5
2022-05-02,18,11.7,46.0,4.9,320.0,28.9
2022-05-02,19,10.6,54.0,3.8,290.0,29.8
2022-05-02,20,9.7,46.0,3.2,290.0,30.7
2022-05-02,21,9.9,32.0,2.7,290.0,35.6
2022-05-02,22,10.0,29.0,2.6,290.0,42.2
2022-05-02,23,10.2,24.0,2.0,290.0,45.4
2022-05-03,0,10.5,20.0,1.9,320.0,47.3
2022-05-03,1,9.1,43.0,1.1,230.0,42.2
2022-05-03,2,10.4,47.0,2.6,250.0,46.0
2022-05-03,3,11.4,32.0,3.4,250.0,48.6
2022-05-03,4,10.5,51.0,4.0,230.0,46.9
2022-05-03,5,10.8,44.0,3.7,230.0,48.1
2022-05-03,6,10.8,55.0,4.3,230.0,44.2
2022-05-03,7,11.6,57.0,4.2,200.0,38.9
2022-05-03,8,12.9,51.0,4.6,230.0,44.3
2022-05-03,9,14.0,43.0,5.2,230.0,47.1
2022-05-03,10,14.4,49.0,5.9,200.0,43.5
2022-05-03,11,14.7,49.0,6.0,200.0,41.8
2022-05-03,12,15.7,38.0,7.0,200.0,46.5
2022-05-03,13,16.3,31.0,7.8,200.0,46.9
2022-05-03,14,16.0,33.0,8.6,200.0,47.3
2022-05-03,15,15.6,41.0,7.3,180.0,43.7
2022-05-03,16,15.0,48.0,7.9,180.0,43.9
2022-05-03,17,14.4,50.0,6.7,180.0,38.6
2022-05-03,18,13.6,54.0,7.3,180.0,35.1
2022-05-03,19,11.5,71.0,4.8,140.0,32.3
2022-05-03,20,11.5,75.0,5.8,160.0,27.3
2022-05-03,21,12.0,69.0,5.1,160.0,31.5
2022-05-03,22,11.9,71.0,6.3,160.0,30.9
2022-05-03,23,12.3,64.0,6.3,160.0,30.5
2022-05-04,0,11.4,72.0,5.3,140.0,27.8
2022-05-04,1,11.7,70.0,5.5,160.0,29.2
2022-05-04,2,11.2,74.0,3.9,140.0,25.5
2022-05-04,3,11.5,73.0,3.7,140.0,26.3
2022-05-04,4,10.9,80.0,4.1,140.0,22.6
2022-05-04,5,12.2,71.0,3.9,140.0,27.6
2022-05-04,6,12.4,71.0,4.5,160.0,26.0
2022-05-04,7,11.3,82.0,5.2,140.0,21.6
2022-05-04,8,13.1,72.0,7.5,160.0,24.7
2022-05-04,9,14.8,66.0,6.2,160.0,24.5
2022-05-04,10,15.3,65.0,6.1,160.0,23.8
2022-05-04,11,15.7,65.0,5.9,160.0,24.8
2022-05-04,12,15.9,65.0,6.5,160.0,24.6
2022-05-04,13,15.7,65.0,6.5,160.0,22.9
2022-05-04,14,15.8,65.0,5.5,160.0,17.5
2022-05-04,15,16.8,62.0,5.4,180.0,15.7
2022-05-04,16,16.6,62.0,4.6,160.0,14.6
2022-05-04,17,15.1,70.0,3.3,110.0,13.0
2022-05-04,18,13.7,76.0,2.9,110.0,13.1
2022-05-04,19,15.0,68.0,4.1,180.0,12.5
2022-05-04,20,14.2,73.0,5.8,180.0,11.0
2022-05-04,21,14.6,69.0,5.7,180.0,13.4
2022-05-04,22,14.1,73.0,4.2,180.0,12.9
2022-05-04,23,13.3,77.0,2.7,160.0,13.4
2022-05-05,0,12.3,83.0,3.3,140.0,13.2
2022-05-05,1,11.9,86.0,4.0,140.0,12.3
2022-05-05,2,11.7,88.0,3.9,140.0,12.6
2022-05-05,3,11.2,88.0,3.7,140.0,11.0
2022-05-05,4,12.1,78.0,3.5,160.0,17.6
2022-05-05,5,11.6,82.0,3.6,140.0,17.3
2022-05-05,6,11.7,79.0,4.4,140.0,21.7
2022-05-05,7,12.6,72.0,4.5,160.0,28.7
2022-05-05,8,13.4,71.0,5.2,140.0,29.5
2022-05-05,9,13.9,70.0,5.5,140.0,31.8
2022-05-05,10,14.4,71.0,5.4,160.0,32.7
2022-05-05,11,14.7,73.0,7.1,160.0,32.3
2022-05-05,12,14.8,73.0,8.5,160.0,31.4
2022-05-05,13,15.4,67.0,7.1,160.0,33.8
2022-05-05,14,15.2,70.0,7.3,160.0,36.7
2022-05-05,15,15.1,72.0,6.4,160.0,28.9
2022-05-05,16,14.8,72.0,7.4,160.0,21.9
2022-05-05,17,14.4,71.0,6.7,160.0,20.6
2022-05-05,18,13.8,75.0,4.9,160.0,17.4
2022-05-05,19,13.2,79.0,5.8,160.0,20.1
2022-05-05,20,12.1,84.0,5.1,160.0,17.7
2022-05-05,21,12.5,84.0,4.1,160.0,19.8
2022-05-05,22,12.3,87.0,3.6,160.0,15.4
2022-05-05,23,12.3,91.0,2.0,180.0,11.2
2022-05-06,0,12.4,88.0,2.2,180.0,13.7
2022-05-06,1,12.6,88.0,1.9,160.0,13.3
2022-05-06,2,13.1,87.0,2.2,180.0,13.0
2022-05-06,3,14.8,87.0,4.2,180.0,13.1
2022-05-06,4,14.5,89.0,4.2,180.0,11.6
2022-05-06,5,13.1,95.0,3.1,160.0,2.1
2022-05-06,6,12.4,96.0,4.8,160.0,0.6
2022-05-06,7,12.1,97.0,4.2,180.0,0.4
2022-05-06,8,12.5,97.0,3.8,180.0,0.5
2022-05-06,9,12.6,97.0,3.6,160.0,0.8
2022-05-06,10,12.9,97.0,5.3,160.0,1.0
2022-05-06,11,13.3,96.0,3.6,180.0,4.0
2022-05-06,12,13.6,89.0,1.9,110.0,6.6
2022-05-06,13,16.1,78.0,3.0,140.0,9.9
2022-05-06,14,15.1,84.0,3.6,160.0,21.0
2022-05-06,15,14.3,88.0,5.6,160.0,8.1
2022-05-06,16,13.9,90.0,1.8,160.0,10.0
2022-05-06,17,14.3,92.0,2.5,200.0,9.0
2022-05-06,18,12.7,95.0,1.9,180.0,1.8
2022-05-06,19,12.0,96.0,1.7,180.0,0.6
2022-05-06,20,13.0,96.0,1.7,250.0,2.0
2022-05-06,21,11.8,95.0,3.9,290.0,1.5
2022-05-06,22,10.9,97.0,2.3,340.0,0.9
2022-05-06,23,9.9,97.0,2.4,320.0,0.3
2022-05-07,0,9.8,97.0,4.2,320.0,0.3
2022-05-07,1,9.7,97.0,5.9,340.0,4.3
2022-05-07,2,9.7,95.0,4.8,320.0,5.6
2022-05-07,3,9.9,93.0,5.3,320.0,7.3
2022-05-07,4,10.0,90.0,5.6,320.0,10.1
2022-05-07,5,10.3,83.0,6.6,320.0,16.5
2022-05-07,6,10.7,79.0,6.5,340.0,18.5
2022-05-07,7,10.8,75.0,8.2,340.0,19.8
2022-05-07,8,11.8,68.0,8.0,340.0,19.1
2022-05-07,9,12.0,69.0,7.4,360.0,10.9
2022-05-07,10,12.1,70.0,6.3,340.0,8.7
2022-05-07,11,13.1,58.0,6.0,340.0,14.2
2022-05-07,12,13.0,45.0,10.4,360.0,22.7
2022-05-07,13,13.4,49.0,7.2,340.0,27.6
2022-05-07,14,12.2,56.0,6.4,320.0,24.5
2022-05-07,15,12.9,48.0,6.3,340.0,37.7
2022-05-07,16,12.5,49.0,6.2,320.0,42.3
2022-05-07,17,11.6,56.0,5.7,320.0,44.9
2022-05-07,18,11.0,61.0,5.0,320.0,45.5
2022-05-07,19,10.9,55.0,3.8,320.0,44.4
2022-05-07,20,10.6,58.0,4.1,340.0,49.0
2022-05-07,21,10.7,57.0,2.8,290.0,49.5
2022-05-07,22,10.0,65.0,3.1,290.0,48.6
2022-05-07,23,10.7,57.0,4.6,320.0,49.7
2022-05-08,0,10.3,62.0,3.9,290.0,49.6
2022-05-08,1,10.4,62.0,4.1,320.0,49.8
2022-05-08,2,10.3,67.0,3.2,320.0,47.7
2022-05-08,3,10.4,69.0,3.0,320.0,48.1
2022-05-08,4,11.4,58.0,1.7,340.0,50.0
2022-05-08,5,12.7,43.0,2.6,360.0,50.0
2022-05-08,6,12.9,40.0,0.8,50.0,48.2
2022-05-08,7,12.8,42.0,1.8,90.0,46.8
2022-05-08,8,13.0,43.0,2.5,110.0,39.0
2022-05-08,9,13.0,54.0,3.1,110.0,35.5
2022-05-08,10,14.1,49.0,3.1,90.0,35.2
2022-05-08,11,14.7,48.0,3.8,110.0,31.3
2022-05-08,12,15.6,37.0,4.1,140.0,39.0
2022-05-08,13,15.3,41.0,3.8,140.0,40.2
2022-05-08,14,14.7,48.0,2.5,90.0,45.7
2022-05-08,15,15.0,47.0,2.5,360.0,44.6
2022-05-08,16,14.2,45.0,3.1,340.0,40.0
2022-05-08,17,12.9,60.0,3.8,360.0,36.4
2022-05-08,18,11.8,67.0,4.5,360.0,36.5
2022-05-08,19,10.8,79.0,3.0,320.0,30.3
2022-05-08,20,10.9,79.0,3.4,50.0,33.3
2022-05-08,21,11.0,80.0,2.9,20.0,32.5
2022-05-08,22,11.4,75.0,2.6,90.0,44.8
2022-05-08,23,11.4,74.0,2.3,70.0,49.4
2022-05-09,0,10.2,85.0,3.9,340.0,34.4
2022-05-09,1,9.4,88.0,2.6,340.0,31.5
2022-05-09,2,9.4,87.0,3.6,340.0,35.4
2022-05-09,3,9.2,88.0,4.5,340.0,42.0
2022-05-09,4,9.6,83.0,2.5,340.0,48.4
2022-05-09,5,9.5,79.0,2.5,360.0,50.0
2022-05-09,6,9.7,79.0,3.5,360.0,49.6
2022-05-09,7,10.8,73.0,2.5,360.0,49.5
2022-05-09,8,12.0,66.0,2.5,360.0,49.9
2022-05-09,9,13.7,56.0,1.9,340.0,50.0
2022-05-09,10,14.4,54.0,3.0,340.0,50.0
2022-05-09,11,15.3,51.0,3.4,340.0,49.4
2022-05-09,12,15.4,51.0,3.7,320.0,49.6
2022-05-09,13,14.8,52.0,5.3,320.0,49.2
2022-05-09,14,14.5,57.0,4.8,290.0,45.2
2022-05-09,15,14.3,57.0,6.1,290.0,33.2
2022-05-09,16,13.1,70.0,6.6,320.0,25.4
2022-05-09,17,12.1,79.0,6.0,320.0,16.7
2022-05-09,18,11.8,80.0,5.3,320.0,13.6
2022-05-09,19,10.8,85.0,5.2,320.0,10.6
2022-05-09,20,10.2,87.0,4.4,320.0,8.5
2022-05-09,21,9.7,84.0,2.8,320.0,9.1
2022-05-09,22,10.3,68.0,1.6,290.0,15.6
2022-05-09,23,12.4,51.0,0.9,90.0,19.1
2022-05-10,0,12.5,45.0,2.1,70.0,24.9
2022-05-10,1,11.5,51.0,1.1,160.0,27.7
2022-05-10,2,12.8,57.0,1.6,140.0,28.4
2022-05-10,3,12.2,66.0,1.8,110.0,26.0
2022-05-10,4,11.5,68.0,1.9,110.0,22.8
2022-05-10,5,10.2,75.0,0.6,200.0,22.7
2022-05-10,6,10.7,76.0,2.5,70.0,19.0
2022-05-10,7,11.6,79.0,1.8,110.0,19.1
2022-05-10,8,14.4,63.0,1.9,110.0,29.5
2022-05-10,9,14.8,56.0,1.4,180.0,30.4
2022-05-10,10,16.4,47.0,3.3,160.0,28.3
2022-05-10,11,15.5,56.0,4.3,180.0,29.5
2022-05-10,12,18.9,46.0,3.9,140.0,28.0
2022-05-10,13,18.5,42.0,3.5,200.0,33.1
2022-05-10,14,15.7,58.0,2.0,320.0,27.7
2022-05-10,15,16.9,55.0,2.2,320.0,31.6
2022-05-10,16,14.5,58.0,3.8,290.0,25.7
2022-05-10,17,15.1,52.0,3.5,290.0,35.6
2022-05-10,18,13.9,58.0,4.3,290.0,35.9
2022-05-10,19,12.2,77.0,4.3,290.0,19.6
2022-05-10,20,12.0,74.0,4.0,320.0,32.5
2022-05-10,21,11.6,75.0,2.9,320.0,31.5
2022-05-10,22,11.4,81.0,2.4,290.0,25.4
2022-05-10,23,11.8,77.0,0.5,340.0,29.3
2022-05-11,0,11.6,78.0,1.2,320.0,28.0
2022-05-11,1,12.2,71.0,0.4,0.0,44.5
2022-05-11,2,12.3,68.0,0.1,0.0,47.2
2022-05-11,3,12.3,66.0,0.2,0.0,49.5
2022-05-11,4,11.9,72.0,0.7,160.0,47.1
2022-05-11,5,12.6,66.0,0.6,180.0,47.6
2022-05-11,6,12.4,67.0,1.0,320.0,49.7
2022-05-11,7,12.9,69.0,0.7,290.0,48.6
2022-05-11,8,14.1,58.0,2.1,320.0,47.1
2022-05-11,9,14.8,59.0,2.9,340.0,46.6
2022-05-11,10,14.9,59.0,2.8,290.0,45.2
2022-05-11,11,15.3,60.0,3.2,320.0,44.7
2022-05-11,12,15.6,62.0,3.6,320.0,40.1
2022-05-11,13,15.0,62.0,5.5,320.0,43.1
2022-05-11,14,15.0,64.0,5.0,320.0,45.3
2022-05-11,15,14.8,65.0,4.4,320.0,42.9
2022-05-11,16,14.3,68.0,4.2,320.0,39.1
2022-05-11,17,14.3,71.0,3.6,320.0,30.0
2022-05-11,18,13.0,80.0,3.5,320.0,26.7
2022-05-11,19,12.3,84.0,3.4,320.0,20.8
2022-05-11,20,11.3,90.0,4.0,290.0,13.1
2022-05-11,21,11.2,92.0,3.5,320.0,10.1
2022-05-11,22,10.9,93.0,3.0,320.0,9.6
2022-05-11,23,10.6,95.0,2.3,320.0,4.1
2022-05-12,0,10.3,95.0,2.4,290.0,5.8
2022-05-12,1,9.4,92.0,1.8,320.0,6.6
2022-05-12,2,9.5,93.0,2.0,320.0,6.0
2022-05-12,3,9.9,90.0,2.9,320.0,8.7
2022-05-12,4,10.6,87.0,3.0,320.0,8.5
2022-05-12,5,10.2,90.0,3.1,320.0,5.1
2022-05-12,6,11.1,84.0,2.3,360.0,8.3
2022-05-12,7,12.2,78.0,1.2,360.0,11.0
2022-05-12,8,13.7,70.0,1.5,360.0,13.2
2022-05-12,9,15.3,61.0,2.0,70.0,15.0
2022-05-12,10,16.5,52.0,2.4,340.0,22.7
2022-05-12,11,14.9,68.0,5.7,320.0,15.4
2022-05-12,12,14.2,69.0,5.2,320.0,14.2
2022-05-12,13,16.0,62.0,4.3,320.0,16.9
2022-05-12,14,13.8,72.0,5.0,340.0,12.0
2022-05-12,15,13.4,74.0,5.9,340.0,11.6
2022-05-12,16,15.2,61.0,5.2,340.0,19.2
2022-05-12,17,16.1,55.0,6.6,340.0,25.9
2022-05-12,18,14.2,64.0,5.5,340.0,16.3
2022-05-12,19,13.4,68.0,3.5,340.0,12.7
2022-05-12,20,13.9,54.0,5.0,340.0,21.1
2022-05-12,21,13.8,54.0,4.4,340.0,22.4
2022-05-12,22,14.0,51.0,5.7,360.0,26.0
2022-05-12,23,14.0,50.0,4.9,340.0,30.9
2022-05-13,0,13.1,56.0,3.0,340.0,32.5
2022-05-13,1,13.5,52.0,3.9,320.0,33.9
2022-05-13,2,12.9,57.0,2.7,320.0,28.2
2022-05-13,3,11.6,67.0,1.7,320.0,22.4
2022-05-13,4,11.0,73.0,2.5,290.0,18.2
2022-05-13,5,11.3,71.0,3.3,290.0,17.1
2022-05-13,6,11.6,76.0,3.6,290.0,14.8
2022-05-13,7,12.0,76.0,2.7,290.0,13.2
2022-05-13,8,13.4,72.0,2.8,290.0,14.4
2022-05-13,9,13.7,68.0,3.2,320.0,16.0
2022-05-13,10,13.1,71.0,5.2,320.0,13.7
2022-05-13,11,12.9,73.0,4.7,320.0,15.0
2022-05-13,12,12.7,74.0,3.8,320.0,13.1
2022-05-13,13,12.5,74.0,5.8,290.0,12.1
2022-05-13,14,13.5,67.0,4.9,290.0,14.7
2022-05-13,15,12.5,71.0,4.6,320.0,13.8
2022-05-13,16,14.2,56.0,3.3,290.0,16.8
2022-05-13,17,13.1,73.0,7.3,290.0,10.9
2022-05-13,18,13.4,77.0,7.0,290.0,8.1
2022-05-13,19,12.3,85.0,5.7,290.0,5.3
2022-05-13,20,11.4,89.0,4.5,290.0,3.4
2022-05-13,21,11.4,83.0,4.3,290.0,4.8
2022-05-13,22,11.0,79.0,3.8,290.0,8.0
2022-05-13,23,12.0,56.0,5.9,290.0,27.6
2022-05-14,0,11.3,68.0,5.6,290.0,30.1
2022-05-14,1,11.0,72.0,5.9,290.0,21.4
2022-05-14,2,10.8,71.0,5.2,290.0,21.5
2022-05-14,3,10.4,77.0,4.5,270.0,18.7
2022-05-14,4,10.5,77.0,4.7,290.0,18.0
2022-05-14,5,10.1,82.0,3.8,290.0,17.0
2022-05-14,6,9.8,85.0,3.0,290.0,14.5
2022-05-14,7,11.0,79.0,3.4,290.0,20.3
2022-05-14,8,12.2,70.0,3.1,320.0,25.4
2022-05-14,9,12.9,68.0,4.2,290.0,27.7
2022-05-14,10,12.9,63.0,6.9,290.0,32.9
2022-05-14,11,13.4,59.0,5.9,290.0,34.5
2022-05-14,12,13.2,57.0,5.7,290.0,41.8
2022-05-14,13,13.8,52.0,6.1,290.0,41.7
2022-05-14,14,13.2,55.0,6.5,290.0,42.0
2022-05-14,15,15.0,45.0,4.9,290.0,43.5
2022-05-14,16,14.5,40.0,6.5,320.0,44.8
2022-05-14,17,14.6,39.7,5.0,250.0,34.7
2022-05-14,18,14.0,47.0,6.3,270.0,41.0
2022-05-14,19,13.0,54.0,4.9,290.0,44.5
2022-05-14,20,12.1,65.0,5.2,290.0,46.3
2022-05-14,21,11.4,73.0,5.2,290.0,44.0
2022-05-14,22,11.2,75.0,4.6,290.0,40.5
2022-05-14,23,11.1,74.0,4.6,290.0,42.6
2022-05-15,0,11.0,74.0,3.9,290.0,43.3
2022-05-15,1,10.5,78.0,3.8,290.0,43.6
2022-05-15,2,10.4,78.0,4.2,290.0,46.7
2022-05-15,3,10.0,82.0,3.6,320.0,41.2
2022-05-15,4,9.5,81.0,3.1,290.0,42.6
2022-05-15,5,9.1,80.0,3.0,290.0,41.0
2022-05-15,6,9.0,80.0,2.8,290.0,39.8
2022-05-15,7,11.3,68.0,2.3,290.0,41.6
2022-05-15,8,13.0,54.0,3.3,290.0,43.8
2022-05-15,9,14.1,44.0,3.9,290.0,48.9
2022-05-15,10,15.6,32.0,4.7,320.0,49.3
2022-05-15,11,16.6,25.0,5.1,290.0,47.7
2022-05-15,12,18.0,15.0,6.2,320.0,48.4
2022-05-15,13,19.5,15.0,5.2,290.0,43.1
2022-05-15,14,18.5,17.0,6.2,250.0,48.9
2022-05-15,15,18.9,15.0,5.6,250.0,49.8
2022-05-15,16,18.2,20.0,5.7,230.0,49.4
2022-05-15,17,16.8,30.0,5.5,230.0,47.8
2022-05-15,18,15.8,35.0,6.1,230.0,48.3
2022-05-15,19,14.7,41.0,6.0,230.0,45.4
2022-05-15,20,13.9,47.0,6.7,230.0,47.5
2022-05-15,21,13.4,57.0,6.4,230.0,43.5
2022-05-15,22,13.3,63.0,7.4,230.0,43.2
2022-05-15,23,13.0,68.0,7.3,230.0,43.0
2022-05-16,0,12.8,74.0,6.3,230.0,38.3
2022-05-16,1,13.6,66.0,6.8,230.0,38.7
2022-05-16,2,13.7,66.0,7.8,250.0,35.3
2022-05-16,3,13.7,63.0,6.2,230.0,30.7
2022-05-16,4,13.4,70.0,6.1,230.0,22.7
2022-05-16,5,13.1,77.0,4.7,230.0,13.8
2022-05-16,6,12.8,83.0,2.5,230.0,11.0
2022-05-16,7,13.3,82.0,0.9,160.0,8.9
2022-05-16,8,15.3,71.0,2.4,160.0,14.1
2022-05-16,9,15.5,68.0,2.6,180.0,14.1
2022-05-16,10,16.1,64.0,2.2,180.0,10.7
2022-05-16,11,16.5,65.0,3.2,200.0,16.2
2022-05-16,12,17.0,64.0,3.5,180.0,17.3
2022-05-16,13,17.6,60.0,3.9,160.0,18.4
2022-05-16,14,17.3,62.0,5.3,180.0,20.6
2022-05-16,15,17.9,58.0,4.2,200.0,18.3
2022-05-16,16,16.5,67.0,3.7,200.0,15.5
2022-05-16,17,17.5,63.0,4.5,200.0,15.8
2022-05-16,18,17.8,55.0,4.3,230.0,20.4
2022-05-16,19,15.2,73.0,3.3,180.0,13.8
2022-05-16,20,14.5,77.0,1.1,200.0,11.5
2022-05-16,21,13.3,82.0,1.7,140.0,9.2
2022-05-16,22,12.1,92.0,2.2,160.0,3.9
2022-05-16,23,12.1,92.0,2.1,180.0,3.4
2022-05-17,0,11.8,92.0,1.8,140.0,3.6
2022-05-17,1,12.0,92.0,1.9,160.0,3.8
2022-05-17,2,12.1,91.0,1.6,140.0,4.2
2022-05-17,3,11.8,94.0,2.2,110.0,2.5
2022-05-17,4,12.0,95.0,3.2,140.0,1.3
2022-05-17,5,11.9,96.0,3.8,140.0,1.2
2022-05-17,6,11.8,96.0,3.7,110.0,0.2
2022-05-17,7,12.4,96.0,3.6,140.0,2.1
2022-05-17,8,12.7,92.0,5.3,110.0,3.4
2022-05-17,9,14.2,86.0,6.2,110.0,6.4
2022-05-17,10,15.7,77.0,5.0,110.0,9.6
2022-05-17,11,17.3,71.0,5.2,110.0,10.7
2022-05-17,12,17.8,67.0,6.8,140.0,13.5
2022-05-17,13,18.2,65.0,6.9,140.0,15.7
2022-05-17,14,18.2,67.0,5.7,140.0,13.9
2022-05-17,15,17.8,70.0,5.4,160.0,14.1
2022-05-17,16,17.4,72.0,5.4,160.0,13.2
2022-05-17,17,16.3,77.0,5.4,160.0,11.7
2022-05-17,18,15.5,82.0,4.0,160.0,9.8
2022-05-17,19,14.3,89.0,4.4,160.0,5.8
2022-05-17,20,13.9,93.0,4.9,160.0,2.8
2022-05-17,21,13.8,94.0,5.2,160.0,1.9
2022-05-17,22,13.9,95.0,5.5,160.0,1.7
2022-05-17,23,13.7,95.0,6.0,140.0,1.8
2022-05-18,0,13.8,94.0,5.4,140.0,1.8
2022-05-18,1,13.6,95.0,4.7,140.0,1.6
2022-05-18,2,13.7,93.0,6.5,140.0,2.2
2022-05-18,3,13.4,92.0,6.6,140.0,2.5
2022-05-18,4,15.1,83.0,8.5,160.0,5.1
2022-05-18,5,14.6,80.0,7.3,140.0,6.4
2022-05-18,6,14.4,79.0,5.5,140.0,7.8
2022-05-18,7,15.0,79.0,2.7,140.0,9.2
2022-05-18,8,15.0,79.0,4.1,110.0,11.5
2022-05-18,9,16.2,74.0,2.8,110.0,13.6
2022-05-18,10,14.8,79.0,5.5,140.0,9.4
2022-05-18,11,16.2,76.0,7.2,160.0,13.1
2022-05-18,12,16.6,72.0,6.2,160.0,13.7
2022-05-18,13,18.0,68.0,4.7,140.0,13.4
2022-05-18,14,19.3,63.0,3.4,140.0,14.9
2022-05-18,15,18.3,66.0,5.5,140.0,14.0
2022-05-18,16,18.3,64.0,2.8,140.0,13.8
2022-05-18,17,17.9,66.0,2.9,160.0,13.5
2022-05-18,18,16.3,72.0,1.8,140.0,12.2
2022-05-18,19,15.0,80.0,1.7,180.0,8.2
2022-05-18,20,13.0,88.0,3.0,180.0,4.9
2022-05-18,21,12.8,91.0,1.2,180.0,3.8
2022-05-18,22,12.6,89.0,1.6,140.0,4.0
2022-05-18,23,12.9,91.0,1.5,140.0,3.5
2022-05-19,0,12.4,94.0,2.2,140.0,2.5
2022-05-19,1,11.9,94.0,2.6,90.0,1.8
2022-05-19,2,12.2,95.0,3.1,110.0,2.1
2022-05-19,3,13.0,95.0,3.2,110.0,1.7
2022-05-19,4,13.0,95.0,2.4,110.0,1.9
2022-05-19,5,12.4,95.0,3.5,110.0,2.3
2022-05-19,6,12.5,95.0,3.2,110.0,1.4
2022-05-19,7,12.9,95.0,3.6,110.0,2.1
2022-05-19,8,14.4,88.0,3.5,110.0,5.7
2022-05-19,9,15.8,80.0,4.0,110.0,8.4
2022-05-19,10,16.3,78.0,5.5,110.0,9.4
2022-05-19,11,17.9,71.0,4.6,140.0,12.0
2022-05-19,12,17.9,65.0,5.2,140.0,20.9
2022-05-19,13,19.6,57.0,5.1,140.0,23.1
2022-05-19,14,19.1,60.0,5.2,160.0,25.7
2022-05-19,15,18.1,64.0,4.5,160.0,19.8
2022-05-19,16,16.6,71.0,4.7,160.0,19.8
2022-05-19,17,17.1,72.0,5.4,160.0,18.6
2022-05-19,18,14.8,85.0,2.7,160.0,10.3
2022-05-19,19,13.5,91.0,2.9,180.0,5.2
2022-05-19,20,12.9,93.0,2.2,160.0,2.8
2022-05-19,21,13.6,90.0,3.5,160.0,5.5
2022-05-19,22,13.1,88.0,3.9,160.0,8.0
2022-05-19,23,12.6,90.0,2.5,110.0,9.4
2022-05-20,0,13.2,87.0,3.5,180.0,8.6
2022-05-20,1,13.4,88.0,3.5,180.0,7.0
2022-05-20,2,14.7,84.0,4.8,180.0,10.2
2022-05-20,3,12.9,90.0,3.0,90.0,7.2
2022-05-20,4,13.4,91.0,3.1,140.0,5.5
2022-05-20,5,12.5,93.0,1.9,110.0,4.1
2022-05-20,6,12.8,94.0,3.6,110.0,3.7
2022-05-20,7,13.8,93.0,5.3,140.0,3.7
2022-05-20,8,14.1,92.0,5.3,140.0,4.7
2022-05-20,9,14.4,91.0,5.5,140.0,6.5
2022-05-20,10,15.5,88.0,3.7,160.0,9.5
2022-05-20,11,15.3,83.0,3.3,180.0,12.0
2022-05-20,12,16.4,80.0,4.8,160.0,14.8
2022-05-20,13,18.1,73.0,5.8,180.0,19.7
2022-05-20,14,17.7,76.0,4.6,180.0,17.3
2022-05-20,15,17.9,76.0,4.6,180.0,17.2
2022-05-20,16,17.8,77.0,3.6,180.0,17.9
2022-05-20,17,16.7,80.0,2.4,160.0,14.3
2022-05-20,18,16.3,85.0,2.6,160.0,12.6
2022-05-20,19,14.7,92.0,2.4,140.0,5.8
2022-05-20,20,13.9,94.0,1.5,140.0,3.3
2022-05-20,21,13.8,95.0,2.7,160.0,1.6
2022-05-20,22,13.8,96.0,3.1,180.0,2.0
2022-05-20,23,14.9,96.0,4.4,200.0,0.9
2022-05-21,0,14.1,96.0,2.9,180.0,0.2
2022-05-21,1,14.1,96.0,2.3,180.0,0.3
2022-05-21,2,14.1,97.0,1.9,180.0,0.2
2022-05-21,3,13.6,97.0,2.5,160.0,0.3
2022-05-21,4,13.0,97.0,1.1,160.0,0.3
2022-05-21,5,12.5,97.0,1.8,140.0,0.2
2022-05-21,6,12.7,97.0,1.9,110.0,0.1
2022-05-21,7,13.2,97.0,2.0,140.0,0.3
2022-05-21,8,13.6,97.0,2.9,140.0,0.8
2022-05-21,9,14.0,97.0,2.7,160.0,2.7
2022-05-21,10,15.0,94.0,3.6,160.0,8.9
2022-05-21,11,15.5,87.0,3.9,160.0,13.6
2022-05-21,12,15.5,86.0,3.7,160.0,14.0
2022-05-21,13,16.0,86.0,3.0,180.0,14.3
2022-05-21,14,15.4,86.0,3.1,200.0,15.4
2022-05-21,15,15.5,86.0,3.3,200.0,16.9
2022-05-21,16,15.0,87.0,3.2,180.0,16.9
2022-05-21,17,14.6,90.0,3.0,180.0,12.3
2022-05-21,18,13.9,94.0,4.2,180.0,3.3
2022-05-21,19,13.7,95.0,3.4,180.0,0.9
2022-05-21,20,13.4,96.0,2.4,140.0,0.6
2022-05-21,21,13.2,97.0,2.2,140.0,0.3
2022-05-21,22,13.2,97.0,2.4,140.0,0.3
2022-05-21,23,13.6,97.0,2.5,140.0,0.3
2022-05-22,0,13.3,97.0,2.7,140.0,0.3
2022-05-22,1,12.8,97.0,2.6,140.0,0.3
2022-05-22,2,13.1,97.0,3.3,140.0,0.2
2022-05-22,3,13.3,97.0,1.7,140.0,0.3
2022-05-22,4,13.0,97.0,2.6,110.0,0.2
2022-05-22,5,13.1,97.0,3.6,140.0,0.1
2022-05-22,6,13.1,97.0,3.0,140.0,0.2
2022-05-22,7,12.9,97.0,3.3,140.0,0.4
2022-05-22,8,13.0,97.0,3.2,110.0,0.8
2022-05-22,9,13.0,97.0,4.6,140.0,0.8
2022-05-22,10,14.2,97.0,4.3,140.0,1.1
2022-05-22,11,16.0,81.0,3.4,110.0,32.7
2022-05-22,12,18.0,72.0,2.9,140.0,33.8
2022-05-22,13,17.7,73.0,2.4,180.0,22.3
2022-05-22,14,18.8,69.0,3.1,110.0,26.6
2022-05-22,15,18.8,69.0,2.4,180.0,20.3
2022-05-22,16,19.0,68.0,2.9,180.0,19.3
2022-05-22,17,17.7,72.0,3.4,200.0,12.0
2022-05-22,18,17.2,79.0,2.3,180.0,13.0
2022-05-22,19,15.8,86.0,2.9,180.0,10.9
2022-05-22,20,14.4,91.0,2.9,160.0,7.7
2022-05-22,21,14.4,95.0,3.8,160.0,5.0
2022-05-22,22,14.2,95.0,3.2,180.0,4.2
2022-05-22,23,14.3,94.0,2.5,160.0,4.6
2022-05-23,0,14.1,95.0,2.3,160.0,3.4
2022-05-23,1,13.8,95.0,1.5,140.0,4.3
2022-05-23,2,13.6,95.0,2.4,110.0,3.5
2022-05-23,3,13.8,96.0,2.8,110.0,3.1
2022-05-23,4,14.4,95.0,2.7,110.0,3.4
2022-05-23,5,14.4,95.0,2.2,140.0,4.0
2022-05-23,6,13.4,96.0,3.8,140.0,0.3
2022-05-23,7,13.8,97.0,4.3,140.0,0.2
2022-05-23,8,14.0,97.0,3.4,140.0,0.2
2022-05-23,9,14.2,97.0,4.0,160.0,0.6
2022-05-23,10,15.1,97.0,4.7,140.0,1.9
2022-05-23,11,17.1,84.0,4.1,110.0,5.4
2022-05-23,12,18.3,73.0,4.0,140.0,8.9
2022-05-23,13,17.5,78.0,4.4,160.0,8.3
2022-05-23,14,16.8,80.0,4.1,180.0,8.0
2022-05-23,15,16.5,79.0,3.3,180.0,11.5
2022-05-23,16,16.0,82.0,3.7,180.0,13.5
2022-05-23,17,17.5,73.0,2.0,180.0,16.7
2022-05-23,18,17.2,76.0,2.3,200.0,19.9
2022-05-23,19,15.5,88.0,2.2,180.0,9.8
2022-05-23,20,15.2,90.0,2.4,200.0,6.5
2022-05-23,21,13.2,93.0,2.8,90.0,3.4
2022-05-23,22,15.6,81.0,1.9,160.0,11.8
2022-05-23,23,13.7,85.0,0.8,110.0,10.9
2022-05-24,0,17.7,60.0,1.9,230.0,40.0
2022-05-24,1,17.0,66.0,0.5,230.0,40.2
2022-05-24,2,15.5,74.0,1.2,110.0,27.6
2022-05-24,3,15.4,75.0,0.7,140.0,27.4
2022-05-24,4,15.6,82.0,1.2,140.0,21.6
2022-05-24,5,17.7,74.0,4.2,230.0,38.0
2022-05-24,6,17.6,75.0,4.3,230.0,38.9
2022-05-24,7,14.9,85.0,2.2,110.0,12.0
2022-05-24,8,17.7,76.0,3.3,160.0,24.4
2022-05-24,9,19.2,71.0,2.7,160.0,30.5
2022-05-24,10,19.0,68.0,4.6,180.0,28.9
2022-05-24,11,18.9,68.0,5.3,180.0,34.0
2022-05-24,12,19.5,68.0,5.4,180.0,34.4
2022-05-24,13,18.7,70.0,5.0,160.0,36.7
2022-05-24,14,19.6,69.0,4.8,180.0,31.0
2022-05-24,15,18.8,72.0,4.8,180.0,28.3
2022-05-24,16,18.6,73.0,4.8,180.0,33.1
2022-05-24,17,19.4,72.0,4.6,180.0,33.7
2022-05-24,18,19.3,74.0,4.9,200.0,39.6
2022-05-24,19,17.9,81.0,4.6,200.0,30.8
2022-05-24,20,16.4,88.0,3.5,180.0,15.4
2022-05-24,21,16.7,89.0,4.3,180.0,18.9
2022-05-24,22,16.4,90.0,3.4,200.0,18.9
2022-05-24,23,16.0,92.0,1.9,180.0,9.8
2022-05-25,0,14.8,93.0,1.7,90.0,5.5
2022-05-25,1,13.9,95.0,1.7,110.0,3.9
2022-05-25,2,12.6,95.0,1.2,110.0,0.6
2022-05-25,3,12.4,97.0,2.2,90.0,0.2
2022-05-25,4,13.4,97.0,2.1,160.0,0.3
2022-05-25,5,13.5,97.0,1.5,200.0,0.7
2022-05-25,6,13.3,97.0,3.5,140.0,0.3
2022-05-25,7,14.0,97.0,2.4,290.0,0.5
2022-05-25,8,14.2,97.0,1.5,290.0,1.1
2022-05-25,9,15.2,97.0,4.1,160.0,6.3
2022-05-25,10,15.2,95.0,5.9,180.0,10.3
2022-05-25,11,16.9,87.0,6.2,180.0,18.2
2022-05-25,12,17.6,82.0,3.0,160.0,21.2
2022-05-25,13,16.3,93.0,5.6,230.0,3.0
2022-05-25,14,16.2,93.0,4.2,230.0,4.0
2022-05-25,15,16.2,95.0,2.8,230.0,3.4
2022-05-25,16,16.2,95.0,3.3,290.0,5.5
2022-05-25,17,13.6,95.0,6.0,320.0,0.9
2022-05-25,18,13.9,96.0,2.9,290.0,22.5
2022-05-25,19,13.2,95.0,5.3,320.0,15.1
2022-05-25,20,13.3,96.0,4.6,290.0,9.3
2022-05-25,21,13.8,95.0,5.3,290.0,16.2
2022-05-25,22,14.0,89.0,4.6,290.0,12.2
2022-05-25,23,14.0,89.0,6.4,290.0,8.5
2022-05-26,0,14.1,74.0,5.6,320.0,38.3
2022-05-26,1,13.7,81.0,6.1,290.0,41.3
2022-05-26,2,13.7,79.0,5.0,320.0,45.8
2022-05-26,3,13.1,78.0,3.8,320.0,47.8
2022-05-26,4,13.5,78.0,3.3,290.0,49.3
2022-05-26,5,13.3,90.0,4.1,290.0,26.6
2022-05-26,6,13.9,87.0,3.9,270.0,31.7
2022-05-26,7,15.6,66.0,3.8,270.0,49.6
2022-05-26,8,16.0,64.0,4.7,250.0,47.9
2022-05-26,9,17.3,58.0,6.6,250.0,44.1
2022-05-26,10,18.7,49.0,6.8,230.0,47.4
2022-05-26,11,18.9,49.0,6.3,230.0,45.8
2022-05-26,12,19.8,43.0,7.1,230.0,43.8
2022-05-26,13,20.5,40.0,7.4,230.0,44.3
2022-05-26,14,20.7,36.0,7.8,250.0,42.6
2022-05-26,15,20.1,43.0,7.8,250.0,35.6
2022-05-26,16,19.8,50.0,7.7,250.0,30.7
2022-05-26,17,18.3,63.0,8.4,270.0,24.0
2022-05-26,18,18.0,64.0,6.9,250.0,18.5
2022-05-26,19,16.8,70.0,6.5,250.0,19.2
2022-05-26,20,16.2,73.0,4.6,270.0,19.9
2022-05-26,21,16.7,67.0,4.0,270.0,22.9
2022-05-26,22,16.7,66.0,3.6,270.0,23.5
2022-05-26,23,15.4,73.0,2.0,270.0,22.0
2022-05-27,0,14.5,81.0,3.7,290.0,15.6
2022-05-27,1,13.5,87.0,2.6,270.0,13.3
2022-05-27,2,13.3,88.0,2.8,290.0,16.3
2022-05-27,3,13.6,84.0,2.8,290.0,21.4
2022-05-27,4,13.5,82.0,3.3,290.0,34.8
2022-05-27,5,13.8,80.0,4.0,320.0,46.9
2022-05-27,6,14.0,79.0,3.7,320.0,47.5
2022-05-27,7,14.1,81.0,3.1,320.0,47.5
2022-05-27,8,15.5,75.0,3.0,290.0,44.6
2022-05-27,9,17.8,59.0,3.2,290.0,49.0
2022-05-27,10,19.4,54.0,3.1,320.0,47.3
2022-05-27,11,19.2,51.0,4.3,290.0,49.2
2022-05-27,12,20.1,47.0,3.9,320.0,49.7
2022-05-27,13,21.1,45.0,3.8,290.0,50.0
2022-05-27,14,21.6,37.0,4.3,250.0,49.9
2022-05-27,15,22.2,36.0,4.1,250.0,50.0
2022-05-27,16,22.3,36.0,4.4,230.0,49.4
2022-05-27,17,20.8,44.0,4.9,180.0,49.6
2022-05-27,18,19.6,57.0,3.7,180.0,49.5
2022-05-27,19,18.3,59.0,4.8,200.0,50.0
2022-05-27,20,17.2,71.0,3.9,200.0,48.2
2022-05-27,21,15.3,78.0,1.8,160.0,29.0
2022-05-27,22,14.6,88.0,1.3,110.0,18.0
2022-05-27,23,14.3,91.0,2.2,160.0,8.2
2022-05-28,0,12.8,95.0,2.7,90.0,3.5
2022-05-28,1,14.3,96.0,4.0,110.0,2.6
2022-05-28,2,15.0,96.0,3.0,140.0,2.3
2022-05-28,3,14.0,96.0,3.3,110.0,0.2
2022-05-28,4,13.6,96.0,4.4,140.0,0.2
2022-05-28,5,13.4,97.0,4.7,110.0,0.2
2022-05-28,6,13.5,97.0,3.9,110.0,0.1
2022-05-28,7,13.5,97.0,4.5,140.0,0.2
2022-05-28,8,14.1,97.0,4.4,140.0,0.3
2022-05-28,9,14.4,97.0,5.4,140.0,0.6
2022-05-28,10,17.4,85.0,5.7,140.0,10.9
2022-05-28,11,18.2,75.0,6.2,110.0,16.0
2022-05-28,12,19.8,69.0,4.8,140.0,21.2
2022-05-28,13,21.1,68.0,4.5,160.0,16.7
2022-05-28,14,21.1,67.0,4.5,160.0,13.2
2022-05-28,15,21.1,66.0,5.0,160.0,10.9
2022-05-28,16,20.3,68.0,5.5,160.0,11.6
2022-05-28,17,19.3,75.0,5.5,180.0,8.3
2022-05-28,18,18.4,79.0,4.4,160.0,8.3
2022-05-28,19,17.0,87.0,5.8,160.0,6.2
2022-05-28,20,16.4,91.0,4.2,160.0,4.0
2022-05-28,21,16.3,92.0,4.9,180.0,3.5
2022-05-28,22,16.3,95.0,7.0,160.0,0.8
2022-05-28,23,15.8,96.0,5.1,160.0,2.0
2022-05-29,0,15.7,96.0,4.3,160.0,1.1
2022-05-29,1,16.2,96.0,4.7,180.0,0.5
2022-05-29,2,16.5,96.0,4.1,160.0,2.8
2022-05-29,3,16.3,95.0,4.8,160.0,4.4
2022-05-29,4,16.8,92.0,5.7,160.0,7.9
2022-05-29,5,15.5,95.0,3.6,180.0,2.9
2022-05-29,6,16.2,95.0,3.7,180.0,4.2
2022-05-29,7,16.9,93.0,3.5,180.0,8.0
2022-05-29,8,16.5,92.0,4.8,180.0,7.8
2022-05-29,9,17.2,91.0,6.0,180.0,11.4
2022-05-29,10,17.3,88.0,7.0,160.0,12.5
2022-05-29,11,17.7,83.0,7.0,160.0,16.7
2022-05-29,12,17.0,87.0,5.2,140.0,12.1
2022-05-29,13,15.8,91.0,5.8,140.0,6.9
2022-05-29,14,16.8,88.0,6.1,160.0,9.9
2022-05-29,15,17.5,87.0,7.5,160.0,15.5
2022-05-29,16,19.0,80.0,4.1,160.0,17.1
2022-05-29,17,17.1,86.0,2.9,140.0,9.8
2022-05-29,18,17.1,87.0,2.3,140.0,10.1
2022-05-29,19,17.0,88.0,2.7,140.0,13.1
2022-05-29,20,15.7,92.0,2.4,140.0,5.1
2022-05-29,21,15.9,92.0,4.2,140.0,7.9
2022-05-29,22,15.4,94.0,1.2,160.0,7.0
2022-05-29,23,16.3,92.0,1.6,140.0,9.8
2022-05-30,0,15.8,93.0,0.3,0.0,9.0
2022-05-30,1,15.2,94.0,0.9,90.0,7.6
2022-05-30,2,15.4,94.0,1.4,90.0,6.7
2022-05-30,3,15.9,94.0,1.0,110.0,6.9
2022-05-30,4,15.8,95.0,1.1,110.0,3.3
2022-05-30,5,15.4,96.0,1.5,110.0,0.5
2022-05-30,6,15.9,96.0,1.9,140.0,2.7
2022-05-30,7,15.9,96.0,1.4,160.0,1.4
2022-05-30,8,15.9,96.0,1.4,180.0,1.3
2022-05-30,9,16.3,96.0,1.7,180.0,2.1
2022-05-30,10,16.7,96.0,2.8,230.0,3.6
2022-05-30,11,17.3,96.0,2.9,250.0,5.3
2022-05-30,12,16.2,96.0,1.9,340.0,4.7
2022-05-30,13,14.3,91.0,5.9,320.0,42.2
2022-05-30,14,16.5,80.0,4.5,340.0,43.8
2022-05-30,15,17.9,55.0,5.5,340.0,49.2
2022-05-30,16,17.6,62.0,4.6,320.0,49.8
2022-05-30,17,17.2,67.0,4.8,320.0,48.3
2022-05-30,18,17.6,62.0,4.8,290.0,49.6
2022-05-30,19,16.2,78.0,4.8,290.0,50.0
2022-05-30,20,14.5,88.0,4.3,290.0,47.3
2022-05-30,21,14.7,85.0,3.7,290.0,45.7
2022-05-30,22,15.4,70.0,4.3,290.0,50.0
2022-05-30,23,15.9,63.0,4.5,290.0,49.8
2022-05-31,0,16.0,54.0,3.7,290.0,50.0
2022-05-31,1,16.2,51.0,3.4,290.0,50.0
2022-05-31,2,15.8,49.0,2.9,290.0,50.0
2022-05-31,3,15.2,68.0,2.5,250.0,50.0
2022-05-31,4,14.9,68.0,1.1,270.0,50.0
2022-05-31,5,15.4,60.0,0.9,320.0,50.0
2022-05-31,6,12.9,84.0,3.0,90.0,40.2
2022-05-31,7,16.7,48.0,2.4,20.0,49.1
2022-05-31,8,15.1,67.0,3.8,180.0,43.6
2022-05-31,9,16.8,58.0,3.9,200.0,47.8
2022-05-31,10,18.5,50.0,4.0,200.0,48.2
2022-05-31,11,19.7,45.0,5.7,180.0,47.8
2022-05-31,12,20.5,41.0,4.3,180.0,49.1
2022-05-31,13,20.7,44.0,6.3,180.0,46.8
2022-05-31,14,20.3,48.0,8.0,180.0,43.1
2022-05-31,15,20.4,49.0,7.0,200.0,41.2
2022-05-31,16,20.0,57.0,6.4,200.0,35.8
2022-05-31,17,19.8,61.0,5.5,200.0,37.4
2022-05-31,18,18.4,62.0,5.5,160.0,38.0
2022-05-31,19,17.4,68.0,4.3,160.0,36.5
2022-05-31,20,15.9,80.0,3.7,160.0,32.1
2022-05-31,21,15.6,82.0,3.7,160.0,28.6
2022-05-31,22,16.3,78.0,3.9,140.0,32.4
2022-05-31,23,16.0,78.0,4.3,140.0,31.9
2022-06-01,0,16.7,71.0,3.9,160.0,32.9
2022-06-01,1,17.6,67.0,4.0,160.0,31.3
2022-06-01,2,16.1,76.0,1.3,140.0,28.5
2022-06-01,3,17.4,63.0,2.0,160.0,29.3
2022-06-01,4,15.6,74.0,2.5,110.0,27.9
2022-06-01,5,15.6,74.0,3.2,140.0,27.0
2022-06-01,6,16.3,69.0,3.9,140.0,29.0
2022-06-01,7,16.8,71.0,6.5,160.0,29.3
2022-06-01,8,15.3,86.0,3.0,110.0,22.0
2022-06-01,9,17.8,72.0,4.4,110.0,27.0
2022-06-01,10,19.3,67.0,5.1,140.0,27.4
2022-06-01,11,20.3,65.0,3.1,140.0,30.9
2022-06-01,12,20.7,63.0,3.5,180.0,32.3
2022-06-01,13,20.6,59.5,3.6,160.0,32.1
2022-06-01,14,20.8,60.0,3.9,180.0,36.6
2022-06-01,15,20.9,62.2,4.7,180.0,49.0
2022-06-01,16,20.6,64.6,2.5,200.0,32.9
2022-06-01,17,20.2,68.0,3.9,180.0,37.8
2022-06-01,18,20.5,69.0,2.5,180.0,41.6
2022-06-01,19,18.4,79.0,3.1,200.0,33.4
2022-06-01,20,17.2,88.0,2.3,200.0,26.2
2022-06-01,21,16.8,93.0,1.0,180.0,12.8
2022-06-01,22,17.0,94.0,1.3,200.0,7.1
2022-06-01,23,16.6,95.0,1.5,200.0,1.0
2022-06-02,0,16.3,96.0,0.8,180.0,0.7
2022-06-02,1,15.8,95.0,1.0,180.0,1.0
2022-06-02,2,16.1,94.0,2.2,140.0,8.5
2022-06-02,3,15.1,95.0,1.5,180.0,2.0
2022-06-02,4,15.2,94.0,0.7,140.0,8.1
2022-06-02,5,15.7,90.0,2.5,160.0,7.8
2022-06-02,6,16.0,88.0,3.1,160.0,9.7
2022-06-02,7,16.6,85.0,2.0,160.0,10.0
2022-06-02,8,17.3,81.0,2.5,160.0,13.8
2022-06-02,9,17.6,77.0,3.7,160.0,18.1
2022-06-02,10,18.5,74.0,5.2,160.0,21.4
2022-06-02,11,19.3,71.0,6.1,160.0,22.9
2022-06-02,12,19.7,67.0,4.2,180.0,33.5
2022-06-02,13,20.5,68.0,2.6,160.0,31.6
2022-06-02,14,21.5,63.0,3.4,160.0,39.2
2022-06-02,15,20.8,69.0,3.4,160.0,34.0
2022-06-02,16,20.9,70.0,2.8,160.0,34.5
2022-06-02,17,19.6,76.0,2.9,160.0,32.8
2022-06-02,18,18.3,81.0,3.0,180.0,20.9
2022-06-02,19,17.5,87.0,3.4,160.0,16.6
2022-06-02,20,17.2,89.0,3.6,140.0,14.7
2022-06-02,21,17.4,87.0,3.8,160.0,15.9
2022-06-02,22,15.9,94.0,1.4,180.0,5.2
2022-06-02,23,16.0,93.0,1.3,180.0,4.8
2022-06-03,0,15.9,92.0,1.5,140.0,7.5
2022-06-03,1,15.7,93.0,1.4,110.0,6.2
2022-06-03,2,15.9,91.0,1.3,180.0,6.8
2022-06-03,3,16.5,89.0,1.7,180.0,11.3
2022-06-03,4,15.9,90.0,1.8,90.0,12.6
2022-06-03,5,16.9,88.0,2.4,110.0,21.2
2022-06-03,6,16.8,87.0,2.7,110.0,23.1
2022-06-03,7,17.7,84.0,4.5,140.0,40.9
2022-06-03,8,18.0,82.0,3.4,140.0,48.2
2022-06-03,9,16.8,88.0,5.3,140.0,16.3
2022-06-03,10,17.9,89.0,5.8,140.0,14.4
2022-06-03,11,18.5,86.0,6.2,140.0,34.5
2022-06-03,12,19.4,77.0,6.5,140.0,32.4
2022-06-03,13,18.1,84.0,6.3,140.0,14.2
2022-06-03,14,18.6,85.0,4.1,140.0,16.4
2022-06-03,15,18.4,87.0,4.0,140.0,14.4
2022-06-03,16,17.9,89.0,5.4,140.0,14.4
2022-06-03,17,18.5,87.0,4.3,140.0,19.2
2022-06-03,18,17.4,93.0,5.1,140.0,7.5
2022-06-03,19,17.7,93.0,5.5,160.0,7.6
2022-06-03,20,16.9,95.0,2.7,180.0,4.1
2022-06-03,21,17.1,95.0,5.5,180.0,4.8
2022-06-03,22,17.0,95.0,4.0,180.0,4.7
2022-06-03,23,16.6,95.0,2.0,180.0,4.5
2022-06-04,0,17.0,96.0,4.0,180.0,0.9
2022-06-04,1,17.0,96.0,4.6,160.0,4.0
2022-06-04,2,16.6,96.0,4.1,140.0,4.4
2022-06-04,3,16.7,96.0,4.4,160.0,4.2
2022-06-04,4,16.3,96.0,4.9,140.0,1.2
2022-06-04,5,16.0,96.0,4.6,140.0,0.6
2022-06-04,6,16.3,96.0,4.6,140.0,1.4
2022-06-04,7,16.4,96.0,4.7,160.0,4.0
2022-06-04,8,16.4,96.0,4.9,160.0,4.5
2022-06-04,9,16.9,95.0,3.7,160.0,8.9
2022-06-04,10,16.8,93.0,4.9,140.0,13.8
2022-06-04,11,17.1,90.0,4.5,140.0,10.9
2022-06-04,12,18.7,85.0,5.5,160.0,11.0
2022-06-04,13,18.1,86.0,5.4,160.0,9.2
2022-06-04,14,18.6,83.0,5.0,140.0,12.0
2022-06-04,15,19.7,77.0,6.2,140.0,13.6
2022-06-04,16,20.1,74.0,4.6,140.0,16.5
2022-06-04,17,20.1,72.0,2.6,160.0,16.6
2022-06-04,18,19.6,74.0,2.9,140.0,17.1
2022-06-04,19,17.7,82.0,1.8,110.0,11.1
2022-06-04,20,18.0,82.0,2.5,140.0,11.8
2022-06-04,21,18.0,84.0,1.7,140.0,9.3
2022-06-04,22,17.7,86.0,1.5,110.0,7.9
2022-06-04,23,19.1,79.0,3.0,160.0,9.0
2022-06-05,0,18.0,83.0,2.0,110.0,8.8
2022-06-05,1,17.7,85.0,1.1,180.0,6.9
2022-06-05,2,18.1,83.0,1.4,180.0,6.9
2022-06-05,3,17.4,86.0,1.1,90.0,5.3
2022-06-05,4,18.1,83.0,2.3,180.0,5.6
2022-06-05,5,17.7,83.0,1.8,180.0,8.2
2022-06-05,6,17.5,85.0,0.7,140.0,8.9
2022-06-05,7,17.7,85.0,0.4,0.0,7.9
2022-06-05,8,19.2,79.0,1.7,110.0,10.6
2022-06-05,9,19.3,76.0,1.9,180.0,14.6
2022-06-05,10,20.6,72.0,1.3,90.0,16.0
2022-06-05,11,19.9,75.0,1.3,70.0,15.0
2022-06-05,12,20.5,69.0,1.4,160.0,24.4
2022-06-05,13,19.4,75.0,1.6,320.0,15.8
2022-06-05,14,17.5,84.0,2.3,290.0,9.5
2022-06-05,15,20.3,65.0,2.1,200.0,36.8
2022-06-05,16,21.0,57.0,2.3,200.0,32.5
2022-06-05,17,20.4,62.0,2.1,290.0,28.9
2022-06-05,18,20.4,65.0,2.2,250.0,25.5
2022-06-05,19,17.6,76.0,1.2,320.0,23.8
2022-06-05,20,16.4,82.0,0.3,0.0,18.6
2022-06-05,21,15.7,85.0,0.6,290.0,15.2
2022-06-05,22,16.5,83.0,0.5,360.0,16.9
2022-06-05,23,16.3,85.0,1.8,340.0,16.4
2022-06-06,0,15.6,89.0,0.7,290.0,11.4
2022-06-06,1,14.3,92.0,1.3,360.0,8.8
2022-06-06,2,15.6,85.0,0.8,360.0,15.2
2022-06-06,3,16.0,86.0,2.8,340.0,13.8
2022-06-06,4,16.6,86.0,2.7,20.0,12.9
2022-06-06,5,16.0,90.0,2.6,340.0,11.1
2022-06-06,6,16.2,87.0,3.1,70.0,50.0
2022-06-06,7,17.0,80.0,3.0,90.0,50.0
2022-06-06,8,17.8,76.0,3.5,90.0,50.0
2022-06-06,9,19.3,68.0,3.4,90.0,50.0
2022-06-06,10,18.9,65.0,5.6,110.0,50.0
2022-06-06,11,20.1,61.0,5.2,140.0,50.0
2022-06-06,12,21.2,54.0,5.1,160.0,50.0
2022-06-06,13,20.5,52.0,5.0,180.0,49.9
2022-06-06,14,20.6,54.0,4.8,180.0,50.0
2022-06-06,15,21.5,50.0,3.1,160.0,50.0
2022-06-06,16,19.6,64.0,3.7,340.0,50.0
2022-06-06,17,18.8,69.0,4.2,340.0,50.0
2022-06-06,18,18.5,71.0,4.2,340.0,49.9
2022-06-06,19,17.9,74.0,3.2,340.0,50.0
2022-06-06,20,16.9,77.0,2.2,320.0,50.0
2022-06-06,21,16.9,81.0,1.9,320.0,50.0
2022-06-06,22,16.8,82.0,2.4,360.0,50.0
2022-06-06,23,16.9,80.0,2.7,360.0,50.0
2022-06-07,0,16.4,82.0,1.5,90.0,47.2
2022-06-07,1,16.4,81.0,1.8,140.0,50.0
2022-06-07,2,16.4,62.0,3.9,110.0,50.0
2022-06-07,3,15.5,64.0,4.3,110.0,50.0
2022-06-07,4,15.6,62.0,3.6,110.0,50.0
2022-06-07,5,14.7,72.0,2.6,110.0,49.2
2022-06-07,6,14.4,78.0,2.4,90.0,50.0
2022-06-07,7,14.6,74.0,3.0,90.0,50.0
2022-06-07,8,15.2,70.0,3.4,90.0,50.0
2022-06-07,9,15.9,66.0,3.3,90.0,50.0
2022-06-07,10,15.7,68.0,2.8,90.0,43.9
2022-06-07,11,16.1,67.4,3.0,70.0,50.0
2022-06-07,12,17.4,60.0,1.8,20.0,47.6
2022-06-07,13,16.4,70.0,2.5,290.0,49.9
2022-06-07,14,16.6,72.0,1.4,320.0,50.0
2022-06-07,15,16.7,72.0,2.1,320.0,50.0
2022-06-07,16,16.2,72.0,3.5,320.0,50.0
2022-06-07,17,18.8,60.0,4.1,340.0,50.0
2022-06-07,18,17.0,63.0,4.0,340.0,50.0
2022-06-07,19,15.7,71.0,4.4,360.0,50.0
2022-06-07,20,15.2,71.0,3.4,340.0,50.0
2022-06-07,21,14.3,77.0,2.4,320.0,50.0
2022-06-07,22,15.8,68.0,3.5,340.0,50.0
2022-06-07,23,15.7,70.0,2.8,340.0,50.0
2022-06-08,0,14.9,74.0,2.0,290.0,45.0
2022-06-08,1,15.0,75.0,1.4,290.0,49.3
2022-06-08,2,13.9,79.0,1.6,290.0,44.4
2022-06-08,3,14.7,77.0,1.0,50.0,45.6
2022-06-08,4,14.4,80.0,1.6,90.0,43.2
2022-06-08,5,14.4,83.0,1.1,90.0,40.5
2022-06-08,6,14.9,86.0,2.4,110.0,33.5
2022-06-08,7,16.4,74.0,3.1,110.0,41.0
2022-06-08,8,17.4,68.0,3.5,110.0,44.0
2022-06-08,9,18.6,65.0,4.5,110.0,37.9
2022-06-08,10,20.0,64.0,4.4,110.0,32.7
2022-06-08,11,20.4,61.0,4.1,160.0,45.4
2022-06-08,12,20.0,66.0,3.9,160.0,38.0
2022-06-08,13,20.8,67.0,3.6,140.0,22.4
2022-06-08,14,19.5,74.0,3.5,180.0,19.4
2022-06-08,15,19.9,72.3,4.2,160.0,15.9
2022-06-08,16,20.0,72.0,4.2,160.0,21.7
2022-06-08,17,19.8,73.0,3.2,160.0,24.3
2022-06-08,18,19.0,79.0,2.7,180.0,20.1
2022-06-08,19,18.0,85.0,2.6,160.0,17.1
2022-06-08,20,16.9,92.0,1.9,180.0,10.5
2022-06-08,21,15.8,95.0,2.0,90.0,0.5
2022-06-08,22,15.7,96.0,1.9,90.0,0.2
2022-06-08,23,15.6,96.0,1.1,90.0,0.3
2022-06-09,0,15.6,96.0,1.8,90.0,0.3
2022-06-09,1,16.3,96.0,1.7,110.0,0.3
2022-06-09,2,16.0,97.0,1.1,90.0,0.2
2022-06-09,3,16.5,97.0,1.6,140.0,0.7
2022-06-09,4,16.7,97.0,1.9,160.0,1.8
2022-06-09,5,16.7,97.0,2.2,140.0,3.5
2022-06-09,6,16.5,96.0,2.4,140.0,4.2
2022-06-09,7,16.8,96.0,2.0,180.0,3.5
2022-06-09,8,16.8,96.0,2.0,140.0,1.5
2022-06-09,9,17.6,96.0,3.3,160.0,4.7
2022-06-09,10,17.7,95.0,4.5,160.0,6.5
2022-06-09,11,18.3,89.0,3.8,180.0,11.8
2022-06-09,12,19.9,78.0,6.0,180.0,28.7
2022-06-09,13,20.2,77.0,5.7,180.0,27.1
2022-06-09,14,20.8,74.0,4.4,180.0,29.6
2022-06-09,15,20.7,75.0,5.6,180.0,28.8
2022-06-09,16,20.0,76.0,5.3,180.0,25.9
2022-06-09,17,19.9,77.0,3.7,200.0,20.2
2022-06-09,18,19.9,78.0,3.9,200.0,20.5
2022-06-09,19,18.8,82.0,2.9,160.0,19.2
2022-06-09,20,17.6,91.0,3.2,160.0,8.8
2022-06-09,21,17.2,93.0,3.3,140.0,7.7
2022-06-09,22,17.4,93.0,3.3,160.0,7.4
2022-06-09,23,16.8,94.0,2.4,180.0,4.8
2022-06-10,0,16.8,95.0,3.2,160.0,3.5
2022-06-10,1,16.8,95.0,2.2,160.0,4.0
2022-06-10,2,16.0,96.0,2.3,180.0,0.6
2022-06-10,3,16.6,96.0,1.0,90.0,3.5
2022-06-10,4,16.5,96.0,3.6,140.0,4.3
2022-06-10,5,16.4,96.0,3.2,140.0,0.7
2022-06-10,6,16.0,96.0,4.6,140.0,0.5
2022-06-10,7,16.7,96.0,4.5,140.0,4.8
2022-06-10,8,17.0,94.0,4.9,140.0,5.3
2022-06-10,9,16.3,94.0,2.6,140.0,5.0
2022-06-10,10,16.6,90.0,3.3,70.0,9.1
2022-06-10,11,17.6,86.0,3.7,110.0,13.1
2022-06-10,12,17.4,90.0,4.0,140.0,7.1
2022-06-10,13,17.2,93.0,1.2,290.0,2.2
2022-06-10,14,17.4,91.0,4.2,140.0,8.9
2022-06-10,15,18.3,76.0,9.7,160.0,21.9
2022-06-10,16,17.1,87.0,6.5,200.0,7.8
2022-06-10,17,16.8,89.0,3.7,320.0,9.0
2022-06-10,18,17.0,91.0,1.6,70.0,8.1
2022-06-10,19,16.9,92.0,1.4,340.0,6.4
2022-06-10,20,15.6,95.0,1.8,110.0,3.7
2022-06-10,21,15.5,95.0,3.0,110.0,4.4
2022-06-10,22,15.8,93.0,2.8,70.0,8.5
2022-06-10,23,16.1,91.0,3.6,50.0,11.5
2022-06-11,0,15.9,91.0,1.7,110.0,11.2
2022-06-11,1,16.4,91.0,2.3,90.0,12.9
2022-06-11,2,16.6,91.0,2.2,110.0,13.4
2022-06-11,3,16.9,91.0,1.5,110.0,12.8
2022-06-11,4,17.0,89.0,0.9,110.0,17.4
2022-06-11,5,16.4,93.0,0.2,0.0,7.3
2022-06-11,6,15.2,94.0,0.8,340.0,4.1
2022-06-11,7,16.2,94.0,1.7,290.0,7.3
2022-06-11,8,18.5,81.0,1.8,320.0,20.2
2022-06-11,9,18.8,82.0,2.1,340.0,23.6
2022-06-11,10,20.7,73.0,0.7,360.0,28.3
2022-06-11,11,23.5,59.0,2.3,360.0,41.1
2022-06-11,12,23.5,55.0,2.1,320.0,41.3
2022-06-11,13,22.6,58.0,3.7,320.0,34.7
2022-06-11,14,24.3,49.0,3.1,340.0,39.5
2022-06-11,15,23.0,57.0,3.5,320.0,25.5
2022-06-11,16,22.2,56.0,4.3,320.0,31.0
2022-06-11,17,22.6,53.0,3.2,340.0,44.0
2022-06-11,18,21.7,58.0,3.7,320.0,36.6
2022-06-11,19,20.6,62.0,3.1,290.0,28.5
2022-06-11,20,19.3,68.0,2.5,320.0,27.1
2022-06-11,21,18.6,72.0,2.1,290.0,26.3
2022-06-11,22,18.4,73.0,1.8,290.0,27.7
2022-06-11,23,18.9,72.0,1.3,290.0,30.8
2022-06-12,0,19.2,73.0,0.5,290.0,28.5
2022-06-12,1,18.8,75.0,1.3,110.0,23.8
2022-06-12,2,18.8,80.0,2.1,110.0,18.9
2022-06-12,3,18.7,81.0,2.4,110.0,16.7
2022-06-12,4,18.8,76.0,3.7,140.0,41.0
2022-06-12,5,18.2,77.0,2.8,110.0,42.7
2022-06-12,6,18.0,81.0,2.2,110.0,29.9
2022-06-12,7,19.2,75.0,3.1,110.0,40.7
2022-06-12,8,20.2,68.0,2.2,110.0,44.0
2022-06-12,9,21.6,61.0,3.7,110.0,42.0
2022-06-12,10,22.4,58.0,5.2,140.0,42.0
2022-06-12,11,22.8,57.0,5.2,140.0,40.0
2022-06-12,12,21.3,61.0,6.5,160.0,31.4
2022-06-12,13,22.8,55.0,4.8,160.0,28.5
2022-06-12,14,22.5,58.0,4.1,160.0,23.6
2022-06-12,15,22.3,64.0,4.3,160.0,20.5
2022-06-12,16,21.3,71.0,3.6,160.0,17.9
2022-06-12,17,20.1,76.0,3.0,180.0,13.0
2022-06-12,18,19.9,79.0,2.4,180.0,11.2
2022-06-12,19,18.7,85.0,1.0,180.0,11.3
2022-06-12,20,18.8,84.0,1.2,290.0,9.2
2022-06-12,21,19.2,85.0,1.3,200.0,5.4
2022-06-12,22,16.9,91.0,1.8,90.0,3.9
2022-06-12,23,17.4,89.0,0.8,270.0,6.2
2022-06-13,0,17.4,90.0,1.0,140.0,5.5
2022-06-13,1,16.9,93.0,1.4,160.0,2.3
2022-06-13,2,16.0,96.0,2.6,160.0,0.5
2022-06-13,3,16.6,96.0,1.7,160.0,1.8
2022-06-13,4,16.4,95.0,3.8,180.0,2.1
2022-06-13,5,16.2,96.0,1.2,140.0,0.7
2022-06-13,6,16.5,96.0,2.1,160.0,0.3
2022-06-13,7,17.4,96.0,2.6,140.0,0.3
2022-06-13,8,17.6,96.0,2.4,110.0,4.7
2022-06-13,9,19.2,86.0,2.5,140.0,9.1
2022-06-13,10,18.3,90.0,3.7,140.0,5.1
2022-06-13,11,18.8,81.0,3.8,110.0,12.0
2022-06-13,12,19.0,90.0,1.0,90.0,5.7
2022-06-13,13,20.8,77.0,1.8,90.0,14.1
2022-06-13,14,18.3,88.0,1.1,320.0,7.0
2022-06-13,15,22.6,71.0,1.1,70.0,9.0
2022-06-13,16,24.0,62.0,1.4,70.0,10.6
2022-06-13,17,21.0,73.0,2.6,320.0,11.3
2022-06-13,18,20.1,74.0,3.0,320.0,14.8
2022-06-13,19,20.8,74.0,2.0,50.0,14.8
2022-06-13,20,18.9,82.0,2.8,90.0,18.3
2022-06-13,21,18.0,85.0,3.5,110.0,24.2
2022-06-13,22,17.9,90.0,3.8,110.0,18.2
2022-06-13,23,17.9,88.0,2.2,110.0,22.6
2022-06-14,0,17.3,89.0,1.9,110.0,21.4
2022-06-14,1,17.2,88.0,2.3,90.0,23.4
2022-06-14,2,17.8,81.0,3.8,90.0,36.0
2022-06-14,3,18.3,68.0,4.4,110.0,45.4
2022-06-14,4,17.9,67.0,4.1,110.0,46.7
2022-06-14,5,17.7,65.0,5.4,110.0,47.3
2022-06-14,6,18.0,62.0,5.5,110.0,46.8
2022-06-14,7,18.5,60.0,4.8,110.0,43.9
2022-06-14,8,19.2,60.0,5.8,110.0,43.1
2022-06-14,9,20.2,56.0,5.9,110.0,45.3
2022-06-14,10,21.0,53.0,5.0,110.0,41.2
2022-06-14,11,21.2,49.0,6.1,140.0,47.2
2022-06-14,12,22.7,45.0,7.6,140.0,46.0
2022-06-14,13,22.9,45.0,6.9,140.0,43.7
2022-06-14,14,24.2,41.0,5.1,140.0,43.9
2022-06-14,15,23.8,39.0,5.9,140.0,46.4
2022-06-14,16,21.5,48.0,4.3,180.0,23.8
2022-06-14,17,21.1,52.0,5.3,160.0,41.4
2022-06-14,18,19.8,57.0,4.1,160.0,45.3
2022-06-14,19,19.0,62.0,4.3,140.0,44.2
2022-06-14,20,18.0,78.0,5.6,160.0,37.7
2022-06-14,21,17.4,85.0,5.0,160.0,26.4
2022-06-14,22,16.5,88.0,4.6,160.0,11.3
2022-06-14,23,15.9,93.0,3.6,160.0,4.4
2022-06-15,0,15.6,95.0,2.6,140.0,5.9
2022-06-15,1,15.0,95.0,3.5,90.0,2.0
2022-06-15,2,14.6,95.0,2.9,90.0,4.1
2022-06-15,3,14.4,93.0,4.4,90.0,7.3
2022-06-15,4,14.2,95.0,3.9,90.0,5.5
2022-06-15,5,14.0,95.0,3.8,90.0,6.7
2022-06-15,6,14.0,95.0,3.8,70.0,10.4
2022-06-15,7,14.2,95.0,3.5,90.0,13.9
2022-06-15,8,14.4,94.0,3.1,90.0,10.5
2022-06-15,9,15.7,93.0,3.7,90.0,23.3
2022-06-15,10,17.4,81.0,4.3,90.0,49.4
2022-06-15,11,17.2,78.0,4.6,90.0,48.4
2022-06-15,12,18.4,73.0,3.0,70.0,49.4
2022-06-15,13,18.2,73.0,2.9,70.0,49.3
2022-06-15,14,16.9,79.0,2.2,340.0,47.2
2022-06-15,15,17.3,76.0,2.9,340.0,48.0
2022-06-15,16,17.1,74.0,3.8,340.0,48.9
2022-06-15,17,17.3,73.0,3.5,320.0,38.8
2022-06-15,18,16.3,81.0,3.4,290.0,24.7
2022-06-15,19,15.3,83.0,5.3,320.0,23.9
2022-06-15,20,14.1,91.0,3.5,320.0,14.0
2022-06-15,21,14.0,89.0,3.7,320.0,17.1
2022-06-15,22,14.2,89.0,4.1,320.0,21.0
2022-06-15,23,14.2,90.0,4.0,320.0,18.2
2022-06-16,0,14.4,90.0,3.2,320.0,21.8
2022-06-16,1,13.7,92.0,2.3,320.0,16.8
2022-06-16,2,14.1,92.0,1.9,320.0,24.4
2022-06-16,3,14.1,94.0,2.0,290.0,21.8
2022-06-16,4,14.9,92.0,1.4,320.0,18.6
2022-06-16,5,14.3,94.0,1.7,200.0,10.8
2022-06-16,6,15.4,94.0,0.4,0.0,20.7
2022-06-16,7,16.7,90.0,0.2,0.0,23.9
2022-06-16,8,18.6,82.0,2.8,250.0,35.6
2022-06-16,9,20.5,68.0,0.7,340.0,32.9
2022-06-16,10,20.7,72.0,2.0,70.0,28.8
2022-06-16,11,20.7,71.0,2.1,90.0,24.6
2022-06-16,12,22.4,64.0,1.6,20.0,30.1
2022-06-16,13,22.3,65.0,2.7,110.0,31.1
2022-06-16,14,21.7,62.0,3.8,180.0,40.0
2022-06-16,15,22.7,44.0,2.6,180.0,47.2
2022-06-16,16,21.6,61.0,3.3,180.0,48.3
2022-06-16,17,21.2,64.0,3.0,180.0,44.9
2022-06-16,18,19.7,75.0,3.8,160.0,38.9
2022-06-16,19,18.8,81.0,3.9,180.0,30.4
2022-06-16,20,18.0,85.0,4.3,160.0,31.6
2022-06-16,21,17.8,87.0,4.8,180.0,28.9
2022-06-16,22,17.7,88.0,4.4,160.0,32.2
2022-06-16,23,17.4,91.0,4.3,160.0,22.9
2022-06-17,0,16.9,93.0,3.2,140.0,15.7
2022-06-17,1,16.6,94.0,3.1,140.0,10.2
2022-06-17,2,15.8,95.0,2.5,90.0,10.8
2022-06-17,3,16.6,95.0,3.1,140.0,10.1
2022-06-17,4,16.1,94.0,3.2,110.0,10.2
2022-06-17,5,16.2,94.0,4.4,110.0,8.5
2022-06-17,6,16.5,94.0,3.6,140.0,6.1
2022-06-17,7,16.8,94.0,4.2,140.0,3.4
2022-06-17,8,16.3,95.0,4.4,110.0,2.6
2022-06-17,9,17.3,95.0,4.2,140.0,2.1
2022-06-17,10,18.1,91.0,5.3,110.0,7.9
2022-06-17,11,19.4,82.0,5.9,110.0,9.1
2022-06-17,12,19.7,84.0,5.9,140.0,9.4
2022-06-17,13,20.2,84.0,5.5,140.0,7.2
2022-06-17,14,19.7,89.0,5.5,140.0,6.7
2022-06-17,15,18.8,89.0,6.6,140.0,4.4
2022-06-17,16,18.2,94.0,5.2,140.0,1.7
2022-06-17,17,18.3,94.0,4.7,140.0,1.4
2022-06-17,18,18.7,95.0,3.9,140.0,2.0
2022-06-17,19,18.3,95.0,4.1,140.0,1.9
2022-06-17,20,18.8,96.0,4.8,160.0,0.7
2022-06-17,21,18.9,96.0,3.7,140.0,0.5
2022-06-17,22,18.4,96.0,3.6,140.0,0.4
2022-06-17,23,18.8,96.0,4.8,140.0,0.4
2022-06-18,0,18.8,96.0,4.6,140.0,0.5
2022-06-18,1,18.6,96.0,3.7,140.0,0.4
2022-06-18,2,18.6,96.0,4.9,140.0,2.2
2022-06-18,3,18.5,96.0,6.3,140.0,4.7
2022-06-18,4,18.0,96.0,6.1,140.0,0.9
2022-06-18,5,18.0,96.0,5.3,140.0,0.6
2022-06-18,6,17.7,96.0,4.8,140.0,0.4
2022-06-18,7,17.4,96.0,4.2,140.0,0.4
2022-06-18,8,18.6,96.0,5.0,140.0,1.1
2022-06-18,9,18.1,96.0,4.1,140.0,0.4
2022-06-18,10,18.6,96.0,5.1,140.0,0.5
2022-06-18,11,18.2,96.0,3.9,140.0,0.4
2022-06-18,12,19.2,97.0,5.5,140.0,1.2
2022-06-18,13,20.5,94.0,4.8,140.0,9.0
2022-06-18,14,18.9,93.0,2.8,140.0,3.3
2022-06-18,15,20.8,89.0,4.5,140.0,15.5
2022-06-18,16,20.7,88.0,5.3,160.0,16.8
2022-06-18,17,19.2,94.0,4.2,160.0,3.0
2022-06-18,18,18.9,95.0,4.1,160.0,3.0
2022-06-18,19,19.3,96.0,3.2,160.0,2.3
2022-06-18,20,18.4,96.0,3.7,140.0,0.7
2022-06-18,21,19.0,96.0,5.0,160.0,1.2
2022-06-18,22,18.8,96.0,3.5,140.0,1.3
2022-06-18,23,18.5,96.0,4.5,140.0,0.6
2022-06-19,0,18.5,96.0,4.5,140.0,0.3
2022-06-19,1,18.6,96.0,4.6,140.0,0.4
2022-06-19,2,19.1,97.0,4.2,140.0,0.5
2022-06-19,3,18.3,96.0,2.9,160.0,0.5
2022-06-19,4,18.3,97.0,4.3,140.0,0.4
2022-06-19,5,18.5,97.0,2.3,160.0,0.8
2022-06-19,6,18.6,97.0,1.0,180.0,0.7
2022-06-19,7,19.1,97.0,2.4,160.0,0.7
2022-06-19,8,19.0,97.0,2.3,160.0,0.6
2022-06-19,9,19.7,97.0,3.3,160.0,0.7
2022-06-19,10,19.7,97.0,3.9,160.0,1.3
2022-06-19,11,20.0,96.0,4.9,160.0,9.4
2022-06-19,12,20.9,94.0,4.3,160.0,14.5
2022-06-19,13,21.7,87.0,3.3,140.0,19.5
2022-06-19,14,20.8,91.0,3.9,160.0,6.7
2022-06-19,15,21.5,88.0,3.4,160.0,19.1
2022-06-19,16,21.4,88.0,3.1,140.0,27.1
2022-06-19,17,20.5,90.0,1.5,140.0,28.7
2022-06-19,18,19.7,93.0,1.5,110.0,22.0
2022-06-19,19,19.2,95.0,1.4,110.0,1.1
2022-06-19,20,19.2,96.0,0.9,110.0,0.3
2022-06-19,21,19.3,97.0,1.8,180.0,0.5
2022-06-19,22,19.4,97.0,0.7,160.0,0.3
2022-06-19,23,18.1,97.0,3.2,180.0,0.4
2022-06-20,0,18.6,97.0,1.1,180.0,0.4
2022-06-20,1,18.8,97.0,1.5,140.0,0.4
2022-06-20,2,18.8,97.0,2.0,110.0,0.4
2022-06-20,3,19.0,97.0,2.4,140.0,0.3
2022-06-20,4,19.0,97.0,2.9,140.0,0.4
2022-06-20,5,18.7,97.0,2.0,180.0,0.3
2022-06-20,6,18.7,97.0,2.4,180.0,0.4
2022-06-20,7,18.6,97.0,3.3,180.0,0.5
2022-06-20,8,18.6,97.0,2.8,180.0,0.5
2022-06-20,9,18.8,97.0,2.2,180.0,0.7
2022-06-20,10,19.1,97.0,2.5,160.0,0.9
2022-06-20,11,19.2,97.0,1.7,180.0,0.8
2022-06-20,12,20.7,97.0,2.2,160.0,8.1
2022-06-20,13,21.9,88.0,2.4,180.0,32.9
2022-06-20,14,22.9,82.0,2.8,160.0,35.4
2022-06-20,15,21.4,89.0,3.3,160.0,21.3
2022-06-20,16,21.5,89.0,2.9,160.0,21.3
2022-06-20,17,20.6,92.0,2.2,180.0,8.5
2022-06-20,18,21.0,90.0,2.0,160.0,26.8
2022-06-20,19,20.7,92.0,1.3,180.0,11.7
2022-06-20,20,20.1,94.0,1.7,180.0,6.4
2022-06-20,21,19.2,95.0,3.2,180.0,3.8
2022-06-20,22,19.1,96.0,2.7,180.0,8.2
2022-06-20,23,19.6,96.0,2.0,180.0,10.8
2022-06-21,0,19.5,94.1,1.6,180.0,11.2
2022-06-21,1,20.3,95.0,1.6,250.0,16.8
2022-06-21,2,19.5,96.0,1.5,140.0,1.9
2022-06-21,3,19.6,96.0,0.4,0.0,3.8
2022-06-21,4,19.2,97.0,0.4,0.0,0.4
2022-06-21,5,19.0,97.0,0.4,0.0,0.3
2022-06-21,6,18.9,97.0,0.9,90.0,0.8
2022-06-21,7,18.9,97.0,0.8,160.0,0.7
2022-06-21,8,19.1,96.0,1.0,110.0,0.8
2022-06-21,9,19.6,97.0,0.5,140.0,0.7
2022-06-21,10,20.2,96.0,1.1,140.0,2.9
2022-06-21,11,20.9,94.0,1.4,180.0,6.7
2022-06-21,12,22.1,84.0,2.8,180.0,38.0
2022-06-21,13,21.5,85.0,2.6,160.0,37.6
2022-06-21,14,21.7,85.0,2.0,180.0,32.1
2022-06-21,15,22.3,85.0,2.8,180.0,20.3
2022-06-21,16,21.7,86.0,2.0,200.0,14.2
2022-06-21,17,22.0,85.0,2.2,180.0,15.3
2022-06-21,18,21.6,86.0,1.7,200.0,16.6
2022-06-21,19,21.0,88.0,1.0,140.0,16.7
2022-06-21,20,19.9,93.0,0.7,180.0,9.5
2022-06-21,21,19.2,95.0,1.8,180.0,5.8
2022-06-21,22,18.9,96.0,1.6,140.0,4.8
2022-06-21,23,19.0,95.0,1.9,180.0,4.3
2022-06-22,0,19.2,96.0,0.4,0.0,6.2
2022-06-22,1,18.6,96.0,0.9,160.0,4.1
2022-06-22,2,18.4,96.0,1.2,110.0,0.4
2022-06-22,3,18.4,96.0,2.0,180.0,0.3
2022-06-22,4,18.9,97.0,1.7,140.0,0.3
2022-06-22,5,18.9,97.0,2.4,140.0,0.7
2022-06-22,6,19.0,97.0,1.8,160.0,0.8
2022-06-22,7,19.1,97.0,1.1,110.0,0.7
2022-06-22,8,19.9,97.0,2.7,180.0,5.9
2022-06-22,9,21.3,92.0,3.7,180.0,12.0
2022-06-22,10,21.6,88.0,5.0,180.0,14.9
2022-06-22,11,21.8,85.0,3.1,180.0,16.8
2022-06-22,12,22.0,84.0,4.3,180.0,17.3
2022-06-22,13,23.0,81.0,4.6,160.0,14.8
2022-06-22,14,22.8,80.0,3.3,160.0,12.4
2022-06-22,15,22.4,82.0,4.4,160.0,12.7
2022-06-22,16,22.7,80.0,3.4,160.0,12.9
2022-06-22,17,21.1,87.0,2.2,140.0,9.9
2022-06-22,18,21.7,87.0,4.3,140.0,9.2
2022-06-22,19,20.9,90.0,5.1,140.0,6.7
2022-06-22,20,20.5,93.0,4.1,160.0,4.8
2022-06-22,21,20.1,95.0,4.5,160.0,1.9
2022-06-22,22,19.5,96.0,6.8,160.0,2.6
2022-06-22,23,18.7,95.0,6.3,160.0,1.7
2022-06-23,0,19.6,94.0,6.6,160.0,5.4
2022-06-23,1,19.8,93.0,6.4,160.0,6.2
2022-06-23,2,19.5,94.0,4.6,140.0,6.0
2022-06-23,3,19.5,93.0,4.8,140.0,7.2
2022-06-23,4,18.8,94.0,6.1,140.0,6.2
2022-06-23,5,19.0,95.0,6.1,140.0,1.7
2022-06-23,6,18.8,96.0,4.8,110.0,0.3
2022-06-23,7,19.5,96.0,5.0,140.0,0.4
2022-06-23,8,18.9,96.0,6.7,140.0,0.2
2022-06-23,9,18.5,97.0,6.5,140.0,0.5
2022-06-23,10,18.4,97.0,7.4,140.0,0.2
2022-06-23,11,19.7,97.0,4.4,140.0,5.7
2022-06-23,12,21.7,97.0,5.3,200.0,7.6
2022-06-23,13,22.0,96.0,5.7,200.0,6.6
2022-06-23,14,21.8,96.0,6.2,200.0,3.0
2022-06-23,15,22.0,96.0,4.4,230.0,6.4
2022-06-23,16,22.1,96.0,7.3,180.0,1.1
2022-06-23,17,22.1,96.0,5.8,230.0,1.2
2022-06-23,18,22.1,96.0,6.5,230.0,1.3
2022-06-23,19,22.5,96.0,6.1,230.0,3.3
2022-06-23,20,22.8,93.0,6.5,250.0,6.3
2022-06-23,21,22.4,94.0,6.0,230.0,4.2
2022-06-23,22,21.0,95.0,6.4,290.0,0.2
2022-06-23,23,19.9,96.0,6.5,290.0,0.3
2022-06-24,0,19.0,96.0,5.8,320.0,0.2
2022-06-24,1,19.0,97.0,5.2,320.0,0.1
2022-06-24,2,19.6,97.0,4.3,290.0,5.7
2022-06-24,3,20.2,96.0,4.4,290.0,3.0
2022-06-24,4,20.3,96.0,4.9,290.0,0.7
2022-06-24,5,20.2,96.0,5.4,290.0,0.9
2022-06-24,6,20.3,96.0,3.5,290.0,2.9
2022-06-24,7,21.0,94.0,3.0,290.0,6.5
2022-06-24,8,22.1,87.0,2.8,250.0,10.0
2022-06-24,9,23.2,81.0,3.6,230.0,17.0
2022-06-24,10,22.1,82.0,6.8,230.0,10.5
2022-06-24,11,23.2,73.0,7.4,230.0,16.6
2022-06-24,12,26.3,58.0,4.0,230.0,28.7
2022-06-24,13,25.2,68.0,6.3,230.0,16.6
2022-06-24,14,24.6,70.0,5.7,200.0,16.3
2022-06-24,15,24.7,71.0,5.5,230.0,11.8
2022-06-24,16,24.8,71.0,6.1,270.0,10.6
2022-06-24,17,25.2,65.0,5.3,290.0,13.2
2022-06-24,18,24.6,65.0,6.2,270.0,18.4
2022-06-24,19,24.4,58.0,5.4,270.0,30.0
2022-06-24,20,23.7,53.0,3.6,270.0,42.6
2022-06-24,21,22.7,56.0,3.8,270.0,43.8
2022-06-24,22,22.8,55.0,3.2,270.0,44.0
2022-06-24,23,22.9,50.0,2.6,270.0,49.3
2022-06-25,0,22.5,53.0,2.3,230.0,45.2
2022-06-25,1,21.0,61.0,0.8,180.0,35.8
2022-06-25,2,18.2,79.0,1.9,110.0,28.8
2022-06-25,3,20.4,79.0,4.6,200.0,26.3
2022-06-25,4,20.9,73.0,4.5,200.0,25.1
2022-06-25,5,20.1,88.0,3.7,200.0,4.2
2022-06-25,6,18.8,95.0,5.2,180.0,0.6
2022-06-25,7,18.4,96.0,3.1,110.0,0.2
2022-06-25,8,19.6,96.0,4.4,160.0,0.6
2022-06-25,9,19.8,95.0,4.2,140.0,1.0
2022-06-25,10,20.1,95.0,5.1,140.0,0.6
2022-06-25,11,21.2,92.0,4.3,140.0,2.1
2022-06-25,12,22.4,86.0,4.0,140.0,4.7
2022-06-25,13,21.6,89.0,5.6,140.0,3.7
2022-06-25,14,21.8,92.0,4.7,140.0,1.5
2022-06-25,15,21.7,92.0,5.6,140.0,1.0
2022-06-25,16,21.8,91.0,5.6,140.0,4.3
2022-06-25,17,21.5,93.0,6.3,140.0,4.5
2022-06-25,18,21.0,94.0,5.7,160.0,4.2
2022-06-25,19,20.0,93.0,4.8,140.0,2.7
2022-06-25,20,20.8,96.0,6.5,160.0,0.6
2022-06-25,21,21.6,96.0,6.3,160.0,1.4
2022-06-25,22,21.6,95.0,5.3,160.0,1.9
2022-06-25,23,21.3,94.0,5.9,180.0,2.0
2022-06-26,0,21.3,95.0,6.9,160.0,1.1
2022-06-26,1,21.1,96.0,5.1,180.0,0.3
2022-06-26,2,21.7,96.0,7.9,180.0,0.4
2022-06-26,3,22.1,96.0,7.5,180.0,0.6
2022-06-26,4,22.2,96.0,6.9,200.0,0.7
2022-06-26,5,22.3,96.0,6.6,200.0,1.7
2022-06-26,6,22.0,96.0,8.2,200.0,0.3
2022-06-26,7,22.1,96.0,10.4,200.0,0.4
2022-06-26,8,22.3,96.0,6.5,200.0,1.4
2022-06-26,9,22.0,96.0,4.0,180.0,1.4
2022-06-26,10,21.6,96.0,4.9,180.0,1.4
2022-06-26,11,21.1,96.0,2.8,140.0,0.9
2022-06-26,12,21.1,96.0,3.4,140.0,1.0
2022-06-26,13,22.4,96.0,6.5,160.0,5.0
2022-06-26,14,22.5,92.0,4.6,180.0,4.4
2022-06-26,15,23.2,90.0,3.5,140.0,8.1
2022-06-26,16,23.4,91.0,3.5,180.0,8.4
2022-06-26,17,21.5,94.0,2.7,110.0,1.2
2022-06-26,18,20.7,95.0,5.0,140.0,0.8
2022-06-26,19,21.3,96.0,6.8,140.0,0.6
2022-06-26,20,21.6,96.0,4.6,140.0,0.4
2022-06-26,21,21.5,96.0,4.0,140.0,0.3
2022-06-26,22,20.8,96.0,6.2,140.0,0.4
2022-06-26,23,20.2,96.0,6.5,140.0,0.4
2022-06-27,0,20.7,96.0,4.5,140.0,0.3
2022-06-27,1,22.7,97.0,5.3,200.0,1.3
2022-06-27,2,20.9,96.0,5.3,160.0,5.1
2022-06-27,3,19.7,94.0,6.0,110.0,13.9
2022-06-27,4,20.7,95.0,4.0,140.0,18.2
2022-06-27,5,21.3,96.0,6.4,140.0,2.7
2022-06-27,6,21.7,96.0,5.1,140.0,0.5
2022-06-27,7,20.2,96.0,7.3,140.0,0.5
2022-06-27,8,21.1,96.0,5.7,140.0,0.5
2022-06-27,9,20.5,96.0,5.6,140.0,0.4
2022-06-27,10,20.7,96.0,6.0,140.0,0.5
2022-06-27,11,21.1,96.0,6.0,140.0,2.2
2022-06-27,12,21.0,96.0,9.0,160.0,2.6
2022-06-27,13,21.7,96.0,7.7,160.0,4.1
2022-06-27,14,21.3,97.0,5.7,140.0,2.6
2022-06-27,15,22.2,96.0,10.5,160.0,5.9
2022-06-27,16,21.8,96.0,8.8,160.0,4.4
2022-06-27,17,22.5,95.0,6.8,180.0,4.5
2022-06-27,18,22.6,94.0,6.6,180.0,4.8
2022-06-27,19,22.5,94.0,6.1,180.0,5.0
2022-06-27,20,22.5,94.0,6.4,180.0,5.5
2022-06-27,21,23.0,94.0,8.2,180.0,6.9
2022-06-27,22,22.7,94.0,8.0,180.0,6.7
2022-06-27,23,23.0,93.0,8.4,180.0,8.1
2022-06-28,0,23.2,94.0,11.1,200.0,8.1
2022-06-28,1,22.3,96.0,6.3,200.0,3.8
2022-06-28,2,22.2,96.0,6.9,200.0,3.7
2022-06-28,3,22.1,96.0,6.7,200.0,2.7
2022-06-28,4,22.5,96.0,7.7,200.0,6.0
2022-06-28,5,22.9,94.0,7.6,200.0,6.5
2022-06-28,6,22.5,95.0,6.7,180.0,5.1
2022-06-28,7,22.6,96.0,5.7,200.0,3.1
2022-06-28,8,22.2,95.0,7.7,200.0,3.7
2022-06-28,9,22.5,95.0,6.8,200.0,6.5
2022-06-28,10,22.3,96.0,8.4,200.0,1.8
2022-06-28,11,22.0,96.0,6.1,230.0,5.7
2022-06-28,12,22.3,96.0,5.9,200.0,4.3
2022-06-28,13,22.4,95.0,6.4,180.0,4.2
2022-06-28,14,22.7,94.0,8.5,200.0,6.4
2022-06-28,15,22.4,94.0,8.0,180.0,5.4
2022-06-28,16,22.7,95.0,5.6,200.0,5.9
2022-06-28,17,22.8,93.0,6.1,200.0,7.7
2022-06-28,18,22.5,95.0,5.6,200.0,3.3
2022-06-28,19,22.6,96.0,7.3,200.0,4.8
2022-06-28,20,21.9,96.0,6.0,180.0,3.6
2022-06-28,21,21.9,96.0,5.3,180.0,3.3
2022-06-28,22,22.1,97.0,5.2,180.0,2.4
2022-06-28,23,22.1,97.0,7.3,160.0,6.2
2022-06-29,0,22.3,97.0,8.5,180.0,6.5
2022-06-29,1,22.2,96.0,6.6,200.0,4.6
2022-06-29,2,22.0,97.0,7.5,200.0,2.3
2022-06-29,3,21.8,97.0,7.8,230.0,0.8
2022-06-29,4,22.0,98.0,7.1,230.0,1.0
2022-06-29,5,21.5,97.0,4.8,230.0,0.8
2022-06-29,6,21.3,98.0,4.7,230.0,0.6
2022-06-29,7,21.1,98.0,4.8,230.0,1.2
2022-06-29,8,21.0,98.0,4.3,230.0,1.3
2022-06-29,9,20.8,98.0,4.1,200.0,1.0
2022-06-29,10,20.9,98.0,4.6,180.0,1.6
2022-06-29,11,22.6,92.0,2.5,200.0,17.7
2022-06-29,12,22.8,88.0,3.8,180.0,15.1
2022-06-29,13,23.7,85.0,3.4,180.0,22.9
2022-06-29,14,22.8,87.0,3.3,160.0,16.6
2022-06-29,15,22.3,93.0,3.9,160.0,8.5
2022-06-29,16,21.9,95.0,2.8,160.0,4.5
2022-06-29,17,21.9,94.0,2.8,180.0,8.7
2022-06-29,18,22.8,94.0,4.0,200.0,14.0
2022-06-29,19,21.9,95.0,4.3,180.0,5.1
2022-06-29,20,21.5,97.0,2.5,200.0,0.5
2022-06-29,21,22.0,97.0,2.7,200.0,0.2
2022-06-29,22,22.1,97.0,1.5,180.0,0.2
2022-06-29,23,20.4,98.0,1.4,140.0,0.2
2022-06-30,0,21.0,98.0,4.9,160.0,0.3
2022-06-30,1,20.9,98.0,3.5,180.0,0.3
2022-06-30,2,20.5,98.0,2.7,180.0,0.2
2022-06-30,3,21.2,98.0,2.8,160.0,0.4
2022-06-30,4,21.4,98.0,3.9,160.0,0.3
2022-06-30,5,20.2,98.0,2.8,140.0,0.2
2022-06-30,6,20.5,98.0,2.4,180.0,0.5
2022-06-30,7,21.5,98.0,2.3,180.0,0.6
2022-06-30,8,21.5,98.0,1.5,140.0,0.4
2022-06-30,9,20.9,98.0,3.4,140.0,0.4
2022-06-30,10,21.6,98.0,1.7,160.0,0.7
2022-06-30,11,21.7,98.0,2.0,160.0,1.5
2022-06-30,12,21.3,98.0,3.0,140.0,1.2
2022-06-30,13,21.8,98.0,3.5,160.0,1.6
2022-06-30,14,22.0,97.0,3.3,160.0,2.5
2022-06-30,15,22.0,97.0,4.6,160.0,1.6
2022-06-30,16,21.6,97.0,4.8,160.0,1.6
2022-06-30,17,21.6,97.0,5.1,160.0,0.8
2022-06-30,18,21.6,98.0,4.6,160.0,0.8
2022-06-30,19,21.3,98.0,3.2,180.0,0.5
2022-06-30,20,21.9,98.0,2.7,180.0,0.4
2022-06-30,21,21.7,98.0,3.9,180.0,2.3
2022-06-30,22,21.0,97.0,2.3,140.0,0.7
2022-06-30,23,20.8,98.0,4.5,140.0,0.3
2022-07-01,0,21.7,98.0,4.8,140.0,0.6
2022-07-01,1,21.4,98.0,5.3,160.0,0.8
2022-07-01,2,22.9,98.0,6.9,200.0,5.2
2022-07-01,3,22.6,97.0,4.9,200.0,1.5
2022-07-01,4,21.9,97.0,5.6,180.0,5.0
2022-07-01,5,21.6,98.0,4.2,180.0,2.7
2022-07-01,6,21.9,98.0,4.5,180.0,4.3
2022-07-01,7,22.0,97.0,4.9,180.0,7.2
2022-07-01,8,22.0,97.0,4.4,180.0,10.7
2022-07-01,9,21.7,97.0,6.6,160.0,1.4
2022-07-01,10,22.4,97.0,7.3,160.0,7.3
2022-07-01,11,22.6,97.0,5.2,180.0,5.0
2022-07-01,12,22.9,93.0,7.6,180.0,17.3
2022-07-01,13,23.0,87.0,4.9,180.0,19.7
2022-07-01,14,22.7,95.0,2.8,180.0,4.6
2022-07-01,15,23.3,94.0,6.8,180.0,18.0
2022-07-01,16,23.2,94.0,7.6,160.0,15.2
2022-07-01,17,21.9,96.0,3.4,180.0,2.4
2022-07-01,18,22.6,97.0,3.7,180.0,5.1
2022-07-01,19,22.1,97.0,2.7,180.0,2.8
2022-07-01,20,22.0,97.0,3.8,180.0,1.8
2022-07-01,21,21.8,97.0,3.4,180.0,0.9
2022-07-01,22,21.7,97.0,3.2,180.0,0.3
2022-07-01,23,22.0,98.0,2.6,180.0,0.6
2022-07-02,0,21.6,98.0,2.7,180.0,0.6
2022-07-02,1,21.5,98.0,2.8,140.0,0.3
2022-07-02,2,20.6,98.0,3.4,140.0,0.2
2022-07-02,3,20.9,98.0,4.1,140.0,0.3
2022-07-02,4,20.7,98.0,4.0,140.0,0.9
2022-07-02,5,20.5,98.0,3.5,140.0,0.3
2022-07-02,6,20.3,98.0,3.8,140.0,0.3
2022-07-02,7,20.5,98.0,3.5,140.0,3.0
2022-07-02,8,20.8,98.0,1.5,180.0,4.8
2022-07-02,9,21.6,95.0,1.4,160.0,7.5
2022-07-02,10,22.8,91.0,2.7,110.0,12.2
2022-07-02,11,24.5,86.0,3.2,140.0,8.6
2022-07-02,12,23.9,84.0,3.6,140.0,15.5
2022-07-02,13,23.8,82.0,4.1,160.0,16.4
2022-07-02,14,23.4,85.0,4.4,160.0,15.3
2022-07-02,15,23.9,82.0,4.8,160.0,17.4
2022-07-02,16,23.5,84.0,4.8,160.0,15.6
2022-07-02,17,23.0,87.0,3.6,160.0,13.7
2022-07-02,18,22.6,88.0,3.1,180.0,11.0
2022-07-02,19,22.5,91.0,1.7,180.0,10.2
2022-07-02,20,21.4,95.0,1.3,160.0,4.7
2022-07-02,21,20.5,97.0,1.6,160.0,0.5
2022-07-02,22,20.3,97.0,0.7,160.0,0.1
2022-07-02,23,20.0,98.0,0.7,110.0,0.2
2022-07-03,0,19.3,98.0,0.7,180.0,0.1
2022-07-03,1,19.7,98.0,1.3,160.0,0.1
2022-07-03,2,20.0,98.0,1.9,180.0,0.2
2022-07-03,3,19.9,98.0,0.3,0.0,0.2
2022-07-03,4,20.0,98.0,0.4,0.0,1.4
2022-07-03,5,20.2,98.0,0.3,0.0,1.2
2022-07-03,6,20.5,98.0,0.2,0.0,2.2
2022-07-03,7,21.1,98.0,1.8,340.0,7.3
2022-07-03,8,21.5,95.0,1.7,290.0,21.0
2022-07-03,9,23.7,78.0,2.3,360.0,27.8
2022-07-03,10,24.7,74.0,1.8,70.0,13.0
2022-07-03,11,25.2,73.0,1.3,360.0,25.5
2022-07-03,12,25.7,70.0,1.5,360.0,26.1
2022-07-03,13,25.4,71.0,3.3,360.0,29.3
2022-07-03,14,24.5,71.0,3.9,320.0,27.8
2022-07-03,15,25.1,72.0,3.7,290.0,24.8
2022-07-03,16,24.2,74.0,3.5,290.0,25.4
2022-07-03,17,23.7,74.0,3.3,320.0,23.2
2022-07-03,18,23.0,80.0,2.2,290.0,21.5
2022-07-03,19,22.6,82.0,1.9,290.0,21.1
2022-07-03,20,21.9,83.0,1.6,290.0,17.6
2022-07-03,21,21.2,87.0,1.5,290.0,13.7
2022-07-03,22,21.3,87.0,0.9,320.0,16.6
2022-07-03,23,21.4,86.0,1.3,290.0,16.5
2022-07-04,0,22.1,80.0,1.1,340.0,21.6
2022-07-04,1,22.4,79.0,0.4,0.0,23.6
2022-07-04,2,23.2,74.0,0.7,90.0,17.3
2022-07-04,3,22.2,85.0,1.6,90.0,11.5
2022-07-04,4,21.9,86.0,1.3,90.0,12.7
2022-07-04,5,21.7,87.0,1.4,110.0,12.8
2022-07-04,6,22.0,88.0,1.3,110.0,7.7
2022-07-04,7,23.1,81.0,1.8,90.0,10.0
2022-07-04,8,24.1,80.0,1.2,90.0,7.9
2022-07-04,9,23.9,79.0,2.6,110.0,17.8
2022-07-04,10,25.3,75.0,1.4,110.0,17.2
2022-07-04,11,27.0,68.0,0.6,110.0,16.4
2022-07-04,12,26.5,69.0,2.8,200.0,17.6
2022-07-04,13,26.6,71.0,2.8,200.0,15.6
2022-07-04,14,26.8,66.0,1.5,200.0,17.1
2022-07-04,15,26.5,72.0,1.5,320.0,14.5
2022-07-04,16,26.5,70.8,2.2,340.0,15.1
2022-07-04,17,25.1,77.0,1.5,290.0,14.0
2022-07-04,18,23.1,81.0,2.5,290.0,12.8
2022-07-04,19,23.1,83.0,1.9,290.0,12.2
2022-07-04,20,23.3,81.0,1.5,290.0,14.5
2022-07-04,21,23.3,81.0,0.0,0.0,13.0
2022-07-04,22,23.1,83.0,0.8,270.0,15.2
2022-07-04,23,22.7,84.0,1.6,290.0,14.9
2022-07-05,0,22.6,84.0,1.5,290.0,14.4
2022-07-05,1,23.5,78.0,0.9,290.0,19.9
2022-07-05,2,23.0,81.0,2.0,290.0,17.6
2022-07-05,3,22.9,77.0,1.9,290.0,21.2
2022-07-05,4,22.8,78.0,1.5,290.0,20.5
2022-07-05,5,22.7,79.0,1.8,290.0,20.5
2022-07-05,6,23.5,74.0,1.6,290.0,27.1
2022-07-05,7,25.6,71.0,0.0,0.0,23.6
2022-07-05,8,26.7,66.0,1.4,90.0,28.7
2022-07-05,9,27.4,61.0,2.0,340.0,30.9
2022-07-05,10,27.8,62.0,1.8,320.0,29.2
2022-07-05,11,28.6,59.0,2.2,290.0,34.6
2022-07-05,12,29.6,57.0,1.2,140.0,30.9
2022-07-05,13,29.2,58.0,2.4,340.0,33.9
2022-07-05,14,29.3,55.0,3.0,340.0,38.5
2022-07-05,15,29.8,56.0,2.3,320.0,40.7
2022-07-05,16,29.7,54.0,2.2,340.0,37.7
2022-07-05,17,29.4,54.0,2.1,290.0,37.3
2022-07-05,18,28.5,57.0,0.9,200.0,33.6
2022-07-05,19,24.7,72.0,1.2,290.0,24.1
2022-07-05,20,23.4,77.0,0.3,0.0,17.3
2022-07-05,21,24.3,81.0,0.0,0.0,16.1
2022-07-05,22,24.0,81.0,1.6,180.0,16.0
2022-07-05,23,23.6,80.0,1.4,160.0,21.0
2022-07-06,0,20.8,89.0,1.9,110.0,11.0
2022-07-06,1,21.4,87.0,2.0,90.0,12.0
2022-07-06,2,21.7,90.0,1.1,140.0,10.0
2022-07-06,3,21.4,92.0,1.4,160.0,5.7
2022-07-06,4,22.4,95.0,1.7,140.0,4.0
2022-07-06,5,22.8,89.0,3.3,140.0,13.4
2022-07-06,6,22.7,92.0,4.1,140.0,8.9
2022-07-06,7,23.1,93.0,4.7,140.0,9.2
2022-07-06,8,23.3,87.0,4.2,140.0,17.2
2022-07-06,9,25.0,78.0,5.4,140.0,25.4
2022-07-06,10,25.3,76.0,6.0,140.0,21.9
2022-07-06,11,25.1,77.0,5.1,140.0,18.9
2022-07-06,12,24.5,80.0,6.9,140.0,13.5
2022-07-06,13,25.0,80.0,7.9,140.0,10.1
2022-07-06,14,24.7,81.0,8.0,140.0,8.6
2022-07-06,15,25.5,80.0,5.9,140.0,9.7
2022-07-06,16,24.9,81.0,4.9,140.0,12.0
2022-07-06,17,25.4,81.0,5.4,140.0,15.3
2022-07-06,18,25.1,81.0,6.3,140.0,19.6
2022-07-06,19,25.5,82.0,5.0,140.0,21.4
2022-07-06,20,25.3,84.0,5.0,160.0,22.9
2022-07-06,21,24.3,87.0,5.0,140.0,20.8
2022-07-06,22,23.9,89.0,6.7,140.0,18.5
2022-07-06,23,24.3,89.0,8.3,160.0,17.5
2022-07-07,0,24.6,88.0,8.7,160.0,17.0
2022-07-07,1,23.9,89.0,5.7,160.0,15.3
2022-07-07,2,24.5,88.0,8.8,160.0,17.2
2022-07-07,3,22.7,91.0,5.4,160.0,11.8
2022-07-07,4,22.8,91.0,5.5,180.0,11.6
2022-07-07,5,23.5,93.0,7.2,160.0,11.5
2022-07-07,6,23.4,95.0,8.2,160.0,2.1
2022-07-07,7,23.3,95.0,8.8,160.0,4.9
2022-07-07,8,24.1,95.0,11.0,160.0,4.8
2022-07-07,9,23.8,94.0,10.4,160.0,5.8
2022-07-07,10,24.2,95.0,8.9,180.0,3.7
2022-07-07,11,23.9,96.0,6.8,180.0,2.9
2022-07-07,12,24.1,96.0,6.5,180.0,4.4
2022-07-07,13,24.3,94.0,5.6,180.0,4.6
2022-07-07,14,25.0,91.0,6.8,180.0,7.0
2022-07-07,15,24.4,91.0,6.0,180.0,5.0
2022-07-07,16,24.5,90.0,6.7,180.0,5.1
2022-07-07,17,24.7,90.0,6.5,180.0,6.2
2022-07-07,18,24.3,90.0,6.4,180.0,6.9
2022-07-07,19,23.8,92.0,5.9,200.0,5.8
2022-07-07,20,23.4,93.0,5.1,200.0,4.7
2022-07-07,21,22.3,95.0,3.6,230.0,3.1
2022-07-07,22,22.2,95.0,3.4,200.0,4.4
2022-07-07,23,22.0,92.0,4.9,200.0,8.4
2022-07-08,0,22.2,90.0,6.2,230.0,16.7
2022-07-08,1,21.8,92.0,5.5,230.0,7.2
2022-07-08,2,22.0,89.0,5.0,230.0,16.6
2022-07-08,3,21.6,95.0,5.3,230.0,2.8
2022-07-08,4,21.6,95.0,4.7,230.0,2.7
2022-07-08,5,21.5,94.0,5.4,230.0,3.3
2022-07-08,6,21.4,95.0,4.1,230.0,3.9
2022-07-08,7,21.5,94.0,4.4,230.0,6.9
2022-07-08,8,21.8,94.0,3.6,250.0,9.9
2022-07-08,9,21.9,95.0,3.6,250.0,5.7
2022-07-08,10,22.5,95.0,3.7,290.0,5.7
2022-07-08,11,22.6,96.0,4.2,290.0,2.0
2022-07-08,12,24.1,92.0,4.1,290.0,7.4
2022-07-08,13,25.2,84.0,3.9,320.0,15.8
2022-07-08,14,25.6,82.0,3.2,320.0,19.4
2022-07-08,15,25.7,80.0,3.7,290.0,16.3
2022-07-08,16,25.2,81.0,4.6,290.0,12.5
2022-07-08,17,24.7,85.0,3.6,290.0,7.9
2022-07-08,18,23.5,87.0,4.4,290.0,7.2
2022-07-08,19,23.4,87.0,2.4,290.0,8.2
2022-07-08,20,22.1,93.0,2.0,290.0,3.8
2022-07-08,21,21.8,95.0,1.6,290.0,0.4
2022-07-08,22,21.7,96.0,0.6,270.0,0.5
2022-07-08,23,20.9,96.0,1.5,270.0,1.6
2022-07-09,0,21.0,96.0,0.9,290.0,2.6
2022-07-09,1,21.2,95.0,0.2,0.0,4.3
2022-07-09,2,21.1,93.0,1.3,270.0,4.4
2022-07-09,3,20.9,94.0,1.1,180.0,2.1
2022-07-09,4,20.0,95.0,1.3,110.0,3.4
2022-07-09,5,19.7,96.0,1.3,140.0,0.2
2022-07-09,6,20.2,96.0,1.7,110.0,0.2
2022-07-09,7,20.5,96.0,2.1,90.0,0.3
2022-07-09,8,21.9,96.0,1.4,140.0,6.7
2022-07-09,9,23.5,84.0,2.0,160.0,14.1
2022-07-09,10,24.2,84.0,2.7,180.0,25.5
2022-07-09,11,26.6,75.0,2.4,160.0,19.0
2022-07-09,12,26.1,77.0,3.2,180.0,16.9
2022-07-09,13,27.0,67.0,3.0,180.0,17.3
2022-07-09,14,27.0,75.0,3.3,180.0,15.3
2022-07-09,15,26.7,73.0,3.2,200.0,10.7
2022-07-09,16,27.9,66.0,2.0,200.0,17.4
2022-07-09,17,27.4,76.0,1.9,180.0,10.5
2022-07-09,18,25.6,83.0,1.2,180.0,7.0
2022-07-09,19,25.1,85.0,1.9,180.0,4.6
2022-07-09,20,23.6,86.0,1.0,290.0,5.7
2022-07-09,21,23.7,92.0,0.7,180.0,2.3
2022-07-09,22,22.9,94.0,1.0,110.0,2.4
2022-07-09,23,22.6,94.0,0.5,160.0,1.9
2022-07-10,0,21.2,95.0,1.2,160.0,0.6
2022-07-10,1,21.4,96.0,2.1,140.0,0.2
2022-07-10,2,21.9,96.0,1.9,160.0,0.2
2022-07-10,3,21.5,96.0,1.9,110.0,0.1
2022-07-10,4,21.7,96.0,1.6,140.0,0.2
2022-07-10,5,21.6,96.0,2.7,110.0,0.2
2022-07-10,6,22.0,96.0,2.2,140.0,0.1
2022-07-10,7,22.0,96.0,1.5,90.0,0.1
2022-07-10,8,22.9,96.0,1.5,140.0,0.2
2022-07-10,9,22.8,96.0,2.1,180.0,0.6
2022-07-10,10,24.4,95.0,2.8,180.0,6.4
2022-07-10,11,25.5,84.0,2.8,110.0,7.5
2022-07-10,12,24.9,86.0,3.3,180.0,5.8
2022-07-10,13,25.5,87.0,3.0,180.0,6.7
2022-07-10,14,26.5,80.0,4.2,160.0,6.1
2022-07-10,15,25.6,85.0,3.5,160.0,4.6
2022-07-10,16,24.5,88.0,5.4,160.0,4.5
2022-07-10,17,24.3,92.0,4.6,160.0,4.1
2022-07-10,18,23.3,94.0,1.9,180.0,0.8
2022-07-10,19,22.3,95.0,1.5,90.0,2.3
2022-07-10,20,23.2,96.0,0.4,0.0,1.0
2022-07-10,21,23.3,96.0,0.8,340.0,1.7
2022-07-10,22,22.7,94.0,0.4,0.0,3.8
2022-07-10,23,23.2,93.0,0.3,0.0,6.1
2022-07-11,0,23.6,93.0,0.0,0.0,3.6
2022-07-11,1,23.3,94.0,0.7,290.0,3.2
2022-07-11,2,23.1,93.0,0.3,0.0,4.8
2022-07-11,3,22.6,94.0,0.6,140.0,2.9
2022-07-11,4,21.8,95.0,1.3,70.0,1.8
2022-07-11,5,22.1,92.0,2.1,70.0,4.0
2022-07-11,6,22.3,91.0,1.1,110.0,5.5
2022-07-11,7,23.2,84.0,1.1,180.0,10.5
2022-07-11,8,24.5,77.0,0.9,340.0,18.0
2022-07-11,9,25.2,74.0,1.7,90.0,15.8
2022-07-11,10,26.4,66.0,2.0,340.0,25.9
2022-07-11,11,26.3,71.0,2.7,320.0,18.9
2022-07-11,12,25.9,76.0,3.3,320.0,13.4
2022-07-11,13,26.7,72.0,3.5,340.0,15.3
2022-07-11,14,27.4,63.0,3.0,340.0,19.6
2022-07-11,15,25.7,73.0,3.3,290.0,12.1
2022-07-11,16,26.0,75.0,2.6,290.0,12.3
2022-07-11,17,25.3,74.0,3.1,290.0,13.3
2022-07-11,18,24.5,73.0,3.1,290.0,16.3
2022-07-11,19,24.2,72.0,2.9,320.0,22.0
2022-07-11,20,22.9,78.0,2.1,320.0,24.0
2022-07-11,21,22.3,83.0,1.8,290.0,20.4
2022-07-11,22,22.8,78.0,1.9,290.0,23.8
2022-07-11,23,22.2,81.0,1.0,290.0,22.8
2022-07-12,0,22.9,79.8,0.9,110.0,20.5
2022-07-12,1,21.9,86.0,1.7,180.0,12.2
2022-07-12,2,22.3,82.0,2.4,110.0,16.2
2022-07-12,3,22.5,89.0,2.7,110.0,6.3
2022-07-12,4,22.7,82.0,2.6,140.0,18.1
2022-07-12,5,23.2,74.0,4.3,110.0,47.2
2022-07-12,6,22.5,79.0,1.8,110.0,48.0
2022-07-12,7,22.6,79.0,2.7,110.0,48.4
2022-07-12,8,22.6,80.0,2.4,90.0,48.1
2022-07-12,9,23.2,78.0,2.7,110.0,44.6
2022-07-12,10,23.4,77.0,2.7,110.0,41.0
2022-07-12,11,23.1,80.0,3.4,90.0,41.1
2022-07-12,12,23.8,77.0,4.7,140.0,40.7
2022-07-12,13,23.3,79.0,7.1,140.0,38.7
2022-07-12,14,23.8,79.0,3.2,110.0,35.3
2022-07-12,15,23.4,81.0,4.7,160.0,29.0
2022-07-12,16,23.1,85.0,5.1,140.0,33.6
2022-07-12,17,23.7,84.0,3.5,140.0,15.7
2022-07-12,18,24.0,84.0,2.1,110.0,11.7
2022-07-12,19,23.2,90.0,5.5,110.0,7.6
2022-07-12,20,24.0,89.0,4.0,110.0,9.5
2022-07-12,21,23.6,90.0,6.2,110.0,7.4
2022-07-12,22,24.1,91.0,5.5,140.0,7.9
2022-07-12,23,23.5,93.0,6.5,140.0,4.7
2022-07-13,0,23.1,94.0,5.7,160.0,1.8
2022-07-13,1,22.7,94.0,5.4,140.0,1.4
2022-07-13,2,22.9,96.0,6.2,140.0,0.9
2022-07-13,3,22.4,96.0,7.2,140.0,0.4
2022-07-13,4,23.3,96.0,5.2,140.0,2.2
2022-07-13,5,23.2,96.0,8.7,140.0,3.0
2022-07-13,6,23.1,96.0,6.0,140.0,1.8
2022-07-13,7,23.3,95.0,9.9,160.0,1.5
2022-07-13,8,23.8,95.0,6.1,160.0,1.7
2022-07-13,9,24.3,93.0,8.0,180.0,8.0
2022-07-13,10,23.8,95.0,6.8,180.0,0.5
2022-07-13,11,24.0,96.0,7.5,180.0,0.6
2022-07-13,12,24.3,95.0,8.0,200.0,5.3
2022-07-13,13,24.2,95.0,4.9,250.0,2.3
2022-07-13,14,23.9,96.0,4.0,290.0,4.7
2022-07-13,15,25.2,88.0,3.8,290.0,6.7
2022-07-13,16,24.4,89.0,4.0,250.0,7.4
2022-07-13,17,23.9,90.0,4.6,230.0,6.7
2022-07-13,18,23.2,94.0,4.5,250.0,3.8
2022-07-13,19,23.1,92.0,4.5,250.0,7.6
2022-07-13,20,22.6,93.0,2.8,250.0,6.5
2022-07-13,21,22.5,96.0,2.8,250.0,2.7
2022-07-13,22,22.6,96.0,4.9,290.0,3.1
2022-07-13,23,21.9,97.0,5.2,320.0,0.2
2022-07-14,0,21.9,97.0,4.1,320.0,4.6
2022-07-14,1,21.8,97.0,3.7,340.0,1.2
2022-07-14,2,21.9,98.0,3.8,320.0,0.3
2022-07-14,3,21.7,98.0,3.2,320.0,0.2
2022-07-14,4,20.9,98.0,3.8,320.0,0.3
2022-07-14,5,19.9,98.0,4.1,320.0,0.2
2022-07-14,6,19.6,98.0,3.9,320.0,0.2
2022-07-14,7,20.3,98.0,3.4,340.0,0.7
2022-07-14,8,20.3,98.0,3.6,320.0,0.6
2022-07-14,9,20.5,98.0,3.4,320.0,12.0
2022-07-14,10,22.4,86.0,4.0,340.0,42.2
2022-07-14,11,23.1,83.0,3.7,340.0,39.6
2022-07-14,12,24.2,78.0,3.5,290.0,37.6
2022-07-14,13,24.3,75.0,3.6,290.0,39.0
2022-07-14,14,23.1,81.0,6.3,290.0,40.8
2022-07-14,15,23.8,80.0,6.1,290.0,37.0
2022-07-14,16,23.6,81.0,4.8,290.0,34.4
2022-07-14,17,23.6,81.0,4.6,320.0,34.1
2022-07-14,18,22.8,85.0,4.1,320.0,30.9
2022-07-14,19,22.4,87.0,4.3,320.0,21.7
2022-07-14,20,22.1,90.0,3.7,320.0,17.5
2022-07-14,21,21.6,93.0,3.9,320.0,12.6
2022-07-14,22,21.2,95.0,2.6,320.0,7.6
2022-07-14,23,21.1,95.0,1.5,290.0,6.7
2022-07-15,0,21.1,96.0,1.9,290.0,1.7
2022-07-15,1,21.5,96.0,2.7,290.0,0.2
2022-07-15,2,21.6,96.0,3.2,290.0,0.2
2022-07-15,3,21.5,96.0,2.2,290.0,0.5
2022-07-15,4,21.2,96.0,1.8,270.0,3.1
2022-07-15,5,21.5,96.0,1.2,270.0,0.2
2022-07-15,6,21.2,96.0,2.0,290.0,3.0
2022-07-15,7,21.3,96.0,2.2,230.0,8.3
2022-07-15,8,21.2,93.0,1.4,320.0,8.1
2022-07-15,9,21.6,92.0,2.2,290.0,6.3
2022-07-15,10,23.7,87.0,0.8,70.0,10.5
2022-07-15,11,23.5,85.0,2.8,180.0,10.0
2022-07-15,12,23.7,87.0,2.8,360.0,7.4
2022-07-15,13,25.5,82.0,1.5,320.0,12.5
2022-07-15,14,26.1,77.0,1.0,110.0,13.8
2022-07-15,15,26.3,77.0,2.7,140.0,16.8
2022-07-15,16,26.9,72.0,1.6,290.0,15.6
2022-07-15,17,25.6,75.0,3.9,230.0,15.5
2022-07-15,18,25.8,73.0,4.9,230.0,14.4
2022-07-15,19,24.7,78.0,3.7,230.0,15.0
2022-07-15,20,23.5,86.0,2.9,250.0,15.0
2022-07-15,21,23.0,91.0,2.6,250.0,15.0
2022-07-15,22,23.1,90.0,2.9,250.0,9.5
2022-07-15,23,23.7,85.0,3.6,270.0,12.0
2022-07-16,0,23.5,87.0,4.1,290.0,12.0
2022-07-16,1,23.2,89.0,3.8,290.0,12.0
2022-07-16,2,22.7,93.0,3.5,290.0,9.5
2022-07-16,3,22.3,94.0,2.4,290.0,8.0
2022-07-16,4,22.3,93.0,4.1,320.0,8.0
2022-07-16,5,22.2,94.0,4.3,320.0,15.0
2022-07-16,6,21.3,99.0,3.2,320.0,17.0
2022-07-16,7,22.4,95.0,2.6,320.0,20.0
2022-07-16,8,24.0,90.0,2.5,320.0,20.0
2022-07-16,9,24.2,86.0,3.4,290.0,20.0
2022-07-16,10,25.4,77.0,3.7,360.0,20.0
2022-07-16,11,25.4,78.0,3.3,360.0,20.0
2022-07-16,12,25.3,82.0,3.4,290.0,20.0
2022-07-16,13,25.2,85.0,4.0,290.0,20.0
2022-07-16,14,25.0,84.0,4.0,320.0,20.0
2022-07-16,15,25.1,88.0,4.6,320.0,20.0
2022-07-16,16,23.8,84.0,4.9,290.0,20.0
2022-07-16,17,24.1,87.0,5.2,290.0,17.0
2022-07-16,18,23.8,88.0,4.2,290.0,14.6
2022-07-16,19,23.4,90.0,3.7,320.0,12.6
2022-07-16,20,22.5,94.0,2.7,320.0,8.5
2022-07-16,21,22.1,96.0,2.3,320.0,7.5
2022-07-16,22,21.8,98.0,2.2,320.0,8.0
2022-07-16,23,22.1,97.0,0.9,230.0,7.5
2022-07-17,0,21.7,97.0,1.2,340.0,7.5
2022-07-17,1,21.7,99.0,0.8,290.0,7.5
2022-07-17,2,21.7,99.0,0.5,320.0,7.5
2022-07-17,3,21.4,99.0,0.8,180.0,7.5
2022-07-17,4,21.3,98.0,0.8,270.0,8.0
2022-07-17,5,21.6,96.0,1.6,270.0,8.5
2022-07-17,6,21.8,94.0,1.2,290.0,12.0
2022-07-17,7,22.9,94.0,1.2,230.0,12.0
2022-07-17,8,24.1,90.0,1.0,180.0,15.0
2022-07-17,9,25.6,78.0,1.7,180.0,16.5
2022-07-17,10,26.5,70.0,2.6,180.0,17.7
2022-07-17,11,25.9,78.0,3.1,180.0,16.8
2022-07-17,12,26.3,71.0,3.2,180.0,27.4
2022-07-17,13,25.9,74.0,3.2,180.0,20.1
2022-07-17,14,26.3,79.0,4.5,180.0,20.2
2022-07-17,15,26.7,80.0,3.3,180.0,16.4
2022-07-17,16,25.3,85.0,3.1,180.0,13.1
2022-07-17,17,24.7,88.0,3.0,180.0,8.9
2022-07-17,18,25.5,83.0,3.0,250.0,6.9
2022-07-17,19,24.9,86.0,1.9,250.0,5.7
2022-07-17,20,23.7,93.0,1.7,290.0,3.4
2022-07-17,21,23.5,94.0,1.3,230.0,3.0
2022-07-17,22,22.6,98.0,1.1,180.0,1.3
2022-07-17,23,22.3,99.0,1.1,180.0,0.8
2022-07-18,0,22.4,99.0,1.1,160.0,0.9
2022-07-18,1,21.9,98.0,1.7,90.0,0.9
2022-07-18,2,21.0,99.0,2.0,90.0,0.1
2022-07-18,3,21.0,99.0,1.1,140.0,0.1
2022-07-18,4,21.4,99.0,1.0,140.0,0.2
2022-07-18,5,21.3,99.0,1.5,110.0,0.1
2022-07-18,6,21.3,99.0,1.5,110.0,0.7
2022-07-18,7,21.3,99.0,1.6,110.0,0.1
2022-07-18,8,22.5,99.0,1.6,140.0,0.9
2022-07-18,9,23.7,95.0,1.9,110.0,5.1
2022-07-18,10,25.6,85.0,2.5,90.0,4.9
2022-07-18,11,26.1,80.0,2.7,140.0,8.5
2022-07-18,12,27.3,74.0,2.4,90.0,15.6
2022-07-18,13,28.6,59.0,2.4,360.0,27.2
2022-07-18,14,28.0,61.0,3.4,290.0,27.6
2022-07-18,15,25.4,77.0,3.7,290.0,6.6
2022-07-18,16,26.6,69.0,3.5,320.0,20.2
2022-07-18,17,25.2,74.0,2.9,320.0,25.3
2022-07-18,18,24.6,82.0,2.5,290.0,22.1
2022-07-18,19,23.8,88.0,3.4,320.0,21.5
2022-07-18,20,23.5,89.0,2.3,290.0,22.2
2022-07-18,21,23.1,92.0,4.0,290.0,17.4
2022-07-18,22,23.1,97.0,3.4,290.0,3.9
2022-07-18,23,23.1,99.0,3.3,290.0,1.5
2022-07-19,0,23.1,100.0,2.5,320.0,0.9
2022-07-19,1,22.2,99.0,0.9,290.0,0.1
2022-07-19,2,22.4,97.0,1.8,290.0,0.2
2022-07-19,3,22.3,97.0,1.7,290.0,0.1
2022-07-19,4,22.2,97.0,2.0,290.0,0.1
2022-07-19,5,21.9,97.0,2.7,320.0,0.1
2022-07-19,6,22.2,97.0,2.0,320.0,0.7
2022-07-19,7,22.3,97.0,1.4,270.0,2.1
2022-07-19,8,23.0,100.0,3.2,290.0,3.4
2022-07-19,9,22.8,98.0,3.3,320.0,5.9
2022-07-19,10,25.5,90.0,3.0,290.0,7.0
2022-07-19,11,26.1,83.0,3.7,290.0,9.7
2022-07-19,12,27.0,82.0,3.6,290.0,10.4
2022-07-19,13,27.3,82.0,3.1,290.0,11.1
2022-07-19,14,28.0,78.0,2.8,290.0,14.3
2022-07-19,15,28.4,70.0,3.3,320.0,20.6
2022-07-19,16,26.9,76.0,3.7,290.0,15.1
2022-07-19,17,26.3,81.0,3.7,290.0,13.4
2022-07-19,18,25.5,85.0,3.0,290.0,28.5
2022-07-19,19,25.6,80.0,2.0,250.0,27.8
2022-07-19,20,25.5,70.0,2.9,250.0,32.6
2022-07-19,21,25.4,69.0,2.5,230.0,32.7
2022-07-19,22,25.0,78.0,2.8,270.0,26.4
2022-07-19,23,24.8,85.0,4.1,250.0,20.3
2022-07-20,0,24.5,81.0,3.5,250.0,22.4
2022-07-20,1,24.8,71.0,2.9,270.0,31.8
2022-07-20,2,25.0,76.0,4.2,250.0,31.2
2022-07-20,3,24.3,86.0,3.3,250.0,24.3
2022-07-20,4,24.6,82.0,2.2,270.0,24.1
2022-07-20,5,23.7,84.0,0.7,230.0,23.5
2022-07-20,6,22.8,91.0,0.8,140.0,12.8
2022-07-20,7,23.9,89.0,0.5,200.0,16.2
2022-07-20,8,24.6,87.0,1.1,90.0,16.7
2022-07-20,9,26.5,82.0,2.0,250.0,23.3
2022-07-20,10,28.0,71.0,1.9,290.0,22.3
2022-07-20,11,27.6,69.0,1.8,320.0,22.6
2022-07-20,12,26.2,84.0,0.9,180.0,16.0
2022-07-20,13,25.9,85.0,3.1,230.0,25.1
2022-07-20,14,25.9,80.0,1.9,230.0,27.9
2022-07-20,15,25.7,85.0,0.9,320.0,24.7
2022-07-20,16,24.9,87.0,0.3,0.0,15.8
2022-07-20,17,25.1,92.0,0.6,140.0,12.4
2022-07-20,18,24.5,92.0,1.2,180.0,6.7
2022-07-20,19,23.8,87.0,1.2,160.0,8.2
2022-07-20,20,22.7,81.0,0.5,70.0,22.6
2022-07-20,21,21.2,97.0,0.1,0.0,10.9
2022-07-20,22,22.3,87.0,1.2,20.0,12.7
2022-07-20,23,22.0,97.0,0.7,200.0,4.2
2022-07-21,0,20.3,94.0,1.6,160.0,3.0
2022-07-21,1,19.9,98.0,0.3,0.0,4.0
2022-07-21,2,20.0,98.0,3.1,90.0,6.0
2022-07-21,3,19.8,98.0,2.8,90.0,9.9
2022-07-21,4,20.0,93.0,2.8,70.0,14.9
2022-07-21,5,19.9,94.0,1.8,20.0,16.4
2022-07-21,6,20.1,93.0,1.8,20.0,22.5
2022-07-21,7,20.3,95.0,1.7,320.0,17.6
2022-07-21,8,20.9,94.0,3.6,320.0,11.3
2022-07-21,9,21.8,89.0,3.9,320.0,17.4
2022-07-21,10,22.7,80.0,7.0,340.0,31.2
2022-07-21,11,23.8,82.0,4.8,320.0,31.8
2022-07-21,12,24.1,84.0,6.9,320.0,23.2
2022-07-21,13,24.6,85.0,4.0,320.0,9.9
2022-07-21,14,24.4,80.0,7.2,320.0,13.1
2022-07-21,15,24.6,80.0,7.5,320.0,16.1
2022-07-21,16,24.8,77.0,7.1,320.0,20.8
2022-07-21,17,24.4,82.0,5.3,320.0,15.0
2022-07-21,18,24.1,84.0,4.5,290.0,14.8
2022-07-21,19,23.5,85.0,4.4,290.0,18.0
2022-07-21,20,22.3,90.0,3.9,290.0,18.3
2022-07-21,21,22.1,91.0,4.0,290.0,24.1
2022-07-21,22,22.2,93.0,4.3,290.0,19.6
2022-07-21,23,22.4,93.0,4.1,290.0,14.5
2022-07-22,0,22.5,91.0,4.2,270.0,16.0
2022-07-22,1,22.6,92.0,3.3,270.0,14.3
2022-07-22,2,22.7,93.0,3.8,270.0,11.9
2022-07-22,3,22.5,95.0,4.0,290.0,6.7
2022-07-22,4,22.6,96.0,3.8,290.0,4.1
2022-07-22,5,22.8,95.0,4.1,290.0,3.2
2022-07-22,6,22.6,96.0,3.4,290.0,2.6
2022-07-22,7,23.2,95.0,2.4,290.0,2.6
2022-07-22,8,23.9,91.0,3.1,290.0,4.1
2022-07-22,9,24.7,88.0,4.3,290.0,6.3
2022-07-22,10,25.0,86.0,4.3,290.0,7.0
2022-07-22,11,25.5,87.0,4.0,320.0,7.2
2022-07-22,12,26.2,83.0,3.4,320.0,9.0
2022-07-22,13,26.3,83.0,2.7,340.0,9.4
2022-07-22,14,26.2,79.0,3.3,290.0,12.1
2022-07-22,15,26.3,76.0,4.9,320.0,12.8
2022-07-22,16,25.7,78.0,4.5,320.0,16.8
2022-07-22,17,25.2,81.0,3.9,320.0,23.2
2022-07-22,18,24.9,80.0,2.7,320.0,29.4
2022-07-22,19,24.2,85.0,2.5,290.0,25.3
2022-07-22,20,23.0,91.0,1.2,290.0,21.3
2022-07-22,21,22.1,94.0,1.9,290.0,14.4
2022-07-22,22,22.1,95.0,0.6,290.0,10.2
2022-07-22,23,22.0,95.0,0.9,250.0,9.6
2022-07-23,0,22.2,95.0,0.6,180.0,7.7
2022-07-23,1,21.7,98.0,1.2,180.0,4.4
2022-07-23,2,21.8,97.0,1.5,180.0,4.5
2022-07-23,3,21.5,97.0,1.2,160.0,4.8
2022-07-23,4,21.8,94.0,1.4,140.0,7.6
2022-07-23,5,22.3,97.0,3.0,160.0,3.9
2022-07-23,6,22.1,98.0,2.0,110.0,2.7
2022-07-23,7,22.8,97.0,3.0,140.0,2.4
2022-07-23,8,23.0,97.0,2.4,140.0,2.6
2022-07-23,9,22.8,96.0,4.4,140.0,2.8
2022-07-23,10,23.6,93.0,4.5,140.0,4.1
2022-07-23,11,23.6,92.0,5.7,140.0,4.4
2022-07-23,12,24.1,88.0,4.9,140.0,4.9
2022-07-23,13,23.1,92.0,4.9,140.0,3.8
2022-07-23,14,22.8,94.0,4.1,110.0,2.7
2022-07-23,15,22.1,98.0,4.1,110.0,1.9
2022-07-23,16,22.2,98.0,2.9,140.0,1.7
2022-07-23,17,21.5,91.0,3.7,110.0,6.6
2022-07-23,18,21.2,93.0,5.5,140.0,7.3
2022-07-23,19,21.2,96.0,5.0,110.0,2.4
2022-07-23,20,21.1,98.0,4.9,90.0,4.0
2022-07-23,21,20.9,97.0,4.4,90.0,4.2
2022-07-23,22,20.6,99.0,4.7,90.0,1.3
2022-07-23,23,20.4,99.0,5.2,90.0,1.3
2022-07-24,0,20.2,100.0,5.3,70.0,1.6
2022-07-24,1,20.4,100.0,5.2,70.0,1.7
2022-07-24,2,20.7,100.0,6.9,50.0,2.1
2022-07-24,3,20.4,100.0,1.7,360.0,2.8
2022-07-24,4,20.6,99.0,2.0,360.0,2.6
2022-07-24,5,20.6,99.0,4.2,360.0,3.1
2022-07-24,6,20.6,99.0,3.9,360.0,2.1
2022-07-24,7,21.1,98.0,1.5,360.0,21.6
2022-07-24,8,21.4,97.0,2.7,340.0,19.9
2022-07-24,9,22.8,92.0,4.1,340.0,26.7
2022-07-24,10,22.7,91.0,5.3,340.0,20.9
2022-07-24,11,23.5,87.0,4.6,340.0,19.7
2022-07-24,12,24.3,82.0,5.4,340.0,26.7
2022-07-24,13,24.7,77.0,6.1,340.0,30.1
2022-07-24,14,24.2,82.0,4.7,340.0,27.6
2022-07-24,15,24.3,81.0,4.3,340.0,28.0
2022-07-24,16,24.4,82.0,4.0,340.0,29.3
2022-07-24,17,23.8,81.0,4.8,320.0,28.9
2022-07-24,18,23.5,85.0,5.0,320.0,30.1
2022-07-24,19,23.0,90.0,3.6,320.0,27.5
2022-07-24,20,21.9,94.0,3.2,340.0,19.8
2022-07-24,21,21.8,94.0,2.7,320.0,18.4
2022-07-24,22,21.6,96.0,2.0,320.0,12.4
2022-07-24,23,21.2,97.0,1.2,320.0,7.9
2022-07-25,0,21.2,97.0,3.0,320.0,5.9
2022-07-25,1,21.0,98.0,1.8,320.0,4.2
2022-07-25,2,20.8,98.0,0.5,290.0,3.9
2022-07-25,3,21.2,97.0,0.4,0.0,5.3
2022-07-25,4,21.4,98.0,0.1,0.0,3.8
2022-07-25,5,20.9,99.0,2.3,290.0,2.1
2022-07-25,6,22.2,99.0,0.6,250.0,4.2
2022-07-25,7,22.7,98.0,0.2,0.0,4.0
2022-07-25,8,23.9,93.0,1.1,340.0,9.7
2022-07-25,9,24.9,88.0,1.3,90.0,10.1
2022-07-25,10,25.6,84.0,1.4,90.0,13.6
2022-07-25,11,26.6,82.0,2.1,110.0,17.7
2022-07-25,12,26.5,76.0,2.7,180.0,19.7
2022-07-25,13,26.7,76.0,3.5,180.0,18.8
2022-07-25,14,27.1,73.0,3.2,180.0,18.4
2022-07-25,15,27.2,77.0,3.5,180.0,18.6
2022-07-25,16,27.3,77.0,3.1,180.0,15.7
2022-07-25,17,27.0,77.0,1.8,340.0,17.7
2022-07-25,18,25.9,82.0,0.7,70.0,14.8
2022-07-25,19,25.8,86.0,1.2,200.0,12.5
2022-07-25,20,24.6,93.0,1.3,250.0,6.4
2022-07-25,21,23.8,96.0,0.6,290.0,4.1
2022-07-25,22,23.5,96.0,0.8,140.0,2.7
2022-07-25,23,23.8,96.0,1.0,250.0,4.0
2022-07-26,0,23.8,97.0,1.0,230.0,2.1
2022-07-26,1,22.8,98.0,0.1,0.0,1.4
2022-07-26,2,21.8,99.0,0.9,340.0,0.1
2022-07-26,3,21.9,100.0,2.0,320.0,0.2
2022-07-26,4,22.4,99.0,2.7,340.0,0.4
2022-07-26,5,22.0,99.0,1.6,230.0,4.0
2022-07-26,6,22.0,98.0,2.4,90.0,1.7
2022-07-26,7,23.1,99.0,1.0,90.0,1.7
2022-07-26,8,24.4,93.0,2.3,90.0,5.3
2022-07-26,9,25.0,86.0,2.5,90.0,10.0
2022-07-26,10,26.8,76.0,3.1,110.0,14.9
2022-07-26,11,27.3,75.0,2.7,140.0,15.5
2022-07-26,12,28.1,69.0,3.1,160.0,16.8
2022-07-26,13,27.8,77.0,3.3,180.0,16.0
2022-07-26,14,27.6,78.0,3.8,180.0,15.7
2022-07-26,15,28.4,65.0,2.1,180.0,17.6
2022-07-26,16,26.1,82.0,2.3,340.0,12.9
2022-07-26,17,26.9,81.0,0.7,230.0,12.3
2022-07-26,18,24.8,91.0,2.0,320.0,8.5
2022-07-26,19,24.5,93.0,0.3,0.0,7.1
2022-07-26,20,24.2,93.0,0.0,0.0,7.8
2022-07-26,21,23.8,94.0,0.4,0.0,6.0
2022-07-26,22,23.7,97.0,1.3,180.0,3.1
2022-07-26,23,23.4,96.0,1.6,180.0,3.0
2022-07-27,0,23.2,96.0,0.0,0.0,4.5
2022-07-27,1,22.7,97.0,1.4,90.0,3.2
2022-07-27,2,23.2,99.0,1.1,70.0,0.5
2022-07-27,3,22.7,99.0,1.6,90.0,1.9
2022-07-27,4,23.4,99.0,2.2,110.0,2.4
2022-07-27,5,22.8,98.0,1.7,70.0,2.1
2022-07-27,6,23.2,98.0,1.7,90.0,3.7
2022-07-27,7,23.5,98.0,2.2,110.0,3.9
2022-07-27,8,24.4,93.0,2.0,140.0,6.9
2022-07-27,9,24.6,92.0,2.1,110.0,8.2
2022-07-27,10,24.3,93.0,2.9,110.0,6.1
2022-07-27,11,25.6,88.0,3.5,140.0,9.4
2022-07-27,12,25.8,88.0,3.4,140.0,9.9
2022-07-27,13,26.8,87.0,2.7,140.0,9.9
2022-07-27,14,28.3,73.0,2.7,160.0,20.4
2022-07-27,15,27.5,74.0,3.8,180.0,14.3
2022-07-27,16,27.4,73.0,3.5,180.0,16.6
2022-07-27,17,27.4,73.0,3.0,180.0,13.7
2022-07-27,18,26.5,76.0,2.1,110.0,17.0
2022-07-27,19,26.1,82.0,1.5,140.0,13.6
2022-07-27,20,24.5,90.0,1.4,110.0,10.2
2022-07-27,21,24.8,91.0,1.2,140.0,9.2
2022-07-27,22,24.9,91.0,2.1,140.0,8.1
2022-07-27,23,24.2,93.0,1.4,110.0,4.4
2022-07-28,0,23.0,95.0,2.1,90.0,4.1
2022-07-28,1,23.3,93.0,2.3,110.0,3.5
2022-07-28,2,24.4,88.0,3.3,110.0,7.0
2022-07-28,3,24.8,86.0,2.8,140.0,8.0
2022-07-28,4,24.5,85.0,3.4,110.0,1.2
2022-07-28,5,24.5,84.0,3.6,110.0,14.2
2022-07-28,6,24.3,87.0,4.6,140.0,13.8
2022-07-28,7,24.3,89.0,3.9,140.0,11.4
2022-07-28,8,25.0,87.0,4.3,110.0,11.8
2022-07-28,9,25.7,84.0,5.3,110.0,12.6
2022-07-28,10,26.0,81.0,4.7,110.0,11.6
2022-07-28,11,25.6,82.0,6.0,140.0,10.6
2022-07-28,12,26.3,77.0,6.7,140.0,14.1
2022-07-28,13,26.2,79.0,7.1,140.0,12.8
2022-07-28,14,25.7,79.0,6.0,140.0,12.7
2022-07-28,15,25.3,79.0,6.0,140.0,11.0
2022-07-28,16,24.5,85.0,5.5,140.0,9.1
2022-07-28,17,25.2,83.0,4.1,140.0,12.4
2022-07-28,18,24.8,85.0,4.5,140.0,11.9
2022-07-28,19,25.0,86.0,4.6,160.0,11.9
2022-07-28,20,25.0,87.0,5.4,160.0,11.1
2022-07-28,21,24.7,91.0,4.5,140.0,8.7
2022-07-28,22,24.8,92.0,4.7,140.0,7.7
2022-07-28,23,24.9,92.0,3.9,160.0,8.1
2022-07-29,0,24.6,94.0,2.8,160.0,5.4
2022-07-29,1,24.4,95.0,2.0,160.0,5.4
2022-07-29,2,23.8,95.0,4.9,140.0,5.2
2022-07-29,3,24.4,93.0,4.9,140.0,6.8
2022-07-29,4,24.1,93.0,4.6,140.0,6.7
2022-07-29,5,23.5,95.0,5.4,140.0,5.1
2022-07-29,6,24.2,91.0,5.1,140.0,8.2
2022-07-29,7,24.7,88.0,5.3,140.0,10.1
2022-07-29,8,25.5,84.0,5.3,140.0,12.1
2022-07-29,9,25.6,84.0,5.6,140.0,9.5
2022-07-29,10,26.2,84.0,4.1,140.0,9.3
2022-07-29,11,26.7,84.0,4.6,160.0,9.3
2022-07-29,12,26.8,87.0,5.0,160.0,9.6
2022-07-29,13,26.7,86.0,4.3,160.0,9.9
2022-07-29,14,26.7,86.0,3.1,160.0,8.4
2022-07-29,15,27.5,84.0,3.1,160.0,9.0
2022-07-29,16,27.2,83.0,2.6,160.0,11.4
2022-07-29,17,26.8,84.0,2.8,180.0,10.3
2022-07-29,18,26.5,86.0,1.9,180.0,9.1
2022-07-29,19,26.1,85.0,1.8,160.0,9.8
2022-07-29,20,25.3,89.0,0.8,180.0,9.4
2022-07-29,21,25.1,90.0,0.6,110.0,9.0
2022-07-29,22,24.0,95.0,2.0,90.0,4.6
2022-07-29,23,24.7,91.0,1.4,70.0,7.8
2022-07-30,0,24.5,93.0,1.3,90.0,6.8
2022-07-30,1,25.0,90.0,0.7,360.0,20.6
2022-07-30,2,24.4,93.0,1.7,320.0,17.1
2022-07-30,3,25.0,89.0,1.7,320.0,24.7
2022-07-30,4,24.3,93.0,1.0,340.0,17.1
2022-07-30,5,25.0,94.0,0.9,200.0,3.8
2022-07-30,6,24.5,96.0,0.9,360.0,6.3
2022-07-30,7,23.8,96.0,3.5,50.0,6.7
2022-07-30,8,24.1,90.0,4.4,20.0,25.9
2022-07-30,9,25.3,83.0,2.9,50.0,50.0
2022-07-30,10,27.4,75.0,3.7,70.0,50.0
2022-07-30,11,28.6,76.0,2.4,90.0,48.0
2022-07-30,12,30.3,70.0,3.3,110.0,34.6
2022-07-30,13,30.5,66.0,3.5,140.0,46.0
2022-07-30,14,31.5,57.0,3.4,140.0,50.0
2022-07-30,15,30.5,66.0,1.6,320.0,48.3
2022-07-30,16,30.5,67.0,2.2,290.0,49.2
2022-07-30,17,29.8,69.0,2.6,320.0,47.1
2022-07-30,18,29.1,72.0,2.6,320.0,45.2
2022-07-30,19,28.6,75.0,1.8,290.0,42.7
2022-07-30,20,27.0,82.0,1.7,290.0,36.3
2022-07-30,21,26.6,87.0,0.8,290.0,11.2
2022-07-30,22,27.1,83.0,0.8,250.0,22.8
2022-07-30,23,27.2,81.0,0.6,90.0,26.5
2022-07-31,0,25.2,94.0,1.8,70.0,14.8
2022-07-31,1,25.3,95.0,1.0,110.0,11.0
2022-07-31,2,25.0,96.0,1.2,90.0,8.9
2022-07-31,3,24.8,97.0,1.5,90.0,8.5
2022-07-31,4,24.7,97.0,2.4,50.0,8.1
2022-07-31,5,24.9,95.0,2.5,50.0,10.6
2022-07-31,6,24.7,95.0,2.3,50.0,21.0
2022-07-31,7,24.4,96.0,1.5,70.0,8.8
2022-07-31,8,24.7,94.0,2.2,70.0,14.3
2022-07-31,9,25.4,92.0,2.5,70.0,25.5
2022-07-31,10,26.1,89.0,2.5,70.0,30.9
2022-07-31,11,26.7,87.0,2.4,70.0,40.0
2022-07-31,12,27.4,83.0,2.7,70.0,46.7
2022-07-31,13,26.5,86.0,2.2,70.0,45.9
2022-07-31,14,25.8,88.0,2.7,110.0,32.2
2022-07-31,15,24.4,96.0,5.2,140.0,5.5
2022-07-31,16,24.8,98.0,2.7,90.0,6.9
2022-07-31,17,24.3,99.0,2.9,90.0,4.6
2022-07-31,18,23.9,99.0,2.8,110.0,7.7
2022-07-31,19,23.7,99.0,3.1,90.0,1.7
2022-07-31,20,23.8,99.0,3.1,90.0,0.9
2022-07-31,21,23.8,99.0,3.8,90.0,0.8
2022-07-31,22,24.3,99.0,4.5,140.0,13.6
2022-07-31,23,24.2,99.0,6.2,140.0,14.6
2023-03-01,0,4.5,94.0,0.3,0.0,8.7
2023-03-01,1,4.6,92.0,0.6,290.0,10.0
2023-03-01,2,4.9,92.0,0.5,270.0,12.5
2023-03-01,3,4.3,95.0,1.6,320.0,9.0
2023-03-01,4,3.8,99.0,0.9,110.0,4.1
2023-03-01,5,2.9,100.0,1.2,50.0,2.6
2023-03-01,6,3.5,100.0,0.8,320.0,4.1
2023-03-01,7,3.4,99.0,4.0,340.0,3.6
2023-03-01,8,2.2,100.0,4.4,340.0,0.3
2023-03-01,9,1.8,100.0,5.9,340.0,0.9
2023-03-01,10,2.2,100.0,5.6,340.0,5.1
2023-03-01,11,4.1,83.0,6.0,340.0,17.1
2023-03-01,12,5.0,63.0,7.2,340.0,20.7
2023-03-01,13,5.9,49.0,6.8,340.0,39.4
2023-03-01,14,6.8,44.0,5.2,340.0,45.8
2023-03-01,15,6.4,42.0,4.0,340.0,47.1
2023-03-01,16,5.7,41.0,3.7,340.0,45.4
2023-03-01,17,5.1,55.0,4.5,320.0,42.9
2023-03-01,18,4.2,59.0,2.9,340.0,44.4
2023-03-01,19,3.3,61.0,3.8,340.0,45.8
2023-03-01,20,3.3,59.0,4.1,320.0,47.8
2023-03-01,21,4.3,51.0,9.5,340.0,40.6
2023-03-01,22,4.0,47.0,11.5,340.0,37.7
2023-03-01,23,3.4,39.0,10.5,340.0,39.3
2023-03-02,0,3.1,38.0,10.8,340.0,40.1
2023-03-02,1,3.0,37.0,10.3,340.0,39.0
2023-03-02,2,2.7,33.0,10.7,340.0,39.3
2023-03-02,3,2.5,32.0,11.6,340.0,38.3
2023-03-02,4,2.2,28.0,11.3,340.0,37.4
2023-03-02,5,2.0,34.0,11.9,340.0,38.2
2023-03-02,6,1.7,32.0,11.3,340.0,41.2
2023-03-02,7,1.3,32.0,8.6,340.0,41.3
2023-03-02,8,1.3,40.0,8.7,340.0,40.5
2023-03-02,9,1.7,32.0,7.5,340.0,39.1
2023-03-02,10,2.2,32.0,7.4,340.0,37.1
2023-03-02,11,2.7,31.0,7.2,340.0,41.8
2023-03-02,12,3.3,30.0,5.8,340.0,40.0
2023-03-02,13,3.1,31.0,5.8,340.0,38.7
2023-03-02,14,3.3,33.0,5.7,320.0,43.6
2023-03-02,15,3.2,39.0,5.8,320.0,43.8
2023-03-02,16,3.5,39.0,4.4,290.0,44.4
2023-03-02,17,3.4,39.0,3.9,290.0,44.9
2023-03-02,18,2.6,43.0,3.6,290.0,44.0
2023-03-02,19,1.5,50.0,2.2,250.0,44.1
2023-03-02,20,1.3,57.0,2.0,250.0,43.1
2023-03-02,21,2.1,62.0,2.5,200.0,41.4
2023-03-02,22,3.0,62.0,2.8,230.0,39.7
2023-03-02,23,3.6,69.0,2.8,230.0,34.8
2023-03-03,0,4.3,66.0,4.5,230.0,38.3
2023-03-03,1,4.5,65.0,4.9,200.0,35.7
2023-03-03,2,4.7,71.0,5.0,230.0,35.1
2023-03-03,3,4.7,74.0,4.5,230.0,30.8
2023-03-03,4,5.1,72.0,5.3,230.0,30.3
2023-03-03,5,5.0,73.0,4.9,200.0,31.0
2023-03-03,6,5.2,68.0,3.4,200.0,32.1
2023-03-03,7,5.3,67.0,2.2,200.0,32.1
2023-03-03,8,5.5,72.0,1.5,200.0,31.0
2023-03-03,9,6.6,75.0,2.2,200.0,26.9
2023-03-03,10,7.7,71.0,3.1,230.0,26.2
2023-03-03,11,8.7,69.0,3.9,250.0,25.5
2023-03-03,12,8.8,68.0,3.9,250.0,23.1
2023-03-03,13,9.9,60.0,3.0,270.0,22.7
2023-03-03,14,9.4,67.0,2.4,70.0,24.6
2023-03-03,15,9.1,68.0,1.6,70.0,25.9
2023-03-03,16,8.6,70.0,2.1,70.0,23.1
2023-03-03,17,8.3,72.0,1.5,90.0,21.3
2023-03-03,18,7.0,83.0,3.0,200.0,18.4
2023-03-03,19,5.8,92.0,1.1,160.0,12.7
2023-03-03,20,5.3,95.0,1.2,110.0,10.6
2023-03-03,21,4.5,98.0,0.7,160.0,7.3
2023-03-03,22,4.9,98.0,3.0,160.0,6.9
2023-03-03,23,4.7,97.0,2.8,140.0,6.6
2023-03-04,0,4.7,99.0,3.0,140.0,5.5
2023-03-04,1,4.6,99.0,3.8,140.0,5.3
2023-03-04,2,4.8,99.0,4.3,140.0,6.9
2023-03-04,3,3.8,100.0,3.6,110.0,0.7
2023-03-04,4,3.8,100.0,3.3,110.0,0.4
2023-03-04,5,4.1,100.0,3.5,140.0,0.4
2023-03-04,6,4.3,100.0,4.5,140.0,0.4
2023-03-04,7,4.5,100.0,4.4,140.0,0.4
2023-03-04,8,4.5,100.0,4.1,140.0,0.5
2023-03-04,9,4.6,100.0,4.8,140.0,0.6
2023-03-04,10,4.6,100.0,4.5,140.0,4.4
2023-03-04,11,4.9,100.0,5.4,140.0,2.9
2023-03-04,12,5.1,100.0,5.2,140.0,8.1
2023-03-04,13,5.1,97.0,6.0,140.0,13.6
2023-03-04,14,5.1,96.0,6.6,160.0,12.4
2023-03-04,15,5.9,94.0,4.3,160.0,21.2
2023-03-04,16,5.5,93.0,4.0,140.0,22.3
2023-03-04,17,4.7,97.0,3.5,160.0,8.2
2023-03-04,18,4.4,100.0,4.7,180.0,1.0
2023-03-04,19,4.9,100.0,2.8,180.0,0.3
2023-03-04,20,4.8,100.0,3.3,180.0,0.8
2023-03-04,21,4.5,100.0,2.5,140.0,0.6
2023-03-04,22,4.0,100.0,1.6,140.0,0.5
2023-03-04,23,3.5,100.0,2.4,140.0,0.3
2023-03-05,0,3.4,100.0,2.1,140.0,0.4
2023-03-05,1,2.8,100.0,2.4,140.0,0.4
2023-03-05,2,2.6,100.0,1.8,140.0,0.4
2023-03-05,3,2.5,100.0,1.8,140.0,0.4
2023-03-05,4,2.0,100.0,1.8,140.0,0.4
2023-03-05,5,1.7,100.0,2.5,160.0,0.4
2023-03-05,6,1.4,100.0,2.4,160.0,0.5
2023-03-05,7,1.4,100.0,2.6,160.0,0.5
2023-03-05,8,1.4,100.0,2.9,140.0,0.6
2023-03-05,9,1.2,100.0,3.1,140.0,0.9
2023-03-05,10,1.9,100.0,2.9,140.0,2.1
2023-03-05,11,2.5,100.0,4.5,160.0,34.8
2023-03-05,12,4.8,93.0,3.3,140.0,49.7
2023-03-05,13,5.8,82.0,3.6,140.0,48.8
2023-03-05,14,5.2,81.0,4.2,160.0,47.8
2023-03-05,15,6.6,75.0,3.9,160.0,46.8
2023-03-05,16,6.3,73.0,3.7,180.0,42.5
2023-03-05,17,6.8,75.0,3.0,180.0,39.3
2023-03-05,18,4.9,88.0,1.6,140.0,30.7
2023-03-05,19,3.7,96.0,3.2,160.0,19.7
2023-03-05,20,2.6,99.0,3.3,160.0,1.5
2023-03-05,21,2.3,100.0,2.7,160.0,4.4
2023-03-05,22,2.2,100.0,2.0,140.0,2.3
2023-03-05,23,3.3,100.0,2.4,140.0,7.2
2023-03-06,0,3.6,100.0,2.7,160.0,8.8
2023-03-06,1,4.0,97.0,3.4,160.0,14.9
2023-03-06,2,4.1,96.0,3.5,160.0,15.2
2023-03-06,3,4.5,94.0,3.7,160.0,16.4
2023-03-06,4,4.6,90.0,3.8,160.0,25.6
2023-03-06,5,4.8,91.0,3.8,160.0,22.6
2023-03-06,6,4.6,94.0,3.7,160.0,15.7
2023-03-06,7,4.9,91.0,4.7,160.0,15.3
2023-03-06,8,5.2,92.0,4.0,140.0,13.2
2023-03-06,9,6.4,89.0,4.4,140.0,11.9
2023-03-06,10,7.2,84.0,5.6,160.0,11.2
2023-03-06,11,8.3,78.0,6.4,160.0,12.9
2023-03-06,12,8.7,75.0,5.4,160.0,13.3
2023-03-06,13,9.5,74.0,4.6,160.0,14.8
2023-03-06,14,8.7,76.0,4.7,140.0,12.3
2023-03-06,15,9.0,77.0,5.2,160.0,13.5
2023-03-06,16,8.0,84.0,5.2,160.0,12.0
2023-03-06,17,7.1,90.0,5.3,140.0,9.4
2023-03-06,18,6.3,93.0,4.9,140.0,6.5
2023-03-06,19,5.8,96.0,5.5,140.0,4.5
2023-03-06,20,6.4,96.0,5.7,140.0,5.9
2023-03-06,21,6.7,95.0,4.7,140.0,6.6
2023-03-06,22,6.6,96.0,4.9,140.0,5.7
2023-03-06,23,6.6,96.0,5.9,140.0,6.0
2023-03-07,0,6.9,95.0,5.5,140.0,6.7
2023-03-07,1,6.9,94.0,4.1,140.0,6.8
2023-03-07,2,7.3,95.0,4.4,140.0,7.2
2023-03-07,3,6.8,96.0,3.2,140.0,6.2
2023-03-07,4,6.8,97.0,4.2,140.0,5.2
2023-03-07,5,6.4,97.0,4.3,140.0,4.3
2023-03-07,6,6.5,98.0,3.2,110.0,2.7
2023-03-07,7,6.2,99.0,4.7,110.0,1.0
2023-03-07,8,6.0,99.0,3.6,110.0,0.4
2023-03-07,9,6.4,100.0,3.6,110.0,0.6
2023-03-07,10,6.9,100.0,4.2,110.0,1.7
2023-03-07,11,7.9,99.0,4.4,110.0,7.9
2023-03-07,12,8.1,94.0,4.8,140.0,12.3
2023-03-07,13,8.1,93.0,5.8,140.0,14.2
2023-03-07,14,8.4,91.0,5.3,140.0,13.9
2023-03-07,15,8.4,91.0,5.6,140.0,14.7
2023-03-07,16,8.1,92.0,5.3,140.0,12.8
2023-03-07,17,7.8,93.0,5.2,160.0,7.4
2023-03-07,18,6.4,98.0,4.3,160.0,0.6
2023-03-07,19,5.5,99.0,3.6,140.0,0.3
2023-03-07,20,5.2,100.0,4.2,140.0,0.2
2023-03-07,21,4.9,100.0,4.7,140.0,0.2
2023-03-07,22,4.9,100.0,3.4,140.0,0.2
2023-03-07,23,5.0,100.0,4.4,140.0,0.2
2023-03-08,0,5.0,100.0,4.9,140.0,0.2
2023-03-08,1,5.4,100.0,5.5,140.0,0.2
2023-03-08,2,5.7,100.0,5.1,140.0,0.2
2023-03-08,3,5.7,100.0,4.4,110.0,0.2
2023-03-08,4,5.5,100.0,3.2,110.0,0.1
2023-03-08,5,5.4,100.0,3.8,140.0,0.2
2023-03-08,6,5.7,100.0,3.7,90.0,1.4
2023-03-08,7,6.0,100.0,5.3,110.0,0.8
2023-03-08,8,6.0,100.0,5.5,110.0,0.2
2023-03-08,9,6.1,100.0,5.8,110.0,0.2
2023-03-08,10,6.8,100.0,6.2,140.0,1.6
2023-03-08,11,7.7,100.0,6.4,140.0,4.7
2023-03-08,12,8.0,97.0,4.5,110.0,7.1
2023-03-08,13,8.4,87.0,6.0,140.0,10.9
2023-03-08,14,9.2,84.0,5.5,140.0,11.6
2023-03-08,15,7.8,88.0,6.7,140.0,10.4
2023-03-08,16,7.8,89.0,5.8,140.0,9.6
2023-03-08,17,7.8,91.0,6.8,140.0,8.8
2023-03-08,18,8.4,92.0,6.4,140.0,8.9
2023-03-08,19,7.7,91.0,6.4,140.0,8.0
2023-03-08,20,7.4,95.0,5.8,140.0,6.7
2023-03-08,21,7.8,96.0,5.8,140.0,5.2
2023-03-08,22,7.1,99.0,5.5,160.0,0.6
2023-03-08,23,7.3,100.0,4.4,160.0,0.5
2023-03-09,0,6.7,100.0,2.2,180.0,0.3
2023-03-09,1,6.8,100.0,1.1,140.0,0.4
2023-03-09,2,6.7,100.0,0.8,160.0,0.3
2023-03-09,3,6.7,100.0,0.8,200.0,0.3
2023-03-09,4,6.3,100.0,1.2,320.0,0.2
2023-03-09,5,6.1,100.0,1.4,320.0,0.2
2023-03-09,6,6.3,100.0,1.4,290.0,0.2
2023-03-09,7,6.2,100.0,0.9,320.0,0.2
2023-03-09,8,6.2,100.0,2.3,290.0,0.2
2023-03-09,9,6.7,100.0,2.0,290.0,1.4
2023-03-09,10,7.1,100.0,3.4,290.0,3.7
2023-03-09,11,8.0,95.0,2.9,290.0,5.5
2023-03-09,12,8.6,87.0,2.6,320.0,6.3
2023-03-09,13,9.7,80.0,2.7,320.0,7.9
2023-03-09,14,10.6,75.0,2.0,290.0,8.6
2023-03-09,15,9.4,77.0,2.8,110.0,7.8
2023-03-09,16,8.8,81.0,1.1,70.0,7.1
2023-03-09,17,7.6,85.0,3.2,180.0,6.0
2023-03-09,18,5.7,96.0,2.5,180.0,1.5
2023-03-09,19,5.1,99.0,2.9,180.0,0.5
2023-03-09,20,4.7,99.0,4.6,160.0,0.3
2023-03-09,21,4.6,100.0,3.0,160.0,0.2
2023-03-09,22,4.5,100.0,4.1,140.0,0.2
2023-03-09,23,4.5,100.0,5.3,140.0,0.2
2023-03-10,0,4.2,100.0,5.2,160.0,0.6
2023-03-10,1,4.1,100.0,5.8,160.0,0.6
2023-03-10,2,4.2,100.0,5.8,140.0,0.7
2023-03-10,3,4.1,100.0,6.0,140.0,1.0
2023-03-10,4,3.8,100.0,6.0,140.0,0.9
2023-03-10,5,3.7,100.0,6.8,140.0,2.4
2023-03-10,6,3.6,100.0,6.4,140.0,2.4
2023-03-10,7,3.5,100.0,6.0,140.0,4.1
2023-03-10,8,3.6,100.0,6.9,140.0,5.1
2023-03-10,9,4.3,98.0,5.1,140.0,7.0
2023-03-10,10,4.8,94.0,6.6,140.0,8.9
2023-03-10,11,5.8,90.0,7.0,140.0,12.0
2023-03-10,12,6.8,85.0,8.0,140.0,10.3
2023-03-10,13,6.1,91.0,8.9,140.0,6.3
2023-03-10,14,5.7,95.0,8.9,140.0,4.7
2023-03-10,15,5.8,97.0,6.9,140.0,3.5
2023-03-10,16,6.0,98.0,5.7,140.0,2.0
2023-03-10,17,5.9,100.0,6.7,140.0,0.7
2023-03-10,18,5.9,100.0,7.8,140.0,0.4
2023-03-10,19,5.7,100.0,7.7,140.0,0.3
2023-03-10,20,5.7,100.0,7.9,160.0,0.3
2023-03-10,21,5.6,100.0,8.0,140.0,0.3
2023-03-10,22,5.6,100.0,7.1,140.0,0.2
2023-03-10,23,5.9,100.0,6.1,140.0,0.2
2023-03-11,0,6.3,100.0,5.3,140.0,0.2
2023-03-11,1,6.9,100.0,5.7,140.0,1.2
2023-03-11,2,6.9,100.0,3.4,140.0,1.4
2023-03-11,3,6.6,100.0,4.3,90.0,1.3
2023-03-11,4,7.3,100.0,6.3,140.0,1.3
2023-03-11,5,7.1,99.0,6.8,140.0,1.4
2023-03-11,6,7.7,97.0,7.9,160.0,1.9
2023-03-11,7,7.7,95.0,7.2,160.0,2.4
2023-03-11,8,7.8,93.0,6.8,140.0,2.8
2023-03-11,9,7.9,94.0,4.4,140.0,2.8
2023-03-11,10,8.4,90.0,3.1,110.0,3.9
2023-03-11,11,9.7,81.0,4.1,140.0,5.5
2023-03-11,12,10.8,78.0,3.2,160.0,6.9
2023-03-11,13,11.0,77.0,2.7,110.0,7.7
2023-03-11,14,10.4,78.0,2.8,110.0,7.2
2023-03-11,15,10.2,80.0,2.9,160.0,6.3
2023-03-11,16,8.3,86.0,3.9,140.0,5.7
2023-03-11,17,6.9,93.0,4.7,290.0,3.9
2023-03-11,18,6.7,96.0,2.7,70.0,2.5
2023-03-11,19,6.3,97.0,3.9,110.0,1.8
2023-03-11,20,6.1,99.0,1.4,270.0,0.4
2023-03-11,21,5.9,100.0,1.3,90.0,0.1
2023-03-11,22,6.0,100.0,1.1,320.0,0.9
2023-03-11,23,5.0,98.0,1.3,270.0,3.1
2023-03-12,0,5.2,95.0,3.9,320.0,9.3
2023-03-12,1,5.6,90.0,4.3,340.0,11.7
2023-03-12,2,5.5,92.0,4.4,340.0,10.8
2023-03-12,3,5.2,93.0,6.6,340.0,9.8
2023-03-12,4,5.5,73.0,7.9,340.0,23.8
2023-03-12,5,5.1,84.0,4.9,340.0,15.3
2023-03-12,6,4.6,98.0,5.8,320.0,7.5
2023-03-12,7,4.4,93.0,7.0,340.0,18.2
2023-03-12,8,4.7,91.0,5.6,340.0,18.4
2023-03-12,9,4.6,85.0,4.6,320.0,25.6
2023-03-12,10,5.1,74.0,6.5,320.0,24.2
2023-03-12,11,4.9,58.0,5.9,320.0,22.7
2023-03-12,12,5.0,47.0,9.7,340.0,24.9
2023-03-12,13,4.7,44.0,10.4,340.0,24.8
2023-03-12,14,3.9,42.0,14.7,340.0,22.5
2023-03-12,15,4.1,39.0,10.9,340.0,33.8
2023-03-12,16,4.1,35.0,9.1,320.0,38.2
2023-03-12,17,3.1,30.0,12.1,320.0,41.2
2023-03-12,18,2.7,32.0,12.0,320.0,40.6
2023-03-12,19,2.5,31.0,11.5,320.0,38.0
2023-03-12,20,2.3,29.0,9.8,340.0,39.3
2023-03-12,21,2.1,28.0,10.5,340.0,38.5
2023-03-12,22,2.1,33.0,12.4,340.0,40.9
2023-03-12,23,1.9,33.0,9.2,340.0,42.1
2023-03-13,0,1.8,34.0,10.6,340.0,40.3
2023-03-13,1,1.6,35.0,9.5,340.0,42.4
2023-03-13,2,1.5,34.0,6.8,340.0,44.2
2023-03-13,3,1.4,34.0,6.3,320.0,44.0
2023-03-13,4,1.5,40.0,6.1,320.0,43.8
2023-03-13,5,1.6,43.0,5.8,320.0,45.0
2023-03-13,6,1.5,38.0,3.0,320.0,45.1
2023-03-13,7,0.7,40.0,2.2,270.0,46.8
2023-03-13,8,1.7,40.0,0.8,270.0,44.9
2023-03-13,9,3.3,33.0,1.7,270.0,47.0
2023-03-13,10,4.3,30.0,3.9,200.0,47.1
2023-03-13,11,5.1,33.0,4.3,180.0,47.2
2023-03-13,12,5.7,44.0,6.1,180.0,33.5
2023-03-13,13,6.5,40.0,7.0,180.0,46.4
2023-03-13,14,7.0,44.0,7.3,180.0,43.9
2023-03-13,15,7.3,47.0,6.8,180.0,38.7
2023-03-13,16,7.6,52.0,6.4,180.0,32.7
2023-03-13,17,6.8,59.0,6.1,180.0,27.9
2023-03-13,18,6.4,66.0,5.6,180.0,28.2
2023-03-13,19,6.3,68.0,5.6,180.0,24.7
2023-03-13,20,6.6,72.0,5.7,180.0,23.7
2023-03-13,21,6.8,74.0,6.9,180.0,23.8
2023-03-13,22,6.7,78.0,6.6,180.0,21.3
2023-03-13,23,6.6,82.0,5.5,180.0,18.4
2023-03-14,0,6.7,82.0,7.0,160.0,19.9
2023-03-14,1,6.3,86.0,5.3,160.0,18.3
2023-03-14,2,5.9,90.0,5.7,140.0,16.3
2023-03-14,3,6.1,91.0,5.1,140.0,15.1
2023-03-14,4,6.7,87.0,7.5,160.0,17.0
2023-03-14,5,6.9,88.0,5.8,160.0,15.5
2023-03-14,6,6.7,90.0,5.8,160.0,14.4
2023-03-14,7,7.0,88.0,6.4,160.0,14.6
2023-03-14,8,7.4,85.0,7.3,160.0,16.8
2023-03-14,9,8.3,78.0,7.3,160.0,18.4
2023-03-14,10,9.1,74.0,7.4,180.0,19.4
2023-03-14,11,9.4,71.0,8.3,180.0,20.2
2023-03-14,12,10.2,69.0,8.4,180.0,20.8
2023-03-14,13,10.5,64.0,8.6,180.0,21.8
2023-03-14,14,10.2,67.0,9.3,160.0,21.6
2023-03-14,15,9.5,74.0,10.0,160.0,20.1
2023-03-14,16,9.0,80.0,9.0,160.0,18.6
2023-03-14,17,9.0,80.0,8.1,160.0,18.0
2023-03-14,18,8.4,84.0,9.2,160.0,16.9
2023-03-14,19,8.1,85.0,9.9,160.0,17.0
2023-03-14,20,7.9,88.0,9.8,160.0,16.3
2023-03-14,21,7.9,88.0,9.0,160.0,16.4
2023-03-14,22,7.7,90.0,6.3,180.0,16.0
2023-03-14,23,7.9,90.0,7.0,160.0,15.8
2023-03-15,0,7.9,91.0,8.5,160.0,14.7
2023-03-15,1,7.9,93.0,8.3,160.0,14.2
2023-03-15,2,7.9,93.0,8.6,180.0,13.9
2023-03-15,3,8.2,92.0,7.0,160.0,14.9
2023-03-15,4,8.0,93.0,3.8,180.0,11.9
2023-03-15,5,7.8,95.0,2.7,180.0,9.3
2023-03-15,6,8.4,94.0,3.9,200.0,10.1
2023-03-15,7,8.2,93.0,4.2,230.0,10.8
2023-03-15,8,7.7,90.0,4.8,270.0,11.6
2023-03-15,9,5.6,96.0,6.8,340.0,3.4
2023-03-15,10,6.1,64.0,8.2,340.0,17.7
2023-03-15,11,6.5,49.0,9.0,340.0,20.4
2023-03-15,12,6.6,48.0,8.8,340.0,20.6
2023-03-15,13,6.2,45.0,9.2,340.0,23.7
2023-03-15,14,5.6,40.0,9.4,340.0,23.2
2023-03-15,15,5.6,39.0,9.1,340.0,23.1
2023-03-15,16,5.3,49.0,6.6,340.0,21.7
2023-03-15,17,5.3,34.0,4.1,340.0,20.2
2023-03-15,18,4.9,31.0,6.0,320.0,30.3
2023-03-15,19,4.4,36.0,7.1,320.0,30.6
2023-03-15,20,4.8,35.0,7.8,320.0,38.7
2023-03-15,21,4.8,37.0,8.6,320.0,37.0
2023-03-15,22,4.6,41.0,5.7,320.0,41.0
2023-03-15,23,4.8,41.0,9.0,340.0,42.8
2023-03-16,0,4.6,42.0,8.8,340.0,37.2
2023-03-16,1,4.5,45.0,7.9,340.0,35.6
2023-03-16,2,4.4,38.0,6.1,340.0,39.5
2023-03-16,3,4.2,38.0,6.4,340.0,39.5
2023-03-16,4,4.0,44.0,4.9,340.0,40.8
2023-03-16,5,3.9,46.0,5.2,340.0,38.5
2023-03-16,6,3.6,49.0,3.2,360.0,39.6
2023-03-16,7,3.4,49.0,3.1,340.0,37.5
2023-03-16,8,4.4,46.0,3.7,340.0,39.1
2023-03-16,9,5.0,41.0,4.6,340.0,34.5
2023-03-16,10,5.8,38.0,5.2,340.0,35.2
2023-03-16,11,6.5,34.0,5.1,340.0,38.0
2023-03-16,12,6.4,34.0,5.5,340.0,36.6
2023-03-16,13,5.9,43.0,5.9,340.0,35.9
2023-03-16,14,5.8,32.0,5.8,340.0,37.1
2023-03-16,15,5.5,37.0,5.6,340.0,40.6
2023-03-16,16,5.2,37.0,6.0,340.0,37.9
2023-03-16,17,4.6,42.0,5.4,340.0,37.9
2023-03-16,18,4.0,39.0,4.3,340.0,40.8
2023-03-16,19,3.2,41.0,3.5,340.0,43.3
2023-03-16,20,3.3,40.0,3.5,320.0,42.5
2023-03-16,21,3.6,41.0,4.2,320.0,42.0
2023-03-16,22,3.6,46.0,4.2,320.0,44.5
2023-03-16,23,3.9,44.0,3.2,320.0,41.5
2023-03-17,0,3.9,48.0,3.8,320.0,38.5
2023-03-17,1,4.0,52.0,5.1,340.0,39.7
2023-03-17,2,4.1,56.0,5.5,340.0,39.7
2023-03-17,3,4.1,61.0,5.9,340.0,40.6
2023-03-17,4,3.9,61.0,4.0,360.0,40.5
2023-03-17,5,3.7,62.0,2.5,20.0,40.7
2023-03-17,6,3.1,57.0,2.0,20.0,40.4
2023-03-17,7,3.0,52.0,1.9,20.0,40.7
2023-03-17,8,4.0,42.0,1.6,20.0,44.5
2023-03-17,9,5.0,38.0,2.8,340.0,45.8
2023-03-17,10,5.6,45.0,3.5,340.0,42.7
2023-03-17,11,5.8,45.0,3.1,340.0,37.4
2023-03-17,12,6.8,43.0,3.2,340.0,40.3
2023-03-17,13,8.0,38.0,3.7,340.0,40.7
2023-03-17,14,7.4,41.0,5.4,340.0,40.8
2023-03-17,15,6.3,51.0,6.2,340.0,39.3
2023-03-17,16,6.3,52.0,6.5,340.0,30.1
2023-03-17,17,5.8,50.0,6.0,340.0,36.6
2023-03-17,18,5.3,54.0,4.2,340.0,44.7
2023-03-17,19,4.4,60.0,3.9,320.0,42.8
2023-03-17,20,4.3,63.0,5.0,320.0,46.1
2023-03-17,21,4.4,67.0,4.2,320.0,43.3
2023-03-17,22,4.3,69.0,4.6,320.0,45.0
2023-03-17,23,4.4,71.0,4.3,320.0,49.6
2023-03-18,0,4.3,75.0,4.2,320.0,49.4
2023-03-18,1,4.3,76.0,4.3,340.0,45.4
2023-03-18,2,4.5,70.0,6.8,340.0,47.5
2023-03-18,3,4.3,72.0,4.1,340.0,41.6
2023-03-18,4,4.4,74.0,3.8,320.0,37.2
2023-03-18,5,4.4,71.0,3.9,320.0,35.3
2023-03-18,6,4.7,71.0,3.3,320.0,29.1
2023-03-18,7,4.7,73.0,2.8,320.0,25.2
2023-03-18,8,5.2,70.0,2.4,320.0,23.5
2023-03-18,9,5.4,64.0,2.1,340.0,24.6
2023-03-18,10,6.4,65.0,4.0,290.0,23.0
2023-03-18,11,7.2,57.0,5.5,320.0,31.7
2023-03-18,12,7.7,64.0,4.6,290.0,23.1
2023-03-18,13,8.6,57.0,4.9,320.0,33.7
2023-03-18,14,8.3,50.0,5.0,320.0,36.8
2023-03-18,15,7.9,54.0,5.1,290.0,32.2
2023-03-18,16,7.3,61.0,6.0,290.0,34.2
2023-03-18,17,6.7,67.0,5.0,290.0,34.6
2023-03-18,18,6.2,73.0,3.5,290.0,26.0
2023-03-18,19,5.1,80.0,3.3,290.0,16.4
2023-03-18,20,4.7,93.0,3.4,290.0,4.6
2023-03-18,21,4.6,95.0,3.3,290.0,2.6
2023-03-18,22,4.5,97.0,2.8,290.0,1.8
2023-03-18,23,4.3,98.0,3.3,290.0,1.4
2023-03-19,0,4.3,95.0,2.4,270.0,1.9
2023-03-19,1,3.9,95.0,2.7,270.0,1.8
2023-03-19,2,5.0,89.0,4.7,290.0,2.4
2023-03-19,3,5.1,88.0,5.0,290.0,2.7
2023-03-19,4,4.6,91.0,3.6,290.0,2.4
2023-03-19,5,4.1,94.0,3.3,290.0,1.8
2023-03-19,6,3.9,95.0,3.5,290.0,1.4
2023-03-19,7,4.0,96.0,3.4,290.0,1.4
2023-03-19,8,5.1,93.0,2.1,290.0,1.9
2023-03-19,9,6.6,83.0,2.4,290.0,3.1
2023-03-19,10,8.5,55.0,2.1,290.0,8.2
2023-03-19,11,7.3,76.0,2.7,90.0,4.5
2023-03-19,12,7.7,81.0,2.4,70.0,3.3
2023-03-19,13,8.8,72.0,2.1,160.0,4.2
2023-03-19,14,9.3,71.0,2.0,90.0,4.9
2023-03-19,15,9.7,56.0,2.0,340.0,6.2
2023-03-19,16,8.8,49.0,3.1,290.0,8.7
2023-03-19,17,9.1,39.0,3.7,290.0,13.9
2023-03-19,18,8.1,34.0,2.3,320.0,16.3
2023-03-19,19,6.3,39.0,1.9,270.0,16.6
2023-03-19,20,5.6,50.0,1.3,230.0,12.2
2023-03-19,21,6.0,52.0,2.1,270.0,11.2
2023-03-19,22,5.6,50.0,1.6,270.0,14.0
2023-03-19,23,4.1,88.0,2.3,110.0,5.2
2023-03-20,0,2.5,99.0,1.9,110.0,0.5
2023-03-20,1,0.9,100.0,0.5,140.0,0.1
2023-03-20,2,1.3,100.0,0.8,160.0,0.1
2023-03-20,3,0.3,100.0,2.0,140.0,0.1
2023-03-20,4,1.3,100.0,2.5,90.0,0.1
2023-03-20,5,1.8,100.0,2.0,110.0,0.1
2023-03-20,6,1.3,100.0,1.9,110.0,0.1
2023-03-20,7,2.0,100.0,1.9,180.0,0.1
2023-03-20,8,3.6,100.0,2.1,140.0,0.2
2023-03-20,9,3.9,100.0,2.9,160.0,1.1
2023-03-20,10,3.8,100.0,3.4,160.0,1.1
2023-03-20,11,4.5,100.0,3.8,140.0,3.4
2023-03-20,12,6.2,93.0,4.1,160.0,6.2
2023-03-20,13,5.7,91.0,4.9,160.0,3.2
2023-03-20,14,6.2,87.0,4.1,180.0,6.2
2023-03-20,15,7.9,80.0,2.9,160.0,7.5
2023-03-20,16,6.2,86.0,2.9,180.0,6.6
2023-03-20,17,6.2,84.0,2.9,180.0,8.0
2023-03-20,18,4.2,96.0,1.2,180.0,3.0
2023-03-20,19,3.1,100.0,0.1,0.0,0.2
2023-03-20,20,3.1,100.0,1.8,180.0,0.1
2023-03-20,21,2.3,100.0,1.6,180.0,0.1
2023-03-20,22,2.0,100.0,1.1,180.0,0.1
2023-03-20,23,1.6,100.0,1.0,320.0,0.1
2023-03-21,0,2.3,100.0,0.2,0.0,0.1
2023-03-21,1,2.9,100.0,0.8,200.0,0.1
2023-03-21,2,2.7,100.0,0.7,70.0,0.1
2023-03-21,3,2.6,100.0,1.3,140.0,0.1
2023-03-21,4,2.9,100.0,1.4,110.0,0.1
2023-03-21,5,2.3,100.0,1.6,110.0,0.1
2023-03-21,6,1.5,100.0,2.4,90.0,0.1
2023-03-21,7,1.5,100.0,1.5,140.0,0.1
2023-03-21,8,2.6,100.0,1.1,110.0,0.9
2023-03-21,9,5.7,100.0,2.0,110.0,7.1
2023-03-21,10,7.9,84.0,2.1,110.0,15.2
2023-03-21,11,10.0,57.0,2.4,110.0,8.2
2023-03-21,12,12.1,27.0,3.1,140.0,20.6
2023-03-21,13,11.6,23.0,3.4,160.0,25.1
2023-03-21,14,13.0,15.0,2.6,160.0,26.4
2023-03-21,15,12.8,12.0,2.9,200.0,31.0
2023-03-21,16,11.4,32.0,3.0,290.0,23.2
2023-03-21,17,9.6,50.0,3.1,290.0,17.5
2023-03-21,18,7.7,61.0,3.2,290.0,16.6
2023-03-21,19,6.6,65.0,1.8,290.0,15.3
2023-03-21,20,6.2,64.0,3.3,290.0,18.3
2023-03-21,21,5.9,68.0,2.9,320.0,17.4
2023-03-21,22,5.8,64.0,3.1,320.0,18.6
2023-03-21,23,5.9,46.0,2.9,290.0,24.4
2023-03-22,0,6.0,61.0,2.7,290.0,19.3
2023-03-22,1,6.9,44.0,2.8,290.0,21.2
2023-03-22,2,5.9,73.0,2.8,290.0,16.9
2023-03-22,3,6.7,53.0,1.1,270.0,21.3
2023-03-22,4,8.7,37.0,0.5,250.0,27.3
2023-03-22,5,7.6,58.0,1.4,140.0,23.6
2023-03-22,6,7.5,66.0,1.5,90.0,13.8
2023-03-22,7,7.9,56.0,2.0,90.0,17.1
2023-03-22,8,9.3,45.0,2.6,110.0,11.7
2023-03-22,9,11.9,38.0,1.7,110.0,21.4
2023-03-22,10,10.7,50.0,2.2,90.0,18.0
2023-03-22,11,13.3,38.0,3.2,140.0,18.9
2023-03-22,12,14.7,31.0,2.2,180.0,27.8
2023-03-22,13,12.4,51.0,1.9,230.0,20.0
2023-03-22,14,10.5,58.0,2.8,290.0,11.6
2023-03-22,15,8.0,75.0,4.5,290.0,12.1
2023-03-22,16,9.4,73.0,2.2,320.0,13.2
2023-03-22,17,9.2,77.0,3.0,320.0,13.7
2023-03-22,18,9.4,70.0,3.2,290.0,12.7
2023-03-22,19,8.5,80.0,3.0,320.0,11.0
2023-03-22,20,8.6,81.0,2.6,320.0,7.8
2023-03-22,21,7.9,89.0,2.3,320.0,6.9
2023-03-22,22,9.1,83.0,3.7,340.0,13.2
2023-03-22,23,8.8,89.0,2.6,360.0,17.7
2023-03-23,0,9.2,86.0,4.0,340.0,13.6
2023-03-23,1,9.2,85.0,4.5,340.0,23.5
2023-03-23,2,8.6,82.0,6.1,340.0,19.8
2023-03-23,3,8.9,66.0,4.9,340.0,23.4
2023-03-23,4,9.9,62.0,5.0,340.0,28.5
2023-03-23,5,10.8,67.0,3.7,360.0,22.5
2023-03-23,6,7.7,77.0,3.3,320.0,14.1
2023-03-23,7,7.7,74.0,6.1,340.0,13.9
2023-03-23,8,7.3,80.0,7.1,340.0,10.2
2023-03-23,9,7.4,79.0,7.9,340.0,7.9
2023-03-23,10,8.1,67.0,8.9,340.0,7.0
2023-03-23,11,8.7,55.0,10.3,360.0,7.0
2023-03-23,12,8.6,52.0,10.9,360.0,7.4
2023-03-23,13,9.4,46.0,9.2,340.0,8.3
2023-03-23,14,9.4,39.0,11.3,340.0,8.7
2023-03-23,15,8.3,45.0,12.3,340.0,11.5
2023-03-23,16,8.3,42.0,13.8,340.0,13.3
2023-03-23,17,7.9,47.0,11.4,340.0,14.3
2023-03-23,18,8.2,43.0,11.2,340.0,17.2
2023-03-23,19,7.7,45.0,7.9,340.0,19.8
2023-03-23,20,7.6,47.0,10.4,340.0,25.9
2023-03-23,21,7.1,49.0,11.5,340.0,24.8
2023-03-23,22,6.6,50.0,10.8,340.0,22.3
2023-03-23,23,6.4,40.0,10.4,340.0,28.3
2023-03-24,0,5.9,41.0,10.5,340.0,27.5
2023-03-24,1,5.5,45.0,9.7,340.0,24.6
2023-03-24,2,4.9,48.0,11.4,360.0,22.0
2023-03-24,3,4.5,53.0,12.5,340.0,20.1
2023-03-24,4,4.4,48.0,11.6,360.0,24.5
2023-03-24,5,4.1,46.0,12.1,360.0,26.4
2023-03-24,6,3.7,45.0,11.3,360.0,26.5
2023-03-24,7,3.9,44.0,11.6,360.0,28.4
2023-03-24,8,3.9,46.0,13.1,340.0,28.4
2023-03-24,9,4.1,43.0,11.5,360.0,29.1
2023-03-24,10,4.2,41.0,11.2,340.0,30.6
2023-03-24,11,4.3,44.0,12.1,340.0,29.3
2023-03-24,12,4.6,39.0,10.5,360.0,29.9
2023-03-24,13,5.0,39.0,11.2,340.0,31.4
2023-03-24,14,5.0,43.0,11.4,340.0,28.4
2023-03-24,15,4.9,42.0,13.1,340.0,30.7
2023-03-24,16,5.4,41.0,11.0,340.0,31.9
2023-03-24,17,5.1,41.0,9.7,340.0,34.4
2023-03-24,18,4.3,49.0,11.3,340.0,30.8
2023-03-24,19,4.7,49.0,9.9,340.0,32.1
2023-03-24,20,5.0,48.0,10.7,340.0,30.3
2023-03-24,21,5.0,58.0,10.3,340.0,28.0
2023-03-24,22,5.2,59.0,5.2,340.0,29.0
2023-03-24,23,5.4,56.0,5.4,340.0,31.2
2023-03-25,0,5.1,67.0,4.6,340.0,26.4
2023-03-25,1,5.2,59.0,5.4,360.0,26.1
2023-03-25,2,4.7,65.0,7.1,340.0,24.1
2023-03-25,3,4.4,69.0,4.8,340.0,22.2
2023-03-25,4,4.4,66.0,6.4,340.0,22.8
2023-03-25,5,4.2,71.0,2.5,320.0,22.1
2023-03-25,6,4.2,71.0,3.2,340.0,23.7
2023-03-25,7,4.0,78.0,4.9,340.0,21.9
2023-03-25,8,4.7,76.0,5.9,340.0,22.3
2023-03-25,9,5.7,72.0,4.9,340.0,25.5
2023-03-25,10,6.5,65.0,5.0,340.0,26.1
2023-03-25,11,7.4,63.0,4.1,320.0,25.1
2023-03-25,12,6.9,68.0,6.1,320.0,24.3
2023-03-25,13,7.1,68.0,7.2,320.0,21.3
2023-03-25,14,7.0,63.0,6.6,320.0,23.5
2023-03-25,15,7.2,63.0,4.8,340.0,25.6
2023-03-25,16,6.3,68.0,6.9,320.0,23.8
2023-03-25,17,5.9,65.0,5.3,320.0,24.4
2023-03-25,18,5.5,63.0,6.6,340.0,25.2
2023-03-25,19,5.5,59.0,6.4,340.0,22.6
2023-03-25,20,5.7,53.0,5.8,340.0,22.8
2023-03-25,21,6.1,53.0,4.6,340.0,27.0
2023-03-25,22,5.9,62.0,3.5,340.0,25.8
2023-03-25,23,5.9,65.0,2.8,320.0,27.5
2023-03-26,0,5.8,63.0,3.0,320.0,26.1
2023-03-26,1,6.2,52.0,6.4,340.0,34.2
2023-03-26,2,5.9,56.0,4.5,340.0,28.8
2023-03-26,3,5.7,58.0,2.7,340.0,25.2
2023-03-26,4,5.2,67.0,5.1,340.0,21.2
2023-03-26,5,4.8,66.0,6.3,340.0,21.1
2023-03-26,6,5.3,47.0,4.3,340.0,26.9
2023-03-26,7,5.4,42.0,4.8,360.0,31.3
2023-03-26,8,6.0,38.0,4.8,360.0,33.7
2023-03-26,9,6.6,32.0,6.5,340.0,42.6
2023-03-26,10,7.0,34.0,7.2,360.0,39.9
2023-03-26,11,7.4,28.0,7.5,360.0,41.6
2023-03-26,12,7.4,28.0,7.6,340.0,43.5
2023-03-26,13,7.0,34.0,8.4,340.0,39.9
2023-03-26,14,6.9,32.0,7.8,340.0,34.5
2023-03-26,15,7.0,37.0,6.3,340.0,35.7
2023-03-26,16,6.5,33.0,6.2,340.0,32.1
2023-03-26,17,6.4,36.0,4.9,340.0,36.3
2023-03-26,18,5.6,37.0,3.7,320.0,36.4
2023-03-26,19,4.3,50.0,3.6,320.0,33.3
2023-03-26,20,4.2,56.0,3.5,290.0,32.3
2023-03-26,21,3.3,66.0,2.3,290.0,29.9
2023-03-26,22,3.5,71.0,2.7,290.0,30.9
2023-03-26,23,3.4,75.0,3.0,270.0,28.8
2023-03-27,0,3.9,67.0,3.5,270.0,30.5
2023-03-27,1,4.2,73.0,3.3,270.0,27.4
2023-03-27,2,4.1,72.0,3.2,290.0,23.2
2023-03-27,3,4.1,73.0,3.0,270.0,24.1
2023-03-27,4,3.9,74.0,3.0,290.0,19.1
2023-03-27,5,3.6,79.0,2.5,290.0,17.6
2023-03-27,6,3.6,76.0,1.9,270.0,15.9
2023-03-27,7,3.2,87.0,1.7,270.0,13.2
2023-03-27,8,5.4,79.0,0.7,250.0,14.0
2023-03-27,9,7.1,61.0,1.1,160.0,15.8
2023-03-27,10,8.0,57.0,3.7,160.0,15.8
2023-03-27,11,8.1,57.0,3.8,180.0,15.1
2023-03-27,12,9.0,62.0,5.4,160.0,16.1
2023-03-27,13,9.2,61.0,6.3,160.0,23.5
2023-03-27,14,8.4,64.0,5.5,160.0,25.8
2023-03-27,15,8.6,65.0,4.7,200.0,27.6
2023-03-27,16,8.8,68.0,5.5,180.0,25.8
2023-03-27,17,8.8,64.0,5.1,200.0,27.3
2023-03-27,18,8.3,66.0,3.5,180.0,21.8
2023-03-27,19,7.0,85.0,1.7,140.0,23.7
2023-03-27,20,6.5,92.0,3.3,140.0,18.5
2023-03-27,21,6.4,93.0,3.8,160.0,18.9
2023-03-27,22,6.5,94.0,3.9,160.0,17.5
2023-03-27,23,6.2,95.0,3.4,160.0,16.0
2023-03-28,0,6.0,96.0,3.7,140.0,15.0
2023-03-28,1,5.9,96.0,3.0,140.0,13.7
2023-03-28,2,6.0,97.0,2.9,110.0,12.6
2023-03-28,3,6.0,97.0,2.7,140.0,13.1
2023-03-28,4,6.2,96.0,3.2,140.0,13.8
2023-03-28,5,6.2,95.0,3.9,110.0,15.7
2023-03-28,6,6.1,95.0,4.2,140.0,13.7
2023-03-28,7,6.0,95.0,4.2,140.0,10.4
2023-03-28,8,6.0,96.0,4.1,140.0,10.5
2023-03-28,9,6.7,91.0,5.5,140.0,14.7
2023-03-28,10,7.2,87.0,4.3,140.0,16.8
2023-03-28,11,8.0,83.0,4.2,140.0,16.8
2023-03-28,12,9.1,76.0,4.6,140.0,20.5
2023-03-28,13,9.3,75.0,4.1,140.0,21.2
2023-03-28,14,10.4,71.0,3.6,110.0,21.9
2023-03-28,15,9.9,71.0,2.8,200.0,16.6
2023-03-28,16,10.1,71.0,2.7,200.0,15.1
2023-03-28,17,9.8,72.0,1.8,180.0,11.7
2023-03-28,18,8.2,82.0,1.8,200.0,12.0
2023-03-28,19,6.4,90.0,1.2,320.0,10.4
2023-03-28,20,5.9,96.0,0.7,90.0,6.2
2023-03-28,21,5.6,99.0,1.3,110.0,3.5
2023-03-28,22,4.9,98.0,1.1,110.0,3.5
2023-03-28,23,3.6,100.0,1.7,180.0,0.1
2023-03-29,0,3.4,100.0,1.6,180.0,0.1
2023-03-29,1,3.8,100.0,1.7,140.0,0.2
2023-03-29,2,3.5,100.0,0.9,160.0,0.1
2023-03-29,3,3.0,100.0,1.3,110.0,0.2
2023-03-29,4,2.7,100.0,1.9,110.0,0.2
2023-03-29,5,3.4,100.0,2.2,140.0,0.2
2023-03-29,6,3.4,100.0,2.3,180.0,0.2
2023-03-29,7,3.5,100.0,2.6,160.0,0.2
2023-03-29,8,3.8,100.0,3.4,140.0,0.2
2023-03-29,9,4.3,100.0,5.1,140.0,0.4
2023-03-29,10,5.2,100.0,3.4,160.0,0.9
2023-03-29,11,5.6,100.0,7.5,160.0,2.5
2023-03-29,12,6.5,98.0,4.7,160.0,8.2
2023-03-29,13,6.6,91.0,4.9,140.0,11.8
2023-03-29,14,8.1,84.0,4.0,160.0,15.8
2023-03-29,15,8.1,81.0,3.9,160.0,18.5
2023-03-29,16,7.2,84.0,3.9,140.0,17.9
2023-03-29,17,6.8,86.0,3.0,110.0,12.0
2023-03-29,18,6.1,90.0,2.7,140.0,11.6
2023-03-29,19,5.0,97.0,3.2,160.0,5.0
2023-03-29,20,4.5,99.0,3.3,160.0,0.9
2023-03-29,21,4.5,99.0,2.8,140.0,0.4
2023-03-29,22,4.3,100.0,2.1,140.0,0.4
2023-03-29,23,4.2,100.0,1.5,140.0,0.3
2023-03-30,0,4.1,100.0,2.2,110.0,0.3
2023-03-30,1,3.9,100.0,2.3,110.0,0.2
2023-03-30,2,3.9,100.0,2.0,140.0,0.3
2023-03-30,3,3.9,100.0,2.6,160.0,0.3
2023-03-30,4,4.1,100.0,1.8,110.0,0.2
2023-03-30,5,4.0,100.0,2.7,110.0,0.2
2023-03-30,6,3.9,100.0,3.2,140.0,0.2
2023-03-30,7,3.7,100.0,2.0,160.0,0.2
2023-03-30,8,4.5,100.0,1.6,110.0,0.3
2023-03-30,9,4.8,100.0,3.1,110.0,0.5
2023-03-30,10,7.2,100.0,2.9,140.0,17.3
2023-03-30,11,10.0,78.0,3.3,160.0,22.1
2023-03-30,12,11.3,73.0,3.9,140.0,22.3
2023-03-30,13,11.7,67.0,3.0,140.0,18.7
2023-03-30,14,12.0,67.0,3.5,110.0,17.6
2023-03-30,15,12.7,53.0,4.5,160.0,13.0
2023-03-30,16,12.2,57.0,3.1,160.0,14.0
2023-03-30,17,11.6,58.0,2.8,180.0,14.7
2023-03-30,18,10.8,61.0,2.6,200.0,12.3
2023-03-30,19,9.4,71.0,2.3,200.0,9.6
2023-03-30,20,9.8,59.0,4.2,200.0,10.8
2023-03-30,21,9.2,55.0,1.0,290.0,13.9
2023-03-30,22,8.8,59.0,0.6,180.0,13.2
2023-03-30,23,6.5,94.0,1.7,110.0,3.7
2023-03-31,0,6.7,86.0,0.7,110.0,5.9
2023-03-31,1,5.7,87.0,1.6,180.0,4.5
2023-03-31,2,6.3,94.0,1.6,180.0,4.0
2023-03-31,3,6.4,92.0,1.3,180.0,4.7
2023-03-31,4,5.9,91.0,2.0,200.0,4.5
2023-03-31,5,5.9,98.0,1.8,110.0,2.0
2023-03-31,6,5.6,97.0,2.4,90.0,2.5
2023-03-31,7,5.9,96.0,2.2,110.0,3.3
2023-03-31,8,7.3,91.0,2.2,110.0,5.3
2023-03-31,9,9.8,78.0,1.7,140.0,8.1
2023-03-31,10,11.5,64.0,1.6,180.0,9.2
2023-03-31,11,13.7,51.0,2.0,110.0,12.2
2023-03-31,12,14.4,40.0,2.8,180.0,13.4
2023-03-31,13,16.6,35.0,1.7,180.0,13.9
2023-03-31,14,16.2,45.0,2.0,250.0,13.4
2023-03-31,15,15.5,42.0,2.1,320.0,13.5
2023-03-31,16,16.9,29.0,2.7,320.0,16.6
2023-03-31,17,15.6,24.0,3.2,320.0,18.1
2023-03-31,18,14.8,32.0,1.8,290.0,19.6
2023-03-31,19,10.9,48.0,0.9,290.0,16.7
2023-03-31,20,10.9,38.0,1.0,320.0,17.9
2023-03-31,21,10.1,46.0,1.8,290.0,15.2
2023-03-31,22,9.7,47.0,1.8,290.0,11.5
2023-03-31,23,11.3,22.0,2.4,290.0,23.8
2023-04-01,0,10.8,22.0,2.0,320.0,26.3
2023-04-01,1,9.8,26.0,2.0,290.0,25.6
2023-04-01,2,9.9,26.0,2.0,290.0,25.7
2023-04-01,3,11.3,19.0,1.4,290.0,28.0
2023-04-01,4,9.3,32.0,0.0,0.0,26.5
2023-04-01,5,10.6,28.0,1.7,70.0,23.6
2023-04-01,6,9.4,47.0,2.1,110.0,15.7
2023-04-01,7,8.5,67.0,2.9,90.0,11.5
2023-04-01,8,10.2,66.0,2.2,90.0,10.7
2023-04-01,9,14.1,31.0,2.5,90.0,15.2
2023-04-01,10,14.8,31.0,2.6,90.0,14.5
2023-04-01,11,18.9,15.0,2.4,90.0,22.2
2023-04-01,12,19.1,20.0,2.0,90.0,15.0
2023-04-01,13,16.9,31.0,3.1,290.0,21.5
2023-04-01,14,15.6,22.0,4.8,290.0,28.8
2023-04-01,15,15.1,21.0,5.1,290.0,25.2
2023-04-01,16,15.4,21.0,4.6,290.0,29.5
2023-04-01,17,14.2,22.0,4.9,320.0,34.5
2023-04-01,18,13.3,22.0,4.5,320.0,33.1
2023-04-01,19,12.1,25.0,2.5,320.0,34.4
2023-04-01,20,12.6,20.0,2.5,340.0,36.6
2023-04-01,21,12.9,20.0,3.3,340.0,35.1
2023-04-01,22,12.9,18.0,2.4,320.0,36.2
2023-04-01,23,12.8,17.0,1.6,320.0,36.0
2023-04-02,0,15.7,14.0,3.0,20.0,31.9
2023-04-02,1,13.5,23.0,1.6,70.0,24.6
2023-04-02,2,13.8,20.0,1.7,70.0,24.8
2023-04-02,3,11.1,27.0,1.1,290.0,25.8
2023-04-02,4,11.5,28.0,2.2,320.0,27.6
2023-04-02,5,11.5,26.0,2.4,320.0,23.8
2023-04-02,6,8.8,51.0,2.8,290.0,16.9
2023-04-02,7,11.2,33.0,0.7,90.0,21.1
2023-04-02,8,12.1,39.0,1.8,70.0,19.1
2023-04-02,9,12.9,42.0,2.9,90.0,17.5
2023-04-02,10,15.3,31.0,3.9,90.0,14.4
2023-04-02,11,18.1,29.0,5.0,140.0,13.1
2023-04-02,12,17.4,27.0,6.6,140.0,21.5
2023-04-02,13,17.3,25.0,6.9,140.0,22.5
2023-04-02,14,17.8,24.0,5.2,160.0,21.3
2023-04-02,15,17.9,24.0,4.3,160.0,20.2
2023-04-02,16,17.8,21.0,4.4,180.0,20.5
2023-04-02,17,17.8,18.0,4.7,160.0,18.6
2023-04-02,18,15.7,25.0,4.1,180.0,18.4
2023-04-02,19,14.4,25.0,2.1,320.0,27.4
2023-04-02,20,12.9,30.0,1.3,340.0,25.1
2023-04-02,21,12.4,31.0,1.1,360.0,19.7
2023-04-02,22,10.4,48.0,1.1,320.0,17.6
2023-04-02,23,10.1,47.0,2.2,320.0,15.3
2023-04-03,0,13.1,27.0,1.1,340.0,19.6
2023-04-03,1,10.7,53.0,2.2,90.0,15.0
2023-04-03,2,10.2,53.0,2.4,90.0,16.6
2023-04-03,3,10.4,51.0,2.8,110.0,17.6
2023-04-03,4,9.4,61.0,2.8,90.0,15.5
2023-04-03,5,10.3,57.0,3.6,110.0,17.0
2023-04-03,6,11.0,50.0,2.6,110.0,18.1
2023-04-03,7,11.0,54.0,3.1,110.0,17.4
2023-04-03,8,12.7,43.0,3.3,110.0,17.9
2023-04-03,9,13.1,45.0,2.2,110.0,18.5
2023-04-03,10,16.7,30.0,3.5,110.0,21.8
2023-04-03,11,17.3,26.0,4.7,140.0,21.3
2023-04-03,12,18.2,23.0,4.7,140.0,23.3
2023-04-03,13,18.7,24.0,3.8,140.0,22.2
2023-04-03,14,19.0,22.0,4.8,160.0,23.6
2023-04-03,15,18.2,21.0,5.8,180.0,23.7
2023-04-03,16,18.2,19.0,4.3,180.0,22.4
2023-04-03,17,17.6,21.0,3.0,180.0,12.0
2023-04-03,18,16.3,24.0,1.5,340.0,18.5
2023-04-03,19,13.7,34.0,1.8,290.0,21.7
2023-04-03,20,14.1,31.0,1.0,290.0,24.1
2023-04-03,21,13.9,31.0,2.4,340.0,23.7
2023-04-03,22,14.4,30.0,2.3,340.0,25.9
2023-04-03,23,15.3,28.0,2.1,50.0,24.4
2023-04-04,0,14.0,32.0,3.0,70.0,22.6
2023-04-04,1,13.1,37.0,2.4,70.0,22.5
2023-04-04,2,13.0,41.0,2.5,90.0,21.6
2023-04-04,3,12.7,47.0,1.7,110.0,20.4
2023-04-04,4,14.1,39.0,2.3,90.0,19.8
2023-04-04,5,13.7,43.0,3.8,110.0,18.5
2023-04-04,6,13.2,42.0,5.6,110.0,22.7
2023-04-04,7,12.0,51.0,6.1,140.0,23.2
2023-04-04,8,11.2,63.0,4.3,140.0,12.7
2023-04-04,9,11.1,64.0,3.6,140.0,11.4
2023-04-04,10,12.0,57.0,3.4,110.0,10.7
2023-04-04,11,12.3,56.0,3.8,140.0,11.3
2023-04-04,12,12.5,51.0,2.5,110.0,11.6
2023-04-04,13,13.4,48.0,5.0,110.0,10.8
2023-04-04,14,14.3,39.0,4.8,110.0,15.9
2023-04-04,15,11.6,58.0,5.1,140.0,12.2
2023-04-04,16,9.3,82.0,3.1,110.0,8.2
2023-04-04,17,10.7,74.0,4.1,110.0,8.6
2023-04-04,18,11.2,88.0,7.1,140.0,9.9
2023-04-04,19,10.7,95.0,6.5,140.0,5.3
2023-04-04,20,10.1,98.0,8.6,140.0,3.7
2023-04-04,21,10.0,96.0,10.0,110.0,5.9
2023-04-04,22,10.0,96.0,9.9,110.0,5.1
2023-04-04,23,10.1,96.0,8.0,110.0,4.1
2023-04-05,0,10.3,97.0,9.6,110.0,3.0
2023-04-05,1,10.4,98.0,8.7,110.0,3.0
2023-04-05,2,10.9,99.0,10.8,110.0,2.8
2023-04-05,3,10.6,99.0,10.6,110.0,2.9
2023-04-05,4,10.8,99.0,9.4,140.0,4.0
2023-04-05,5,10.3,99.0,10.3,140.0,3.3
2023-04-05,6,10.3,100.0,8.2,140.0,4.2
2023-04-05,7,10.0,100.0,8.4,140.0,4.7
2023-04-05,8,10.3,99.0,4.8,160.0,14.9
2023-04-05,9,9.5,99.0,5.0,160.0,0.7
2023-04-05,10,9.3,99.0,3.2,160.0,0.5
2023-04-05,11,9.9,100.0,2.6,200.0,0.2
2023-04-05,12,9.6,100.0,3.4,200.0,0.2
2023-04-05,13,9.1,100.0,5.4,180.0,0.6
2023-04-05,14,8.8,100.0,6.5,200.0,1.9
2023-04-05,15,8.8,96.0,5.3,200.0,5.7
2023-04-05,16,8.7,95.0,4.0,200.0,7.0
2023-04-05,17,8.3,96.0,4.4,180.0,4.0
2023-04-05,18,8.1,98.0,3.2,160.0,2.2
2023-04-05,19,8.0,99.0,2.5,180.0,0.8
2023-04-05,20,7.8,99.0,1.7,140.0,0.7
2023-04-05,21,7.8,100.0,1.6,160.0,0.4
2023-04-05,22,7.6,100.0,2.5,160.0,0.2
2023-04-05,23,7.6,100.0,2.0,230.0,0.9
2023-04-06,0,7.6,100.0,2.4,250.0,1.6
2023-04-06,1,7.2,100.0,1.3,290.0,2.3
2023-04-06,2,7.2,100.0,0.0,0.0,5.1
2023-04-06,3,7.1,100.0,1.2,270.0,0.6
2023-04-06,4,6.8,100.0,3.3,290.0,0.2
2023-04-06,5,6.7,100.0,3.6,320.0,0.9
2023-04-06,6,6.8,99.0,3.3,320.0,1.0
2023-04-06,7,7.0,97.0,2.9,290.0,1.3
2023-04-06,8,7.6,93.0,1.6,270.0,2.3
2023-04-06,9,7.8,87.0,3.9,290.0,2.7
2023-04-06,10,8.1,79.0,4.7,290.0,2.7
2023-04-06,11,9.0,73.0,5.1,290.0,2.9
2023-04-06,12,9.8,68.0,4.8,320.0,3.4
2023-04-06,13,9.7,66.0,5.8,290.0,4.3
2023-04-06,14,8.5,76.0,5.6,290.0,5.7
2023-04-06,15,8.5,71.0,5.1,320.0,6.8
2023-04-06,16,8.0,75.0,5.2,290.0,6.1
2023-04-06,17,7.6,76.0,4.2,290.0,7.5
2023-04-06,18,7.8,66.0,4.8,290.0,11.2
2023-04-06,19,7.6,67.0,5.0,290.0,18.6
2023-04-06,20,7.4,66.0,4.1,290.0,23.5
2023-04-06,21,7.4,63.0,3.8,290.0,25.3
2023-04-06,22,7.5,62.0,4.8,290.0,29.4
2023-04-06,23,7.5,58.0,5.0,270.0,27.6
2023-04-07,0,7.4,65.0,5.4,290.0,23.0
2023-04-07,1,6.9,78.0,4.5,290.0,12.8
2023-04-07,2,6.7,86.0,4.5,290.0,7.3
2023-04-07,3,6.6,89.0,4.3,290.0,4.4
2023-04-07,4,6.2,91.0,3.4,290.0,3.7
2023-04-07,5,6.1,88.0,2.9,290.0,4.9
2023-04-07,6,6.2,85.0,4.0,290.0,6.5
2023-04-07,7,6.7,80.0,3.7,320.0,15.4
2023-04-07,8,7.7,61.0,6.2,340.0,19.9
2023-04-07,9,7.7,49.0,9.4,340.0,25.8
2023-04-07,10,7.4,46.0,9.4,340.0,32.2
2023-04-07,11,7.6,49.0,9.8,340.0,31.9
2023-04-07,12,7.4,50.0,8.6,340.0,31.6
2023-04-07,13,7.7,41.0,6.9,320.0,35.5
2023-04-07,14,6.8,41.0,8.9,320.0,40.9
2023-04-07,15,7.0,34.0,9.3,320.0,45.2
2023-04-07,16,7.3,43.0,9.4,320.0,47.3
2023-04-07,17,7.0,35.0,8.2,290.0,46.2
2023-04-07,18,6.6,41.0,7.5,320.0,45.9
2023-04-07,19,6.0,52.0,8.3,290.0,40.4
2023-04-07,20,6.0,60.0,7.2,290.0,37.6
2023-04-07,21,6.3,54.0,6.1,290.0,39.2
2023-04-07,22,6.1,57.0,6.5,290.0,41.6
2023-04-07,23,6.0,57.0,7.5,290.0,38.5
2023-04-08,0,5.6,59.0,4.8,270.0,41.1
2023-04-08,1,5.6,49.0,3.7,270.0,46.2
2023-04-08,2,6.2,58.0,4.4,250.0,43.2
2023-04-08,3,6.9,54.0,6.2,250.0,45.1
2023-04-08,4,6.6,64.0,4.2,270.0,37.3
2023-04-08,5,6.3,74.0,3.9,270.0,29.2
2023-04-08,6,5.8,86.0,3.7,290.0,22.2
2023-04-08,7,6.1,87.0,3.8,290.0,21.8
2023-04-08,8,7.2,82.0,5.5,290.0,23.0
2023-04-08,9,8.4,75.0,5.0,290.0,23.9
2023-04-08,10,8.5,75.0,4.8,320.0,24.5
2023-04-08,11,9.4,73.0,3.7,320.0,25.5
2023-04-08,12,9.7,67.0,4.3,290.0,27.1
2023-04-08,13,9.8,62.0,3.9,320.0,30.2
2023-04-08,14,10.0,56.0,4.2,320.0,30.2
2023-04-08,15,10.3,55.0,3.9,290.0,31.3
2023-04-08,16,10.3,53.0,3.7,290.0,31.1
2023-04-08,17,9.7,61.0,3.4,290.0,30.6
2023-04-08,18,9.9,33.0,3.4,270.0,33.2
2023-04-08,19,7.8,58.0,1.6,270.0,28.6
2023-04-08,20,6.1,67.0,1.3,320.0,28.9
2023-04-08,21,6.2,88.0,1.8,200.0,17.1
2023-04-08,22,6.2,96.0,2.3,200.0,11.0
2023-04-08,23,5.7,96.0,1.2,250.0,11.4
2023-04-09,0,6.3,93.0,1.2,200.0,12.9
2023-04-09,1,5.9,98.0,1.9,160.0,6.2
2023-04-09,2,6.4,90.0,0.4,0.0,11.9
2023-04-09,3,5.4,99.0,1.8,110.0,4.8
2023-04-09,4,5.7,100.0,2.5,90.0,2.0
2023-04-09,5,5.9,100.0,2.4,90.0,1.6
2023-04-09,6,5.9,100.0,2.1,110.0,1.3
2023-04-09,7,6.6,100.0,2.5,90.0,4.2
2023-04-09,8,9.3,81.0,1.4,140.0,17.9
2023-04-09,9,10.8,64.0,2.7,160.0,29.6
2023-04-09,10,11.3,58.0,6.7,180.0,26.5
2023-04-09,11,11.8,59.0,5.9,180.0,26.6
2023-04-09,12,12.8,59.0,4.4,230.0,25.6
2023-04-09,13,13.0,57.0,5.7,230.0,23.1
2023-04-09,14,13.2,55.0,5.8,230.0,21.0
2023-04-09,15,12.9,54.0,7.0,230.0,24.8
2023-04-09,16,12.7,59.0,5.4,230.0,22.1
2023-04-09,17,12.0,65.0,4.8,200.0,18.6
2023-04-09,18,11.2,68.0,5.4,200.0,16.7
2023-04-09,19,10.6,70.0,5.6,200.0,17.6
2023-04-09,20,9.3,80.0,5.5,160.0,15.7
2023-04-09,21,8.7,87.0,5.1,180.0,14.3
2023-04-09,22,8.5,87.0,4.4,180.0,14.0
2023-04-09,23,8.4,86.0,3.5,160.0,16.1
2023-04-10,0,8.9,81.0,6.3,160.0,20.3
2023-04-10,1,8.5,87.0,5.7,160.0,14.9
2023-04-10,2,8.5,87.0,6.8,160.0,13.6
2023-04-10,3,8.4,87.0,6.2,160.0,14.8
2023-04-10,4,8.2,87.0,6.3,160.0,16.2
2023-04-10,5,8.2,90.0,6.5,140.0,14.3
2023-04-10,6,8.1,93.0,6.4,140.0,11.3
2023-04-10,7,8.2,94.0,7.2,160.0,10.2
2023-04-10,8,8.5,93.0,7.0,140.0,11.6
2023-04-10,9,9.0,91.0,5.6,140.0,12.5
2023-04-10,10,10.8,80.0,8.8,160.0,18.7
2023-04-10,11,11.1,80.0,9.2,160.0,18.9
2023-04-10,12,12.9,72.0,7.6,180.0,19.4
2023-04-10,13,12.9,73.0,8.0,180.0,19.6
2023-04-10,14,12.7,72.0,6.1,180.0,18.5
2023-04-10,15,12.5,75.0,6.3,180.0,18.6
2023-04-10,16,12.4,76.0,6.5,160.0,18.2
2023-04-10,17,10.3,85.0,4.6,140.0,14.2
2023-04-10,18,9.7,91.0,6.0,160.0,13.2
2023-04-10,19,9.1,92.0,5.7,140.0,11.9
2023-04-10,20,9.0,94.0,6.6,140.0,11.3
2023-04-10,21,9.1,94.0,5.7,140.0,12.1
2023-04-10,22,8.9,95.0,5.4,140.0,11.6
2023-04-10,23,9.4,93.0,4.6,160.0,13.6
2023-04-11,0,10.3,88.0,6.8,180.0,16.8
2023-04-11,1,10.2,88.0,8.7,160.0,17.1
2023-04-11,2,9.6,93.0,8.2,160.0,13.9
2023-04-11,3,10.1,91.0,7.0,160.0,15.6
2023-04-11,4,10.6,91.0,7.9,160.0,15.5
2023-04-11,5,10.8,92.0,7.0,180.0,14.1
2023-04-11,6,11.3,93.0,7.6,180.0,12.5
2023-04-11,7,10.6,95.0,7.1,200.0,10.4
2023-04-11,8,10.9,95.0,8.3,230.0,10.4
2023-04-11,9,11.3,90.0,7.1,250.0,12.6
2023-04-11,10,12.4,84.0,2.8,270.0,13.0
2023-04-11,11,12.1,78.0,5.8,290.0,12.1
2023-04-11,12,11.3,81.0,5.1,320.0,10.6
2023-04-11,13,9.9,85.0,6.2,320.0,9.2
2023-04-11,14,10.0,84.0,4.5,320.0,9.2
2023-04-11,15,10.2,80.0,4.5,290.0,11.4
2023-04-11,16,10.9,65.0,4.7,290.0,12.8
2023-04-11,17,11.4,53.0,5.3,290.0,10.4
2023-04-11,18,10.4,53.0,6.0,290.0,8.1
2023-04-11,19,8.9,65.0,5.9,290.0,6.7
2023-04-11,20,8.3,66.0,4.7,290.0,6.0
2023-04-11,21,8.5,58.0,5.2,320.0,6.8
2023-04-11,22,8.0,61.0,3.7,320.0,9.0
2023-04-11,23,7.1,69.0,1.0,320.0,10.3
2023-04-12,0,6.1,76.0,1.4,290.0,11.4
2023-04-12,1,5.9,76.0,2.3,290.0,11.4
2023-04-12,2,6.0,71.0,2.3,290.0,12.5
2023-04-12,3,5.6,70.0,2.2,320.0,13.2
2023-04-12,4,5.3,66.0,1.7,290.0,14.0
2023-04-12,5,5.4,58.0,2.6,270.0,14.8
2023-04-12,6,5.3,76.0,2.5,290.0,11.5
2023-04-12,7,5.6,63.0,2.0,270.0,13.0
2023-04-12,8,7.5,54.0,2.2,200.0,14.6
2023-04-12,9,10.3,31.0,3.8,230.0,15.2
2023-04-12,10,11.1,22.0,5.5,230.0,14.1
2023-04-12,11,11.8,30.0,5.7,230.0,12.1
2023-04-12,12,13.1,31.0,5.5,250.0,13.3
2023-04-12,13,13.7,25.0,4.9,250.0,11.0
2023-04-12,14,14.1,25.0,4.5,250.0,11.3
2023-04-12,15,14.1,23.0,5.1,250.0,11.9
2023-04-12,16,14.1,18.0,5.7,250.0,11.5
2023-04-12,17,13.8,20.0,4.3,250.0,13.3
2023-04-12,18,12.8,20.0,3.3,230.0,13.9
2023-04-12,19,11.0,25.0,3.0,200.0,13.6
2023-04-12,20,9.7,47.0,4.6,230.0,15.1
2023-04-12,21,11.0,29.0,4.1,230.0,13.7
2023-04-12,22,11.3,30.0,4.6,200.0,11.9
2023-04-12,23,10.5,44.0,6.3,230.0,9.6
2023-04-13,0,10.5,43.0,6.3,230.0,8.9
2023-04-13,1,10.3,47.0,6.5,230.0,8.1
2023-04-13,2,10.0,54.0,7.4,230.0,8.8
2023-04-13,3,8.9,68.0,3.2,200.0,9.3
2023-04-13,4,8.9,69.0,4.0,200.0,10.3
2023-04-13,5,9.0,68.0,4.6,180.0,12.0
2023-04-13,6,9.2,63.0,3.5,180.0,13.2
2023-04-13,7,9.6,67.0,3.3,180.0,13.2
2023-04-13,8,10.5,61.0,3.8,180.0,14.1
2023-04-13,9,10.4,64.0,2.6,160.0,13.5
2023-04-13,10,10.0,62.0,4.4,180.0,9.9
2023-04-13,11,10.5,63.0,3.0,180.0,16.4
2023-04-13,12,9.6,74.0,6.3,160.0,13.2
2023-04-13,13,10.1,72.0,4.4,160.0,13.9
2023-04-13,14,10.6,75.0,3.7,160.0,12.3
2023-04-13,15,10.1,75.0,5.2,160.0,14.1
2023-04-13,16,9.6,70.0,5.5,140.0,14.5
2023-04-13,17,9.8,71.0,5.6,160.0,14.6
2023-04-13,18,9.4,74.0,4.2,140.0,14.8
2023-04-13,19,9.1,77.0,5.2,140.0,14.2
2023-04-13,20,9.4,70.0,6.0,140.0,15.3
2023-04-13,21,9.2,67.0,6.4,160.0,17.7
2023-04-13,22,9.5,63.0,5.6,160.0,18.6
2023-04-13,23,9.3,68.0,8.1,140.0,18.7
2023-04-14,0,9.7,71.0,6.6,140.0,19.1
2023-04-14,1,10.1,73.0,4.5,140.0,20.4
2023-04-14,2,9.8,77.0,3.8,140.0,20.4
2023-04-14,3,8.6,87.0,1.9,110.0,20.0
2023-04-14,4,8.7,88.0,2.6,90.0,20.4
2023-04-14,5,9.0,91.0,2.0,70.0,18.6
2023-04-14,6,9.3,92.0,4.8,140.0,15.8
2023-04-14,7,9.3,94.0,5.0,110.0,13.8
2023-04-14,8,9.9,94.0,9.5,160.0,8.9
2023-04-14,9,9.9,94.0,6.9,140.0,13.4
2023-04-14,10,10.2,93.0,4.3,140.0,16.3
2023-04-14,11,11.2,89.0,3.7,140.0,16.6
2023-04-14,12,11.0,89.0,3.9,160.0,17.4
2023-04-14,13,10.5,90.0,4.0,140.0,14.8
2023-04-14,14,11.8,89.0,2.9,110.0,15.1
2023-04-14,15,10.7,93.0,2.2,110.0,6.1
2023-04-14,16,10.8,92.0,3.6,140.0,17.8
2023-04-14,17,11.6,89.0,2.4,160.0,18.3
2023-04-14,18,11.1,86.0,3.0,160.0,21.3
2023-04-14,19,10.3,87.0,2.5,180.0,20.8
2023-04-14,20,10.2,87.0,4.0,180.0,22.1
2023-04-14,21,10.4,86.0,2.4,180.0,23.4
2023-04-14,22,10.1,88.0,1.7,180.0,17.4
2023-04-14,23,9.9,89.0,3.7,180.0,21.9
2023-04-15,0,10.7,92.0,1.5,290.0,23.2
2023-04-15,1,10.6,96.0,0.7,320.0,13.5
2023-04-15,2,11.9,96.0,3.4,230.0,14.5
2023-04-15,3,10.6,97.0,2.0,250.0,5.3
2023-04-15,4,9.6,98.0,4.7,290.0,4.5
2023-04-15,5,8.9,98.0,1.1,250.0,2.5
2023-04-15,6,8.0,99.0,4.5,290.0,0.4
2023-04-15,7,7.8,99.0,4.8,290.0,0.3
2023-04-15,8,7.8,100.0,5.5,320.0,0.4
2023-04-15,9,7.8,100.0,4.9,320.0,0.3
2023-04-15,10,7.9,100.0,4.5,320.0,0.4
2023-04-15,11,10.1,99.0,3.0,290.0,27.3
2023-04-15,12,8.0,97.0,6.7,320.0,0.7
2023-04-15,13,7.8,98.0,6.7,290.0,1.4
2023-04-15,14,9.5,87.0,4.8,290.0,10.1
2023-04-15,15,9.3,89.0,4.7,290.0,12.5
2023-04-15,16,9.4,85.0,4.0,290.0,17.6
2023-04-15,17,11.8,65.0,3.7,290.0,14.7
2023-04-15,18,10.8,79.0,1.6,290.0,15.8
2023-04-15,19,9.3,79.0,0.6,230.0,16.0
2023-04-15,20,7.5,84.0,1.9,90.0,12.3
2023-04-15,21,7.0,95.0,1.6,160.0,6.1
2023-04-15,22,6.2,98.0,0.9,160.0,2.8
2023-04-15,23,8.0,85.0,1.5,270.0,10.4
2023-04-16,0,7.9,84.0,1.0,20.0,11.9
2023-04-16,1,9.3,70.0,2.3,320.0,12.6
2023-04-16,2,10.3,54.0,2.5,290.0,12.2
2023-04-16,3,10.9,46.0,1.7,320.0,12.9
2023-04-16,4,12.3,36.0,2.0,20.0,16.7
2023-04-16,5,9.7,62.0,1.9,200.0,14.6
2023-04-16,6,9.2,64.0,1.9,180.0,14.7
2023-04-16,7,10.2,61.0,2.4,270.0,13.8
2023-04-16,8,10.3,68.0,4.6,290.0,14.5
2023-04-16,9,11.5,58.0,2.6,270.0,18.7
2023-04-16,10,11.2,63.0,5.5,320.0,20.3
2023-04-16,11,12.0,58.0,5.0,340.0,17.2
2023-04-16,12,12.3,64.0,4.9,340.0,20.0
2023-04-16,13,12.2,68.0,4.5,320.0,19.1
2023-04-16,14,11.3,70.0,5.7,320.0,18.0
2023-04-16,15,11.7,67.0,5.4,290.0,17.8
2023-04-16,16,12.7,58.0,3.9,290.0,16.4
2023-04-16,17,11.1,57.0,5.1,290.0,15.4
2023-04-16,18,10.3,61.0,4.5,290.0,14.8
2023-04-16,19,10.2,46.0,4.0,290.0,18.6
2023-04-16,20,9.7,51.0,4.2,290.0,20.1
2023-04-16,21,9.7,53.0,3.8,270.0,18.2
2023-04-16,22,10.2,52.0,3.9,270.0,21.1
2023-04-16,23,10.0,58.0,4.0,270.0,19.6
2023-04-17,0,9.9,57.0,4.2,290.0,19.7
2023-04-17,1,8.5,71.0,2.6,320.0,18.3
2023-04-17,2,7.7,72.0,1.0,250.0,18.9
2023-04-17,3,7.4,81.0,1.3,200.0,13.9
2023-04-17,4,7.7,86.0,2.4,270.0,12.3
2023-04-17,5,7.9,85.0,1.7,230.0,12.1
2023-04-17,6,8.3,79.0,0.8,250.0,13.6
2023-04-17,7,8.0,84.0,0.9,200.0,10.7
2023-04-17,8,9.1,84.0,1.1,140.0,10.8
2023-04-17,9,10.4,76.0,2.1,180.0,14.6
2023-04-17,10,10.6,71.0,2.4,140.0,17.0
2023-04-17,11,11.5,66.0,5.0,140.0,21.2
2023-04-17,12,12.1,75.0,4.9,160.0,19.5
2023-04-17,13,11.6,82.0,6.5,160.0,19.4
2023-04-17,14,11.7,75.0,6.3,160.0,20.9
2023-04-17,15,11.2,77.0,5.5,160.0,19.1
2023-04-17,16,11.5,71.0,4.0,140.0,20.5
2023-04-17,17,10.9,71.0,5.5,140.0,20.3
2023-04-17,18,10.8,69.0,5.9,140.0,20.4
2023-04-17,19,10.9,66.0,6.9,110.0,21.1
2023-04-17,20,11.9,57.0,7.0,110.0,20.0
2023-04-17,21,11.6,63.0,6.5,110.0,20.1
2023-04-17,22,11.7,60.0,6.1,140.0,22.2
2023-04-17,23,12.1,62.0,6.4,110.0,22.6
2023-04-18,0,11.4,67.0,5.2,110.0,22.5
2023-04-18,1,12.9,54.0,7.3,110.0,23.1
2023-04-18,2,12.8,57.0,6.9,110.0,19.4
2023-04-18,3,12.3,61.0,4.8,110.0,17.6
2023-04-18,4,13.7,63.0,6.0,160.0,20.9
2023-04-18,5,12.4,77.0,5.3,160.0,10.1
2023-04-18,6,11.1,93.0,4.8,140.0,6.5
2023-04-18,7,10.1,98.0,3.8,90.0,1.5
2023-04-18,8,9.8,99.0,3.9,90.0,0.2
2023-04-18,9,10.0,99.0,3.5,90.0,0.7
2023-04-18,10,11.1,97.0,3.4,90.0,6.8
2023-04-18,11,12.5,89.0,3.5,90.0,9.2
2023-04-18,12,14.9,77.0,3.1,70.0,15.2
2023-04-18,13,16.5,67.0,2.2,70.0,22.8
2023-04-18,14,14.1,71.0,4.3,340.0,15.3
2023-04-18,15,14.5,65.0,4.8,320.0,17.0
2023-04-18,16,15.0,63.0,5.2,340.0,17.7
2023-04-18,17,12.9,68.0,5.1,320.0,15.2
2023-04-18,18,12.0,72.0,4.7,320.0,14.1
2023-04-18,19,11.2,76.0,4.1,320.0,14.8
2023-04-18,20,10.8,76.0,4.4,340.0,15.7
2023-04-18,21,10.6,75.0,4.9,320.0,16.6
2023-04-18,22,9.6,80.0,2.0,290.0,15.6
2023-04-18,23,10.0,78.0,1.8,290.0,16.3
2023-04-19,0,9.3,80.0,1.8,290.0,15.9
2023-04-19,1,8.4,88.0,2.1,290.0,11.2
2023-04-19,2,9.4,82.0,2.4,270.0,14.4
2023-04-19,3,7.6,92.0,2.9,290.0,7.6
2023-04-19,4,7.6,92.0,2.3,290.0,7.6
2023-04-19,5,7.3,92.0,2.1,320.0,6.8
2023-04-19,6,7.7,95.0,1.1,320.0,6.1
2023-04-19,7,9.3,93.0,1.7,90.0,7.7
2023-04-19,8,11.9,81.0,2.3,90.0,14.2
2023-04-19,9,13.1,73.0,3.2,110.0,13.7
2023-04-19,10,14.2,72.0,2.3,180.0,14.9
2023-04-19,11,13.6,78.0,2.5,180.0,12.8
2023-04-19,12,15.0,70.0,2.3,340.0,15.2
2023-04-19,13,16.0,70.0,2.2,340.0,17.0
2023-04-19,14,13.9,73.0,3.0,320.0,27.3
2023-04-19,15,14.2,77.0,3.0,290.0,24.4
2023-04-19,16,10.1,91.0,4.0,290.0,12.0
2023-04-19,17,14.3,78.0,3.7,320.0,15.2
2023-04-19,18,14.5,77.0,1.6,290.0,14.6
2023-04-19,19,13.2,82.0,0.5,70.0,14.4
2023-04-19,20,10.2,92.0,0.5,200.0,9.8
2023-04-19,21,9.4,91.0,1.6,140.0,10.5
2023-04-19,22,8.8,96.0,1.2,200.0,7.3
2023-04-19,23,9.4,97.0,2.5,180.0,2.8
2023-04-20,0,10.3,96.0,2.6,180.0,3.5
2023-04-20,1,11.3,95.0,2.4,180.0,6.4
2023-04-20,2,10.1,93.0,2.6,90.0,6.3
2023-04-20,3,10.0,97.0,2.2,110.0,2.8
2023-04-20,4,10.3,99.0,0.8,180.0,0.5
2023-04-20,5,10.1,99.0,2.2,140.0,0.4
2023-04-20,6,10.1,99.0,1.9,160.0,0.4
2023-04-20,7,10.1,99.0,1.6,140.0,0.4
2023-04-20,8,10.3,100.0,1.6,110.0,0.3
2023-04-20,9,11.5,99.0,1.6,180.0,0.6
2023-04-20,10,12.3,98.0,2.6,290.0,4.0
2023-04-20,11,12.2,97.0,2.1,200.0,5.5
2023-04-20,12,12.2,95.0,1.5,340.0,17.2
2023-04-20,13,11.8,92.0,2.9,320.0,16.0
2023-04-20,14,11.3,93.0,4.8,340.0,4.3
2023-04-20,15,11.4,89.0,7.4,340.0,32.1
2023-04-20,16,13.0,77.0,4.7,320.0,36.2
2023-04-20,17,12.9,57.0,7.6,340.0,23.5
2023-04-20,18,12.3,62.0,5.6,340.0,22.5
2023-04-20,19,12.2,65.0,5.0,360.0,24.3
2023-04-20,20,10.2,67.0,4.6,340.0,25.8
2023-04-20,21,9.9,61.0,5.2,340.0,28.3
2023-04-20,22,9.7,61.0,5.6,340.0,25.8
2023-04-20,23,10.0,59.0,6.8,340.0,24.8
2023-04-21,0,10.3,57.0,8.8,340.0,24.9
2023-04-21,1,10.2,55.0,8.3,340.0,24.2
2023-04-21,2,10.2,51.0,4.8,340.0,24.6
2023-04-21,3,10.6,44.0,8.8,340.0,25.3
2023-04-21,4,11.0,35.0,7.8,340.0,25.5
2023-04-21,5,11.4,28.0,9.7,340.0,24.0
2023-04-21,6,11.3,27.0,7.7,340.0,22.6
2023-04-21,7,11.4,28.0,8.5,340.0,23.7
2023-04-21,8,11.9,25.0,5.3,360.0,23.7
2023-04-21,9,12.4,21.0,8.3,360.0,23.5
2023-04-21,10,13.2,15.0,6.8,360.0,22.8
2023-04-21,11,13.5,13.0,8.3,360.0,22.4
2023-04-21,12,13.8,14.0,8.5,360.0,21.5
2023-04-21,13,13.3,24.0,8.2,340.0,22.7
2023-04-21,14,13.3,23.0,8.4,340.0,20.8
2023-04-21,15,13.0,32.0,7.8,360.0,18.7
2023-04-21,16,12.8,33.0,7.4,360.0,18.1
2023-04-21,17,12.4,34.0,7.1,340.0,21.7
2023-04-21,18,11.3,44.0,5.6,340.0,22.1
2023-04-21,19,11.5,38.0,6.3,360.0,24.9
2023-04-21,20,10.9,45.0,5.3,340.0,25.9
2023-04-21,21,10.9,48.0,5.2,340.0,27.1
2023-04-21,22,10.7,50.0,5.9,340.0,29.2
2023-04-21,23,12.1,34.0,7.4,340.0,33.2
2023-04-22,0,12.5,27.0,4.8,340.0,33.6
2023-04-22,1,12.6,27.0,4.1,340.0,33.9
2023-04-22,2,11.9,35.0,2.9,340.0,34.6
2023-04-22,3,10.6,39.0,2.6,320.0,33.4
2023-04-22,4,10.8,39.0,4.6,360.0,34.7
2023-04-22,5,11.7,24.0,3.0,360.0,34.2
2023-04-22,6,11.0,31.0,1.7,340.0,34.8
2023-04-22,7,11.6,25.0,2.7,50.0,33.5
2023-04-22,8,11.0,37.0,1.6,20.0,29.7
2023-04-22,9,12.9,24.0,1.9,340.0,33.7
2023-04-22,10,11.5,51.0,2.2,320.0,27.9
2023-04-22,11,13.7,26.0,2.3,320.0,28.9
2023-04-22,12,15.1,22.0,2.5,340.0,29.4
2023-04-22,13,15.6,26.0,2.8,340.0,29.4
2023-04-22,14,14.8,26.0,4.7,340.0,29.7
2023-04-22,15,16.5,19.0,4.9,340.0,32.0
2023-04-22,16,15.8,18.0,3.8,340.0,31.9
2023-04-22,17,14.8,22.0,3.4,340.0,34.5
2023-04-22,18,13.2,31.0,2.7,320.0,33.8
2023-04-22,19,14.0,18.0,2.8,20.0,37.9
2023-04-22,20,14.4,12.0,3.6,360.0,39.1
2023-04-22,21,13.6,15.0,3.5,340.0,40.9
2023-04-22,22,12.6,18.0,2.6,290.0,37.9
2023-04-22,23,13.4,19.0,3.3,340.0,39.7
2023-04-23,0,13.4,18.0,2.5,360.0,38.7
2023-04-23,1,12.9,19.0,1.7,320.0,37.7
2023-04-23,2,12.1,18.0,1.9,340.0,38.3
2023-04-23,3,12.0,21.0,2.8,340.0,37.7
2023-04-23,4,11.5,23.0,2.8,320.0,36.6
2023-04-23,5,11.0,28.0,2.0,320.0,39.2
2023-04-23,6,11.1,29.0,2.0,290.0,38.2
2023-04-23,7,11.2,33.0,2.9,320.0,36.0
2023-04-23,8,11.7,39.0,2.0,320.0,29.6
2023-04-23,9,13.8,31.0,3.0,340.0,37.4
2023-04-23,10,15.4,34.0,2.9,320.0,35.0
2023-04-23,11,17.5,23.0,1.7,20.0,32.8
2023-04-23,12,16.4,33.0,3.4,290.0,31.6
2023-04-23,13,15.2,29.0,4.6,340.0,27.4
2023-04-23,14,14.8,34.0,5.8,340.0,22.5
2023-04-23,15,13.4,36.0,3.0,290.0,32.7
2023-04-23,16,12.8,38.0,5.8,340.0,29.4
2023-04-23,17,12.6,38.0,5.7,340.0,28.8
2023-04-23,18,12.8,30.0,4.5,360.0,32.0
2023-04-23,19,12.8,27.0,4.0,340.0,33.9
2023-04-23,20,11.0,41.0,3.1,320.0,31.9
2023-04-23,21,10.9,40.0,4.4,320.0,31.3
2023-04-23,22,10.8,43.0,3.4,290.0,34.0
2023-04-23,23,11.6,36.0,3.8,340.0,33.4
2023-04-24,0,11.6,37.0,6.0,340.0,32.5
2023-04-24,1,10.9,47.0,5.0,340.0,31.9
2023-04-24,2,11.1,46.0,6.0,340.0,32.0
2023-04-24,3,10.3,51.0,3.7,360.0,33.0
2023-04-24,4,10.0,57.0,3.7,340.0,33.6
2023-04-24,5,10.5,51.0,3.7,340.0,33.8
2023-04-24,6,9.8,59.0,3.2,340.0,33.7
2023-04-24,7,10.1,50.0,3.8,360.0,32.0
2023-04-24,8,10.3,53.0,3.9,340.0,31.0
2023-04-24,9,10.7,48.0,4.5,340.0,29.9
2023-04-24,10,11.2,52.0,4.6,340.0,30.9
2023-04-24,11,13.1,40.0,2.2,340.0,33.1
2023-04-24,12,15.6,19.0,2.8,70.0,30.4
2023-04-24,13,14.3,32.0,4.0,320.0,30.1
2023-04-24,14,11.1,67.0,4.4,320.0,21.6
2023-04-24,15,14.6,45.0,2.6,290.0,25.2
2023-04-24,16,15.2,40.0,3.3,320.0,27.5
2023-04-24,17,14.6,46.0,2.7,290.0,25.3
2023-04-24,18,12.8,51.0,3.0,320.0,23.9
2023-04-24,19,11.6,55.0,1.7,290.0,24.3
2023-04-24,20,9.5,64.0,2.2,290.0,26.7
2023-04-24,21,8.7,66.0,1.6,270.0,30.6
2023-04-24,22,7.9,74.0,2.8,290.0,29.3
2023-04-24,23,7.6,72.0,2.8,290.0,33.7
2023-04-25,0,7.7,58.0,2.7,290.0,33.3
2023-04-25,1,7.4,58.0,2.4,290.0,31.5
2023-04-25,2,7.6,63.0,2.3,320.0,32.1
2023-04-25,3,7.7,46.0,1.3,290.0,31.8
2023-04-25,4,7.8,46.0,0.0,0.0,31.3
2023-04-25,5,7.8,42.0,0.0,0.0,31.5
2023-04-25,6,7.3,49.0,0.6,110.0,30.5
2023-04-25,7,7.7,56.0,1.1,140.0,27.6
2023-04-25,8,8.3,75.0,3.0,160.0,24.5
2023-04-25,9,9.1,57.0,4.0,160.0,27.5
2023-04-25,10,8.9,70.0,5.7,160.0,25.3
2023-04-25,11,9.3,67.0,5.1,160.0,27.1
2023-04-25,12,9.0,77.0,4.2,160.0,25.3
2023-04-25,13,9.6,81.0,4.5,200.0,24.4
2023-04-25,14,10.7,76.0,3.3,230.0,27.0
2023-04-25,15,10.6,79.0,4.1,200.0,28.0
2023-04-25,16,10.9,76.0,4.9,200.0,32.3
2023-04-25,17,11.1,76.0,4.1,200.0,33.1
2023-04-25,18,10.3,82.0,4.2,230.0,32.3
2023-04-25,19,9.8,87.0,4.1,230.0,28.0
2023-04-25,20,9.4,90.0,3.0,200.0,21.5
2023-04-25,21,9.5,91.0,3.3,200.0,23.0
2023-04-25,22,9.7,91.0,3.6,200.0,22.1
2023-04-25,23,9.7,92.0,4.4,200.0,18.7
2023-04-26,0,9.6,87.0,5.1,230.0,25.4
2023-04-26,1,9.2,85.0,4.5,250.0,20.8
2023-04-26,2,8.0,86.0,6.6,290.0,18.7
2023-04-26,3,7.5,84.0,7.3,320.0,20.8
2023-04-26,4,7.2,82.0,8.6,320.0,20.5
2023-04-26,5,6.8,82.0,6.9,320.0,21.1
2023-04-26,6,6.8,77.0,6.6,340.0,22.3
2023-04-26,7,6.7,71.0,8.5,320.0,29.4
2023-04-26,8,6.9,71.0,9.5,320.0,29.6
2023-04-26,9,7.2,64.0,9.9,320.0,25.6
2023-04-26,10,7.5,68.0,7.9,320.0,26.3
2023-04-26,11,7.9,64.0,6.2,320.0,25.0
2023-04-26,12,8.0,64.0,9.3,340.0,25.6
2023-04-26,13,8.9,62.0,7.4,340.0,23.0
2023-04-26,14,9.5,61.0,7.5,320.0,24.2
2023-04-26,15,9.2,62.0,7.7,320.0,23.6
2023-04-26,16,9.2,60.0,7.8,320.0,24.3
2023-04-26,17,9.4,56.0,6.1,320.0,24.8
2023-04-26,18,9.4,59.0,3.6,290.0,24.9
2023-04-26,19,8.3,71.0,2.3,290.0,25.8
2023-04-26,20,7.5,74.0,0.1,0.0,27.3
2023-04-26,21,6.7,80.0,1.6,160.0,22.9
2023-04-26,22,6.1,88.0,2.1,200.0,15.9
2023-04-26,23,5.7,92.0,1.7,180.0,10.9
2023-04-27,0,6.0,94.0,1.3,250.0,9.6
2023-04-27,1,5.6,96.0,2.5,180.0,4.0
2023-04-27,2,6.6,95.0,1.6,230.0,9.0
2023-04-27,3,6.4,94.0,1.1,180.0,8.4
2023-04-27,4,5.7,96.0,1.8,180.0,5.0
2023-04-27,5,6.0,94.0,1.8,140.0,11.0
2023-04-27,6,7.0,92.0,2.2,160.0,11.9
2023-04-27,7,7.1,93.0,1.4,160.0,8.5
2023-04-27,8,9.5,73.0,3.2,160.0,25.8
2023-04-27,9,10.1,74.0,4.2,160.0,24.1
2023-04-27,10,11.3,66.0,4.5,160.0,27.5
2023-04-27,11,11.7,65.0,5.8,160.0,28.9
2023-04-27,12,12.0,67.0,6.8,160.0,30.9
2023-04-27,13,12.1,65.0,7.7,160.0,30.0
2023-04-27,14,11.7,65.0,8.4,160.0,30.1
2023-04-27,15,11.4,67.0,7.8,160.0,30.1
2023-04-27,16,11.5,70.0,6.2,160.0,29.6
2023-04-27,17,11.0,72.0,6.3,160.0,26.1
2023-04-27,18,10.3,76.0,4.2,160.0,26.0
2023-04-27,19,9.2,84.0,4.1,160.0,24.2
2023-04-27,20,8.8,90.0,5.0,160.0,18.1
2023-04-27,21,8.6,92.0,4.7,160.0,12.6
2023-04-27,22,8.4,92.0,4.9,160.0,12.1
2023-04-27,23,8.1,94.0,3.1,140.0,9.4
2023-04-28,0,8.2,94.0,4.3,160.0,9.8
2023-04-28,1,8.2,94.0,4.9,140.0,11.8
2023-04-28,2,8.3,93.0,5.0,140.0,12.8
2023-04-28,3,8.2,92.0,4.9,140.0,13.5
2023-04-28,4,8.1,92.0,5.1,140.0,14.6
2023-04-28,5,8.1,90.0,5.5,140.0,18.3
2023-04-28,6,8.2,90.0,5.3,160.0,20.0
2023-04-28,7,8.7,91.0,4.2,140.0,19.8
2023-04-28,8,9.2,87.0,6.0,160.0,25.2
2023-04-28,9,10.4,80.0,6.0,180.0,26.1
2023-04-28,10,11.6,78.0,6.5,160.0,27.8
2023-04-28,11,12.0,79.0,5.6,160.0,24.9
2023-04-28,12,12.1,82.0,5.2,140.0,23.0
2023-04-28,13,11.7,84.0,4.5,160.0,15.8
2023-04-28,14,12.4,81.0,4.3,160.0,14.9
2023-04-28,15,12.8,80.0,6.5,160.0,16.8
2023-04-28,16,12.4,80.0,7.2,160.0,19.0
2023-04-28,17,11.6,82.0,4.0,140.0,13.4
2023-04-28,18,11.9,82.0,4.9,160.0,20.1
2023-04-28,19,11.5,84.0,3.6,180.0,19.7
2023-04-28,20,11.2,86.0,2.8,160.0,17.4
2023-04-28,21,10.6,89.0,2.7,180.0,13.4
2023-04-28,22,10.8,90.0,2.1,180.0,12.0
2023-04-28,23,11.1,92.0,3.2,180.0,11.2
2023-04-29,0,11.2,94.0,2.7,200.0,9.5
2023-04-29,1,10.7,94.0,0.7,90.0,6.0
2023-04-29,2,10.0,97.0,2.4,110.0,0.6
2023-04-29,3,10.6,98.0,2.5,140.0,0.3
2023-04-29,4,10.7,98.0,4.5,160.0,0.5
2023-04-29,5,10.8,98.0,4.7,160.0,0.5
2023-04-29,6,9.9,98.0,3.6,180.0,0.2
2023-04-29,7,11.0,98.0,2.6,230.0,4.8
2023-04-29,8,11.0,98.0,2.8,270.0,5.2
2023-04-29,9,10.5,95.0,3.3,270.0,10.5
2023-04-29,10,10.1,94.0,6.0,270.0,4.8
2023-04-29,11,12.2,87.0,4.7,290.0,6.9
2023-04-29,12,12.6,78.0,8.0,270.0,15.2
2023-04-29,13,12.0,74.0,10.5,270.0,18.4
2023-04-29,14,12.1,66.0,9.7,270.0,23.4
2023-04-29,15,11.3,75.0,9.9,270.0,19.9
2023-04-29,16,9.9,82.0,6.8,270.0,19.1
2023-04-29,17,9.3,79.0,8.2,290.0,22.1
2023-04-29,18,9.0,82.0,7.1,290.0,21.9
2023-04-29,19,9.1,83.0,8.8,290.0,20.4
2023-04-29,20,8.6,86.0,8.1,290.0,21.6
2023-04-29,21,8.7,85.0,8.2,320.0,21.9
2023-04-29,22,9.1,80.0,7.9,290.0,26.6
2023-04-29,23,8.7,84.0,5.9,290.0,23.0
2023-04-30,0,8.6,84.0,5.6,290.0,23.3
2023-04-30,1,8.7,80.0,4.9,290.0,28.4
2023-04-30,2,8.5,76.0,3.8,290.0,33.9
2023-04-30,3,9.3,67.0,4.9,290.0,39.2
2023-04-30,4,8.9,73.0,4.4,290.0,35.8
2023-04-30,5,8.8,75.0,3.6,290.0,33.5
2023-04-30,6,7.9,80.0,1.6,250.0,28.2
2023-04-30,7,8.7,75.0,2.0,180.0,34.1
2023-04-30,8,10.5,62.0,2.9,180.0,31.2
2023-04-30,9,11.6,60.0,3.7,160.0,29.9
2023-04-30,10,13.1,62.0,3.6,160.0,30.9
2023-04-30,11,13.0,68.0,4.1,90.0,28.5
2023-04-30,12,13.0,69.0,2.3,180.0,24.1
2023-04-30,13,13.5,72.0,4.0,180.0,21.3
2023-04-30,14,14.7,68.0,2.3,90.0,22.5
2023-04-30,15,14.1,71.0,1.2,140.0,19.3
2023-04-30,16,14.0,69.0,2.3,340.0,20.3
2023-04-30,17,13.5,71.0,3.2,320.0,21.0
2023-04-30,18,11.9,77.0,4.4,290.0,19.6
2023-04-30,19,10.9,82.0,3.3,290.0,20.5
2023-04-30,20,9.7,86.0,2.9,290.0,19.2
2023-04-30,21,9.4,89.0,4.2,290.0,16.6
2023-04-30,22,9.3,80.0,3.2,290.0,22.7
2023-04-30,23,9.3,70.0,2.8,270.0,26.9
2023-05-01,0,9.8,75.0,3.1,290.0,27.6
2023-05-01,1,9.6,70.0,3.1,290.0,31.5
2023-05-01,2,9.6,73.0,4.3,290.0,31.4
2023-05-01,3,9.0,81.0,4.2,290.0,25.5
2023-05-01,4,8.9,78.0,3.7,290.0,32.9
2023-05-01,5,9.4,68.0,3.7,290.0,38.3
2023-05-01,6,9.7,64.0,2.7,290.0,41.4
2023-05-01,7,10.8,63.0,0.7,320.0,30.9
2023-05-01,8,11.5,61.0,3.2,360.0,31.9
2023-05-01,9,12.6,48.0,3.4,340.0,32.6
2023-05-01,10,12.2,53.0,4.1,340.0,38.9
2023-05-01,11,15.9,37.0,1.9,70.0,39.8
2023-05-01,12,17.8,28.0,3.2,110.0,40.1
2023-05-01,13,17.0,39.0,3.6,160.0,31.6
2023-05-01,14,16.8,31.0,5.4,180.0,39.2
2023-05-01,15,16.2,37.0,5.2,180.0,39.0
2023-05-01,16,15.3,42.0,5.1,180.0,36.6
2023-05-01,17,14.2,47.0,5.5,180.0,36.3
2023-05-01,18,13.4,54.0,4.2,180.0,34.5
2023-05-01,19,12.0,61.0,2.5,160.0,29.3
2023-05-01,20,10.6,71.0,1.7,140.0,30.4
2023-05-01,21,9.4,86.0,1.4,90.0,16.4
2023-05-01,22,9.8,82.0,2.6,140.0,18.6
2023-05-01,23,9.9,80.0,3.2,140.0,21.6
2023-05-02,0,9.8,79.0,2.3,140.0,21.5
2023-05-02,1,10.6,71.0,3.4,160.0,28.6
2023-05-02,2,11.0,65.0,4.2,160.0,33.6
2023-05-02,3,10.5,71.0,4.7,140.0,28.2
2023-05-02,4,10.9,66.0,5.6,140.0,29.4
2023-05-02,5,10.7,72.0,6.2,140.0,25.0
2023-05-02,6,10.2,78.0,4.8,140.0,16.5
2023-05-02,7,10.4,80.0,6.7,140.0,17.1
2023-05-02,8,12.3,66.0,6.3,140.0,23.0
2023-05-02,9,13.2,60.0,6.7,140.0,22.6
2023-05-02,10,14.3,55.0,6.9,140.0,26.6
2023-05-02,11,14.2,56.0,6.7,140.0,21.3
2023-05-02,12,13.4,65.0,7.5,140.0,15.4
2023-05-02,13,14.1,61.0,6.1,160.0,16.6
2023-05-02,14,13.4,67.0,7.3,160.0,16.1
2023-05-02,15,13.2,70.0,5.8,160.0,18.2
2023-05-02,16,13.3,72.0,4.5,160.0,20.2
2023-05-02,17,12.6,78.0,4.2,160.0,17.3
2023-05-02,18,12.2,81.0,3.8,160.0,17.1
2023-05-02,19,10.7,89.0,2.8,70.0,11.7
2023-05-02,20,12.1,82.0,3.9,110.0,15.7
2023-05-02,21,12.9,73.0,5.5,140.0,19.8
2023-05-02,22,13.0,71.0,6.0,140.0,19.9
2023-05-02,23,12.7,69.0,5.4,160.0,20.3
2023-05-03,0,11.3,76.0,2.7,160.0,19.5
2023-05-03,1,11.6,77.0,5.2,140.0,20.1
2023-05-03,2,11.1,81.0,4.9,140.0,17.0
2023-05-03,3,11.6,79.0,5.1,140.0,18.7
2023-05-03,4,11.6,76.0,4.5,140.0,23.1
2023-05-03,5,11.5,78.0,4.6,140.0,23.2
2023-05-03,6,11.8,79.0,5.8,160.0,23.7
2023-05-03,7,12.2,76.0,6.4,140.0,24.3
2023-05-03,8,13.5,67.0,5.2,140.0,24.8
2023-05-03,9,14.2,58.0,5.5,140.0,27.3
2023-05-03,10,15.6,49.0,6.7,140.0,30.2
2023-05-03,11,17.6,41.0,6.4,140.0,32.0
2023-05-03,12,16.4,48.0,6.4,140.0,28.4
2023-05-03,13,17.0,46.0,6.3,140.0,25.6
2023-05-03,14,17.0,50.0,5.5,160.0,25.6
2023-05-03,15,16.5,51.0,5.6,140.0,26.0
2023-05-03,16,16.0,55.0,5.6,160.0,22.9
2023-05-03,17,15.5,64.0,6.5,160.0,21.0
2023-05-03,18,14.6,74.0,4.8,180.0,18.2
2023-05-03,19,13.9,85.0,3.8,180.0,14.3
2023-05-03,20,13.5,89.0,3.2,200.0,11.8
2023-05-03,21,13.7,92.0,2.7,180.0,8.9
2023-05-03,22,12.9,91.0,2.8,200.0,10.0
2023-05-03,23,13.2,95.0,2.5,180.0,6.9
2023-05-04,0,12.2,94.0,1.4,110.0,6.9
2023-05-04,1,12.7,95.0,2.8,140.0,5.3
2023-05-04,2,12.4,93.0,3.6,140.0,9.5
2023-05-04,3,12.7,90.0,4.3,110.0,18.7
2023-05-04,4,12.8,91.0,3.5,110.0,14.7
2023-05-04,5,12.9,90.0,3.6,90.0,14.2
2023-05-04,6,13.5,89.0,3.9,90.0,16.7
2023-05-04,7,14.1,87.0,4.1,110.0,20.3
2023-05-04,8,14.1,87.0,4.6,110.0,15.8
2023-05-04,9,14.9,83.0,5.3,90.0,17.4
2023-05-04,10,17.1,74.0,7.5,110.0,19.9
2023-05-04,11,18.3,69.0,7.1,140.0,22.6
2023-05-04,12,19.1,67.0,5.7,110.0,21.0
2023-05-04,13,17.7,70.0,7.1,110.0,20.5
2023-05-04,14,17.9,77.0,4.8,140.0,16.5
2023-05-04,15,16.9,83.0,4.5,110.0,9.1
2023-05-04,16,16.5,86.0,4.3,110.0,6.0
2023-05-04,17,15.4,91.0,5.7,140.0,4.4
2023-05-04,18,15.1,94.0,6.1,140.0,2.0
2023-05-04,19,15.4,97.0,5.2,140.0,1.4
2023-05-04,20,14.4,97.0,5.5,110.0,0.2
2023-05-04,21,14.5,97.0,5.8,110.0,0.4
2023-05-04,22,14.2,98.0,5.8,110.0,0.5
2023-05-04,23,14.4,98.0,5.0,110.0,0.6
2023-05-05,0,14.9,98.0,6.7,110.0,1.3
2023-05-05,1,15.5,98.0,8.7,110.0,1.6
2023-05-05,2,15.0,98.0,7.3,140.0,1.9
2023-05-05,3,14.6,98.0,7.6,140.0,1.8
2023-05-05,4,15.0,98.0,8.3,140.0,4.1
2023-05-05,5,14.3,97.0,6.1,140.0,2.7
2023-05-05,6,12.9,98.0,6.5,140.0,1.2
2023-05-05,7,12.5,98.0,6.0,140.0,1.2
2023-05-05,8,12.6,98.0,6.0,160.0,4.0
2023-05-05,9,12.4,98.0,4.8,160.0,6.0
2023-05-05,10,13.0,98.0,2.6,180.0,1.6
2023-05-05,11,13.1,98.0,2.4,140.0,0.4
2023-05-05,12,13.2,98.0,2.9,180.0,0.9
2023-05-05,13,13.0,98.0,3.7,180.0,0.8
2023-05-05,14,13.3,97.0,1.7,140.0,5.7
2023-05-05,15,13.2,97.0,1.8,90.0,7.8
2023-05-05,16,12.9,97.0,0.4,0.0,2.7
2023-05-05,17,11.8,98.0,1.2,90.0,0.3
2023-05-05,18,12.2,98.0,1.1,110.0,0.4
2023-05-05,19,12.2,98.0,2.1,110.0,0.5
2023-05-05,20,12.7,98.0,1.3,90.0,0.4
2023-05-05,21,12.8,98.0,0.8,70.0,0.3
2023-05-05,22,11.6,98.0,3.2,340.0,0.3
2023-05-05,23,13.1,98.0,2.3,360.0,0.4
2023-05-06,0,13.1,98.0,2.5,340.0,0.5
2023-05-06,1,13.6,98.0,1.8,340.0,1.1
2023-05-06,2,13.5,98.0,4.4,20.0,13.5
2023-05-06,3,13.0,98.0,4.8,50.0,5.5
2023-05-06,4,13.4,93.0,4.1,20.0,37.9
2023-05-06,5,12.1,92.0,3.9,340.0,28.5
2023-05-06,6,13.1,91.0,2.5,360.0,32.8
2023-05-06,7,13.0,88.0,3.2,70.0,40.6
2023-05-06,8,14.0,82.0,3.7,50.0,47.8
2023-05-06,9,14.1,80.0,4.2,50.0,42.7
2023-05-06,10,13.8,79.0,3.2,70.0,48.1
2023-05-06,11,13.6,73.0,4.6,90.0,34.8
2023-05-06,12,13.1,75.0,4.2,90.0,39.0
2023-05-06,13,13.6,73.0,3.2,90.0,42.4
2023-05-06,14,13.2,74.0,4.2,90.0,44.0
2023-05-06,15,13.6,67.0,6.9,90.0,36.1
2023-05-06,16,12.8,70.0,4.4,90.0,34.3
2023-05-06,17,13.8,63.0,4.8,110.0,33.8
2023-05-06,18,14.2,55.0,4.6,110.0,31.8
2023-05-06,19,13.6,58.0,2.9,110.0,31.6
2023-05-06,20,12.8,60.0,2.6,90.0,30.2
2023-05-06,21,12.3,63.0,2.2,90.0,32.8
2023-05-06,22,12.0,66.0,1.8,20.0,33.3
2023-05-06,23,10.4,76.0,2.3,340.0,33.0
2023-05-07,0,12.6,48.0,2.7,50.0,31.8
2023-05-07,1,12.1,52.0,1.5,90.0,32.7
2023-05-07,2,12.0,49.0,2.4,20.0,33.7
2023-05-07,3,9.4,70.0,2.1,340.0,35.4
2023-05-07,4,11.5,47.0,2.2,360.0,33.1
2023-05-07,5,11.6,46.0,2.3,20.0,32.0
2023-05-07,6,11.9,42.0,2.8,50.0,32.2
2023-05-07,7,11.9,48.0,3.1,50.0,30.7
2023-05-07,8,12.9,43.0,2.0,50.0,30.5
2023-05-07,9,13.7,42.0,3.6,50.0,30.8
2023-05-07,10,13.3,45.0,3.9,50.0,28.0
2023-05-07,11,14.3,43.0,3.1,50.0,29.1
2023-05-07,12,15.8,38.0,3.2,50.0,30.3
2023-05-07,13,15.7,39.0,2.7,70.0,28.1
2023-05-07,14,17.0,33.0,2.2,70.0,26.9
2023-05-07,15,16.8,34.0,3.8,290.0,28.8
2023-05-07,16,15.6,47.0,3.2,290.0,22.5
2023-05-07,17,14.6,54.0,3.6,290.0,18.2
2023-05-07,18,12.8,69.0,3.8,290.0,14.9
2023-05-07,19,12.4,64.0,2.5,320.0,18.6
2023-05-07,20,11.3,62.0,3.7,320.0,22.9
2023-05-07,21,11.0,63.0,4.4,320.0,27.9
2023-05-07,22,10.6,68.0,5.2,290.0,27.9
2023-05-07,23,9.8,83.0,4.6,290.0,19.2
2023-05-08,0,9.9,81.0,4.5,290.0,21.2
2023-05-08,1,9.9,79.0,4.2,320.0,23.6
2023-05-08,2,10.8,68.0,4.6,290.0,26.9
2023-05-08,3,10.3,76.0,3.2,320.0,22.9
2023-05-08,4,9.7,81.0,3.1,290.0,21.5
2023-05-08,5,9.8,76.0,2.5,290.0,24.8
2023-05-08,6,9.7,77.0,3.0,290.0,26.0
2023-05-08,7,11.8,67.0,2.7,290.0,29.8
2023-05-08,8,13.9,59.0,1.7,290.0,29.1
2023-05-08,9,14.8,56.0,2.4,340.0,29.9
2023-05-08,10,14.8,57.0,2.6,290.0,27.2
2023-05-08,11,14.6,65.0,2.7,290.0,25.8
2023-05-08,12,15.3,63.0,3.2,290.0,27.0
2023-05-08,13,15.3,61.0,5.0,320.0,27.9
2023-05-08,14,14.7,62.0,4.6,320.0,27.4
2023-05-08,15,13.9,66.0,5.1,290.0,25.1
2023-05-08,16,14.9,59.0,4.6,290.0,29.7
2023-05-08,17,14.3,59.0,4.6,290.0,29.5
2023-05-08,18,15.0,41.0,4.2,290.0,31.4
2023-05-08,19,13.5,51.0,4.4,290.0,26.8
2023-05-08,20,12.2,58.0,4.2,290.0,26.8
2023-05-08,21,12.0,57.0,3.9,290.0,23.6
2023-05-08,22,12.2,56.0,4.0,290.0,24.0
2023-05-08,23,12.6,52.0,3.6,290.0,18.8
2023-05-09,0,12.7,63.0,3.2,290.0,11.6
2023-05-09,1,10.5,77.0,1.1,270.0,11.9
2023-05-09,2,11.7,68.0,1.8,320.0,9.9
2023-05-09,3,11.0,74.0,2.2,320.0,8.1
2023-05-09,4,11.4,74.0,1.3,290.0,7.8
2023-05-09,5,11.4,74.0,3.4,290.0,8.7
2023-05-09,6,12.4,68.0,3.7,290.0,9.9
2023-05-09,7,13.4,66.0,3.8,290.0,9.5
2023-05-09,8,15.4,54.0,3.9,290.0,11.9
2023-05-09,9,16.2,49.0,5.5,320.0,14.5
2023-05-09,10,15.9,52.0,5.9,290.0,13.8
2023-05-09,11,16.5,52.0,4.1,290.0,13.8
2023-05-09,12,16.2,55.0,4.4,290.0,12.7
2023-05-09,13,17.8,55.0,2.9,320.0,10.8
2023-05-09,14,21.2,35.0,3.8,290.0,14.5
2023-05-09,15,16.1,60.0,4.4,290.0,11.4
2023-05-09,16,18.6,46.0,3.2,290.0,12.1
2023-05-09,17,14.8,66.0,5.4,290.0,10.3
2023-05-09,18,14.5,67.0,4.6,320.0,9.1
2023-05-09,19,13.7,76.0,3.0,290.0,6.4
2023-05-09,20,12.2,77.0,3.7,290.0,7.1
2023-05-09,21,12.0,71.0,3.6,290.0,12.3
2023-05-09,22,13.1,54.0,3.4,290.0,19.6
2023-05-09,23,12.1,57.0,2.5,290.0,18.1
2023-05-10,0,13.3,45.0,4.0,290.0,20.1
2023-05-10,1,12.6,59.0,3.7,320.0,20.1
2023-05-10,2,12.0,64.0,3.4,290.0,20.2
2023-05-10,3,12.2,62.0,3.2,290.0,22.0
2023-05-10,4,12.3,59.0,3.1,320.0,23.7
2023-05-10,5,11.8,62.0,2.1,290.0,22.9
2023-05-10,6,11.4,68.0,2.5,320.0,23.2
2023-05-10,7,13.8,50.0,0.6,340.0,25.0
2023-05-10,8,13.9,62.0,1.9,290.0,22.7
2023-05-10,9,14.9,64.0,2.0,290.0,20.0
2023-05-10,10,16.4,50.0,3.0,290.0,25.0
2023-05-10,11,18.4,44.0,3.0,180.0,22.3
2023-05-10,12,20.2,34.0,2.5,180.0,25.5
2023-05-10,13,20.5,32.0,2.7,180.0,27.8
2023-05-10,14,19.7,34.0,3.3,320.0,25.1
2023-05-10,15,21.3,22.0,3.5,320.0,31.8
2023-05-10,16,20.4,24.0,3.7,320.0,28.7
2023-05-10,17,19.1,26.0,4.1,290.0,29.1
2023-05-10,18,17.7,30.0,4.3,290.0,28.8
2023-05-10,19,15.9,37.0,3.5,290.0,27.4
2023-05-10,20,15.8,23.0,3.4,290.0,21.5
2023-05-10,21,14.8,44.0,3.5,320.0,18.8
2023-05-10,22,14.5,48.0,4.3,290.0,21.7
2023-05-10,23,15.2,32.0,4.6,290.0,20.8
2023-05-11,0,16.1,25.0,5.1,290.0,18.4
2023-05-11,1,16.0,24.0,4.1,320.0,28.4
2023-05-11,2,15.7,28.0,4.3,290.0,26.9
2023-05-11,3,14.7,37.0,4.0,290.0,25.5
2023-05-11,4,13.9,54.0,5.4,290.0,17.1
2023-05-11,5,12.1,68.0,1.7,290.0,16.4
2023-05-11,6,11.8,71.0,0.4,0.0,15.2
2023-05-11,7,12.9,66.0,2.0,140.0,16.8
2023-05-11,8,13.0,73.0,1.7,320.0,16.3
2023-05-11,9,14.3,67.0,2.2,90.0,16.6
2023-05-11,10,15.5,58.0,3.1,90.0,22.5
2023-05-11,11,17.0,56.0,3.0,110.0,22.6
2023-05-11,12,18.7,51.0,2.3,140.0,21.8
2023-05-11,13,18.1,55.0,2.6,180.0,18.2
2023-05-11,14,18.1,55.0,2.7,180.0,18.1
2023-05-11,15,20.3,49.0,2.6,230.0,15.5
2023-05-11,16,18.3,50.0,2.4,70.0,16.0
2023-05-11,17,17.9,54.0,1.6,90.0,14.1
2023-05-11,18,17.1,57.0,3.0,230.0,15.5
2023-05-11,19,16.5,44.0,1.6,250.0,22.4
2023-05-11,20,12.9,70.0,0.7,200.0,15.4
2023-05-11,21,13.8,65.0,1.7,200.0,15.0
2023-05-11,22,11.3,82.0,0.9,140.0,9.0
2023-05-11,23,11.1,88.0,1.4,140.0,5.9
2023-05-12,0,10.4,83.0,1.3,180.0,9.9
2023-05-12,1,10.6,89.0,1.9,140.0,5.6
2023-05-12,2,10.7,86.0,1.9,90.0,8.1
2023-05-12,3,10.6,91.0,2.2,90.0,4.5
2023-05-12,4,10.2,92.0,1.7,110.0,3.3
2023-05-12,5,10.9,88.0,2.3,90.0,5.4
2023-05-12,6,10.5,90.0,2.5,90.0,4.8
2023-05-12,7,11.7,87.0,2.9,110.0,8.2
2023-05-12,8,13.0,80.0,2.4,110.0,12.2
2023-05-12,9,14.4,74.0,0.9,320.0,18.1
2023-05-12,10,14.9,77.0,3.8,160.0,16.8
2023-05-12,11,15.5,75.0,4.8,180.0,16.0
2023-05-12,12,16.4,75.0,3.0,180.0,15.3
2023-05-12,13,16.7,73.0,3.7,180.0,17.3
2023-05-12,14,17.2,75.0,4.2,160.0,17.2
2023-05-12,15,16.9,77.0,4.3,180.0,17.9
2023-05-12,16,15.4,81.0,5.4,180.0,16.0
2023-05-12,17,14.2,92.0,4.8,180.0,7.8
2023-05-12,18,13.7,95.0,5.3,200.0,2.0
2023-05-12,19,13.5,96.0,4.4,180.0,1.7
2023-05-12,20,13.2,96.0,4.7,160.0,2.7
2023-05-12,21,12.9,95.0,4.6,160.0,4.0
2023-05-12,22,12.8,96.0,5.0,160.0,5.0
2023-05-12,23,12.7,94.0,6.0,160.0,6.1
2023-05-13,0,12.7,92.0,3.9,160.0,7.9
2023-05-13,1,12.4,93.0,5.4,160.0,6.5
2023-05-13,2,12.3,95.0,5.7,160.0,4.7
2023-05-13,3,11.7,96.0,4.3,140.0,3.4
2023-05-13,4,11.8,96.0,4.6,160.0,3.2
2023-05-13,5,10.9,96.0,3.4,160.0,0.6
2023-05-13,6,10.1,97.0,3.8,160.0,0.3
2023-05-13,7,10.0,97.0,4.1,160.0,0.3
2023-05-13,8,10.5,97.0,4.6,160.0,3.4
2023-05-13,9,11.0,96.0,5.4,160.0,2.6
2023-05-13,10,11.5,93.0,5.7,160.0,6.8
2023-05-13,11,11.3,94.0,7.8,160.0,6.5
2023-05-13,12,11.5,93.0,6.8,140.0,6.9
2023-05-13,13,11.7,96.0,4.7,140.0,2.8
2023-05-13,14,11.3,96.0,4.6,160.0,1.6
2023-05-13,15,11.6,97.0,4.6,160.0,1.1
2023-05-13,16,12.4,95.0,4.5,160.0,6.7
2023-05-13,17,12.2,93.0,3.9,160.0,5.8
2023-05-13,18,11.9,96.0,2.9,160.0,0.8
2023-05-13,19,11.3,97.0,2.8,160.0,0.3
2023-05-13,20,10.8,97.0,3.3,160.0,0.5
2023-05-13,21,10.4,97.0,4.3,180.0,0.4
2023-05-13,22,10.1,97.0,2.2,160.0,0.3
2023-05-13,23,9.9,97.0,2.4,140.0,0.3
2023-05-14,0,9.8,97.0,2.1,110.0,0.2
2023-05-14,1,10.3,97.0,1.3,140.0,0.2
2023-05-14,2,10.6,97.0,2.5,180.0,0.5
2023-05-14,3,10.1,97.0,1.9,160.0,0.2
2023-05-14,4,10.8,97.0,2.3,90.0,0.2
2023-05-14,5,10.9,97.0,2.2,110.0,0.2
2023-05-14,6,12.0,97.0,3.0,140.0,1.0
2023-05-14,7,11.9,97.0,1.9,160.0,0.5
2023-05-14,8,12.4,97.0,2.1,160.0,0.7
2023-05-14,9,12.9,97.0,3.3,140.0,0.5
2023-05-14,10,13.4,97.0,4.8,140.0,8.7
2023-05-14,11,14.6,88.0,3.9,160.0,13.6
2023-05-14,12,15.6,84.0,3.6,160.0,16.2
2023-05-14,13,15.8,82.0,3.5,180.0,18.3
2023-05-14,14,16.2,79.0,4.9,180.0,20.2
2023-05-14,15,16.7,79.0,5.3,180.0,20.9
2023-05-14,16,16.5,74.0,5.7,180.0,21.0
2023-05-14,17,16.7,73.0,4.4,180.0,22.1
2023-05-14,18,15.4,77.0,3.5,160.0,22.6
2023-05-14,19,14.3,84.0,3.3,160.0,20.5
2023-05-14,20,13.4,92.0,4.4,180.0,12.0
2023-05-14,21,12.9,94.0,4.1,160.0,8.1
2023-05-14,22,12.7,95.0,3.6,160.0,4.8
2023-05-14,23,12.7,95.0,3.0,160.0,7.7
2023-05-15,0,12.6,94.0,3.7,140.0,10.4
2023-05-15,1,12.8,92.0,3.8,160.0,12.9
2023-05-15,2,12.7,91.0,4.5,140.0,14.5
2023-05-15,3,12.7,89.0,4.3,140.0,17.3
2023-05-15,4,12.5,90.0,6.9,140.0,17.2
2023-05-15,5,12.5,87.0,6.2,140.0,19.7
2023-05-15,6,12.5,84.0,4.5,110.0,18.5
2023-05-15,7,13.7,77.0,6.0,140.0,18.6
2023-05-15,8,13.7,73.0,6.2,110.0,20.5
2023-05-15,9,15.7,61.0,5.9,110.0,20.6
2023-05-15,10,16.1,66.0,8.9,140.0,20.6
2023-05-15,11,16.9,66.0,8.1,140.0,18.9
2023-05-15,12,17.2,68.0,7.4,140.0,14.2
2023-05-15,13,16.7,72.0,6.6,140.0,11.9
2023-05-15,14,16.9,74.0,6.7,160.0,10.9
2023-05-15,15,16.8,76.0,5.1,140.0,10.5
2023-05-15,16,16.6,79.0,4.8,160.0,12.0
2023-05-15,17,16.7,78.0,5.4,160.0,13.7
2023-05-15,18,15.8,80.0,6.7,160.0,16.1
2023-05-15,19,15.1,84.0,6.1,160.0,13.7
2023-05-15,20,14.4,88.0,7.2,160.0,8.7
2023-05-15,21,14.0,91.0,6.4,160.0,6.9
2023-05-15,22,14.0,91.0,5.8,160.0,6.4
2023-05-15,23,13.6,92.0,5.3,160.0,5.7
2023-05-16,0,13.5,93.0,6.5,160.0,4.5
2023-05-16,1,13.6,94.0,5.7,160.0,3.5
2023-05-16,2,13.2,95.0,5.1,140.0,2.5
2023-05-16,3,13.6,95.0,5.6,160.0,1.7
2023-05-16,4,13.3,96.0,5.5,140.0,1.6
2023-05-16,5,13.7,95.0,5.7,160.0,2.1
2023-05-16,6,14.0,92.0,7.5,160.0,3.2
2023-05-16,7,15.2,88.0,7.9,160.0,5.6
2023-05-16,8,15.0,87.0,6.8,140.0,5.6
2023-05-16,9,15.2,84.0,7.9,140.0,8.2
2023-05-16,10,16.3,79.0,7.0,140.0,10.4
2023-05-16,11,17.8,73.0,8.1,140.0,11.8
2023-05-16,12,17.9,71.0,7.1,140.0,12.4
2023-05-16,13,17.8,71.0,6.7,140.0,13.0
2023-05-16,14,18.1,70.0,6.4,140.0,14.6
2023-05-16,15,17.9,71.0,6.5,140.0,14.4
2023-05-16,16,17.2,73.0,7.6,140.0,14.0
2023-05-16,17,16.6,75.0,6.4,140.0,15.0
2023-05-16,18,16.1,77.0,5.5,140.0,15.7
2023-05-16,19,15.0,84.0,6.8,140.0,14.1
2023-05-16,20,14.0,89.0,5.6,140.0,10.2
2023-05-16,21,14.8,86.0,5.2,140.0,13.8
2023-05-16,22,14.9,84.0,6.0,140.0,15.3
2023-05-16,23,14.4,88.0,4.9,140.0,12.7
2023-05-17,0,13.4,91.0,5.2,140.0,10.1
2023-05-17,1,13.0,96.0,5.5,140.0,2.2
2023-05-17,2,13.8,96.0,6.2,160.0,3.7
2023-05-17,3,14.4,96.0,6.7,160.0,4.4
2023-05-17,4,14.2,96.0,4.8,140.0,0.8
2023-05-17,5,14.1,96.0,4.5,140.0,0.4
2023-05-17,6,14.1,97.0,5.4,140.0,0.4
2023-05-17,7,14.1,97.0,5.9,140.0,0.4
2023-05-17,8,14.4,97.0,5.7,140.0,0.5
2023-05-17,9,14.5,97.0,6.5,140.0,0.9
2023-05-17,10,14.5,96.0,5.9,140.0,2.8
2023-05-17,11,15.5,89.0,5.3,140.0,17.8
2023-05-17,12,16.5,84.0,4.3,160.0,17.5
2023-05-17,13,16.6,86.0,6.0,160.0,17.0
2023-05-17,14,16.7,88.0,5.5,180.0,12.5
2023-05-17,15,16.9,91.0,8.0,180.0,10.4
2023-05-17,16,18.5,83.0,7.9,200.0,15.7
2023-05-17,17,17.9,84.0,7.6,200.0,15.4
2023-05-17,18,17.6,83.0,7.2,180.0,16.5
2023-05-17,19,17.1,88.0,6.0,180.0,12.0
2023-05-17,20,16.5,92.0,5.9,200.0,8.6
2023-05-17,21,16.2,92.0,4.9,180.0,8.6
2023-05-17,22,14.4,93.0,2.9,140.0,4.5
2023-05-17,23,13.8,96.0,4.6,160.0,0.4
2023-05-18,0,13.7,97.0,3.6,140.0,0.2
2023-05-18,1,13.9,97.0,3.8,140.0,0.2
2023-05-18,2,13.9,97.0,2.3,110.0,0.2
2023-05-18,3,13.2,97.0,1.8,70.0,0.2
2023-05-18,4,13.4,97.0,2.0,90.0,0.2
2023-05-18,5,13.9,97.0,1.8,110.0,0.2
2023-05-18,6,14.3,97.0,1.2,90.0,0.2
2023-05-18,7,14.2,97.0,2.0,110.0,0.2
2023-05-18,8,14.9,97.0,1.5,140.0,3.1
2023-05-18,9,16.5,97.0,3.1,160.0,10.5
2023-05-18,10,17.8,86.0,2.4,180.0,17.3
2023-05-18,11,19.8,73.0,3.3,180.0,24.1
2023-05-18,12,19.9,70.0,3.1,180.0,26.2
2023-05-18,13,16.5,76.0,4.0,290.0,22.1
2023-05-18,14,19.1,71.0,2.3,290.0,28.2
2023-05-18,15,16.0,79.0,4.8,290.0,29.1
2023-05-18,16,17.6,76.0,3.0,290.0,34.3
2023-05-18,17,16.6,81.0,4.2,290.0,29.2
2023-05-18,18,13.5,92.0,3.4,290.0,3.0
2023-05-18,19,13.2,95.0,4.8,290.0,1.9
2023-05-18,20,14.1,93.0,3.2,340.0,16.6
2023-05-18,21,15.1,91.0,2.7,340.0,17.1
2023-05-18,22,14.2,93.0,1.4,290.0,12.0
2023-05-18,23,15.0,91.0,0.9,290.0,16.9
2023-05-19,0,15.8,90.0,2.9,360.0,28.7
2023-05-19,1,11.8,94.0,2.3,290.0,6.5
2023-05-19,2,11.6,95.0,2.4,290.0,12.2
2023-05-19,3,11.5,96.0,2.8,290.0,0.2
2023-05-19,4,11.2,97.0,1.2,320.0,1.0
2023-05-19,5,11.9,96.0,1.9,290.0,8.8
2023-05-19,6,11.0,97.0,1.9,290.0,0.3
2023-05-19,7,13.6,97.0,0.8,70.0,13.2
2023-05-19,8,17.4,82.0,2.1,90.0,24.0
2023-05-19,9,18.9,73.0,2.0,90.0,28.3
2023-05-19,10,20.8,64.0,2.2,90.0,29.7
2023-05-19,11,21.6,58.0,2.8,110.0,32.5
2023-05-19,12,22.5,52.0,3.2,180.0,35.5
2023-05-19,13,21.1,63.0,2.5,290.0,29.4
2023-05-19,14,19.7,64.0,2.6,320.0,33.9
2023-05-19,15,19.7,64.0,2.7,320.0,33.2
2023-05-19,16,19.3,66.0,2.3,290.0,39.2
2023-05-19,17,19.2,66.0,1.4,320.0,39.9
2023-05-19,18,19.0,68.0,1.4,340.0,37.4
2023-05-19,19,15.8,84.0,3.5,290.0,23.8
2023-05-19,20,14.3,92.0,2.1,290.0,13.2
2023-05-19,21,12.9,94.0,2.0,290.0,8.1
2023-05-19,22,14.4,94.0,0.1,0.0,13.0
2023-05-19,23,14.3,90.0,0.3,0.0,15.3
2023-05-20,0,13.7,92.0,0.0,0.0,12.7
2023-05-20,1,12.5,96.0,1.5,140.0,11.5
2023-05-20,2,12.1,96.0,0.1,0.0,4.6
2023-05-20,3,12.7,96.0,1.8,180.0,0.2
2023-05-20,4,12.0,96.0,3.7,180.0,4.9
2023-05-20,5,12.0,97.0,3.0,180.0,0.5
2023-05-20,6,12.4,97.0,4.6,180.0,0.3
2023-05-20,7,12.5,97.0,3.8,160.0,0.4
2023-05-20,8,13.1,97.0,6.7,160.0,0.6
2023-05-20,9,13.4,97.0,4.6,180.0,1.9
2023-05-20,10,14.5,95.0,5.1,180.0,10.6
2023-05-20,11,14.9,87.0,6.7,180.0,18.4
2023-05-20,12,17.0,76.0,5.5,160.0,30.1
2023-05-20,13,18.1,71.0,6.4,180.0,36.1
2023-05-20,14,18.1,72.0,5.8,180.0,31.5
2023-05-20,15,17.5,74.0,5.9,180.0,30.6
2023-05-20,16,17.1,78.0,6.6,180.0,26.5
2023-05-20,17,16.8,81.0,6.1,200.0,25.8
2023-05-20,18,16.1,87.0,6.3,200.0,21.6
2023-05-20,19,15.5,90.0,6.7,180.0,15.8
2023-05-20,20,15.5,91.0,3.0,200.0,10.5
2023-05-20,21,15.5,91.0,4.5,230.0,7.6
2023-05-20,22,15.3,93.0,4.4,230.0,6.8
2023-05-20,23,15.5,92.0,5.1,250.0,7.1
2023-05-21,0,15.3,89.0,4.8,250.0,9.1
2023-05-21,1,15.4,81.0,3.8,250.0,12.6
2023-05-21,2,15.2,80.0,3.5,230.0,13.4
2023-05-21,3,15.1,77.0,3.7,250.0,13.6
2023-05-21,4,15.5,60.0,1.6,270.0,14.3
2023-05-21,5,15.2,58.0,2.7,270.0,13.0
2023-05-21,6,14.5,63.0,2.1,290.0,13.5
2023-05-21,7,15.0,66.0,1.6,290.0,13.1
2023-05-21,8,15.6,65.0,4.2,290.0,11.9
2023-05-21,9,16.4,60.0,3.8,320.0,12.4
2023-05-21,10,17.1,54.0,3.3,320.0,13.1
2023-05-21,11,16.8,61.0,4.9,320.0,12.1
2023-05-21,12,16.5,62.0,4.7,320.0,12.5
2023-05-21,13,16.9,64.0,4.5,290.0,12.4
2023-05-21,14,16.8,64.0,3.6,290.0,11.8
2023-05-21,15,16.5,63.0,3.2,290.0,11.8
2023-05-21,16,14.9,69.0,2.9,290.0,12.3
2023-05-21,17,15.0,71.0,1.9,290.0,12.8
2023-05-21,18,15.0,66.0,1.6,320.0,12.7
2023-05-21,19,14.4,68.0,2.1,290.0,12.8
2023-05-21,20,14.0,71.0,2.6,290.0,12.0
2023-05-21,21,14.5,70.0,3.3,290.0,11.8
2023-05-21,22,13.8,69.0,3.2,290.0,11.3
2023-05-21,23,14.7,60.0,3.8,290.0,12.1
2023-05-22,0,14.5,71.0,4.7,290.0,13.5
2023-05-22,1,14.4,75.0,4.7,320.0,14.3
2023-05-22,2,13.3,79.0,4.0,320.0,14.1
2023-05-22,3,13.0,77.0,2.6,290.0,15.0
2023-05-22,4,12.8,77.0,2.7,320.0,15.0
2023-05-22,5,12.1,82.0,2.6,320.0,14.7
2023-05-22,6,12.4,79.0,2.5,320.0,15.9
2023-05-22,7,13.9,70.0,3.1,320.0,19.7
2023-05-22,8,14.5,67.0,2.6,290.0,19.2
2023-05-22,9,15.8,63.0,3.5,290.0,20.1
2023-05-22,10,16.9,56.0,3.7,340.0,22.9
2023-05-22,11,17.5,57.0,2.7,290.0,23.8
2023-05-22,12,17.9,47.0,6.7,340.0,29.0
2023-05-22,13,17.6,48.0,6.7,340.0,35.0
2023-05-22,14,17.8,48.0,6.6,340.0,38.1
2023-05-22,15,18.2,45.0,6.8,340.0,40.4
2023-05-22,16,17.6,48.0,6.0,340.0,36.1
2023-05-22,17,18.1,49.0,2.8,340.0,38.7
2023-05-22,18,16.5,56.0,4.4,290.0,33.9
2023-05-22,19,15.7,59.0,3.6,320.0,31.7
2023-05-22,20,14.3,65.0,3.4,290.0,31.6
2023-05-22,21,14.2,67.0,3.2,320.0,36.0
2023-05-22,22,14.6,59.0,3.4,290.0,40.3
2023-05-22,23,14.6,55.0,2.5,290.0,40.8
2023-05-23,0,14.5,55.0,2.7,290.0,37.9
2023-05-23,1,12.8,66.0,2.4,290.0,37.6
2023-05-23,2,13.6,67.0,2.6,290.0,30.5
2023-05-23,3,14.9,52.0,1.8,340.0,39.5
2023-05-23,4,14.4,53.0,1.7,320.0,45.3
2023-05-23,5,13.7,57.0,2.7,290.0,42.3
2023-05-23,6,13.2,60.0,2.6,320.0,43.8
2023-05-23,7,14.5,62.0,2.7,320.0,41.7
2023-05-23,8,18.2,48.0,1.9,340.0,41.2
2023-05-23,9,20.5,37.0,1.9,340.0,44.5
2023-05-23,10,19.5,46.0,2.6,290.0,43.3
2023-05-23,11,18.9,50.0,4.6,290.0,41.0
2023-05-23,12,18.4,52.0,6.1,290.0,40.0
2023-05-23,13,19.4,53.0,5.6,290.0,38.5
2023-05-23,14,18.4,56.0,6.4,320.0,37.8
2023-05-23,15,18.1,57.0,6.1,320.0,36.2
2023-05-23,16,18.9,49.0,5.2,290.0,39.8
2023-05-23,17,20.1,41.0,3.7,320.0,45.0
2023-05-23,18,19.8,35.0,3.5,290.0,45.0
2023-05-23,19,19.1,37.0,1.5,320.0,44.7
2023-05-23,20,16.0,54.0,1.5,270.0,42.3
2023-05-23,21,16.1,41.0,2.8,290.0,46.9
2023-05-23,22,16.2,40.0,3.3,290.0,46.8
2023-05-23,23,15.1,47.0,1.4,290.0,46.0
2023-05-24,0,15.6,46.0,0.2,0.0,43.7
2023-05-24,1,14.4,58.0,1.6,160.0,43.7
2023-05-24,2,14.9,65.0,0.3,0.0,39.3
2023-05-24,3,14.8,65.0,0.7,140.0,37.0
2023-05-24,4,12.7,67.0,2.0,140.0,41.7
2023-05-24,5,12.9,63.0,2.8,90.0,40.5
2023-05-24,6,12.9,74.0,2.8,110.0,33.9
2023-05-24,7,14.7,71.0,1.1,160.0,29.7
2023-05-24,8,15.2,72.0,2.0,110.0,29.0
2023-05-24,9,16.5,66.0,2.4,140.0,31.2
2023-05-24,10,16.5,71.0,3.8,160.0,25.8
2023-05-24,11,17.7,63.0,5.0,160.0,29.8
2023-05-24,12,18.2,60.0,3.9,180.0,33.2
2023-05-24,13,18.4,53.0,3.8,180.0,35.8
2023-05-24,14,19.5,44.0,4.0,180.0,41.2
2023-05-24,15,18.9,52.0,3.8,180.0,38.0
2023-05-24,16,17.9,60.0,3.6,180.0,37.3
2023-05-24,17,17.0,64.0,2.4,180.0,30.7
2023-05-24,18,17.0,67.0,2.4,160.0,33.2
2023-05-24,19,15.9,75.0,2.2,160.0,27.4
2023-05-24,20,14.5,86.0,2.7,160.0,16.9
2023-05-24,21,13.9,89.0,3.1,160.0,9.8
2023-05-24,22,13.9,86.0,2.6,180.0,11.0
2023-05-24,23,15.1,77.0,2.0,200.0,27.3
2023-05-25,0,14.4,80.0,3.6,180.0,21.2
2023-05-25,1,13.6,88.0,3.0,180.0,13.5
2023-05-25,2,13.5,91.0,3.0,180.0,8.4
2023-05-25,3,14.7,85.0,2.7,200.0,28.6
2023-05-25,4,14.0,89.0,2.8,180.0,13.5
2023-05-25,5,13.3,93.0,4.1,160.0,6.8
2023-05-25,6,13.6,93.0,3.0,160.0,7.6
2023-05-25,7,14.0,93.0,1.8,180.0,8.2
2023-05-25,8,16.0,83.0,2.3,110.0,25.7
2023-05-25,9,16.2,79.0,5.3,140.0,23.3
2023-05-25,10,17.5,73.0,4.2,140.0,31.9
2023-05-25,11,17.7,74.0,4.9,140.0,31.1
2023-05-25,12,18.7,70.0,3.9,250.0,31.2
2023-05-25,13,18.4,68.0,5.2,250.0,34.6
2023-05-25,14,19.1,60.0,4.4,250.0,37.1
2023-05-25,15,19.1,60.0,4.3,250.0,39.4
2023-05-25,16,17.6,70.0,4.5,250.0,33.0
2023-05-25,17,16.9,76.0,2.7,250.0,28.8
2023-05-25,18,17.4,64.0,3.1,250.0,37.8
2023-05-25,19,16.2,78.0,4.3,250.0,30.8
2023-05-25,20,15.6,86.0,4.5,250.0,25.8
2023-05-25,21,14.8,86.0,1.7,250.0,21.4
2023-05-25,22,16.5,70.0,1.5,250.0,39.4
2023-05-25,23,14.1,87.0,2.0,250.0,12.7
2023-05-26,0,14.8,83.0,2.4,250.0,22.6
2023-05-26,1,14.5,84.0,2.9,250.0,21.9
2023-05-26,2,14.2,88.0,2.2,250.0,16.9
2023-05-26,3,15.1,89.0,3.9,250.0,15.3
2023-05-26,4,15.3,88.0,4.9,250.0,19.3
2023-05-26,5,15.8,87.0,3.9,250.0,22.9
2023-05-26,6,15.2,90.0,2.6,250.0,13.7
2023-05-26,7,15.5,89.0,1.6,250.0,19.4
2023-05-26,8,16.0,88.0,1.5,250.0,20.6
2023-05-26,9,16.4,85.0,1.7,250.0,23.4
2023-05-26,10,17.0,83.0,3.1,250.0,26.2
2023-05-26,11,17.8,78.0,3.7,250.0,29.5
2023-05-26,12,19.0,73.0,4.8,250.0,34.0
2023-05-26,13,19.3,66.0,4.5,250.0,31.5
2023-05-26,14,20.2,64.0,3.9,250.0,29.7
2023-05-26,15,19.5,67.0,3.8,250.0,33.6
2023-05-26,16,19.1,72.0,3.4,250.0,32.8
2023-05-26,17,19.0,74.0,3.1,250.0,28.2
2023-05-26,18,17.5,79.0,3.3,250.0,23.1
2023-05-26,19,17.0,83.0,3.4,250.0,21.1
2023-05-26,20,16.3,88.0,4.4,140.0,16.7
2023-05-26,21,16.2,89.0,4.3,140.0,13.5
2023-05-26,22,16.2,90.0,4.0,140.0,13.1
2023-05-26,23,15.5,93.0,0.8,140.0,7.3
2023-05-27,0,15.5,93.0,1.8,110.0,6.5
2023-05-27,1,14.8,94.0,1.7,110.0,5.3
2023-05-27,2,15.0,94.0,1.2,110.0,5.3
2023-05-27,3,15.2,95.0,2.5,110.0,5.2
2023-05-27,4,15.7,95.0,2.6,90.0,8.8
2023-05-27,5,15.1,95.0,2.1,90.0,6.8
2023-05-27,6,15.3,92.0,2.7,90.0,16.1
2023-05-27,7,16.3,89.0,3.1,90.0,19.7
2023-05-27,8,15.7,92.0,3.1,90.0,12.6
2023-05-27,9,15.7,95.0,4.9,90.0,4.5
2023-05-27,10,16.1,97.0,5.5,110.0,2.3
2023-05-27,11,15.9,97.0,6.3,110.0,1.7
2023-05-27,12,16.0,97.0,5.3,140.0,1.9
2023-05-27,13,15.9,97.0,4.8,110.0,1.4
2023-05-27,14,15.7,97.0,4.8,110.0,1.2
2023-05-27,15,16.0,97.0,5.1,110.0,1.2
2023-05-27,16,16.5,97.0,4.0,90.0,1.8
2023-05-27,17,16.8,97.0,5.0,160.0,1.7
2023-05-27,18,17.0,94.0,5.5,160.0,2.9
2023-05-27,19,16.9,94.0,8.2,200.0,2.7
2023-05-27,20,16.9,94.0,5.6,200.0,3.8
2023-05-27,21,17.2,94.0,7.8,140.0,8.5
2023-05-27,22,17.0,93.0,4.6,250.0,5.9
2023-05-27,23,18.1,91.0,7.0,270.0,9.2
2023-05-28,0,17.3,93.0,7.3,230.0,4.2
2023-05-28,1,17.5,93.0,7.1,230.0,7.0
2023-05-28,2,16.9,94.0,5.9,230.0,4.2
2023-05-28,3,16.8,94.0,5.5,230.0,2.4
2023-05-28,4,16.4,95.0,3.5,250.0,1.8
2023-05-28,5,16.4,95.0,2.8,230.0,1.5
2023-05-28,6,16.4,95.0,2.7,230.0,1.8
2023-05-28,7,16.6,95.0,1.7,200.0,1.2
2023-05-28,8,17.2,95.0,2.7,230.0,6.9
2023-05-28,9,17.3,95.0,1.4,230.0,9.0
2023-05-28,10,18.0,94.0,1.8,230.0,27.6
2023-05-28,11,17.6,94.0,1.1,270.0,11.0
2023-05-28,12,17.1,93.0,0.8,50.0,2.4
2023-05-28,13,17.2,93.0,1.0,50.0,17.4
2023-05-28,14,17.9,91.0,1.5,90.0,27.9
2023-05-28,15,17.8,93.0,1.9,90.0,11.5
2023-05-28,16,17.6,94.0,1.6,110.0,14.1
2023-05-28,17,17.5,93.0,1.5,90.0,31.3
2023-05-28,18,16.9,94.0,0.7,90.0,11.0
2023-05-28,19,17.0,95.0,1.5,140.0,10.4
2023-05-28,20,16.7,94.0,1.2,50.0,10.2
2023-05-28,21,15.9,95.0,0.7,90.0,0.6
2023-05-28,22,16.7,96.0,0.8,90.0,0.7
2023-05-28,23,16.8,96.0,0.6,70.0,0.2
2023-05-29,0,17.0,96.0,0.9,110.0,0.4
2023-05-29,1,16.8,96.0,0.7,90.0,0.3
2023-05-29,2,17.1,96.0,1.5,50.0,0.3
2023-05-29,3,15.7,96.0,1.5,50.0,0.2
2023-05-29,4,16.2,96.0,2.4,20.0,0.2
2023-05-29,5,15.4,96.0,2.2,360.0,0.3
2023-05-29,6,14.6,96.0,2.9,320.0,0.2
2023-05-29,7,15.8,96.0,2.8,360.0,0.2
2023-05-29,8,16.9,96.0,3.7,50.0,1.8
2023-05-29,9,19.0,95.0,2.5,50.0,13.0
2023-05-29,10,20.0,84.0,2.3,50.0,18.2
2023-05-29,11,20.2,83.0,3.0,20.0,16.3
2023-05-29,12,21.6,75.0,3.3,20.0,21.6
2023-05-29,13,20.5,78.0,4.3,340.0,23.6
2023-05-29,14,19.8,76.0,3.8,360.0,24.4
2023-05-29,15,18.9,81.0,4.5,340.0,26.6
2023-05-29,16,18.8,81.0,3.5,20.0,27.2
2023-05-29,17,18.1,82.0,4.0,360.0,26.1
2023-05-29,18,16.6,86.0,4.4,340.0,19.2
2023-05-29,19,16.8,88.0,4.3,340.0,10.2
2023-05-29,20,17.4,89.0,4.1,360.0,14.8
2023-05-29,21,18.1,81.0,2.7,20.0,21.8
2023-05-29,22,17.0,86.0,3.4,360.0,19.1
2023-05-29,23,17.7,83.0,3.3,340.0,20.0
2023-05-30,0,18.0,79.0,2.7,20.0,12.0
2023-05-30,1,19.5,70.0,3.0,20.0,21.0
2023-05-30,2,20.0,66.0,2.3,50.0,24.5
2023-05-30,3,17.8,73.0,2.9,20.0,19.3
2023-05-30,4,16.4,81.0,2.8,20.0,11.8
2023-05-30,5,20.2,51.0,1.6,50.0,40.2
2023-05-30,6,20.4,48.0,3.3,50.0,41.6
2023-05-30,7,20.1,48.0,4.0,50.0,46.8
2023-05-30,8,20.7,50.0,2.0,50.0,42.7
2023-05-30,9,22.4,47.0,2.6,70.0,41.5
2023-05-30,10,23.2,53.0,2.2,50.0,30.0
2023-05-30,11,22.5,60.0,1.3,70.0,24.8
2023-05-30,12,21.9,58.0,2.5,50.0,28.1
2023-05-30,13,22.2,54.0,4.2,50.0,26.9
2023-05-30,14,21.3,60.0,2.9,340.0,27.4
2023-05-30,15,20.7,60.0,3.0,50.0,24.7
2023-05-30,16,19.2,64.0,3.6,50.0,26.2
2023-05-30,17,22.4,62.0,1.5,70.0,25.7
2023-05-30,18,19.0,65.0,2.2,50.0,32.1
2023-05-30,19,20.7,64.0,1.4,50.0,31.0
2023-05-30,20,18.8,76.0,0.9,20.0,27.4
2023-05-30,21,18.8,72.0,2.4,20.0,29.2
2023-05-30,22,18.0,77.0,2.5,360.0,26.5
2023-05-30,23,17.8,79.0,1.3,20.0,26.8
2023-05-31,0,17.7,78.0,2.3,50.0,27.4
2023-05-31,1,18.0,76.0,1.4,50.0,30.6
2023-05-31,2,17.3,79.0,2.7,50.0,29.3
2023-05-31,3,19.9,64.0,1.0,70.0,37.1
2023-05-31,4,18.2,73.0,1.5,70.0,33.5
2023-05-31,5,17.4,82.0,1.7,70.0,25.9
2023-05-31,6,17.0,80.0,1.1,90.0,26.2
2023-05-31,7,19.2,70.0,1.9,70.0,34.9
2023-05-31,8,19.7,69.0,2.2,70.0,34.7
2023-05-31,9,20.5,68.0,3.7,90.0,35.1
2023-05-31,10,21.2,63.0,3.9,90.0,36.3
2023-05-31,11,21.7,63.0,3.7,110.0,32.5
2023-05-31,12,21.7,63.0,3.8,110.0,32.0
2023-05-31,13,21.3,73.0,4.1,110.0,21.6
2023-05-31,14,22.2,71.0,3.9,140.0,18.2
2023-05-31,15,21.7,70.0,3.6,140.0,16.3
2023-05-31,16,21.7,69.0,3.1,200.0,17.4
2023-05-31,17,20.7,77.0,2.1,200.0,11.4
2023-05-31,18,20.9,76.0,1.1,230.0,13.5
2023-05-31,19,19.6,79.0,2.8,230.0,22.7
2023-05-31,20,18.5,84.0,4.4,230.0,22.5
2023-05-31,21,18.4,93.0,2.8,250.0,11.8
2023-05-31,22,17.5,97.0,3.2,200.0,0.7
2023-05-31,23,17.6,98.0,1.8,180.0,1.7
2023-06-01,0,17.3,98.0,2.0,200.0,6.2
2023-06-01,1,16.6,94.0,1.3,180.0,10.9
2023-06-01,2,16.9,96.0,2.1,180.0,8.0
2023-06-01,3,14.9,98.0,2.6,90.0,0.3
2023-06-01,4,15.0,99.0,1.5,90.0,0.6
2023-06-01,5,15.3,99.0,0.6,110.0,3.3
2023-06-01,6,15.1,99.0,1.4,110.0,0.7
2023-06-01,7,15.8,99.0,1.4,140.0,4.7
2023-06-01,8,16.5,99.0,2.1,180.0,17.6
2023-06-01,9,16.7,98.0,3.2,180.0,9.6
2023-06-01,10,16.9,95.0,2.7,180.0,14.5
2023-06-01,11,17.9,95.0,3.2,180.0,18.9
2023-06-01,12,18.6,87.0,3.9,180.0,30.7
2023-06-01,13,19.5,85.0,4.5,180.0,37.1
2023-06-01,14,20.3,82.0,3.9,160.0,34.1
2023-06-01,15,19.1,87.0,4.2,180.0,23.2
2023-06-01,16,17.8,93.0,4.8,180.0,11.8
2023-06-01,17,17.5,95.0,4.9,180.0,6.9
2023-06-01,18,18.4,89.0,3.3,180.0,14.4
2023-06-01,19,16.5,95.0,1.8,180.0,6.6
2023-06-01,20,16.0,97.0,1.2,140.0,8.1
2023-06-01,21,16.2,98.0,1.9,200.0,5.2
2023-06-01,22,16.4,97.0,2.0,200.0,6.2
2023-06-01,23,17.9,95.0,2.4,230.0,13.7
2023-06-02,0,17.7,92.0,3.0,250.0,21.1
2023-06-02,1,17.5,95.0,2.4,250.0,12.5
2023-06-02,2,17.1,98.0,2.7,290.0,3.0
2023-06-02,3,17.0,98.0,2.6,200.0,4.6
2023-06-02,4,17.3,95.0,2.1,230.0,11.0
2023-06-02,5,17.4,95.0,2.9,250.0,7.9
2023-06-02,6,16.9,98.0,3.0,250.0,0.6
2023-06-02,7,17.0,99.0,2.4,270.0,2.9
2023-06-02,8,17.7,93.0,3.0,290.0,8.5
2023-06-02,9,16.5,98.0,3.6,340.0,2.2
2023-06-02,10,18.1,89.0,3.6,340.0,10.7
2023-06-02,11,17.6,88.0,4.2,340.0,17.1
2023-06-02,12,18.1,83.0,4.0,320.0,37.9
2023-06-02,13,17.3,85.0,4.5,320.0,33.9
2023-06-02,14,17.4,78.0,5.2,320.0,33.2
2023-06-02,15,18.1,73.0,5.5,340.0,31.2
2023-06-02,16,18.0,78.0,4.9,320.0,16.0
2023-06-02,17,17.9,75.0,6.6,340.0,13.7
2023-06-02,18,17.6,82.0,5.7,340.0,11.0
2023-06-02,19,17.3,80.0,6.6,340.0,12.9
2023-06-02,20,16.4,84.0,5.2,320.0,11.3
2023-06-02,21,15.6,89.0,5.6,320.0,9.4
2023-06-02,22,16.2,88.0,3.3,320.0,10.3
2023-06-02,23,15.9,83.0,3.9,320.0,15.5
2023-06-03,0,16.4,79.0,4.5,340.0,21.3
2023-06-03,1,17.1,75.0,4.1,320.0,28.6
2023-06-03,2,15.7,81.0,3.9,320.0,25.0
2023-06-03,3,15.0,85.0,2.6,290.0,23.8
2023-06-03,4,15.1,83.0,2.7,290.0,26.4
2023-06-03,5,16.1,72.0,2.0,320.0,39.1
2023-06-03,6,15.6,79.0,3.8,290.0,37.8
2023-06-03,7,17.7,72.0,3.4,290.0,35.5
2023-06-03,8,19.9,62.0,2.4,320.0,41.5
2023-06-03,9,21.0,55.0,3.6,320.0,42.3
2023-06-03,10,21.3,54.0,4.6,320.0,47.0
2023-06-03,11,21.5,54.0,5.5,290.0,46.8
2023-06-03,12,21.7,56.0,4.8,290.0,42.8
2023-06-03,13,22.2,56.0,4.7,320.0,47.4
2023-06-03,14,22.7,46.0,6.3,290.0,48.7
2023-06-03,15,22.8,47.0,5.6,290.0,47.2
2023-06-03,16,21.9,53.0,6.3,290.0,37.2
2023-06-03,17,21.1,62.0,6.0,290.0,27.9
2023-06-03,18,20.4,67.0,5.7,290.0,22.9
2023-06-03,19,18.3,82.0,4.3,290.0,15.6
2023-06-03,20,17.2,87.0,3.6,290.0,11.6
2023-06-03,21,18.0,77.0,2.6,290.0,17.1
2023-06-03,22,18.6,68.0,2.9,290.0,26.8
2023-06-03,23,18.7,70.0,3.7,290.0,23.9
2023-06-04,0,18.5,71.0,4.3,290.0,28.9
2023-06-04,1,17.7,77.0,4.5,290.0,25.5
2023-06-04,2,16.8,82.0,3.7,290.0,25.4
2023-06-04,3,16.1,82.0,3.4,290.0,33.9
2023-06-04,4,16.8,73.0,3.4,290.0,48.3
2023-06-04,5,17.0,73.0,1.9,320.0,46.6
2023-06-04,6,16.2,75.0,1.4,230.0,47.0
2023-06-04,7,18.9,72.0,0.8,250.0,38.8
2023-06-04,8,20.2,57.0,2.7,250.0,30.0
2023-06-04,9,20.5,64.0,0.9,320.0,36.7
2023-06-04,10,18.6,70.0,3.0,320.0,16.1
2023-06-04,11,19.0,68.0,3.1,200.0,30.9
2023-06-04,12,21.6,62.0,3.1,200.0,32.1
2023-06-04,13,24.4,51.0,0.6,160.0,23.1
2023-06-04,14,23.0,58.0,2.6,90.0,24.5
2023-06-04,15,23.6,51.0,3.7,180.0,34.1
2023-06-04,16,23.1,53.0,5.9,250.0,33.5
2023-06-04,17,23.5,51.0,4.4,270.0,37.4
2023-06-04,18,22.9,54.0,3.6,270.0,32.2
2023-06-04,19,21.2,60.0,5.4,270.0,23.4
2023-06-04,20,20.9,57.0,2.4,270.0,31.5
2023-06-04,21,19.8,63.0,0.9,270.0,25.5
2023-06-04,22,20.1,64.0,2.8,290.0,20.1
2023-06-04,23,18.5,70.0,1.1,90.0,19.5
2023-06-05,0,17.9,75.0,1.4,110.0,15.1
2023-06-05,1,18.1,73.0,0.7,140.0,16.6
2023-06-05,2,15.8,88.0,1.8,180.0,9.2
2023-06-05,3,16.4,88.0,2.5,180.0,5.3
2023-06-05,4,16.7,86.0,1.7,180.0,8.4
2023-06-05,5,14.7,94.0,1.5,140.0,4.3
2023-06-05,6,15.2,94.0,1.5,180.0,3.7
2023-06-05,7,17.2,88.0,1.0,110.0,8.3
2023-06-05,8,20.3,76.0,2.0,270.0,20.8
2023-06-05,9,21.1,68.0,3.9,270.0,29.6
2023-06-05,10,22.3,61.0,3.9,230.0,31.1
2023-06-05,11,22.0,64.0,4.8,250.0,25.3
2023-06-05,12,22.2,61.0,6.9,250.0,24.4
2023-06-05,13,23.1,57.0,8.0,250.0,27.4
2023-06-05,14,23.8,54.0,7.2,270.0,35.7
2023-06-05,15,23.9,51.0,6.7,250.0,45.8
2023-06-05,16,22.6,53.0,8.2,250.0,44.3
2023-06-05,17,22.0,56.0,8.2,250.0,41.9
2023-06-05,18,21.0,57.0,8.5,250.0,48.3
2023-06-05,19,19.5,70.0,7.9,230.0,43.6
2023-06-05,20,18.4,79.0,6.6,230.0,36.6
2023-06-05,21,18.1,83.0,7.0,230.0,32.5
2023-06-05,22,18.0,86.0,7.3,230.0,34.0
2023-06-05,23,17.9,87.0,6.1,230.0,32.5
2023-06-06,0,17.9,84.0,5.1,250.0,34.5
2023-06-06,1,17.6,84.0,3.0,200.0,31.4
2023-06-06,2,16.7,90.0,2.8,200.0,20.8
2023-06-06,3,15.9,93.0,2.2,180.0,12.1
2023-06-06,4,15.4,95.0,2.9,200.0,10.6
2023-06-06,5,16.7,93.0,3.4,200.0,17.0
2023-06-06,6,17.3,90.0,4.1,230.0,26.8
2023-06-06,7,17.7,88.0,1.2,250.0,31.0
2023-06-06,8,16.9,88.0,3.5,200.0,21.7
2023-06-06,9,17.6,88.0,3.1,200.0,23.5
2023-06-06,10,18.4,85.0,5.6,180.0,23.6
2023-06-06,11,18.9,81.0,6.0,200.0,29.0
2023-06-06,12,18.5,85.0,4.5,200.0,23.4
2023-06-06,13,19.8,78.0,5.9,200.0,32.6
2023-06-06,14,19.8,78.0,4.9,230.0,29.7
2023-06-06,15,20.0,79.0,6.0,200.0,31.1
2023-06-06,16,19.6,81.0,6.8,230.0,26.7
2023-06-06,17,19.4,81.0,6.6,230.0,27.7
2023-06-06,18,19.0,86.0,5.9,230.0,23.2
2023-06-06,19,18.4,89.0,6.2,230.0,18.5
2023-06-06,20,18.1,91.0,3.7,230.0,13.8
2023-06-06,21,17.9,92.0,4.1,230.0,8.5
2023-06-06,22,17.7,93.0,4.5,230.0,4.9
2023-06-06,23,17.7,94.0,2.2,230.0,4.0
2023-06-07,0,17.5,95.0,1.4,200.0,3.2
2023-06-07,1,17.1,95.0,3.3,200.0,3.1
2023-06-07,2,17.0,95.0,1.8,180.0,3.8
2023-06-07,3,16.7,96.0,1.5,180.0,3.6
2023-06-07,4,16.1,97.0,1.8,110.0,2.1
2023-06-07,5,16.1,98.0,1.3,140.0,1.9
2023-06-07,6,16.5,98.0,3.1,140.0,1.5
2023-06-07,7,16.8,98.0,3.6,160.0,1.7
2023-06-07,8,16.9,98.0,4.4,160.0,1.6
2023-06-07,9,17.0,98.0,4.5,160.0,4.0
2023-06-07,10,16.9,97.0,5.1,140.0,6.4
2023-06-07,11,17.6,96.0,5.4,160.0,12.3
2023-06-07,12,18.2,93.0,6.5,160.0,20.9
2023-06-07,13,18.7,90.0,7.8,160.0,22.7
2023-06-07,14,18.3,91.0,5.3,160.0,19.9
2023-06-07,15,18.2,93.0,7.8,160.0,14.2
2023-06-07,16,17.9,93.0,8.5,160.0,11.4
2023-06-07,17,17.0,94.0,7.6,160.0,7.3
2023-06-07,18,17.7,95.0,8.3,160.0,7.3
2023-06-07,19,17.5,96.0,7.8,160.0,5.2
2023-06-07,20,17.2,97.0,5.1,160.0,3.0
2023-06-07,21,17.4,97.0,5.7,160.0,3.3
2023-06-07,22,17.3,96.0,5.8,160.0,2.7
2023-06-07,23,17.1,95.0,5.7,160.0,2.7
2023-06-08,0,16.8,96.0,5.6,160.0,2.3
2023-06-08,1,16.7,96.0,5.1,140.0,2.4
2023-06-08,2,18.0,94.0,2.2,200.0,3.5
2023-06-08,3,17.8,93.0,4.6,180.0,4.7
2023-06-08,4,16.8,97.0,4.7,160.0,2.8
2023-06-08,5,16.8,97.0,5.5,160.0,4.7
2023-06-08,6,17.0,97.0,8.2,160.0,4.7
2023-06-08,7,16.3,98.0,7.0,140.0,4.3
2023-06-08,8,16.4,98.0,0.9,340.0,4.2
2023-06-08,9,17.3,98.0,5.0,160.0,4.8
2023-06-08,10,17.3,97.0,4.1,160.0,4.0
2023-06-08,11,17.3,97.0,4.6,160.0,3.4
2023-06-08,12,17.8,95.0,4.3,140.0,8.4
2023-06-08,13,18.0,92.0,7.4,180.0,13.3
2023-06-08,14,20.0,87.0,6.2,200.0,23.9
2023-06-08,15,19.7,89.0,4.2,200.0,14.6
2023-06-08,16,18.9,93.0,3.6,180.0,9.0
2023-06-08,17,17.5,93.0,1.6,110.0,11.1
2023-06-08,18,17.5,98.0,1.9,160.0,1.1
2023-06-08,19,17.2,98.0,2.3,180.0,2.4
2023-06-08,20,16.3,98.0,2.8,180.0,1.2
2023-06-08,21,17.4,98.0,0.9,230.0,0.9
2023-06-08,22,17.6,98.0,1.3,320.0,0.7
2023-06-08,23,16.9,98.0,1.4,340.0,0.1
2023-06-09,0,15.9,99.0,1.9,290.0,0.4
2023-06-09,1,15.7,99.0,4.3,340.0,0.8
2023-06-09,2,15.6,99.0,3.6,320.0,0.3
2023-06-09,3,15.2,99.0,2.5,320.0,0.2
2023-06-09,4,14.7,99.0,0.2,0.0,0.2
2023-06-09,5,14.3,99.0,0.6,110.0,0.1
2023-06-09,6,14.3,99.0,0.9,140.0,0.2
2023-06-09,7,14.1,99.0,2.2,200.0,0.3
2023-06-09,8,14.4,99.0,1.4,180.0,0.6
2023-06-09,9,14.1,99.0,3.5,180.0,4.4
2023-06-09,10,14.7,99.0,2.3,140.0,1.8
2023-06-09,11,15.1,99.0,4.5,140.0,0.9
2023-06-09,12,16.8,95.0,5.0,160.0,12.9
2023-06-09,13,18.6,83.0,5.2,140.0,20.2
2023-06-09,14,16.7,94.0,7.6,160.0,6.3
2023-06-09,15,16.4,94.0,7.2,160.0,5.7
2023-06-09,16,16.5,94.0,7.1,160.0,5.7
2023-06-09,17,16.5,95.0,6.3,160.0,4.5
2023-06-09,18,15.8,97.0,5.3,160.0,1.7
2023-06-09,19,15.7,97.0,4.4,160.0,1.4
2023-06-09,20,15.8,98.0,2.0,160.0,0.4
2023-06-09,21,15.7,97.0,1.6,160.0,3.8
2023-06-09,22,15.7,96.0,1.4,140.0,3.8
2023-06-09,23,16.0,94.0,2.8,110.0,6.0
2023-06-10,0,16.6,92.0,3.5,140.0,6.9
2023-06-10,1,16.7,91.0,5.3,140.0,8.0
2023-06-10,2,16.2,92.0,3.8,140.0,7.0
2023-06-10,3,16.1,95.0,4.1,140.0,4.7
2023-06-10,4,16.3,96.0,4.6,160.0,3.2
2023-06-10,5,16.0,98.0,2.9,180.0,2.0
2023-06-10,6,16.0,98.0,2.4,180.0,0.9
2023-06-10,7,17.0,98.0,1.9,140.0,0.5
2023-06-10,8,16.9,98.0,4.7,160.0,2.2
2023-06-10,9,16.9,98.0,3.4,140.0,2.1
2023-06-10,10,17.7,93.0,3.3,160.0,15.1
2023-06-10,11,18.9,90.0,3.4,110.0,12.3
2023-06-10,12,20.5,82.0,2.8,140.0,17.5
2023-06-10,13,18.5,88.0,5.2,160.0,14.6
2023-06-10,14,17.6,93.0,4.0,180.0,9.7
2023-06-10,15,18.4,91.0,7.7,200.0,6.4
2023-06-10,16,17.6,94.0,4.7,200.0,7.2
2023-06-10,17,18.2,93.0,1.1,160.0,9.1
2023-06-10,18,16.4,97.0,2.3,90.0,5.2
2023-06-10,19,15.7,94.0,2.6,90.0,19.9
2023-06-10,20,15.9,91.0,2.6,110.0,33.9
2023-06-10,21,15.7,94.0,2.5,90.0,30.1
2023-06-10,22,16.4,90.0,1.8,110.0,36.5
2023-06-10,23,16.1,91.0,2.6,90.0,12.2
2023-06-11,0,15.9,95.0,3.5,90.0,11.3
2023-06-11,1,15.9,93.0,2.8,90.0,25.5
2023-06-11,2,15.7,95.0,2.7,110.0,18.3
2023-06-11,3,15.1,97.0,1.6,110.0,8.1
2023-06-11,4,15.4,98.0,1.4,110.0,9.4
2023-06-11,5,15.0,97.0,1.6,90.0,16.1
2023-06-11,6,15.0,97.0,1.5,290.0,17.0
2023-06-11,7,17.1,89.0,0.8,320.0,30.0
2023-06-11,8,19.0,75.0,1.5,90.0,45.1
2023-06-11,9,18.9,79.0,2.8,70.0,35.6
2023-06-11,10,20.5,68.0,2.1,110.0,47.2
2023-06-11,11,22.1,61.0,1.5,110.0,48.9
2023-06-11,12,22.8,52.0,1.2,50.0,49.7
2023-06-11,13,23.4,52.0,2.3,340.0,48.2
2023-06-11,14,21.7,59.0,3.6,320.0,47.3
2023-06-11,15,20.1,74.0,5.5,320.0,34.2
2023-06-11,16,18.7,79.0,6.5,320.0,31.2
2023-06-11,17,18.4,82.0,6.2,320.0,15.1
2023-06-11,18,18.0,85.0,4.9,320.0,13.7
2023-06-11,19,16.4,89.0,5.3,320.0,11.5
2023-06-11,20,16.0,89.0,2.5,320.0,17.6
2023-06-11,21,15.2,90.0,2.2,320.0,19.7
2023-06-11,22,15.3,87.0,2.3,320.0,28.0
2023-06-11,23,15.1,85.0,1.7,320.0,37.4
2023-06-12,0,16.3,71.0,1.3,320.0,50.0
2023-06-12,1,15.9,74.0,1.3,290.0,49.4
2023-06-12,2,17.0,65.0,0.5,290.0,49.8
2023-06-12,3,18.3,58.0,0.1,0.0,49.7
2023-06-12,4,15.6,75.0,1.7,290.0,47.1
2023-06-12,5,14.9,87.0,2.0,290.0,32.4
2023-06-12,6,16.8,71.0,0.7,70.0,33.2
2023-06-12,7,17.5,71.0,0.2,0.0,47.5
2023-06-12,8,17.6,77.0,1.1,110.0,18.9
2023-06-12,9,19.7,64.0,0.9,110.0,15.1
2023-06-12,10,21.6,61.0,1.6,90.0,10.6
2023-06-12,11,21.9,60.0,1.2,70.0,41.5
2023-06-12,12,21.7,55.0,1.6,360.0,45.0
2023-06-12,13,23.3,46.0,1.5,20.0,18.8
2023-06-12,14,22.8,45.0,1.3,360.0,48.5
2023-06-12,15,22.0,51.0,3.1,180.0,44.0
2023-06-12,16,22.1,52.0,1.7,290.0,45.3
2023-06-12,17,21.4,57.0,1.5,320.0,47.1
2023-06-12,18,20.3,63.0,0.7,160.0,33.0
2023-06-12,19,18.8,80.0,0.0,0.0,20.5
2023-06-12,20,18.6,79.0,0.3,0.0,18.5
2023-06-12,21,17.7,84.0,1.3,270.0,14.2
2023-06-12,22,16.8,90.0,1.7,290.0,11.7
2023-06-12,23,16.4,91.0,1.6,290.0,12.5
2023-06-13,0,16.8,89.0,1.3,290.0,16.1
2023-06-13,1,16.0,93.0,2.1,290.0,10.9
2023-06-13,2,15.4,91.0,2.0,320.0,10.1
2023-06-13,3,15.7,79.0,0.6,320.0,11.2
2023-06-13,4,15.8,74.0,0.4,0.0,48.7
2023-06-13,5,16.2,78.0,0.2,0.0,49.0
2023-06-13,6,15.2,90.0,1.4,180.0,28.7
2023-06-13,7,16.9,81.0,0.9,230.0,34.1
2023-06-13,8,16.0,86.0,1.5,320.0,28.4
2023-06-13,9,18.0,72.0,0.6,320.0,41.4
2023-06-13,10,20.1,63.0,2.1,360.0,47.5
2023-06-13,11,20.3,66.0,1.9,340.0,44.0
2023-06-13,12,21.5,56.0,2.7,290.0,47.6
2023-06-13,13,21.8,53.0,1.8,320.0,47.7
2023-06-13,14,20.5,52.0,3.8,320.0,49.3
2023-06-13,15,20.8,51.0,4.8,320.0,49.1
2023-06-13,16,21.1,54.0,3.8,320.0,49.9
2023-06-13,17,20.4,58.0,3.0,290.0,49.3
2023-06-13,18,19.5,64.0,3.6,340.0,48.9
2023-06-13,19,18.9,69.0,2.6,320.0,47.3
2023-06-13,20,17.2,78.0,1.4,340.0,49.5
2023-06-13,21,16.2,85.0,1.7,320.0,32.7
2023-06-13,22,16.2,85.0,2.8,320.0,35.1
2023-06-13,23,16.5,84.0,3.3,320.0,44.8
2023-06-14,0,16.3,87.0,2.0,320.0,30.4
2023-06-14,1,16.3,89.0,2.1,360.0,38.7
2023-06-14,2,15.5,91.0,1.6,320.0,28.0
2023-06-14,3,15.1,92.0,1.4,320.0,25.2
2023-06-14,4,15.3,94.0,1.2,320.0,20.7
2023-06-14,5,15.2,95.0,1.1,320.0,16.6
2023-06-14,6,15.7,94.0,1.0,320.0,21.9
2023-06-14,7,17.0,90.0,1.0,340.0,18.1
2023-06-14,8,18.3,83.0,1.1,320.0,34.7
2023-06-14,9,19.4,82.0,2.5,360.0,26.7
2023-06-14,10,20.5,68.0,2.6,290.0,29.9
2023-06-14,11,21.6,57.0,2.4,320.0,35.4
2023-06-14,12,21.7,66.0,1.5,340.0,25.7
2023-06-14,13,21.3,74.0,3.9,320.0,22.5
2023-06-14,14,22.1,62.0,3.9,320.0,24.4
2023-06-14,15,21.4,60.0,5.3,320.0,28.1
2023-06-14,16,21.3,77.0,4.9,320.0,18.3
2023-06-14,17,21.6,72.0,3.6,320.0,22.9
2023-06-14,18,20.3,77.0,3.1,320.0,25.2
2023-06-14,19,20.4,79.0,3.0,320.0,26.8
2023-06-14,20,19.2,86.0,2.1,320.0,19.3
2023-06-14,21,18.1,92.0,2.3,320.0,8.5
2023-06-14,22,18.0,93.0,1.7,320.0,6.8
2023-06-14,23,17.3,95.0,0.8,290.0,4.6
2023-06-15,0,17.3,95.0,0.8,290.0,4.5
2023-06-15,1,17.7,96.0,1.7,320.0,3.4
2023-06-15,2,17.2,97.0,1.6,320.0,1.2
2023-06-15,3,17.2,98.0,1.9,320.0,0.1
2023-06-15,4,17.0,98.0,0.7,290.0,0.1
2023-06-15,5,17.2,98.0,3.2,320.0,0.1
2023-06-15,6,16.5,98.0,2.7,320.0,0.1
2023-06-15,7,17.6,98.0,2.6,340.0,0.3
2023-06-15,8,17.4,98.0,2.6,360.0,0.2
2023-06-15,9,21.1,67.0,1.4,90.0,21.3
2023-06-15,10,22.0,59.0,2.7,320.0,24.8
2023-06-15,11,21.0,76.0,3.3,320.0,15.4
2023-06-15,12,23.3,62.0,1.8,320.0,19.0
2023-06-15,13,23.6,60.0,2.6,290.0,19.8
2023-06-15,14,25.1,57.0,1.2,50.0,19.2
2023-06-15,15,23.1,65.0,4.4,320.0,16.4
2023-06-15,16,22.2,68.0,5.8,320.0,23.0
2023-06-15,17,21.3,80.0,4.1,320.0,18.2
2023-06-15,18,22.0,80.0,3.3,290.0,19.2
2023-06-15,19,21.0,75.0,2.7,290.0,36.8
2023-06-15,20,20.0,81.0,1.0,250.0,22.7
2023-06-15,21,18.7,87.0,1.1,270.0,17.5
2023-06-15,22,19.0,86.0,0.9,250.0,12.9
2023-06-15,23,18.4,90.0,0.8,200.0,8.0
2023-06-16,0,18.2,93.0,0.4,0.0,5.7
2023-06-16,1,17.9,95.0,1.3,180.0,3.4
2023-06-16,2,16.7,93.0,0.6,160.0,6.5
2023-06-16,3,16.2,97.0,0.7,180.0,1.9
2023-06-16,4,16.1,98.0,1.3,160.0,3.7
2023-06-16,5,15.4,98.0,1.9,180.0,0.2
2023-06-16,6,16.1,98.0,1.3,180.0,0.2
2023-06-16,7,16.5,99.0,0.9,160.0,0.2
2023-06-16,8,18.2,98.0,1.0,110.0,2.9
2023-06-16,9,18.4,93.0,2.3,90.0,9.0
2023-06-16,10,20.7,87.0,3.0,110.0,13.6
2023-06-16,11,22.3,82.0,2.8,140.0,21.3
2023-06-16,12,22.4,80.0,3.8,180.0,21.9
2023-06-16,13,22.8,77.0,4.4,160.0,23.6
2023-06-16,14,22.8,78.0,4.7,180.0,25.5
2023-06-16,15,23.1,76.0,4.1,180.0,27.1
2023-06-16,16,22.3,79.0,4.5,180.0,28.9
2023-06-16,17,21.5,83.0,4.5,200.0,19.2
2023-06-16,18,21.5,83.0,3.0,180.0,19.4
2023-06-16,19,20.1,90.0,3.4,180.0,11.4
2023-06-16,20,18.1,97.0,2.8,180.0,0.5
2023-06-16,21,18.1,98.0,1.3,180.0,0.3
2023-06-16,22,17.9,98.0,3.8,180.0,0.6
2023-06-16,23,18.1,98.0,1.4,180.0,0.8
2023-06-17,0,19.1,98.0,2.8,200.0,3.1
2023-06-17,1,19.2,97.0,1.8,200.0,2.2
2023-06-17,2,15.9,98.0,0.6,140.0,0.3
2023-06-17,3,15.9,99.0,2.0,110.0,0.2
2023-06-17,4,16.7,99.0,2.3,110.0,0.3
2023-06-17,5,17.0,99.0,2.4,110.0,0.2
2023-06-17,6,18.0,99.0,1.1,110.0,0.3
2023-06-17,7,18.7,99.0,2.0,140.0,1.3
2023-06-17,8,20.0,98.0,2.6,110.0,5.6
2023-06-17,9,21.8,80.0,2.3,140.0,15.3
2023-06-17,10,21.8,77.0,2.5,180.0,17.5
2023-06-17,11,22.1,76.0,3.2,200.0,19.1
2023-06-17,12,22.9,76.0,2.5,200.0,20.3
2023-06-17,13,23.3,71.0,3.0,200.0,21.9
2023-06-17,14,24.0,71.0,2.0,180.0,21.8
2023-06-17,15,23.5,70.0,2.0,160.0,20.9
2023-06-17,16,23.4,72.0,3.0,200.0,19.8
2023-06-17,17,21.8,79.0,2.7,230.0,20.0
2023-06-17,18,21.5,81.0,1.9,250.0,16.8
2023-06-17,19,21.0,84.0,1.6,250.0,15.4
2023-06-17,20,20.5,88.0,1.5,250.0,12.2
2023-06-17,21,20.0,90.0,1.5,230.0,10.6
2023-06-17,22,19.6,92.0,0.4,0.0,9.8
2023-06-17,23,19.2,94.0,1.4,270.0,6.8
2023-06-18,0,18.8,96.0,1.3,290.0,3.7
2023-06-18,1,18.9,96.0,1.2,270.0,4.3
2023-06-18,2,19.1,96.0,1.3,290.0,4.3
2023-06-18,3,18.5,98.0,1.0,320.0,0.1
2023-06-18,4,18.1,98.0,1.4,290.0,0.1
2023-06-18,5,18.4,98.0,3.1,340.0,1.9
2023-06-18,6,18.2,98.0,2.4,340.0,3.8
2023-06-18,7,18.1,98.0,2.9,360.0,4.1
2023-06-18,8,19.2,92.0,3.7,340.0,11.0
2023-06-18,9,19.4,88.0,3.6,320.0,16.2
2023-06-18,10,20.3,82.0,4.5,320.0,19.2
2023-06-18,11,20.9,79.0,4.7,340.0,21.4
2023-06-18,12,21.6,75.0,4.2,340.0,26.5
2023-06-18,13,22.1,71.0,4.5,320.0,29.2
2023-06-18,14,21.7,76.0,5.8,320.0,22.6
2023-06-18,15,21.6,76.0,6.3,320.0,23.7
2023-06-18,16,21.5,78.0,6.1,320.0,24.4
2023-06-18,17,21.1,80.0,5.9,340.0,22.3
2023-06-18,18,20.9,83.0,3.9,340.0,19.7
2023-06-18,19,20.0,88.0,6.2,340.0,13.1
2023-06-18,20,19.3,92.0,3.8,320.0,9.2
2023-06-18,21,19.0,93.0,3.1,320.0,7.2
2023-06-18,22,19.0,90.0,1.0,290.0,10.4
2023-06-18,23,19.3,75.0,0.5,270.0,21.6
2023-06-19,0,19.6,71.0,0.8,230.0,41.5
2023-06-19,1,17.8,92.0,1.5,290.0,11.0
2023-06-19,2,18.5,75.0,0.5,290.0,33.2
2023-06-19,3,18.4,78.0,1.9,230.0,35.0
2023-06-19,4,17.9,95.0,3.2,320.0,8.6
2023-06-19,5,17.4,98.0,2.7,320.0,0.1
2023-06-19,6,17.4,98.0,1.2,360.0,0.7
2023-06-19,7,19.5,92.0,1.7,90.0,11.1
2023-06-19,8,21.1,74.0,2.2,90.0,26.7
2023-06-19,9,21.9,72.0,2.0,320.0,24.2
2023-06-19,10,23.1,68.0,1.5,90.0,26.5
2023-06-19,11,22.2,72.0,2.4,90.0,24.2
2023-06-19,12,23.8,67.0,2.5,90.0,24.7
2023-06-19,13,25.0,61.0,0.9,250.0,26.3
2023-06-19,14,26.2,42.0,1.9,90.0,40.0
2023-06-19,15,26.5,47.0,2.4,90.0,37.8
2023-06-19,16,25.1,47.0,2.1,200.0,35.2
2023-06-19,17,25.6,44.0,1.5,200.0,34.4
2023-06-19,18,23.2,58.0,1.6,110.0,33.6
2023-06-19,19,22.5,54.0,2.6,270.0,39.4
2023-06-19,20,21.4,68.0,2.1,200.0,31.5
2023-06-19,21,21.3,77.0,1.5,180.0,20.2
2023-06-19,22,20.7,85.0,0.8,160.0,12.0
2023-06-19,23,20.2,85.0,2.0,180.0,16.2
2023-06-20,0,20.0,81.0,1.6,140.0,20.9
2023-06-20,1,18.3,89.0,2.7,110.0,10.5
2023-06-20,2,19.2,87.0,2.0,110.0,16.1
2023-06-20,3,19.5,83.0,1.0,200.0,19.1
2023-06-20,4,19.9,73.0,0.9,140.0,30.6
2023-06-20,5,19.5,75.0,0.9,160.0,28.1
2023-06-20,6,19.3,79.0,1.3,140.0,12.7
2023-06-20,7,18.5,88.0,1.5,180.0,8.4
2023-06-20,8,18.2,94.0,1.6,110.0,2.6
2023-06-20,9,17.7,96.0,3.3,90.0,3.4
2023-06-20,10,19.5,91.0,1.2,90.0,12.0
2023-06-20,11,20.6,88.0,0.9,110.0,14.9
2023-06-20,12,19.8,88.0,2.9,90.0,10.3
2023-06-20,13,20.0,88.0,2.4,110.0,11.8
2023-06-20,14,21.1,82.0,2.5,110.0,13.0
2023-06-20,15,21.1,80.0,2.5,110.0,16.2
2023-06-20,16,21.2,75.0,4.4,140.0,15.8
2023-06-20,17,20.4,80.0,2.1,110.0,15.3
2023-06-20,18,20.1,80.0,2.3,180.0,13.2
2023-06-20,19,18.7,92.0,3.6,180.0,3.4
2023-06-20,20,18.1,97.0,2.0,140.0,2.0
2023-06-20,21,18.1,98.0,1.5,160.0,1.8
2023-06-20,22,18.1,98.0,1.6,90.0,1.1
2023-06-20,23,17.7,98.0,1.7,90.0,0.3
2023-06-21,0,17.5,98.0,1.5,70.0,0.4
2023-06-21,1,17.7,98.0,2.2,90.0,0.2
2023-06-21,2,18.1,98.0,1.9,70.0,0.3
2023-06-21,3,18.0,98.0,1.9,70.0,0.3
2023-06-21,4,18.1,98.0,2.1,50.0,2.4
2023-06-21,5,17.4,98.0,1.8,340.0,0.6
2023-06-21,6,17.6,98.0,2.3,360.0,0.3
2023-06-21,7,17.8,98.0,1.4,320.0,1.8
2023-06-21,8,18.1,98.0,1.7,320.0,4.2
2023-06-21,9,19.2,95.0,2.3,320.0,13.0
2023-06-21,10,18.1,95.0,3.2,320.0,9.2
2023-06-21,11,19.4,92.0,4.0,320.0,18.2
2023-06-21,12,21.2,84.0,3.2,320.0,37.2
2023-06-21,13,21.0,85.0,3.6,340.0,36.2
2023-06-21,14,18.4,93.0,4.1,340.0,9.6
2023-06-21,15,18.5,90.0,4.5,320.0,13.6
2023-06-21,16,19.7,86.0,5.3,340.0,24.2
2023-06-21,17,19.7,85.0,5.0,340.0,40.5
2023-06-21,18,19.7,84.0,4.0,340.0,42.9
2023-06-21,19,18.9,88.0,3.1,340.0,40.3
2023-06-21,20,17.7,92.0,2.6,360.0,32.2
2023-06-21,21,17.5,93.0,2.1,320.0,26.3
2023-06-21,22,17.5,93.0,1.6,320.0,23.4
2023-06-21,23,17.6,92.0,2.2,320.0,23.7
2023-06-22,0,17.7,93.0,1.8,290.0,16.5
2023-06-22,1,17.9,92.0,2.5,290.0,16.4
2023-06-22,2,18.3,94.0,2.4,290.0,13.7
2023-06-22,3,17.6,96.0,1.8,290.0,8.8
2023-06-22,4,17.7,97.0,2.6,270.0,8.9
2023-06-22,5,18.2,97.0,2.7,320.0,4.6
2023-06-22,6,18.7,98.0,2.2,320.0,0.7
2023-06-22,7,18.9,98.0,0.9,360.0,4.4
2023-06-22,8,20.6,89.0,1.8,360.0,12.9
2023-06-22,9,21.7,81.0,2.8,360.0,19.0
2023-06-22,10,21.4,84.0,3.4,290.0,16.5
2023-06-22,11,21.5,86.0,4.2,320.0,13.9
2023-06-22,12,21.5,85.0,4.1,320.0,13.8
2023-06-22,13,21.5,88.0,4.7,320.0,15.0
2023-06-22,14,23.6,76.0,5.6,290.0,23.4
2023-06-22,15,23.2,81.0,7.0,320.0,18.3
2023-06-22,16,23.0,81.0,5.1,320.0,17.5
2023-06-22,17,22.8,84.0,5.1,320.0,11.7
2023-06-22,18,22.1,87.0,4.0,290.0,7.9
2023-06-22,19,21.9,90.0,4.4,320.0,7.0
2023-06-22,20,21.0,93.0,3.5,290.0,6.6
2023-06-22,21,20.8,92.0,3.8,290.0,7.1
2023-06-22,22,20.1,94.0,3.0,320.0,4.5
2023-06-22,23,20.0,94.0,3.6,320.0,5.1
2023-06-23,0,20.0,94.0,3.0,320.0,4.8
2023-06-23,1,19.3,97.0,2.0,290.0,2.8
2023-06-23,2,19.7,93.0,1.5,290.0,6.2
2023-06-23,3,19.4,94.0,1.7,290.0,6.3
2023-06-23,4,19.7,92.0,1.3,340.0,7.5
2023-06-23,5,20.7,86.0,0.0,0.0,11.6
2023-06-23,6,19.0,93.0,0.5,230.0,9.5
2023-06-23,7,22.6,78.0,1.0,70.0,16.2
2023-06-23,8,23.4,76.0,0.4,0.0,22.2
2023-06-23,9,25.9,56.0,0.9,340.0,31.2
2023-06-23,10,26.4,50.0,2.6,360.0,37.0
2023-06-23,11,27.6,47.0,2.3,320.0,40.7
2023-06-23,12,27.9,50.0,1.3,340.0,41.6
2023-06-23,13,24.9,65.0,3.6,180.0,18.8
2023-06-23,14,23.8,72.0,4.0,180.0,16.9
2023-06-23,15,22.7,77.0,3.3,200.0,16.9
2023-06-23,16,22.6,75.0,2.9,200.0,17.5
2023-06-23,17,23.6,74.0,2.2,200.0,18.1
2023-06-23,18,22.7,77.0,2.3,200.0,15.5
2023-06-23,19,21.5,83.0,2.6,200.0,11.7
2023-06-23,20,20.1,89.0,1.6,180.0,6.5
2023-06-23,21,19.8,91.0,3.7,180.0,6.1
2023-06-23,22,19.9,88.0,0.4,0.0,10.0
2023-06-23,23,18.1,98.0,1.7,90.0,0.7
2023-06-24,0,19.0,96.0,2.1,110.0,3.9
2023-06-24,1,20.1,88.0,2.3,160.0,7.8
2023-06-24,2,19.4,90.0,1.9,160.0,7.0
2023-06-24,3,19.4,89.0,1.5,180.0,8.0
2023-06-24,4,18.9,93.0,1.4,200.0,5.4
2023-06-24,5,18.5,94.0,0.8,70.0,5.3
2023-06-24,6,18.8,96.0,1.4,140.0,4.3
2023-06-24,7,19.9,95.0,3.8,160.0,4.7
2023-06-24,8,20.2,97.0,5.2,160.0,3.3
2023-06-24,9,21.5,94.0,3.6,160.0,3.3
2023-06-24,10,21.5,92.0,2.3,180.0,15.2
2023-06-24,11,22.5,84.0,3.3,160.0,22.2
2023-06-24,12,23.8,82.0,4.5,160.0,14.2
2023-06-24,13,24.0,79.0,5.1,160.0,15.6
2023-06-24,14,23.9,81.0,4.9,160.0,14.4
2023-06-24,15,24.1,76.0,3.9,160.0,23.6
2023-06-24,16,23.7,78.0,4.9,180.0,21.8
2023-06-24,17,23.4,80.0,4.7,180.0,21.6
2023-06-24,18,22.6,83.0,3.4,180.0,17.4
2023-06-24,19,21.2,89.0,2.3,200.0,11.0
2023-06-24,20,20.4,94.0,2.1,180.0,4.4
2023-06-24,21,19.8,97.0,1.8,200.0,1.8
2023-06-24,22,18.5,97.0,1.0,110.0,4.2
2023-06-24,23,18.8,98.0,1.4,110.0,0.3
2023-06-25,0,19.3,98.0,0.9,110.0,0.2
2023-06-25,1,19.5,98.0,2.3,180.0,0.3
2023-06-25,2,19.4,98.0,0.7,160.0,0.3
2023-06-25,3,19.0,98.0,1.1,110.0,0.2
2023-06-25,4,19.5,98.0,1.0,160.0,0.2
2023-06-25,5,19.4,98.0,1.4,90.0,0.6
2023-06-25,6,19.3,98.0,1.8,90.0,5.4
2023-06-25,7,20.0,97.0,1.9,110.0,12.3
2023-06-25,8,21.5,85.0,2.5,70.0,16.4
2023-06-25,9,23.7,75.0,1.9,70.0,25.0
2023-06-25,10,25.0,67.0,1.8,90.0,24.7
2023-06-25,11,26.4,59.0,1.7,110.0,39.6
2023-06-25,12,27.6,60.0,1.4,70.0,37.0
2023-06-25,13,26.3,63.0,3.2,290.0,32.2
2023-06-25,14,25.5,65.0,3.0,320.0,17.5
2023-06-25,15,26.0,63.0,3.4,320.0,23.5
2023-06-25,16,26.4,63.0,2.6,320.0,23.7
2023-06-25,17,24.3,68.0,2.3,50.0,22.6
2023-06-25,18,23.8,68.0,2.0,50.0,34.4
2023-06-25,19,22.8,71.0,1.5,50.0,36.6
2023-06-25,20,21.9,74.0,1.7,50.0,35.6
2023-06-25,21,21.7,77.0,1.5,70.0,31.3
2023-06-25,22,23.2,75.0,0.1,0.0,30.4
2023-06-25,23,22.3,81.0,1.7,200.0,23.7
2023-06-26,0,23.4,75.0,0.6,20.0,27.2
2023-06-26,1,21.8,84.0,1.4,70.0,20.2
2023-06-26,2,20.7,88.0,1.1,70.0,11.6
2023-06-26,3,20.5,91.0,2.0,50.0,7.2
2023-06-26,4,20.6,92.0,2.5,20.0,3.1
2023-06-26,5,20.1,92.0,2.8,50.0,7.2
2023-06-26,6,19.4,96.0,6.9,70.0,2.1
2023-06-26,7,19.2,98.0,3.3,70.0,0.6
2023-06-26,8,19.1,98.0,4.6,70.0,4.0
2023-06-26,9,19.6,98.0,4.4,70.0,0.9
2023-06-26,10,19.7,98.0,4.2,70.0,0.3
2023-06-26,11,20.4,98.0,3.0,50.0,0.4
2023-06-26,12,22.2,98.0,4.6,200.0,12.8
2023-06-26,13,23.0,89.0,4.6,200.0,26.7
2023-06-26,14,22.0,92.0,4.2,180.0,8.8
2023-06-26,15,20.6,96.0,4.9,70.0,3.3
2023-06-26,16,21.1,96.0,7.0,20.0,3.4
2023-06-26,17,20.8,96.0,6.1,20.0,3.3
2023-06-26,18,21.3,97.0,8.5,20.0,5.2
2023-06-26,19,21.1,97.0,8.2,20.0,3.0
2023-06-26,20,21.1,98.0,7.5,20.0,2.1
2023-06-26,21,21.5,94.0,6.2,200.0,16.9
2023-06-26,22,21.6,92.0,6.7,200.0,17.2
2023-06-26,23,20.5,94.0,6.1,230.0,22.0
2023-06-27,0,20.2,95.0,7.1,250.0,11.0
2023-06-27,1,20.4,92.0,5.0,250.0,17.6
2023-06-27,2,20.4,91.0,5.2,230.0,16.7
2023-06-27,3,20.8,88.0,7.2,230.0,24.6
2023-06-27,4,20.9,86.0,6.4,230.0,29.5
2023-06-27,5,21.2,85.0,8.0,250.0,31.5
2023-06-27,6,21.5,87.0,6.9,250.0,26.6
2023-06-27,7,21.9,86.0,5.9,230.0,30.6
2023-06-27,8,22.9,81.0,6.4,250.0,31.8
2023-06-27,9,23.9,75.0,5.9,230.0,37.4
2023-06-27,10,24.1,76.0,6.8,230.0,32.0
2023-06-27,11,24.8,75.0,7.4,230.0,25.5
2023-06-27,12,25.2,75.0,6.2,200.0,24.3
2023-06-27,13,25.2,75.0,5.9,180.0,21.7
2023-06-27,14,25.4,76.0,6.1,200.0,21.1
2023-06-27,15,25.5,76.0,5.7,200.0,22.2
2023-06-27,16,24.7,75.0,6.9,180.0,24.2
2023-06-27,17,24.3,75.0,4.6,180.0,28.2
2023-06-27,18,23.5,80.0,6.2,200.0,31.5
2023-06-27,19,22.8,82.0,4.1,200.0,27.7
2023-06-27,20,22.3,83.0,2.1,180.0,29.6
2023-06-27,21,19.7,96.0,2.6,140.0,9.8
2023-06-27,22,18.9,97.0,2.5,90.0,1.8
2023-06-27,23,20.4,98.0,4.2,160.0,3.4
2023-06-28,0,20.5,96.0,4.4,160.0,5.8
2023-06-28,1,19.4,96.0,2.3,110.0,4.2
2023-06-28,2,19.5,98.0,2.2,140.0,0.4
2023-06-28,3,20.1,98.0,3.6,140.0,0.3
2023-06-28,4,20.2,98.0,2.5,140.0,0.2
2023-06-28,5,19.8,98.0,2.5,110.0,0.1
2023-06-28,6,19.9,98.0,4.5,160.0,0.2
2023-06-28,7,19.9,98.0,4.7,160.0,0.5
2023-06-28,8,20.1,98.0,4.6,140.0,0.4
2023-06-28,9,20.0,98.0,3.8,110.0,0.5
2023-06-28,10,20.6,98.0,4.2,110.0,2.0
2023-06-28,11,21.5,97.0,4.3,140.0,3.7
2023-06-28,12,22.3,89.0,5.0,140.0,30.2
2023-06-28,13,21.5,93.0,6.1,140.0,4.5
2023-06-28,14,21.0,95.0,5.5,160.0,1.4
2023-06-28,15,21.2,95.0,5.2,140.0,1.6
2023-06-28,16,21.5,94.0,4.2,140.0,8.3
2023-06-28,17,21.3,97.0,3.5,140.0,9.6
2023-06-28,18,21.2,97.0,4.9,140.0,5.0
2023-06-28,19,20.7,97.0,4.7,140.0,8.7
2023-06-28,20,20.6,98.0,5.0,140.0,0.5
2023-06-28,21,20.4,98.0,3.8,110.0,0.3
2023-06-28,22,20.4,98.0,3.9,140.0,0.3
2023-06-28,23,20.4,98.0,2.1,140.0,0.3
2023-06-29,0,20.3,98.0,4.2,140.0,0.3
2023-06-29,1,19.9,98.0,6.3,160.0,0.3
2023-06-29,2,19.6,98.0,3.5,110.0,0.2
2023-06-29,3,20.0,98.0,5.1,140.0,0.2
2023-06-29,4,20.4,99.0,5.7,160.0,0.3
2023-06-29,5,20.4,99.0,5.2,160.0,1.2
2023-06-29,6,20.9,98.0,4.6,140.0,2.4
2023-06-29,7,20.4,98.0,6.5,160.0,8.6
2023-06-29,8,20.7,98.0,4.5,140.0,15.8
2023-06-29,9,20.8,98.0,5.6,140.0,14.1
2023-06-29,10,20.2,98.0,7.3,140.0,2.5
2023-06-29,11,20.8,98.0,4.0,160.0,4.1
2023-06-29,12,20.9,98.0,6.0,160.0,9.0
2023-06-29,13,21.1,98.0,7.5,160.0,7.0
2023-06-29,14,22.0,98.0,3.9,200.0,4.7
2023-06-29,15,22.7,98.0,3.9,230.0,4.3
2023-06-29,16,23.2,97.0,2.8,250.0,9.1
2023-06-29,17,23.6,93.0,1.2,290.0,11.2
2023-06-29,18,23.9,94.0,1.0,160.0,8.7
2023-06-29,19,21.8,98.0,0.8,160.0,0.9
2023-06-29,20,22.0,98.0,1.7,180.0,0.5
2023-06-29,21,21.3,98.0,1.5,110.0,0.5
2023-06-29,22,20.4,98.0,2.3,90.0,0.3
2023-06-29,23,20.6,98.0,1.3,110.0,0.3
2023-06-30,0,20.8,98.0,1.3,110.0,0.3
2023-06-30,1,21.1,98.0,1.3,90.0,0.6
2023-06-30,2,21.6,98.0,1.9,20.0,0.4
2023-06-30,3,21.4,98.0,2.6,50.0,6.8
2023-06-30,4,21.1,98.0,1.8,70.0,12.8
2023-06-30,5,21.0,98.0,3.1,70.0,5.7
2023-06-30,6,21.4,97.0,2.0,50.0,13.1
2023-06-30,7,22.1,93.0,2.7,360.0,14.5
2023-06-30,8,23.4,88.0,1.6,360.0,20.9
2023-06-30,9,22.7,88.0,1.4,320.0,15.2
2023-06-30,10,22.8,89.0,3.7,360.0,22.4
2023-06-30,11,24.4,80.0,2.1,360.0,41.2
2023-06-30,12,24.4,75.0,3.2,340.0,36.7
2023-06-30,13,25.4,64.0,3.7,360.0,38.1
2023-06-30,14,25.0,71.0,3.3,320.0,28.1
2023-06-30,15,25.3,68.0,3.5,340.0,30.2
2023-06-30,16,25.4,70.0,2.9,360.0,28.4
2023-06-30,17,25.5,67.0,3.4,360.0,31.3
2023-06-30,18,24.9,69.0,3.0,360.0,32.9
2023-06-30,19,25.1,70.0,1.9,360.0,35.1
2023-06-30,20,23.6,77.0,0.6,250.0,30.8
2023-06-30,21,22.1,87.0,1.3,140.0,21.9
2023-06-30,22,20.1,88.0,3.1,360.0,17.3
2023-06-30,23,19.8,89.0,2.4,360.0,18.9
2023-07-01,0,20.8,89.0,1.1,340.0,15.7
2023-07-01,1,20.2,92.0,0.8,360.0,8.5
2023-07-01,2,19.7,95.0,1.6,70.0,6.2
2023-07-01,3,18.8,95.0,1.2,70.0,5.5
2023-07-01,4,19.4,92.0,1.2,70.0,9.8
2023-07-01,5,19.3,94.0,1.8,180.0,5.2
2023-07-01,6,19.9,94.0,1.4,290.0,9.2
2023-07-01,7,21.0,92.0,0.8,290.0,11.2
2023-07-01,8,21.6,89.0,1.6,360.0,15.4
2023-07-01,9,22.5,91.0,1.8,360.0,7.3
2023-07-01,10,24.4,82.0,1.6,360.0,23.9
2023-07-01,11,25.4,79.0,1.7,70.0,23.0
2023-07-01,12,25.0,78.0,3.1,180.0,24.0
2023-07-01,13,24.9,78.0,2.4,360.0,27.8
2023-07-01,14,24.5,79.0,2.3,70.0,25.8
2023-07-01,15,25.4,78.0,2.0,70.0,24.2
2023-07-01,16,24.9,79.0,1.9,70.0,22.1
2023-07-01,17,25.2,79.0,1.6,360.0,22.0
2023-07-01,18,25.7,77.0,2.5,320.0,37.7
2023-07-01,19,24.3,83.0,1.7,290.0,35.2
2023-07-01,20,23.3,87.0,0.5,270.0,27.0
2023-07-01,21,21.9,94.0,0.6,180.0,10.9
2023-07-01,22,21.3,95.0,1.0,270.0,7.7
2023-07-01,23,21.0,97.0,0.5,160.0,7.3
2023-07-02,0,21.2,97.0,1.1,200.0,8.2
2023-07-02,1,21.6,96.0,1.5,250.0,10.3
2023-07-02,2,21.8,95.0,0.5,90.0,18.7
2023-07-02,3,22.1,94.0,0.5,250.0,18.2
2023-07-02,4,21.5,96.0,1.5,90.0,11.9
2023-07-02,5,21.4,97.0,1.8,90.0,8.6
2023-07-02,6,21.5,97.0,1.8,110.0,9.5
2023-07-02,7,21.4,97.0,0.6,140.0,7.9
2023-07-02,8,21.9,95.0,2.1,140.0,19.8
2023-07-02,9,22.7,92.0,2.0,160.0,25.7
2023-07-02,10,22.6,90.0,1.8,110.0,26.8
2023-07-02,11,24.0,87.0,2.7,90.0,30.8
2023-07-02,12,24.9,78.0,4.5,140.0,44.2
2023-07-02,13,24.6,79.0,4.3,140.0,46.1
2023-07-02,14,25.2,76.0,3.8,200.0,46.1
2023-07-02,15,25.6,71.0,3.3,160.0,46.2
2023-07-02,16,25.6,72.0,3.8,180.0,44.6
2023-07-02,17,25.0,74.0,2.6,180.0,45.6
2023-07-02,18,23.7,80.0,3.3,200.0,45.4
2023-07-02,19,23.3,79.0,1.9,140.0,46.4
2023-07-02,20,21.1,92.0,0.3,0.0,27.4
2023-07-02,21,20.5,96.0,1.0,140.0,15.7
2023-07-02,22,20.8,95.0,0.7,200.0,14.7
2023-07-02,23,20.6,95.0,0.0,0.0,13.0
2023-07-03,0,20.1,95.0,0.3,0.0,14.0
2023-07-03,1,19.5,96.0,0.0,0.0,11.0
2023-07-03,2,20.3,95.0,0.0,0.0,17.2
2023-07-03,3,20.2,94.0,1.0,90.0,16.2
2023-07-03,4,20.4,92.0,0.6,70.0,15.8
2023-07-03,5,20.1,95.0,3.0,90.0,15.2
2023-07-03,6,20.3,97.0,1.7,90.0,6.1
2023-07-03,7,21.4,97.0,1.6,110.0,8.2
2023-07-03,8,22.9,92.0,2.4,110.0,15.4
2023-07-03,9,24.7,82.0,2.3,90.0,22.4
2023-07-03,10,23.9,86.0,2.2,110.0,17.9
2023-07-03,11,26.5,76.0,2.4,140.0,22.5
2023-07-03,12,26.7,73.0,3.0,200.0,24.3
2023-07-03,13,26.5,72.0,2.7,180.0,26.9
2023-07-03,14,26.2,75.0,1.3,290.0,22.9
2023-07-03,15,26.9,70.0,2.2,200.0,25.1
2023-07-03,16,27.4,71.0,1.8,180.0,19.4
2023-07-03,17,26.8,72.0,1.8,200.0,12.9
2023-07-03,18,24.9,81.0,1.2,320.0,19.9
2023-07-03,19,23.3,87.0,1.0,340.0,17.2
2023-07-03,20,22.5,91.0,0.8,290.0,11.6
2023-07-03,21,22.9,89.0,0.3,0.0,9.1
2023-07-03,22,22.8,90.0,0.0,0.0,10.6
2023-07-03,23,23.3,89.0,0.9,110.0,8.8
2023-07-04,0,22.8,92.0,0.7,140.0,7.2
2023-07-04,1,22.6,93.0,1.7,140.0,6.3
2023-07-04,2,22.2,94.0,2.1,140.0,4.8
2023-07-04,3,22.1,96.0,3.1,140.0,1.1
2023-07-04,4,22.0,98.0,3.9,140.0,0.3
2023-07-04,5,22.0,98.0,5.1,160.0,0.3
2023-07-04,6,21.6,98.0,5.1,140.0,0.4
2023-07-04,7,20.9,98.0,6.4,140.0,0.4
2023-07-04,8,21.2,98.0,6.2,50.0,0.5
2023-07-04,9,21.5,98.0,4.7,50.0,0.4
2023-07-04,10,21.5,98.0,4.3,20.0,0.9
2023-07-04,11,21.9,98.0,5.4,50.0,1.2
2023-07-04,12,21.9,98.0,5.9,110.0,3.4
2023-07-04,13,21.7,98.0,4.4,140.0,4.2
2023-07-04,14,21.4,98.0,6.7,140.0,0.5
2023-07-04,15,21.8,98.0,5.4,110.0,4.7
2023-07-04,16,22.5,98.0,7.0,140.0,1.2
2023-07-04,17,22.0,98.0,3.2,90.0,4.7
2023-07-04,18,22.6,98.0,9.0,180.0,0.8
2023-07-04,19,22.6,98.0,7.2,180.0,0.9
2023-07-04,20,23.2,98.0,7.6,200.0,2.0
2023-07-04,21,23.8,98.0,8.7,200.0,2.2
2023-07-04,22,24.3,93.0,8.1,200.0,3.7
2023-07-04,23,24.3,93.0,8.3,200.0,3.7
2023-07-05,0,23.1,93.0,6.0,200.0,5.5
2023-07-05,1,21.9,95.0,9.3,250.0,6.9
2023-07-05,2,21.6,93.0,8.1,290.0,20.8
2023-07-05,3,21.7,88.0,9.3,290.0,29.4
2023-07-05,4,21.3,92.0,8.1,290.0,18.8
2023-07-05,5,21.0,88.0,8.8,290.0,24.1
2023-07-05,6,20.6,88.0,9.2,290.0,18.9
2023-07-05,7,21.2,88.0,7.3,290.0,18.0
2023-07-05,8,22.1,87.0,6.3,290.0,14.7
2023-07-05,9,22.9,86.0,6.7,290.0,15.3
2023-07-05,10,23.5,83.0,5.8,290.0,14.6
2023-07-05,11,24.4,78.0,5.5,290.0,16.7
2023-07-05,12,25.3,72.0,5.3,290.0,15.5
2023-07-05,13,25.6,76.0,4.3,250.0,11.4
2023-07-05,14,25.2,76.0,4.2,200.0,12.4
2023-07-05,15,25.2,78.0,5.0,200.0,11.5
2023-07-05,16,25.2,74.0,4.9,230.0,13.4
2023-07-05,17,25.0,74.0,4.6,200.0,18.2
2023-07-05,18,23.7,82.0,5.7,200.0,15.3
2023-07-05,19,23.5,82.0,6.0,200.0,18.0
2023-07-05,20,23.3,84.0,5.0,230.0,14.0
2023-07-05,21,22.7,89.0,4.1,180.0,8.0
2023-07-05,22,22.3,92.0,3.0,180.0,3.7
2023-07-05,23,22.1,93.0,2.1,160.0,3.8
2023-07-06,0,20.1,97.0,2.9,90.0,2.3
2023-07-06,1,20.0,97.0,3.2,90.0,2.1
2023-07-06,2,20.0,96.0,4.1,90.0,2.5
2023-07-06,3,20.1,96.0,2.5,110.0,2.8
2023-07-06,4,20.5,96.0,3.5,110.0,3.3
2023-07-06,5,20.4,94.0,2.4,110.0,4.6
2023-07-06,6,20.3,94.0,3.2,110.0,4.4
2023-07-06,7,22.1,89.0,2.3,160.0,10.5
2023-07-06,8,24.3,81.0,4.6,180.0,15.5
2023-07-06,9,24.6,79.0,3.7,200.0,14.8
2023-07-06,10,25.7,77.0,5.3,180.0,15.6
2023-07-06,11,26.3,73.0,4.5,180.0,16.4
2023-07-06,12,26.3,72.0,6.0,180.0,17.4
2023-07-06,13,26.7,73.0,5.9,180.0,15.9
2023-07-06,14,27.4,67.0,5.9,230.0,16.2
2023-07-06,15,27.5,70.0,4.1,200.0,17.3
2023-07-06,16,26.4,75.0,6.2,200.0,14.4
2023-07-06,17,26.4,76.0,5.5,200.0,14.0
2023-07-06,18,25.0,78.0,5.4,180.0,12.8
2023-07-06,19,22.7,89.0,3.3,180.0,6.2
2023-07-06,20,22.3,93.0,2.5,180.0,3.0
2023-07-06,21,22.0,96.0,2.5,160.0,2.1
2023-07-06,22,22.2,97.0,7.1,160.0,0.7
2023-07-06,23,22.2,98.0,6.3,160.0,0.4
2023-07-07,0,21.7,98.0,4.6,160.0,0.4
2023-07-07,1,21.6,98.0,3.9,140.0,0.7
2023-07-07,2,21.9,98.0,5.4,160.0,0.9
2023-07-07,3,21.0,98.0,3.2,140.0,0.6
2023-07-07,4,21.5,98.0,4.3,160.0,1.4
2023-07-07,5,21.4,97.0,4.2,160.0,1.9
2023-07-07,6,20.7,98.0,4.3,140.0,1.6
2023-07-07,7,21.4,98.0,4.9,160.0,1.3
2023-07-07,8,20.8,98.0,3.7,140.0,0.9
2023-07-07,9,21.8,98.0,5.5,140.0,2.7
2023-07-07,10,22.2,95.0,4.4,140.0,4.5
2023-07-07,11,23.0,92.0,5.7,110.0,5.6
2023-07-07,12,23.0,89.0,6.9,90.0,7.3
2023-07-07,13,25.6,79.0,5.3,90.0,13.4
2023-07-07,14,25.2,75.0,6.8,110.0,15.4
2023-07-07,15,25.1,74.0,6.5,110.0,14.9
2023-07-07,16,24.7,77.0,4.7,180.0,12.8
2023-07-07,17,23.5,85.0,5.3,180.0,11.1
2023-07-07,18,23.8,84.0,4.1,180.0,15.1
2023-07-07,19,23.3,86.0,2.6,200.0,18.4
2023-07-07,20,22.4,92.0,2.2,200.0,11.3
2023-07-07,21,20.6,94.0,1.6,50.0,7.1
2023-07-07,22,20.6,96.0,1.0,360.0,4.3
2023-07-07,23,20.5,97.0,0.9,180.0,4.2
2023-07-08,0,20.1,97.0,1.1,70.0,3.5
2023-07-08,1,20.2,98.0,1.2,140.0,2.2
2023-07-08,2,20.6,91.0,2.7,140.0,22.1
2023-07-08,3,19.3,95.0,2.5,140.0,11.1
2023-07-08,4,20.2,93.0,2.1,140.0,24.6
2023-07-08,5,20.0,93.0,2.3,140.0,38.6
2023-07-08,6,19.7,95.0,1.5,290.0,27.7
2023-07-08,7,20.4,94.0,0.5,90.0,28.0
2023-07-08,8,21.4,90.0,1.0,90.0,33.3
2023-07-08,9,22.6,85.0,3.5,110.0,28.2
2023-07-08,10,23.3,84.0,6.5,90.0,18.0
2023-07-08,11,23.3,81.0,7.7,110.0,23.9
2023-07-08,12,22.9,87.0,5.9,110.0,16.8
2023-07-08,13,21.9,91.0,4.2,160.0,10.4
2023-07-08,14,22.0,90.0,3.8,160.0,11.0
2023-07-08,15,21.7,93.0,3.9,160.0,4.4
2023-07-08,16,21.9,92.0,2.8,160.0,11.0
2023-07-08,17,22.6,89.0,3.2,140.0,19.6
2023-07-08,18,21.7,92.0,3.6,140.0,16.3
2023-07-08,19,21.3,94.0,4.1,50.0,14.1
2023-07-08,20,21.2,95.0,3.3,50.0,17.0
2023-07-08,21,21.5,93.0,3.4,20.0,31.3
2023-07-08,22,21.5,93.0,4.0,50.0,36.0
2023-07-08,23,20.9,95.0,4.4,70.0,26.6
2023-07-09,0,21.3,96.0,4.6,50.0,13.4
2023-07-09,1,21.2,97.0,4.9,50.0,2.0
2023-07-09,2,21.2,98.0,2.9,50.0,0.3
2023-07-09,3,22.4,98.0,6.1,20.0,0.5
2023-07-09,4,22.4,98.0,3.8,180.0,0.4
2023-07-09,5,20.3,98.0,4.3,70.0,2.4
2023-07-09,6,20.8,98.0,2.2,70.0,0.6
2023-07-09,7,20.1,98.0,3.8,70.0,0.7
2023-07-09,8,19.8,98.0,4.6,70.0,4.5
2023-07-09,9,20.6,97.0,3.6,70.0,30.8
2023-07-09,10,22.1,90.0,4.4,70.0,49.8
2023-07-09,11,21.6,92.0,4.0,20.0,30.7
2023-07-09,12,23.8,86.0,4.6,50.0,40.2
2023-07-09,13,23.5,85.0,5.7,50.0,44.2
2023-07-09,14,24.4,82.0,5.1,20.0,42.8
2023-07-09,15,23.6,84.0,6.5,50.0,41.2
2023-07-09,16,24.0,84.0,5.8,50.0,32.1
2023-07-09,17,22.8,88.0,4.8,20.0,19.8
2023-07-09,18,22.4,92.0,4.7,20.0,11.4
2023-07-09,19,22.0,97.0,4.1,20.0,0.9
2023-07-09,20,22.0,98.0,5.6,20.0,0.5
2023-07-09,21,21.4,98.0,5.9,20.0,0.6
2023-07-09,22,21.1,98.0,3.9,50.0,0.3
2023-07-09,23,21.6,98.0,3.0,50.0,0.2
2023-07-10,0,22.2,98.0,4.6,20.0,0.2
2023-07-10,1,22.4,98.0,4.3,20.0,0.3
2023-07-10,2,22.1,98.0,4.4,20.0,0.2
2023-07-10,3,21.7,98.0,4.2,20.0,0.2
2023-07-10,4,22.1,98.0,3.2,50.0,0.2
2023-07-10,5,21.5,98.0,4.4,50.0,0.2
2023-07-10,6,21.5,98.0,3.0,160.0,0.2
2023-07-10,7,21.5,98.0,1.4,50.0,0.1
2023-07-10,8,21.9,98.0,2.0,20.0,0.2
2023-07-10,9,21.6,98.0,2.7,200.0,1.5
2023-07-10,10,23.3,96.0,2.3,180.0,8.2
2023-07-10,11,25.9,80.0,3.5,200.0,22.4
2023-07-10,12,26.1,79.0,3.6,200.0,22.8
2023-07-10,13,26.0,78.0,3.1,200.0,24.0
2023-07-10,14,26.1,81.0,3.0,200.0,23.8
2023-07-10,15,26.3,80.0,3.4,160.0,24.8
2023-07-10,16,26.0,82.0,4.0,180.0,20.6
2023-07-10,17,25.7,83.0,3.8,180.0,20.4
2023-07-10,18,24.9,86.0,4.7,160.0,19.0
2023-07-10,19,23.2,93.0,3.0,180.0,10.7
2023-07-10,20,23.5,95.0,3.1,160.0,6.3
2023-07-10,21,21.3,96.0,1.6,110.0,3.8
2023-07-10,22,23.4,97.0,5.2,160.0,3.6
2023-07-10,23,22.7,97.0,3.9,160.0,2.3
2023-07-11,0,22.0,98.0,2.9,140.0,1.3
2023-07-11,1,22.7,98.0,6.0,180.0,2.0
2023-07-11,2,22.5,97.0,3.6,140.0,2.2
2023-07-11,3,21.9,98.0,3.6,140.0,0.9
2023-07-11,4,22.6,98.0,5.7,160.0,0.8
2023-07-11,5,22.8,98.0,5.8,160.0,0.3
2023-07-11,6,22.7,98.0,4.9,160.0,0.2
2023-07-11,7,22.5,98.0,3.8,160.0,0.3
2023-07-11,8,22.3,98.0,2.3,180.0,0.3
2023-07-11,9,22.7,98.0,3.9,160.0,2.8
2023-07-11,10,22.1,95.0,2.1,140.0,5.7
2023-07-11,11,21.5,98.0,2.8,90.0,0.9
2023-07-11,12,21.1,98.0,2.8,90.0,0.5
2023-07-11,13,21.2,98.0,4.0,110.0,12.2
2023-07-11,14,22.9,89.0,3.9,140.0,44.5
2023-07-11,15,24.4,89.0,3.8,180.0,33.6
2023-07-11,16,23.9,88.0,4.5,180.0,25.8
2023-07-11,17,22.9,91.0,3.1,180.0,28.6
2023-07-11,18,23.4,92.0,1.6,160.0,22.6
2023-07-11,19,22.0,95.0,2.0,110.0,17.9
2023-07-11,20,22.5,96.0,1.4,140.0,8.8
2023-07-11,21,22.2,97.0,4.1,160.0,4.8
2023-07-11,22,22.0,98.0,2.3,110.0,1.8
2023-07-11,23,21.7,98.0,0.5,160.0,0.5
2023-07-12,0,22.0,98.0,3.0,180.0,0.4
2023-07-12,1,21.4,98.0,1.6,200.0,0.2
2023-07-12,2,22.9,98.0,0.5,200.0,5.4
2023-07-12,3,23.0,98.0,1.6,230.0,2.4
2023-07-12,4,23.4,97.0,1.0,250.0,10.8
2023-07-12,5,23.0,97.0,0.6,110.0,5.3
2023-07-12,6,23.0,98.0,0.2,0.0,4.2
2023-07-12,7,22.8,98.0,1.0,200.0,2.8
2023-07-12,8,23.3,95.0,1.5,200.0,11.8
2023-07-12,9,25.8,83.0,1.7,180.0,19.0
2023-07-12,10,25.2,84.0,2.5,180.0,19.9
2023-07-12,11,25.6,84.0,2.6,160.0,30.4
2023-07-12,12,25.1,86.0,3.3,160.0,29.4
2023-07-12,13,25.6,85.0,3.3,160.0,33.9
2023-07-12,14,26.1,82.0,2.6,180.0,32.5
2023-07-12,15,25.3,86.0,2.1,160.0,29.8
2023-07-12,16,24.4,90.0,2.0,200.0,19.9
2023-07-12,17,24.3,92.0,2.6,180.0,15.8
2023-07-12,18,24.1,93.0,2.2,180.0,12.3
2023-07-12,19,23.8,94.0,0.1,0.0,11.4
2023-07-12,20,23.3,95.0,1.0,90.0,11.0
2023-07-12,21,22.0,97.0,1.4,110.0,5.4
2023-07-12,22,22.9,98.0,1.2,160.0,4.1
2023-07-12,23,22.6,98.0,1.9,160.0,0.5
2023-07-13,0,22.9,98.0,3.3,160.0,0.8
2023-07-13,1,22.6,98.0,3.0,160.0,0.5
2023-07-13,2,22.5,98.0,2.3,140.0,0.3
2023-07-13,3,22.2,98.0,3.7,110.0,0.2
2023-07-13,4,22.5,98.0,4.3,140.0,0.4
2023-07-13,5,22.3,98.0,4.6,160.0,0.4
2023-07-13,6,21.9,98.0,3.9,140.0,0.3
2023-07-13,7,22.0,98.0,4.1,110.0,0.3
2023-07-13,8,22.8,98.0,3.0,140.0,0.4
2023-07-13,9,22.4,98.0,4.3,140.0,2.6
2023-07-13,10,22.5,98.0,4.4,140.0,1.1
2023-07-13,11,22.3,98.0,5.8,140.0,2.5
2023-07-13,12,22.5,98.0,5.3,140.0,3.1
2023-07-13,13,23.1,98.0,6.3,160.0,4.8
2023-07-13,14,23.0,98.0,5.1,160.0,5.6
2023-07-13,15,22.7,98.0,5.6,140.0,1.2
2023-07-13,16,22.4,98.0,7.1,140.0,1.4
2023-07-13,17,22.4,98.0,6.1,140.0,3.4
2023-07-13,18,22.5,98.0,7.0,140.0,2.4
2023-07-13,19,22.4,98.0,7.7,140.0,4.2
2023-07-13,20,22.1,98.0,7.5,140.0,1.5
2023-07-13,21,23.4,98.0,5.0,180.0,1.9
2023-07-13,22,23.4,98.0,6.5,230.0,1.6
2023-07-13,23,23.6,98.0,7.1,250.0,3.1
2023-07-14,0,23.5,98.0,6.9,250.0,0.8
2023-07-14,1,23.3,98.0,7.1,250.0,2.2
2023-07-14,2,23.2,98.0,4.7,250.0,2.3
2023-07-14,3,23.3,98.0,4.8,270.0,6.0
2023-07-14,4,23.4,98.0,3.8,270.0,9.0
2023-07-14,5,23.6,98.0,3.4,250.0,5.0
2023-07-14,6,24.1,97.0,3.9,250.0,5.8
2023-07-14,7,24.1,97.0,4.8,250.0,3.7
2023-07-14,8,23.9,97.0,4.9,270.0,3.0
2023-07-14,9,24.7,93.0,4.1,270.0,8.6
2023-07-14,10,24.1,94.0,5.0,250.0,8.0
2023-07-14,11,25.7,87.0,4.8,250.0,27.6
2023-07-14,12,25.2,88.0,4.8,270.0,18.5
2023-07-14,13,25.8,85.0,5.4,270.0,13.6
2023-07-14,14,24.4,91.0,3.4,230.0,8.8
2023-07-14,15,25.1,90.0,3.7,200.0,6.1
2023-07-14,16,25.6,87.0,3.4,230.0,8.9
2023-07-14,17,25.9,87.0,3.5,230.0,7.6
2023-07-14,18,25.4,90.0,3.8,230.0,4.6
2023-07-14,19,24.5,94.0,2.4,200.0,3.0
2023-07-14,20,24.3,95.0,4.8,230.0,2.8
2023-07-14,21,24.6,91.0,5.0,230.0,3.6
2023-07-14,22,24.1,96.0,5.4,200.0,1.9
2023-07-14,23,24.2,96.0,4.7,200.0,1.5
2023-07-15,0,24.0,97.0,4.5,200.0,1.1
2023-07-15,1,23.9,98.0,4.5,200.0,0.8
2023-07-15,2,24.2,98.0,6.4,230.0,0.3
2023-07-15,3,24.7,97.0,4.9,230.0,1.6
2023-07-15,4,24.5,97.0,4.8,200.0,0.8
2023-07-15,5,24.4,98.0,5.5,200.0,0.6
2023-07-15,6,24.6,98.0,4.7,200.0,0.8
2023-07-15,7,24.8,97.0,4.0,200.0,1.1
2023-07-15,8,24.9,96.0,4.7,180.0,1.5
2023-07-15,9,25.0,95.0,4.5,200.0,1.9
2023-07-15,10,26.1,91.0,5.1,230.0,3.0
2023-07-15,11,27.3,84.0,4.3,230.0,4.5
2023-07-15,12,27.0,83.0,5.0,230.0,4.8
2023-07-15,13,27.1,81.0,4.9,230.0,5.8
2023-07-15,14,27.1,76.0,5.2,230.0,7.4
2023-07-15,15,27.9,71.0,5.4,250.0,10.9
2023-07-15,16,26.2,77.0,5.3,250.0,15.3
2023-07-15,17,25.4,84.0,4.8,290.0,18.9
2023-07-15,18,24.5,80.0,3.7,290.0,46.4
2023-07-15,19,24.0,80.0,3.7,290.0,46.8
2023-07-15,20,23.3,83.0,3.0,290.0,46.9
2023-07-15,21,23.2,84.0,1.7,270.0,43.9
2023-07-15,22,22.8,88.0,1.1,230.0,34.2
2023-07-15,23,22.5,90.0,1.0,230.0,28.8
2023-07-16,0,22.2,92.0,2.0,200.0,17.3
2023-07-16,1,22.4,89.0,2.1,270.0,33.9
2023-07-16,2,22.5,88.0,2.3,250.0,32.1
2023-07-16,3,22.1,90.0,1.5,270.0,31.1
2023-07-16,4,22.0,90.0,1.5,290.0,29.2
2023-07-16,5,22.2,89.0,1.1,250.0,32.5
2023-07-16,6,21.8,91.0,0.8,250.0,17.7
2023-07-16,7,22.4,89.0,1.9,290.0,30.0
2023-07-16,8,23.6,84.0,0.9,320.0,33.4
2023-07-16,9,24.7,78.0,1.4,340.0,32.2
2023-07-16,10,24.7,73.0,1.4,340.0,40.1
2023-07-16,11,24.7,77.0,0.9,110.0,35.9
2023-07-16,12,26.6,69.0,0.9,360.0,38.5
2023-07-16,13,26.9,65.0,0.9,360.0,40.6
2023-07-16,14,26.0,63.0,3.0,180.0,40.2
2023-07-16,15,24.1,78.0,3.8,180.0,34.3
2023-07-16,16,24.1,77.0,2.7,180.0,34.7
2023-07-16,17,24.7,79.0,1.8,180.0,32.7
2023-07-16,18,24.2,83.0,2.7,200.0,32.4
2023-07-16,19,23.4,86.0,1.5,180.0,31.1
2023-07-16,20,22.7,89.0,1.2,180.0,24.3
2023-07-16,21,22.0,94.0,1.5,160.0,11.9
2023-07-16,22,22.0,94.0,2.0,180.0,12.0
2023-07-16,23,21.6,95.0,1.0,160.0,9.5
2023-07-17,0,21.6,96.0,0.6,180.0,8.9
2023-07-17,1,21.4,96.0,1.4,110.0,9.5
2023-07-17,2,21.3,97.0,1.0,180.0,4.9
2023-07-17,3,21.3,98.0,0.8,200.0,0.3
2023-07-17,4,21.3,98.0,0.0,0.0,0.2
2023-07-17,5,21.1,98.0,0.6,160.0,0.5
2023-07-17,6,21.5,98.0,0.8,180.0,0.4
2023-07-17,7,21.8,98.0,0.4,0.0,1.6
2023-07-17,8,22.1,98.0,1.1,180.0,5.2
2023-07-17,9,22.8,97.0,1.1,180.0,13.1
2023-07-17,10,24.7,81.0,1.7,180.0,21.6
2023-07-17,11,25.6,80.0,1.9,180.0,29.6
2023-07-17,12,25.2,78.0,2.2,180.0,33.0
2023-07-17,13,26.2,73.0,2.6,180.0,36.5
2023-07-17,14,26.4,73.0,2.3,360.0,25.6
2023-07-17,15,25.9,72.0,2.1,340.0,27.0
2023-07-17,16,25.5,80.0,2.4,320.0,32.3
2023-07-17,17,26.1,70.0,1.8,340.0,36.7
2023-07-17,18,24.5,79.0,1.8,340.0,33.8
2023-07-17,19,23.7,83.0,2.4,320.0,46.6
2023-07-17,20,22.8,88.0,1.3,340.0,36.1
2023-07-17,21,22.2,90.0,1.7,340.0,26.7
2023-07-17,22,21.8,92.0,1.1,290.0,18.4
2023-07-17,23,21.8,92.0,0.6,200.0,20.2
2023-07-18,0,21.7,91.0,1.3,180.0,17.5
2023-07-18,1,21.4,89.0,0.0,0.0,27.5
2023-07-18,2,21.0,90.0,0.0,0.0,28.7
2023-07-18,3,20.6,92.0,0.0,0.0,21.4
2023-07-18,4,20.3,93.0,0.7,320.0,18.1
2023-07-18,5,20.8,93.0,0.3,0.0,16.8
2023-07-18,6,21.3,94.0,1.3,70.0,12.5
2023-07-18,7,21.7,89.0,1.5,50.0,27.1
2023-07-18,8,22.3,88.0,2.1,50.0,22.2
2023-07-18,9,23.3,85.0,2.2,90.0,24.1
2023-07-18,10,24.6,78.0,1.6,70.0,25.7
2023-07-18,11,26.0,70.0,2.6,90.0,33.9
2023-07-18,12,26.5,66.0,2.9,90.0,30.4
2023-07-18,13,27.2,63.0,2.0,70.0,31.9
2023-07-18,14,26.5,68.0,2.8,340.0,34.0
2023-07-18,15,25.7,63.0,3.8,340.0,45.9
2023-07-18,16,24.9,69.0,4.4,340.0,37.6
2023-07-18,17,24.8,69.0,3.4,320.0,46.5
2023-07-18,18,23.9,67.0,3.6,320.0,49.9
2023-07-18,19,22.8,73.0,3.1,320.0,49.3
2023-07-18,20,21.6,81.0,3.5,320.0,49.9
2023-07-18,21,21.2,87.0,3.6,320.0,44.0
2023-07-18,22,22.0,79.0,3.2,340.0,49.3
2023-07-18,23,22.0,80.0,3.1,340.0,48.8
2023-07-19,0,22.2,77.0,2.7,340.0,47.6
2023-07-19,1,21.9,78.0,2.7,340.0,47.8
2023-07-19,2,21.1,85.0,2.9,320.0,41.4
2023-07-19,3,21.5,86.0,3.1,340.0,30.6
2023-07-19,4,21.5,90.0,3.0,320.0,26.4
2023-07-19,5,21.5,96.0,2.8,320.0,11.5
2023-07-19,6,21.2,97.0,1.8,320.0,6.2
2023-07-19,7,22.1,96.0,2.8,320.0,8.3
2023-07-19,8,23.8,92.0,2.5,320.0,24.9
2023-07-19,9,23.8,90.0,3.5,320.0,27.7
2023-07-19,10,24.7,86.0,3.3,340.0,35.7
2023-07-19,11,25.4,82.0,3.7,360.0,35.5
2023-07-19,12,26.1,79.0,3.4,50.0,29.1
2023-07-19,13,26.4,78.0,3.6,50.0,31.1
2023-07-19,14,26.5,78.0,4.5,70.0,25.8
2023-07-19,15,26.3,79.0,5.1,50.0,24.7
2023-07-19,16,26.7,78.0,4.0,50.0,26.0
2023-07-19,17,26.1,82.0,3.9,50.0,21.9
2023-07-19,18,25.8,82.0,3.2,20.0,25.9
2023-07-19,19,25.4,83.0,2.0,50.0,30.1
2023-07-19,20,23.9,93.0,0.6,20.0,15.8
2023-07-19,21,23.3,92.0,0.7,270.0,16.2
2023-07-19,22,22.9,92.0,1.5,320.0,11.0
2023-07-19,23,22.6,92.0,2.0,320.0,8.6
2023-07-20,0,22.8,89.0,2.3,320.0,11.7
2023-07-20,1,22.5,92.0,1.8,290.0,10.0
2023-07-20,2,22.7,96.0,2.0,290.0,3.6
2023-07-20,3,22.7,96.0,2.1,290.0,1.9
2023-07-20,4,22.7,90.0,1.9,320.0,7.9
2023-07-20,5,22.8,88.0,1.4,290.0,10.7
2023-07-20,6,20.9,96.0,0.1,0.0,5.2
2023-07-20,7,22.4,93.0,1.3,110.0,10.7
2023-07-20,8,24.1,81.0,0.8,180.0,14.9
2023-07-20,9,25.1,80.0,1.5,110.0,13.5
2023-07-20,10,27.2,68.0,0.4,0.0,20.6
2023-07-20,11,28.9,49.0,2.9,320.0,28.3
2023-07-20,12,28.6,54.0,2.5,320.0,25.6
2023-07-20,13,29.2,54.0,2.5,320.0,22.8
2023-07-20,14,28.5,58.0,1.5,320.0,24.2
2023-07-20,15,28.3,57.0,2.0,340.0,24.9
2023-07-20,16,28.6,58.0,1.6,320.0,25.0
2023-07-20,17,28.2,66.0,2.6,320.0,24.8
2023-07-20,18,27.8,69.0,2.2,320.0,23.9
2023-07-20,19,26.3,74.0,2.6,320.0,20.7
2023-07-20,20,24.7,85.0,1.6,320.0,16.4
2023-07-20,21,23.4,90.0,1.5,290.0,13.3
2023-07-20,22,23.3,89.0,1.8,320.0,11.1
2023-07-20,23,22.9,92.0,1.5,320.0,8.8
2023-07-21,0,23.3,90.0,0.6,320.0,10.7
2023-07-21,1,22.5,93.0,0.6,230.0,9.8
2023-07-21,2,22.9,91.0,0.1,0.0,7.1
2023-07-21,3,21.8,89.0,1.7,90.0,6.3
2023-07-21,4,21.5,89.0,1.4,110.0,8.7
2023-07-21,5,21.8,89.0,1.3,110.0,9.2
2023-07-21,6,21.1,89.0,2.1,90.0,9.9
2023-07-21,7,22.3,85.0,1.6,110.0,13.0
2023-07-21,8,23.5,84.0,1.5,90.0,12.1
2023-07-21,9,24.9,82.0,2.0,90.0,12.2
2023-07-21,10,26.3,69.0,1.9,200.0,18.0
2023-07-21,11,27.2,65.0,2.8,110.0,19.2
2023-07-21,12,27.4,60.0,3.4,160.0,21.3
2023-07-21,13,28.1,63.0,3.4,160.0,20.0
2023-07-21,14,28.0,60.0,3.5,180.0,21.7
2023-07-21,15,27.9,61.0,3.7,180.0,25.3
2023-07-21,16,27.3,69.0,4.5,180.0,24.2
2023-07-21,17,26.8,68.0,3.8,180.0,24.9
2023-07-21,18,26.6,65.0,3.0,180.0,26.2
2023-07-21,19,25.5,74.0,3.0,160.0,21.4
2023-07-21,20,24.3,82.0,2.0,140.0,13.7
2023-07-21,21,22.4,91.0,1.2,110.0,6.3
2023-07-21,22,22.6,90.0,1.9,110.0,7.0
2023-07-21,23,22.6,88.0,1.6,110.0,8.8
2023-07-22,0,23.0,84.0,2.0,110.0,11.1
2023-07-22,1,23.7,78.0,2.4,110.0,16.4
2023-07-22,2,23.5,80.0,2.2,110.0,15.6
2023-07-22,3,23.5,81.0,2.0,140.0,14.0
2023-07-22,4,23.9,81.0,3.8,140.0,13.0
2023-07-22,5,23.7,84.0,4.4,160.0,11.0
2023-07-22,6,23.9,88.0,5.3,140.0,8.0
2023-07-22,7,24.2,87.0,7.2,140.0,7.6
2023-07-22,8,24.1,87.0,6.5,140.0,6.8
2023-07-22,9,24.0,90.0,6.7,140.0,6.6
2023-07-22,10,24.3,85.0,7.1,140.0,7.4
2023-07-22,11,25.1,77.0,7.9,140.0,15.5
2023-07-22,12,25.3,75.0,7.0,140.0,18.3
2023-07-22,13,25.8,75.0,7.2,140.0,15.8
2023-07-22,14,24.7,81.0,9.4,160.0,19.8
2023-07-22,15,23.5,90.0,9.8,160.0,11.3
2023-07-22,16,22.7,96.0,8.3,140.0,4.2
2023-07-22,17,22.8,97.0,6.9,140.0,5.1
2023-07-22,18,22.7,98.0,4.5,160.0,1.4
2023-07-22,19,23.2,98.0,7.7,160.0,0.9
2023-07-22,20,24.2,98.0,5.4,180.0,3.5
2023-07-22,21,24.4,96.0,5.0,180.0,2.7
2023-07-22,22,24.3,97.0,6.3,180.0,3.4
2023-07-22,23,24.3,97.0,5.3,180.0,3.5
2023-07-23,0,24.0,97.0,4.0,180.0,2.9
2023-07-23,1,24.3,98.0,3.6,200.0,2.5
2023-07-23,2,25.0,97.0,4.5,230.0,4.5
2023-07-23,3,24.9,97.0,4.6,230.0,3.9
2023-07-23,4,24.8,97.0,5.0,230.0,3.2
2023-07-23,5,25.2,95.0,4.3,250.0,5.6
2023-07-23,6,24.6,96.0,3.2,270.0,2.8
2023-07-23,7,24.5,97.0,2.1,270.0,3.5
2023-07-23,8,24.6,95.0,1.3,200.0,3.4
2023-07-23,9,24.8,94.0,1.0,270.0,3.5
2023-07-23,10,25.0,95.0,1.1,20.0,3.8
2023-07-23,11,26.5,83.0,0.8,20.0,11.9
2023-07-23,12,26.8,78.0,1.0,140.0,13.6
2023-07-23,13,27.7,79.0,1.1,250.0,13.4
2023-07-23,14,27.6,78.0,2.2,180.0,13.4
2023-07-23,15,26.0,83.0,3.1,180.0,10.9
2023-07-23,16,26.0,87.0,2.5,180.0,9.6
2023-07-23,17,25.3,90.0,2.1,180.0,7.6
2023-07-23,18,25.6,88.0,1.3,180.0,7.6
2023-07-23,19,24.7,94.0,1.5,160.0,4.2
2023-07-23,20,23.7,97.0,1.7,180.0,1.5
2023-07-23,21,23.4,98.0,1.0,180.0,0.2
2023-07-23,22,23.4,98.0,2.7,180.0,0.3
2023-07-23,23,23.3,98.0,1.0,160.0,0.7
2023-07-24,0,23.3,98.0,1.1,140.0,1.3
2023-07-24,1,23.5,98.0,1.3,160.0,0.5
2023-07-24,2,23.5,98.0,1.1,160.0,0.3
2023-07-24,3,23.9,98.0,2.5,200.0,0.8
2023-07-24,4,24.0,98.0,3.4,180.0,2.5
2023-07-24,5,23.2,97.0,2.8,200.0,3.5
2023-07-24,6,23.4,97.0,1.7,160.0,4.6
2023-07-24,7,23.4,97.0,2.9,200.0,4.2
2023-07-24,8,24.6,93.0,2.5,200.0,8.6
2023-07-24,9,24.8,92.0,3.9,180.0,7.2
2023-07-24,10,25.7,90.0,2.4,180.0,7.3
2023-07-24,11,25.1,91.0,2.9,180.0,7.4
2023-07-24,12,25.4,89.0,3.2,160.0,7.2
2023-07-24,13,25.9,89.0,3.3,180.0,8.0
2023-07-24,14,26.4,86.0,4.1,180.0,8.4
2023-07-24,15,26.7,84.0,4.2,180.0,7.1
2023-07-24,16,26.4,86.0,3.8,180.0,8.7
2023-07-24,17,25.9,87.0,2.5,160.0,27.9
2023-07-24,18,25.2,90.0,3.6,160.0,19.9
2023-07-24,19,24.5,93.0,3.5,160.0,15.1
2023-07-24,20,24.1,94.0,2.6,180.0,9.6
2023-07-24,21,23.6,96.0,2.9,140.0,5.5
2023-07-24,22,23.8,96.0,3.1,160.0,7.0
2023-07-24,23,23.6,97.0,2.9,140.0,5.7
2023-07-25,0,23.5,97.0,2.7,140.0,4.5
2023-07-25,1,23.0,97.0,5.0,160.0,2.8
2023-07-25,2,23.0,98.0,4.5,140.0,2.7
2023-07-25,3,23.3,97.0,4.0,140.0,5.2
2023-07-25,4,23.2,97.0,4.5,140.0,2.8
2023-07-25,5,23.2,98.0,4.5,160.0,2.4
2023-07-25,6,23.1,98.0,5.5,140.0,1.4
2023-07-25,7,23.3,98.0,3.8,140.0,0.4
2023-07-25,8,23.5,98.0,3.3,160.0,0.4
2023-07-25,9,23.6,98.0,3.6,140.0,0.5
2023-07-25,10,24.2,98.0,4.1,160.0,3.0
2023-07-25,11,26.1,91.0,4.1,180.0,7.1
2023-07-25,12,26.9,85.0,5.2,180.0,7.2
2023-07-25,13,26.1,90.0,3.8,180.0,7.0
2023-07-25,14,26.9,86.0,4.8,180.0,16.1
2023-07-25,15,27.2,84.0,5.3,180.0,23.3
2023-07-25,16,27.0,86.0,4.4,180.0,21.3
2023-07-25,17,25.1,91.0,5.1,160.0,17.3
2023-07-25,18,25.1,92.0,5.2,160.0,21.2
2023-07-25,19,25.1,90.0,3.2,160.0,25.0
2023-07-25,20,24.1,94.0,4.0,160.0,20.2
2023-07-25,21,24.1,95.0,3.3,160.0,22.7
2023-07-25,22,24.1,97.0,3.4,140.0,12.2
2023-07-25,23,23.8,96.0,2.8,160.0,10.1
2023-07-26,0,24.1,94.0,2.0,180.0,10.2
2023-07-26,1,24.3,95.0,2.0,160.0,13.9
2023-07-26,2,24.4,96.0,1.2,180.0,12.6
2023-07-26,3,25.0,96.0,2.4,200.0,3.8
2023-07-26,4,25.1,94.0,3.8,180.0,8.6
2023-07-26,5,25.6,93.0,5.5,200.0,8.9
2023-07-26,6,25.6,90.0,4.2,200.0,8.6
2023-07-26,7,25.8,91.0,5.5,200.0,9.5
2023-07-26,8,25.6,90.0,3.2,180.0,9.6
2023-07-26,9,25.9,90.0,3.5,200.0,11.0
2023-07-26,10,25.8,90.0,4.3,180.0,15.0
2023-07-26,11,27.7,83.0,5.9,200.0,30.0
2023-07-26,12,27.7,81.0,5.7,200.0,40.4
2023-07-26,13,27.2,85.0,5.3,200.0,37.2
2023-07-26,14,27.5,83.0,6.0,200.0,41.8
2023-07-26,15,27.8,83.0,4.3,180.0,38.6
2023-07-26,16,27.7,83.0,4.3,200.0,40.7
2023-07-26,17,27.1,85.0,4.3,180.0,36.5
2023-07-26,18,26.2,89.0,3.1,180.0,28.7
2023-07-26,19,25.5,94.0,3.1,160.0,18.1
2023-07-26,20,25.1,96.0,3.5,160.0,11.9
2023-07-26,21,25.1,97.0,4.5,160.0,7.2
2023-07-26,22,24.9,97.0,4.8,180.0,5.2
2023-07-26,23,24.5,97.0,4.1,160.0,2.0
2023-07-27,0,24.5,97.0,2.6,160.0,9.9
2023-07-27,1,24.7,97.0,3.7,160.0,10.8
2023-07-27,2,24.9,96.0,2.8,160.0,14.6
2023-07-27,3,24.4,97.0,1.6,200.0,6.7
2023-07-27,4,24.5,97.0,1.6,140.0,9.1
2023-07-27,5,24.5,97.0,1.4,180.0,7.9
2023-07-27,6,24.1,97.0,2.5,140.0,1.9
2023-07-27,7,24.3,98.0,3.9,160.0,1.1
2023-07-27,8,24.9,94.0,5.1,160.0,13.2
2023-07-27,9,26.2,89.0,3.3,160.0,18.2
2023-07-27,10,25.3,92.0,4.7,160.0,13.6
2023-07-27,11,26.2,88.0,6.0,160.0,19.0
2023-07-27,12,27.2,83.0,5.5,160.0,23.5
2023-07-27,13,27.1,83.0,5.8,180.0,22.4
2023-07-27,14,26.8,85.0,6.0,160.0,18.0
2023-07-27,15,27.4,84.0,4.6,180.0,16.5
2023-07-27,16,26.3,87.0,5.0,160.0,16.4
2023-07-27,17,26.5,88.0,5.0,160.0,14.2
2023-07-27,18,26.2,89.0,4.2,160.0,12.5
2023-07-27,19,26.0,90.0,3.0,180.0,11.2
2023-07-27,20,25.2,93.0,1.7,200.0,8.7
2023-07-27,21,24.9,95.0,1.5,200.0,7.4
2023-07-27,22,24.7,96.0,2.4,160.0,5.5
2023-07-27,23,24.6,97.0,2.3,160.0,1.3
2023-07-28,0,24.2,98.0,4.6,140.0,0.3
2023-07-28,1,24.9,97.0,3.2,180.0,2.7
2023-07-28,2,24.5,98.0,1.9,160.0,0.2
2023-07-28,3,24.3,98.0,2.5,140.0,0.1
2023-07-28,4,24.4,98.0,3.3,140.0,0.2
2023-07-28,5,24.4,98.0,3.8,160.0,0.3
2023-07-28,6,24.3,98.0,4.0,140.0,1.7
2023-07-28,7,24.6,98.0,4.2,140.0,4.5
2023-07-28,8,25.1,95.0,4.8,140.0,8.7
2023-07-28,9,26.2,88.0,3.6,140.0,13.7
2023-07-28,10,27.1,84.0,3.7,140.0,15.2
2023-07-28,11,27.3,82.0,4.6,140.0,16.2
2023-07-28,12,27.5,81.0,4.0,180.0,14.8
2023-07-28,13,28.3,78.0,3.7,180.0,13.3
2023-07-28,14,28.3,78.0,4.5,180.0,13.8
2023-07-28,15,28.5,78.0,3.4,180.0,13.1
2023-07-28,16,27.9,79.0,4.9,180.0,12.0
2023-07-28,17,27.8,79.0,3.9,160.0,11.3
2023-07-28,18,26.6,86.0,4.3,160.0,9.4
2023-07-28,19,26.2,89.0,4.1,160.0,7.9
2023-07-28,20,25.7,92.0,3.5,160.0,6.1
2023-07-28,21,25.5,92.0,2.5,140.0,6.2
2023-07-28,22,25.1,93.0,2.2,140.0,4.5
2023-07-28,23,24.9,93.0,3.4,160.0,4.6
2023-07-29,0,24.9,94.0,1.2,140.0,4.6
2023-07-29,1,24.7,95.0,1.7,140.0,4.3
2023-07-29,2,24.8,93.0,3.8,140.0,5.4
2023-07-29,3,24.8,94.0,5.8,140.0,4.3
2023-07-29,4,24.7,95.0,3.8,140.0,3.6
2023-07-29,5,24.9,94.0,4.8,160.0,9.8
2023-07-29,6,23.9,92.0,5.6,230.0,3.6
2023-07-29,7,24.1,95.0,2.8,230.0,13.1
2023-07-29,8,24.3,95.0,2.9,250.0,7.4
2023-07-29,9,23.8,95.0,1.4,180.0,4.6
2023-07-29,10,24.1,97.0,2.6,180.0,24.0
2023-07-29,11,25.0,94.0,2.4,140.0,48.1
2023-07-29,12,25.5,92.0,2.5,180.0,27.7
2023-07-29,13,25.7,91.0,4.1,160.0,17.9
2023-07-29,14,26.3,87.0,2.8,160.0,25.9
2023-07-29,15,26.0,90.0,3.2,140.0,21.7
2023-07-29,16,25.7,90.0,3.4,140.0,24.0
2023-07-29,17,25.8,88.0,3.6,160.0,24.3
2023-07-29,18,25.7,87.0,3.2,140.0,21.8
2023-07-29,19,25.6,88.0,2.0,140.0,19.9
2023-07-29,20,25.3,89.0,2.1,140.0,19.1
2023-07-29,21,25.3,89.0,2.0,140.0,17.0
2023-07-29,22,25.3,89.0,1.8,140.0,13.4
2023-07-29,23,24.6,92.0,1.4,110.0,10.2
2023-07-30,0,24.7,94.0,1.9,140.0,8.3
2023-07-30,1,24.7,94.0,1.4,140.0,7.2
2023-07-30,2,24.9,96.0,1.6,140.0,4.9
2023-07-30,3,24.8,97.0,1.3,110.0,3.7
2023-07-30,4,24.7,96.0,1.3,90.0,4.7
2023-07-30,5,24.4,97.0,1.4,140.0,5.2
2023-07-30,6,24.5,95.0,1.9,110.0,10.6
2023-07-30,7,24.8,93.0,1.6,110.0,14.4
2023-07-30,8,26.5,84.0,2.6,110.0,23.9
2023-07-30,9,26.5,84.0,2.2,90.0,22.4
2023-07-30,10,27.9,77.0,2.7,140.0,25.7
2023-07-30,11,28.5,74.0,2.8,160.0,28.5
2023-07-30,12,28.5,74.0,2.9,160.0,29.7
2023-07-30,13,28.6,73.0,3.6,140.0,35.8
2023-07-30,14,28.7,68.0,3.8,140.0,35.5
2023-07-30,15,29.3,65.0,2.6,110.0,30.7
2023-07-30,16,29.0,63.0,2.0,200.0,41.7
2023-07-30,17,28.7,67.0,2.0,180.0,38.9
2023-07-30,18,28.5,65.0,0.9,200.0,22.8
2023-07-30,19,25.7,82.0,2.1,320.0,29.5
2023-07-30,20,25.1,85.0,1.3,320.0,23.9
2023-07-30,21,24.9,87.0,1.0,270.0,18.7
2023-07-30,22,24.5,87.0,0.8,270.0,18.5
2023-07-30,23,25.0,84.0,0.8,230.0,20.4
2023-07-31,0,25.0,82.0,1.4,200.0,16.2
2023-07-31,1,25.3,81.0,0.7,230.0,21.2
2023-07-31,2,24.6,82.0,1.7,200.0,13.5
2023-07-31,3,24.4,85.0,0.0,0.0,17.3
2023-07-31,4,23.3,92.0,0.9,140.0,10.3
2023-07-31,5,23.0,93.0,1.6,90.0,15.1
2023-07-31,6,23.6,90.0,1.8,110.0,11.1
2023-07-31,7,24.2,92.0,1.6,90.0,11.0
2023-07-31,8,25.7,90.0,1.4,90.0,13.2
2023-07-31,9,26.8,82.0,1.3,110.0,18.5
2023-07-31,10,28.0,75.0,2.1,140.0,20.6
2023-07-31,11,28.3,72.0,2.3,90.0,24.6
2023-07-31,12,28.7,71.0,1.2,180.0,26.4
2023-07-31,13,28.7,73.0,2.6,360.0,29.9
2023-07-31,14,27.7,79.0,3.2,320.0,25.8
2023-07-31,15,28.2,78.0,2.7,320.0,24.5
2023-07-31,16,27.1,84.0,2.8,320.0,22.0
2023-07-31,17,26.9,86.0,2.8,320.0,21.7
2023-07-31,18,26.2,90.0,2.2,320.0,17.3
2023-07-31,19,26.2,90.0,2.3,340.0,15.2
2023-07-31,20,25.1,94.0,2.1,320.0,11.2
2023-07-31,21,24.8,93.0,2.8,320.0,13.3
2023-07-31,22,24.2,93.0,2.6,320.0,12.1
2023-07-31,23,24.5,87.0,2.5,340.0,18.4
2024-03-01,0,-0.5,38.0,14.3,340.0,34.5
2024-03-01,1,-1.9,33.0,16.8,340.0,39.7
2024-03-01,2,-2.4,40.0,14.2,340.0,40.9
2024-03-01,3,-3.0,36.0,15.0,340.0,40.9
2024-03-01,4,-3.2,38.0,13.9,340.0,37.1
2024-03-01,5,-3.8,37.0,11.0,340.0,37.5
2024-03-01,6,-4.4,38.0,13.2,340.0,34.3
2024-03-01,7,-5.0,38.0,12.7,340.0,41.5
2024-03-01,8,-5.2,40.0,11.5,340.0,42.9
2024-03-01,9,-4.8,41.0,10.7,340.0,42.0
2024-03-01,10,-5.0,37.0,11.0,340.0,37.8
2024-03-01,11,-4.9,39.0,9.7,340.0,41.0
2024-03-01,12,-4.2,41.0,8.9,340.0,40.3
2024-03-01,13,-3.6,37.0,8.8,320.0,41.7
2024-03-01,14,-4.0,37.0,8.8,340.0,44.5
2024-03-01,15,-4.3,42.0,7.5,340.0,45.7
2024-03-01,16,-3.9,41.0,6.8,340.0,41.8
2024-03-01,17,-3.9,40.0,7.1,320.0,47.5
2024-03-01,18,-4.1,41.0,7.9,320.0,44.1
2024-03-01,19,-4.0,43.0,7.0,320.0,48.7
2024-03-01,20,-3.7,42.0,5.6,320.0,46.3
2024-03-01,21,-3.6,38.0,6.1,320.0,47.8
2024-03-01,22,-3.3,41.0,6.0,320.0,46.5
2024-03-01,23,-3.2,40.0,5.2,320.0,47.7
2024-03-02,0,-3.0,40.0,5.3,320.0,46.2
2024-03-02,1,-2.7,37.0,5.0,320.0,48.3
2024-03-02,2,-2.9,39.0,2.5,290.0,47.6
2024-03-02,3,-2.9,41.0,2.2,270.0,49.9
2024-03-02,4,-3.3,46.0,1.7,230.0,48.5
2024-03-02,5,-1.9,54.0,2.7,250.0,47.8
2024-03-02,6,-0.9,52.0,3.1,250.0,45.8
2024-03-02,7,0.3,45.0,4.8,250.0,45.7
2024-03-02,8,1.3,48.0,5.8,250.0,44.1
2024-03-02,9,2.2,47.0,7.7,250.0,41.7
2024-03-02,10,3.2,51.0,8.0,250.0,41.9
2024-03-02,11,3.7,54.0,8.2,230.0,30.7
2024-03-02,12,4.4,51.0,8.9,250.0,33.3
2024-03-02,13,5.1,56.0,7.4,250.0,22.6
2024-03-02,14,5.2,59.0,8.7,250.0,16.9
2024-03-02,15,5.8,58.0,7.7,250.0,11.8
2024-03-02,16,5.2,58.0,8.2,250.0,10.8
2024-03-02,17,4.9,61.0,6.6,270.0,9.5
2024-03-02,18,4.5,63.0,5.2,250.0,8.8
2024-03-02,19,4.1,71.0,4.3,250.0,7.4
2024-03-02,20,4.2,74.0,5.6,250.0,6.2
2024-03-02,21,3.8,78.0,4.5,270.0,4.5
2024-03-02,22,3.1,77.0,5.1,290.0,4.5
2024-03-02,23,2.9,72.0,7.1,290.0,4.5
2024-03-03,0,2.7,73.0,5.4,290.0,4.2
2024-03-03,1,2.7,64.0,3.8,320.0,6.9
2024-03-03,2,1.6,58.0,1.9,270.0,15.5
2024-03-03,3,1.5,62.0,2.1,340.0,15.9
2024-03-03,4,0.7,64.0,0.9,320.0,14.7
2024-03-03,5,0.5,63.0,0.3,0.0,17.2
2024-03-03,6,0.0,64.0,0.0,0.0,19.8
2024-03-03,7,1.4,54.0,0.9,20.0,24.7
2024-03-03,8,1.9,54.0,1.4,50.0,30.6
2024-03-03,9,2.6,64.0,1.7,90.0,18.0
2024-03-03,10,3.9,57.0,2.0,70.0,14.8
2024-03-03,11,4.3,49.0,2.4,70.0,16.5
2024-03-03,12,5.5,17.0,2.3,70.0,34.6
2024-03-03,13,7.3,20.0,1.3,90.0,31.5
2024-03-03,14,5.8,23.0,3.4,360.0,32.3
2024-03-03,15,4.8,50.0,4.9,360.0,16.7
2024-03-03,16,4.8,38.0,4.1,360.0,33.0
2024-03-03,17,4.2,35.0,4.3,340.0,38.8
2024-03-03,18,3.0,44.0,3.1,360.0,44.5
2024-03-03,19,2.0,52.0,3.3,360.0,38.1
2024-03-03,20,1.8,54.0,3.5,360.0,42.2
2024-03-03,21,1.6,59.0,3.2,360.0,37.3
2024-03-03,22,1.5,50.0,3.3,360.0,43.8
2024-03-03,23,1.3,51.0,2.0,360.0,44.0
2024-03-04,0,1.3,30.0,2.7,360.0,49.2
2024-03-04,1,0.8,43.0,2.2,360.0,46.8
2024-03-04,2,0.6,48.0,1.2,360.0,46.7
2024-03-04,3,0.9,47.0,1.1,20.0,46.6
2024-03-04,4,1.1,41.0,2.4,50.0,44.7
2024-03-04,5,0.2,49.0,2.1,70.0,37.3
2024-03-04,6,0.3,56.0,3.0,70.0,35.9
2024-03-04,7,-0.1,61.0,3.0,90.0,35.6
2024-03-04,8,1.4,51.0,3.2,90.0,35.0
2024-03-04,9,2.4,51.0,4.0,110.0,35.7
2024-03-04,10,3.6,37.0,4.2,110.0,32.4
2024-03-04,11,3.8,42.0,5.5,140.0,33.7
2024-03-04,12,4.9,42.0,5.0,140.0,26.0
2024-03-04,13,5.6,35.0,4.8,160.0,33.7
2024-03-04,14,5.6,39.0,4.9,160.0,4.2
2024-03-04,15,5.7,40.0,3.3,160.0,19.3
2024-03-04,16,6.1,31.0,3.6,160.0,29.8
2024-03-04,17,5.1,39.0,3.0,160.0,40.7
2024-03-04,18,4.4,30.0,3.0,160.0,39.2
2024-03-04,19,3.9,45.0,2.3,110.0,39.5
2024-03-04,20,3.4,65.0,1.9,90.0,31.4
2024-03-04,21,3.7,68.0,1.3,90.0,25.1
2024-03-04,22,4.1,60.0,2.1,70.0,30.8
2024-03-04,23,4.4,55.0,2.4,70.0,29.3
2024-03-05,0,4.6,53.0,2.5,70.0,29.2
2024-03-05,1,4.7,48.0,1.1,360.0,25.7
2024-03-05,2,5.1,48.0,2.7,50.0,18.6
2024-03-05,3,4.7,59.0,1.2,90.0,16.3
2024-03-05,4,4.5,60.0,1.5,90.0,17.2
2024-03-05,5,4.9,52.0,2.9,70.0,18.9
2024-03-05,6,5.4,46.0,2.8,70.0,22.3
2024-03-05,7,5.5,44.0,2.6,50.0,23.9
2024-03-05,8,5.9,39.0,2.0,50.0,24.9
2024-03-05,9,6.6,30.0,2.3,20.0,20.0
2024-03-05,10,7.9,27.0,2.2,70.0,22.9
2024-03-05,11,7.4,45.0,2.5,70.0,22.0
2024-03-05,12,8.6,29.0,3.0,90.0,20.8
2024-03-05,13,9.0,27.0,2.2,90.0,24.2
2024-03-05,14,6.7,56.0,4.8,340.0,15.1
2024-03-05,15,7.3,39.0,3.5,360.0,18.6
2024-03-05,16,7.5,46.0,3.2,360.0,19.2
2024-03-05,17,5.8,58.0,4.9,360.0,17.4
2024-03-05,18,5.7,53.0,5.9,340.0,22.4
2024-03-05,19,5.2,55.0,2.9,320.0,29.2
2024-03-05,20,5.0,61.0,4.7,340.0,28.5
2024-03-05,21,5.2,55.0,1.6,320.0,30.6
2024-03-05,22,5.8,46.0,5.1,340.0,31.6
2024-03-05,23,5.9,43.0,3.9,340.0,30.4
2024-03-06,0,4.8,60.0,2.6,340.0,26.7
2024-03-06,1,4.7,63.0,1.3,340.0,27.4
2024-03-06,2,4.2,71.0,3.5,340.0,22.1
2024-03-06,3,4.1,72.0,4.2,340.0,19.2
2024-03-06,4,3.7,78.0,4.8,360.0,16.7
2024-03-06,5,3.6,79.0,5.2,360.0,13.6
2024-03-06,6,3.6,78.0,5.0,360.0,12.1
2024-03-06,7,3.2,73.0,2.6,360.0,16.0
2024-03-06,8,3.4,53.0,4.1,360.0,28.0
2024-03-06,9,3.8,44.0,5.5,360.0,41.1
2024-03-06,10,4.4,42.0,5.7,360.0,42.1
2024-03-06,11,4.7,44.0,6.4,360.0,45.9
2024-03-06,12,4.6,48.0,7.4,360.0,41.2
2024-03-06,13,4.2,47.0,9.3,340.0,37.2
2024-03-06,14,4.1,46.0,9.2,340.0,39.2
2024-03-06,15,4.0,45.0,7.4,360.0,37.4
2024-03-06,16,3.6,47.0,6.9,340.0,37.5
2024-03-06,17,3.5,43.0,6.7,340.0,41.0
2024-03-06,18,2.8,41.0,8.1,340.0,47.0
2024-03-06,19,2.4,44.0,6.4,340.0,47.7
2024-03-06,20,2.7,43.0,7.1,340.0,49.3
2024-03-06,21,3.0,41.0,7.5,340.0,48.8
2024-03-06,22,3.2,44.0,6.9,340.0,47.7
2024-03-06,23,3.2,49.0,4.7,340.0,40.9
2024-03-07,0,3.4,54.0,6.1,320.0,33.0
2024-03-07,1,3.4,59.0,6.3,320.0,24.2
2024-03-07,2,3.2,52.0,5.5,340.0,27.0
2024-03-07,3,2.5,65.0,3.5,340.0,21.8
2024-03-07,4,2.7,65.0,4.3,320.0,22.2
2024-03-07,5,2.1,66.0,3.2,340.0,21.1
2024-03-07,6,2.0,63.0,4.3,320.0,24.6
2024-03-07,7,1.8,66.0,4.3,320.0,25.4
2024-03-07,8,2.4,63.0,6.2,320.0,23.5
2024-03-07,9,3.0,60.0,6.6,320.0,24.6
2024-03-07,10,3.7,56.0,5.4,340.0,26.3
2024-03-07,11,4.7,52.0,5.1,340.0,24.1
2024-03-07,12,4.6,51.0,5.2,340.0,27.0
2024-03-07,13,5.0,45.0,4.9,340.0,25.8
2024-03-07,14,4.2,44.0,7.0,320.0,28.1
2024-03-07,15,4.3,38.0,6.7,320.0,35.9
2024-03-07,16,4.2,32.0,5.9,320.0,39.5
2024-03-07,17,3.9,48.0,5.6,320.0,29.8
2024-03-07,18,3.1,49.0,5.9,320.0,28.5
2024-03-07,19,2.7,61.0,5.4,320.0,14.8
2024-03-07,20,3.0,68.0,4.9,290.0,14.1
2024-03-07,21,3.1,69.0,4.6,290.0,12.1
2024-03-07,22,3.6,74.0,6.2,290.0,8.7
2024-03-07,23,3.9,71.0,6.7,290.0,6.7
2024-03-08,0,4.3,49.0,6.8,340.0,24.6
2024-03-08,1,4.1,50.0,7.1,340.0,22.9
2024-03-08,2,3.9,48.0,7.1,340.0,24.1
2024-03-08,3,3.9,44.0,9.1,340.0,32.9
2024-03-08,4,3.6,40.0,5.7,340.0,27.6
2024-03-08,5,3.5,44.0,6.2,340.0,26.4
2024-03-08,6,3.1,47.0,5.4,340.0,26.5
2024-03-08,7,2.9,41.0,8.4,340.0,32.0
2024-03-08,8,2.8,41.0,8.7,340.0,36.2
2024-03-08,9,2.8,36.0,8.4,340.0,42.1
2024-03-08,10,2.7,35.0,11.2,340.0,46.1
2024-03-08,11,2.9,39.0,9.4,340.0,35.6
2024-03-08,12,3.3,38.0,8.2,340.0,36.0
2024-03-08,13,3.5,34.0,7.5,340.0,39.1
2024-03-08,14,3.9,35.0,6.9,340.0,35.2
2024-03-08,15,3.0,37.0,8.4,340.0,41.4
2024-03-08,16,3.3,41.0,7.4,320.0,42.0
2024-03-08,17,2.6,35.0,7.9,340.0,39.9
2024-03-08,18,2.3,41.0,7.5,340.0,44.8
2024-03-08,19,2.0,39.0,5.6,340.0,41.9
2024-03-08,20,2.3,35.0,7.2,340.0,39.7
2024-03-08,21,2.5,33.0,8.6,340.0,37.1
2024-03-08,22,2.6,37.0,10.3,340.0,32.4
2024-03-08,23,2.3,40.0,9.5,340.0,28.6
2024-03-09,0,1.8,42.0,8.1,360.0,29.5
2024-03-09,1,1.4,47.0,8.4,360.0,26.9
2024-03-09,2,0.8,47.0,7.3,360.0,29.6
2024-03-09,3,0.6,51.0,6.2,360.0,31.9
2024-03-09,4,0.5,50.0,7.6,340.0,32.6
2024-03-09,5,0.3,52.0,5.9,360.0,33.0
2024-03-09,6,0.2,54.0,6.4,360.0,32.6
2024-03-09,7,0.1,54.0,6.9,340.0,34.2
2024-03-09,8,0.3,52.0,5.9,360.0,33.0
2024-03-09,9,1.0,51.0,5.6,360.0,37.1
2024-03-09,10,1.6,49.0,5.4,360.0,36.3
2024-03-09,11,2.0,47.0,5.3,360.0,36.0
2024-03-09,12,2.2,44.0,5.7,360.0,42.9
2024-03-09,13,2.7,45.0,5.4,320.0,41.5
2024-03-09,14,2.9,43.0,5.2,340.0,40.0
2024-03-09,15,2.7,44.0,5.5,320.0,41.6
2024-03-09,16,2.6,47.0,5.8,320.0,44.0
2024-03-09,17,2.5,47.0,3.8,320.0,45.7
2024-03-09,18,1.7,52.0,3.9,320.0,46.5
2024-03-09,19,0.9,56.0,3.4,320.0,46.0
2024-03-09,20,0.5,62.0,2.5,320.0,45.8
2024-03-09,21,0.0,67.0,2.0,250.0,45.5
2024-03-09,22,0.2,66.0,1.5,250.0,41.0
2024-03-09,23,0.6,67.0,0.2,0.0,44.9
2024-03-10,0,1.0,67.0,1.6,250.0,48.8
2024-03-10,1,1.7,63.0,1.1,250.0,47.5
2024-03-10,2,1.9,67.0,2.0,270.0,45.1
2024-03-10,3,2.4,67.0,1.1,270.0,38.2
2024-03-10,4,2.5,69.0,0.0,0.0,38.1
2024-03-10,5,2.2,73.0,1.1,140.0,37.4
2024-03-10,6,1.8,86.0,2.1,90.0,24.4
2024-03-10,7,1.7,91.0,2.2,90.0,18.8
2024-03-10,8,2.9,89.0,2.2,110.0,20.3
2024-03-10,9,5.8,68.0,2.6,160.0,42.7
2024-03-10,10,6.7,57.0,4.7,200.0,44.4
2024-03-10,11,7.7,58.0,4.9,200.0,37.9
2024-03-10,12,7.8,59.0,5.4,200.0,38.6
2024-03-10,13,7.7,61.0,6.4,200.0,39.7
2024-03-10,14,8.0,60.0,6.7,200.0,38.3
2024-03-10,15,7.8,60.0,5.8,230.0,38.7
2024-03-10,16,7.5,63.0,6.0,230.0,31.4
2024-03-10,17,7.3,68.0,4.7,200.0,30.4
2024-03-10,18,6.5,71.0,5.0,200.0,27.7
2024-03-10,19,6.0,77.0,4.5,200.0,24.9
2024-03-10,20,6.1,78.0,4.6,200.0,26.7
2024-03-10,21,6.2,79.0,4.4,200.0,25.7
2024-03-10,22,6.1,82.0,4.2,180.0,21.3
2024-03-10,23,5.6,87.0,4.7,160.0,19.3
2024-03-11,0,5.3,88.0,4.0,160.0,16.1
2024-03-11,1,5.3,89.0,4.1,160.0,15.0
2024-03-11,2,5.5,90.0,3.4,160.0,13.8
2024-03-11,3,5.3,92.0,4.2,160.0,10.2
2024-03-11,4,5.2,93.0,4.1,160.0,8.5
2024-03-11,5,5.2,93.0,5.2,160.0,9.8
2024-03-11,6,5.2,91.0,5.6,160.0,10.1
2024-03-11,7,5.1,90.0,5.8,160.0,11.4
2024-03-11,8,5.2,89.0,5.8,160.0,12.6
2024-03-11,9,5.5,84.0,5.9,160.0,14.8
2024-03-11,10,5.7,80.0,4.9,160.0,16.5
2024-03-11,11,6.1,80.0,5.0,160.0,18.7
2024-03-11,12,6.3,79.0,4.6,160.0,15.5
2024-03-11,13,6.7,78.0,5.4,140.0,11.7
2024-03-11,14,6.8,77.0,7.4,160.0,15.4
2024-03-11,15,6.5,79.0,6.2,160.0,14.8
2024-03-11,16,6.7,79.0,3.7,160.0,15.5
2024-03-11,17,5.9,85.0,3.1,140.0,9.8
2024-03-11,18,5.7,87.0,2.6,160.0,9.4
2024-03-11,19,5.3,90.0,2.6,160.0,7.3
2024-03-11,20,5.4,91.0,2.5,160.0,7.3
2024-03-11,21,5.4,91.0,1.2,180.0,6.7
2024-03-11,22,5.6,91.0,0.4,0.0,6.7
2024-03-11,23,6.6,90.0,1.8,270.0,12.5
2024-03-12,0,5.2,95.0,2.3,360.0,3.8
2024-03-12,1,5.2,96.0,2.8,340.0,6.4
2024-03-12,2,5.0,95.0,3.9,340.0,5.8
2024-03-12,3,4.4,96.0,7.1,340.0,1.6
2024-03-12,4,3.8,96.0,4.9,360.0,2.5
2024-03-12,5,3.7,96.0,5.4,360.0,4.3
2024-03-12,6,3.7,94.0,6.0,360.0,6.9
2024-03-12,7,3.5,87.0,5.8,360.0,31.5
2024-03-12,8,3.7,82.0,5.7,360.0,21.9
2024-03-12,9,4.3,75.0,6.5,360.0,12.3
2024-03-12,10,4.7,72.0,7.7,360.0,13.4
2024-03-12,11,5.2,62.0,7.8,360.0,19.1
2024-03-12,12,5.9,54.0,7.6,360.0,28.5
2024-03-12,13,6.0,48.0,9.7,360.0,36.0
2024-03-12,14,5.8,54.0,8.5,340.0,28.4
2024-03-12,15,6.2,49.0,7.3,340.0,35.3
2024-03-12,16,6.3,53.0,7.7,340.0,31.1
2024-03-12,17,6.4,51.0,6.9,340.0,34.7
2024-03-12,18,5.6,56.0,6.9,320.0,29.6
2024-03-12,19,4.9,64.0,4.8,320.0,19.3
2024-03-12,20,5.1,62.0,4.9,320.0,18.8
2024-03-12,21,4.9,69.0,5.1,290.0,18.8
2024-03-12,22,4.9,71.0,5.1,290.0,21.7
2024-03-12,23,4.7,71.0,4.3,290.0,28.6
2024-03-13,0,4.4,74.0,3.7,290.0,28.4
2024-03-13,1,4.5,73.0,4.7,290.0,24.2
2024-03-13,2,4.3,74.0,4.6,290.0,21.2
2024-03-13,3,4.2,75.0,4.3,290.0,23.2
2024-03-13,4,3.9,78.0,3.9,290.0,24.9
2024-03-13,5,3.5,80.0,3.5,320.0,19.8
2024-03-13,6,3.3,77.0,3.1,290.0,26.5
2024-03-13,7,3.2,59.0,3.1,270.0,36.1
2024-03-13,8,4.6,62.0,2.6,270.0,19.1
2024-03-13,9,6.7,57.0,2.8,250.0,18.5
2024-03-13,10,8.6,42.0,4.9,250.0,17.5
2024-03-13,11,9.2,43.0,4.8,230.0,17.4
2024-03-13,12,10.2,39.0,5.7,250.0,18.6
2024-03-13,13,10.2,36.0,6.6,270.0,20.1
2024-03-13,14,9.7,42.0,8.1,270.0,20.6
2024-03-13,15,10.3,35.0,6.9,250.0,17.7
2024-03-13,16,10.6,32.0,5.6,250.0,23.4
2024-03-13,17,9.4,46.0,5.4,250.0,19.3
2024-03-13,18,8.3,52.0,5.4,250.0,15.3
2024-03-13,19,6.8,65.0,3.0,230.0,11.3
2024-03-13,20,6.8,66.0,4.4,230.0,9.8
2024-03-13,21,6.9,67.0,5.2,250.0,9.2
2024-03-13,22,7.4,63.0,6.2,250.0,9.7
2024-03-13,23,6.9,71.0,6.5,270.0,8.1
2024-03-14,0,7.3,60.0,4.0,270.0,9.7
2024-03-14,1,7.3,55.0,3.8,270.0,10.9
2024-03-14,2,6.9,58.0,3.4,270.0,9.9
2024-03-14,3,6.2,65.0,3.3,290.0,8.2
2024-03-14,4,5.7,73.0,4.2,320.0,6.5
2024-03-14,5,4.3,87.0,3.1,320.0,3.8
2024-03-14,6,4.1,81.0,2.2,290.0,4.5
2024-03-14,7,4.7,75.0,2.3,320.0,5.2
2024-03-14,8,5.5,68.0,1.6,320.0,5.9
2024-03-14,9,7.7,61.0,0.6,320.0,6.0
2024-03-14,10,9.8,58.0,1.3,110.0,6.2
2024-03-14,11,11.8,36.0,2.2,180.0,11.4
2024-03-14,12,13.6,21.0,3.0,180.0,15.1
2024-03-14,13,11.9,36.0,4.4,180.0,10.1
2024-03-14,14,12.3,39.0,3.2,200.0,12.1
2024-03-14,15,11.5,30.0,4.5,200.0,13.2
2024-03-14,16,10.9,40.0,5.1,200.0,10.6
2024-03-14,17,10.4,50.0,3.9,200.0,11.3
2024-03-14,18,8.9,63.0,3.2,200.0,10.2
2024-03-14,19,7.0,82.0,3.5,180.0,7.1
2024-03-14,20,6.2,90.0,3.0,200.0,5.0
2024-03-14,21,6.6,86.0,3.5,200.0,6.8
2024-03-14,22,7.4,70.0,6.7,230.0,9.6
2024-03-14,23,8.1,57.0,6.8,230.0,13.6
2024-03-15,0,9.1,43.0,7.3,250.0,17.1
2024-03-15,1,9.1,40.0,7.3,250.0,18.8
2024-03-15,2,9.1,39.0,6.3,250.0,20.3
2024-03-15,3,8.8,43.0,4.5,230.0,20.5
2024-03-15,4,7.3,63.0,0.9,160.0,13.3
2024-03-15,5,5.8,76.0,1.8,110.0,8.8
2024-03-15,6,6.1,72.0,0.7,160.0,9.7
2024-03-15,7,6.3,71.0,0.9,160.0,10.1
2024-03-15,8,7.1,68.0,1.4,140.0,11.0
2024-03-15,9,9.6,60.0,2.0,180.0,12.3
2024-03-15,10,11.2,51.0,1.3,340.0,10.7
2024-03-15,11,11.5,55.0,1.4,70.0,12.3
2024-03-15,12,13.2,48.0,2.2,250.0,13.3
2024-03-15,13,12.6,49.0,2.3,110.0,11.5
2024-03-15,14,13.2,45.0,3.0,230.0,12.3
2024-03-15,15,13.0,48.0,5.1,250.0,10.7
2024-03-15,16,12.6,51.0,3.6,290.0,9.9
2024-03-15,17,11.5,56.0,5.9,270.0,8.1
2024-03-15,18,10.1,66.0,5.2,270.0,6.9
2024-03-15,19,8.6,72.0,1.1,180.0,5.5
2024-03-15,20,7.4,80.0,0.7,200.0,4.7
2024-03-15,21,7.7,82.0,1.3,250.0,5.2
2024-03-15,22,7.5,81.0,0.6,140.0,6.0
2024-03-15,23,7.5,83.0,0.9,200.0,6.2
2024-03-16,0,7.3,79.0,0.2,0.0,8.4
2024-03-16,1,6.1,88.0,1.4,110.0,5.4
2024-03-16,2,6.3,90.0,2.2,160.0,5.2
2024-03-16,3,5.1,94.0,2.1,110.0,2.0
2024-03-16,4,5.2,96.0,2.1,110.0,0.5
2024-03-16,5,5.3,97.0,2.7,140.0,0.5
2024-03-16,6,4.7,97.0,2.7,140.0,0.1
2024-03-16,7,4.1,97.0,3.6,160.0,0.2
2024-03-16,8,3.7,97.0,4.4,140.0,0.2
2024-03-16,9,4.0,97.0,3.6,140.0,0.3
2024-03-16,10,4.0,97.0,5.0,160.0,0.7
2024-03-16,11,4.8,97.0,4.0,140.0,3.6
2024-03-16,12,5.3,97.0,3.8,160.0,6.6
2024-03-16,13,4.9,95.0,6.2,160.0,8.2
2024-03-16,14,5.3,91.0,5.0,180.0,22.4
2024-03-16,15,7.9,61.0,4.4,180.0,31.1
2024-03-16,16,8.5,58.0,5.2,180.0,48.4
2024-03-16,17,7.1,61.0,4.3,180.0,47.0
2024-03-16,18,6.4,74.0,2.5,160.0,49.4
2024-03-16,19,5.4,85.0,2.1,140.0,29.0
2024-03-16,20,5.6,87.0,2.9,140.0,23.2
2024-03-16,21,6.3,80.0,4.5,180.0,38.2
2024-03-16,22,6.3,86.0,4.8,200.0,30.0
2024-03-16,23,8.1,83.0,5.4,230.0,30.8
2024-03-17,0,8.0,92.0,3.3,270.0,12.5
2024-03-17,1,8.8,94.0,5.0,250.0,7.5
2024-03-17,2,8.8,95.0,6.8,250.0,3.1
2024-03-17,3,7.7,95.0,7.9,290.0,2.4
2024-03-17,4,6.0,96.0,6.4,320.0,1.9
2024-03-17,5,5.5,93.0,6.0,340.0,7.2
2024-03-17,6,5.5,77.0,9.0,340.0,13.7
2024-03-17,7,5.3,57.0,11.3,340.0,10.4
2024-03-17,8,5.0,51.0,14.0,340.0,8.9
2024-03-17,9,4.8,56.0,13.4,340.0,10.1
2024-03-17,10,5.0,52.0,13.5,340.0,13.9
2024-03-17,11,5.0,55.0,14.8,340.0,16.5
2024-03-17,12,4.9,56.0,15.5,340.0,24.8
2024-03-17,13,5.2,53.0,12.2,340.0,32.4
2024-03-17,14,5.4,50.0,12.6,340.0,33.1
2024-03-17,15,5.6,47.0,13.5,340.0,38.7
2024-03-17,16,5.5,48.0,12.3,340.0,28.3
2024-03-17,17,5.5,47.0,8.4,340.0,37.0
2024-03-17,18,5.2,53.0,9.7,320.0,37.2
2024-03-17,19,4.8,54.0,9.5,320.0,36.3
2024-03-17,20,4.6,60.0,7.5,320.0,32.6
2024-03-17,21,4.6,57.0,4.1,340.0,30.3
2024-03-17,22,4.8,59.0,4.5,340.0,30.4
2024-03-17,23,4.7,67.0,5.0,340.0,26.6
2024-03-18,0,4.8,62.0,4.5,340.0,29.1
2024-03-18,1,4.9,60.0,5.2,340.0,28.6
2024-03-18,2,4.3,66.0,3.0,340.0,27.6
2024-03-18,3,4.0,56.0,1.8,320.0,28.2
2024-03-18,4,3.5,61.0,2.1,360.0,26.7
2024-03-18,5,2.6,71.0,1.0,230.0,23.7
2024-03-18,6,2.5,73.0,1.2,320.0,20.6
2024-03-18,7,2.6,74.0,1.0,270.0,19.4
2024-03-18,8,3.9,55.0,0.7,110.0,29.9
2024-03-18,9,6.1,64.0,1.9,90.0,30.0
2024-03-18,10,6.7,35.0,3.1,200.0,35.2
2024-03-18,11,8.3,36.0,4.0,180.0,36.5
2024-03-18,12,8.8,19.0,3.4,230.0,43.4
2024-03-18,13,9.0,32.0,1.8,340.0,40.6
2024-03-18,14,9.0,21.0,4.2,200.0,47.1
2024-03-18,15,8.7,31.0,5.1,180.0,34.9
2024-03-18,16,8.2,42.0,4.3,200.0,37.0
2024-03-18,17,7.5,47.0,4.4,200.0,39.9
2024-03-18,18,6.7,59.0,4.5,200.0,31.1
2024-03-18,19,6.0,68.0,3.1,200.0,27.5
2024-03-18,20,5.7,72.0,2.0,200.0,23.4
2024-03-18,21,5.6,75.0,2.3,200.0,18.6
2024-03-18,23,5.9,75.0,2.4,200.0,22.7
2024-03-19,0,6.2,76.0,2.4,200.0,23.4
2024-03-19,1,6.2,77.0,3.7,200.0,20.8
2024-03-19,2,6.4,75.0,2.6,230.0,22.9
2024-03-19,3,6.4,76.0,3.7,200.0,23.1
2024-03-19,4,6.2,79.0,3.1,180.0,20.4
2024-03-19,5,6.0,79.0,2.8,200.0,18.2
2024-03-19,6,6.3,80.0,2.5,230.0,12.9
2024-03-19,7,6.4,80.0,2.3,230.0,11.0
2024-03-19,8,6.7,78.0,2.4,250.0,10.9
2024-03-19,9,7.1,75.0,5.1,290.0,8.0
2024-03-19,10,6.7,81.0,8.0,320.0,7.5
2024-03-19,11,6.3,82.0,7.8,320.0,10.1
2024-03-19,12,5.3,80.0,7.9,320.0,8.5
2024-03-19,13,5.6,78.0,8.0,320.0,7.5
2024-03-19,14,4.9,76.0,10.5,320.0,8.2
2024-03-19,15,5.0,79.0,10.1,320.0,7.8
2024-03-19,16,5.9,66.0,9.4,320.0,10.4
2024-03-19,17,5.1,69.0,9.6,320.0,18.1
2024-03-19,18,4.9,62.0,9.9,320.0,23.8
2024-03-19,19,4.8,57.0,9.8,320.0,30.6
2024-03-19,20,4.9,61.0,11.0,320.0,26.4
2024-03-19,21,4.9,60.0,6.4,340.0,21.9
2024-03-19,22,5.1,59.0,8.9,340.0,22.1
2024-03-19,23,4.9,58.0,9.4,340.0,22.4
2024-03-20,0,4.6,64.0,5.4,320.0,21.7
2024-03-20,1,4.6,62.0,5.3,340.0,25.5
2024-03-20,2,4.4,61.0,8.5,340.0,28.5
2024-03-20,3,4.2,63.0,7.7,340.0,29.9
2024-03-20,4,4.0,64.0,7.1,340.0,28.6
2024-03-20,5,3.8,63.0,8.2,340.0,29.5
2024-03-20,6,3.7,62.0,9.2,340.0,31.4
2024-03-20,7,3.4,63.0,8.3,340.0,31.2
2024-03-20,8,3.9,46.0,10.6,340.0,37.8
2024-03-20,9,4.2,50.0,8.2,340.0,36.0
2024-03-20,10,4.3,51.0,9.0,340.0,34.1
2024-03-20,11,4.4,47.0,9.7,340.0,31.2
2024-03-20,12,4.5,46.0,9.9,340.0,35.8
2024-03-20,13,4.5,46.0,9.6,340.0,33.4
2024-03-20,14,5.0,45.0,6.6,320.0,36.0
2024-03-20,15,5.0,44.0,7.0,340.0,37.7
2024-03-20,16,4.5,49.0,7.5,320.0,33.0
2024-03-20,17,4.2,47.0,7.5,320.0,44.1
2024-03-20,18,3.7,39.0,5.3,320.0,41.0
2024-03-20,19,3.1,52.0,5.3,320.0,35.8
2024-03-20,20,3.4,50.0,5.0,320.0,44.4
2024-03-20,21,3.5,48.0,5.0,290.0,41.2
2024-03-20,22,3.5,53.0,4.7,290.0,45.1
2024-03-20,23,3.5,52.0,5.0,290.0,46.1
2024-03-21,0,3.3,63.0,4.6,290.0,44.0
2024-03-21,1,3.6,62.0,5.4,320.0,44.2
2024-03-21,2,3.5,66.0,4.9,320.0,40.7
2024-03-21,3,3.7,63.0,5.1,320.0,43.3
2024-03-21,4,3.5,63.0,3.7,320.0,42.1
2024-03-21,5,3.0,67.0,2.2,320.0,34.0
2024-03-21,6,2.2,70.0,2.7,320.0,35.3
2024-03-21,7,2.3,72.0,0.2,0.0,37.4
2024-03-21,8,3.6,65.0,0.5,230.0,42.0
2024-03-21,9,6.4,42.0,1.9,140.0,37.9
2024-03-21,10,6.6,46.0,2.7,180.0,39.9
2024-03-21,11,7.9,39.0,3.5,180.0,39.6
2024-03-21,12,7.5,44.0,4.1,180.0,47.5
2024-03-21,13,8.0,39.0,4.7,180.0,42.5
2024-03-21,14,8.4,46.0,4.7,180.0,43.8
2024-03-21,15,8.1,49.0,5.8,180.0,41.7
2024-03-21,16,8.2,54.0,5.8,180.0,41.0
2024-03-21,17,7.4,59.0,6.3,180.0,36.4
2024-03-21,18,6.6,66.0,3.9,160.0,42.2
2024-03-21,19,5.6,76.0,4.2,160.0,36.3
2024-03-21,20,5.8,79.0,5.0,160.0,33.4
2024-03-21,21,6.0,79.0,4.6,160.0,30.4
2024-03-21,22,6.2,76.0,5.0,160.0,30.9
2024-03-21,23,6.3,75.0,6.3,160.0,31.4
2024-03-22,0,6.0,77.0,4.6,160.0,30.2
2024-03-22,1,5.9,79.0,6.8,140.0,29.6
2024-03-22,2,5.7,80.0,6.8,140.0,31.1
2024-03-22,3,5.8,76.0,6.6,140.0,33.2
2024-03-22,4,5.8,71.0,7.4,140.0,36.2
2024-03-22,5,5.6,73.0,6.8,140.0,31.5
2024-03-22,6,5.5,72.0,9.0,140.0,30.1
2024-03-22,7,5.8,66.0,8.8,140.0,22.7
2024-03-22,8,6.4,65.0,10.0,140.0,21.0
2024-03-22,9,7.0,67.0,9.1,140.0,22.9
2024-03-22,10,7.9,68.0,10.3,160.0,23.4
2024-03-22,11,7.3,71.0,8.0,160.0,19.8
2024-03-22,12,7.5,76.0,6.3,160.0,19.9
2024-03-22,13,7.8,80.0,7.6,160.0,18.3
2024-03-22,14,8.5,85.0,7.2,160.0,15.3
2024-03-22,15,10.1,83.0,7.7,200.0,14.8
2024-03-22,16,10.2,84.0,9.1,200.0,13.2
2024-03-22,17,9.8,87.0,6.4,230.0,12.1
2024-03-22,18,9.6,88.0,4.3,200.0,11.7
2024-03-22,19,9.5,90.0,6.8,230.0,10.9
2024-03-22,20,9.3,91.0,7.2,230.0,10.5
2024-03-22,21,8.8,92.0,5.2,230.0,9.6
2024-03-22,22,8.1,91.0,4.2,250.0,7.9
2024-03-22,23,6.4,94.0,1.3,270.0,3.8
2024-03-23,0,6.1,95.0,0.3,0.0,3.0
2024-03-23,1,5.7,96.0,3.2,320.0,2.9
2024-03-23,2,5.8,97.0,3.7,320.0,0.4
2024-03-23,3,5.2,97.0,4.6,340.0,0.2
2024-03-23,4,5.2,97.0,6.0,320.0,0.2
2024-03-23,5,5.3,97.0,4.9,340.0,0.2
2024-03-23,6,5.1,97.0,3.7,340.0,0.6
2024-03-23,7,5.2,97.0,2.2,360.0,2.1
2024-03-23,8,5.6,97.0,2.9,360.0,3.6
2024-03-23,9,7.0,96.0,3.8,70.0,9.0
2024-03-23,10,8.5,82.0,3.1,90.0,10.3
2024-03-23,11,10.1,69.0,2.4,90.0,17.6
2024-03-23,12,12.5,57.0,1.9,90.0,21.4
2024-03-23,13,11.6,64.0,2.6,340.0,18.9
2024-03-23,14,10.0,70.0,3.7,320.0,14.3
2024-03-23,15,11.3,63.0,3.5,290.0,23.6
2024-03-23,16,12.4,60.0,3.3,320.0,25.5
2024-03-23,17,12.0,56.0,3.5,320.0,24.0
2024-03-23,18,10.5,57.0,2.8,340.0,31.6
2024-03-23,19,8.4,68.0,3.3,320.0,21.5
2024-03-23,20,8.0,71.0,3.5,340.0,24.1
2024-03-23,21,10.7,49.0,3.1,20.0,32.9
2024-03-23,22,8.7,58.0,2.8,360.0,33.3
2024-03-23,23,8.8,57.0,3.2,360.0,32.4
2024-03-24,0,10.1,47.0,1.9,50.0,39.2
2024-03-24,1,10.5,49.0,3.5,50.0,36.5
2024-03-24,2,10.6,49.0,2.9,50.0,35.7
2024-03-24,3,10.8,49.0,3.3,20.0,35.7
2024-03-24,4,10.3,50.0,2.5,20.0,32.9
2024-03-24,5,7.6,70.0,2.6,70.0,23.8
2024-03-24,6,9.5,56.0,2.7,360.0,29.7
2024-03-24,7,9.1,59.0,2.2,360.0,27.9
2024-03-24,8,11.3,49.0,2.6,20.0,28.7
2024-03-24,9,11.9,50.0,3.5,50.0,31.4
2024-03-24,10,12.6,50.0,2.4,70.0,23.0
2024-03-24,11,13.5,47.0,2.2,70.0,19.1
2024-03-24,12,16.2,35.0,2.7,90.0,20.6
2024-03-24,13,17.5,31.0,2.3,90.0,30.2
2024-03-24,14,18.6,29.0,2.2,110.0,38.5
2024-03-24,15,17.7,32.0,1.4,180.0,31.0
2024-03-24,16,14.8,41.0,2.9,320.0,18.2
2024-03-24,17,14.4,41.0,2.6,320.0,22.3
2024-03-24,18,11.6,51.0,2.4,320.0,21.4
2024-03-24,19,9.9,58.0,1.7,320.0,19.5
2024-03-24,20,9.5,59.0,3.1,320.0,20.8
2024-03-24,21,9.7,58.0,3.2,320.0,24.1
2024-03-24,22,10.8,48.0,2.6,320.0,27.1
2024-03-24,23,11.6,41.0,2.9,340.0,33.9
2024-03-25,0,10.7,47.0,1.8,320.0,31.7
2024-03-25,1,11.0,47.0,1.6,320.0,33.4
2024-03-25,2,11.0,51.0,1.4,290.0,21.7
2024-03-25,3,9.3,63.0,2.0,290.0,16.8
2024-03-25,4,8.5,72.0,3.3,320.0,7.7
2024-03-25,5,8.5,72.0,1.1,270.0,5.9
2024-03-25,6,9.1,67.0,0.6,320.0,8.3
2024-03-25,7,8.8,70.0,1.9,320.0,7.6
2024-03-25,8,9.0,70.0,2.1,290.0,7.5
2024-03-25,9,10.5,64.0,0.9,140.0,8.3
2024-03-25,10,11.6,56.0,2.7,90.0,15.6
2024-03-25,11,11.2,58.0,4.1,140.0,24.1
2024-03-25,12,11.3,66.0,2.3,110.0,22.6
2024-03-25,13,11.7,60.0,2.8,140.0,26.0
2024-03-25,14,11.2,63.0,3.0,160.0,21.0
2024-03-25,15,9.0,79.0,4.8,180.0,15.6
2024-03-25,16,8.6,84.0,4.1,180.0,11.5
2024-03-25,17,8.9,84.0,2.0,110.0,21.6
2024-03-25,18,7.7,92.0,1.6,20.0,24.6
2024-03-25,19,7.2,93.0,2.7,340.0,8.8
2024-03-25,20,7.1,94.0,2.5,320.0,4.2
2024-03-25,21,6.8,95.0,3.2,340.0,4.5
2024-03-25,22,6.8,94.0,3.1,340.0,7.3
2024-03-25,23,6.8,94.0,2.9,360.0,10.9
2024-03-26,0,6.5,94.0,2.8,360.0,6.7
2024-03-26,1,6.3,94.0,1.5,360.0,18.8
2024-03-26,2,6.1,93.0,1.7,50.0,19.7
2024-03-26,3,5.9,93.0,3.9,50.0,15.5
2024-03-26,4,5.6,91.0,3.5,70.0,45.6
2024-03-26,5,4.9,92.0,3.8,50.0,18.9
2024-03-26,6,4.9,92.0,3.2,70.0,46.5
2024-03-26,7,4.7,92.0,2.1,70.0,34.9
2024-03-26,8,5.4,90.0,3.3,70.0,43.3
2024-03-26,9,5.3,81.0,4.0,110.0,50.0
2024-03-26,10,6.5,80.0,3.3,110.0,47.5
2024-03-26,11,7.7,76.0,1.7,90.0,43.4
2024-03-26,12,10.0,70.0,1.8,110.0,45.3
2024-03-26,13,8.4,70.0,2.8,320.0,46.4
2024-03-26,14,9.2,68.0,2.0,340.0,49.0
2024-03-26,15,8.1,74.0,4.5,320.0,44.6
2024-03-26,16,8.9,66.0,3.8,270.0,47.7
2024-03-26,17,8.0,72.0,4.7,270.0,49.5
2024-03-26,18,7.1,77.0,3.3,320.0,49.1
2024-03-26,19,5.7,87.0,2.6,290.0,50.0
2024-03-26,20,5.0,91.0,1.6,270.0,49.4
2024-03-26,21,4.6,93.0,1.8,200.0,13.0
2024-03-26,22,4.9,94.0,1.4,160.0,34.9
2024-03-26,23,4.7,95.0,0.9,250.0,30.0
2024-03-27,0,4.6,95.0,0.2,0.0,26.2
2024-03-27,1,5.0,96.0,1.6,200.0,29.0
2024-03-27,2,5.5,96.0,0.2,0.0,21.7
2024-03-27,3,5.1,96.0,1.8,160.0,6.9
2024-03-27,4,5.7,96.0,2.7,140.0,13.1
2024-03-27,5,5.6,96.0,3.1,140.0,24.4
2024-03-27,6,5.5,96.0,3.0,180.0,17.6
2024-03-27,7,6.0,95.0,4.7,180.0,29.7
2024-03-27,8,6.5,93.0,5.4,180.0,39.6
2024-03-27,9,6.7,91.0,5.5,160.0,47.8
2024-03-27,10,7.0,90.0,6.0,160.0,47.4
2024-03-27,11,7.2,89.0,6.3,180.0,49.7
2024-03-27,12,8.1,87.0,6.1,160.0,47.8
2024-03-27,13,8.3,83.0,6.5,160.0,45.6
2024-03-27,14,8.6,81.0,6.0,180.0,46.0
2024-03-27,15,7.9,83.0,6.7,160.0,49.0
2024-03-27,16,7.5,87.0,6.3,160.0,45.7
2024-03-27,17,7.7,88.0,4.4,160.0,44.1
2024-03-27,18,6.7,93.0,5.5,160.0,16.8
2024-03-27,19,6.8,94.0,4.4,160.0,12.0
2024-03-27,20,6.6,95.0,4.2,160.0,10.3
2024-03-27,21,6.8,95.0,5.2,160.0,11.4
2024-03-27,22,6.7,96.0,5.0,160.0,5.4
2024-03-27,23,6.5,96.0,4.3,140.0,3.4
2024-03-28,0,6.2,96.0,4.0,140.0,2.2
2024-03-28,1,6.3,97.0,4.0,140.0,1.8
2024-03-28,2,6.6,97.0,3.7,140.0,3.7
2024-03-28,3,6.6,97.0,3.6,140.0,2.3
2024-03-28,4,6.9,97.0,4.6,140.0,2.9
2024-03-28,5,6.7,97.0,4.9,160.0,4.0
2024-03-28,6,7.0,97.0,5.1,160.0,4.0
2024-03-28,7,7.0,97.0,4.6,160.0,2.9
2024-03-28,8,7.3,97.0,4.0,180.0,2.8
2024-03-28,9,7.7,97.0,1.6,200.0,2.3
2024-03-28,10,8.0,97.0,3.3,180.0,1.9
2024-03-28,11,8.8,97.0,5.4,180.0,7.0
2024-03-28,12,9.3,96.0,5.1,200.0,21.8
2024-03-28,13,9.1,94.0,4.6,230.0,33.6
2024-03-28,14,8.9,95.0,4.1,200.0,14.8
2024-03-28,15,8.9,94.0,4.2,230.0,16.6
2024-03-28,16,8.4,95.0,3.9,230.0,8.9
2024-03-28,17,9.0,92.0,5.3,230.0,12.5
2024-03-28,18,8.3,78.0,6.1,270.0,9.1
2024-03-28,19,7.4,62.0,4.1,270.0,5.8
2024-03-28,20,6.7,57.0,3.8,270.0,5.5
2024-03-28,21,6.4,57.0,4.2,270.0,5.8
2024-03-28,22,6.3,51.0,3.1,290.0,5.7
2024-03-28,23,6.0,56.0,3.5,290.0,6.7
2024-03-29,0,5.7,61.0,2.4,290.0,8.2
2024-03-29,1,5.9,60.0,3.3,270.0,8.2
2024-03-29,2,6.1,63.0,3.6,230.0,10.2
2024-03-29,3,6.3,60.0,2.6,200.0,12.4
2024-03-29,4,6.3,77.0,3.4,200.0,15.7
2024-03-29,5,7.0,74.0,2.9,160.0,8.6
2024-03-29,6,6.5,95.0,4.5,140.0,1.1
2024-03-29,7,5.1,96.0,3.8,20.0,5.2
2024-03-29,8,3.8,94.0,3.7,90.0,12.9
2024-03-29,9,4.9,94.0,2.8,90.0,9.0
2024-03-29,10,6.2,94.0,1.3,90.0,6.5
2024-03-29,11,8.9,93.0,5.8,320.0,2.6
2024-03-29,12,8.0,87.0,5.1,340.0,4.3
2024-03-29,13,7.4,79.0,6.0,320.0,13.9
2024-03-29,14,8.2,74.0,4.6,290.0,21.3
2024-03-29,15,9.2,71.0,5.7,320.0,22.7
2024-03-29,16,8.1,77.0,6.2,320.0,20.2
2024-03-29,17,8.2,75.0,5.4,290.0,19.5
2024-03-29,18,7.3,80.0,4.8,320.0,18.1
2024-03-29,19,6.0,84.0,3.8,290.0,15.1
2024-03-29,20,5.5,89.0,3.0,290.0,12.8
2024-03-29,21,5.3,73.0,1.8,200.0,19.5
2024-03-29,22,4.8,80.0,1.0,250.0,16.3
2024-03-29,23,3.7,92.0,3.3,200.0,8.6
2024-03-30,0,5.5,89.0,3.9,200.0,14.1
2024-03-30,1,6.3,84.0,5.3,200.0,14.8
2024-03-30,2,6.5,78.0,5.7,200.0,14.9
2024-03-30,3,6.8,75.0,5.4,230.0,16.2
2024-03-30,4,7.2,61.0,3.3,200.0,19.5
2024-03-30,5,7.3,56.0,4.1,160.0,22.8
2024-03-30,6,6.2,76.0,3.3,140.0,17.2
2024-03-30,7,7.4,59.0,4.8,160.0,22.5
2024-03-30,8,6.8,69.0,1.8,50.0,21.3
2024-03-30,9,8.0,58.0,3.9,160.0,24.9
2024-03-30,10,8.0,53.0,4.2,160.0,30.9
2024-03-30,11,8.2,64.0,6.0,160.0,29.1
2024-03-30,12,9.5,58.0,3.7,180.0,26.3
2024-03-30,13,10.5,59.0,3.5,360.0,21.4
2024-03-30,14,10.2,61.0,3.1,320.0,27.3
2024-03-30,15,8.7,67.0,6.5,360.0,20.6
2024-03-30,16,9.1,51.0,7.1,360.0,29.6
2024-03-30,17,9.4,35.0,5.5,360.0,37.6
2024-03-30,18,8.6,36.0,6.4,360.0,41.5
2024-03-30,19,7.3,45.0,3.7,360.0,44.4
2024-03-30,20,6.8,42.0,2.7,340.0,43.7
2024-03-30,21,4.9,70.0,2.6,290.0,45.8
2024-03-30,22,5.6,63.0,2.7,320.0,40.8
2024-03-30,23,5.2,65.0,1.5,290.0,42.0
2024-03-31,0,5.1,55.0,2.3,270.0,43.7
2024-03-31,1,5.0,60.0,2.3,290.0,40.0
2024-03-31,2,5.2,60.0,1.8,320.0,41.3
2024-03-31,3,4.9,66.0,1.8,290.0,37.4
2024-03-31,4,4.9,75.0,3.1,360.0,32.7
2024-03-31,5,5.1,70.0,2.1,50.0,38.3
2024-03-31,6,4.0,81.0,2.8,70.0,34.5
2024-03-31,7,3.5,82.0,1.6,140.0,28.4
2024-03-31,8,6.2,65.0,2.1,140.0,37.0
2024-03-31,9,8.5,36.0,3.3,140.0,36.6
2024-03-31,10,9.7,27.0,2.7,180.0,38.1
2024-03-31,11,10.5,17.0,4.0,140.0,35.7
2024-03-31,12,11.3,33.0,2.2,70.0,36.7
2024-03-31,13,12.2,18.0,1.8,90.0,32.9
2024-03-31,14,10.9,30.0,3.2,320.0,39.6
2024-03-31,15,10.3,22.0,3.5,320.0,46.5
2024-03-31,16,9.7,24.0,5.0,320.0,34.2
2024-03-31,17,7.9,59.0,6.0,320.0,34.4
2024-03-31,18,7.1,69.0,5.4,320.0,30.6
2024-03-31,19,6.2,72.0,4.4,320.0,31.1
2024-03-31,20,5.6,73.0,3.8,320.0,34.1
2024-03-31,21,5.3,69.0,2.8,320.0,34.0
2024-03-31,22,5.6,56.0,1.5,290.0,36.2
2024-03-31,23,6.3,23.0,0.3,0.0,43.5
2024-04-01,0,7.1,20.0,1.5,90.0,44.5
2024-04-01,1,6.5,29.0,1.9,90.0,40.5
2024-04-01,2,5.9,72.0,2.1,70.0,29.9
2024-04-01,3,5.8,72.0,1.8,70.0,28.0
2024-04-01,4,5.8,74.0,1.5,110.0,26.6
2024-04-01,5,5.5,64.0,1.2,90.0,37.0
2024-04-01,6,5.0,59.0,0.5,340.0,37.0
2024-04-01,7,5.0,78.0,1.9,110.0,31.9
2024-04-01,8,7.1,69.0,2.3,90.0,29.5
2024-04-01,9,9.3,46.0,0.8,140.0,35.6
2024-04-01,10,11.1,31.0,1.9,110.0,37.1
2024-04-01,11,12.6,22.0,2.2,110.0,39.2
2024-04-01,12,13.8,12.0,2.8,140.0,47.5
2024-04-01,13,13.1,26.0,2.0,320.0,43.3
2024-04-01,14,12.7,21.0,2.2,360.0,40.2
2024-04-01,15,12.8,29.0,1.1,110.0,36.7
2024-04-01,16,12.8,29.0,1.5,90.0,39.1
2024-04-01,17,12.1,25.0,3.0,200.0,38.2
2024-04-01,18,11.4,27.0,1.9,180.0,41.0
2024-04-01,19,9.6,36.0,1.2,180.0,41.8
2024-04-01,20,7.0,66.0,2.3,90.0,37.7
2024-04-01,21,6.5,72.0,2.0,90.0,35.3
2024-04-01,22,7.0,61.0,2.2,110.0,39.1
2024-04-01,23,6.9,58.0,1.2,110.0,36.8
2024-04-02,0,7.8,52.0,2.6,110.0,31.6
2024-04-02,1,7.8,48.0,1.9,140.0,35.2
2024-04-02,2,7.5,47.0,3.1,140.0,36.5
2024-04-02,3,6.5,69.0,1.7,90.0,32.4
2024-04-02,4,7.2,48.0,2.6,140.0,37.7
2024-04-02,5,7.5,43.0,2.9,140.0,43.7
2024-04-02,6,6.6,68.0,2.9,110.0,42.1
2024-04-02,7,7.3,62.0,3.7,110.0,33.9
2024-04-02,8,9.5,43.0,3.7,110.0,43.1
2024-04-02,9,10.0,46.0,4.2,110.0,32.6
2024-04-02,10,11.7,34.0,5.7,110.0,32.6
2024-04-02,11,13.3,35.0,5.8,160.0,32.6
2024-04-02,12,12.4,50.0,5.9,160.0,26.8
2024-04-02,13,10.7,77.0,5.3,140.0,17.6
2024-04-02,14,10.8,84.0,4.3,160.0,10.5
2024-04-02,15,10.4,91.0,3.9,140.0,5.6
2024-04-02,16,11.0,88.0,2.7,140.0,13.8
2024-04-02,17,10.7,90.0,3.6,140.0,19.5
2024-04-02,18,11.3,88.0,2.8,180.0,38.0
2024-04-02,19,10.2,92.0,0.4,0.0,8.4
2024-04-02,20,7.8,94.0,1.7,320.0,2.5
2024-04-02,21,8.5,96.0,1.1,320.0,5.7
2024-04-02,22,9.8,95.0,1.6,320.0,17.8
2024-04-02,23,11.9,77.0,0.9,20.0,25.8
2024-04-03,0,11.1,77.0,0.7,320.0,22.8
2024-04-03,1,8.7,85.0,2.4,320.0,15.5
2024-04-03,2,9.5,76.0,3.0,320.0,19.0
2024-04-03,3,9.0,80.0,2.3,320.0,18.3
2024-04-03,4,9.8,74.0,2.9,320.0,19.6
2024-04-03,5,9.9,73.0,4.2,340.0,18.7
2024-04-03,6,9.9,70.0,2.2,340.0,19.6
2024-04-03,7,10.2,68.0,2.6,340.0,22.0
2024-04-03,8,11.0,61.0,2.3,360.0,25.2
2024-04-03,9,9.9,71.0,5.3,360.0,23.3
2024-04-03,10,10.7,66.0,5.8,340.0,30.0
2024-04-03,11,11.5,57.0,5.2,340.0,34.9
2024-04-03,12,10.9,57.0,7.8,340.0,31.4
2024-04-03,13,10.9,53.0,6.8,340.0,22.7
2024-04-03,14,12.0,45.0,8.4,340.0,29.4
2024-04-03,15,11.4,49.0,6.0,340.0,29.6
2024-04-03,16,11.9,43.0,5.5,340.0,42.7
2024-04-03,17,11.2,43.0,5.4,340.0,41.0
2024-04-03,18,9.4,53.0,5.4,340.0,38.3
2024-04-03,19,9.7,51.0,5.8,340.0,43.4
2024-04-03,20,8.9,60.0,5.1,320.0,41.5
2024-04-03,21,8.6,63.0,5.1,320.0,38.2
2024-04-03,22,8.6,62.0,3.6,320.0,34.5
2024-04-03,23,9.3,52.0,5.4,340.0,32.1
2024-04-04,0,9.1,53.0,6.7,340.0,32.5
2024-04-04,1,8.4,59.0,4.5,320.0,32.6
2024-04-04,2,8.4,60.0,6.0,340.0,32.2
2024-04-04,3,8.5,58.0,5.6,340.0,32.3
2024-04-04,4,9.1,52.0,5.1,340.0,30.4
2024-04-04,5,9.7,41.0,5.5,340.0,32.5
2024-04-04,6,8.7,52.0,6.1,340.0,30.8
2024-04-04,7,9.0,50.0,6.1,340.0,33.3
2024-04-04,8,8.8,51.0,8.3,340.0,26.1
2024-04-04,9,8.7,60.0,7.2,340.0,22.0
2024-04-04,10,10.0,51.0,6.0,340.0,25.8
2024-04-04,11,10.5,43.0,7.3,340.0,30.0
2024-04-04,12,10.6,41.0,8.1,340.0,28.7
2024-04-04,13,11.3,40.0,6.8,360.0,21.5
2024-04-04,14,11.3,41.0,5.8,360.0,24.5
2024-04-04,15,11.5,38.0,7.2,340.0,29.2
2024-04-04,16,11.1,42.0,5.9,340.0,37.1
2024-04-04,17,9.4,58.0,5.6,320.0,25.6
2024-04-04,18,8.8,60.0,5.7,320.0,28.1
2024-04-04,19,7.7,67.0,5.6,320.0,27.9
2024-04-04,20,7.4,68.0,5.0,320.0,31.3
2024-04-04,21,7.4,66.0,4.8,320.0,30.8
2024-04-04,22,8.0,58.0,4.9,320.0,34.8
2024-04-04,23,7.9,57.0,4.3,320.0,34.1
2024-04-05,0,8.2,55.0,4.6,320.0,32.7
2024-04-05,1,8.2,53.0,4.2,320.0,31.5
2024-04-05,2,7.7,58.0,4.5,320.0,31.2
2024-04-05,3,7.2,63.0,3.9,320.0,29.1
2024-04-05,4,6.9,66.0,3.1,320.0,26.3
2024-04-05,5,6.6,70.0,2.6,290.0,25.9
2024-04-05,6,6.1,77.0,2.0,320.0,22.0
2024-04-05,7,6.7,69.0,0.6,70.0,23.0
2024-04-05,8,9.9,53.0,0.3,0.0,26.7
2024-04-05,9,10.9,56.0,1.6,110.0,33.6
2024-04-05,10,12.6,61.0,2.4,140.0,26.5
2024-04-05,11,12.0,58.0,1.6,320.0,27.7
2024-04-05,12,13.6,53.0,0.9,50.0,21.4
2024-04-05,13,12.2,54.0,2.7,320.0,20.9
2024-04-05,14,11.4,53.0,4.1,320.0,23.4
2024-04-05,15,12.2,33.0,4.1,290.0,35.2
2024-04-05,16,12.1,24.0,4.4,320.0,34.6
2024-04-05,17,12.0,24.0,3.5,320.0,35.2
2024-04-05,18,10.1,35.0,2.9,320.0,32.7
2024-04-05,19,8.1,50.0,2.5,290.0,25.3
2024-04-05,20,7.3,58.0,0.9,270.0,19.7
2024-04-05,21,6.8,64.0,1.1,290.0,18.4
2024-04-05,22,7.7,51.0,0.3,0.0,19.1
2024-04-05,23,7.7,37.0,1.4,340.0,23.7
2024-04-06,0,6.9,47.0,0.9,230.0,21.6
2024-04-06,1,7.5,67.0,0.9,250.0,15.9
2024-04-06,2,7.8,62.0,0.7,250.0,15.2
2024-04-06,3,7.2,59.0,1.0,320.0,14.8
2024-04-06,4,6.9,56.0,0.1,0.0,16.3
2024-04-06,5,5.3,73.0,1.3,160.0,11.9
2024-04-06,6,6.2,77.0,2.3,110.0,10.9
2024-04-06,7,6.6,85.0,2.1,110.0,7.6
2024-04-06,8,8.4,73.0,2.3,110.0,12.6
2024-04-06,9,9.1,66.0,2.9,180.0,12.9
2024-04-06,10,10.4,54.0,4.2,200.0,15.6
2024-04-06,11,11.4,46.0,3.5,180.0,15.8
2024-04-06,12,12.0,44.0,4.3,180.0,15.2
2024-04-06,13,12.2,41.0,6.1,180.0,16.0
2024-04-06,14,14.1,21.0,5.0,200.0,21.0
2024-04-06,15,13.7,24.0,4.7,200.0,24.9
2024-04-06,16,12.9,26.0,4.6,200.0,24.6
2024-04-06,17,12.6,31.0,4.2,180.0,25.2
2024-04-06,18,11.1,43.0,2.2,200.0,22.2
2024-04-06,19,9.3,61.0,1.5,140.0,15.6
2024-04-06,20,9.0,59.0,1.8,180.0,21.9
2024-04-06,21,8.5,67.0,0.7,90.0,19.1
2024-04-06,22,8.7,68.0,1.5,160.0,19.0
2024-04-06,23,9.1,57.0,1.1,180.0,27.7
2024-04-07,0,8.8,62.0,1.4,140.0,28.1
2024-04-07,1,9.5,54.0,2.9,200.0,30.9
2024-04-07,2,9.2,55.0,1.9,140.0,27.5
2024-04-07,3,7.4,81.0,2.9,110.0,15.0
2024-04-07,4,7.4,82.0,2.6,140.0,11.9
2024-04-07,5,8.0,82.0,3.2,160.0,9.7
2024-04-07,6,7.7,87.0,4.2,140.0,6.5
2024-04-07,7,8.5,82.0,5.0,160.0,9.6
2024-04-07,8,9.4,81.0,4.3,160.0,10.7
2024-04-07,9,10.5,78.0,4.0,140.0,10.9
2024-04-07,10,11.8,74.0,3.6,140.0,12.1
2024-04-07,11,11.8,73.0,6.5,180.0,13.2
2024-04-07,12,13.1,67.0,3.2,180.0,16.4
2024-04-07,13,13.6,67.0,2.9,160.0,15.5
2024-04-07,14,14.0,62.0,3.5,200.0,21.4
2024-04-07,15,12.8,75.0,4.9,200.0,18.2
2024-04-07,16,11.3,84.0,4.3,200.0,11.9
2024-04-07,17,11.0,87.0,4.5,180.0,10.2
2024-04-07,18,9.8,90.0,1.7,180.0,7.6
2024-04-07,19,9.0,94.0,2.4,180.0,2.6
2024-04-07,20,8.6,96.0,1.8,180.0,0.5
2024-04-07,21,8.2,96.0,1.5,180.0,0.4
2024-04-07,22,7.2,97.0,2.3,180.0,0.4
2024-04-07,23,6.5,97.0,2.1,160.0,0.5
2024-04-08,0,6.9,97.0,1.9,160.0,0.5
2024-04-08,1,6.8,97.0,2.4,110.0,1.1
2024-04-08,2,7.5,97.0,2.0,110.0,0.7
2024-04-08,3,7.4,97.0,2.1,90.0,0.4
2024-04-08,4,7.9,97.0,2.2,140.0,0.9
2024-04-08,5,7.3,97.0,2.4,110.0,0.2
2024-04-08,6,7.4,97.0,1.3,140.0,0.1
2024-04-08,7,7.2,98.0,1.8,110.0,0.1
2024-04-08,8,7.7,97.0,2.2,140.0,0.3
2024-04-08,9,9.2,97.0,2.9,180.0,2.3
2024-04-08,10,10.1,96.0,2.8,110.0,7.6
2024-04-08,11,10.9,88.0,2.6,140.0,11.3
2024-04-08,12,14.1,73.0,2.2,110.0,18.6
2024-04-08,13,12.4,76.0,2.8,320.0,14.7
2024-04-08,14,9.7,82.0,6.5,320.0,7.0
2024-04-08,15,11.6,76.0,4.4,340.0,12.6
2024-04-08,16,13.4,66.0,5.2,340.0,13.4
2024-04-08,17,10.7,78.0,4.8,320.0,11.3
2024-04-08,18,9.5,82.0,3.9,320.0,10.4
2024-04-08,19,8.5,84.0,5.6,320.0,7.5
2024-04-08,20,9.1,78.0,4.4,320.0,9.5
2024-04-08,21,8.9,75.0,3.5,320.0,16.8
2024-04-08,22,9.3,66.0,4.0,340.0,23.8
2024-04-08,23,10.3,48.0,5.7,340.0,27.6
2024-04-09,0,9.6,47.0,6.7,340.0,23.5
2024-04-09,1,8.9,50.0,8.3,340.0,20.4
2024-04-09,2,8.4,52.0,7.7,340.0,18.7
2024-04-09,3,7.5,62.0,2.0,360.0,19.4
2024-04-09,4,7.3,64.0,5.5,360.0,22.9
2024-04-09,5,7.2,59.0,5.1,340.0,22.4
2024-04-09,6,6.6,68.0,3.4,320.0,17.2
2024-04-09,7,7.1,65.0,3.1,340.0,15.7
2024-04-09,8,7.9,71.0,4.8,360.0,13.8
2024-04-09,9,11.3,54.0,2.2,50.0,21.9
2024-04-09,10,12.3,46.0,2.9,90.0,27.7
2024-04-09,11,14.3,37.0,3.6,90.0,36.1
2024-04-09,12,14.7,35.0,2.2,70.0,35.3
2024-04-09,13,13.4,49.0,3.4,320.0,24.6
2024-04-09,14,13.2,44.0,3.7,320.0,28.5
2024-04-09,15,13.9,38.0,4.9,320.0,32.4
2024-04-09,16,13.7,38.0,4.3,340.0,31.6
2024-04-09,17,12.9,42.0,3.8,320.0,36.1
2024-04-09,18,11.2,50.0,2.7,320.0,36.3
2024-04-09,19,9.3,60.0,3.2,320.0,32.4
2024-04-09,20,8.4,66.0,3.1,320.0,30.8
2024-04-09,21,8.0,74.0,2.6,320.0,25.4
2024-04-09,22,8.4,65.0,3.8,320.0,30.1
2024-04-09,23,8.1,66.0,2.8,290.0,30.4
2024-04-10,0,8.6,56.0,1.6,290.0,33.0
2024-04-10,1,8.8,50.0,1.2,200.0,34.6
2024-04-10,2,8.3,55.0,1.7,200.0,33.3
2024-04-10,3,9.4,47.0,1.6,110.0,34.2
2024-04-10,4,7.3,65.0,2.1,320.0,35.8
2024-04-10,5,7.5,60.0,1.3,230.0,35.6
2024-04-10,6,7.8,59.0,1.0,200.0,32.9
2024-04-10,7,8.0,65.0,2.7,200.0,25.7
2024-04-10,8,9.5,70.0,2.0,180.0,27.1
2024-04-10,9,10.9,66.0,3.2,180.0,19.3
2024-04-10,10,11.4,68.0,4.4,160.0,27.4
2024-04-10,11,11.9,61.0,5.1,160.0,25.9
2024-04-10,12,12.4,69.0,4.9,160.0,22.7
2024-04-10,13,11.9,73.0,6.3,160.0,22.6
2024-04-10,14,11.4,81.0,5.5,160.0,17.9
2024-04-10,15,11.8,80.0,4.9,160.0,14.8
2024-04-10,16,11.4,82.0,5.1,180.0,15.1
2024-04-10,17,10.7,83.0,3.2,160.0,12.0
2024-04-10,18,9.7,91.0,4.3,160.0,8.0
2024-04-10,19,9.5,95.0,4.7,160.0,2.6
2024-04-10,20,9.3,96.0,5.5,160.0,3.4
2024-04-10,21,9.4,95.0,4.5,160.0,8.5
2024-04-10,22,9.5,94.0,4.2,160.0,10.4
2024-04-10,23,9.7,94.0,4.3,180.0,11.7
2024-04-11,0,9.7,94.0,4.4,180.0,12.0
2024-04-11,1,9.5,94.0,2.1,160.0,10.6
2024-04-11,2,9.6,95.0,1.9,160.0,10.0
2024-04-11,3,9.6,93.0,3.3,160.0,12.2
2024-04-11,4,9.0,94.0,4.4,160.0,11.0
2024-04-11,5,9.0,93.0,5.4,160.0,11.6
2024-04-11,6,9.5,91.0,7.4,160.0,16.3
2024-04-11,7,10.5,89.0,4.9,160.0,19.2
2024-04-11,8,11.6,81.0,7.1,160.0,26.9
2024-04-11,9,11.0,79.0,8.3,160.0,28.6
2024-04-11,10,11.1,78.0,6.3,160.0,31.4
2024-04-11,11,12.8,71.0,4.9,160.0,29.1
2024-04-11,12,13.4,68.0,4.2,180.0,26.0
2024-04-11,13,14.2,65.0,5.4,160.0,24.6
2024-04-11,14,14.6,63.0,4.9,160.0,24.7
2024-04-11,15,14.6,61.0,6.3,180.0,25.9
2024-04-11,16,13.6,67.0,4.8,180.0,22.5
2024-04-11,17,12.5,71.0,5.7,160.0,20.5
2024-04-11,18,11.5,75.0,5.0,180.0,21.3
2024-04-11,19,10.4,81.0,3.0,180.0,16.5
2024-04-11,20,9.7,85.0,2.3,200.0,13.7
2024-04-11,21,9.7,85.0,2.9,180.0,12.7
2024-04-11,22,9.5,86.0,2.6,180.0,12.1
2024-04-11,23,9.1,89.0,1.7,160.0,8.6
2024-04-12,0,9.2,88.0,1.8,160.0,8.7
2024-04-12,1,9.0,90.0,2.9,160.0,8.2
2024-04-12,2,9.1,88.0,2.3,180.0,9.5
2024-04-12,3,8.9,90.0,1.2,160.0,10.3
2024-04-12,4,9.6,86.0,2.4,160.0,14.8
2024-04-12,5,9.3,88.0,2.0,140.0,11.3
2024-04-12,6,9.6,88.0,4.5,140.0,12.3
2024-04-12,7,9.9,87.0,4.0,140.0,13.6
2024-04-12,8,10.0,87.0,5.9,160.0,12.8
2024-04-12,9,10.7,93.0,3.9,160.0,9.3
2024-04-12,10,12.2,83.0,3.9,160.0,19.6
2024-04-12,11,12.9,80.0,4.6,160.0,29.7
2024-04-12,12,12.6,81.0,4.3,180.0,36.0
2024-04-12,13,12.2,83.0,5.5,160.0,26.3
2024-04-12,14,13.6,75.0,6.2,180.0,30.4
2024-04-12,15,13.3,75.0,5.1,180.0,29.9
2024-04-12,16,14.0,77.0,2.4,180.0,27.1
2024-04-12,17,12.4,85.0,2.8,110.0,13.8
2024-04-12,18,11.8,92.0,1.9,180.0,6.8
2024-04-12,19,11.3,96.0,2.8,180.0,1.4
2024-04-12,20,10.8,96.0,2.6,160.0,0.7
2024-04-12,21,10.7,97.0,3.1,160.0,0.6
2024-04-12,22,9.9,97.0,1.6,160.0,0.6
2024-04-12,23,9.4,97.0,1.6,90.0,0.4
2024-04-13,0,9.5,97.0,1.4,110.0,0.3
2024-04-13,1,9.2,97.0,1.8,110.0,0.2
2024-04-13,2,9.8,97.0,0.7,110.0,0.2
2024-04-13,3,9.4,97.0,0.9,90.0,0.2
2024-04-13,4,9.7,97.0,1.7,110.0,0.2
2024-04-13,5,9.6,98.0,1.0,70.0,0.2
2024-04-13,6,9.3,98.0,0.5,90.0,0.2
2024-04-13,7,8.7,98.0,1.8,110.0,0.2
2024-04-13,8,9.7,98.0,1.1,140.0,0.6
2024-04-13,9,12.2,97.0,0.9,160.0,9.3
2024-04-13,10,14.8,94.0,1.6,90.0,39.2
2024-04-13,11,17.3,66.0,2.3,90.0,42.3
2024-04-13,12,18.7,60.0,2.2,90.0,44.2
2024-04-13,13,17.9,61.0,1.5,320.0,39.9
2024-04-13,14,18.5,56.0,1.2,320.0,45.4
2024-04-13,15,15.9,63.0,2.3,340.0,45.2
2024-04-13,16,14.3,67.0,2.9,320.0,47.8
2024-04-13,17,11.1,79.0,3.1,320.0,49.4
2024-04-13,18,10.5,83.0,3.6,320.0,49.9
2024-04-13,19,8.0,91.0,2.9,320.0,49.8
2024-04-13,20,8.6,95.0,1.4,320.0,40.5
2024-04-13,21,10.2,93.0,2.0,320.0,39.1
2024-04-13,22,11.7,86.0,2.3,290.0,34.0
2024-04-13,23,12.2,79.0,1.0,70.0,36.5
2024-04-14,0,11.8,81.0,1.6,70.0,34.2
2024-04-14,1,11.7,86.0,1.9,90.0,25.9
2024-04-14,2,11.9,84.0,1.8,90.0,30.5
2024-04-14,3,11.1,89.0,1.9,110.0,22.0
2024-04-14,4,11.5,86.0,1.5,90.0,31.1
2024-04-14,5,11.4,85.0,1.2,110.0,30.8
2024-04-14,6,10.8,90.0,2.3,90.0,18.2
2024-04-14,7,10.4,92.0,2.7,90.0,15.9
2024-04-14,8,11.9,89.0,2.6,90.0,15.8
2024-04-14,9,14.5,72.0,2.7,110.0,24.1
2024-04-14,10,17.0,58.0,3.9,160.0,44.4
2024-04-14,11,17.6,59.0,4.2,180.0,37.3
2024-04-14,12,17.6,61.0,4.7,180.0,27.8
2024-04-14,13,17.7,60.0,4.9,180.0,31.8
2024-04-14,14,19.1,46.0,4.9,160.0,37.4
2024-04-14,15,18.1,46.0,4.4,180.0,32.6
2024-04-14,16,17.4,50.0,4.4,180.0,31.4
2024-04-14,17,18.9,41.0,4.2,180.0,36.2
2024-04-14,18,17.4,45.0,5.0,160.0,28.0
2024-04-14,19,16.5,47.0,4.5,160.0,34.7
2024-04-14,20,15.1,54.0,3.1,110.0,35.9
2024-04-14,21,13.5,65.0,2.8,110.0,32.9
2024-04-14,22,14.6,58.0,2.9,110.0,35.2
2024-04-14,23,16.8,52.0,4.5,140.0,38.7
2024-04-15,0,16.8,49.0,4.6,110.0,42.2
2024-04-15,1,16.5,51.0,7.3,140.0,37.3
2024-04-15,2,15.1,59.0,9.0,140.0,23.0
2024-04-15,3,13.2,83.0,8.0,140.0,4.5
2024-04-15,4,12.5,92.0,8.9,140.0,2.0
2024-04-15,5,11.9,94.0,6.6,140.0,1.7
2024-04-15,6,12.4,95.0,9.5,160.0,4.4
2024-04-15,7,13.2,96.0,7.8,180.0,5.8
2024-04-15,8,12.0,96.0,6.2,200.0,20.5
2024-04-15,9,11.4,96.0,4.7,200.0,8.0
2024-04-15,10,10.8,96.0,5.1,230.0,4.4
2024-04-15,11,10.1,96.0,6.4,250.0,14.1
2024-04-15,12,10.0,96.0,5.7,250.0,6.2
2024-04-15,13,10.3,94.0,4.9,250.0,14.9
2024-04-15,14,11.1,92.0,4.3,270.0,16.5
2024-04-15,15,10.1,95.0,3.3,250.0,3.5
2024-04-15,16,10.8,93.0,4.8,290.0,7.9
2024-04-15,17,10.0,95.0,3.5,320.0,1.2
2024-04-15,18,9.6,96.0,4.0,290.0,0.7
2024-04-15,19,9.5,97.0,3.8,320.0,0.2
2024-04-15,20,9.2,97.0,1.8,250.0,0.3
2024-04-15,21,9.3,97.0,1.6,250.0,0.3
2024-04-15,22,9.1,97.0,1.4,200.0,0.2
2024-04-15,23,9.4,97.0,1.0,180.0,0.3
2024-04-16,0,9.7,98.0,1.5,180.0,0.7
2024-04-16,1,9.8,97.0,3.5,200.0,0.7
2024-04-16,2,9.8,98.0,4.5,200.0,0.7
2024-04-16,3,9.7,98.0,3.0,200.0,0.2
2024-04-16,4,9.6,98.0,1.3,200.0,0.2
2024-04-16,5,9.1,98.0,0.5,360.0,0.1
2024-04-16,6,8.2,98.0,0.7,70.0,0.2
2024-04-16,7,8.2,98.0,0.5,180.0,0.2
2024-04-16,8,8.6,98.0,1.5,200.0,0.2
2024-04-16,9,8.4,97.0,1.5,180.0,0.4
2024-04-16,10,9.3,98.0,2.4,320.0,3.4
2024-04-16,11,12.2,80.0,2.1,340.0,13.3
2024-04-16,12,11.8,80.0,3.4,320.0,11.8
2024-04-16,13,14.3,75.0,2.7,320.0,8.4
2024-04-16,14,12.9,76.0,5.0,320.0,7.8
2024-04-16,15,12.5,77.0,5.2,320.0,9.2
2024-04-16,16,12.1,79.0,5.1,320.0,8.8
2024-04-16,17,12.2,78.0,3.9,290.0,11.7
2024-04-16,18,11.6,73.0,3.6,290.0,10.4
2024-04-16,19,10.6,78.0,3.0,290.0,10.7
2024-04-16,20,10.2,76.0,3.1,290.0,17.6
2024-04-16,21,10.4,69.0,3.4,290.0,21.8
2024-04-16,22,9.7,71.0,2.6,320.0,24.2
2024-04-16,23,9.4,74.0,1.8,290.0,25.9
2024-04-17,0,10.2,67.0,1.7,290.0,31.3
2024-04-17,1,9.6,65.0,1.4,290.0,38.3
2024-04-17,2,8.5,75.0,1.6,270.0,32.4
2024-04-17,3,8.5,79.0,1.9,290.0,26.8
2024-04-17,4,8.8,76.0,1.5,290.0,32.9
2024-04-17,5,8.8,77.0,2.0,290.0,33.9
2024-04-17,6,8.4,79.0,1.2,270.0,35.3
2024-04-17,7,8.9,81.0,1.3,320.0,32.6
2024-04-17,8,11.0,74.0,1.0,320.0,37.0
2024-04-17,9,13.3,60.0,1.1,340.0,38.9
2024-04-17,10,14.3,52.0,2.3,320.0,33.3
2024-04-17,11,15.4,54.0,3.7,290.0,18.8
2024-04-17,12,15.2,56.0,3.1,320.0,23.6
2024-04-17,13,15.8,50.0,3.8,320.0,20.0
2024-04-17,14,16.2,52.0,3.5,320.0,22.4
2024-04-17,15,16.8,46.0,3.5,320.0,17.1
2024-04-17,16,14.3,57.0,3.7,340.0,19.8
2024-04-17,17,13.9,58.0,3.6,320.0,23.0
2024-04-17,18,13.0,60.0,4.0,320.0,18.5
2024-04-17,19,11.3,69.0,5.3,320.0,20.0
2024-04-17,20,10.9,69.0,2.6,320.0,16.1
2024-04-17,21,11.0,67.0,5.1,320.0,15.2
2024-04-17,22,10.7,71.0,3.7,290.0,15.4
2024-04-17,23,10.6,77.0,4.4,320.0,15.2
2024-04-18,0,9.9,82.0,1.8,290.0,14.7
2024-04-18,1,9.6,82.0,1.7,320.0,16.5
2024-04-18,2,9.4,81.0,1.2,290.0,16.4
2024-04-18,3,10.1,74.0,1.7,290.0,17.5
2024-04-18,4,10.3,69.0,2.8,320.0,20.4
2024-04-18,5,10.3,65.0,2.0,320.0,20.6
2024-04-18,6,10.7,61.0,1.9,320.0,22.3
2024-04-18,7,11.7,56.0,1.5,340.0,23.0
2024-04-18,8,14.6,49.0,0.4,0.0,24.6
2024-04-18,9,17.2,32.0,0.7,290.0,27.2
2024-04-18,10,18.2,30.0,2.2,290.0,31.2
2024-04-18,11,18.5,36.0,4.0,320.0,29.4
2024-04-18,12,18.6,35.0,4.1,320.0,31.6
2024-04-18,13,19.9,35.0,3.5,320.0,27.6
2024-04-18,14,20.7,38.0,2.2,90.0,28.7
2024-04-18,15,20.5,34.0,1.8,110.0,25.4
2024-04-18,16,18.7,41.0,4.0,180.0,25.0
2024-04-18,17,19.6,32.0,2.3,230.0,25.6
2024-04-18,18,17.5,35.0,2.8,230.0,26.1
2024-04-18,19,15.8,43.0,1.5,230.0,28.2
2024-04-18,20,14.5,48.0,1.8,270.0,26.4
2024-04-18,21,13.6,55.0,1.8,270.0,27.5
2024-04-18,22,14.2,55.0,2.3,270.0,22.8
2024-04-18,23,12.5,60.0,0.3,0.0,23.6
2024-04-19,0,10.9,76.0,1.2,160.0,17.0
2024-04-19,1,10.9,79.0,0.4,0.0,13.7
2024-04-19,2,10.1,85.0,1.6,200.0,10.2
2024-04-19,3,10.3,86.0,1.9,200.0,10.5
2024-04-19,4,11.5,76.0,0.0,0.0,11.0
2024-04-19,5,10.7,83.0,0.9,200.0,8.1
2024-04-19,6,11.2,77.0,0.0,0.0,9.1
2024-04-19,7,10.4,85.0,1.5,180.0,6.8
2024-04-19,8,10.8,86.0,2.3,90.0,11.7
2024-04-19,9,13.7,74.0,1.9,110.0,15.8
2024-04-19,10,14.5,70.0,3.1,110.0,15.5
2024-04-19,11,15.3,66.0,3.7,140.0,14.9
2024-04-19,12,15.4,67.0,3.5,180.0,14.5
2024-04-19,13,16.9,57.0,3.4,160.0,15.9
2024-04-19,14,17.5,55.0,3.8,160.0,15.3
2024-04-19,15,16.8,56.0,4.0,160.0,12.1
2024-04-19,16,15.7,65.0,3.3,180.0,10.3
2024-04-19,17,13.9,75.0,2.7,200.0,9.2
2024-04-19,18,13.2,82.0,3.1,180.0,8.6
2024-04-19,19,12.8,82.0,1.5,160.0,10.2
2024-04-19,20,12.0,88.0,1.2,160.0,8.8
2024-04-19,21,11.3,93.0,1.7,180.0,4.5
2024-04-19,22,11.1,92.0,3.4,180.0,5.3
2024-04-19,23,11.0,92.0,2.1,110.0,6.2
2024-04-20,0,11.6,91.0,1.5,140.0,8.7
2024-04-20,1,11.5,88.0,2.1,110.0,10.8
2024-04-20,2,11.4,85.0,2.5,110.0,12.5
2024-04-20,3,11.7,86.0,2.9,110.0,11.3
2024-04-20,4,12.5,74.0,4.6,140.0,18.9
2024-04-20,5,12.7,73.0,5.0,160.0,17.3
2024-04-20,6,13.0,62.0,6.7,160.0,25.1
2024-04-20,7,12.1,75.0,3.8,140.0,19.4
2024-04-20,8,13.6,68.0,3.0,140.0,20.8
2024-04-20,9,13.9,66.0,2.8,160.0,20.2
2024-04-20,10,14.1,68.0,5.7,160.0,16.8
2024-04-20,11,13.6,72.0,4.2,160.0,16.7
2024-04-20,12,14.0,68.0,4.2,140.0,22.1
2024-04-20,13,15.2,59.0,5.6,110.0,35.0
2024-04-20,14,14.5,61.0,6.3,110.0,38.9
2024-04-20,15,13.9,67.0,5.4,70.0,36.3
2024-04-20,16,13.9,68.0,3.5,110.0,43.0
2024-04-20,17,13.6,75.0,3.5,90.0,29.5
2024-04-20,18,13.0,79.0,2.7,90.0,23.3
2024-04-20,19,13.2,85.0,4.1,70.0,12.6
2024-04-20,20,13.0,87.0,5.8,70.0,13.9
2024-04-20,21,12.6,85.0,3.4,70.0,17.4
2024-04-20,22,12.0,86.0,3.7,70.0,22.8
2024-04-20,23,11.8,87.0,2.2,70.0,22.9
2024-04-21,0,10.8,87.0,1.5,20.0,37.2
2024-04-21,1,11.4,82.0,2.5,360.0,49.2
2024-04-21,2,11.3,80.0,2.4,20.0,47.7
2024-04-21,3,11.4,76.0,2.5,20.0,48.6
2024-04-21,4,11.3,75.0,1.8,50.0,49.5
2024-04-21,5,11.3,75.0,3.9,50.0,49.8
2024-04-21,6,11.5,74.0,3.0,50.0,49.7
2024-04-21,7,12.0,73.0,2.3,360.0,49.8
2024-04-21,8,13.3,68.0,2.8,50.0,49.2
2024-04-21,9,14.2,63.0,3.2,70.0,46.2
2024-04-21,10,15.0,62.0,3.2,50.0,45.3
2024-04-21,11,16.5,59.0,3.8,70.0,41.5
2024-04-21,12,16.6,59.0,3.0,70.0,45.6
2024-04-21,13,16.9,59.0,1.8,50.0,43.4
2024-04-21,14,16.2,62.0,1.5,340.0,45.8
2024-04-21,15,16.6,62.0,1.2,320.0,45.9
2024-04-21,16,16.9,60.0,2.8,360.0,44.3
2024-04-21,17,16.2,66.0,1.5,340.0,44.2
2024-04-21,18,17.2,64.0,0.0,0.0,46.8
2024-04-21,19,15.2,69.0,1.7,290.0,48.0
2024-04-21,20,13.9,74.0,0.4,0.0,42.7
2024-04-21,21,14.9,73.0,0.7,290.0,46.1
2024-04-21,22,14.2,75.0,0.8,290.0,39.6
2024-04-21,23,15.7,69.0,1.6,110.0,39.6
2024-04-22,0,15.6,69.0,1.1,110.0,33.7
2024-04-22,1,14.8,73.0,1.3,70.0,31.1
2024-04-22,2,14.3,76.0,1.6,110.0,29.1
2024-04-22,3,14.1,78.0,0.6,110.0,27.6
2024-04-22,4,14.0,77.0,1.4,90.0,31.3
2024-04-22,5,13.8,77.0,1.4,90.0,31.3
2024-04-22,6,14.0,76.0,2.5,110.0,34.3
2024-04-22,7,13.1,82.0,2.0,110.0,29.9
2024-04-22,8,13.4,80.0,2.0,90.0,31.8
2024-04-22,9,15.3,72.0,2.9,110.0,33.2
2024-04-22,10,16.2,67.0,4.0,110.0,37.0
2024-04-22,11,17.4,59.0,2.5,90.0,34.7
2024-04-22,12,18.4,48.0,4.7,110.0,39.2
2024-04-22,13,19.2,48.0,3.5,160.0,36.5
2024-04-22,14,18.7,45.0,4.6,180.0,33.8
2024-04-22,15,17.9,46.0,5.3,180.0,35.7
2024-04-22,16,18.4,45.0,5.6,180.0,34.4
2024-04-22,17,17.4,47.0,4.6,180.0,33.6
2024-04-22,18,16.1,57.0,2.3,290.0,36.9
2024-04-22,19,13.7,66.0,2.1,320.0,31.6
2024-04-22,20,13.0,69.0,2.3,320.0,31.5
2024-04-22,21,13.3,69.0,0.2,0.0,31.9
2024-04-22,22,12.7,72.0,1.0,140.0,29.5
2024-04-22,23,12.5,74.0,1.1,160.0,29.0
2024-04-23,0,12.9,74.0,0.7,160.0,26.5
2024-04-23,1,12.5,74.0,1.7,90.0,23.8
2024-04-23,2,12.4,79.0,0.8,110.0,18.9
2024-04-23,3,13.5,75.0,2.3,140.0,21.5
2024-04-23,4,13.8,75.0,1.9,140.0,25.7
2024-04-23,5,13.5,74.0,3.8,110.0,39.5
2024-04-23,6,12.5,79.0,2.4,140.0,36.1
2024-04-23,7,13.5,76.0,5.9,140.0,39.4
2024-04-23,8,13.9,71.0,5.3,140.0,33.1
2024-04-23,9,14.0,70.0,6.3,140.0,40.0
2024-04-23,10,15.0,65.0,7.4,110.0,42.3
2024-04-23,11,16.0,59.0,6.3,140.0,36.1
2024-04-23,12,15.6,59.0,4.5,160.0,42.4
2024-04-23,13,15.1,60.0,5.5,160.0,37.0
2024-04-23,14,14.3,61.0,6.3,160.0,35.8
2024-04-23,15,14.0,64.0,6.2,160.0,32.7
2024-04-23,16,13.4,68.0,6.7,180.0,24.7
2024-04-23,17,11.1,94.0,3.8,180.0,5.2
2024-04-23,18,11.4,94.0,3.1,180.0,4.7
2024-04-23,19,11.5,96.0,1.8,180.0,2.1
2024-04-23,20,11.9,96.0,2.8,200.0,4.4
2024-04-23,21,11.7,95.0,1.7,200.0,5.4
2024-04-23,22,11.2,95.0,3.8,140.0,2.6
2024-04-23,23,11.1,96.0,4.5,140.0,1.8
2024-04-24,0,11.2,97.0,3.1,160.0,1.9
2024-04-24,1,11.1,97.0,2.6,250.0,2.5
2024-04-24,2,10.5,96.0,5.7,320.0,13.2
2024-04-24,3,10.1,96.0,5.1,50.0,7.7
2024-04-24,4,9.9,92.0,2.6,20.0,50.0
2024-04-24,5,9.7,93.0,2.1,90.0,45.1
2024-04-24,6,10.1,90.0,0.9,90.0,49.5
2024-04-24,7,10.0,94.0,0.3,0.0,45.5
2024-04-24,8,10.9,87.0,3.0,290.0,46.6
2024-04-24,9,11.8,85.0,4.1,320.0,47.3
2024-04-24,10,12.3,82.0,5.2,320.0,47.5
2024-04-24,11,11.6,86.0,6.6,320.0,43.2
2024-04-24,12,11.1,87.0,7.8,320.0,26.8
2024-04-24,13,10.7,91.0,7.0,320.0,19.0
2024-04-24,14,11.2,86.0,6.0,320.0,33.4
2024-04-24,15,10.6,87.0,5.8,320.0,31.1
2024-04-24,16,10.8,86.0,4.5,290.0,24.2
2024-04-24,17,10.7,85.0,5.0,320.0,36.1
2024-04-24,18,10.1,88.0,4.8,320.0,32.7
2024-04-24,19,9.4,91.0,3.9,290.0,25.7
2024-04-24,20,9.2,93.0,3.4,320.0,17.8
2024-04-24,21,9.4,94.0,1.8,290.0,12.3
2024-04-24,22,9.1,94.0,2.1,290.0,8.2
2024-04-24,23,9.6,94.0,3.4,270.0,14.9
2024-04-25,0,9.6,94.0,2.9,270.0,11.6
2024-04-25,1,9.8,94.0,2.8,250.0,11.3
2024-04-25,2,9.6,95.0,2.1,230.0,8.7
2024-04-25,3,9.2,96.0,2.7,200.0,2.7
2024-04-25,4,8.8,97.0,3.5,180.0,0.4
2024-04-25,5,9.1,97.0,2.3,160.0,1.7
2024-04-25,6,9.2,97.0,3.0,140.0,1.7
2024-04-25,7,9.7,97.0,3.1,140.0,5.1
2024-04-25,8,10.7,95.0,4.2,160.0,9.4
2024-04-25,9,11.0,90.0,5.1,180.0,12.7
2024-04-25,10,12.1,86.0,5.0,160.0,18.1
2024-04-25,11,12.6,82.0,5.3,160.0,22.0
2024-04-25,12,12.6,81.0,5.3,160.0,20.1
2024-04-25,13,12.1,84.0,7.4,160.0,25.4
2024-04-25,14,12.9,78.0,4.7,160.0,26.2
2024-04-25,15,12.6,81.0,5.0,160.0,27.6
2024-04-25,16,12.5,82.0,5.5,160.0,27.1
2024-04-25,17,12.3,81.0,5.2,160.0,29.7
2024-04-25,18,11.1,85.0,5.2,160.0,26.4
2024-04-25,19,10.4,90.0,6.9,160.0,20.9
2024-04-25,20,10.3,92.0,5.9,160.0,17.5
2024-04-25,21,10.4,92.0,5.5,160.0,16.5
2024-04-25,22,10.2,93.0,5.7,160.0,16.5
2024-04-25,23,10.1,94.0,5.4,160.0,12.1
2024-04-26,0,10.1,94.0,4.4,140.0,9.6
2024-04-26,1,10.0,94.0,4.3,140.0,8.5
2024-04-26,2,10.3,93.0,4.6,160.0,11.8
2024-04-26,3,10.5,92.0,4.1,160.0,19.6
2024-04-26,4,10.4,92.0,3.8,160.0,16.8
2024-04-26,5,9.2,95.0,2.9,110.0,5.9
2024-04-26,6,9.6,96.0,1.7,140.0,7.8
2024-04-26,7,10.0,96.0,2.0,90.0,6.9
2024-04-26,8,11.6,89.0,2.8,110.0,14.6
2024-04-26,9,13.0,83.0,3.5,110.0,23.9
2024-04-26,10,14.0,77.0,4.2,160.0,39.7
2024-04-26,11,15.0,71.0,4.7,180.0,36.7
2024-04-26,12,16.3,64.0,3.2,180.0,37.5
2024-04-26,13,16.1,60.0,3.5,180.0,37.6
2024-04-26,14,16.1,63.0,3.8,180.0,36.3
2024-04-26,15,16.9,57.0,2.7,200.0,37.4
2024-04-26,16,16.7,54.0,2.8,200.0,45.0
2024-04-26,17,16.5,58.0,1.6,340.0,39.6
2024-04-26,18,15.1,60.0,2.8,200.0,48.1
2024-04-26,19,12.4,78.0,2.1,200.0,47.0
2024-04-26,20,10.8,89.0,2.7,180.0,32.9
2024-04-26,21,10.4,82.0,1.5,250.0,49.4
2024-04-26,22,10.1,80.0,0.0,0.0,36.3
2024-04-26,23,8.6,94.0,1.7,160.0,23.2
2024-04-27,0,9.0,90.0,0.0,0.0,40.8
2024-04-27,1,10.0,81.0,1.0,90.0,50.0
2024-04-27,2,8.8,91.0,0.6,180.0,34.6
2024-04-27,3,9.1,83.0,1.3,320.0,49.6
2024-04-27,4,9.5,83.0,0.8,180.0,44.7
2024-04-27,5,9.0,83.0,0.7,90.0,46.4
2024-04-27,6,10.1,81.0,0.9,200.0,36.0
2024-04-27,7,9.3,88.0,0.9,200.0,24.8
2024-04-27,8,12.6,80.0,0.8,90.0,45.1
2024-04-27,9,13.6,74.0,1.2,90.0,45.1
2024-04-27,10,16.7,57.0,1.3,340.0,48.2
2024-04-27,11,17.7,45.0,2.7,290.0,46.2
2024-04-27,12,18.2,41.0,2.9,290.0,45.4
2024-04-27,13,19.2,44.0,3.2,320.0,45.5
2024-04-27,14,19.3,46.0,2.1,320.0,47.9
2024-04-27,15,16.5,60.0,5.8,320.0,43.2
2024-04-27,16,16.6,63.0,4.3,320.0,44.4
2024-04-27,17,15.0,70.0,4.5,320.0,48.3
2024-04-27,18,12.8,83.0,4.4,290.0,46.2
2024-04-27,19,12.5,84.0,1.8,270.0,42.6
2024-04-27,20,12.1,83.0,1.5,270.0,42.5
2024-04-27,21,9.8,94.0,1.6,320.0,17.8
2024-04-27,22,8.8,97.0,2.2,320.0,0.5
2024-04-27,23,8.8,97.0,2.4,290.0,0.4
2024-04-28,0,9.5,97.0,2.2,320.0,7.0
2024-04-28,1,9.8,97.0,2.3,320.0,8.6
2024-04-28,2,9.6,97.0,2.9,290.0,7.5
2024-04-28,3,9.7,96.0,0.9,250.0,8.0
2024-04-28,4,8.7,96.0,2.3,320.0,3.4
2024-04-28,5,8.0,97.0,2.8,320.0,0.2
2024-04-28,6,7.4,97.0,3.6,320.0,0.2
2024-04-28,7,7.9,97.0,4.4,320.0,0.3
2024-04-28,8,10.1,97.0,1.7,320.0,40.3
2024-04-28,9,13.3,78.0,1.5,90.0,37.1
2024-04-28,10,15.7,67.0,2.1,90.0,37.5
2024-04-28,11,19.1,45.0,2.1,90.0,44.8
2024-04-28,12,19.0,49.0,3.2,110.0,39.5
2024-04-28,13,19.2,46.0,2.4,180.0,38.8
2024-04-28,14,19.4,45.0,2.7,180.0,42.2
2024-04-28,15,20.3,56.0,0.8,270.0,39.6
2024-04-28,16,15.3,72.0,3.1,320.0,46.7
2024-04-28,17,12.7,78.0,5.5,320.0,38.2
2024-04-28,18,13.2,74.0,2.7,290.0,44.1
2024-04-28,19,13.7,66.0,2.5,290.0,49.0
2024-04-28,20,15.1,53.0,0.8,270.0,49.8
2024-04-28,21,12.0,75.0,1.8,320.0,47.1
2024-04-28,22,14.3,57.0,0.7,320.0,49.0
2024-04-28,23,13.1,63.0,1.8,340.0,47.5
2024-04-29,0,17.8,39.0,3.3,20.0,48.9
2024-04-29,1,12.9,60.0,1.6,290.0,48.9
2024-04-29,2,16.4,47.0,1.6,90.0,45.9
2024-04-29,3,13.5,62.0,0.6,50.0,43.7
2024-04-29,4,14.1,59.0,0.7,320.0,43.6
2024-04-29,5,13.7,66.0,2.5,110.0,34.3
2024-04-29,6,12.8,81.0,2.5,70.0,22.7
2024-04-29,7,13.7,79.0,2.1,90.0,23.2
2024-04-29,8,15.3,68.0,2.1,90.0,26.3
2024-04-29,9,16.7,63.0,2.5,90.0,28.3
2024-04-29,10,18.3,53.0,3.5,90.0,33.9
2024-04-29,11,19.1,51.0,2.4,360.0,33.7
2024-04-29,12,20.9,43.0,1.5,50.0,35.6
2024-04-29,13,19.5,48.0,3.1,320.0,33.7
2024-04-29,14,18.6,51.0,3.4,320.0,33.5
2024-04-29,15,18.5,50.0,3.7,320.0,38.4
2024-04-29,16,17.2,55.0,5.3,290.0,29.6
2024-04-29,17,13.8,72.0,5.3,320.0,19.8
2024-04-29,18,12.4,73.0,6.0,320.0,21.2
2024-04-29,19,11.3,78.0,5.6,320.0,18.7
2024-04-29,20,10.6,81.0,5.1,320.0,18.7
2024-04-29,21,10.5,81.0,5.1,320.0,15.7
2024-04-29,22,11.1,78.0,5.5,320.0,14.9
2024-04-29,23,11.1,85.0,5.2,320.0,10.2
2024-04-30,0,10.8,82.0,6.9,320.0,13.3
2024-04-30,1,9.9,85.0,5.8,320.0,12.1
2024-04-30,2,9.8,86.0,6.5,320.0,11.9
2024-04-30,3,9.4,86.0,5.1,340.0,9.4
2024-04-30,4,9.0,86.0,6.7,340.0,10.1
2024-04-30,5,8.8,88.0,6.3,340.0,10.4
2024-04-30,6,8.7,87.0,4.8,340.0,12.3
2024-04-30,7,9.0,84.0,5.6,340.0,18.9
2024-04-30,8,9.6,81.0,5.5,340.0,28.7
2024-04-30,9,10.3,76.0,7.7,340.0,36.8
2024-04-30,10,11.1,72.0,5.5,360.0,36.8
2024-04-30,11,11.4,68.0,6.4,360.0,29.1
2024-04-30,12,12.3,64.0,7.5,360.0,29.4
2024-04-30,13,12.3,63.0,9.5,340.0,35.7
2024-04-30,14,12.4,56.0,8.7,340.0,34.2
2024-04-30,15,12.9,53.0,6.6,340.0,35.2
2024-04-30,16,12.6,58.0,5.9,340.0,31.0
2024-04-30,17,11.8,60.0,5.9,340.0,26.3
2024-04-30,18,11.3,64.0,5.0,340.0,32.9
2024-04-30,19,11.7,59.0,5.6,320.0,29.2
2024-04-30,20,10.8,65.0,4.0,320.0,33.1
2024-04-30,21,11.7,59.0,4.9,320.0,33.2
2024-04-30,22,11.3,64.0,3.2,340.0,34.0
2024-04-30,23,9.5,77.0,2.0,320.0,30.1
2024-05-01,0,9.2,77.0,2.0,320.0,31.9
2024-05-01,1,10.1,68.0,3.3,320.0,37.1
2024-05-01,2,10.1,69.0,3.3,320.0,35.6
2024-05-01,3,10.0,68.0,2.4,320.0,33.7
2024-05-01,4,10.2,72.0,3.9,340.0,35.3
2024-05-01,5,10.7,67.0,2.8,340.0,38.5
2024-05-01,6,10.1,74.0,3.2,340.0,33.0
2024-05-01,7,11.5,71.0,0.3,0.0,30.3
2024-05-01,8,13.5,61.0,2.1,70.0,31.6
2024-05-01,9,15.4,56.0,1.6,90.0,38.6
2024-05-01,10,15.8,51.0,2.8,320.0,30.8
2024-05-01,11,16.3,49.0,3.6,360.0,40.5
2024-05-01,12,16.4,52.0,3.4,360.0,42.4
2024-05-01,13,17.0,50.0,2.8,320.0,38.2
2024-05-01,14,16.7,51.0,3.6,290.0,38.7
2024-05-01,15,18.3,38.0,3.1,320.0,39.6
2024-05-01,16,19.7,27.0,2.3,320.0,45.1
2024-05-01,17,17.7,36.0,2.6,320.0,39.8
2024-05-01,18,17.5,26.0,2.7,290.0,44.0
2024-05-01,19,14.1,46.0,2.9,290.0,47.6
2024-05-01,20,12.7,60.0,1.3,230.0,42.0
2024-05-01,21,11.7,61.0,0.5,270.0,43.4
2024-05-01,22,12.9,36.0,1.4,290.0,48.9
2024-05-01,23,11.1,57.0,1.4,180.0,45.9
2024-05-02,0,10.0,71.0,2.7,90.0,42.7
2024-05-02,1,10.7,55.0,0.8,340.0,46.0
2024-05-02,2,9.6,63.0,1.6,290.0,43.7
2024-05-02,3,10.9,62.0,3.3,320.0,39.6
2024-05-02,4,9.9,74.0,1.3,70.0,30.8
2024-05-02,5,9.2,85.0,2.4,90.0,31.5
2024-05-02,6,9.5,71.0,1.0,160.0,34.1
2024-05-02,7,13.2,54.0,1.2,110.0,36.1
2024-05-02,8,13.3,69.0,2.5,90.0,34.1
2024-05-02,9,15.4,45.0,2.4,180.0,31.4
2024-05-02,10,16.6,42.0,2.5,180.0,28.6
2024-05-02,11,17.9,34.0,4.9,180.0,33.8
2024-05-02,12,19.0,23.0,3.0,230.0,39.6
2024-05-02,13,19.7,28.0,3.4,230.0,47.5
2024-05-02,14,18.6,37.0,3.1,230.0,36.7
2024-05-02,15,19.7,22.0,3.9,270.0,44.1
2024-05-02,16,19.5,19.0,3.8,250.0,46.6
2024-05-02,17,18.4,25.0,4.4,270.0,49.3
2024-05-02,18,18.3,23.0,2.5,270.0,47.3
2024-05-02,19,16.4,28.0,1.7,250.0,48.1
2024-05-02,20,14.2,39.0,1.9,250.0,44.1
2024-05-02,21,13.5,38.0,1.1,270.0,44.5
2024-05-02,22,13.3,38.0,0.7,270.0,47.6
2024-05-02,23,12.9,35.0,1.5,320.0,46.1
2024-05-03,0,13.0,36.0,0.9,230.0,46.8
2024-05-03,1,14.3,29.0,3.0,270.0,43.4
2024-05-03,2,14.2,42.0,1.8,270.0,42.1
2024-05-03,3,11.3,65.0,2.0,90.0,36.9
2024-05-03,4,12.2,61.0,0.2,0.0,40.1
2024-05-03,5,11.2,68.0,2.2,90.0,37.0
2024-05-03,6,10.1,71.0,1.8,320.0,30.2
2024-05-03,7,13.1,61.0,1.3,320.0,32.8
2024-05-03,8,15.4,52.0,2.2,320.0,31.6
2024-05-03,9,17.4,37.0,2.9,290.0,38.1
2024-05-03,10,17.8,34.0,4.1,290.0,37.4
2024-05-03,11,18.3,33.0,4.1,320.0,30.8
2024-05-03,12,18.5,37.0,3.8,320.0,21.8
2024-05-03,13,18.9,37.0,4.4,320.0,26.0
2024-05-03,14,20.4,30.0,3.2,290.0,27.8
2024-05-03,15,20.8,28.0,3.1,290.0,31.7
2024-05-03,16,20.4,26.0,3.4,320.0,30.2
2024-05-03,17,19.6,25.0,4.4,320.0,33.6
2024-05-03,18,18.7,28.0,3.7,320.0,30.7
2024-05-03,19,16.2,38.0,3.8,320.0,25.1
2024-05-03,20,14.1,54.0,4.1,320.0,22.2
2024-05-03,21,13.0,61.0,2.3,320.0,20.3
2024-05-03,22,13.7,49.0,2.1,320.0,23.9
2024-05-03,23,14.3,45.0,1.9,320.0,23.6
2024-05-04,0,13.7,58.0,2.8,320.0,22.2
2024-05-04,1,12.9,65.0,2.2,320.0,20.6
2024-05-04,2,12.4,64.0,2.3,290.0,21.1
2024-05-04,3,12.4,67.0,2.5,320.0,20.6
2024-05-04,4,12.1,77.0,3.0,290.0,17.8
2024-05-04,5,12.0,82.0,3.0,320.0,14.9
2024-05-04,6,11.7,74.0,2.8,290.0,16.1
2024-05-04,7,13.3,60.0,1.9,320.0,21.2
2024-05-04,8,15.6,46.0,2.3,320.0,23.7
2024-05-04,9,17.6,43.0,1.3,340.0,22.2
2024-05-04,10,18.0,43.0,2.3,90.0,24.9
2024-05-04,11,20.9,28.0,2.7,110.0,21.3
2024-05-04,12,21.6,31.0,2.8,180.0,30.1
2024-05-04,13,18.7,48.0,3.2,180.0,30.6
2024-05-04,14,19.2,57.0,3.6,180.0,28.6
2024-05-04,15,19.2,45.0,2.6,200.0,28.9
2024-05-04,16,18.9,52.0,2.1,340.0,28.5
2024-05-04,17,19.5,51.0,0.5,110.0,30.2
2024-05-04,18,17.3,52.0,2.1,200.0,28.5
2024-05-04,19,14.7,77.0,1.3,200.0,19.0
2024-05-04,20,15.4,67.0,0.9,180.0,23.4
2024-05-04,21,13.0,86.0,1.8,110.0,10.2
2024-05-04,22,14.5,85.0,2.4,180.0,12.2
2024-05-04,23,13.1,87.0,2.4,90.0,11.1
2024-05-05,0,14.2,72.0,2.2,90.0,18.7
2024-05-05,1,15.3,64.0,2.7,110.0,22.4
2024-05-05,2,14.8,65.0,3.0,110.0,23.7
2024-05-05,3,14.1,89.0,5.1,140.0,16.0
2024-05-05,4,13.8,87.0,3.5,110.0,15.0
2024-05-05,5,13.5,94.0,4.3,110.0,3.9
2024-05-05,6,13.2,94.0,4.7,110.0,6.3
2024-05-05,7,13.3,96.0,4.7,110.0,3.6
2024-05-05,8,13.2,96.0,3.3,90.0,2.6
2024-05-05,9,13.9,97.0,3.3,110.0,2.2
2024-05-05,10,14.7,97.0,5.1,110.0,1.2
2024-05-05,11,15.0,97.0,4.9,110.0,1.5
2024-05-05,12,15.1,97.0,4.8,110.0,0.5
2024-05-05,13,15.7,97.0,5.1,140.0,3.3
2024-05-05,14,15.1,97.0,4.9,140.0,3.5
2024-05-05,15,14.3,97.0,6.4,140.0,2.3
2024-05-05,16,13.9,97.0,2.8,230.0,4.6
2024-05-05,17,13.9,97.0,2.4,270.0,3.0
2024-05-05,18,13.5,97.0,3.7,250.0,47.4
2024-05-05,19,13.3,96.0,4.5,230.0,39.1
2024-05-05,20,12.9,97.0,3.9,230.0,13.5
2024-05-05,21,12.7,96.0,6.3,250.0,6.2
2024-05-05,22,12.4,97.0,4.1,270.0,0.7
2024-05-05,23,12.1,97.0,4.5,290.0,0.4
2024-05-06,0,12.1,97.0,3.9,290.0,1.1
2024-05-06,1,12.4,97.0,3.9,270.0,13.2
2024-05-06,2,12.4,98.0,2.9,270.0,7.7
2024-05-06,3,12.3,97.0,2.6,290.0,9.9
2024-05-06,4,12.2,97.0,3.3,290.0,14.6
2024-05-06,5,12.2,97.0,2.5,230.0,8.7
2024-05-06,6,12.1,97.0,2.7,230.0,4.7
2024-05-06,7,12.3,97.0,3.7,230.0,9.8
2024-05-06,8,12.2,97.0,3.8,250.0,8.3
2024-05-06,9,12.1,97.0,4.1,250.0,5.4
2024-05-06,10,12.0,97.0,4.8,250.0,3.0
2024-05-06,11,11.9,96.0,4.8,250.0,3.4
2024-05-06,12,12.1,94.0,4.7,250.0,5.3
2024-05-06,13,12.2,96.0,4.0,230.0,3.0
2024-05-06,14,12.9,91.0,3.9,230.0,4.9
2024-05-06,15,12.6,93.0,3.7,230.0,3.6
2024-05-06,16,12.4,97.0,2.8,250.0,0.3
2024-05-06,17,12.4,97.0,2.8,270.0,0.5
2024-05-06,18,12.2,97.0,3.0,290.0,0.6
2024-05-06,19,12.2,97.0,2.7,290.0,1.6
2024-05-06,20,12.1,97.0,3.2,290.0,2.2
2024-05-06,21,12.0,97.0,2.6,290.0,0.4
2024-05-06,22,11.7,98.0,3.3,290.0,0.3
2024-05-06,23,11.4,98.0,3.6,320.0,0.5
2024-05-07,0,11.2,98.0,3.9,320.0,0.3
2024-05-07,1,10.8,98.0,2.6,320.0,0.2
2024-05-07,2,10.0,98.0,2.7,340.0,0.3
2024-05-07,3,10.5,98.0,3.3,360.0,0.2
2024-05-07,4,10.9,98.0,2.2,320.0,1.9
2024-05-07,5,10.2,98.0,2.5,320.0,0.3
2024-05-07,6,10.6,98.0,1.9,320.0,0.7
2024-05-07,7,11.3,98.0,3.5,360.0,0.5
2024-05-07,8,11.9,98.0,1.4,360.0,5.0
2024-05-07,9,11.8,98.0,1.9,360.0,9.7
2024-05-07,10,12.6,97.0,4.6,70.0,42.1
2024-05-07,11,13.0,87.0,2.5,50.0,45.6
2024-05-07,12,14.3,88.0,2.6,340.0,32.7
2024-05-07,13,13.2,87.0,3.6,360.0,38.5
2024-05-07,14,12.9,88.0,4.2,360.0,45.6
2024-05-07,15,12.9,87.0,2.6,340.0,43.2
2024-05-07,16,12.8,88.0,2.0,320.0,38.7
2024-05-07,17,13.2,87.0,2.4,320.0,42.0
2024-05-07,18,13.2,84.0,2.5,320.0,45.1
2024-05-07,19,12.6,84.0,2.3,340.0,46.4
2024-05-07,20,12.1,86.0,2.1,320.0,42.0
2024-05-07,21,11.8,84.0,3.1,320.0,46.1
2024-05-07,22,10.7,90.0,2.9,320.0,42.8
2024-05-07,23,11.4,86.0,1.9,320.0,48.7
2024-05-08,0,11.6,87.0,1.2,320.0,45.8
2024-05-08,1,11.9,84.0,1.6,50.0,44.4
2024-05-08,2,12.6,78.0,2.3,70.0,43.5
2024-05-08,3,11.4,82.0,1.5,110.0,43.4
2024-05-08,4,11.4,82.0,1.8,140.0,44.1
2024-05-08,5,11.4,81.0,1.1,140.0,36.4
2024-05-08,6,11.4,66.0,2.3,140.0,40.1
2024-05-08,7,12.2,71.0,2.2,110.0,39.0
2024-05-08,8,14.2,55.0,2.6,140.0,17.4
2024-05-08,9,15.0,58.0,3.1,140.0,27.6
2024-05-08,10,15.7,51.0,3.8,140.0,26.4
2024-05-08,11,16.6,48.0,3.4,140.0,36.0
2024-05-08,12,16.3,44.0,3.2,200.0,41.8
2024-05-08,13,16.8,37.0,3.0,180.0,44.0
2024-05-08,14,17.6,41.0,2.2,70.0,37.8
2024-05-08,15,17.9,38.0,1.5,270.0,41.4
2024-05-08,16,17.4,43.0,3.1,270.0,45.5
2024-05-08,17,16.9,37.0,3.1,250.0,46.7
2024-05-08,18,15.6,44.0,3.3,270.0,35.2
2024-05-08,19,14.0,58.0,2.0,230.0,46.5
2024-05-08,20,11.8,74.0,2.0,270.0,46.0
2024-05-08,21,12.5,62.0,2.5,230.0,44.9
2024-05-08,22,12.3,74.0,2.4,250.0,45.0
2024-05-08,23,12.1,73.0,1.5,230.0,39.8
2024-05-09,0,11.6,79.0,0.8,270.0,33.6
2024-05-09,1,11.8,82.0,0.9,230.0,35.8
2024-05-09,2,11.0,86.0,0.6,90.0,26.8
2024-05-09,3,10.5,94.0,1.3,90.0,11.0
2024-05-09,4,10.4,93.0,1.1,110.0,12.3
2024-05-09,5,10.4,95.0,1.3,90.0,10.7
2024-05-09,6,10.7,96.0,3.1,180.0,1.9
2024-05-09,7,11.3,96.0,1.2,140.0,5.2
2024-05-09,8,13.7,86.0,3.7,200.0,15.1
2024-05-09,9,15.3,72.0,5.9,200.0,24.7
2024-05-09,10,16.3,62.0,5.4,200.0,22.1
2024-05-09,11,16.9,65.0,4.8,200.0,27.1
2024-05-09,12,16.6,70.0,5.3,200.0,22.4
2024-05-09,13,18.0,66.0,4.0,230.0,19.9
2024-05-09,14,18.5,64.0,4.3,230.0,14.3
2024-05-09,15,19.2,58.0,5.3,250.0,16.1
2024-05-09,16,18.2,58.0,5.2,250.0,14.8
2024-05-09,17,17.6,63.0,3.2,250.0,13.2
2024-05-09,18,16.8,68.0,1.4,270.0,12.2
2024-05-09,19,15.3,75.0,3.1,230.0,10.0
2024-05-09,20,13.4,86.0,1.4,200.0,6.4
2024-05-09,21,12.8,92.0,1.5,200.0,3.2
2024-05-09,22,13.9,83.0,0.8,160.0,8.6
2024-05-09,23,13.3,88.0,1.5,230.0,7.0
2024-05-10,0,14.1,82.0,1.3,200.0,11.7
2024-05-10,1,14.5,71.0,3.3,200.0,22.1
2024-05-10,2,14.8,62.0,4.7,230.0,30.9
2024-05-10,3,14.5,64.0,4.5,230.0,35.0
2024-05-10,4,13.4,74.0,3.7,200.0,29.7
2024-05-10,5,13.8,71.0,3.5,180.0,35.5
2024-05-10,6,12.8,80.0,3.9,160.0,30.7
2024-05-10,7,13.4,79.0,4.4,160.0,30.7
2024-05-10,8,14.1,79.0,3.9,160.0,33.4
2024-05-10,9,14.5,79.0,5.0,160.0,37.0
2024-05-10,10,15.7,74.0,5.7,160.0,34.2
2024-05-10,11,16.0,69.0,6.0,160.0,40.2
2024-05-10,12,16.3,70.0,5.0,160.0,36.1
2024-05-10,13,16.0,76.0,7.3,160.0,35.0
2024-05-10,14,14.9,78.0,7.1,160.0,37.4
2024-05-10,15,15.1,79.0,7.5,160.0,35.4
2024-05-10,16,15.0,80.0,5.6,160.0,32.6
2024-05-10,17,14.7,81.0,5.9,160.0,34.0
2024-05-10,18,13.9,86.0,6.7,160.0,30.6
2024-05-10,19,13.2,90.0,6.8,160.0,23.8
2024-05-10,20,12.9,92.0,5.4,160.0,17.4
2024-05-10,21,12.9,93.0,4.0,160.0,15.7
2024-05-10,22,12.6,94.0,5.0,140.0,12.9
2024-05-10,23,13.2,92.0,5.9,180.0,18.7
2024-05-11,0,13.8,90.0,7.2,160.0,23.0
2024-05-11,1,13.6,91.0,5.5,160.0,21.1
2024-05-11,2,14.2,90.0,8.4,180.0,23.6
2024-05-11,3,14.2,90.0,6.8,180.0,19.7
2024-05-11,4,14.5,89.0,7.5,180.0,19.6
2024-05-11,5,14.3,90.0,7.9,180.0,17.1
2024-05-11,6,14.4,91.0,7.4,180.0,15.8
2024-05-11,7,14.4,92.0,7.9,180.0,13.3
2024-05-11,8,14.4,93.0,6.4,200.0,9.9
2024-05-11,9,14.2,96.0,5.3,230.0,1.6
2024-05-11,10,14.3,97.0,6.0,230.0,1.0
2024-05-11,11,14.2,97.0,6.2,230.0,0.7
2024-05-11,12,13.7,97.0,5.0,250.0,1.6
2024-05-11,13,13.1,97.0,2.3,290.0,2.6
2024-05-11,14,13.4,97.0,1.2,230.0,5.7
2024-05-11,15,13.0,93.0,3.8,290.0,23.1
2024-05-11,16,14.1,83.0,2.3,320.0,45.6
2024-05-11,17,12.5,80.0,3.5,320.0,40.7
2024-05-11,18,12.6,81.0,2.3,290.0,36.0
2024-05-11,19,13.1,75.0,0.8,270.0,34.9
2024-05-11,20,11.8,76.0,1.6,250.0,28.6
2024-05-11,21,11.4,74.0,2.1,250.0,23.3
2024-05-11,22,11.4,76.0,3.2,270.0,19.9
2024-05-11,23,11.3,80.0,2.3,270.0,19.0
2024-05-12,0,11.2,80.0,1.4,290.0,18.3
2024-05-12,1,11.0,77.0,2.4,290.0,17.7
2024-05-12,2,10.9,82.0,2.9,290.0,19.9
2024-05-12,3,11.1,78.0,2.7,320.0,21.4
2024-05-12,4,10.4,79.0,1.7,290.0,23.9
2024-05-12,5,10.6,75.0,2.1,320.0,26.0
2024-05-12,6,10.2,78.0,2.5,320.0,27.8
2024-05-12,7,12.5,68.0,2.2,320.0,32.4
2024-05-12,8,14.0,63.0,3.6,340.0,35.8
2024-05-12,9,15.1,55.0,4.1,340.0,40.5
2024-05-12,10,15.2,58.0,4.0,320.0,37.7
2024-05-12,11,14.8,62.0,4.9,320.0,43.9
2024-05-12,12,15.3,61.0,4.6,320.0,38.5
2024-05-12,13,15.4,59.0,5.2,320.0,44.0
2024-05-12,14,15.8,57.0,4.7,320.0,40.9
2024-05-12,15,15.4,59.0,5.4,320.0,42.0
2024-05-12,16,15.2,63.0,5.3,320.0,44.2
2024-05-12,17,16.0,54.0,3.7,320.0,42.4
2024-05-12,18,16.3,49.0,3.6,290.0,44.5
2024-05-12,19,15.2,50.0,4.1,290.0,44.6
2024-05-12,20,13.5,56.0,2.6,290.0,49.5
2024-05-12,21,13.7,59.0,3.2,290.0,48.8
2024-05-12,22,13.1,66.0,3.7,290.0,47.2
2024-05-12,23,13.8,62.0,4.1,320.0,46.8
2024-05-13,0,12.7,73.0,3.9,320.0,44.2
2024-05-13,1,11.8,77.0,3.4,290.0,41.7
2024-05-13,2,11.9,75.0,3.6,320.0,39.0
2024-05-13,3,11.8,74.0,3.5,320.0,42.6
2024-05-13,4,11.8,73.0,3.0,320.0,41.4
2024-05-13,5,11.7,74.0,4.1,320.0,44.3
2024-05-13,6,12.0,69.0,2.7,320.0,40.1
2024-05-13,7,14.1,61.0,1.9,320.0,46.5
2024-05-13,8,17.5,44.0,2.5,360.0,46.6
2024-05-13,9,20.3,34.0,0.7,140.0,44.7
2024-05-13,10,21.3,37.0,1.0,160.0,39.4
2024-05-13,11,19.6,52.0,2.3,90.0,41.1
2024-05-13,12,21.3,46.0,0.5,250.0,44.4
2024-05-13,13,20.7,52.0,2.0,110.0,37.6
2024-05-13,14,21.8,38.0,3.5,160.0,38.4
2024-05-13,15,21.3,29.0,2.6,230.0,38.4
2024-05-13,16,21.1,30.0,2.6,230.0,40.2
2024-05-13,17,19.4,34.0,3.9,200.0,45.0
2024-05-13,18,18.2,36.0,6.2,200.0,45.2
2024-05-13,19,17.4,39.0,6.4,230.0,48.3
2024-05-13,20,16.9,40.0,6.0,230.0,49.0
2024-05-13,21,16.9,43.0,6.1,230.0,49.3
2024-05-13,22,16.6,45.0,6.0,230.0,49.3
2024-05-13,23,16.3,48.0,5.5,230.0,49.4
2024-05-14,0,15.0,67.0,4.5,200.0,44.7
2024-05-14,1,15.5,59.0,4.5,200.0,47.8
2024-05-14,2,15.8,54.0,4.7,230.0,48.8
2024-05-14,3,15.1,61.0,2.9,200.0,49.2
2024-05-14,4,13.9,70.0,2.9,180.0,46.2
2024-05-14,5,11.8,84.0,2.0,140.0,36.1
2024-05-14,6,11.5,91.0,2.3,110.0,20.9
2024-05-14,7,13.1,87.0,2.3,110.0,26.3
2024-05-14,8,15.1,74.0,3.2,180.0,36.8
2024-05-14,9,16.2,70.0,5.2,160.0,43.6
2024-05-14,10,16.7,70.0,5.1,180.0,30.2
2024-05-14,11,17.2,65.0,3.9,180.0,35.9
2024-05-14,12,17.8,63.0,4.7,180.0,36.2
2024-05-14,13,17.9,62.0,5.0,180.0,41.3
2024-05-14,14,18.0,62.0,4.9,180.0,36.7
2024-05-14,15,18.3,60.0,5.1,180.0,17.4
2024-05-14,16,17.7,66.0,5.0,200.0,18.0
2024-05-14,17,17.0,68.0,4.0,180.0,33.4
2024-05-14,18,16.2,70.0,5.2,200.0,31.8
2024-05-14,19,15.6,74.0,4.7,200.0,29.0
2024-05-14,20,15.0,78.0,4.9,200.0,24.5
2024-05-14,21,12.3,91.0,2.5,90.0,19.9
2024-05-14,22,12.3,93.0,2.3,110.0,15.7
2024-05-14,23,12.4,93.0,2.1,110.0,14.7
2024-05-15,0,13.9,90.0,4.1,180.0,13.3
2024-05-15,1,13.0,92.0,2.0,70.0,16.9
2024-05-15,2,13.3,91.0,0.5,110.0,16.7
2024-05-15,3,12.9,93.0,0.9,360.0,16.8
2024-05-15,4,12.9,93.0,3.8,360.0,20.3
2024-05-15,5,13.3,68.0,10.8,360.0,29.3
2024-05-15,6,12.7,66.0,12.0,360.0,31.6
2024-05-15,7,11.7,69.0,11.3,360.0,44.6
2024-05-15,8,11.2,74.0,4.8,340.0,42.9
2024-05-15,9,9.7,90.0,3.6,70.0,9.6
2024-05-15,10,10.4,89.0,1.8,110.0,38.2
2024-05-15,11,12.3,83.0,0.9,340.0,44.2
2024-05-15,12,11.3,87.0,3.8,320.0,43.8
2024-05-15,13,12.2,82.0,5.6,320.0,41.8
2024-05-15,14,12.8,77.0,5.7,320.0,42.5
2024-05-15,15,13.0,72.0,5.3,320.0,44.6
2024-05-15,16,13.5,74.0,4.6,320.0,43.6
2024-05-15,17,13.7,69.0,6.5,320.0,41.8
2024-05-15,18,13.9,56.0,4.8,320.0,44.4
2024-05-15,19,12.8,61.0,5.5,340.0,46.0
2024-05-15,20,11.9,71.0,2.5,50.0,47.1
2024-05-15,21,11.2,70.0,2.4,50.0,48.8
2024-05-15,22,10.1,77.0,2.3,70.0,49.9
2024-05-15,23,8.8,81.0,0.7,140.0,49.9
2024-05-16,0,9.1,79.0,1.9,270.0,49.5
2024-05-16,1,9.3,85.0,3.7,290.0,49.6
2024-05-16,2,9.2,81.0,1.8,320.0,50.0
2024-05-16,3,9.8,69.0,1.6,340.0,49.8
2024-05-16,4,10.1,59.0,1.2,360.0,49.1
2024-05-16,5,10.5,57.0,0.9,290.0,50.0
2024-05-16,6,10.5,62.0,1.2,230.0,50.0
2024-05-16,7,11.4,56.0,1.2,230.0,46.5
2024-05-16,8,13.5,53.0,0.9,200.0,46.9
2024-05-16,9,15.2,52.0,1.0,50.0,41.1
2024-05-16,10,16.7,45.0,2.3,320.0,41.7
2024-05-16,11,17.2,48.0,3.4,320.0,39.5
2024-05-16,12,17.7,43.0,3.2,320.0,35.7
2024-05-16,13,17.5,47.0,1.8,290.0,33.5
2024-05-16,14,17.7,45.0,3.2,320.0,35.9
2024-05-16,15,17.8,50.0,3.3,320.0,36.3
2024-05-16,16,16.9,55.0,3.6,320.0,31.4
2024-05-16,17,17.0,57.0,2.3,320.0,31.2
2024-05-16,18,16.2,60.0,2.0,320.0,28.8
2024-05-16,19,14.5,73.0,1.4,320.0,26.5
2024-05-16,20,13.1,82.0,0.0,0.0,22.7
2024-05-16,21,12.5,83.0,2.7,180.0,14.0
2024-05-16,22,12.6,92.0,2.8,200.0,6.2
2024-05-16,23,11.8,94.0,1.8,180.0,2.8
2024-05-17,0,10.9,96.0,2.2,110.0,0.5
2024-05-17,1,11.8,97.0,3.4,140.0,2.8
2024-05-17,2,11.8,96.0,5.2,140.0,3.4
2024-05-17,3,12.4,94.0,3.2,160.0,5.6
2024-05-17,4,12.4,96.0,2.6,140.0,4.1
2024-05-17,5,12.8,96.0,4.4,140.0,4.6
2024-05-17,6,13.0,96.0,5.3,160.0,4.7
2024-05-17,7,13.5,94.0,4.8,140.0,7.0
2024-05-17,8,14.4,89.0,5.2,140.0,14.2
2024-05-17,9,15.6,85.0,4.8,140.0,21.5
2024-05-17,10,17.3,76.0,5.0,160.0,27.3
2024-05-17,11,17.8,73.0,5.1,140.0,27.5
2024-05-17,12,17.8,72.0,7.0,160.0,34.0
2024-05-17,13,18.2,70.0,5.5,160.0,29.6
2024-05-17,14,18.2,70.0,5.4,160.0,32.3
2024-05-17,15,17.6,73.0,5.8,140.0,34.4
2024-05-17,16,16.9,77.0,7.5,140.0,26.2
2024-05-17,17,16.3,80.0,6.5,140.0,28.8
2024-05-17,18,15.1,86.0,7.5,160.0,22.6
2024-05-17,19,14.7,90.0,6.7,160.0,20.8
2024-05-17,20,14.3,92.0,6.5,160.0,17.9
2024-05-17,21,14.1,93.0,6.9,140.0,16.8
2024-05-17,22,14.5,94.0,5.4,140.0,14.4
2024-05-17,23,14.3,95.0,5.3,140.0,9.4
2024-05-18,0,14.5,95.0,4.6,160.0,10.3
2024-05-18,1,14.4,94.0,5.2,160.0,10.8
2024-05-18,2,14.8,96.0,7.7,160.0,8.6
2024-05-18,3,14.8,96.0,5.8,160.0,4.8
2024-05-18,4,14.3,96.0,6.3,160.0,4.8
2024-05-18,5,14.7,95.0,4.9,160.0,13.1
2024-05-18,6,14.8,93.0,5.2,160.0,16.9
2024-05-18,7,15.1,92.0,4.6,140.0,19.1
2024-05-18,8,15.0,91.0,5.8,140.0,19.7
2024-05-18,9,15.6,89.0,6.8,160.0,24.6
2024-05-18,10,15.9,87.0,6.7,160.0,27.2
2024-05-18,11,16.9,81.0,6.5,160.0,33.1
2024-05-18,12,17.7,79.0,5.6,160.0,29.4
2024-05-18,13,17.5,80.0,7.7,180.0,30.6
2024-05-18,14,17.3,81.0,5.3,160.0,36.1
2024-05-18,15,17.2,81.0,5.1,160.0,30.6
2024-05-18,16,17.5,80.0,5.6,160.0,30.1
2024-05-18,17,17.2,81.0,5.0,160.0,32.5
2024-05-18,18,16.4,85.0,4.7,160.0,30.4
2024-05-18,19,15.9,87.0,5.2,160.0,33.4
2024-05-18,20,15.4,90.0,3.8,160.0,27.1
2024-05-18,21,15.3,90.0,4.0,180.0,21.8
2024-05-18,22,15.3,88.0,2.8,200.0,24.8
2024-05-18,23,14.8,91.0,2.7,180.0,15.8
2024-05-19,0,14.9,91.0,2.0,160.0,17.8
2024-05-19,1,14.7,92.0,2.4,180.0,10.5
2024-05-19,2,14.2,93.0,2.3,180.0,7.6
2024-05-19,3,14.2,94.0,2.3,180.0,6.0
2024-05-19,4,14.0,94.0,1.4,140.0,11.2
2024-05-19,5,13.8,95.0,1.2,160.0,6.5
2024-05-19,6,14.1,95.0,2.2,140.0,11.5
2024-05-19,7,15.2,91.0,2.6,160.0,21.0
2024-05-19,8,16.3,85.0,4.6,140.0,40.8
2024-05-19,9,16.9,81.0,5.4,140.0,39.2
2024-05-19,10,17.7,77.0,5.1,140.0,40.6
2024-05-19,11,18.5,73.0,4.6,160.0,39.9
2024-05-19,12,19.5,71.0,3.8,160.0,39.1
2024-05-19,13,19.4,69.0,4.6,160.0,41.6
2024-05-19,14,19.0,69.0,6.3,160.0,41.1
2024-05-19,15,19.2,68.0,3.9,180.0,42.8
2024-05-19,16,18.6,71.0,4.3,160.0,44.4
2024-05-19,17,18.0,76.0,3.3,180.0,39.5
2024-05-19,18,16.3,83.0,2.6,180.0,21.9
2024-05-19,19,17.3,76.0,2.7,250.0,37.3
2024-05-19,20,17.0,82.0,3.7,230.0,29.0
2024-05-19,21,16.4,85.0,4.6,200.0,28.9
2024-05-19,22,15.4,88.0,2.6,200.0,22.9
2024-05-19,23,15.2,90.0,2.8,160.0,19.4
2024-05-20,0,15.2,92.0,0.7,140.0,12.1
2024-05-20,1,14.5,92.0,1.7,90.0,12.3
2024-05-20,2,14.6,93.0,1.1,140.0,10.0
2024-05-20,3,15.1,94.0,2.6,200.0,5.6
2024-05-20,4,15.3,95.0,1.7,200.0,3.9
2024-05-20,5,15.1,95.0,2.7,200.0,2.2
2024-05-20,6,15.3,96.0,2.8,200.0,3.0
2024-05-20,7,15.4,96.0,2.9,250.0,2.6
2024-05-20,8,16.1,91.0,2.4,250.0,16.1
2024-05-20,9,16.6,85.0,2.6,270.0,22.6
2024-05-20,10,15.8,87.0,4.3,320.0,17.7
2024-05-20,11,17.2,82.0,2.7,340.0,19.8
2024-05-20,12,15.8,86.0,4.4,290.0,6.0
2024-05-20,13,14.8,87.0,4.2,340.0,14.6
2024-05-20,14,15.1,83.0,5.2,340.0,13.5
2024-05-20,15,14.3,87.0,6.2,320.0,12.2
2024-05-20,16,15.1,83.0,5.8,320.0,18.2
2024-05-20,17,16.6,78.0,3.6,320.0,17.0
2024-05-20,18,15.1,82.0,5.3,320.0,10.7
2024-05-20,19,13.9,87.0,4.7,320.0,9.5
2024-05-20,20,13.1,92.0,4.1,320.0,8.2
2024-05-20,21,13.0,94.0,3.4,320.0,6.5
2024-05-20,22,12.9,95.0,4.3,320.0,5.2
2024-05-20,23,12.6,96.0,3.5,320.0,4.7
2024-05-21,0,12.8,96.0,4.1,340.0,6.0
2024-05-21,1,12.6,94.0,2.9,320.0,6.8
2024-05-21,2,12.1,95.0,1.7,340.0,4.6
2024-05-21,3,12.2,95.0,2.3,320.0,6.5
2024-05-21,4,12.8,94.0,0.9,320.0,7.5
2024-05-21,5,13.8,93.0,0.7,50.0,8.5
2024-05-21,6,13.7,95.0,0.1,0.0,0.9
2024-05-21,7,14.7,97.0,0.3,0.0,0.3
2024-05-21,8,15.0,97.0,2.0,160.0,1.1
2024-05-21,9,14.6,97.0,2.4,180.0,0.6
2024-05-21,10,14.5,97.0,4.2,180.0,0.9
2024-05-21,11,14.4,95.0,3.8,180.0,4.2
2024-05-21,12,16.0,89.0,2.2,180.0,19.2
2024-05-21,13,16.1,85.0,2.9,200.0,18.4
2024-05-21,14,17.3,80.0,3.3,180.0,17.6
2024-05-21,15,18.0,75.0,1.9,230.0,12.9
2024-05-21,16,17.6,80.0,3.7,200.0,9.7
2024-05-21,17,16.0,85.0,1.3,360.0,15.9
2024-05-21,18,16.1,86.0,1.4,160.0,9.6
2024-05-21,19,14.0,93.0,1.6,360.0,6.3
2024-05-21,20,13.8,96.0,0.9,70.0,0.6
2024-05-21,21,13.8,97.0,0.4,0.0,0.3
2024-05-21,22,13.5,97.0,1.9,180.0,0.6
2024-05-21,23,13.1,97.0,2.1,230.0,1.6
2024-05-22,0,13.2,97.0,0.9,290.0,3.8
2024-05-22,1,13.1,97.0,1.5,250.0,8.1
2024-05-22,2,13.2,97.0,0.0,0.0,3.5
2024-05-22,3,13.5,97.0,0.6,200.0,7.5
2024-05-22,4,13.0,97.0,0.8,110.0,0.8
2024-05-22,5,13.1,97.0,1.3,140.0,1.0
2024-05-22,6,13.1,97.0,1.6,140.0,0.9
2024-05-22,7,13.3,97.0,2.1,110.0,1.0
2024-05-22,8,13.6,97.0,2.4,140.0,1.0
2024-05-22,9,13.5,97.0,3.1,140.0,1.7
2024-05-22,10,13.9,97.0,2.8,140.0,5.4
2024-05-22,11,14.3,97.0,3.5,140.0,14.5
2024-05-22,12,15.8,88.0,3.6,140.0,23.2
2024-05-22,13,15.9,86.0,3.7,140.0,28.5
2024-05-22,14,15.9,86.0,2.4,160.0,25.8
2024-05-22,15,16.1,82.0,3.1,140.0,29.0
2024-05-22,16,15.8,83.0,3.3,180.0,28.6
2024-05-22,17,15.7,87.0,2.9,180.0,22.7
2024-05-22,18,14.9,91.0,3.5,160.0,18.4
2024-05-22,19,14.8,92.0,2.8,160.0,14.8
2024-05-22,20,14.7,93.0,2.5,160.0,12.0
2024-05-22,21,14.9,93.0,2.7,180.0,10.6
2024-05-22,22,15.3,91.0,2.3,180.0,9.6
2024-05-22,23,15.4,91.0,2.6,180.0,9.9
2024-05-23,0,15.4,91.0,2.3,200.0,11.2
2024-05-23,1,15.2,92.0,2.4,200.0,10.8
2024-05-23,2,14.6,93.0,4.8,180.0,5.8
2024-05-23,3,15.0,94.0,3.8,180.0,6.3
2024-05-23,4,14.8,95.0,2.5,180.0,3.0
2024-05-23,5,14.5,96.0,1.8,180.0,1.1
2024-05-23,6,14.4,97.0,2.5,160.0,0.9
2024-05-23,7,14.2,97.0,1.9,200.0,1.3
2024-05-23,8,14.6,97.0,4.8,180.0,5.8
2024-05-23,9,16.2,83.0,4.8,180.0,14.7
2024-05-23,10,15.8,85.0,4.6,180.0,16.2
2024-05-23,11,16.2,83.0,4.0,180.0,20.3
2024-05-23,12,17.2,80.0,4.2,180.0,23.5
2024-05-23,13,17.0,80.0,3.7,160.0,27.6
2024-05-23,14,17.3,77.0,3.8,180.0,19.5
2024-05-23,15,16.9,78.0,4.9,180.0,21.9
2024-05-23,16,17.3,75.0,4.3,250.0,23.9
2024-05-23,17,16.3,81.0,4.1,200.0,20.5
2024-05-23,18,16.0,84.0,2.9,230.0,19.1
2024-05-23,19,15.7,85.0,2.1,200.0,14.1
2024-05-23,20,15.1,90.0,2.2,180.0,5.7
2024-05-23,21,14.6,92.0,0.5,50.0,7.0
2024-05-23,22,14.4,92.0,1.3,90.0,7.6
2024-05-23,23,14.9,92.0,0.8,160.0,6.4
2024-05-24,0,14.6,92.0,0.9,90.0,5.3
2024-05-24,1,15.0,93.0,0.5,140.0,4.5
2024-05-24,2,14.6,95.0,2.0,340.0,1.9
2024-05-24,3,13.9,97.0,0.3,0.0,0.2
2024-05-24,4,14.4,97.0,0.1,0.0,0.1
2024-05-24,5,14.4,97.0,1.5,360.0,0.2
2024-05-24,6,14.3,97.0,1.0,320.0,0.2
2024-05-24,7,14.1,97.0,0.7,340.0,0.2
2024-05-24,8,15.2,97.0,1.5,360.0,7.9
2024-05-24,9,16.6,86.0,3.0,340.0,11.5
2024-05-24,10,15.0,91.0,3.1,340.0,5.4
2024-05-24,11,16.5,85.0,2.6,320.0,11.0
2024-05-24,12,17.4,81.0,3.0,320.0,21.6
2024-05-24,13,16.3,85.0,3.7,320.0,12.6
2024-05-24,14,17.6,78.0,4.2,320.0,30.1
2024-05-24,15,17.7,77.0,3.7,290.0,34.1
2024-05-24,16,15.5,86.0,4.3,290.0,15.5
2024-05-24,17,16.2,84.0,3.8,290.0,20.7
2024-05-24,18,15.8,86.0,3.7,320.0,16.6
2024-05-24,19,16.2,81.0,2.8,320.0,31.6
2024-05-24,20,15.8,81.0,1.2,290.0,34.8
2024-05-24,21,15.2,84.0,1.1,290.0,30.1
2024-05-24,22,15.3,83.0,1.0,250.0,31.1
2024-05-24,23,16.2,82.0,0.3,0.0,22.2
2024-05-25,0,15.0,84.0,1.7,110.0,20.0
2024-05-25,1,14.9,84.0,0.7,160.0,26.8
2024-05-25,2,14.7,86.0,1.3,340.0,21.4
2024-05-25,3,14.2,83.0,2.0,320.0,33.6
2024-05-25,4,14.5,81.0,0.9,290.0,34.6
2024-05-25,5,14.6,84.0,0.6,290.0,32.8
2024-05-25,6,14.7,90.0,1.4,320.0,17.0
2024-05-25,7,16.3,74.0,0.8,340.0,27.9
2024-05-25,8,16.5,82.0,1.3,140.0,18.8
2024-05-25,9,18.5,74.0,2.4,110.0,21.6
2024-05-25,10,18.0,76.0,2.5,180.0,19.5
2024-05-25,11,19.2,72.0,3.5,160.0,19.8
2024-05-25,12,19.8,72.0,4.1,160.0,28.4
2024-05-25,13,19.4,73.0,3.8,160.0,26.9
2024-05-25,14,16.9,83.0,5.5,180.0,24.2
2024-05-25,15,17.1,84.0,4.7,180.0,13.6
2024-05-25,16,16.2,90.0,4.8,160.0,9.3
2024-05-25,17,15.7,93.0,4.4,160.0,2.5
2024-05-25,18,14.9,95.0,5.6,160.0,0.9
2024-05-25,19,14.8,96.0,4.6,160.0,6.5
2024-05-25,20,14.9,96.0,6.3,160.0,9.3
2024-05-25,21,14.7,96.0,4.9,160.0,6.4
2024-05-25,22,13.9,97.0,5.3,160.0,0.5
2024-05-25,23,14.1,97.0,5.6,140.0,0.4
2024-05-26,0,14.6,97.0,6.0,160.0,1.1
2024-05-26,1,15.0,97.0,4.5,160.0,2.0
2024-05-26,2,14.9,97.0,4.0,140.0,0.5
2024-05-26,3,15.0,97.0,4.3,140.0,0.9
2024-05-26,4,14.6,97.0,3.9,140.0,1.4
2024-05-26,5,14.7,97.0,5.0,160.0,2.8
2024-05-26,6,14.9,97.0,5.5,160.0,3.6
2024-05-26,7,15.4,96.0,5.7,160.0,9.7
2024-05-26,8,15.5,90.0,4.6,140.0,11.7
2024-05-26,9,15.2,90.0,6.1,160.0,7.6
2024-05-26,10,15.0,96.0,8.1,160.0,4.1
2024-05-26,11,15.5,97.0,4.4,180.0,6.6
2024-05-26,12,16.0,96.0,7.0,180.0,8.5
2024-05-26,13,16.6,96.0,9.3,180.0,10.6
2024-05-26,14,17.5,96.0,6.8,200.0,14.1
2024-05-26,15,16.7,97.0,4.7,200.0,1.0
2024-05-26,16,16.9,97.0,6.2,230.0,3.9
2024-05-26,17,16.7,97.0,6.7,270.0,3.6
2024-05-26,18,16.3,94.0,4.5,270.0,8.1
2024-05-26,19,14.9,96.0,5.6,290.0,2.2
2024-05-26,20,14.9,96.0,4.6,290.0,2.0
2024-05-26,21,14.2,95.0,4.5,320.0,4.6
2024-05-26,22,14.4,91.0,4.6,290.0,10.1
2024-05-26,23,14.6,91.0,5.5,290.0,8.6
2024-05-27,0,14.4,86.0,5.9,290.0,13.8
2024-05-27,1,14.7,79.0,4.9,320.0,34.6
2024-05-27,2,14.0,79.0,2.6,290.0,39.0
2024-05-27,3,13.5,84.0,3.5,290.0,34.4
2024-05-27,4,13.7,86.0,3.3,290.0,31.6
2024-05-27,5,14.1,83.0,3.9,290.0,33.6
2024-05-27,6,14.6,85.0,5.6,290.0,22.6
2024-05-27,7,15.3,82.0,5.6,290.0,19.1
2024-05-27,8,15.6,75.0,6.4,320.0,35.2
2024-05-27,9,16.1,69.0,4.2,340.0,36.4
2024-05-27,10,16.8,66.0,4.9,340.0,42.8
2024-05-27,11,16.8,69.0,5.9,320.0,39.2
2024-05-27,12,17.7,63.0,5.7,320.0,45.8
2024-05-27,13,18.4,58.0,6.4,290.0,43.4
2024-05-27,14,18.5,60.0,6.2,320.0,49.0
2024-05-27,15,18.3,59.0,6.9,320.0,43.1
2024-05-27,16,19.3,55.0,6.6,290.0,48.3
2024-05-27,17,18.8,56.0,7.6,290.0,48.3
2024-05-27,18,17.6,64.0,7.4,290.0,48.5
2024-05-27,19,16.8,70.0,5.6,290.0,44.3
2024-05-27,20,16.0,71.0,5.6,290.0,46.9
2024-05-27,21,15.6,75.0,5.2,290.0,44.4
2024-05-27,22,15.9,74.0,5.8,290.0,39.7
2024-05-27,23,15.6,77.0,5.5,320.0,35.4
2024-05-28,0,14.1,82.0,3.0,320.0,33.8
2024-05-28,1,13.3,85.0,2.4,340.0,34.5
2024-05-28,2,14.1,73.0,2.4,340.0,45.4
2024-05-28,3,15.3,66.0,5.1,360.0,50.0
2024-05-28,4,14.8,69.0,3.6,360.0,50.0
2024-05-28,5,14.6,68.0,1.3,320.0,50.0
2024-05-28,6,13.9,75.0,1.7,340.0,50.0
2024-05-28,7,15.7,68.0,1.4,110.0,49.7
2024-05-28,8,16.5,66.0,2.9,360.0,49.5
2024-05-28,9,16.9,67.0,4.3,360.0,48.8
2024-05-28,10,17.4,68.0,4.2,360.0,47.9
2024-05-28,11,19.4,57.0,3.1,360.0,48.7
2024-05-28,12,20.3,51.0,3.1,320.0,48.4
2024-05-28,13,20.2,57.0,3.2,320.0,47.6
2024-05-28,14,18.4,61.0,5.0,290.0,46.9
2024-05-28,15,17.8,61.0,5.6,340.0,48.2
2024-05-28,16,18.9,55.0,5.1,320.0,49.5
2024-05-28,17,16.4,69.0,5.9,320.0,45.0
2024-05-28,18,15.5,76.0,6.4,320.0,44.3
2024-05-28,19,15.0,79.0,5.0,320.0,47.9
2024-05-28,20,14.0,86.0,3.3,320.0,49.4
2024-05-28,21,13.5,84.0,2.6,320.0,48.0
2024-05-28,22,14.0,68.0,2.4,320.0,50.0
2024-05-28,23,13.8,74.0,2.2,290.0,50.0
2024-05-29,0,14.4,74.0,1.3,250.0,49.9
2024-05-29,1,14.2,77.0,2.3,290.0,50.0
2024-05-29,2,14.6,64.0,1.6,290.0,50.0
2024-05-29,3,13.7,79.0,0.9,230.0,49.9
2024-05-29,4,14.7,71.0,1.2,200.0,50.0
2024-05-29,5,14.0,81.0,1.0,160.0,50.0
2024-05-29,6,13.9,84.0,0.8,140.0,45.4
2024-05-29,7,16.1,76.0,0.5,160.0,45.3
2024-05-29,8,17.9,68.0,1.4,140.0,47.5
2024-05-29,9,18.8,60.0,2.4,180.0,43.0
2024-05-29,10,19.3,56.0,3.0,180.0,48.2
2024-05-29,11,21.1,50.0,3.3,200.0,43.4
2024-05-29,12,20.7,53.0,4.7,200.0,47.2
2024-05-29,13,21.3,45.0,4.1,180.0,48.0
2024-05-29,14,21.1,49.0,4.5,180.0,44.7
2024-05-29,15,20.7,45.0,5.5,200.0,41.8
2024-05-29,16,20.9,44.0,5.4,180.0,47.1
2024-05-29,17,20.6,39.0,5.8,200.0,49.5
2024-05-29,18,19.7,44.0,4.9,200.0,49.2
2024-05-29,19,18.3,54.0,4.5,230.0,49.9
2024-05-29,20,17.5,62.0,5.2,230.0,50.0
2024-05-29,21,17.5,66.0,5.1,230.0,49.8
2024-05-29,22,16.3,75.0,2.3,180.0,49.8
2024-05-29,23,15.2,84.0,3.7,180.0,47.2
2024-05-30,0,15.0,87.0,3.3,180.0,38.3
2024-05-30,1,14.6,90.0,2.8,180.0,22.0
2024-05-30,2,14.2,92.0,2.7,160.0,24.7
2024-05-30,3,14.3,91.0,3.0,180.0,21.0
2024-05-30,4,14.7,90.0,2.9,180.0,29.0
2024-05-30,5,14.8,93.0,3.8,160.0,25.1
2024-05-30,6,15.2,92.0,3.4,160.0,31.9
2024-05-30,7,15.6,93.0,4.1,160.0,28.0
2024-05-30,8,15.9,94.0,3.6,160.0,20.1
2024-05-30,9,17.0,87.0,4.1,140.0,38.0
2024-05-30,10,17.8,81.0,3.9,160.0,37.5
2024-05-30,11,17.2,84.0,3.9,160.0,39.2
2024-05-30,12,17.7,83.0,5.0,160.0,31.2
2024-05-30,13,17.3,82.0,4.3,160.0,31.3
2024-05-30,14,17.6,80.0,5.0,160.0,27.2
2024-05-30,15,17.2,83.0,3.6,160.0,27.4
2024-05-30,16,17.2,83.0,4.2,140.0,20.9
2024-05-30,17,16.1,86.0,4.8,180.0,14.9
2024-05-30,18,17.0,83.0,2.3,180.0,21.1
2024-05-30,19,15.9,88.0,1.4,140.0,12.6
2024-05-30,20,14.5,92.0,1.2,110.0,6.2
2024-05-30,21,15.0,93.0,1.4,140.0,6.8
2024-05-30,22,15.5,93.0,2.6,180.0,3.6
2024-05-30,23,15.2,93.0,2.4,180.0,3.3
2024-05-31,0,14.8,94.0,1.9,180.0,2.2
2024-05-31,1,14.1,95.0,1.8,180.0,1.4
2024-05-31,2,13.8,96.0,2.6,180.0,0.8
2024-05-31,3,13.9,97.0,1.7,160.0,0.9
2024-05-31,4,14.2,97.0,1.9,160.0,0.9
2024-05-31,5,14.4,97.0,2.0,200.0,0.5
2024-05-31,6,14.7,97.0,2.3,160.0,0.9
2024-05-31,7,15.5,97.0,1.8,200.0,4.4
2024-05-31,8,17.1,92.0,4.0,180.0,8.5
2024-05-31,9,18.3,78.0,5.1,200.0,32.0
2024-05-31,10,18.6,75.0,6.1,200.0,44.9
2024-05-31,11,19.2,72.0,5.3,200.0,44.3
2024-05-31,12,19.7,70.0,5.7,200.0,47.7
2024-05-31,13,20.1,70.0,5.3,200.0,44.1
2024-05-31,14,18.8,77.0,5.5,200.0,45.4
2024-05-31,15,19.1,76.0,4.6,230.0,45.8
2024-05-31,16,18.8,76.0,5.8,250.0,24.0
2024-05-31,17,18.3,75.0,2.3,320.0,33.4
2024-05-31,18,16.9,87.0,4.2,320.0,21.0
2024-05-31,19,14.6,94.0,5.7,340.0,6.0
2024-05-31,20,13.8,95.0,4.0,320.0,7.5
2024-05-31,21,12.9,96.0,3.8,290.0,0.3
2024-05-31,22,13.3,97.0,4.9,320.0,6.3
2024-05-31,23,13.6,96.0,3.0,320.0,7.2
2024-06-01,0,13.8,94.0,3.8,320.0,9.5
2024-06-01,1,13.6,85.0,3.3,360.0,30.8
2024-06-01,2,13.5,84.0,3.0,340.0,38.6
2024-06-01,3,13.7,82.0,4.4,320.0,44.4
2024-06-01,4,13.5,87.0,3.6,320.0,29.2
2024-06-01,5,14.6,85.0,5.0,320.0,24.6
2024-06-01,6,14.7,84.0,4.6,340.0,23.9
2024-06-01,7,15.7,79.0,4.2,320.0,25.6
2024-06-01,8,16.2,78.0,4.1,320.0,19.7
2024-06-01,9,17.2,77.0,3.5,320.0,21.1
2024-06-01,10,18.5,71.0,3.6,320.0,21.9
2024-06-01,11,18.7,71.0,3.9,290.0,20.6
2024-06-01,12,18.6,72.0,6.1,290.0,21.1
2024-06-01,13,18.9,65.0,6.0,320.0,33.4
2024-06-01,14,18.7,64.0,5.8,320.0,30.6
2024-06-01,15,18.1,71.0,6.5,320.0,24.7
2024-06-01,16,18.0,72.0,4.6,320.0,19.8
2024-06-01,17,17.7,74.0,5.1,320.0,17.0
2024-06-01,18,17.6,74.0,3.9,290.0,19.1
2024-06-01,19,16.8,78.0,4.2,320.0,17.5
2024-06-01,20,15.8,79.0,4.2,290.0,19.5
2024-06-01,21,15.8,75.0,3.0,290.0,33.7
2024-06-01,22,16.7,68.0,3.1,290.0,39.3
2024-06-01,23,17.2,65.0,3.9,270.0,43.8
2024-06-02,0,15.5,85.0,3.1,320.0,16.6
2024-06-02,1,14.5,89.0,2.6,290.0,13.2
2024-06-02,2,14.8,87.0,3.8,290.0,24.6
2024-06-02,3,14.5,85.0,3.2,290.0,26.6
2024-06-02,4,14.9,90.0,4.1,290.0,18.4
2024-06-02,5,14.9,84.0,3.0,290.0,27.1
2024-06-02,6,15.1,80.0,3.3,290.0,35.5
2024-06-02,7,16.2,77.0,2.5,320.0,35.9
2024-06-02,8,18.0,68.0,2.3,320.0,44.4
2024-06-02,9,20.4,49.0,1.9,340.0,46.8
2024-06-02,10,22.1,40.0,1.9,20.0,48.1
2024-06-02,11,22.7,37.0,2.9,360.0,46.9
2024-06-02,12,22.5,36.0,2.8,290.0,48.3
2024-06-02,13,23.0,32.0,3.3,290.0,47.1
2024-06-02,14,22.5,35.0,4.0,320.0,47.7
2024-06-02,15,22.5,38.0,3.4,320.0,47.9
2024-06-02,16,22.4,34.0,3.4,320.0,43.2
2024-06-02,17,22.0,38.0,3.4,320.0,45.7
2024-06-02,18,20.4,42.0,2.9,320.0,49.8
2024-06-02,19,19.3,48.0,1.8,290.0,47.3
2024-06-02,20,17.1,53.0,2.2,320.0,49.5
2024-06-02,21,15.7,62.0,2.6,290.0,49.5
2024-06-02,22,16.1,67.0,1.2,340.0,48.9
2024-06-02,23,15.1,72.0,1.5,290.0,36.7
2024-06-03,0,16.2,69.0,1.1,320.0,48.7
2024-06-03,1,16.0,69.0,1.4,320.0,49.6
2024-06-03,2,16.3,65.0,0.8,340.0,49.6
2024-06-03,3,16.6,55.0,0.6,20.0,48.1
2024-06-03,4,16.8,51.0,2.7,50.0,49.6
2024-06-03,5,16.0,55.0,1.6,70.0,49.7
2024-06-03,6,15.3,65.0,1.7,90.0,46.0
2024-06-03,7,18.1,62.0,1.4,90.0,37.6
2024-06-03,8,18.9,58.0,2.0,90.0,43.1
2024-06-03,9,20.4,54.0,1.7,90.0,35.8
2024-06-03,10,21.8,42.0,2.3,110.0,49.0
2024-06-03,11,22.7,39.0,2.7,110.0,46.9
2024-06-03,12,23.4,39.0,1.3,70.0,46.4
2024-06-03,13,22.3,38.0,2.6,290.0,44.6
2024-06-03,14,21.9,42.0,4.1,290.0,41.7
2024-06-03,15,21.1,46.0,3.8,320.0,42.1
2024-06-03,16,20.1,46.0,4.0,320.0,33.9
2024-06-03,17,20.4,47.0,4.0,340.0,41.3
2024-06-03,18,18.8,59.0,4.5,320.0,31.1
2024-06-03,19,17.8,74.0,4.8,320.0,30.0
2024-06-03,20,16.4,82.0,3.2,320.0,23.4
2024-06-03,21,16.3,85.0,3.2,320.0,22.5
2024-06-03,22,15.8,88.0,2.7,320.0,17.8
2024-06-03,23,15.6,81.0,2.4,320.0,30.5
2024-06-04,0,15.7,72.0,1.9,320.0,42.6
2024-06-04,1,16.5,63.0,2.5,320.0,46.8
2024-06-04,2,15.5,72.0,2.4,320.0,37.0
2024-06-04,3,15.4,71.0,2.7,320.0,36.3
2024-06-04,4,15.4,73.0,2.0,320.0,34.5
2024-06-04,5,15.4,75.0,1.8,290.0,36.6
2024-06-04,6,17.2,61.0,1.5,110.0,48.8
2024-06-04,7,17.9,63.0,2.0,90.0,43.3
2024-06-04,8,19.3,64.0,2.4,110.0,34.5
2024-06-04,9,21.7,48.0,3.0,110.0,43.9
2024-06-04,10,22.6,37.0,2.7,140.0,45.5
2024-06-04,11,23.5,33.0,4.0,160.0,45.6
2024-06-04,12,23.6,28.0,3.5,180.0,45.1
2024-06-04,13,23.1,36.0,3.0,180.0,43.0
2024-06-04,14,22.0,44.0,3.5,180.0,41.0
2024-06-04,15,24.6,36.0,1.4,340.0,37.6
2024-06-04,16,24.2,47.0,1.9,230.0,30.4
2024-06-04,17,22.0,54.0,2.5,320.0,15.2
2024-06-04,18,20.9,60.0,3.1,290.0,28.3
2024-06-04,19,19.8,65.0,2.7,290.0,24.1
2024-06-04,20,17.4,77.0,1.8,290.0,28.8
2024-06-04,21,16.6,77.0,1.9,290.0,27.3
2024-06-04,22,16.5,68.0,2.0,320.0,31.7
2024-06-04,23,17.0,51.0,1.1,340.0,47.3
2024-06-05,0,17.6,45.0,0.2,0.0,50.0
2024-06-05,1,16.7,56.0,1.1,160.0,45.2
2024-06-05,2,18.2,41.0,0.0,0.0,49.4
2024-06-05,3,17.0,49.0,0.0,0.0,48.1
2024-06-05,4,15.9,60.0,1.5,90.0,41.7
2024-06-05,5,15.1,66.0,2.0,90.0,39.3
2024-06-05,6,15.5,75.0,2.4,90.0,27.9
2024-06-05,7,17.4,76.0,2.2,110.0,25.1
2024-06-05,8,19.9,60.0,1.8,180.0,27.6
2024-06-05,9,20.7,56.0,1.7,90.0,34.0
2024-06-05,10,21.4,43.0,2.1,200.0,41.0
2024-06-05,11,22.0,42.0,2.6,200.0,39.8
2024-06-05,12,23.9,44.0,2.0,360.0,41.5
2024-06-05,13,23.5,40.0,1.9,200.0,39.8
2024-06-05,14,24.0,41.0,1.1,140.0,34.0
2024-06-05,15,23.5,43.0,1.4,110.0,42.2
2024-06-05,16,23.2,37.0,1.5,200.0,48.2
2024-06-05,17,22.0,50.0,0.6,290.0,31.4
2024-06-05,18,21.5,48.0,2.0,250.0,40.4
2024-06-05,19,20.9,56.0,2.6,250.0,26.4
2024-06-05,20,19.3,67.0,0.0,0.0,21.0
2024-06-05,21,18.5,71.0,0.0,0.0,20.8
2024-06-05,22,17.0,77.0,1.6,290.0,22.6
2024-06-05,23,17.9,74.0,0.2,0.0,22.4
2024-06-06,0,17.7,87.0,0.6,250.0,8.7
2024-06-06,1,17.3,94.0,0.8,270.0,3.1
2024-06-06,2,16.6,95.0,0.0,0.0,3.7
2024-06-06,3,16.2,97.0,0.4,0.0,0.1
2024-06-06,4,15.3,97.0,0.8,360.0,1.2
2024-06-06,5,14.7,97.0,0.0,0.0,4.7
2024-06-06,6,15.1,96.0,0.2,0.0,13.0
2024-06-06,7,17.8,89.0,0.0,0.0,11.9
2024-06-06,8,21.0,60.0,0.5,320.0,36.1
2024-06-06,9,21.3,49.0,2.7,270.0,48.0
2024-06-06,10,23.0,42.0,2.2,340.0,46.0
2024-06-06,11,22.8,52.0,3.1,320.0,46.7
2024-06-06,12,22.9,57.0,3.0,320.0,38.9
2024-06-06,13,21.6,68.0,4.6,320.0,34.4
2024-06-06,14,21.0,78.0,6.2,320.0,20.4
2024-06-06,15,21.3,70.0,5.3,320.0,26.6
2024-06-06,16,21.9,68.0,3.9,320.0,31.4
2024-06-06,17,20.8,76.0,4.3,320.0,25.1
2024-06-06,18,19.7,84.0,4.2,320.0,15.0
2024-06-06,19,18.7,89.0,2.7,320.0,9.4
2024-06-06,20,17.3,95.0,1.8,290.0,2.9
2024-06-06,21,17.2,96.0,1.3,290.0,3.4
2024-06-06,22,16.7,91.0,1.6,320.0,11.3
2024-06-06,23,16.8,95.0,1.6,320.0,3.5
2024-06-07,0,16.5,94.0,0.9,270.0,5.2
2024-06-07,1,16.9,80.0,1.8,290.0,25.3
2024-06-07,2,17.5,88.0,1.0,250.0,11.2
2024-06-07,3,17.2,89.0,0.9,270.0,13.6
2024-06-07,4,17.0,89.0,0.6,290.0,18.2
2024-06-07,5,16.5,94.0,0.9,180.0,5.7
2024-06-07,6,15.8,96.0,0.9,180.0,0.1
2024-06-07,7,16.2,97.0,1.8,110.0,4.0
2024-06-07,8,15.9,96.0,2.7,180.0,0.3
2024-06-07,9,18.4,90.0,2.0,160.0,19.7
2024-06-07,10,16.9,90.0,2.5,180.0,18.3
2024-06-07,11,21.2,74.0,2.2,160.0,29.2
2024-06-07,12,20.1,75.0,4.0,160.0,27.6
2024-06-07,13,20.0,75.0,3.3,140.0,26.6
2024-06-07,14,20.1,75.0,3.7,180.0,30.4
2024-06-07,15,20.6,74.0,4.3,180.0,18.2
2024-06-07,16,20.5,74.0,3.2,180.0,23.5
2024-06-07,17,21.1,72.0,2.4,180.0,31.4
2024-06-07,18,19.4,82.0,2.3,180.0,19.4
2024-06-07,19,18.8,88.0,1.9,180.0,10.2
2024-06-07,20,18.2,91.0,1.4,180.0,4.8
2024-06-07,21,17.8,95.0,1.6,180.0,2.8
2024-06-07,22,17.7,95.0,1.6,140.0,2.1
2024-06-07,23,17.2,95.0,1.7,140.0,3.1
2024-06-08,0,17.4,88.0,2.2,140.0,8.8
2024-06-08,1,16.8,83.0,5.3,160.0,19.0
2024-06-08,2,16.3,89.0,5.4,140.0,10.3
2024-06-08,3,16.2,95.0,4.9,140.0,2.4
2024-06-08,4,16.3,97.0,4.1,160.0,2.1
2024-06-08,5,16.2,97.0,5.2,160.0,1.9
2024-06-08,6,15.7,97.0,5.2,140.0,1.4
2024-06-08,7,15.7,97.0,4.7,140.0,1.6
2024-06-08,8,16.3,97.0,2.8,180.0,0.9
2024-06-08,9,16.7,97.0,1.6,180.0,0.7
2024-06-08,10,19.1,96.0,1.3,200.0,6.9
2024-06-08,11,20.3,74.0,2.0,200.0,28.9
2024-06-08,12,21.8,72.0,1.2,200.0,32.2
2024-06-08,13,19.8,82.0,1.5,110.0,12.3
2024-06-08,14,20.9,74.0,3.4,180.0,32.5
2024-06-08,15,21.0,76.0,2.9,200.0,16.5
2024-06-08,16,21.4,74.0,3.5,180.0,25.5
2024-06-08,17,21.1,79.0,3.3,180.0,20.7
2024-06-08,18,20.0,83.0,2.8,180.0,15.8
2024-06-08,19,18.8,89.0,1.7,200.0,9.3
2024-06-08,20,17.2,95.0,2.5,200.0,0.3
2024-06-08,21,16.8,96.0,1.7,180.0,0.2
2024-06-08,22,17.0,97.0,1.5,180.0,1.4
2024-06-08,23,15.5,97.0,1.0,110.0,0.1
2024-06-09,0,16.1,97.0,0.4,0.0,0.1
2024-06-09,1,16.4,97.0,1.6,110.0,0.2
2024-06-09,2,15.9,97.0,0.3,0.0,0.2
2024-06-09,3,15.4,97.0,2.0,110.0,0.2
2024-06-09,4,16.0,97.0,0.5,110.0,0.6
2024-06-09,5,16.8,97.0,1.8,160.0,0.2
2024-06-09,6,16.7,97.0,2.9,140.0,0.2
2024-06-09,7,16.6,97.0,3.3,140.0,0.5
2024-06-09,8,17.0,98.0,4.1,160.0,0.6
2024-06-09,9,17.0,98.0,3.9,160.0,4.2
2024-06-09,10,17.6,97.0,4.3,160.0,18.7
2024-06-09,11,19.2,87.0,4.9,160.0,26.7
2024-06-09,12,19.9,83.0,5.5,160.0,26.5
2024-06-09,13,19.9,83.0,5.1,160.0,20.5
2024-06-09,14,21.1,79.0,5.9,160.0,22.8
2024-06-09,15,20.2,81.0,5.6,160.0,16.0
2024-06-09,16,20.3,80.0,4.0,140.0,23.1
2024-06-09,17,19.2,86.0,3.5,140.0,15.5
2024-06-09,18,19.8,85.0,3.9,140.0,16.9
2024-06-09,19,18.9,89.0,3.1,140.0,9.4
2024-06-09,20,18.7,92.0,3.3,140.0,7.9
2024-06-09,21,18.8,93.0,3.5,160.0,4.6
2024-06-09,22,18.3,96.0,2.6,140.0,0.8
2024-06-09,23,17.6,97.0,2.5,140.0,0.2
2024-06-10,0,17.5,97.0,2.2,110.0,0.2
2024-06-10,1,18.0,97.0,3.0,140.0,0.2
2024-06-10,2,18.1,97.0,3.5,140.0,0.2
2024-06-10,3,16.9,97.0,4.7,160.0,0.2
2024-06-10,4,16.2,98.0,3.0,140.0,0.2
2024-06-10,5,16.3,98.0,2.5,110.0,0.2
2024-06-10,6,17.1,98.0,2.9,140.0,0.2
2024-06-10,7,17.4,98.0,3.2,140.0,0.2
2024-06-10,8,17.6,98.0,3.8,140.0,0.5
2024-06-10,9,17.9,98.0,1.4,110.0,0.6
2024-06-10,10,18.4,98.0,2.5,110.0,0.9
2024-06-10,11,18.1,98.0,4.3,110.0,0.4
2024-06-10,12,20.0,97.0,3.3,140.0,5.0
2024-06-10,13,19.8,90.0,3.2,90.0,4.1
2024-06-10,14,21.2,86.0,4.4,140.0,7.5
2024-06-10,15,22.4,81.0,2.8,140.0,9.8
2024-06-10,16,22.2,82.0,3.2,140.0,12.1
2024-06-10,17,22.2,80.0,3.4,160.0,12.1
2024-06-10,18,22.2,80.0,2.0,180.0,10.6
2024-06-10,19,18.8,92.0,1.6,200.0,3.3
2024-06-10,20,18.4,96.0,2.0,180.0,0.4
2024-06-10,21,19.0,96.0,2.7,180.0,2.4
2024-06-10,22,18.3,97.0,2.5,180.0,0.4
2024-06-10,23,17.1,97.0,3.1,180.0,0.5
2024-06-11,0,16.9,97.0,3.7,160.0,0.9
2024-06-11,1,16.1,97.0,3.0,160.0,0.3
2024-06-11,2,16.4,97.0,3.3,140.0,0.4
2024-06-11,3,17.3,97.0,3.9,140.0,0.1
2024-06-11,4,17.1,97.0,3.6,140.0,0.2
2024-06-11,5,17.4,98.0,3.6,140.0,0.2
2024-06-11,6,17.4,98.0,2.4,140.0,0.2
2024-06-11,7,17.3,98.0,3.3,140.0,0.2
2024-06-11,8,17.3,98.0,2.8,140.0,0.2
2024-06-11,9,17.8,98.0,3.6,140.0,0.3
2024-06-11,10,17.6,98.0,5.7,160.0,0.6
2024-06-11,11,18.5,98.0,6.0,160.0,2.4
2024-06-11,12,19.8,92.0,7.1,160.0,5.2
2024-06-11,13,20.1,89.0,7.2,140.0,4.3
2024-06-11,14,21.1,82.0,5.7,140.0,13.2
2024-06-11,15,22.0,78.0,7.2,160.0,14.7
2024-06-11,16,22.7,73.0,4.4,160.0,20.2
2024-06-11,17,21.8,77.0,4.3,180.0,27.1
2024-06-11,18,20.3,81.0,3.8,180.0,25.8
2024-06-11,19,20.1,80.0,4.0,180.0,34.1
2024-06-11,20,18.4,90.0,3.6,160.0,17.7
2024-06-11,21,18.2,93.0,2.3,180.0,11.0
2024-06-11,22,18.7,93.0,4.6,160.0,9.9
2024-06-11,23,18.0,96.0,4.3,160.0,5.2
2024-06-12,0,18.4,94.0,3.2,180.0,7.1
2024-06-12,1,18.0,96.0,4.1,160.0,2.5
2024-06-12,2,18.0,97.0,4.8,160.0,0.9
2024-06-12,3,18.0,97.0,3.9,160.0,0.5
2024-06-12,4,17.0,97.0,2.3,20.0,0.2
2024-06-12,5,17.4,97.0,1.8,160.0,0.5
2024-06-12,6,17.6,97.0,2.1,180.0,0.3
2024-06-12,7,16.8,97.0,3.8,180.0,0.3
2024-06-12,8,17.4,98.0,5.5,180.0,0.3
2024-06-12,9,17.0,98.0,6.2,180.0,1.1
2024-06-12,10,18.0,96.0,4.9,140.0,3.1
2024-06-12,11,18.4,95.0,5.6,160.0,4.3
2024-06-12,12,17.7,97.0,4.9,140.0,1.0
2024-06-12,13,19.0,97.0,3.1,160.0,4.3
2024-06-12,14,21.3,84.0,2.4,160.0,11.5
2024-06-12,15,21.2,84.0,3.2,180.0,12.1
2024-06-12,16,21.4,81.0,2.1,180.0,17.2
2024-06-12,17,21.7,80.0,1.5,200.0,14.2
2024-06-12,18,21.3,83.0,1.5,160.0,11.9
2024-06-12,19,18.9,93.0,1.8,140.0,6.9
2024-06-12,20,18.7,96.0,1.4,160.0,0.8
2024-06-12,21,18.3,97.0,0.7,160.0,0.3
2024-06-12,22,18.5,97.0,1.2,160.0,2.4
2024-06-12,23,17.3,97.0,0.7,180.0,0.2
2024-06-13,0,17.7,97.0,1.0,160.0,0.3
2024-06-13,1,18.4,97.0,1.3,110.0,1.7
2024-06-13,2,16.7,97.0,1.6,110.0,0.2
2024-06-13,3,16.7,97.0,1.8,140.0,0.9
2024-06-13,4,17.4,97.0,1.3,160.0,2.5
2024-06-13,5,17.9,97.0,1.0,140.0,2.9
2024-06-13,6,18.0,97.0,2.0,180.0,2.8
2024-06-13,7,18.5,95.0,2.5,160.0,6.7
2024-06-13,8,19.4,88.0,3.1,160.0,13.0
2024-06-13,9,20.9,82.0,2.2,140.0,16.4
2024-06-13,10,21.8,76.0,3.8,180.0,23.8
2024-06-13,11,20.8,77.0,3.6,180.0,19.5
2024-06-13,12,22.8,76.0,2.5,180.0,21.2
2024-06-13,13,22.4,73.0,3.4,180.0,25.0
2024-06-13,14,23.1,72.0,3.6,180.0,20.2
2024-06-13,15,23.4,71.0,4.4,160.0,21.9
2024-06-13,16,23.0,75.0,4.3,180.0,20.2
2024-06-13,17,22.7,77.0,3.3,160.0,18.8
2024-06-13,18,22.2,79.0,2.9,160.0,15.6
2024-06-13,19,21.1,84.0,3.1,160.0,12.5
2024-06-13,20,19.8,90.0,5.2,180.0,8.2
2024-06-13,21,19.6,92.0,5.1,160.0,7.6
2024-06-13,22,18.6,94.0,4.2,180.0,3.2
2024-06-13,23,19.1,96.0,2.8,160.0,3.0
2024-06-14,0,17.1,96.0,1.7,110.0,0.2
2024-06-14,1,18.3,97.0,1.9,110.0,1.9
2024-06-14,2,18.9,97.0,2.1,180.0,0.6
2024-06-14,3,18.9,97.0,2.3,200.0,0.5
2024-06-14,4,18.2,97.0,2.2,90.0,0.1
2024-06-14,5,17.7,97.0,0.5,320.0,2.5
2024-06-14,6,18.4,97.0,2.1,180.0,1.7
2024-06-14,7,19.3,96.0,2.2,180.0,3.6
2024-06-14,8,20.6,91.0,4.5,160.0,8.2
2024-06-14,9,21.1,86.0,6.5,160.0,16.1
2024-06-14,10,22.0,80.0,5.4,160.0,17.5
2024-06-14,11,22.2,82.0,5.5,160.0,16.5
2024-06-14,12,19.6,93.0,4.0,180.0,6.1
2024-06-14,13,20.3,92.0,3.2,200.0,8.0
2024-06-14,14,20.7,93.0,3.0,200.0,5.3
2024-06-14,15,21.3,93.0,3.8,200.0,5.0
2024-06-14,16,20.5,94.0,5.1,180.0,3.9
2024-06-14,17,20.6,91.0,1.9,180.0,8.6
2024-06-14,18,18.5,96.0,2.9,360.0,0.5
2024-06-14,19,19.2,97.0,1.5,140.0,0.3
2024-06-14,20,19.6,97.0,0.0,0.0,3.1
2024-06-14,21,19.7,97.0,1.6,140.0,1.4
2024-06-14,22,19.2,96.0,1.7,110.0,2.8
2024-06-14,23,18.4,97.0,1.7,140.0,1.4
2024-06-15,0,18.2,97.0,1.7,110.0,0.1
2024-06-15,1,18.7,97.0,0.4,0.0,3.0
2024-06-15,2,18.5,97.0,0.6,110.0,2.1
2024-06-15,3,18.8,97.0,1.2,180.0,1.1
2024-06-15,4,19.5,97.0,2.1,200.0,2.8
2024-06-15,5,18.3,96.0,1.8,320.0,1.9
2024-06-15,6,19.0,97.0,3.0,320.0,1.3
2024-06-15,7,19.8,97.0,1.9,290.0,4.5
2024-06-15,8,19.6,93.0,2.8,320.0,7.9
2024-06-15,9,20.0,93.0,2.2,340.0,7.9
2024-06-15,10,22.2,79.0,0.9,20.0,20.9
2024-06-15,11,23.6,71.0,1.2,320.0,35.1
2024-06-15,12,22.4,76.0,3.9,320.0,28.4
2024-06-15,13,23.1,74.0,3.3,340.0,29.2
2024-06-15,14,22.9,76.0,3.5,340.0,29.4
2024-06-15,15,22.5,76.0,5.0,320.0,22.0
2024-06-15,16,21.5,82.0,5.3,320.0,16.2
2024-06-15,17,22.0,81.0,4.8,320.0,19.2
2024-06-15,18,20.5,88.0,3.8,320.0,11.1
2024-06-15,19,20.3,91.0,3.4,320.0,11.9
2024-06-15,20,19.7,94.0,2.9,290.0,8.2
2024-06-15,21,19.2,96.0,3.0,320.0,4.1
2024-06-15,22,19.2,97.0,4.1,320.0,1.8
2024-06-15,23,19.2,97.0,4.0,320.0,3.6
2024-06-16,0,19.2,97.0,3.5,320.0,1.6
2024-06-16,1,19.2,97.0,3.4,320.0,0.3
2024-06-16,2,18.8,97.0,3.1,340.0,0.3
2024-06-16,3,18.5,97.0,2.5,340.0,1.6
2024-06-16,4,18.6,97.0,2.8,320.0,0.3
2024-06-16,5,18.3,97.0,3.4,320.0,0.2
2024-06-16,6,17.7,97.0,2.3,320.0,0.1
2024-06-16,7,18.5,97.0,1.7,320.0,5.2
2024-06-16,8,20.2,86.0,3.6,320.0,16.0
2024-06-16,9,20.8,78.0,4.2,320.0,24.3
2024-06-16,10,21.9,68.0,3.8,320.0,39.2
2024-06-16,11,22.9,60.0,3.8,320.0,41.5
2024-06-16,12,23.3,60.0,4.6,320.0,37.4
2024-06-16,13,25.2,39.0,3.0,320.0,50.0
2024-06-16,14,25.8,34.0,3.8,320.0,47.6
2024-06-16,15,25.1,35.0,4.9,320.0,47.1
2024-06-16,16,25.2,39.0,4.6,320.0,47.2
2024-06-16,17,24.6,42.0,5.2,320.0,46.7
2024-06-16,18,24.2,50.0,3.8,290.0,43.6
2024-06-16,19,23.8,47.0,0.8,290.0,47.5
2024-06-16,20,21.6,57.0,1.5,230.0,45.0
2024-06-16,21,21.0,67.0,3.3,230.0,27.9
2024-06-16,22,20.8,78.0,4.4,230.0,14.4
2024-06-16,23,18.6,80.0,1.6,140.0,12.2
2024-06-17,0,21.0,71.0,5.5,230.0,24.2
2024-06-17,1,20.7,78.0,4.6,230.0,17.7
2024-06-17,2,21.3,64.0,4.7,230.0,37.4
2024-06-17,3,20.9,66.0,2.3,200.0,20.8
2024-06-17,4,18.2,88.0,1.1,110.0,8.0
2024-06-17,5,16.9,93.0,2.3,90.0,5.8
2024-06-17,6,17.4,95.0,1.5,90.0,2.9
2024-06-17,7,18.9,89.0,2.0,140.0,8.3
2024-06-17,8,20.4,82.0,2.0,110.0,15.1
2024-06-17,9,22.2,73.0,2.3,180.0,31.1
2024-06-17,10,23.2,69.0,2.1,160.0,27.5
2024-06-17,11,24.2,65.0,3.1,180.0,32.9
2024-06-17,12,25.0,64.0,3.6,180.0,28.4
2024-06-17,13,25.7,55.0,5.4,230.0,34.2
2024-06-17,14,26.6,51.0,4.1,230.0,41.8
2024-06-17,15,25.9,54.0,4.9,200.0,37.4
2024-06-17,16,25.7,57.0,3.9,200.0,33.7
2024-06-17,17,25.7,53.0,2.7,230.0,38.9
2024-06-17,18,24.9,57.0,3.4,230.0,37.6
2024-06-17,19,24.1,57.0,2.8,230.0,44.6
2024-06-17,20,22.6,65.0,0.8,230.0,39.6
2024-06-17,21,22.2,73.0,4.0,230.0,42.4
2024-06-17,22,22.2,75.0,4.9,230.0,39.2
2024-06-17,23,22.2,69.0,2.4,230.0,41.6
2024-06-18,0,21.8,66.0,1.5,230.0,42.3
2024-06-18,1,21.5,67.0,2.3,230.0,36.5
2024-06-18,2,22.4,61.0,4.6,250.0,43.4
2024-06-18,3,20.4,80.0,0.6,360.0,25.6
2024-06-18,4,20.4,79.0,2.1,250.0,24.9
2024-06-18,5,20.3,78.0,1.3,230.0,24.7
2024-06-18,6,18.2,92.0,0.8,160.0,10.0
2024-06-18,7,18.9,90.0,1.4,160.0,11.2
2024-06-18,8,21.5,80.0,1.7,140.0,24.5
2024-06-18,9,22.8,74.0,2.0,140.0,27.0
2024-06-18,10,23.7,71.0,2.8,110.0,25.4
2024-06-18,11,23.9,65.0,2.1,200.0,30.4
2024-06-18,12,25.6,59.0,2.1,160.0,31.7
2024-06-18,13,25.9,56.0,3.2,180.0,34.6
2024-06-18,14,26.0,53.8,2.9,180.0,32.5
2024-06-18,15,26.8,49.0,2.9,200.0,33.9
2024-06-18,16,27.4,48.0,3.9,200.0,29.3
2024-06-18,17,27.4,44.0,2.9,230.0,33.2
2024-06-18,18,26.5,52.0,3.0,230.0,31.4
2024-06-18,19,25.3,61.0,1.3,200.0,26.0
2024-06-18,20,23.7,69.0,0.0,0.0,19.2
2024-06-18,21,22.6,78.0,1.2,200.0,12.2
2024-06-18,22,21.1,85.0,2.4,180.0,7.3
2024-06-18,23,20.1,90.0,1.6,180.0,4.2
2024-06-19,0,20.0,92.0,0.9,200.0,4.9
2024-06-19,1,19.8,90.0,1.6,180.0,6.0
2024-06-19,2,17.9,96.0,2.7,180.0,1.4
2024-06-19,3,16.9,97.0,2.5,110.0,0.1
2024-06-19,4,17.2,97.0,1.9,110.0,2.3
2024-06-19,5,17.2,97.0,1.4,180.0,1.4
2024-06-19,6,17.8,97.0,2.7,90.0,2.4
2024-06-19,7,18.6,97.0,1.5,110.0,2.6
2024-06-19,8,20.7,91.0,2.0,110.0,10.5
2024-06-19,9,22.1,81.0,2.2,110.0,14.8
2024-06-19,10,24.0,71.0,3.5,140.0,24.0
2024-06-19,11,25.0,64.0,3.4,180.0,29.0
2024-06-19,12,25.0,63.0,3.3,180.0,29.0
2024-06-19,13,24.8,59.0,3.4,200.0,30.6
2024-06-19,14,26.7,40.0,2.6,200.0,43.1
2024-06-19,15,28.1,47.0,1.5,90.0,44.0
2024-06-19,16,28.1,44.0,1.7,340.0,32.2
2024-06-19,17,27.3,41.0,1.8,360.0,47.3
2024-06-19,18,26.5,47.0,1.3,340.0,43.7
2024-06-19,19,23.7,53.0,1.8,320.0,47.9
2024-06-19,20,22.1,65.0,1.3,320.0,40.5
2024-06-19,21,20.9,64.0,1.8,320.0,46.2
2024-06-19,22,21.9,31.0,1.4,290.0,50.0
2024-06-19,23,22.7,26.0,1.0,290.0,50.0
2024-06-20,0,21.7,35.0,0.9,140.0,50.0
2024-06-20,1,21.1,44.0,1.4,180.0,50.0
2024-06-20,2,18.5,74.0,1.4,180.0,39.1
2024-06-20,3,18.2,79.0,1.9,180.0,26.6
2024-06-20,4,17.9,81.0,2.4,110.0,26.6
2024-06-20,5,18.1,78.0,1.9,90.0,32.2
2024-06-20,6,19.3,76.0,1.7,90.0,31.9
2024-06-20,7,20.8,80.0,1.8,110.0,24.8
2024-06-20,8,21.8,87.0,2.4,140.0,13.5
2024-06-20,9,21.4,91.0,2.8,140.0,3.6
2024-06-20,10,23.7,80.0,3.0,110.0,22.1
2024-06-20,11,24.7,75.0,2.8,140.0,34.3
2024-06-20,12,26.3,64.0,2.6,160.0,41.5
2024-06-20,13,26.6,57.0,2.6,140.0,41.1
2024-06-20,14,27.1,49.0,3.7,160.0,43.7
2024-06-20,15,27.7,41.0,3.3,160.0,41.8
2024-06-20,16,26.4,41.0,4.0,180.0,46.9
2024-06-20,17,25.7,44.0,4.0,160.0,46.5
2024-06-20,18,25.1,52.0,1.6,180.0,43.0
2024-06-20,19,24.4,56.0,2.4,230.0,49.5
2024-06-20,20,21.7,68.0,0.3,0.0,48.2
2024-06-20,21,20.1,74.0,1.4,340.0,43.4
2024-06-20,22,19.3,77.0,1.0,320.0,39.0
2024-06-20,23,19.6,80.0,2.2,320.0,34.7
2024-06-21,0,19.7,84.0,0.8,270.0,26.9
2024-06-21,1,19.4,87.0,1.9,290.0,22.0
2024-06-21,2,19.9,85.0,0.9,290.0,26.7
2024-06-21,3,20.5,81.0,0.8,320.0,37.8
2024-06-21,4,20.2,83.0,0.9,250.0,43.4
2024-06-21,5,19.6,84.0,0.3,0.0,40.5
2024-06-21,6,20.3,83.0,1.3,90.0,41.5
2024-06-21,7,21.4,81.0,0.5,160.0,39.9
2024-06-21,8,22.9,72.0,0.3,0.0,34.7
2024-06-21,9,24.3,68.0,3.1,320.0,48.8
2024-06-21,10,24.3,68.0,4.6,320.0,41.2
2024-06-21,11,25.7,67.0,3.2,320.0,49.0
2024-06-21,12,26.4,65.0,1.6,340.0,46.9
2024-06-21,13,26.9,62.0,2.0,340.0,44.6
2024-06-21,14,25.6,67.0,1.4,140.0,43.7
2024-06-21,15,25.6,69.0,1.1,250.0,42.2
2024-06-21,16,25.4,70.0,1.4,70.0,31.7
2024-06-21,17,25.6,69.0,1.0,90.0,44.0
2024-06-21,18,23.7,74.0,2.3,180.0,31.9
2024-06-21,19,22.2,83.0,1.8,200.0,25.1
2024-06-21,20,22.0,85.0,0.9,200.0,27.5
2024-06-21,21,22.1,84.0,1.3,230.0,22.1
2024-06-21,22,21.9,86.0,1.8,200.0,17.1
2024-06-21,23,21.5,89.0,1.1,160.0,17.5
2024-06-22,0,20.5,94.0,2.7,140.0,5.6
2024-06-22,1,19.9,95.0,1.7,110.0,6.7
2024-06-22,2,20.8,94.0,2.7,140.0,11.6
2024-06-22,3,21.0,89.0,3.9,140.0,6.7
2024-06-22,4,20.6,89.0,2.4,140.0,10.2
2024-06-22,5,19.4,95.0,3.2,140.0,2.4
2024-06-22,6,19.5,97.0,3.5,110.0,0.3
2024-06-22,7,20.2,97.0,2.9,140.0,0.3
2024-06-22,8,20.6,97.0,3.2,140.0,0.5
2024-06-22,9,20.2,97.0,4.8,160.0,2.1
2024-06-22,10,20.0,97.0,4.6,160.0,0.5
2024-06-22,11,20.3,97.0,5.6,140.0,0.9
2024-06-22,12,20.3,97.0,4.8,140.0,1.4
2024-06-22,13,21.0,97.0,3.0,140.0,3.4
2024-06-22,14,21.6,95.0,3.2,110.0,5.3
2024-06-22,15,23.0,88.0,2.7,110.0,11.3
2024-06-22,16,24.0,82.0,2.1,140.0,19.3
2024-06-22,17,23.6,84.0,1.9,160.0,13.4
2024-06-22,18,23.2,85.0,0.7,180.0,11.3
2024-06-22,19,20.9,92.0,2.3,320.0,4.9
2024-06-22,20,19.9,96.0,2.3,320.0,2.9
2024-06-22,21,19.8,97.0,3.0,320.0,0.6
2024-06-22,22,20.0,97.0,2.3,320.0,1.0
2024-06-22,23,20.2,97.0,3.2,320.0,0.7
2024-06-23,0,19.7,97.0,4.0,320.0,0.2
2024-06-23,1,19.9,97.0,3.0,320.0,0.2
2024-06-23,2,20.3,97.0,0.8,290.0,2.8
2024-06-23,3,20.2,97.0,2.7,320.0,4.2
2024-06-23,4,20.4,97.0,2.5,290.0,7.4
2024-06-23,5,21.0,97.0,3.0,320.0,9.3
2024-06-23,6,20.7,97.0,0.7,340.0,4.2
2024-06-23,7,20.9,97.0,1.3,320.0,2.8
2024-06-23,8,21.1,97.0,1.5,340.0,2.4
2024-06-23,9,22.6,93.0,0.4,0.0,44.3
2024-06-23,10,22.1,91.0,1.4,160.0,32.5
2024-06-23,11,23.5,84.0,2.6,180.0,38.4
2024-06-23,12,24.5,77.0,2.4,200.0,44.5
2024-06-23,13,25.4,72.0,3.8,180.0,42.1
2024-06-23,14,25.6,71.0,4.2,200.0,48.6
2024-06-23,15,25.8,73.0,4.0,200.0,28.4
2024-06-23,16,23.9,80.0,4.3,200.0,17.0
2024-06-23,17,23.4,85.0,3.5,200.0,16.8
2024-06-23,18,23.3,91.0,2.1,180.0,11.1
2024-06-23,19,22.9,89.0,1.5,290.0,10.9
2024-06-23,20,20.4,96.0,2.5,140.0,3.2
2024-06-23,21,20.1,96.0,2.8,320.0,3.3
2024-06-23,22,20.0,92.0,1.4,70.0,12.1
2024-06-23,23,19.6,94.0,0.6,320.0,11.4
2024-06-24,0,19.1,94.0,1.7,110.0,8.8
2024-06-24,1,19.1,92.0,2.3,50.0,15.3
2024-06-24,2,18.2,94.0,1.6,290.0,9.1
2024-06-24,3,17.1,95.0,3.7,320.0,8.1
2024-06-24,4,17.7,93.0,3.8,320.0,14.0
2024-06-24,5,17.4,91.0,2.6,320.0,16.1
2024-06-24,6,17.9,91.0,3.8,340.0,11.4
2024-06-24,7,19.0,89.0,3.4,340.0,14.3
2024-06-24,8,20.3,84.0,2.8,340.0,14.9
2024-06-24,9,19.7,80.0,4.9,340.0,15.0
2024-06-24,10,20.2,75.0,6.3,340.0,17.2
2024-06-24,11,20.6,74.0,5.8,340.0,14.6
2024-06-24,12,21.2,70.0,6.9,340.0,17.1
2024-06-24,13,21.7,67.0,6.4,340.0,20.6
2024-06-24,14,22.0,62.0,6.0,340.0,39.2
2024-06-24,15,22.2,62.0,6.0,340.0,43.6
2024-06-24,16,22.2,62.0,4.2,340.0,35.5
2024-06-24,17,22.5,58.0,4.8,320.0,42.7
2024-06-24,18,22.4,64.0,4.3,320.0,39.4
2024-06-24,19,21.3,69.0,5.1,320.0,36.9
2024-06-24,20,20.4,73.0,5.2,290.0,40.0
2024-06-24,21,20.1,79.0,4.8,290.0,36.9
2024-06-24,22,20.3,82.0,5.7,290.0,38.9
2024-06-24,23,20.4,85.0,4.2,290.0,37.2
2024-06-25,0,20.1,86.0,4.9,290.0,35.4
2024-06-25,1,19.6,88.0,4.7,320.0,33.7
2024-06-25,2,18.2,93.0,1.8,320.0,19.1
2024-06-25,3,17.8,92.0,1.5,290.0,26.9
2024-06-25,4,17.9,85.0,2.8,290.0,41.2
2024-06-25,5,18.3,80.0,1.7,290.0,50.0
2024-06-25,6,19.4,61.0,2.0,270.0,50.0
2024-06-25,7,21.4,69.0,1.6,270.0,49.9
2024-06-25,8,22.2,73.0,3.4,320.0,43.8
2024-06-25,9,23.6,63.0,3.4,290.0,48.3
2024-06-25,10,23.9,62.0,4.6,320.0,45.4
2024-06-25,11,23.3,70.0,5.1,320.0,46.2
2024-06-25,12,23.4,68.0,4.2,290.0,45.8
2024-06-25,13,24.1,55.0,3.7,320.0,46.8
2024-06-25,14,23.9,48.0,3.5,320.0,45.3
2024-06-25,15,24.0,50.0,3.6,340.0,41.6
2024-06-25,16,22.9,49.0,4.0,340.0,44.3
2024-06-25,17,23.3,47.0,3.5,340.0,49.1
2024-06-25,18,22.3,54.0,3.5,340.0,45.9
2024-06-25,19,21.2,61.0,3.2,320.0,49.0
2024-06-25,20,20.0,69.0,3.3,320.0,49.5
2024-06-25,21,19.5,75.0,2.2,290.0,40.5
2024-06-25,22,19.4,75.0,2.6,290.0,50.0
2024-06-25,23,19.5,72.0,1.8,250.0,50.0
2024-06-26,0,19.9,86.0,2.7,270.0,34.0
2024-06-26,1,19.3,89.0,1.9,290.0,25.2
2024-06-26,2,20.0,65.0,0.6,270.0,50.0
2024-06-26,3,17.7,86.0,1.2,140.0,23.7
2024-06-26,4,18.0,90.0,1.3,140.0,13.1
2024-06-26,5,18.1,92.0,1.6,180.0,9.0
2024-06-26,6,18.5,91.0,0.9,160.0,13.9
2024-06-26,7,19.2,85.0,2.0,90.0,32.6
2024-06-26,8,20.4,78.0,2.0,90.0,37.4
2024-06-26,9,22.3,72.0,2.4,110.0,45.0
2024-06-26,10,24.6,61.0,2.2,110.0,47.3
2024-06-26,11,26.0,47.0,1.9,160.0,50.0
2024-06-26,12,25.0,56.0,3.1,180.0,43.0
2024-06-26,13,25.2,50.0,3.8,180.0,41.5
2024-06-26,14,26.9,38.0,3.6,180.0,44.7
2024-06-26,15,25.6,54.0,3.0,230.0,46.1
2024-06-26,16,25.7,54.0,4.1,200.0,48.1
2024-06-26,17,25.2,67.0,3.8,200.0,43.3
2024-06-26,18,24.7,69.0,4.3,230.0,44.6
2024-06-26,19,23.9,72.0,2.1,250.0,49.4
2024-06-26,20,22.7,81.0,1.1,230.0,48.8
2024-06-26,21,21.2,86.0,1.3,200.0,26.8
2024-06-26,22,19.4,91.0,1.3,110.0,12.9
2024-06-26,23,19.3,95.0,1.3,110.0,6.8
2024-06-27,0,18.6,97.0,0.9,160.0,1.5
2024-06-27,1,18.6,97.0,0.9,200.0,0.4
2024-06-27,2,18.7,97.0,0.1,0.0,4.8
2024-06-27,3,19.0,97.0,1.2,110.0,0.8
2024-06-27,4,19.0,97.0,1.6,140.0,0.2
2024-06-27,5,18.9,97.0,2.1,140.0,0.2
2024-06-27,6,19.3,97.0,1.9,140.0,0.2
2024-06-27,7,19.3,97.0,2.1,160.0,0.3
2024-06-27,8,19.6,97.0,1.7,160.0,0.5
2024-06-27,9,19.9,97.0,2.3,160.0,4.1
2024-06-27,10,21.2,86.0,2.4,180.0,20.7
2024-06-27,11,24.3,70.0,1.8,90.0,44.6
2024-06-27,12,26.0,53.0,1.6,110.0,43.7
2024-06-27,13,23.1,69.0,4.2,180.0,48.2
2024-06-27,14,26.4,52.0,1.8,270.0,46.4
2024-06-27,15,27.0,34.0,1.4,180.0,47.6
2024-06-27,16,25.9,52.0,1.3,50.0,47.6
2024-06-27,17,26.1,41.0,3.4,320.0,49.9
2024-06-27,18,24.8,46.0,2.8,320.0,49.5
2024-06-27,19,24.1,50.0,1.9,340.0,50.0
2024-06-27,20,22.0,65.0,2.0,320.0,49.8
2024-06-27,21,20.7,67.0,1.9,290.0,50.0
2024-06-27,22,21.3,43.0,0.8,230.0,50.0
2024-06-27,23,21.1,37.0,1.4,340.0,50.0
2024-06-28,0,19.7,69.0,1.4,340.0,49.9
2024-06-28,1,20.0,82.0,1.9,320.0,49.8
2024-06-28,2,19.7,76.0,1.8,320.0,49.7
2024-06-28,3,19.9,65.0,1.5,320.0,50.0
2024-06-28,4,19.7,63.0,2.3,340.0,50.0
2024-06-28,5,18.9,67.0,1.2,320.0,50.0
2024-06-28,6,19.3,60.0,0.8,360.0,50.0
2024-06-28,7,20.3,66.0,0.5,160.0,40.5
2024-06-28,8,23.2,60.0,0.3,0.0,48.4
2024-06-28,9,26.0,38.0,1.0,340.0,50.0
2024-06-28,10,26.2,34.0,1.0,50.0,47.9
2024-06-28,11,27.3,31.0,1.2,90.0,48.1
2024-06-28,12,27.9,29.0,2.1,110.0,46.8
2024-06-28,13,27.5,27.0,2.1,360.0,46.7
2024-06-28,14,27.8,31.0,3.1,180.0,48.6
2024-06-28,15,27.2,36.0,2.9,200.0,40.5
2024-06-28,16,26.8,39.0,1.7,110.0,42.9
2024-06-28,17,26.3,40.0,1.6,70.0,48.6
2024-06-28,18,25.9,44.0,2.1,200.0,48.4
2024-06-28,19,24.3,53.0,1.4,180.0,48.7
2024-06-28,20,20.9,64.0,0.9,90.0,45.7
2024-06-28,21,20.8,68.0,1.1,110.0,49.7
2024-06-28,22,19.7,74.0,2.0,180.0,48.5
2024-06-28,23,19.4,77.0,1.8,180.0,47.4
2024-06-29,0,18.8,80.0,2.2,70.0,49.8
2024-06-29,1,19.0,79.0,2.2,110.0,42.3
2024-06-29,2,19.8,82.0,1.3,140.0,18.0
2024-06-29,3,20.0,85.0,1.1,110.0,27.8
2024-06-29,4,20.2,86.0,1.0,140.0,23.0
2024-06-29,5,20.3,87.0,1.7,160.0,21.8
2024-06-29,6,20.5,89.0,3.3,110.0,17.6
2024-06-29,7,21.0,89.0,4.1,140.0,19.4
2024-06-29,8,21.5,83.0,3.9,140.0,28.8
2024-06-29,9,23.6,76.0,4.4,110.0,32.2
2024-06-29,10,22.7,73.0,5.5,140.0,30.1
2024-06-29,11,22.4,68.0,6.2,140.0,20.3
2024-06-29,12,23.2,73.0,6.5,140.0,16.6
2024-06-29,13,24.2,71.0,6.7,140.0,16.4
2024-06-29,14,24.4,76.0,4.9,140.0,25.8
2024-06-29,15,24.6,73.0,3.5,140.0,38.8
2024-06-29,16,24.6,71.0,5.2,140.0,38.8
2024-06-29,17,24.9,69.0,4.3,140.0,38.3
2024-06-29,18,24.8,69.0,2.5,140.0,34.3
2024-06-29,19,21.5,90.0,6.2,160.0,3.2
2024-06-29,20,21.2,97.0,4.7,110.0,1.6
2024-06-29,21,20.6,97.0,3.8,90.0,0.4
2024-06-29,22,20.8,97.0,5.6,70.0,0.2
2024-06-29,23,20.7,97.0,5.4,70.0,0.2
2024-06-30,0,20.7,97.0,3.4,110.0,0.2
2024-06-30,1,21.1,97.0,3.0,200.0,1.3
2024-06-30,2,20.9,97.0,0.9,90.0,1.4
2024-06-30,3,20.3,97.0,2.0,340.0,0.2
2024-06-30,4,19.4,98.0,7.5,340.0,1.4
2024-06-30,5,19.4,98.0,9.1,340.0,1.9
2024-06-30,6,18.5,97.0,5.8,320.0,2.7
2024-06-30,7,18.8,97.0,5.8,320.0,3.9
2024-06-30,8,20.1,96.0,6.2,320.0,8.9
2024-06-30,9,21.4,91.0,7.2,320.0,11.3
2024-06-30,10,22.9,84.0,5.5,320.0,20.6
2024-06-30,11,24.5,80.0,4.7,320.0,25.7
2024-06-30,12,24.6,80.0,5.9,290.0,26.2
2024-06-30,13,25.1,77.0,6.5,290.0,27.0
2024-06-30,14,24.9,77.0,6.7,290.0,21.5
2024-06-30,15,25.5,75.0,5.2,290.0,14.1
2024-06-30,16,25.2,75.0,5.0,320.0,19.9
2024-06-30,17,25.1,76.0,4.6,290.0,18.0
2024-06-30,18,24.5,77.0,3.6,320.0,20.4
2024-06-30,19,23.9,80.0,1.2,320.0,17.3
2024-06-30,20,22.5,87.0,1.5,250.0,16.4
2024-06-30,21,21.7,93.0,3.0,230.0,7.6
2024-06-30,22,21.5,93.0,1.5,230.0,4.8
2024-06-30,23,21.5,93.0,2.8,230.0,6.1
2024-07-01,0,19.6,96.0,1.4,90.0,1.4
2024-07-01,1,18.9,96.0,1.4,110.0,2.4
2024-07-01,2,19.1,97.0,2.0,110.0,0.2
2024-07-01,3,19.6,97.0,2.5,180.0,0.3
2024-07-01,4,20.0,97.0,1.0,110.0,1.4
2024-07-01,5,20.3,97.0,2.4,180.0,0.2
2024-07-01,6,19.9,97.0,3.4,180.0,0.2
2024-07-01,7,20.5,97.0,1.4,140.0,0.2
2024-07-01,8,20.1,97.0,2.0,110.0,0.3
2024-07-01,9,22.0,97.0,0.7,160.0,6.8
2024-07-01,10,21.2,95.0,2.9,110.0,0.8
2024-07-01,11,23.6,89.0,3.0,160.0,7.3
2024-07-01,12,23.2,88.0,3.6,160.0,20.6
2024-07-01,13,23.8,87.0,3.1,160.0,19.8
2024-07-01,14,23.3,88.0,2.8,180.0,24.1
2024-07-01,15,22.8,89.0,2.7,180.0,24.8
2024-07-01,16,23.4,89.0,2.0,160.0,27.4
2024-07-01,17,23.0,91.0,3.3,180.0,22.3
2024-07-01,18,22.7,92.0,3.1,160.0,17.9
2024-07-01,19,22.6,92.0,1.9,180.0,11.8
2024-07-01,20,21.1,96.0,1.9,180.0,2.2
2024-07-01,21,21.2,96.0,2.3,200.0,0.8
2024-07-01,22,21.7,97.0,1.0,200.0,2.2
2024-07-01,23,20.5,97.0,1.4,160.0,3.7
2024-07-02,0,20.5,97.0,1.9,90.0,3.4
2024-07-02,1,20.1,97.0,1.0,160.0,0.2
2024-07-02,2,21.1,97.0,1.3,90.0,1.4
2024-07-02,3,20.2,97.0,1.5,110.0,0.3
2024-07-02,4,20.3,97.0,2.0,110.0,0.2
2024-07-02,5,21.3,97.0,3.0,110.0,2.2
2024-07-02,6,21.4,97.0,3.1,110.0,5.0
2024-07-02,7,21.0,93.0,3.0,110.0,4.9
2024-07-02,8,20.6,96.0,2.7,110.0,2.8
2024-07-02,9,21.5,93.0,4.0,110.0,6.8
2024-07-02,10,21.2,95.0,3.0,110.0,4.0
2024-07-02,11,20.9,95.0,3.9,110.0,4.2
2024-07-02,12,20.4,96.0,7.8,140.0,2.2
2024-07-02,13,19.9,97.0,9.0,110.0,1.6
2024-07-02,14,20.4,97.0,7.2,110.0,5.6
2024-07-02,15,20.7,97.0,7.5,110.0,3.9
2024-07-02,16,21.2,97.0,9.4,140.0,3.9
2024-07-02,17,21.5,97.0,8.6,140.0,4.4
2024-07-02,18,21.4,97.0,7.9,140.0,1.3
2024-07-02,19,21.2,97.0,9.2,140.0,3.7
2024-07-02,20,21.3,96.0,5.8,160.0,3.4
2024-07-02,21,22.1,96.0,11.1,160.0,4.3
2024-07-02,22,22.8,93.0,11.4,180.0,6.6
2024-07-02,23,22.6,86.0,7.8,180.0,18.6
2024-07-03,0,22.6,86.0,8.7,180.0,17.1
2024-07-03,1,22.8,84.0,10.4,200.0,18.1
2024-07-03,2,22.5,84.0,9.8,230.0,17.7
2024-07-03,3,22.2,85.0,10.2,230.0,19.8
2024-07-03,4,21.7,87.0,8.9,230.0,19.8
2024-07-03,5,21.5,86.0,9.3,250.0,27.4
2024-07-03,6,20.3,91.0,7.1,270.0,17.6
2024-07-03,7,20.6,89.0,5.5,250.0,21.6
2024-07-03,8,21.2,85.0,5.5,250.0,31.7
2024-07-03,9,21.3,85.0,3.9,270.0,26.6
2024-07-03,10,23.6,77.0,2.3,230.0,29.1
2024-07-03,11,23.3,75.0,3.0,250.0,41.3
2024-07-03,12,23.0,81.0,3.2,230.0,23.3
2024-07-03,13,22.8,81.0,4.1,230.0,18.9
2024-07-03,14,23.9,75.0,3.2,200.0,21.6
2024-07-03,15,22.9,82.0,3.6,230.0,18.3
2024-07-03,16,22.8,82.0,3.7,230.0,17.4
2024-07-03,17,24.4,73.0,3.8,250.0,23.1
2024-07-03,18,23.5,78.0,2.3,250.0,23.7
2024-07-03,19,22.8,82.0,2.1,270.0,17.7
2024-07-03,20,21.3,91.0,2.0,200.0,7.8
2024-07-03,21,20.7,95.0,2.1,200.0,3.2
2024-07-03,22,20.3,96.0,1.3,160.0,3.2
2024-07-03,23,20.3,96.0,1.1,180.0,2.9
2024-07-04,0,20.1,96.0,0.1,0.0,3.3
2024-07-04,1,20.2,97.0,0.9,160.0,2.4
2024-07-04,2,20.1,97.0,1.7,160.0,0.7
2024-07-04,3,20.2,97.0,2.1,180.0,0.5
2024-07-04,4,20.2,97.0,1.1,180.0,0.6
2024-07-04,5,19.8,97.0,1.4,160.0,0.6
2024-07-04,6,20.2,97.0,2.6,180.0,0.6
2024-07-04,7,21.1,96.0,3.1,160.0,1.5
2024-07-04,8,21.5,93.0,3.5,160.0,2.1
2024-07-04,9,21.7,91.0,3.8,140.0,2.1
2024-07-04,10,22.3,91.0,3.3,140.0,2.7
2024-07-04,11,23.0,86.0,3.6,140.0,3.0
2024-07-04,12,22.6,87.0,5.1,140.0,2.4
2024-07-04,13,21.8,93.0,5.3,160.0,1.8
2024-07-04,14,21.6,96.0,4.8,140.0,0.5
2024-07-04,15,20.9,96.0,6.9,140.0,0.5
2024-07-04,16,21.1,97.0,9.3,140.0,0.8
2024-07-04,17,20.6,97.0,4.5,340.0,0.9
2024-07-04,18,22.8,97.0,3.2,200.0,4.6
2024-07-04,19,22.9,96.0,4.8,180.0,4.5
2024-07-04,20,22.4,96.0,4.8,160.0,4.0
2024-07-04,21,23.2,90.0,5.6,200.0,14.9
2024-07-04,22,22.2,89.0,5.7,200.0,13.7
2024-07-04,23,21.2,94.0,4.7,230.0,5.1
2024-07-05,0,21.0,94.0,5.7,270.0,9.7
2024-07-05,1,20.4,97.0,6.3,270.0,3.2
2024-07-05,2,18.9,97.0,9.0,320.0,5.4
2024-07-05,3,18.7,97.0,5.6,320.0,0.4
2024-07-05,4,18.6,97.0,4.6,320.0,4.0
2024-07-05,5,18.7,97.0,4.1,320.0,0.1
2024-07-05,6,19.0,97.0,3.6,290.0,2.2
2024-07-05,7,19.8,97.0,4.1,290.0,4.2
2024-07-05,8,20.1,95.0,4.2,250.0,4.1
2024-07-05,9,19.8,96.0,4.4,250.0,2.4
2024-07-05,10,21.8,86.0,5.3,250.0,11.8
2024-07-05,11,23.7,76.0,4.9,250.0,30.4
2024-07-05,12,24.5,75.0,4.8,270.0,24.2
2024-07-05,13,26.0,68.0,3.7,270.0,29.8
2024-07-05,14,26.4,62.0,3.2,250.0,24.5
2024-07-05,15,25.4,67.0,3.7,200.0,28.4
2024-07-05,16,24.0,75.0,5.4,180.0,27.2
2024-07-05,17,23.4,81.0,5.7,200.0,23.8
2024-07-05,18,22.2,85.0,5.6,180.0,18.5
2024-07-05,19,22.3,88.0,3.3,180.0,16.2
2024-07-05,20,21.4,93.0,4.3,160.0,11.0
2024-07-05,21,21.2,95.0,3.9,160.0,7.2
2024-07-05,22,20.9,97.0,4.1,140.0,3.8
2024-07-05,23,20.8,97.0,5.0,140.0,4.7
2024-07-06,0,20.8,96.0,4.9,160.0,6.5
2024-07-06,1,21.0,97.0,4.6,160.0,5.5
2024-07-06,2,20.5,97.0,4.3,140.0,2.5
2024-07-06,3,21.1,97.0,4.7,140.0,2.9
2024-07-06,4,21.3,97.0,5.6,140.0,4.4
2024-07-06,5,20.6,97.0,5.5,110.0,0.4
2024-07-06,6,20.5,97.0,6.4,110.0,2.2
2024-07-06,7,20.6,97.0,7.4,110.0,6.5
2024-07-06,8,21.4,96.0,7.8,140.0,7.3
2024-07-06,9,21.5,97.0,7.8,140.0,2.1
2024-07-06,10,22.2,96.0,6.5,160.0,5.2
2024-07-06,11,23.4,93.0,6.2,160.0,7.5
2024-07-06,12,24.8,88.0,7.2,200.0,11.3
2024-07-06,13,25.2,85.0,8.1,230.0,10.6
2024-07-06,14,24.8,82.0,8.9,230.0,13.8
2024-07-06,15,24.6,84.0,8.8,230.0,13.7
2024-07-06,16,22.6,82.0,11.0,250.0,25.8
2024-07-06,17,21.9,86.0,8.7,250.0,27.6
2024-07-06,18,22.1,83.0,8.1,250.0,25.7
2024-07-06,19,21.5,85.0,6.8,250.0,25.2
2024-07-06,20,21.0,86.0,6.1,250.0,21.9
2024-07-06,21,20.7,88.0,5.1,250.0,19.7
2024-07-06,22,21.1,87.0,5.0,270.0,18.3
2024-07-06,23,21.3,86.0,4.1,270.0,26.3
2024-07-07,0,21.7,84.0,2.9,290.0,37.2
2024-07-07,1,20.0,90.0,1.0,90.0,15.6
2024-07-07,2,20.3,92.0,1.2,200.0,13.1
2024-07-07,3,19.9,93.0,2.0,200.0,10.9
2024-07-07,4,19.8,94.0,1.7,180.0,6.6
2024-07-07,5,18.9,95.0,1.8,110.0,4.3
2024-07-07,6,18.7,97.0,2.2,110.0,0.6
2024-07-07,7,20.4,97.0,3.1,180.0,4.3
2024-07-07,8,22.0,89.0,4.2,180.0,16.2
2024-07-07,9,23.4,80.0,2.5,160.0,24.1
2024-07-07,10,23.8,78.0,3.1,140.0,17.8
2024-07-07,11,24.2,78.0,6.4,180.0,32.1
2024-07-07,12,24.0,76.0,4.5,160.0,35.1
2024-07-07,13,22.8,86.0,3.8,140.0,21.2
2024-07-07,14,22.7,92.0,3.6,160.0,17.4
2024-07-07,15,22.2,94.0,3.5,160.0,6.8
2024-07-07,16,22.7,93.0,2.9,160.0,5.0
2024-07-07,17,22.4,94.0,3.1,140.0,2.6
2024-07-07,18,22.2,96.0,1.8,140.0,3.6
2024-07-07,19,21.7,97.0,2.6,110.0,0.7
2024-07-07,20,21.3,97.0,3.2,160.0,0.3
2024-07-07,21,21.1,97.0,1.3,160.0,0.4
2024-07-07,22,21.3,97.0,1.1,160.0,1.4
2024-07-07,23,22.1,97.0,0.7,230.0,0.2
2024-07-08,0,21.9,97.0,1.8,180.0,0.6
2024-07-08,1,21.4,97.0,3.5,200.0,0.3
2024-07-08,2,21.6,97.0,0.6,200.0,0.4
2024-07-08,3,21.6,97.0,1.4,160.0,0.3
2024-07-08,4,21.4,97.0,0.8,230.0,0.1
2024-07-08,5,20.9,97.0,0.9,180.0,0.2
2024-07-08,6,20.4,98.0,2.3,110.0,0.2
2024-07-08,7,20.5,98.0,1.3,180.0,0.2
2024-07-08,8,21.2,98.0,1.9,200.0,5.0
2024-07-08,9,21.8,97.0,2.4,230.0,10.4
2024-07-08,10,22.7,94.0,2.5,230.0,43.2
2024-07-08,11,23.4,87.0,1.9,250.0,48.0
2024-07-08,12,23.8,86.0,3.2,200.0,41.7
2024-07-08,13,23.8,85.0,2.9,180.0,36.2
2024-07-08,14,23.6,84.0,3.4,180.0,26.8
2024-07-08,15,23.1,89.0,1.9,140.0,16.1
2024-07-08,16,23.4,86.0,1.7,230.0,43.2
2024-07-08,17,23.8,84.0,2.9,180.0,48.8
2024-07-08,18,23.5,88.0,2.4,250.0,43.9
2024-07-08,19,22.4,93.0,2.1,200.0,14.9
2024-07-08,20,22.1,96.0,1.7,250.0,8.7
2024-07-08,21,21.6,96.0,0.3,0.0,9.5
2024-07-08,22,20.4,97.0,1.2,90.0,0.2
2024-07-08,23,21.1,97.0,0.9,320.0,0.1
2024-07-09,0,20.6,97.0,1.0,200.0,0.3
2024-07-09,1,21.1,97.0,0.0,0.0,0.2
2024-07-09,2,20.7,98.0,1.4,110.0,0.3
2024-07-09,3,20.0,98.0,0.1,0.0,0.3
2024-07-09,4,20.5,98.0,1.2,200.0,0.2
2024-07-09,5,20.5,98.0,0.1,0.0,0.2
2024-07-09,6,20.9,98.0,1.2,290.0,0.4
2024-07-09,7,20.9,98.0,0.4,0.0,0.6
2024-07-09,8,21.5,98.0,1.1,230.0,10.1
2024-07-09,9,21.6,96.0,0.9,180.0,6.7
2024-07-09,10,21.3,96.0,1.5,70.0,6.8
2024-07-09,11,22.0,93.0,1.9,140.0,5.3
2024-07-09,12,22.4,90.0,3.2,140.0,8.1
2024-07-09,13,22.0,90.0,3.0,180.0,9.8
2024-07-09,14,22.3,89.0,5.0,180.0,9.4
2024-07-09,15,21.3,95.0,3.5,160.0,2.0
2024-07-09,16,21.2,97.0,4.0,160.0,1.2
2024-07-09,17,21.8,95.0,2.6,140.0,4.2
2024-07-09,18,20.7,96.0,2.4,110.0,3.2
2024-07-09,19,20.9,96.0,1.5,140.0,2.2
2024-07-09,20,20.9,97.0,1.8,110.0,1.4
2024-07-09,21,21.1,97.0,3.1,110.0,1.3
2024-07-09,22,20.9,97.0,3.0,90.0,0.5
2024-07-09,23,21.5,97.0,3.4,90.0,2.7
2024-07-10,0,21.0,97.0,2.3,90.0,0.8
2024-07-10,1,21.4,98.0,2.2,90.0,1.6
2024-07-10,2,21.4,97.0,3.0,70.0,0.3
2024-07-10,3,21.4,98.0,1.8,360.0,1.7
2024-07-10,4,20.9,98.0,2.1,360.0,0.5
2024-07-10,5,20.7,98.0,3.6,360.0,0.2
2024-07-10,6,20.9,98.0,2.1,360.0,0.4
2024-07-10,7,21.3,98.0,1.8,340.0,0.9
2024-07-10,8,20.2,98.0,3.2,320.0,1.3
2024-07-10,9,20.9,98.0,3.9,360.0,3.5
2024-07-10,10,23.0,90.0,3.3,320.0,7.9
2024-07-10,11,23.2,89.0,2.8,320.0,10.9
2024-07-10,12,20.9,90.0,4.4,320.0,4.3
2024-07-10,13,23.3,85.0,3.9,320.0,14.6
2024-07-10,14,22.9,86.0,5.2,320.0,7.8
2024-07-10,15,22.6,87.0,6.0,320.0,7.8
2024-07-10,16,21.3,92.0,5.7,320.0,2.1
2024-07-10,17,20.6,95.0,6.5,320.0,0.4
2024-07-10,18,20.1,97.0,6.4,320.0,0.1
2024-07-10,19,20.0,97.0,6.2,320.0,0.2
2024-07-10,20,20.2,97.0,5.1,340.0,0.8
2024-07-10,21,19.9,98.0,3.8,320.0,0.3
2024-07-10,22,19.6,98.0,3.1,320.0,0.2
2024-07-10,23,19.8,98.0,3.1,320.0,3.0
2024-07-11,0,19.5,98.0,4.4,320.0,0.2
2024-07-11,1,20.3,98.0,4.0,320.0,0.2
2024-07-11,2,20.0,98.0,4.2,320.0,0.2
2024-07-11,3,19.7,98.0,3.9,320.0,0.1
2024-07-11,4,19.3,98.0,3.1,320.0,0.1
2024-07-11,5,19.7,98.0,1.1,290.0,0.1
2024-07-11,6,19.4,98.0,1.8,320.0,0.1
2024-07-11,7,20.8,98.0,1.5,290.0,1.0
2024-07-11,8,22.7,93.0,0.8,290.0,6.0
2024-07-11,9,23.7,81.0,2.0,320.0,8.4
2024-07-11,10,25.0,77.0,1.3,320.0,10.5
2024-07-11,11,25.6,74.0,1.4,110.0,11.8
2024-07-11,12,26.9,67.0,1.8,110.0,20.3
2024-07-11,13,26.7,68.0,1.7,50.0,20.4
2024-07-11,14,27.1,69.0,1.5,180.0,18.4
2024-07-11,15,26.9,68.0,1.7,200.0,22.0
2024-07-11,16,26.9,67.0,1.6,140.0,20.6
2024-07-11,17,24.4,77.0,2.6,90.0,11.7
2024-07-11,18,25.2,71.0,3.1,230.0,13.5
2024-07-11,19,23.8,78.0,1.1,290.0,10.3
2024-07-11,20,22.4,87.0,0.7,320.0,7.2
2024-07-11,21,21.2,92.0,1.2,70.0,3.6
2024-07-11,22,21.2,91.0,0.1,0.0,3.9
2024-07-11,23,21.0,95.0,0.2,0.0,1.4
2024-07-12,0,21.2,95.0,0.0,0.0,1.3
2024-07-12,1,21.0,96.0,0.0,0.0,1.1
2024-07-12,2,20.7,96.0,0.0,0.0,0.9
2024-07-12,3,20.4,97.0,0.6,200.0,0.2
2024-07-12,4,19.9,97.0,0.9,290.0,0.2
2024-07-12,5,19.4,98.0,0.3,0.0,0.5
2024-07-12,6,20.1,98.0,0.0,0.0,0.1
2024-07-12,7,20.2,98.0,0.9,180.0,0.1
2024-07-12,8,21.0,97.0,1.0,140.0,1.6
2024-07-12,9,22.5,97.0,1.2,160.0,7.0
2024-07-12,10,24.7,71.0,1.6,180.0,9.4
2024-07-12,11,24.4,76.0,2.7,180.0,9.0
2024-07-12,12,25.4,69.0,1.8,180.0,10.8
2024-07-12,13,26.9,66.0,1.4,50.0,13.4
2024-07-12,14,26.2,64.0,2.5,200.0,23.7
2024-07-12,15,26.5,65.0,1.8,70.0,13.8
2024-07-12,16,26.5,70.0,1.8,110.0,14.7
2024-07-12,17,26.0,64.0,2.8,200.0,20.0
2024-07-12,18,25.2,71.0,2.1,340.0,12.8
2024-07-12,19,24.2,77.0,1.3,140.0,11.7
2024-07-12,20,22.6,86.0,1.0,320.0,8.8
2024-07-12,21,21.4,91.0,0.3,0.0,5.9
2024-07-12,22,21.3,91.0,1.0,320.0,4.7
2024-07-12,23,21.0,94.0,1.1,320.0,2.4
2024-07-13,0,21.0,95.0,1.0,290.0,2.0
2024-07-13,1,21.2,96.0,1.1,320.0,1.6
2024-07-13,2,21.1,95.0,0.2,0.0,1.9
2024-07-13,3,20.8,96.0,1.3,290.0,1.8
2024-07-13,4,21.3,96.0,0.8,270.0,1.9
2024-07-13,5,20.9,95.0,1.4,340.0,1.5
2024-07-13,6,21.1,95.0,1.9,320.0,1.7
2024-07-13,7,21.6,94.0,1.1,320.0,2.5
2024-07-13,8,23.1,88.0,0.8,290.0,3.9
2024-07-13,9,24.6,78.0,0.9,70.0,10.6
2024-07-13,10,25.5,75.0,1.1,70.0,11.0
2024-07-13,11,25.8,76.0,1.9,110.0,12.1
2024-07-13,12,27.0,74.0,2.4,140.0,12.1
2024-07-13,13,27.7,69.0,2.4,140.0,14.3
2024-07-13,14,26.8,70.0,2.9,200.0,14.7
2024-07-13,15,26.5,71.0,2.5,360.0,12.4
2024-07-13,16,24.3,78.0,3.0,320.0,10.0
2024-07-13,17,24.9,79.0,2.7,290.0,11.8
2024-07-13,18,24.9,78.0,2.0,340.0,11.7
2024-07-13,19,24.9,79.0,1.1,290.0,12.1
2024-07-13,20,23.7,84.0,0.5,270.0,9.2
2024-07-13,21,23.7,85.0,0.3,0.0,9.0
2024-07-13,22,22.9,91.0,1.3,180.0,4.8
2024-07-13,23,23.0,90.0,0.4,0.0,5.9
2024-07-14,0,22.3,93.0,2.2,200.0,3.4
2024-07-14,1,22.4,91.0,0.4,0.0,5.6
2024-07-14,2,21.1,95.0,0.1,0.0,3.4
2024-07-14,3,20.9,96.0,1.6,90.0,2.2
2024-07-14,4,21.5,94.0,1.8,110.0,3.1
2024-07-14,5,21.5,95.0,1.9,110.0,2.4
2024-07-14,6,21.7,96.0,1.8,90.0,1.4
2024-07-14,7,22.9,95.0,1.2,110.0,2.2
2024-07-14,8,24.7,89.0,1.9,90.0,4.1
2024-07-14,9,26.0,81.0,2.3,90.0,6.4
2024-07-14,10,26.6,78.0,3.1,110.0,7.2
2024-07-14,11,27.7,73.0,2.1,140.0,9.6
2024-07-14,12,28.2,68.0,3.3,110.0,7.4
2024-07-14,13,27.7,68.0,3.4,180.0,11.9
2024-07-14,14,28.2,64.0,3.7,160.0,15.5
2024-07-14,15,28.0,65.0,2.9,200.0,17.9
2024-07-14,16,27.2,72.0,2.2,340.0,10.5
2024-07-14,17,26.0,75.0,3.0,340.0,10.0
2024-07-14,18,25.9,75.0,2.8,340.0,12.2
2024-07-14,19,25.1,79.0,2.7,340.0,9.4
2024-07-14,20,23.8,82.0,2.9,340.0,9.8
2024-07-14,21,23.6,81.0,2.5,320.0,10.3
2024-07-14,22,22.7,83.0,1.9,320.0,10.3
2024-07-14,23,23.4,80.0,2.1,320.0,12.4
2024-07-15,0,24.4,75.0,0.0,0.0,14.1
2024-07-15,1,24.3,77.0,0.6,90.0,13.4
2024-07-15,2,23.3,88.0,1.8,90.0,8.8
2024-07-15,3,23.5,90.0,2.1,110.0,8.6
2024-07-15,4,22.7,92.0,2.4,110.0,8.9
2024-07-15,5,23.4,92.0,3.2,110.0,10.7
2024-07-15,6,23.6,90.0,3.3,110.0,15.7
2024-07-15,7,24.1,81.0,3.2,110.0,25.2
2024-07-15,8,25.0,76.0,2.9,110.0,32.5
2024-07-15,9,25.9,72.0,3.5,110.0,37.0
2024-07-15,10,27.1,67.0,4.5,140.0,39.8
2024-07-15,11,28.0,65.0,4.5,110.0,35.3
2024-07-15,12,27.5,64.0,5.8,140.0,39.0
2024-07-15,13,28.2,64.0,3.8,140.0,44.2
2024-07-15,14,27.9,66.0,5.0,180.0,45.8
2024-07-15,15,27.4,66.0,4.3,180.0,39.0
2024-07-15,16,27.2,67.0,5.0,160.0,43.1
2024-07-15,17,26.8,69.0,3.9,160.0,33.4
2024-07-15,18,25.9,73.0,4.0,180.0,36.2
2024-07-15,19,24.7,81.0,5.0,180.0,31.7
2024-07-15,20,24.4,84.0,3.9,160.0,26.4
2024-07-15,21,24.3,86.0,3.3,160.0,24.5
2024-07-15,22,23.5,91.0,3.4,160.0,16.3
2024-07-15,23,23.2,93.0,2.9,140.0,12.9
2024-07-16,0,22.8,94.0,1.4,110.0,10.9
2024-07-16,1,23.0,96.0,2.2,110.0,8.7
2024-07-16,2,22.8,95.0,3.3,110.0,8.9
2024-07-16,3,23.4,94.0,3.8,140.0,17.5
2024-07-16,4,23.2,94.0,4.6,140.0,6.2
2024-07-16,5,23.3,94.0,2.0,110.0,11.6
2024-07-16,6,23.0,96.0,3.0,110.0,2.8
2024-07-16,7,23.1,96.0,3.2,140.0,17.3
2024-07-16,8,23.2,96.0,3.5,140.0,8.2
2024-07-16,9,23.8,93.0,5.9,140.0,11.1
2024-07-16,10,24.1,93.0,3.9,140.0,7.8
2024-07-16,11,23.1,95.0,5.6,140.0,3.9
2024-07-16,12,22.8,96.0,5.5,140.0,2.2
2024-07-16,13,23.4,93.0,5.3,140.0,4.3
2024-07-16,14,23.1,96.0,4.7,140.0,2.9
2024-07-16,15,22.9,97.0,4.7,140.0,1.2
2024-07-16,16,23.5,97.0,3.7,140.0,3.4
2024-07-16,17,23.8,97.0,3.4,160.0,3.8
2024-07-16,18,24.7,93.0,3.2,230.0,11.8
2024-07-16,19,24.1,93.0,4.8,230.0,10.2
2024-07-16,20,23.6,96.0,2.1,230.0,4.9
2024-07-16,21,23.4,96.0,1.9,140.0,10.6
2024-07-16,22,23.8,96.0,5.3,180.0,8.2
2024-07-16,23,23.5,96.0,6.2,160.0,8.4
2024-07-17,0,23.3,96.0,5.2,160.0,8.5
2024-07-17,1,23.3,97.0,5.2,160.0,5.3
2024-07-17,2,22.8,96.0,6.0,140.0,3.7
2024-07-17,3,23.5,97.0,7.7,160.0,1.2
2024-07-17,4,24.4,97.0,4.4,230.0,1.0
2024-07-17,5,24.7,95.0,3.7,230.0,7.9
2024-07-17,6,24.3,93.0,4.6,160.0,6.9
2024-07-17,7,24.1,92.0,3.1,180.0,10.4
2024-07-17,8,24.7,90.0,4.8,200.0,12.5
2024-07-17,9,24.9,92.0,5.9,200.0,9.7
2024-07-17,10,24.9,95.0,5.3,200.0,6.0
2024-07-17,11,24.9,93.0,5.3,200.0,9.1
2024-07-17,12,24.7,93.0,6.0,200.0,9.9
2024-07-17,13,24.4,92.0,4.5,200.0,16.9
2024-07-17,14,24.7,89.0,5.5,200.0,20.1
2024-07-17,15,25.4,85.0,5.7,200.0,25.1
2024-07-17,16,24.5,88.0,6.8,230.0,25.8
2024-07-17,17,24.0,92.0,4.5,200.0,17.2
2024-07-17,18,24.2,85.0,4.5,180.0,30.9
2024-07-17,19,24.2,88.0,7.1,180.0,25.1
2024-07-17,20,23.7,91.0,4.8,200.0,20.6
2024-07-17,21,23.7,92.0,4.9,180.0,17.9
2024-07-17,22,24.3,86.0,3.8,200.0,42.8
2024-07-17,23,23.8,92.0,4.5,160.0,24.2
2024-07-18,0,23.1,95.0,4.7,160.0,11.5
2024-07-18,1,23.8,94.0,4.3,180.0,8.1
2024-07-18,2,24.2,94.0,4.9,200.0,12.5
2024-07-18,3,24.2,95.0,4.0,230.0,15.8
2024-07-18,4,23.8,94.0,5.9,230.0,27.5
2024-07-18,5,23.2,96.0,5.2,250.0,3.6
2024-07-18,6,23.3,97.0,6.1,250.0,4.1
2024-07-18,7,23.7,96.0,4.7,250.0,6.2
2024-07-18,8,24.4,95.0,1.9,270.0,6.0
2024-07-18,9,24.2,95.0,0.7,200.0,4.9
2024-07-18,10,23.8,96.0,0.4,0.0,0.9
2024-07-18,11,23.3,96.0,2.2,180.0,2.4
2024-07-18,12,23.7,97.0,0.9,250.0,1.8
2024-07-18,13,24.6,95.0,0.6,320.0,4.1
2024-07-18,14,25.6,87.0,2.0,340.0,35.1
2024-07-18,15,24.3,92.0,4.0,290.0,3.3
2024-07-18,16,25.3,88.0,3.1,320.0,9.4
2024-07-18,17,25.2,89.0,2.9,320.0,10.1
2024-07-18,18,24.5,90.0,3.5,270.0,7.2
2024-07-18,19,24.6,85.0,2.2,250.0,8.3
2024-07-18,20,23.4,92.0,1.2,250.0,4.4
2024-07-18,21,23.3,94.0,1.2,200.0,2.5
2024-07-18,22,22.6,93.0,2.8,230.0,2.8
2024-07-18,23,22.1,94.0,2.1,200.0,2.5
2024-07-19,0,22.3,95.0,2.5,180.0,1.8
2024-07-19,1,22.4,97.0,1.2,180.0,0.4
2024-07-19,2,21.6,97.0,1.9,110.0,0.2
2024-07-19,3,22.5,97.0,4.2,160.0,1.7
2024-07-19,4,22.2,97.0,3.5,140.0,1.1
2024-07-19,5,22.2,97.0,3.2,140.0,0.3
2024-07-19,6,22.1,97.0,3.3,140.0,0.2
2024-07-19,7,22.5,97.0,4.3,160.0,0.6
2024-07-19,8,22.5,97.0,3.1,140.0,3.2
2024-07-19,9,22.0,97.0,3.8,140.0,0.3
2024-07-19,10,22.5,97.0,4.2,140.0,1.5
2024-07-19,11,23.1,95.0,4.2,140.0,1.3
2024-07-19,12,23.7,92.0,4.2,140.0,3.5
2024-07-19,13,23.9,93.0,4.5,140.0,4.4
2024-07-19,14,24.6,89.0,4.0,140.0,7.8
2024-07-19,15,24.9,90.0,5.2,160.0,8.3
2024-07-19,16,24.1,96.0,4.6,160.0,1.8
2024-07-19,17,24.1,96.0,4.8,160.0,3.1
2024-07-19,18,24.4,93.0,4.0,180.0,8.0
2024-07-19,19,24.7,83.0,4.0,160.0,31.5
2024-07-19,20,23.6,90.0,2.7,200.0,25.0
2024-07-19,21,23.4,92.0,3.7,180.0,17.1
2024-07-19,22,23.8,92.0,4.9,180.0,22.0
2024-07-19,23,23.5,94.0,5.7,160.0,16.1
2024-07-20,0,23.3,93.0,3.9,160.0,18.2
2024-07-20,1,23.3,94.0,4.1,160.0,16.9
2024-07-20,2,23.2,97.0,4.0,160.0,9.4
2024-07-20,3,23.0,96.0,3.9,140.0,10.7
2024-07-20,4,23.0,96.0,4.6,160.0,10.6
2024-07-20,5,23.3,95.0,4.1,160.0,11.9
2024-07-20,6,22.8,97.0,5.4,140.0,9.0
2024-07-20,7,22.7,96.0,5.8,140.0,8.8
2024-07-20,8,22.9,96.0,5.7,140.0,8.9
2024-07-20,9,22.8,96.0,5.8,140.0,6.5
2024-07-20,10,23.5,94.0,5.7,160.0,11.2
2024-07-20,11,23.4,94.0,4.3,160.0,9.6
2024-07-20,12,23.5,96.0,3.7,160.0,6.8
2024-07-20,13,22.9,97.0,4.8,140.0,4.4
2024-07-20,14,22.9,96.0,5.4,140.0,1.8
2024-07-20,15,22.7,97.0,6.5,140.0,4.5
2024-07-20,16,22.8,97.0,7.9,140.0,8.0
2024-07-20,17,23.9,96.0,9.8,160.0,4.4
2024-07-20,18,24.8,92.0,11.0,180.0,7.4
2024-07-20,19,24.4,84.0,8.8,200.0,22.1
2024-07-20,20,23.7,86.0,8.1,200.0,18.3
2024-07-20,21,23.9,85.0,9.9,200.0,22.1
2024-07-20,22,23.2,87.0,10.6,200.0,15.8
2024-07-20,23,21.8,94.0,9.3,230.0,9.7
2024-07-21,0,21.6,94.0,9.0,250.0,13.3
2024-07-21,1,23.0,93.0,8.6,290.0,14.2
2024-07-21,2,21.9,93.0,12.2,290.0,13.4
2024-07-21,3,21.7,91.0,10.1,290.0,20.5
2024-07-21,4,21.8,90.0,5.6,290.0,22.4
2024-07-21,5,21.7,90.0,4.0,270.0,25.1
2024-07-21,6,21.9,90.0,2.6,250.0,33.1
2024-07-21,7,22.0,94.0,1.7,160.0,12.2
2024-07-21,8,22.9,90.0,4.3,200.0,20.5
2024-07-21,9,24.1,83.0,4.9,200.0,29.7
2024-07-21,10,26.2,78.0,2.0,180.0,28.9
2024-07-21,11,25.8,81.0,3.7,180.0,26.1
2024-07-21,12,26.2,81.0,3.5,180.0,27.5
2024-07-21,13,26.7,81.0,3.1,160.0,29.5
2024-07-21,14,26.8,79.0,3.8,180.0,30.1
2024-07-21,15,26.3,79.0,4.1,180.0,28.9
2024-07-21,16,26.4,82.0,4.3,160.0,29.8
2024-07-21,17,24.7,91.0,4.2,180.0,14.0
2024-07-21,18,24.5,93.0,4.1,160.0,6.5
2024-07-21,19,23.8,96.0,5.9,180.0,1.8
2024-07-21,20,23.6,97.0,4.5,180.0,0.6
2024-07-21,21,23.5,97.0,3.4,160.0,0.4
2024-07-21,22,23.5,97.0,4.2,160.0,0.6
2024-07-21,23,23.6,97.0,4.1,160.0,0.4
2024-07-22,0,23.3,97.0,3.9,140.0,0.4
2024-07-22,1,23.1,97.0,5.1,160.0,0.3
2024-07-22,2,23.2,97.0,4.6,140.0,0.2
2024-07-22,3,23.5,97.0,3.8,160.0,0.3
2024-07-22,4,23.5,97.0,3.9,160.0,0.3
2024-07-22,5,23.8,97.0,4.4,160.0,1.3
2024-07-22,6,23.4,97.0,3.0,200.0,0.8
2024-07-22,7,23.6,97.0,3.9,160.0,0.5
2024-07-22,8,24.6,97.0,5.5,160.0,7.2
2024-07-22,9,24.6,96.0,5.4,180.0,8.0
2024-07-22,10,24.0,93.0,4.3,160.0,10.6
2024-07-22,11,24.6,90.0,6.9,160.0,20.6
2024-07-22,12,24.1,93.0,6.8,200.0,14.0
2024-07-22,13,24.5,92.0,7.6,200.0,9.6
2024-07-22,14,23.8,95.0,4.4,180.0,6.0
2024-07-22,15,23.7,96.0,4.7,180.0,3.2
2024-07-22,16,24.0,96.0,6.0,180.0,5.6
2024-07-22,17,24.0,97.0,6.4,180.0,1.9
2024-07-22,18,24.1,97.0,8.2,180.0,2.8
2024-07-22,19,24.1,94.0,4.2,270.0,8.7
2024-07-22,20,23.6,91.0,4.2,250.0,10.9
2024-07-22,21,23.1,91.0,3.5,200.0,14.4
2024-07-22,22,23.1,91.0,3.0,200.0,12.8
2024-07-22,23,23.0,92.0,5.3,230.0,13.9
2024-07-23,0,23.3,93.0,4.2,230.0,17.8
2024-07-23,1,22.8,94.0,6.2,230.0,12.9
2024-07-23,2,22.8,94.0,5.3,230.0,15.6
2024-07-23,3,23.0,93.0,4.0,250.0,18.9
2024-07-23,4,21.9,95.0,1.1,160.0,9.7
2024-07-23,5,21.7,97.0,4.1,180.0,4.1
2024-07-23,6,21.8,97.0,3.2,180.0,3.8
2024-07-23,7,22.4,95.0,2.2,180.0,7.4
2024-07-23,8,24.1,92.0,4.9,200.0,16.1
2024-07-23,9,24.2,92.0,3.4,200.0,16.5
2024-07-23,10,23.5,93.0,3.5,180.0,14.3
2024-07-23,11,24.9,87.0,3.7,180.0,19.1
2024-07-23,12,24.8,87.0,4.8,160.0,18.9
2024-07-23,13,24.8,87.0,3.6,200.0,18.9
2024-07-23,14,25.3,84.0,4.1,180.0,25.3
2024-07-23,15,25.3,85.0,5.5,180.0,31.8
2024-07-23,16,25.7,82.0,4.2,180.0,28.5
2024-07-23,17,25.9,83.0,2.8,200.0,26.4
2024-07-23,18,25.1,84.0,1.9,110.0,23.6
2024-07-23,19,24.3,90.0,2.7,160.0,19.9
2024-07-23,20,23.9,94.0,2.8,160.0,12.0
2024-07-23,21,23.9,93.0,3.3,160.0,13.2
2024-07-23,22,23.6,94.0,5.5,160.0,13.5
2024-07-23,23,23.4,93.0,4.5,160.0,17.5
2024-07-24,0,23.6,93.0,5.4,160.0,18.2
2024-07-24,1,23.7,96.0,3.6,160.0,3.1
2024-07-24,2,23.7,97.0,1.6,160.0,0.8
2024-07-24,3,23.7,97.0,3.0,160.0,2.3
2024-07-24,4,23.9,97.0,2.5,200.0,0.4
2024-07-24,5,23.9,97.0,3.4,200.0,0.7
2024-07-24,6,23.5,97.0,3.5,200.0,0.2
2024-07-24,7,23.9,97.0,2.8,200.0,2.6
2024-07-24,8,24.1,97.0,2.9,200.0,0.4
2024-07-24,9,24.3,97.0,3.8,180.0,0.7
2024-07-24,10,23.4,97.0,1.3,110.0,0.5
2024-07-24,11,23.7,97.0,4.2,160.0,0.8
2024-07-24,12,24.2,97.0,3.9,160.0,3.1
2024-07-24,13,24.9,97.0,5.8,180.0,9.6
2024-07-24,14,25.3,93.0,4.0,180.0,17.7
2024-07-24,15,25.4,93.0,2.8,180.0,16.6
2024-07-24,16,25.0,94.0,4.3,180.0,20.2
2024-07-24,17,24.5,97.0,3.7,180.0,5.0
2024-07-24,18,24.5,97.0,4.7,180.0,6.5
2024-07-24,19,24.4,97.0,3.8,200.0,1.6
2024-07-24,20,24.2,97.0,4.1,200.0,3.9
2024-07-24,21,23.9,97.0,3.5,180.0,3.6
2024-07-24,22,24.2,97.0,3.6,180.0,0.5
2024-07-24,23,24.1,97.0,3.1,200.0,5.8
2024-07-25,0,24.6,97.0,2.8,200.0,4.4
2024-07-25,1,24.8,97.0,3.5,180.0,1.3
2024-07-25,2,24.7,97.0,2.6,200.0,0.8
2024-07-25,3,24.1,97.0,3.5,180.0,0.9
2024-07-25,4,23.7,97.0,2.2,160.0,1.0
2024-07-25,5,23.5,97.0,2.2,200.0,0.3
2024-07-25,6,23.4,97.0,2.2,200.0,0.3
2024-07-25,7,24.1,97.0,4.0,180.0,0.8
2024-07-25,8,24.8,97.0,4.4,180.0,5.6
2024-07-25,9,24.7,97.0,4.0,180.0,15.8
2024-07-25,10,25.4,94.0,4.8,160.0,18.7
2024-07-25,11,25.5,93.0,4.5,180.0,21.0
2024-07-25,12,25.3,92.0,5.0,160.0,16.9
2024-07-25,13,25.7,91.0,6.0,160.0,17.8
2024-07-25,14,25.5,91.0,4.6,160.0,15.2
2024-07-25,15,26.2,88.0,4.2,160.0,19.1
2024-07-25,16,26.5,86.0,4.7,160.0,22.2
2024-07-25,17,26.2,88.0,3.6,160.0,22.3
2024-07-25,18,26.0,89.0,3.4,160.0,20.4
2024-07-25,19,25.6,90.0,2.7,180.0,16.9
2024-07-25,20,24.7,93.0,1.8,200.0,10.4
2024-07-25,21,24.3,93.0,2.4,230.0,11.8
2024-07-25,22,24.5,93.0,1.6,200.0,10.2
2024-07-25,23,24.7,91.0,4.4,160.0,11.3
2024-07-26,0,24.7,92.0,4.4,160.0,10.1
2024-07-26,1,24.9,92.0,4.4,140.0,12.2
2024-07-26,2,24.9,92.0,3.4,140.0,15.2
2024-07-26,3,25.1,89.0,4.0,140.0,24.0
2024-07-26,4,24.8,93.0,3.5,140.0,17.1
2024-07-26,5,24.8,94.0,4.5,140.0,16.0
2024-07-26,6,24.5,95.0,4.4,140.0,14.8
2024-07-26,7,24.9,93.0,4.9,140.0,19.9
2024-07-26,8,25.4,89.0,6.3,140.0,22.7
2024-07-26,9,25.9,85.0,6.1,140.0,25.1
2024-07-26,10,25.6,85.0,6.3,140.0,22.4
2024-07-26,11,25.2,89.0,6.3,140.0,10.4
2024-07-26,12,24.3,93.0,2.8,160.0,3.2
2024-07-26,13,24.5,94.0,4.5,160.0,3.7
2024-07-26,14,24.9,90.0,5.7,160.0,11.0
2024-07-26,15,25.6,89.0,7.1,160.0,16.4
2024-07-26,16,25.6,91.0,8.9,160.0,16.8
2024-07-26,17,25.7,91.0,8.7,160.0,15.5
2024-07-26,18,25.9,89.0,7.0,160.0,19.6
2024-07-26,19,25.4,89.0,7.9,160.0,20.0
2024-07-26,20,25.3,91.0,7.1,160.0,17.1
2024-07-26,21,25.4,92.0,7.9,160.0,16.1
2024-07-26,22,25.4,92.0,7.7,160.0,16.3
2024-07-26,23,25.4,92.0,8.9,160.0,16.0
2024-07-27,0,25.5,92.0,7.9,160.0,15.7
2024-07-27,1,25.4,92.0,6.4,160.0,16.5
2024-07-27,2,25.1,93.0,5.9,160.0,15.6
2024-07-27,3,25.3,92.0,7.0,160.0,18.6
2024-07-27,4,25.2,93.0,7.4,160.0,17.3
2024-07-27,5,25.2,93.0,6.4,160.0,14.2
2024-07-27,6,25.2,94.0,6.7,160.0,15.5
2024-07-27,7,25.1,93.0,7.1,160.0,15.9
2024-07-27,8,25.5,92.0,7.5,160.0,19.2
2024-07-27,9,26.1,90.0,5.5,160.0,22.7
2024-07-27,10,25.4,91.0,5.8,160.0,19.0
2024-07-27,11,25.7,92.0,7.4,160.0,18.3
2024-07-27,12,26.0,89.0,8.5,160.0,23.3
2024-07-27,13,26.4,86.0,8.5,160.0,23.0
2024-07-27,14,26.1,90.0,8.0,160.0,17.8
2024-07-27,15,26.7,88.0,7.5,160.0,18.2
2024-07-27,16,27.1,86.0,7.0,160.0,18.9
2024-07-27,17,26.7,88.0,7.4,160.0,17.9
2024-07-27,18,26.4,89.0,7.9,160.0,14.6
2024-07-27,19,25.9,90.0,7.6,160.0,11.7
2024-07-27,20,26.1,91.0,7.9,160.0,10.8
2024-07-27,21,25.8,92.0,7.5,160.0,9.2
2024-07-27,22,26.0,92.0,7.7,160.0,9.2
2024-07-27,23,25.9,92.0,8.7,160.0,9.6
2024-07-28,0,25.9,91.0,8.8,160.0,9.4
2024-07-28,1,25.9,91.0,9.5,160.0,9.7
2024-07-28,2,25.6,93.0,8.1,160.0,8.9
2024-07-28,3,25.5,92.0,8.4,160.0,9.2
2024-07-28,4,25.7,92.0,9.4,160.0,10.5
2024-07-28,5,25.4,92.0,8.8,160.0,9.6
2024-07-28,6,25.5,92.0,8.8,160.0,10.2
2024-07-28,7,26.3,89.0,11.1,180.0,13.7
2024-07-28,8,25.9,90.0,9.8,180.0,12.6
2024-07-28,9,26.1,89.0,10.4,180.0,13.9
2024-07-28,10,26.3,88.0,9.5,180.0,14.1
2024-07-28,11,26.2,89.0,7.3,180.0,13.0
2024-07-28,12,27.1,85.0,8.9,180.0,15.8
2024-07-28,13,26.9,86.0,9.3,200.0,15.9
2024-07-28,14,27.1,86.0,9.6,200.0,15.7
2024-07-28,15,27.0,86.0,8.6,200.0,14.2
2024-07-28,16,26.8,86.0,8.3,200.0,15.4
2024-07-28,17,26.3,89.0,7.6,200.0,12.7
2024-07-28,18,26.0,90.0,8.0,200.0,11.6
2024-07-28,19,26.0,90.0,6.7,200.0,12.7
2024-07-28,20,25.8,91.0,6.4,200.0,11.8
2024-07-28,21,25.8,91.0,7.5,200.0,11.7
2024-07-28,22,25.7,92.0,5.7,200.0,12.4
2024-07-28,23,25.5,93.0,5.5,200.0,11.7
2024-07-29,0,25.3,94.0,6.1,230.0,10.1
2024-07-29,1,25.3,93.0,6.0,230.0,10.9
2024-07-29,2,25.2,94.0,7.6,230.0,11.9
2024-07-29,3,25.1,92.0,7.2,230.0,13.9
2024-07-29,4,25.1,92.0,6.7,230.0,14.4
2024-07-29,5,25.0,93.0,6.3,230.0,13.0
2024-07-29,6,24.7,93.0,6.7,230.0,12.1
2024-07-29,7,24.7,93.0,7.7,230.0,12.0
2024-07-29,8,25.0,92.0,8.3,230.0,14.0
2024-07-29,9,25.6,89.0,6.8,230.0,16.9
2024-07-29,10,25.0,91.0,5.9,230.0,14.2
2024-07-29,11,25.7,88.0,6.6,230.0,15.9
2024-07-29,12,25.4,90.0,5.9,230.0,14.6
2024-07-29,13,25.2,91.0,5.5,230.0,13.3
2024-07-29,14,25.7,88.0,4.4,230.0,13.9
2024-07-29,15,25.7,88.0,3.4,230.0,16.1
2024-07-29,16,26.5,86.0,2.4,230.0,17.4
2024-07-29,17,25.3,91.0,3.1,200.0,11.8
2024-07-29,18,24.9,92.0,2.5,250.0,10.1
2024-07-29,19,24.4,95.0,2.1,250.0,4.9
2024-07-29,20,24.0,97.0,2.2,230.0,0.9
2024-07-29,21,23.9,97.0,3.3,200.0,0.4
2024-07-29,22,23.9,97.0,3.1,230.0,0.6
2024-07-29,23,24.0,97.0,3.9,200.0,0.5
2024-07-30,0,24.1,97.0,1.5,270.0,0.8
2024-07-30,1,24.3,97.0,0.8,290.0,2.3
2024-07-30,2,24.3,97.0,1.1,180.0,1.6
2024-07-30,3,24.0,97.0,3.6,200.0,0.4
2024-07-30,4,23.9,97.0,1.2,230.0,0.4
2024-07-30,5,23.9,97.0,1.0,180.0,0.2
2024-07-30,6,23.7,97.0,0.8,160.0,0.0
2024-07-30,7,23.8,97.0,1.9,180.0,0.1
2024-07-30,8,24.0,97.0,1.4,160.0,0.1
2024-07-30,9,24.3,97.0,1.9,140.0,0.5
2024-07-30,10,24.4,97.0,2.5,180.0,1.4
2024-07-30,11,25.2,97.0,2.2,180.0,7.3
2024-07-30,12,25.5,93.0,3.0,160.0,9.4
2024-07-30,13,25.8,91.0,3.2,160.0,7.9
2024-07-30,14,26.0,91.0,3.5,180.0,7.2
2024-07-30,15,26.4,89.0,4.5,180.0,11.1
2024-07-30,16,26.3,89.0,5.7,180.0,17.8
2024-07-30,17,25.8,91.0,4.4,180.0,11.7
2024-07-30,18,25.6,93.0,4.7,180.0,7.9
2024-07-30,19,24.8,96.0,5.0,200.0,1.2
2024-07-30,20,24.4,97.0,3.5,160.0,0.7
2024-07-30,21,24.3,97.0,4.2,160.0,0.3
2024-07-30,22,24.2,97.0,4.3,180.0,0.5
2024-07-30,23,24.2,97.0,3.8,160.0,0.4
2024-07-31,0,24.1,97.0,5.4,180.0,0.5
2024-07-31,1,24.0,97.0,4.6,180.0,0.3
2024-07-31,2,24.1,97.0,4.2,180.0,0.2
2024-07-31,3,24.1,97.0,4.3,180.0,0.3
2024-07-31,4,24.0,97.0,3.8,200.0,0.9
2024-07-31,5,24.5,97.0,4.5,160.0,6.6
2024-07-31,6,24.5,95.0,2.3,160.0,9.3
2024-07-31,7,25.0,94.0,4.9,160.0,15.1
2024-07-31,8,25.0,95.0,5.5,160.0,16.9
2024-07-31,9,25.3,94.0,5.7,160.0,19.5
2024-07-31,10,25.5,94.0,5.9,160.0,22.9
2024-07-31,11,26.1,92.0,4.8,160.0,26.6
2024-07-31,12,26.8,89.0,7.7,160.0,28.3
2024-07-31,13,26.5,90.0,7.4,160.0,23.7
2024-07-31,14,26.5,91.0,6.4,160.0,22.3
2024-07-31,15,26.5,90.0,6.9,160.0,22.6
2024-07-31,16,26.4,90.0,7.0,160.0,23.6
2024-07-31,17,26.2,92.0,7.3,180.0,19.7
2024-07-31,18,25.9,93.0,6.7,180.0,17.8
2024-07-31,19,25.6,94.0,6.1,160.0,9.7
2024-07-31,20,25.6,94.0,5.6,160.0,12.5
2024-07-31,21,25.7,93.0,5.8,160.0,12.5
2024-07-31,22,25.5,94.0,6.7,160.0,11.2
2024-07-31,23,25.6,93.0,4.5,180.0,8.9
2025-03-01,0,5.2,,3.8,180.0,0.4
2025-03-01,1,5.2,,2.5,160.0,0.7
2025-03-01,2,4.6,,1.6,110.0,0.2
2025-03-01,3,4.5,,2.3,110.0,0.3
2025-03-01,4,4.4,,2.5,140.0,0.3
2025-03-01,5,4.1,,3.8,140.0,0.3
2025-03-01,6,4.0,,3.2,160.0,3.2
2025-03-01,7,3.8,,4.0,140.0,0.9
2025-03-01,8,3.9,,3.6,140.0,0.3
2025-03-01,9,4.0,,2.5,140.0,0.3
2025-03-01,10,3.8,,4.4,140.0,0.3
2025-03-01,11,4.0,,4.3,140.0,0.9
2025-03-01,12,4.4,,3.0,140.0,2.4
2025-03-01,13,4.7,,3.6,110.0,3.4
2025-03-01,14,7.0,,3.8,140.0,5.0
2025-03-01,15,8.0,,2.9,140.0,6.1
2025-03-01,16,8.9,,2.4,140.0,7.5
2025-03-01,17,9.2,,1.6,160.0,8.7
2025-03-01,18,8.6,,1.0,70.0,7.7
2025-03-01,19,5.0,,1.9,290.0,6.4
2025-03-01,20,3.8,,1.9,320.0,5.9
2025-03-01,21,3.5,,2.1,320.0,6.1
2025-03-01,22,4.7,,1.8,50.0,6.5
2025-03-01,23,4.7,,2.4,90.0,5.5
2025-03-02,0,4.6,,1.9,90.0,4.1
2025-03-02,1,4.3,,2.1,110.0,3.6
2025-03-02,2,4.2,,4.5,320.0,4.3
2025-03-02,3,3.8,,4.6,320.0,3.9
2025-03-02,4,3.4,,2.1,340.0,3.2
2025-03-02,5,3.3,,1.3,290.0,3.9
2025-03-02,6,3.0,,1.4,320.0,3.4
2025-03-02,7,2.4,,2.0,290.0,2.8
2025-03-02,8,3.1,,3.6,340.0,2.4
2025-03-02,9,5.5,,3.4,360.0,6.2
2025-03-02,10,7.4,,1.7,20.0,8.1
2025-03-02,11,9.1,,3.8,50.0,8.6
2025-03-02,12,5.3,,3.6,320.0,9.8
2025-03-02,13,5.8,,5.0,340.0,12.3
2025-03-02,14,4.9,,7.5,340.0,8.0
2025-03-02,15,4.8,,6.7,340.0,4.4
2025-03-02,16,4.8,,5.4,340.0,4.5
2025-03-02,17,6.6,,2.7,360.0,5.4
2025-03-02,18,8.5,,6.0,50.0,5.5
2025-03-02,19,8.4,,5.7,50.0,5.2
2025-03-02,20,6.7,,6.2,70.0,3.2
2025-03-02,21,5.2,,4.8,90.0,4.4
2025-03-02,22,4.4,,3.8,90.0,7.3
2025-03-02,23,4.2,,3.8,90.0,9.1
2025-03-03,0,4.0,,3.3,70.0,6.6
2025-03-03,1,3.5,,4.1,50.0,14.0
2025-03-03,2,3.5,,5.0,50.0,24.7
2025-03-03,3,3.3,,5.3,50.0,26.8
2025-03-03,4,3.3,,5.2,50.0,35.7
2025-03-03,5,3.3,,3.5,50.0,48.7
2025-03-03,6,3.1,,5.2,70.0,46.1
2025-03-03,7,2.8,,5.2,70.0,37.4
2025-03-03,8,2.9,,5.3,70.0,40.0
2025-03-03,9,3.9,,4.8,70.0,42.6
2025-03-03,10,4.6,,5.7,90.0,44.0
2025-03-03,11,5.3,,5.4,90.0,41.8
2025-03-03,12,5.7,,5.4,90.0,39.8
2025-03-03,13,6.1,,3.8,70.0,44.9
2025-03-03,14,6.4,,3.7,70.0,43.0
2025-03-03,15,6.4,,5.4,90.0,40.0
2025-03-03,16,6.2,,4.7,110.0,39.9
2025-03-03,17,5.9,,4.9,90.0,46.0
2025-03-03,18,4.9,,4.6,90.0,40.6
2025-03-03,19,4.0,,5.7,90.0,40.0
2025-03-03,20,3.5,,5.8,90.0,37.0
2025-03-03,21,2.5,,6.9,90.0,41.0
2025-03-03,22,2.0,,7.1,90.0,43.7
2025-03-03,23,1.9,,5.4,90.0,46.7
2025-03-04,0,1.9,,5.1,90.0,49.0
2025-03-04,1,1.9,,6.7,90.0,49.9
2025-03-04,2,1.7,,7.0,90.0,49.8
2025-03-04,3,1.7,,7.2,90.0,49.3
2025-03-04,4,1.6,,6.4,90.0,49.8
2025-03-04,5,1.6,,6.7,90.0,49.8
2025-03-04,6,1.8,,7.6,110.0,49.6
2025-03-04,7,2.1,,5.7,90.0,49.2
2025-03-04,8,2.1,,5.5,90.0,49.4
2025-03-04,9,2.4,,5.8,90.0,48.8
2025-03-04,10,2.7,,5.1,110.0,48.6
2025-03-04,11,0.4,,6.0,110.0,1.8
2025-03-04,12,0.7,,7.4,90.0,5.3
2025-03-04,13,0.9,,5.2,90.0,7.6
2025-03-04,14,1.1,,6.2,90.0,6.2
2025-03-04,15,1.3,,6.1,90.0,7.5
2025-03-04,16,1.5,,7.1,70.0,39.8
2025-03-04,17,2.0,,5.3,70.0,48.7
2025-03-04,18,1.8,,5.2,70.0,43.3
2025-03-04,19,1.5,,5.2,50.0,41.7
2025-03-04,20,1.6,,5.5,70.0,44.2
2025-03-04,21,1.7,,5.3,70.0,46.5
2025-03-04,22,1.7,,5.0,70.0,42.1
2025-03-04,23,1.8,,3.9,50.0,49.0
2025-03-05,0,2.0,,4.4,50.0,49.7
2025-03-05,1,2.0,,5.0,70.0,50.0
2025-03-05,2,2.1,,3.7,50.0,49.2
2025-03-05,3,2.0,,2.7,50.0,50.0
2025-03-05,4,1.8,,1.6,20.0,50.0
2025-03-05,5,1.9,,1.7,20.0,50.0
2025-03-05,6,1.9,,2.0,20.0,49.8
2025-03-05,7,1.8,,2.5,360.0,49.0
2025-03-05,8,2.1,,2.4,50.0,48.1
2025-03-05,9,3.0,,1.3,360.0,49.5
2025-03-05,10,2.6,,3.0,360.0,39.2
2025-03-05,11,3.6,,2.9,360.0,48.3
2025-03-05,12,3.8,,4.7,360.0,39.6
2025-03-05,13,4.7,,5.8,360.0,45.7
2025-03-05,14,4.4,,5.8,340.0,41.5
2025-03-05,15,4.0,,7.7,340.0,46.8
2025-03-05,16,4.0,,6.2,340.0,47.5
2025-03-05,17,3.6,,8.4,340.0,44.9
2025-03-05,18,3.1,,8.7,340.0,37.5
2025-03-05,19,2.9,,6.3,340.0,41.9
2025-03-05,20,2.9,,5.0,340.0,40.8
2025-03-05,21,2.8,73.0,3.5,340.0,19.3
2025-03-05,22,3.0,72.0,3.9,340.0,26.2
2025-03-05,23,3.4,75.0,5.4,320.0,18.1
2025-03-06,0,3.5,79.0,4.6,320.0,16.1
2025-03-06,1,3.3,81.0,3.4,320.0,12.0
2025-03-06,2,3.7,68.0,5.9,340.0,11.9
2025-03-06,3,3.3,67.0,5.7,340.0,11.5
2025-03-06,4,2.9,71.0,5.5,340.0,9.6
2025-03-06,5,2.6,71.0,5.0,360.0,8.7
2025-03-06,6,2.6,67.0,5.8,360.0,8.9
2025-03-06,7,2.5,67.0,6.7,360.0,9.1
2025-03-06,8,2.9,60.0,6.2,360.0,11.3
2025-03-06,9,4.0,46.0,6.8,360.0,17.4
2025-03-06,10,4.4,42.0,8.9,340.0,22.1
2025-03-06,11,4.9,44.0,8.2,340.0,16.2
2025-03-06,12,5.2,41.0,8.4,360.0,20.8
2025-03-06,13,5.1,41.0,9.3,340.0,17.1
2025-03-06,14,4.9,40.0,9.5,340.0,19.3
2025-03-06,15,4.7,42.0,8.5,340.0,19.6
2025-03-06,16,4.7,42.0,8.7,340.0,18.2
2025-03-06,17,4.7,51.0,7.6,340.0,17.1
2025-03-06,18,4.4,54.0,6.6,340.0,17.7
2025-03-06,19,3.9,63.0,4.4,320.0,14.8
2025-03-06,20,3.8,65.0,4.7,320.0,16.7
2025-03-06,21,4.0,63.0,5.2,320.0,23.2
2025-03-06,22,4.2,64.0,6.0,320.0,26.7
2025-03-06,23,4.2,62.0,5.3,320.0,24.2
2025-03-07,0,4.2,64.0,4.3,340.0,22.1
2025-03-07,1,4.1,56.0,6.3,360.0,16.9
2025-03-07,2,3.6,58.0,4.9,340.0,14.7
2025-03-07,3,3.1,62.0,4.7,360.0,14.7
2025-03-07,4,1.7,68.0,0.8,340.0,12.9
2025-03-07,5,0.7,75.0,0.9,270.0,12.5
2025-03-07,6,0.7,76.0,1.9,340.0,11.8
2025-03-07,7,0.5,77.0,1.2,320.0,13.3
2025-03-07,8,1.9,72.0,0.9,290.0,14.9
2025-03-07,9,3.6,68.0,0.5,110.0,19.0
2025-03-07,10,4.9,70.0,1.9,90.0,17.7
2025-03-07,11,5.8,31.0,1.6,160.0,27.4
2025-03-07,12,6.7,43.0,1.8,200.0,35.5
2025-03-07,13,6.5,45.0,2.3,320.0,34.1
2025-03-07,14,6.7,35.0,3.6,320.0,28.2
2025-03-07,15,6.4,39.0,3.6,290.0,39.8
2025-03-07,16,5.2,50.0,3.8,320.0,30.4
2025-03-07,17,4.7,52.0,3.0,320.0,31.7
2025-03-07,18,4.0,62.0,1.6,320.0,30.2
2025-03-07,19,3.2,67.0,0.8,290.0,26.7
2025-03-07,20,3.8,45.0,0.6,160.0,36.2
2025-03-07,21,3.3,49.0,1.5,140.0,30.8
2025-03-07,22,3.2,58.0,1.9,140.0,34.3
2025-03-07,23,3.2,55.0,1.7,180.0,35.2
2025-03-08,0,2.8,70.0,1.9,180.0,33.6
2025-03-08,1,3.2,80.0,1.7,160.0,18.6
2025-03-08,2,4.0,71.0,1.0,200.0,24.0
2025-03-08,3,4.2,72.0,1.2,200.0,23.1
2025-03-08,4,4.3,73.0,1.4,230.0,24.0
2025-03-08,5,4.1,76.0,1.0,230.0,21.1
2025-03-08,6,3.9,80.0,0.9,180.0,18.1
2025-03-08,7,3.2,90.0,2.0,90.0,10.5
2025-03-08,8,3.6,92.0,2.7,90.0,8.3
2025-03-08,9,5.0,82.0,3.0,110.0,16.4
2025-03-08,10,5.7,79.0,3.3,110.0,14.4
2025-03-08,11,6.1,75.0,4.5,140.0,20.0
2025-03-08,12,7.1,68.0,3.9,180.0,20.8
2025-03-08,13,7.5,49.0,3.3,180.0,29.9
2025-03-08,14,6.9,59.0,3.5,180.0,26.9
2025-03-08,15,6.1,65.0,3.1,200.0,21.5
2025-03-08,16,6.5,64.0,2.0,200.0,15.6
2025-03-08,17,6.0,72.0,2.4,180.0,10.3
2025-03-08,18,5.7,75.0,1.3,200.0,13.1
2025-03-08,19,5.4,77.0,0.7,180.0,12.8
2025-03-08,20,4.4,81.0,1.3,110.0,10.4
2025-03-08,21,4.0,88.0,1.2,140.0,7.6
2025-03-08,22,3.7,89.0,1.3,110.0,8.4
2025-03-08,23,3.3,92.0,1.3,110.0,4.7
2025-03-09,0,3.7,93.0,0.7,110.0,5.8
2025-03-09,1,3.2,94.0,1.6,110.0,3.9
2025-03-09,2,2.7,95.0,2.5,90.0,1.7
2025-03-09,3,2.6,95.0,2.1,110.0,1.2
2025-03-09,4,2.4,95.0,2.0,110.0,1.7
2025-03-09,5,3.3,96.0,2.1,110.0,0.5
2025-03-09,6,3.4,96.0,1.9,110.0,0.1
2025-03-09,7,3.1,97.0,2.5,110.0,0.1
2025-03-09,8,3.2,97.0,3.4,110.0,0.1
2025-03-09,9,3.4,97.0,3.6,140.0,0.2
2025-03-09,10,3.9,97.0,3.2,140.0,0.3
2025-03-09,11,6.1,85.0,3.4,140.0,7.2
2025-03-09,12,6.7,79.0,3.5,180.0,8.9
2025-03-09,13,8.2,75.0,3.6,160.0,11.7
2025-03-09,14,7.5,77.0,3.4,160.0,8.6
2025-03-09,15,5.1,85.0,2.8,180.0,3.6
2025-03-09,16,5.3,86.0,2.8,160.0,6.4
2025-03-09,17,4.5,89.0,1.5,180.0,4.0
2025-03-09,18,3.3,95.0,2.5,180.0,0.2
2025-03-09,19,2.9,96.0,3.5,180.0,0.2
2025-03-09,20,3.1,97.0,1.4,140.0,0.1
2025-03-09,21,3.9,97.0,2.6,160.0,0.1
2025-03-09,22,4.5,97.0,2.3,160.0,0.7
2025-03-09,23,4.5,97.0,2.0,160.0,0.7
2025-03-10,0,4.3,97.0,2.3,140.0,0.5
2025-03-10,1,3.9,97.0,1.8,140.0,0.3
2025-03-10,2,4.0,97.0,1.5,140.0,0.1
2025-03-10,3,3.8,97.0,2.0,140.0,0.1
2025-03-10,4,3.4,97.0,2.4,110.0,0.1
2025-03-10,5,3.3,97.0,2.3,140.0,0.1
2025-03-10,6,2.9,97.0,3.6,160.0,0.1
2025-03-10,7,2.6,97.0,4.6,160.0,0.1
2025-03-10,8,2.4,97.0,3.9,140.0,0.1
2025-03-10,9,2.3,97.0,4.1,140.0,0.1
2025-03-10,10,2.4,97.0,2.6,160.0,0.2
2025-03-10,11,2.6,97.0,4.0,160.0,0.8
2025-03-10,12,3.2,97.0,5.1,160.0,3.1
2025-03-10,13,4.3,90.0,3.9,160.0,4.7
2025-03-10,14,6.2,75.0,3.2,180.0,7.4
2025-03-10,15,5.9,74.0,4.0,180.0,7.6
2025-03-10,16,6.4,70.0,4.3,200.0,6.2
2025-03-10,17,3.9,88.0,3.5,180.0,3.8
2025-03-10,18,2.9,95.0,4.6,160.0,0.7
2025-03-10,19,2.4,96.0,5.6,180.0,0.2
2025-03-10,20,2.5,96.0,1.3,160.0,0.2
2025-03-10,21,2.5,97.0,3.5,140.0,0.2
2025-03-10,22,2.3,97.0,3.1,140.0,0.2
2025-03-10,23,2.0,97.0,3.1,140.0,0.2
2025-03-11,0,1.9,97.0,2.4,140.0,0.2
2025-03-11,1,2.2,97.0,2.8,160.0,0.2
2025-03-11,2,3.0,97.0,2.6,140.0,0.2
2025-03-11,3,3.0,97.0,1.9,140.0,0.1
2025-03-11,4,2.9,97.0,2.8,140.0,0.1
2025-03-11,5,2.7,97.0,3.1,140.0,0.1
2025-03-11,6,2.4,97.0,3.5,140.0,0.1
2025-03-11,7,2.4,97.0,3.3,160.0,0.2
2025-03-11,8,2.6,97.0,2.6,140.0,0.1
2025-03-11,9,3.5,97.0,3.7,160.0,0.2
2025-03-11,10,4.8,97.0,3.6,160.0,1.7
2025-03-11,11,6.9,94.0,4.4,160.0,6.8
2025-03-11,12,8.0,73.0,3.7,180.0,9.8
2025-03-11,13,9.0,69.0,3.7,180.0,11.6
2025-03-11,14,8.3,71.0,3.4,180.0,9.9
2025-03-11,15,10.1,65.0,3.4,180.0,12.9
2025-03-11,16,9.0,69.0,3.0,160.0,13.3
2025-03-11,17,7.1,78.0,3.2,200.0,8.7
2025-03-11,18,7.4,75.0,4.5,200.0,12.4
2025-03-11,19,7.3,77.0,3.3,200.0,11.3
2025-03-11,20,7.0,82.0,3.6,200.0,9.3
2025-03-11,21,6.7,81.0,1.7,160.0,8.0
2025-03-11,22,6.3,82.0,2.4,180.0,8.5
2025-03-11,23,5.8,89.0,2.8,180.0,4.8
2025-03-12,0,5.6,91.0,1.8,140.0,4.1
2025-03-12,1,5.4,90.0,1.6,180.0,3.9
2025-03-12,2,6.6,74.0,2.8,200.0,14.2
2025-03-12,3,6.6,75.0,3.5,200.0,11.1
2025-03-12,4,7.4,72.0,3.6,200.0,12.7
2025-03-12,5,5.9,81.0,1.7,160.0,8.2
2025-03-12,6,8.0,79.0,2.8,230.0,11.1
2025-03-12,7,7.5,84.0,3.5,230.0,8.1
2025-03-12,8,7.6,90.0,4.9,200.0,4.9
2025-03-12,9,8.1,94.0,2.4,230.0,3.6
2025-03-12,10,8.0,94.0,3.4,230.0,4.5
2025-03-12,11,8.5,91.0,3.7,250.0,11.8
2025-03-12,12,8.7,84.0,3.8,250.0,11.0
2025-03-12,13,9.6,79.0,5.2,290.0,6.2
2025-03-12,14,8.8,80.0,5.9,320.0,5.1
2025-03-12,15,8.5,80.0,5.3,320.0,4.2
2025-03-12,16,8.5,77.0,3.7,320.0,4.5
2025-03-12,17,8.1,72.0,4.4,290.0,4.3
2025-03-12,18,7.8,68.0,3.4,290.0,5.1
2025-03-12,19,6.4,67.0,3.8,290.0,5.9
2025-03-12,20,6.4,61.0,3.4,290.0,9.8
2025-03-12,21,6.3,62.0,3.7,290.0,10.7
2025-03-12,22,5.7,71.0,3.1,320.0,7.7
2025-03-12,23,5.5,67.0,2.5,290.0,13.1
2025-03-13,0,5.4,65.0,1.8,320.0,18.8
2025-03-13,1,5.6,62.0,2.3,290.0,25.3
2025-03-13,2,4.7,70.0,2.4,290.0,22.6
2025-03-13,3,5.2,67.0,1.8,290.0,29.5
2025-03-13,4,4.7,71.0,2.5,290.0,34.1
2025-03-13,5,5.2,65.0,2.2,320.0,34.8
2025-03-13,6,5.4,56.0,1.8,340.0,32.3
2025-03-13,7,5.0,58.0,1.3,320.0,34.3
2025-03-13,8,5.7,51.0,1.3,290.0,27.4
2025-03-13,9,8.4,33.0,1.9,340.0,30.5
2025-03-13,10,9.5,23.0,2.7,360.0,29.1
2025-03-13,11,9.4,33.0,2.8,290.0,30.7
2025-03-13,12,10.0,30.0,3.4,320.0,28.9
2025-03-13,13,10.3,25.0,3.9,320.0,34.9
2025-03-13,14,11.5,16.0,3.8,360.0,37.4
2025-03-13,15,11.1,23.0,3.4,290.0,32.9
2025-03-13,16,9.7,27.0,3.3,320.0,35.0
2025-03-13,17,8.7,29.0,3.0,320.0,38.6
2025-03-13,18,7.2,37.0,2.8,320.0,43.0
2025-03-13,19,6.0,41.0,3.4,320.0,42.2
2025-03-13,20,5.5,50.0,3.1,340.0,42.0
2025-03-13,21,5.3,49.0,3.1,320.0,44.3
2025-03-13,22,5.4,44.0,1.9,340.0,47.2
2025-03-13,23,5.3,42.0,2.1,320.0,47.5
2025-03-14,0,6.3,31.0,2.0,340.0,49.7
2025-03-14,1,7.0,29.0,3.3,340.0,49.5
2025-03-14,2,7.4,27.0,2.2,360.0,50.0
2025-03-14,3,6.5,32.0,2.0,340.0,49.4
2025-03-14,4,7.3,26.0,2.8,20.0,47.9
2025-03-14,5,6.7,27.0,2.5,50.0,47.3
2025-03-14,6,6.2,38.0,2.7,70.0,48.1
2025-03-14,7,4.9,43.0,1.5,50.0,41.4
2025-03-14,8,5.4,45.0,0.7,20.0,44.3
2025-03-14,9,8.2,35.0,2.4,360.0,45.9
2025-03-14,10,10.7,25.0,2.4,50.0,40.0
2025-03-14,11,11.5,26.0,2.2,50.0,38.9
2025-03-14,12,11.4,26.0,2.5,340.0,40.2
2025-03-14,13,9.8,34.0,6.2,360.0,39.0
2025-03-14,14,11.0,30.0,4.9,340.0,38.5
2025-03-14,15,10.3,26.0,5.6,340.0,45.8
2025-03-14,16,10.2,26.0,4.8,340.0,41.3
2025-03-14,17,8.4,32.0,6.0,340.0,40.5
2025-03-14,18,8.2,35.0,4.0,360.0,47.2
2025-03-14,19,7.4,38.0,5.8,360.0,49.5
2025-03-14,20,6.9,44.0,4.5,340.0,48.7
2025-03-14,21,7.4,38.0,4.6,360.0,48.8
2025-03-14,22,7.8,34.0,6.4,360.0,49.8
2025-03-14,23,8.0,33.0,5.5,360.0,50.0
2025-03-15,0,8.0,29.0,5.0,360.0,49.3
2025-03-15,1,8.0,31.0,3.3,340.0,49.3
2025-03-15,2,8.0,28.0,4.5,360.0,48.8
2025-03-15,3,7.3,36.0,5.4,340.0,48.5
2025-03-15,4,6.9,38.0,1.9,360.0,48.7
2025-03-15,5,7.0,35.0,4.1,360.0,46.8
2025-03-15,6,6.7,35.0,2.9,360.0,48.1
2025-03-15,7,5.8,50.0,4.6,360.0,46.1
2025-03-15,8,5.7,58.0,4.5,360.0,43.3
2025-03-15,9,8.7,38.0,2.1,20.0,45.3
2025-03-15,10,10.9,24.0,2.6,50.0,38.2
2025-03-15,11,8.9,45.0,2.3,290.0,40.5
2025-03-15,12,11.3,39.0,2.1,160.0,31.0
2025-03-15,13,12.0,29.0,3.3,200.0,39.8
2025-03-15,14,7.0,58.0,6.4,320.0,34.9
2025-03-15,15,6.8,56.0,6.7,320.0,26.0
2025-03-15,16,7.2,45.0,6.0,340.0,35.2
2025-03-15,17,6.5,45.0,6.6,340.0,37.5
2025-03-15,18,5.5,63.0,3.1,340.0,22.5
2025-03-15,19,5.2,64.0,4.6,340.0,21.7
2025-03-15,20,5.1,68.0,3.5,320.0,23.3
2025-03-15,21,5.4,63.0,5.8,320.0,24.5
2025-03-15,22,5.7,62.0,6.6,320.0,21.5
2025-03-15,23,5.3,62.0,4.9,340.0,15.8
2025-03-16,0,4.9,60.0,6.1,340.0,19.0
2025-03-16,1,4.7,64.0,6.2,340.0,18.4
2025-03-16,2,4.4,66.0,6.9,340.0,18.4
2025-03-16,3,4.0,65.0,7.2,360.0,30.9
2025-03-16,4,3.7,65.0,6.5,360.0,24.9
2025-03-16,5,3.1,60.0,10.2,360.0,20.9
2025-03-16,6,2.4,59.0,10.1,360.0,22.6
2025-03-16,7,2.0,57.0,10.6,360.0,20.6
2025-03-16,8,1.9,47.0,12.1,340.0,24.7
2025-03-16,9,2.0,39.0,14.2,340.0,33.9
2025-03-16,10,2.2,34.0,14.0,340.0,40.2
2025-03-16,11,2.4,34.0,15.0,340.0,35.5
2025-03-16,12,3.0,31.0,10.1,340.0,36.6
2025-03-16,13,2.8,29.0,10.4,340.0,38.4
2025-03-16,14,3.0,34.0,9.2,340.0,32.6
2025-03-16,15,2.7,31.0,11.6,320.0,39.0
2025-03-16,16,2.5,33.0,12.0,320.0,39.0
2025-03-16,17,2.4,30.0,10.5,320.0,42.4
2025-03-16,18,2.2,35.0,12.3,320.0,37.2
2025-03-16,19,2.3,35.0,11.4,320.0,32.9
2025-03-16,20,2.4,35.0,8.8,340.0,26.2
2025-03-16,21,2.6,40.0,10.2,340.0,25.2
2025-03-16,22,2.4,35.0,11.9,340.0,22.4
2025-03-16,23,2.2,36.0,12.0,340.0,23.9
2025-03-17,0,1.9,38.0,12.1,340.0,23.6
2025-03-17,1,1.6,38.0,11.2,340.0,23.1
2025-03-17,2,1.3,39.0,9.4,340.0,23.5
2025-03-17,3,1.2,40.0,9.6,340.0,24.5
2025-03-17,4,1.1,39.0,8.9,340.0,23.7
2025-03-17,5,0.9,40.0,8.4,340.0,21.6
2025-03-17,6,0.8,40.0,5.5,340.0,25.2
2025-03-17,7,0.8,43.0,4.5,340.0,25.0
2025-03-17,8,1.5,38.0,5.2,340.0,30.0
2025-03-17,9,2.3,38.0,4.7,320.0,34.1
2025-03-17,10,3.5,36.0,3.5,360.0,40.2
2025-03-17,11,3.8,35.0,3.2,320.0,41.0
2025-03-17,12,4.6,36.0,2.8,320.0,38.3
2025-03-17,13,4.5,36.0,5.4,180.0,41.2
2025-03-17,14,4.8,41.0,5.2,180.0,44.2
2025-03-17,15,5.3,48.0,5.2,180.0,36.7
2025-03-17,16,4.9,55.0,4.7,180.0,24.6
2025-03-17,17,5.3,43.0,5.3,250.0,37.1
2025-03-17,18,4.6,51.0,0.9,250.0,33.9
2025-03-17,19,4.1,58.0,6.3,250.0,32.0
2025-03-17,20,2.3,89.0,2.6,160.0,6.5
2025-03-17,21,2.9,83.0,1.0,270.0,9.9
2025-03-17,22,2.4,92.0,3.3,70.0,6.6
2025-03-17,23,2.1,91.0,1.5,50.0,7.0
2025-03-18,0,-0.6,94.0,12.0,360.0,0.8
2025-03-18,1,-0.4,94.0,11.7,360.0,1.0
2025-03-18,2,-0.3,90.0,11.7,340.0,2.0
2025-03-18,3,0.3,69.0,12.1,360.0,8.6
2025-03-18,4,1.2,52.0,11.2,360.0,20.9
2025-03-18,5,1.4,51.0,8.5,360.0,22.0
2025-03-18,6,1.3,52.0,11.3,360.0,18.9
2025-03-18,7,1.1,58.0,9.7,360.0,16.9
2025-03-18,8,0.9,51.0,10.9,360.0,18.1
2025-03-18,9,1.2,48.0,10.8,360.0,16.8
2025-03-18,10,1.5,50.0,11.3,360.0,14.7
2025-03-18,11,1.4,49.0,11.0,360.0,15.2
2025-03-18,12,1.7,51.0,11.9,340.0,16.0
2025-03-18,13,1.8,45.0,12.8,340.0,15.4
2025-03-18,14,2.1,44.0,12.3,340.0,16.0
2025-03-18,15,2.2,37.0,12.4,340.0,26.8
2025-03-18,16,2.4,36.0,11.1,340.0,31.9
2025-03-18,17,2.5,37.0,10.8,340.0,24.5
2025-03-18,18,2.5,39.0,7.1,340.0,21.3
2025-03-18,19,2.1,42.0,9.9,320.0,23.1
2025-03-18,20,2.4,45.0,7.8,320.0,21.6
2025-03-18,21,2.5,48.0,8.3,320.0,22.3
2025-03-18,22,2.7,43.0,7.9,320.0,23.9
2025-03-18,23,2.9,40.0,8.6,340.0,18.0
2025-03-19,0,2.6,40.0,9.0,340.0,19.3
2025-03-19,1,2.2,41.0,6.9,360.0,20.1
2025-03-19,2,2.0,42.0,6.5,360.0,20.3
2025-03-19,3,1.8,43.0,6.3,360.0,19.4
2025-03-19,4,1.7,44.0,6.2,340.0,20.0
2025-03-19,5,1.6,45.0,5.6,340.0,18.7
2025-03-19,6,1.4,46.0,4.7,340.0,19.1
2025-03-19,7,1.4,43.0,3.9,340.0,19.0
2025-03-19,8,2.0,42.0,3.7,340.0,20.0
2025-03-19,9,2.9,42.0,4.2,360.0,17.6
2025-03-19,10,3.5,41.0,2.8,290.0,21.2
2025-03-19,11,4.2,38.0,2.7,360.0,20.2
2025-03-19,12,4.6,37.0,2.3,320.0,20.6
2025-03-19,13,5.3,40.0,5.0,340.0,23.7
2025-03-19,14,6.0,32.0,3.4,270.0,27.3
2025-03-19,15,5.3,39.0,4.6,200.0,37.0
2025-03-19,16,5.6,44.0,4.7,180.0,34.0
2025-03-19,17,5.3,51.0,4.3,200.0,38.3
2025-03-19,18,5.1,58.0,4.1,180.0,31.8
2025-03-19,19,4.5,66.0,4.1,160.0,31.8
2025-03-19,20,4.9,70.0,5.0,160.0,29.1
2025-03-19,21,4.7,80.0,3.1,180.0,21.8
2025-03-19,22,4.7,85.0,1.9,200.0,12.2
2025-03-19,23,4.4,89.0,3.0,180.0,5.8
2025-03-20,0,4.6,87.0,2.2,180.0,6.4
2025-03-20,1,4.4,92.0,1.8,110.0,5.7
2025-03-20,2,3.9,94.0,2.1,110.0,3.6
2025-03-20,3,4.0,95.0,2.0,140.0,3.4
2025-03-20,4,3.8,95.0,1.5,110.0,3.2
2025-03-20,5,4.2,96.0,1.2,140.0,3.2
2025-03-20,6,3.9,96.0,1.8,110.0,1.6
2025-03-20,7,4.3,96.0,3.7,140.0,1.9
2025-03-20,8,5.5,96.0,3.0,140.0,2.9
2025-03-20,9,7.0,89.0,2.7,160.0,4.7
2025-03-20,10,8.1,80.0,4.7,160.0,7.2
2025-03-20,11,8.9,75.0,4.4,160.0,8.8
2025-03-20,12,10.3,66.0,3.1,160.0,9.9
2025-03-20,13,11.4,57.0,3.5,180.0,11.5
2025-03-20,14,12.3,51.0,4.3,180.0,11.7
2025-03-20,15,13.3,44.0,6.5,230.0,11.7
2025-03-20,16,12.3,47.0,6.5,230.0,10.3
2025-03-20,17,10.7,58.0,6.2,250.0,7.9
2025-03-20,18,9.8,63.0,4.4,250.0,7.4
2025-03-20,19,7.8,75.0,2.7,250.0,5.7
2025-03-20,20,6.8,79.0,1.3,250.0,4.8
2025-03-20,21,6.2,78.0,2.2,270.0,4.8
2025-03-20,22,5.4,89.0,1.8,200.0,2.2
2025-03-20,23,5.1,91.0,0.5,180.0,1.8
2025-03-21,0,5.2,93.0,1.9,200.0,1.2
2025-03-21,1,5.3,93.0,1.4,180.0,1.1
2025-03-21,2,4.6,94.0,1.7,110.0,0.9
2025-03-21,3,4.4,96.0,2.8,90.0,0.1
2025-03-21,4,3.3,96.0,3.1,90.0,0.1
2025-03-21,5,3.4,97.0,2.8,110.0,0.1
2025-03-21,6,3.2,97.0,3.2,140.0,0.1
2025-03-21,7,3.7,97.0,3.2,140.0,0.1
2025-03-21,8,3.9,97.0,3.2,140.0,0.1
2025-03-21,9,4.4,97.0,3.0,140.0,0.1
2025-03-21,10,5.0,97.0,4.0,140.0,0.2
2025-03-21,11,5.3,97.0,4.4,140.0,1.2
2025-03-21,12,7.3,91.0,2.3,200.0,2.7
2025-03-21,13,8.8,75.0,2.7,180.0,4.2
2025-03-21,14,9.0,68.0,3.4,180.0,5.6
2025-03-21,15,8.9,72.0,2.7,200.0,5.8
2025-03-21,16,13.7,39.0,5.1,250.0,19.3
2025-03-21,17,13.0,41.0,4.4,250.0,25.5
2025-03-21,18,12.2,44.0,3.3,270.0,22.6
2025-03-21,19,10.5,50.0,2.4,270.0,19.8
2025-03-21,20,8.8,58.0,1.9,290.0,16.9
2025-03-21,21,10.7,49.0,5.1,290.0,16.9
2025-03-21,22,10.9,45.0,2.6,290.0,18.6
2025-03-21,23,9.2,56.0,1.0,340.0,15.1
2025-03-22,0,12.2,42.0,2.6,290.0,26.1
2025-03-22,1,12.7,42.0,2.0,270.0,21.0
2025-03-22,2,14.0,38.0,3.6,270.0,18.8
2025-03-22,3,13.6,41.0,2.7,270.0,18.1
2025-03-22,4,7.1,76.0,3.7,90.0,8.6
2025-03-22,5,12.1,48.0,1.5,250.0,17.3
2025-03-22,6,10.9,53.0,3.9,340.0,18.3
2025-03-22,7,11.9,47.0,5.2,290.0,20.6
2025-03-22,8,13.4,40.0,7.5,290.0,20.7
2025-03-22,9,13.1,43.0,5.9,320.0,21.1
2025-03-22,10,15.0,35.0,5.7,320.0,20.5
2025-03-22,11,15.2,35.0,7.6,290.0,18.4
2025-03-22,12,14.5,41.0,5.0,290.0,15.9
2025-03-22,13,16.5,31.0,6.6,290.0,14.2
2025-03-22,14,17.0,28.0,5.7,290.0,14.1
2025-03-22,15,16.7,30.0,4.6,270.0,12.0
2025-03-22,16,17.0,28.0,3.8,270.0,12.6
2025-03-22,17,15.2,35.0,4.3,250.0,13.1
2025-03-22,18,14.2,34.0,4.8,290.0,14.0
2025-03-22,19,11.5,47.0,1.2,230.0,12.8
2025-03-22,20,10.6,48.0,1.7,250.0,13.5
2025-03-22,21,11.2,43.0,2.4,270.0,13.9
2025-03-22,22,12.4,35.0,2.9,290.0,14.3
2025-03-22,23,8.8,57.0,1.2,140.0,11.3
2025-03-23,0,8.7,62.0,1.8,180.0,10.1
2025-03-23,1,8.4,63.0,1.7,160.0,9.8
2025-03-23,2,7.0,73.0,1.2,160.0,7.7
2025-03-23,3,6.2,81.0,2.3,140.0,5.6
2025-03-23,4,7.1,81.0,3.4,140.0,5.1
2025-03-23,5,6.1,88.0,3.7,140.0,2.7
2025-03-23,6,6.0,88.0,3.8,140.0,2.9
2025-03-23,7,5.9,90.0,3.5,140.0,2.4
2025-03-23,8,6.9,86.0,4.5,140.0,3.4
2025-03-23,9,7.9,81.0,4.2,140.0,4.2
2025-03-23,10,8.7,78.0,5.4,140.0,5.0
2025-03-23,11,11.3,70.0,4.7,140.0,6.2
2025-03-23,12,11.7,64.0,5.2,160.0,7.0
2025-03-23,13,12.7,60.0,5.1,160.0,7.1
2025-03-23,14,11.7,62.0,4.9,160.0,7.3
2025-03-23,15,10.6,66.0,5.5,160.0,7.3
2025-03-23,16,10.4,68.0,5.9,160.0,7.7
2025-03-23,17,9.7,72.0,5.6,160.0,8.1
2025-03-23,18,9.0,75.0,5.7,160.0,8.5
2025-03-23,19,8.5,79.0,6.7,160.0,7.5
2025-03-23,20,8.2,81.0,5.5,160.0,6.1
2025-03-23,21,8.0,83.0,4.7,140.0,5.2
2025-03-23,22,8.2,81.0,5.5,160.0,5.4
2025-03-23,23,8.1,80.0,5.1,160.0,5.7
2025-03-24,0,8.2,80.0,6.3,160.0,5.8
2025-03-24,1,7.9,81.0,5.2,140.0,6.0
2025-03-24,2,7.6,83.0,4.7,110.0,6.4
2025-03-24,3,7.3,85.0,3.3,110.0,6.0
2025-03-24,4,7.6,83.0,6.0,140.0,6.2
2025-03-24,5,7.5,83.0,4.0,110.0,6.4
2025-03-24,6,6.7,88.0,3.7,110.0,4.2
2025-03-24,7,7.3,84.0,3.1,140.0,5.2
2025-03-24,8,7.4,85.0,4.3,110.0,5.1
2025-03-24,9,9.2,76.0,3.3,140.0,7.4
2025-03-24,10,11.1,66.0,3.7,110.0,9.8
2025-03-24,11,12.5,63.0,2.8,160.0,10.0
2025-03-24,12,13.4,61.0,2.9,140.0,9.2
2025-03-24,13,12.7,64.0,3.0,200.0,8.8
2025-03-24,14,12.0,66.0,2.6,200.0,8.2
2025-03-24,15,12.9,62.0,1.9,200.0,8.1
2025-03-24,16,12.6,64.0,0.9,200.0,7.4
2025-03-24,17,10.1,73.0,3.6,320.0,6.2
2025-03-24,18,7.6,80.0,3.9,320.0,6.3
2025-03-24,19,7.0,82.0,2.4,320.0,6.5
2025-03-24,20,7.1,83.0,4.9,290.0,3.7
2025-03-24,21,7.3,78.0,4.0,290.0,5.0
2025-03-24,22,6.9,79.0,3.8,290.0,5.5
2025-03-24,23,6.9,75.0,3.2,320.0,7.4
2025-03-25,0,6.9,73.0,4.7,290.0,9.4
2025-03-25,1,6.1,74.0,2.0,270.0,9.6
2025-03-25,2,6.3,70.0,1.6,270.0,14.9
2025-03-25,3,5.0,77.0,2.7,180.0,10.3
2025-03-25,4,5.3,80.0,2.6,160.0,7.9
2025-03-25,5,5.4,92.0,2.3,160.0,2.5
2025-03-25,6,4.7,95.0,5.7,140.0,0.2
2025-03-25,7,4.9,96.0,7.2,140.0,0.2
2025-03-25,8,5.4,96.0,6.1,140.0,2.0
2025-03-25,9,6.4,88.0,7.1,140.0,4.6
2025-03-25,10,7.2,85.0,8.1,140.0,3.7
2025-03-25,11,6.7,87.0,7.1,140.0,4.1
2025-03-25,12,9.2,73.0,5.8,180.0,6.2
2025-03-25,13,11.3,68.0,5.8,200.0,5.4
2025-03-25,14,13.0,51.0,7.8,270.0,7.8
2025-03-25,15,11.1,53.0,7.8,290.0,14.1
2025-03-25,16,10.8,52.0,8.8,290.0,16.5
2025-03-25,17,10.3,56.0,9.3,290.0,15.7
2025-03-25,18,9.5,60.0,8.2,290.0,13.4
2025-03-25,19,8.3,66.0,7.5,290.0,12.4
2025-03-25,20,8.1,66.0,6.7,290.0,11.2
2025-03-25,21,7.7,66.0,6.6,290.0,10.0
2025-03-25,22,7.1,69.0,7.1,320.0,9.3
2025-03-25,23,6.3,78.0,5.0,320.0,9.2
2025-03-26,0,6.1,75.0,4.5,340.0,8.1
2025-03-26,1,5.7,77.0,3.8,340.0,7.0
2025-03-26,2,5.0,76.0,1.8,320.0,7.1
2025-03-26,3,4.6,79.0,2.0,360.0,6.7
2025-03-26,4,2.9,86.0,1.5,340.0,5.0
2025-03-26,5,4.1,84.0,2.9,360.0,4.8
2025-03-26,6,2.7,88.0,2.3,180.0,3.3
2025-03-26,7,2.9,85.0,1.9,110.0,4.3
2025-03-26,8,5.9,83.0,3.2,110.0,4.6
2025-03-26,9,6.9,74.0,6.1,140.0,8.2
2025-03-26,10,7.8,71.0,7.0,160.0,8.7
2025-03-26,11,8.4,72.0,9.1,140.0,11.5
2025-03-26,12,9.6,62.0,7.9,160.0,13.0
2025-03-26,13,9.4,61.0,7.8,140.0,12.3
2025-03-26,14,11.3,48.0,7.9,140.0,12.3
2025-03-26,15,11.7,50.0,8.0,140.0,16.1
2025-03-26,16,11.7,45.0,8.3,140.0,19.5
2025-03-26,17,11.9,42.0,6.9,140.0,24.0
2025-03-26,18,12.5,40.0,7.1,140.0,25.9
2025-03-26,19,12.1,47.0,6.6,160.0,21.3
2025-03-26,20,10.3,74.0,6.0,160.0,15.9
2025-03-26,21,9.8,90.0,5.4,200.0,9.2
2025-03-26,22,9.0,95.0,2.5,160.0,2.3
2025-03-26,23,8.8,96.0,4.1,160.0,1.5
2025-03-27,0,8.7,96.0,1.2,160.0,0.3
2025-03-27,1,7.9,97.0,0.5,110.0,0.2
2025-03-27,2,8.2,97.0,1.7,90.0,0.2
2025-03-27,3,8.2,97.0,0.9,340.0,0.2
2025-03-27,4,8.1,97.0,1.0,340.0,0.2
2025-03-27,5,7.3,97.0,3.8,320.0,0.2
2025-03-27,6,6.0,97.0,5.5,340.0,3.9
2025-03-27,7,7.7,88.0,5.8,360.0,12.2
2025-03-27,8,8.1,65.0,7.1,360.0,13.1
2025-03-27,9,9.1,50.0,8.3,360.0,16.3
2025-03-27,10,9.8,43.0,8.9,360.0,22.9
2025-03-27,11,8.8,48.0,12.7,340.0,24.7
2025-03-27,12,7.4,56.0,13.0,340.0,23.4
2025-03-27,13,7.0,57.0,12.0,340.0,26.3
2025-03-27,14,7.5,55.0,10.2,340.0,24.9
2025-03-27,15,6.9,55.0,13.0,340.0,18.5
2025-03-27,16,6.0,57.0,11.1,340.0,13.7
2025-03-27,17,5.3,63.0,13.1,340.0,12.7
2025-03-27,18,5.1,62.0,12.8,340.0,11.3
2025-03-27,19,5.1,61.0,14.0,340.0,14.1
2025-03-27,20,5.3,59.0,12.2,340.0,16.8
2025-03-27,21,5.5,55.0,12.2,340.0,21.1
2025-03-27,22,5.6,51.0,12.2,360.0,27.1
2025-03-27,23,5.4,47.0,12.6,360.0,33.1
2025-03-28,0,5.2,49.0,12.5,340.0,34.6
2025-03-28,1,4.9,49.0,10.9,360.0,38.7
2025-03-28,2,4.7,46.0,12.3,360.0,38.0
2025-03-28,3,4.5,48.0,10.9,360.0,41.6
2025-03-28,4,4.5,46.0,10.9,360.0,40.1
2025-03-28,5,4.4,44.0,12.2,360.0,42.7
2025-03-28,6,4.1,44.0,11.9,360.0,39.4
2025-03-28,7,3.8,45.0,11.5,340.0,35.0
2025-03-28,8,3.9,40.0,12.8,340.0,39.9
2025-03-28,9,3.9,33.0,13.9,340.0,41.0
2025-03-28,10,4.1,33.0,12.5,340.0,45.4
2025-03-28,11,4.1,31.0,12.7,340.0,47.4
2025-03-28,12,4.2,31.0,11.5,340.0,48.9
2025-03-28,13,4.1,32.0,11.1,340.0,45.8
2025-03-28,14,4.4,34.0,8.9,340.0,42.2
2025-03-28,15,4.5,33.0,9.1,340.0,43.0
2025-03-28,16,4.8,30.0,6.2,340.0,47.4
2025-03-28,17,5.0,34.0,5.5,340.0,49.8
2025-03-28,18,3.9,35.0,6.3,320.0,47.5
2025-03-28,19,3.1,41.0,5.8,320.0,49.5
2025-03-28,20,3.2,40.0,5.9,320.0,49.7
2025-03-28,21,3.6,45.0,5.4,320.0,49.6
2025-03-28,22,3.7,50.0,6.2,320.0,49.0
2025-03-28,23,3.5,52.0,4.9,290.0,46.8
2025-03-29,0,3.5,54.0,4.6,290.0,47.2
2025-03-29,1,3.4,58.0,3.7,290.0,49.8
2025-03-29,2,3.2,56.0,2.9,270.0,48.1
2025-03-29,3,3.2,57.0,3.4,290.0,49.8
2025-03-29,4,3.3,56.0,4.1,270.0,49.7
2025-03-29,5,3.4,54.0,4.3,270.0,49.0
2025-03-29,6,4.0,58.0,5.4,290.0,41.0
2025-03-29,7,1.3,88.0,7.3,360.0,8.3
2025-03-29,8,1.3,80.0,6.0,360.0,17.6
2025-03-29,9,0.8,84.0,4.6,360.0,33.2
2025-03-29,10,2.7,62.0,5.0,360.0,45.2
2025-03-29,11,3.9,34.0,6.2,340.0,46.9
2025-03-29,12,4.2,33.0,6.6,340.0,47.1
2025-03-29,13,3.9,34.0,7.8,340.0,48.9
2025-03-29,14,4.0,27.0,8.2,320.0,48.3
2025-03-29,15,3.4,29.0,8.4,320.0,46.8
2025-03-29,16,3.3,32.0,6.5,320.0,48.6
2025-03-29,17,2.9,33.0,6.9,320.0,47.5
2025-03-29,18,2.4,38.0,7.0,340.0,44.4
2025-03-29,19,1.9,41.0,7.2,340.0,47.2
2025-03-29,20,0.4,74.0,5.0,290.0,42.2
2025-03-29,21,1.0,68.0,5.3,340.0,41.5
2025-03-29,22,0.3,72.0,1.3,270.0,37.1
2025-03-29,23,0.2,60.0,2.3,270.0,49.0
2025-03-30,0,0.4,53.0,1.5,270.0,49.0
2025-03-30,1,0.1,55.0,1.6,250.0,49.1
2025-03-30,2,0.4,50.0,0.8,270.0,50.0
2025-03-30,3,-0.5,53.0,1.1,200.0,49.8
2025-03-30,4,0.4,50.0,2.5,200.0,49.9
2025-03-30,5,1.2,46.0,2.4,250.0,49.7
2025-03-30,6,1.7,57.0,3.1,250.0,48.0
2025-03-30,7,2.7,63.0,3.3,250.0,42.5
2025-03-30,8,4.3,60.0,3.3,250.0,44.4
2025-03-30,9,4.9,50.0,5.8,290.0,47.4
2025-03-30,10,5.6,43.0,5.1,320.0,45.4
2025-03-30,11,6.2,40.0,6.6,320.0,48.3
2025-03-30,12,6.2,42.0,6.2,320.0,40.9
2025-03-30,13,6.5,47.0,4.8,360.0,38.3
2025-03-30,14,6.0,41.0,4.2,360.0,43.1
2025-03-30,15,6.8,40.0,2.9,320.0,42.1
2025-03-30,16,6.2,38.0,3.1,320.0,45.1
2025-03-30,17,6.1,45.0,2.8,340.0,46.8
2025-03-30,18,4.8,50.0,1.4,340.0,44.5
2025-03-30,19,4.3,55.0,1.5,90.0,44.9
2025-03-30,20,3.7,58.0,1.1,180.0,44.0
2025-03-30,21,3.2,62.0,0.9,180.0,44.3
2025-03-30,22,3.1,61.0,0.0,0.0,28.4
2025-03-30,23,3.1,62.0,1.2,180.0,47.7
2025-03-31,0,2.8,60.0,1.5,180.0,48.3
2025-03-31,1,3.9,47.0,0.8,160.0,48.6
2025-03-31,2,3.3,51.0,1.2,160.0,49.9
2025-03-31,3,2.5,58.0,2.5,160.0,50.0
2025-03-31,4,3.2,61.0,2.9,160.0,48.6
2025-03-31,5,3.7,58.0,4.0,180.0,49.8
2025-03-31,6,4.0,64.0,4.0,160.0,48.6
2025-03-31,7,4.2,71.0,3.3,160.0,41.6
2025-03-31,8,5.3,67.0,5.8,160.0,44.0
2025-03-31,9,6.2,69.0,5.0,160.0,29.4
2025-03-31,10,7.1,66.0,5.7,180.0,41.7
2025-03-31,11,7.4,68.0,6.7,180.0,32.6
2025-03-31,12,8.3,61.0,6.3,160.0,25.5
2025-03-31,13,8.6,64.0,6.4,160.0,28.4
2025-03-31,14,8.8,66.0,5.9,160.0,24.6
2025-03-31,15,8.8,72.0,6.3,180.0,16.6
2025-03-31,16,9.1,71.0,5.5,180.0,10.0
2025-03-31,17,9.2,71.0,5.0,180.0,9.4
2025-03-31,18,8.0,76.0,4.7,180.0,7.6
2025-03-31,19,7.2,82.0,3.7,180.0,6.8
2025-03-31,20,6.7,88.0,3.5,200.0,4.3
2025-03-31,21,6.9,88.0,4.1,230.0,4.1
2025-03-31,22,6.9,85.0,4.8,180.0,4.6
2025-03-31,23,6.6,87.0,3.7,200.0,3.8
2025-04-01,0,6.9,87.0,3.9,200.0,3.2
2025-04-01,1,6.6,87.0,3.0,200.0,3.1
2025-04-01,2,6.5,87.0,3.1,180.0,3.1
2025-04-01,3,6.5,87.0,3.1,160.0,3.1
2025-04-01,4,6.3,88.0,2.8,160.0,3.1
2025-04-01,5,6.8,82.0,3.4,160.0,7.4
2025-04-01,6,5.9,89.0,2.4,110.0,4.7
2025-04-01,7,6.1,87.0,1.9,140.0,6.4
2025-04-01,8,8.1,73.0,3.7,160.0,15.8
2025-04-01,9,9.0,67.0,4.9,160.0,22.9
2025-04-01,10,10.0,62.0,6.3,180.0,28.9
2025-04-01,11,10.7,59.0,6.4,200.0,31.3
2025-04-01,12,11.0,57.0,7.1,180.0,37.2
2025-04-01,13,11.0,58.0,7.9,180.0,29.3
2025-04-01,14,10.9,58.0,5.8,180.0,27.8
2025-04-01,15,9.9,66.0,5.8,180.0,26.0
2025-04-01,16,9.7,69.0,5.9,160.0,26.2
2025-04-01,17,8.7,72.0,6.9,160.0,20.8
2025-04-01,18,8.0,78.0,5.8,160.0,24.0
2025-04-01,19,7.6,76.0,6.0,180.0,22.6
2025-04-01,20,7.1,79.0,3.5,200.0,19.2
2025-04-01,21,7.1,75.0,2.3,200.0,20.4
2025-04-01,22,7.7,71.0,4.6,200.0,25.1
2025-04-01,23,6.8,77.0,2.2,200.0,21.3
2025-04-02,0,7.3,70.0,3.6,180.0,22.3
2025-04-02,1,7.2,61.0,2.6,180.0,30.0
2025-04-02,2,6.1,86.0,2.6,140.0,14.6
2025-04-02,3,6.3,84.0,3.5,160.0,14.9
2025-04-02,4,6.6,81.0,3.9,140.0,17.9
2025-04-02,5,6.5,81.0,4.4,160.0,5.1
2025-04-02,6,6.8,76.0,6.1,160.0,11.0
2025-04-02,7,6.7,83.0,2.2,140.0,9.0
2025-04-02,8,6.8,82.0,6.5,180.0,6.1
2025-04-02,9,6.1,86.0,5.3,180.0,3.5
2025-04-02,10,5.8,91.0,4.6,180.0,2.2
2025-04-02,11,6.7,92.0,5.9,180.0,2.7
2025-04-02,12,6.7,92.0,4.1,230.0,4.1
2025-04-02,13,6.1,90.0,4.3,250.0,4.0
2025-04-02,14,6.1,89.0,1.8,270.0,5.6
2025-04-02,15,6.4,88.0,3.6,290.0,6.0
2025-04-02,16,6.2,88.0,3.4,290.0,5.4
2025-04-02,17,5.8,91.0,2.7,320.0,3.6
2025-04-02,18,5.6,94.0,1.2,320.0,1.1
2025-04-02,19,5.4,96.0,1.9,360.0,1.4
2025-04-02,20,5.7,93.0,2.1,50.0,4.3
2025-04-02,21,5.6,94.0,2.1,360.0,2.8
2025-04-02,22,6.0,88.0,1.3,50.0,10.0
2025-04-02,23,5.7,88.0,2.6,360.0,11.2
2025-04-03,0,5.8,88.0,2.3,360.0,15.1
2025-04-03,1,5.2,89.0,2.0,320.0,10.9
2025-04-03,2,5.1,90.0,2.7,340.0,4.7
2025-04-03,3,5.4,87.0,2.4,340.0,6.0
2025-04-03,4,5.2,88.0,2.6,340.0,5.5
2025-04-03,5,5.6,85.0,1.9,340.0,6.5
2025-04-03,6,5.4,89.0,2.4,360.0,4.8
2025-04-03,7,5.1,90.0,0.9,340.0,4.7
2025-04-03,8,7.3,75.0,0.9,50.0,12.3
2025-04-03,9,8.2,69.0,0.7,340.0,11.8
2025-04-03,10,9.2,64.0,1.4,140.0,14.2
2025-04-03,11,10.2,56.0,1.8,50.0,15.8
2025-04-03,12,9.5,70.0,2.9,340.0,9.9
2025-04-03,13,8.1,74.0,5.3,320.0,6.7
2025-04-03,14,9.0,70.0,4.9,290.0,7.0
2025-04-03,15,8.2,77.0,5.3,320.0,6.0
2025-04-03,16,8.2,71.0,4.3,320.0,7.1
2025-04-03,17,8.0,72.0,4.0,290.0,7.2
2025-04-03,18,7.1,78.0,2.7,320.0,7.4
2025-04-03,19,5.7,80.0,2.0,290.0,7.8
2025-04-03,20,5.4,90.0,3.9,320.0,3.9
2025-04-03,21,5.1,91.0,1.7,320.0,3.5
2025-04-03,22,5.1,89.0,2.1,320.0,4.9
2025-04-03,23,4.6,88.0,2.6,290.0,5.3
2025-04-04,0,4.4,89.0,2.0,290.0,4.8
2025-04-04,1,4.6,84.0,2.0,290.0,8.0
2025-04-04,2,4.9,70.0,1.8,270.0,13.7
2025-04-04,3,4.7,85.0,0.9,200.0,5.8
2025-04-04,4,3.9,87.0,1.6,200.0,4.0
2025-04-04,5,4.7,89.0,0.1,0.0,4.5
2025-04-04,6,4.1,88.0,2.1,110.0,3.6
2025-04-04,7,4.4,92.0,1.7,180.0,2.2
2025-04-04,8,6.4,91.0,1.9,110.0,2.9
2025-04-04,9,7.6,84.0,3.6,180.0,5.3
2025-04-04,10,8.3,80.0,5.4,180.0,6.5
2025-04-04,11,9.5,72.0,5.4,160.0,8.7
2025-04-04,12,9.6,73.0,6.1,160.0,9.6
2025-04-04,13,9.5,67.0,5.8,160.0,9.8
2025-04-04,14,8.7,78.0,6.6,180.0,7.4
2025-04-04,15,9.2,78.0,5.8,160.0,7.4
2025-04-04,16,8.8,79.0,6.0,160.0,8.2
2025-04-04,17,7.7,84.0,5.2,160.0,7.3
2025-04-04,18,7.1,88.0,5.7,160.0,4.7
2025-04-04,19,6.7,91.0,5.0,160.0,3.4
2025-04-04,20,5.7,93.0,5.9,160.0,1.8
2025-04-04,21,6.1,95.0,4.5,140.0,2.2
2025-04-04,22,6.4,94.0,2.2,160.0,1.9
2025-04-04,23,6.4,95.0,3.5,140.0,1.3
2025-04-05,0,6.6,94.0,4.1,160.0,1.8
2025-04-05,1,6.8,90.0,4.9,140.0,3.7
2025-04-05,2,6.5,89.0,5.6,160.0,5.3
2025-04-05,3,6.4,93.0,6.2,140.0,2.3
2025-04-05,4,6.5,94.0,6.5,160.0,1.7
2025-04-05,5,6.8,92.0,5.1,160.0,3.0
2025-04-05,6,6.5,93.0,6.1,140.0,2.0
2025-04-05,7,6.6,93.0,6.6,140.0,3.0
2025-04-05,8,6.7,93.0,5.1,160.0,2.9
2025-04-05,9,6.7,87.0,5.1,160.0,7.1
2025-04-05,10,6.7,86.0,4.8,160.0,9.3
2025-04-05,11,7.2,86.0,4.9,160.0,10.7
2025-04-05,12,7.4,87.0,5.2,160.0,10.0
2025-04-05,13,7.1,92.0,3.9,160.0,5.1
2025-04-05,14,7.2,94.0,3.5,160.0,1.3
2025-04-05,15,7.2,96.0,2.6,180.0,0.5
2025-04-05,16,7.3,96.0,3.0,320.0,0.8
2025-04-05,17,6.2,95.0,6.0,320.0,1.7
2025-04-05,18,5.9,95.0,6.1,320.0,2.8
2025-04-05,19,5.9,95.0,5.7,320.0,3.5
2025-04-05,20,5.5,95.0,6.7,320.0,1.9
2025-04-05,21,5.4,96.0,5.9,320.0,0.3
2025-04-05,22,5.7,96.0,3.6,340.0,4.5
2025-04-05,23,5.0,96.0,3.4,320.0,0.2
2025-04-06,0,4.6,97.0,3.1,290.0,0.2
2025-04-06,1,4.3,97.0,3.1,290.0,0.2
2025-04-06,2,4.0,97.0,0.9,250.0,0.2
2025-04-06,3,3.1,97.0,0.5,90.0,0.1
2025-04-06,4,2.1,97.0,2.0,180.0,0.2
2025-04-06,5,1.6,97.0,1.2,200.0,0.2
2025-04-06,6,1.9,97.0,2.6,110.0,0.1
2025-04-06,7,1.8,97.0,2.0,140.0,0.1
2025-04-06,8,3.3,97.0,1.4,160.0,0.2
2025-04-06,9,5.0,97.0,2.3,180.0,0.6
2025-04-06,10,6.6,97.0,2.9,90.0,5.6
2025-04-06,11,8.8,91.0,2.4,70.0,22.5
2025-04-06,12,11.7,42.0,5.0,290.0,33.9
2025-04-06,13,11.9,44.0,5.1,320.0,33.6
2025-04-06,14,12.2,45.0,5.3,320.0,27.3
2025-04-06,15,12.3,45.0,5.2,290.0,22.4
2025-04-06,16,12.5,43.0,4.2,320.0,23.6
2025-04-06,17,12.2,39.0,5.1,320.0,27.0
2025-04-06,18,11.5,43.0,2.7,290.0,20.6
2025-04-06,19,9.8,47.0,2.2,250.0,23.7
2025-04-06,20,8.3,62.0,1.8,200.0,20.2
2025-04-06,21,8.1,64.0,0.7,200.0,20.4
2025-04-06,22,9.1,56.0,1.0,290.0,22.4
2025-04-06,23,8.2,63.0,0.8,160.0,20.3
2025-04-07,0,8.2,69.0,0.5,110.0,15.3
2025-04-07,1,6.5,77.0,1.3,160.0,13.8
2025-04-07,2,5.6,90.0,2.2,110.0,6.0
2025-04-07,3,5.6,93.0,1.9,110.0,3.2
2025-04-07,4,5.7,95.0,1.9,110.0,2.0
2025-04-07,5,6.2,94.0,3.1,140.0,3.2
2025-04-07,6,6.6,92.0,3.9,140.0,4.8
2025-04-07,7,6.8,91.0,4.6,140.0,5.3
2025-04-07,8,6.3,95.0,6.4,140.0,2.5
2025-04-07,9,8.0,91.0,6.0,140.0,5.2
2025-04-07,10,9.7,77.0,7.2,140.0,11.6
2025-04-07,11,10.3,73.0,7.8,160.0,12.2
2025-04-07,12,10.0,76.0,9.0,160.0,12.2
2025-04-07,13,10.5,73.0,7.9,160.0,12.7
2025-04-07,14,10.9,74.0,5.6,160.0,12.9
2025-04-07,15,10.7,73.0,6.0,160.0,14.2
2025-04-07,16,9.9,78.0,5.8,140.0,12.7
2025-04-07,17,9.7,80.0,5.3,140.0,11.4
2025-04-07,18,9.6,82.0,4.2,160.0,10.1
2025-04-07,19,8.9,85.0,3.1,140.0,8.1
2025-04-07,20,8.6,87.0,3.6,140.0,7.5
2025-04-07,21,8.5,88.0,2.2,140.0,6.7
2025-04-07,22,7.6,91.0,1.0,70.0,5.6
2025-04-07,23,7.0,93.0,2.2,110.0,3.9
2025-04-08,0,7.1,93.0,0.5,50.0,4.0
2025-04-08,1,6.2,95.0,0.8,340.0,2.1
2025-04-08,2,7.1,95.0,2.1,320.0,4.0
2025-04-08,3,6.8,95.0,3.3,320.0,1.8
2025-04-08,4,6.1,96.0,4.0,320.0,0.1
2025-04-08,5,5.9,96.0,3.4,320.0,0.1
2025-04-08,6,6.3,97.0,3.8,320.0,0.1
2025-04-08,7,5.6,97.0,2.7,320.0,0.1
2025-04-08,8,5.7,97.0,2.4,290.0,0.2
2025-04-08,9,8.8,82.0,3.9,290.0,10.8
2025-04-08,10,10.6,59.0,4.9,320.0,18.8
2025-04-08,11,10.6,59.0,5.6,320.0,13.8
2025-04-08,12,10.9,55.0,5.3,320.0,17.1
2025-04-08,13,11.0,55.0,5.3,320.0,16.4
2025-04-08,14,11.3,52.0,4.2,340.0,27.8
2025-04-08,15,11.8,48.0,4.5,340.0,33.5
2025-04-08,16,11.4,52.0,4.2,320.0,41.9
2025-04-08,17,10.7,52.0,4.7,320.0,35.3
2025-04-08,18,10.0,49.0,4.1,320.0,35.3
2025-04-08,19,9.1,50.0,3.7,320.0,38.4
2025-04-08,20,7.9,59.0,3.2,320.0,40.3
2025-04-08,21,7.8,53.0,3.0,320.0,41.1
2025-04-08,22,8.9,45.0,4.3,320.0,45.4
2025-04-08,23,8.1,61.0,3.3,360.0,40.0
2025-04-09,0,7.4,62.0,3.0,290.0,35.9
2025-04-09,1,7.6,63.0,2.9,320.0,33.4
2025-04-09,2,8.1,54.0,1.6,320.0,37.2
2025-04-09,3,8.7,46.0,0.9,90.0,37.5
2025-04-09,4,9.3,41.0,1.1,140.0,39.4
2025-04-09,5,8.4,65.0,1.6,110.0,24.3
2025-04-09,6,7.3,61.0,0.9,70.0,24.9
2025-04-09,7,7.6,77.0,2.7,90.0,17.5
2025-04-09,8,8.9,66.0,1.2,140.0,17.7
2025-04-09,9,9.9,59.0,2.1,140.0,18.6
2025-04-09,10,8.8,67.0,3.3,140.0,18.1
2025-04-09,11,10.0,71.0,2.9,110.0,15.7
2025-04-09,12,9.9,68.0,4.3,140.0,20.9
2025-04-09,13,9.0,71.0,3.2,180.0,24.2
2025-04-09,14,10.2,63.0,2.6,180.0,26.1
2025-04-09,15,9.0,73.0,2.8,110.0,24.2
2025-04-09,16,8.4,74.0,3.0,160.0,29.2
2025-04-09,17,9.7,62.0,3.5,160.0,30.8
2025-04-09,18,8.6,65.0,2.5,160.0,27.1
2025-04-09,19,8.1,71.0,2.0,140.0,23.2
2025-04-09,20,8.0,71.0,3.5,160.0,25.5
2025-04-09,21,7.5,79.0,1.6,180.0,16.8
2025-04-09,22,7.4,78.0,1.2,200.0,16.4
2025-04-09,23,7.0,82.0,0.0,0.0,14.4
2025-04-10,0,6.3,89.0,1.6,110.0,8.0
2025-04-10,1,6.5,81.0,0.7,50.0,13.1
2025-04-10,2,4.6,88.0,2.0,320.0,15.2
2025-04-10,3,6.0,78.0,1.7,340.0,15.9
2025-04-10,4,6.1,74.0,2.6,340.0,16.0
2025-04-10,5,5.8,72.0,2.3,340.0,18.1
2025-04-10,6,5.4,79.0,3.7,320.0,14.5
2025-04-10,7,6.2,91.0,4.0,320.0,3.7
2025-04-10,8,6.7,95.0,3.7,320.0,1.4
2025-04-10,9,7.0,95.0,4.0,320.0,1.0
2025-04-10,10,9.2,82.0,2.6,320.0,4.3
2025-04-10,11,9.6,78.0,3.4,290.0,6.2
2025-04-10,12,11.1,70.0,4.2,320.0,10.0
2025-04-10,13,11.2,71.0,4.6,320.0,10.0
2025-04-10,14,10.6,70.0,5.6,320.0,11.1
2025-04-10,15,11.2,67.0,4.4,320.0,13.8
2025-04-10,16,10.7,67.0,4.7,320.0,18.1
2025-04-10,17,9.7,72.0,4.6,320.0,13.7
2025-04-10,18,9.4,74.0,2.7,320.0,12.8
2025-04-10,19,7.6,85.0,3.0,320.0,7.5
2025-04-10,20,6.8,92.0,2.7,290.0,3.5
2025-04-10,21,6.5,90.0,1.9,230.0,4.6
2025-04-10,22,6.7,85.0,2.1,320.0,8.9
2025-04-10,23,7.2,79.0,3.1,290.0,13.0
2025-04-11,0,8.1,71.0,1.2,270.0,15.1
2025-04-11,1,7.7,73.0,1.7,230.0,12.9
2025-04-11,2,7.7,76.0,2.4,270.0,13.2
2025-04-11,3,7.8,75.0,0.5,200.0,14.2
2025-04-11,4,6.1,86.0,1.1,110.0,9.8
2025-04-11,5,5.9,92.0,2.3,90.0,5.6
2025-04-11,6,5.7,91.0,2.6,110.0,5.1
2025-04-11,7,7.0,88.0,2.0,110.0,5.7
2025-04-11,8,9.7,70.0,0.3,0.0,11.4
2025-04-11,9,11.3,70.0,2.0,90.0,14.4
2025-04-11,10,14.2,50.0,2.7,140.0,18.7
2025-04-11,11,13.6,51.0,3.4,160.0,20.2
2025-04-11,12,12.9,52.0,5.0,180.0,21.4
2025-04-11,13,14.5,45.0,4.8,180.0,24.6
2025-04-11,14,13.1,49.0,5.7,180.0,29.2
2025-04-11,15,14.4,42.0,4.9,180.0,33.3
2025-04-11,16,14.5,41.0,3.7,160.0,28.4
2025-04-11,17,14.1,41.0,4.2,160.0,20.1
2025-04-11,18,10.5,65.0,4.3,180.0,21.0
2025-04-11,19,10.2,62.0,3.4,180.0,18.4
2025-04-11,20,9.9,66.0,2.3,180.0,16.9
2025-04-11,21,8.9,81.0,3.4,140.0,12.4
2025-04-11,22,9.6,72.0,4.8,160.0,17.8
2025-04-11,23,9.1,77.0,4.1,180.0,15.7
2025-04-12,0,9.3,77.0,3.2,180.0,15.8
2025-04-12,1,11.1,65.0,10.2,160.0,15.5
2025-04-12,2,10.7,64.0,7.1,140.0,16.2
2025-04-12,3,9.4,75.0,4.6,160.0,12.7
2025-04-12,4,9.0,78.0,4.8,140.0,10.1
2025-04-12,5,9.6,79.0,8.1,140.0,10.4
2025-04-12,6,10.0,81.0,6.9,140.0,9.0
2025-04-12,7,9.9,82.0,6.5,140.0,4.0
2025-04-12,8,9.6,84.0,7.4,140.0,3.8
2025-04-12,9,11.1,72.0,5.1,160.0,7.8
2025-04-12,10,10.6,71.0,7.4,140.0,8.7
2025-04-12,11,9.1,82.0,6.2,160.0,3.2
2025-04-12,12,9.8,93.0,8.8,160.0,2.3
2025-04-12,13,8.6,82.0,5.0,290.0,8.5
2025-04-12,14,5.5,86.0,9.8,290.0,7.1
2025-04-12,15,4.9,90.0,7.8,290.0,7.3
2025-04-12,16,4.4,89.0,7.2,320.0,8.7
2025-04-12,17,2.9,90.0,7.4,320.0,7.8
2025-04-12,18,2.7,91.0,5.7,290.0,8.0
2025-04-12,19,2.3,92.0,1.0,230.0,4.7
2025-04-12,20,3.6,86.0,2.8,270.0,19.4
2025-04-12,21,3.4,88.0,3.7,110.0,27.9
2025-04-12,22,3.6,87.0,1.7,140.0,30.9
2025-04-12,23,3.8,88.0,3.3,160.0,33.4
2025-04-13,0,4.0,88.0,1.6,160.0,31.1
2025-04-13,1,5.0,85.0,1.5,320.0,18.3
2025-04-13,2,5.1,88.0,1.8,290.0,16.3
2025-04-13,3,5.6,77.0,4.6,270.0,20.5
2025-04-13,4,5.6,64.0,6.0,270.0,28.5
2025-04-13,5,5.7,55.0,5.6,270.0,33.0
2025-04-13,6,5.6,53.0,6.0,270.0,30.0
2025-04-13,7,5.7,49.0,5.6,270.0,34.9
2025-04-13,8,5.1,63.0,6.2,250.0,28.0
2025-04-13,9,5.2,61.0,8.6,270.0,24.8
2025-04-13,10,4.2,83.0,5.3,290.0,34.1
2025-04-13,11,5.8,63.0,5.6,290.0,37.5
2025-04-13,12,5.4,63.0,5.8,270.0,42.6
2025-04-13,13,5.6,63.0,8.4,320.0,47.8
2025-04-13,14,6.7,51.0,7.1,290.0,41.5
2025-04-13,15,6.9,59.0,6.6,270.0,43.8
2025-04-13,16,7.5,50.0,6.4,250.0,39.4
2025-04-13,17,5.4,75.0,4.5,290.0,37.0
2025-04-13,18,5.9,62.0,5.0,290.0,42.0
2025-04-13,19,6.1,56.0,3.8,250.0,42.9
2025-04-13,20,6.1,53.0,4.0,250.0,41.9
2025-04-13,21,6.5,54.0,3.6,250.0,38.4
2025-04-13,22,6.6,55.0,4.4,250.0,30.5
2025-04-13,23,6.1,66.0,4.5,270.0,25.2
2025-04-14,0,5.6,57.0,3.9,270.0,37.3
2025-04-14,1,5.0,63.0,3.3,250.0,38.6
2025-04-14,2,5.0,65.0,3.0,270.0,41.3
2025-04-14,3,5.5,65.0,3.2,250.0,40.9
2025-04-14,4,5.1,68.0,2.4,250.0,45.0
2025-04-14,5,5.9,65.0,3.5,250.0,47.6
2025-04-14,6,4.5,79.0,5.4,270.0,21.2
2025-04-14,7,4.0,85.0,4.4,230.0,28.4
2025-04-14,8,4.6,82.0,3.9,200.0,46.3
2025-04-14,9,4.8,81.0,3.9,200.0,12.9
2025-04-14,10,4.0,90.0,3.5,180.0,9.4
2025-04-14,11,4.9,89.0,3.1,160.0,36.0
2025-04-14,12,5.2,89.0,4.1,90.0,32.6
2025-04-14,13,5.5,90.0,6.7,90.0,26.0
2025-04-14,14,5.6,85.0,6.9,70.0,42.3
2025-04-14,15,5.6,86.0,3.4,360.0,26.0
2025-04-14,16,6.1,82.0,6.3,360.0,37.2
2025-04-14,17,6.8,76.0,6.7,360.0,19.8
2025-04-14,18,6.8,70.0,7.2,360.0,30.2
2025-04-14,19,6.0,76.0,7.0,340.0,27.3
2025-04-14,20,5.7,81.0,4.1,340.0,28.6
2025-04-14,21,6.0,80.0,4.5,320.0,25.6
2025-04-14,22,6.0,81.0,4.3,320.0,29.0
2025-04-14,23,6.0,79.0,4.0,290.0,33.6
2025-04-15,0,6.0,83.0,6.0,320.0,20.7
2025-04-15,1,6.3,82.0,5.8,320.0,14.8
2025-04-15,2,6.6,79.0,6.1,320.0,13.3
2025-04-15,3,6.3,80.0,3.9,320.0,10.8
2025-04-15,4,6.1,79.0,2.9,290.0,11.4
2025-04-15,5,5.5,87.0,2.5,320.0,7.7
2025-04-15,6,5.4,87.0,3.3,290.0,6.8
2025-04-15,7,5.9,87.0,3.4,320.0,7.4
2025-04-15,8,7.2,80.0,3.2,290.0,10.6
2025-04-15,9,8.0,75.0,4.1,320.0,12.2
2025-04-15,10,8.4,72.0,4.3,320.0,14.2
2025-04-15,11,8.9,67.0,4.3,320.0,15.4
2025-04-15,12,9.3,58.0,3.9,320.0,17.1
2025-04-15,13,10.1,55.0,3.7,340.0,16.7
2025-04-15,14,10.2,55.0,3.5,340.0,20.1
2025-04-15,15,9.9,61.0,4.4,320.0,16.2
2025-04-15,16,10.5,63.0,2.6,320.0,16.7
2025-04-15,17,9.5,62.0,2.9,250.0,18.8
2025-04-15,18,9.3,60.0,3.6,270.0,25.3
2025-04-15,19,7.4,83.0,1.6,320.0,9.2
2025-04-15,20,7.5,81.0,1.0,180.0,7.7
2025-04-15,21,7.5,82.0,3.3,200.0,8.7
2025-04-15,22,7.4,89.0,2.5,180.0,5.3
2025-04-15,23,7.1,83.0,1.4,140.0,10.0
2025-04-16,0,6.4,90.0,1.0,140.0,6.5
2025-04-16,1,6.9,91.0,2.5,140.0,5.5
2025-04-16,2,7.0,93.0,2.9,110.0,5.3
2025-04-16,3,7.0,93.0,3.3,110.0,4.3
2025-04-16,4,7.3,92.0,5.7,160.0,5.9
2025-04-16,5,7.5,88.0,4.7,140.0,9.2
2025-04-16,6,7.5,89.0,6.2,140.0,8.0
2025-04-16,7,7.8,89.0,7.1,110.0,9.8
2025-04-16,8,8.6,86.0,7.5,140.0,14.0
2025-04-16,9,9.3,85.0,8.9,140.0,14.6
2025-04-16,10,10.4,79.0,8.5,140.0,14.4
2025-04-16,11,10.7,73.0,10.0,140.0,12.5
2025-04-16,12,11.2,71.0,9.5,140.0,12.3
2025-04-16,13,10.8,73.0,9.6,140.0,10.7
2025-04-16,14,11.0,75.0,9.8,140.0,10.0
2025-04-16,15,11.4,74.0,8.6,140.0,10.3
2025-04-16,16,12.3,68.0,6.0,140.0,14.8
2025-04-16,17,11.6,70.0,6.4,140.0,14.6
2025-04-16,18,11.5,70.0,5.5,140.0,17.1
2025-04-16,19,10.7,73.0,5.4,140.0,16.8
2025-04-16,20,10.5,75.0,4.2,140.0,16.4
2025-04-16,21,10.1,78.0,6.9,140.0,15.6
2025-04-16,22,10.2,80.0,5.5,140.0,15.9
2025-04-16,23,9.8,86.0,6.3,140.0,10.8
2025-04-17,0,9.6,88.0,5.9,140.0,8.9
2025-04-17,1,10.1,90.0,6.9,160.0,8.8
2025-04-17,2,10.0,91.0,7.4,160.0,7.5
2025-04-17,3,9.6,93.0,5.0,140.0,4.5
2025-04-17,4,9.6,95.0,4.9,140.0,2.6
2025-04-17,5,9.3,95.0,6.5,140.0,1.2
2025-04-17,6,9.4,96.0,5.0,140.0,0.4
2025-04-17,7,9.2,96.0,6.6,140.0,0.3
2025-04-17,8,9.2,96.0,6.8,140.0,0.3
2025-04-17,9,9.3,97.0,6.3,140.0,0.6
2025-04-17,10,8.9,97.0,7.1,140.0,0.7
2025-04-17,11,9.1,97.0,6.9,140.0,1.2
2025-04-17,12,8.9,96.0,7.1,140.0,1.1
2025-04-17,13,9.3,94.0,8.2,140.0,3.5
2025-04-17,14,9.4,94.0,6.7,140.0,2.8
2025-04-17,15,9.2,94.0,6.1,140.0,3.5
2025-04-17,16,9.1,95.0,9.8,160.0,3.1
2025-04-17,17,9.4,93.0,8.9,160.0,8.6
2025-04-17,18,9.9,91.0,6.7,180.0,9.2
2025-04-17,19,9.8,91.0,8.2,160.0,7.9
2025-04-17,20,9.7,92.0,5.7,160.0,7.7
2025-04-17,21,9.2,92.0,4.4,140.0,6.0
2025-04-17,22,9.2,92.0,5.6,140.0,5.7
2025-04-17,23,9.4,91.0,6.0,140.0,6.2
2025-04-18,0,9.3,90.0,1.4,140.0,5.9
2025-04-18,1,8.1,93.0,2.5,90.0,3.2
2025-04-18,2,7.7,95.0,1.4,70.0,1.8
2025-04-18,3,7.6,96.0,2.2,90.0,1.3
2025-04-18,4,8.7,96.0,3.3,70.0,1.9
2025-04-18,5,9.6,95.0,1.8,50.0,2.5
2025-04-18,6,9.2,95.0,4.2,340.0,2.4
2025-04-18,7,9.3,94.0,3.5,360.0,3.7
2025-04-18,8,9.5,92.0,3.3,320.0,3.8
2025-04-18,9,11.1,85.0,3.7,340.0,7.5
2025-04-18,10,12.3,72.0,4.3,360.0,9.5
2025-04-18,11,12.4,55.0,3.6,340.0,27.8
2025-04-18,12,13.2,52.0,6.6,360.0,30.5
2025-04-18,13,13.4,49.0,3.7,360.0,29.1
2025-04-18,14,14.0,47.0,5.2,360.0,34.8
2025-04-18,15,13.5,50.0,3.3,320.0,27.3
2025-04-18,16,12.5,55.0,3.1,320.0,24.2
2025-04-18,17,12.2,55.0,3.7,320.0,24.9
2025-04-18,18,10.9,65.0,2.5,290.0,21.4
2025-04-18,19,10.3,65.0,2.3,320.0,20.1
2025-04-18,20,10.9,59.0,0.6,200.0,26.9
2025-04-18,21,11.0,66.0,2.6,140.0,22.7
2025-04-18,22,11.1,61.0,2.1,320.0,25.9
2025-04-18,23,10.9,61.0,2.3,110.0,25.4
2025-04-19,0,10.7,63.0,1.4,110.0,20.2
2025-04-19,1,10.4,65.0,1.8,110.0,21.8
2025-04-19,2,10.6,77.0,2.7,180.0,11.5
2025-04-19,3,9.2,89.0,5.8,160.0,7.3
2025-04-19,4,8.5,95.0,4.7,160.0,1.6
2025-04-19,5,8.4,95.0,4.5,160.0,1.1
2025-04-19,6,8.4,96.0,5.7,160.0,0.3
2025-04-19,7,8.6,96.0,5.0,160.0,1.4
2025-04-19,8,8.6,97.0,1.9,160.0,1.0
2025-04-19,9,9.5,97.0,3.5,180.0,2.4
2025-04-19,10,9.1,97.0,1.0,160.0,0.7
2025-04-19,11,9.7,97.0,1.6,250.0,0.3
2025-04-19,12,10.2,97.0,2.5,270.0,8.9
2025-04-19,13,8.7,97.0,4.4,290.0,0.8
2025-04-19,14,9.3,96.0,5.0,320.0,5.9
2025-04-19,15,9.2,95.0,6.2,340.0,2.7
2025-04-19,16,9.1,91.0,6.3,340.0,16.7
2025-04-19,17,9.1,86.0,5.8,340.0,10.3
2025-04-19,18,9.3,82.0,5.3,340.0,15.5
2025-04-19,19,8.8,87.0,5.1,340.0,11.4
2025-04-19,20,8.3,87.0,2.7,340.0,13.2
2025-04-19,21,8.1,84.0,2.7,340.0,15.5
2025-04-19,22,7.3,88.0,2.8,320.0,10.2
2025-04-19,23,7.6,87.0,3.3,320.0,11.1
2025-04-20,0,7.2,90.0,2.7,320.0,7.8
2025-04-20,1,7.2,90.0,2.6,320.0,8.2
2025-04-20,2,7.4,89.0,2.6,320.0,8.4
2025-04-20,3,7.2,92.0,2.0,320.0,6.4
2025-04-20,4,7.3,91.0,2.5,320.0,6.7
2025-04-20,5,7.4,91.0,2.2,290.0,6.8
2025-04-20,6,6.6,93.0,2.3,320.0,4.7
2025-04-20,7,7.7,92.0,2.9,320.0,5.9
2025-04-20,8,10.2,79.0,4.3,360.0,12.4
2025-04-20,9,12.1,72.0,4.1,360.0,18.1
2025-04-20,10,13.7,66.0,2.9,360.0,34.4
2025-04-20,11,14.1,63.0,4.3,360.0,28.0
2025-04-20,12,15.4,57.0,4.5,360.0,36.9
2025-04-20,13,15.9,55.0,4.0,360.0,39.9
2025-04-20,14,14.5,59.0,4.3,320.0,22.4
2025-04-20,15,14.6,60.0,3.1,290.0,29.4
2025-04-20,16,13.6,61.0,4.0,290.0,28.1
2025-04-20,17,14.5,53.0,4.0,320.0,33.3
2025-04-20,18,11.8,63.0,5.5,320.0,40.2
2025-04-20,19,10.0,75.0,4.1,320.0,30.4
2025-04-20,20,9.3,81.0,4.7,320.0,19.1
2025-04-20,21,10.5,66.0,6.1,340.0,41.9
2025-04-20,22,11.3,54.0,3.1,360.0,50.0
2025-04-20,23,13.2,44.0,1.7,70.0,49.6
2025-04-21,0,11.7,54.0,2.3,90.0,47.5
2025-04-21,1,11.3,67.0,1.6,90.0,30.8
2025-04-21,2,12.3,66.0,1.9,110.0,29.8
2025-04-21,3,12.3,61.0,2.2,140.0,32.6
2025-04-21,4,11.0,71.0,1.9,140.0,27.0
2025-04-21,5,13.4,65.0,4.6,160.0,26.2
2025-04-21,6,11.4,75.0,3.9,160.0,22.4
2025-04-21,7,11.8,77.0,4.8,160.0,16.1
2025-04-21,8,12.3,72.0,5.3,140.0,21.9
2025-04-21,9,12.8,70.0,5.5,160.0,25.7
2025-04-21,10,13.4,66.0,5.0,140.0,25.0
2025-04-21,11,14.2,64.0,3.6,160.0,24.6
2025-04-21,12,12.6,75.0,3.2,160.0,17.5
2025-04-21,13,11.2,85.0,5.9,160.0,11.0
2025-04-21,14,11.8,93.0,5.7,140.0,1.4
2025-04-21,15,12.0,95.0,5.7,160.0,0.8
2025-04-21,16,12.8,96.0,4.1,140.0,0.8
2025-04-21,17,12.6,96.0,4.2,140.0,0.5
2025-04-21,18,13.5,97.0,4.9,160.0,1.1
2025-04-21,19,13.6,97.0,5.0,160.0,1.4
2025-04-21,20,13.1,96.0,6.3,160.0,1.4
2025-04-21,21,12.2,96.0,3.0,180.0,0.3
2025-04-21,22,15.0,97.0,4.0,200.0,2.7
2025-04-21,23,14.8,95.0,6.5,230.0,10.0
2025-04-22,0,14.4,95.0,5.3,230.0,6.5
2025-04-22,1,14.8,94.0,5.0,230.0,15.2
2025-04-22,2,14.0,95.0,4.6,230.0,1.1
2025-04-22,3,12.7,96.0,2.6,160.0,1.5
2025-04-22,4,11.2,96.0,1.7,360.0,2.3
2025-04-22,5,11.4,97.0,0.9,360.0,8.9
2025-04-22,6,11.6,97.0,0.5,140.0,3.2
2025-04-22,7,12.3,97.0,1.5,70.0,5.9
2025-04-22,8,11.3,97.0,4.8,340.0,2.7
2025-04-22,9,10.9,96.0,3.8,340.0,13.4
2025-04-22,10,11.1,95.0,3.5,360.0,7.9
2025-04-22,11,13.8,88.0,2.7,50.0,44.6
2025-04-22,12,10.4,95.0,5.0,340.0,9.8
2025-04-22,13,11.5,90.0,4.3,360.0,8.7
2025-04-22,14,12.4,83.0,4.8,340.0,21.5
2025-04-22,15,11.2,83.0,6.1,320.0,10.8
2025-04-22,16,11.8,78.0,4.5,320.0,18.6
2025-04-22,17,12.0,76.0,5.0,320.0,15.6
2025-04-22,18,11.6,74.0,4.0,340.0,15.7
2025-04-22,19,10.1,80.0,4.0,340.0,14.1
2025-04-22,20,11.5,68.0,6.4,340.0,21.6
2025-04-22,21,11.2,68.0,3.8,320.0,25.6
2025-04-22,22,11.2,67.0,4.5,340.0,27.2
2025-04-22,23,11.1,67.0,4.2,290.0,29.1
2025-04-23,0,10.7,69.0,4.8,320.0,21.1
2025-04-23,1,10.6,72.0,5.0,320.0,21.3
2025-04-23,2,10.3,74.0,5.3,320.0,17.7
2025-04-23,3,10.2,76.0,5.6,320.0,14.6
2025-04-23,4,9.5,80.0,3.8,320.0,11.2
2025-04-23,5,9.2,82.0,0.4,0.0,10.5
2025-04-23,6,9.1,88.0,1.5,70.0,8.6
2025-04-23,7,10.0,86.0,0.0,0.0,9.6
2025-04-23,8,12.6,76.0,1.8,180.0,17.8
2025-04-23,9,14.5,63.0,3.4,140.0,40.9
2025-04-23,10,15.3,62.0,2.6,160.0,46.8
2025-04-23,11,15.1,61.0,3.5,180.0,47.6
2025-04-23,12,15.6,61.0,3.8,180.0,47.9
2025-04-23,13,16.4,59.0,4.0,200.0,41.4
2025-04-23,14,16.1,60.0,2.3,360.0,41.4
2025-04-23,15,16.2,62.0,2.4,70.0,41.8
2025-04-23,16,16.4,57.0,1.7,160.0,26.4
2025-04-23,17,16.2,59.0,2.0,340.0,41.4
2025-04-23,18,15.7,59.0,1.0,320.0,38.2
2025-04-23,19,13.7,72.0,1.4,180.0,27.3
2025-04-23,20,12.2,71.0,1.2,250.0,22.8
2025-04-23,21,10.8,81.0,0.8,140.0,14.8
2025-04-23,22,11.0,69.0,0.6,160.0,14.5
2025-04-23,23,11.2,64.0,1.1,250.0,15.3
2025-04-24,0,10.3,67.0,0.5,90.0,15.1
2025-04-24,1,11.1,59.0,0.9,340.0,16.1
2025-04-24,2,9.8,69.0,0.7,110.0,15.7
2025-04-24,3,11.0,60.0,2.2,200.0,17.6
2025-04-24,4,11.3,55.0,2.0,230.0,26.8
2025-04-24,5,10.3,70.0,3.5,320.0,19.6
2025-04-24,6,9.7,75.0,3.1,320.0,17.1
2025-04-24,7,10.9,66.0,4.7,340.0,19.4
2025-04-24,8,12.1,54.0,7.4,360.0,30.5
2025-04-24,9,11.8,51.0,7.6,360.0,31.3
2025-04-24,10,12.0,40.0,8.8,340.0,36.2
2025-04-24,11,12.2,39.0,9.5,340.0,32.2
2025-04-24,12,12.0,44.0,6.1,340.0,38.7
2025-04-24,13,12.3,43.0,5.4,340.0,41.0
2025-04-24,14,12.5,39.0,6.1,320.0,31.0
2025-04-24,15,11.8,48.0,7.7,320.0,39.9
2025-04-24,16,11.3,53.0,6.2,290.0,33.9
2025-04-24,17,10.9,58.0,5.9,290.0,25.4
2025-04-24,18,10.4,58.0,6.3,290.0,20.7
2025-04-24,19,10.0,59.0,6.3,290.0,26.9
2025-04-24,20,9.8,57.0,6.5,290.0,31.8
2025-04-24,21,9.4,64.0,6.4,290.0,28.6
2025-04-24,22,9.8,57.0,7.7,320.0,37.4
2025-04-24,23,9.2,61.0,5.3,290.0,36.6
2025-04-25,0,9.3,58.0,6.2,320.0,39.0
2025-04-25,1,8.6,65.0,4.2,320.0,39.0
2025-04-25,2,8.3,68.0,4.0,290.0,36.8
2025-04-25,3,8.0,71.0,3.8,290.0,40.1
2025-04-25,4,7.9,69.0,3.7,290.0,42.4
2025-04-25,5,8.1,63.0,3.9,290.0,49.1
2025-04-25,6,8.2,66.0,4.2,290.0,47.8
2025-04-25,7,9.4,58.0,4.7,290.0,45.2
2025-04-25,8,10.5,56.0,4.5,320.0,43.7
2025-04-25,9,11.0,58.0,4.3,320.0,44.7
2025-04-25,10,10.8,62.0,5.0,320.0,40.4
2025-04-25,11,11.6,52.0,5.4,320.0,40.0
2025-04-25,12,12.1,56.0,4.7,320.0,43.9
2025-04-25,13,12.1,53.0,5.6,290.0,38.8
2025-04-25,14,13.2,41.0,4.4,320.0,38.3
2025-04-25,15,14.3,34.0,4.1,290.0,42.3
2025-04-25,16,14.2,33.0,4.1,320.0,44.9
2025-04-25,17,14.8,28.0,2.9,320.0,39.2
2025-04-25,18,13.9,19.0,3.7,250.0,45.6
2025-04-25,19,12.2,32.0,2.8,230.0,45.9
2025-04-25,20,10.5,46.0,3.6,230.0,47.9
2025-04-25,21,10.6,45.0,3.9,230.0,46.9
2025-04-25,22,10.3,48.0,2.7,200.0,36.5
2025-04-25,23,9.9,66.0,4.5,200.0,32.5
2025-04-26,0,11.1,56.0,6.3,230.0,41.2
2025-04-26,1,11.4,54.0,7.1,250.0,45.9
2025-04-26,2,11.1,60.0,6.4,230.0,38.7
2025-04-26,3,10.7,70.0,7.6,230.0,36.0
2025-04-26,4,10.2,71.0,0.9,70.0,33.2
2025-04-26,5,10.2,73.0,0.6,270.0,30.8
2025-04-26,6,9.0,82.0,1.7,110.0,26.5
2025-04-26,7,10.8,74.0,2.0,180.0,28.8
2025-04-26,8,11.8,73.0,2.0,140.0,31.4
2025-04-26,9,12.3,69.0,2.5,160.0,30.7
2025-04-26,10,13.3,69.0,3.1,180.0,30.1
2025-04-26,11,14.8,63.0,3.0,180.0,33.2
2025-04-26,12,15.9,60.0,2.4,70.0,25.4
2025-04-26,13,15.6,62.0,2.5,90.0,30.9
2025-04-26,14,15.1,63.0,3.6,180.0,26.6
2025-04-26,15,17.3,57.0,2.1,200.0,26.2
2025-04-26,16,14.6,65.0,3.7,180.0,24.4
2025-04-26,17,14.8,64.0,3.1,180.0,21.6
2025-04-26,18,13.7,66.0,3.4,180.0,19.0
2025-04-26,19,11.3,78.0,2.6,160.0,18.0
2025-04-26,20,11.0,80.0,4.9,180.0,17.5
2025-04-26,21,10.4,82.0,4.2,160.0,17.9
2025-04-26,22,9.9,83.0,3.2,140.0,17.4
2025-04-26,23,12.1,66.0,4.3,180.0,30.6
2025-04-27,0,13.1,60.0,5.0,200.0,31.6
2025-04-27,1,12.2,67.0,4.4,200.0,28.6
2025-04-27,2,12.4,64.0,3.3,200.0,25.4
2025-04-27,3,13.3,59.0,7.8,230.0,28.2
2025-04-27,4,13.1,61.0,10.3,230.0,26.1
2025-04-27,5,13.0,62.0,10.4,230.0,25.8
2025-04-27,6,12.8,65.0,10.4,230.0,26.5
2025-04-27,7,12.7,67.0,8.9,230.0,25.2
2025-04-27,8,12.8,69.0,3.0,200.0,20.4
2025-04-27,9,14.2,66.0,1.9,200.0,18.0
2025-04-27,10,16.0,57.0,2.2,270.0,21.6
2025-04-27,11,14.8,59.0,4.5,320.0,20.0
2025-04-27,12,15.0,61.0,3.1,320.0,18.4
2025-04-27,13,16.7,57.0,1.7,340.0,21.2
2025-04-27,14,17.0,57.0,1.5,140.0,19.0
2025-04-27,15,16.0,59.0,2.4,180.0,14.5
2025-04-27,16,16.2,56.0,2.9,180.0,19.8
2025-04-27,17,14.9,61.0,3.6,200.0,20.1
2025-04-27,18,11.4,75.0,5.9,340.0,15.3
2025-04-27,19,11.5,76.0,2.1,360.0,9.4
2025-04-27,20,10.7,76.0,1.9,340.0,11.0
2025-04-27,21,10.4,75.0,2.8,320.0,13.2
2025-04-27,22,10.8,70.0,1.8,320.0,14.7
2025-04-27,23,11.1,67.0,3.3,320.0,16.4
2025-04-28,0,9.7,73.0,1.1,290.0,12.1
2025-04-28,1,9.0,74.0,1.9,320.0,11.6
2025-04-28,2,8.4,83.0,4.3,290.0,6.9
2025-04-28,3,8.0,88.0,4.3,320.0,5.0
2025-04-28,4,8.3,89.0,4.8,290.0,4.9
2025-04-28,5,8.3,88.0,4.3,290.0,6.5
2025-04-28,6,8.4,80.0,4.2,290.0,12.3
2025-04-28,7,9.4,77.0,4.2,290.0,16.8
2025-04-28,8,10.2,70.0,5.5,320.0,22.6
2025-04-28,9,11.1,65.0,4.7,340.0,31.5
2025-04-28,10,12.0,53.0,6.2,340.0,31.8
2025-04-28,11,12.9,40.0,7.1,360.0,37.6
2025-04-28,12,12.6,39.0,7.6,360.0,31.3
2025-04-28,13,12.6,37.0,8.5,340.0,33.6
2025-04-28,14,12.1,49.0,6.0,340.0,36.5
2025-04-28,15,12.0,52.0,5.3,320.0,30.2
2025-04-28,16,12.1,42.0,5.7,340.0,25.5
2025-04-28,17,11.5,51.0,4.9,320.0,28.5
2025-04-28,18,11.0,51.0,3.2,320.0,26.2
2025-04-28,19,9.5,60.0,4.9,290.0,28.3
2025-04-28,20,8.4,66.0,4.1,320.0,28.4
2025-04-28,21,8.6,66.0,4.3,290.0,30.1
2025-04-28,22,9.0,59.0,5.3,290.0,33.9
2025-04-28,23,8.2,68.0,4.0,290.0,27.3
2025-04-29,0,8.8,62.0,3.0,290.0,28.3
2025-04-29,1,9.1,58.0,3.6,290.0,29.0
2025-04-29,2,9.4,60.0,4.0,290.0,31.6
2025-04-29,3,9.4,68.0,4.7,320.0,26.8
2025-04-29,4,9.3,65.0,3.7,320.0,26.4
2025-04-29,5,8.7,64.0,3.6,290.0,28.6
2025-04-29,6,8.8,66.0,3.0,290.0,26.6
2025-04-29,7,10.4,59.0,1.6,250.0,26.5
2025-04-29,8,12.4,47.0,2.0,250.0,30.2
2025-04-29,9,14.2,43.0,3.2,180.0,37.4
2025-04-29,10,14.2,40.0,4.0,180.0,30.9
2025-04-29,11,13.6,45.0,4.2,180.0,38.8
2025-04-29,12,13.4,56.0,5.1,180.0,29.8
2025-04-29,13,13.7,55.0,5.3,180.0,26.9
2025-04-29,14,13.8,54.0,5.8,180.0,28.4
2025-04-29,15,14.1,49.0,7.3,180.0,33.3
2025-04-29,16,13.7,44.0,10.6,180.0,19.2
2025-04-29,17,13.4,47.0,8.3,180.0,27.5
2025-04-29,18,12.3,56.0,8.3,180.0,29.4
2025-04-29,19,10.7,70.0,7.6,160.0,23.7
2025-04-29,20,10.1,74.0,7.2,160.0,21.5
2025-04-29,21,9.9,78.0,7.2,160.0,20.3
2025-04-29,22,9.7,80.0,5.8,160.0,17.7
2025-04-29,23,10.5,77.0,8.0,160.0,23.0
2025-04-30,0,10.4,79.0,7.2,160.0,20.8
2025-04-30,1,10.7,78.0,6.8,160.0,26.8
2025-04-30,2,10.8,77.0,6.8,160.0,19.6
2025-04-30,3,10.7,79.0,6.0,160.0,18.9
2025-04-30,4,10.9,77.0,6.0,160.0,20.4
2025-04-30,5,11.1,75.0,5.6,160.0,20.6
2025-04-30,6,11.0,76.0,5.3,140.0,18.5
2025-04-30,7,11.8,72.0,5.3,140.0,21.3
2025-04-30,8,12.5,70.0,5.0,140.0,20.5
2025-04-30,9,13.3,67.0,5.0,140.0,20.8
2025-04-30,10,13.7,65.0,6.1,140.0,21.3
2025-04-30,11,14.1,65.0,6.5,160.0,23.0
2025-04-30,12,14.8,63.0,5.5,160.0,20.1
2025-04-30,13,14.6,62.0,6.0,160.0,24.7
2025-04-30,14,15.2,60.0,5.9,160.0,24.6
2025-04-30,15,15.5,54.0,7.2,180.0,24.3
2025-04-30,16,15.9,50.0,8.2,180.0,29.9
2025-04-30,17,15.9,48.0,7.9,180.0,29.2
2025-04-30,18,14.7,51.0,7.4,180.0,29.0
2025-04-30,19,13.6,57.0,7.7,180.0,26.7
2025-04-30,20,13.6,57.0,7.2,180.0,27.1
2025-04-30,21,14.0,51.0,7.9,180.0,28.0
2025-04-30,22,14.0,48.0,11.7,160.0,23.4
2025-04-30,23,15.1,41.0,12.3,180.0,23.8
2025-05-01,0,14.9,41.0,10.0,180.0,27.4
2025-05-01,1,13.8,50.0,12.0,180.0,24.9
2025-05-01,2,12.9,58.0,9.3,160.0,23.5
2025-05-01,3,12.9,64.0,6.5,200.0,20.8
2025-05-01,4,11.8,75.0,5.7,160.0,16.6
2025-05-01,5,11.3,86.0,5.8,180.0,6.8
2025-05-01,6,11.0,88.0,5.4,200.0,7.5
2025-05-01,7,11.2,87.0,4.6,180.0,6.0
2025-05-01,8,11.2,91.0,4.4,180.0,5.6
2025-05-01,9,10.9,92.0,5.6,180.0,4.7
2025-05-01,10,11.9,92.0,7.6,230.0,6.7
2025-05-01,11,11.6,92.0,7.7,230.0,5.6
2025-05-01,12,13.5,88.0,4.5,250.0,5.0
2025-05-01,13,13.8,83.0,5.8,320.0,8.5
2025-05-01,14,13.0,82.0,6.4,320.0,9.8
2025-05-01,15,12.2,86.0,5.5,320.0,6.0
2025-05-01,16,9.8,93.0,5.7,320.0,0.6
2025-05-01,17,11.7,82.0,5.1,290.0,4.7
2025-05-01,18,11.5,65.0,7.1,290.0,21.4
2025-05-01,19,10.4,67.0,6.5,320.0,33.7
2025-05-01,20,10.0,67.0,5.6,290.0,39.1
2025-05-01,21,9.9,70.0,6.4,320.0,34.0
2025-05-01,22,8.8,80.0,3.0,320.0,26.2
2025-05-01,23,9.5,74.0,4.3,290.0,36.3
2025-05-02,0,9.2,77.0,5.2,320.0,35.1
2025-05-02,1,9.2,76.0,5.3,320.0,37.9
2025-05-02,2,9.7,70.0,7.0,320.0,41.0
2025-05-02,3,8.5,78.0,3.2,320.0,40.1
2025-05-02,4,8.2,83.0,3.6,290.0,33.3
2025-05-02,5,8.5,81.0,3.8,320.0,39.9
2025-05-02,6,8.0,83.0,3.2,320.0,34.6
2025-05-02,7,9.1,77.0,2.8,320.0,43.3
2025-05-02,8,11.1,64.0,3.0,360.0,40.6
2025-05-02,9,11.6,63.0,3.1,290.0,41.5
2025-05-02,10,13.1,51.0,3.2,360.0,44.4
2025-05-02,11,14.2,49.0,2.1,320.0,45.4
2025-05-02,12,15.0,37.0,2.7,320.0,41.9
2025-05-02,13,15.7,36.0,2.5,290.0,45.1
2025-05-02,14,14.9,38.0,3.3,290.0,44.7
2025-05-02,15,14.2,37.0,2.4,320.0,45.2
2025-05-02,16,13.9,51.0,2.1,290.0,45.6
2025-05-02,17,12.3,49.0,2.6,270.0,47.7
2025-05-02,18,11.3,62.0,1.0,340.0,31.3
2025-05-02,19,10.4,65.0,2.1,250.0,43.1
2025-05-02,20,10.3,61.0,0.6,250.0,43.5
2025-05-02,21,10.8,63.0,0.8,90.0,48.5
2025-05-02,22,9.6,83.0,0.5,250.0,17.5
2025-05-02,23,8.8,83.0,1.4,320.0,19.4
2025-05-03,0,8.9,77.0,0.6,70.0,49.7
2025-05-03,1,8.2,91.0,0.1,0.0,8.0
2025-05-03,2,8.1,93.0,0.0,0.0,2.9
2025-05-03,3,8.0,91.0,0.7,230.0,5.0
2025-05-03,4,7.7,94.0,0.8,270.0,3.3
2025-05-03,5,7.7,92.0,1.0,230.0,11.3
2025-05-03,6,7.7,94.0,0.8,90.0,3.9
2025-05-03,7,7.6,94.0,0.1,0.0,2.8
2025-05-03,8,7.8,94.0,0.5,90.0,3.1
2025-05-03,9,8.8,92.0,1.5,290.0,15.5
2025-05-03,10,8.6,92.0,3.0,320.0,8.3
2025-05-03,11,9.3,91.0,2.0,290.0,9.5
2025-05-03,12,11.7,77.0,4.4,320.0,16.9
2025-05-03,13,13.1,69.0,5.6,270.0,32.6
2025-05-03,14,12.9,61.0,8.9,290.0,34.5
2025-05-03,15,13.0,65.0,8.6,290.0,29.8
2025-05-03,16,12.9,67.0,7.1,290.0,28.1
2025-05-03,17,13.0,65.0,6.3,290.0,36.5
2025-05-03,18,12.3,62.0,6.5,290.0,36.1
2025-05-03,19,12.0,59.0,6.8,290.0,37.0
2025-05-03,20,11.3,63.0,7.5,290.0,38.2
2025-05-03,21,10.4,74.0,6.0,290.0,24.2
2025-05-03,22,10.3,73.0,6.1,290.0,24.8
2025-05-03,23,9.9,72.0,4.1,290.0,27.8
2025-05-04,0,11.1,58.0,5.3,290.0,35.4
2025-05-04,1,10.3,67.0,5.4,290.0,27.2
2025-05-04,2,10.6,62.0,6.6,290.0,32.3
2025-05-04,3,10.6,63.0,6.4,290.0,33.9
2025-05-04,4,10.7,61.0,6.5,290.0,35.6
2025-05-04,5,12.3,43.0,6.6,290.0,42.6
2025-05-04,6,13.7,30.0,5.4,290.0,49.7
2025-05-04,7,13.9,37.0,6.5,290.0,46.7
2025-05-04,8,16.5,23.0,6.4,270.0,50.0
2025-05-04,9,16.7,28.0,6.5,270.0,46.1
2025-05-04,10,16.6,28.0,8.7,250.0,45.1
2025-05-04,11,17.1,28.0,9.1,250.0,45.1
2025-05-04,12,18.0,22.0,9.7,290.0,44.1
2025-05-04,13,17.7,25.0,9.3,290.0,41.5
2025-05-04,14,16.3,36.0,8.9,290.0,42.0
2025-05-04,15,15.1,46.0,7.5,290.0,33.9
2025-05-04,16,14.4,54.0,6.7,290.0,32.6
2025-05-04,17,13.8,58.0,5.4,290.0,25.5
2025-05-04,18,12.2,69.0,3.6,320.0,20.1
2025-05-04,19,11.4,71.0,2.0,320.0,21.4
2025-05-04,20,10.6,71.0,1.6,290.0,21.4
2025-05-04,21,10.0,74.0,1.3,230.0,24.7
2025-05-04,22,10.6,67.0,2.2,230.0,25.5
2025-05-04,23,12.2,51.0,1.2,250.0,29.5
2025-05-05,0,12.0,52.0,0.4,0.0,30.8
2025-05-05,1,8.8,86.0,3.0,90.0,12.1
2025-05-05,2,8.7,82.0,2.2,140.0,11.3
2025-05-05,3,9.1,84.0,1.4,110.0,11.7
2025-05-05,4,9.1,83.0,1.8,160.0,11.2
2025-05-05,5,9.2,85.0,1.4,160.0,9.2
2025-05-05,6,9.4,88.0,2.5,140.0,8.1
2025-05-05,7,10.1,88.0,2.4,180.0,8.0
2025-05-05,8,9.9,89.0,2.6,140.0,8.2
2025-05-05,9,10.2,87.0,2.7,90.0,11.4
2025-05-05,10,10.5,84.0,3.8,140.0,13.6
2025-05-05,11,11.8,79.0,1.9,140.0,17.2
2025-05-05,12,11.0,81.0,5.1,160.0,18.7
2025-05-05,13,11.9,62.0,3.3,160.0,41.4
2025-05-05,14,11.8,55.0,3.9,160.0,49.4
2025-05-05,15,11.6,62.0,3.2,160.0,47.0
2025-05-05,16,12.0,60.0,2.8,110.0,38.3
2025-05-05,17,11.4,71.0,3.1,110.0,46.2
2025-05-05,18,11.3,72.0,2.5,110.0,41.5
2025-05-05,19,11.4,67.0,2.8,110.0,45.8
2025-05-05,20,10.3,73.0,2.5,110.0,43.9
2025-05-05,21,10.3,71.0,3.3,110.0,43.7
2025-05-05,22,9.9,72.0,2.4,110.0,41.1
2025-05-05,23,9.2,76.0,2.0,140.0,39.5
2025-05-06,0,9.0,75.0,2.1,140.0,44.0
2025-05-06,1,9.1,83.0,1.9,110.0,28.7
2025-05-06,2,9.0,81.0,2.3,110.0,28.0
2025-05-06,3,8.5,84.0,2.3,110.0,27.8
2025-05-06,4,8.4,79.0,1.8,90.0,27.3
2025-05-06,5,8.4,76.0,1.9,90.0,23.9
2025-05-06,6,9.8,65.0,2.9,70.0,38.5
2025-05-06,7,11.3,59.0,2.5,50.0,41.8
2025-05-06,8,12.3,57.0,1.5,20.0,39.2
2025-05-06,9,12.6,53.0,2.0,340.0,34.8
2025-05-06,10,12.9,55.0,2.4,290.0,37.9
2025-05-06,11,13.2,56.0,3.3,320.0,36.5
2025-05-06,12,12.0,64.0,3.7,290.0,39.0
2025-05-06,13,11.7,68.0,3.5,320.0,34.8
2025-05-06,14,12.2,64.0,4.1,320.0,28.0
2025-05-06,15,12.9,65.0,4.2,320.0,22.8
2025-05-06,16,12.2,72.0,3.5,320.0,19.1
2025-05-06,17,11.6,71.0,4.7,320.0,26.3
2025-05-06,18,10.8,75.0,3.8,320.0,29.6
2025-05-06,19,10.1,79.0,3.6,320.0,22.9
2025-05-06,20,9.1,86.0,3.3,320.0,14.9
2025-05-06,21,9.2,85.0,3.3,290.0,14.5
2025-05-06,22,9.1,82.0,3.2,340.0,18.8
2025-05-06,23,8.7,85.0,3.5,320.0,18.1
2025-05-07,0,8.7,84.0,2.6,320.0,16.9
2025-05-07,1,8.8,82.0,3.4,320.0,18.6
2025-05-07,2,8.7,84.0,3.0,290.0,19.4
2025-05-07,3,8.6,89.0,2.8,290.0,13.5
2025-05-07,4,8.8,86.0,2.8,290.0,15.4
2025-05-07,5,9.3,82.0,3.2,290.0,18.9
2025-05-07,6,9.8,78.0,3.7,290.0,23.2
2025-05-07,7,11.1,64.0,3.4,290.0,33.6
2025-05-07,8,12.5,60.0,3.1,320.0,30.6
2025-05-07,9,12.9,62.0,3.9,320.0,32.4
2025-05-07,10,13.9,61.0,3.5,290.0,22.6
2025-05-07,11,14.6,55.0,4.1,320.0,22.2
2025-05-07,12,14.7,58.0,3.9,320.0,27.2
2025-05-07,13,14.7,53.0,4.3,320.0,29.2
2025-05-07,14,15.2,51.0,3.9,250.0,25.0
2025-05-07,15,16.7,47.0,2.2,320.0,36.1
2025-05-07,16,16.3,51.0,1.9,320.0,30.1
2025-05-07,17,16.2,44.0,1.9,230.0,44.4
2025-05-07,18,14.7,50.0,3.3,200.0,43.3
2025-05-07,19,12.5,82.0,3.6,200.0,16.7
2025-05-07,20,11.8,89.0,4.0,230.0,7.0
2025-05-07,21,11.3,86.0,0.9,230.0,14.0
2025-05-07,22,11.2,92.0,1.9,200.0,4.6
2025-05-07,23,11.4,93.0,2.1,200.0,4.0
2025-05-08,0,11.3,94.0,0.2,0.0,4.3
2025-05-08,1,9.7,94.0,0.9,110.0,4.0
2025-05-08,2,9.1,95.0,2.1,110.0,1.5
2025-05-08,3,9.0,96.0,1.9,110.0,0.2
2025-05-08,4,9.1,96.0,2.7,160.0,0.3
2025-05-08,5,9.2,96.0,2.5,140.0,0.2
2025-05-08,6,9.2,96.0,2.5,140.0,0.2
2025-05-08,7,9.5,96.0,4.4,160.0,1.0
2025-05-08,8,10.0,96.0,4.8,140.0,0.3
2025-05-08,9,10.3,96.0,4.7,140.0,6.5
2025-05-08,10,10.7,95.0,5.4,140.0,18.6
2025-05-08,11,10.8,89.0,4.8,160.0,19.3
2025-05-08,12,12.0,84.0,5.1,160.0,26.2
2025-05-08,13,11.9,78.0,6.6,160.0,39.7
2025-05-08,14,13.2,72.0,4.7,160.0,25.8
2025-05-08,15,14.6,60.0,4.3,140.0,31.8
2025-05-08,16,14.3,57.0,4.6,180.0,33.4
2025-05-08,17,14.1,55.0,4.0,160.0,27.6
2025-05-08,18,13.8,55.0,3.4,160.0,28.1
2025-05-08,19,12.7,62.0,2.9,160.0,27.2
2025-05-08,20,12.4,66.0,1.9,200.0,20.9
2025-05-08,21,12.5,63.0,2.5,160.0,29.1
2025-05-08,22,12.4,63.0,2.8,180.0,28.2
2025-05-08,23,12.6,61.0,2.1,140.0,33.0
2025-05-09,0,13.0,57.0,2.4,140.0,41.6
2025-05-09,1,11.2,72.0,2.2,90.0,31.7
2025-05-09,2,12.1,66.0,0.6,110.0,36.3
2025-05-09,3,12.2,70.0,1.2,110.0,34.6
2025-05-09,4,13.1,70.0,2.0,140.0,25.9
2025-05-09,5,12.6,73.0,2.2,110.0,19.4
2025-05-09,6,12.8,65.0,2.8,140.0,30.5
2025-05-09,7,13.3,64.0,1.9,110.0,32.9
2025-05-09,8,11.8,83.0,1.3,110.0,15.1
2025-05-09,9,11.5,82.0,2.0,70.0,10.1
2025-05-09,10,11.9,80.0,4.1,50.0,15.1
2025-05-09,11,11.9,89.0,2.7,70.0,8.9
2025-05-09,12,11.9,91.0,3.4,70.0,6.0
2025-05-09,13,11.7,92.0,5.0,70.0,4.6
2025-05-09,14,11.3,93.0,5.2,50.0,5.0
2025-05-09,15,11.9,94.0,5.6,70.0,3.8
2025-05-09,16,12.0,95.0,5.5,70.0,2.8
2025-05-09,17,12.3,95.0,5.7,70.0,3.4
2025-05-09,18,12.4,95.0,5.2,70.0,4.1
2025-05-09,19,12.3,95.0,3.9,70.0,10.1
2025-05-09,20,12.7,94.0,2.2,20.0,18.6
2025-05-09,21,11.5,94.0,4.5,360.0,5.4
2025-05-09,22,11.2,95.0,5.2,360.0,2.5
2025-05-09,23,11.1,95.0,6.2,360.0,4.4
2025-05-10,0,10.7,95.0,5.9,340.0,9.6
2025-05-10,1,10.5,95.0,5.9,340.0,8.1
2025-05-10,2,10.1,95.0,4.9,320.0,3.2
2025-05-10,3,9.9,96.0,6.4,320.0,2.1
2025-05-10,4,9.9,96.0,7.1,320.0,3.4
2025-05-10,5,10.0,96.0,5.4,320.0,1.8
2025-05-10,6,10.0,96.0,5.4,290.0,1.1
2025-05-10,7,9.9,96.0,4.5,290.0,0.5
2025-05-10,8,10.0,96.0,6.3,290.0,0.9
2025-05-10,9,10.3,96.0,6.0,320.0,0.9
2025-05-10,10,10.4,96.0,7.3,290.0,1.4
2025-05-10,11,10.0,95.0,7.9,320.0,1.4
2025-05-10,12,10.1,95.0,8.6,320.0,1.9
2025-05-10,13,10.5,95.0,6.6,320.0,1.9
2025-05-10,14,11.0,90.0,6.5,290.0,3.7
2025-05-10,15,12.5,81.0,7.6,320.0,7.0
2025-05-10,16,13.7,74.0,6.5,320.0,9.4
2025-05-10,17,13.7,71.0,6.0,290.0,10.8
2025-05-10,18,13.1,72.0,6.7,320.0,13.1
2025-05-10,19,12.7,73.0,5.8,320.0,14.7
2025-05-10,20,12.7,73.0,4.2,290.0,17.5
2025-05-10,21,12.7,71.0,3.9,290.0,18.4
2025-05-10,22,12.2,74.0,3.8,290.0,17.6
2025-05-10,23,12.8,68.0,4.4,290.0,21.1
2025-05-11,0,12.5,67.0,4.3,290.0,24.1
2025-05-11,1,13.2,61.0,4.3,320.0,29.8
2025-05-11,2,13.3,60.0,3.3,320.0,29.0
2025-05-11,3,12.9,62.0,2.8,290.0,29.5
2025-05-11,4,13.5,61.0,1.9,320.0,35.3
2025-05-11,5,11.3,73.0,1.6,340.0,24.0
2025-05-11,6,11.1,76.0,1.9,320.0,20.7
2025-05-11,7,11.5,78.0,2.0,320.0,16.6
2025-05-11,8,12.9,74.0,2.2,320.0,15.4
2025-05-11,9,13.1,74.0,0.6,360.0,15.8
2025-05-11,10,13.2,76.0,2.1,180.0,15.6
2025-05-11,11,13.3,74.0,4.0,180.0,16.8
2025-05-11,12,14.2,71.0,5.1,180.0,22.3
2025-05-11,13,15.7,62.0,3.8,180.0,33.1
2025-05-11,14,16.2,62.0,2.5,140.0,20.3
2025-05-11,15,14.8,67.0,2.9,230.0,21.6
2025-05-11,16,15.3,65.0,2.5,200.0,17.1
2025-05-11,17,15.7,64.0,2.9,180.0,15.2
2025-05-11,18,15.1,65.0,2.7,200.0,10.1
2025-05-11,19,14.0,70.0,1.6,180.0,8.0
2025-05-11,20,13.0,71.0,1.9,200.0,8.4
2025-05-11,21,12.7,68.0,1.4,200.0,11.7
2025-05-11,22,12.1,72.0,2.9,200.0,9.4
2025-05-11,23,10.9,82.0,2.0,110.0,6.7
2025-05-12,0,10.3,83.0,2.2,90.0,7.1
2025-05-12,1,10.7,83.0,1.9,110.0,8.7
2025-05-12,2,10.6,83.0,1.8,110.0,7.1
2025-05-12,3,9.7,90.0,2.3,110.0,3.2
2025-05-12,4,9.3,92.0,2.2,110.0,1.9
2025-05-12,5,10.6,90.0,3.6,160.0,2.3
2025-05-12,6,10.6,92.0,4.9,140.0,2.1
2025-05-12,7,11.3,90.0,4.7,140.0,2.6
2025-05-12,8,12.0,86.0,5.9,160.0,4.0
2025-05-12,9,12.6,84.0,7.0,160.0,4.5
2025-05-12,10,13.7,79.0,7.1,140.0,5.5
2025-05-12,11,15.0,73.0,6.6,140.0,7.3
2025-05-12,12,14.9,73.0,8.1,160.0,7.9
2025-05-12,13,14.6,75.0,8.1,140.0,7.6
2025-05-12,14,12.8,82.0,7.3,160.0,7.1
2025-05-12,15,12.3,86.0,8.0,160.0,6.7
2025-05-12,16,12.2,87.0,7.2,160.0,6.0
2025-05-12,17,12.3,87.0,8.0,140.0,5.7
2025-05-12,18,12.3,87.0,8.3,140.0,5.1
2025-05-12,19,12.1,90.0,7.1,140.0,4.0
2025-05-12,20,11.9,91.0,7.0,140.0,3.6
2025-05-12,21,11.6,93.0,6.2,140.0,3.0
2025-05-12,22,11.8,92.0,6.4,140.0,3.8
2025-05-12,23,11.6,92.0,5.9,140.0,3.7
2025-05-13,0,11.6,91.0,6.6,140.0,3.9
2025-05-13,1,11.7,90.0,5.7,140.0,4.4
2025-05-13,2,12.3,87.0,4.9,160.0,5.7
2025-05-13,3,13.7,78.0,4.4,180.0,8.8
2025-05-13,4,13.6,75.0,4.0,140.0,10.1
2025-05-13,5,13.2,77.0,4.3,140.0,9.5
2025-05-13,6,16.3,60.0,6.0,180.0,16.7
2025-05-13,7,13.4,77.0,3.1,140.0,11.0
2025-05-13,8,14.3,72.0,4.2,140.0,14.6
2025-05-13,9,15.6,68.0,4.6,140.0,16.6
2025-05-13,10,16.7,64.0,4.0,140.0,20.6
2025-05-13,11,17.9,60.0,3.5,160.0,17.9
2025-05-13,12,16.7,64.0,4.1,160.0,21.4
2025-05-13,13,15.4,66.0,4.6,160.0,18.9
2025-05-13,14,16.3,64.0,4.7,160.0,18.4
2025-05-13,15,17.2,61.0,4.1,140.0,19.0
2025-05-13,16,16.9,60.0,4.0,160.0,21.1
2025-05-13,17,16.3,62.0,4.4,140.0,21.2
2025-05-13,18,15.0,65.0,4.3,140.0,19.5
2025-05-13,19,16.8,54.0,5.3,180.0,18.8
2025-05-13,20,13.0,78.0,4.6,140.0,14.4
2025-05-13,21,12.3,85.0,5.8,140.0,11.6
2025-05-13,22,12.9,86.0,7.5,160.0,11.3
2025-05-13,23,12.8,87.0,6.3,160.0,9.7
2025-05-14,0,13.8,87.0,6.1,160.0,10.9
2025-05-14,1,13.2,87.0,5.9,160.0,10.3
2025-05-14,2,12.7,90.0,5.9,160.0,8.3
2025-05-14,3,13.4,86.0,7.6,160.0,12.2
2025-05-14,4,13.8,83.0,6.5,180.0,14.1
2025-05-14,5,14.0,80.0,6.2,160.0,16.1
2025-05-14,6,12.7,84.0,6.2,160.0,12.5
2025-05-14,7,13.1,82.0,4.4,160.0,15.3
2025-05-14,8,13.7,81.0,5.2,140.0,15.0
2025-05-14,9,14.8,75.0,4.8,160.0,16.6
2025-05-14,10,15.5,71.0,5.8,160.0,19.2
2025-05-14,11,16.2,69.0,6.2,160.0,17.2
2025-05-14,12,15.7,71.0,6.8,160.0,19.3
2025-05-14,13,15.8,71.0,8.4,160.0,16.2
2025-05-14,14,15.4,72.0,8.2,160.0,16.2
2025-05-14,15,14.4,78.0,7.1,160.0,14.5
2025-05-14,16,14.5,78.0,7.8,160.0,14.9
2025-05-14,17,15.1,78.0,9.4,160.0,16.6
2025-05-14,18,14.7,83.0,6.3,160.0,13.7
2025-05-14,19,14.4,87.0,2.3,160.0,10.4
2025-05-14,20,14.1,90.0,3.6,200.0,5.6
2025-05-14,21,13.5,90.0,2.8,180.0,6.8
2025-05-14,22,13.3,95.0,3.7,180.0,0.5
2025-05-14,23,13.0,95.0,1.0,180.0,0.9
2025-05-15,0,13.9,95.0,3.3,250.0,4.9
2025-05-15,1,13.7,95.0,1.4,230.0,5.7
2025-05-15,2,13.1,95.0,2.7,200.0,0.2
2025-05-15,3,11.8,96.0,3.7,320.0,0.1
2025-05-15,4,11.7,96.0,0.9,320.0,0.1
2025-05-15,5,12.3,96.0,1.1,290.0,0.2
2025-05-15,6,13.0,96.0,1.1,290.0,0.6
2025-05-15,7,13.5,96.0,1.2,290.0,3.7
2025-05-15,8,13.6,96.0,4.0,320.0,5.3
2025-05-15,9,11.4,96.0,5.1,340.0,0.3
2025-05-15,10,11.1,96.0,5.3,320.0,0.3
2025-05-15,11,11.3,95.0,2.6,290.0,2.7
2025-05-15,12,14.1,85.0,2.8,320.0,22.3
2025-05-15,13,15.1,84.0,3.1,290.0,19.4
2025-05-15,14,15.9,80.0,3.0,320.0,20.2
2025-05-15,15,12.7,86.0,4.3,320.0,6.0
2025-05-15,16,11.9,92.0,4.2,320.0,1.0
2025-05-15,17,13.9,81.0,2.5,320.0,17.9
2025-05-15,18,12.6,84.0,2.1,290.0,14.4
2025-05-15,19,10.3,95.0,0.8,320.0,0.3
2025-05-15,20,9.8,96.0,0.2,0.0,0.3
2025-05-15,21,10.0,96.0,0.8,180.0,0.2
2025-05-15,22,9.0,96.0,2.0,140.0,0.2
2025-05-15,23,8.9,96.0,2.9,160.0,0.3
2025-05-16,0,10.2,96.0,3.1,140.0,0.2
2025-05-16,1,10.9,97.0,3.2,160.0,0.3
2025-05-16,2,11.1,97.0,2.7,140.0,0.2
2025-05-16,3,12.2,97.0,2.4,110.0,0.2
2025-05-16,4,12.7,96.0,3.8,110.0,0.2
2025-05-16,5,12.7,96.0,4.2,110.0,0.2
2025-05-16,6,13.0,96.0,3.3,110.0,0.3
2025-05-16,7,13.7,96.0,3.2,110.0,0.2
2025-05-16,8,14.3,96.0,3.8,110.0,0.2
2025-05-16,9,15.7,96.0,4.4,140.0,0.3
2025-05-16,10,15.0,96.0,7.3,140.0,0.3
2025-05-16,11,15.2,96.0,5.1,160.0,0.6
2025-05-16,12,14.0,96.0,4.2,160.0,0.6
2025-05-16,13,13.8,96.0,2.2,160.0,0.4
2025-05-16,14,13.7,96.0,2.8,140.0,0.5
2025-05-16,15,15.1,96.0,3.0,180.0,1.1
2025-05-16,16,16.1,96.0,3.5,180.0,19.9
2025-05-16,17,14.2,96.0,4.3,160.0,11.7
2025-05-16,18,15.2,92.0,2.9,180.0,21.4
2025-05-16,19,14.6,90.0,1.5,110.0,15.6
2025-05-16,20,14.4,95.0,2.3,110.0,9.6
2025-05-16,21,15.5,88.0,5.1,140.0,35.8
2025-05-16,22,15.3,89.0,2.6,140.0,33.5
2025-05-16,23,15.2,93.0,2.6,140.0,14.7
2025-05-17,0,15.4,93.0,2.9,160.0,15.4
2025-05-17,1,14.3,92.0,2.9,200.0,10.6
2025-05-17,2,14.9,95.0,2.1,180.0,4.2
2025-05-17,3,15.2,95.0,2.0,200.0,9.2
2025-05-17,4,14.9,96.0,2.4,230.0,0.2
2025-05-17,5,13.5,96.0,2.7,200.0,0.2
2025-05-17,6,13.9,96.0,2.1,200.0,2.2
2025-05-17,7,12.7,96.0,3.3,180.0,0.4
2025-05-17,8,11.8,96.0,3.8,180.0,0.5
2025-05-17,9,12.9,96.0,4.0,200.0,2.5
2025-05-17,10,14.8,89.0,4.4,180.0,30.3
2025-05-17,11,15.7,88.0,5.5,200.0,35.6
2025-05-17,12,14.5,93.0,6.1,180.0,17.1
2025-05-17,13,15.1,93.0,4.0,200.0,32.3
2025-05-17,14,14.4,93.0,6.9,230.0,14.7
2025-05-17,15,14.6,90.0,7.7,270.0,8.2
2025-05-17,16,13.8,89.0,7.7,320.0,4.9
2025-05-17,17,13.3,84.0,5.1,320.0,11.7
2025-05-17,18,12.6,81.0,5.5,320.0,16.0
2025-05-17,19,11.7,87.0,5.5,320.0,10.0
2025-05-17,20,11.3,83.0,6.8,320.0,16.8
2025-05-17,21,10.9,79.0,5.9,340.0,19.2
2025-05-17,22,10.5,80.0,5.5,320.0,17.6
2025-05-17,23,10.3,80.0,4.4,320.0,21.4
2025-05-18,0,10.3,79.0,3.5,340.0,23.8
2025-05-18,1,10.3,76.0,5.0,340.0,23.8
2025-05-18,2,10.7,72.0,5.6,340.0,26.4
2025-05-18,3,10.6,70.0,3.7,320.0,27.2
2025-05-18,4,9.5,82.0,3.3,290.0,23.2
2025-05-18,5,9.1,84.0,3.9,320.0,19.6
2025-05-18,6,9.6,87.0,3.0,290.0,17.1
2025-05-18,7,11.2,82.0,1.7,290.0,25.3
2025-05-18,8,13.1,68.0,1.1,270.0,27.6
2025-05-18,9,15.1,55.0,2.6,290.0,25.2
2025-05-18,10,16.3,41.0,4.3,320.0,22.6
2025-05-18,11,17.3,36.0,4.8,250.0,34.9
2025-05-18,12,17.7,35.0,6.2,250.0,37.0
2025-05-18,13,18.0,36.0,6.2,270.0,37.2
2025-05-18,14,19.1,31.0,4.5,290.0,37.3
2025-05-18,15,17.9,39.0,5.1,270.0,31.9
2025-05-18,16,17.3,43.0,5.3,270.0,31.9
2025-05-18,17,17.2,45.0,4.0,250.0,27.4
2025-05-18,18,14.6,67.0,4.3,200.0,20.6
2025-05-18,19,14.1,64.0,2.6,230.0,26.1
2025-05-18,20,12.8,77.0,3.7,200.0,19.1
2025-05-18,21,13.0,75.0,4.2,230.0,22.7
2025-05-18,22,13.1,79.0,3.7,230.0,19.7
2025-05-18,23,13.1,77.0,4.1,230.0,24.8
2025-05-19,0,13.4,70.0,2.8,230.0,30.5
2025-05-19,1,12.8,65.0,2.3,180.0,31.8
2025-05-19,2,11.9,82.0,2.7,140.0,21.2
2025-05-19,3,12.0,78.0,3.6,140.0,27.9
2025-05-19,4,12.0,77.0,3.7,140.0,29.7
2025-05-19,5,12.3,72.0,6.0,160.0,26.1
2025-05-19,6,11.5,85.0,4.8,140.0,19.4
2025-05-19,7,11.5,90.0,6.5,140.0,11.5
2025-05-19,8,12.2,80.0,6.9,140.0,19.4
2025-05-19,9,13.6,68.0,6.8,160.0,26.6
2025-05-19,10,13.8,66.0,8.0,160.0,30.9
2025-05-19,11,13.7,68.0,8.2,180.0,26.9
2025-05-19,12,13.6,74.0,7.4,160.0,25.6
2025-05-19,13,13.5,79.0,5.8,160.0,21.6
2025-05-19,14,13.4,88.0,6.3,160.0,11.3
2025-05-19,15,13.1,94.0,5.3,160.0,1.2
2025-05-19,16,13.1,95.0,6.5,160.0,0.7
2025-05-19,17,12.9,96.0,6.8,160.0,0.7
2025-05-19,18,12.7,96.0,4.9,160.0,0.5
2025-05-19,19,12.6,96.0,6.4,160.0,0.5
2025-05-19,20,12.4,96.0,2.3,110.0,0.3
2025-05-19,21,12.2,96.0,3.0,140.0,0.2
2025-05-19,22,12.2,96.0,2.7,110.0,0.2
2025-05-19,23,12.7,96.0,5.0,140.0,0.2
2025-05-20,0,13.0,96.0,4.8,140.0,0.2
2025-05-20,1,12.9,96.0,4.7,140.0,0.2
2025-05-20,2,12.7,96.0,4.9,140.0,0.2
2025-05-20,3,13.0,96.0,6.0,140.0,0.2
2025-05-20,4,12.7,96.0,5.6,140.0,0.2
2025-05-20,5,12.8,96.0,4.1,140.0,0.2
2025-05-20,6,13.0,96.0,3.9,140.0,0.2
2025-05-20,7,13.1,96.0,4.5,140.0,0.2
2025-05-20,8,12.7,96.0,5.5,140.0,0.3
2025-05-20,9,13.1,96.0,6.4,140.0,0.6
2025-05-20,10,13.0,96.0,6.8,140.0,0.9
2025-05-20,11,13.8,96.0,5.9,140.0,0.9
2025-05-20,12,14.2,96.0,6.2,140.0,3.0
2025-05-20,13,15.6,95.0,6.1,160.0,10.0
2025-05-20,14,15.6,90.0,6.2,160.0,15.9
2025-05-20,15,15.2,91.0,5.6,160.0,8.3
2025-05-20,16,14.7,92.0,6.3,160.0,3.6
2025-05-20,17,14.3,93.0,4.8,160.0,4.3
2025-05-20,18,14.2,94.0,6.4,160.0,2.2
2025-05-20,19,13.7,96.0,5.9,160.0,0.9
2025-05-20,20,13.7,96.0,7.3,160.0,0.7
2025-05-20,21,14.3,96.0,5.6,160.0,0.8
2025-05-20,22,14.4,96.0,4.9,140.0,0.5
2025-05-20,23,15.4,96.0,6.2,160.0,1.0
2025-05-21,0,15.2,96.0,4.1,140.0,0.4
2025-05-21,1,16.2,96.0,5.2,160.0,1.8
2025-05-21,2,16.5,96.0,7.1,180.0,1.2
2025-05-21,3,14.3,96.0,2.8,140.0,0.3
2025-05-21,4,14.5,96.0,5.1,160.0,0.5
2025-05-21,5,14.2,96.0,4.4,160.0,0.3
2025-05-21,6,14.0,96.0,5.1,140.0,0.3
2025-05-21,7,14.7,96.0,3.5,160.0,0.5
2025-05-21,8,14.5,96.0,2.7,110.0,0.3
2025-05-21,9,15.6,96.0,3.7,140.0,0.3
2025-05-21,10,16.2,97.0,3.4,140.0,1.7
2025-05-21,11,15.8,97.0,3.9,140.0,1.0
2025-05-21,12,16.3,97.0,3.4,160.0,1.5
2025-05-21,13,16.7,97.0,3.1,160.0,1.4
2025-05-21,14,16.9,97.0,2.4,160.0,1.6
2025-05-21,15,16.6,97.0,3.4,160.0,1.0
2025-05-21,16,17.0,97.0,5.7,160.0,1.5
2025-05-21,17,16.6,97.0,0.7,180.0,1.0
2025-05-21,18,17.2,97.0,1.4,250.0,0.3
2025-05-21,19,17.8,97.0,1.7,270.0,0.7
2025-05-21,20,16.1,97.0,1.8,320.0,0.5
2025-05-21,21,15.6,97.0,2.3,320.0,0.4
2025-05-21,22,16.0,97.0,1.6,320.0,6.0
2025-05-21,23,14.8,97.0,0.9,290.0,0.5
2025-05-22,0,15.9,97.0,0.8,270.0,20.3
2025-05-22,1,13.0,97.0,6.0,320.0,0.3
2025-05-22,2,13.7,97.0,3.7,320.0,0.3
2025-05-22,3,14.3,97.0,5.6,340.0,0.3
2025-05-22,4,14.7,97.0,3.6,340.0,0.4
2025-05-22,5,14.4,97.0,4.5,340.0,0.2
2025-05-22,6,13.8,97.0,5.3,340.0,1.9
2025-05-22,7,14.5,96.0,3.8,340.0,23.1
2025-05-22,8,14.9,87.0,5.0,340.0,26.7
2025-05-22,9,16.2,70.0,5.9,360.0,17.1
2025-05-22,10,17.4,58.0,5.2,360.0,14.7
2025-05-22,11,17.8,52.0,7.2,360.0,15.6
2025-05-22,12,18.0,52.0,6.9,360.0,18.9
2025-05-22,13,18.6,53.0,5.6,360.0,16.9
2025-05-22,14,18.5,48.0,6.5,360.0,20.9
2025-05-22,15,19.3,43.0,5.9,340.0,26.5
2025-05-22,16,17.7,50.0,4.6,340.0,19.6
2025-05-22,17,17.7,45.0,6.5,340.0,23.4
2025-05-22,18,16.9,49.0,4.7,360.0,24.1
2025-05-22,19,16.4,49.0,2.9,360.0,22.0
2025-05-22,20,17.8,41.0,3.3,360.0,22.0
2025-05-22,21,16.0,49.0,2.8,340.0,21.1
2025-05-22,22,16.7,43.0,4.2,360.0,22.0
2025-05-22,23,16.7,42.0,3.5,340.0,20.7
2025-05-23,0,16.4,44.0,3.0,320.0,20.3
2025-05-23,1,16.0,46.0,2.0,320.0,18.6
2025-05-23,2,15.9,47.0,1.4,320.0,17.4
2025-05-23,3,17.3,41.0,0.7,50.0,17.5
2025-05-23,4,14.2,62.0,2.0,290.0,15.8
2025-05-23,5,16.1,50.0,1.9,90.0,17.5
2025-05-23,6,15.9,63.0,3.2,110.0,16.9
2025-05-23,7,15.9,85.0,6.1,110.0,16.6
2025-05-23,8,16.0,80.0,5.5,110.0,19.8
2025-05-23,9,16.4,75.0,5.1,110.0,24.6
2025-05-23,10,17.1,70.0,6.5,140.0,33.8
2025-05-23,11,15.8,81.0,5.7,160.0,23.1
2025-05-23,12,14.4,93.0,4.4,110.0,5.8
2025-05-23,13,14.1,95.0,3.7,110.0,1.3
2025-05-23,14,14.1,96.0,3.2,110.0,0.6
2025-05-23,15,12.8,96.0,4.1,70.0,3.1
2025-05-23,16,12.7,95.0,3.0,70.0,5.3
2025-05-23,17,13.0,94.0,1.7,20.0,4.8
2025-05-23,18,12.2,93.0,4.6,50.0,7.8
2025-05-23,19,12.2,92.0,4.0,50.0,5.8
2025-05-23,20,12.0,93.0,4.7,50.0,12.9
2025-05-23,21,11.9,93.0,2.2,20.0,10.0
2025-05-23,22,12.0,92.0,2.5,70.0,14.4
2025-05-23,23,11.8,93.0,2.4,90.0,8.7
2025-05-24,0,12.1,91.0,2.2,90.0,13.4
2025-05-24,1,12.5,90.0,1.9,20.0,17.0
2025-05-24,2,12.0,93.0,2.3,320.0,9.5
2025-05-24,3,11.9,93.0,2.2,340.0,9.1
2025-05-24,4,12.4,89.0,1.3,360.0,19.9
2025-05-24,5,11.7,93.0,3.3,50.0,4.3
2025-05-24,6,11.4,96.0,4.5,50.0,2.3
2025-05-24,7,11.5,96.0,3.6,50.0,2.7
2025-05-24,8,11.8,94.0,4.1,70.0,8.9
2025-05-24,9,12.2,92.0,3.4,70.0,13.0
2025-05-24,10,12.4,90.0,2.2,360.0,15.0
2025-05-24,11,13.0,86.0,2.6,50.0,19.9
2025-05-24,12,13.2,90.0,2.4,50.0,9.6
2025-05-24,13,13.4,90.0,1.8,340.0,22.3
2025-05-24,14,14.8,84.0,3.1,360.0,20.6
2025-05-24,15,15.3,76.0,2.7,360.0,26.0
2025-05-24,16,15.8,74.0,3.8,340.0,27.6
2025-05-24,17,14.9,76.0,3.4,340.0,23.7
2025-05-24,18,13.2,80.0,3.7,290.0,24.0
2025-05-24,19,13.0,80.0,4.7,340.0,21.6
2025-05-24,20,11.6,85.0,3.4,320.0,19.6
2025-05-24,21,11.5,83.0,2.9,340.0,27.9
2025-05-24,22,11.2,86.0,3.9,320.0,18.3
2025-05-24,23,11.1,90.0,3.8,320.0,11.6
2025-05-25,0,11.0,93.0,3.0,320.0,8.8
2025-05-25,1,11.3,91.0,2.0,320.0,11.7
2025-05-25,2,11.4,87.0,2.8,320.0,18.4
2025-05-25,3,11.6,90.0,1.3,320.0,13.6
2025-05-25,4,12.3,92.0,1.2,270.0,11.7
2025-05-25,5,11.5,92.0,0.0,0.0,10.4
2025-05-25,6,10.5,94.0,1.6,180.0,2.8
2025-05-25,7,12.0,91.0,1.6,180.0,7.6
2025-05-25,8,14.0,78.0,0.8,200.0,25.6
2025-05-25,9,14.9,80.0,2.6,180.0,18.1
2025-05-25,10,16.0,73.0,3.0,200.0,18.5
2025-05-25,11,17.2,69.0,2.7,180.0,16.9
2025-05-25,12,17.9,69.0,2.8,200.0,15.8
2025-05-25,13,18.6,70.0,1.5,110.0,16.4
2025-05-25,14,18.0,70.0,2.2,200.0,12.1
2025-05-25,15,18.1,69.0,2.7,180.0,11.7
2025-05-25,16,19.0,63.0,1.6,200.0,14.6
2025-05-25,17,18.6,67.0,1.7,340.0,16.4
2025-05-25,18,18.3,69.0,1.1,270.0,11.6
2025-05-25,19,16.4,74.0,0.7,110.0,11.8
2025-05-25,20,13.9,88.0,1.0,180.0,4.1
2025-05-25,21,12.9,91.0,0.6,90.0,3.5
2025-05-25,22,12.9,91.0,0.8,230.0,3.9
2025-05-25,23,12.2,91.0,0.7,50.0,4.3
2025-05-26,0,9.7,96.0,1.3,90.0,0.1
2025-05-26,1,9.8,97.0,2.2,110.0,0.2
2025-05-26,2,10.9,97.0,2.2,110.0,0.2
2025-05-26,3,10.8,97.0,1.8,110.0,0.1
2025-05-26,4,11.0,97.0,2.3,140.0,0.1
2025-05-26,5,10.8,97.0,2.5,110.0,0.1
2025-05-26,6,11.7,97.0,3.4,140.0,0.1
2025-05-26,7,12.3,97.0,2.8,140.0,0.1
2025-05-26,8,12.7,97.0,3.1,140.0,0.2
2025-05-26,9,13.1,97.0,2.3,140.0,2.1
2025-05-26,10,14.1,96.0,5.1,140.0,6.0
2025-05-26,11,16.8,79.0,5.1,140.0,13.6
2025-05-26,12,18.3,73.0,5.2,140.0,17.7
2025-05-26,13,18.4,71.0,5.3,160.0,24.1
2025-05-26,14,18.1,71.0,5.1,180.0,27.3
2025-05-26,15,16.7,76.0,5.8,180.0,17.5
2025-05-26,16,17.0,77.0,6.7,160.0,18.2
2025-05-26,17,16.5,78.0,4.7,180.0,10.4
2025-05-26,18,16.1,79.0,3.5,180.0,10.3
2025-05-26,19,14.7,87.0,1.8,200.0,6.0
2025-05-26,20,13.9,92.0,3.2,160.0,2.5
2025-05-26,21,13.3,95.0,1.0,140.0,1.7
2025-05-26,22,13.1,95.0,2.0,140.0,1.2
2025-05-26,23,12.6,96.0,1.6,110.0,1.0
2025-05-27,0,13.1,96.0,1.1,200.0,0.9
2025-05-27,1,12.4,97.0,2.0,180.0,0.1
2025-05-27,2,12.3,97.0,2.5,140.0,0.1
2025-05-27,3,12.4,97.0,1.7,160.0,0.2
2025-05-27,4,12.5,97.0,2.4,140.0,0.1
2025-05-27,5,10.8,97.0,2.1,140.0,0.2
2025-05-27,6,12.1,97.0,4.4,140.0,0.1
2025-05-27,7,12.5,97.0,3.6,140.0,0.1
2025-05-27,8,12.8,97.0,3.5,140.0,0.1
2025-05-27,9,12.9,97.0,3.5,160.0,0.2
2025-05-27,10,14.3,97.0,4.6,140.0,2.8
2025-05-27,11,15.4,94.0,4.2,140.0,7.7
2025-05-27,12,15.2,92.0,4.5,140.0,5.8
2025-05-27,13,17.1,80.0,2.6,180.0,13.3
2025-05-27,14,14.9,79.0,4.6,340.0,11.6
2025-05-27,15,19.0,66.0,0.4,0.0,14.9
2025-05-27,16,14.9,84.0,4.2,180.0,16.5
2025-05-27,17,15.2,83.0,2.8,180.0,13.2
2025-05-27,18,14.6,86.0,2.8,180.0,17.7
2025-05-27,19,15.4,86.0,1.6,320.0,8.7
2025-05-27,20,13.1,90.0,2.0,320.0,9.1
2025-05-27,21,13.6,92.0,1.0,230.0,7.9
2025-05-27,22,13.9,90.0,0.3,0.0,5.3
2025-05-27,23,14.7,83.0,1.5,160.0,9.0
2025-05-28,0,12.6,93.0,1.9,70.0,5.7
2025-05-28,1,13.2,93.0,1.9,90.0,5.0
2025-05-28,2,13.7,90.0,1.0,140.0,4.8
2025-05-28,3,14.2,88.0,0.4,0.0,6.9
2025-05-28,4,14.8,85.0,1.5,90.0,7.2
2025-05-28,5,14.9,89.0,1.1,90.0,6.6
2025-05-28,6,15.4,85.0,0.2,0.0,8.0
2025-05-28,7,14.8,87.0,2.0,90.0,9.0
2025-05-28,8,16.1,85.0,1.8,110.0,9.8
2025-05-28,9,18.0,70.0,2.1,140.0,15.3
2025-05-28,10,19.1,64.0,2.4,160.0,22.7
2025-05-28,11,18.0,71.0,2.8,180.0,15.3
2025-05-28,12,19.1,66.0,4.6,200.0,13.1
2025-05-28,13,20.3,54.0,4.3,200.0,29.2
2025-05-28,14,21.1,51.0,3.3,180.0,33.2
2025-05-28,15,21.2,54.0,2.9,250.0,39.2
2025-05-28,16,19.6,61.0,1.8,90.0,26.6
2025-05-28,17,21.5,51.0,1.0,320.0,30.2
2025-05-28,18,20.2,51.0,1.7,200.0,33.6
2025-05-28,19,19.2,54.0,1.0,230.0,32.1
2025-05-28,20,16.1,72.0,1.0,180.0,25.3
2025-05-28,21,14.7,77.0,0.4,0.0,25.4
2025-05-28,22,15.4,75.0,1.3,200.0,24.0
2025-05-28,23,14.9,75.0,1.0,180.0,19.8
2025-05-29,0,14.5,75.0,1.1,110.0,27.0
2025-05-29,1,13.3,83.0,1.7,90.0,19.8
2025-05-29,2,13.5,80.0,2.0,110.0,20.4
2025-05-29,3,14.1,79.0,2.1,90.0,19.9
2025-05-29,4,13.7,87.0,2.3,90.0,13.8
2025-05-29,5,13.6,87.0,2.2,90.0,12.8
2025-05-29,6,13.2,82.0,2.0,90.0,16.0
2025-05-29,7,14.4,81.0,1.4,140.0,18.6
2025-05-29,8,17.6,70.0,1.0,110.0,21.6
2025-05-29,9,19.0,55.0,1.7,180.0,26.2
2025-05-29,10,20.8,39.0,1.7,180.0,36.6
2025-05-29,11,22.4,36.0,1.3,200.0,32.6
2025-05-29,12,22.4,39.0,1.8,200.0,45.0
2025-05-29,13,22.7,33.0,1.6,70.0,40.1
2025-05-29,14,23.0,29.0,1.2,340.0,47.0
2025-05-29,15,22.5,32.0,1.6,70.0,43.1
2025-05-29,16,21.5,34.0,1.8,340.0,38.7
2025-05-29,17,21.1,34.0,2.6,320.0,42.8
2025-05-29,18,20.3,37.0,1.4,320.0,41.0
2025-05-29,19,19.0,42.0,1.1,290.0,41.2
2025-05-29,20,17.6,46.0,0.7,180.0,36.6
2025-05-29,21,16.2,50.0,1.2,290.0,29.8
2025-05-29,22,16.3,48.0,0.3,0.0,30.3
2025-05-29,23,15.5,49.0,1.6,290.0,29.6
2025-05-30,0,15.8,56.0,0.6,320.0,28.3
2025-05-30,1,15.7,64.0,0.7,70.0,24.7
2025-05-30,2,14.8,61.0,0.3,0.0,21.4
2025-05-30,3,13.4,65.0,1.6,70.0,25.4
2025-05-30,4,13.0,69.0,1.2,270.0,26.8
2025-05-30,5,14.5,76.0,2.0,320.0,20.4
2025-05-30,6,13.9,81.0,2.2,320.0,14.9
2025-05-30,7,15.4,85.0,1.8,320.0,10.0
2025-05-30,8,17.0,76.0,2.0,320.0,14.3
2025-05-30,9,20.0,52.0,1.0,320.0,35.6
2025-05-30,10,22.2,36.0,1.3,90.0,30.9
2025-05-30,11,23.4,33.0,2.0,90.0,35.9
2025-05-30,12,23.9,31.0,1.5,90.0,32.5
2025-05-30,13,22.3,41.0,1.7,320.0,32.8
2025-05-30,14,22.5,39.0,2.2,290.0,31.6
2025-05-30,15,24.4,38.0,1.1,70.0,26.7
2025-05-30,16,24.1,32.0,2.2,320.0,35.7
2025-05-30,17,19.6,44.0,3.4,320.0,25.9
2025-05-30,18,18.2,57.0,2.3,320.0,24.3
2025-05-30,19,17.8,60.0,1.7,320.0,25.3
2025-05-30,20,15.9,71.0,2.4,320.0,17.4
2025-05-30,21,16.0,78.0,0.0,0.0,17.0
2025-05-30,22,15.8,71.0,1.5,290.0,18.9
2025-05-30,23,17.9,54.0,0.0,0.0,24.4
2025-05-31,0,17.2,50.0,1.5,290.0,27.5
2025-05-31,1,15.8,62.0,0.3,0.0,22.2
2025-05-31,2,16.6,61.0,0.1,0.0,18.9
2025-05-31,3,16.0,63.0,0.5,290.0,23.0
2025-05-31,4,15.5,70.0,1.6,90.0,10.2
2025-05-31,5,15.7,65.0,0.7,230.0,21.9
2025-05-31,6,16.6,66.0,0.2,0.0,14.2
2025-05-31,7,16.3,73.0,1.1,140.0,15.9
2025-05-31,8,16.9,75.0,1.2,140.0,12.8
2025-05-31,9,17.3,65.0,1.3,180.0,13.7
2025-05-31,10,18.1,65.0,1.3,140.0,18.1
2025-05-31,11,19.3,59.0,1.7,160.0,18.4
2025-05-31,12,20.1,51.0,2.1,160.0,21.4
2025-05-31,13,20.3,57.0,2.9,160.0,16.4
2025-05-31,14,20.2,63.0,3.0,200.0,17.4
2025-05-31,15,22.2,59.0,1.0,360.0,23.1
2025-05-31,16,19.9,65.0,3.0,70.0,17.9
2025-05-31,17,20.1,68.0,2.2,90.0,19.0
2025-05-31,18,19.8,49.0,2.9,250.0,21.5
2025-05-31,19,18.9,64.0,0.5,110.0,21.6
2025-05-31,20,17.4,63.0,1.3,290.0,24.1
2025-05-31,21,15.9,69.0,1.2,270.0,18.9
2025-05-31,22,16.9,58.0,1.3,230.0,26.2
2025-05-31,23,16.6,61.0,1.7,90.0,24.6
2025-06-01,0,15.5,68.0,2.0,90.0,18.6
2025-06-01,1,16.2,60.0,1.3,270.0,23.9
2025-06-01,2,16.8,69.0,1.8,270.0,21.9
2025-06-01,3,16.0,80.0,1.6,290.0,13.0
2025-06-01,4,14.6,89.0,1.5,340.0,8.0
2025-06-01,5,15.1,90.0,1.6,290.0,5.0
2025-06-01,6,16.0,72.0,2.0,290.0,13.5
2025-06-01,7,17.2,67.0,1.6,290.0,15.3
2025-06-01,8,18.7,64.0,2.8,320.0,14.1
2025-06-01,9,20.1,51.0,2.3,320.0,18.9
2025-06-01,10,22.0,49.0,1.8,110.0,20.8
2025-06-01,11,22.2,42.0,1.9,340.0,28.8
2025-06-01,12,23.1,34.0,1.6,340.0,30.5
2025-06-01,13,22.2,48.0,2.5,320.0,23.8
2025-06-01,14,21.0,61.0,4.6,320.0,19.1
2025-06-01,15,22.4,57.0,3.7,320.0,22.2
2025-06-01,16,21.1,51.0,3.9,320.0,23.8
2025-06-01,17,19.4,59.0,2.6,290.0,20.1
2025-06-01,18,19.1,67.0,2.4,320.0,17.4
2025-06-01,19,17.8,86.0,2.7,320.0,11.1
2025-06-01,20,17.3,86.0,0.7,320.0,8.2
2025-06-01,21,16.4,77.0,2.1,290.0,14.4
2025-06-01,22,16.3,79.0,1.6,320.0,12.8
2025-06-01,23,17.1,67.0,1.0,270.0,19.6
2025-06-02,0,16.2,65.0,0.8,230.0,23.0
2025-06-02,1,16.5,46.0,1.3,320.0,30.6
2025-06-02,2,16.8,47.0,1.4,340.0,27.4
2025-06-02,3,15.0,63.0,1.6,340.0,25.6
2025-06-02,4,16.2,51.0,1.5,290.0,26.8
2025-06-02,5,16.8,49.0,0.3,0.0,26.8
2025-06-02,6,17.0,45.0,1.8,320.0,26.0
2025-06-02,7,16.5,55.0,1.6,290.0,25.8
2025-06-02,8,17.2,59.0,0.2,0.0,21.7
2025-06-02,9,18.4,62.0,0.8,180.0,19.3
2025-06-02,10,19.0,60.0,0.4,0.0,25.5
2025-06-02,11,20.0,61.0,1.6,360.0,22.7
2025-06-02,12,19.8,60.0,3.4,290.0,27.9
2025-06-02,13,20.7,62.0,4.4,320.0,24.7
2025-06-02,14,20.4,71.0,4.8,320.0,16.6
2025-06-02,15,20.2,66.0,5.2,320.0,13.8
2025-06-02,16,20.3,66.0,3.9,320.0,13.5
2025-06-02,17,19.2,63.0,3.0,320.0,21.0
2025-06-02,18,18.5,70.0,3.1,320.0,16.6
2025-06-02,19,17.8,72.0,2.8,290.0,18.7
2025-06-02,20,17.5,69.0,2.8,320.0,25.9
2025-06-02,21,16.4,74.0,3.4,320.0,23.3
2025-06-02,22,16.4,84.0,4.2,320.0,19.0
2025-06-02,23,16.0,85.0,3.1,320.0,14.2
2025-06-03,0,15.9,85.0,2.2,290.0,14.7
2025-06-03,1,16.1,80.0,2.2,290.0,25.2
2025-06-03,2,16.5,72.0,2.3,290.0,35.9
2025-06-03,3,16.2,73.0,2.6,290.0,34.0
2025-06-03,4,16.7,78.0,4.5,270.0,29.8
2025-06-03,5,16.0,85.0,1.2,230.0,21.7
2025-06-03,6,14.2,91.0,1.6,140.0,7.4
2025-06-03,7,15.2,89.0,1.8,140.0,10.1
2025-06-03,8,16.5,85.0,2.6,180.0,16.5
2025-06-03,9,19.1,74.0,4.6,290.0,17.4
2025-06-03,10,19.6,73.0,4.0,290.0,14.4
2025-06-03,11,19.6,74.0,4.5,320.0,11.5
2025-06-03,12,19.6,73.0,5.8,320.0,11.5
2025-06-03,13,19.9,65.0,6.1,320.0,12.4
2025-06-03,14,22.1,44.0,4.1,290.0,35.2
2025-06-03,15,23.1,31.0,4.4,290.0,44.3
2025-06-03,16,21.0,47.0,7.2,250.0,39.2
2025-06-03,17,20.6,53.0,6.2,250.0,43.6
2025-06-03,18,20.8,42.0,5.9,270.0,47.1
2025-06-03,19,18.8,59.0,5.4,250.0,44.6
2025-06-03,20,17.8,61.0,5.3,250.0,43.6
2025-06-03,21,18.1,51.0,3.8,270.0,46.6
2025-06-03,22,17.2,68.0,5.4,250.0,38.6
2025-06-03,23,17.5,64.0,5.3,270.0,42.2
2025-06-04,0,18.0,58.0,6.1,250.0,44.3
2025-06-04,1,19.4,42.0,5.2,270.0,48.7
2025-06-04,2,17.9,58.0,5.1,250.0,48.2
2025-06-04,3,18.1,57.0,4.9,270.0,48.0
2025-06-04,4,18.0,57.0,4.4,270.0,48.8
2025-06-04,5,17.5,62.0,4.1,290.0,47.2
2025-06-04,6,16.8,64.0,2.5,270.0,48.0
2025-06-04,7,18.7,61.0,5.7,290.0,41.2
2025-06-04,8,18.6,70.0,4.8,290.0,41.5
2025-06-04,9,18.2,68.0,6.5,290.0,39.0
2025-06-04,10,20.1,53.0,5.9,320.0,43.9
2025-06-04,11,19.8,55.0,7.4,290.0,40.9
2025-06-04,12,19.5,55.0,6.8,320.0,46.0
2025-06-04,13,18.2,64.0,5.2,320.0,42.2
2025-06-04,14,19.5,61.0,6.3,290.0,48.9
2025-06-04,15,20.4,54.0,6.5,290.0,44.4
2025-06-04,16,20.9,54.0,5.9,290.0,45.6
2025-06-04,17,20.4,52.0,5.5,290.0,45.0
2025-06-04,18,20.4,47.0,4.8,290.0,46.1
2025-06-04,19,19.3,59.0,4.7,290.0,48.8
2025-06-04,20,17.8,68.0,3.3,290.0,46.4
2025-06-04,21,17.2,72.0,2.7,290.0,41.8
2025-06-04,22,16.4,79.0,2.3,290.0,37.8
2025-06-04,23,15.5,78.0,1.5,250.0,37.7
2025-06-05,0,16.1,71.0,2.2,290.0,46.3
2025-06-05,1,16.8,69.0,2.5,290.0,49.2
2025-06-05,2,16.8,65.0,1.5,320.0,49.1
2025-06-05,3,15.0,78.0,2.1,200.0,31.1
2025-06-05,4,15.2,82.0,2.0,230.0,35.3
2025-06-05,5,13.6,86.0,1.8,90.0,26.5
2025-06-05,6,12.9,94.0,1.9,110.0,7.8
2025-06-05,7,15.9,83.0,1.7,110.0,22.3
2025-06-05,8,18.0,69.0,2.1,160.0,40.0
2025-06-05,9,20.3,62.0,2.7,180.0,41.7
2025-06-05,10,21.3,54.0,3.0,180.0,45.0
2025-06-05,11,22.7,47.0,3.8,180.0,46.2
2025-06-05,12,22.6,40.0,5.2,180.0,47.2
2025-06-05,13,22.7,37.0,5.4,200.0,44.4
2025-06-05,14,22.8,31.0,6.7,200.0,44.1
2025-06-05,15,22.9,31.0,5.9,200.0,45.4
2025-06-05,16,22.5,33.0,7.5,180.0,43.1
2025-06-05,17,20.4,48.0,4.8,180.0,44.6
2025-06-05,18,21.1,42.0,4.8,200.0,48.6
2025-06-05,19,18.7,62.0,5.4,180.0,42.7
2025-06-05,20,18.9,56.0,5.9,180.0,47.9
2025-06-05,21,17.7,67.0,5.3,180.0,41.2
2025-06-05,22,17.2,69.0,3.6,180.0,40.4
2025-06-05,23,17.7,69.0,4.2,180.0,33.2
2025-06-06,0,17.5,73.0,4.1,180.0,26.5
2025-06-06,1,17.1,79.0,4.2,160.0,25.3
2025-06-06,2,15.4,86.0,3.1,140.0,20.2
2025-06-06,3,16.5,85.0,4.1,140.0,18.0
2025-06-06,4,16.5,84.0,5.3,140.0,16.8
2025-06-06,5,16.6,84.0,6.1,140.0,16.2
2025-06-06,6,17.1,83.0,5.3,140.0,16.7
2025-06-06,7,17.2,80.0,6.2,140.0,18.7
2025-06-06,8,18.6,76.0,7.5,160.0,19.4
2025-06-06,9,19.2,73.0,6.1,160.0,22.4
2025-06-06,10,19.5,72.0,7.9,160.0,21.2
2025-06-06,11,20.4,69.0,3.6,160.0,21.7
2025-06-06,12,20.5,71.0,7.6,180.0,24.3
2025-06-06,13,21.3,69.0,5.2,180.0,27.4
2025-06-06,14,21.3,68.0,4.9,180.0,25.5
2025-06-06,15,21.1,71.0,5.4,200.0,21.4
2025-06-06,16,21.1,70.0,5.5,180.0,20.5
2025-06-06,17,21.5,68.0,4.0,200.0,18.9
2025-06-06,18,20.6,68.0,4.2,200.0,21.4
2025-06-06,19,19.5,78.0,3.7,180.0,18.7
2025-06-06,20,18.4,83.0,3.1,160.0,17.8
2025-06-06,21,16.5,90.0,3.0,140.0,10.8
2025-06-06,22,17.1,91.0,3.3,160.0,9.7
2025-06-06,23,17.8,89.0,3.9,180.0,13.0
2025-06-07,0,17.6,89.0,3.3,180.0,13.5
2025-06-07,1,18.3,89.0,4.5,180.0,13.9
2025-06-07,2,18.6,89.0,3.7,160.0,12.1
2025-06-07,3,18.7,89.0,4.3,180.0,8.4
2025-06-07,4,18.3,92.0,3.4,160.0,5.9
2025-06-07,5,18.3,94.0,3.6,180.0,2.8
2025-06-07,6,17.9,95.0,3.6,180.0,0.6
2025-06-07,7,16.4,96.0,2.9,110.0,0.3
2025-06-07,8,17.1,96.0,4.2,140.0,0.8
2025-06-07,9,17.0,96.0,4.1,160.0,0.8
2025-06-07,10,17.0,96.0,5.1,160.0,0.7
2025-06-07,11,16.4,96.0,4.0,160.0,0.8
2025-06-07,12,16.1,96.0,2.1,140.0,1.1
2025-06-07,13,16.1,96.0,2.0,110.0,0.8
2025-06-07,14,16.7,96.0,2.5,110.0,1.6
2025-06-07,15,17.8,94.0,1.6,110.0,5.7
2025-06-07,16,17.6,94.0,1.9,180.0,2.4
2025-06-07,17,17.3,95.0,1.8,180.0,1.7
2025-06-07,18,17.2,95.0,1.0,180.0,2.4
2025-06-07,19,17.5,94.0,1.7,160.0,7.1
2025-06-07,20,16.5,95.0,1.1,200.0,3.3
2025-06-07,21,15.9,96.0,1.6,110.0,0.7
2025-06-07,22,16.1,97.0,1.6,110.0,0.2
2025-06-07,23,16.4,97.0,1.5,110.0,0.2
2025-06-08,0,16.5,97.0,1.0,110.0,0.2
2025-06-08,1,16.9,97.0,0.8,140.0,0.2
2025-06-08,2,17.1,97.0,0.3,0.0,0.3
2025-06-08,3,17.5,97.0,1.0,20.0,0.4
2025-06-08,4,16.6,97.0,0.6,50.0,0.2
2025-06-08,5,17.1,97.0,1.8,70.0,0.8
2025-06-08,6,16.9,97.0,1.2,20.0,0.9
2025-06-08,7,18.1,97.0,1.3,70.0,7.3
2025-06-08,8,19.4,95.0,2.0,90.0,10.6
2025-06-08,9,20.8,80.0,2.1,70.0,16.0
2025-06-08,10,22.0,75.0,2.7,110.0,23.9
2025-06-08,11,21.4,76.0,2.5,200.0,18.1
2025-06-08,12,22.6,70.0,2.4,200.0,14.2
2025-06-08,13,17.9,84.0,4.4,320.0,12.1
2025-06-08,14,17.9,82.0,4.2,320.0,15.2
2025-06-08,15,18.7,81.0,4.5,320.0,24.4
2025-06-08,16,19.0,80.0,3.1,290.0,28.7
2025-06-08,17,19.0,79.0,3.3,320.0,25.5
2025-06-08,18,17.4,82.0,2.7,320.0,34.0
2025-06-08,19,18.1,84.0,1.9,320.0,25.9
2025-06-08,20,15.9,89.0,1.1,290.0,24.1
2025-06-08,21,14.2,93.0,2.6,320.0,14.3
2025-06-08,22,13.4,95.0,2.6,320.0,9.8
2025-06-08,23,13.3,96.0,1.9,290.0,5.0
2025-06-09,0,13.1,96.0,1.4,270.0,10.0
2025-06-09,1,14.5,96.0,2.1,270.0,0.3
2025-06-09,2,15.0,97.0,0.8,290.0,0.2
2025-06-09,3,14.0,97.0,0.8,90.0,0.3
2025-06-09,4,14.3,97.0,0.6,110.0,0.7
2025-06-09,5,13.9,97.0,1.9,90.0,0.5
2025-06-09,6,14.4,97.0,2.1,110.0,0.3
2025-06-09,7,15.4,97.0,1.6,140.0,0.3
2025-06-09,8,15.8,97.0,2.0,110.0,0.4
2025-06-09,9,16.8,97.0,1.9,160.0,5.0
2025-06-09,10,17.4,96.0,3.8,140.0,25.6
2025-06-09,11,18.8,82.0,4.5,140.0,41.1
2025-06-09,12,20.2,72.0,4.5,160.0,43.3
2025-06-09,13,20.3,70.0,4.4,180.0,46.3
2025-06-09,14,20.7,69.0,3.9,160.0,46.0
2025-06-09,15,19.7,70.0,4.7,180.0,45.7
2025-06-09,16,20.0,71.0,5.2,160.0,33.8
2025-06-09,17,19.4,79.0,3.3,180.0,32.8
2025-06-09,18,19.0,83.0,3.6,160.0,21.6
2025-06-09,19,18.0,89.0,4.3,160.0,15.4
2025-06-09,20,17.7,94.0,6.3,160.0,3.7
2025-06-09,21,17.6,95.0,4.0,180.0,4.8
2025-06-09,22,17.7,93.0,2.9,180.0,9.6
2025-06-09,23,18.6,92.0,2.3,250.0,13.3
2025-06-10,0,18.9,94.0,2.7,250.0,9.5
2025-06-10,1,18.9,91.0,2.2,200.0,9.9
2025-06-10,2,18.5,92.0,1.1,160.0,7.7
2025-06-10,3,16.9,95.0,2.7,160.0,1.8
2025-06-10,4,16.3,96.0,1.3,200.0,1.0
2025-06-10,5,16.3,96.0,3.8,180.0,0.4
2025-06-10,6,16.9,97.0,0.7,250.0,0.5
2025-06-10,7,17.2,97.0,1.7,340.0,0.3
2025-06-10,8,17.6,97.0,2.9,320.0,8.9
2025-06-10,9,18.3,96.0,4.8,320.0,27.0
2025-06-10,10,18.5,83.0,4.7,320.0,40.8
2025-06-10,11,19.2,81.0,5.6,320.0,15.1
2025-06-10,12,19.7,77.0,4.9,320.0,11.3
2025-06-10,13,20.2,75.0,4.9,290.0,11.0
2025-06-10,14,20.1,73.0,5.3,320.0,14.6
2025-06-10,15,21.1,62.0,4.0,320.0,20.5
2025-06-10,16,20.1,71.0,5.5,290.0,17.1
2025-06-10,17,20.2,65.0,5.2,290.0,28.6
2025-06-10,18,19.8,73.0,4.9,290.0,21.7
2025-06-10,19,18.3,82.0,5.2,290.0,9.8
2025-06-10,20,17.5,80.0,3.9,290.0,12.0
2025-06-10,21,17.5,73.0,3.6,290.0,31.9
2025-06-10,22,16.9,88.0,3.7,290.0,11.7
2025-06-10,23,17.0,88.0,4.0,290.0,10.8
2025-06-11,0,17.2,90.0,4.3,290.0,8.3
2025-06-11,1,17.0,90.0,3.5,290.0,7.9
2025-06-11,2,17.0,87.0,3.4,290.0,11.2
2025-06-11,3,16.8,84.0,2.4,290.0,14.1
2025-06-11,4,17.1,81.0,3.1,320.0,17.8
2025-06-11,5,16.0,86.0,2.2,290.0,17.2
2025-06-11,6,16.8,83.0,2.0,290.0,19.7
2025-06-11,7,19.1,71.0,1.8,270.0,32.1
2025-06-11,8,21.0,57.0,2.2,290.0,47.4
2025-06-11,9,22.6,51.0,2.2,270.0,41.0
2025-06-11,10,22.1,54.0,4.0,320.0,45.6
2025-06-11,11,22.2,57.0,4.9,320.0,28.7
2025-06-11,12,22.4,57.0,4.9,290.0,27.5
2025-06-11,13,23.3,48.0,5.6,320.0,37.2
2025-06-11,14,23.5,44.0,5.0,320.0,37.7
2025-06-11,15,25.0,40.0,3.9,290.0,46.3
2025-06-11,16,24.2,43.0,4.3,290.0,37.8
2025-06-11,17,23.7,48.0,4.3,320.0,38.6
2025-06-11,18,22.9,51.0,3.3,320.0,41.5
2025-06-11,19,21.5,56.0,2.7,320.0,32.0
2025-06-11,20,19.8,62.0,1.7,290.0,40.2
2025-06-11,21,19.2,66.0,0.9,270.0,31.0
2025-06-11,22,19.1,59.0,2.4,270.0,45.4
2025-06-11,23,19.3,57.0,2.0,270.0,50.0
2025-06-12,0,20.0,61.0,2.7,270.0,49.3
2025-06-12,1,16.3,81.0,1.4,160.0,20.7
2025-06-12,2,16.5,84.0,1.3,110.0,13.4
2025-06-12,3,16.3,86.0,2.5,90.0,13.4
2025-06-12,4,15.7,87.0,1.4,160.0,9.8
2025-06-12,5,16.2,82.0,2.1,110.0,14.9
2025-06-12,6,15.9,83.0,2.5,90.0,16.4
2025-06-12,7,18.0,80.0,1.9,90.0,17.6
2025-06-12,8,19.9,74.0,1.6,110.0,22.1
2025-06-12,9,22.8,60.0,1.3,110.0,30.4
2025-06-12,10,25.3,36.0,2.0,110.0,43.5
2025-06-12,11,22.5,49.0,3.6,180.0,38.9
2025-06-12,12,23.0,54.0,5.3,180.0,43.7
2025-06-12,13,23.5,57.0,5.0,180.0,29.2
2025-06-12,14,25.3,40.0,3.8,180.0,43.5
2025-06-12,15,25.4,40.0,3.9,180.0,44.6
2025-06-12,16,25.1,47.0,1.4,320.0,37.7
2025-06-12,17,24.8,47.0,1.2,320.0,42.4
2025-06-12,18,22.9,51.0,1.2,320.0,41.6
2025-06-12,19,22.3,53.0,1.0,140.0,25.2
2025-06-12,20,20.5,55.0,1.0,180.0,41.1
2025-06-12,21,19.7,61.0,0.4,0.0,37.2
2025-06-12,22,17.8,69.0,1.3,140.0,26.3
2025-06-12,23,17.1,77.0,1.3,180.0,23.6
2025-06-13,0,18.0,73.0,0.4,0.0,23.5
2025-06-13,1,17.2,69.0,1.6,90.0,29.3
2025-06-13,2,16.9,74.0,2.0,110.0,25.3
2025-06-13,3,15.8,79.0,2.0,180.0,21.1
2025-06-13,4,16.7,72.0,2.3,110.0,29.8
2025-06-13,5,16.0,75.0,2.3,180.0,23.8
2025-06-13,6,17.0,70.0,1.3,180.0,29.5
2025-06-13,7,18.3,86.0,4.4,160.0,14.6
2025-06-13,8,18.8,81.0,4.9,160.0,17.9
2025-06-13,9,19.5,82.0,3.6,160.0,17.8
2025-06-13,10,18.3,90.0,4.1,180.0,5.6
2025-06-13,11,18.5,88.0,2.4,180.0,9.1
2025-06-13,12,19.7,84.0,2.6,160.0,22.1
2025-06-13,13,19.0,82.0,4.3,160.0,36.6
2025-06-13,14,18.5,83.0,3.2,140.0,34.1
2025-06-13,15,18.0,85.0,4.2,140.0,37.9
2025-06-13,16,18.9,79.0,4.7,140.0,42.7
2025-06-13,17,18.4,79.0,4.1,140.0,43.1
2025-06-13,18,17.8,82.0,4.0,160.0,43.8
2025-06-13,19,17.0,88.0,2.4,140.0,29.2
2025-06-13,20,18.4,84.0,2.0,140.0,24.0
2025-06-13,21,18.1,87.0,4.1,140.0,17.2
2025-06-13,22,17.9,87.0,2.8,140.0,16.0
2025-06-13,23,17.9,87.0,2.8,160.0,12.3
2025-06-14,0,17.2,92.0,1.3,110.0,6.2
2025-06-14,1,17.8,91.0,1.9,140.0,7.6
2025-06-14,2,17.9,90.0,2.1,90.0,7.6
2025-06-14,3,18.2,89.0,1.9,140.0,8.2
2025-06-14,4,17.3,92.0,1.5,110.0,4.3
2025-06-14,5,17.6,95.0,1.4,90.0,0.7
2025-06-14,6,17.8,96.0,2.3,70.0,0.2
2025-06-14,7,18.7,96.0,0.3,0.0,1.1
2025-06-14,8,19.7,96.0,1.5,340.0,5.7
2025-06-14,9,19.0,94.0,2.8,320.0,4.0
2025-06-14,10,20.8,81.0,2.8,290.0,20.4
2025-06-14,11,21.1,77.0,4.1,320.0,20.3
2025-06-14,12,21.3,74.0,4.4,320.0,27.2
2025-06-14,13,22.2,68.0,4.1,320.0,33.6
2025-06-14,14,20.6,76.0,5.0,320.0,26.2
2025-06-14,15,20.1,78.0,5.7,320.0,22.9
2025-06-14,16,20.6,75.0,5.9,320.0,33.0
2025-06-14,17,20.2,78.0,6.6,340.0,33.7
2025-06-14,18,19.6,81.0,5.8,320.0,37.4
2025-06-14,19,18.5,86.0,6.1,320.0,40.1
2025-06-14,20,17.3,95.0,5.4,320.0,0.4
2025-06-14,21,17.6,96.0,2.8,320.0,2.2
2025-06-14,22,17.8,96.0,3.5,320.0,7.7
2025-06-14,23,17.7,96.0,1.4,340.0,9.2
2025-06-15,0,18.0,96.0,2.5,320.0,11.8
2025-06-15,1,17.7,95.0,1.7,290.0,8.0
2025-06-15,2,18.1,95.0,1.2,200.0,10.1
2025-06-15,3,17.6,95.0,1.0,230.0,5.5
2025-06-15,4,17.3,96.0,1.2,200.0,3.5
2025-06-15,5,18.1,96.0,1.7,230.0,1.0
2025-06-15,6,18.1,96.0,4.2,180.0,0.7
2025-06-15,7,18.0,97.0,6.1,160.0,0.3
2025-06-15,8,17.9,97.0,5.0,160.0,2.5
2025-06-15,9,17.4,96.0,6.3,160.0,0.8
2025-06-15,10,17.5,96.0,7.9,140.0,0.7
2025-06-15,11,17.0,96.0,7.9,140.0,0.7
2025-06-15,12,17.2,96.0,7.8,140.0,1.8
2025-06-15,13,16.9,94.0,8.0,140.0,5.4
2025-06-15,14,16.7,94.0,7.7,140.0,7.8
2025-06-15,15,17.4,94.0,6.2,140.0,7.0
2025-06-15,16,17.7,96.0,4.3,160.0,0.9
2025-06-15,17,18.9,96.0,4.4,200.0,0.3
2025-06-15,18,20.1,96.0,5.2,200.0,0.8
2025-06-15,19,20.1,97.0,4.6,230.0,0.4
2025-06-15,20,20.4,97.0,5.3,230.0,1.3
2025-06-15,21,20.1,97.0,3.6,200.0,0.3
2025-06-15,22,20.2,97.0,5.6,200.0,0.2
2025-06-15,23,20.8,97.0,4.9,250.0,0.3
2025-06-16,0,20.4,97.0,2.2,230.0,0.2
2025-06-16,1,20.1,97.0,1.2,200.0,0.1
2025-06-16,2,20.1,97.0,1.6,250.0,0.2
2025-06-16,3,19.9,97.0,2.1,180.0,0.2
2025-06-16,4,19.8,97.0,1.4,270.0,0.2
2025-06-16,5,18.2,97.0,1.8,140.0,0.2
2025-06-16,6,18.6,97.0,0.2,0.0,0.2
2025-06-16,7,18.1,97.0,1.2,110.0,0.2
2025-06-16,8,18.5,97.0,2.7,140.0,0.3
2025-06-16,9,19.1,97.0,2.0,160.0,1.1
2025-06-16,10,19.7,97.0,2.0,110.0,4.8
2025-06-16,11,19.7,97.0,4.1,140.0,1.1
2025-06-16,12,19.3,97.0,5.0,160.0,0.8
2025-06-16,13,19.6,95.0,4.6,160.0,1.8
2025-06-16,14,19.6,92.0,3.6,140.0,9.3
2025-06-16,15,18.9,94.0,5.3,140.0,1.0
2025-06-16,16,17.7,95.0,3.6,180.0,0.5
2025-06-16,17,21.5,86.0,5.2,200.0,5.9
2025-06-16,18,21.2,82.0,7.6,250.0,8.5
2025-06-16,19,20.8,85.0,2.9,250.0,5.9
2025-06-16,20,18.4,90.0,0.9,270.0,14.6
2025-06-16,21,18.8,89.0,1.7,230.0,7.7
2025-06-16,22,16.0,95.0,1.6,340.0,1.7
2025-06-16,23,15.4,96.0,1.6,160.0,1.5
2025-06-17,0,17.5,96.0,2.1,200.0,3.5
2025-06-17,1,18.3,91.0,3.4,200.0,3.7
2025-06-17,2,18.2,91.0,2.5,200.0,3.2
2025-06-17,3,17.8,90.0,0.7,200.0,8.1
2025-06-17,4,15.8,93.0,2.0,90.0,2.9
2025-06-17,5,16.1,95.0,2.5,110.0,2.3
2025-06-17,6,16.4,96.0,3.1,110.0,1.7
2025-06-17,7,16.2,96.0,2.9,140.0,0.2
2025-06-17,8,16.9,97.0,2.7,110.0,0.4
2025-06-17,9,17.9,97.0,2.9,110.0,0.3
2025-06-17,10,19.2,93.0,1.7,110.0,3.9
2025-06-17,11,19.9,81.0,3.5,160.0,17.6
2025-06-17,12,21.2,77.0,3.1,180.0,24.4
2025-06-17,13,21.7,78.0,3.7,180.0,29.4
2025-06-17,14,21.7,77.0,3.0,200.0,26.4
2025-06-17,15,21.6,75.0,3.9,180.0,24.7
2025-06-17,16,21.8,75.0,2.9,180.0,26.0
2025-06-17,17,21.3,79.0,3.6,180.0,25.4
2025-06-17,18,19.1,87.0,4.1,180.0,44.9
2025-06-17,19,18.1,93.0,1.8,200.0,4.5
2025-06-17,20,16.7,90.0,0.6,320.0,17.1
2025-06-17,21,15.5,96.0,2.3,90.0,0.3
2025-06-17,22,15.4,97.0,1.5,110.0,0.1
2025-06-17,23,15.9,97.0,1.6,160.0,0.2
2025-06-18,0,15.4,97.0,1.7,180.0,0.3
2025-06-18,1,15.0,97.0,1.5,180.0,0.3
2025-06-18,2,14.4,97.0,2.1,110.0,0.4
2025-06-18,3,14.7,97.0,1.9,160.0,0.3
2025-06-18,4,14.7,97.0,1.6,140.0,0.1
2025-06-18,5,15.1,97.0,1.7,140.0,0.2
2025-06-18,6,16.3,97.0,1.6,160.0,0.3
2025-06-18,7,16.2,97.0,2.9,140.0,1.3
2025-06-18,8,15.6,97.0,3.2,140.0,1.4
2025-06-18,9,16.7,97.0,2.8,140.0,5.0
2025-06-18,10,16.8,94.0,5.6,160.0,4.0
2025-06-18,11,18.0,86.0,6.2,160.0,9.0
2025-06-18,12,18.3,83.0,6.2,160.0,6.0
2025-06-18,13,18.2,87.0,6.0,160.0,4.0
2025-06-18,14,18.9,88.0,6.2,160.0,1.5
2025-06-18,15,18.7,88.0,6.9,160.0,1.5
2025-06-18,16,19.4,85.0,5.6,160.0,5.0
2025-06-18,17,20.2,81.0,5.5,160.0,10.6
2025-06-18,18,20.0,81.0,5.8,160.0,11.3
2025-06-18,19,19.4,84.0,5.5,160.0,10.5
2025-06-18,20,18.9,85.0,6.2,160.0,9.0
2025-06-18,21,18.8,84.0,6.2,160.0,11.1
2025-06-18,22,18.5,87.0,4.7,160.0,9.1
2025-06-18,23,18.6,88.0,4.2,160.0,9.2
2025-06-19,0,18.4,86.0,5.5,160.0,10.4
2025-06-19,1,18.2,87.0,5.1,140.0,9.1
2025-06-19,2,19.0,86.0,5.7,160.0,11.1
2025-06-19,3,19.0,90.0,5.6,160.0,7.0
2025-06-19,4,18.2,95.0,6.3,180.0,1.4
2025-06-19,5,18.6,95.0,6.7,160.0,3.2
2025-06-19,6,18.0,96.0,5.4,140.0,0.6
2025-06-19,7,18.7,96.0,5.6,140.0,0.7
2025-06-19,8,18.2,97.0,4.3,140.0,0.4
2025-06-19,9,19.2,97.0,5.7,140.0,3.4
2025-06-19,10,18.7,95.0,5.2,140.0,2.4
2025-06-19,11,19.8,91.0,5.3,110.0,14.2
2025-06-19,12,20.8,90.0,5.5,140.0,42.5
2025-06-19,13,21.8,89.0,4.0,140.0,34.2
2025-06-19,14,21.5,88.0,5.0,140.0,33.0
2025-06-19,15,22.5,83.0,3.7,140.0,33.3
2025-06-19,16,22.5,80.0,4.9,140.0,25.9
2025-06-19,17,21.6,87.0,5.4,140.0,8.4
2025-06-19,18,20.8,91.0,5.0,140.0,2.5
2025-06-19,19,19.5,95.0,6.0,160.0,1.3
2025-06-19,20,19.6,96.0,5.4,160.0,0.4
2025-06-19,21,20.5,96.0,6.9,160.0,0.8
2025-06-19,22,20.0,96.0,5.5,160.0,0.5
2025-06-19,23,19.9,97.0,5.4,160.0,0.5
2025-06-20,0,20.3,97.0,3.8,180.0,0.9
2025-06-20,1,20.8,97.0,4.5,200.0,1.0
2025-06-20,2,20.1,97.0,4.4,180.0,0.4
2025-06-20,3,20.6,97.0,5.4,180.0,1.6
2025-06-20,4,20.1,96.0,6.8,160.0,5.1
2025-06-20,5,20.0,96.0,4.3,180.0,4.6
2025-06-20,6,20.2,96.0,5.5,180.0,3.2
2025-06-20,7,20.8,96.0,6.0,180.0,2.2
2025-06-20,8,20.7,95.0,4.5,180.0,2.6
2025-06-20,9,20.6,96.0,5.7,180.0,1.7
2025-06-20,10,21.1,95.0,6.8,200.0,2.6
2025-06-20,11,21.4,95.0,7.0,200.0,7.5
2025-06-20,12,21.3,96.0,6.0,200.0,6.7
2025-06-20,13,21.2,96.0,6.9,230.0,4.8
2025-06-20,14,21.0,96.0,5.5,230.0,0.8
2025-06-20,15,20.7,96.0,3.1,230.0,1.1
2025-06-20,16,23.1,90.0,2.4,320.0,32.3
2025-06-20,17,21.2,93.0,1.8,340.0,25.2
2025-06-20,18,18.2,96.0,3.3,340.0,0.3
2025-06-20,19,18.4,96.0,3.4,320.0,0.8
2025-06-20,20,17.8,97.0,4.2,320.0,0.2
2025-06-20,21,17.7,97.0,3.5,340.0,3.4
2025-06-20,22,18.3,96.0,3.3,320.0,7.5
2025-06-20,23,17.9,96.0,4.7,320.0,4.1
2025-06-21,0,18.4,96.0,2.7,320.0,8.5
2025-06-21,1,18.5,96.0,3.2,320.0,3.9
2025-06-21,2,19.1,84.0,1.8,340.0,21.4
2025-06-21,3,17.8,91.0,2.0,320.0,14.6
2025-06-21,4,17.1,89.0,3.0,320.0,13.5
2025-06-21,5,17.4,83.0,4.7,320.0,27.7
2025-06-21,6,18.2,77.0,4.4,320.0,38.2
2025-06-21,7,18.2,72.0,3.6,360.0,43.4
2025-06-21,8,18.7,68.0,3.5,360.0,49.8
2025-06-21,9,20.2,60.0,3.0,360.0,46.6
2025-06-21,10,21.1,59.0,0.7,340.0,48.0
2025-06-21,11,21.1,61.0,1.1,290.0,45.6
2025-06-21,12,22.5,54.0,2.5,320.0,42.6
2025-06-21,13,24.1,52.0,2.3,290.0,43.6
2025-06-21,14,25.4,39.0,2.9,340.0,48.2
2025-06-21,15,25.2,46.0,2.7,320.0,48.9
2025-06-21,16,23.7,47.0,2.4,320.0,47.6
2025-06-21,17,22.6,53.0,2.2,290.0,43.7
2025-06-21,18,21.6,63.0,1.5,290.0,47.5
2025-06-21,19,21.8,70.0,1.4,320.0,33.4
2025-06-21,20,20.3,73.0,2.0,290.0,41.9
2025-06-21,21,20.2,65.0,2.0,270.0,49.3
2025-06-21,22,19.3,72.0,1.0,270.0,49.4
2025-06-21,23,19.5,66.0,2.0,270.0,49.9
2025-06-22,0,19.4,73.0,1.5,250.0,31.3
2025-06-22,1,18.3,80.0,1.1,180.0,24.7
2025-06-22,2,19.0,79.0,0.8,290.0,14.7
2025-06-22,3,18.3,86.0,1.0,200.0,7.0
2025-06-22,4,17.3,93.0,1.6,200.0,1.6
2025-06-22,5,17.5,91.0,0.7,200.0,3.5
2025-06-22,6,17.6,92.0,1.0,180.0,3.2
2025-06-22,7,19.1,89.0,0.6,200.0,5.0
2025-06-22,8,20.9,84.0,1.0,320.0,5.7
2025-06-22,9,23.7,70.0,0.9,290.0,12.4
2025-06-22,10,24.4,65.0,1.0,90.0,24.1
2025-06-22,11,26.8,45.0,1.2,360.0,36.1
2025-06-22,12,27.2,39.0,1.3,320.0,36.0
2025-06-22,13,27.3,42.0,1.6,320.0,45.2
2025-06-22,14,27.7,34.0,3.0,320.0,43.0
2025-06-22,15,27.4,36.0,4.2,320.0,47.4
2025-06-22,16,26.4,33.0,4.7,290.0,46.1
2025-06-22,17,27.6,37.0,3.6,250.0,46.9
2025-06-22,18,25.5,45.0,3.2,270.0,43.1
2025-06-22,19,24.3,44.0,2.9,230.0,41.3
2025-06-22,20,22.4,50.0,1.7,290.0,48.9
2025-06-22,21,22.0,57.0,1.7,270.0,45.2
2025-06-22,22,21.5,52.0,1.9,270.0,49.7
2025-06-22,23,21.3,56.0,0.1,0.0,48.9
2025-06-23,0,21.3,62.0,2.5,270.0,46.8
2025-06-23,1,22.2,64.0,3.8,270.0,38.5
2025-06-23,2,21.2,67.0,3.1,270.0,38.1
2025-06-23,3,20.5,61.0,2.6,320.0,46.3
2025-06-23,4,17.2,84.0,2.0,90.0,12.9
2025-06-23,5,17.6,84.0,2.1,110.0,10.1
2025-06-23,6,17.4,86.0,1.4,160.0,9.4
2025-06-23,7,19.6,80.0,1.2,140.0,13.7
2025-06-23,8,21.5,72.0,1.4,160.0,21.4
2025-06-23,9,22.3,67.0,1.9,180.0,25.0
2025-06-23,10,22.4,68.0,3.3,180.0,23.1
2025-06-23,11,23.2,66.0,3.1,200.0,24.2
2025-06-23,12,22.7,75.0,3.8,180.0,18.2
2025-06-23,13,22.7,70.0,3.2,200.0,24.6
2025-06-23,14,24.3,64.0,2.3,200.0,38.9
2025-06-23,15,26.2,56.0,2.2,180.0,32.7
2025-06-23,16,26.1,55.0,1.8,340.0,41.7
2025-06-23,17,26.1,55.0,1.2,200.0,38.0
2025-06-23,18,24.8,61.0,1.5,320.0,37.4
2025-06-23,19,23.7,55.0,2.3,320.0,41.1
2025-06-23,20,21.0,82.0,2.2,320.0,10.9
2025-06-23,21,20.3,86.0,2.0,320.0,6.0
2025-06-23,22,20.0,92.0,2.3,320.0,2.8
2025-06-23,23,20.3,78.0,2.0,320.0,11.6
2025-06-24,0,22.0,50.0,1.8,320.0,48.4
2025-06-24,1,22.2,46.0,0.2,0.0,49.9
2025-06-24,2,21.7,51.0,1.0,90.0,49.0
2025-06-24,3,21.2,62.0,1.3,90.0,40.0
2025-06-24,4,22.6,64.0,0.1,0.0,35.0
2025-06-24,5,21.4,68.0,1.3,70.0,29.3
2025-06-24,6,21.9,64.0,0.6,70.0,29.9
2025-06-24,7,22.7,61.0,0.5,180.0,33.0
2025-06-24,8,23.3,61.0,1.2,90.0,26.4
2025-06-24,9,24.0,61.0,1.3,110.0,25.6
2025-06-24,10,23.7,66.0,0.9,90.0,22.4
2025-06-24,11,23.1,61.0,1.1,340.0,22.4
2025-06-24,12,23.1,67.0,0.8,290.0,28.6
2025-06-24,13,24.4,66.0,1.0,200.0,26.1
2025-06-24,14,26.8,60.0,3.0,70.0,19.6
2025-06-24,15,26.6,62.0,1.6,110.0,16.4
2025-06-24,16,25.4,67.0,2.3,70.0,16.4
2025-06-24,17,24.4,69.0,1.4,90.0,16.7
2025-06-24,18,26.4,58.0,1.6,70.0,24.1
2025-06-24,19,24.5,65.0,1.5,360.0,22.9
2025-06-24,20,21.5,77.0,1.4,360.0,17.2
2025-06-24,21,23.0,61.0,0.9,360.0,26.9
2025-06-24,22,24.1,56.0,1.8,50.0,31.5
2025-06-24,23,23.6,61.0,2.6,50.0,26.7
2025-06-25,0,21.0,76.0,0.9,360.0,19.8
2025-06-25,1,20.8,83.0,1.3,140.0,13.5
2025-06-25,2,19.3,90.0,4.5,160.0,5.2
2025-06-25,3,18.8,93.0,2.5,160.0,5.5
2025-06-25,4,18.0,95.0,0.6,110.0,3.4
2025-06-25,5,17.8,94.0,2.2,20.0,5.2
2025-06-25,6,17.5,96.0,3.2,50.0,3.7
2025-06-25,7,17.6,96.0,2.7,360.0,5.8
2025-06-25,8,17.3,96.0,1.8,340.0,7.9
2025-06-25,9,17.7,96.0,1.9,340.0,3.7
2025-06-25,10,17.6,96.0,3.2,360.0,4.7
2025-06-25,11,18.4,96.0,2.0,360.0,7.6
2025-06-25,12,18.5,95.0,1.6,320.0,6.5
2025-06-25,13,19.4,93.0,2.4,50.0,7.5
2025-06-25,14,20.4,90.0,1.1,20.0,14.8
2025-06-25,15,20.0,84.0,2.2,360.0,25.6
2025-06-25,16,20.5,85.0,1.7,320.0,21.6
2025-06-25,17,19.2,88.0,2.0,340.0,12.4
2025-06-25,18,19.6,89.0,0.9,290.0,16.3
2025-06-25,19,20.3,85.0,1.1,320.0,31.5
2025-06-25,20,19.8,89.0,0.9,320.0,20.9
2025-06-25,21,18.9,93.0,1.0,320.0,11.0
2025-06-25,22,18.6,92.0,1.3,320.0,10.8
2025-06-25,23,18.2,91.0,1.5,320.0,11.4
2025-06-26,0,17.9,95.0,1.8,290.0,3.9
2025-06-26,1,17.9,95.0,1.8,320.0,3.2
2025-06-26,2,17.8,94.0,1.2,320.0,4.5
2025-06-26,3,18.5,91.0,1.0,290.0,8.0
2025-06-26,4,18.5,91.0,1.0,320.0,6.8
2025-06-26,5,18.6,92.0,0.8,200.0,5.4
2025-06-26,6,19.3,91.0,1.4,90.0,9.0
2025-06-26,7,19.8,88.0,1.2,160.0,12.8
2025-06-26,8,21.1,80.0,0.4,0.0,25.7
2025-06-26,9,21.9,82.0,2.0,90.0,25.4
2025-06-26,10,23.2,74.0,1.4,90.0,30.7
2025-06-26,11,22.0,74.0,3.2,200.0,35.5
2025-06-26,12,23.1,72.0,1.5,230.0,43.1
2025-06-26,13,22.9,71.0,1.7,250.0,37.7
2025-06-26,14,23.7,73.0,2.6,180.0,41.5
2025-06-26,15,22.9,75.0,2.8,50.0,39.3
2025-06-26,16,23.4,72.0,1.6,70.0,37.0
2025-06-26,17,23.3,71.0,1.3,70.0,40.4
2025-06-26,18,22.5,73.0,1.4,180.0,42.6
2025-06-26,19,21.7,77.0,2.1,180.0,44.5
2025-06-26,20,20.5,84.0,1.1,180.0,19.2
2025-06-26,21,20.1,87.0,1.8,140.0,17.9
2025-06-26,22,19.6,90.0,1.9,160.0,9.7
2025-06-26,23,19.8,90.0,2.4,160.0,13.2
2025-06-27,0,19.3,92.0,3.2,200.0,10.4
2025-06-27,1,19.7,92.0,1.3,200.0,12.5
2025-06-27,2,17.7,94.0,0.9,110.0,3.4
2025-06-27,3,17.8,96.0,1.2,110.0,2.7
2025-06-27,4,18.4,96.0,1.8,110.0,2.0
2025-06-27,5,18.9,95.0,1.5,110.0,6.5
2025-06-27,6,18.9,95.0,2.0,140.0,3.8
2025-06-27,7,19.0,94.0,2.2,140.0,4.7
2025-06-27,8,19.0,96.0,2.4,140.0,2.1
2025-06-27,9,19.6,95.0,2.4,140.0,3.5
2025-06-27,10,19.6,95.0,3.5,140.0,3.5
2025-06-27,11,19.9,91.0,3.3,140.0,6.0
2025-06-27,12,20.1,89.0,4.4,140.0,9.2
2025-06-27,13,20.4,85.0,4.6,140.0,19.0
2025-06-27,14,20.4,89.0,4.7,140.0,7.8
2025-06-27,15,21.2,85.0,6.6,140.0,8.4
2025-06-27,16,20.4,89.0,6.6,140.0,3.3
2025-06-27,17,20.1,89.0,6.4,140.0,2.9
2025-06-27,18,21.2,87.0,6.1,140.0,4.0
2025-06-27,19,21.0,85.0,4.2,140.0,5.2
2025-06-27,20,20.6,86.0,5.7,140.0,4.8
2025-06-27,21,20.5,85.0,5.2,140.0,6.5
2025-06-27,22,20.6,85.0,4.9,140.0,8.1
2025-06-27,23,19.4,94.0,3.9,160.0,1.4
2025-06-28,0,18.9,96.0,3.5,160.0,0.2
2025-06-28,1,19.3,96.0,2.8,180.0,0.2
2025-06-28,2,19.4,97.0,2.4,180.0,0.2
2025-06-28,3,19.4,97.0,2.6,180.0,0.2
2025-06-28,4,19.0,97.0,4.3,200.0,0.2
2025-06-28,5,18.4,97.0,2.8,180.0,0.2
2025-06-28,6,19.1,97.0,3.3,180.0,0.2
2025-06-28,7,19.1,97.0,2.4,180.0,0.2
2025-06-28,8,20.0,97.0,2.8,180.0,0.4
2025-06-28,9,20.5,97.0,3.2,180.0,1.3
2025-06-28,10,21.7,97.0,3.5,180.0,4.5
2025-06-28,11,23.0,89.0,3.1,180.0,11.2
2025-06-28,12,23.1,86.0,3.4,180.0,10.3
2025-06-28,13,24.3,83.0,3.1,200.0,11.7
2025-06-28,14,24.8,80.0,2.9,180.0,7.8
2025-06-28,15,24.6,78.0,3.0,180.0,9.4
2025-06-28,16,24.8,74.0,2.8,200.0,10.8
2025-06-28,17,23.9,80.0,1.8,200.0,12.1
2025-06-28,18,21.9,87.0,2.3,180.0,13.3
2025-06-28,19,20.5,93.0,1.7,180.0,10.1
2025-06-28,20,20.1,95.0,2.2,140.0,2.2
2025-06-28,21,20.6,96.0,2.4,180.0,4.4
2025-06-28,22,20.0,96.0,3.2,140.0,0.4
2025-06-28,23,21.0,97.0,4.5,160.0,0.2
2025-06-29,0,20.4,97.0,4.1,140.0,0.3
2025-06-29,1,20.4,97.0,4.7,160.0,0.3
2025-06-29,2,20.2,97.0,3.7,160.0,0.3
2025-06-29,3,20.0,97.0,2.9,160.0,0.3
2025-06-29,4,19.6,97.0,1.1,110.0,0.2
2025-06-29,5,19.6,97.0,2.3,110.0,0.2
2025-06-29,6,19.9,97.0,2.4,110.0,0.2
2025-06-29,7,20.3,97.0,3.9,160.0,0.3
2025-06-29,8,20.4,97.0,3.7,160.0,0.3
2025-06-29,9,20.7,97.0,5.2,160.0,0.7
2025-06-29,10,20.9,97.0,5.0,160.0,1.3
2025-06-29,11,21.4,97.0,6.1,160.0,1.6
2025-06-29,12,21.7,97.0,6.0,160.0,2.9
2025-06-29,13,21.7,95.0,4.8,160.0,4.5
2025-06-29,14,21.8,94.0,3.4,140.0,2.3
2025-06-29,15,21.1,94.0,4.8,160.0,0.8
2025-06-29,16,20.7,95.0,4.2,160.0,0.6
2025-06-29,17,20.3,96.0,4.1,140.0,0.4
2025-06-29,18,20.6,96.0,3.3,140.0,0.3
2025-06-29,19,20.2,97.0,4.1,140.0,0.3
2025-06-29,20,21.2,97.0,4.8,140.0,0.4
2025-06-29,21,21.4,97.0,4.6,160.0,0.4
2025-06-29,22,21.5,97.0,6.3,160.0,0.3
2025-06-29,23,21.2,97.0,5.1,160.0,0.3
2025-06-30,0,21.3,97.0,5.9,160.0,0.4
2025-06-30,1,21.4,97.0,4.9,160.0,0.5
2025-06-30,2,20.4,97.0,4.3,140.0,0.2
2025-06-30,3,21.0,97.0,4.0,160.0,0.3
2025-06-30,4,21.0,97.0,4.9,160.0,0.3
2025-06-30,5,20.8,97.0,5.0,160.0,0.3
2025-06-30,6,19.9,97.0,6.1,160.0,0.3
2025-06-30,7,20.1,97.0,6.5,160.0,0.3
2025-06-30,8,20.2,97.0,4.9,160.0,0.3
2025-06-30,9,20.3,97.0,6.2,160.0,0.4
2025-06-30,10,21.4,97.0,3.6,180.0,1.2
2025-06-30,11,21.7,97.0,3.6,180.0,0.5
2025-06-30,12,21.6,97.0,2.5,200.0,0.5
2025-06-30,13,21.9,97.0,2.3,180.0,0.6
2025-06-30,14,22.1,97.0,4.8,160.0,0.5
2025-06-30,15,21.5,97.0,3.3,160.0,0.4
2025-06-30,16,21.2,97.0,5.0,160.0,0.5
2025-06-30,17,20.7,97.0,4.8,160.0,0.4
2025-06-30,18,20.7,97.0,3.8,160.0,0.2
2025-06-30,19,21.1,97.0,2.1,200.0,0.2
2025-06-30,20,22.4,97.0,2.7,180.0,0.6
2025-06-30,21,21.6,97.0,4.1,160.0,0.6
2025-06-30,22,21.6,97.0,1.8,200.0,0.2
2025-06-30,23,22.2,97.0,4.6,180.0,0.3
2025-07-01,0,22.9,97.0,4.5,180.0,2.1
2025-07-01,1,22.2,97.0,5.5,180.0,0.5
2025-07-01,2,23.2,97.0,4.5,200.0,0.5
2025-07-01,3,23.0,97.0,3.9,200.0,0.4
2025-07-01,4,22.8,97.0,2.8,230.0,0.3
2025-07-01,5,22.7,97.0,2.8,200.0,0.3
2025-07-01,6,22.0,97.0,3.4,200.0,0.2
2025-07-01,7,21.8,97.0,3.4,230.0,0.2
2025-07-01,8,22.3,97.0,3.9,200.0,0.2
2025-07-01,9,22.6,97.0,3.6,200.0,2.2
2025-07-01,10,22.4,97.0,2.5,200.0,0.8
2025-07-01,11,23.0,97.0,2.9,200.0,1.7
2025-07-01,12,22.8,97.0,2.4,160.0,4.3
2025-07-01,13,22.7,97.0,2.0,200.0,3.6
2025-07-01,14,22.8,96.0,2.6,200.0,3.5
2025-07-01,15,23.4,95.0,2.9,200.0,5.5
2025-07-01,16,22.5,95.0,3.4,180.0,2.2
2025-07-01,17,22.5,95.0,5.6,160.0,1.1
2025-07-01,18,21.1,96.0,2.9,200.0,0.5
2025-07-01,19,21.2,97.0,3.6,160.0,0.4
2025-07-01,20,21.1,97.0,5.1,160.0,0.3
2025-07-01,21,20.8,97.0,3.5,160.0,0.2
2025-07-01,22,21.2,97.0,5.7,160.0,0.3
2025-07-01,23,20.7,97.0,3.3,200.0,0.2
2025-07-02,0,21.1,97.0,3.1,180.0,0.2
2025-07-02,1,21.1,97.0,2.9,200.0,0.2
2025-07-02,2,20.7,97.0,2.7,180.0,0.3
2025-07-02,3,21.9,97.0,3.1,180.0,0.3
2025-07-02,4,21.7,97.0,3.5,180.0,0.2
2025-07-02,5,21.6,97.0,4.1,180.0,0.2
2025-07-02,6,21.8,97.0,3.6,180.0,0.3
2025-07-02,7,22.1,97.0,3.7,180.0,0.8
2025-07-02,8,22.3,97.0,4.6,180.0,3.1
2025-07-02,9,22.2,97.0,3.3,180.0,1.5
2025-07-02,10,20.7,97.0,3.0,140.0,0.4
2025-07-02,11,20.1,97.0,2.3,90.0,2.0
2025-07-02,12,21.6,97.0,0.7,140.0,5.9
2025-07-02,13,22.0,97.0,2.1,160.0,6.5
2025-07-02,14,24.1,95.0,2.5,180.0,19.6
2025-07-02,15,23.1,91.0,0.6,360.0,23.5
2025-07-02,16,21.1,96.0,4.4,140.0,1.4
2025-07-02,17,22.4,93.0,4.7,160.0,7.0
2025-07-02,18,21.6,96.0,4.3,160.0,0.3
2025-07-02,19,21.1,96.0,2.1,180.0,0.2
2025-07-02,20,22.0,97.0,3.1,180.0,0.3
2025-07-02,21,20.2,97.0,1.1,140.0,0.2
2025-07-02,22,21.9,97.0,3.3,180.0,0.2
2025-07-02,23,21.5,97.0,2.1,200.0,0.1
2025-07-03,0,21.3,97.0,4.0,200.0,0.1
2025-07-03,1,21.8,97.0,2.3,200.0,0.1
2025-07-03,2,22.2,97.0,3.9,200.0,0.1
2025-07-03,3,22.8,97.0,4.1,180.0,1.5
2025-07-03,4,21.8,97.0,3.0,160.0,0.3
2025-07-03,5,21.5,97.0,3.5,180.0,0.2
2025-07-03,6,21.2,97.0,2.4,160.0,0.2
2025-07-03,7,21.2,97.0,2.0,180.0,0.2
2025-07-03,8,21.4,97.0,3.1,160.0,0.2
2025-07-03,9,21.7,97.0,3.6,160.0,0.4
2025-07-03,10,22.8,97.0,6.3,160.0,4.3
2025-07-03,11,22.9,97.0,6.6,160.0,6.5
2025-07-03,12,23.4,94.0,8.3,160.0,8.8
2025-07-03,13,23.1,93.0,7.0,160.0,4.3
2025-07-03,14,23.0,94.0,6.3,160.0,4.8
2025-07-03,15,22.9,94.0,4.2,180.0,5.1
2025-07-03,16,22.6,95.0,3.8,180.0,3.2
2025-07-03,17,23.6,94.0,4.1,180.0,3.5
2025-07-03,18,23.9,92.0,3.4,180.0,4.5
2025-07-03,19,23.5,94.0,3.0,180.0,4.3
2025-07-03,20,22.9,94.0,3.8,180.0,2.7
2025-07-03,21,23.2,94.0,3.6,200.0,4.8
2025-07-03,22,23.0,95.0,4.3,200.0,2.9
2025-07-03,23,23.1,94.0,5.4,180.0,4.8
2025-07-04,0,22.8,95.0,4.6,180.0,2.5
2025-07-04,1,23.3,94.0,5.4,200.0,3.9
2025-07-04,2,23.0,94.0,5.8,180.0,3.3
2025-07-04,3,23.4,94.0,5.2,180.0,3.5
2025-07-04,4,23.2,94.0,4.8,180.0,3.6
2025-07-04,5,22.7,94.0,4.0,200.0,3.4
2025-07-04,6,22.8,94.0,3.8,200.0,3.2
2025-07-04,7,23.4,93.0,6.0,180.0,4.4
2025-07-04,8,23.4,93.0,5.0,180.0,5.1
2025-07-04,9,23.3,93.0,5.4,180.0,5.6
2025-07-04,10,24.2,91.0,3.3,230.0,8.6
2025-07-04,11,24.2,91.0,2.2,180.0,7.0
2025-07-04,12,24.7,89.0,3.0,200.0,8.8
2025-07-04,13,25.0,87.0,4.4,180.0,10.2
2025-07-04,14,25.2,87.0,3.1,180.0,10.0
2025-07-04,15,24.1,88.0,2.0,140.0,8.8
2025-07-04,16,22.4,89.0,2.6,110.0,7.0
2025-07-04,17,23.8,91.0,3.0,140.0,7.4
2025-07-04,18,23.1,92.0,4.2,180.0,5.8
2025-07-04,19,22.5,94.0,2.7,180.0,4.2
2025-07-04,20,22.5,95.0,4.3,180.0,2.4
2025-07-04,21,22.1,96.0,3.8,180.0,1.4
2025-07-04,22,21.5,96.0,3.3,180.0,1.0
2025-07-04,23,21.7,97.0,2.8,180.0,0.5
2025-07-05,0,22.2,97.0,3.5,160.0,0.4
2025-07-05,1,22.8,97.0,4.4,160.0,0.9
2025-07-05,2,22.7,97.0,5.3,160.0,0.8
2025-07-05,3,22.7,97.0,5.2,160.0,0.5
2025-07-05,4,22.6,97.0,6.6,160.0,0.3
2025-07-05,5,22.3,97.0,6.5,160.0,0.3
2025-07-05,6,22.3,97.0,6.4,160.0,0.7
2025-07-05,7,22.5,97.0,7.2,160.0,1.6
2025-07-05,8,22.5,97.0,6.4,180.0,3.7
2025-07-05,9,23.1,94.0,4.3,180.0,7.0
2025-07-05,10,23.8,90.0,5.6,160.0,11.3
2025-07-05,11,23.7,88.0,4.1,140.0,12.3
2025-07-05,12,24.6,86.0,5.0,160.0,12.7
2025-07-05,13,24.3,88.0,6.6,160.0,11.4
2025-07-05,14,23.6,90.0,5.1,160.0,7.9
2025-07-05,15,23.2,92.0,5.9,160.0,3.4
2025-07-05,16,23.7,94.0,6.4,160.0,3.2
2025-07-05,17,23.6,94.0,6.0,160.0,2.9
2025-07-05,18,23.1,94.0,5.9,160.0,1.9
2025-07-05,19,22.4,96.0,4.7,160.0,0.8
2025-07-05,20,22.3,96.0,4.2,160.0,0.4
2025-07-05,21,22.0,97.0,3.5,160.0,0.3
2025-07-05,22,22.3,97.0,3.8,160.0,0.2
2025-07-05,23,22.1,97.0,3.6,160.0,0.2
2025-07-06,0,22.2,97.0,4.0,180.0,0.2
2025-07-06,1,22.0,97.0,2.2,160.0,0.3
2025-07-06,2,21.9,97.0,4.2,160.0,0.2
2025-07-06,3,22.4,97.0,3.2,180.0,0.2
2025-07-06,4,21.7,97.0,3.0,180.0,0.2
2025-07-06,5,21.7,97.0,3.4,140.0,0.2
2025-07-06,6,22.0,97.0,4.9,180.0,0.2
2025-07-06,7,22.6,97.0,5.2,160.0,1.2
2025-07-06,8,22.8,97.0,4.9,160.0,1.8
2025-07-06,9,22.9,97.0,4.4,160.0,2.1
2025-07-06,10,22.7,97.0,2.5,180.0,1.4
2025-07-06,11,24.1,93.0,2.4,180.0,5.8
2025-07-06,12,24.4,91.0,2.7,160.0,6.6
2025-07-06,13,25.7,86.0,4.4,180.0,8.8
2025-07-06,14,26.2,84.0,3.4,180.0,9.7
2025-07-06,15,26.0,86.0,2.0,180.0,11.4
2025-07-06,16,25.6,87.0,1.8,180.0,10.0
2025-07-06,17,25.2,86.0,1.7,110.0,8.9
2025-07-06,18,24.4,91.0,2.1,140.0,6.1
2025-07-06,19,23.6,94.0,2.3,140.0,1.1
2025-07-06,20,21.4,95.0,1.5,90.0,0.3
2025-07-06,21,22.5,97.0,1.5,140.0,0.3
2025-07-06,22,22.8,97.0,2.2,140.0,0.2
2025-07-06,23,22.6,97.0,2.2,140.0,0.2
2025-07-07,0,22.9,97.0,3.1,140.0,0.2
2025-07-07,1,22.5,97.0,1.8,110.0,0.2
2025-07-07,2,22.4,97.0,1.9,110.0,0.2
2025-07-07,3,22.8,97.0,1.4,110.0,0.2
2025-07-07,4,22.8,97.0,1.1,140.0,0.2
2025-07-07,5,22.6,97.0,1.0,110.0,0.2
2025-07-07,6,22.7,97.0,0.8,110.0,0.2
2025-07-07,7,22.7,97.0,1.7,110.0,0.2
2025-07-07,8,23.4,97.0,2.3,110.0,0.4
2025-07-07,9,23.3,97.0,3.0,140.0,0.7
2025-07-07,10,23.2,97.0,2.7,140.0,1.2
2025-07-07,11,24.1,97.0,3.5,140.0,2.6
2025-07-07,12,25.2,90.0,3.3,140.0,8.0
2025-07-07,13,25.6,86.0,2.6,140.0,16.1
2025-07-07,14,25.9,86.0,3.0,160.0,21.6
2025-07-07,15,26.1,84.0,2.3,160.0,30.5
2025-07-07,16,24.9,90.0,2.6,180.0,7.3
2025-07-07,17,24.4,92.0,2.9,160.0,8.1
2025-07-07,18,24.4,94.0,1.9,160.0,4.2
2025-07-07,19,23.4,95.0,2.5,160.0,0.9
2025-07-07,20,23.1,96.0,1.9,140.0,1.6
2025-07-07,21,23.2,96.0,1.5,110.0,0.5
2025-07-07,22,23.7,97.0,2.1,180.0,0.3
2025-07-07,23,23.3,97.0,1.3,110.0,1.6
2025-07-08,0,23.3,97.0,0.9,140.0,1.7
2025-07-08,1,23.1,97.0,0.9,110.0,0.8
2025-07-08,2,23.2,97.0,1.3,140.0,0.1
2025-07-08,3,23.0,97.0,0.5,140.0,0.6
2025-07-08,4,22.6,97.0,1.5,110.0,0.1
2025-07-08,5,22.5,97.0,1.3,110.0,0.2
2025-07-08,6,23.2,97.0,1.3,110.0,0.2
2025-07-08,7,22.9,97.0,1.1,160.0,0.2
2025-07-08,8,24.1,97.0,1.8,90.0,0.1
2025-07-08,9,24.1,97.0,1.5,110.0,0.5
2025-07-08,10,26.9,95.0,2.2,110.0,6.0
2025-07-08,11,26.4,86.0,2.0,110.0,4.3
2025-07-08,12,28.2,78.0,1.4,230.0,6.9
2025-07-08,13,28.7,77.0,2.3,320.0,17.1
2025-07-08,14,28.0,77.0,2.7,320.0,8.7
2025-07-08,15,24.4,89.0,4.4,320.0,2.9
2025-07-08,16,27.0,81.0,3.7,320.0,9.9
2025-07-08,17,26.6,82.0,4.4,320.0,7.2
2025-07-08,18,23.4,89.0,4.3,320.0,4.6
2025-07-08,19,24.6,88.0,2.5,320.0,5.6
2025-07-08,20,24.0,89.0,2.6,320.0,4.8
2025-07-08,21,24.7,86.0,2.8,320.0,4.7
2025-07-08,22,24.6,87.0,2.3,340.0,4.4
2025-07-08,23,24.0,90.0,1.7,320.0,4.1
2025-07-09,0,23.9,90.0,2.5,290.0,3.3
2025-07-09,1,23.7,93.0,1.8,290.0,2.7
2025-07-09,2,26.0,86.0,1.4,50.0,7.2
2025-07-09,3,25.2,89.0,1.0,50.0,6.2
2025-07-09,4,25.3,89.0,0.7,50.0,5.9
2025-07-09,5,25.3,88.0,0.5,90.0,5.4
2025-07-09,6,25.1,91.0,1.6,90.0,4.4
2025-07-09,7,26.1,89.0,1.2,90.0,4.6
2025-07-09,8,27.7,83.0,1.7,90.0,7.6
2025-07-09,9,28.2,79.0,1.8,90.0,8.7
2025-07-09,10,29.3,77.0,2.2,90.0,10.3
2025-07-09,11,29.7,70.0,2.9,140.0,13.9
2025-07-09,12,30.5,65.0,2.9,140.0,16.1
2025-07-09,13,30.4,62.0,3.2,160.0,21.9
2025-07-09,14,30.0,59.0,3.5,180.0,22.1
2025-07-09,15,29.8,57.0,4.7,180.0,29.4
2025-07-09,16,29.5,61.0,2.5,200.0,22.0
2025-07-09,17,29.4,61.0,1.9,200.0,21.5
2025-07-09,18,27.5,69.0,2.3,290.0,18.8
2025-07-09,19,26.7,77.0,1.9,320.0,12.1
2025-07-09,20,25.2,86.0,2.2,320.0,7.8
2025-07-09,21,24.3,88.0,2.8,320.0,6.3
2025-07-09,22,24.6,86.0,2.1,320.0,8.3
2025-07-09,23,25.1,85.0,1.6,290.0,9.1
2025-07-10,0,25.1,85.0,0.8,290.0,10.5
2025-07-10,1,25.1,85.0,0.7,320.0,10.9
2025-07-10,2,26.0,81.0,1.8,70.0,12.9
2025-07-10,3,24.7,88.0,1.4,90.0,6.6
2025-07-10,4,24.5,92.0,1.0,110.0,3.4
2025-07-10,5,23.9,93.0,1.6,110.0,2.9
2025-07-10,6,24.2,94.0,2.4,110.0,2.4
2025-07-10,7,25.3,84.0,2.2,110.0,11.1
2025-07-10,8,26.6,70.0,2.3,110.0,27.5
2025-07-10,9,27.6,64.0,3.0,140.0,26.9
2025-07-10,10,28.8,59.0,3.9,140.0,35.0
2025-07-10,11,30.1,55.0,3.4,140.0,31.5
2025-07-10,12,29.5,56.0,5.6,140.0,30.3
2025-07-10,13,30.1,55.0,3.7,160.0,31.3
2025-07-10,14,31.3,42.0,4.6,140.0,40.7
2025-07-10,15,32.0,39.0,3.3,140.0,46.2
2025-07-10,16,31.9,36.0,2.9,160.0,45.9
2025-07-10,17,29.4,52.0,3.0,320.0,36.8
2025-07-10,18,28.7,57.0,3.2,360.0,34.4
2025-07-10,19,27.6,59.0,3.2,360.0,39.9
2025-07-10,20,26.1,69.0,2.5,340.0,29.3
2025-07-10,21,25.2,74.0,2.1,320.0,26.5
2025-07-10,22,26.5,70.0,0.1,0.0,27.5
2025-07-10,23,26.0,75.0,1.6,90.0,24.4
2025-07-11,0,24.8,81.0,1.0,110.0,18.4
2025-07-11,1,24.3,85.0,2.2,90.0,16.1
2025-07-11,2,23.7,80.0,2.9,90.0,23.4
2025-07-11,3,23.5,73.0,3.7,90.0,31.0
2025-07-11,4,22.9,74.0,3.9,110.0,31.7
2025-07-11,5,22.1,76.0,3.4,110.0,32.7
2025-07-11,6,23.2,67.0,4.0,110.0,36.7
2025-07-11,7,23.6,68.0,3.9,110.0,39.6
2025-07-11,8,24.5,62.0,4.5,110.0,33.5
2025-07-11,9,25.6,59.0,4.0,110.0,36.7
2025-07-11,10,26.7,55.0,3.2,110.0,38.8
2025-07-11,11,28.6,49.0,3.1,110.0,36.9
2025-07-11,12,28.6,48.0,3.7,140.0,35.1
2025-07-11,13,28.1,51.0,3.3,110.0,41.8
2025-07-11,14,30.8,38.0,2.3,70.0,42.5
2025-07-11,15,29.2,50.0,2.6,320.0,39.6
2025-07-11,16,27.4,53.0,4.2,320.0,42.4
2025-07-11,17,27.7,55.0,3.1,320.0,42.0
2025-07-11,18,27.8,55.0,2.4,340.0,42.6
2025-07-11,19,27.0,53.0,3.3,340.0,45.7
2025-07-11,20,24.6,65.0,1.6,320.0,38.6
2025-07-11,21,25.1,66.0,0.4,0.0,36.2
2025-07-11,22,24.5,69.0,0.0,0.0,32.5
2025-07-11,23,25.3,68.0,0.5,50.0,32.1
2025-07-12,0,25.6,68.0,1.4,70.0,33.0
2025-07-12,1,25.1,69.0,1.2,90.0,33.9
2025-07-12,2,24.3,73.0,0.4,0.0,28.7
2025-07-12,3,24.3,74.0,1.3,90.0,27.4
2025-07-12,4,23.7,75.0,2.1,90.0,25.7
2025-07-12,5,23.0,79.0,2.6,90.0,23.1
2025-07-12,6,23.0,79.0,2.7,110.0,26.4
2025-07-12,7,24.6,73.0,3.0,110.0,28.2
2025-07-12,8,25.6,68.0,2.9,110.0,27.9
2025-07-12,9,26.6,60.0,2.5,140.0,37.0
2025-07-12,10,27.2,57.0,2.9,90.0,38.5
2025-07-12,11,27.8,55.0,3.0,140.0,40.0
2025-07-12,12,28.5,54.0,2.2,160.0,37.8
2025-07-12,13,28.9,52.0,3.0,200.0,39.6
2025-07-12,14,26.6,61.0,2.9,340.0,27.4
2025-07-12,15,27.6,58.0,2.6,320.0,36.1
2025-07-12,16,26.0,62.0,3.9,320.0,43.4
2025-07-12,17,26.5,67.0,3.6,320.0,37.4
2025-07-12,18,25.6,69.0,3.1,320.0,35.9
2025-07-12,19,24.0,75.0,3.9,320.0,27.8
2025-07-12,20,23.1,79.0,2.8,320.0,24.2
2025-07-12,21,22.7,81.0,2.5,320.0,26.7
2025-07-12,22,24.0,69.0,3.4,340.0,39.0
2025-07-12,23,22.7,76.0,2.0,320.0,31.9
2025-07-13,0,22.9,69.0,2.2,320.0,45.4
2025-07-13,1,22.7,68.0,1.5,320.0,48.2
2025-07-13,2,23.2,63.0,1.3,320.0,48.6
2025-07-13,3,23.8,58.0,0.6,180.0,49.7
2025-07-13,4,23.5,60.0,0.3,0.0,48.9
2025-07-13,5,22.1,74.0,0.2,0.0,32.0
2025-07-13,6,22.1,77.0,1.3,140.0,31.5
2025-07-13,7,24.0,70.0,1.1,290.0,34.2
2025-07-13,8,26.3,60.0,0.0,0.0,39.5
2025-07-13,9,25.4,59.0,1.4,340.0,46.5
2025-07-13,10,24.1,60.0,2.5,320.0,41.6
2025-07-13,11,24.6,64.0,1.7,320.0,43.1
2025-07-13,12,26.0,59.0,1.5,320.0,44.3
2025-07-13,13,26.7,52.0,2.9,320.0,45.7
2025-07-13,14,27.2,50.0,2.2,320.0,44.1
2025-07-13,15,24.9,53.0,3.5,320.0,47.5
2025-07-13,16,25.8,53.0,2.8,320.0,44.8
2025-07-13,17,25.8,60.0,3.3,320.0,46.3
2025-07-13,18,25.6,67.0,4.0,320.0,45.5
2025-07-13,19,24.4,78.0,3.1,320.0,40.2
2025-07-13,20,23.0,86.0,3.8,320.0,32.1
2025-07-13,21,22.6,89.0,1.9,340.0,21.0
2025-07-13,22,23.0,79.0,1.5,340.0,37.8
2025-07-13,23,22.4,83.0,2.3,320.0,33.7
2025-07-14,0,22.2,94.0,2.9,290.0,5.0
2025-07-14,1,22.6,96.0,5.2,320.0,0.3
2025-07-14,2,21.4,84.0,3.8,340.0,34.2
2025-07-14,3,21.6,80.0,4.5,340.0,33.5
2025-07-14,4,21.2,84.0,4.4,340.0,25.4
2025-07-14,5,20.6,84.0,3.6,360.0,24.6
2025-07-14,6,20.6,82.0,6.1,360.0,27.3
2025-07-14,7,21.4,78.0,7.2,360.0,29.1
2025-07-14,8,21.7,77.0,5.1,360.0,30.3
2025-07-14,9,22.3,75.0,4.4,340.0,27.6
2025-07-14,10,23.2,72.0,4.3,360.0,38.8
2025-07-14,11,23.8,69.0,5.0,340.0,32.6
2025-07-14,12,23.8,69.0,5.8,340.0,35.5
2025-07-14,13,24.1,69.0,4.6,320.0,30.0
2025-07-14,14,23.7,70.0,4.9,290.0,32.6
2025-07-14,15,24.8,67.0,2.6,320.0,36.3
2025-07-14,16,25.9,65.0,3.6,340.0,41.9
2025-07-14,17,25.7,63.0,3.4,340.0,46.4
2025-07-14,18,25.6,64.0,2.2,320.0,41.6
2025-07-14,19,26.1,59.0,1.8,360.0,46.8
2025-07-14,20,23.5,77.0,1.5,140.0,33.7
2025-07-14,21,23.0,76.0,0.9,270.0,38.2
2025-07-14,22,22.9,79.0,1.2,250.0,32.1
2025-07-14,23,22.8,78.0,1.3,270.0,37.8
2025-07-15,0,21.3,84.0,2.0,110.0,28.4
2025-07-15,1,21.1,89.0,0.5,140.0,21.1
2025-07-15,2,22.2,83.0,5.3,160.0,36.9
2025-07-15,3,21.2,88.0,2.7,180.0,31.3
2025-07-15,4,21.2,88.0,2.1,200.0,28.9
2025-07-15,5,19.7,94.0,2.6,110.0,15.2
2025-07-15,6,20.7,91.0,1.6,140.0,30.3
2025-07-15,7,21.4,88.0,2.6,110.0,42.5
2025-07-15,8,22.9,78.0,2.9,180.0,49.7
2025-07-15,9,23.2,79.0,4.0,160.0,47.5
2025-07-15,10,24.0,78.0,3.2,180.0,46.7
2025-07-15,11,24.6,77.0,2.9,160.0,49.0
2025-07-15,12,22.7,83.0,3.4,110.0,49.2
2025-07-15,13,25.9,74.0,3.6,140.0,47.5
2025-07-15,14,25.8,75.0,3.6,180.0,47.3
2025-07-15,15,26.8,74.0,1.4,250.0,46.6
2025-07-15,16,26.5,69.0,2.6,340.0,42.9
2025-07-15,17,25.6,70.0,2.2,360.0,45.3
2025-07-15,18,24.9,74.0,2.1,290.0,43.4
2025-07-15,19,23.3,82.0,1.3,70.0,39.4
2025-07-15,20,22.9,84.0,0.1,0.0,37.6
2025-07-15,21,22.4,88.0,0.5,180.0,27.4
2025-07-15,22,22.3,86.0,1.1,160.0,29.3
2025-07-15,23,21.8,88.0,2.2,180.0,18.8
2025-07-16,0,22.9,87.0,2.7,200.0,22.2
2025-07-16,1,23.0,91.0,2.3,200.0,9.3
2025-07-16,2,23.6,83.0,5.2,250.0,22.9
2025-07-16,3,20.7,91.0,6.9,270.0,12.2
2025-07-16,4,20.6,90.0,3.9,250.0,25.2
2025-07-16,5,21.2,82.0,1.7,230.0,40.7
2025-07-16,6,21.3,79.0,4.2,180.0,37.6
2025-07-16,7,21.9,78.0,2.8,160.0,38.0
2025-07-16,8,19.8,93.0,1.9,110.0,6.6
2025-07-16,9,20.5,93.0,2.7,110.0,13.6
2025-07-16,10,21.1,86.0,4.1,140.0,21.3
2025-07-16,11,20.4,94.0,5.0,110.0,5.2
2025-07-16,12,20.8,96.0,3.7,140.0,1.3
2025-07-16,13,20.3,96.0,4.2,140.0,2.5
2025-07-16,14,20.4,96.0,3.7,110.0,4.1
2025-07-16,15,20.8,96.0,6.4,90.0,1.1
2025-07-16,16,21.7,96.0,6.3,140.0,1.6
2025-07-16,17,21.2,96.0,7.0,140.0,4.6
2025-07-16,18,21.0,95.0,6.6,140.0,4.5
2025-07-16,19,20.9,95.0,6.3,140.0,4.6
2025-07-16,20,21.3,94.0,4.7,140.0,11.6
2025-07-16,21,21.7,95.0,5.0,140.0,8.9
2025-07-16,22,21.5,95.0,4.1,110.0,8.7
2025-07-16,23,21.5,95.0,3.9,110.0,7.8
2025-07-17,0,21.6,96.0,4.2,110.0,1.3
2025-07-17,1,21.7,96.0,3.8,140.0,3.0
2025-07-17,2,21.8,96.0,2.1,110.0,1.4
2025-07-17,3,21.9,96.0,2.2,110.0,0.3
2025-07-17,4,21.8,97.0,0.6,110.0,0.2
2025-07-17,5,21.7,97.0,0.6,90.0,0.2
2025-07-17,6,21.8,97.0,1.7,110.0,0.2
2025-07-17,7,22.4,97.0,0.5,160.0,0.3
2025-07-17,8,22.9,97.0,2.4,160.0,0.6
2025-07-17,9,22.8,97.0,1.5,140.0,5.2
2025-07-17,10,25.5,92.0,2.5,200.0,21.7
2025-07-17,11,25.2,84.0,1.6,340.0,19.1
2025-07-17,12,25.3,83.0,1.7,110.0,19.6
2025-07-17,13,24.6,83.0,4.9,320.0,22.2
2025-07-17,14,25.5,79.0,4.1,320.0,39.3
2025-07-17,15,24.5,84.0,3.8,320.0,43.0
2025-07-17,16,23.8,87.0,3.7,320.0,30.4
2025-07-17,17,24.4,82.0,2.8,360.0,26.3
2025-07-17,18,23.9,81.0,1.4,340.0,32.6
2025-07-17,19,23.4,87.0,1.5,290.0,19.7
2025-07-17,20,22.1,92.0,0.9,290.0,10.4
2025-07-17,21,22.0,94.0,0.1,0.0,7.8
2025-07-17,22,21.3,93.0,0.0,0.0,12.3
2025-07-17,23,21.2,93.0,0.0,0.0,18.6
2025-07-18,0,20.9,93.0,1.1,290.0,14.6
2025-07-18,1,20.3,94.0,1.2,110.0,8.3
2025-07-18,2,19.9,95.0,0.8,180.0,4.8
2025-07-18,3,21.0,94.0,0.0,0.0,17.4
2025-07-18,4,20.9,94.0,1.3,110.0,9.7
2025-07-18,5,20.2,95.0,0.0,0.0,6.6
2025-07-18,6,20.0,96.0,0.3,0.0,1.0
2025-07-18,7,21.6,96.0,0.6,90.0,6.0
2025-07-18,8,22.9,94.0,0.7,110.0,5.3
2025-07-18,9,24.7,78.0,1.1,90.0,37.4
2025-07-18,10,25.1,77.0,2.0,90.0,47.4
2025-07-18,11,25.4,72.0,2.5,140.0,41.7
2025-07-18,12,26.8,68.0,1.4,90.0,44.4
2025-07-18,13,27.1,70.0,2.8,140.0,42.1
2025-07-18,14,26.6,75.0,3.5,180.0,34.4
2025-07-18,15,24.1,86.0,4.2,160.0,23.7
2025-07-18,16,24.4,85.0,3.4,140.0,35.1
2025-07-18,17,23.2,89.0,2.6,140.0,26.3
2025-07-18,18,23.1,87.0,3.1,140.0,36.7
2025-07-18,19,22.9,86.0,1.9,110.0,36.0
2025-07-18,20,22.5,88.0,1.5,140.0,33.8
2025-07-18,21,22.4,92.0,2.1,140.0,26.7
2025-07-18,22,22.1,96.0,1.5,110.0,3.7
2025-07-18,23,22.3,96.0,0.5,110.0,8.2
2025-07-19,0,21.8,96.0,0.8,70.0,0.4
2025-07-19,1,21.7,97.0,1.7,90.0,0.4
2025-07-19,2,21.9,97.0,0.3,0.0,0.2
2025-07-19,3,22.3,97.0,1.2,70.0,0.4
2025-07-19,4,21.8,97.0,2.3,90.0,0.3
2025-07-19,5,21.6,97.0,2.5,90.0,0.2
2025-07-19,6,21.5,97.0,2.4,90.0,0.3
2025-07-19,7,21.8,97.0,1.9,110.0,0.5
2025-07-19,8,22.2,97.0,1.3,140.0,0.6
2025-07-19,9,21.9,97.0,2.0,110.0,0.5
2025-07-19,10,22.3,97.0,3.1,110.0,0.6
2025-07-19,11,22.6,97.0,4.5,110.0,8.0
2025-07-19,12,23.7,92.0,5.3,110.0,19.4
2025-07-19,13,23.8,90.0,4.2,110.0,10.2
2025-07-19,14,24.3,90.0,3.7,110.0,10.0
2025-07-19,15,26.1,85.0,2.2,110.0,25.0
2025-07-19,16,24.5,90.0,3.4,160.0,32.9
2025-07-19,17,24.0,94.0,4.1,140.0,9.8
2025-07-19,18,24.4,89.0,2.9,180.0,13.2
2025-07-19,19,24.6,89.0,3.8,230.0,20.5
2025-07-19,20,24.3,87.0,2.9,230.0,40.5
2025-07-19,21,23.5,90.0,2.2,200.0,24.2
2025-07-19,22,22.4,93.0,2.5,180.0,11.0
2025-07-19,23,22.7,95.0,2.1,160.0,4.7
2025-07-20,0,22.7,96.0,0.8,180.0,4.0
2025-07-20,1,22.8,96.0,2.0,160.0,0.4
2025-07-20,2,22.4,96.0,1.4,110.0,0.5
2025-07-20,3,22.9,97.0,2.4,160.0,3.0
2025-07-20,4,22.9,97.0,1.8,140.0,1.6
2025-07-20,5,25.3,97.0,4.2,230.0,6.1
2025-07-20,6,25.5,94.0,4.2,230.0,11.6
2025-07-20,7,25.6,94.0,4.2,200.0,7.3
2025-07-20,8,26.2,92.0,4.9,200.0,9.9
2025-07-20,9,26.3,91.0,5.5,200.0,11.4
2025-07-20,10,26.3,90.0,6.2,200.0,11.4
2025-07-20,11,27.8,84.0,6.0,200.0,17.8
2025-07-20,12,26.9,86.0,5.9,200.0,15.2
2025-07-20,13,26.9,87.0,6.2,180.0,15.3
2025-07-20,14,26.7,87.0,6.4,200.0,15.5
2025-07-20,15,27.0,86.0,6.3,200.0,16.3
2025-07-20,16,26.8,86.0,7.2,200.0,15.6
2025-07-20,17,26.8,85.0,6.9,200.0,18.7
2025-07-20,18,26.5,87.0,5.2,200.0,16.8
2025-07-20,19,25.3,89.0,4.9,180.0,11.8
2025-07-20,20,24.5,93.0,2.9,160.0,9.5
2025-07-20,21,25.0,92.0,4.1,180.0,11.0
2025-07-20,22,25.2,92.0,4.4,180.0,9.1
2025-07-20,23,25.7,90.0,5.2,200.0,12.9
2025-07-21,0,24.7,90.0,5.7,180.0,12.0
2025-07-21,1,24.9,90.0,4.0,180.0,12.1
2025-07-21,2,24.6,91.0,4.2,180.0,10.4
2025-07-21,3,25.1,90.0,4.1,180.0,11.1
2025-07-21,4,25.1,90.0,4.4,180.0,11.7
2025-07-21,5,25.3,90.0,4.1,180.0,12.1
2025-07-21,6,24.7,90.0,3.2,180.0,14.4
2025-07-21,7,25.1,90.0,4.0,180.0,15.8
2025-07-21,8,24.5,90.0,2.8,160.0,13.4
2025-07-21,9,24.0,93.0,1.9,200.0,7.1
2025-07-21,10,25.1,90.0,2.5,230.0,12.9
2025-07-21,11,26.5,86.0,4.3,180.0,17.3
2025-07-21,12,26.3,87.0,4.1,180.0,19.1
2025-07-21,13,26.6,86.0,5.2,180.0,19.6
2025-07-21,14,28.2,84.0,5.2,200.0,21.1
2025-07-21,15,27.8,83.0,5.9,180.0,19.7
2025-07-21,16,27.8,84.0,5.4,200.0,25.0
2025-07-21,17,27.4,86.0,5.1,200.0,21.7
2025-07-21,18,27.4,86.0,5.3,200.0,25.8
2025-07-21,19,26.5,90.0,4.9,200.0,17.9
2025-07-21,20,26.3,91.0,3.8,200.0,15.7
2025-07-21,21,26.2,92.0,4.0,230.0,15.6
2025-07-21,22,26.2,92.0,4.1,230.0,15.6
2025-07-21,23,26.1,93.0,4.2,230.0,11.7
2025-07-22,0,26.1,93.0,3.2,230.0,12.6
2025-07-22,1,26.3,92.0,4.3,230.0,16.4
2025-07-22,2,26.2,92.0,3.2,230.0,15.8
2025-07-22,3,25.8,93.0,3.3,200.0,13.8
2025-07-22,4,26.1,92.0,3.1,230.0,16.6
2025-07-22,5,25.9,94.0,3.2,200.0,13.7
2025-07-22,6,25.8,94.0,3.1,200.0,10.6
2025-07-22,7,25.9,94.0,2.7,230.0,13.0
2025-07-22,8,26.6,89.0,3.1,200.0,18.3
2025-07-22,9,26.6,87.0,3.3,200.0,20.3
2025-07-22,10,27.2,85.0,3.4,180.0,20.1
2025-07-22,11,27.4,85.0,4.0,200.0,19.2
2025-07-22,12,27.1,85.0,4.6,180.0,19.8
2025-07-22,13,27.9,82.0,4.9,180.0,28.5
2025-07-22,14,28.5,81.0,4.0,180.0,26.6
2025-07-22,15,27.2,84.0,3.5,180.0,19.8
2025-07-22,16,27.9,82.0,3.1,200.0,26.2
2025-07-22,17,27.3,85.0,2.9,180.0,21.9
2025-07-22,18,23.6,83.0,4.3,50.0,48.0
2025-07-22,19,23.0,92.0,3.9,70.0,23.9
2025-07-22,20,23.3,91.0,3.2,110.0,37.3
2025-07-22,21,24.5,86.0,5.4,140.0,49.0
2025-07-22,22,24.4,93.0,4.5,160.0,12.0
2025-07-22,23,24.4,96.0,3.4,180.0,0.8
2025-07-23,0,24.3,96.0,1.0,200.0,0.4
2025-07-23,1,22.3,96.0,2.4,90.0,0.2
2025-07-23,2,22.5,97.0,1.4,90.0,1.6
2025-07-23,3,22.7,97.0,2.0,110.0,0.2
2025-07-23,4,23.4,97.0,1.1,110.0,0.3
2025-07-23,5,23.6,97.0,1.5,140.0,0.2
2025-07-23,6,23.8,97.0,1.5,160.0,0.1
2025-07-23,7,23.9,97.0,1.8,180.0,0.1
2025-07-23,8,24.5,97.0,2.9,160.0,1.3
2025-07-23,9,24.8,97.0,3.8,160.0,2.6
2025-07-23,10,25.6,96.0,2.6,160.0,7.9
2025-07-23,11,25.1,94.0,3.7,160.0,4.9
2025-07-23,12,25.1,91.0,4.3,180.0,9.9
2025-07-23,13,25.7,91.0,4.4,180.0,7.3
2025-07-23,14,26.0,88.0,4.4,180.0,18.0
2025-07-23,15,26.2,87.0,3.7,180.0,23.5
2025-07-23,16,26.5,84.0,3.3,180.0,23.7
2025-07-23,17,25.6,89.0,2.7,200.0,19.0
2025-07-23,18,25.3,89.0,2.8,200.0,15.9
2025-07-23,19,25.4,89.0,2.4,200.0,18.2
2025-07-23,20,23.9,95.0,1.5,180.0,1.1
2025-07-23,21,22.3,96.0,1.9,110.0,0.3
2025-07-23,22,22.2,97.0,2.1,90.0,0.2
2025-07-23,23,22.7,97.0,1.3,110.0,0.1
2025-07-24,0,22.7,97.0,1.7,90.0,0.1
2025-07-24,1,22.7,97.0,1.6,110.0,0.3
2025-07-24,2,23.2,97.0,1.3,110.0,0.2
2025-07-24,3,23.4,97.0,0.9,160.0,0.2
2025-07-24,4,23.0,97.0,1.4,110.0,0.2
2025-07-24,5,22.2,97.0,1.9,90.0,0.2
2025-07-24,6,22.9,97.0,1.7,90.0,0.1
2025-07-24,7,23.5,97.0,1.8,110.0,0.2
2025-07-24,8,24.1,97.0,1.5,110.0,0.3
2025-07-24,9,24.7,96.0,1.6,140.0,2.3
2025-07-24,10,25.5,95.0,1.4,180.0,15.4
2025-07-24,11,27.1,84.0,2.1,160.0,22.2
2025-07-24,12,27.5,76.0,2.9,200.0,32.6
2025-07-24,13,27.0,81.0,1.6,200.0,31.7
2025-07-24,14,28.4,78.0,2.4,200.0,28.2
2025-07-24,15,27.9,76.0,1.3,360.0,35.0
2025-07-24,16,28.3,77.0,1.3,90.0,29.9
2025-07-24,17,28.7,72.0,0.6,110.0,29.1
2025-07-24,18,27.8,72.0,1.9,340.0,33.6
2025-07-24,19,26.8,77.0,2.3,320.0,35.0
2025-07-24,20,25.4,86.0,0.0,0.0,19.3
2025-07-24,21,24.6,89.0,0.0,0.0,13.2
2025-07-24,22,23.9,90.0,0.5,340.0,13.3
2025-07-24,23,23.3,94.0,1.5,320.0,4.4
2025-07-25,0,23.4,94.0,1.8,320.0,6.2
2025-07-25,1,23.2,92.0,1.9,320.0,11.6
2025-07-25,2,23.2,90.0,1.9,340.0,16.9
2025-07-25,3,23.1,90.0,1.3,290.0,16.3
2025-07-25,4,22.8,90.0,1.2,290.0,13.9
2025-07-25,5,23.1,88.0,0.0,0.0,20.6
2025-07-25,6,22.6,90.0,1.0,110.0,11.9
2025-07-25,7,24.1,89.0,1.4,90.0,11.3
2025-07-25,8,25.5,86.0,2.3,90.0,13.6
2025-07-25,9,26.4,82.0,2.3,90.0,15.9
2025-07-25,10,27.4,75.0,1.9,110.0,21.4
2025-07-25,11,28.2,75.0,2.1,90.0,23.1
2025-07-25,12,27.4,76.0,1.8,320.0,21.3
2025-07-25,13,29.0,65.0,1.0,70.0,33.4
2025-07-25,14,30.0,64.0,1.5,110.0,33.6
2025-07-25,15,27.3,78.0,2.9,320.0,24.1
2025-07-25,16,27.4,73.0,3.1,290.0,26.5
2025-07-25,17,27.6,73.0,2.7,290.0,29.5
2025-07-25,18,26.2,75.0,2.8,290.0,26.3
2025-07-25,19,26.1,78.0,1.4,320.0,20.2
2025-07-25,20,25.1,83.0,0.6,270.0,18.9
2025-07-25,21,24.2,87.0,1.2,200.0,10.2
2025-07-25,22,24.1,81.0,1.0,340.0,19.7
2025-07-25,23,23.6,85.0,0.2,0.0,20.2
2025-07-26,0,23.9,85.0,0.1,0.0,16.2
2025-07-26,1,23.7,88.0,1.4,70.0,12.6
2025-07-26,2,23.4,89.0,1.4,70.0,10.5
2025-07-26,3,23.0,87.0,1.2,110.0,17.1
2025-07-26,4,21.3,91.0,0.3,0.0,11.4
2025-07-26,5,23.9,86.0,1.0,110.0,13.7
2025-07-26,6,23.3,81.0,1.4,110.0,19.9
2025-07-26,7,24.2,80.0,1.0,70.0,25.3
2025-07-26,8,26.2,77.0,0.3,0.0,21.9
2025-07-26,9,27.8,73.0,0.3,0.0,20.8
2025-07-26,10,27.1,70.0,1.3,340.0,25.5
2025-07-26,11,30.6,45.0,1.0,360.0,47.9
2025-07-26,12,30.3,43.0,2.3,360.0,49.3
2025-07-26,13,30.8,51.0,1.8,320.0,36.6
2025-07-26,14,31.1,50.0,2.4,290.0,32.1
2025-07-26,15,28.5,61.0,2.9,320.0,33.5
2025-07-26,16,25.5,78.0,3.3,320.0,32.2
2025-07-26,17,27.8,61.0,3.2,320.0,41.0
2025-07-26,18,25.8,68.0,3.0,320.0,36.6
2025-07-26,19,25.7,61.0,1.9,320.0,45.6
2025-07-26,20,24.5,60.0,2.1,320.0,49.6
2025-07-26,21,24.3,55.0,2.3,320.0,45.4
2025-07-26,22,24.2,55.0,1.9,290.0,49.5
2025-07-26,23,24.7,50.0,1.0,320.0,50.0
2025-07-27,0,24.3,52.0,1.9,320.0,49.8
2025-07-27,1,22.9,64.0,1.7,290.0,49.0
2025-07-27,2,23.9,59.0,1.5,290.0,48.6
2025-07-27,3,24.8,53.0,1.0,290.0,49.9
2025-07-27,4,24.3,58.0,1.2,320.0,48.5
2025-07-27,5,26.4,53.0,0.4,0.0,48.5
2025-07-27,6,25.6,62.0,0.6,50.0,37.6
2025-07-27,7,25.1,72.0,1.7,90.0,30.4
2025-07-27,8,26.7,75.0,2.0,90.0,18.8
2025-07-27,9,27.6,72.0,2.3,140.0,15.7
2025-07-27,10,26.6,74.0,2.1,340.0,15.4
2025-07-27,11,27.4,70.0,2.4,290.0,18.7
2025-07-27,12,28.1,69.0,3.2,320.0,19.9
2025-07-27,13,30.1,62.0,2.4,290.0,21.6
2025-07-27,14,31.1,57.0,2.7,290.0,28.1
2025-07-27,15,28.5,61.0,3.3,320.0,30.2
2025-07-27,16,28.9,58.0,2.9,320.0,27.9
2025-07-27,17,28.2,58.0,2.4,290.0,30.0
2025-07-27,18,28.6,54.0,2.5,320.0,35.5
2025-07-27,19,26.5,41.0,2.2,320.0,48.2
2025-07-27,20,25.3,47.0,2.7,320.0,50.0
2025-07-27,21,25.2,46.0,2.4,320.0,49.3
2025-07-27,22,25.1,48.0,1.7,290.0,48.9
2025-07-27,23,25.5,44.0,1.3,290.0,49.4
2025-07-28,0,24.6,52.0,1.9,320.0,46.9
2025-07-28,1,24.7,49.0,2.0,320.0,49.1
2025-07-28,2,25.3,45.0,1.1,320.0,50.0
2025-07-28,3,26.2,44.0,1.7,50.0,49.5
2025-07-28,4,23.7,58.0,1.5,140.0,46.8
2025-07-28,5,24.3,56.0,0.4,0.0,49.5
2025-07-28,6,23.8,62.0,1.0,160.0,47.4
2025-07-28,7,24.6,68.0,1.7,200.0,45.8
2025-07-28,8,27.5,62.0,0.7,20.0,38.5
2025-07-28,9,26.3,57.0,2.4,340.0,45.8
2025-07-28,10,29.1,46.0,1.9,320.0,45.3
2025-07-28,11,30.2,53.0,1.6,340.0,37.9
2025-07-28,12,30.4,52.0,2.5,320.0,42.8
2025-07-28,13,28.8,56.0,3.4,320.0,43.0
2025-07-28,14,28.9,56.0,3.1,320.0,42.4
2025-07-28,15,28.5,60.0,3.9,320.0,40.2
2025-07-28,16,28.2,65.0,3.7,320.0,25.1
2025-07-28,17,27.5,69.0,4.2,320.0,29.8
2025-07-28,18,27.4,71.0,3.7,320.0,26.5
2025-07-28,19,26.9,75.0,2.2,320.0,24.2
2025-07-28,20,25.2,84.0,1.8,320.0,19.2
2025-07-28,21,24.7,86.0,1.7,320.0,16.1
2025-07-28,22,24.4,88.0,1.6,320.0,14.0
2025-07-28,23,24.6,90.0,1.8,320.0,9.6
2025-07-29,0,24.2,92.0,1.6,290.0,7.1
2025-07-29,1,24.8,91.0,0.4,0.0,6.8
2025-07-29,2,24.9,89.0,0.0,0.0,9.9
2025-07-29,3,23.8,89.0,0.9,340.0,6.6
2025-07-29,4,23.6,93.0,1.4,290.0,4.9
2025-07-29,5,23.6,93.0,0.4,0.0,5.6
2025-07-29,6,23.8,93.0,0.0,0.0,5.6
2025-07-29,7,25.5,87.0,0.0,0.0,13.4
2025-07-29,8,26.9,79.0,1.0,90.0,16.6
2025-07-29,9,27.6,73.0,1.8,110.0,19.4
2025-07-29,10,29.0,70.0,2.1,110.0,25.9
2025-07-29,11,29.3,67.0,2.8,140.0,25.8
2025-07-29,12,28.7,67.0,2.9,200.0,22.7
2025-07-29,13,30.1,56.0,2.5,200.0,36.8
2025-07-29,14,30.1,63.0,1.7,340.0,26.1
2025-07-29,15,29.7,62.0,1.3,360.0,25.8
2025-07-29,16,29.6,61.0,3.0,200.0,26.9
2025-07-29,17,29.2,64.0,1.9,200.0,24.4
2025-07-29,18,29.6,56.0,1.5,200.0,29.4
2025-07-29,19,27.5,72.0,0.8,290.0,20.4
2025-07-29,20,25.9,78.0,0.0,0.0,16.7
2025-07-29,21,25.0,80.0,0.2,0.0,16.4
2025-07-29,22,24.2,81.0,0.3,0.0,18.0
2025-07-29,23,24.3,83.0,0.0,0.0,14.0
2025-07-30,0,23.9,85.0,1.5,140.0,11.6
2025-07-30,1,22.7,88.0,1.1,160.0,12.1
2025-07-30,2,22.7,90.0,1.6,180.0,5.8
2025-07-30,3,23.0,88.0,2.3,200.0,6.1
2025-07-30,4,24.3,84.0,0.3,0.0,18.4
2025-07-30,5,23.0,88.0,1.8,90.0,9.6
2025-07-30,6,23.0,88.0,2.4,90.0,9.7
2025-07-30,7,23.7,88.0,1.8,110.0,10.5
2025-07-30,8,23.7,86.0,1.9,90.0,12.2
2025-07-30,9,25.1,86.0,1.2,110.0,12.6
2025-07-30,10,26.1,81.0,1.4,110.0,14.4
2025-07-30,11,27.0,79.0,1.2,110.0,15.6
2025-07-30,12,27.4,77.0,1.1,90.0,20.1
2025-07-30,13,28.1,72.0,1.6,90.0,30.5
2025-07-30,14,28.7,66.0,1.3,70.0,37.7
2025-07-30,15,29.7,59.0,1.2,70.0,42.6
2025-07-30,16,26.7,68.0,1.9,290.0,41.6
2025-07-30,17,26.6,77.0,0.8,290.0,24.4
2025-07-30,18,26.0,80.0,2.3,320.0,22.3
2025-07-30,19,25.1,88.0,2.8,320.0,14.6
2025-07-30,20,24.5,90.0,2.4,340.0,10.7
2025-07-30,21,24.5,86.0,4.1,360.0,28.9
2025-07-30,22,24.4,89.0,3.6,360.0,27.8
2025-07-30,23,24.1,88.0,1.0,290.0,25.1
2025-07-31,0,24.2,86.0,2.0,320.0,29.8
2025-07-31,1,24.1,84.0,1.1,360.0,38.5
2025-07-31,2,25.6,76.0,0.0,0.0,43.6
2025-07-31,3,24.6,82.0,0.5,320.0,37.8
2025-07-31,4,24.7,80.0,0.5,340.0,40.5
2025-07-31,5,24.3,83.0,0.7,320.0,36.4
2025-07-31,6,25.3,79.0,0.0,0.0,31.0
2025-07-31,7,25.4,82.0,0.0,0.0,25.9
2025-07-31,8,26.4,79.0,1.7,90.0,23.1
2025-07-31,9,26.4,80.0,2.0,110.0,20.0
2025-07-31,10,26.0,82.0,1.5,90.0,17.3
2025-07-31,11,27.2,81.0,2.6,160.0,17.5
2025-07-31,12,28.1,78.0,2.5,160.0,18.4
2025-07-31,13,27.6,82.0,2.7,140.0,13.9
2025-07-31,14,27.8,81.0,2.8,180.0,16.9
2025-07-31,15,27.2,83.0,2.0,200.0,17.8
2025-07-31,16,26.6,86.0,1.4,180.0,15.9
2025-07-31,17,26.5,87.0,0.9,180.0,13.3
2025-07-31,18,26.3,86.0,1.2,180.0,16.1
2025-07-31,19,25.7,87.0,1.2,180.0,13.8
2025-07-31,20,25.1,87.0,1.2,180.0,11.7
2025-07-31,21,25.0,89.0,1.7,180.0,8.8
2025-07-31,22,24.9,87.0,1.4,200.0,14.2
2025-07-31,23,25.1,87.0,1.0,180.0,11.7
