day,h,t,rh,ws,wd,vis
2021-03-01,0,6.2,66.3,0.0,0.0,10.0
2021-03-01,3,4.2,97.2,0.0,0.0,10.0
2021-03-01,6,4.0,97.2,0.0,0.0,10.0
2021-03-01,9,3.8,93.8,0.0,0.0,5.0
2021-03-01,12,4.4,93.2,0.0,0.0,10.0
2021-03-01,15,3.7,95.2,0.0,0.0,10.0
2021-03-01,18,2.4,96.5,0.0,0.0,10.0
2021-03-01,21,1.5,93.7,0.0,0.0,10.0
2021-03-02,0,0.8,93.0,0.0,0.0,10.0
2021-03-02,3,0.5,89.7,0.0,0.0,10.0
2021-03-02,6,0.0,90.3,0.0,0.0,10.0
2021-03-02,9,0.6,84.5,0.0,0.0,10.0
2021-03-02,12,3.0,79.5,0.0,0.0,10.0
2021-03-02,15,5.0,65.1,0.0,0.0,10.0
2021-03-02,18,3.4,62.9,3.0,320.0,20.0
2021-03-02,21,0.2,77.3,0.0,0.0,20.0
2021-03-03,0,-1.6,90.2,0.0,0.0,20.0
2021-03-03,3,-1.8,76.4,0.0,0.0,20.0
2021-03-03,6,-2.6,75.1,0.0,0.0,20.0
2021-03-03,9,-0.8,76.5,0.0,0.0,20.0
2021-03-03,12,5.8,50.1,0.0,0.0,20.0
2021-03-03,15,8.8,43.3,0.0,0.0,20.0
2021-03-03,18,6.9,44.3,0.0,0.0,20.0
2021-03-03,21,3.4,56.6,0.0,0.0,20.0
2021-03-04,0,1.2,61.4,0.0,0.0,20.0
2021-03-04,3,1.1,63.7,2.0,140.0,20.0
2021-03-04,6,1.8,67.3,3.0,140.0,20.0
2021-03-04,9,3.9,68.3,2.0,140.0,20.0
2021-03-04,12,7.2,65.1,2.0,140.0,20.0
2021-03-04,15,9.8,61.2,0.0,0.0,20.0
2021-03-04,18,9.4,66.1,0.0,0.0,20.0
2021-03-04,21,6.5,77.7,0.0,0.0,10.0
2021-03-05,0,3.2,89.9,0.0,0.0,10.0
2021-03-05,3,2.0,90.4,0.0,0.0,10.0
2021-03-05,6,0.3,91.0,0.0,0.0,10.0
2021-03-05,9,3.6,76.2,0.0,0.0,20.0
2021-03-05,12,9.4,68.5,2.0,320.0,20.0
2021-03-05,15,12.8,59.0,3.0,320.0,20.0
2021-03-05,18,8.2,82.5,6.0,320.0,20.0
2021-03-05,21,6.0,90.7,3.0,320.0,10.0
2021-03-06,0,4.2,89.9,3.0,320.0,10.0
2021-03-06,3,1.2,76.3,2.0,320.0,10.0
2021-03-06,6,-0.6,78.9,1.0,320.0,10.0
2021-03-06,9,0.0,70.6,1.0,320.0,15.0
2021-03-06,12,4.5,59.5,3.0,320.0,20.0
2021-03-06,15,8.8,60.1,3.0,270.0,10.0
2021-03-06,18,8.0,65.3,1.0,270.0,10.0
2021-03-06,21,3.3,67.2,5.0,180.0,10.0
2021-03-07,0,1.0,70.3,3.0,180.0,10.0
2021-03-07,3,-0.4,72.7,3.0,140.0,20.0
2021-03-07,6,-0.4,72.7,3.0,140.0,20.0
2021-03-07,9,0.4,73.4,0.0,0.0,20.0
2021-03-07,12,6.0,59.0,0.0,0.0,10.0
2021-03-07,15,7.8,58.6,0.0,0.0,10.0
2021-03-07,18,6.8,66.0,4.0,320.0,10.0
2021-03-07,21,2.8,77.7,0.0,0.0,10.0
2021-03-08,0,0.2,91.6,1.0,320.0,10.0
2021-03-08,3,-1.0,88.2,0.0,0.0,10.0
2021-03-08,6,-2.2,88.8,0.0,0.0,10.0
2021-03-08,9,-1.7,86.8,0.0,0.0,0.2
2021-03-08,12,3.8,69.8,0.0,0.0,10.0
2021-03-08,15,9.0,48.1,0.0,0.0,10.0
2021-03-08,18,9.2,40.3,5.0,320.0,20.0
2021-03-08,21,3.8,70.8,1.0,320.0,20.0
2021-03-09,0,0.2,80.8,0.0,0.0,20.0
2021-03-09,3,0.0,83.2,0.0,0.0,20.0
2021-03-09,6,-1.0,86.3,0.0,0.0,10.0
2021-03-09,9,0.4,76.2,0.0,0.0,10.0
2021-03-09,12,8.8,47.6,0.0,0.0,20.0
2021-03-09,15,11.0,41.1,1.0,270.0,10.0
2021-03-09,18,9.4,51.8,1.0,320.0,10.0
2021-03-09,21,6.0,60.8,1.0,320.0,10.0
2021-03-10,0,3.7,74.0,0.0,0.0,10.0
2021-03-10,3,1.5,83.4,0.0,0.0,10.0
2021-03-10,6,0.8,86.5,0.0,0.0,10.0
2021-03-10,9,2.3,74.8,0.0,0.0,5.0
2021-03-10,12,10.8,53.3,0.0,0.0,5.0
2021-03-10,15,14.8,41.6,0.0,0.0,10.0
2021-03-10,18,13.5,45.3,0.0,0.0,10.0
2021-03-10,21,7.4,63.3,5.0,320.0,10.0
2021-03-11,0,6.2,77.1,0.0,0.0,10.0
2021-03-11,3,3.9,81.9,0.0,0.0,10.0
2021-03-11,6,2.2,84.1,1.0,140.0,10.0
2021-03-11,9,4.2,89.9,0.0,0.0,10.0
2021-03-11,12,12.2,53.3,0.0,0.0,10.0
2021-03-11,15,14.0,38.2,0.0,0.0,10.0
2021-03-11,18,11.8,50.6,2.0,320.0,10.0
2021-03-11,21,7.0,80.1,0.0,0.0,10.0
2021-03-12,0,6.0,84.6,0.0,0.0,10.0
2021-03-12,3,5.4,90.0,4.0,320.0,10.0
2021-03-12,6,4.4,93.2,1.0,320.0,10.0
2021-03-12,9,5.4,85.7,2.0,320.0,10.0
2021-03-12,12,11.0,70.3,0.0,0.0,10.0
2021-03-12,15,16.0,46.3,4.0,320.0,10.0
2021-03-12,18,14.3,57.8,0.0,0.0,10.0
2021-03-12,21,10.9,57.7,0.0,0.0,10.0
2021-03-13,0,6.8,76.2,0.0,0.0,10.0
2021-03-13,3,5.8,82.2,0.0,0.0,10.0
2021-03-13,6,6.2,79.4,0.0,0.0,10.0
2021-03-13,9,7.4,69.0,2.0,140.0,10.0
2021-03-13,12,10.0,74.1,0.0,0.0,10.0
2021-03-13,15,11.3,65.2,3.0,320.0,10.0
2021-03-13,18,8.8,76.0,4.0,320.0,10.0
2021-03-13,21,6.5,83.4,0.0,0.0,10.0
2021-03-14,0,5.4,85.7,1.0,320.0,10.0
2021-03-14,3,3.6,86.1,0.0,0.0,10.0
2021-03-14,6,2.2,96.5,0.0,0.0,0.1
2021-03-14,9,2.4,96.5,0.0,0.0,0.3
2021-03-14,12,7.4,79.5,0.0,0.0,5.0
2021-03-14,15,12.7,57.8,0.0,0.0,10.0
2021-03-14,18,12.1,60.9,0.0,0.0,10.0
2021-03-14,21,9.2,82.6,0.0,0.0,10.0
2021-03-15,0,6.6,89.5,0.0,0.0,10.0
2021-03-15,3,5.2,93.9,0.0,0.0,10.0
2021-03-15,6,4.8,90.6,1.0,140.0,10.0
2021-03-15,9,6.6,82.3,5.0,140.0,10.0
2021-03-15,12,10.4,69.7,4.0,140.0,10.0
2021-03-15,15,12.1,60.1,1.0,180.0,10.0
2021-03-15,18,10.7,61.5,3.0,180.0,10.0
2021-03-15,21,9.9,71.5,0.0,0.0,10.0
2021-03-16,0,7.2,97.3,6.0,320.0,10.0
2021-03-16,3,4.0,94.5,1.0,320.0,10.0
2021-03-16,6,2.2,86.6,5.0,320.0,10.0
2021-03-16,9,3.8,62.5,8.0,320.0,10.0
2021-03-16,12,6.8,40.5,4.0,320.0,10.0
2021-03-16,15,7.0,39.9,8.0,320.0,10.0
2021-03-16,18,5.8,43.4,8.0,320.0,10.0
2021-03-16,21,3.8,53.8,0.0,0.0,10.0
2021-03-17,0,2.0,63.9,1.0,320.0,10.0
2021-03-17,3,1.2,73.5,0.0,0.0,10.0
2021-03-17,6,0.2,75.6,0.0,0.0,10.0
2021-03-17,9,1.6,74.2,0.0,0.0,15.0
2021-03-17,12,8.0,40.2,4.0,320.0,15.0
2021-03-17,15,12.4,37.5,5.0,320.0,20.0
2021-03-17,18,10.6,43.8,6.0,320.0,20.0
2021-03-17,21,6.2,77.1,0.0,0.0,10.0
2021-03-18,0,4.0,63.9,3.0,320.0,10.0
2021-03-18,3,1.6,75.8,0.0,0.0,10.0
2021-03-18,6,0.8,80.3,0.0,0.0,10.0
2021-03-18,9,4.2,64.5,0.0,0.0,10.0
2021-03-18,12,10.0,61.7,0.0,0.0,10.0
2021-03-18,15,13.1,49.9,5.0,320.0,15.0
2021-03-18,18,10.6,68.7,5.0,320.0,10.0
2021-03-18,21,7.8,78.5,1.0,320.0,10.0
2021-03-19,0,6.8,88.3,0.0,0.0,10.0
2021-03-19,3,6.9,85.3,0.0,0.0,10.0
2021-03-19,6,5.6,84.5,0.0,0.0,10.0
2021-03-19,9,8.2,70.7,0.0,0.0,5.0
2021-03-19,12,16.0,52.9,0.0,0.0,10.0
2021-03-19,15,18.6,48.4,0.0,0.0,10.0
2021-03-19,18,17.3,46.7,2.0,230.0,10.0
2021-03-19,21,11.2,63.3,0.0,0.0,10.0
2021-03-20,0,9.8,69.5,1.0,320.0,10.0
2021-03-20,3,8.8,81.4,0.0,0.0,10.0
2021-03-20,6,8.2,84.8,0.0,0.0,10.0
2021-03-20,9,6.0,92.0,0.0,0.0,10.0
2021-03-20,12,5.5,92.0,0.0,0.0,10.0
2021-03-20,15,8.2,82.5,0.0,0.0,10.0
2021-03-20,18,5.2,81.5,1.0,320.0,10.0
2021-03-20,21,4.6,85.0,2.0,320.0,10.0
2021-03-21,0,4.2,89.9,0.0,0.0,10.0
2021-03-21,3,4.1,92.5,0.0,0.0,10.0
2021-03-21,6,4.0,93.2,1.0,320.0,10.0
2021-03-21,9,4.5,83.2,7.0,320.0,10.0
2021-03-21,12,6.0,55.6,9.0,320.0,20.0
2021-03-21,15,4.9,62.3,8.0,320.0,20.0
2021-03-21,18,4.9,63.7,12.0,320.0,10.0
2021-03-21,21,3.0,70.2,0.0,0.0,10.0
2021-03-22,0,1.8,79.3,0.0,0.0,10.0
2021-03-22,3,1.0,82.1,1.0,320.0,10.0
2021-03-22,6,0.4,76.2,0.0,0.0,20.0
2021-03-22,9,3.6,58.4,0.0,0.0,20.0
2021-03-22,12,8.3,55.0,0.0,0.0,20.0
2021-03-22,15,10.9,32.3,5.0,320.0,20.0
2021-03-22,18,9.8,35.6,5.0,320.0,20.0
2021-03-22,21,6.0,64.4,0.0,0.0,10.0
2021-03-23,0,5.0,50.6,0.0,0.0,10.0
2021-03-23,3,1.4,62.4,3.0,140.0,10.0
2021-03-23,6,2.8,52.3,4.0,140.0,10.0
2021-03-23,9,6.4,64.5,5.0,140.0,20.0
2021-03-23,12,13.6,46.3,3.0,140.0,10.0
2021-03-23,15,16.8,34.1,6.0,230.0,20.0
2021-03-23,18,14.0,33.3,8.0,230.0,20.0
2021-03-23,21,9.4,57.7,2.0,180.0,20.0
2021-03-24,0,6.9,72.5,0.0,0.0,20.0
2021-03-24,3,5.8,83.4,2.0,180.0,20.0
2021-03-24,6,6.2,84.6,4.0,140.0,10.0
2021-03-24,9,8.2,80.8,1.0,140.0,10.0
2021-03-24,12,11.8,64.4,4.0,140.0,20.0
2021-03-24,15,13.5,57.6,6.0,180.0,10.0
2021-03-24,18,12.0,62.2,1.0,180.0,10.0
2021-03-24,21,9.0,80.9,0.0,0.0,15.0
2021-03-25,0,6.8,85.2,0.0,0.0,10.0
2021-03-25,3,6.4,93.3,0.0,0.0,10.0
2021-03-25,6,5.6,93.3,0.0,0.0,10.0
2021-03-25,9,7.8,86.0,0.0,0.0,5.0
2021-03-25,15,18.3,49.3,6.0,320.0,10.0
2021-03-25,18,15.5,48.9,2.0,320.0,10.0
2021-03-25,21,10.5,72.6,0.0,0.0,10.0
2021-03-26,0,3.8,89.9,0.0,0.0,4.0
2021-03-26,3,3.5,96.5,0.0,0.0,0.1
2021-03-26,6,3.8,95.9,0.0,0.0,0.1
2021-03-26,9,4.2,93.2,3.0,140.0,4.0
2021-03-26,12,10.6,65.0,4.0,140.0,10.0
2021-03-26,15,18.2,35.0,3.0,140.0,20.0
2021-03-26,18,17.4,31.2,1.0,140.0,20.0
2021-03-26,21,13.6,38.7,0.0,0.0,20.0
2021-03-27,0,11.4,75.9,0.0,0.0,20.0
2021-03-27,3,10.2,69.1,1.0,140.0,20.0
2021-03-27,6,11.4,70.3,0.0,0.0,20.0
2021-03-27,9,9.3,87.9,1.0,140.0,10.0
2021-03-27,12,9.8,89.1,2.0,140.0,10.0
2021-03-27,15,9.6,96.7,2.0,140.0,10.0
2021-03-27,18,9.4,94.7,4.0,140.0,10.0
2021-03-27,21,9.8,95.4,5.0,140.0,10.0
2021-03-28,0,10.2,97.4,0.0,0.0,10.0
2021-03-28,3,10.0,98.0,0.0,0.0,10.0
2021-03-28,6,8.8,98.7,5.0,320.0,10.0
2021-03-28,9,8.4,97.3,2.0,320.0,8.0
2021-03-28,12,9.9,91.0,0.0,0.0,10.0
2021-03-28,15,12.2,89.9,0.0,0.0,10.0
2021-03-28,18,11.0,92.3,0.0,0.0,10.0
2021-03-28,21,9.4,94.7,0.0,0.0,10.0
2021-03-29,0,8.8,94.7,0.0,0.0,10.0
2021-03-29,3,7.2,94.6,4.0,320.0,10.0
2021-03-29,6,6.2,90.7,0.0,0.0,10.0
2021-03-29,9,7.8,83.0,0.0,0.0,5.0
2021-03-29,12,11.2,52.7,4.0,320.0,10.0
2021-03-29,15,13.1,35.8,5.0,320.0,10.0
2021-03-29,18,11.6,43.1,5.0,320.0,10.0
2021-03-29,21,7.8,51.0,0.0,0.0,10.0
2021-03-30,0,5.5,67.7,0.0,0.0,10.0
2021-03-30,3,4.5,66.5,0.0,0.0,10.0
2021-03-30,6,2.5,73.8,0.0,0.0,10.0
2021-03-30,9,6.5,68.4,0.0,0.0,10.0
2021-03-30,12,12.4,39.5,0.0,0.0,20.0
2021-03-30,15,16.3,30.7,4.0,320.0,20.0
2021-03-30,18,14.9,34.8,5.0,320.0,20.0
2021-03-30,21,10.6,54.8,0.0,0.0,20.0
2021-03-31,0,9.0,57.6,0.0,0.0,20.0
2021-03-31,3,5.6,63.8,0.0,0.0,20.0
2021-03-31,6,3.4,79.5,0.0,0.0,20.0
2021-03-31,9,7.8,55.7,0.0,0.0,20.0
2021-03-31,12,14.8,43.5,0.0,0.0,20.0
2021-03-31,15,19.0,36.5,5.0,320.0,10.0
2021-03-31,18,18.8,34.9,3.0,320.0,10.0
2021-03-31,21,12.8,51.3,0.0,0.0,10.0
2021-04-01,0,14.0,45.8,0.0,0.0,10.0
2021-04-01,3,7.3,78.4,0.0,0.0,10.0
2021-04-01,6,7.0,75.1,0.0,0.0,10.0
2021-04-01,9,11.6,60.8,0.0,0.0,10.0
2021-04-01,12,19.4,27.9,5.0,140.0,20.0
2021-04-01,15,22.2,22.5,5.0,140.0,20.0
2021-04-01,18,21.9,23.9,3.0,140.0,20.0
2021-04-01,21,17.0,44.4,2.0,90.0,20.0
2021-04-02,0,13.4,55.2,3.0,90.0,20.0
2021-04-02,3,12.0,77.0,5.0,140.0,10.0
2021-04-02,6,12.2,76.0,2.0,140.0,10.0
2021-04-02,9,14.1,65.8,2.0,140.0,20.0
2021-04-02,12,17.6,59.0,4.0,140.0,20.0
2021-04-02,15,21.3,54.3,0.0,0.0,20.0
2021-04-02,18,18.7,56.2,0.0,0.0,20.0
2021-04-02,21,16.5,69.0,0.0,0.0,10.0
2021-04-03,0,14.6,71.4,3.0,320.0,10.0
2021-04-03,3,10.8,92.9,1.0,320.0,10.0
2021-04-03,6,11.0,89.8,0.0,0.0,10.0
2021-04-03,9,10.4,94.1,0.0,0.0,10.0
2021-04-03,12,10.8,97.4,0.0,0.0,10.0
2021-04-03,15,11.6,94.8,2.0,320.0,5.0
2021-04-03,18,11.4,97.4,0.0,0.0,10.0
2021-04-03,21,11.0,93.5,0.0,0.0,10.0
2021-04-04,0,9.6,92.2,0.0,0.0,10.0
2021-04-04,3,9.2,92.2,0.0,0.0,10.0
2021-04-04,6,8.8,91.5,0.0,0.0,10.0
2021-04-04,9,9.5,79.9,0.0,0.0,20.0
2021-04-04,12,13.0,70.2,2.0,320.0,20.0
2021-04-04,15,15.0,57.9,6.0,320.0,20.0
2021-04-04,18,13.4,56.0,7.0,320.0,20.0
2021-04-04,21,9.4,63.8,0.0,0.0,20.0
2021-04-05,0,7.0,76.7,2.0,320.0,20.0
2021-04-05,3,5.2,93.9,0.0,0.0,20.0
2021-04-05,6,4.9,82.1,0.0,0.0,20.0
2021-04-05,9,8.0,69.2,0.0,0.0,20.0
2021-04-05,12,13.2,52.9,0.0,0.0,20.0
2021-04-05,15,16.5,44.9,0.0,0.0,20.0
2021-04-05,18,16.4,36.5,2.0,320.0,20.0
2021-04-05,21,10.0,39.0,2.0,320.0,20.0
2021-04-06,0,9.6,53.4,0.0,0.0,20.0
2021-04-06,3,8.4,78.0,0.0,0.0,20.0
2021-04-06,6,7.4,71.0,0.0,0.0,20.0
2021-04-06,9,10.0,61.7,0.0,0.0,20.0
2021-04-06,12,15.4,45.2,0.0,0.0,20.0
2021-04-06,15,17.8,35.4,8.0,320.0,20.0
2021-04-06,18,16.5,45.8,2.0,320.0,20.0
2021-04-06,21,11.2,63.3,2.0,320.0,20.0
2021-04-07,0,10.0,68.6,0.0,0.0,10.0
2021-04-07,3,8.4,80.8,0.0,0.0,10.0
2021-04-07,6,7.0,87.7,0.0,0.0,10.0
2021-04-07,9,11.8,63.0,0.0,0.0,10.0
2021-04-07,12,16.2,48.4,5.0,320.0,10.0
2021-04-07,15,18.0,30.0,6.0,320.0,20.0
2021-04-07,18,15.9,27.1,7.0,320.0,20.0
2021-04-07,21,10.7,45.1,0.0,0.0,20.0
2021-04-08,0,8.6,74.3,0.0,0.0,10.0
2021-04-08,3,6.0,87.6,0.0,0.0,20.0
2021-04-08,6,5.0,81.5,0.0,0.0,20.0
2021-04-08,9,8.0,61.7,0.0,0.0,20.0
2021-04-08,12,12.9,55.8,2.0,270.0,20.0
2021-04-08,15,15.5,47.2,7.0,320.0,20.0
2021-04-08,18,13.5,44.6,6.0,320.0,20.0
2021-04-08,21,9.0,56.8,1.0,320.0,20.0
2021-04-09,0,7.8,68.1,0.0,0.0,20.0
2021-04-09,3,6.0,80.5,0.0,0.0,20.0
2021-04-09,6,3.3,89.2,0.0,0.0,20.0
2021-04-09,9,8.0,64.4,0.0,0.0,20.0
2021-04-09,12,15.0,44.4,2.0,230.0,20.0
2021-04-09,15,16.0,36.9,2.0,320.0,20.0
2021-04-09,18,16.8,39.3,2.0,320.0,20.0
2021-04-09,21,11.4,55.0,2.0,320.0,20.0
2021-04-10,0,10.0,76.2,0.0,0.0,20.0
2021-04-10,3,7.2,74.1,0.0,0.0,20.0
2021-04-10,6,7.8,62.5,4.0,90.0,20.0
2021-04-10,9,11.1,53.0,5.0,90.0,20.0
2021-04-10,12,15.6,47.5,0.0,0.0,20.0
2021-04-10,15,19.0,38.3,0.0,0.0,20.0
2021-04-10,18,15.3,44.5,4.0,320.0,20.0
2021-04-10,21,11.7,69.9,1.0,320.0,20.0
2021-04-11,0,10.5,78.9,0.0,0.0,20.0
2021-04-11,3,7.2,74.1,0.0,0.0,20.0
2021-04-11,6,7.0,81.2,0.0,0.0,20.0
2021-04-11,9,10.0,74.1,0.0,0.0,20.0
2021-04-11,12,17.1,44.1,0.0,0.0,20.0
2021-04-11,15,19.9,36.2,0.0,0.0,20.0
2021-04-11,18,18.8,45.5,0.0,0.0,20.0
2021-04-11,21,13.6,76.2,3.0,320.0,10.0
2021-04-12,0,12.4,83.6,0.0,0.0,10.0
2021-04-12,3,12.0,84.1,0.0,0.0,10.0
2021-04-12,6,12.2,78.6,0.0,0.0,10.0
2021-04-12,9,12.8,72.6,0.0,0.0,10.0
2021-04-12,12,15.0,56.8,4.0,140.0,10.0
2021-04-12,15,15.0,62.1,4.0,140.0,10.0
2021-04-12,18,11.2,94.2,9.0,140.0,10.0
2021-04-12,21,10.6,98.0,5.0,90.0,10.0
2021-04-13,0,10.9,96.1,0.0,0.0,10.0
2021-04-13,3,10.0,94.1,7.0,320.0,10.0
2021-04-13,6,8.4,91.5,6.0,320.0,10.0
2021-04-13,9,7.0,80.1,6.0,320.0,20.0
2021-04-13,12,7.8,67.2,9.0,320.0,20.0
2021-04-13,15,8.9,57.2,8.0,320.0,20.0
2021-04-13,18,8.4,57.9,8.0,320.0,20.0
2021-04-13,21,5.5,67.7,5.0,320.0,10.0
2021-04-14,0,4.4,74.1,0.0,0.0,10.0
2021-04-14,3,3.4,72.9,0.0,0.0,10.0
2021-04-14,6,1.6,84.7,0.0,0.0,10.0
2021-04-14,9,5.4,63.3,0.0,0.0,20.0
2021-04-14,12,12.0,40.5,3.0,320.0,20.0
2021-04-14,15,13.2,53.2,3.0,320.0,20.0
2021-04-14,18,13.8,52.6,3.0,320.0,20.0
2021-04-14,21,9.5,69.0,0.0,0.0,20.0
2021-04-15,0,6.4,85.2,0.0,0.0,20.0
2021-04-15,3,6.0,81.0,0.0,0.0,20.0
2021-04-15,6,5.0,86.9,5.0,70.0,20.0
2021-04-15,9,8.5,76.4,5.0,90.0,20.0
2021-04-15,12,14.5,64.1,3.0,140.0,20.0
2021-04-15,15,17.0,55.4,0.0,0.0,20.0
2021-04-15,18,15.2,61.3,4.0,230.0,20.0
2021-04-15,21,11.2,72.8,1.0,180.0,20.0
2021-04-16,0,9.0,82.6,6.0,180.0,20.0
2021-04-16,3,8.5,70.8,3.0,140.0,20.0
2021-04-16,6,10.0,69.1,5.0,140.0,20.0
2021-04-16,9,10.4,87.4,0.0,0.0,10.0
2021-04-16,12,14.8,57.5,3.0,320.0,20.0
2021-04-16,15,16.2,27.6,5.0,250.0,4.0
2021-04-16,18,14.6,28.2,4.0,270.0,20.0
2021-04-16,21,10.5,36.4,0.0,0.0,20.0
2021-04-17,0,9.2,61.1,0.0,0.0,20.0
2021-04-17,3,8.2,58.7,1.0,140.0,4.0
2021-04-17,6,8.4,60.0,0.0,0.0,10.0
2021-04-17,9,9.7,60.8,0.0,0.0,10.0
2021-04-17,12,14.0,45.8,1.0,230.0,10.0
2021-04-17,15,12.6,34.9,9.0,320.0,20.0
2021-04-17,18,11.4,34.2,9.0,320.0,20.0
2021-04-17,21,7.8,71.6,4.0,320.0,20.0
2021-04-18,0,6.8,81.2,2.0,320.0,20.0
2021-04-18,3,5.8,78.2,2.0,320.0,20.0
2021-04-18,6,5.2,85.7,3.0,320.0,20.0
2021-04-18,9,8.8,65.5,5.0,320.0,20.0
2021-04-18,12,12.2,50.0,5.0,320.0,20.0
2021-04-18,15,14.6,40.4,5.0,320.0,20.0
2021-04-18,18,14.6,30.6,6.0,320.0,20.0
2021-04-18,21,10.0,61.7,0.0,0.0,20.0
2021-04-19,0,7.2,76.8,0.0,0.0,20.0
2021-04-19,3,5.2,77.0,0.0,0.0,20.0
2021-04-19,6,5.4,68.1,0.0,0.0,20.0
2021-04-19,9,11.2,55.8,3.0,90.0,20.0
2021-04-19,12,18.0,58.3,0.0,0.0,20.0
2021-04-19,15,22.3,41.5,4.0,230.0,20.0
2021-04-19,18,21.8,37.1,3.0,230.0,20.0
2021-04-19,21,15.6,69.3,2.0,230.0,20.0
2021-04-20,0,12.8,65.5,0.0,0.0,20.0
2021-04-20,3,10.0,76.7,0.0,0.0,20.0
2021-04-20,6,8.4,86.0,3.0,140.0,10.0
2021-04-20,9,11.6,78.5,5.0,320.0,10.0
2021-04-20,12,17.6,66.5,2.0,140.0,10.0
2021-04-20,15,21.8,60.8,0.0,0.0,10.0
2021-04-20,18,20.5,63.3,1.0,230.0,10.0
2021-04-20,21,16.0,74.1,0.0,0.0,10.0
2021-04-21,0,13.8,84.9,0.0,0.0,10.0
2021-04-21,3,11.0,86.3,0.0,0.0,10.0
2021-04-21,6,9.2,84.9,0.0,0.0,10.0
2021-04-21,9,14.2,65.3,0.0,0.0,10.0
2021-04-21,12,21.3,58.0,0.0,0.0,20.0
2021-04-21,15,26.4,42.7,0.0,0.0,20.0
2021-04-21,18,25.8,31.0,0.0,0.0,20.0
2021-04-21,21,15.6,45.6,2.0,320.0,10.0
2021-04-22,0,13.8,62.6,0.0,0.0,10.0
2021-04-22,3,14.6,65.4,3.0,140.0,10.0
2021-04-22,6,13.5,76.2,0.0,0.0,10.0
2021-04-22,9,17.3,60.1,0.0,0.0,10.0
2021-04-22,12,23.4,42.4,3.0,140.0,10.0
2021-04-22,15,25.1,34.6,2.0,180.0,20.0
2021-04-22,18,23.4,30.5,5.0,180.0,20.0
2021-04-22,21,16.7,55.7,0.0,0.0,10.0
2021-04-23,0,17.0,60.9,0.0,0.0,10.0
2021-04-23,3,14.8,65.9,5.0,320.0,10.0
2021-04-23,6,15.2,62.5,7.0,20.0,10.0
2021-04-23,9,15.6,74.6,0.0,0.0,10.0
2021-04-23,12,18.2,63.6,0.0,0.0,20.0
2021-04-23,15,20.3,44.1,0.0,0.0,20.0
2021-04-23,18,18.2,51.7,1.0,140.0,20.0
2021-04-23,21,15.5,75.5,0.0,0.0,20.0
2021-04-24,0,14.2,79.5,0.0,0.0,20.0
2021-04-24,3,13.6,75.2,2.0,140.0,10.0
2021-04-24,6,12.4,90.0,0.0,0.0,10.0
2021-04-24,9,12.4,77.6,0.0,0.0,10.0
2021-04-24,12,13.8,80.5,0.0,0.0,20.0
2021-04-24,15,20.8,55.6,1.0,270.0,20.0
2021-04-24,18,20.6,47.6,3.0,320.0,20.0
2021-04-24,21,15.4,64.7,2.0,320.0,20.0
2021-04-25,0,13.4,65.2,0.0,0.0,20.0
2021-04-25,3,10.8,87.4,0.0,0.0,20.0
2021-04-25,6,10.0,87.4,0.0,0.0,20.0
2021-04-25,9,15.6,56.9,0.0,0.0,20.0
2021-04-25,12,19.4,46.6,1.0,140.0,20.0
2021-04-25,15,21.9,45.2,0.0,0.0,20.0
2021-04-25,18,21.8,47.0,2.0,320.0,20.0
2021-04-25,21,15.2,68.3,4.0,320.0,20.0
2021-04-26,0,14.4,62.3,1.0,320.0,20.0
2021-04-26,3,12.0,80.8,0.0,0.0,20.0
2021-04-26,6,9.2,86.7,0.0,0.0,20.0
2021-04-26,9,15.9,54.7,2.0,140.0,20.0
2021-04-26,12,19.2,49.9,2.0,200.0,20.0
2021-04-26,15,19.2,54.8,7.0,180.0,20.0
2021-04-26,18,17.0,66.0,3.0,200.0,20.0
2021-04-26,21,14.8,72.0,0.0,0.0,20.0
2021-04-27,0,13.6,65.7,0.0,0.0,10.0
2021-04-27,3,12.0,69.0,0.0,0.0,10.0
2021-04-27,6,12.0,85.8,0.0,0.0,10.0
2021-04-27,9,13.0,91.2,1.0,140.0,10.0
2021-04-27,12,14.5,69.5,4.0,140.0,10.0
2021-04-27,15,15.4,67.4,5.0,180.0,10.0
2021-04-27,18,14.2,77.9,2.0,180.0,10.0
2021-04-27,21,12.3,96.1,1.0,160.0,10.0
2021-04-28,0,12.7,91.8,0.0,0.0,10.0
2021-04-28,3,11.4,94.8,0.0,0.0,10.0
2021-04-28,6,10.0,94.1,0.0,0.0,10.0
2021-04-28,9,12.0,80.8,0.0,0.0,10.0
2021-04-28,12,17.4,52.2,2.0,230.0,10.0
2021-04-28,15,21.0,30.3,0.0,0.0,20.0
2021-04-28,18,19.5,31.4,2.0,270.0,20.0
2021-04-28,21,13.8,74.2,0.0,0.0,20.0
2021-04-29,0,10.8,71.7,0.0,0.0,20.0
2021-04-29,3,10.0,71.5,0.0,0.0,20.0
2021-04-29,6,10.5,78.9,1.0,140.0,10.0
2021-04-29,9,11.2,79.0,0.0,0.0,10.0
2021-04-29,12,13.2,82.6,1.0,140.0,10.0
2021-04-29,15,16.7,65.0,2.0,140.0,20.0
2021-04-29,18,16.8,59.6,3.0,140.0,20.0
2021-04-29,21,15.0,63.8,4.0,140.0,10.0
2021-04-30,0,13.6,62.2,4.0,140.0,10.0
2021-04-30,3,10.6,92.3,2.0,230.0,10.0
2021-04-30,6,10.0,94.1,2.0,140.0,10.0
2021-04-30,9,10.8,87.4,0.0,0.0,20.0
2021-04-30,12,12.0,81.9,0.0,0.0,20.0
2021-04-30,15,11.8,92.3,0.0,0.0,10.0
2021-04-30,18,11.5,81.8,3.0,320.0,20.0
2021-04-30,21,9.3,92.2,0.0,0.0,10.0
2021-05-01,0,8.8,86.7,0.0,0.0,10.0
2021-05-01,3,8.2,94.7,0.0,0.0,10.0
2021-05-01,6,6.6,97.3,0.0,0.0,10.0
2021-05-01,9,8.5,86.6,1.0,320.0,10.0
2021-05-01,12,10.0,84.4,0.0,0.0,10.0
2021-05-01,15,10.2,84.5,2.0,320.0,10.0
2021-05-01,18,9.2,89.1,5.0,320.0,10.0
2021-05-01,21,7.6,94.0,7.0,320.0,10.0
2021-05-02,0,7.8,91.5,0.0,0.0,10.0
2021-05-02,3,7.6,94.0,0.0,0.0,10.0
2021-05-02,6,7.0,96.0,0.0,0.0,20.0
2021-05-02,9,11.0,77.9,0.0,0.0,20.0
2021-05-02,12,14.6,73.9,5.0,320.0,20.0
2021-05-02,15,18.0,51.3,4.0,320.0,20.0
2021-05-02,18,16.7,54.5,4.0,320.0,20.0
2021-05-02,21,12.2,76.0,0.0,0.0,20.0
2021-05-03,0,10.2,77.3,0.0,0.0,20.0
2021-05-03,3,7.2,89.6,0.0,0.0,20.0
2021-05-03,6,6.0,87.6,0.0,0.0,20.0
2021-05-03,9,12.8,59.0,0.0,0.0,20.0
2021-05-03,12,17.8,42.8,0.0,0.0,20.0
2021-05-03,15,20.2,41.7,0.0,0.0,20.0
2021-05-03,18,17.2,36.2,2.0,230.0,20.0
2021-05-03,21,13.7,50.4,0.0,0.0,20.0
2021-05-04,0,11.4,65.2,0.0,0.0,20.0
2021-05-04,3,11.2,59.4,1.0,140.0,20.0
2021-05-04,6,10.8,77.3,3.0,140.0,10.0
2021-05-04,9,11.4,85.2,5.0,140.0,10.0
2021-05-04,12,12.0,92.4,6.0,140.0,10.0
2021-05-04,15,13.4,95.5,3.0,140.0,10.0
2021-05-04,18,12.2,98.0,6.0,320.0,10.0
2021-05-04,21,11.8,96.1,5.0,320.0,10.0
2021-05-05,0,10.6,98.0,6.0,320.0,10.0
2021-05-05,3,9.4,97.3,2.0,320.0,10.0
2021-05-05,6,8.6,90.3,0.0,0.0,10.0
2021-05-05,9,11.4,85.2,0.0,0.0,10.0
2021-05-05,12,16.2,74.7,4.0,320.0,20.0
2021-05-05,15,18.5,46.1,6.0,320.0,20.0
2021-05-05,18,17.8,38.3,4.0,270.0,20.0
2021-05-05,21,13.0,66.0,0.0,0.0,20.0
2021-05-06,0,10.8,66.4,2.0,90.0,10.0
2021-05-06,3,9.6,68.5,3.0,140.0,20.0
2021-05-06,6,10.1,60.9,3.0,140.0,20.0
2021-05-06,9,14.2,55.4,6.0,140.0,20.0
2021-05-06,12,19.6,56.4,3.0,120.0,20.0
2021-05-06,15,20.4,56.2,0.0,0.0,20.0
2021-05-06,18,18.4,50.0,6.0,140.0,20.0
2021-05-06,21,15.4,47.5,5.0,140.0,10.0
2021-05-07,0,13.8,50.1,5.0,140.0,10.0
2021-05-07,3,15.4,48.1,8.0,140.0,10.0
2021-05-07,6,14.6,65.4,8.0,140.0,10.0
2021-05-07,9,14.8,83.9,3.0,180.0,10.0
2021-05-07,12,16.3,52.2,7.0,230.0,3.9
2021-05-07,15,17.3,49.7,6.0,270.0,3.9
2021-05-07,18,15.5,44.9,6.0,320.0,3.9
2021-05-07,21,13.0,66.0,0.0,0.0,3.9
2021-05-08,0,11.2,72.8,0.0,0.0,3.9
2021-05-08,3,8.6,81.4,0.0,0.0,10.0
2021-05-08,6,9.6,73.5,6.0,140.0,10.0
2021-05-08,9,14.4,67.7,5.0,140.0,10.0
2021-05-08,12,18.5,49.7,5.0,140.0,10.0
2021-05-08,15,17.4,55.8,8.0,230.0,10.0
2021-05-08,18,16.0,63.1,6.0,320.0,10.0
2021-05-08,21,12.5,68.2,3.0,320.0,10.0
2021-05-09,0,10.5,85.1,0.0,0.0,10.0
2021-05-09,3,8.6,81.4,0.0,0.0,10.0
2021-05-09,6,7.8,89.0,0.0,0.0,20.0
2021-05-09,9,13.2,66.0,0.0,0.0,20.0
2021-05-09,12,18.4,40.1,6.0,320.0,20.0
2021-05-09,15,19.8,21.7,8.0,320.0,20.0
2021-05-09,18,19.4,26.7,6.0,320.0,20.0
2021-05-09,21,14.9,49.0,0.0,0.0,20.0
2021-05-10,0,12.8,63.7,0.0,0.0,20.0
2021-05-10,3,9.8,81.6,0.0,0.0,10.0
2021-05-10,6,11.2,64.7,1.0,140.0,20.0
2021-05-10,9,13.0,74.6,0.0,0.0,10.0
2021-05-10,12,18.0,57.1,0.0,0.0,10.0
2021-05-10,15,20.8,50.0,1.0,320.0,20.0
2021-05-10,18,20.2,54.0,4.0,320.0,20.0
2021-05-10,21,14.2,77.9,4.0,320.0,20.0
2021-05-11,0,11.8,87.5,0.0,0.0,20.0
2021-05-11,3,9.8,93.5,0.0,0.0,10.0
2021-05-11,6,10.4,89.8,0.0,0.0,10.0
2021-05-11,9,14.6,76.9,0.0,0.0,15.0
2021-05-11,12,22.9,43.1,1.0,90.0,20.0
2021-05-11,15,26.0,27.4,5.0,140.0,20.0
2021-05-11,18,26.2,26.7,0.0,0.0,20.0
2021-05-11,21,21.4,46.6,0.0,0.0,20.0
2021-05-12,0,17.2,60.5,0.0,0.0,20.0
2021-05-12,3,17.6,47.1,3.0,90.0,10.0
2021-05-12,6,16.6,53.0,4.0,140.0,20.0
2021-05-12,9,16.0,57.0,5.0,120.0,20.0
2021-05-12,12,21.0,37.9,3.0,140.0,20.0
2021-05-12,15,23.6,45.3,0.0,0.0,20.0
2021-05-12,18,25.2,44.6,0.0,0.0,20.0
2021-05-12,21,18.8,79.6,4.0,320.0,20.0
2021-05-13,0,16.2,89.7,0.0,0.0,20.0
2021-05-13,3,16.0,93.2,0.0,0.0,20.0
2021-05-13,6,14.4,95.6,0.0,0.0,20.0
2021-05-13,9,18.0,80.5,0.0,0.0,20.0
2021-05-13,12,22.6,69.3,0.0,0.0,20.0
2021-05-13,15,26.0,61.8,1.0,320.0,20.0
2021-05-13,18,25.0,64.3,4.0,320.0,20.0
2021-05-13,21,20.0,81.3,0.0,0.0,20.0
2021-05-14,0,17.8,91.5,0.0,0.0,20.0
2021-05-14,3,16.2,89.7,0.0,0.0,20.0
2021-05-14,6,15.4,97.5,0.0,0.0,3.0
2021-05-14,9,17.6,92.1,0.0,0.0,2.0
2021-05-14,12,25.0,61.5,0.0,0.0,10.0
2021-05-14,15,28.4,47.9,0.0,0.0,10.0
2021-05-14,18,27.8,53.8,0.0,0.0,10.0
2021-05-14,21,22.4,96.4,0.0,0.0,20.0
2021-05-15,0,19.8,97.5,0.0,0.0,20.0
2021-05-15,3,19.4,95.7,0.0,0.0,20.0
2021-05-15,6,19.5,96.3,0.0,0.0,20.0
2021-05-15,9,21.4,87.3,0.0,0.0,20.0
2021-05-15,12,24.8,77.0,0.0,0.0,10.0
2021-05-15,15,24.0,82.8,1.0,180.0,10.0
2021-05-15,18,22.0,95.2,0.0,0.0,10.0
2021-05-15,21,21.0,97.0,0.0,0.0,10.0
2021-05-16,0,20.2,98.2,0.0,0.0,10.0
2021-05-16,3,20.0,96.3,0.0,0.0,10.0
2021-05-16,6,20.2,98.2,0.0,0.0,5.0
2021-05-16,9,20.6,98.2,0.0,0.0,15.0
2021-05-16,12,18.8,95.7,2.0,140.0,10.0
2021-05-16,15,17.5,96.9,0.0,0.0,10.0
2021-05-16,18,15.3,97.5,1.0,20.0,10.0
2021-05-16,21,14.2,97.4,0.0,0.0,10.0
2021-05-17,0,14.4,97.4,0.0,0.0,10.0
2021-05-17,3,14.7,87.8,0.0,0.0,10.0
2021-05-17,6,13.6,95.5,0.0,0.0,10.0
2021-05-17,9,14.7,93.1,0.0,0.0,10.0
2021-05-17,12,17.2,85.8,0.0,0.0,20.0
2021-05-17,15,20.4,76.3,0.0,0.0,20.0
2021-05-17,18,22.4,74.3,3.0,320.0,20.0
2021-05-17,21,18.2,98.1,0.0,0.0,20.0
2021-05-18,0,16.0,98.1,0.0,0.0,20.0
2021-05-18,3,14.0,93.1,0.0,0.0,20.0
2021-05-18,6,12.0,94.8,0.0,0.0,10.0
2021-05-18,9,19.0,74.2,0.0,0.0,10.0
2021-05-18,12,22.4,69.3,0.0,0.0,20.0
2021-05-18,15,25.4,64.0,0.0,0.0,20.0
2021-05-18,18,24.6,68.0,2.0,320.0,20.0
2021-05-18,21,20.5,83.4,0.0,0.0,20.0
2021-05-19,0,17.4,91.5,0.0,0.0,20.0
2021-05-19,3,13.7,96.2,0.0,0.0,20.0
2021-05-19,6,13.0,88.2,1.0,140.0,20.0
2021-05-19,9,19.3,71.9,1.0,140.0,10.0
2021-05-19,12,24.4,50.3,0.0,0.0,20.0
2021-05-19,15,27.6,33.5,3.0,230.0,20.0
2021-05-19,18,26.6,37.9,1.0,230.0,20.0
2021-05-19,21,21.8,62.4,0.0,0.0,20.0
2021-05-20,0,18.8,67.7,0.0,0.0,10.0
2021-05-20,3,16.0,89.1,0.0,0.0,10.0
2021-05-20,6,15.6,85.6,0.0,0.0,10.0
2021-05-20,9,16.6,83.5,0.0,0.0,10.0
2021-05-20,12,18.8,79.6,0.0,0.0,10.0
2021-05-20,15,20.4,69.3,0.0,0.0,10.0
2021-05-20,18,17.8,68.8,2.0,50.0,10.0
2021-05-20,21,14.6,84.4,7.0,360.0,10.0
2021-05-21,0,14.9,83.9,9.0,50.0,10.0
2021-05-21,3,14.2,95.6,3.0,360.0,10.0
2021-05-21,6,14.8,84.4,0.0,0.0,10.0
2021-05-21,9,14.6,93.1,2.0,320.0,10.0
2021-05-21,12,17.4,78.9,0.0,0.0,10.0
2021-05-21,15,21.2,62.7,0.0,0.0,20.0
2021-05-21,18,20.0,68.8,2.0,320.0,20.0
2021-05-21,21,16.8,81.4,2.0,320.0,20.0
2021-05-22,0,14.6,90.7,0.0,0.0,20.0
2021-05-22,3,14.0,86.0,0.0,0.0,20.0
2021-05-22,6,12.8,95.5,0.0,0.0,10.0
2021-05-22,9,16.5,82.4,0.0,0.0,10.0
2021-05-22,12,22.2,57.1,0.0,0.0,10.0
2021-05-22,15,24.6,59.1,0.0,0.0,20.0
2021-05-22,18,25.0,58.5,4.0,320.0,20.0
2021-05-22,21,20.2,75.8,0.0,0.0,20.0
2021-05-23,0,18.8,76.1,0.0,0.0,20.0
2021-05-23,3,15.8,85.1,0.0,0.0,20.0
2021-05-23,6,14.0,87.7,0.0,0.0,20.0
2021-05-23,9,18.6,75.1,4.0,140.0,20.0
2021-05-23,12,22.6,55.3,1.0,140.0,20.0
2021-05-23,15,23.4,54.8,2.0,230.0,20.0
2021-05-23,18,21.6,55.8,3.0,230.0,20.0
2021-05-23,21,18.9,58.5,1.0,180.0,20.0
2021-05-24,0,17.1,83.6,1.0,320.0,20.0
2021-05-24,3,15.4,93.2,4.0,320.0,10.0
2021-05-24,6,14.4,95.6,0.0,0.0,10.0
2021-05-24,9,16.0,81.8,1.0,320.0,15.0
2021-05-24,12,20.7,59.7,1.0,320.0,15.0
2021-05-24,15,21.8,60.8,3.0,320.0,10.0
2021-05-24,18,22.8,32.1,5.0,320.0,10.0
2021-05-24,21,18.0,54.9,4.0,320.0,20.0
2021-05-25,0,16.2,69.4,0.0,0.0,20.0
2021-05-25,3,13.8,70.8,0.0,0.0,20.0
2021-05-25,6,11.6,92.3,3.0,320.0,10.0
2021-05-25,9,12.6,85.9,0.0,0.0,30.0
2021-05-25,12,16.5,70.4,1.0,320.0,30.0
2021-05-25,15,19.7,49.7,4.0,320.0,20.0
2021-05-25,18,19.8,37.2,4.0,320.0,20.0
2021-05-25,21,16.3,51.2,0.0,0.0,20.0
2021-05-26,0,13.0,66.9,0.0,0.0,20.0
2021-05-26,3,10.4,72.1,3.0,140.0,20.0
2021-05-26,6,10.6,84.5,3.0,140.0,20.0
2021-05-26,9,15.2,74.0,5.0,140.0,20.0
2021-05-26,12,20.8,61.4,8.0,180.0,20.0
2021-05-26,15,21.5,66.9,4.0,200.0,20.0
2021-05-26,18,19.9,73.8,7.0,160.0,20.0
2021-05-26,21,18.1,83.2,0.0,0.0,10.0
2021-05-27,0,17.2,85.8,3.0,140.0,10.0
2021-05-27,3,15.6,89.0,1.0,140.0,10.0
2021-05-27,6,14.6,97.4,0.0,0.0,10.0
2021-05-27,9,15.7,95.6,0.0,0.0,10.0
2021-05-27,12,14.5,94.3,2.0,320.0,10.0
2021-05-27,15,18.6,76.0,4.0,320.0,20.0
2021-05-27,18,19.5,70.5,1.0,360.0,20.0
2021-05-27,21,16.6,80.3,0.0,0.0,20.0
2021-05-28,0,15.2,82.8,2.0,90.0,20.0
2021-05-28,3,15.8,74.6,5.0,90.0,10.0
2021-05-28,6,15.2,81.7,7.0,140.0,10.0
2021-05-28,9,17.0,77.8,5.0,140.0,20.0
2021-05-28,12,17.6,75.9,2.0,140.0,20.0
2021-05-28,15,19.6,67.0,6.0,230.0,10.0
2021-05-28,18,17.2,72.4,8.0,320.0,10.0
2021-05-28,21,16.0,84.0,7.0,320.0,20.0
2021-05-29,0,14.2,91.9,3.0,320.0,20.0
2021-05-29,3,13.4,90.6,0.0,0.0,20.0
2021-05-29,6,12.6,90.6,0.0,0.0,20.0
2021-05-29,9,15.5,75.5,0.0,0.0,20.0
2021-05-29,12,15.6,82.9,0.0,0.0,20.0
2021-05-29,15,14.4,86.6,0.0,0.0,10.0
2021-05-29,18,13.4,97.4,0.0,0.0,20.0
2021-05-29,21,12.8,97.4,0.0,0.0,20.0
2021-05-30,0,10.6,98.0,0.0,0.0,20.0
2021-05-30,3,10.0,98.0,0.0,0.0,20.0
2021-05-30,6,8.6,97.3,0.0,0.0,0.2
2021-05-30,9,13.4,86.0,0.0,0.0,10.0
2021-05-30,12,19.2,79.1,0.0,0.0,15.0
2021-05-30,15,23.5,44.4,1.0,140.0,20.0
2021-05-30,18,23.0,50.2,0.0,0.0,20.0
2021-05-30,21,18.7,83.2,0.0,0.0,10.0
2021-05-31,0,17.6,85.8,1.0,140.0,10.0
2021-05-31,3,17.0,83.6,3.0,90.0,10.0
2021-05-31,6,16.4,88.5,3.0,140.0,10.0
2021-05-31,9,17.6,85.8,2.0,120.0,10.0
2021-05-31,12,19.6,76.7,5.0,120.0,10.0
2021-05-31,15,21.6,70.9,2.0,140.0,10.0
2021-05-31,18,22.5,65.4,5.0,140.0,20.0
2021-05-31,21,20.4,77.8,0.0,0.0,20.0
2021-06-01,0,18.8,81.7,3.0,140.0,20.0
2021-06-01,3,16.4,83.0,2.0,140.0,10.0
2021-06-01,6,14.0,95.5,6.0,140.0,10.0
2021-06-01,9,17.0,83.6,5.0,140.0,15.0
2021-06-01,12,16.6,91.4,0.0,0.0,20.0
2021-06-01,15,17.0,92.6,2.0,140.0,10.0
2021-06-01,18,18.7,88.7,0.0,0.0,10.0
2021-06-01,21,17.2,93.8,0.0,0.0,10.0
2021-06-02,0,15.6,95.6,0.0,0.0,10.0
2021-06-02,3,14.0,97.4,0.0,0.0,10.0
2021-06-02,6,16.0,91.4,0.0,0.0,10.0
2021-06-02,9,20.0,76.3,5.0,140.0,10.0
2021-06-02,12,25.0,64.3,2.0,140.0,20.0
2021-06-02,15,26.6,55.6,4.0,140.0,20.0
2021-06-02,18,25.6,51.6,3.0,230.0,20.0
2021-06-02,21,22.0,68.8,0.0,0.0,20.0
2021-06-03,0,20.0,80.3,0.0,0.0,20.0
2021-06-03,3,19.0,89.9,0.0,0.0,10.0
2021-06-03,6,18.6,92.1,0.0,0.0,10.0
2021-06-03,9,18.8,93.9,1.0,140.0,10.0
2021-06-03,12,18.6,96.3,0.0,0.0,10.0
2021-06-03,15,19.0,92.2,0.0,0.0,10.0
2021-06-03,18,17.2,97.5,0.0,0.0,10.0
2021-06-03,21,15.4,91.4,3.0,140.0,10.0
2021-06-04,0,15.2,95.6,3.0,320.0,10.0
2021-06-04,3,14.5,96.8,0.0,0.0,10.0
2021-06-04,6,13.0,94.3,0.0,0.0,10.0
2021-06-04,9,17.8,74.4,0.0,0.0,20.0
2021-06-04,12,22.0,57.8,4.0,230.0,20.0
2021-06-04,15,24.2,48.9,5.0,230.0,20.0
2021-06-04,18,23.8,36.9,5.0,230.0,20.0
2021-06-04,21,19.6,51.4,1.0,180.0,20.0
2021-06-05,0,17.4,66.9,2.0,90.0,20.0
2021-06-05,3,16.1,80.3,0.0,0.0,20.0
2021-06-05,6,14.6,90.1,0.0,0.0,10.0
2021-06-05,9,19.5,71.4,0.0,0.0,10.0
2021-06-05,12,23.6,56.7,0.0,0.0,10.0
2021-06-05,15,26.8,39.8,5.0,250.0,20.0
2021-06-05,18,26.2,41.2,2.0,270.0,20.0
2021-06-05,21,20.8,58.2,0.0,0.0,20.0
2021-06-06,0,18.6,64.2,0.0,0.0,20.0
2021-06-06,3,15.2,78.6,2.0,140.0,20.0
2021-06-06,6,15.8,82.9,5.0,140.0,20.0
2021-06-06,9,19.6,75.7,7.0,90.0,10.0
2021-06-06,12,24.0,61.7,3.0,180.0,10.0
2021-06-06,15,26.0,55.1,4.0,140.0,10.0
2021-06-06,18,25.9,56.9,3.0,230.0,20.0
2021-06-06,21,22.4,75.7,0.0,0.0,20.0
2021-06-07,0,20.0,85.0,0.0,0.0,20.0
2021-06-07,3,18.6,89.8,2.0,140.0,20.0
2021-06-07,6,17.8,93.9,0.0,0.0,10.0
2021-06-07,9,22.5,74.8,2.0,140.0,10.0
2021-06-07,12,24.5,66.3,2.0,140.0,10.0
2021-06-07,15,21.4,82.5,0.0,0.0,10.0
2021-06-07,18,20.5,89.4,0.0,0.0,10.0
2021-06-07,21,19.1,93.9,0.0,0.0,10.0
2021-06-08,0,19.0,91.6,2.0,90.0,10.0
2021-06-08,3,18.8,84.3,1.0,140.0,10.0
2021-06-08,6,18.6,80.6,1.0,140.0,10.0
2021-06-08,9,21.4,73.2,4.0,140.0,10.0
2021-06-08,12,22.2,73.8,0.0,0.0,10.0
2021-06-08,15,21.2,82.5,0.0,0.0,10.0
2021-06-08,18,22.8,75.8,0.0,0.0,10.0
2021-06-08,21,21.0,90.6,0.0,0.0,10.0
2021-06-09,0,19.0,91.6,0.0,0.0,10.0
2021-06-09,3,18.5,92.7,0.0,0.0,10.0
2021-06-09,6,17.4,93.3,0.0,0.0,10.0
2021-06-09,9,23.4,57.7,0.0,0.0,10.0
2021-06-09,12,27.6,55.2,0.0,0.0,10.0
2021-06-09,15,29.8,56.8,0.0,0.0,10.0
2021-06-09,18,30.5,58.4,0.0,0.0,10.0
2021-06-09,21,26.4,77.7,0.0,0.0,10.0
2021-06-10,0,24.0,82.8,0.0,0.0,10.0
2021-06-10,3,21.4,85.7,0.0,0.0,10.0
2021-06-10,6,21.8,79.0,1.0,140.0,10.0
2021-06-10,9,24.3,70.5,1.0,140.0,10.0
2021-06-10,12,19.4,95.7,0.0,0.0,10.0
2021-06-10,15,19.4,95.7,2.0,140.0,10.0
2021-06-10,18,19.8,95.1,0.0,0.0,10.0
2021-06-10,21,19.4,98.1,0.0,0.0,10.0
2021-06-11,0,18.6,96.3,2.0,140.0,10.0
2021-06-11,3,19.0,96.9,1.0,140.0,10.0
2021-06-11,6,18.4,97.5,1.0,290.0,10.0
2021-06-11,9,19.0,95.1,2.0,320.0,10.0
2021-06-11,12,21.6,85.7,0.0,0.0,20.0
2021-06-11,15,24.3,77.4,0.0,0.0,20.0
2021-06-11,18,24.8,79.9,0.0,0.0,20.0
2021-06-11,21,22.2,92.4,0.0,0.0,20.0
2021-06-12,0,18.9,98.1,0.0,0.0,20.0
2021-06-12,3,18.1,96.9,0.0,0.0,20.0
2021-06-12,6,19.3,96.9,0.0,0.0,10.0
2021-06-12,9,20.8,90.0,0.0,0.0,10.0
2021-06-12,12,23.6,79.8,1.0,320.0,10.0
2021-06-12,15,26.6,76.8,0.0,0.0,10.0
2021-06-12,18,26.8,76.4,0.0,0.0,10.0
2021-06-12,21,21.7,93.5,0.0,0.0,10.0
2021-06-13,0,20.1,95.7,0.0,0.0,10.0
2021-06-13,3,18.2,98.1,0.0,0.0,10.0
2021-06-13,6,18.2,98.1,0.0,0.0,5.0
2021-06-13,9,19.9,91.1,0.0,0.0,5.0
2021-06-13,12,24.6,77.0,0.0,0.0,10.0
2021-06-13,15,29.0,51.5,0.0,0.0,20.0
2021-06-13,18,28.8,45.6,0.0,0.0,20.0
2021-06-13,21,23.0,71.2,0.0,0.0,20.0
2021-06-14,0,20.4,86.7,0.0,0.0,20.0
2021-06-14,3,18.6,89.3,0.0,0.0,20.0
2021-06-14,6,18.2,96.9,0.0,0.0,20.0
2021-06-14,9,22.0,84.1,0.0,0.0,10.0
2021-06-14,12,26.2,70.4,0.0,0.0,10.0
2021-06-14,15,28.2,58.5,0.0,0.0,20.0
2021-06-14,18,25.5,75.7,0.0,0.0,10.0
2021-06-14,21,23.0,88.0,0.0,0.0,10.0
2021-06-15,0,21.0,94.6,0.0,0.0,10.0
2021-06-15,3,21.0,95.8,0.0,0.0,10.0
2021-06-15,6,21.2,95.2,0.0,0.0,10.0
2021-06-15,9,20.6,94.6,3.0,140.0,10.0
2021-06-15,12,21.8,85.2,0.0,0.0,20.0
2021-06-15,15,22.8,77.7,3.0,140.0,20.0
2021-06-15,18,22.8,80.1,1.0,140.0,20.0
2021-06-15,21,22.2,84.2,0.0,0.0,20.0
2021-06-16,0,20.7,86.1,0.0,0.0,20.0
2021-06-16,3,19.4,84.9,0.0,0.0,20.0
2021-06-16,6,18.8,90.4,0.0,0.0,20.0
2021-06-16,9,24.1,74.6,0.0,0.0,20.0
2021-06-16,12,27.3,56.9,0.0,0.0,20.0
2021-06-16,15,28.1,68.7,0.0,0.0,20.0
2021-06-16,18,27.4,60.9,0.0,0.0,20.0
2021-06-16,21,24.6,65.5,0.0,0.0,20.0
2021-06-17,0,21.4,70.9,5.0,140.0,20.0
2021-06-17,3,20.2,71.6,4.0,90.0,20.0
2021-06-17,6,19.4,76.2,3.0,90.0,20.0
2021-06-17,9,20.4,73.5,1.0,90.0,20.0
2021-06-17,12,21.2,73.6,3.0,140.0,20.0
2021-06-17,15,22.5,73.4,2.0,140.0,20.0
2021-06-17,18,22.0,75.6,0.0,0.0,20.0
2021-06-17,21,21.0,78.4,0.0,0.0,20.0
2021-06-18,0,20.6,85.1,0.0,0.0,10.0
2021-06-18,3,19.0,96.9,0.0,0.0,10.0
2021-06-18,6,19.0,97.5,0.0,0.0,10.0
2021-06-18,9,20.2,94.0,0.0,0.0,10.0
2021-06-18,12,23.2,79.2,0.0,0.0,10.0
2021-06-18,15,24.8,77.0,1.0,230.0,10.0
2021-06-18,18,24.4,79.9,1.0,320.0,20.0
2021-06-18,21,19.8,92.2,2.0,320.0,20.0
2021-06-19,0,19.0,93.9,0.0,0.0,10.0
2021-06-19,3,17.8,96.3,0.0,0.0,10.0
2021-06-19,6,16.6,96.9,0.0,0.0,10.0
2021-06-19,9,20.5,81.9,5.0,140.0,10.0
2021-06-19,12,24.8,62.3,1.0,180.0,10.0
2021-06-19,15,26.6,45.3,0.0,0.0,10.0
2021-06-19,18,26.2,47.6,2.0,180.0,20.0
2021-06-19,21,22.0,59.7,1.0,180.0,20.0
2021-06-20,0,19.2,70.9,4.0,140.0,20.0
2021-06-20,3,18.0,72.6,4.0,90.0,20.0
2021-06-20,6,17.4,77.9,5.0,140.0,20.0
2021-06-20,9,21.0,76.9,4.0,140.0,20.0
2021-06-20,12,23.4,73.1,2.0,180.0,20.0
2021-06-20,15,24.8,71.1,0.0,0.0,20.0
2021-06-20,18,26.4,65.0,0.0,0.0,20.0
2021-06-20,21,21.4,87.3,0.0,0.0,10.0
2021-06-21,0,19.5,89.3,0.0,0.0,10.0
2021-06-21,3,18.2,85.9,0.0,0.0,10.0
2021-06-21,6,17.4,91.5,0.0,0.0,10.0
2021-06-21,9,21.6,82.0,1.0,320.0,10.0
2021-06-21,12,25.0,70.2,2.0,320.0,10.0
2021-06-21,15,27.7,47.4,5.0,320.0,15.0
2021-06-21,18,27.7,45.0,6.0,320.0,15.0
2021-06-21,21,23.0,73.0,0.0,0.0,20.0
2021-06-22,0,20.8,79.9,0.0,0.0,20.0
2021-06-22,3,19.4,84.9,0.0,0.0,20.0
2021-06-22,6,18.4,89.3,0.0,0.0,20.0
2021-06-22,9,21.8,67.4,3.0,140.0,20.0
2021-06-22,12,25.0,71.1,4.0,140.0,20.0
2021-06-22,15,27.4,64.4,2.0,230.0,20.0
2021-06-22,18,22.5,80.1,0.0,0.0,20.0
2021-06-22,21,21.2,88.9,0.0,0.0,20.0
2021-06-23,0,18.6,89.8,0.0,0.0,20.0
2021-06-23,3,18.2,92.7,0.0,0.0,20.0
2021-06-23,6,16.7,94.4,0.0,0.0,20.0
2021-06-23,9,22.0,72.4,0.0,0.0,20.0
2021-06-23,12,24.4,70.5,0.0,0.0,20.0
2021-06-23,15,27.0,62.8,5.0,320.0,20.0
2021-06-23,18,26.9,64.7,0.0,0.0,20.0
2021-06-23,21,22.5,78.6,4.0,360.0,20.0
2021-06-24,0,20.7,86.1,0.0,0.0,20.0
2021-06-24,3,19.3,89.9,0.0,0.0,20.0
2021-06-24,6,18.0,92.1,0.0,0.0,20.0
2021-06-24,9,23.2,71.2,0.0,0.0,10.0
2021-06-24,12,25.4,67.3,0.0,0.0,10.0
2021-06-24,15,28.2,54.6,0.0,0.0,10.0
2021-06-24,18,24.2,66.2,1.0,230.0,20.0
2021-06-24,21,22.4,74.7,0.0,0.0,10.0
2021-06-25,0,20.4,79.8,0.0,0.0,10.0
2021-06-25,3,18.2,89.8,0.0,0.0,10.0
2021-06-25,6,17.6,92.1,0.0,0.0,10.0
2021-06-25,9,22.6,75.7,0.0,0.0,10.0
2021-06-25,12,26.6,61.1,0.0,0.0,10.0
2021-06-25,15,28.0,57.0,0.0,0.0,20.0
2021-06-25,18,26.0,61.8,3.0,230.0,20.0
2021-06-25,21,23.0,78.7,1.0,320.0,20.0
2021-06-26,0,20.6,94.6,0.0,0.0,10.0
2021-06-26,3,20.2,94.0,0.0,0.0,10.0
2021-06-26,6,19.8,92.2,0.0,0.0,10.0
2021-06-26,9,20.2,95.8,1.0,140.0,10.0
2021-06-26,12,21.1,91.7,2.0,140.0,10.0
2021-06-26,15,22.4,83.1,3.0,140.0,10.0
2021-06-26,18,23.0,78.7,2.0,90.0,10.0
2021-06-26,21,21.7,84.6,0.0,0.0,10.0
2021-06-27,0,19.8,92.2,0.0,0.0,10.0
2021-06-27,3,19.4,87.7,0.0,0.0,10.0
2021-06-27,6,19.0,89.9,0.0,0.0,10.0
2021-06-27,9,24.2,69.6,0.0,0.0,10.0
2021-06-27,12,27.1,64.8,0.0,0.0,20.0
2021-06-27,15,29.2,69.7,0.0,0.0,20.0
2021-06-27,18,27.8,77.5,0.0,0.0,20.0
2021-06-27,21,22.7,87.4,0.0,0.0,20.0
2021-06-28,0,21.6,93.5,0.0,0.0,10.0
2021-06-28,3,21.4,91.2,0.0,0.0,10.0
2021-06-28,6,20.8,94.6,0.0,0.0,10.0
2021-06-28,9,22.8,88.0,0.0,0.0,10.0
2021-06-28,12,24.2,74.6,1.0,140.0,10.0
2021-06-28,15,27.0,75.5,0.0,0.0,10.0
2021-06-28,18,26.0,77.7,0.0,0.0,10.0
2021-06-28,21,24.4,88.1,0.0,0.0,10.0
2021-06-29,0,21.9,92.9,0.0,0.0,10.0
2021-06-29,3,21.4,95.8,0.0,0.0,10.0
2021-06-29,6,20.6,96.4,0.0,0.0,10.0
2021-06-29,9,23.8,75.0,0.0,0.0,10.0
2021-06-29,12,26.8,72.3,0.0,0.0,10.0
2021-06-29,15,24.8,85.0,0.0,0.0,10.0
2021-06-29,18,24.8,83.4,1.0,320.0,10.0
2021-06-29,21,22.4,94.7,0.0,0.0,10.0
2021-06-30,0,20.9,95.2,0.0,0.0,10.0
2021-06-30,3,20.3,97.0,0.0,0.0,10.0
2021-06-30,6,20.2,96.3,0.0,0.0,10.0
2021-06-30,9,22.0,91.2,0.0,0.0,10.0
2021-06-30,12,23.2,91.3,0.0,0.0,10.0
2021-06-30,15,26.0,72.6,0.0,0.0,10.0
2021-06-30,18,24.5,86.0,0.0,0.0,10.0
2021-06-30,21,22.6,92.9,0.0,0.0,10.0
2021-07-01,0,21.0,94.6,0.0,0.0,10.0
2021-07-01,3,20.0,94.0,0.0,0.0,10.0
2021-07-01,6,19.0,97.5,0.0,0.0,10.0
2021-07-01,9,24.0,81.3,0.0,0.0,10.0
2021-07-01,12,26.8,71.0,0.0,0.0,10.0
2021-07-01,15,28.7,63.9,0.0,0.0,20.0
2021-07-01,18,26.8,78.3,6.0,320.0,10.0
2021-07-01,21,23.8,89.7,0.0,0.0,10.0
2021-07-02,0,22.8,90.1,0.0,0.0,10.0
2021-07-02,3,22.4,91.2,0.0,0.0,10.0
2021-07-02,6,21.6,96.4,0.0,0.0,10.0
2021-07-02,9,23.0,91.3,0.0,0.0,10.0
2021-07-02,12,25.8,76.2,0.0,0.0,10.0
2021-07-02,15,28.6,72.2,0.0,0.0,20.0
2021-07-02,18,30.0,68.6,0.0,0.0,20.0
2021-07-02,21,25.1,84.5,0.0,0.0,20.0
2021-07-03,0,23.6,88.0,0.0,0.0,10.0
2021-07-03,3,22.0,82.6,3.0,140.0,10.0
2021-07-03,6,21.7,82.5,2.0,140.0,10.0
2021-07-03,9,22.4,72.4,6.0,140.0,10.0
2021-07-03,12,24.8,66.3,3.0,140.0,20.0
2021-07-03,15,24.6,65.1,4.0,140.0,20.0
2021-07-03,18,20.4,92.8,4.0,140.0,10.0
2021-07-03,21,19.8,94.6,9.0,140.0,10.0
2021-07-04,0,19.4,96.3,5.0,140.0,10.0
2021-07-04,3,19.8,96.3,2.0,140.0,10.0
2021-07-04,6,20.0,95.2,0.0,0.0,10.0
2021-07-04,9,21.0,95.8,0.0,0.0,20.0
2021-07-04,12,23.2,81.2,2.0,140.0,20.0
2021-07-04,15,23.4,84.3,0.0,0.0,10.0
2021-07-04,18,23.2,94.1,1.0,320.0,20.0
2021-07-04,21,21.0,95.8,1.0,320.0,10.0
2021-07-05,0,20.4,94.0,0.0,0.0,10.0
2021-07-05,3,20.0,96.3,0.0,0.0,10.0
2021-07-05,6,19.2,96.3,0.0,0.0,20.0
2021-07-05,9,21.8,82.0,0.0,0.0,20.0
2021-07-05,12,25.0,75.6,0.0,0.0,20.0
2021-07-05,15,25.2,76.6,0.0,0.0,20.0
2021-07-05,18,24.9,80.9,0.0,0.0,20.0
2021-07-05,21,23.5,86.9,0.0,0.0,20.0
2021-07-06,0,21.8,92.3,0.0,0.0,10.0
2021-07-06,3,20.2,98.2,0.0,0.0,10.0
2021-07-06,6,20.0,98.2,0.0,0.0,5.0
2021-07-06,9,21.2,95.8,0.0,0.0,3.0
2021-07-06,12,25.6,83.5,1.0,270.0,10.0
2021-07-06,15,29.0,69.7,2.0,320.0,10.0
2021-07-06,18,28.2,78.0,2.0,320.0,20.0
2021-07-06,21,24.2,80.8,1.0,320.0,20.0
2021-07-07,0,22.8,91.3,0.0,0.0,20.0
2021-07-07,3,21.6,96.4,0.0,0.0,10.0
2021-07-07,6,21.1,97.0,0.0,0.0,0.2
2021-07-07,9,25.0,81.9,0.0,0.0,10.0
2021-07-07,12,28.4,83.3,0.0,0.0,10.0
2021-07-07,15,29.1,81.5,0.0,0.0,10.0
2021-07-07,18,28.0,84.8,0.0,0.0,10.0
2021-07-07,21,25.0,93.6,0.0,0.0,10.0
2021-07-08,0,23.6,96.4,0.0,0.0,10.0
2021-07-08,3,22.4,97.6,0.0,0.0,10.0
2021-07-08,6,22.0,98.2,0.0,0.0,10.0
2021-07-08,9,25.4,85.6,0.0,0.0,10.0
2021-07-08,12,28.2,81.8,0.0,0.0,10.0
2021-07-08,15,30.0,79.7,2.0,320.0,10.0
2021-07-08,18,25.0,88.1,0.0,0.0,10.0
2021-07-08,21,23.8,98.2,0.0,0.0,15.0
2021-07-09,0,23.3,94.1,2.0,90.0,15.0
2021-07-09,3,22.3,97.0,0.0,0.0,15.0
2021-07-09,6,22.2,96.4,0.0,0.0,15.0
2021-07-09,9,25.2,86.6,0.0,0.0,20.0
2021-07-09,12,26.6,79.7,0.0,0.0,10.0
2021-07-09,15,29.2,72.3,0.0,0.0,10.0
2021-07-09,18,29.6,71.5,2.0,270.0,20.0
2021-07-09,21,24.8,90.3,0.0,0.0,10.0
2021-07-10,0,24.0,91.3,0.0,0.0,10.0
2021-07-10,3,23.2,90.2,0.0,0.0,10.0
2021-07-10,6,22.4,92.9,0.0,0.0,10.0
2021-07-10,9,25.4,80.5,4.0,140.0,10.0
2021-07-10,12,28.8,68.0,4.0,180.0,10.0
2021-07-10,15,29.7,63.4,5.0,230.0,10.0
2021-07-10,18,28.0,70.4,4.0,230.0,10.0
2021-07-10,21,25.8,81.5,0.0,0.0,10.0
2021-07-11,0,23.5,86.9,0.0,0.0,10.0
2021-07-11,3,22.2,93.5,0.0,0.0,10.0
2021-07-11,6,21.9,93.5,2.0,140.0,10.0
2021-07-11,9,25.0,86.6,2.0,140.0,10.0
2021-07-11,12,27.3,79.8,2.0,180.0,10.0
2021-07-11,15,29.3,72.3,2.0,230.0,10.0
2021-07-11,18,29.6,71.9,1.0,180.0,10.0
2021-07-11,21,26.8,83.2,3.0,140.0,10.0
2021-07-12,0,24.6,93.0,0.0,0.0,10.0
2021-07-12,3,24.4,96.5,0.0,0.0,10.0
2021-07-12,6,23.2,98.2,0.0,0.0,10.0
2021-07-12,9,27.2,76.9,0.0,0.0,10.0
2021-07-12,12,29.5,70.6,2.0,140.0,10.0
2021-07-12,15,30.6,67.9,2.0,140.0,20.0
2021-07-12,18,30.0,71.6,3.0,180.0,20.0
2021-07-12,21,27.4,83.7,1.0,140.0,10.0
2021-07-13,0,26.4,88.8,3.0,140.0,10.0
2021-07-13,3,26.1,89.3,5.0,180.0,10.0
2021-07-13,6,26.7,85.2,1.0,140.0,10.0
2021-07-13,9,27.7,79.4,3.0,140.0,10.0
2021-07-13,12,29.0,74.9,5.0,140.0,20.0
2021-07-13,15,27.2,81.2,4.0,140.0,20.0
2021-07-13,18,29.2,76.3,3.0,140.0,20.0
2021-07-13,21,27.4,78.4,0.0,0.0,20.0
2021-07-14,0,26.6,83.1,3.0,90.0,20.0
2021-07-14,3,26.8,81.2,4.0,140.0,20.0
2021-07-14,6,26.8,82.2,3.0,140.0,10.0
2021-07-14,9,28.2,76.2,5.0,140.0,20.0
2021-07-14,12,29.8,69.8,5.0,140.0,20.0
2021-07-14,15,30.2,71.6,6.0,140.0,20.0
2021-07-14,18,29.2,76.3,4.0,140.0,20.0
2021-07-14,21,27.9,79.4,2.0,140.0,20.0
2021-07-15,0,27.0,84.2,0.0,0.0,20.0
2021-07-15,3,26.8,83.2,3.0,140.0,20.0
2021-07-15,6,25.5,87.7,3.0,140.0,20.0
2021-07-15,9,28.4,74.8,5.0,140.0,20.0
2021-07-15,12,30.8,65.6,1.0,140.0,20.0
2021-07-15,15,31.6,65.3,2.0,140.0,20.0
2021-07-15,18,30.6,66.7,1.0,180.0,20.0
2021-07-15,21,28.2,83.3,1.0,140.0,20.0
2021-07-16,0,25.6,91.4,0.0,0.0,20.0
2021-07-16,3,24.6,95.9,0.0,0.0,10.0
2021-07-16,6,23.6,98.2,0.0,0.0,10.0
2021-07-16,9,28.6,75.8,5.0,140.0,20.0
2021-07-16,12,31.8,68.6,3.0,90.0,20.0
2021-07-16,15,34.0,61.7,2.0,230.0,20.0
2021-07-16,18,28.2,87.4,5.0,320.0,20.0
2021-07-16,21,25.8,92.0,0.0,0.0,20.0
2021-07-17,0,25.2,90.3,0.0,0.0,20.0
2021-07-17,3,23.8,97.0,0.0,0.0,10.0
2021-07-17,6,23.5,97.6,1.0,140.0,10.0
2021-07-17,9,27.5,74.7,1.0,140.0,10.0
2021-07-17,12,30.4,67.5,0.0,0.0,20.0
2021-07-17,15,31.8,60.1,2.0,140.0,20.0
2021-07-17,18,32.0,63.1,5.0,140.0,10.0
2021-07-17,21,24.4,94.7,0.0,0.0,20.0
2021-07-18,0,24.3,95.9,0.0,0.0,20.0
2021-07-18,3,24.2,91.3,0.0,0.0,20.0
2021-07-18,6,23.6,93.0,0.0,0.0,20.0
2021-07-18,9,26.2,84.1,1.0,140.0,20.0
2021-07-18,12,29.4,72.3,1.0,140.0,20.0
2021-07-18,15,31.2,65.6,0.0,0.0,20.0
2021-07-18,18,29.0,79.1,2.0,320.0,20.0
2021-07-18,21,26.2,87.2,0.0,0.0,20.0
2021-07-19,0,25.4,95.9,0.0,0.0,20.0
2021-07-19,3,25.0,93.6,0.0,0.0,10.0
2021-07-19,6,23.6,96.4,0.0,0.0,10.0
2021-07-19,9,27.2,82.7,0.0,0.0,10.0
2021-07-19,12,29.8,76.0,0.0,0.0,20.0
2021-07-19,15,31.6,71.4,1.0,230.0,20.0
2021-07-19,18,28.0,81.8,1.0,230.0,20.0
2021-07-19,21,25.5,84.5,0.0,0.0,20.0
2021-07-20,0,24.2,94.2,0.0,0.0,20.0
2021-07-20,3,23.4,97.0,0.0,0.0,20.0
2021-07-20,6,22.8,96.4,0.0,0.0,10.0
2021-07-20,9,27.4,79.8,0.0,0.0,15.0
2021-07-20,12,30.6,70.4,0.0,0.0,20.0
2021-07-20,15,32.3,67.1,1.0,320.0,20.0
2021-07-20,18,32.2,62.8,1.0,320.0,30.0
2021-07-20,21,28.0,82.8,1.0,320.0,20.0
2021-07-21,0,26.0,88.8,0.0,0.0,10.0
2021-07-21,3,24.2,94.2,0.0,0.0,10.0
2021-07-21,6,23.7,97.0,0.0,0.0,10.0
2021-07-21,9,27.4,84.2,0.0,0.0,10.0
2021-07-21,12,30.4,78.3,0.0,0.0,10.0
2021-07-21,15,33.2,66.8,3.0,320.0,20.0
2021-07-21,18,33.5,67.3,1.0,320.0,20.0
2021-07-21,21,29.6,85.0,0.0,0.0,20.0
2021-07-22,0,27.8,90.5,0.0,0.0,20.0
2021-07-22,3,25.7,96.5,0.0,0.0,10.0
2021-07-22,6,24.6,97.0,0.0,0.0,10.0
2021-07-22,9,29.2,77.7,0.0,0.0,10.0
2021-07-22,12,32.8,64.4,0.0,0.0,20.0
2021-07-22,15,33.4,61.2,3.0,320.0,20.0
2021-07-22,18,32.8,65.2,2.0,320.0,20.0
2021-07-22,21,28.8,89.5,1.0,320.0,20.0
2021-07-23,0,26.8,94.8,0.0,0.0,20.0
2021-07-23,3,25.8,93.7,0.0,0.0,10.0
2021-07-23,6,24.8,98.2,0.0,0.0,10.0
2021-07-23,9,29.0,77.7,0.0,0.0,10.0
2021-07-23,12,32.2,71.1,0.0,0.0,10.0
2021-07-23,15,33.0,68.0,0.0,0.0,20.0
2021-07-23,18,34.2,61.7,1.0,320.0,20.0
2021-07-23,21,28.5,86.9,1.0,320.0,20.0
2021-07-24,0,26.8,87.2,0.0,0.0,20.0
2021-07-24,3,25.4,93.1,0.0,0.0,10.0
2021-07-24,6,24.6,94.7,0.0,0.0,10.0
2021-07-24,9,29.2,83.4,0.0,0.0,10.0
2021-07-24,12,33.8,69.4,0.0,0.0,10.0
2021-07-24,15,33.9,71.4,0.0,0.0,10.0
2021-07-24,18,34.6,67.9,0.0,0.0,10.0
2021-07-24,21,28.9,82.9,3.0,320.0,10.0
2021-07-25,0,27.0,90.4,0.0,0.0,10.0
2021-07-25,3,26.0,96.5,0.0,0.0,10.0
2021-07-25,6,24.8,97.6,0.0,0.0,10.0
2021-07-25,9,30.4,75.2,0.0,0.0,10.0
2021-07-25,12,33.2,66.5,0.0,0.0,20.0
2021-07-25,15,34.9,52.1,2.0,140.0,20.0
2021-07-25,18,35.0,55.0,2.0,230.0,20.0
2021-07-25,21,28.6,80.4,2.0,320.0,20.0
2021-07-26,0,27.0,87.3,0.0,0.0,20.0
2021-07-26,3,26.0,92.0,0.0,0.0,10.0
2021-07-26,6,25.0,93.6,0.0,0.0,10.0
2021-07-26,9,29.7,72.0,1.0,90.0,10.0
2021-07-26,12,32.2,65.1,0.0,0.0,20.0
2021-07-26,15,34.4,55.5,1.0,180.0,20.0
2021-07-26,18,32.4,66.7,3.0,320.0,20.0
2021-07-26,21,28.4,83.8,0.0,0.0,20.0
2021-07-27,0,25.8,92.0,1.0,320.0,20.0
2021-07-27,3,25.1,93.1,0.0,0.0,20.0
2021-07-27,6,24.2,96.5,0.0,0.0,10.0
2021-07-27,9,28.2,84.8,0.0,0.0,10.0
2021-07-27,12,31.5,77.1,0.0,0.0,10.0
2021-07-27,15,34.0,65.1,2.0,320.0,20.0
2021-07-27,18,34.2,63.2,4.0,320.0,20.0
2021-07-27,21,26.3,90.9,4.0,230.0,10.0
2021-07-28,0,26.2,94.8,0.0,0.0,10.0
2021-07-28,3,25.2,96.5,0.0,0.0,10.0
2021-07-28,6,24.2,98.2,0.0,0.0,10.0
2021-07-28,9,28.2,76.6,0.0,0.0,10.0
2021-07-28,12,31.8,67.0,3.0,230.0,10.0
2021-07-28,15,33.0,65.6,0.0,0.0,10.0
2021-07-28,18,33.4,67.3,2.0,320.0,10.0
2021-07-28,21,28.6,81.9,3.0,320.0,20.0
2021-07-29,0,26.6,93.7,0.0,0.0,20.0
2021-07-29,3,25.4,93.1,0.0,0.0,20.0
2021-07-29,6,24.8,97.6,0.0,0.0,10.0
2021-07-29,9,28.0,82.8,0.0,0.0,10.0
2021-07-29,12,31.2,74.8,0.0,0.0,10.0
2021-07-29,15,33.6,68.5,0.0,0.0,10.0
2021-07-29,18,32.0,72.4,0.0,0.0,10.0
2021-07-29,21,28.0,80.8,1.0,320.0,10.0
2021-07-30,0,26.2,90.9,0.0,0.0,10.0
2021-07-30,3,25.2,90.3,0.0,0.0,10.0
2021-07-30,6,24.4,91.4,1.0,140.0,10.0
2021-07-30,9,28.1,73.9,3.0,140.0,10.0
2021-07-30,12,30.8,59.5,4.0,180.0,20.0
2021-07-30,15,33.2,50.7,5.0,160.0,20.0
2021-07-30,18,30.2,64.6,5.0,160.0,20.0
2021-07-30,21,28.4,81.9,2.0,140.0,20.0
2021-07-31,0,27.8,88.4,2.0,140.0,10.0
2021-07-31,3,26.8,79.7,2.0,180.0,10.0
2021-07-31,6,26.2,82.6,0.0,0.0,20.0
2021-07-31,9,27.6,79.3,1.0,180.0,20.0
2021-07-31,12,30.4,67.1,5.0,140.0,20.0
2021-07-31,15,32.4,59.5,3.0,180.0,20.0
2021-07-31,18,29.3,69.8,3.0,180.0,20.0
2021-07-31,21,27.8,80.3,2.0,140.0,20.0
2022-03-01,0,3.1,66.6,0.0,0.0,20.0
2022-03-01,3,3.2,72.8,0.0,0.0,20.0
2022-03-01,6,2.0,85.3,0.0,0.0,10.0
2022-03-01,9,1.4,91.7,0.0,0.0,10.0
2022-03-01,12,3.4,93.8,2.0,320.0,10.0
2022-03-01,15,5.9,56.0,5.0,320.0,10.0
2022-03-01,18,3.4,48.6,5.0,320.0,20.0
2022-03-01,21,0.7,59.0,2.0,320.0,20.0
2022-03-02,0,-1.8,63.5,0.0,0.0,20.0
2022-03-02,3,-2.2,61.5,0.0,0.0,20.0
2022-03-02,6,-3.0,67.3,0.0,0.0,20.0
2022-03-02,9,0.1,57.0,0.0,0.0,20.0
2022-03-02,12,7.0,47.8,3.0,230.0,20.0
2022-03-02,15,10.0,26.9,7.0,270.0,20.0
2022-03-02,18,9.2,29.2,4.0,230.0,20.0
2022-03-02,21,4.0,62.5,0.0,0.0,20.0
2022-03-03,0,2.6,72.2,0.0,0.0,20.0
2022-03-03,3,1.0,80.9,0.0,0.0,20.0
2022-03-03,6,-1.4,84.9,0.0,0.0,20.0
2022-03-03,9,2.2,60.2,0.0,0.0,10.0
2022-03-03,12,6.0,52.4,0.0,0.0,20.0
2022-03-03,15,9.2,68.0,0.0,0.0,20.0
2022-03-03,18,9.2,79.3,1.0,320.0,20.0
2022-03-03,21,2.5,73.8,0.0,0.0,20.0
2022-03-04,0,1.1,61.8,0.0,0.0,20.0
2022-03-04,3,1.4,51.9,3.0,90.0,20.0
2022-03-04,6,1.9,65.9,7.0,90.0,20.0
2022-03-04,9,3.8,76.2,7.0,140.0,10.0
2022-03-04,12,6.2,79.9,7.0,140.0,10.0
2022-03-04,15,9.0,78.1,1.0,140.0,10.0
2022-03-04,18,10.4,67.3,2.0,230.0,4.0
2022-03-04,21,6.4,57.4,2.0,230.0,4.0
2022-03-05,0,1.2,78.0,1.0,320.0,4.0
2022-03-05,3,0.0,72.2,4.0,320.0,4.0
2022-03-05,6,-2.2,59.6,3.0,320.0,4.0
2022-03-05,9,0.6,53.3,8.0,320.0,4.0
2022-03-05,12,3.0,52.8,11.0,320.0,20.0
2022-03-05,15,3.5,75.0,10.0,320.0,20.0
2022-03-05,18,2.4,46.8,10.0,320.0,20.0
2022-03-05,21,-0.8,55.5,0.0,0.0,20.0
2022-03-06,0,-1.3,57.5,0.0,0.0,20.0
2022-03-06,3,-1.8,52.2,5.0,320.0,20.0
2022-03-06,6,-2.4,46.9,6.0,320.0,20.0
2022-03-06,9,-0.2,49.9,3.0,320.0,20.0
2022-03-06,12,2.0,46.7,5.0,320.0,20.0
2022-03-06,15,3.8,41.1,5.0,320.0,20.0
2022-03-06,18,2.8,54.7,4.0,320.0,20.0
2022-03-06,21,-1.0,79.4,0.0,0.0,20.0
2022-03-07,0,-2.2,81.1,0.0,0.0,20.0
2022-03-07,3,-3.8,77.8,0.0,0.0,20.0
2022-03-07,6,-4.6,80.7,0.0,0.0,20.0
2022-03-07,9,-2.8,70.6,0.0,0.0,20.0
2022-03-07,12,5.0,28.7,1.0,180.0,20.0
2022-03-07,15,8.4,26.4,0.0,0.0,20.0
2022-03-07,18,7.0,39.9,1.0,230.0,20.0
2022-03-07,21,4.8,55.7,0.0,0.0,15.0
2022-03-08,0,2.0,71.0,0.0,0.0,20.0
2022-03-08,3,-0.8,74.8,0.0,0.0,10.0
2022-03-08,6,-0.4,78.9,0.0,0.0,10.0
2022-03-08,9,2.0,75.3,0.0,0.0,10.0
2022-03-08,12,7.5,64.8,0.0,0.0,20.0
2022-03-08,15,10.6,53.3,1.0,250.0,20.0
2022-03-08,18,10.6,58.1,1.0,230.0,20.0
2022-03-08,21,5.4,84.5,0.0,0.0,20.0
2022-03-09,0,3.4,89.9,0.0,0.0,20.0
2022-03-09,3,1.4,91.7,0.0,0.0,20.0
2022-03-09,6,-0.8,90.2,0.0,0.0,20.0
2022-03-09,9,-0.7,95.0,0.0,0.0,0.3
2022-03-09,12,3.8,83.7,0.0,0.0,3.0
2022-03-09,15,10.5,54.4,0.0,0.0,5.0
2022-03-09,18,10.9,54.5,0.0,0.0,10.0
2022-03-09,21,1.0,70.3,0.0,0.0,5.0
2022-03-10,0,1.2,88.4,0.0,0.0,10.0
2022-03-10,3,1.6,84.7,0.0,0.0,10.0
2022-03-10,6,0.8,85.2,0.0,0.0,10.0
2022-03-10,9,5.8,57.7,2.0,140.0,10.0
2022-03-10,12,11.2,35.2,3.0,140.0,10.0
2022-03-10,15,15.6,33.2,4.0,180.0,10.0
2022-03-10,18,14.1,48.5,3.0,230.0,10.0
2022-03-10,21,8.8,65.5,0.0,0.0,10.0
2022-03-11,0,4.8,71.0,0.0,0.0,10.0
2022-03-11,3,3.0,83.0,0.0,0.0,10.0
2022-03-11,6,1.4,89.1,0.0,0.0,10.0
2022-03-11,9,3.3,82.4,0.0,0.0,5.0
2022-03-11,12,9.6,63.4,0.0,0.0,10.0
2022-03-11,15,14.0,48.1,3.0,320.0,10.0
2022-03-11,18,12.0,64.9,1.0,320.0,10.0
2022-03-11,21,8.0,70.2,0.0,0.0,10.0
2022-03-12,0,4.2,80.2,0.0,0.0,10.0
2022-03-12,3,2.0,86.6,0.0,0.0,10.0
2022-03-12,6,2.7,78.3,0.0,0.0,10.0
2022-03-12,9,5.3,68.6,3.0,140.0,10.0
2022-03-12,12,14.5,33.4,2.0,140.0,10.0
2022-03-12,15,16.0,51.8,7.0,180.0,10.0
2022-03-12,18,13.4,74.7,3.0,180.0,10.0
2022-03-12,21,10.4,95.4,0.0,0.0,10.0
2022-03-13,0,9.2,96.0,1.0,140.0,10.0
2022-03-13,3,8.4,97.3,0.0,0.0,10.0
2022-03-13,6,8.2,97.3,0.0,0.0,10.0
2022-03-13,9,8.8,94.7,0.0,0.0,4.0
2022-03-13,12,10.2,92.3,2.0,320.0,10.0
2022-03-13,15,13.8,75.2,0.0,0.0,10.0
2022-03-13,18,13.2,79.3,3.0,320.0,20.0
2022-03-13,21,9.6,84.4,0.0,0.0,20.0
2022-03-14,0,8.6,88.4,0.0,0.0,20.0
2022-03-14,3,8.5,83.7,7.0,140.0,20.0
2022-03-14,6,6.6,77.8,9.0,140.0,20.0
2022-03-14,9,7.8,76.3,6.0,140.0,20.0
2022-03-14,12,7.3,96.0,0.0,0.0,5.0
2022-03-14,15,7.2,97.3,2.0,320.0,5.0
2022-03-14,18,5.8,81.6,5.0,320.0,10.0
2022-03-14,21,3.8,83.7,2.0,320.0,10.0
2022-03-15,0,2.4,82.9,3.0,320.0,10.0
2022-03-15,3,0.6,87.7,0.0,0.0,10.0
2022-03-15,6,0.6,86.4,0.0,0.0,10.0
2022-03-15,9,1.6,77.5,0.0,0.0,10.0
2022-03-15,12,7.4,63.3,0.0,0.0,10.0
2022-03-15,15,9.6,63.4,0.0,0.0,10.0
2022-03-15,18,10.2,57.1,1.0,140.0,10.0
2022-03-15,21,6.2,79.4,0.0,0.0,10.0
2022-03-16,0,4.2,89.9,0.0,0.0,10.0
2022-03-16,3,3.0,83.0,0.0,0.0,10.0
2022-03-16,6,1.7,92.4,0.0,0.0,10.0
2022-03-16,9,3.2,83.0,0.0,0.0,10.0
2022-03-16,12,8.0,72.7,0.0,0.0,10.0
2022-03-16,15,12.0,67.1,5.0,320.0,20.0
2022-03-16,18,10.0,66.7,5.0,320.0,20.0
2022-03-16,21,5.4,78.1,2.0,320.0,10.0
2022-03-17,0,4.2,83.8,2.0,320.0,10.0
2022-03-17,3,3.4,72.9,1.0,320.0,10.0
2022-03-17,6,1.6,67.3,1.0,320.0,10.0
2022-03-17,9,2.0,67.9,1.0,320.0,10.0
2022-03-17,12,6.8,59.6,0.0,0.0,20.0
2022-03-17,15,11.4,55.0,1.0,320.0,10.0
2022-03-17,18,11.1,57.0,2.0,320.0,10.0
2022-03-17,21,8.0,65.3,2.0,90.0,10.0
2022-03-18,0,5.4,62.4,5.0,140.0,10.0
2022-03-18,3,4.2,70.4,3.0,140.0,10.0
2022-03-18,6,3.8,73.5,0.0,0.0,10.0
2022-03-18,9,6.0,66.3,0.0,0.0,10.0
2022-03-18,12,8.0,58.6,1.0,320.0,20.0
2022-03-18,15,9.6,47.5,2.0,140.0,20.0
2022-03-18,18,8.2,54.2,2.0,140.0,20.0
2022-03-18,21,6.0,57.7,3.0,140.0,20.0
2022-03-19,0,4.2,67.9,3.0,140.0,20.0
2022-03-19,3,1.2,93.0,2.0,140.0,5.0
2022-03-19,6,0.4,95.7,0.0,0.0,4.0
2022-03-19,9,1.2,95.8,0.0,0.0,4.0
2022-03-19,12,3.6,79.6,0.0,0.0,20.0
2022-03-19,15,5.2,81.5,5.0,320.0,20.0
2022-03-19,18,4.2,80.2,4.0,320.0,20.0
2022-03-19,21,2.2,92.4,0.0,0.0,20.0
2022-03-20,0,2.0,85.3,0.0,0.0,20.0
2022-03-20,3,1.0,88.4,0.0,0.0,20.0
2022-03-20,6,1.2,93.0,0.0,0.0,20.0
2022-03-20,9,2.0,82.3,0.0,0.0,10.0
2022-03-20,12,4.8,64.1,3.0,320.0,20.0
2022-03-20,15,6.0,43.7,5.0,320.0,20.0
2022-03-20,18,5.5,44.3,3.0,320.0,20.0
2022-03-20,21,1.2,69.3,1.0,320.0,20.0
2022-03-21,0,0.5,71.2,0.0,0.0,20.0
2022-03-21,3,-0.8,92.2,0.0,0.0,20.0
2022-03-21,6,-1.4,81.8,0.0,0.0,20.0
2022-03-21,9,1.2,78.0,0.0,0.0,10.0
2022-03-21,12,5.2,63.3,0.0,0.0,10.0
2022-03-21,15,8.8,33.5,0.0,0.0,20.0
2022-03-21,18,6.2,52.9,4.0,320.0,10.0
2022-03-21,21,4.0,67.8,0.0,0.0,10.0
2022-03-22,0,3.2,66.2,0.0,0.0,10.0
2022-03-22,3,1.8,74.7,0.0,0.0,10.0
2022-03-22,6,0.2,89.0,0.0,0.0,10.0
2022-03-22,9,1.6,59.6,0.0,0.0,10.0
2022-03-22,12,7.0,53.9,2.0,320.0,10.0
2022-03-22,15,11.2,30.1,3.0,320.0,10.0
2022-03-22,18,8.2,54.2,5.0,320.0,20.0
2022-03-22,21,3.6,59.3,1.0,320.0,20.0
2022-03-23,0,2.4,71.6,0.0,0.0,10.0
2022-03-23,3,2.4,64.5,0.0,0.0,10.0
2022-03-23,6,1.6,81.6,0.0,0.0,10.0
2022-03-23,9,2.4,74.3,0.0,0.0,10.0
2022-03-23,12,4.8,64.1,0.0,0.0,10.0
2022-03-23,15,7.2,58.0,0.0,0.0,20.0
2022-03-23,18,7.2,68.0,1.0,230.0,10.0
2022-03-23,21,5.6,78.2,0.0,0.0,10.0
2022-03-24,0,4.2,85.0,2.0,140.0,10.0
2022-03-24,3,5.2,86.9,1.0,140.0,10.0
2022-03-24,6,5.6,88.2,1.0,140.0,10.0
2022-03-24,9,6.5,84.6,0.0,0.0,10.0
2022-03-24,12,8.2,82.5,2.0,140.0,10.0
2022-03-24,15,11.2,72.8,6.0,140.0,10.0
2022-03-24,18,10.4,74.7,3.0,140.0,10.0
2022-03-24,21,8.4,83.7,2.0,140.0,10.0
2022-03-25,0,7.5,81.3,3.0,140.0,10.0
2022-03-25,3,7.0,74.1,3.0,140.0,10.0
2022-03-25,6,7.2,71.0,3.0,140.0,10.0
2022-03-25,9,10.0,64.4,2.0,140.0,10.0
2022-03-25,12,11.5,72.8,3.0,140.0,5.0
2022-03-25,15,9.7,96.0,2.0,140.0,5.0
2022-03-25,18,11.2,82.9,4.0,140.0,10.0
2022-03-25,21,11.2,85.1,6.0,140.0,10.0
2022-03-26,0,11.0,95.4,8.0,140.0,10.0
2022-03-26,3,11.0,97.4,6.0,140.0,10.0
2022-03-26,6,11.0,97.4,2.0,140.0,10.0
2022-03-26,9,9.4,87.9,4.0,320.0,10.0
2022-03-26,12,12.1,77.0,6.0,320.0,30.0
2022-03-26,15,15.3,61.7,6.0,320.0,30.0
2022-03-26,18,12.6,50.1,6.0,320.0,20.0
2022-03-26,21,8.7,55.9,4.0,320.0,20.0
2022-03-27,0,6.6,74.0,0.0,0.0,10.0
2022-03-27,3,5.0,78.1,0.0,0.0,10.0
2022-03-27,6,4.6,71.0,0.0,0.0,10.0
2022-03-27,9,5.6,63.8,4.0,320.0,10.0
2022-03-27,12,8.0,83.0,2.0,320.0,20.0
2022-03-27,15,9.2,56.1,8.0,320.0,30.0
2022-03-27,18,8.2,34.1,5.0,320.0,30.0
2022-03-27,21,4.8,62.7,0.0,0.0,20.0
2022-03-28,0,3.5,66.2,0.0,0.0,20.0
2022-03-28,3,2.4,71.6,0.0,0.0,20.0
2022-03-28,6,0.6,84.5,0.0,0.0,20.0
2022-03-28,9,5.5,62.0,0.0,0.0,20.0
2022-03-28,12,10.6,44.4,0.0,0.0,20.0
2022-03-28,15,12.5,40.1,1.0,230.0,20.0
2022-03-28,18,12.5,42.2,2.0,320.0,20.0
2022-03-28,21,7.2,55.1,0.0,0.0,10.0
2022-03-29,0,5.0,78.1,0.0,0.0,10.0
2022-03-29,3,2.2,82.3,0.0,0.0,10.0
2022-03-29,6,0.6,84.5,0.0,0.0,10.0
2022-03-29,9,7.0,50.0,4.0,140.0,10.0
2022-03-29,12,11.8,54.8,2.0,230.0,20.0
2022-03-29,15,14.0,50.2,4.0,230.0,20.0
2022-03-29,18,12.8,57.0,3.0,230.0,20.0
2022-03-29,21,9.6,68.5,0.0,0.0,20.0
2022-03-30,0,8.8,70.8,0.0,0.0,20.0
2022-03-30,3,7.6,77.4,1.0,140.0,10.0
2022-03-30,6,7.0,80.1,1.0,140.0,10.0
2022-03-30,9,9.0,70.4,1.0,140.0,10.0
2022-03-30,12,10.0,74.1,2.0,140.0,10.0
2022-03-30,15,9.4,89.1,0.0,0.0,10.0
2022-03-30,18,10.2,91.0,0.0,0.0,10.0
2022-03-30,21,8.6,94.1,0.0,0.0,10.0
2022-03-31,0,8.2,97.3,0.0,0.0,10.0
2022-03-31,3,7.2,97.3,2.0,320.0,20.0
2022-03-31,6,5.4,97.3,2.0,320.0,20.0
2022-03-31,9,6.2,83.4,0.0,0.0,10.0
2022-03-31,12,9.6,75.0,0.0,0.0,10.0
2022-03-31,15,12.6,67.3,3.0,320.0,20.0
2022-03-31,18,10.4,54.8,5.0,320.0,20.0
2022-03-31,21,6.9,65.6,4.0,320.0,20.0
2022-04-01,0,4.8,80.3,0.0,0.0,20.0
2022-04-01,3,2.8,85.4,0.0,0.0,20.0
2022-04-01,6,1.5,91.0,0.0,0.0,10.0
2022-04-01,9,5.2,70.1,0.0,0.0,20.0
2022-04-01,12,9.8,45.5,0.0,0.0,20.0
2022-04-01,15,11.6,30.9,4.0,320.0,20.0
2022-04-01,18,9.6,30.0,6.0,320.0,20.0
2022-04-01,21,5.0,46.9,1.0,320.0,20.0
2022-04-02,0,3.2,57.4,0.0,0.0,20.0
2022-04-02,3,1.7,72.5,0.0,0.0,20.0
2022-04-02,6,0.0,72.2,0.0,0.0,20.0
2022-04-02,9,5.0,56.2,0.0,0.0,20.0
2022-04-02,12,9.2,48.1,0.0,0.0,20.0
2022-04-02,15,12.4,30.6,2.0,270.0,20.0
2022-04-02,18,10.2,28.9,6.0,320.0,20.0
2022-04-02,21,6.0,52.4,1.0,320.0,20.0
2022-04-03,0,4.6,65.0,0.0,0.0,20.0
2022-04-03,3,3.0,61.8,0.0,0.0,20.0
2022-04-03,6,0.8,69.7,0.0,0.0,20.0
2022-04-03,9,6.2,50.5,0.0,0.0,20.0
2022-04-03,12,12.5,40.7,0.0,0.0,20.0
2022-04-03,15,15.8,40.7,0.0,0.0,20.0
2022-04-03,18,14.3,39.2,3.0,320.0,20.0
2022-04-03,21,9.2,62.0,3.0,320.0,10.0
2022-04-04,0,6.8,74.0,0.0,0.0,10.0
2022-04-04,3,5.0,86.9,0.0,0.0,10.0
2022-04-04,6,4.0,93.2,0.0,0.0,10.0
2022-04-04,9,8.4,64.5,0.0,0.0,10.0
2022-04-04,12,14.0,44.5,0.0,0.0,10.0
2022-04-04,15,17.0,36.2,0.0,0.0,10.0
2022-04-04,18,14.2,35.9,3.0,270.0,10.0
2022-04-04,21,10.0,56.3,0.0,0.0,10.0
2022-04-05,0,7.8,64.4,0.0,0.0,10.0
2022-04-05,3,4.5,67.4,0.0,0.0,20.0
2022-04-05,6,3.4,69.2,2.0,140.0,20.0
2022-04-05,9,8.8,60.1,2.0,140.0,10.0
2022-04-05,12,13.8,36.8,5.0,230.0,10.0
2022-04-05,15,16.6,39.8,3.0,230.0,20.0
2022-04-05,18,14.2,50.6,3.0,230.0,10.0
2022-04-05,21,10.0,72.5,3.0,230.0,10.0
2022-04-06,0,8.1,83.1,0.0,0.0,10.0
2022-04-06,3,6.8,90.8,0.0,0.0,10.0
2022-04-06,6,5.0,86.9,0.0,0.0,10.0
2022-04-06,9,8.0,31.7,3.0,320.0,10.0
2022-04-06,12,11.2,23.3,5.0,320.0,20.0
2022-04-06,15,12.6,20.6,5.0,320.0,20.0
2022-04-06,18,8.4,33.6,6.0,320.0,20.0
2022-04-06,21,6.2,56.9,0.0,0.0,10.0
2022-04-07,3,4.0,76.2,0.0,0.0,10.0
2022-04-07,6,3.4,83.7,0.0,0.0,10.0
2022-04-07,9,6.8,59.6,0.0,0.0,20.0
2022-04-07,12,12.5,38.6,2.0,230.0,20.0
2022-04-07,15,13.8,40.5,5.0,320.0,20.0
2022-04-07,18,11.6,46.1,6.0,320.0,20.0
2022-04-07,21,8.0,69.2,0.0,0.0,20.0
2022-04-08,0,6.0,79.3,0.0,0.0,20.0
2022-04-08,3,4.0,83.7,0.0,0.0,20.0
2022-04-08,6,2.9,82.4,1.0,140.0,20.0
2022-04-08,9,9.4,63.8,5.0,140.0,20.0
2022-04-08,12,15.7,43.1,2.0,180.0,10.0
2022-04-08,15,18.2,40.6,2.0,180.0,20.0
2022-04-08,18,18.0,34.9,3.0,180.0,20.0
2022-04-08,21,13.5,42.8,2.0,140.0,20.0
2022-04-09,0,11.6,37.2,3.0,140.0,20.0
2022-04-09,3,11.6,48.4,3.0,140.0,20.0
2022-04-09,6,11.8,53.6,3.0,140.0,10.0
2022-04-09,9,15.0,55.2,4.0,140.0,10.0
2022-04-09,12,20.4,46.0,5.0,140.0,10.0
2022-04-09,15,21.7,43.9,3.0,180.0,10.0
2022-04-09,18,17.8,53.4,4.0,160.0,10.0
2022-04-09,21,13.7,70.3,4.0,140.0,10.0
2022-04-10,0,13.2,67.4,4.0,140.0,10.0
2022-04-10,3,12.6,75.6,5.0,140.0,10.0
2022-04-10,6,12.4,76.6,6.0,140.0,20.0
2022-04-10,9,15.6,58.5,5.0,140.0,20.0
2022-04-10,12,21.2,34.6,3.0,140.0,20.0
2022-04-10,15,22.2,28.1,3.0,140.0,20.0
2022-04-10,18,20.4,34.2,3.0,140.0,20.0
2022-04-10,21,15.7,51.0,3.0,140.0,20.0
2022-04-11,0,14.0,73.3,2.0,140.0,20.0
2022-04-11,3,14.2,75.3,3.0,140.0,20.0
2022-04-11,6,14.4,75.4,1.0,140.0,10.0
2022-04-11,9,16.6,67.7,2.0,140.0,20.0
2022-04-11,12,22.0,51.7,6.0,140.0,20.0
2022-04-11,15,24.0,45.8,3.0,180.0,20.0
2022-04-11,18,21.9,54.1,2.0,180.0,20.0
2022-04-11,21,17.7,83.1,0.0,0.0,20.0
2022-04-12,0,16.6,88.5,2.0,140.0,10.0
2022-04-12,3,16.2,88.5,2.0,140.0,10.0
2022-04-12,6,15.0,85.6,2.0,140.0,10.0
2022-04-12,9,17.2,79.9,2.0,140.0,10.0
2022-04-12,12,12.8,90.6,5.0,140.0,10.0
2022-04-12,15,14.8,90.7,0.0,0.0,10.0
2022-04-12,18,13.5,96.2,0.0,0.0,10.0
2022-04-12,21,12.4,94.9,0.0,0.0,10.0
2022-04-13,0,11.2,97.4,0.0,0.0,10.0
2022-04-13,3,11.0,95.4,0.0,0.0,10.0
2022-04-13,6,11.4,92.9,0.0,0.0,10.0
2022-04-13,9,12.3,80.8,0.0,0.0,20.0
2022-04-13,12,16.2,59.9,3.0,140.0,25.0
2022-04-13,15,18.1,52.4,3.0,140.0,20.0
2022-04-13,18,16.8,48.5,3.0,140.0,20.0
2022-04-13,21,12.8,46.1,2.0,140.0,20.0
2022-04-14,0,11.4,46.0,1.0,140.0,20.0
2022-04-14,3,11.0,57.3,0.0,0.0,20.0
2022-04-14,6,11.2,51.9,0.0,0.0,20.0
2022-04-14,9,12.4,47.3,0.0,0.0,20.0
2022-04-14,12,16.6,38.7,0.0,0.0,20.0
2022-04-14,15,18.7,30.2,2.0,50.0,20.0
2022-04-14,18,17.6,27.4,6.0,320.0,20.0
2022-04-14,21,12.8,57.0,0.0,0.0,10.0
2022-04-15,0,10.8,44.8,0.0,0.0,10.0
2022-04-15,3,8.6,49.4,0.0,0.0,20.0
2022-04-15,6,6.9,54.2,0.0,0.0,20.0
2022-04-15,9,9.6,46.8,0.0,0.0,20.0
2022-04-15,12,14.4,33.6,0.0,0.0,20.0
2022-04-15,15,17.4,31.2,6.0,320.0,20.0
2022-04-15,18,16.2,30.4,6.0,320.0,20.0
2022-04-15,21,11.2,47.3,0.0,0.0,20.0
2022-04-16,0,8.3,72.2,0.0,0.0,20.0
2022-04-16,3,6.8,74.0,0.0,0.0,20.0
2022-04-16,6,5.8,76.0,0.0,0.0,20.0
2022-04-16,9,10.6,53.3,0.0,0.0,20.0
2022-04-16,12,16.3,29.8,0.0,0.0,20.0
2022-04-16,15,19.4,26.7,7.0,320.0,20.0
2022-04-16,18,18.9,26.0,6.0,320.0,20.0
2022-04-16,21,12.6,52.0,0.0,0.0,20.0
2022-04-17,0,9.5,67.5,0.0,0.0,20.0
2022-04-17,3,9.2,62.9,0.0,0.0,20.0
2022-04-17,6,5.8,69.2,0.0,0.0,20.0
2022-04-17,9,11.8,50.6,2.0,140.0,20.0
2022-04-17,12,18.8,43.4,0.0,0.0,20.0
2022-04-17,15,22.0,28.7,4.0,230.0,20.0
2022-04-17,18,19.8,32.1,5.0,270.0,20.0
2022-04-17,21,14.2,58.1,0.0,0.0,20.0
2022-04-18,0,12.6,43.7,0.0,0.0,20.0
2022-04-18,3,12.0,51.4,0.0,0.0,20.0
2022-04-18,6,11.2,52.7,2.0,140.0,20.0
2022-04-18,9,14.2,50.6,2.0,140.0,10.0
2022-04-18,12,18.4,36.8,0.0,0.0,10.0
2022-04-18,15,22.0,26.1,4.0,320.0,10.0
2022-04-18,18,19.8,33.3,5.0,320.0,10.0
2022-04-18,21,15.0,54.1,0.0,0.0,10.0
2022-04-19,0,11.4,66.1,0.0,0.0,10.0
2022-04-19,3,8.8,76.0,0.0,0.0,10.0
2022-04-19,6,8.0,74.8,0.0,0.0,20.0
2022-04-19,9,14.0,56.1,0.0,0.0,10.0
2022-04-19,12,19.6,30.3,0.0,0.0,10.0
2022-04-19,15,21.6,29.8,1.0,270.0,10.0
2022-04-19,18,20.6,23.4,4.0,320.0,20.0
2022-04-19,21,15.8,36.9,0.0,0.0,20.0
2022-04-20,0,14.0,36.9,0.0,0.0,20.0
2022-04-20,3,9.4,50.0,0.0,0.0,20.0
2022-04-20,6,8.2,58.7,2.0,140.0,10.0
2022-04-20,9,14.0,50.5,2.0,140.0,20.0
2022-04-20,12,19.2,40.0,3.0,180.0,10.0
2022-04-20,15,22.0,34.4,3.0,180.0,10.0
2022-04-20,18,22.0,34.4,3.0,180.0,10.0
2022-04-20,21,15.0,49.7,0.0,0.0,10.0
2022-04-21,0,11.2,59.4,0.0,0.0,10.0
2022-04-21,3,10.0,67.7,0.0,0.0,10.0
2022-04-21,6,9.6,71.0,2.0,140.0,10.0
2022-04-21,9,14.2,64.9,4.0,140.0,10.0
2022-04-21,12,19.4,30.2,0.0,0.0,20.0
2022-04-21,15,20.6,40.7,3.0,180.0,20.0
2022-04-21,18,17.0,62.5,5.0,180.0,20.0
2022-04-21,21,14.0,67.1,2.0,140.0,10.0
2022-04-22,0,13.2,77.2,4.0,140.0,10.0
2022-04-22,3,12.2,78.6,5.0,140.0,10.0
2022-04-22,6,13.5,81.0,2.0,140.0,10.0
2022-04-22,9,14.2,83.2,2.0,230.0,10.0
2022-04-22,12,14.8,86.7,0.0,0.0,10.0
2022-04-22,15,15.4,82.8,5.0,320.0,10.0
2022-04-22,18,16.2,57.5,1.0,320.0,10.0
2022-04-22,21,12.0,73.4,0.0,0.0,10.0
2022-04-23,0,10.4,70.6,3.0,320.0,10.0
2022-04-23,3,7.3,85.3,0.0,0.0,10.0
2022-04-23,6,6.6,82.3,0.0,0.0,10.0
2022-04-23,9,13.8,56.5,0.0,0.0,10.0
2022-04-23,12,20.0,33.8,0.0,0.0,20.0
2022-04-23,15,23.8,27.2,0.0,0.0,30.0
2022-04-23,18,23.4,22.7,1.0,180.0,30.0
2022-04-23,21,18.4,34.6,0.0,0.0,20.0
2022-04-24,0,14.2,46.8,0.0,0.0,20.0
2022-04-24,3,11.6,52.0,0.0,0.0,20.0
2022-04-24,6,9.0,56.8,0.0,0.0,20.0
2022-04-24,9,13.8,72.8,5.0,140.0,20.0
2022-04-24,12,20.0,57.3,4.0,180.0,10.0
2022-04-24,15,20.2,63.3,2.0,230.0,10.0
2022-04-24,18,19.7,67.0,4.0,230.0,10.0
2022-04-24,21,16.0,80.8,4.0,160.0,10.0
2022-04-25,0,15.4,82.8,3.0,140.0,10.0
2022-04-25,3,15.2,91.3,1.0,140.0,10.0
2022-04-25,6,15.2,91.3,3.0,140.0,10.0
2022-04-25,9,16.8,84.6,3.0,140.0,10.0
2022-04-25,12,20.2,74.4,3.0,140.0,10.0
2022-04-25,15,23.2,60.7,1.0,140.0,10.0
2022-04-25,18,21.4,68.2,1.0,140.0,10.0
2022-04-25,21,19.4,77.2,0.0,0.0,10.0
2022-04-26,0,17.0,85.8,0.0,0.0,10.0
2022-04-26,3,15.8,89.0,0.0,0.0,10.0
2022-04-26,6,13.8,93.1,0.0,0.0,10.0
2022-04-26,9,16.8,88.6,1.0,270.0,10.0
2022-04-26,12,23.5,54.5,9.0,320.0,10.0
2022-04-26,15,24.1,50.2,7.0,320.0,20.0
2022-04-26,18,16.5,80.3,5.0,320.0,20.0
2022-04-26,21,14.0,83.2,3.0,320.0,10.0
2022-04-27,0,12.6,53.4,3.0,320.0,10.0
2022-04-27,3,11.0,46.6,1.0,320.0,10.0
2022-04-27,6,10.0,54.7,0.0,0.0,10.0
2022-04-27,9,13.4,35.9,0.0,0.0,10.0
2022-04-27,12,16.8,24.1,5.0,320.0,10.0
2022-04-27,15,19.4,22.2,5.0,320.0,20.0
2022-04-27,18,17.4,24.1,4.0,320.0,20.0
2022-04-27,21,11.7,53.2,2.0,320.0,20.0
2022-04-28,0,10.0,61.7,1.0,320.0,20.0
2022-04-28,3,9.5,60.7,0.0,0.0,20.0
2022-04-28,6,7.4,72.1,0.0,0.0,20.0
2022-04-28,9,12.3,53.0,0.0,0.0,10.0
2022-04-28,12,18.6,34.1,0.0,0.0,10.0
2022-04-28,15,19.6,26.8,5.0,320.0,10.0
2022-04-28,18,17.8,63.1,3.0,320.0,10.0
2022-04-28,21,14.0,69.0,0.0,0.0,10.0
2022-04-29,0,12.6,76.6,0.0,0.0,10.0
2022-04-29,3,11.2,92.3,0.0,0.0,10.0
2022-04-29,6,9.6,96.7,0.0,0.0,10.0
2022-04-29,9,9.6,92.2,2.0,140.0,20.0
2022-04-29,12,12.3,72.5,1.0,140.0,20.0
2022-04-29,15,15.0,65.5,1.0,320.0,20.0
2022-04-29,18,15.0,65.5,0.0,0.0,20.0
2022-04-29,21,12.4,71.5,0.0,0.0,20.0
2022-04-30,0,9.8,76.7,3.0,90.0,20.0
2022-04-30,3,9.2,77.1,2.0,90.0,10.0
2022-04-30,6,8.4,86.0,0.0,0.0,10.0
2022-04-30,9,11.4,70.3,0.0,0.0,20.0
2022-04-30,12,13.8,70.8,0.0,0.0,20.0
2022-04-30,15,13.2,67.9,4.0,320.0,20.0
2022-04-30,18,14.4,35.9,6.0,320.0,20.0
2022-04-30,21,10.2,58.8,0.0,0.0,20.0
2022-05-01,0,8.0,69.2,0.0,0.0,20.0
2022-05-01,3,6.6,74.0,0.0,0.0,20.0
2022-05-01,6,6.2,82.2,0.0,0.0,20.0
2022-05-01,9,11.8,57.9,0.0,0.0,20.0
2022-05-01,12,17.9,35.2,7.0,230.0,20.0
2022-05-01,15,16.8,42.2,5.0,230.0,20.0
2022-05-01,18,16.0,47.3,3.0,320.0,20.0
2022-05-01,21,12.5,68.2,1.0,320.0,20.0
2022-05-02,0,10.2,82.2,0.0,0.0,20.0
2022-05-02,3,8.0,86.0,0.0,0.0,10.0
2022-05-02,6,6.4,85.2,0.0,0.0,10.0
2022-05-02,9,11.0,72.2,0.0,0.0,10.0
2022-05-02,12,15.5,44.9,4.0,320.0,20.0
2022-05-02,15,17.0,34.6,6.0,320.0,20.0
2022-05-02,18,16.4,38.1,5.0,320.0,20.0
2022-05-02,21,11.6,56.3,0.0,0.0,20.0
2022-05-03,0,9.5,61.6,0.0,0.0,20.0
2022-05-03,3,7.2,68.0,1.0,90.0,20.0
2022-05-03,6,6.0,66.3,1.0,140.0,20.0
2022-05-03,9,14.0,46.4,2.0,140.0,20.0
2022-05-03,12,19.8,27.6,4.0,230.0,20.0
2022-05-03,15,21.2,25.0,5.0,230.0,20.0
2022-05-03,18,19.2,27.5,5.0,230.0,20.0
2022-05-03,21,13.8,48.0,3.0,230.0,20.0
2022-05-04,0,11.6,55.1,2.0,140.0,20.0
2022-05-04,3,11.2,57.8,5.0,140.0,20.0
2022-05-04,6,11.2,57.8,5.0,140.0,20.0
2022-05-04,9,16.2,48.4,4.0,140.0,20.0
2022-05-04,12,22.3,44.7,5.0,140.0,20.0
2022-05-04,15,24.4,45.6,2.0,140.0,20.0
2022-05-04,18,22.1,50.3,2.0,180.0,20.0
2022-05-04,21,17.0,60.5,2.0,140.0,20.0
2022-05-05,0,13.8,77.3,3.0,140.0,20.0
2022-05-05,3,12.8,76.6,3.0,140.0,20.0
2022-05-05,6,12.4,78.7,4.0,140.0,10.0
2022-05-05,9,17.0,51.7,4.0,140.0,20.0
2022-05-05,12,22.8,31.6,4.0,140.0,20.0
2022-05-05,15,24.3,33.2,1.0,230.0,20.0
2022-05-05,18,21.4,37.7,4.0,140.0,20.0
2022-05-05,21,15.6,62.6,2.0,140.0,20.0
2022-05-06,0,14.0,83.8,1.0,90.0,20.0
2022-05-06,3,14.6,84.4,0.0,0.0,20.0
2022-05-06,6,14.0,88.9,0.0,0.0,10.0
2022-05-06,9,18.2,77.5,2.0,180.0,10.0
2022-05-06,12,22.2,56.3,2.0,230.0,20.0
2022-05-06,15,24.6,43.9,3.0,230.0,20.0
2022-05-06,18,17.6,76.9,5.0,320.0,15.0
2022-05-06,21,15.0,87.8,4.0,320.0,10.0
2022-05-07,0,13.8,90.7,1.0,320.0,10.0
2022-05-07,3,13.2,90.0,5.0,320.0,10.0
2022-05-07,6,12.6,87.0,1.0,320.0,10.0
2022-05-07,9,15.3,60.5,2.0,320.0,20.0
2022-05-07,12,19.8,69.7,5.0,320.0,20.0
2022-05-07,15,19.2,61.0,6.0,320.0,20.0
2022-05-07,18,18.8,42.8,4.0,320.0,20.0
2022-05-07,21,15.0,54.1,5.0,270.0,20.0
2022-05-08,0,14.4,53.2,0.0,0.0,20.0
2022-05-08,3,12.0,78.6,0.0,0.0,20.0
2022-05-08,6,11.8,68.5,0.0,0.0,20.0
2022-05-08,9,14.6,56.7,1.0,140.0,15.0
2022-05-08,12,17.4,49.4,0.0,0.0,15.0
2022-05-08,15,17.4,46.7,0.0,0.0,20.0
2022-05-08,18,13.0,78.7,0.0,0.0,20.0
2022-05-08,21,11.4,92.9,0.0,0.0,10.0
2022-05-09,0,11.3,93.6,0.0,0.0,10.0
2022-05-09,3,9.0,93.4,0.0,0.0,10.0
2022-05-09,6,7.8,97.3,0.0,0.0,10.0
2022-05-09,9,12.8,73.1,0.0,0.0,10.0
2022-05-09,12,18.2,56.4,0.0,0.0,15.0
2022-05-09,15,23.2,40.4,0.0,0.0,15.0
2022-05-09,18,22.1,46.2,4.0,320.0,20.0
2022-05-09,21,15.7,45.0,2.0,320.0,15.0
2022-05-10,0,12.4,65.4,0.0,0.0,15.0
2022-05-10,3,11.0,77.9,0.0,0.0,10.0
2022-05-10,6,10.4,79.4,0.0,0.0,10.0
2022-05-10,9,16.8,62.1,0.0,0.0,10.0
2022-05-10,12,22.2,38.2,1.0,140.0,20.0
2022-05-10,15,23.4,35.5,1.0,140.0,20.0
2022-05-10,18,24.2,22.9,3.0,230.0,20.0
2022-05-10,21,15.6,54.6,1.0,320.0,20.0
2022-05-11,0,15.1,56.0,0.0,0.0,20.0
2022-05-11,3,14.0,64.9,0.0,0.0,20.0
2022-05-11,6,13.8,79.9,0.0,0.0,20.0
2022-05-11,9,15.8,68.4,0.0,0.0,20.0
2022-05-11,12,18.0,54.9,0.0,0.0,20.0
2022-05-11,15,20.3,50.5,2.0,320.0,20.0
2022-05-11,18,17.6,54.0,6.0,320.0,20.0
2022-05-11,21,14.8,70.1,0.0,0.0,20.0
2022-05-12,0,13.4,73.7,0.0,0.0,20.0
2022-05-12,3,11.0,89.8,0.0,0.0,20.0
2022-05-12,6,10.4,91.6,0.0,0.0,20.0
2022-05-12,9,15.4,74.0,0.0,0.0,10.0
2022-05-12,12,21.0,53.5,0.0,0.0,10.0
2022-05-12,15,22.2,41.7,5.0,320.0,10.0
2022-05-12,18,20.0,51.5,2.0,320.0,10.0
2022-05-12,21,18.0,54.9,1.0,320.0,10.0
2022-05-13,0,16.4,56.3,1.0,320.0,10.0
2022-05-13,3,15.0,69.6,3.0,320.0,20.0
2022-05-13,6,13.5,85.4,0.0,0.0,20.0
2022-05-13,9,16.5,64.5,0.0,0.0,20.0
2022-05-13,12,18.3,52.4,0.0,0.0,20.0
2022-05-13,15,19.0,39.7,8.0,320.0,20.0
2022-05-13,18,19.6,40.7,0.0,0.0,20.0
2022-05-13,21,13.8,64.8,2.0,320.0,20.0
2022-05-14,0,11.5,79.1,0.0,0.0,10.0
2022-05-14,3,9.2,86.7,0.0,0.0,10.0
2022-05-14,6,9.2,84.3,0.0,0.0,10.0
2022-05-14,9,14.2,52.0,2.0,230.0,20.0
2022-05-14,12,16.6,26.9,6.0,320.0,20.0
2022-05-14,15,16.6,28.1,8.0,320.0,20.0
2022-05-14,18,16.8,29.7,7.0,320.0,20.0
2022-05-14,21,13.4,51.4,2.0,320.0,20.0
2022-05-15,0,11.4,61.6,0.0,0.0,20.0
2022-05-15,3,8.5,76.4,0.0,0.0,20.0
2022-05-15,6,8.0,74.8,0.0,0.0,20.0
2022-05-15,9,13.6,51.9,0.0,0.0,20.0
2022-05-15,12,18.8,38.8,1.0,320.0,20.0
2022-05-15,15,21.4,19.7,5.0,320.0,20.0
2022-05-15,18,20.5,24.4,6.0,320.0,20.0
2022-05-15,21,15.2,40.6,2.0,230.0,20.0
2022-05-16,0,12.8,41.9,0.0,0.0,20.0
2022-05-16,3,9.2,68.0,0.0,0.0,20.0
2022-05-16,6,9.4,66.1,1.0,140.0,20.0
2022-05-16,9,16.0,48.0,3.0,140.0,20.0
2022-05-16,12,22.0,44.6,0.0,0.0,15.0
2022-05-16,15,23.8,40.3,4.0,270.0,20.0
2022-05-16,18,21.2,53.9,3.0,230.0,20.0
2022-05-16,21,18.0,66.2,0.0,0.0,10.0
2022-05-17,0,14.8,75.9,0.0,0.0,20.0
2022-05-17,3,13.8,74.2,3.0,140.0,20.0
2022-05-17,6,12.3,84.7,4.0,140.0,20.0
2022-05-17,9,16.0,77.1,6.0,140.0,20.0
2022-05-17,12,21.8,53.3,2.0,140.0,10.0
2022-05-17,15,24.8,43.9,0.0,0.0,10.0
2022-05-17,18,23.8,47.9,0.0,0.0,15.0
2022-05-17,21,19.2,61.0,2.0,140.0,15.0
2022-05-18,0,16.4,77.2,4.0,140.0,15.0
2022-05-18,3,15.2,84.5,5.0,140.0,15.0
2022-05-18,6,15.4,84.5,6.0,140.0,10.0
2022-05-18,9,17.6,72.5,3.0,140.0,10.0
2022-05-18,12,18.4,67.6,8.0,140.0,10.0
2022-05-18,15,21.8,55.8,2.0,140.0,10.0
2022-05-18,18,22.6,52.5,0.0,0.0,10.0
2022-05-18,21,18.0,74.5,3.0,140.0,10.0
2022-05-19,0,15.4,84.5,0.0,0.0,10.0
2022-05-19,3,14.0,87.7,3.0,140.0,10.0
2022-05-19,6,13.6,90.6,3.0,140.0,10.0
2022-05-19,9,17.6,72.5,0.0,0.0,10.0
2022-05-19,12,22.6,55.3,1.0,140.0,10.0
2022-05-19,15,26.0,45.7,2.0,230.0,10.0
2022-05-19,18,24.8,45.4,2.0,140.0,20.0
2022-05-19,21,19.2,70.0,3.0,140.0,20.0
2022-05-20,0,15.8,82.9,4.0,140.0,20.0
2022-05-20,3,14.6,85.5,5.0,140.0,10.0
2022-05-20,6,14.7,85.5,3.0,140.0,10.0
2022-05-20,9,17.9,68.8,5.0,140.0,10.0
2022-05-20,12,21.2,58.3,0.0,0.0,20.0
2022-05-20,15,25.2,42.6,4.0,230.0,20.0
2022-05-20,18,24.3,50.9,2.0,230.0,20.0
2022-05-20,21,20.2,62.4,0.0,0.0,20.0
2022-05-21,0,17.0,81.4,0.0,0.0,10.0
2022-05-21,3,14.2,90.7,0.0,0.0,10.0
2022-05-21,6,13.8,93.1,0.0,0.0,10.0
2022-05-21,9,18.5,72.2,2.0,140.0,15.0
2022-05-21,12,23.4,57.0,2.0,180.0,20.0
2022-05-21,15,27.2,46.0,0.0,0.0,20.0
2022-05-21,18,25.6,51.6,3.0,230.0,20.0
2022-05-21,21,21.0,67.7,0.0,0.0,10.0
2022-05-22,0,17.8,83.7,0.0,0.0,10.0
2022-05-22,3,15.4,91.4,0.0,0.0,10.0
2022-05-22,6,14.6,90.7,3.0,90.0,10.0
2022-05-22,9,17.6,79.9,3.0,140.0,10.0
2022-05-22,12,22.6,55.3,0.0,0.0,10.0
2022-05-22,15,23.8,53.9,2.0,140.0,10.0
2022-05-22,18,23.6,61.2,3.0,140.0,10.0
2022-05-22,21,21.0,70.8,2.0,140.0,10.0
2022-05-23,0,18.2,80.5,2.0,140.0,10.0
2022-05-23,3,16.0,89.1,0.0,0.0,10.0
2022-05-23,6,15.4,89.0,0.0,0.0,10.0
2022-05-23,9,20.8,70.3,5.0,140.0,10.0
2022-05-23,12,25.0,63.1,2.0,140.0,10.0
2022-05-23,15,29.2,45.4,1.0,230.0,10.0
2022-05-23,18,29.8,46.2,0.0,0.0,10.0
2022-05-23,21,24.2,67.5,0.0,0.0,10.0
2022-05-24,0,20.4,77.8,0.0,0.0,10.0
2022-05-24,3,17.8,82.1,0.0,0.0,10.0
2022-05-24,6,15.8,85.1,0.0,0.0,10.0
2022-05-24,9,21.7,55.5,1.0,140.0,10.0
2022-05-24,12,26.6,41.6,2.0,230.0,15.0
2022-05-24,15,29.2,37.4,2.0,230.0,15.0
2022-05-24,18,26.6,41.6,3.0,230.0,20.0
2022-05-24,21,22.2,54.9,1.0,230.0,20.0
2022-05-25,0,19.6,66.1,0.0,0.0,20.0
2022-05-25,3,16.4,73.2,0.0,0.0,20.0
2022-05-25,6,15.1,77.5,0.0,0.0,20.0
2022-05-25,9,20.2,69.3,0.0,0.0,20.0
2022-05-25,12,23.2,59.6,5.0,230.0,20.0
2022-05-25,15,20.6,74.4,1.0,230.0,20.0
2022-05-25,18,17.6,95.1,3.0,230.0,10.0
2022-05-25,21,14.4,93.1,0.0,0.0,15.0
2022-05-26,0,13.2,95.5,0.0,0.0,10.0
2022-05-26,3,11.8,95.5,0.0,0.0,10.0
2022-05-26,6,11.4,97.4,0.0,0.0,20.0
2022-05-26,9,16.8,66.8,0.0,0.0,20.0
2022-05-26,12,20.8,50.3,3.0,230.0,20.0
2022-05-26,15,21.2,47.2,9.0,270.0,20.0
2022-05-26,18,20.6,58.2,5.0,270.0,20.0
2022-05-26,21,16.0,91.4,3.0,320.0,10.0
2022-05-27,0,15.0,98.1,1.0,320.0,10.0
2022-05-27,3,13.8,88.9,0.0,0.0,10.0
2022-05-27,6,12.7,93.6,0.0,0.0,15.0
2022-05-27,9,15.6,82.9,0.0,0.0,10.0
2022-05-27,12,21.0,59.8,5.0,320.0,20.0
2022-05-27,15,22.6,48.5,5.0,320.0,20.0
2022-05-27,18,24.0,42.0,3.0,320.0,30.0
2022-05-27,21,19.8,58.7,0.0,0.0,20.0
2022-05-28,0,16.0,77.1,0.0,0.0,20.0
2022-05-28,3,13.5,77.8,0.0,0.0,10.0
2022-05-28,6,15.4,78.6,4.0,140.0,10.0
2022-05-28,9,19.2,70.0,4.0,90.0,10.0
2022-05-28,12,25.0,55.2,5.0,90.0,10.0
2022-05-28,15,28.0,46.6,3.0,140.0,15.0
2022-05-28,18,26.2,47.3,2.0,180.0,15.0
2022-05-28,21,22.4,58.2,2.0,140.0,15.0
2022-05-29,0,18.6,79.1,4.0,140.0,10.0
2022-05-29,3,17.8,83.7,1.0,140.0,10.0
2022-05-29,6,18.6,88.1,1.0,140.0,10.0
2022-05-29,9,18.8,87.0,4.0,140.0,10.0
2022-05-29,12,21.0,73.1,2.0,140.0,20.0
2022-05-29,15,20.4,76.3,4.0,140.0,20.0
2022-05-29,18,22.8,64.2,0.0,0.0,20.0
2022-05-29,21,20.0,70.6,0.0,0.0,20.0
2022-05-30,0,17.6,79.9,0.0,0.0,20.0
2022-05-30,3,16.2,92.0,0.0,0.0,20.0
2022-05-30,6,16.8,92.6,0.0,0.0,20.0
2022-05-30,9,18.2,85.9,0.0,0.0,10.0
2022-05-30,12,18.4,95.7,0.0,0.0,5.0
2022-05-30,15,17.8,96.3,2.0,320.0,5.0
2022-05-30,18,21.2,55.7,4.0,320.0,30.0
2022-05-30,21,16.7,63.7,2.0,320.0,20.0
2022-05-31,0,15.4,68.8,1.0,320.0,10.0
2022-05-31,3,13.0,76.7,0.0,0.0,10.0
2022-05-31,6,13.0,78.2,0.0,0.0,20.0
2022-05-31,9,15.8,79.2,0.0,0.0,20.0
2022-05-31,12,22.2,50.4,2.0,140.0,20.0
2022-05-31,15,26.5,29.1,6.0,250.0,20.0
2022-05-31,18,23.6,37.3,2.0,230.0,20.0
2022-05-31,21,20.0,53.9,2.0,140.0,20.0
2022-06-01,0,17.2,66.0,2.0,140.0,20.0
2022-06-01,3,16.0,80.8,0.0,0.0,10.0
2022-06-01,6,15.2,89.0,1.0,140.0,10.0
2022-06-01,9,18.4,71.2,2.0,140.0,20.0
2022-06-01,12,23.4,65.2,0.0,0.0,75.0
2022-06-01,15,26.2,60.7,0.0,0.0,20.0
2022-06-01,18,26.4,51.5,0.0,0.0,20.0
2022-06-01,21,20.8,77.9,2.0,320.0,20.0
2022-06-02,0,18.4,85.9,0.0,0.0,20.0
2022-06-02,3,15.4,93.8,0.0,0.0,20.0
2022-06-02,6,15.2,96.8,0.0,0.0,20.0
2022-06-02,9,19.8,73.8,1.0,140.0,10.0
2022-06-02,12,24.6,60.3,0.0,0.0,20.0
2022-06-02,15,26.0,61.8,0.0,0.0,20.0
2022-06-02,18,27.4,59.1,0.0,0.0,15.0
2022-06-02,21,22.0,82.6,0.0,0.0,15.0
2022-06-03,0,19.0,89.9,0.0,0.0,10.0
2022-06-03,3,18.4,84.3,0.0,0.0,10.0
2022-06-03,6,17.8,91.5,0.0,0.0,10.0
2022-06-03,9,20.0,76.3,1.0,140.0,10.0
2022-06-03,12,24.6,65.1,1.0,140.0,10.0
2022-06-03,15,29.2,48.4,0.0,0.0,20.0
2022-06-03,18,28.4,48.8,3.0,180.0,15.0
2022-06-03,21,23.9,59.4,0.0,0.0,20.0
2022-06-04,0,22.2,66.2,1.0,180.0,20.0
2022-06-04,3,19.4,71.9,6.0,90.0,20.0
2022-06-04,6,18.8,75.1,3.0,140.0,20.0
2022-06-04,9,21.0,70.8,1.0,140.0,15.0
2022-06-04,12,22.5,72.0,0.0,0.0,20.0
2022-06-04,15,24.8,60.7,0.0,0.0,20.0
2022-06-04,18,27.0,43.4,1.0,230.0,20.0
2022-06-04,21,23.0,61.9,0.0,0.0,20.0
2022-06-05,0,22.0,59.3,0.0,0.0,20.0
2022-06-05,3,21.8,67.4,2.0,140.0,10.0
2022-06-05,6,21.0,72.2,1.0,140.0,10.0
2022-06-05,9,22.2,78.6,0.0,0.0,10.0
2022-06-05,12,23.8,68.2,2.0,320.0,10.0
2022-06-05,15,24.6,63.8,0.0,0.0,20.0
2022-06-05,18,22.8,64.7,2.0,140.0,20.0
2022-06-05,21,20.0,86.6,0.0,0.0,10.0
2022-06-06,0,20.0,77.8,0.0,0.0,10.0
2022-06-06,3,16.8,91.4,1.0,140.0,10.0
2022-06-06,6,16.2,92.0,0.0,0.0,30.0
2022-06-06,9,20.0,65.7,0.0,0.0,25.0
2022-06-06,12,22.4,50.1,5.0,90.0,30.0
2022-06-06,15,24.0,44.6,1.0,140.0,30.0
2022-06-06,18,21.4,53.9,1.0,90.0,30.0
2022-06-06,21,18.6,57.3,2.0,90.0,20.0
2022-06-07,0,15.8,63.1,3.0,90.0,10.0
2022-06-07,3,14.9,65.1,3.0,90.0,10.0
2022-06-07,6,14.3,72.4,2.0,140.0,20.0
2022-06-07,9,18.4,57.2,2.0,90.0,20.0
2022-06-07,12,21.6,48.5,0.0,0.0,20.0
2022-06-07,15,22.7,50.5,1.0,320.0,20.0
2022-06-07,18,21.3,58.7,4.0,320.0,20.0
2022-06-07,21,20.0,63.6,0.0,0.0,20.0
2022-06-08,0,16.6,71.4,1.0,140.0,20.0
2022-06-08,3,16.2,71.3,0.0,0.0,10.0
2022-06-08,6,15.8,67.0,1.0,140.0,10.0
2022-06-08,9,20.5,52.3,0.0,0.0,15.0
2022-06-08,12,24.0,52.9,0.0,0.0,20.0
2022-06-08,15,23.4,58.9,2.0,200.0,20.0
2022-06-08,18,20.4,79.8,5.0,200.0,10.0
2022-06-08,21,18.8,84.3,0.0,0.0,10.0
2022-06-09,0,17.4,91.5,0.0,0.0,10.0
2022-06-09,3,17.0,93.8,0.0,0.0,10.0
2022-06-09,6,15.5,94.4,0.0,0.0,10.0
2022-06-09,9,17.5,95.1,1.0,140.0,10.0
2022-06-09,12,18.8,92.2,1.0,140.0,10.0
2022-06-09,15,18.2,98.1,1.0,140.0,10.0
2022-06-09,18,20.0,87.7,0.0,0.0,10.0
2022-06-09,21,18.8,93.9,0.0,0.0,10.0
2022-06-10,0,17.6,95.7,1.0,140.0,10.0
2022-06-10,3,17.0,93.2,0.0,0.0,10.0
2022-06-10,6,16.0,95.6,0.0,0.0,10.0
2022-06-10,9,17.8,93.9,0.0,0.0,10.0
2022-06-10,12,17.2,97.5,0.0,0.0,10.0
2022-06-10,15,19.4,84.9,0.0,0.0,10.0
2022-06-10,18,20.0,85.0,2.0,320.0,20.0
2022-06-10,21,18.6,92.1,0.0,0.0,10.0
2022-06-11,0,17.6,95.7,0.0,0.0,10.0
2022-06-11,3,17.2,97.5,0.0,0.0,10.0
2022-06-11,6,17.0,98.1,0.0,0.0,5.0
2022-06-11,9,20.2,85.5,0.0,0.0,6.0
2022-06-11,12,24.0,67.4,0.0,0.0,10.0
2022-06-11,15,26.8,55.7,0.0,0.0,10.0
2022-06-11,18,27.0,56.1,1.0,320.0,10.0
2022-06-11,21,22.8,77.7,1.0,320.0,10.0
2022-06-12,0,20.0,77.8,0.0,0.0,10.0
2022-06-12,3,18.0,80.5,3.0,90.0,10.0
2022-06-12,6,17.0,81.4,2.0,90.0,10.0
2022-06-12,9,21.2,63.9,3.0,140.0,15.0
2022-06-12,12,26.2,58.0,3.0,140.0,20.0
2022-06-12,15,27.2,55.4,0.0,0.0,20.0
2022-06-12,18,27.2,57.2,0.0,0.0,20.0
2022-06-12,21,23.5,78.8,0.0,0.0,10.0
2022-06-13,0,21.6,82.0,0.0,0.0,10.0
2022-06-13,3,20.1,90.5,0.0,0.0,10.0
2022-06-13,6,19.6,90.5,1.0,140.0,10.0
2022-06-13,9,22.6,75.7,1.0,140.0,10.0
2022-06-13,12,25.8,62.9,0.0,0.0,10.0
2022-06-13,15,21.2,95.2,0.0,0.0,10.0
2022-06-13,18,21.2,88.9,0.0,0.0,10.0
2022-06-13,21,19.4,88.2,0.0,0.0,20.0
2022-06-14,0,18.8,78.6,2.0,90.0,20.0
2022-06-14,3,17.2,79.4,5.0,140.0,20.0
2022-06-14,6,17.6,73.9,4.0,140.0,20.0
2022-06-14,9,21.2,69.9,3.0,140.0,20.0
2022-06-14,12,24.0,54.3,4.0,140.0,20.0
2022-06-14,15,25.2,47.3,3.0,140.0,20.0
2022-06-14,18,23.6,49.4,2.0,140.0,20.0
2022-06-14,21,20.2,57.3,2.0,140.0,20.0
2022-06-15,0,18.0,65.3,1.0,140.0,20.0
2022-06-15,3,15.0,93.1,0.0,0.0,10.0
2022-06-15,6,14.3,96.2,0.0,0.0,10.0
2022-06-15,9,14.8,94.3,0.0,0.0,10.0
2022-06-15,12,17.0,84.7,2.0,140.0,20.0
2022-06-15,15,18.2,80.5,1.0,140.0,20.0
2022-06-15,18,18.4,84.3,0.0,0.0,20.0
2022-06-15,21,17.8,90.9,0.0,0.0,20.0
2022-06-16,0,17.3,90.3,0.0,0.0,20.0
2022-06-16,3,15.4,93.2,0.0,0.0,20.0
2022-06-16,6,15.4,97.5,0.0,0.0,20.0
2022-06-16,9,18.0,80.5,0.0,0.0,20.0
2022-06-16,12,22.5,62.2,0.0,0.0,20.0
2022-06-16,15,24.8,65.9,0.0,0.0,20.0
2022-06-16,18,25.2,61.2,3.0,320.0,20.0
2022-06-16,21,21.4,75.1,2.0,320.0,20.0
2022-06-17,0,18.6,89.3,0.0,0.0,20.0
2022-06-17,3,17.0,95.0,0.0,0.0,20.0
2022-06-17,6,16.5,95.0,0.0,0.0,20.0
2022-06-17,9,20.8,68.1,0.0,0.0,20.0
2022-06-17,12,24.6,65.1,0.0,0.0,20.0
2022-06-17,15,26.4,65.4,2.0,180.0,10.0
2022-06-17,18,23.8,76.4,2.0,180.0,10.0
2022-06-17,21,21.0,72.2,2.0,180.0,10.0
2022-06-18,0,22.0,87.3,1.0,140.0,10.0
2022-06-18,3,21.6,87.3,1.0,140.0,10.0
2022-06-18,6,20.8,85.6,1.0,140.0,10.0
2022-06-18,9,21.8,83.6,0.0,0.0,15.0
2022-06-18,12,22.5,85.3,0.0,0.0,10.0
2022-06-18,15,25.2,74.3,0.0,0.0,10.0
2022-06-18,18,24.0,79.8,2.0,140.0,10.0
2022-06-18,21,22.6,82.1,1.0,140.0,15.0
2022-06-19,0,21.9,86.3,4.0,90.0,15.0
2022-06-19,3,21.6,91.2,0.0,0.0,15.0
2022-06-19,6,21.6,91.2,0.0,0.0,15.0
2022-06-19,9,22.7,87.4,1.0,140.0,20.0
2022-06-19,12,24.6,78.4,1.0,140.0,15.0
2022-06-19,15,25.6,73.4,0.0,0.0,20.0
2022-06-19,18,24.2,81.8,0.0,0.0,10.0
2022-06-19,21,23.6,84.8,0.0,0.0,10.0
2022-06-20,0,22.0,91.2,0.0,0.0,10.0
2022-06-20,3,21.6,94.6,0.0,0.0,10.0
2022-06-20,6,21.7,91.8,0.0,0.0,10.0
2022-06-20,9,23.5,84.3,0.0,0.0,10.0
2022-06-20,12,26.5,65.9,0.0,0.0,20.0
2022-06-20,15,29.0,59.1,2.0,230.0,20.0
2022-06-20,18,29.3,62.1,2.0,230.0,20.0
2022-06-20,21,25.8,78.6,0.0,0.0,20.0
2022-06-21,0,23.0,91.3,0.0,0.0,20.0
2022-06-21,3,21.4,98.2,0.0,0.0,20.0
2022-06-21,6,21.2,98.2,0.0,0.0,3.0
2022-06-21,9,22.0,98.2,0.0,0.0,0.3
2022-06-21,12,26.4,82.6,1.0,230.0,10.0
2022-06-21,15,30.0,60.0,1.0,230.0,10.0
2022-06-21,18,28.0,74.8,2.0,320.0,20.0
2022-06-21,21,23.4,88.0,3.0,320.0,10.0
2022-06-22,0,22.6,92.9,0.0,0.0,10.0
2022-06-22,3,22.0,98.2,0.0,0.0,10.0
2022-06-22,6,21.8,97.0,0.0,0.0,10.0
2022-06-22,9,24.0,81.3,2.0,140.0,10.0
2022-06-22,12,27.8,66.5,0.0,0.0,10.0
2022-06-22,15,29.7,63.4,0.0,0.0,10.0
2022-06-22,18,27.8,68.6,1.0,230.0,15.0
2022-06-22,21,24.8,80.9,0.0,0.0,10.0
2022-06-23,0,23.2,85.9,3.0,140.0,10.0
2022-06-23,3,22.6,87.4,2.0,140.0,10.0
2022-06-23,6,22.6,85.8,1.0,140.0,10.0
2022-06-23,9,22.0,96.4,1.0,140.0,10.0
2022-06-23,12,22.0,98.2,1.0,140.0,10.0
2022-06-23,15,22.6,98.2,1.0,140.0,10.0
2022-06-23,18,22.4,98.2,0.0,0.0,5.0
2022-06-23,21,23.0,97.6,0.0,0.0,10.0
2022-06-24,0,22.8,98.2,0.0,0.0,10.0
2022-06-24,3,20.6,96.4,3.0,360.0,10.0
2022-06-24,6,20.7,94.0,3.0,320.0,10.0
2022-06-24,9,22.0,96.4,0.0,0.0,10.0
2022-06-24,12,26.8,78.3,0.0,0.0,10.0
2022-06-24,15,28.2,58.5,2.0,230.0,10.0
2022-06-24,18,27.4,65.6,2.0,230.0,10.0
2022-06-24,21,24.4,77.0,2.0,230.0,10.0
2022-06-25,0,21.4,85.7,0.0,0.0,10.0
2022-06-25,3,19.0,92.2,0.0,0.0,10.0
2022-06-25,6,19.4,88.2,2.0,140.0,10.0
2022-06-25,9,23.0,76.3,5.0,140.0,10.0
2022-06-25,12,26.8,63.9,5.0,140.0,10.0
2022-06-25,15,29.6,57.1,3.0,180.0,20.0
2022-06-25,18,27.0,79.3,5.0,140.0,20.0
2022-06-25,21,24.8,79.9,5.0,140.0,10.0
2022-06-26,0,23.0,86.4,0.0,0.0,10.0
2022-06-26,3,24.2,88.1,0.0,0.0,10.0
2022-06-26,6,24.3,89.2,3.0,180.0,10.0
2022-06-26,9,22.2,98.8,0.0,0.0,3.0
2022-06-26,12,24.0,94.7,2.0,140.0,10.0
2022-06-26,15,24.2,93.0,2.0,140.0,10.0
2022-06-26,18,24.8,91.4,1.0,140.0,10.0
2022-06-26,21,24.4,91.4,1.0,140.0,10.0
2022-06-27,0,24.8,91.4,2.0,140.0,10.0
2022-06-27,3,24.2,93.0,2.0,140.0,10.0
2022-06-27,6,22.8,98.2,3.0,140.0,10.0
2022-06-27,9,23.0,94.7,5.0,140.0,10.0
2022-06-27,12,24.8,98.2,1.0,140.0,10.0
2022-06-27,15,24.0,98.2,3.0,140.0,10.0
2022-06-27,18,24.3,85.4,7.0,140.0,10.0
2022-06-27,21,24.0,94.7,1.0,140.0,10.0
2022-06-28,0,24.8,90.3,6.0,140.0,10.0
2022-06-28,3,24.0,96.5,7.0,140.0,10.0
2022-06-28,6,24.2,96.5,2.0,140.0,10.0
2022-06-28,9,23.8,96.4,1.0,230.0,10.0
2022-06-28,12,23.4,98.2,0.0,0.0,5.0
2022-06-28,15,23.8,96.4,0.0,0.0,10.0
2022-06-28,18,23.8,96.4,1.0,230.0,10.0
2022-06-28,21,23.6,98.2,3.0,140.0,10.0
2022-06-29,0,23.6,98.2,2.0,140.0,10.0
2022-06-29,3,23.6,98.2,6.0,140.0,10.0
2022-06-29,6,23.6,96.4,0.0,0.0,10.0
2022-06-29,9,23.4,98.2,0.0,0.0,10.0
2022-06-29,12,25.5,89.3,2.0,180.0,20.0
2022-06-29,15,27.8,82.3,0.0,0.0,10.0
2022-06-29,18,25.2,91.4,1.0,180.0,20.0
2022-06-29,21,24.8,93.1,0.0,0.0,20.0
2022-06-30,0,24.2,94.7,0.0,0.0,10.0
2022-06-30,3,23.4,94.7,2.0,140.0,10.0
2022-06-30,6,23.6,94.7,0.0,0.0,10.0
2022-06-30,9,24.3,90.3,0.0,0.0,20.0
2022-06-30,12,25.6,85.1,4.0,90.0,20.0
2022-06-30,15,26.0,84.1,3.0,90.0,20.0
2022-06-30,18,25.6,88.7,3.0,140.0,20.0
2022-06-30,21,23.6,93.0,4.0,140.0,20.0
2022-07-01,0,22.9,91.8,6.0,140.0,10.0
2022-07-01,3,22.1,98.2,0.0,0.0,10.0
2022-07-01,6,22.8,94.7,0.0,0.0,10.0
2022-07-01,9,25.2,88.2,2.0,140.0,20.0
2022-07-01,12,26.6,82.6,3.0,180.0,20.0
2022-07-01,15,28.5,73.9,5.0,230.0,20.0
2022-07-01,18,27.4,77.0,4.0,140.0,20.0
2022-07-01,21,25.6,85.1,3.0,140.0,20.0
2022-07-02,0,24.4,91.4,3.0,90.0,20.0
2022-07-02,3,23.4,93.6,2.0,90.0,20.0
2022-07-02,6,23.3,95.9,2.0,140.0,20.0
2022-07-02,9,25.6,82.0,0.0,0.0,15.0
2022-07-02,12,27.2,78.8,0.0,0.0,10.0
2022-07-02,15,29.2,67.2,4.0,180.0,10.0
2022-07-02,18,29.0,66.8,3.0,180.0,15.0
2022-07-02,21,26.4,84.1,0.0,0.0,15.0
2022-07-03,0,24.0,91.3,0.0,0.0,10.0
2022-07-03,3,22.2,96.4,0.0,0.0,10.0
2022-07-03,6,22.2,97.6,0.0,0.0,0.2
2022-07-03,9,23.2,96.4,0.0,0.0,5.0
2022-07-03,12,27.0,82.7,0.0,0.0,10.0
2022-07-03,15,29.8,66.2,0.0,0.0,10.0
2022-07-03,18,29.4,68.5,0.0,0.0,10.0
2022-07-03,21,25.0,88.1,3.0,320.0,10.0
2022-07-04,0,23.6,94.7,0.0,0.0,10.0
2022-07-04,3,23.2,95.8,0.0,0.0,10.0
2022-07-04,6,22.8,98.2,0.0,0.0,0.2
2022-07-04,9,24.2,94.7,0.0,0.0,3.0
2022-07-04,12,28.6,80.4,0.0,0.0,10.0
2022-07-04,15,30.6,64.3,0.0,0.0,10.0
2022-07-04,18,29.6,68.1,0.0,0.0,10.0
2022-07-04,21,26.8,84.2,0.0,0.0,10.0
2022-07-05,0,25.2,90.3,0.0,0.0,10.0
2022-07-05,3,24.2,91.3,0.0,0.0,10.0
2022-07-05,6,23.8,91.3,0.0,0.0,10.0
2022-07-05,9,26.4,78.2,0.0,0.0,10.0
2022-07-05,12,30.0,69.5,2.0,320.0,20.0
2022-07-05,15,32.2,59.5,3.0,320.0,20.0
2022-07-05,18,32.4,61.7,1.0,320.0,20.0
2022-07-05,21,26.4,85.7,0.0,0.0,20.0
2022-07-06,0,26.1,84.6,0.0,0.0,20.0
2022-07-06,3,25.2,90.3,0.0,0.0,20.0
2022-07-06,6,25.4,88.2,0.0,0.0,10.0
2022-07-06,9,27.2,82.7,3.0,140.0,10.0
2022-07-06,12,28.6,79.0,2.0,140.0,10.0
2022-07-06,15,30.0,74.2,3.0,120.0,10.0
2022-07-06,18,30.4,70.4,4.0,140.0,10.0
2022-07-06,21,28.4,77.6,0.0,0.0,10.0
2022-07-07,0,28.8,73.1,1.0,140.0,10.0
2022-07-07,3,27.8,77.5,6.0,140.0,10.0
2022-07-07,6,27.2,81.2,7.0,140.0,20.0
2022-07-07,9,26.6,85.7,8.0,140.0,10.0
2022-07-07,12,26.0,93.1,7.0,140.0,10.0
2022-07-07,15,26.2,96.5,0.0,0.0,10.0
2022-07-07,18,26.8,88.8,3.0,180.0,10.0
2022-07-07,21,26.0,88.8,0.0,0.0,10.0
2022-07-08,0,24.8,91.4,0.0,0.0,10.0
2022-07-08,3,23.4,96.4,0.0,0.0,10.0
2022-07-08,6,23.1,93.5,0.0,0.0,10.0
2022-07-08,9,23.0,98.2,0.0,0.0,10.0
2022-07-08,12,22.6,98.2,0.0,0.0,10.0
2022-07-08,15,23.8,96.4,0.0,0.0,10.0
2022-07-08,18,24.4,95.9,0.0,0.0,4.0
2022-07-08,21,24.0,98.2,0.0,0.0,10.0
2022-07-09,0,22.4,98.2,0.0,0.0,10.0
2022-07-09,3,22.0,98.2,0.0,0.0,10.0
2022-07-09,6,22.3,97.0,0.0,0.0,0.3
2022-07-09,9,23.3,96.4,0.0,0.0,4.0
2022-07-09,12,28.0,81.8,0.0,0.0,10.0
2022-07-09,15,30.2,66.2,0.0,0.0,20.0
2022-07-09,18,31.6,64.9,0.0,0.0,20.0
2022-07-09,21,27.4,77.9,0.0,0.0,10.0
2022-07-10,0,25.8,85.6,0.0,0.0,10.0
2022-07-10,3,24.4,94.7,0.0,0.0,10.0
2022-07-10,6,24.3,96.5,0.0,0.0,10.0
2022-07-10,9,27.2,84.2,3.0,140.0,10.0
2022-07-10,12,30.4,73.0,2.0,140.0,10.0
2022-07-10,15,32.1,59.8,3.0,200.0,20.0
2022-07-10,18,29.6,70.7,4.0,200.0,20.0
2022-07-10,21,25.6,84.5,0.0,0.0,20.0
2022-07-11,0,25.2,79.0,0.0,0.0,20.0
2022-07-11,3,22.4,94.7,0.0,0.0,10.0
2022-07-11,6,22.4,92.9,0.0,0.0,10.0
2022-07-11,9,24.2,88.1,0.0,0.0,10.0
2022-07-11,12,27.5,74.7,0.0,0.0,10.0
2022-07-11,15,30.0,67.4,0.0,0.0,10.0
2022-07-11,18,29.2,69.7,0.0,0.0,10.0
2022-07-11,21,27.4,74.2,0.0,0.0,20.0
2022-07-12,0,24.4,78.9,0.0,0.0,20.0
2022-07-12,3,23.0,79.2,0.0,0.0,20.0
2022-07-12,6,22.6,79.1,1.0,140.0,10.0
2022-07-12,9,25.0,72.0,1.0,140.0,20.0
2022-07-12,12,25.2,74.3,2.0,140.0,20.0
2022-07-12,15,27.4,69.8,6.0,140.0,20.0
2022-07-12,18,28.0,78.9,0.0,0.0,20.0
2022-07-12,21,26.8,78.3,0.0,0.0,20.0
2022-07-13,0,25.7,82.5,2.0,140.0,10.0
2022-07-13,3,25.4,80.5,3.0,90.0,10.0
2022-07-13,6,23.6,89.1,4.0,90.0,10.0
2022-07-13,9,22.8,98.2,3.0,90.0,10.0
2022-07-13,12,23.8,98.2,4.0,90.0,10.0
2022-07-13,15,25.0,98.2,0.0,0.0,10.0
2022-07-13,18,25.2,97.6,0.0,0.0,20.0
2022-07-13,21,23.2,96.4,4.0,140.0,10.0
2022-07-14,0,22.0,98.2,2.0,140.0,10.0
2022-07-14,3,21.6,98.2,0.0,0.0,10.0
2022-07-14,6,21.8,98.2,0.0,0.0,10.0
2022-07-14,9,22.0,98.2,0.0,0.0,5.0
2022-07-14,12,26.2,80.6,0.0,0.0,10.0
2022-07-14,15,27.8,74.3,0.0,0.0,20.0
2022-07-14,18,27.2,78.3,4.0,320.0,20.0
2022-07-14,21,22.8,75.3,2.0,320.0,20.0
2022-07-15,0,22.2,92.4,0.0,0.0,20.0
2022-07-15,3,22.0,95.2,0.0,0.0,10.0
2022-07-15,6,21.8,96.4,0.0,0.0,10.0
2022-07-15,9,22.8,93.0,0.0,0.0,10.0
2022-07-15,12,26.8,79.7,0.0,0.0,10.0
2022-07-15,15,29.5,71.1,0.0,0.0,10.0
2022-07-15,18,29.8,51.4,2.0,320.0,20.0
2022-07-15,21,25.0,79.5,0.0,0.0,20.0
2022-07-16,0,23.4,88.0,0.0,0.0,20.0
2022-07-16,3,23.0,91.3,0.0,0.0,20.0
2022-07-16,6,22.8,93.0,0.0,0.0,10.0
2022-07-16,9,23.0,94.7,0.0,0.0,5.0
2022-07-16,12,26.0,84.1,0.0,0.0,10.0
2022-07-16,15,29.2,69.7,0.0,0.0,10.0
2022-07-16,18,24.6,94.7,0.0,0.0,20.0
2022-07-16,21,24.0,93.0,1.0,320.0,10.0
2022-07-17,0,22.6,96.4,0.0,0.0,10.0
2022-07-17,3,22.2,96.4,0.0,0.0,10.0
2022-07-17,6,22.2,98.2,0.0,0.0,10.0
2022-07-17,9,24.6,87.6,0.0,0.0,10.0
2022-07-17,12,27.4,72.9,0.0,0.0,10.0
2022-07-17,15,28.4,70.4,1.0,270.0,20.0
2022-07-17,18,27.4,72.0,0.0,0.0,20.0
2022-07-17,21,26.2,80.6,0.0,0.0,20.0
2022-07-18,0,24.8,93.1,0.0,0.0,20.0
2022-07-18,3,23.4,94.7,0.0,0.0,10.0
2022-07-18,6,23.0,96.4,0.0,0.0,10.0
2022-07-18,9,25.8,85.6,1.0,140.0,10.0
2022-07-18,12,28.6,61.6,1.0,230.0,10.0
2022-07-18,15,30.0,66.2,0.0,0.0,20.0
2022-07-18,18,28.9,68.8,2.0,320.0,20.0
2022-07-18,21,25.3,89.2,0.0,0.0,10.0
2022-07-19,0,24.0,95.9,0.0,0.0,10.0
2022-07-19,3,23.6,96.4,0.0,0.0,10.0
2022-07-19,6,23.0,96.4,0.0,0.0,10.0
2022-07-19,9,24.0,91.3,0.0,0.0,7.0
2022-07-19,12,26.9,81.2,0.0,0.0,10.0
2022-07-19,15,29.2,68.5,0.0,0.0,10.0
2022-07-19,18,29.7,63.0,2.0,320.0,20.0
2022-07-19,21,26.4,76.3,1.0,320.0,20.0
2022-07-20,0,25.0,85.0,0.0,0.0,20.0
2022-07-20,3,23.8,93.0,0.0,0.0,20.0
2022-07-20,6,23.0,91.3,0.0,0.0,10.0
2022-07-20,9,25.6,79.1,0.0,0.0,10.0
2022-07-20,12,28.0,71.7,0.0,0.0,10.0
2022-07-20,15,28.2,77.5,0.0,0.0,10.0
2022-07-20,18,27.4,82.7,0.0,0.0,10.0
2022-07-20,21,26.0,89.8,0.0,0.0,10.0
2022-07-21,0,23.4,94.7,0.0,0.0,10.0
2022-07-21,3,21.4,98.2,0.0,0.0,10.0
2022-07-21,6,21.6,98.2,0.0,0.0,10.0
2022-07-21,9,24.2,82.8,0.0,0.0,10.0
2022-07-21,12,24.6,86.5,3.0,320.0,10.0
2022-07-21,15,26.8,78.3,1.0,320.0,10.0
2022-07-21,18,26.0,76.3,0.0,0.0,10.0
2022-07-21,21,24.2,84.9,0.0,0.0,10.0
2022-07-22,0,23.2,93.0,0.0,0.0,10.0
2022-07-22,3,22.6,94.7,0.0,0.0,10.0
2022-07-22,6,22.6,94.7,0.0,0.0,10.0
2022-07-22,9,24.0,91.3,0.0,0.0,10.0
2022-07-22,12,27.0,76.9,0.0,0.0,10.0
2022-07-22,15,27.2,76.0,0.0,0.0,10.0
2022-07-22,18,27.2,84.7,0.0,0.0,10.0
2022-07-22,21,24.8,88.1,0.0,0.0,10.0
2022-07-23,0,23.1,96.4,0.0,0.0,10.0
2022-07-23,3,22.2,96.4,0.0,0.0,10.0
2022-07-23,6,22.4,96.4,0.0,0.0,10.0
2022-07-23,9,24.2,91.3,3.0,90.0,5.0
2022-07-23,12,26.2,77.7,0.0,0.0,10.0
2022-07-23,15,26.0,85.1,2.0,140.0,10.0
2022-07-23,18,22.7,95.8,1.0,140.0,10.0
2022-07-23,21,22.4,95.8,0.0,0.0,10.0
2022-07-24,0,21.8,91.8,1.0,140.0,10.0
2022-07-24,3,21.0,98.2,0.0,0.0,10.0
2022-07-24,6,21.4,97.0,0.0,0.0,10.0
2022-07-24,9,21.8,98.2,0.0,0.0,10.0
2022-07-24,12,23.8,91.3,0.0,0.0,20.0
2022-07-24,15,25.8,80.6,0.0,0.0,20.0
2022-07-24,18,25.6,83.5,0.0,0.0,20.0
2022-07-24,21,23.4,93.0,0.0,0.0,20.0
2022-07-25,0,22.2,94.6,0.0,0.0,10.0
2022-07-25,3,21.8,96.4,0.0,0.0,10.0
2022-07-25,6,20.6,98.2,0.0,0.0,10.0
2022-07-25,9,24.0,88.1,0.0,0.0,10.0
2022-07-25,12,28.0,78.9,0.0,0.0,10.0
2022-07-25,15,29.9,59.3,0.0,0.0,20.0
2022-07-25,18,30.8,61.7,0.0,0.0,20.0
2022-07-25,21,26.8,84.2,0.0,0.0,20.0
2022-07-26,0,24.2,89.7,0.0,0.0,10.0
2022-07-26,3,23.4,94.7,0.0,0.0,10.0
2022-07-26,6,22.2,96.4,0.0,0.0,5.0
2022-07-26,9,25.2,90.9,0.0,0.0,10.0
2022-07-26,12,30.0,71.6,0.0,0.0,10.0
2022-07-26,15,31.4,67.7,0.0,0.0,20.0
2022-07-26,18,30.9,70.1,0.0,0.0,20.0
2022-07-26,21,27.5,83.7,0.0,0.0,10.0
2022-07-27,0,26.1,89.3,0.0,0.0,10.0
2022-07-27,3,25.4,94.8,0.0,0.0,10.0
2022-07-27,6,24.8,96.5,0.0,0.0,10.0
2022-07-27,9,26.4,93.7,0.0,0.0,10.0
2022-07-27,12,29.6,75.0,0.0,0.0,10.0
2022-07-27,15,30.8,73.0,0.0,0.0,10.0
2022-07-27,18,31.2,68.5,0.0,0.0,20.0
2022-07-27,21,28.0,79.9,0.0,0.0,20.0
2022-07-28,0,27.2,92.1,0.0,0.0,20.0
2022-07-28,3,26.0,84.1,1.0,140.0,20.0
2022-07-28,6,24.8,81.9,3.0,140.0,20.0
2022-07-28,9,26.0,74.4,4.0,140.0,20.0
2022-07-28,12,30.0,65.0,5.0,140.0,10.0
2022-07-28,15,30.7,59.8,4.0,140.0,15.0
2022-07-28,18,30.6,62.8,1.0,140.0,15.0
2022-07-28,21,28.2,74.3,0.0,0.0,10.0
2022-07-29,0,27.0,76.9,0.0,0.0,10.0
2022-07-29,3,25.2,88.2,0.0,0.0,10.0
2022-07-29,6,25.2,90.3,0.0,0.0,10.0
2022-07-29,9,27.4,81.3,4.0,140.0,10.0
2022-07-29,12,30.2,74.2,4.0,140.0,10.0
2022-07-29,15,31.8,66.2,2.0,230.0,20.0
2022-07-29,18,31.0,72.2,2.0,230.0,20.0
2022-07-29,21,28.3,76.6,0.0,0.0,20.0
2022-07-30,0,27.4,86.3,0.0,0.0,20.0
2022-07-30,3,26.2,88.8,0.0,0.0,10.0
2022-07-30,6,25.6,91.4,0.0,0.0,10.0
2022-07-30,9,27.8,90.0,2.0,320.0,10.0
2022-07-30,12,32.0,66.2,0.0,0.0,10.0
2022-07-30,15,33.6,58.0,0.0,0.0,10.0
2022-07-30,18,34.4,66.7,0.0,0.0,20.0
2022-07-30,21,25.6,96.5,0.0,0.0,10.0
2022-07-31,0,25.4,94.2,0.0,0.0,10.0
2022-07-31,3,25.4,96.5,0.0,0.0,10.0
2022-07-31,6,25.4,98.2,0.0,0.0,10.0
2022-07-31,9,26.2,95.9,0.0,0.0,10.0
2022-07-31,12,28.8,90.0,0.0,0.0,20.0
2022-07-31,15,25.8,95.9,1.0,140.0,10.0
2022-07-31,18,26.4,97.7,0.0,0.0,10.0
2022-07-31,21,25.4,96.5,1.0,140.0,10.0
2023-03-01,0,4.8,93.2,0.0,0.0,10.0
2023-03-01,3,3.8,95.9,0.0,0.0,10.0
2023-03-01,6,2.6,96.5,0.0,0.0,10.0
2023-03-01,9,2.0,96.5,0.0,0.0,10.0
2023-03-01,12,4.0,86.2,5.0,320.0,5.0
2023-03-01,15,7.8,53.7,7.0,320.0,20.0
2023-03-01,18,6.2,67.3,8.0,320.0,20.0
2023-03-01,21,1.2,76.3,2.0,320.0,10.0
2023-03-02,0,0.4,73.4,5.0,320.0,10.0
2023-03-02,3,-1.2,71.4,1.0,320.0,10.0
2023-03-02,6,-2.4,72.3,0.0,0.0,10.0
2023-03-02,9,-1.0,79.4,0.0,0.0,10.0
2023-03-02,12,3.4,84.9,8.0,320.0,20.0
2023-03-02,15,4.0,63.9,6.0,320.0,20.0
2023-03-02,18,3.6,62.0,2.0,320.0,20.0
2023-03-02,21,0.2,72.8,0.0,0.0,20.0
2023-03-03,0,-1.6,88.2,0.0,0.0,20.0
2023-03-03,3,-2.0,88.8,0.0,0.0,20.0
2023-03-03,6,-1.2,80.6,3.0,140.0,20.0
2023-03-03,9,1.6,69.9,2.0,140.0,20.0
2023-03-03,12,7.5,72.6,3.0,140.0,20.0
2023-03-03,15,11.2,66.0,0.0,0.0,20.0
2023-03-03,18,9.4,74.0,5.0,140.0,20.0
2023-03-03,21,5.6,88.2,2.0,140.0,20.0
2023-03-04,0,4.2,89.9,3.0,90.0,20.0
2023-03-04,3,2.8,91.1,2.0,90.0,20.0
2023-03-04,6,2.9,87.9,2.0,90.0,10.0
2023-03-04,9,4.2,87.4,3.0,140.0,10.0
2023-03-04,12,8.8,69.8,5.0,140.0,10.0
2023-03-04,15,13.0,53.6,0.0,0.0,10.0
2023-03-04,18,12.5,48.4,0.0,0.0,10.0
2023-03-04,21,7.8,77.4,0.0,0.0,10.0
2023-03-05,0,4.4,87.4,0.0,0.0,10.0
2023-03-05,3,2.2,89.1,0.0,0.0,10.0
2023-03-05,6,1.0,88.4,0.0,0.0,10.0
2023-03-05,9,2.6,85.4,0.0,0.0,10.0
2023-03-05,12,11.5,53.1,0.0,0.0,10.0
2023-03-05,15,14.6,33.7,0.0,0.0,10.0
2023-03-05,18,12.6,43.7,1.0,270.0,10.0
2023-03-05,21,7.2,52.4,1.0,270.0,10.0
2023-03-06,0,3.1,59.1,0.0,0.0,10.0
2023-03-06,3,1.4,59.1,0.0,0.0,20.0
2023-03-06,6,1.2,55.6,1.0,140.0,20.0
2023-03-06,9,4.4,54.0,1.0,140.0,10.0
2023-03-06,12,12.0,40.5,1.0,140.0,10.0
2023-03-06,15,14.3,39.2,4.0,230.0,10.0
2023-03-06,18,12.5,49.0,3.0,140.0,10.0
2023-03-06,21,8.2,61.7,3.0,140.0,10.0
2023-03-07,0,7.4,63.3,2.0,140.0,10.0
2023-03-07,3,7.2,71.0,2.0,140.0,10.0
2023-03-07,6,7.8,86.0,0.0,0.0,10.0
2023-03-07,9,8.4,80.8,2.0,140.0,10.0
2023-03-07,12,11.8,75.9,3.0,140.0,10.0
2023-03-07,15,15.4,60.5,2.0,180.0,20.0
2023-03-07,18,14.0,67.1,1.0,180.0,20.0
2023-03-07,21,9.5,85.0,1.0,180.0,20.0
2023-03-08,0,7.2,91.4,4.0,140.0,20.0
2023-03-08,3,6.8,94.0,6.0,140.0,10.0
2023-03-08,6,7.8,91.5,5.0,140.0,10.0
2023-03-08,9,9.2,86.7,6.0,140.0,10.0
2023-03-08,12,12.4,76.6,6.0,140.0,10.0
2023-03-08,15,12.5,70.6,6.0,140.0,10.0
2023-03-08,18,11.8,78.0,3.0,140.0,10.0
2023-03-08,21,12.6,85.9,0.0,0.0,10.0
2023-03-09,0,12.9,83.1,0.0,0.0,10.0
2023-03-09,3,10.8,94.8,1.0,230.0,10.0
2023-03-09,6,9.4,97.3,0.0,0.0,10.0
2023-03-09,9,9.2,94.7,0.0,0.0,10.0
2023-03-09,12,10.0,90.4,0.0,0.0,10.0
2023-03-09,15,15.0,65.5,0.0,0.0,10.0
2023-03-09,18,13.8,54.5,1.0,320.0,10.0
2023-03-09,21,9.0,76.0,0.0,0.0,10.0
2023-03-10,0,8.0,86.0,3.0,140.0,10.0
2023-03-10,3,7.0,92.7,2.0,140.0,10.0
2023-03-10,6,6.0,92.0,2.0,140.0,10.0
2023-03-10,9,7.8,83.0,4.0,140.0,10.0
2023-03-10,12,14.8,53.3,7.0,140.0,10.0
2023-03-10,15,19.6,42.1,3.0,140.0,10.0
2023-03-10,18,17.0,53.1,4.0,140.0,10.0
2023-03-10,21,12.6,67.3,5.0,140.0,10.0
2023-03-11,0,11.8,75.9,7.0,140.0,10.0
2023-03-11,3,10.8,82.8,6.0,90.0,10.0
2023-03-11,6,10.2,82.2,6.0,90.0,10.0
2023-03-11,9,12.5,71.0,5.0,140.0,10.0
2023-03-11,12,17.0,54.6,1.0,140.0,10.0
2023-03-11,15,19.5,50.6,2.0,230.0,10.0
2023-03-11,18,16.7,63.3,1.0,180.0,10.0
2023-03-11,21,11.0,81.7,0.0,0.0,5.0
2023-03-12,0,8.0,91.5,0.0,0.0,10.0
2023-03-12,3,7.4,94.0,2.0,320.0,10.0
2023-03-12,6,5.8,94.6,5.0,320.0,10.0
2023-03-12,9,5.3,95.2,1.0,320.0,10.0
2023-03-12,12,4.6,89.3,5.0,320.0,10.0
2023-03-12,15,5.6,60.7,9.0,320.0,20.0
2023-03-12,18,3.6,44.4,9.0,320.0,20.0
2023-03-12,21,1.0,72.9,7.0,320.0,20.0
2023-03-13,0,-0.4,87.6,8.0,320.0,20.0
2023-03-13,3,-2.2,86.8,1.0,320.0,20.0
2023-03-13,6,-3.0,83.5,0.0,0.0,20.0
2023-03-13,9,-0.4,67.4,0.0,0.0,20.0
2023-03-13,12,3.4,46.1,0.0,0.0,20.0
2023-03-13,15,7.6,42.3,3.0,180.0,20.0
2023-03-13,18,5.3,58.4,2.0,140.0,20.0
2023-03-13,21,4.5,64.1,7.0,140.0,20.0
2023-03-14,0,5.0,73.2,4.0,140.0,20.0
2023-03-14,3,4.8,75.8,3.0,140.0,20.0
2023-03-14,6,4.6,79.1,5.0,140.0,20.0
2023-03-14,9,6.4,76.1,6.0,140.0,20.0
2023-03-14,12,10.0,64.4,6.0,140.0,10.0
2023-03-14,15,10.4,64.9,6.0,180.0,20.0
2023-03-14,18,10.0,69.1,5.0,180.0,20.0
2023-03-14,21,8.3,79.7,5.0,140.0,20.0
2023-03-15,0,7.2,85.9,1.0,140.0,10.0
2023-03-15,3,8.0,86.0,2.0,140.0,10.0
2023-03-15,6,8.6,80.3,2.0,140.0,10.0
2023-03-15,9,9.0,89.1,0.0,0.0,10.0
2023-03-15,12,6.2,89.5,6.0,320.0,10.0
2023-03-15,15,6.4,52.9,8.0,320.0,10.0
2023-03-15,18,5.2,56.6,7.0,320.0,20.0
2023-03-15,21,2.2,46.1,2.0,320.0,20.0
2023-03-16,0,0.4,68.6,2.0,320.0,20.0
2023-03-16,3,0.6,48.5,1.0,320.0,20.0
2023-03-16,6,-0.4,63.9,0.0,0.0,20.0
2023-03-16,9,0.7,67.1,0.0,0.0,20.0
2023-03-16,12,6.8,52.6,4.0,320.0,20.0
2023-03-16,15,7.2,35.4,7.0,320.0,20.0
2023-03-16,18,5.8,29.4,6.0,320.0,20.0
2023-03-16,21,1.8,48.9,1.0,320.0,20.0
2023-03-17,0,1.4,47.3,0.0,0.0,20.0
2023-03-17,3,0.0,60.6,0.0,0.0,20.0
2023-03-17,6,-1.4,74.2,0.0,0.0,20.0
2023-03-17,9,0.0,60.6,0.0,0.0,20.0
2023-03-17,12,7.0,39.0,0.0,0.0,20.0
2023-03-17,15,10.0,28.6,5.0,320.0,20.0
2023-03-17,18,9.3,26.5,3.0,320.0,20.0
2023-03-17,21,5.0,65.1,0.0,0.0,10.0
2023-03-18,0,2.3,66.5,0.0,0.0,10.0
2023-03-18,3,0.6,72.3,0.0,0.0,10.0
2023-03-18,6,0.0,64.0,0.0,0.0,10.0
2023-03-18,9,1.2,76.3,0.0,0.0,20.0
2023-03-18,12,8.0,50.3,2.0,320.0,20.0
2023-03-18,15,11.4,37.2,8.0,320.0,20.0
2023-03-18,18,10.0,33.3,4.0,320.0,20.0
2023-03-18,21,5.0,65.1,3.0,320.0,20.0
2023-03-19,0,4.0,69.8,0.0,0.0,20.0
2023-03-19,3,1.4,81.6,0.0,0.0,20.0
2023-03-19,6,-0.4,84.4,0.0,0.0,20.0
2023-03-19,9,3.6,68.2,0.0,0.0,10.0
2023-03-19,12,10.6,55.6,0.0,0.0,10.0
2023-03-19,15,15.4,28.0,0.0,0.0,10.0
2023-03-19,18,12.6,43.7,6.0,320.0,10.0
2023-03-19,21,7.7,56.1,0.0,0.0,10.0
2023-03-20,0,5.5,54.3,0.0,0.0,10.0
2023-03-20,3,2.8,65.6,0.0,0.0,10.0
2023-03-20,6,0.8,65.1,0.0,0.0,10.0
2023-03-20,9,3.8,57.6,0.0,0.0,10.0
2023-03-20,12,12.6,35.6,0.0,0.0,10.0
2023-03-20,15,15.4,26.8,0.0,0.0,10.0
2023-03-20,18,13.6,34.6,2.0,320.0,10.0
2023-03-20,21,8.6,49.4,0.0,0.0,20.0
2023-03-21,0,7.0,58.8,0.0,0.0,20.0
2023-03-21,3,5.4,65.7,0.0,0.0,20.0
2023-03-21,6,3.0,66.1,0.0,0.0,20.0
2023-03-21,9,5.2,63.3,0.0,0.0,10.0
2023-03-21,12,14.2,35.9,0.0,0.0,10.0
2023-03-21,15,17.7,36.6,0.0,0.0,10.0
2023-03-21,18,16.5,42.1,4.0,320.0,10.0
2023-03-21,21,9.0,58.5,0.0,0.0,10.0
2023-03-22,0,6.0,69.7,0.0,0.0,10.0
2023-03-22,3,4.8,83.8,0.0,0.0,10.0
2023-03-22,6,6.2,69.8,0.0,0.0,10.0
2023-03-22,9,7.8,66.2,0.0,0.0,10.0
2023-03-22,12,15.0,48.0,0.0,0.0,10.0
2023-03-22,15,15.6,49.2,2.0,320.0,10.0
2023-03-22,18,12.6,70.6,0.0,0.0,10.0
2023-03-22,21,10.8,81.1,2.0,320.0,10.0
2023-03-23,0,11.3,73.8,0.0,0.0,10.0
2023-03-23,3,10.6,75.7,0.0,0.0,10.0
2023-03-23,6,9.4,77.1,0.0,0.0,10.0
2023-03-23,12,14.6,42.2,8.0,320.0,10.0
2023-03-23,15,18.0,28.1,8.0,320.0,10.0
2023-03-23,18,13.6,30.1,8.0,320.0,10.0
2023-03-23,21,8.2,38.8,7.0,320.0,10.0
2023-03-24,0,5.2,51.0,4.0,320.0,20.0
2023-03-24,3,4.0,51.8,3.0,320.0,20.0
2023-03-24,6,3.4,39.7,0.0,0.0,10.0
2023-03-24,9,3.9,31.0,5.0,320.0,10.0
2023-03-24,12,6.6,23.7,6.0,320.0,10.0
2023-03-24,15,8.6,26.0,3.0,320.0,20.0
2023-03-24,18,7.8,37.8,7.0,320.0,20.0
2023-03-24,21,4.7,57.4,3.0,320.0,10.0
2023-03-25,0,3.2,66.2,2.0,320.0,10.0
2023-03-25,3,1.6,77.5,0.0,0.0,10.0
2023-03-25,6,1.0,65.7,0.0,0.0,10.0
2023-03-25,9,3.4,62.9,0.0,0.0,10.0
2023-03-25,12,10.0,49.8,0.0,0.0,10.0
2023-03-25,15,14.0,36.3,2.0,320.0,10.0
2023-03-25,18,9.8,42.0,6.0,320.0,10.0
2023-03-25,21,6.4,52.9,0.0,0.0,10.0
2023-03-26,3,4.0,57.6,0.0,0.0,10.0
2023-03-26,6,2.5,49.1,2.0,320.0,10.0
2023-03-26,9,5.0,39.0,4.0,320.0,20.0
2023-03-26,12,9.5,26.1,8.0,320.0,20.0
2023-03-26,15,9.2,19.8,9.0,320.0,20.0
2023-03-26,18,7.5,31.8,6.0,320.0,20.0
2023-03-26,21,3.8,47.3,2.0,320.0,20.0
2023-03-27,0,2.4,58.1,0.0,0.0,20.0
2023-03-27,3,0.6,66.1,0.0,0.0,20.0
2023-03-27,6,-0.8,74.8,0.0,0.0,20.0
2023-03-27,9,4.0,55.5,0.0,0.0,20.0
2023-03-27,12,10.0,41.4,0.0,0.0,20.0
2023-03-27,15,13.9,23.9,0.0,0.0,20.0
2023-03-27,18,12.2,33.7,5.0,320.0,20.0
2023-03-27,21,7.8,64.4,0.0,0.0,20.0
2023-03-28,0,5.2,69.1,0.0,0.0,10.0
2023-03-28,3,3.8,68.8,0.0,0.0,10.0
2023-03-28,6,2.8,80.6,2.0,140.0,10.0
2023-03-28,9,5.6,74.9,1.0,140.0,10.0
2023-03-28,12,10.6,55.6,0.0,0.0,10.0
2023-03-28,15,14.0,50.2,0.0,0.0,20.0
2023-03-28,18,15.4,48.5,6.0,320.0,20.0
2023-03-28,21,9.0,73.9,1.0,320.0,20.0
2023-03-29,0,6.8,81.7,0.0,0.0,20.0
2023-03-29,3,5.0,86.9,0.0,0.0,20.0
2023-03-29,6,2.8,92.5,0.0,0.0,10.0
2023-03-29,9,8.4,69.7,2.0,140.0,10.0
2023-03-29,12,15.5,41.5,2.0,140.0,10.0
2023-03-29,15,17.3,35.5,5.0,230.0,10.0
2023-03-29,18,16.0,30.3,3.0,270.0,20.0
2023-03-29,21,12.0,49.3,0.0,0.0,10.0
2023-03-30,0,9.0,52.5,0.0,0.0,10.0
2023-03-30,3,6.4,56.1,0.0,0.0,10.0
2023-03-30,6,5.2,69.1,2.0,140.0,10.0
2023-03-30,9,11.2,49.7,0.0,0.0,10.0
2023-03-30,12,17.4,31.7,0.0,0.0,10.0
2023-03-30,15,20.2,24.0,3.0,320.0,10.0
2023-03-30,18,19.0,24.2,2.0,320.0,15.0
2023-03-30,21,14.0,21.1,0.0,0.0,10.0
2023-03-31,0,10.8,49.3,0.0,0.0,10.0
2023-03-31,3,6.7,53.0,0.0,0.0,10.0
2023-03-31,6,7.2,58.0,0.0,0.0,10.0
2023-03-31,9,9.0,54.0,0.0,0.0,10.0
2023-03-31,12,16.3,38.9,0.0,0.0,10.0
2023-03-31,15,22.3,30.4,2.0,320.0,10.0
2023-03-31,18,19.6,33.2,4.0,320.0,10.0
2023-03-31,21,14.2,49.9,4.0,320.0,10.0
2023-04-01,0,10.4,58.8,0.0,0.0,10.0
2023-04-01,3,8.0,72.7,0.0,0.0,10.0
2023-04-01,6,6.8,70.9,0.0,0.0,10.0
2023-04-01,9,10.7,55.3,0.0,0.0,5.0
2023-04-01,12,17.6,47.1,0.0,0.0,10.0
2023-04-01,15,23.2,22.4,1.0,320.0,10.0
2023-04-01,18,21.0,28.2,4.0,320.0,10.0
2023-04-01,21,14.5,47.9,2.0,320.0,10.0
2023-04-02,0,10.6,61.9,0.0,0.0,10.0
2023-04-02,3,8.4,60.0,0.0,0.0,10.0
2023-04-02,6,8.6,44.9,0.0,0.0,10.0
2023-04-02,9,12.4,47.3,0.0,0.0,10.0
2023-04-02,12,21.0,27.0,0.0,0.0,10.0
2023-04-02,15,25.0,19.3,0.0,0.0,20.0
2023-04-02,18,22.0,28.1,4.0,320.0,20.0
2023-04-02,21,15.8,38.5,3.0,320.0,10.0
2023-04-03,0,12.6,56.1,0.0,0.0,10.0
2023-04-03,3,9.2,58.5,0.0,0.0,10.0
2023-04-03,6,9.0,70.4,0.0,0.0,10.0
2023-04-03,9,15.4,43.3,0.0,0.0,10.0
2023-04-03,12,22.0,20.9,2.0,140.0,10.0
2023-04-03,15,24.6,20.3,0.0,0.0,10.0
2023-04-03,18,24.2,24.6,0.0,0.0,10.0
2023-04-03,21,17.2,41.2,0.0,0.0,10.0
2023-04-04,0,13.6,54.1,0.0,0.0,10.0
2023-04-04,3,13.2,53.2,0.0,0.0,10.0
2023-04-04,6,12.5,51.2,0.0,0.0,10.0
2023-04-04,9,16.6,35.0,0.0,0.0,10.0
2023-04-04,12,19.8,20.0,0.0,0.0,10.0
2023-04-04,15,19.2,24.3,2.0,140.0,10.0
2023-04-04,18,16.5,45.8,1.0,140.0,10.0
2023-04-04,21,13.0,73.6,0.0,0.0,10.0
2023-04-05,0,12.2,89.9,6.0,140.0,10.0
2023-04-05,3,12.0,92.4,8.0,140.0,10.0
2023-04-05,6,11.8,92.3,8.0,140.0,10.0
2023-04-05,9,12.2,94.9,8.0,140.0,10.0
2023-04-05,12,13.1,95.5,8.0,140.0,20.0
2023-04-05,15,13.1,94.3,1.0,140.0,20.0
2023-04-05,18,13.3,93.0,2.0,140.0,10.0
2023-04-05,21,9.2,92.2,2.0,230.0,10.0
2023-04-06,0,9.5,91.0,2.0,140.0,10.0
2023-04-06,3,9.0,91.6,2.0,140.0,10.0
2023-04-06,6,9.0,91.6,0.0,0.0,10.0
2023-04-06,9,9.0,93.4,0.0,0.0,10.0
2023-04-06,12,10.0,89.8,0.0,0.0,5.0
2023-04-06,15,9.8,94.8,3.0,320.0,5.0
2023-04-06,18,9.5,77.7,0.0,0.0,5.0
2023-04-06,21,8.8,78.7,0.0,0.0,5.0
2023-04-07,0,5.8,91.3,0.0,0.0,5.0
2023-04-07,3,4.8,78.0,0.0,0.0,10.0
2023-04-07,6,4.2,80.2,0.0,0.0,10.0
2023-04-07,9,7.2,75.7,0.0,0.0,10.0
2023-04-07,12,10.6,55.6,4.0,320.0,10.0
2023-04-07,15,8.4,41.9,9.0,320.0,20.0
2023-04-07,18,8.0,33.5,9.0,320.0,20.0
2023-04-07,21,4.8,50.1,0.0,0.0,20.0
2023-04-08,0,4.2,64.5,0.0,0.0,20.0
2023-04-08,3,3.0,66.1,0.0,0.0,20.0
2023-04-08,6,3.0,68.6,0.0,0.0,20.0
2023-04-08,9,6.0,67.3,0.0,0.0,20.0
2023-04-08,12,10.8,40.2,4.0,320.0,20.0
2023-04-08,15,12.8,29.9,4.0,320.0,30.0
2023-04-08,18,12.0,26.4,4.0,320.0,30.0
2023-04-08,21,8.4,55.4,0.0,0.0,20.0
2023-04-09,0,6.5,70.4,0.0,0.0,20.0
2023-04-09,3,3.0,79.5,0.0,0.0,20.0
2023-04-09,6,2.0,82.3,1.0,140.0,20.0
2023-04-09,9,9.0,54.8,3.0,140.0,20.0
2023-04-09,12,15.5,58.5,1.0,140.0,15.0
2023-04-09,15,17.5,47.4,3.0,230.0,10.0
2023-04-09,18,16.6,36.6,6.0,230.0,10.0
2023-04-09,21,11.4,70.3,1.0,230.0,10.0
2023-04-10,0,8.7,79.7,2.0,140.0,10.0
2023-04-10,3,8.4,83.7,0.0,0.0,10.0
2023-04-10,6,8.0,77.4,3.0,140.0,10.0
2023-04-10,9,10.8,65.5,4.0,140.0,10.0
2023-04-10,12,14.3,60.2,6.0,140.0,10.0
2023-04-10,15,15.3,58.0,5.0,140.0,10.0
2023-04-10,18,12.8,69.7,8.0,140.0,10.0
2023-04-10,21,11.5,79.1,4.0,140.0,10.0
2023-04-11,0,11.8,73.9,5.0,140.0,10.0
2023-04-11,3,12.0,81.9,7.0,140.0,10.0
2023-04-11,6,12.4,85.3,4.0,140.0,10.0
2023-04-11,9,12.4,93.0,2.0,230.0,10.0
2023-04-11,12,13.6,90.0,1.0,230.0,10.0
2023-04-11,15,15.0,72.0,5.0,320.0,10.0
2023-04-11,18,14.8,54.8,6.0,320.0,5.0
2023-04-11,21,9.4,63.8,5.0,320.0,4.0
2023-04-12,0,7.6,54.4,1.0,320.0,4.0
2023-04-12,3,5.6,46.4,0.0,0.0,4.0
2023-04-12,6,3.6,73.4,0.0,0.0,4.0
2023-04-12,9,7.4,69.0,0.0,0.0,4.0
2023-04-12,12,14.0,28.9,3.0,320.0,5.0
2023-04-12,15,16.3,21.6,4.0,320.0,5.0
2023-04-12,18,16.0,25.8,3.0,320.0,5.0
2023-04-12,21,10.4,58.0,0.0,0.0,10.0
2023-04-13,0,8.5,55.9,0.0,0.0,10.0
2023-04-13,3,6.4,57.4,0.0,0.0,10.0
2023-04-13,6,6.0,55.6,1.0,140.0,10.0
2023-04-13,9,10.4,50.6,1.0,140.0,10.0
2023-04-13,12,15.2,41.2,4.0,140.0,10.0
2023-04-13,15,16.0,42.3,2.0,140.0,10.0
2023-04-13,18,15.6,36.0,1.0,140.0,10.0
2023-04-13,21,13.4,44.3,1.0,140.0,10.0
2023-04-14,0,12.2,45.9,3.0,140.0,10.0
2023-04-14,3,12.0,39.9,3.0,140.0,10.0
2023-04-14,6,10.5,45.7,2.0,140.0,10.0
2023-04-14,9,11.5,69.9,4.0,140.0,10.0
2023-04-14,12,16.0,69.4,5.0,140.0,10.0
2023-04-14,15,16.8,60.0,1.0,140.0,10.0
2023-04-14,18,16.8,62.1,1.0,140.0,10.0
2023-04-14,21,15.4,72.6,0.0,0.0,10.0
2023-04-15,0,14.0,80.0,0.0,0.0,10.0
2023-04-15,3,13.0,95.5,0.0,0.0,10.0
2023-04-15,6,12.4,97.4,0.0,0.0,10.0
2023-04-15,9,12.8,97.4,0.0,0.0,10.0
2023-04-15,12,12.0,92.4,0.0,0.0,10.0
2023-04-15,15,13.8,86.0,3.0,320.0,20.0
2023-04-15,18,15.0,78.5,2.0,320.0,20.0
2023-04-15,21,11.3,68.9,2.0,320.0,10.0
2023-04-16,0,9.2,77.1,0.0,0.0,10.0
2023-04-16,3,7.8,83.0,0.0,0.0,10.0
2023-04-16,6,7.4,72.1,0.0,0.0,10.0
2023-04-16,9,9.0,70.4,0.0,0.0,10.0
2023-04-16,12,14.4,47.5,0.0,0.0,10.0
2023-04-16,15,17.0,34.6,5.0,320.0,10.0
2023-04-16,18,16.0,32.4,3.0,320.0,10.0
2023-04-16,21,11.0,58.6,2.0,320.0,10.0
2023-04-17,0,8.2,70.7,0.0,0.0,10.0
2023-04-17,3,8.0,65.3,0.0,0.0,10.0
2023-04-17,6,5.4,86.9,0.0,0.0,10.0
2023-04-17,9,11.2,57.8,0.0,0.0,10.0
2023-04-17,12,14.8,51.8,0.0,0.0,10.0
2023-04-17,15,15.6,45.6,3.0,140.0,10.0
2023-04-17,18,14.6,48.6,2.0,180.0,20.0
2023-04-17,21,12.8,60.7,2.0,140.0,20.0
2023-04-18,0,13.6,54.1,2.0,140.0,10.0
2023-04-18,3,12.0,81.9,3.0,140.0,10.0
2023-04-18,6,11.4,80.1,3.0,140.0,10.0
2023-04-18,9,12.0,76.5,3.0,140.0,10.0
2023-04-18,12,15.0,78.5,3.0,140.0,10.0
2023-04-18,15,19.8,63.6,3.0,320.0,10.0
2023-04-18,18,20.2,64.9,2.0,320.0,10.0
2023-04-18,21,14.0,69.0,3.0,320.0,10.0
2023-04-19,0,11.0,84.5,0.0,0.0,10.0
2023-04-19,3,9.3,89.7,0.0,0.0,10.0
2023-04-19,6,9.6,84.4,0.0,0.0,10.0
2023-04-19,9,14.0,69.0,0.0,0.0,10.0
2023-04-19,12,21.5,47.2,0.0,0.0,10.0
2023-04-19,15,25.6,36.6,0.0,0.0,20.0
2023-04-19,18,21.2,47.8,5.0,320.0,10.0
2023-04-19,21,16.2,69.4,0.0,0.0,10.0
2023-04-20,0,13.8,77.3,0.0,0.0,10.0
2023-04-20,3,15.2,78.6,0.0,0.0,10.0
2023-04-20,6,13.6,90.6,0.0,0.0,10.0
2023-04-20,9,14.4,87.8,0.0,0.0,10.0
2023-04-20,12,15.4,82.8,0.0,0.0,10.0
2023-04-20,15,17.6,70.6,4.0,320.0,20.0
2023-04-20,18,19.0,55.1,3.0,320.0,10.0
2023-04-20,21,15.0,41.7,5.0,320.0,20.0
2023-04-21,0,12.0,42.9,1.0,320.0,20.0
2023-04-21,3,11.4,43.1,5.0,320.0,20.0
2023-04-21,6,11.6,35.9,5.0,320.0,10.0
2023-04-21,9,13.2,29.7,4.0,320.0,10.0
2023-04-21,12,16.8,22.0,6.0,320.0,5.0
2023-04-21,15,18.8,15.7,6.0,320.0,5.0
2023-04-21,18,17.4,23.2,6.0,320.0,5.0
2023-04-21,21,14.8,36.8,0.0,0.0,10.0
2023-04-22,0,14.8,30.9,3.0,360.0,10.0
2023-04-22,3,13.2,33.0,0.0,0.0,10.0
2023-04-22,6,11.2,39.1,0.0,0.0,10.0
2023-04-22,9,11.8,51.4,0.0,0.0,10.0
2023-04-22,12,17.4,26.8,0.0,0.0,10.0
2023-04-22,15,20.4,21.2,5.0,320.0,20.0
2023-04-22,18,19.8,20.7,7.0,320.0,20.0
2023-04-22,21,15.0,27.5,0.0,0.0,20.0
2023-04-23,0,11.0,42.7,0.0,0.0,20.0
2023-04-23,3,8.4,69.7,0.0,0.0,20.0
2023-04-23,6,7.4,73.1,0.0,0.0,20.0
2023-04-23,9,12.2,58.5,0.0,0.0,10.0
2023-04-23,12,19.8,30.8,2.0,360.0,10.0
2023-04-23,15,22.0,25.8,3.0,360.0,10.0
2023-04-23,18,17.8,29.5,7.0,320.0,20.0
2023-04-23,21,14.0,36.3,2.0,320.0,20.0
2023-04-24,0,11.8,52.8,2.0,320.0,20.0
2023-04-24,3,10.0,59.6,0.0,0.0,10.0
2023-04-24,6,9.8,66.2,0.0,0.0,10.0
2023-04-24,9,12.2,59.7,0.0,0.0,10.0
2023-04-24,12,18.2,39.2,1.0,140.0,10.0
2023-04-24,15,21.0,37.9,0.0,0.0,10.0
2023-04-24,18,20.6,37.5,0.0,0.0,10.0
2023-04-24,21,15.8,49.6,0.0,0.0,10.0
2023-04-25,0,12.8,62.4,0.0,0.0,10.0
2023-04-25,3,9.8,67.6,0.0,0.0,10.0
2023-04-25,6,10.0,66.7,0.0,0.0,10.0
2023-04-25,9,11.2,65.6,3.0,140.0,10.0
2023-04-25,12,11.8,54.8,4.0,140.0,10.0
2023-04-25,15,10.5,77.8,3.0,140.0,10.0
2023-04-25,18,10.4,81.6,0.0,0.0,10.0
2023-04-25,21,10.0,87.4,0.0,0.0,10.0
2023-04-26,0,9.8,85.6,0.0,0.0,10.0
2023-04-26,3,9.0,89.1,0.0,0.0,10.0
2023-04-26,6,7.0,77.8,3.0,320.0,10.0
2023-04-26,9,6.8,69.9,5.0,320.0,20.0
2023-04-26,12,9.4,53.3,5.0,320.0,20.0
2023-04-26,15,13.8,54.5,6.0,320.0,20.0
2023-04-26,18,13.8,51.9,5.0,320.0,20.0
2023-04-26,21,9.0,67.0,2.0,320.0,20.0
2023-04-27,0,6.5,70.4,0.0,0.0,20.0
2023-04-27,3,5.4,84.5,0.0,0.0,20.0
2023-04-27,6,4.4,83.8,0.0,0.0,20.0
2023-04-27,9,10.5,68.7,0.0,0.0,20.0
2023-04-27,12,15.4,48.5,2.0,140.0,20.0
2023-04-27,15,19.2,38.1,4.0,230.0,20.0
2023-04-27,18,17.7,32.2,3.0,230.0,20.0
2023-04-27,21,13.0,48.8,0.0,0.0,20.0
2023-04-28,0,10.4,64.9,0.0,0.0,20.0
2023-04-28,3,7.4,72.1,0.0,0.0,20.0
2023-04-28,6,7.0,68.0,1.0,140.0,20.0
2023-04-28,9,11.8,51.4,2.0,140.0,20.0
2023-04-28,12,16.7,53.8,5.0,140.0,20.0
2023-04-28,15,18.0,52.7,3.0,140.0,20.0
2023-04-28,18,16.8,50.2,2.0,140.0,20.0
2023-04-28,21,15.2,68.3,1.0,140.0,20.0
2023-04-29,0,15.0,78.5,1.0,140.0,20.0
2023-04-29,3,14.2,90.7,3.0,90.0,10.0
2023-04-29,6,14.0,95.5,3.0,140.0,10.0
2023-04-29,9,13.7,96.2,0.0,0.0,10.0
2023-04-29,12,12.7,93.6,4.0,230.0,10.0
2023-04-29,15,14.8,70.1,4.0,230.0,10.0
2023-04-29,18,11.6,78.5,4.0,230.0,10.0
2023-04-29,21,10.0,84.4,3.0,270.0,10.0
2023-04-30,0,9.2,79.3,5.0,320.0,20.0
2023-04-30,3,7.2,94.6,0.0,0.0,20.0
2023-04-30,6,7.6,90.8,0.0,0.0,20.0
2023-04-30,9,11.0,70.3,0.0,0.0,20.0
2023-04-30,12,16.2,51.1,0.0,0.0,20.0
2023-04-30,15,17.8,46.5,5.0,230.0,20.0
2023-04-30,18,17.8,47.5,4.0,320.0,20.0
2023-04-30,21,13.0,63.3,5.0,320.0,20.0
2023-05-01,0,10.2,77.8,0.0,0.0,20.0
2023-05-01,3,7.8,92.7,0.0,0.0,20.0
2023-05-01,6,7.0,90.8,0.0,0.0,20.0
2023-05-01,9,10.6,77.3,0.0,0.0,20.0
2023-05-01,12,17.2,36.2,2.0,320.0,20.0
2023-05-01,15,20.2,33.9,1.0,230.0,20.0
2023-05-01,18,20.4,28.8,5.0,230.0,20.0
2023-05-01,21,15.2,51.6,1.0,230.0,20.0
2023-05-02,0,12.2,64.9,0.0,0.0,20.0
2023-05-02,3,9.4,66.1,0.0,0.0,20.0
2023-05-02,6,9.4,66.1,0.0,0.0,20.0
2023-05-02,9,14.4,45.2,3.0,140.0,20.0
2023-05-02,12,21.0,32.9,2.0,140.0,20.0
2023-05-02,15,22.5,32.2,5.0,180.0,20.0
2023-05-02,18,19.7,41.3,3.0,140.0,20.0
2023-05-02,21,16.2,55.5,0.0,0.0,20.0
2023-05-03,0,14.8,57.5,0.0,0.0,20.0
2023-05-03,3,11.8,68.5,0.0,0.0,20.0
2023-05-03,6,11.6,70.9,1.0,140.0,20.0
2023-05-03,9,17.6,50.1,4.0,140.0,20.0
2023-05-03,12,23.0,37.4,1.0,140.0,20.0
2023-05-03,15,24.6,42.4,4.0,230.0,20.0
2023-05-03,18,23.2,54.8,2.0,230.0,20.0
2023-05-03,21,18.6,74.1,0.0,0.0,20.0
2023-05-04,0,16.0,87.9,0.0,0.0,20.0
2023-05-04,3,14.6,88.9,0.0,0.0,20.0
2023-05-04,6,15.6,91.4,0.0,0.0,20.0
2023-05-04,9,19.0,75.1,3.0,140.0,20.0
2023-05-04,12,22.2,71.9,5.0,140.0,20.0
2023-05-04,15,23.4,65.2,5.0,140.0,20.0
2023-05-04,18,22.6,67.6,0.0,0.0,20.0
2023-05-04,21,19.2,96.3,0.0,0.0,20.0
2023-05-05,0,18.4,93.9,0.0,0.0,20.0
2023-05-05,3,17.4,98.1,2.0,140.0,10.0
2023-05-05,6,17.2,97.5,5.0,230.0,10.0
2023-05-05,9,18.0,95.7,4.0,90.0,10.0
2023-05-05,12,18.0,97.5,5.0,140.0,10.0
2023-05-05,15,17.9,93.3,0.0,0.0,20.0
2023-05-05,18,17.6,92.1,1.0,140.0,20.0
2023-05-05,21,16.0,93.2,3.0,140.0,10.0
2023-05-06,0,15.4,89.0,0.0,0.0,10.0
2023-05-06,3,15.0,86.7,0.0,0.0,10.0
2023-05-06,6,14.8,82.8,0.0,0.0,10.0
2023-05-06,9,15.5,58.9,0.0,0.0,30.0
2023-05-06,12,15.8,55.0,1.0,90.0,30.0
2023-05-06,15,17.4,57.4,1.0,90.0,20.0
2023-05-06,18,18.8,37.7,1.0,50.0,20.0
2023-05-06,21,14.6,44.0,0.0,0.0,20.0
2023-05-07,0,12.8,44.8,0.0,0.0,20.0
2023-05-07,3,11.2,54.2,0.0,0.0,20.0
2023-05-07,6,9.2,58.5,0.0,0.0,20.0
2023-05-07,9,12.8,69.7,0.0,0.0,10.0
2023-05-07,12,16.8,44.0,0.0,0.0,10.0
2023-05-07,15,19.6,40.7,0.0,0.0,20.0
2023-05-07,18,20.7,32.8,2.0,320.0,20.0
2023-05-07,21,15.0,62.1,0.0,0.0,20.0
2023-05-08,0,12.2,69.1,1.0,320.0,20.0
2023-05-08,3,11.6,70.9,0.0,0.0,20.0
2023-05-08,6,8.0,80.2,0.0,0.0,20.0
2023-05-08,9,13.4,63.8,0.0,0.0,10.0
2023-05-08,12,18.0,58.3,0.0,0.0,10.0
2023-05-08,15,21.6,38.0,2.0,320.0,20.0
2023-05-08,18,21.0,32.5,4.0,320.0,20.0
2023-05-08,21,16.0,50.7,0.0,0.0,20.0
2023-05-09,0,13.0,59.9,0.0,0.0,20.0
2023-05-09,3,9.4,78.7,0.0,0.0,20.0
2023-05-09,6,9.0,70.4,1.0,140.0,20.0
2023-05-09,9,16.0,54.3,0.0,0.0,10.0
2023-05-09,12,20.2,49.5,0.0,0.0,10.0
2023-05-09,15,24.2,40.1,3.0,320.0,10.0
2023-05-09,18,23.0,31.0,5.0,320.0,20.0
2023-05-09,21,17.4,41.8,1.0,320.0,20.0
2023-05-10,0,15.0,54.1,1.0,320.0,20.0
2023-05-10,3,14.4,53.2,0.0,0.0,20.0
2023-05-10,6,9.4,68.5,0.0,0.0,20.0
2023-05-10,9,15.4,50.9,0.0,0.0,20.0
2023-05-10,12,21.8,41.6,0.0,0.0,20.0
2023-05-10,15,24.5,31.5,4.0,320.0,20.0
2023-05-10,18,23.5,24.2,6.0,320.0,20.0
2023-05-10,21,17.6,32.9,0.0,0.0,20.0
2023-05-11,0,15.6,41.9,0.0,0.0,20.0
2023-05-11,3,13.0,44.8,0.0,0.0,20.0
2023-05-11,6,12.5,59.4,1.0,140.0,20.0
2023-05-11,9,17.6,48.8,2.0,140.0,20.0
2023-05-11,12,22.2,41.7,0.0,0.0,20.0
2023-05-11,15,25.0,36.5,0.0,0.0,20.0
2023-05-11,18,25.0,39.0,2.0,320.0,20.0
2023-05-11,21,18.8,57.0,0.0,0.0,20.0
2023-05-12,0,16.2,63.6,0.0,0.0,20.0
2023-05-12,3,13.0,79.3,0.0,0.0,20.0
2023-05-12,6,11.8,73.9,0.0,0.0,20.0
2023-05-12,9,16.4,59.9,0.0,0.0,10.0
2023-05-12,12,20.4,40.4,0.0,0.0,20.0
2023-05-12,15,24.4,30.8,3.0,230.0,20.0
2023-05-12,18,23.7,41.9,2.0,230.0,20.0
2023-05-12,21,18.4,58.4,0.0,0.0,20.0
2023-05-13,0,14.8,76.9,0.0,0.0,20.0
2023-05-13,3,13.0,85.9,0.0,0.0,10.0
2023-05-13,6,12.0,87.6,0.0,0.0,10.0
2023-05-13,9,16.2,73.2,6.0,140.0,10.0
2023-05-13,12,19.8,67.0,3.0,180.0,20.0
2023-05-13,15,20.4,72.5,0.0,0.0,20.0
2023-05-13,18,18.2,78.5,0.0,0.0,10.0
2023-05-13,21,16.0,87.3,0.0,0.0,10.0
2023-05-14,0,14.3,94.3,0.0,0.0,10.0
2023-05-14,3,13.2,94.3,0.0,0.0,10.0
2023-05-14,6,11.8,93.6,0.0,0.0,10.0
2023-05-14,9,15.4,78.6,0.0,0.0,20.0
2023-05-14,12,20.4,69.3,3.0,140.0,10.0
2023-05-14,15,23.0,66.4,3.0,230.0,20.0
2023-05-14,18,22.0,70.5,3.0,230.0,20.0
2023-05-14,21,18.2,80.5,0.0,0.0,20.0
2023-05-15,0,15.2,89.0,0.0,0.0,20.0
2023-05-15,3,13.8,84.3,0.0,0.0,20.0
2023-05-15,6,14.0,77.3,0.0,0.0,20.0
2023-05-15,9,17.9,61.1,5.0,90.0,20.0
2023-05-15,12,23.6,50.1,3.0,140.0,20.0
2023-05-15,15,24.2,56.1,3.0,180.0,20.0
2023-05-15,18,23.9,59.4,3.0,140.0,20.0
2023-05-15,21,19.6,68.7,0.0,0.0,20.0
2023-05-16,0,17.6,77.9,5.0,140.0,20.0
2023-05-16,3,17.0,79.3,6.0,140.0,20.0
2023-05-16,6,16.2,82.9,8.0,140.0,10.0
2023-05-16,9,20.0,76.3,7.0,140.0,10.0
2023-05-16,12,25.7,60.2,1.0,140.0,10.0
2023-05-16,15,28.6,50.1,5.0,140.0,10.0
2023-05-16,18,27.8,50.5,5.0,140.0,10.0
2023-05-16,21,22.4,65.8,1.0,140.0,10.0
2023-05-17,3,17.0,77.3,3.0,140.0,10.0
2023-05-17,6,16.0,87.3,3.0,140.0,10.0
2023-05-17,9,18.6,84.3,5.0,140.0,20.0
2023-05-17,12,23.2,71.2,5.0,180.0,20.0
2023-05-17,15,21.6,79.5,6.0,180.0,20.0
2023-05-17,18,21.7,79.5,6.0,180.0,20.0
2023-05-17,21,20.2,77.8,2.0,140.0,20.0
2023-05-18,0,17.4,89.7,0.0,0.0,10.0
2023-05-18,3,17.2,89.7,0.0,0.0,10.0
2023-05-18,6,16.4,93.8,0.0,0.0,10.0
2023-05-18,9,19.8,78.2,2.0,140.0,10.0
2023-05-18,12,24.0,67.4,1.0,320.0,20.0
2023-05-18,15,26.0,62.6,3.0,320.0,10.0
2023-05-18,18,22.2,77.1,3.0,320.0,20.0
2023-05-18,21,19.7,81.8,0.0,0.0,10.0
2023-05-19,0,17.7,90.9,0.0,0.0,10.0
2023-05-19,3,16.4,91.4,0.0,0.0,20.0
2023-05-19,6,15.4,93.2,0.0,0.0,20.0
2023-05-19,9,19.8,72.4,0.0,0.0,20.0
2023-05-19,12,24.0,52.9,5.0,140.0,20.0
2023-05-19,15,26.4,59.6,0.0,0.0,20.0
2023-05-19,18,27.0,57.1,1.0,320.0,20.0
2023-05-19,21,20.2,77.8,5.0,320.0,20.0
2023-05-20,0,18.0,89.8,0.0,0.0,20.0
2023-05-20,3,17.3,90.3,0.0,0.0,20.0
2023-05-20,6,16.8,83.5,0.0,0.0,20.0
2023-05-20,9,20.7,68.9,2.0,140.0,10.0
2023-05-20,12,24.0,58.6,4.0,180.0,20.0
2023-05-20,15,25.2,54.9,6.0,230.0,20.0
2023-05-20,18,22.2,65.8,4.0,230.0,20.0
2023-05-20,21,18.0,89.8,1.0,230.0,20.0
2023-05-21,0,16.8,91.4,5.0,230.0,10.0
2023-05-21,3,16.6,90.3,0.0,0.0,10.0
2023-05-21,6,15.0,94.3,0.0,0.0,10.0
2023-05-21,9,16.8,81.4,0.0,0.0,10.0
2023-05-21,12,20.2,62.4,0.0,0.0,10.0
2023-05-21,15,22.7,50.5,2.0,320.0,5.0
2023-05-21,18,20.2,59.2,6.0,320.0,5.0
2023-05-21,21,17.4,57.4,2.0,320.0,5.0
2023-05-22,0,16.0,73.2,0.0,0.0,5.0
2023-05-22,3,14.6,86.6,0.0,0.0,5.0
2023-05-22,6,13.6,93.1,0.0,0.0,10.0
2023-05-22,9,19.2,64.7,0.0,0.0,10.0
2023-05-22,12,23.0,55.1,0.0,0.0,10.0
2023-05-22,15,24.8,41.4,3.0,320.0,10.0
2023-05-22,18,25.1,36.3,6.0,320.0,20.0
2023-05-22,21,19.6,61.9,4.0,320.0,20.0
2023-05-23,0,17.0,75.8,0.0,0.0,20.0
2023-05-23,3,14.8,89.0,0.0,0.0,20.0
2023-05-23,6,13.2,88.2,0.0,0.0,20.0
2023-05-23,9,18.0,70.7,0.0,0.0,20.0
2023-05-23,12,21.0,64.7,1.0,320.0,20.0
2023-05-23,15,26.4,42.4,4.0,320.0,20.0
2023-05-23,18,24.5,50.0,4.0,320.0,20.0
2023-05-23,21,19.2,63.0,0.0,0.0,20.0
2023-05-24,0,15.8,73.1,0.0,0.0,20.0
2023-05-24,3,13.1,82.0,0.0,0.0,20.0
2023-05-24,6,11.7,88.7,2.0,140.0,20.0
2023-05-24,9,21.0,51.7,2.0,140.0,20.0
2023-05-24,12,24.0,52.5,3.0,140.0,20.0
2023-05-24,15,26.4,39.9,5.0,230.0,20.0
2023-05-24,18,25.0,44.0,5.0,230.0,20.0
2023-05-24,21,20.7,54.1,0.0,0.0,10.0
2023-05-25,0,17.3,69.2,0.0,0.0,10.0
2023-05-25,3,14.8,64.6,1.0,140.0,10.0
2023-05-25,6,13.4,74.7,0.0,0.0,15.0
2023-05-25,9,20.0,50.4,3.0,140.0,20.0
2023-05-25,12,23.6,45.3,4.0,230.0,20.0
2023-05-25,15,24.0,49.9,4.0,230.0,20.0
2023-05-25,18,22.0,54.8,3.0,270.0,20.0
2023-05-25,21,20.0,58.4,3.0,140.0,20.0
2023-05-26,0,18.0,70.7,0.0,0.0,20.0
2023-05-26,3,17.4,73.9,0.0,0.0,10.0
2023-05-26,6,15.4,71.6,2.0,140.0,10.0
2023-05-26,9,19.5,67.8,2.0,140.0,20.0
2023-05-26,12,21.5,67.8,0.0,0.0,20.0
2023-05-26,15,23.5,64.8,0.0,0.0,20.0
2023-05-26,18,24.0,62.9,0.0,0.0,20.0
2023-05-26,21,20.8,71.2,0.0,0.0,20.0
2023-05-27,0,18.2,80.5,0.0,0.0,20.0
2023-05-27,3,16.2,87.4,0.0,0.0,20.0
2023-05-27,6,14.8,86.7,0.0,0.0,20.0
2023-05-27,9,18.8,77.1,2.0,140.0,20.0
2023-05-27,12,17.8,91.5,3.0,140.0,10.0
2023-05-27,15,18.0,96.9,3.0,140.0,10.0
2023-05-27,18,17.8,98.1,3.0,140.0,10.0
2023-05-27,21,18.0,96.9,2.0,140.0,5.0
2023-05-28,0,18.1,96.9,1.0,140.0,5.0
2023-05-28,3,18.2,98.1,0.0,0.0,10.0
2023-05-28,6,18.2,96.3,5.0,140.0,10.0
2023-05-28,9,18.5,98.1,0.0,0.0,10.0
2023-05-28,12,19.7,95.1,0.0,0.0,10.0
2023-05-28,15,20.6,92.3,0.0,0.0,20.0
2023-05-28,18,20.4,94.0,0.0,0.0,10.0
2023-05-28,21,19.6,95.1,0.0,0.0,10.0
2023-05-29,0,19.0,95.7,0.0,0.0,10.0
2023-05-29,3,18.6,98.1,0.0,0.0,10.0
2023-05-29,6,18.2,98.1,0.0,0.0,10.0
2023-05-29,9,21.6,88.4,0.0,0.0,10.0
2023-05-29,12,26.0,76.3,0.0,0.0,20.0
2023-05-29,15,28.0,71.7,3.0,320.0,10.0
2023-05-29,18,28.8,72.2,4.0,320.0,20.0
2023-05-29,21,23.2,84.3,4.0,320.0,10.0
2023-05-30,0,21.0,86.2,0.0,0.0,10.0
2023-05-30,3,19.0,95.1,0.0,0.0,10.0
2023-05-30,6,18.2,98.1,0.0,0.0,10.0
2023-05-30,9,22.4,77.6,0.0,0.0,10.0
2023-05-30,12,24.8,63.1,2.0,180.0,10.0
2023-05-30,15,24.1,69.6,0.0,0.0,10.0
2023-05-30,18,25.0,61.5,0.0,0.0,20.0
2023-05-30,21,21.9,72.8,0.0,0.0,20.0
2023-05-31,0,19.6,75.7,0.0,0.0,20.0
2023-05-31,3,16.4,79.2,0.0,0.0,20.0
2023-05-31,6,17.0,73.8,2.0,140.0,20.0
2023-05-31,9,22.0,62.0,2.0,140.0,20.0
2023-05-31,12,25.0,75.6,0.0,0.0,20.0
2023-05-31,15,25.2,78.0,1.0,140.0,20.0
2023-05-31,18,24.4,81.9,0.0,0.0,10.0
2023-05-31,21,21.4,95.8,0.0,0.0,10.0
2023-06-01,0,20.6,96.4,0.0,0.0,10.0
2023-06-01,3,19.7,93.4,0.0,0.0,10.0
2023-06-01,6,18.4,95.7,0.0,0.0,10.0
2023-06-01,9,20.6,88.9,0.0,0.0,10.0
2023-06-01,12,23.6,70.4,0.0,0.0,20.0
2023-06-01,15,26.0,67.4,4.0,270.0,20.0
2023-06-01,18,25.6,69.9,4.0,270.0,20.0
2023-06-01,21,21.8,77.0,1.0,230.0,20.0
2023-06-02,0,19.8,82.8,0.0,0.0,20.0
2023-06-02,3,17.6,85.8,0.0,0.0,10.0
2023-06-02,6,17.2,87.5,0.0,0.0,20.0
2023-06-02,9,18.8,92.2,0.0,0.0,10.0
2023-06-02,12,20.5,90.5,1.0,320.0,10.0
2023-06-02,15,23.6,70.4,5.0,320.0,10.0
2023-06-02,18,23.8,68.7,6.0,320.0,10.0
2023-06-02,21,21.0,79.9,2.0,320.0,20.0
2023-06-03,0,21.0,69.9,2.0,320.0,20.0
2023-06-03,3,17.2,85.8,2.0,360.0,20.0
2023-06-03,6,16.2,92.0,0.0,0.0,20.0
2023-06-03,9,20.2,75.8,0.0,0.0,20.0
2023-06-03,12,25.8,49.4,9.0,320.0,20.0
2023-06-03,15,26.0,47.2,7.0,320.0,20.0
2023-06-03,18,26.2,51.1,2.0,320.0,20.0
2023-06-03,21,21.2,71.3,2.0,320.0,20.0
2023-06-04,0,17.4,85.3,0.0,0.0,20.0
2023-06-04,3,16.2,89.7,0.0,0.0,20.0
2023-06-04,6,14.4,93.1,0.0,0.0,20.0
2023-06-04,9,22.3,60.5,0.0,0.0,20.0
2023-06-04,12,23.4,65.2,0.0,0.0,20.0
2023-06-04,15,27.4,56.5,0.0,0.0,20.0
2023-06-04,18,27.4,48.8,4.0,320.0,20.0
2023-06-04,21,21.0,77.4,1.0,320.0,20.0
2023-06-05,0,18.8,85.9,0.0,0.0,20.0
2023-06-05,3,17.5,82.0,0.0,0.0,20.0
2023-06-05,6,15.2,91.3,1.0,140.0,20.0
2023-06-05,9,22.0,73.7,1.0,140.0,10.0
2023-06-05,12,25.5,60.1,2.0,180.0,10.0
2023-06-05,15,26.2,63.4,4.0,230.0,10.0
2023-06-05,18,26.1,58.0,4.0,230.0,20.0
2023-06-05,21,21.8,62.4,2.0,230.0,20.0
2023-06-06,0,18.8,82.2,0.0,0.0,20.0
2023-06-06,3,17.0,89.7,0.0,0.0,20.0
2023-06-06,6,17.0,89.7,0.0,0.0,20.0
2023-06-06,9,18.0,89.8,0.0,0.0,10.0
2023-06-06,12,21.6,73.7,0.0,0.0,20.0
2023-06-06,15,22.2,69.2,2.0,230.0,20.0
2023-06-06,18,22.4,73.3,2.0,230.0,20.0
2023-06-06,21,20.2,83.4,0.0,0.0,20.0
2023-06-07,0,19.2,88.8,1.0,230.0,20.0
2023-06-07,3,19.2,86.0,0.0,0.0,10.0
2023-06-07,6,18.2,91.5,1.0,180.0,10.0
2023-06-07,9,21.2,78.4,1.0,140.0,20.0
2023-06-07,12,24.0,67.4,4.0,140.0,20.0
2023-06-07,15,23.8,68.7,4.0,140.0,20.0
2023-06-07,18,21.7,79.5,5.0,140.0,10.0
2023-06-07,21,20.2,87.2,4.0,140.0,10.0
2023-06-08,0,19.6,86.0,5.0,140.0,10.0
2023-06-08,3,19.0,88.2,4.0,140.0,10.0
2023-06-08,6,17.6,93.9,1.0,140.0,10.0
2023-06-08,9,20.0,85.0,5.0,140.0,10.0
2023-06-08,12,19.2,92.8,3.0,140.0,10.0
2023-06-08,15,22.2,80.6,3.0,140.0,10.0
2023-06-08,18,20.8,81.9,0.0,0.0,20.0
2023-06-08,21,20.2,88.8,0.0,0.0,10.0
2023-06-09,0,17.0,87.4,0.0,0.0,10.0
2023-06-09,3,15.8,91.4,0.0,0.0,10.0
2023-06-09,6,15.0,95.6,0.0,0.0,10.0
2023-06-09,9,19.7,80.2,0.0,0.0,10.0
2023-06-09,12,24.0,67.4,0.0,0.0,10.0
2023-06-09,15,27.0,66.0,3.0,180.0,20.0
2023-06-09,18,26.2,60.7,2.0,230.0,20.0
2023-06-09,21,22.0,79.5,0.0,0.0,20.0
2023-06-10,0,20.2,79.8,0.0,0.0,20.0
2023-06-10,3,18.7,81.7,1.0,140.0,20.0
2023-06-10,6,18.2,88.1,1.0,140.0,10.0
2023-06-10,9,21.8,79.0,2.0,140.0,10.0
2023-06-10,12,25.2,70.3,3.0,140.0,20.0
2023-06-10,15,26.0,70.4,0.0,0.0,20.0
2023-06-10,18,19.5,92.2,0.0,0.0,10.0
2023-06-11,0,17.4,96.3,0.0,0.0,10.0
2023-06-11,3,16.4,95.6,0.0,0.0,10.0
2023-06-11,6,15.0,95.6,0.0,0.0,20.0
2023-06-11,9,19.9,77.7,0.0,0.0,10.0
2023-06-11,12,22.0,82.6,0.0,0.0,10.0
2023-06-11,15,25.8,69.9,3.0,320.0,20.0
2023-06-11,18,26.0,61.8,2.0,320.0,20.0
2023-06-11,21,21.2,84.6,0.0,0.0,10.0
2023-06-12,0,18.8,85.9,0.0,0.0,10.0
2023-06-12,3,17.0,95.0,0.0,0.0,10.0
2023-06-12,6,15.6,96.2,0.0,0.0,10.0
2023-06-12,9,20.4,81.4,0.0,0.0,10.0
2023-06-12,12,23.8,68.7,0.0,0.0,10.0
2023-06-12,15,26.2,59.2,1.0,230.0,20.0
2023-06-12,18,24.4,72.3,0.0,0.0,10.0
2023-06-12,21,20.2,86.1,0.0,0.0,10.0
2023-06-13,0,18.9,91.0,0.0,0.0,10.0
2023-06-13,3,17.8,96.3,0.0,0.0,10.0
2023-06-13,6,16.0,95.6,0.0,0.0,10.0
2023-06-13,9,19.2,88.8,0.0,0.0,10.0
2023-06-13,12,23.2,73.0,0.0,0.0,10.0
2023-06-13,15,25.0,66.8,3.0,320.0,10.0
2023-06-13,18,24.8,68.0,6.0,360.0,20.0
2023-06-13,21,17.6,93.9,0.0,0.0,10.0
2023-06-14,0,15.8,93.8,0.0,0.0,10.0
2023-06-14,3,15.2,96.8,0.0,0.0,10.0
2023-06-14,6,14.8,94.3,0.0,0.0,10.0
2023-06-14,9,18.2,89.8,0.0,0.0,10.0
2023-06-14,12,22.6,77.7,0.0,0.0,10.0
2023-06-14,15,24.2,69.2,0.0,0.0,10.0
2023-06-14,18,22.4,84.2,3.0,320.0,10.0
2023-06-14,21,19.6,93.4,2.0,320.0,10.0
2023-06-15,0,18.5,92.7,0.0,0.0,20.0
2023-06-15,3,16.8,91.4,0.0,0.0,10.0
2023-06-15,6,16.4,95.6,0.0,0.0,10.0
2023-06-15,9,20.2,83.4,0.0,0.0,20.0
2023-06-15,12,25.2,68.1,0.0,0.0,10.0
2023-06-15,15,27.8,58.1,1.0,320.0,10.0
2023-06-15,18,28.0,59.6,5.0,320.0,20.0
2023-06-15,21,21.4,80.5,1.0,320.0,10.0
2023-06-16,0,19.2,90.5,0.0,0.0,10.0
2023-06-16,3,17.6,88.1,0.0,0.0,10.0
2023-06-16,6,17.0,89.7,0.0,0.0,10.0
2023-06-16,9,22.6,72.5,0.0,0.0,10.0
2023-06-16,12,25.8,61.7,0.0,0.0,10.0
2023-06-16,15,28.8,55.8,0.0,0.0,20.0
2023-06-16,18,29.6,57.1,2.0,230.0,20.0
2023-06-16,21,25.2,65.6,2.0,230.0,20.0
2023-06-17,0,21.4,83.6,0.0,0.0,20.0
2023-06-17,3,19.2,91.0,0.0,0.0,20.0
2023-06-17,6,18.2,91.5,0.0,0.0,10.0
2023-06-17,9,21.6,83.6,0.0,0.0,10.0
2023-06-17,12,25.4,76.2,0.0,0.0,10.0
2023-06-17,15,29.4,51.9,3.0,320.0,20.0
2023-06-17,18,28.0,60.7,5.0,320.0,20.0
2023-06-17,21,22.6,82.1,3.0,320.0,20.0
2023-06-18,0,20.8,88.9,0.0,0.0,10.0
2023-06-18,3,19.8,92.2,0.0,0.0,10.0
2023-06-18,6,18.8,93.9,0.0,0.0,10.0
2023-06-18,9,21.6,83.6,0.0,0.0,10.0
2023-06-18,12,26.0,69.5,4.0,320.0,10.0
2023-06-18,15,29.6,66.1,5.0,320.0,10.0
2023-06-18,18,28.2,72.6,5.0,320.0,10.0
2023-06-18,21,23.4,81.7,3.0,320.0,10.0
2023-06-19,0,21.9,86.8,0.0,0.0,10.0
2023-06-19,3,20.8,90.6,0.0,0.0,10.0
2023-06-19,6,20.2,92.2,0.0,0.0,10.0
2023-06-19,9,27.4,60.2,4.0,140.0,10.0
2023-06-19,12,31.4,57.5,0.0,0.0,10.0
2023-06-19,15,32.0,61.6,2.0,230.0,10.0
2023-06-19,18,31.1,58.5,2.0,230.0,10.0
2023-06-19,21,26.6,81.1,0.0,0.0,10.0
2023-06-20,0,24.3,87.0,0.0,0.0,10.0
2023-06-20,3,23.8,88.6,0.0,0.0,10.0
2023-06-20,6,23.1,88.5,0.0,0.0,10.0
2023-06-20,9,22.0,84.7,1.0,320.0,10.0
2023-06-20,12,22.9,91.8,0.0,0.0,10.0
2023-06-20,15,24.4,82.4,0.0,0.0,10.0
2023-06-20,18,24.8,86.5,0.0,0.0,10.0
2023-06-20,21,23.4,88.0,0.0,0.0,10.0
2023-06-21,0,19.0,97.5,0.0,0.0,10.0
2023-06-21,3,19.0,95.7,0.0,0.0,10.0
2023-06-21,6,19.4,96.3,0.0,0.0,10.0
2023-06-21,9,20.2,96.3,0.0,0.0,10.0
2023-06-21,12,20.8,92.3,0.0,0.0,10.0
2023-06-21,15,21.8,89.0,0.0,0.0,10.0
2023-06-21,18,22.4,87.4,0.0,0.0,10.0
2023-06-21,21,21.0,91.7,0.0,0.0,20.0
2023-06-22,0,19.6,94.0,0.0,0.0,20.0
2023-06-22,3,18.6,96.3,0.0,0.0,20.0
2023-06-22,6,18.6,96.3,1.0,320.0,10.0
2023-06-22,9,20.4,92.8,3.0,320.0,10.0
2023-06-22,12,24.0,81.3,0.0,0.0,10.0
2023-06-22,15,26.4,73.6,5.0,320.0,20.0
2023-06-22,18,26.2,74.9,7.0,320.0,20.0
2023-06-22,21,23.0,89.1,0.0,0.0,10.0
2023-06-23,0,21.0,98.2,0.0,0.0,10.0
2023-06-23,3,20.4,96.4,0.0,0.0,10.0
2023-06-23,6,18.5,96.9,0.0,0.0,5.0
2023-06-23,9,23.4,84.3,0.0,0.0,10.0
2023-06-23,12,27.2,66.8,0.0,0.0,10.0
2023-06-23,15,29.6,57.8,0.0,0.0,20.0
2023-06-23,18,31.0,56.4,2.0,320.0,20.0
2023-06-23,21,26.6,81.1,2.0,230.0,20.0
2023-06-24,0,24.3,90.3,0.0,0.0,20.0
2023-06-24,3,22.0,96.4,0.0,0.0,10.0
2023-06-24,6,21.2,94.6,0.0,0.0,10.0
2023-06-24,9,25.7,73.9,2.0,140.0,10.0
2023-06-24,12,28.6,69.2,0.0,0.0,10.0
2023-06-24,15,30.4,62.8,0.0,0.0,10.0
2023-06-24,18,31.0,58.1,0.0,0.0,20.0
2023-06-24,21,27.2,78.3,0.0,0.0,20.0
2023-06-25,0,23.2,93.0,0.0,0.0,20.0
2023-06-25,3,21.8,92.3,0.0,0.0,20.0
2023-06-25,6,21.0,99.4,0.0,0.0,10.0
2023-06-25,9,24.8,82.9,0.0,0.0,10.0
2023-06-25,12,29.9,67.4,0.0,0.0,20.0
2023-06-25,15,31.0,60.6,2.0,320.0,20.0
2023-06-25,18,31.0,54.7,2.0,320.0,20.0
2023-06-25,21,27.8,66.5,0.0,0.0,20.0
2023-06-26,0,26.2,74.9,0.0,0.0,10.0
2023-06-26,3,25.0,79.0,2.0,140.0,10.0
2023-06-26,6,23.4,88.0,3.0,140.0,10.0
2023-06-26,9,21.8,96.4,3.0,140.0,10.0
2023-06-26,12,22.0,91.2,6.0,140.0,10.0
2023-06-26,15,24.0,89.7,4.0,140.0,10.0
2023-06-26,18,23.4,94.7,4.0,140.0,10.0
2023-06-26,21,23.4,91.3,5.0,140.0,10.0
2023-06-27,0,23.2,86.9,6.0,140.0,10.0
2023-06-27,3,21.4,91.2,5.0,140.0,10.0
2023-06-27,6,21.2,87.3,2.0,230.0,10.0
2023-06-27,9,24.1,77.4,1.0,230.0,20.0
2023-06-27,12,26.5,71.4,0.0,0.0,20.0
2023-06-27,15,28.8,70.5,3.0,180.0,10.0
2023-06-27,18,26.6,76.8,2.0,180.0,10.0
2023-06-27,21,24.0,76.9,0.0,0.0,15.0
2023-06-28,0,22.0,80.5,0.0,0.0,10.0
2023-06-28,3,20.8,83.5,0.0,0.0,10.0
2023-06-28,6,20.2,94.0,0.0,0.0,10.0
2023-06-28,9,24.0,82.8,0.0,0.0,10.0
2023-06-28,12,26.6,72.3,1.0,140.0,20.0
2023-06-28,15,29.7,61.5,1.0,180.0,20.0
2023-06-28,18,26.6,75.0,2.0,180.0,20.0
2023-06-28,21,24.8,81.9,4.0,140.0,20.0
2023-06-29,0,24.0,88.1,0.0,0.0,20.0
2023-06-29,3,23.4,91.3,3.0,140.0,10.0
2023-06-29,6,23.6,91.3,2.0,140.0,10.0
2023-06-29,9,23.6,96.4,3.0,140.0,10.0
2023-06-29,12,23.0,98.2,3.0,140.0,10.0
2023-06-29,15,23.0,98.2,0.0,0.0,10.0
2023-06-29,18,23.2,98.2,0.0,0.0,10.0
2023-06-29,21,22.4,97.6,0.0,0.0,10.0
2023-06-30,0,22.2,97.0,0.0,0.0,10.0
2023-06-30,3,22.2,97.0,0.0,0.0,10.0
2023-06-30,6,20.5,97.0,0.0,0.0,10.0
2023-06-30,9,23.9,88.1,2.0,320.0,20.0
2023-06-30,12,26.9,79.7,0.0,0.0,20.0
2023-06-30,15,29.9,70.7,0.0,0.0,20.0
2023-06-30,18,30.0,72.9,0.0,0.0,20.0
2023-06-30,21,27.0,84.2,0.0,0.0,20.0
2023-07-01,0,24.4,91.4,0.0,0.0,10.0
2023-07-01,3,23.4,96.4,0.0,0.0,10.0
2023-07-01,6,22.4,98.2,0.0,0.0,0.2
2023-07-01,9,24.2,95.9,0.0,0.0,4.0
2023-07-01,12,28.5,80.9,0.0,0.0,10.0
2023-07-01,15,30.8,66.8,0.0,0.0,10.0
2023-07-01,18,31.4,71.0,0.0,0.0,10.0
2023-07-01,21,25.7,84.6,2.0,270.0,10.0
2023-07-02,0,24.2,93.0,0.0,0.0,10.0
2023-07-02,3,22.8,96.4,0.0,0.0,10.0
2023-07-02,6,23.4,96.4,0.0,0.0,10.0
2023-07-02,9,24.6,89.7,0.0,0.0,4.0
2023-07-02,12,26.4,87.2,0.0,0.0,10.0
2023-07-02,15,28.6,77.6,0.0,0.0,10.0
2023-07-02,18,30.0,75.5,0.0,0.0,10.0
2023-07-02,21,27.8,81.8,0.0,0.0,10.0
2023-07-03,0,24.2,94.7,0.0,0.0,10.0
2023-07-03,3,23.2,96.4,0.0,0.0,10.0
2023-07-03,6,23.0,98.2,0.0,0.0,10.0
2023-07-03,9,26.8,85.7,0.0,0.0,5.0
2023-07-03,12,29.0,77.7,0.0,0.0,10.0
2023-07-03,15,32.0,67.4,0.0,0.0,10.0
2023-07-03,18,32.4,63.2,0.0,0.0,10.0
2023-07-03,21,26.8,82.7,0.0,0.0,20.0
2023-07-04,0,25.2,90.9,0.0,0.0,20.0
2023-07-04,3,24.4,89.7,0.0,0.0,10.0
2023-07-04,6,24.6,89.2,0.0,0.0,10.0
2023-07-04,9,25.6,90.3,1.0,140.0,10.0
2023-07-04,12,26.2,85.6,2.0,140.0,10.0
2023-07-04,15,24.4,98.2,2.0,140.0,10.0
2023-07-04,18,24.0,98.2,3.0,140.0,10.0
2023-07-04,21,23.7,98.2,5.0,140.0,10.0
2023-07-05,0,23.8,98.2,4.0,140.0,10.0
2023-07-05,3,23.8,94.7,3.0,140.0,10.0
2023-07-05,6,21.6,96.4,5.0,140.0,10.0
2023-07-05,9,22.0,91.2,4.0,320.0,10.0
2023-07-05,12,26.0,76.3,1.0,320.0,20.0
2023-07-05,15,29.0,72.3,1.0,230.0,20.0
2023-07-05,18,28.0,81.8,4.0,230.0,20.0
2023-07-05,21,25.0,91.4,0.0,0.0,20.0
2023-07-06,0,22.8,94.7,3.0,140.0,10.0
2023-07-06,3,22.4,96.4,3.0,140.0,10.0
2023-07-06,6,22.8,94.7,4.0,140.0,10.0
2023-07-06,9,26.2,84.1,5.0,140.0,20.0
2023-07-06,12,28.5,80.9,3.0,140.0,10.0
2023-07-06,15,30.8,73.5,2.0,180.0,10.0
2023-07-06,18,31.0,68.4,2.0,180.0,10.0
2023-07-06,21,26.2,85.6,5.0,140.0,10.0
2023-07-07,0,24.6,88.1,4.0,140.0,10.0
2023-07-07,3,23.6,93.0,1.0,140.0,10.0
2023-07-07,6,22.0,96.4,0.0,0.0,10.0
2023-07-07,9,25.1,83.5,2.0,90.0,10.0
2023-07-07,12,28.6,77.6,1.0,140.0,10.0
2023-07-07,15,30.6,67.9,2.0,140.0,20.0
2023-07-07,18,31.0,68.4,2.0,230.0,20.0
2023-07-07,21,26.6,84.1,2.0,230.0,10.0
2023-07-08,0,24.2,95.9,0.0,0.0,10.0
2023-07-08,3,23.2,96.4,0.0,0.0,10.0
2023-07-08,6,22.5,95.2,0.0,0.0,10.0
2023-07-08,9,24.6,84.9,0.0,0.0,10.0
2023-07-08,12,28.0,70.4,2.0,140.0,10.0
2023-07-08,15,29.6,72.4,4.0,120.0,10.0
2023-07-08,18,28.2,78.0,1.0,180.0,20.0
2023-07-08,21,25.8,87.2,0.0,0.0,20.0
2023-07-09,0,24.0,91.3,2.0,180.0,20.0
2023-07-09,3,22.8,93.0,5.0,140.0,10.0
2023-07-09,6,20.4,98.2,2.0,140.0,10.0
2023-07-09,9,20.8,98.2,0.0,0.0,10.0
2023-07-09,12,22.2,92.4,4.0,140.0,20.0
2023-07-09,15,25.6,85.1,0.0,0.0,10.0
2023-07-09,18,27.6,80.3,0.0,0.0,10.0
2023-07-09,21,24.8,93.1,0.0,0.0,10.0
2023-07-10,0,23.5,97.6,0.0,0.0,10.0
2023-07-10,3,24.0,96.5,0.0,0.0,10.0
2023-07-10,6,23.0,98.2,0.0,0.0,10.0
2023-07-10,9,25.0,89.8,0.0,0.0,10.0
2023-07-10,12,28.1,83.8,0.0,0.0,20.0
2023-07-10,15,29.4,75.0,2.0,200.0,20.0
2023-07-10,18,29.2,75.4,2.0,200.0,20.0
2023-07-10,21,26.0,88.8,0.0,0.0,10.0
2023-07-11,0,23.8,94.7,0.0,0.0,10.0
2023-07-11,3,24.0,93.0,0.0,0.0,10.0
2023-07-11,6,24.4,94.7,1.0,140.0,10.0
2023-07-11,9,25.0,91.4,0.0,0.0,10.0
2023-07-11,12,25.0,93.6,0.0,0.0,10.0
2023-07-11,15,26.0,92.0,0.0,0.0,10.0
2023-07-11,18,27.5,73.3,0.0,0.0,20.0
2023-07-11,21,23.8,95.9,3.0,140.0,20.0
2023-07-12,0,22.6,94.7,3.0,90.0,20.0
2023-07-12,3,22.6,96.4,0.0,0.0,20.0
2023-07-12,6,22.8,96.4,1.0,140.0,20.0
2023-07-12,9,24.8,91.4,1.0,140.0,10.0
2023-07-12,12,26.8,85.7,0.0,0.0,10.0
2023-07-12,15,28.8,79.0,0.0,0.0,10.0
2023-07-12,18,28.0,86.3,0.0,0.0,10.0
2023-07-12,21,25.4,96.5,0.0,0.0,10.0
2023-07-13,0,24.8,98.2,0.0,0.0,10.0
2023-07-13,3,24.0,98.2,0.0,0.0,10.0
2023-07-13,6,24.0,96.5,1.0,140.0,10.0
2023-07-13,9,25.4,92.0,1.0,140.0,10.0
2023-07-13,12,24.6,98.2,3.0,140.0,10.0
2023-07-13,15,24.2,98.2,3.0,140.0,10.0
2023-07-13,18,24.2,98.2,3.0,140.0,10.0
2023-07-13,21,24.1,97.0,5.0,140.0,10.0
2023-07-14,0,24.0,98.2,7.0,140.0,10.0
2023-07-14,3,25.0,94.8,4.0,140.0,10.0
2023-07-14,6,24.0,96.5,0.0,0.0,10.0
2023-07-14,9,26.0,88.8,0.0,0.0,10.0
2023-07-14,12,26.0,92.0,0.0,0.0,10.0
2023-07-14,15,26.2,90.4,2.0,230.0,10.0
2023-07-14,18,25.8,94.8,0.0,0.0,10.0
2023-07-14,21,25.4,95.9,0.0,0.0,10.0
2023-07-15,0,24.3,96.5,0.0,0.0,10.0
2023-07-15,3,24.4,96.5,1.0,140.0,10.0
2023-07-15,6,24.8,94.8,2.0,140.0,10.0
2023-07-15,9,26.8,90.4,0.0,0.0,10.0
2023-07-15,12,29.5,83.0,4.0,180.0,10.0
2023-07-15,15,29.9,79.7,3.0,180.0,20.0
2023-07-15,18,29.4,73.7,4.0,200.0,20.0
2023-07-15,21,25.6,90.3,0.0,0.0,10.0
2023-07-16,0,23.6,89.7,0.0,0.0,10.0
2023-07-16,3,23.0,89.1,0.0,0.0,10.0
2023-07-16,6,22.4,91.2,0.0,0.0,10.0
2023-07-16,9,24.0,87.0,0.0,0.0,10.0
2023-07-16,12,26.8,74.6,0.0,0.0,10.0
2023-07-16,15,27.5,76.0,0.0,0.0,10.0
2023-07-16,18,26.8,78.3,0.0,0.0,10.0
2023-07-16,21,24.8,88.1,0.0,0.0,10.0
2023-07-17,0,23.4,95.3,0.0,0.0,10.0
2023-07-17,3,22.4,94.7,0.0,0.0,10.0
2023-07-17,6,21.7,96.4,0.0,0.0,10.0
2023-07-17,9,24.2,89.7,0.0,0.0,10.0
2023-07-17,12,27.0,76.9,0.0,0.0,10.0
2023-07-17,15,29.0,71.0,3.0,230.0,10.0
2023-07-17,18,27.0,76.9,5.0,320.0,10.0
2023-07-17,21,24.4,91.4,0.0,0.0,10.0
2023-07-18,0,23.0,94.7,0.0,0.0,10.0
2023-07-18,3,22.2,98.2,0.0,0.0,10.0
2023-07-18,6,21.2,95.8,0.0,0.0,10.0
2023-07-18,9,24.0,86.5,0.0,0.0,10.0
2023-07-18,12,26.7,80.7,0.0,0.0,10.0
2023-07-18,15,29.7,74.6,0.0,0.0,10.0
2023-07-18,18,30.2,71.6,2.0,320.0,20.0
2023-07-18,21,25.3,87.6,3.0,320.0,20.0
2023-07-19,0,23.0,93.0,0.0,0.0,20.0
2023-07-19,3,22.4,87.4,2.0,320.0,20.0
2023-07-19,6,21.6,94.6,0.0,0.0,10.0
2023-07-19,9,23.6,93.0,0.0,0.0,2.0
2023-07-19,12,27.2,84.2,0.0,0.0,10.0
2023-07-19,15,30.4,74.3,0.0,0.0,10.0
2023-07-19,18,31.0,70.9,2.0,320.0,10.0
2023-07-19,21,26.2,90.4,2.0,320.0,10.0
2023-07-20,0,24.0,94.7,0.0,0.0,10.0
2023-07-20,3,22.2,94.6,0.0,0.0,10.0
2023-07-20,6,21.2,97.0,0.0,0.0,10.0
2023-07-20,9,25.6,80.5,0.0,0.0,10.0
2023-07-20,12,29.0,66.8,0.0,0.0,10.0
2023-07-20,15,31.7,65.8,0.0,0.0,10.0
2023-07-20,18,31.8,64.2,2.0,320.0,10.0
2023-07-20,21,27.0,69.3,0.0,0.0,10.0
2023-07-21,0,25.0,80.4,0.0,0.0,10.0
2023-07-21,3,22.0,98.2,0.0,0.0,10.0
2023-07-21,6,21.0,94.6,0.0,0.0,10.0
2023-07-21,9,27.4,77.0,0.0,0.0,10.0
2023-07-21,12,31.2,69.3,0.0,0.0,10.0
2023-07-21,15,32.8,63.3,0.0,0.0,10.0
2023-07-21,18,32.3,66.7,2.0,230.0,10.0
2023-07-21,21,28.2,77.5,0.0,0.0,10.0
2023-07-22,0,25.0,85.0,0.0,0.0,10.0
2023-07-22,3,23.8,90.8,0.0,0.0,10.0
2023-07-22,6,25.0,89.8,2.0,140.0,10.0
2023-07-22,9,27.0,84.2,6.0,140.0,10.0
2023-07-22,12,29.5,69.0,4.0,140.0,10.0
2023-07-22,15,30.6,61.7,5.0,140.0,10.0
2023-07-22,18,26.8,79.7,8.0,140.0,10.0
2023-07-22,21,24.2,98.2,3.0,140.0,10.0
2023-07-23,0,24.4,97.6,1.0,140.0,10.0
2023-07-23,3,24.2,98.2,1.0,140.0,10.0
2023-07-23,6,24.6,98.2,0.0,0.0,10.0
2023-07-23,9,26.0,96.5,0.0,0.0,10.0
2023-07-23,12,27.7,86.8,0.0,0.0,10.0
2023-07-23,15,29.9,77.3,0.0,0.0,10.0
2023-07-23,18,26.6,93.7,0.0,0.0,10.0
2023-07-23,21,26.4,90.9,1.0,140.0,10.0
2023-07-24,0,25.2,97.6,0.0,0.0,10.0
2023-07-24,3,25.0,94.8,0.0,0.0,10.0
2023-07-24,6,24.2,96.5,0.0,0.0,10.0
2023-07-24,9,26.0,95.4,0.0,0.0,10.0
2023-07-24,12,24.8,91.4,0.0,0.0,10.0
2023-07-24,15,28.0,85.8,0.0,0.0,10.0
2023-07-24,18,29.6,79.6,0.0,0.0,20.0
2023-07-24,21,25.4,98.2,0.0,0.0,10.0
2023-07-25,0,24.6,98.2,0.0,0.0,10.0
2023-07-25,3,24.0,96.5,0.0,0.0,10.0
2023-07-25,6,23.4,96.4,0.0,0.0,10.0
2023-07-25,9,25.8,90.4,0.0,0.0,10.0
2023-07-25,12,28.5,83.4,0.0,0.0,20.0
2023-07-25,15,28.8,83.4,4.0,140.0,20.0
2023-07-25,18,29.0,80.5,2.0,140.0,20.0
2023-07-25,21,26.0,87.2,3.0,140.0,20.0
2023-07-26,0,25.2,91.4,1.0,140.0,10.0
2023-07-26,3,23.5,94.7,0.0,0.0,10.0
2023-07-26,6,22.5,98.2,0.0,0.0,10.0
2023-07-26,9,23.5,98.2,0.0,0.0,10.0
2023-07-26,12,28.5,83.4,4.0,140.0,10.0
2023-07-26,15,22.8,98.2,1.0,50.0,10.0
2023-07-26,18,28.0,87.4,0.0,0.0,20.0
2023-07-26,21,25.8,98.2,0.0,0.0,20.0
2023-07-27,0,25.0,98.2,0.0,0.0,20.0
2023-07-27,3,24.3,98.2,0.0,0.0,20.0
2023-07-27,6,24.2,98.2,0.0,0.0,20.0
2023-07-27,9,27.0,84.2,0.0,0.0,20.0
2023-07-27,12,29.4,80.5,0.0,0.0,20.0
2023-07-27,15,31.8,69.8,3.0,230.0,20.0
2023-07-27,18,30.6,73.0,3.0,230.0,20.0
2023-07-27,21,28.0,84.8,0.0,0.0,20.0
2023-07-28,0,25.4,96.5,0.0,0.0,20.0
2023-07-28,3,24.8,96.5,0.0,0.0,20.0
2023-07-28,6,24.2,96.5,0.0,0.0,10.0
2023-07-28,9,28.0,85.8,2.0,140.0,10.0
2023-07-28,12,30.2,79.7,0.0,0.0,10.0
2023-07-28,15,32.2,69.9,3.0,230.0,20.0
2023-07-28,18,31.8,72.3,1.0,180.0,20.0
2023-07-28,21,28.4,87.4,0.0,0.0,20.0
2023-07-29,0,26.2,94.8,0.0,0.0,20.0
2023-07-29,3,25.2,94.8,0.0,0.0,20.0
2023-07-29,6,25.2,93.1,0.0,0.0,20.0
2023-07-29,9,27.6,85.8,2.0,140.0,10.0
2023-07-29,12,26.4,88.8,0.0,0.0,10.0
2023-07-29,15,28.0,87.4,0.0,0.0,10.0
2023-07-29,18,27.9,90.5,0.0,0.0,10.0
2023-07-29,21,26.4,92.6,0.0,0.0,10.0
2023-07-30,0,25.7,95.9,0.0,0.0,10.0
2023-07-30,3,24.8,96.5,0.0,0.0,10.0
2023-07-30,6,24.5,97.6,0.0,0.0,10.0
2023-07-30,9,26.0,93.1,0.0,0.0,10.0
2023-07-30,12,30.5,81.6,0.0,0.0,10.0
2023-07-30,15,32.0,73.7,0.0,0.0,20.0
2023-07-30,18,30.3,81.6,0.0,0.0,20.0
2023-07-30,21,28.4,84.8,0.0,0.0,20.0
2023-07-31,0,26.0,92.0,0.0,0.0,10.0
2023-07-31,3,25.6,93.7,0.0,0.0,10.0
2023-07-31,6,25.0,98.2,0.0,0.0,10.0
2023-07-31,9,27.4,92.1,0.0,0.0,10.0
2023-07-31,12,29.8,83.5,0.0,0.0,10.0
2023-07-31,15,32.5,74.6,1.0,320.0,10.0
2023-07-31,18,31.8,79.0,4.0,320.0,10.0
2023-07-31,21,27.2,91.0,0.0,0.0,10.0
2024-03-01,0,-2.2,59.6,7.0,320.0,10.0
2024-03-01,3,-4.0,64.0,7.0,320.0,10.0
2024-03-01,6,-6.0,54.0,7.0,320.0,10.0
2024-03-01,9,-6.4,58.5,7.0,320.0,20.0
2024-03-01,12,-5.2,55.6,9.0,320.0,20.0
2024-03-01,15,-4.6,53.1,8.0,320.0,20.0
2024-03-01,18,-5.2,55.6,6.0,320.0,20.0
2024-03-01,21,-6.6,67.0,3.0,320.0,20.0
2024-03-02,0,-7.6,69.5,0.0,0.0,20.0
2024-03-02,3,-8.6,72.2,0.0,0.0,20.0
2024-03-02,6,-8.4,74.0,0.0,0.0,20.0
2024-03-02,9,-4.8,70.1,2.0,140.0,20.0
2024-03-02,12,3.0,75.0,3.0,230.0,20.0
2024-03-02,15,4.6,74.2,5.0,270.0,20.0
2024-03-02,18,3.4,79.5,3.0,230.0,20.0
2024-03-02,21,2.0,87.8,0.0,0.0,10.0
2024-03-03,0,1.2,90.4,0.0,0.0,10.0
2024-03-03,3,0.0,90.3,0.0,0.0,10.0
2024-03-03,6,-1.0,88.2,0.0,0.0,10.0
2024-03-03,9,-0.8,83.1,0.0,0.0,5.0
2024-03-03,12,2.4,76.0,2.0,270.0,5.0
2024-03-03,15,5.4,56.7,2.0,320.0,10.0
2024-03-03,18,4.6,54.4,3.0,320.0,10.0
2024-03-03,21,-0.3,66.9,2.0,320.0,10.0
2024-03-04,0,-1.3,73.6,0.0,0.0,10.0
2024-03-04,3,-3.0,81.6,0.0,0.0,10.0
2024-03-04,6,-4.1,79.6,0.0,0.0,10.0
2024-03-04,9,-0.8,86.9,0.0,0.0,10.0
2024-03-04,12,6.4,56.1,0.0,0.0,20.0
2024-03-04,15,8.6,49.4,0.0,0.0,20.0
2024-03-04,18,8.3,53.8,0.0,0.0,20.0
2024-03-04,21,4.8,68.5,0.0,0.0,20.0
2024-03-05,0,3.2,79.5,0.0,0.0,10.0
2024-03-05,3,1.5,76.4,0.0,0.0,10.0
2024-03-05,6,1.4,74.1,0.0,0.0,10.0
2024-03-05,9,2.0,79.3,0.0,0.0,10.0
2024-03-05,12,5.2,74.8,0.0,0.0,10.0
2024-03-05,15,11.2,51.9,1.0,320.0,10.0
2024-03-05,18,10.0,74.1,1.0,320.0,10.0
2024-03-05,21,6.5,77.7,1.0,320.0,10.0
2024-03-06,0,3.5,83.1,0.0,0.0,10.0
2024-03-06,3,3.2,86.1,0.0,0.0,10.0
2024-03-06,6,2.0,85.3,0.0,0.0,10.0
2024-03-06,9,2.2,89.1,0.0,0.0,10.0
2024-03-06,12,6.4,69.8,0.0,0.0,10.0
2024-03-06,15,8.6,62.7,2.0,320.0,10.0
2024-03-06,18,6.2,67.3,4.0,320.0,10.0
2024-03-06,21,2.2,72.6,1.0,320.0,10.0
2024-03-07,0,1.6,75.8,0.0,0.0,10.0
2024-03-07,3,0.0,75.5,0.0,0.0,10.0
2024-03-07,6,-0.2,74.9,0.0,0.0,10.0
2024-03-07,9,0.4,73.4,0.0,0.0,10.0
2024-03-07,12,4.5,72.5,0.0,0.0,10.0
2024-03-07,15,7.0,48.9,6.0,320.0,20.0
2024-03-07,18,4.5,59.5,5.0,320.0,20.0
2024-03-07,21,0.3,62.6,0.0,0.0,20.0
2024-03-08,0,-0.8,71.0,0.0,0.0,20.0
2024-03-08,3,-0.6,75.4,0.0,0.0,10.0
2024-03-08,6,-1.0,74.2,0.0,0.0,10.0
2024-03-08,9,1.2,58.6,4.0,320.0,10.0
2024-03-08,12,3.0,48.9,9.0,320.0,20.0
2024-03-08,15,2.8,52.3,9.0,320.0,20.0
2024-03-08,18,2.6,51.5,9.0,320.0,20.0
2024-03-08,21,-0.3,75.5,0.0,0.0,10.0
2024-03-09,0,-1.2,78.8,0.0,0.0,10.0
2024-03-09,3,-1.8,67.1,0.0,0.0,10.0
2024-03-09,6,-1.8,59.7,0.0,0.0,10.0
2024-03-09,9,-1.7,63.1,2.0,320.0,20.0
2024-03-09,12,1.6,54.0,6.0,320.0,20.0
2024-03-09,15,4.2,49.6,5.0,320.0,25.0
2024-03-09,18,3.0,51.6,6.0,320.0,20.0
2024-03-09,21,-0.4,76.0,1.0,320.0,10.0
2024-03-10,0,-1.4,61.7,1.0,320.0,10.0
2024-03-10,3,-2.6,67.4,0.0,0.0,10.0
2024-03-10,6,-4.8,70.1,0.0,0.0,10.0
2024-03-10,9,-1.2,69.8,0.0,0.0,10.0
2024-03-10,12,7.0,56.7,2.0,140.0,15.0
2024-03-10,15,10.8,51.1,0.0,0.0,15.0
2024-03-10,18,9.2,54.9,3.0,230.0,20.0
2024-03-10,21,4.5,83.2,2.0,180.0,10.0
2024-03-11,0,2.7,87.9,4.0,140.0,10.0
2024-03-11,3,3.2,92.5,5.0,140.0,10.0
2024-03-11,6,3.4,93.8,5.0,140.0,10.0
2024-03-11,9,4.3,82.0,5.0,140.0,20.0
2024-03-11,12,7.8,61.6,3.0,140.0,20.0
2024-03-11,15,10.0,64.4,2.0,140.0,10.0
2024-03-11,18,9.6,73.0,1.0,230.0,10.0
2024-03-11,21,7.2,91.4,1.0,230.0,10.0
2024-03-12,0,5.8,98.6,0.0,0.0,10.0
2024-03-12,3,5.0,96.6,0.0,0.0,10.0
2024-03-12,6,4.2,97.2,2.0,320.0,10.0
2024-03-12,9,3.0,87.3,2.0,320.0,10.0
2024-03-12,12,6.6,75.0,2.0,320.0,10.0
2024-03-12,15,9.6,63.4,4.0,320.0,10.0
2024-03-12,18,9.3,60.7,6.0,320.0,20.0
2024-03-12,21,4.2,76.3,5.0,320.0,20.0
2024-03-13,0,2.3,86.0,0.0,0.0,20.0
2024-03-13,3,1.0,89.7,0.0,0.0,20.0
2024-03-13,6,0.8,89.7,0.0,0.0,10.0
2024-03-13,9,3.4,62.9,0.0,0.0,10.0
2024-03-13,12,10.0,61.7,2.0,230.0,20.0
2024-03-13,15,12.6,50.1,4.0,270.0,10.0
2024-03-13,18,11.2,47.3,3.0,230.0,10.0
2024-03-13,21,7.2,71.0,2.0,230.0,10.0
2024-03-14,0,5.2,81.5,0.0,0.0,10.0
2024-03-14,3,3.0,83.0,0.0,0.0,10.0
2024-03-14,6,0.4,76.2,0.0,0.0,10.0
2024-03-14,9,3.0,72.8,0.0,0.0,10.0
2024-03-14,12,12.0,51.4,0.0,0.0,10.0
2024-03-14,15,16.4,39.8,3.0,230.0,20.0
2024-03-14,18,14.4,44.0,0.0,0.0,20.0
2024-03-14,21,8.8,61.0,0.0,0.0,20.0
2024-03-15,0,7.8,66.2,2.0,140.0,20.0
2024-03-15,3,4.9,72.6,1.0,140.0,20.0
2024-03-15,6,3.2,79.5,2.0,140.0,20.0
2024-03-15,9,6.0,72.8,0.0,0.0,10.0
2024-03-15,12,13.5,55.6,0.0,0.0,10.0
2024-03-15,15,17.5,51.8,5.0,320.0,10.0
2024-03-15,18,13.4,65.2,4.0,320.0,10.0
2024-03-15,21,10.4,87.4,0.0,0.0,10.0
2024-03-16,0,7.2,91.4,0.0,0.0,10.0
2024-03-16,3,5.8,93.3,3.0,90.0,10.0
2024-03-16,6,5.0,86.9,4.0,140.0,10.0
2024-03-16,9,6.2,87.6,4.0,140.0,10.0
2024-03-16,12,11.4,70.3,3.0,140.0,10.0
2024-03-16,15,15.8,51.4,3.0,140.0,10.0
2024-03-16,18,13.2,58.7,0.0,0.0,10.0
2024-03-16,21,10.0,54.7,0.0,0.0,10.0
2024-03-17,0,9.6,58.6,0.0,0.0,10.0
2024-03-17,3,8.8,73.3,2.0,230.0,10.0
2024-03-17,6,5.4,78.1,3.0,320.0,10.0
2024-03-17,9,4.9,58.7,8.0,320.0,5.0
2024-03-17,12,8.0,48.5,9.0,320.0,4.0
2024-03-17,15,9.5,45.4,9.0,320.0,20.0
2024-03-17,18,8.0,45.7,8.0,320.0,20.0
2024-03-17,21,3.4,79.5,0.0,0.0,20.0
2024-03-18,0,1.6,81.6,0.0,0.0,20.0
2024-03-18,3,0.6,69.1,0.0,0.0,10.0
2024-03-18,6,-1.6,86.2,0.0,0.0,10.0
2024-03-18,9,2.8,61.8,0.0,0.0,20.0
2024-03-18,12,9.2,33.6,0.0,0.0,20.0
2024-03-18,15,12.2,30.4,2.0,320.0,20.0
2024-03-18,18,10.2,40.9,3.0,320.0,20.0
2024-03-18,21,6.5,70.4,0.0,0.0,10.0
2024-03-19,0,5.0,65.1,0.0,0.0,10.0
2024-03-19,3,3.5,71.3,0.0,0.0,10.0
2024-03-19,6,4.8,61.8,4.0,140.0,10.0
2024-03-19,9,6.0,79.3,2.0,140.0,10.0
2024-03-19,12,8.7,70.3,0.0,0.0,10.0
2024-03-19,15,9.9,58.3,9.0,320.0,10.0
2024-03-19,18,5.1,67.1,9.0,320.0,10.0
2024-03-19,21,4.8,68.5,8.0,320.0,10.0
2024-03-20,0,3.0,66.1,6.0,320.0,10.0
2024-03-20,3,0.0,80.2,2.0,320.0,10.0
2024-03-20,6,0.8,80.3,2.0,320.0,10.0
2024-03-20,9,3.2,62.3,1.0,320.0,10.0
2024-03-20,12,5.4,51.5,6.0,320.0,10.0
2024-03-20,15,6.8,42.7,7.0,320.0,10.0
2024-03-20,18,4.4,51.6,9.0,320.0,10.0
2024-03-20,21,1.3,65.7,0.0,0.0,10.0
2024-03-21,0,-0.5,69.4,0.0,0.0,10.0
2024-03-21,3,-2.0,71.8,0.0,0.0,10.0
2024-03-21,6,-2.3,77.5,0.0,0.0,10.0
2024-03-21,9,2.4,71.6,0.0,0.0,10.0
2024-03-21,12,7.8,48.1,0.0,0.0,10.0
2024-03-21,15,11.4,45.3,1.0,320.0,20.0
2024-03-21,18,11.2,47.3,3.0,270.0,20.0
2024-03-21,21,6.0,69.7,0.0,0.0,20.0
2024-03-22,0,4.2,64.5,4.0,90.0,20.0
2024-03-22,3,4.8,68.5,5.0,90.0,10.0
2024-03-22,6,4.2,76.3,8.0,90.0,10.0
2024-03-22,9,6.0,55.6,6.0,140.0,20.0
2024-03-22,12,11.3,52.3,8.0,140.0,10.0
2024-03-22,15,11.2,64.7,5.0,140.0,10.0
2024-03-22,18,10.0,89.8,3.0,140.0,10.0
2024-03-22,21,10.4,91.6,0.0,0.0,10.0
2024-03-23,0,9.8,94.8,0.0,0.0,10.0
2024-03-23,3,8.2,94.7,1.0,320.0,10.0
2024-03-23,6,7.2,95.3,0.0,0.0,10.0
2024-03-23,9,7.0,84.7,1.0,320.0,5.0
2024-03-23,12,11.2,77.4,0.0,0.0,10.0
2024-03-23,15,14.8,63.7,3.0,320.0,20.0
2024-03-23,18,14.8,67.7,3.0,320.0,20.0
2024-03-23,21,9.8,91.6,0.0,0.0,10.0
2024-03-24,0,9.4,81.5,0.0,0.0,10.0
2024-03-24,3,5.0,88.1,0.0,0.0,10.0
2024-03-24,6,4.2,91.9,0.0,0.0,10.0
2024-03-24,9,6.4,85.2,0.0,0.0,10.0
2024-03-24,12,13.2,67.9,0.0,0.0,10.0
2024-03-24,15,20.8,46.4,0.0,0.0,10.0
2024-03-24,18,20.0,53.9,0.0,0.0,20.0
2024-03-24,21,13.9,80.5,0.0,0.0,20.0
2024-03-25,0,11.4,76.4,0.0,0.0,20.0
2024-03-25,3,11.0,77.9,0.0,0.0,20.0
2024-03-25,6,10.2,82.2,0.0,0.0,20.0
2024-03-25,9,11.8,66.6,0.0,0.0,20.0
2024-03-25,12,12.6,54.2,6.0,140.0,20.0
2024-03-25,15,12.3,52.6,8.0,140.0,20.0
2024-03-25,18,11.6,63.9,6.0,140.0,20.0
2024-03-25,21,7.8,89.0,1.0,90.0,10.0
2024-03-26,0,6.4,90.7,0.0,0.0,10.0
2024-03-26,3,4.6,93.2,0.0,0.0,10.0
2024-03-26,6,3.4,96.5,0.0,0.0,10.0
2024-03-26,9,4.0,97.2,0.0,0.0,10.0
2024-03-26,12,7.8,83.0,0.0,0.0,10.0
2024-03-26,15,11.0,75.3,0.0,0.0,10.0
2024-03-26,18,11.6,70.9,0.0,0.0,10.0
2024-03-26,21,6.4,87.6,3.0,320.0,10.0
2024-03-27,0,5.0,88.1,2.0,50.0,10.0
2024-03-27,3,4.8,83.8,0.0,0.0,10.0
2024-03-27,6,3.6,89.9,0.0,0.0,10.0
2024-03-27,9,6.4,90.7,2.0,140.0,10.0
2024-03-27,12,12.0,71.4,3.0,140.0,10.0
2024-03-27,15,14.4,59.0,4.0,140.0,10.0
2024-03-27,18,12.8,60.7,4.0,140.0,10.0
2024-03-27,21,8.6,83.1,5.0,140.0,10.0
2024-03-28,0,8.8,76.0,5.0,140.0,10.0
2024-03-28,3,8.8,82.0,2.0,140.0,10.0
2024-03-28,6,8.2,94.7,3.0,140.0,10.0
2024-03-28,9,8.6,94.7,1.0,140.0,10.0
2024-03-28,12,9.0,97.3,3.0,140.0,10.0
2024-03-28,15,10.4,89.8,3.0,180.0,20.0
2024-03-28,18,10.0,92.2,2.0,230.0,20.0
2024-03-28,21,8.2,86.6,0.0,0.0,10.0
2024-03-29,0,5.6,84.5,0.0,0.0,10.0
2024-03-29,3,4.0,86.2,0.0,0.0,10.0
2024-03-29,6,4.4,83.8,0.0,0.0,10.0
2024-03-29,9,0.9,96.5,0.0,0.0,10.0
2024-03-29,12,4.0,89.9,0.0,0.0,10.0
2024-03-29,15,10.8,68.8,4.0,320.0,10.0
2024-03-29,18,9.2,50.6,8.0,320.0,20.0
2024-03-29,21,5.6,66.2,2.0,320.0,20.0
2024-03-30,0,3.8,73.5,2.0,140.0,20.0
2024-03-30,3,2.4,71.6,2.0,180.0,20.0
2024-03-30,6,3.8,62.5,0.0,0.0,10.0
2024-03-30,9,5.8,57.7,1.0,180.0,10.0
2024-03-30,12,11.6,44.1,9.0,320.0,20.0
2024-03-30,15,9.8,62.1,8.0,360.0,10.0
2024-03-30,18,10.2,57.1,4.0,320.0,20.0
2024-03-30,21,6.5,57.8,0.0,0.0,20.0
2024-03-31,0,5.6,60.7,0.0,0.0,20.0
2024-03-31,3,3.0,75.0,0.0,0.0,20.0
2024-03-31,6,2.0,75.3,0.0,0.0,20.0
2024-03-31,9,5.5,67.7,0.0,0.0,10.0
2024-03-31,12,11.0,40.5,0.0,0.0,10.0
2024-03-31,15,13.5,31.0,3.0,320.0,20.0
2024-03-31,18,12.4,37.5,0.0,0.0,20.0
2024-03-31,21,8.4,53.5,1.0,320.0,20.0
2024-04-01,0,5.4,63.3,0.0,0.0,20.0
2024-04-01,3,3.8,76.2,0.0,0.0,20.0
2024-04-01,6,1.8,84.7,0.0,0.0,20.0
2024-04-01,9,7.0,62.8,0.0,0.0,10.0
2024-04-01,12,12.0,47.2,2.0,320.0,20.0
2024-04-01,15,15.4,36.0,3.0,320.0,20.0
2024-04-01,18,15.8,51.4,1.0,320.0,20.0
2024-04-01,21,10.0,76.7,0.0,0.0,20.0
2024-04-02,0,8.3,79.7,0.0,0.0,20.0
2024-04-02,3,7.2,82.9,0.0,0.0,20.0
2024-04-02,6,5.2,83.9,0.0,0.0,20.0
2024-04-02,9,8.8,65.5,0.0,0.0,10.0
2024-04-02,12,18.2,35.0,3.0,140.0,20.0
2024-04-02,15,21.7,29.0,3.0,180.0,20.0
2024-04-02,18,19.4,48.3,2.0,230.0,20.0
2024-04-02,21,13.4,76.2,2.0,320.0,20.0
2024-04-03,0,11.4,78.0,2.0,140.0,10.0
2024-04-03,3,9.0,86.1,2.0,140.0,10.0
2024-04-03,6,8.4,86.0,0.0,0.0,10.0
2024-04-03,9,10.2,83.3,0.0,0.0,10.0
2024-04-03,12,15.2,60.0,2.0,320.0,10.0
2024-04-03,15,19.2,53.0,6.0,320.0,10.0
2024-04-03,18,18.2,51.7,8.0,320.0,10.0
2024-04-03,21,13.8,77.3,2.0,320.0,10.0
2024-04-04,0,11.0,70.3,1.0,320.0,10.0
2024-04-04,3,9.2,75.5,1.0,140.0,10.0
2024-04-04,6,7.6,80.7,0.0,0.0,10.0
2024-04-04,9,11.4,68.4,0.0,0.0,10.0
2024-04-04,12,16.2,53.3,0.0,0.0,20.0
2024-04-04,15,19.4,41.8,5.0,320.0,20.0
2024-04-04,18,17.1,42.0,5.0,320.0,20.0
2024-04-04,21,12.1,54.5,2.0,320.0,20.0
2024-04-05,0,10.5,66.4,0.0,0.0,20.0
2024-04-05,3,8.8,86.7,0.0,0.0,10.0
2024-04-05,6,7.8,77.4,0.0,0.0,10.0
2024-04-05,9,10.0,74.1,0.0,0.0,10.0
2024-04-05,12,16.4,60.7,0.0,0.0,10.0
2024-04-05,15,18.6,40.1,6.0,320.0,20.0
2024-04-05,18,15.5,44.3,6.0,320.0,20.0
2024-04-05,21,10.6,55.6,4.0,320.0,10.0
2024-04-06,0,9.2,58.5,2.0,360.0,10.0
2024-04-06,3,5.8,81.6,1.0,140.0,10.0
2024-04-06,6,5.0,78.1,0.0,0.0,10.0
2024-04-06,9,9.0,51.3,1.0,140.0,10.0
2024-04-06,12,16.0,42.3,2.0,140.0,10.0
2024-04-06,15,19.0,39.7,3.0,230.0,20.0
2024-04-06,18,18.4,36.8,3.0,230.0,20.0
2024-04-06,21,13.2,46.2,0.0,0.0,20.0
2024-04-07,0,10.4,55.6,0.0,0.0,20.0
2024-04-07,3,9.0,60.2,0.0,0.0,20.0
2024-04-07,6,7.6,63.4,2.0,140.0,20.0
2024-04-07,9,12.6,50.1,2.0,140.0,10.0
2024-04-07,12,19.0,44.0,3.0,180.0,20.0
2024-04-07,15,22.2,35.9,3.0,140.0,20.0
2024-04-07,18,19.8,48.4,3.0,230.0,20.0
2024-04-07,21,14.2,77.9,1.0,230.0,10.0
2024-04-08,0,12.2,74.0,0.0,0.0,10.0
2024-04-08,3,11.0,72.2,0.0,0.0,10.0
2024-04-08,6,8.8,76.0,0.0,0.0,10.0
2024-04-08,9,11.4,70.3,0.0,0.0,10.0
2024-04-08,12,18.6,53.6,0.0,0.0,20.0
2024-04-08,15,21.0,51.0,5.0,320.0,20.0
2024-04-08,18,19.2,59.4,4.0,320.0,20.0
2024-04-08,21,14.0,84.3,3.0,320.0,10.0
2024-04-09,0,11.6,59.1,3.0,320.0,10.0
2024-04-09,3,9.6,92.2,1.0,360.0,10.0
2024-04-09,6,7.4,85.3,0.0,0.0,10.0
2024-04-09,9,12.5,64.1,1.0,90.0,20.0
2024-04-09,12,15.6,55.8,1.0,140.0,20.0
2024-04-09,15,18.6,49.4,2.0,230.0,20.0
2024-04-09,18,19.2,57.4,2.0,270.0,20.0
2024-04-09,21,12.9,75.1,2.0,320.0,20.0
2024-04-10,0,10.6,82.2,0.0,0.0,20.0
2024-04-10,3,9.8,74.0,0.0,0.0,20.0
2024-04-10,6,9.0,73.4,2.0,140.0,10.0
2024-04-10,9,12.4,60.6,4.0,140.0,20.0
2024-04-10,12,16.8,50.6,8.0,180.0,20.0
2024-04-10,15,16.4,65.4,4.0,140.0,10.0
2024-04-10,18,14.6,67.2,4.0,140.0,10.0
2024-04-10,21,12.0,75.5,6.0,140.0,10.0
2024-04-11,0,11.7,81.3,4.0,140.0,10.0
2024-04-11,3,12.0,81.9,3.0,140.0,10.0
2024-04-11,6,11.4,82.3,3.0,140.0,10.0
2024-04-11,9,12.2,88.2,2.0,140.0,10.0
2024-04-11,12,16.0,63.1,1.0,140.0,20.0
2024-04-11,15,19.6,48.3,2.0,230.0,20.0
2024-04-11,18,19.0,50.8,2.0,180.0,20.0
2024-04-11,21,14.8,65.5,0.0,0.0,20.0
2024-04-12,0,12.0,73.4,0.0,0.0,20.0
2024-04-12,3,9.8,84.4,0.0,0.0,20.0
2024-04-12,6,9.2,84.3,0.0,0.0,10.0
2024-04-12,9,15.0,67.8,0.0,0.0,10.0
2024-04-12,12,19.8,53.5,0.0,0.0,10.0
2024-04-12,15,23.4,43.5,0.0,0.0,20.0
2024-04-12,18,22.6,52.5,0.0,0.0,20.0
2024-04-12,21,17.0,60.5,0.0,0.0,20.0
2024-04-13,0,13.3,80.4,0.0,0.0,20.0
2024-04-13,3,11.4,82.3,2.0,320.0,20.0
2024-04-13,6,9.2,84.3,0.0,0.0,10.0
2024-04-13,9,13.6,78.3,0.0,0.0,10.0
2024-04-13,12,21.2,59.1,0.0,0.0,20.0
2024-04-13,15,24.0,47.0,0.0,0.0,20.0
2024-04-13,18,20.0,58.4,6.0,320.0,20.0
2024-04-13,21,13.4,86.0,2.0,320.0,10.0
2024-04-14,0,11.8,92.3,0.0,0.0,10.0
2024-04-14,3,10.8,94.8,0.0,0.0,10.0
2024-04-14,6,10.2,94.8,0.0,0.0,10.0
2024-04-14,9,16.2,71.3,0.0,0.0,10.0
2024-04-14,12,24.0,52.5,0.0,0.0,10.0
2024-04-14,15,28.0,36.1,4.0,180.0,20.0
2024-04-14,18,25.9,33.9,6.0,230.0,20.0
2024-04-14,21,21.3,55.0,0.0,0.0,20.0
2024-04-15,0,17.0,63.8,0.0,0.0,20.0
2024-04-15,3,18.2,53.1,5.0,140.0,20.0
2024-04-15,6,16.2,70.3,4.0,140.0,10.0
2024-04-15,9,15.2,95.6,4.0,140.0,10.0
2024-04-15,12,15.5,92.6,6.0,140.0,10.0
2024-04-15,15,14.2,93.1,3.0,140.0,10.0
2024-04-15,18,13.4,90.6,2.0,230.0,10.0
2024-04-15,21,12.4,90.0,1.0,230.0,10.0
2024-04-16,0,12.2,94.9,0.0,0.0,10.0
2024-04-16,3,11.8,96.1,0.0,0.0,10.0
2024-04-16,6,11.2,90.5,0.0,0.0,10.0
2024-04-16,9,12.0,92.4,0.0,0.0,10.0
2024-04-16,12,15.0,82.8,3.0,320.0,10.0
2024-04-16,15,17.0,69.6,3.0,320.0,10.0
2024-04-16,18,17.0,51.7,5.0,320.0,20.0
2024-04-16,21,12.6,76.6,0.0,0.0,20.0
2024-04-17,0,12.0,72.9,0.0,0.0,20.0
2024-04-17,3,9.5,89.1,0.0,0.0,20.0
2024-04-17,6,7.8,89.0,0.0,0.0,10.0
2024-04-17,9,11.8,80.2,0.0,0.0,10.0
2024-04-17,12,17.4,61.0,1.0,320.0,10.0
2024-04-17,15,20.8,56.7,1.0,320.0,10.0
2024-04-17,18,20.2,54.0,2.0,320.0,10.0
2024-04-17,21,15.0,75.0,1.0,320.0,10.0
2024-04-18,0,13.3,66.0,3.0,320.0,10.0
2024-04-18,3,11.4,75.9,0.0,0.0,10.0
2024-04-18,6,8.8,86.7,0.0,0.0,10.0
2024-04-18,9,13.8,70.8,0.0,0.0,20.0
2024-04-18,12,20.0,53.9,0.0,0.0,20.0
2024-04-18,15,24.8,42.8,0.0,0.0,20.0
2024-04-18,18,23.0,37.7,3.0,320.0,20.0
2024-04-18,21,17.8,49.2,1.0,320.0,20.0
2024-04-19,0,15.0,67.8,0.0,0.0,20.0
2024-04-19,3,12.8,83.1,0.0,0.0,20.0
2024-04-19,6,10.4,87.4,0.0,0.0,20.0
2024-04-19,9,12.8,85.9,2.0,140.0,10.0
2024-04-19,12,22.0,47.4,0.0,0.0,10.0
2024-04-19,15,24.0,45.8,1.0,270.0,10.0
2024-04-19,18,23.2,51.6,4.0,230.0,10.0
2024-04-19,21,17.4,72.0,0.0,0.0,10.0
2024-04-20,0,16.2,77.2,0.0,0.0,10.0
2024-04-20,3,14.8,80.1,0.0,0.0,10.0
2024-04-20,6,14.8,74.4,2.0,140.0,10.0
2024-04-20,9,14.8,82.8,1.0,140.0,10.0
2024-04-20,12,17.0,71.9,3.0,140.0,10.0
2024-04-20,15,16.3,76.2,0.0,0.0,10.0
2024-04-20,18,14.8,89.0,0.0,0.0,10.0
2024-04-20,21,13.0,78.7,0.0,0.0,10.0
2024-04-21,0,12.6,77.6,0.0,0.0,10.0
2024-04-21,3,10.2,89.2,0.0,0.0,10.0
2024-04-21,6,10.0,94.1,1.0,90.0,10.0
2024-04-21,9,13.2,75.7,0.0,0.0,10.0
2024-04-21,12,18.0,70.7,0.0,0.0,10.0
2024-04-21,15,20.4,65.8,0.0,0.0,20.0
2024-04-21,18,18.8,58.9,2.0,140.0,20.0
2024-04-21,21,16.8,67.7,3.0,140.0,20.0
2024-04-22,0,15.8,68.4,3.0,140.0,20.0
2024-04-22,3,15.2,74.0,1.0,140.0,20.0
2024-04-22,6,14.0,82.1,0.0,0.0,10.0
2024-04-22,9,15.4,74.0,0.0,0.0,20.0
2024-04-22,12,19.8,52.8,3.0,140.0,20.0
2024-04-22,15,22.2,45.9,1.0,140.0,20.0
2024-04-22,18,22.0,50.3,3.0,140.0,20.0
2024-04-22,21,19.6,69.2,1.0,140.0,20.0
2024-04-23,0,15.8,70.7,2.0,140.0,20.0
2024-04-23,3,13.4,74.7,5.0,140.0,10.0
2024-04-23,6,12.8,74.6,5.0,140.0,10.0
2024-04-23,9,14.6,64.6,7.0,140.0,20.0
2024-04-23,12,19.6,52.8,7.0,140.0,20.0
2024-04-23,15,21.0,49.0,4.0,140.0,20.0
2024-04-23,18,18.4,53.5,7.0,140.0,20.0
2024-04-23,21,13.0,78.7,3.0,140.0,10.0
2024-04-24,0,11.0,89.8,3.0,140.0,10.0
2024-04-24,3,10.2,94.8,2.0,140.0,10.0
2024-04-24,6,9.8,95.4,2.0,140.0,10.0
2024-04-24,9,11.2,86.9,0.0,0.0,20.0
2024-04-24,12,15.0,72.0,0.0,0.0,20.0
2024-04-24,15,15.8,68.9,2.0,320.0,20.0
2024-04-24,18,16.0,74.6,3.0,320.0,20.0
2024-04-24,21,13.0,94.3,0.0,0.0,20.0
2024-04-25,0,10.0,98.0,0.0,0.0,20.0
2024-04-25,3,10.0,94.1,0.0,0.0,20.0
2024-04-25,6,9.8,94.8,0.0,0.0,10.0
2024-04-25,9,10.6,92.3,0.0,0.0,10.0
2024-04-25,12,14.8,78.5,3.0,140.0,10.0
2024-04-25,15,18.5,66.7,3.0,230.0,10.0
2024-04-25,18,17.6,68.3,1.0,230.0,10.0
2024-04-25,21,14.6,84.4,1.0,230.0,10.0
2024-04-26,0,12.6,92.4,1.0,230.0,10.0
2024-04-26,3,11.1,93.5,1.0,230.0,10.0
2024-04-26,6,9.8,93.5,2.0,140.0,10.0
2024-04-26,9,14.8,80.1,3.0,140.0,10.0
2024-04-26,12,20.4,53.0,0.0,0.0,20.0
2024-04-26,15,24.4,39.6,0.0,0.0,20.0
2024-04-26,18,23.0,45.8,5.0,320.0,20.0
2024-04-26,21,16.6,62.0,2.0,320.0,20.0
2024-04-27,0,13.6,85.4,0.0,0.0,20.0
2024-04-27,3,11.0,89.8,0.0,0.0,20.0
2024-04-27,6,9.0,96.0,0.0,0.0,10.0
2024-04-27,9,14.8,75.9,0.0,0.0,10.0
2024-04-27,12,20.8,47.0,3.0,320.0,20.0
2024-04-27,15,23.7,41.3,4.0,320.0,20.0
2024-04-27,18,22.0,45.8,4.0,320.0,20.0
2024-04-27,21,16.8,64.6,2.0,320.0,20.0
2024-04-28,0,14.2,77.9,0.0,0.0,20.0
2024-04-28,3,11.4,87.5,0.0,0.0,10.0
2024-04-28,6,10.4,91.6,0.0,0.0,10.0
2024-04-28,9,16.2,68.9,0.0,0.0,10.0
2024-04-28,12,21.0,56.8,0.0,0.0,20.0
2024-04-28,15,25.8,49.4,0.0,0.0,20.0
2024-04-28,18,24.2,56.1,2.0,320.0,20.0
2024-04-28,21,18.2,56.4,2.0,320.0,20.0
2024-04-29,0,15.6,82.9,0.0,0.0,20.0
2024-04-29,3,14.6,88.9,0.0,0.0,20.0
2024-04-29,6,13.2,80.4,0.0,0.0,20.0
2024-04-29,9,17.6,55.5,3.0,140.0,20.0
2024-04-29,12,22.6,46.6,6.0,140.0,20.0
2024-04-29,15,25.3,43.8,2.0,140.0,20.0
2024-04-29,18,24.2,48.9,6.0,320.0,20.0
2024-04-29,21,17.0,62.5,3.0,320.0,20.0
2024-04-30,0,14.2,75.3,2.0,320.0,20.0
2024-04-30,3,13.2,72.6,3.0,320.0,20.0
2024-04-30,6,11.0,75.3,0.0,0.0,10.0
2024-04-30,9,13.0,79.3,0.0,0.0,10.0
2024-04-30,12,18.2,58.4,1.0,320.0,10.0
2024-04-30,15,20.2,44.7,3.0,320.0,20.0
2024-04-30,18,19.8,51.4,5.0,320.0,20.0
2024-04-30,21,14.2,82.1,5.0,320.0,20.0
2024-05-01,0,12.9,77.7,5.0,320.0,20.0
2024-05-01,3,10.8,89.2,1.0,320.0,20.0
2024-05-01,6,9.0,97.3,0.0,0.0,20.0
2024-05-01,9,13.8,68.9,0.0,0.0,20.0
2024-05-01,12,19.2,48.2,0.0,0.0,20.0
2024-05-01,15,23.0,33.5,3.0,320.0,20.0
2024-05-01,18,22.6,31.4,4.0,320.0,20.0
2024-05-01,21,18.2,42.9,0.0,0.0,20.0
2024-05-02,0,15.0,52.6,0.0,0.0,20.0
2024-05-02,3,12.2,74.0,0.0,0.0,20.0
2024-05-02,6,8.8,76.0,0.0,0.0,20.0
2024-05-02,9,15.0,57.9,2.0,140.0,20.0
2024-05-02,12,21.6,31.1,2.0,230.0,20.0
2024-05-02,15,25.0,26.8,3.0,320.0,20.0
2024-05-02,18,22.0,35.6,5.0,320.0,20.0
2024-05-02,21,16.8,48.2,1.0,320.0,20.0
2024-05-03,0,13.8,64.8,0.0,0.0,10.0
2024-05-03,3,11.4,82.3,0.0,0.0,10.0
2024-05-03,6,10.0,78.8,0.0,0.0,10.0
2024-05-03,9,15.0,57.9,0.0,0.0,10.0
2024-05-03,12,21.8,39.7,3.0,320.0,10.0
2024-05-03,15,25.5,33.1,6.0,320.0,10.0
2024-05-03,18,24.2,34.8,5.0,320.0,20.0
2024-05-03,21,18.6,51.8,2.0,320.0,20.0
2024-05-04,0,15.4,63.4,0.0,0.0,20.0
2024-05-04,3,13.0,83.6,0.0,0.0,20.0
2024-05-04,6,10.8,74.7,1.0,140.0,20.0
2024-05-04,9,17.2,58.1,0.0,0.0,20.0
2024-05-04,12,24.3,44.1,3.0,230.0,10.0
2024-05-04,15,27.0,42.0,5.0,320.0,10.0
2024-05-04,18,25.7,38.4,6.0,230.0,20.0
2024-05-04,21,18.6,58.8,1.0,320.0,20.0
2024-05-05,0,19.0,54.0,0.0,0.0,10.0
2024-05-05,3,18.2,60.3,0.0,0.0,10.0
2024-05-05,6,16.4,81.3,0.0,0.0,10.0
2024-05-05,9,16.0,93.2,1.0,140.0,10.0
2024-05-05,12,16.8,97.5,2.0,140.0,10.0
2024-05-05,15,17.6,95.7,5.0,90.0,10.0
2024-05-05,18,17.8,98.1,3.0,140.0,10.0
2024-05-05,21,16.8,93.2,2.0,180.0,10.0
2024-05-06,0,14.6,95.6,3.0,180.0,10.0
2024-05-06,3,13.4,97.4,0.0,0.0,10.0
2024-05-06,6,13.4,97.4,0.0,0.0,20.0
2024-05-06,9,13.8,96.2,2.0,180.0,10.0
2024-05-06,12,14.0,95.5,2.0,230.0,10.0
2024-05-06,15,14.0,95.5,1.0,230.0,20.0
2024-05-06,18,13.4,90.6,2.0,140.0,20.0
2024-05-06,21,13.2,95.5,0.0,0.0,10.0
2024-05-07,0,12.8,97.4,0.0,0.0,10.0
2024-05-07,3,12.7,96.8,0.0,0.0,10.0
2024-05-07,6,12.7,97.4,0.0,0.0,10.0
2024-05-07,9,12.8,90.6,2.0,50.0,10.0
2024-05-07,12,16.0,67.1,3.0,50.0,20.0
2024-05-07,15,17.2,70.1,1.0,50.0,20.0
2024-05-07,18,17.2,70.1,0.0,0.0,20.0
2024-05-07,21,14.7,79.0,0.0,0.0,20.0
2024-05-08,0,13.0,85.9,1.0,140.0,10.0
2024-05-08,3,12.4,88.2,0.0,0.0,10.0
2024-05-08,6,12.0,80.8,1.0,140.0,20.0
2024-05-08,9,14.9,65.1,0.0,0.0,20.0
2024-05-08,12,18.0,68.8,0.0,0.0,20.0
2024-05-08,15,20.4,62.5,4.0,320.0,20.0
2024-05-08,18,18.3,51.3,3.0,320.0,20.0
2024-05-08,21,14.1,75.3,0.0,0.0,20.0
2024-05-09,0,12.8,79.3,0.0,0.0,20.0
2024-05-09,3,10.4,89.8,0.0,0.0,20.0
2024-05-09,6,9.0,96.0,0.0,0.0,10.0
2024-05-09,9,15.5,67.4,1.0,140.0,20.0
2024-05-09,12,20.7,61.7,5.0,180.0,10.0
2024-05-09,15,21.7,56.6,6.0,230.0,15.0
2024-05-09,18,20.8,63.0,6.0,230.0,15.0
2024-05-09,21,16.4,83.0,2.0,230.0,20.0
2024-05-10,0,14.2,88.9,4.0,230.0,20.0
2024-05-10,3,13.4,88.3,4.0,140.0,75.0
2024-05-10,6,12.8,87.6,4.0,140.0,10.0
2024-05-10,9,16.0,77.1,4.0,140.0,10.0
2024-05-10,12,20.8,50.0,4.0,140.0,10.0
2024-05-10,15,22.0,44.3,6.0,140.0,20.0
2024-05-10,18,19.3,41.5,3.0,140.0,20.0
2024-05-10,21,15.4,60.5,4.0,140.0,20.0
2024-05-11,0,13.2,77.7,2.0,140.0,20.0
2024-05-11,3,12.6,85.9,4.0,90.0,20.0
2024-05-11,6,14.6,84.4,2.0,140.0,20.0
2024-05-11,9,16.2,82.9,6.0,180.0,20.0
2024-05-11,12,15.6,95.6,4.0,180.0,10.0
2024-05-11,15,16.0,95.6,2.0,230.0,10.0
2024-05-11,18,14.8,93.1,0.0,0.0,20.0
2024-05-11,21,12.8,91.8,0.0,0.0,20.0
2024-05-12,0,11.2,97.4,0.0,0.0,20.0
2024-05-12,3,9.4,97.3,0.0,0.0,20.0
2024-05-12,6,7.8,97.3,0.0,0.0,20.0
2024-05-12,9,13.6,77.3,1.0,320.0,20.0
2024-05-12,12,18.6,60.4,6.0,320.0,20.0
2024-05-12,15,19.0,54.0,6.0,320.0,20.0
2024-05-12,18,19.2,53.0,6.0,320.0,20.0
2024-05-12,21,15.3,77.5,4.0,320.0,20.0
2024-05-13,0,12.6,78.7,0.0,0.0,20.0
2024-05-13,3,12.0,85.8,0.0,0.0,10.0
2024-05-13,6,8.8,78.7,0.0,0.0,10.0
2024-05-13,9,16.0,66.2,0.0,0.0,20.0
2024-05-13,12,22.2,50.4,0.0,0.0,20.0
2024-05-13,15,24.4,49.0,2.0,320.0,20.0
2024-05-13,18,23.9,44.8,3.0,320.0,20.0
2024-05-13,21,19.8,49.0,2.0,230.0,20.0
2024-05-14,0,15.8,60.6,1.0,140.0,20.0
2024-05-14,3,12.5,79.7,1.0,140.0,20.0
2024-05-14,6,12.0,76.5,3.0,140.0,20.0
2024-05-14,9,18.8,54.0,1.0,140.0,20.0
2024-05-14,12,24.2,42.0,4.0,180.0,20.0
2024-05-14,15,24.5,45.3,3.0,230.0,20.0
2024-05-14,18,22.8,37.9,5.0,230.0,20.0
2024-05-14,21,18.4,63.7,0.0,0.0,20.0
2024-05-15,0,15.9,73.6,0.0,0.0,20.0
2024-05-15,3,15.0,78.0,0.0,0.0,10.0
2024-05-15,6,15.0,84.4,4.0,320.0,10.0
2024-05-15,9,11.0,87.5,6.0,320.0,20.0
2024-05-15,12,12.0,90.5,4.0,320.0,10.0
2024-05-15,15,11.4,97.4,4.0,320.0,10.0
2024-05-15,18,11.2,80.6,5.0,140.0,10.0
2024-05-15,21,9.7,85.6,1.0,50.0,10.0
2024-05-16,0,7.8,71.6,0.0,0.0,10.0
2024-05-16,3,6.4,93.3,1.0,340.0,10.0
2024-05-16,6,5.9,96.6,0.0,0.0,20.0
2024-05-16,9,10.8,82.8,0.0,0.0,20.0
2024-05-16,12,16.2,67.1,5.0,320.0,20.0
2024-05-16,15,19.4,46.6,5.0,320.0,20.0
2024-05-16,18,20.4,45.1,4.0,320.0,20.0
2024-05-16,21,15.2,66.0,0.0,0.0,20.0
2024-05-17,0,11.2,77.4,0.0,0.0,20.0
2024-05-17,3,8.8,86.7,0.0,0.0,20.0
2024-05-17,6,11.2,79.0,3.0,140.0,20.0
2024-05-17,9,14.4,80.0,5.0,140.0,10.0
2024-05-17,12,18.4,74.5,5.0,140.0,20.0
2024-05-17,15,24.4,54.7,4.0,140.0,20.0
2024-05-17,18,22.4,59.8,4.0,320.0,20.0
2024-05-17,21,17.7,76.9,5.0,140.0,20.0
2024-05-18,0,15.8,86.2,3.0,140.0,20.0
2024-05-18,3,15.0,89.0,5.0,140.0,20.0
2024-05-18,6,14.8,89.0,2.0,140.0,20.0
2024-05-18,9,19.6,77.7,6.0,140.0,20.0
2024-05-18,12,22.4,68.8,5.0,140.0,20.0
2024-05-18,15,23.1,66.4,4.0,140.0,20.0
2024-05-18,18,23.0,66.0,3.0,180.0,20.0
2024-05-18,21,19.4,77.2,0.0,0.0,20.0
2024-05-19,0,18.2,85.9,2.0,140.0,20.0
2024-05-19,3,17.0,92.0,0.0,0.0,20.0
2024-05-19,6,15.2,95.6,1.0,140.0,20.0
2024-05-19,9,20.6,76.4,1.0,140.0,20.0
2024-05-19,12,23.8,67.0,1.0,140.0,20.0
2024-05-19,15,26.2,53.8,4.0,230.0,20.0
2024-05-19,18,24.2,61.0,5.0,230.0,20.0
2024-05-19,21,20.2,74.4,4.0,230.0,20.0
2024-05-20,0,19.0,80.6,0.0,0.0,10.0
2024-05-20,3,18.6,86.5,0.0,0.0,10.0
2024-05-20,6,18.2,85.9,0.0,0.0,20.0
2024-05-20,9,18.8,84.3,0.0,0.0,20.0
2024-05-20,12,19.8,79.2,0.0,0.0,20.0
2024-05-20,15,21.2,75.0,0.0,0.0,10.0
2024-05-20,18,23.0,70.3,2.0,320.0,10.0
2024-05-20,21,19.4,88.2,0.0,0.0,20.0
2024-05-21,0,15.8,98.1,1.0,320.0,20.0
2024-05-21,3,14.8,93.1,0.0,0.0,20.0
2024-05-21,6,15.7,95.6,0.0,0.0,5.0
2024-05-21,9,18.0,89.8,0.0,0.0,10.0
2024-05-21,12,23.0,69.8,2.0,140.0,10.0
2024-05-21,15,27.0,57.1,2.0,180.0,20.0
2024-05-21,18,24.5,71.5,3.0,320.0,10.0
2024-05-21,21,17.5,84.7,5.0,320.0,10.0
2024-05-22,0,16.2,93.2,0.0,0.0,10.0
2024-05-22,3,16.1,96.9,0.0,0.0,10.0
2024-05-22,6,15.8,98.1,0.0,0.0,3.4
2024-05-22,9,15.8,93.8,0.0,0.0,10.0
2024-05-22,12,19.2,74.7,1.0,320.0,10.0
2024-05-22,15,22.6,67.6,1.0,230.0,20.0
2024-05-22,18,23.2,66.8,2.0,320.0,20.0
2024-05-22,21,18.2,85.9,4.0,320.0,20.0
2024-05-23,0,15.7,92.6,1.0,320.0,10.0
2024-05-23,3,15.8,91.4,0.0,0.0,10.0
2024-05-23,6,15.6,91.4,0.0,0.0,10.0
2024-05-23,9,17.2,87.5,0.0,0.0,10.0
2024-05-23,12,19.5,80.2,0.0,0.0,10.0
2024-05-23,15,24.5,64.2,3.0,320.0,20.0
2024-05-23,18,22.9,65.9,6.0,320.0,10.0
2024-05-23,21,18.2,85.9,2.0,320.0,20.0
2024-05-24,0,16.8,87.4,3.0,320.0,10.0
2024-05-24,3,16.2,91.4,3.0,320.0,10.0
2024-05-24,6,16.2,93.2,0.0,0.0,10.0
2024-05-24,9,17.4,82.0,1.0,320.0,10.0
2024-05-24,12,19.2,81.7,0.0,0.0,10.0
2024-05-24,15,23.0,73.0,2.0,320.0,10.0
2024-05-24,18,24.2,67.5,1.0,270.0,10.0
2024-05-24,21,19.8,75.8,2.0,320.0,10.0
2024-05-25,0,19.0,71.3,0.0,0.0,10.0
2024-05-25,3,18.2,84.2,0.0,0.0,10.0
2024-05-25,6,18.0,88.1,0.0,0.0,10.0
2024-05-25,9,19.8,86.6,5.0,140.0,20.0
2024-05-25,12,23.2,69.9,2.0,230.0,20.0
2024-05-25,15,23.4,71.7,2.0,230.0,10.0
2024-05-25,18,22.2,70.6,4.0,230.0,10.0
2024-05-25,21,19.6,81.2,5.0,140.0,10.0
2024-05-26,0,18.4,87.0,3.0,140.0,10.0
2024-05-26,3,17.5,89.2,1.0,140.0,10.0
2024-05-26,6,17.8,83.7,2.0,140.0,10.0
2024-05-26,9,20.0,72.5,4.0,140.0,10.0
2024-05-26,12,19.0,71.3,5.0,140.0,20.0
2024-05-26,15,18.0,84.2,5.0,140.0,20.0
2024-05-26,18,18.0,93.9,3.0,230.0,10.0
2024-05-26,21,16.4,95.6,5.0,320.0,10.0
2024-05-27,0,13.8,97.4,0.0,0.0,10.0
2024-05-27,3,13.2,93.0,0.0,0.0,10.0
2024-05-27,6,12.8,87.6,0.0,0.0,20.0
2024-05-27,9,17.0,71.9,7.0,320.0,20.0
2024-05-27,12,19.6,51.7,8.0,320.0,20.0
2024-05-27,15,21.6,48.5,8.0,320.0,20.0
2024-05-27,18,22.4,47.8,6.0,320.0,20.0
2024-05-27,21,17.1,80.4,2.0,320.0,20.0
2024-05-28,0,15.6,89.0,0.0,0.0,20.0
2024-05-28,3,13.4,82.0,0.0,0.0,20.0
2024-05-28,6,14.0,82.1,0.0,0.0,20.0
2024-05-28,9,18.4,69.4,0.0,0.0,20.0
2024-05-28,12,22.3,56.0,5.0,320.0,20.0
2024-05-28,15,25.0,47.3,4.0,320.0,20.0
2024-05-28,18,24.4,54.7,6.0,320.0,20.0
2024-05-28,21,18.6,64.2,5.0,320.0,20.0
2024-05-29,0,16.0,77.1,1.0,320.0,20.0
2024-05-29,3,14.0,80.0,0.0,0.0,20.0
2024-05-29,6,11.8,85.2,0.0,0.0,20.0
2024-05-29,9,20.7,86.7,0.0,0.0,20.0
2024-05-29,12,25.6,64.1,2.0,230.0,20.0
2024-05-29,15,27.0,38.3,3.0,230.0,20.0
2024-05-29,18,26.2,39.6,4.0,230.0,20.0
2024-05-29,21,20.8,56.7,2.0,230.0,75.0
2024-05-30,0,17.6,65.2,0.0,0.0,10.0
2024-05-30,3,17.2,68.2,2.0,140.0,10.0
2024-05-30,6,16.6,71.4,0.0,0.0,10.0
2024-05-30,9,18.8,64.6,0.0,0.0,10.0
2024-05-30,12,21.8,62.4,0.0,0.0,10.0
2024-05-30,15,23.6,55.2,1.0,180.0,20.0
2024-05-30,18,22.6,59.4,1.0,140.0,20.0
2024-05-30,21,20.2,72.5,0.0,0.0,20.0
2024-05-31,0,18.2,74.5,0.0,0.0,20.0
2024-05-31,3,15.2,93.1,1.0,140.0,20.0
2024-05-31,6,14.0,88.9,0.0,0.0,20.0
2024-05-31,9,18.2,71.7,0.0,0.0,20.0
2024-05-31,12,22.4,62.9,2.0,230.0,20.0
2024-05-31,15,25.2,55.6,4.0,270.0,20.0
2024-05-31,18,21.2,71.3,5.0,320.0,20.0
2024-05-31,21,17.8,80.0,3.0,320.0,20.0
2024-06-01,0,17.5,89.8,0.0,0.0,20.0
2024-06-01,3,15.4,86.7,0.0,0.0,20.0
2024-06-01,6,14.2,82.1,1.0,320.0,20.0
2024-06-01,9,18.6,68.5,3.0,320.0,20.0
2024-06-01,12,22.2,52.0,4.0,320.0,20.0
2024-06-01,15,24.0,48.6,5.0,320.0,20.0
2024-06-01,18,22.2,52.0,6.0,320.0,20.0
2024-06-01,21,18.3,68.5,1.0,320.0,20.0
2024-06-02,0,17.0,79.3,0.0,0.0,10.0
2024-06-02,3,15.2,84.5,0.0,0.0,10.0
2024-06-02,6,14.0,93.1,0.0,0.0,20.0
2024-06-02,9,18.2,70.7,0.0,0.0,20.0
2024-06-02,12,22.8,55.7,3.0,320.0,20.0
2024-06-02,15,25.8,46.0,2.0,320.0,20.0
2024-06-02,18,25.0,47.0,5.0,320.0,20.0
2024-06-02,21,20.0,61.2,4.0,320.0,20.0
2024-06-03,0,17.8,72.5,0.0,0.0,20.0
2024-06-03,3,15.4,82.8,1.0,140.0,20.0
2024-06-03,6,13.4,88.3,1.0,140.0,20.0
2024-06-03,9,21.0,61.4,0.0,0.0,20.0
2024-06-03,12,24.6,54.1,0.0,0.0,20.0
2024-06-03,15,26.8,46.2,0.0,0.0,20.0
2024-06-03,18,28.2,44.6,0.0,0.0,20.0
2024-06-03,21,22.5,65.4,0.0,0.0,20.0
2024-06-04,0,18.7,83.2,0.0,0.0,10.0
2024-06-04,3,15.8,91.4,0.0,0.0,10.0
2024-06-04,6,14.2,90.7,0.0,0.0,10.0
2024-06-04,9,21.4,60.3,0.0,0.0,20.0
2024-06-04,12,26.0,40.6,2.0,230.0,20.0
2024-06-04,15,28.4,37.9,6.0,320.0,20.0
2024-06-04,18,26.7,43.9,5.0,320.0,20.0
2024-06-04,21,20.0,65.3,4.0,320.0,20.0
2024-06-05,0,18.2,78.5,0.0,0.0,10.0
2024-06-05,3,15.8,82.9,0.0,0.0,20.0
2024-06-05,6,15.6,86.7,0.0,0.0,20.0
2024-06-05,9,21.4,66.5,0.0,0.0,20.0
2024-06-05,12,26.6,51.2,0.0,0.0,20.0
2024-06-05,15,29.0,39.9,2.0,320.0,20.0
2024-06-05,18,27.8,51.5,4.0,320.0,20.0
2024-06-05,21,21.3,70.4,1.0,320.0,20.0
2024-06-06,0,19.7,74.8,3.0,320.0,20.0
2024-06-06,3,16.8,87.4,0.0,0.0,20.0
2024-06-06,6,16.8,87.4,0.0,0.0,20.0
2024-06-06,9,21.2,69.9,0.0,0.0,20.0
2024-06-06,12,26.3,55.9,1.0,320.0,20.0
2024-06-06,15,29.2,45.7,1.0,320.0,20.0
2024-06-06,18,28.2,54.0,4.0,320.0,20.0
2024-06-06,21,21.8,73.2,2.0,320.0,20.0
2024-06-07,0,18.8,88.2,0.0,0.0,20.0
2024-06-07,3,17.4,89.7,0.0,0.0,10.0
2024-06-07,6,16.4,89.7,0.0,0.0,10.0
2024-06-07,9,22.2,62.9,0.0,0.0,10.0
2024-06-07,12,25.2,55.6,0.0,0.0,10.0
2024-06-07,15,26.8,55.7,0.0,0.0,10.0
2024-06-07,18,26.4,55.6,3.0,230.0,20.0
2024-06-07,21,21.7,77.5,1.0,320.0,10.0
2024-06-08,0,20.6,86.7,0.0,0.0,10.0
2024-06-08,3,19.6,77.7,3.0,180.0,10.0
2024-06-08,6,18.0,88.1,3.0,140.0,10.0
2024-06-08,9,17.2,97.5,2.0,140.0,10.0
2024-06-08,12,18.0,97.5,2.0,180.0,10.0
2024-06-08,15,23.2,74.4,0.0,0.0,20.0
2024-06-08,18,23.5,80.2,0.0,0.0,20.0
2024-06-08,21,21.8,83.6,0.0,0.0,20.0
2024-06-09,0,19.0,84.3,0.0,0.0,10.0
2024-06-09,3,17.0,93.8,0.0,0.0,10.0
2024-06-09,6,16.8,95.6,0.0,0.0,10.0
2024-06-09,9,17.6,92.7,2.0,140.0,5.0
2024-06-09,12,24.0,69.2,1.0,180.0,5.0
2024-06-09,15,26.8,68.0,2.0,270.0,10.0
2024-06-09,18,26.6,69.2,2.0,230.0,10.0
2024-06-09,21,22.6,87.4,0.0,0.0,20.0
2024-06-10,0,20.9,92.9,0.0,0.0,20.0
2024-06-10,3,18.8,98.1,1.0,140.0,20.0
2024-06-10,6,18.6,93.9,2.0,140.0,10.0
2024-06-10,9,21.0,83.5,2.0,140.0,20.0
2024-06-10,12,23.0,82.7,2.0,140.0,10.0
2024-06-10,15,26.6,68.4,2.0,140.0,20.0
2024-06-10,18,27.8,71.6,0.0,0.0,20.0
2024-06-10,21,24.2,81.8,0.0,0.0,10.0
2024-06-11,0,21.8,89.0,0.0,0.0,10.0
2024-06-11,3,20.2,90.5,1.0,140.0,10.0
2024-06-11,6,19.8,94.6,1.0,140.0,10.0
2024-06-11,9,24.2,73.7,1.0,140.0,10.0
2024-06-11,12,29.0,58.0,2.0,140.0,10.0
2024-06-11,15,30.4,48.4,3.0,140.0,20.0
2024-06-11,18,27.6,60.6,3.0,230.0,20.0
2024-06-11,21,24.0,71.8,0.0,0.0,20.0
2024-06-12,0,21.4,80.5,0.0,0.0,20.0
2024-06-12,3,19.8,82.8,2.0,140.0,10.0
2024-06-12,6,18.4,90.4,2.0,140.0,10.0
2024-06-12,9,23.4,68.6,1.0,140.0,20.0
2024-06-12,12,25.4,65.6,0.0,0.0,20.0
2024-06-12,15,25.0,68.1,0.0,0.0,10.0
2024-06-12,18,26.4,69.2,1.0,270.0,10.0
2024-06-12,21,22.6,87.4,0.0,0.0,20.0
2024-06-13,0,20.6,92.3,0.0,0.0,20.0
2024-06-13,3,18.6,96.3,1.0,140.0,20.0
2024-06-13,6,17.5,97.5,1.0,90.0,10.0
2024-06-13,9,22.3,85.2,0.0,0.0,20.0
2024-06-13,12,28.4,52.3,2.0,230.0,20.0
2024-06-13,15,30.8,48.8,2.0,230.0,30.0
2024-06-13,18,30.6,46.4,2.0,270.0,30.0
2024-06-13,21,25.3,83.0,1.0,320.0,30.0
2024-06-14,0,23.0,84.3,3.0,320.0,20.0
2024-06-14,3,21.6,85.7,0.0,0.0,10.0
2024-06-14,6,21.4,87.3,0.0,0.0,10.0
2024-06-14,9,24.6,69.3,4.0,140.0,10.0
2024-06-14,12,28.4,51.0,2.0,140.0,20.0
2024-06-14,15,27.2,54.7,3.0,230.0,20.0
2024-06-14,18,24.2,76.9,3.0,230.0,10.0
2024-06-14,21,23.0,84.3,0.0,0.0,20.0
2024-06-15,0,22.2,90.1,0.0,0.0,20.0
2024-06-15,3,21.6,95.2,0.0,0.0,20.0
2024-06-15,6,21.0,95.8,0.0,0.0,20.0
2024-06-15,9,21.8,89.0,0.0,0.0,10.0
2024-06-15,12,24.4,75.1,4.0,320.0,10.0
2024-06-15,15,27.0,65.2,4.0,320.0,10.0
2024-06-15,18,26.8,63.9,4.0,320.0,20.0
2024-06-15,21,21.0,86.2,0.0,0.0,10.0
2024-06-16,0,19.6,90.5,2.0,320.0,10.0
2024-06-16,3,18.7,93.3,0.0,0.0,10.0
2024-06-16,6,19.0,95.1,0.0,0.0,10.0
2024-06-16,9,22.0,82.6,0.0,0.0,10.0
2024-06-16,12,26.2,59.2,3.0,320.0,20.0
2024-06-16,15,29.0,40.1,3.0,320.0,20.0
2024-06-16,18,28.6,34.9,5.0,320.0,20.0
2024-06-16,21,23.0,59.1,0.0,0.0,20.0
2024-06-17,0,21.4,61.9,0.0,0.0,20.0
2024-06-17,3,17.1,77.8,0.0,0.0,20.0
2024-06-17,6,16.0,79.2,0.0,0.0,20.0
2024-06-17,9,24.8,55.2,1.0,140.0,20.0
2024-06-17,12,29.3,47.8,1.0,230.0,20.0
2024-06-17,15,31.8,43.3,3.0,230.0,20.0
2024-06-17,18,30.8,48.8,2.0,230.0,20.0
2024-06-17,21,25.2,66.8,2.0,230.0,20.0
2024-06-18,0,23.0,76.3,0.0,0.0,20.0
2024-06-18,3,19.6,84.4,1.0,140.0,20.0
2024-06-18,6,18.8,85.9,0.0,0.0,20.0
2024-06-18,9,24.9,67.2,0.0,0.0,20.0
2024-06-18,12,29.9,53.7,0.0,0.0,20.0
2024-06-18,15,33.2,55.5,0.0,0.0,20.0
2024-06-18,18,33.6,52.7,0.0,0.0,20.0
2024-06-18,21,26.3,72.7,0.0,0.0,20.0
2024-06-19,0,23.0,74.4,0.0,0.0,20.0
2024-06-19,3,22.0,77.1,0.0,0.0,10.0
2024-06-19,6,20.6,76.4,2.0,140.0,10.0
2024-06-19,9,26.1,72.6,0.0,0.0,20.0
2024-06-19,12,30.5,55.9,1.0,320.0,20.0
2024-06-19,15,33.8,34.1,1.0,320.0,20.0
2024-06-19,18,32.4,43.0,1.0,320.0,20.0
2024-06-19,21,26.0,67.4,1.0,320.0,20.0
2024-06-20,0,23.0,74.4,0.0,0.0,20.0
2024-06-20,3,21.1,78.9,0.0,0.0,20.0
2024-06-20,6,19.8,72.4,1.0,140.0,20.0
2024-06-20,9,26.4,58.1,1.0,140.0,20.0
2024-06-20,12,30.5,48.1,0.0,0.0,20.0
2024-06-20,15,32.7,47.0,0.0,0.0,20.0
2024-06-20,18,32.4,54.3,2.0,320.0,20.0
2024-06-20,21,25.6,65.7,3.0,320.0,20.0
2024-06-21,0,22.2,80.6,0.0,0.0,10.0
2024-06-21,3,20.8,83.5,0.0,0.0,10.0
2024-06-21,6,19.8,82.8,0.0,0.0,10.0
2024-06-21,9,24.4,75.6,0.0,0.0,20.0
2024-06-21,12,29.6,59.6,0.0,0.0,20.0
2024-06-21,15,32.2,48.3,1.0,230.0,20.0
2024-06-21,18,28.6,65.5,4.0,320.0,20.0
2024-06-21,21,25.3,79.0,2.0,320.0,10.0
2024-06-22,0,24.0,88.6,0.0,0.0,10.0
2024-06-22,3,23.6,89.7,0.0,0.0,10.0
2024-06-22,6,22.2,92.4,0.0,0.0,10.0
2024-06-22,9,22.6,92.9,2.0,140.0,10.0
2024-06-22,12,26.1,78.7,2.0,140.0,10.0
2024-06-22,15,27.8,69.9,5.0,140.0,10.0
2024-06-22,18,27.6,72.9,2.0,140.0,20.0
2024-06-22,21,26.0,87.2,1.0,140.0,20.0
2024-06-23,0,24.2,94.7,2.0,320.0,20.0
2024-06-23,3,23.2,96.4,2.0,320.0,10.0
2024-06-23,6,22.0,97.0,0.0,0.0,10.0
2024-06-23,9,23.9,92.4,0.0,0.0,10.0
2024-06-23,12,27.8,74.3,0.0,0.0,20.0
2024-06-23,15,30.0,65.0,2.0,270.0,20.0
2024-06-23,18,29.2,64.4,2.0,230.0,20.0
2024-06-23,21,19.5,89.3,0.0,0.0,20.0
2024-06-24,0,19.0,95.1,0.0,0.0,10.0
2024-06-24,3,18.6,98.1,0.0,0.0,10.0
2024-06-24,6,17.7,95.7,0.0,0.0,10.0
2024-06-24,9,21.0,85.1,1.0,320.0,10.0
2024-06-24,12,24.0,75.0,1.0,320.0,10.0
2024-06-24,15,25.2,59.7,6.0,320.0,10.0
2024-06-24,18,24.2,59.0,5.0,320.0,20.0
2024-06-24,21,21.0,76.9,3.0,320.0,20.0
2024-06-25,0,19.6,84.4,2.0,320.0,20.0
2024-06-25,3,18.0,80.5,2.0,320.0,10.0
2024-06-25,6,18.1,85.9,0.0,0.0,20.0
2024-06-25,9,21.7,71.8,0.0,0.0,20.0
2024-06-25,12,25.0,53.8,5.0,320.0,20.0
2024-06-25,15,26.0,45.1,8.0,320.0,20.0
2024-06-25,18,25.5,55.7,6.0,320.0,20.0
2024-06-25,21,21.6,72.7,2.0,320.0,20.0
2024-06-26,0,20.0,77.8,0.0,0.0,20.0
2024-06-26,3,18.4,87.6,0.0,0.0,20.0
2024-06-26,6,17.8,89.8,0.0,0.0,20.0
2024-06-26,9,22.8,71.1,0.0,0.0,20.0
2024-06-26,12,27.6,53.8,2.0,320.0,20.0
2024-06-26,15,30.6,43.0,2.0,320.0,20.0
2024-06-26,18,31.3,42.1,2.0,320.0,20.0
2024-06-26,21,26.0,60.2,0.0,0.0,20.0
2024-06-27,0,21.7,84.6,0.0,0.0,10.0
2024-06-27,3,20.3,86.1,0.0,0.0,10.0
2024-06-27,6,18.0,88.1,0.0,0.0,20.0
2024-06-27,9,24.5,67.1,0.0,0.0,10.0
2024-06-27,12,29.5,43.2,0.0,0.0,20.0
2024-06-27,15,31.6,41.1,3.0,320.0,30.0
2024-06-27,18,29.8,48.9,6.0,320.0,30.0
2024-06-27,21,24.2,66.2,1.0,320.0,20.0
2024-06-28,0,22.0,68.8,0.0,0.0,20.0
2024-06-28,3,20.0,79.3,0.0,0.0,20.0
2024-06-28,6,18.8,80.6,0.0,0.0,20.0
2024-06-28,9,23.1,74.4,0.0,0.0,20.0
2024-06-28,12,29.2,54.2,0.0,0.0,20.0
2024-06-28,15,32.2,42.9,0.0,0.0,30.0
2024-06-28,18,29.2,50.9,5.0,320.0,20.0
2024-06-28,21,25.0,65.1,3.0,320.0,20.0
2024-06-29,0,22.2,78.1,0.0,0.0,10.0
2024-06-29,3,20.0,81.3,0.0,0.0,10.0
2024-06-29,6,18.7,85.4,0.0,0.0,20.0
2024-06-29,9,26.0,63.3,4.0,140.0,20.0
2024-06-29,12,28.4,62.3,4.0,180.0,20.0
2024-06-29,15,30.0,55.8,6.0,180.0,20.0
2024-06-29,18,30.6,52.9,3.0,140.0,20.0
2024-06-29,21,28.6,63.9,2.0,140.0,10.0
2024-06-30,0,23.2,94.7,0.0,0.0,10.0
2024-06-30,3,22.4,98.2,4.0,140.0,10.0
2024-06-30,6,23.0,97.6,0.0,0.0,10.0
2024-06-30,9,22.6,92.9,0.0,0.0,10.0
2024-06-30,12,24.6,88.1,3.0,320.0,20.0
2024-06-30,15,28.5,68.8,2.0,320.0,20.0
2024-06-30,18,28.7,65.9,3.0,320.0,20.0
2024-06-30,21,25.6,83.5,3.0,320.0,20.0
2024-07-01,0,23.6,88.0,0.0,0.0,20.0
2024-07-01,3,22.2,91.2,0.0,0.0,20.0
2024-07-01,6,21.4,94.6,0.0,0.0,20.0
2024-07-01,9,24.6,81.9,0.0,0.0,10.0
2024-07-01,12,28.2,69.1,1.0,180.0,20.0
2024-07-01,15,30.6,60.6,1.0,270.0,20.0
2024-07-01,18,29.7,68.2,1.0,230.0,20.0
2024-07-01,21,25.6,86.6,1.0,320.0,20.0
2024-07-02,0,24.5,94.2,0.0,0.0,10.0
2024-07-02,3,23.8,94.7,0.0,0.0,10.0
2024-07-02,6,23.1,88.5,2.0,140.0,10.0
2024-07-02,9,23.8,79.8,3.0,140.0,10.0
2024-07-02,12,22.6,92.9,4.0,140.0,10.0
2024-07-02,15,21.2,98.2,9.0,140.0,10.0
2024-07-02,18,21.6,94.6,9.0,140.0,10.0
2024-07-02,21,21.6,95.2,9.0,140.0,10.0
2024-07-03,0,24.6,91.4,6.0,140.0,10.0
2024-07-03,3,24.6,78.4,8.0,140.0,10.0
2024-07-03,6,23.4,81.2,6.0,230.0,20.0
2024-07-03,9,22.2,85.8,2.0,230.0,20.0
2024-07-03,12,23.4,84.3,2.0,230.0,20.0
2024-07-03,15,23.8,81.3,5.0,270.0,20.0
2024-07-03,18,23.9,82.8,0.0,0.0,20.0
2024-07-03,21,22.6,91.2,0.0,0.0,10.0
2024-07-04,0,21.2,92.3,0.0,0.0,10.0
2024-07-04,3,21.4,95.2,0.0,0.0,10.0
2024-07-04,6,21.7,91.8,0.0,0.0,10.0
2024-07-04,9,24.0,84.9,0.0,0.0,10.0
2024-07-04,12,25.6,80.5,0.0,0.0,10.0
2024-07-04,15,26.2,79.2,0.0,0.0,10.0
2024-07-04,18,23.6,93.0,3.0,140.0,10.0
2024-07-04,21,22.4,96.4,1.0,90.0,10.0
2024-07-05,0,24.1,92.5,2.0,140.0,10.0
2024-07-05,3,21.6,96.4,0.0,0.0,10.0
2024-07-05,6,21.2,98.2,3.0,320.0,20.0
2024-07-05,9,22.6,88.5,0.0,0.0,20.0
2024-07-05,12,24.5,82.4,2.0,230.0,20.0
2024-07-05,15,27.0,76.9,2.0,230.0,20.0
2024-07-05,18,27.0,74.1,2.0,230.0,20.0
2024-07-05,21,24.2,82.8,2.0,230.0,10.0
2024-07-06,0,22.6,91.2,0.0,0.0,10.0
2024-07-06,3,22.2,91.2,1.0,140.0,10.0
2024-07-06,6,20.8,98.2,0.0,0.0,10.0
2024-07-06,9,21.4,94.6,3.0,140.0,10.0
2024-07-06,12,22.1,97.6,5.0,140.0,10.0
2024-07-06,15,25.8,93.1,2.0,140.0,10.0
2024-07-06,18,24.8,85.0,6.0,230.0,10.0
2024-07-06,21,22.8,89.0,3.0,230.0,20.0
2024-07-07,0,22.0,91.2,0.0,0.0,20.0
2024-07-07,3,20.2,98.2,0.0,0.0,20.0
2024-07-07,6,20.0,96.9,0.0,0.0,20.0
2024-07-07,9,24.3,82.4,2.0,140.0,10.0
2024-07-07,12,28.2,76.6,0.0,0.0,10.0
2024-07-07,15,28.0,73.0,2.0,180.0,20.0
2024-07-07,18,28.2,77.5,2.0,230.0,20.0
2024-07-07,21,25.4,88.2,0.0,0.0,10.0
2024-07-08,0,23.4,96.4,0.0,0.0,10.0
2024-07-08,3,23.6,96.4,1.0,90.0,10.0
2024-07-08,6,22.5,98.8,1.0,140.0,10.0
2024-07-08,9,25.6,89.3,2.0,140.0,10.0
2024-07-08,12,28.0,79.4,0.0,0.0,10.0
2024-07-08,15,29.4,76.3,2.0,270.0,20.0
2024-07-08,18,29.2,75.9,2.0,230.0,20.0
2024-07-08,21,24.0,98.2,0.0,0.0,20.0
2024-07-09,0,23.6,96.4,0.0,0.0,10.0
2024-07-09,3,23.6,98.2,0.0,0.0,10.0
2024-07-09,6,23.4,96.4,0.0,0.0,10.0
2024-07-09,9,24.0,94.7,0.0,0.0,10.0
2024-07-09,12,27.5,80.8,0.0,0.0,20.0
2024-07-09,15,28.0,77.1,1.0,180.0,20.0
2024-07-09,18,27.0,76.9,1.0,230.0,20.0
2024-07-09,21,24.4,86.5,0.0,0.0,20.0
2024-07-10,0,23.6,94.7,0.0,0.0,20.0
2024-07-10,3,23.4,96.4,0.0,0.0,20.0
2024-07-10,6,23.0,98.2,0.0,0.0,20.0
2024-07-10,9,25.7,86.6,0.0,0.0,20.0
2024-07-10,12,28.8,76.3,0.0,0.0,20.0
2024-07-10,15,31.0,65.6,3.0,320.0,20.0
2024-07-10,18,30.6,71.7,4.0,320.0,20.0
2024-07-10,21,24.6,83.4,3.0,320.0,20.0
2024-07-11,0,23.2,91.3,3.0,320.0,20.0
2024-07-11,3,22.2,93.5,0.0,0.0,20.0
2024-07-11,6,21.4,95.8,0.0,0.0,10.0
2024-07-11,9,26.0,84.1,0.0,0.0,10.0
2024-07-11,12,29.2,79.1,0.0,0.0,10.0
2024-07-11,15,31.2,65.6,1.0,320.0,20.0
2024-07-11,18,29.0,74.9,2.0,320.0,20.0
2024-07-11,21,26.0,85.1,0.0,0.0,20.0
2024-07-12,0,24.4,89.7,0.0,0.0,20.0
2024-07-12,3,23.0,94.7,0.0,0.0,20.0
2024-07-12,6,21.8,98.2,0.0,0.0,10.0
2024-07-12,9,24.4,89.7,0.0,0.0,10.0
2024-07-12,12,27.8,78.4,0.0,0.0,10.0
2024-07-12,15,30.0,71.6,0.0,0.0,10.0
2024-07-12,18,29.4,75.4,3.0,320.0,10.0
2024-07-12,21,25.0,86.6,1.0,320.0,10.0
2024-07-13,0,23.4,94.7,1.0,320.0,10.0
2024-07-13,3,21.8,96.4,0.0,0.0,10.0
2024-07-13,6,21.6,98.2,0.0,0.0,10.0
2024-07-13,9,24.2,91.3,0.0,0.0,10.0
2024-07-13,12,28.6,80.4,0.0,0.0,10.0
2024-07-13,15,31.2,69.3,0.0,0.0,10.0
2024-07-13,18,29.4,79.1,0.0,0.0,10.0
2024-07-13,21,22.4,91.2,0.0,0.0,10.0
2024-07-14,0,23.2,91.3,0.0,0.0,10.0
2024-07-14,3,22.6,96.4,0.0,0.0,10.0
2024-07-14,6,22.4,92.9,0.0,0.0,10.0
2024-07-14,9,26.4,81.1,0.0,0.0,10.0
2024-07-14,12,29.3,67.7,1.0,140.0,10.0
2024-07-14,15,31.2,64.5,1.0,140.0,10.0
2024-07-14,18,31.2,59.2,1.0,140.0,20.0
2024-07-14,21,27.7,75.2,0.0,0.0,10.0
2024-07-15,0,25.3,85.0,0.0,0.0,10.0
2024-07-15,3,24.0,82.8,2.0,140.0,10.0
2024-07-15,6,23.6,82.8,2.0,140.0,10.0
2024-07-15,9,27.0,72.4,2.0,140.0,20.0
2024-07-15,12,30.0,62.3,1.0,140.0,20.0
2024-07-15,15,31.2,64.1,1.0,140.0,20.0
2024-07-15,18,30.8,62.8,1.0,140.0,20.0
2024-07-15,21,28.0,81.8,1.0,140.0,20.0
2024-07-16,0,27.2,75.5,1.0,140.0,20.0
2024-07-16,3,25.6,79.1,3.0,90.0,20.0
2024-07-16,6,24.0,87.0,3.0,140.0,20.0
2024-07-16,9,26.6,78.3,3.0,140.0,20.0
2024-07-16,12,28.0,78.9,4.0,140.0,20.0
2024-07-16,15,28.4,77.6,2.0,140.0,20.0
2024-07-16,18,27.1,81.7,3.0,140.0,20.0
2024-07-16,21,25.0,96.5,0.0,0.0,10.0
2024-07-17,0,23.5,98.2,0.0,0.0,10.0
2024-07-17,3,23.8,98.2,0.0,0.0,10.0
2024-07-17,6,23.0,98.2,2.0,140.0,10.0
2024-07-17,9,24.3,94.2,3.0,140.0,10.0
2024-07-17,12,24.8,98.2,3.0,140.0,10.0
2024-07-17,15,26.4,88.8,5.0,140.0,10.0
2024-07-17,18,26.4,87.2,3.0,180.0,10.0
2024-07-17,21,25.0,89.8,1.0,140.0,10.0
2024-07-18,0,23.5,98.8,2.0,140.0,10.0
2024-07-18,3,24.6,94.7,2.0,140.0,10.0
2024-07-18,6,24.6,94.7,2.0,180.0,10.0
2024-07-18,9,24.2,98.2,2.0,180.0,10.0
2024-07-18,12,26.0,93.1,1.0,230.0,10.0
2024-07-18,15,28.6,84.9,0.0,0.0,20.0
2024-07-18,18,29.6,81.5,1.0,270.0,20.0
2024-07-18,21,26.7,90.4,0.0,0.0,20.0
2024-07-19,0,24.8,94.8,0.0,0.0,10.0
2024-07-19,3,23.0,96.4,0.0,0.0,10.0
2024-07-19,6,21.8,96.4,0.0,0.0,10.0
2024-07-19,9,25.5,83.5,1.0,140.0,10.0
2024-07-19,12,28.4,74.8,1.0,180.0,10.0
2024-07-19,15,30.0,68.6,1.0,180.0,10.0
2024-07-19,18,29.5,71.1,2.0,180.0,10.0
2024-07-19,21,26.5,84.1,0.0,0.0,10.0
2024-07-20,0,25.0,94.2,0.0,0.0,10.0
2024-07-20,3,24.6,91.4,1.0,140.0,10.0
2024-07-20,6,24.8,90.3,1.0,140.0,10.0
2024-07-20,9,25.8,87.2,0.0,0.0,20.0
2024-07-20,12,25.4,96.5,3.0,140.0,20.0
2024-07-20,15,25.8,93.1,3.0,140.0,20.0
2024-07-20,18,25.0,98.2,1.0,140.0,10.0
2024-07-20,21,26.2,85.6,7.0,180.0,10.0
2024-07-21,0,24.4,86.5,9.0,180.0,10.0
2024-07-21,3,22.6,92.9,4.0,180.0,10.0
2024-07-21,6,22.6,96.4,8.0,270.0,20.0
2024-07-21,9,22.2,98.2,0.0,0.0,20.0
2024-07-21,12,27.6,80.3,1.0,90.0,20.0
2024-07-21,15,30.0,78.3,3.0,230.0,20.0
2024-07-21,18,29.0,83.4,2.0,180.0,20.0
2024-07-21,21,27.8,76.6,0.0,0.0,20.0
2024-07-22,0,26.2,92.6,0.0,0.0,10.0
2024-07-22,3,26.2,91.5,0.0,0.0,10.0
2024-07-22,6,26.2,91.5,0.0,0.0,10.0
2024-07-22,9,25.8,94.8,1.0,140.0,10.0
2024-07-22,12,28.6,83.4,1.0,140.0,20.0
2024-07-22,15,24.6,98.2,0.0,0.0,10.0
2024-07-22,18,26.6,90.4,2.0,140.0,10.0
2024-07-22,21,25.2,91.4,0.0,0.0,10.0
2024-07-23,0,24.4,91.4,1.0,230.0,10.0
2024-07-23,3,24.2,94.2,0.0,0.0,10.0
2024-07-23,6,23.8,96.4,0.0,0.0,10.0
2024-07-23,9,25.4,88.2,1.0,140.0,10.0
2024-07-23,12,27.2,86.8,2.0,140.0,10.0
2024-07-23,15,28.2,84.8,2.0,230.0,20.0
2024-07-23,18,26.6,92.0,0.0,0.0,20.0
2024-07-23,21,25.6,94.8,0.0,0.0,20.0
2024-07-24,0,24.2,95.9,2.0,140.0,20.0
2024-07-24,3,24.9,92.5,3.0,140.0,20.0
2024-07-24,6,24.6,88.1,3.0,140.0,10.0
2024-07-24,9,27.2,92.1,0.0,0.0,10.0
2024-07-24,12,28.8,86.4,1.0,180.0,10.0
2024-07-24,15,30.0,84.0,0.0,0.0,10.0
2024-07-24,18,29.4,84.9,2.0,180.0,20.0
2024-07-24,21,27.7,90.5,0.0,0.0,20.0
2024-07-25,0,26.8,93.7,0.0,0.0,10.0
2024-07-25,3,25.8,94.8,0.0,0.0,10.0
2024-07-25,6,25.4,96.5,0.0,0.0,10.0
2024-07-25,9,27.8,88.9,0.0,0.0,10.0
2024-07-25,12,29.8,82.0,0.0,0.0,10.0
2024-07-25,15,30.0,85.0,0.0,0.0,20.0
2024-07-25,18,29.4,83.5,0.0,0.0,20.0
2024-07-25,21,28.2,88.9,0.0,0.0,20.0
2024-07-26,0,27.2,92.6,0.0,0.0,20.0
2024-07-26,3,25.0,93.6,0.0,0.0,10.0
2024-07-26,6,25.2,96.5,3.0,140.0,10.0
2024-07-26,9,27.0,88.8,3.0,140.0,10.0
2024-07-26,12,29.2,84.4,4.0,140.0,10.0
2024-07-26,15,30.2,78.8,2.0,140.0,20.0
2024-07-26,18,28.0,90.5,2.0,230.0,10.0
2024-07-26,21,26.4,96.5,0.0,0.0,10.0
2024-07-27,0,26.8,94.8,0.0,0.0,10.0
2024-07-27,3,26.6,91.0,0.0,0.0,10.0
2024-07-27,6,26.4,96.5,0.0,0.0,10.0
2024-07-27,9,28.0,92.1,0.0,0.0,10.0
2024-07-27,12,28.0,93.8,0.0,0.0,10.0
2024-07-27,15,29.0,89.5,2.0,180.0,10.0
2024-07-27,18,29.2,90.6,1.0,180.0,10.0
2024-07-27,21,28.3,91.6,4.0,180.0,10.0
2024-07-28,0,28.0,92.1,0.0,0.0,10.0
2024-07-28,3,26.5,95.9,0.0,0.0,10.0
2024-07-28,6,27.2,90.5,2.0,140.0,10.0
2024-07-28,9,28.2,84.8,2.0,180.0,10.0
2024-07-28,12,28.8,81.4,6.0,180.0,10.0
2024-07-28,15,29.1,84.9,8.0,180.0,10.0
2024-07-28,18,28.6,85.4,3.0,180.0,20.0
2024-07-28,21,27.4,90.5,2.0,180.0,20.0
2024-07-29,0,26.4,94.8,3.0,180.0,10.0
2024-07-29,3,26.0,93.1,3.0,180.0,10.0
2024-07-29,6,26.4,91.5,3.0,180.0,10.0
2024-07-29,9,26.2,94.8,0.0,0.0,10.0
2024-07-29,12,27.3,91.0,0.0,0.0,10.0
2024-07-29,15,28.3,88.4,2.0,230.0,10.0
2024-07-29,18,27.2,92.6,0.0,0.0,10.0
2024-07-29,21,26.2,98.2,0.0,0.0,10.0
2024-07-30,0,25.7,98.2,0.0,0.0,10.0
2024-07-30,3,25.6,98.2,0.0,0.0,10.0
2024-07-30,6,25.4,98.2,0.0,0.0,10.0
2024-07-30,9,27.5,92.1,0.0,0.0,10.0
2024-07-30,12,29.8,86.5,0.0,0.0,20.0
2024-07-30,15,32.2,79.1,0.0,0.0,20.0
2024-07-30,18,30.5,84.6,2.0,230.0,20.0
2024-07-30,21,27.4,91.0,0.0,0.0,10.0
2024-07-31,0,26.6,92.0,2.0,140.0,10.0
2024-07-31,3,26.2,91.5,2.0,140.0,10.0
2024-07-31,6,25.8,92.0,1.0,140.0,10.0
2024-07-31,9,27.8,84.3,1.0,140.0,20.0
2024-07-31,12,29.9,78.7,3.0,140.0,20.0
2024-07-31,15,30.3,76.9,3.0,140.0,20.0
2024-07-31,18,29.7,81.5,2.0,140.0,20.0
2024-07-31,21,28.2,84.8,5.0,140.0,20.0
2025-03-01,0,3.2,78.3,0.0,0.0,10.0
2025-03-01,3,1.4,81.6,0.0,0.0,10.0
2025-03-01,6,1.0,85.2,0.0,0.0,0.2
2025-03-01,9,1.0,80.9,0.0,0.0,0.2
2025-03-01,12,5.4,80.4,0.0,0.0,5.0
2025-03-01,15,13.2,63.8,0.0,0.0,20.0
2025-03-01,18,12.8,65.5,0.0,0.0,20.0
2025-03-01,21,5.0,90.6,1.0,320.0,10.0
2025-03-02,0,2.4,92.4,0.0,0.0,10.0
2025-03-02,3,1.0,94.4,0.0,0.0,10.0
2025-03-02,6,0.0,96.4,0.0,0.0,0.2
2025-03-02,9,0.4,95.7,0.0,0.0,0.2
2025-03-02,12,2.3,86.0,0.0,0.0,0.2
2025-03-02,15,8.4,80.8,0.0,0.0,5.0
2025-03-02,18,9.4,76.1,5.0,140.0,10.0
2025-03-02,21,3.4,93.8,6.0,140.0,10.0
2025-03-03,0,2.4,96.5,0.0,0.0,10.0
2025-03-03,3,2.8,96.5,0.0,0.0,10.0
2025-03-03,6,2.7,91.8,0.0,0.0,10.0
2025-03-03,9,3.4,75.6,0.0,0.0,20.0
2025-03-03,12,5.4,62.4,3.0,140.0,20.0
2025-03-03,15,6.2,61.2,3.0,140.0,20.0
2025-03-03,18,4.0,66.3,2.0,140.0,20.0
2025-03-03,21,1.2,69.3,2.0,140.0,20.0
2025-03-04,0,0.3,59.3,0.0,0.0,20.0
2025-03-04,3,1.0,77.4,2.0,140.0,10.0
2025-03-04,6,0.8,77.4,0.0,0.0,10.0
2025-03-04,9,1.2,73.5,0.0,0.0,10.0
2025-03-04,12,2.8,67.1,0.0,0.0,10.0
2025-03-04,15,0.6,84.5,0.0,0.0,10.0
2025-03-04,18,1.2,81.0,0.0,0.0,10.0
2025-03-04,21,0.8,87.7,0.0,0.0,10.0
2025-03-05,0,1.0,86.5,0.0,0.0,10.0
2025-03-05,3,1.0,86.5,0.0,0.0,10.0
2025-03-05,6,0.8,87.7,0.0,0.0,10.0
2025-03-05,9,1.0,93.0,0.0,0.0,10.0
2025-03-05,12,3.0,75.0,0.0,0.0,20.0
2025-03-05,15,6.5,76.6,4.0,320.0,20.0
2025-03-05,18,5.3,70.6,4.0,320.0,20.0
2025-03-05,21,1.6,84.7,0.0,0.0,10.0
2025-03-06,0,0.6,87.7,0.0,0.0,10.0
2025-03-06,3,-0.4,87.6,0.0,0.0,10.0
2025-03-06,6,-1.2,78.8,0.0,0.0,10.0
2025-03-06,9,0.4,79.7,0.0,0.0,10.0
2025-03-06,12,5.6,57.2,5.0,320.0,20.0
2025-03-06,15,7.6,44.2,5.0,320.0,20.0
2025-03-06,18,6.5,67.4,5.0,320.0,20.0
2025-03-06,21,2.6,66.5,2.0,320.0,10.0
2025-03-07,0,1.2,73.5,2.0,320.0,10.0
2025-03-07,3,-0.4,84.4,0.0,0.0,10.0
2025-03-07,6,-1.2,82.5,0.0,0.0,10.0
2025-03-07,9,-0.2,79.6,0.0,0.0,10.0
2025-03-07,12,5.0,65.1,0.0,0.0,10.0
2025-03-07,15,8.4,47.2,0.0,0.0,10.0
2025-03-07,18,6.6,53.4,2.0,320.0,10.0
2025-03-07,21,3.0,68.6,0.0,0.0,10.0
2025-03-08,0,1.8,77.6,0.0,0.0,10.0
2025-03-08,3,0.2,87.0,0.0,0.0,10.0
2025-03-08,6,-0.2,88.3,0.0,0.0,10.0
2025-03-08,9,3.0,75.0,0.0,0.0,10.0
2025-03-08,12,7.2,61.0,0.0,0.0,10.0
2025-03-08,15,10.0,57.1,0.0,0.0,10.0
2025-03-08,18,7.8,68.1,2.0,320.0,10.0
2025-03-08,21,4.4,80.2,0.0,0.0,10.0
2025-03-09,0,2.2,89.1,0.0,0.0,10.0
2025-03-09,3,0.2,87.0,0.0,0.0,10.0
2025-03-09,6,-1.2,85.6,0.0,0.0,10.0
2025-03-09,9,0.2,75.6,0.0,0.0,10.0
2025-03-09,12,8.0,69.2,0.0,0.0,10.0
2025-03-09,15,11.8,54.8,0.0,0.0,10.0
2025-03-09,18,12.1,57.2,0.0,0.0,10.0
2025-03-09,21,6.8,76.2,0.0,0.0,10.0
2025-03-10,0,4.4,93.2,0.0,0.0,10.0
2025-03-10,3,1.8,96.5,0.0,0.0,10.0
2025-03-10,6,0.2,95.0,0.0,0.0,10.0
2025-03-10,9,2.2,74.3,0.0,0.0,10.0
2025-03-10,12,10.5,62.3,0.0,0.0,10.0
2025-03-10,15,13.2,46.9,0.0,0.0,10.0
2025-03-10,18,12.2,49.3,0.0,0.0,10.0
2025-03-10,21,7.6,72.1,0.0,0.0,10.0
2025-03-11,0,4.0,86.2,0.0,0.0,10.0
2025-03-11,3,2.0,85.3,0.0,0.0,10.0
2025-03-11,6,3.0,81.8,0.0,0.0,10.0
2025-03-11,9,5.4,71.2,0.0,0.0,10.0
2025-03-11,12,12.3,50.4,0.0,0.0,20.0
2025-03-11,15,14.4,51.4,0.0,0.0,20.0
2025-03-11,18,13.8,60.1,0.0,0.0,20.0
2025-03-11,21,9.6,75.0,1.0,360.0,20.0
2025-03-12,0,7.2,79.5,0.0,0.0,20.0
2025-03-12,3,6.2,82.2,0.0,0.0,10.0
2025-03-12,6,7.0,84.7,0.0,0.0,10.0
2025-03-12,9,7.0,74.1,0.0,0.0,10.0
2025-03-12,12,10.0,80.5,0.0,0.0,5.0
2025-03-12,15,11.8,55.5,5.0,320.0,10.0
2025-03-12,18,11.0,65.5,2.0,320.0,5.0
2025-03-12,21,6.8,71.9,0.0,0.0,5.0
2025-03-13,0,4.2,76.3,0.0,0.0,5.0
2025-03-13,3,3.0,84.2,0.0,0.0,5.0
2025-03-13,6,1.0,85.2,0.0,0.0,5.0
2025-03-13,9,3.6,76.2,0.0,0.0,5.0
2025-03-13,12,11.0,63.3,1.0,320.0,10.0
2025-03-13,15,14.2,29.6,4.0,320.0,20.0
2025-03-13,18,13.0,34.0,3.0,320.0,20.0
2025-03-13,21,7.0,60.1,4.0,320.0,10.0
2025-03-14,0,4.6,61.3,1.0,320.0,10.0
2025-03-14,3,3.2,79.5,0.0,0.0,10.0
2025-03-14,6,1.4,74.1,0.0,0.0,10.0
2025-03-14,9,2.7,76.6,0.0,0.0,10.0
2025-03-14,12,11.8,49.2,5.0,320.0,10.0
2025-03-14,15,15.0,38.8,4.0,320.0,10.0
2025-03-14,18,13.2,50.7,4.0,320.0,10.0
2025-03-14,21,8.0,52.2,3.0,320.0,10.0
2025-03-15,0,5.6,60.7,0.0,0.0,10.0
2025-03-15,3,5.0,69.0,0.0,0.0,10.0
2025-03-15,6,4.0,74.0,0.0,0.0,10.0
2025-03-15,9,5.6,72.7,0.0,0.0,10.0
2025-03-15,12,12.2,53.3,0.0,0.0,10.0
2025-03-15,15,15.8,49.6,0.0,0.0,10.0
2025-03-15,18,11.2,56.6,7.0,320.0,20.0
2025-03-15,21,7.0,80.1,2.0,320.0,10.0
2025-03-16,0,5.6,88.2,0.0,0.0,10.0
2025-03-16,3,4.4,83.8,3.0,320.0,10.0
2025-03-16,6,2.2,85.3,4.0,320.0,10.0
2025-03-16,9,1.8,84.7,3.0,320.0,10.0
2025-03-16,12,3.1,60.5,9.0,320.0,20.0
2025-03-16,15,4.0,48.0,9.0,320.0,20.0
2025-03-16,18,3.0,52.8,8.0,320.0,20.0
2025-03-16,21,1.0,65.7,2.0,320.0,20.0
2025-03-17,0,-0.8,71.0,1.0,320.0,20.0
2025-03-17,3,-2.2,76.9,0.0,0.0,20.0
2025-03-17,6,-3.0,79.7,0.0,0.0,10.0
2025-03-17,9,-1.0,63.2,0.0,0.0,10.0
2025-03-17,12,3.2,49.3,2.0,320.0,10.0
2025-03-17,15,5.2,56.6,0.0,0.0,10.0
2025-03-17,18,3.2,72.8,0.0,0.0,10.0
2025-03-17,21,0.0,90.3,0.0,0.0,10.0
2025-03-18,0,0.0,91.6,0.0,0.0,10.0
2025-03-18,3,-1.8,89.5,0.0,0.0,10.0
2025-03-18,6,-2.0,90.8,5.0,320.0,10.0
2025-03-18,9,-2.4,97.8,5.0,320.0,10.0
2025-03-18,12,0.8,80.3,3.0,320.0,10.0
2025-03-18,15,2.2,78.2,4.0,320.0,10.0
2025-03-18,18,2.4,66.0,4.0,320.0,10.0
2025-03-18,21,0.2,80.8,0.0,0.0,10.0
2025-03-19,0,-0.8,83.1,0.0,0.0,10.0
2025-03-19,3,-3.0,83.5,0.0,0.0,10.0
2025-03-19,6,-4.4,81.4,0.0,0.0,10.0
2025-03-19,9,-1.2,78.8,0.0,0.0,10.0
2025-03-19,12,2.3,58.5,0.0,0.0,20.0
2025-03-19,15,5.2,55.4,0.0,0.0,20.0
2025-03-19,18,5.4,58.0,0.0,0.0,20.0
2025-03-19,21,1.8,70.4,0.0,0.0,10.0
2025-03-20,0,0.5,80.3,0.0,0.0,10.0
2025-03-20,3,0.0,80.2,2.0,140.0,10.0
2025-03-20,6,0.0,80.2,2.0,140.0,10.0
2025-03-20,9,3.2,70.2,5.0,140.0,10.0
2025-03-20,12,8.3,62.2,4.0,140.0,10.0
2025-03-20,15,12.7,63.2,2.0,140.0,10.0
2025-03-20,18,13.5,66.5,2.0,180.0,10.0
2025-03-20,21,8.6,83.1,0.0,0.0,10.0
2025-03-21,0,5.0,86.9,0.0,0.0,10.0
2025-03-21,3,4.0,89.9,2.0,90.0,10.0
2025-03-21,6,3.6,93.8,3.0,90.0,10.0
2025-03-21,9,6.6,81.1,3.0,90.0,20.0
2025-03-21,12,11.8,66.6,3.0,140.0,10.0
2025-03-21,15,18.6,58.8,3.0,180.0,20.0
2025-03-21,18,17.5,65.6,0.0,0.0,20.0
2025-03-21,21,12.2,74.0,0.0,0.0,20.0
2025-03-22,0,10.6,69.7,0.0,0.0,20.0
2025-03-22,3,6.6,85.2,2.0,140.0,20.0
2025-03-22,6,6.1,88.2,2.0,140.0,20.0
2025-03-22,9,9.6,75.0,3.0,140.0,10.0
2025-03-22,12,15.6,64.8,2.0,140.0,20.0
2025-03-22,15,21.8,50.2,3.0,230.0,20.0
2025-03-22,18,20.2,55.8,3.0,270.0,20.0
2025-03-22,21,13.8,79.9,0.0,0.0,10.0
2025-03-23,0,12.0,81.9,0.0,0.0,10.0
2025-03-23,3,8.2,86.6,2.0,140.0,10.0
2025-03-23,6,7.6,85.3,2.0,140.0,10.0
2025-03-23,9,10.2,74.6,8.0,140.0,10.0
2025-03-23,12,18.0,56.0,7.0,140.0,10.0
2025-03-23,15,21.4,52.5,4.0,140.0,10.0
2025-03-23,18,19.2,53.0,4.0,140.0,10.0
2025-03-23,21,14.4,65.4,3.0,140.0,10.0
2025-03-24,0,12.4,71.5,5.0,140.0,10.0
2025-03-24,3,11.6,75.4,3.0,140.0,10.0
2025-03-24,6,11.0,77.9,4.0,140.0,10.0
2025-03-24,9,12.4,74.5,3.0,140.0,10.0
2025-03-24,12,18.0,51.3,2.0,140.0,10.0
2025-03-24,15,21.6,44.2,0.0,0.0,10.0
2025-03-24,18,15.5,69.7,4.0,320.0,10.0
2025-03-24,21,11.3,83.4,0.0,0.0,10.0
2025-03-25,0,8.7,86.0,0.0,0.0,10.0
2025-03-25,3,6.5,87.0,5.0,140.0,10.0
2025-03-25,6,7.1,85.3,5.0,140.0,10.0
2025-03-25,9,8.5,79.2,8.0,140.0,10.0
2025-03-25,12,13.0,64.2,6.0,140.0,10.0
2025-03-25,15,16.0,54.0,8.0,140.0,10.0
2025-03-25,18,13.5,56.4,4.0,320.0,10.0
2025-03-25,21,9.4,68.5,0.0,0.0,10.0
2025-03-26,0,7.0,80.1,0.0,0.0,10.0
2025-03-26,3,4.4,95.9,0.0,0.0,10.0
2025-03-26,6,3.2,95.2,0.0,0.0,10.0
2025-03-26,9,8.2,83.6,5.0,140.0,10.0
2025-03-26,12,15.0,50.4,2.0,140.0,10.0
2025-03-26,15,19.2,48.9,3.0,140.0,10.0
2025-03-26,18,18.8,51.5,2.0,140.0,10.0
2025-03-26,21,16.8,63.3,1.0,140.0,10.0
2025-03-27,0,15.0,78.5,1.0,140.0,10.0
2025-03-27,3,10.8,80.0,1.0,140.0,10.0
2025-03-27,6,9.6,96.7,0.0,0.0,10.0
2025-03-27,9,9.0,97.3,2.0,320.0,10.0
2025-03-27,12,14.4,39.8,7.0,320.0,10.0
2025-03-27,15,11.9,41.7,9.0,320.0,20.0
2025-03-27,18,8.0,58.6,11.0,320.0,20.0
2025-03-27,21,5.7,77.6,3.0,320.0,10.0
2025-03-28,0,4.8,79.2,6.0,320.0,10.0
2025-03-28,3,3.5,77.8,5.0,320.0,10.0
2025-03-28,6,3.0,79.5,5.0,320.0,10.0
2025-03-28,9,4.2,67.9,5.0,360.0,10.0
2025-03-28,12,7.2,30.5,6.0,320.0,20.0
2025-03-28,15,7.0,32.9,8.0,320.0,20.0
2025-03-28,18,5.6,55.1,6.0,320.0,20.0
2025-03-28,21,3.6,79.6,0.0,0.0,20.0
2025-03-29,0,0.0,83.2,0.0,0.0,10.0
2025-03-29,3,-0.6,85.7,0.0,0.0,10.0
2025-03-29,6,-0.8,85.0,0.0,0.0,10.0
2025-03-29,9,0.2,75.6,0.0,0.0,10.0
2025-03-29,12,3.8,51.0,9.0,320.0,20.0
2025-03-29,15,4.0,48.0,12.0,320.0,20.0
2025-03-29,18,2.8,45.5,8.0,320.0,20.0
2025-03-29,21,0.4,71.7,2.0,320.0,10.0
2025-03-30,0,-1.6,86.2,0.0,0.0,10.0
2025-03-30,3,-4.0,83.4,0.0,0.0,10.0
2025-03-30,6,-4.2,87.2,0.0,0.0,10.0
2025-03-30,9,1.5,74.7,0.0,0.0,10.0
2025-03-30,12,5.5,51.9,6.0,320.0,10.0
2025-03-30,15,7.2,35.4,8.0,320.0,20.0
2025-03-30,18,5.8,50.1,6.0,320.0,20.0
2025-03-30,21,2.2,57.1,2.0,320.0,20.0
2025-03-31,0,-0.4,72.7,0.0,0.0,20.0
2025-03-31,3,-2.0,71.8,0.0,0.0,20.0
2025-03-31,6,-2.6,83.5,0.0,0.0,20.0
2025-03-31,9,4.6,65.0,3.0,140.0,20.0
2025-03-31,12,10.0,47.3,0.0,0.0,20.0
2025-03-31,15,13.4,40.9,2.0,230.0,20.0
2025-03-31,18,12.2,40.9,2.0,230.0,20.0
2025-03-31,21,7.6,63.4,0.0,0.0,20.0
2025-04-01,0,5.6,81.6,3.0,140.0,20.0
2025-04-01,3,4.8,80.3,3.0,140.0,20.0
2025-04-01,6,4.6,80.3,3.0,140.0,20.0
2025-04-01,9,7.8,80.2,5.0,140.0,10.0
2025-04-01,12,13.4,53.3,4.0,140.0,10.0
2025-04-01,15,15.6,41.9,3.0,140.0,10.0
2025-04-01,18,14.0,38.8,3.0,140.0,10.0
2025-04-01,21,9.6,61.2,0.0,0.0,10.0
2025-04-02,0,6.4,67.8,0.0,0.0,10.0
2025-04-02,3,3.8,78.4,0.0,0.0,10.0
2025-04-02,6,4.2,74.1,0.0,0.0,10.0
2025-04-02,9,7.4,63.3,2.0,140.0,10.0
2025-04-02,12,8.2,67.3,0.0,0.0,10.0
2025-04-02,15,8.8,70.8,2.0,320.0,10.0
2025-04-02,18,7.8,86.0,0.0,0.0,10.0
2025-04-02,21,6.6,91.4,0.0,0.0,10.0
2025-04-03,0,6.6,92.0,0.0,0.0,10.0
2025-04-03,3,4.8,93.2,0.0,0.0,10.0
2025-04-03,6,3.8,93.8,0.0,0.0,10.0
2025-04-03,9,6.2,79.4,0.0,0.0,10.0
2025-04-03,12,11.8,57.1,0.0,0.0,10.0
2025-04-03,15,14.2,42.7,2.0,270.0,20.0
2025-04-03,18,11.4,59.5,5.0,320.0,10.0
2025-04-03,21,8.0,66.3,0.0,0.0,10.0
2025-04-04,0,5.4,72.7,0.0,0.0,10.0
2025-04-04,3,4.6,68.5,0.0,0.0,10.0
2025-04-04,6,3.0,83.0,0.0,0.0,10.0
2025-04-04,9,6.2,82.2,0.0,0.0,10.0
2025-04-04,12,13.0,55.5,0.0,0.0,10.0
2025-04-04,15,15.6,47.5,2.0,230.0,10.0
2025-04-04,18,13.4,54.8,4.0,230.0,10.0
2025-04-04,21,9.2,62.9,2.0,230.0,10.0
2025-04-05,0,8.6,69.8,0.0,0.0,10.0
2025-04-05,3,6.0,90.7,0.0,0.0,10.0
2025-04-05,6,5.8,93.3,0.0,0.0,10.0
2025-04-05,9,6.0,93.9,5.0,140.0,10.0
2025-04-05,12,6.8,90.8,4.0,140.0,10.0
2025-04-05,15,7.6,90.8,4.0,140.0,10.0
2025-04-05,18,7.2,91.4,2.0,140.0,10.0
2025-04-05,21,7.0,87.7,0.0,0.0,10.0
2025-04-06,0,6.0,93.9,0.0,0.0,10.0
2025-04-06,3,6.2,90.7,0.0,0.0,10.0
2025-04-06,6,4.8,83.8,0.0,0.0,10.0
2025-04-06,9,7.0,71.0,0.0,0.0,10.0
2025-04-06,12,11.0,70.3,0.0,0.0,10.0
2025-04-06,15,16.0,55.5,0.0,0.0,10.0
2025-04-06,18,15.0,50.4,3.0,320.0,20.0
2025-04-06,21,10.6,58.1,0.0,0.0,10.0
2025-04-07,0,8.2,72.7,0.0,0.0,10.0
2025-04-07,3,4.4,83.8,0.0,0.0,10.0
2025-04-07,6,4.2,83.8,4.0,140.0,10.0
2025-04-07,9,8.6,72.3,8.0,140.0,10.0
2025-04-07,12,14.8,57.5,5.0,140.0,10.0
2025-04-07,15,16.4,50.5,8.0,140.0,10.0
2025-04-07,18,15.0,55.6,5.0,140.0,10.0
2025-04-07,21,12.2,66.7,5.0,140.0,10.0
2025-04-08,0,9.3,86.1,0.0,0.0,10.0
2025-04-08,3,7.6,90.8,0.0,0.0,10.0
2025-04-08,6,7.4,94.0,0.0,0.0,10.0
2025-04-08,9,9.0,91.6,2.0,320.0,10.0
2025-04-08,12,15.4,58.4,7.0,320.0,20.0
2025-04-08,15,17.0,42.9,5.0,320.0,20.0
2025-04-08,18,16.2,50.1,5.0,320.0,20.0
2025-04-08,21,10.6,77.3,2.0,320.0,10.0
2025-04-09,0,8.8,78.7,0.0,0.0,10.0
2025-04-09,3,6.2,84.6,0.0,0.0,10.0
2025-04-09,6,6.8,81.7,0.0,0.0,10.0
2025-04-09,9,9.0,76.0,2.0,140.0,10.0
2025-04-09,12,13.0,66.0,2.0,140.0,10.0
2025-04-09,15,14.8,57.5,1.0,140.0,10.0
2025-04-09,18,13.4,56.0,5.0,140.0,10.0
2025-04-09,21,10.8,63.2,2.0,140.0,10.0
2025-04-10,0,9.2,86.7,0.0,0.0,10.0
2025-04-10,3,8.0,86.0,0.0,0.0,10.0
2025-04-10,6,6.2,89.5,0.0,0.0,10.0
2025-04-10,9,9.2,81.5,2.0,320.0,10.0
2025-04-10,12,14.2,63.2,3.0,320.0,10.0
2025-04-10,15,17.6,47.1,3.0,320.0,10.0
2025-04-10,18,16.4,54.1,4.0,320.0,10.0
2025-04-10,21,10.0,76.7,4.0,320.0,10.0
2025-04-11,0,8.4,83.7,0.0,0.0,10.0
2025-04-11,3,6.2,87.6,0.0,0.0,10.0
2025-04-11,6,5.4,93.9,0.0,0.0,10.0
2025-04-11,9,10.0,69.1,0.0,0.0,10.0
2025-04-11,12,17.0,55.4,0.0,0.0,10.0
2025-04-11,15,23.3,34.5,3.0,230.0,20.0
2025-04-11,18,21.8,30.3,1.0,230.0,20.0
2025-04-11,21,16.0,54.0,0.0,0.0,10.0
2025-04-12,0,13.0,59.5,0.0,0.0,10.0
2025-04-12,3,9.8,72.0,4.0,140.0,10.0
2025-04-12,6,9.6,73.0,5.0,140.0,10.0
2025-04-12,9,14.8,57.5,4.0,140.0,10.0
2025-04-12,12,18.2,70.7,6.0,140.0,10.0
2025-04-12,15,11.2,94.8,0.0,0.0,10.0
2025-04-12,18,5.0,96.6,5.0,320.0,10.0
2025-04-12,21,0.8,93.0,0.0,0.0,10.0
2025-04-13,0,0.4,95.7,0.0,0.0,10.0
2025-04-13,3,0.8,95.8,0.0,0.0,10.0
2025-04-13,6,1.6,91.7,0.0,0.0,10.0
2025-04-13,9,3.4,93.8,3.0,230.0,10.0
2025-04-13,12,4.0,97.2,3.0,230.0,10.0
2025-04-13,15,6.4,78.8,5.0,270.0,10.0
2025-04-13,18,6.0,67.3,3.0,230.0,10.0
2025-04-13,21,3.2,79.5,0.0,0.0,10.0
2025-04-14,0,3.4,86.1,0.0,0.0,10.0
2025-04-14,9,4.4,83.8,5.0,140.0,10.0
2025-04-14,12,6.6,82.3,4.0,140.0,10.0
2025-04-14,15,8.2,69.7,2.0,140.0,10.0
2025-04-14,18,7.8,86.0,4.0,320.0,10.0
2025-04-14,21,5.8,87.6,0.0,0.0,10.0
2025-04-15,0,3.8,89.9,0.0,0.0,10.0
2025-04-15,3,2.5,94.4,0.0,0.0,10.0
2025-04-15,6,2.4,92.4,0.0,0.0,10.0
2025-04-15,9,6.0,90.7,0.0,0.0,10.0
2025-04-15,12,11.4,65.2,5.0,320.0,10.0
2025-04-15,15,13.0,61.6,3.0,320.0,10.0
2025-04-15,18,12.4,65.4,5.0,320.0,10.0
2025-04-15,21,7.6,90.8,0.0,0.0,10.0
2025-04-16,0,6.0,87.6,0.0,0.0,10.0
2025-04-16,3,5.8,87.6,0.0,0.0,10.0
2025-04-16,6,6.4,85.2,0.0,0.0,10.0
2025-04-16,9,9.2,79.8,5.0,140.0,10.0
2025-04-16,12,15.4,62.1,5.0,140.0,20.0
2025-04-16,15,18.6,55.4,5.0,140.0,10.0
2025-04-16,18,18.2,58.4,2.0,140.0,10.0
2025-04-16,21,14.8,70.1,3.0,140.0,10.0
2025-04-17,0,13.8,77.3,4.0,140.0,10.0
2025-04-17,3,12.4,78.7,4.0,140.0,10.0
2025-04-17,6,13.5,78.3,4.0,140.0,10.0
2025-04-17,9,15.4,80.7,5.0,140.0,10.0
2025-04-17,12,16.3,80.3,6.0,140.0,20.0
2025-04-17,15,17.9,75.4,3.0,140.0,20.0
2025-04-17,18,17.1,76.8,4.0,140.0,20.0
2025-04-17,21,15.6,82.9,2.0,140.0,10.0
2025-04-18,0,14.0,86.0,0.0,0.0,10.0
2025-04-18,3,12.6,90.6,0.0,0.0,10.0
2025-04-18,6,12.2,93.0,0.0,0.0,10.0
2025-04-18,9,12.8,90.6,0.0,0.0,10.0
2025-04-18,12,16.0,80.8,0.0,0.0,10.0
2025-04-18,15,18.6,57.3,0.0,0.0,10.0
2025-04-18,18,18.2,56.4,2.0,320.0,10.0
2025-04-18,21,13.8,70.8,0.0,0.0,10.0
2025-04-19,0,13.6,73.2,0.0,0.0,10.0
2025-04-19,3,11.5,87.5,0.0,0.0,10.0
2025-04-19,6,14.2,86.6,0.0,0.0,10.0
2025-04-19,9,13.8,93.1,2.0,140.0,10.0
2025-04-19,12,11.2,97.4,0.0,0.0,10.0
2025-04-19,15,11.2,94.8,2.0,320.0,10.0
2025-04-19,18,12.8,85.9,0.0,0.0,10.0
2025-04-19,21,10.5,93.5,0.0,0.0,10.0
2025-04-20,0,9.0,91.6,0.0,0.0,10.0
2025-04-20,3,8.6,88.4,0.0,0.0,10.0
2025-04-20,6,6.6,91.4,0.0,0.0,10.0
2025-04-20,9,8.2,97.3,0.0,0.0,0.3
2025-04-20,12,15.4,78.1,3.0,320.0,10.0
2025-04-20,15,20.4,52.6,0.0,0.0,10.0
2025-04-20,18,21.6,46.9,2.0,320.0,10.0
2025-04-20,21,14.8,78.5,1.0,320.0,10.0
2025-04-21,0,12.4,85.3,0.0,0.0,10.0
2025-04-21,3,10.4,87.4,0.0,0.0,10.0
2025-04-21,6,9.8,82.7,0.0,0.0,10.0
2025-04-21,9,17.2,71.0,0.0,0.0,10.0
2025-04-21,12,20.6,71.2,3.0,180.0,10.0
2025-04-21,15,21.6,70.0,4.0,140.0,10.0
2025-04-21,18,22.0,70.5,1.0,140.0,10.0
2025-04-21,21,18.6,89.8,2.0,140.0,10.0
2025-04-22,0,18.0,89.8,0.0,0.0,10.0
2025-04-22,3,16.6,95.6,0.0,0.0,10.0
2025-04-22,6,16.0,98.1,0.0,0.0,10.0
2025-04-22,9,13.2,97.4,0.0,0.0,10.0
2025-04-22,12,14.0,94.3,0.0,0.0,10.0
2025-04-22,15,16.0,75.6,0.0,0.0,10.0
2025-04-22,18,19.2,70.0,2.0,320.0,20.0
2025-04-22,21,14.4,82.2,1.0,320.0,20.0
2025-04-23,0,13.2,83.7,0.0,0.0,10.0
2025-04-23,3,12.0,94.8,0.0,0.0,10.0
2025-04-23,6,10.6,92.3,0.0,0.0,20.0
2025-04-23,9,14.7,72.9,2.0,140.0,20.0
2025-04-23,12,19.2,63.0,0.0,0.0,20.0
2025-04-23,15,21.0,56.8,3.0,320.0,20.0
2025-04-23,18,20.8,63.0,0.0,0.0,20.0
2025-04-23,21,15.0,80.1,1.0,320.0,10.0
2025-04-24,0,13.4,77.2,0.0,0.0,10.0
2025-04-24,3,10.0,89.8,0.0,0.0,10.0
2025-04-24,6,9.8,94.8,0.0,0.0,10.0
2025-04-24,9,12.0,83.5,2.0,320.0,10.0
2025-04-24,12,16.2,50.4,7.0,320.0,10.0
2025-04-24,15,15.4,43.3,8.0,320.0,10.0
2025-04-24,18,14.0,36.9,8.0,320.0,10.0
2025-04-24,21,10.6,53.3,2.0,320.0,10.0
2025-04-25,0,8.6,78.1,0.0,0.0,10.0
2025-04-25,3,7.6,82.4,0.0,0.0,10.0
2025-04-25,6,7.0,70.0,0.0,0.0,10.0
2025-04-25,9,10.1,65.3,0.0,0.0,20.0
2025-04-25,12,15.4,37.8,5.0,320.0,20.0
2025-04-25,15,16.0,19.8,8.0,320.0,20.0
2025-04-25,18,15.8,22.8,2.0,320.0,20.0
2025-04-25,21,11.8,50.6,0.0,0.0,10.0
2025-04-26,0,8.2,56.2,0.0,0.0,10.0
2025-04-26,3,6.4,64.5,2.0,140.0,10.0
2025-04-26,6,5.4,62.4,0.0,0.0,10.0
2025-04-26,9,12.6,46.0,0.0,0.0,10.0
2025-04-26,12,18.2,51.3,0.0,0.0,10.0
2025-04-26,15,21.8,45.5,0.0,0.0,10.0
2025-04-26,18,21.8,47.0,3.0,230.0,10.0
2025-04-26,21,16.2,66.2,2.0,180.0,10.0
2025-04-27,0,12.2,78.6,4.0,140.0,10.0
2025-04-27,3,12.2,72.0,2.0,140.0,10.0
2025-04-27,6,11.6,73.3,2.0,140.0,10.0
2025-04-27,9,14.8,63.7,0.0,0.0,10.0
2025-04-27,12,18.6,61.7,2.0,320.0,10.0
2025-04-27,15,20.4,52.3,0.0,0.0,10.0
2025-04-27,18,16.2,68.9,5.0,320.0,10.0
2025-04-27,21,13.0,68.8,0.0,0.0,10.0
2025-04-28,0,11.6,80.7,0.0,0.0,10.0
2025-04-28,3,9.8,81.6,0.0,0.0,10.0
2025-04-28,6,7.0,84.7,0.0,0.0,10.0
2025-04-28,9,11.2,77.4,0.0,0.0,10.0
2025-04-28,12,16.2,39.7,8.0,320.0,10.0
2025-04-28,15,17.2,29.6,9.0,320.0,15.0
2025-04-28,18,16.0,37.5,8.0,320.0,10.0
2025-04-28,21,10.8,61.1,3.0,320.0,10.0
2025-04-29,0,9.4,63.8,0.0,0.0,10.0
2025-04-29,3,7.6,72.1,0.0,0.0,10.0
2025-04-29,6,6.2,69.8,0.0,0.0,10.0
2025-04-29,9,12.4,52.3,0.0,0.0,10.0
2025-04-29,12,18.4,41.5,0.0,0.0,10.0
2025-04-29,15,21.6,36.5,3.0,230.0,10.0
2025-04-29,18,18.6,56.9,4.0,230.0,20.0
2025-04-29,21,13.4,56.0,3.0,140.0,10.0
2025-04-30,0,12.0,61.3,4.0,140.0,10.0
2025-04-30,3,11.8,63.0,4.0,140.0,10.0
2025-04-30,6,11.6,60.8,5.0,140.0,10.0
2025-04-30,9,15.6,54.6,6.0,140.0,20.0
2025-04-30,12,21.1,48.4,5.0,140.0,20.0
2025-04-30,15,22.6,45.1,5.0,140.0,20.0
2025-04-30,18,19.9,45.2,4.0,140.0,20.0
2025-04-30,21,17.8,50.2,3.0,140.0,10.0
2025-05-01,0,16.0,54.0,7.0,140.0,10.0
2025-05-01,3,16.0,50.0,5.0,140.0,10.0
2025-05-01,6,15.0,57.9,6.0,140.0,10.0
2025-05-01,9,12.8,92.4,3.0,140.0,10.0
2025-05-01,12,13.8,90.7,3.0,140.0,10.0
2025-05-01,15,15.6,85.1,1.0,140.0,10.0
2025-05-01,18,15.7,78.1,0.0,0.0,20.0
2025-05-01,21,11.4,81.8,2.0,320.0,20.0
2025-05-02,0,9.6,82.1,3.0,320.0,20.0
2025-05-02,3,8.0,93.4,1.0,320.0,20.0
2025-05-02,6,7.2,94.6,0.0,0.0,20.0
2025-05-02,9,11.0,77.9,2.0,320.0,20.0
2025-05-02,12,15.5,58.5,3.0,320.0,20.0
2025-05-02,15,17.2,42.9,4.0,320.0,20.0
2025-05-02,18,16.4,48.8,3.0,320.0,20.0
2025-05-02,21,13.2,62.1,0.0,0.0,10.0
2025-05-03,0,11.0,77.9,0.0,0.0,10.0
2025-05-03,3,9.8,92.2,0.0,0.0,10.0
2025-05-03,6,8.8,91.5,0.0,0.0,10.0
2025-05-03,9,8.2,94.7,0.0,0.0,10.0
2025-05-03,12,11.0,89.8,0.0,0.0,10.0
2025-05-03,15,13.2,66.0,2.0,320.0,10.0
2025-05-03,18,14.4,62.3,4.0,320.0,20.0
2025-05-03,21,11.9,76.0,4.0,320.0,20.0
2025-05-04,0,10.0,92.2,0.0,0.0,20.0
2025-05-04,3,7.4,94.0,0.0,0.0,10.0
2025-05-04,6,7.0,87.7,0.0,0.0,10.0
2025-05-04,9,12.2,64.9,0.0,0.0,10.0
2025-05-04,12,17.2,48.3,8.0,320.0,10.0
2025-05-04,15,18.2,42.9,7.0,320.0,20.0
2025-05-04,18,18.0,37.8,7.0,320.0,20.0
2025-05-04,21,13.0,61.6,1.0,320.0,20.0
2025-05-05,0,10.0,69.1,1.0,320.0,20.0
2025-05-05,3,8.8,78.7,1.0,320.0,20.0
2025-05-05,6,8.4,78.0,0.0,0.0,10.0
2025-05-05,9,10.2,82.2,0.0,0.0,20.0
2025-05-05,12,13.6,68.9,0.0,0.0,10.0
2025-05-05,15,12.5,71.0,0.0,0.0,20.0
2025-05-05,18,12.1,75.0,0.0,0.0,20.0
2025-05-05,21,11.2,80.6,0.0,0.0,10.0
2025-05-06,0,8.8,89.1,0.0,0.0,10.0
2025-05-06,3,8.0,86.0,0.0,0.0,10.0
2025-05-06,6,6.2,84.6,0.0,0.0,10.0
2025-05-06,9,9.4,81.5,0.0,0.0,10.0
2025-05-06,12,16.8,51.3,6.0,320.0,10.0
2025-05-06,15,17.2,50.0,6.0,320.0,10.0
2025-05-06,18,16.4,52.6,5.0,320.0,20.0
2025-05-06,21,11.8,82.9,2.0,320.0,20.0
2025-05-07,0,10.2,79.4,0.0,0.0,20.0
2025-05-07,3,9.8,81.6,0.0,0.0,20.0
2025-05-07,6,8.2,86.6,0.0,0.0,10.0
2025-05-07,9,12.8,69.7,0.0,0.0,10.0
2025-05-07,12,18.4,56.1,0.0,0.0,20.0
2025-05-07,15,18.0,61.5,0.0,0.0,10.0
2025-05-07,18,18.2,58.4,0.0,0.0,20.0
2025-05-07,21,14.0,75.8,0.0,0.0,10.0
2025-05-08,0,12.0,81.9,0.0,0.0,10.0
2025-05-08,3,10.2,89.2,0.0,0.0,10.0
2025-05-08,6,7.8,89.0,0.0,0.0,10.0
2025-05-08,9,14.2,75.3,0.0,0.0,10.0
2025-05-08,12,19.8,55.0,0.0,0.0,10.0
2025-05-08,15,22.2,45.9,2.0,180.0,10.0
2025-05-08,18,20.8,45.5,1.0,140.0,10.0
2025-05-08,21,17.2,65.1,0.0,0.0,10.0
2025-05-09,0,15.8,68.4,0.0,0.0,10.0
2025-05-09,3,15.0,67.8,0.0,0.0,10.0
2025-05-09,6,14.2,75.3,0.0,0.0,10.0
2025-05-09,9,14.8,82.8,0.0,0.0,10.0
2025-05-09,12,14.4,83.8,0.0,0.0,10.0
2025-05-09,15,14.8,90.7,0.0,0.0,10.0
2025-05-09,18,14.4,95.6,0.0,0.0,10.0
2025-05-09,21,14.0,95.5,0.0,0.0,10.0
2025-05-10,0,12.4,98.0,0.0,0.0,10.0
2025-05-10,3,12.0,97.4,0.0,0.0,10.0
2025-05-10,6,11.8,97.4,0.0,0.0,10.0
2025-05-10,9,12.4,94.9,0.0,0.0,10.0
2025-05-10,12,13.1,96.1,2.0,320.0,10.0
2025-05-10,15,15.0,82.8,5.0,320.0,10.0
2025-05-10,18,16.2,81.9,4.0,320.0,20.0
2025-05-10,21,14.6,88.9,0.0,0.0,10.0
2025-05-11,0,12.8,90.6,0.0,0.0,10.0
2025-05-11,3,11.0,87.5,0.0,0.0,10.0
2025-05-11,6,10.6,86.8,0.0,0.0,10.0
2025-05-11,9,14.6,84.4,2.0,140.0,10.0
2025-05-11,12,18.2,69.3,0.0,0.0,20.0
2025-05-11,15,21.0,54.9,0.0,0.0,20.0
2025-05-11,18,20.2,64.1,0.0,0.0,20.0
2025-05-11,21,16.2,85.1,0.0,0.0,10.0
2025-05-12,0,13.4,93.0,0.0,0.0,10.0
2025-05-12,3,10.2,94.8,0.0,0.0,20.0
2025-05-12,6,9.2,92.8,0.0,0.0,20.0
2025-05-12,9,13.8,84.9,2.0,90.0,20.0
2025-05-12,12,19.8,65.3,2.0,90.0,10.0
2025-05-12,15,22.3,49.4,2.0,140.0,20.0
2025-05-12,18,20.8,54.1,2.0,140.0,20.0
2025-05-12,21,17.8,63.1,3.0,140.0,10.0
2025-05-13,0,15.8,76.6,4.0,140.0,10.0
2025-05-13,3,16.0,74.6,4.0,140.0,10.0
2025-05-13,6,15.6,79.1,3.0,140.0,10.0
2025-05-13,9,18.4,67.6,4.0,140.0,10.0
2025-05-13,12,23.0,54.4,4.0,140.0,10.0
2025-05-13,15,23.2,51.6,3.0,140.0,10.0
2025-05-13,18,22.0,50.3,2.0,140.0,10.0
2025-05-13,21,18.0,56.0,3.0,140.0,10.0
2025-05-14,0,15.8,73.6,4.0,140.0,10.0
2025-05-14,3,15.0,80.1,4.0,140.0,10.0
2025-05-14,6,14.8,80.1,4.0,140.0,10.0
2025-05-14,9,18.6,65.9,2.0,140.0,10.0
2025-05-14,12,21.8,58.8,4.0,140.0,10.0
2025-05-14,15,22.8,52.6,5.0,140.0,10.0
2025-05-14,18,20.8,61.4,2.0,140.0,10.0
2025-05-14,21,19.0,66.4,0.0,0.0,10.0
2025-05-15,0,17.2,91.5,0.0,0.0,10.0
2025-05-15,3,16.3,96.2,0.0,0.0,10.0
2025-05-15,6,14.6,95.6,0.0,0.0,10.0
2025-05-15,9,16.2,87.4,0.0,0.0,10.0
2025-05-15,12,17.8,83.7,2.0,320.0,20.0
2025-05-15,15,21.4,71.8,0.0,0.0,20.0
2025-05-15,18,22.2,67.5,0.0,0.0,20.0
2025-05-15,21,18.0,88.1,0.0,0.0,10.0
2025-05-16,0,17.0,89.7,0.0,0.0,10.0
2025-05-16,3,16.0,89.1,0.0,0.0,10.0
2025-05-16,6,14.8,89.0,2.0,140.0,10.0
2025-05-16,9,18.4,84.3,2.0,140.0,10.0
2025-05-16,12,20.0,86.6,4.0,140.0,10.0
2025-05-16,15,21.3,83.0,1.0,180.0,20.0
2025-05-16,18,21.4,77.0,1.0,230.0,20.0
2025-05-16,21,18.8,85.9,0.0,0.0,20.0
2025-05-17,0,18.0,88.1,2.0,90.0,20.0
2025-05-17,3,16.2,95.6,0.0,0.0,20.0
2025-05-17,6,14.8,93.1,0.0,0.0,10.0
2025-05-17,9,19.4,84.9,0.0,0.0,10.0
2025-05-17,12,22.4,69.3,2.0,140.0,10.0
2025-05-17,15,19.2,80.7,2.0,180.0,20.0
2025-05-17,18,15.8,87.9,3.0,320.0,10.0
2025-05-17,21,13.2,83.7,7.0,320.0,10.0
2025-05-18,0,11.2,86.9,3.0,320.0,10.0
2025-05-18,3,9.2,92.2,0.0,0.0,10.0
2025-05-18,6,8.8,86.7,0.0,0.0,10.0
2025-05-18,9,13.0,76.7,0.0,0.0,10.0
2025-05-18,12,17.3,56.2,0.0,0.0,20.0
2025-05-18,15,20.4,48.9,2.0,320.0,20.0
2025-05-18,18,20.2,44.7,1.0,320.0,20.0
2025-05-18,21,15.2,65.6,2.0,230.0,10.0
2025-05-19,0,13.0,68.3,0.0,0.0,10.0
2025-05-19,3,12.0,69.0,0.0,0.0,10.0
2025-05-19,6,12.4,65.4,3.0,90.0,20.0
2025-05-19,9,12.6,67.7,3.0,140.0,10.0
2025-05-19,12,18.4,50.0,4.0,140.0,10.0
2025-05-19,15,18.6,58.8,0.0,0.0,10.0
2025-05-19,18,16.0,80.8,2.0,140.0,10.0
2025-05-19,21,15.8,86.2,3.0,140.0,10.0
2025-05-20,0,16.0,87.3,3.0,140.0,10.0
2025-05-20,3,15.8,91.4,2.0,140.0,10.0
2025-05-20,6,15.8,91.4,2.0,140.0,10.0
2025-05-20,9,16.9,86.9,4.0,90.0,20.0
2025-05-20,12,20.0,78.8,3.0,140.0,20.0
2025-05-20,15,23.5,72.6,3.0,180.0,20.0
2025-05-20,18,22.4,77.6,2.0,140.0,20.0
2025-05-20,21,19.4,88.2,3.0,140.0,10.0
2025-05-21,0,21.0,90.6,0.0,0.0,10.0
2025-05-21,3,21.8,90.1,2.0,140.0,10.0
2025-05-21,6,21.0,90.6,2.0,140.0,10.0
2025-05-21,9,21.6,85.7,2.0,140.0,10.0
2025-05-21,12,23.2,83.8,0.0,0.0,20.0
2025-05-21,15,24.0,79.8,0.0,0.0,20.0
2025-05-21,18,22.2,86.8,4.0,320.0,20.0
2025-05-21,21,19.5,92.8,0.0,0.0,20.0
2025-05-22,0,19.2,93.9,0.0,0.0,20.0
2025-05-22,3,18.5,94.5,2.0,320.0,20.0
2025-05-22,6,16.2,95.6,0.0,0.0,10.0
2025-05-22,9,19.6,75.7,0.0,0.0,10.0
2025-05-22,12,23.2,65.2,0.0,0.0,20.0
2025-05-22,15,26.0,52.4,3.0,320.0,20.0
2025-05-22,18,25.8,45.4,3.0,320.0,20.0
2025-05-22,21,21.0,56.8,2.0,320.0,20.0
2025-05-23,0,17.5,72.5,0.0,0.0,10.0
2025-05-23,3,17.0,81.4,0.0,0.0,10.0
2025-05-23,6,17.4,75.9,3.0,140.0,10.0
2025-05-23,9,18.0,70.7,0.0,0.0,10.0
2025-05-23,12,19.2,61.0,0.0,0.0,10.0
2025-05-23,15,16.0,84.0,0.0,0.0,10.0
2025-05-23,18,13.4,93.0,0.0,0.0,10.0
2025-05-23,21,13.2,93.0,0.0,0.0,10.0
2025-05-24,0,13.0,93.0,0.0,0.0,10.0
2025-05-24,3,12.8,92.4,0.0,0.0,10.0
2025-05-24,6,12.8,87.6,0.0,0.0,10.0
2025-05-24,9,13.8,81.5,0.0,0.0,10.0
2025-05-24,12,15.2,78.6,0.0,0.0,10.0
2025-05-24,15,18.0,74.5,0.0,0.0,10.0
2025-05-24,18,18.4,73.6,0.0,0.0,20.0
2025-05-24,21,17.0,77.3,0.0,0.0,20.0
2025-05-25,0,13.0,85.9,0.0,0.0,20.0
2025-05-25,3,12.4,93.0,0.0,0.0,10.0
2025-05-25,6,10.2,97.4,0.0,0.0,10.0
2025-05-25,9,15.4,82.8,0.0,0.0,10.0
2025-05-25,12,19.6,69.2,0.0,0.0,20.0
2025-05-25,15,22.4,59.0,0.0,0.0,20.0
2025-05-25,18,23.5,51.4,2.0,320.0,20.0
2025-05-25,21,18.4,72.6,0.0,0.0,10.0
2025-05-26,0,15.2,82.8,0.0,0.0,10.0
2025-05-26,3,13.0,85.9,0.0,0.0,10.0
2025-05-26,6,12.0,87.6,0.0,0.0,10.0
2025-05-26,9,16.6,83.0,0.0,0.0,10.0
2025-05-26,12,22.4,62.5,1.0,180.0,10.0
2025-05-26,15,25.2,52.8,4.0,230.0,10.0
2025-05-26,18,25.2,51.5,2.0,230.0,20.0
2025-05-26,21,18.8,77.1,0.0,0.0,20.0
2025-05-27,0,16.8,83.5,0.0,0.0,20.0
2025-05-27,3,14.4,90.7,0.0,0.0,20.0
2025-05-27,6,12.0,94.8,0.0,0.0,10.0
2025-05-27,9,18.8,68.6,3.0,140.0,10.0
2025-05-27,12,22.2,62.9,0.0,0.0,10.0
2025-05-27,15,24.0,53.9,2.0,320.0,10.0
2025-05-27,18,20.0,81.3,0.0,0.0,10.0
2025-05-27,21,19.4,79.2,0.0,0.0,10.0
2025-05-28,0,15.6,91.4,0.0,0.0,10.0
2025-05-28,3,14.2,95.6,0.0,0.0,10.0
2025-05-28,6,13.0,95.5,0.0,0.0,10.0
2025-05-28,9,18.8,77.1,0.0,0.0,10.0
2025-05-28,12,22.2,67.1,0.0,0.0,10.0
2025-05-28,15,24.8,54.8,1.0,270.0,10.0
2025-05-28,18,19.4,73.8,2.0,270.0,10.0
2025-05-28,21,19.4,88.2,0.0,0.0,10.0
2025-05-29,0,17.3,94.4,0.0,0.0,10.0
2025-05-29,3,15.6,93.8,0.0,0.0,10.0
2025-05-29,6,14.4,93.1,0.0,0.0,10.0
2025-05-29,9,18.4,82.1,0.0,0.0,10.0
2025-05-29,12,22.8,66.3,0.0,0.0,10.0
2025-05-29,15,25.4,46.2,3.0,50.0,10.0
2025-05-29,18,23.8,45.4,5.0,320.0,10.0
2025-05-29,21,18.6,74.1,2.0,320.0,10.0
2025-05-30,0,16.2,88.5,1.0,320.0,10.0
2025-05-30,3,14.2,77.9,0.0,0.0,10.0
2025-05-30,6,12.8,87.6,0.0,0.0,10.0
2025-05-30,9,16.7,77.2,0.0,0.0,10.0
2025-05-30,12,22.4,61.3,0.0,0.0,20.0
2025-05-30,15,26.0,53.4,2.0,270.0,20.0
2025-05-30,18,26.6,50.2,1.0,320.0,20.0
2025-05-30,21,22.0,64.1,0.0,0.0,10.0
2025-05-31,0,18.2,76.5,0.0,0.0,10.0
2025-05-31,3,16.4,89.7,0.0,0.0,10.0
2025-05-31,6,15.6,82.9,0.0,0.0,10.0
2025-05-31,9,20.0,67.0,0.0,0.0,20.0
2025-05-31,12,23.0,65.1,0.0,0.0,20.0
2025-05-31,15,25.6,62.1,0.0,0.0,20.0
2025-05-31,18,22.4,78.1,4.0,320.0,20.0
2025-05-31,21,20.4,81.4,0.0,0.0,10.0
2025-06-01,0,18.4,87.6,0.0,0.0,10.0
2025-06-01,3,16.0,98.1,0.0,0.0,10.0
2025-06-01,6,16.0,93.2,0.0,0.0,10.0
2025-06-01,9,19.8,73.8,0.0,0.0,10.0
2025-06-01,12,24.4,55.8,0.0,0.0,10.0
2025-06-01,15,27.6,37.7,0.0,0.0,20.0
2025-06-01,18,23.4,49.4,3.0,320.0,20.0
2025-06-01,21,19.7,61.1,0.0,0.0,10.0
2025-06-02,0,18.2,65.3,0.0,0.0,10.0
2025-06-02,3,17.0,73.8,0.0,0.0,10.0
2025-06-02,6,16.2,79.2,0.0,0.0,10.0
2025-06-02,9,18.2,78.5,0.0,0.0,10.0
2025-06-02,12,21.0,64.7,0.0,0.0,10.0
2025-06-02,15,22.6,46.6,2.0,320.0,10.0
2025-06-02,18,23.8,52.5,0.0,0.0,10.0
2025-06-02,21,19.8,68.8,2.0,320.0,10.0
2025-06-03,0,18.2,80.5,0.0,0.0,10.0
2025-06-03,3,17.0,83.6,0.0,0.0,10.0
2025-06-03,6,15.0,89.0,0.0,0.0,10.0
2025-06-03,9,19.9,72.4,0.0,0.0,10.0
2025-06-03,12,22.3,66.7,3.0,320.0,10.0
2025-06-03,15,24.0,44.6,5.0,320.0,10.0
2025-06-03,18,24.2,37.0,5.0,320.0,10.0
2025-06-03,21,19.0,68.2,1.0,270.0,20.0
2025-06-04,0,15.6,79.1,0.0,0.0,20.0
2025-06-04,3,15.6,80.7,0.0,0.0,20.0
2025-06-04,6,15.0,89.0,0.0,0.0,20.0
2025-06-04,9,18.4,73.1,0.0,0.0,20.0
2025-06-04,12,21.4,49.1,5.0,320.0,20.0
2025-06-04,15,21.6,49.2,8.0,320.0,20.0
2025-06-04,18,22.2,52.4,6.0,320.0,20.0
2025-06-04,21,18.4,74.5,0.0,0.0,10.0
2025-06-05,0,16.0,82.9,0.0,0.0,10.0
2025-06-05,3,14.0,86.0,0.0,0.0,10.0
2025-06-05,6,12.6,88.8,0.0,0.0,20.0
2025-06-05,9,21.8,57.7,2.0,140.0,20.0
2025-06-05,12,26.0,45.7,2.0,140.0,20.0
2025-06-05,15,27.7,41.1,5.0,230.0,20.0
2025-06-05,18,25.4,49.6,5.0,230.0,20.0
2025-06-05,21,21.0,63.0,1.0,180.0,20.0
2025-06-06,0,18.8,62.5,2.0,140.0,20.0
2025-06-06,3,18.2,51.7,4.0,90.0,10.0
2025-06-06,6,18.2,56.8,3.0,90.0,20.0
2025-06-06,9,22.3,51.7,5.0,140.0,20.0
2025-06-06,12,25.2,57.1,2.0,180.0,20.0
2025-06-06,15,28.0,55.6,4.0,230.0,20.0
2025-06-06,18,25.2,64.0,1.0,180.0,20.0
2025-06-06,21,21.2,78.4,2.0,140.0,10.0
2025-06-07,0,19.6,77.7,5.0,140.0,10.0
2025-06-07,3,18.7,81.7,5.0,140.0,10.0
2025-06-07,6,18.2,96.3,6.0,140.0,10.0
2025-06-07,9,20.0,90.5,2.0,140.0,10.0
2025-06-07,12,21.6,83.6,1.0,140.0,10.0
2025-06-07,15,21.8,85.7,0.0,0.0,10.0
2025-06-07,18,23.6,81.3,1.0,180.0,10.0
2025-06-07,21,20.9,90.0,0.0,0.0,10.0
2025-06-08,0,19.0,93.9,0.0,0.0,10.0
2025-06-08,3,18.6,89.8,0.0,0.0,10.0
2025-06-08,6,19.0,93.9,0.0,0.0,10.0
2025-06-08,9,21.6,83.6,0.0,0.0,10.0
2025-06-08,12,25.2,74.3,0.0,0.0,10.0
2025-06-08,15,28.2,60.7,0.0,0.0,10.0
2025-06-08,18,27.8,56.6,0.0,0.0,10.0
2025-06-08,21,22.0,84.1,0.0,0.0,10.0
2025-06-09,0,21.0,84.6,0.0,0.0,10.0
2025-06-09,3,18.2,93.9,0.0,0.0,5.0
2025-06-09,6,18.8,95.7,0.0,0.0,10.0
2025-06-09,9,21.0,83.5,0.0,0.0,10.0
2025-06-09,12,25.4,61.2,0.0,0.0,10.0
2025-06-09,15,28.3,50.4,0.0,0.0,20.0
2025-06-09,18,28.0,54.6,2.0,230.0,20.0
2025-06-09,21,23.0,71.2,0.0,0.0,10.0
2025-06-10,0,21.0,83.5,0.0,0.0,10.0
2025-06-10,3,20.4,83.4,0.0,0.0,10.0
2025-06-10,6,20.0,82.9,0.0,0.0,10.0
2025-06-10,9,19.4,88.2,6.0,320.0,10.0
2025-06-10,12,22.4,67.5,5.0,320.0,20.0
2025-06-10,15,24.6,42.7,3.0,270.0,20.0
2025-06-10,18,23.4,49.4,6.0,320.0,20.0
2025-06-10,21,19.3,70.9,0.0,0.0,20.0
2025-06-11,0,16.4,87.4,0.0,0.0,20.0
2025-06-11,3,15.2,93.1,0.0,0.0,20.0
2025-06-11,6,14.0,95.5,0.0,0.0,10.0
2025-06-11,9,20.8,72.6,0.0,0.0,10.0
2025-06-11,12,25.6,51.6,3.0,320.0,20.0
2025-06-11,15,28.0,44.5,4.0,320.0,20.0
2025-06-11,18,27.2,43.4,5.0,320.0,20.0
2025-06-11,21,22.0,67.5,0.0,0.0,10.0
2025-06-12,0,19.6,65.2,0.0,0.0,10.0
2025-06-12,3,17.8,77.9,0.0,0.0,10.0
2025-06-12,6,16.2,84.0,0.0,0.0,10.0
2025-06-12,9,22.4,67.5,0.0,0.0,10.0
2025-06-12,12,28.0,53.6,0.0,0.0,10.0
2025-06-12,15,30.2,43.2,1.0,230.0,20.0
2025-06-12,18,30.0,41.2,3.0,320.0,20.0
2025-06-12,21,23.2,64.3,0.0,0.0,20.0
2025-06-13,0,21.2,65.1,0.0,0.0,20.0
2025-06-13,3,17.2,77.8,0.0,0.0,20.0
2025-06-13,6,15.8,79.2,0.0,0.0,20.0
2025-06-13,9,23.4,62.0,0.0,0.0,10.0
2025-06-13,12,25.8,61.7,0.0,0.0,10.0
2025-06-13,15,25.6,57.2,2.0,140.0,20.0
2025-06-13,18,24.8,66.3,0.0,0.0,20.0
2025-06-13,21,22.8,74.3,0.0,0.0,20.0
2025-06-14,0,21.0,79.9,0.0,0.0,10.0
2025-06-14,3,19.4,86.6,0.0,0.0,10.0
2025-06-14,6,19.0,89.9,0.0,0.0,10.0
2025-06-14,9,22.8,75.8,0.0,0.0,10.0
2025-06-14,12,28.5,56.1,0.0,0.0,10.0
2025-06-14,15,30.2,54.1,5.0,320.0,20.0
2025-06-14,18,28.0,63.4,2.0,320.0,20.0
2025-06-14,21,22.8,77.7,3.0,320.0,10.0
2025-06-15,0,20.6,87.8,0.0,0.0,10.0
2025-06-15,3,19.0,89.9,0.0,0.0,10.0
2025-06-15,6,18.8,92.2,0.0,0.0,10.0
2025-06-15,9,24.2,76.9,2.0,140.0,10.0
2025-06-15,12,26.0,66.2,4.0,140.0,20.0
2025-06-15,15,27.0,57.5,6.0,140.0,20.0
2025-06-15,18,21.4,94.6,1.0,140.0,10.0
2025-06-15,21,22.0,94.6,0.0,0.0,10.0
2025-06-16,0,21.8,96.4,0.0,0.0,10.0
2025-06-16,3,21.4,92.3,0.0,0.0,10.0
2025-06-16,6,21.4,96.4,0.0,0.0,10.0
2025-06-16,9,23.6,86.4,0.0,0.0,10.0
2025-06-16,12,26.0,82.6,0.0,0.0,10.0
2025-06-16,15,26.7,71.4,3.0,140.0,10.0
2025-06-16,18,25.4,76.2,4.0,180.0,10.0
2025-06-16,21,21.8,83.6,0.0,0.0,10.0
2025-06-17,0,19.8,90.5,0.0,0.0,10.0
2025-06-17,3,18.6,89.8,0.0,0.0,10.0
2025-06-17,6,17.8,91.5,0.0,0.0,10.0
2025-06-17,9,22.4,75.7,0.0,0.0,10.0
2025-06-17,12,26.0,67.4,0.0,0.0,10.0
2025-06-17,15,28.5,56.8,1.0,230.0,10.0
2025-06-17,18,27.8,56.6,3.0,320.0,20.0
2025-06-17,21,23.3,72.1,0.0,0.0,20.0
2025-06-18,0,20.2,85.0,0.0,0.0,20.0
2025-06-18,3,19.4,88.2,0.0,0.0,20.0
2025-06-18,6,17.4,93.3,0.0,0.0,10.0
2025-06-18,9,23.4,76.3,0.0,0.0,10.0
2025-06-18,12,27.8,60.7,0.0,0.0,10.0
2025-06-18,15,29.7,56.4,1.0,180.0,20.0
2025-06-18,18,28.2,51.9,4.0,180.0,20.0
2025-06-18,21,24.6,65.1,1.0,180.0,20.0
2025-06-19,0,22.0,77.1,1.0,180.0,20.0
2025-06-19,3,21.2,78.4,3.0,140.0,20.0
2025-06-19,6,20.4,76.3,3.0,140.0,20.0
2025-06-19,9,23.3,63.5,4.0,140.0,20.0
2025-06-19,12,28.1,61.1,1.0,180.0,20.0
2025-06-19,15,28.8,66.8,1.0,180.0,20.0
2025-06-19,18,27.9,72.5,2.0,140.0,20.0
2025-06-19,21,27.0,75.5,3.0,140.0,10.0
2025-06-20,0,25.0,89.2,3.0,140.0,10.0
2025-06-20,3,22.2,98.2,2.0,140.0,10.0
2025-06-20,6,22.4,98.2,3.0,140.0,10.0
2025-06-20,9,22.8,96.4,3.0,140.0,10.0
2025-06-20,12,22.8,96.4,1.0,140.0,10.0
2025-06-20,15,22.8,96.4,2.0,140.0,10.0
2025-06-20,18,23.0,94.7,2.0,140.0,10.0
2025-06-20,21,22.1,98.2,0.0,0.0,10.0
2025-06-21,0,21.8,98.2,0.0,0.0,10.0
2025-06-21,3,20.6,98.2,0.0,0.0,10.0
2025-06-21,6,19.6,95.7,1.0,320.0,10.0
2025-06-21,9,20.0,90.5,0.0,0.0,10.0
2025-06-21,12,21.6,80.0,0.0,0.0,10.0
2025-06-21,15,26.4,60.7,2.0,320.0,10.0
2025-06-21,18,25.2,64.0,0.0,0.0,20.0
2025-06-21,21,22.2,85.8,0.0,0.0,20.0
2025-06-22,0,20.8,87.8,0.0,0.0,20.0
2025-06-22,3,19.0,81.2,0.0,0.0,10.0
2025-06-22,6,16.0,91.4,0.0,0.0,20.0
2025-06-22,9,23.4,65.2,0.0,0.0,10.0
2025-06-22,12,26.5,67.1,0.0,0.0,10.0
2025-06-22,15,29.4,48.5,1.0,320.0,10.0
2025-06-22,18,28.2,49.7,2.0,320.0,10.0
2025-06-22,21,23.4,76.3,0.0,0.0,10.0
2025-06-23,0,20.8,83.5,0.0,0.0,10.0
2025-06-23,3,19.2,90.5,0.0,0.0,10.0
2025-06-23,6,17.2,95.7,0.0,0.0,10.0
2025-06-23,9,23.2,74.4,0.0,0.0,20.0
2025-06-23,12,27.8,61.4,0.0,0.0,20.0
2025-06-23,15,30.8,55.6,0.0,0.0,20.0
2025-06-23,18,31.2,50.5,0.0,0.0,20.0
2025-06-23,21,25.2,69.8,0.0,0.0,20.0
2025-06-24,0,23.4,84.3,0.0,0.0,20.0
2025-06-24,3,20.2,94.0,0.0,0.0,20.0
2025-06-24,6,20.0,96.3,0.0,0.0,10.0
2025-06-24,9,23.3,83.3,0.0,0.0,20.0
2025-06-24,12,26.6,75.9,0.0,0.0,20.0
2025-06-24,15,27.0,74.1,0.0,0.0,20.0
2025-06-24,18,27.4,69.8,0.0,0.0,20.0
2025-06-24,21,25.2,71.6,0.0,0.0,10.0
2025-06-25,0,24.2,64.6,0.0,0.0,10.0
2025-06-25,3,18.8,98.1,0.0,0.0,10.0
2025-06-25,6,19.0,95.7,0.0,0.0,10.0
2025-06-25,9,19.8,94.6,0.0,0.0,10.0
2025-06-25,12,20.8,85.1,0.0,0.0,10.0
2025-06-25,15,20.2,92.2,0.0,0.0,10.0
2025-06-25,18,20.6,96.4,0.0,0.0,10.0
2025-06-25,21,20.0,96.3,0.0,0.0,10.0
2025-06-26,0,19.0,95.7,0.0,0.0,10.0
2025-06-26,3,19.6,94.0,0.0,0.0,10.0
2025-06-26,6,19.0,95.7,0.0,0.0,10.0
2025-06-26,9,21.8,87.3,0.0,0.0,10.0
2025-06-26,12,25.0,79.0,0.0,0.0,20.0
2025-06-26,15,27.0,71.0,0.0,0.0,20.0
2025-06-26,18,26.0,74.4,0.0,0.0,10.0
2025-06-26,21,23.5,88.6,0.0,0.0,10.0
2025-06-27,0,22.4,94.7,0.0,0.0,10.0
2025-06-27,3,22.6,95.2,0.0,0.0,10.0
2025-06-27,6,22.2,94.6,0.0,0.0,10.0
2025-06-27,9,22.8,96.4,0.0,0.0,10.0
2025-06-27,12,23.4,96.4,1.0,140.0,10.0
2025-06-27,15,24.6,84.9,1.0,140.0,10.0
2025-06-27,18,25.2,83.5,1.0,140.0,10.0
2025-06-27,21,24.2,88.1,0.0,0.0,10.0
2025-06-28,0,23.9,89.7,0.0,0.0,10.0
2025-06-28,3,23.8,88.0,0.0,0.0,10.0
2025-06-28,6,23.6,91.3,2.0,140.0,10.0
2025-06-28,9,24.5,87.6,2.0,140.0,20.0
2025-06-28,12,28.6,76.2,2.0,140.0,20.0
2025-06-28,15,29.0,68.0,2.0,140.0,20.0
2025-06-28,18,28.5,72.6,2.0,180.0,10.0
2025-06-28,21,26.0,82.6,1.0,180.0,10.0
2025-06-29,0,24.4,89.7,0.0,0.0,10.0
2025-06-29,3,24.2,91.3,0.0,0.0,10.0
2025-06-29,6,23.6,96.4,0.0,0.0,10.0
2025-06-29,9,24.3,92.5,0.0,0.0,10.0
2025-06-29,12,28.2,79.4,0.0,0.0,20.0
2025-06-29,15,26.9,80.2,4.0,180.0,20.0
2025-06-29,18,25.5,87.7,2.0,140.0,20.0
2025-06-29,21,25.4,88.2,2.0,140.0,10.0
2025-06-30,0,24.7,91.4,2.0,140.0,10.0
2025-06-30,3,24.6,89.7,3.0,140.0,10.0
2025-06-30,6,24.2,91.3,3.0,140.0,10.0
2025-06-30,9,25.4,87.1,3.0,140.0,20.0
2025-06-30,12,26.8,84.2,2.0,140.0,20.0
2025-06-30,15,27.4,85.8,2.0,140.0,20.0
2025-06-30,18,27.4,82.7,4.0,140.0,20.0
2025-06-30,21,25.8,90.4,3.0,140.0,20.0
2025-07-01,0,25.4,89.2,0.0,0.0,20.0
2025-07-01,3,25.5,87.7,0.0,0.0,20.0
2025-07-01,6,25.3,89.2,0.0,0.0,20.0
2025-07-01,9,26.4,87.7,0.0,0.0,20.0
2025-07-01,12,29.2,77.2,2.0,180.0,20.0
2025-07-01,15,29.6,77.3,3.0,200.0,20.0
2025-07-01,18,29.2,77.7,3.0,230.0,20.0
2025-07-01,21,27.0,84.2,2.0,230.0,20.0
2025-07-02,0,26.2,88.8,3.0,180.0,10.0
2025-07-02,3,25.4,88.2,1.0,140.0,10.0
2025-07-02,6,25.2,86.6,4.0,140.0,20.0
2025-07-02,9,25.4,85.6,3.0,140.0,20.0
2025-07-02,12,24.8,98.2,0.0,0.0,10.0
2025-07-02,15,24.8,94.8,4.0,140.0,10.0
2025-07-02,18,24.8,93.1,0.0,0.0,10.0
2025-07-02,21,24.7,90.8,0.0,0.0,20.0
2025-07-03,0,24.5,94.2,0.0,0.0,20.0
2025-07-03,3,24.2,95.9,0.0,0.0,20.0
2025-07-03,6,23.6,94.7,2.0,140.0,10.0
2025-07-03,9,26.0,85.1,3.0,140.0,10.0
2025-07-03,12,26.8,84.2,3.0,140.0,20.0
2025-07-03,15,27.8,77.5,3.0,140.0,20.0
2025-07-03,18,26.8,81.2,4.0,230.0,20.0
2025-07-03,21,25.6,86.6,2.0,140.0,20.0
2025-07-04,0,24.8,86.5,3.0,140.0,20.0
2025-07-04,3,24.0,87.0,2.0,140.0,20.0
2025-07-04,6,24.2,84.9,2.0,140.0,20.0
2025-07-04,9,23.9,95.9,0.0,0.0,10.0
2025-07-04,12,24.0,98.2,0.0,0.0,10.0
2025-07-04,15,25.4,90.9,0.0,0.0,20.0
2025-07-04,18,25.8,89.3,0.0,0.0,20.0
2025-07-04,21,25.0,91.4,0.0,0.0,10.0
2025-07-05,0,24.8,91.4,0.0,0.0,10.0
2025-07-05,3,24.8,92.5,2.0,140.0,10.0
2025-07-05,6,24.6,91.4,2.0,140.0,10.0
2025-07-05,9,25.2,90.3,2.0,140.0,10.0
2025-07-05,12,27.2,80.7,3.0,140.0,20.0
2025-07-05,15,29.2,75.0,5.0,140.0,10.0
2025-07-05,18,28.2,79.0,3.0,140.0,20.0
2025-07-05,21,26.2,87.2,2.0,140.0,20.0
2025-07-06,0,25.9,87.7,2.0,140.0,20.0
2025-07-06,3,25.0,91.4,0.0,0.0,20.0
2025-07-06,6,24.4,93.0,0.0,0.0,10.0
2025-07-06,9,27.0,82.7,0.0,0.0,10.0
2025-07-06,12,28.2,77.5,3.0,140.0,10.0
2025-07-06,15,28.8,79.0,3.0,140.0,10.0
2025-07-06,18,27.8,82.8,2.0,140.0,10.0
2025-07-06,21,26.8,88.8,0.0,0.0,10.0
2025-07-07,0,26.2,92.0,0.0,0.0,10.0
2025-07-07,3,25.8,92.0,0.0,0.0,10.0
2025-07-07,6,25.4,94.8,0.0,0.0,10.0
2025-07-07,9,26.2,91.5,0.0,0.0,10.0
2025-07-07,12,28.4,84.8,0.0,0.0,10.0
2025-07-07,15,31.6,72.3,1.0,180.0,10.0
2025-07-07,18,29.7,80.1,0.0,0.0,10.0
2025-07-07,21,28.0,88.4,0.0,0.0,20.0
2025-07-08,0,26.8,92.1,0.0,0.0,20.0
2025-07-08,3,26.6,94.8,0.0,0.0,10.0
2025-07-08,6,25.2,91.4,0.0,0.0,10.0
2025-07-08,9,29.0,76.3,0.0,0.0,10.0
2025-07-08,12,32.0,66.2,0.0,0.0,10.0
2025-07-08,15,33.6,68.5,0.0,0.0,10.0
2025-07-08,18,33.8,68.6,2.0,320.0,10.0
2025-07-08,21,30.0,79.7,0.0,0.0,10.0
2025-07-09,0,28.0,93.8,0.0,0.0,10.0
2025-07-09,3,26.8,93.7,0.0,0.0,10.0
2025-07-09,6,25.4,89.8,0.0,0.0,10.0
2025-07-09,9,29.3,73.2,0.0,0.0,20.0
2025-07-09,12,32.6,79.1,0.0,0.0,20.0
2025-07-09,15,33.8,63.1,0.0,0.0,20.0
2025-07-09,18,34.4,66.7,0.0,0.0,20.0
2025-07-09,21,29.8,78.2,0.0,0.0,10.0
2025-07-10,0,27.6,90.5,0.0,0.0,10.0
2025-07-10,3,26.4,84.1,0.0,0.0,10.0
2025-07-10,6,25.0,77.1,0.0,0.0,20.0
2025-07-10,9,28.6,61.2,3.0,140.0,20.0
2025-07-10,12,31.8,54.5,3.0,140.0,20.0
2025-07-10,15,33.6,51.4,0.0,0.0,20.0
2025-07-10,18,33.6,53.7,0.0,0.0,20.0
2025-07-10,21,29.0,56.6,0.0,0.0,20.0
2025-07-11,0,26.6,56.7,3.0,140.0,20.0
2025-07-11,3,24.2,64.6,2.0,140.0,20.0
2025-07-11,6,22.2,75.2,0.0,0.0,20.0
2025-07-11,9,26.4,62.2,2.0,140.0,20.0
2025-07-11,12,31.0,55.7,0.0,0.0,20.0
2025-07-11,15,31.8,55.5,2.0,320.0,20.0
2025-07-11,18,32.8,58.5,0.0,0.0,20.0
2025-07-11,21,28.8,73.6,0.0,0.0,10.0
2025-07-12,0,26.0,74.9,0.0,0.0,10.0
2025-07-12,3,25.0,72.4,0.0,0.0,10.0
2025-07-12,6,23.2,78.2,0.0,0.0,20.0
2025-07-12,9,27.6,59.1,0.0,0.0,20.0
2025-07-12,12,31.4,57.5,0.0,0.0,20.0
2025-07-12,15,32.6,56.1,2.0,320.0,20.0
2025-07-12,18,31.2,59.6,3.0,320.0,20.0
2025-07-12,21,26.6,69.2,2.0,320.0,20.0
2025-07-13,0,24.2,76.9,0.0,0.0,20.0
2025-07-13,3,22.8,85.8,0.0,0.0,20.0
2025-07-13,6,22.0,92.3,0.0,0.0,10.0
2025-07-13,9,25.4,80.5,0.0,0.0,10.0
2025-07-13,12,29.0,64.4,0.0,0.0,10.0
2025-07-13,15,30.2,63.9,2.0,320.0,10.0
2025-07-13,18,29.8,65.0,0.0,0.0,10.0
2025-07-13,21,26.2,78.7,0.0,0.0,10.0
2025-07-14,0,24.0,78.4,0.0,0.0,10.0
2025-07-14,3,22.6,92.9,0.0,0.0,10.0
2025-07-14,6,21.6,91.2,0.0,0.0,10.0
2025-07-14,9,24.8,77.0,0.0,0.0,20.0
2025-07-14,12,26.0,77.2,0.0,0.0,20.0
2025-07-14,15,29.6,63.7,0.0,0.0,20.0
2025-07-14,18,25.0,85.0,0.0,0.0,20.0
2025-07-14,21,23.0,94.7,0.0,0.0,10.0
2025-07-15,0,21.8,96.4,0.0,0.0,10.0
2025-07-15,3,21.8,94.6,0.0,0.0,10.0
2025-07-15,6,21.4,96.4,0.0,0.0,10.0
2025-07-15,9,22.6,92.9,0.0,0.0,10.0
2025-07-15,12,24.2,87.5,0.0,0.0,10.0
2025-07-15,15,25.0,81.9,0.0,0.0,20.0
2025-07-15,18,25.0,83.5,0.0,0.0,20.0
2025-07-15,21,23.3,90.7,0.0,0.0,20.0
2025-07-16,0,22.9,86.9,0.0,0.0,20.0
2025-07-16,3,22.6,90.1,0.0,0.0,10.0
2025-07-16,6,22.6,91.2,0.0,0.0,10.0
2025-07-16,9,24.0,86.5,0.0,0.0,10.0
2025-07-16,12,22.0,92.3,0.0,0.0,10.0
2025-07-16,15,21.4,95.8,3.0,140.0,10.0
2025-07-16,18,20.8,95.8,3.0,140.0,10.0
2025-07-16,21,21.8,92.3,3.0,140.0,10.0
2025-07-17,0,22.2,91.2,4.0,140.0,10.0
2025-07-17,3,22.0,94.6,4.0,140.0,10.0
2025-07-17,6,23.0,91.3,4.0,140.0,10.0
2025-07-17,9,23.8,93.0,3.0,140.0,10.0
2025-07-17,12,24.8,86.5,3.0,140.0,10.0
2025-07-17,15,25.0,87.6,3.0,140.0,10.0
2025-07-17,18,25.8,84.1,1.0,140.0,10.0
2025-07-17,21,24.4,91.4,0.0,0.0,20.0
2025-07-18,0,23.4,94.7,0.0,0.0,20.0
2025-07-18,3,23.2,96.4,0.0,0.0,10.0
2025-07-18,6,22.8,98.2,0.0,0.0,10.0
2025-07-18,9,24.0,91.3,0.0,0.0,10.0
2025-07-18,12,27.2,76.9,0.0,0.0,10.0
2025-07-18,15,27.6,74.2,3.0,140.0,10.0
2025-07-18,18,26.6,79.7,2.0,140.0,20.0
2025-07-18,21,23.6,91.3,4.0,140.0,10.0
2025-07-19,0,23.2,94.7,0.0,0.0,10.0
2025-07-19,3,23.2,96.4,0.0,0.0,10.0
2025-07-19,9,24.6,88.1,3.0,140.0,20.0
2025-07-19,12,25.6,83.5,4.0,140.0,20.0
2025-07-19,15,26.2,84.1,3.0,140.0,20.0
2025-07-19,18,28.2,79.4,2.0,140.0,20.0
2025-07-19,21,25.6,86.6,0.0,0.0,10.0
2025-07-20,0,23.4,93.0,0.0,0.0,10.0
2025-07-20,3,22.4,96.4,0.0,0.0,10.0
2025-07-20,6,24.2,88.1,0.0,0.0,10.0
2025-07-20,9,25.2,93.1,0.0,0.0,10.0
2025-07-20,12,27.6,90.5,3.0,230.0,10.0
2025-07-20,15,29.4,79.1,2.0,180.0,10.0
2025-07-20,18,29.2,83.9,3.0,230.0,20.0
2025-07-20,21,26.9,83.7,0.0,0.0,20.0
2025-07-21,0,26.2,85.6,3.0,180.0,20.0
2025-07-21,3,25.0,91.4,0.0,0.0,10.0
2025-07-21,6,26.0,93.1,0.0,0.0,10.0
2025-07-21,9,27.2,84.2,0.0,0.0,10.0
2025-07-21,12,29.4,76.3,2.0,230.0,20.0
2025-07-21,15,28.8,83.4,2.0,180.0,20.0
2025-07-21,18,29.6,78.2,2.0,230.0,20.0
2025-07-21,21,27.8,82.8,0.0,0.0,10.0
2025-07-22,0,26.0,92.0,0.0,0.0,10.0
2025-07-22,3,26.4,91.5,0.0,0.0,10.0
2025-07-22,6,25.6,94.8,0.0,0.0,10.0
2025-07-22,9,27.0,87.8,0.0,0.0,10.0
2025-07-22,12,28.0,84.8,0.0,0.0,20.0
2025-07-22,15,25.0,83.5,1.0,320.0,10.0
2025-07-22,18,23.8,91.3,0.0,0.0,10.0
2025-07-22,21,23.4,94.7,0.0,0.0,10.0
2025-07-23,0,22.8,94.7,0.0,0.0,10.0
2025-07-23,3,22.2,96.4,0.0,0.0,10.0
2025-07-23,6,22.6,94.7,0.0,0.0,10.0
2025-07-23,9,25.0,85.0,0.0,0.0,10.0
2025-07-23,12,29.2,76.3,0.0,0.0,20.0
2025-07-23,15,31.8,62.3,0.0,0.0,20.0
2025-07-23,18,27.8,92.1,0.0,0.0,20.0
2025-07-23,21,27.2,87.3,0.0,0.0,20.0
2025-07-24,0,26.0,92.0,0.0,0.0,10.0
2025-07-24,3,25.0,94.8,0.0,0.0,10.0
2025-07-24,6,24.8,94.8,0.0,0.0,5.0
2025-07-24,9,25.8,92.0,0.0,0.0,10.0
2025-07-24,12,28.0,84.8,0.0,0.0,10.0
2025-07-24,15,31.5,61.5,0.0,0.0,20.0
2025-07-24,18,31.6,63.0,2.0,320.0,20.0
2025-07-24,21,27.4,84.2,0.0,0.0,10.0
2025-07-25,0,25.0,93.6,0.0,0.0,10.0
2025-07-25,3,23.8,94.7,0.0,0.0,10.0
2025-07-25,6,23.8,98.2,0.0,0.0,0.3
2025-07-25,9,24.4,96.5,0.0,0.0,0.7
2025-07-25,12,29.0,81.9,0.0,0.0,5.0
2025-07-25,15,32.2,68.2,0.0,0.0,10.0
2025-07-25,18,33.2,53.6,0.0,0.0,20.0
2025-07-25,21,28.6,81.9,0.0,0.0,20.0
2025-07-26,0,26.4,88.8,0.0,0.0,20.0
2025-07-26,3,24.8,93.1,0.0,0.0,10.0
2025-07-26,6,23.6,94.7,0.0,0.0,10.0
2025-07-26,9,27.4,82.7,0.0,0.0,10.0
2025-07-26,12,31.0,75.7,0.0,0.0,10.0
2025-07-26,15,33.4,61.9,0.0,0.0,10.0
2025-07-26,18,33.4,59.0,0.0,0.0,10.0
2025-07-26,21,27.6,84.3,0.0,0.0,10.0
2025-07-27,0,26.0,85.1,0.0,0.0,10.0
2025-07-27,3,25.2,91.4,0.0,0.0,10.0
2025-07-27,6,23.8,94.7,0.0,0.0,10.0
2025-07-27,9,27.5,82.2,0.0,0.0,3.0
2025-07-27,12,31.5,75.3,2.0,320.0,5.0
2025-07-27,15,33.6,59.1,1.0,320.0,10.0
2025-07-27,18,33.8,54.4,0.0,0.0,10.0
2025-07-27,21,28.2,67.9,0.0,0.0,20.0
2025-07-28,0,25.7,88.2,0.0,0.0,20.0
2025-07-28,3,23.4,88.0,0.0,0.0,20.0
2025-07-28,6,22.0,92.3,0.0,0.0,20.0
2025-07-28,9,26.0,77.7,0.0,0.0,20.0
2025-07-28,12,31.0,64.4,0.0,0.0,20.0
2025-07-28,15,32.4,65.5,0.0,0.0,20.0
2025-07-28,18,34.0,57.4,0.0,0.0,20.0
2025-07-28,21,28.2,83.3,2.0,320.0,20.0
2025-07-29,0,25.8,92.0,0.0,0.0,20.0
2025-07-29,3,24.2,96.5,0.0,0.0,10.0
2025-07-29,6,24.6,96.5,0.0,0.0,0.3
2025-07-29,9,25.1,96.5,0.0,0.0,3.0
2025-07-29,12,31.3,70.5,0.0,0.0,10.0
2025-07-29,15,34.2,57.5,0.0,0.0,20.0
2025-07-29,18,34.6,60.0,0.0,0.0,20.0
2025-07-29,21,28.8,76.3,0.0,0.0,20.0
2025-07-30,0,26.6,85.7,0.0,0.0,10.0
2025-07-30,3,25.4,89.8,0.0,0.0,10.0
2025-07-30,6,24.8,93.1,0.0,0.0,10.0
2025-07-30,9,27.2,88.9,0.0,0.0,10.0
2025-07-30,12,29.0,76.3,0.0,0.0,10.0
2025-07-30,15,30.0,78.3,0.0,0.0,10.0
2025-07-30,18,29.2,83.4,0.0,0.0,10.0
2025-07-30,21,27.6,91.0,0.0,0.0,20.0
2025-07-31,0,26.4,91.5,0.0,0.0,20.0
2025-07-31,3,26.0,95.4,0.0,0.0,10.0
2025-07-31,6,25.6,96.5,0.0,0.0,10.0
2025-07-31,9,28.0,86.3,0.0,0.0,10.0
2025-07-31,12,30.6,75.6,0.0,0.0,10.0
2025-07-31,15,31.8,74.9,0.0,0.0,10.0
2025-07-31,18,29.6,79.6,0.0,0.0,10.0
2025-07-31,21,28.3,88.4,0.0,0.0,10.0
