day,h,t,rh,ws,wd,vis
2021-03-01,0,5.2,62.4,1.0,320.0,10.0
2021-03-01,3,5.1,84.5,0.0,0.0,4.5
2021-03-01,6,4.7,90.0,5.0,90.0,4.5
2021-03-01,9,4.7,93.9,2.0,360.0,4.5
2021-03-01,12,5.5,93.9,2.0,230.0,4.5
2021-03-01,15,5.5,88.8,6.0,50.0,4.5
2021-03-01,18,3.3,86.7,3.0,50.0,4.5
2021-03-01,21,2.3,87.2,1.0,140.0,4.5
2021-03-02,0,2.1,75.9,0.0,0.0,10.0
2021-03-02,3,1.6,75.8,0.0,0.0,10.0
2021-03-02,6,0.9,73.5,0.0,0.0,10.0
2021-03-02,9,1.9,72.6,2.0,320.0,12.0
2021-03-02,12,5.3,59.7,1.0,320.0,12.0
2021-03-02,15,7.5,44.5,4.0,320.0,15.0
2021-03-02,18,5.5,51.1,2.0,90.0,12.0
2021-03-02,21,1.9,54.1,1.0,360.0,10.0
2021-03-03,0,0.4,65.0,0.0,0.0,10.0
2021-03-03,3,-0.5,64.3,1.0,50.0,10.0
2021-03-03,6,-1.4,74.2,0.0,0.0,10.0
2021-03-03,9,1.0,79.2,2.0,90.0,15.0
2021-03-03,12,4.9,64.6,3.0,140.0,15.0
2021-03-03,15,5.1,62.8,3.0,140.0,15.0
2021-03-03,18,4.6,62.7,2.0,50.0,12.0
2021-03-03,21,2.7,63.2,2.0,140.0,10.0
2021-03-04,0,2.3,61.2,3.0,140.0,10.0
2021-03-04,3,2.2,60.2,3.0,140.0,10.0
2021-03-04,6,3.7,61.5,3.0,140.0,10.0
2021-03-04,9,4.9,64.6,1.0,90.0,10.0
2021-03-04,12,7.1,61.5,1.0,140.0,15.0
2021-03-04,15,8.8,58.4,1.0,140.0,12.0
2021-03-04,18,8.6,55.5,1.0,140.0,12.0
2021-03-04,21,5.9,64.9,1.0,90.0,10.0
2021-03-05,0,4.1,73.5,1.0,90.0,10.0
2021-03-05,3,3.3,77.8,0.0,0.0,10.0
2021-03-05,6,2.9,78.3,0.0,0.0,10.0
2021-03-05,9,5.9,82.8,0.0,0.0,10.0
2021-03-05,12,9.9,65.8,0.0,0.0,10.0
2021-03-05,15,14.7,57.5,2.0,270.0,15.0
2021-03-05,18,10.9,73.7,2.0,320.0,10.0
2021-03-05,21,7.4,79.5,0.0,0.0,10.0
2021-03-06,0,6.4,83.4,2.0,140.0,10.0
2021-03-06,3,5.1,55.8,2.0,140.0,10.0
2021-03-06,6,2.5,83.5,2.0,140.0,10.0
2021-03-06,9,2.5,83.5,1.0,270.0,10.0
2021-03-06,12,8.3,62.2,2.0,50.0,10.0
2021-03-06,15,10.2,59.6,2.0,140.0,10.0
2021-03-06,18,8.0,52.2,4.0,140.0,10.0
2021-03-06,21,4.3,62.6,3.0,140.0,10.0
2021-03-07,0,2.5,71.1,1.0,90.0,10.0
2021-03-07,3,1.8,79.3,0.0,0.0,10.0
2021-03-07,6,0.9,82.7,0.0,0.0,10.0
2021-03-07,9,2.4,85.4,1.0,230.0,10.0
2021-03-07,12,7.4,57.2,2.0,140.0,10.0
2021-03-07,15,9.4,51.8,4.0,230.0,10.0
2021-03-07,18,8.8,60.1,5.0,320.0,15.0
2021-03-07,21,5.7,66.7,0.0,0.0,10.0
2021-03-08,0,2.0,79.3,0.0,0.0,10.0
2021-03-08,3,1.0,85.2,0.0,0.0,10.0
2021-03-08,6,-0.2,86.3,1.0,90.0,10.0
2021-03-08,9,3.2,75.5,0.0,0.0,10.0
2021-03-08,12,5.7,51.2,2.0,230.0,10.0
2021-03-08,15,9.7,35.0,2.0,180.0,15.0
2021-03-08,18,9.4,44.1,2.0,270.0,10.0
2021-03-08,21,4.9,55.3,0.0,0.0,10.0
2021-03-09,0,3.3,64.7,0.0,0.0,10.0
2021-03-09,3,2.0,69.4,0.0,0.0,75.0
2021-03-09,6,1.8,70.4,1.0,140.0,10.0
2021-03-09,9,4.3,70.9,0.0,0.0,4.5
2021-03-09,12,9.7,44.2,2.0,270.0,10.0
2021-03-09,15,10.1,45.3,2.0,230.0,10.0
2021-03-09,18,9.5,53.8,4.0,270.0,10.0
2021-03-09,21,5.9,63.5,3.0,320.0,10.0
2021-03-10,0,4.2,64.5,0.0,0.0,10.0
2021-03-10,3,3.3,71.3,1.0,90.0,10.0
2021-03-10,6,2.2,79.3,0.0,0.0,10.0
2021-03-10,9,4.5,78.5,0.0,0.0,4.5
2021-03-10,12,9.7,62.5,2.0,230.0,4.5
2021-03-10,15,11.8,57.1,2.0,230.0,4.5
2021-03-10,18,10.3,50.9,1.0,230.0,4.5
2021-03-10,21,6.8,67.9,0.0,0.0,4.5
2021-03-11,0,5.8,73.8,0.0,0.0,4.5
2021-03-11,3,2.9,73.3,1.0,140.0,4.5
2021-03-11,6,3.1,83.6,1.0,90.0,4.5
2021-03-11,9,5.5,86.3,0.0,0.0,4.5
2021-03-11,12,9.7,69.0,1.0,180.0,3.5
2021-03-11,15,12.3,49.7,2.0,180.0,4.5
2021-03-11,18,11.1,55.4,2.0,320.0,4.5
2021-03-11,21,9.3,67.5,1.0,360.0,4.5
2021-03-12,0,8.1,72.2,0.0,0.0,4.5
2021-03-12,3,7.1,57.6,0.0,0.0,4.5
2021-03-12,6,8.3,71.2,0.0,0.0,4.5
2021-03-12,9,9.7,64.8,3.0,270.0,4.5
2021-03-12,12,13.6,49.4,1.0,90.0,4.5
2021-03-12,15,15.1,47.1,3.0,50.0,10.0
2021-03-12,18,14.2,45.2,4.0,50.0,10.0
2021-03-12,21,12.0,51.4,4.0,90.0,10.0
2021-03-13,0,9.9,53.5,2.0,140.0,10.0
2021-03-13,3,7.9,63.9,0.0,0.0,10.0
2021-03-13,6,7.3,68.5,1.0,180.0,10.0
2021-03-13,9,7.5,54.0,0.0,0.0,4.5
2021-03-13,12,10.8,66.4,0.0,0.0,4.5
2021-03-13,15,12.3,62.7,3.0,230.0,10.0
2021-03-13,18,9.9,79.4,3.0,360.0,10.0
2021-03-13,21,7.5,84.1,1.0,360.0,10.0
2021-03-14,0,6.1,88.2,1.0,90.0,10.0
2021-03-14,3,4.3,90.6,2.0,320.0,10.0
2021-03-14,6,3.9,93.2,1.0,360.0,4.5
2021-03-14,9,6.2,89.5,0.0,0.0,3.5
2021-03-14,12,10.8,72.7,1.0,230.0,3.5
2021-03-14,15,12.1,65.8,3.0,140.0,3.5
2021-03-14,18,8.8,79.2,3.0,90.0,3.5
2021-03-14,21,7.7,83.0,0.0,0.0,4.5
2021-03-15,0,5.8,93.3,0.0,0.0,4.5
2021-03-15,3,4.4,93.2,0.0,0.0,0.1
2021-03-15,6,3.7,96.5,0.0,0.0,0.1
2021-03-15,9,4.7,97.2,2.0,140.0,0.8
2021-03-15,12,7.9,90.2,3.0,140.0,3.5
2021-03-15,15,9.7,75.6,1.0,140.0,4.5
2021-03-15,18,9.0,76.0,1.0,90.0,3.5
2021-03-15,21,8.9,74.4,1.0,320.0,4.5
2021-03-16,0,8.3,93.4,1.0,320.0,4.5
2021-03-16,3,7.9,35.6,3.0,50.0,10.0
2021-03-16,6,5.6,37.4,5.0,360.0,10.0
2021-03-16,9,5.6,37.4,5.0,360.0,5.0
2021-03-16,12,8.1,33.3,4.0,360.0,5.0
2021-03-16,15,10.9,31.4,3.0,360.0,15.0
2021-03-16,18,7.5,34.6,4.0,360.0,12.0
2021-03-16,21,5.3,33.7,2.0,180.0,10.0
2021-03-17,0,4.2,36.4,2.0,90.0,10.0
2021-03-17,3,4.3,36.1,1.0,140.0,10.0
2021-03-17,6,2.9,45.2,1.0,50.0,10.0
2021-03-17,9,6.1,50.9,0.0,0.0,12.0
2021-03-17,12,9.8,35.6,0.0,0.0,15.0
2021-03-17,15,12.3,37.7,3.0,140.0,15.0
2021-03-17,18,11.9,42.3,1.0,180.0,12.0
2021-03-17,21,8.3,51.1,1.0,180.0,10.0
2021-03-18,0,6.6,61.8,1.0,140.0,10.0
2021-03-18,3,5.2,71.1,1.0,50.0,10.0
2021-03-18,6,4.5,56.9,0.0,0.0,10.0
2021-03-18,9,7.9,50.6,0.0,0.0,10.0
2021-03-18,12,11.7,46.4,1.0,180.0,12.0
2021-03-18,15,14.4,43.3,1.0,230.0,12.0
2021-03-18,18,12.5,61.9,0.0,0.0,10.0
2021-03-18,21,11.1,50.1,0.0,0.0,10.0
2021-03-19,0,11.0,52.6,0.0,0.0,10.0
2021-03-19,3,9.3,59.8,1.0,360.0,10.0
2021-03-19,6,7.9,66.7,0.0,0.0,10.0
2021-03-19,9,11.1,67.9,2.0,140.0,10.0
2021-03-19,12,13.6,59.2,4.0,180.0,10.0
2021-03-19,15,14.7,53.6,3.0,180.0,12.0
2021-03-19,18,13.8,51.2,1.0,180.0,12.0
2021-03-19,21,12.3,51.1,0.0,0.0,10.0
2021-03-20,0,10.9,66.9,1.0,140.0,10.0
2021-03-20,3,9.8,75.1,2.0,140.0,10.0
2021-03-20,6,9.3,76.0,0.0,0.0,6.0
2021-03-20,9,8.1,75.8,0.0,0.0,4.6
2021-03-20,12,7.5,89.0,2.0,270.0,4.5
2021-03-20,15,10.4,73.6,3.0,270.0,12.0
2021-03-20,18,6.5,87.0,4.0,320.0,12.0
2021-03-20,21,5.1,87.5,3.0,320.0,3.5
2021-03-21,0,4.4,83.8,2.0,320.0,3.5
2021-03-21,3,4.7,84.4,3.0,360.0,4.5
2021-03-21,6,3.7,90.6,1.0,320.0,4.5
2021-03-21,9,4.6,88.7,4.0,320.0,3.5
2021-03-21,12,7.0,48.9,5.0,320.0,15.0
2021-03-21,15,7.3,46.9,10.0,320.0,15.0
2021-03-21,18,4.9,53.3,7.0,360.0,12.0
2021-03-21,21,3.5,54.9,5.0,360.0,10.0
2021-03-22,0,2.2,64.5,3.0,320.0,10.0
2021-03-22,3,2.2,65.4,1.0,320.0,10.0
2021-03-22,6,1.1,69.8,2.0,320.0,10.0
2021-03-22,9,5.1,66.1,2.0,320.0,15.0
2021-03-22,12,9.9,43.6,2.0,230.0,15.0
2021-03-22,15,11.9,36.0,4.0,320.0,15.0
2021-03-22,18,10.3,36.8,3.0,320.0,15.0
2021-03-22,21,6.3,47.3,2.0,320.0,10.0
2021-03-23,0,5.9,46.5,1.0,360.0,10.0
2021-03-23,3,3.3,54.5,0.0,0.0,10.0
2021-03-23,6,4.5,82.0,2.0,140.0,4.5
2021-03-23,9,5.9,95.9,1.0,140.0,3.5
2021-03-23,12,11.4,84.0,3.0,140.0,4.5
2021-03-23,15,13.5,76.2,3.0,230.0,4.5
2021-03-23,18,11.1,67.9,4.0,230.0,10.0
2021-03-23,21,7.8,78.5,1.0,180.0,10.0
2021-03-24,0,6.9,83.5,2.0,90.0,10.0
2021-03-24,3,7.3,87.7,2.0,140.0,10.0
2021-03-24,6,6.9,89.5,2.0,140.0,10.0
2021-03-24,9,7.2,88.3,2.0,140.0,4.5
2021-03-24,12,8.8,86.7,3.0,140.0,10.0
2021-03-24,15,9.7,85.6,4.0,90.0,10.0
2021-03-24,18,9.1,83.8,1.0,140.0,15.0
2021-03-24,21,8.6,86.0,1.0,90.0,10.0
2021-03-25,0,8.1,87.2,1.0,140.0,10.0
2021-03-25,3,7.5,89.6,0.0,0.0,10.0
2021-03-25,6,6.9,92.7,1.0,140.0,10.0
2021-03-25,9,8.1,91.5,2.0,180.0,4.5
2021-03-25,12,11.0,81.7,2.0,180.0,4.5
2021-03-25,15,11.8,78.0,2.0,180.0,10.0
2021-03-25,18,9.5,87.3,2.0,140.0,4.5
2021-03-25,21,7.0,94.0,0.0,0.0,3.5
2021-03-26,0,6.2,94.6,0.0,0.0,0.2
2021-03-26,3,5.3,95.2,0.0,0.0,0.2
2021-03-26,6,3.9,93.2,2.0,180.0,3.5
2021-03-26,9,4.7,90.0,0.0,0.0,3.5
2021-03-26,12,8.8,74.4,0.0,0.0,10.0
2021-03-26,15,12.9,69.2,3.0,230.0,10.0
2021-03-26,18,12.4,62.3,0.0,0.0,4.5
2021-03-26,21,9.5,64.7,0.0,0.0,10.0
2021-03-27,0,9.1,69.4,0.0,0.0,10.0
2021-03-27,3,8.8,68.8,1.0,270.0,10.0
2021-03-27,6,10.1,55.9,2.0,90.0,10.0
2021-03-27,9,10.7,69.7,2.0,50.0,4.9
2021-03-27,12,10.3,71.1,2.0,50.0,4.9
2021-03-27,15,8.9,95.4,6.0,90.0,4.5
2021-03-27,18,11.3,94.2,5.0,140.0,4.5
2021-03-27,21,10.9,93.5,5.0,230.0,4.5
2021-03-28,0,11.7,93.6,4.0,140.0,4.5
2021-03-28,3,9.1,96.7,2.0,140.0,4.5
2021-03-28,6,9.9,94.8,3.0,320.0,4.5
2021-03-28,9,8.9,97.3,6.0,360.0,10.0
2021-03-28,12,10.4,93.5,5.0,270.0,15.0
2021-03-28,15,10.7,96.1,5.0,230.0,10.0
2021-03-28,18,8.6,92.8,2.0,270.0,4.5
2021-03-28,21,6.9,81.2,3.0,180.0,0.3
2021-03-29,0,7.4,97.3,0.0,0.0,3.5
2021-03-29,3,7.9,96.0,1.0,320.0,4.5
2021-03-29,6,6.7,92.7,4.0,320.0,4.5
2021-03-29,9,8.8,89.1,0.0,0.0,4.5
2021-03-29,12,12.8,48.8,1.0,320.0,4.5
2021-03-29,15,14.0,40.8,5.0,320.0,10.0
2021-03-29,18,12.5,40.1,5.0,320.0,10.0
2021-03-29,21,8.3,40.3,2.0,320.0,10.0
2021-03-30,0,6.1,40.3,1.0,360.0,10.0
2021-03-30,3,4.7,54.0,1.0,90.0,10.0
2021-03-30,6,4.1,57.2,1.0,90.0,10.0
2021-03-30,9,8.3,49.3,0.0,0.0,10.0
2021-03-30,12,14.1,47.8,1.0,140.0,15.0
2021-03-30,15,14.4,49.9,4.0,140.0,15.0
2021-03-30,18,15.9,41.7,3.0,320.0,15.0
2021-03-30,21,11.3,38.0,3.0,320.0,10.0
2021-03-31,0,9.3,45.4,0.0,0.0,10.0
2021-03-31,3,7.9,47.7,0.0,0.0,10.0
2021-03-31,6,5.9,58.1,1.0,90.0,10.0
2021-03-31,9,11.1,53.0,0.0,0.0,4.6
2021-03-31,12,15.1,40.8,0.0,0.0,10.0
2021-03-31,15,20.0,36.0,3.0,230.0,12.0
2021-03-31,18,18.0,35.4,1.0,140.0,12.0
2021-03-31,21,15.0,50.4,0.0,0.0,10.0
2021-04-01,0,15.3,42.7,1.0,360.0,10.0
2021-04-01,3,13.4,39.8,1.0,270.0,10.0
2021-04-01,6,11.3,47.0,1.0,270.0,10.0
2021-04-01,9,17.7,35.6,4.0,90.0,12.0
2021-04-01,12,20.0,33.8,5.0,140.0,12.0
2021-04-01,15,21.8,32.5,4.0,140.0,15.0
2021-04-01,18,21.4,33.3,3.0,140.0,12.0
2021-04-01,21,17.3,43.0,2.0,140.0,10.0
2021-04-02,0,16.4,38.7,5.0,90.0,10.0
2021-04-02,3,15.0,41.7,7.0,90.0,10.0
2021-04-02,6,14.3,41.2,4.0,90.0,10.0
2021-04-02,9,14.7,36.5,7.0,90.0,12.0
2021-04-02,12,18.6,35.1,3.0,90.0,15.0
2021-04-02,15,19.0,37.3,3.0,180.0,15.0
2021-04-02,18,18.2,42.0,0.0,0.0,10.0
2021-04-02,21,16.4,56.3,1.0,360.0,10.0
2021-04-03,0,15.1,61.2,1.0,270.0,10.0
2021-04-03,3,13.7,84.9,0.0,0.0,4.5
2021-04-03,6,13.9,77.3,1.0,230.0,10.0
2021-04-03,9,12.3,91.8,4.0,50.0,4.5
2021-04-03,12,12.2,93.6,0.0,0.0,4.5
2021-04-03,15,12.5,91.8,0.0,0.0,4.5
2021-04-03,18,13.0,90.6,1.0,360.0,4.9
2021-04-03,21,11.8,86.9,8.0,90.0,4.5
2021-04-04,0,10.9,79.5,7.0,90.0,10.0
2021-04-04,3,10.9,75.3,4.0,50.0,10.0
2021-04-04,6,10.9,68.8,3.0,320.0,10.0
2021-04-04,9,10.2,69.1,1.0,270.0,10.0
2021-04-04,12,13.0,62.9,2.0,180.0,15.0
2021-04-04,15,13.7,57.2,0.0,0.0,15.0
2021-04-04,18,12.9,53.1,5.0,50.0,15.0
2021-04-04,21,11.3,38.8,4.0,50.0,10.0
2021-04-05,0,12.2,36.6,5.0,50.0,10.0
2021-04-05,3,7.3,45.1,1.0,230.0,10.0
2021-04-05,6,6.1,52.0,0.0,0.0,10.0
2021-04-05,9,9.7,46.5,0.0,0.0,12.0
2021-04-05,12,13.7,51.2,1.0,180.0,15.0
2021-04-05,15,15.1,42.6,2.0,230.0,15.0
2021-04-05,18,13.9,44.1,4.0,230.0,15.0
2021-04-05,21,10.8,45.5,1.0,320.0,10.0
2021-04-06,0,10.1,45.3,1.0,320.0,10.0
2021-04-06,3,7.6,53.6,1.0,50.0,10.0
2021-04-06,6,8.1,51.1,0.0,0.0,10.0
2021-04-06,9,11.4,53.5,0.0,0.0,5.0
2021-04-06,12,17.6,44.3,4.0,270.0,4.5
2021-04-06,15,19.7,35.2,4.0,320.0,10.0
2021-04-06,18,18.1,34.7,3.0,320.0,10.0
2021-04-06,21,11.5,52.4,4.0,270.0,10.0
2021-04-07,0,11.3,43.4,3.0,320.0,10.0
2021-04-07,3,9.9,54.3,5.0,320.0,10.0
2021-04-07,6,9.3,51.4,2.0,360.0,10.0
2021-04-07,9,12.7,57.8,1.0,270.0,4.5
2021-04-07,12,18.3,37.6,2.0,230.0,10.0
2021-04-07,15,20.2,33.4,3.0,230.0,10.0
2021-04-07,18,17.4,35.8,4.0,320.0,10.0
2021-04-07,21,12.1,34.7,3.0,320.0,10.0
2021-04-08,0,11.5,35.3,2.0,360.0,10.0
2021-04-08,3,7.1,43.7,2.0,230.0,10.0
2021-04-08,6,8.9,40.5,1.0,50.0,10.0
2021-04-08,9,10.7,43.5,0.0,0.0,15.0
2021-04-08,12,15.4,34.4,2.0,50.0,15.0
2021-04-08,15,16.2,31.5,6.0,50.0,15.0
2021-04-08,18,15.4,34.4,4.0,320.0,15.0
2021-04-08,21,11.3,30.6,4.0,360.0,10.0
2021-04-09,0,7.5,36.6,1.0,360.0,10.0
2021-04-09,3,7.9,41.4,1.0,140.0,10.0
2021-04-09,6,9.9,34.6,1.0,320.0,10.0
2021-04-09,9,12.6,35.6,3.0,180.0,15.0
2021-04-09,12,14.9,37.7,2.0,140.0,15.0
2021-04-09,15,16.7,32.6,0.0,0.0,15.0
2021-04-09,18,15.5,34.2,2.0,180.0,12.0
2021-04-09,21,11.6,41.6,2.0,360.0,10.0
2021-04-10,0,10.3,50.2,2.0,360.0,10.0
2021-04-10,3,10.9,47.6,3.0,90.0,10.0
2021-04-10,6,9.4,66.1,1.0,90.0,10.0
2021-04-10,9,11.4,59.9,1.0,140.0,10.0
2021-04-10,12,13.1,64.2,4.0,230.0,10.0
2021-04-10,15,15.1,64.2,2.0,360.0,12.0
2021-04-10,18,14.5,54.0,3.0,270.0,12.0
2021-04-10,21,10.9,75.3,2.0,320.0,10.0
2021-04-11,0,9.4,79.8,0.0,0.0,10.0
2021-04-11,3,7.9,82.5,0.0,0.0,10.0
2021-04-11,6,7.9,82.5,0.0,0.0,10.0
2021-04-11,9,10.4,83.3,0.0,0.0,4.5
2021-04-11,12,15.1,66.9,2.0,180.0,10.0
2021-04-11,15,17.2,33.2,1.0,230.0,15.0
2021-04-11,18,16.7,33.1,1.0,180.0,12.0
2021-04-11,21,14.4,28.6,0.0,0.0,10.0
2021-04-12,0,13.3,41.8,0.0,0.0,10.0
2021-04-12,3,13.1,45.8,0.0,0.0,10.0
2021-04-12,6,12.5,59.4,0.0,0.0,10.0
2021-04-12,9,13.3,41.8,2.0,180.0,10.0
2021-04-12,12,16.1,47.0,5.0,90.0,10.0
2021-04-12,15,12.1,87.6,6.0,140.0,4.5
2021-04-12,18,10.9,91.1,7.0,90.0,4.5
2021-04-12,21,11.8,91.7,5.0,90.0,4.5
2021-04-13,0,11.8,88.7,1.0,90.0,4.5
2021-04-13,3,11.4,89.9,3.0,360.0,10.0
2021-04-13,6,9.7,83.3,6.0,320.0,10.0
2021-04-13,9,7.9,80.7,5.0,320.0,12.0
2021-04-13,12,9.2,63.8,5.0,270.0,15.0
2021-04-13,15,10.1,47.0,6.0,360.0,10.0
2021-04-13,18,8.5,46.9,6.0,320.0,15.0
2021-04-13,21,5.5,51.1,2.0,320.0,15.0
2021-04-14,0,3.7,62.9,2.0,320.0,10.0
2021-04-14,3,3.7,58.8,2.0,320.0,10.0
2021-04-14,6,2.9,62.3,0.0,0.0,10.0
2021-04-14,9,6.5,54.9,0.0,0.0,15.0
2021-04-14,12,12.1,37.7,3.0,270.0,15.0
2021-04-14,15,13.3,35.3,5.0,320.0,15.0
2021-04-14,18,12.8,39.9,4.0,320.0,15.0
2021-04-14,21,8.6,68.8,2.0,320.0,10.0
2021-04-15,0,7.7,63.9,1.0,360.0,10.0
2021-04-15,3,5.9,78.8,2.0,140.0,10.0
2021-04-15,6,5.9,87.0,3.0,140.0,4.5
2021-04-15,9,9.5,81.5,1.0,140.0,10.0
2021-04-15,12,11.9,79.7,3.0,140.0,12.0
2021-04-15,15,11.3,73.8,3.0,180.0,12.0
2021-04-15,18,11.7,65.2,2.0,140.0,12.0
2021-04-15,21,8.9,69.4,2.0,140.0,10.0
2021-04-16,0,7.9,67.7,1.0,90.0,10.0
2021-04-16,3,8.8,74.4,3.0,140.0,10.0
2021-04-16,6,9.7,80.4,0.0,0.0,4.3
2021-04-16,9,10.2,89.2,2.0,230.0,10.0
2021-04-16,12,14.5,65.4,5.0,270.0,12.0
2021-04-16,15,15.4,37.8,5.0,270.0,15.0
2021-04-16,18,13.9,36.6,5.0,320.0,12.0
2021-04-16,21,10.1,37.3,2.0,320.0,10.0
2021-04-17,0,8.0,53.0,2.0,360.0,10.0
2021-04-17,3,6.9,73.5,0.0,0.0,10.0
2021-04-17,6,7.9,66.7,1.0,50.0,10.0
2021-04-17,9,9.9,61.7,1.0,180.0,10.0
2021-04-17,12,13.0,57.4,3.0,230.0,10.0
2021-04-17,15,13.7,29.4,9.0,320.0,10.0
2021-04-17,18,11.3,37.4,5.0,320.0,15.0
2021-04-17,21,8.4,51.5,4.0,360.0,10.0
2021-04-18,0,6.3,74.5,3.0,320.0,10.0
2021-04-18,3,6.3,74.5,3.0,320.0,10.0
2021-04-18,6,6.5,72.4,3.0,320.0,10.0
2021-04-18,9,9.3,62.4,2.0,320.0,15.0
2021-04-18,12,13.8,44.4,3.0,320.0,15.0
2021-04-18,15,16.3,38.9,5.0,360.0,15.0
2021-04-18,18,16.1,33.9,6.0,320.0,15.0
2021-04-18,21,9.9,54.3,3.0,320.0,10.0
2021-04-19,0,8.4,54.6,2.0,320.0,10.0
2021-04-19,3,7.9,65.8,1.0,360.0,10.0
2021-04-19,6,6.3,73.4,0.0,0.0,10.0
2021-04-19,9,11.4,74.3,0.0,0.0,12.0
2021-04-19,12,13.9,68.0,1.0,140.0,12.0
2021-04-19,15,15.3,64.3,3.0,140.0,10.0
2021-04-19,18,14.2,76.3,4.0,50.0,10.0
2021-04-19,21,11.9,79.7,0.0,0.0,10.0
2021-04-20,0,9.4,91.0,1.0,140.0,10.0
2021-04-20,3,8.9,90.3,2.0,140.0,10.0
2021-04-20,6,8.9,92.2,1.0,140.0,4.5
2021-04-20,9,11.1,86.9,2.0,90.0,4.5
2021-04-20,12,14.3,75.3,3.0,140.0,10.0
2021-04-20,15,15.5,57.3,2.0,180.0,12.0
2021-04-20,18,15.7,58.9,1.0,140.0,10.0
2021-04-20,21,13.4,74.7,0.0,0.0,10.0
2021-04-21,0,12.1,76.0,0.0,0.0,10.0
2021-04-21,3,10.5,79.5,1.0,140.0,10.0
2021-04-21,6,9.5,85.0,0.0,0.0,10.0
2021-04-21,9,14.0,75.3,0.0,0.0,5.0
2021-04-21,12,20.4,58.5,1.0,140.0,10.0
2021-04-21,15,22.5,44.4,2.0,180.0,15.0
2021-04-21,18,22.0,44.3,2.0,180.0,13.0
2021-04-21,21,18.3,54.2,2.0,320.0,10.0
2021-04-22,0,16.9,53.8,1.0,50.0,10.0
2021-04-22,3,14.9,46.0,1.0,180.0,10.0
2021-04-22,6,15.5,45.9,1.0,230.0,12.0
2021-04-22,9,17.6,55.1,1.0,90.0,10.0
2021-04-22,12,21.7,40.5,1.0,140.0,15.0
2021-04-22,15,22.0,40.8,3.0,140.0,15.0
2021-04-22,18,20.8,42.2,1.0,90.0,15.0
2021-04-22,21,17.1,47.3,4.0,360.0,10.0
2021-04-23,0,20.3,41.5,2.0,90.0,4.5
2021-04-23,3,18.6,46.1,2.0,140.0,4.5
2021-04-23,6,17.3,45.1,5.0,50.0,10.0
2021-04-23,9,18.0,52.7,4.0,50.0,10.0
2021-04-23,12,19.6,47.0,3.0,50.0,10.0
2021-04-23,15,19.2,49.5,4.0,50.0,4.5
2021-04-23,18,16.9,55.7,5.0,50.0,4.5
2021-04-23,21,15.5,66.5,3.0,50.0,4.5
2021-04-24,0,15.9,61.8,6.0,50.0,10.0
2021-04-24,3,17.6,51.2,3.0,50.0,10.0
2021-04-24,6,14.7,64.6,1.0,360.0,15.0
2021-04-24,9,16.0,51.8,2.0,90.0,15.0
2021-04-24,12,17.3,59.7,4.0,50.0,4.5
2021-04-24,15,21.0,54.9,3.0,320.0,10.0
2021-04-24,18,20.7,47.3,1.0,360.0,15.0
2021-04-24,21,16.9,53.8,1.0,360.0,10.0
2021-04-25,0,13.7,67.5,2.0,360.0,10.0
2021-04-25,3,12.5,71.5,1.0,320.0,10.0
2021-04-25,6,14.1,69.0,4.0,360.0,10.0
2021-04-25,9,17.0,60.5,5.0,50.0,15.0
2021-04-25,12,18.9,50.8,6.0,50.0,15.0
2021-04-25,15,21.0,46.5,0.0,0.0,15.0
2021-04-25,18,20.2,47.8,3.0,270.0,10.0
2021-04-25,21,16.6,64.6,2.0,360.0,10.0
2021-04-26,0,14.6,69.5,1.0,320.0,10.0
2021-04-26,3,12.5,78.7,0.0,0.0,10.0
2021-04-26,6,13.7,69.4,2.0,90.0,10.0
2021-04-26,9,13.6,62.2,6.0,140.0,15.0
2021-04-26,12,16.3,75.2,5.0,180.0,15.0
2021-04-26,15,17.9,68.8,5.0,230.0,15.0
2021-04-26,18,15.6,72.6,2.0,230.0,12.0
2021-04-26,21,13.7,72.2,2.0,320.0,10.0
2021-04-27,0,12.8,71.1,0.0,0.0,10.0
2021-04-27,3,11.9,84.1,0.0,0.0,10.0
2021-04-27,6,11.9,87.0,0.0,0.0,10.0
2021-04-27,9,12.7,85.9,2.0,180.0,4.5
2021-04-27,12,13.4,81.5,2.0,230.0,10.0
2021-04-27,15,13.5,73.7,2.0,140.0,10.0
2021-04-27,18,12.4,91.8,1.0,180.0,4.5
2021-04-27,21,11.9,91.1,1.0,180.0,4.5
2021-04-28,0,11.9,91.1,3.0,320.0,4.5
2021-04-28,3,10.9,92.3,0.0,0.0,4.5
2021-04-28,6,9.7,92.8,0.0,0.0,10.0
2021-04-28,9,10.7,93.5,0.0,0.0,13.0
2021-04-28,12,15.1,79.1,1.0,180.0,6.0
2021-04-28,15,15.9,79.7,3.0,90.0,6.0
2021-04-28,18,17.4,56.2,3.0,140.0,10.0
2021-04-28,21,12.9,74.6,0.0,0.0,10.0
2021-04-29,0,11.5,82.3,0.0,0.0,10.0
2021-04-29,3,10.9,91.1,3.0,50.0,4.5
2021-04-29,6,11.9,63.1,0.0,0.0,10.0
2021-04-29,9,12.6,73.5,1.0,320.0,4.5
2021-04-29,12,15.2,53.8,2.0,230.0,12.0
2021-04-29,15,16.9,44.7,3.0,50.0,12.0
2021-04-29,18,16.3,45.5,3.0,180.0,12.0
2021-04-29,21,12.7,68.7,2.0,140.0,10.0
2021-04-30,0,11.1,87.5,2.0,140.0,4.5
2021-04-30,3,8.9,90.3,2.0,270.0,4.5
2021-04-30,6,9.1,98.7,0.0,0.0,4.5
2021-04-30,9,10.1,90.4,0.0,0.0,12.0
2021-04-30,12,12.2,85.8,1.0,230.0,12.0
2021-04-30,15,12.1,89.3,1.0,230.0,4.5
2021-04-30,18,11.2,81.2,3.0,360.0,15.0
2021-04-30,21,9.5,79.9,4.0,320.0,10.0
2021-05-01,0,9.1,78.7,0.0,0.0,10.0
2021-05-01,3,7.9,75.3,2.0,270.0,10.0
2021-05-01,6,7.5,70.6,0.0,0.0,10.0
2021-05-01,9,9.3,70.9,3.0,320.0,15.0
2021-05-01,12,12.2,59.7,2.0,360.0,15.0
2021-05-01,15,12.5,67.7,2.0,360.0,15.0
2021-05-01,18,11.3,62.9,5.0,320.0,15.0
2021-05-01,21,8.1,76.9,8.0,320.0,4.5
2021-05-02,0,8.2,79.1,2.0,180.0,4.5
2021-05-02,3,8.3,77.5,2.0,320.0,10.0
2021-05-02,6,7.9,78.0,1.0,320.0,12.0
2021-05-02,9,13.3,64.7,0.0,0.0,10.0
2021-05-02,12,16.5,46.5,1.0,140.0,15.0
2021-05-02,15,19.4,45.7,2.0,230.0,15.0
2021-05-02,18,18.4,43.6,2.0,320.0,15.0
2021-05-02,21,13.3,50.3,1.0,320.0,10.0
2021-05-03,0,11.4,55.0,2.0,320.0,10.0
2021-05-03,3,8.3,64.9,0.0,0.0,10.0
2021-05-03,6,7.6,70.1,0.0,0.0,12.0
2021-05-03,9,13.0,66.9,0.0,0.0,10.0
2021-05-03,12,14.6,62.4,2.0,140.0,15.0
2021-05-03,15,15.1,58.4,3.0,140.0,15.0
2021-05-03,18,14.1,48.5,2.0,140.0,15.0
2021-05-03,21,12.0,62.2,1.0,90.0,10.0
2021-05-04,0,10.6,69.7,2.0,90.0,10.0
2021-05-04,3,11.4,70.3,3.0,90.0,10.0
2021-05-04,6,11.9,72.4,2.0,90.0,4.5
2021-05-04,9,11.0,88.1,1.0,140.0,4.5
2021-05-04,12,11.0,89.8,1.0,140.0,4.5
2021-05-04,15,12.5,93.0,1.0,90.0,4.5
2021-05-04,18,13.1,90.6,1.0,90.0,4.5
2021-05-04,21,12.9,96.1,0.0,0.0,4.5
2021-05-05,0,11.1,92.3,2.0,320.0,10.0
2021-05-05,3,9.1,93.4,4.0,270.0,10.0
2021-05-05,6,9.3,87.9,1.0,320.0,10.0
2021-05-05,9,11.5,86.3,2.0,320.0,12.0
2021-05-05,12,16.4,38.1,6.0,270.0,15.0
2021-05-05,15,18.5,35.6,5.0,270.0,15.0
2021-05-05,18,17.6,32.4,4.0,320.0,10.0
2021-05-05,21,12.5,51.2,0.0,0.0,10.0
2021-05-06,0,11.9,58.8,0.0,0.0,10.0
2021-05-06,3,10.0,66.7,0.0,0.0,10.0
2021-05-06,6,11.0,71.7,4.0,140.0,10.0
2021-05-06,9,13.3,64.3,3.0,90.0,12.0
2021-05-06,12,15.7,65.7,4.0,140.0,12.0
2021-05-06,15,16.0,68.4,4.0,140.0,12.0
2021-05-06,18,14.9,70.1,3.0,140.0,12.0
2021-05-06,21,13.7,70.8,2.0,50.0,10.0
2021-05-07,0,13.3,68.8,1.0,90.0,10.0
2021-05-07,3,14.2,69.0,1.0,90.0,10.0
2021-05-07,6,13.5,79.4,6.0,140.0,10.0
2021-05-07,9,13.9,87.1,1.0,270.0,4.5
2021-05-07,12,16.1,48.0,9.0,320.0,2.0
2021-05-07,15,16.9,42.5,9.0,320.0,2.0
2021-05-07,18,15.5,41.0,7.0,320.0,2.0
2021-05-07,21,12.5,67.7,4.0,320.0,3.5
2021-05-08,0,12.3,63.1,2.0,270.0,10.0
2021-05-08,3,9.8,83.3,0.0,0.0,10.0
2021-05-08,6,10.0,78.8,1.0,90.0,10.0
2021-05-08,9,13.3,82.0,3.0,90.0,4.5
2021-05-08,12,16.5,62.8,4.0,180.0,10.0
2021-05-08,15,15.9,69.3,5.0,230.0,10.0
2021-05-08,18,16.1,68.9,4.0,320.0,10.0
2021-05-08,21,14.8,42.8,1.0,140.0,10.0
2021-05-09,0,14.2,43.3,1.0,320.0,10.0
2021-05-09,3,9.5,66.6,1.0,320.0,10.0
2021-05-09,6,10.5,68.7,1.0,270.0,12.0
2021-05-09,9,15.3,47.8,5.0,270.0,15.0
2021-05-09,12,20.4,39.3,5.0,270.0,15.0
2021-05-09,15,22.0,34.2,8.0,320.0,15.0
2021-05-09,18,20.6,33.0,6.0,320.0,15.0
2021-05-09,21,15.7,37.1,0.0,0.0,10.0
2021-05-10,0,14.7,40.1,1.0,320.0,10.0
2021-05-10,3,12.4,56.1,0.0,0.0,10.0
2021-05-10,6,13.9,53.4,0.0,0.0,10.0
2021-05-10,9,12.9,71.1,0.0,0.0,10.0
2021-05-10,12,15.0,67.8,1.0,180.0,10.0
2021-05-10,15,14.7,74.9,2.0,180.0,10.0
2021-05-10,18,14.9,75.9,1.0,140.0,10.0
2021-05-10,21,13.1,78.2,0.0,0.0,10.0
2021-05-11,0,11.8,79.6,0.0,0.0,10.0
2021-05-11,3,14.8,70.5,3.0,50.0,10.0
2021-05-11,6,14.5,66.8,2.0,90.0,10.0
2021-05-11,9,16.9,69.1,0.0,0.0,15.0
2021-05-11,12,23.6,41.3,4.0,90.0,15.0
2021-05-11,15,25.2,38.3,6.0,230.0,15.0
2021-05-11,18,21.9,40.0,2.0,140.0,15.0
2021-05-11,21,20.4,44.1,3.0,90.0,10.0
2021-05-12,0,16.9,65.1,2.0,90.0,10.0
2021-05-12,3,17.6,55.1,6.0,90.0,10.0
2021-05-12,6,18.0,44.7,5.0,90.0,10.0
2021-05-12,9,16.7,44.6,1.0,90.0,10.0
2021-05-12,12,21.8,37.8,4.0,90.0,10.0
2021-05-12,15,23.5,42.4,2.0,180.0,15.0
2021-05-12,18,24.1,43.1,1.0,230.0,15.0
2021-05-12,21,19.7,53.5,2.0,270.0,10.0
2021-05-13,0,18.9,65.5,0.0,0.0,10.0
2021-05-13,3,16.6,76.2,0.0,0.0,10.0
2021-05-13,6,16.9,74.8,0.0,0.0,10.0
2021-05-13,9,19.5,68.3,0.0,0.0,10.0
2021-05-13,12,24.2,58.7,1.0,230.0,10.0
2021-05-13,15,27.0,52.6,4.0,230.0,15.0
2021-05-13,18,24.8,66.3,3.0,230.0,10.0
2021-05-13,21,22.2,76.6,0.0,0.0,10.0
2021-05-14,0,19.0,84.3,1.0,320.0,10.0
2021-05-14,3,18.0,84.2,0.0,0.0,10.0
2021-05-14,6,17.0,90.9,0.0,0.0,10.0
2021-05-14,9,20.2,87.7,0.0,0.0,10.0
2021-05-14,12,25.6,73.0,0.0,0.0,10.0
2021-05-14,15,26.6,59.6,1.0,180.0,12.0
2021-05-14,18,24.8,58.8,2.0,230.0,10.0
2021-05-14,21,22.6,75.3,0.0,0.0,10.0
2021-05-15,0,21.3,78.4,0.0,0.0,10.0
2021-05-15,3,19.9,86.6,0.0,0.0,10.0
2021-05-15,6,19.8,85.5,0.0,0.0,10.0
2021-05-15,9,19.0,89.3,1.0,90.0,10.0
2021-05-15,12,22.0,71.4,2.0,180.0,10.0
2021-05-15,15,20.0,89.4,3.0,140.0,4.5
2021-05-15,18,20.2,89.4,2.0,140.0,4.5
2021-05-15,21,20.4,87.7,1.0,50.0,4.5
2021-05-16,0,20.5,87.8,2.0,50.0,4.5
2021-05-16,3,20.5,91.7,2.0,90.0,4.5
2021-05-16,6,19.8,92.2,0.0,0.0,4.5
2021-05-16,9,20.6,91.7,1.0,90.0,4.5
2021-05-16,12,19.6,88.2,4.0,140.0,4.5
2021-05-16,15,18.8,88.7,1.0,90.0,4.5
2021-05-16,18,17.4,90.9,3.0,90.0,4.5
2021-05-16,21,16.2,89.7,0.0,0.0,4.5
2021-05-17,0,15.8,90.2,1.0,230.0,4.5
2021-05-17,3,15.1,83.9,0.0,0.0,10.0
2021-05-17,6,14.6,90.7,0.0,0.0,10.0
2021-05-17,9,14.8,87.8,0.0,0.0,10.0
2021-05-17,12,16.5,84.1,0.0,0.0,10.0
2021-05-17,15,19.1,70.9,0.0,0.0,10.0
2021-05-17,18,20.0,64.5,1.0,320.0,10.0
2021-05-17,21,17.7,75.4,0.0,0.0,10.0
2021-05-18,0,16.6,75.7,0.0,0.0,10.0
2021-05-18,3,14.7,76.9,0.0,0.0,10.0
2021-05-18,6,13.1,89.4,0.0,0.0,10.0
2021-05-18,9,17.8,90.9,1.0,230.0,10.0
2021-05-18,12,19.2,82.8,1.0,180.0,12.0
2021-05-18,15,21.1,70.8,2.0,230.0,12.0
2021-05-18,18,21.0,60.6,2.0,230.0,12.0
2021-05-18,21,17.3,75.8,1.0,180.0,10.0
2021-05-19,0,15.3,77.5,0.0,0.0,10.0
2021-05-19,3,13.8,84.9,0.0,0.0,10.0
2021-05-19,6,12.4,88.2,0.0,0.0,3.5
2021-05-19,9,15.9,80.8,2.0,180.0,3.5
2021-05-19,12,18.9,79.6,1.0,140.0,3.5
2021-05-19,15,21.6,66.9,0.0,0.0,10.0
2021-05-19,18,21.7,56.9,1.0,140.0,10.0
2021-05-19,21,18.2,69.3,1.0,180.0,10.0
2021-05-20,0,17.8,69.7,0.0,0.0,10.0
2021-05-20,3,15.4,63.4,0.0,0.0,10.0
2021-05-20,6,16.9,68.2,0.0,0.0,10.0
2021-05-20,9,17.3,72.9,0.0,0.0,10.0
2021-05-20,12,21.2,47.2,5.0,50.0,15.0
2021-05-20,15,21.3,45.6,5.0,140.0,6.0
2021-05-20,18,19.0,55.5,4.0,50.0,6.0
2021-05-20,21,15.9,79.2,6.0,50.0,4.5
2021-05-21,0,15.5,75.5,6.0,90.0,4.5
2021-05-21,3,15.1,83.9,2.0,320.0,10.0
2021-05-21,6,14.7,87.8,0.0,0.0,4.5
2021-05-21,9,14.4,87.8,4.0,320.0,4.5
2021-05-21,12,16.7,74.7,2.0,320.0,4.5
2021-05-21,15,19.2,63.9,1.0,50.0,15.0
2021-05-21,18,20.5,57.0,1.0,50.0,15.0
2021-05-21,21,17.6,75.9,1.0,270.0,10.0
2021-05-22,0,15.2,80.7,0.0,0.0,10.0
2021-05-22,3,13.7,81.5,0.0,0.0,10.0
2021-05-22,6,15.4,76.5,0.0,0.0,10.0
2021-05-22,9,18.5,76.0,1.0,360.0,4.5
2021-05-22,12,22.7,61.4,2.0,320.0,10.0
2021-05-22,15,25.0,52.1,2.0,230.0,15.0
2021-05-22,18,23.0,55.1,1.0,230.0,10.0
2021-05-22,21,19.0,69.0,2.0,270.0,10.0
2021-05-23,0,16.4,77.2,0.0,0.0,10.0
2021-05-23,3,15.8,71.7,0.0,0.0,10.0
2021-05-23,6,14.5,85.5,0.0,0.0,10.0
2021-05-23,9,16.9,86.9,3.0,90.0,4.7
2021-05-23,12,18.5,86.5,1.0,140.0,10.0
2021-05-23,15,19.7,62.7,0.0,0.0,15.0
2021-05-23,18,18.9,71.3,0.0,0.0,13.0
2021-05-23,21,18.6,72.2,0.0,0.0,10.0
2021-05-24,0,16.1,88.5,0.0,0.0,10.0
2021-05-24,3,15.8,87.9,2.0,320.0,4.5
2021-05-24,6,15.0,83.9,0.0,0.0,10.0
2021-05-24,9,18.2,70.7,1.0,230.0,10.0
2021-05-24,12,22.2,48.4,4.0,270.0,3.5
2021-05-24,15,23.0,39.2,6.0,270.0,3.5
2021-05-24,18,22.2,40.1,5.0,270.0,10.0
2021-05-24,21,16.9,56.1,2.0,320.0,10.0
2021-05-25,0,15.5,63.5,1.0,320.0,10.0
2021-05-25,3,14.4,73.9,2.0,360.0,10.0
2021-05-25,6,12.9,84.8,0.0,0.0,4.0
2021-05-25,9,13.5,73.2,0.0,0.0,10.0
2021-05-25,12,16.8,60.4,5.0,320.0,10.0
2021-05-25,15,19.8,50.7,6.0,320.0,12.0
2021-05-25,18,19.5,38.5,6.0,320.0,10.0
2021-05-25,21,15.4,48.1,1.0,320.0,10.0
2021-05-26,0,13.1,62.9,0.0,0.0,10.0
2021-05-26,3,12.1,63.5,3.0,90.0,10.0
2021-05-26,6,13.7,81.0,3.0,90.0,10.0
2021-05-26,9,16.1,85.1,3.0,90.0,10.0
2021-05-26,12,17.4,71.5,6.0,180.0,10.0
2021-05-26,15,18.9,69.9,4.0,180.0,10.0
2021-05-26,18,17.6,75.9,1.0,180.0,15.0
2021-05-26,21,16.2,82.9,2.0,230.0,10.0
2021-05-27,0,15.9,81.8,1.0,270.0,10.0
2021-05-27,3,15.5,91.4,2.0,180.0,10.0
2021-05-27,6,14.7,93.1,5.0,230.0,4.5
2021-05-27,9,15.1,93.1,1.0,230.0,4.5
2021-05-27,12,16.5,85.2,5.0,320.0,10.0
2021-05-27,15,20.7,55.6,5.0,270.0,15.0
2021-05-27,18,21.0,46.2,4.0,270.0,15.0
2021-05-27,21,17.1,58.1,2.0,270.0,10.0
2021-05-28,0,14.6,63.7,1.0,90.0,10.0
2021-05-28,3,13.5,88.3,2.0,50.0,4.0
2021-05-28,6,12.6,92.4,6.0,140.0,4.0
2021-05-28,9,14.1,88.9,4.0,140.0,10.0
2021-05-28,12,15.3,85.6,2.0,140.0,15.0
2021-05-28,15,17.8,82.1,3.0,230.0,10.0
2021-05-28,18,17.4,72.4,6.0,320.0,12.0
2021-05-28,21,15.9,73.1,5.0,360.0,10.0
2021-05-29,0,16.5,65.9,4.0,360.0,10.0
2021-05-29,3,13.1,79.8,2.0,270.0,10.0
2021-05-29,6,13.3,77.2,1.0,270.0,10.0
2021-05-29,9,16.3,66.2,2.0,270.0,10.0
2021-05-29,12,16.6,64.1,1.0,180.0,10.0
2021-05-29,15,14.1,84.3,0.0,0.0,4.5
2021-05-29,18,13.7,87.1,0.0,0.0,10.0
2021-05-29,21,12.7,87.6,1.0,140.0,10.0
2021-05-30,0,11.2,88.7,1.0,50.0,10.0
2021-05-30,3,10.7,91.0,0.0,0.0,10.0
2021-05-30,6,10.5,89.8,0.0,0.0,10.0
2021-05-30,9,15.1,81.7,1.0,230.0,10.0
2021-05-30,12,20.3,64.1,3.0,140.0,10.0
2021-05-30,15,22.2,51.4,2.0,140.0,15.0
2021-05-30,18,22.0,48.7,1.0,140.0,10.0
2021-05-30,21,19.1,67.3,1.0,140.0,4.5
2021-05-31,0,16.8,89.1,3.0,140.0,4.5
2021-05-31,3,15.9,92.6,0.0,0.0,4.5
2021-05-31,6,15.7,92.6,1.0,90.0,4.5
2021-05-31,9,16.7,87.4,3.0,90.0,10.0
2021-05-31,12,18.1,83.2,4.0,140.0,10.0
2021-05-31,15,20.2,80.8,4.0,140.0,15.0
2021-05-31,18,20.8,75.4,2.0,140.0,15.0
2021-05-31,21,18.6,86.5,1.0,90.0,10.0
2021-06-01,0,18.6,81.6,4.0,50.0,10.0
2021-06-01,3,17.4,74.9,2.0,90.0,4.5
2021-06-01,6,14.7,87.8,0.0,0.0,4.5
2021-06-01,9,17.4,69.2,5.0,90.0,10.0
2021-06-01,12,16.6,83.5,0.0,0.0,4.5
2021-06-01,15,17.3,93.8,1.0,50.0,4.5
2021-06-01,18,18.4,87.6,1.0,140.0,10.0
2021-06-01,21,17.3,80.9,0.0,0.0,10.0
2021-06-02,0,15.3,87.9,0.0,0.0,10.0
2021-06-02,3,15.9,87.3,1.0,50.0,10.0
2021-06-02,6,17.9,82.1,2.0,90.0,10.0
2021-06-02,9,21.4,70.0,1.0,140.0,10.0
2021-06-02,12,22.6,74.3,3.0,180.0,10.0
2021-06-02,15,24.2,59.4,1.0,180.0,15.0
2021-06-02,18,23.8,58.2,2.0,180.0,15.0
2021-06-02,21,20.9,68.5,0.0,0.0,10.0
2021-06-03,0,20.1,81.3,0.0,0.0,10.0
2021-06-03,3,19.0,83.8,0.0,0.0,10.0
2021-06-03,6,18.4,88.1,1.0,50.0,10.0
2021-06-03,9,18.6,89.8,1.0,90.0,4.5
2021-06-03,12,18.7,88.2,0.0,0.0,4.5
2021-06-03,15,18.0,90.9,0.0,0.0,4.5
2021-06-03,18,17.7,90.9,0.0,0.0,4.5
2021-06-03,21,15.7,75.6,3.0,140.0,4.5
2021-06-04,0,14.6,76.9,1.0,320.0,10.0
2021-06-04,3,14.7,85.5,1.0,320.0,10.0
2021-06-04,6,12.9,89.4,3.0,360.0,4.5
2021-06-04,9,15.4,86.7,1.0,50.0,4.5
2021-06-04,12,19.3,76.2,2.0,140.0,15.0
2021-06-04,15,23.5,42.1,5.0,180.0,10.0
2021-06-04,18,23.2,39.0,5.0,270.0,10.0
2021-06-04,21,17.2,78.8,2.0,140.0,10.0
2021-06-05,0,16.3,82.4,1.0,180.0,10.0
2021-06-05,3,17.1,82.5,1.0,320.0,4.5
2021-06-05,6,16.7,86.8,0.0,0.0,4.5
2021-06-05,9,18.2,82.1,1.0,140.0,15.0
2021-06-05,12,21.2,79.9,2.0,140.0,15.0
2021-06-05,15,21.4,75.1,2.0,140.0,5.0
2021-06-05,18,22.0,76.1,0.0,0.0,10.0
2021-06-05,21,19.5,56.0,1.0,360.0,15.0
2021-06-06,0,17.0,81.4,0.0,0.0,10.0
2021-06-06,3,15.4,87.9,4.0,90.0,10.0
2021-06-06,6,15.5,87.9,3.0,50.0,10.0
2021-06-06,9,18.3,88.1,1.0,50.0,4.8
2021-06-06,12,20.2,87.2,3.0,180.0,4.8
2021-06-06,15,23.3,74.9,2.0,140.0,10.0
2021-06-06,18,22.6,75.7,0.0,0.0,10.0
2021-06-06,21,20.1,85.5,1.0,90.0,10.0
2021-06-07,0,19.2,88.8,2.0,90.0,10.0
2021-06-07,3,18.3,89.8,2.0,140.0,3.5
2021-06-07,6,18.0,92.1,2.0,140.0,3.5
2021-06-07,9,18.6,91.0,4.0,140.0,0.9
2021-06-07,12,18.1,91.0,2.0,140.0,3.5
2021-06-07,15,19.0,86.5,2.0,50.0,10.0
2021-06-07,18,19.9,82.3,2.0,90.0,15.0
2021-06-07,21,19.6,82.8,2.0,90.0,10.0
2021-06-08,0,19.0,81.7,2.0,140.0,10.0
2021-06-08,3,19.3,70.0,4.0,140.0,10.0
2021-06-08,6,19.8,73.4,2.0,90.0,10.0
2021-06-08,9,19.2,84.4,2.0,140.0,4.5
2021-06-08,12,20.4,81.4,0.0,0.0,10.0
2021-06-08,15,21.0,80.9,3.0,140.0,10.0
2021-06-08,18,20.8,86.1,0.0,0.0,10.0
2021-06-08,21,19.7,86.6,0.0,0.0,10.0
2021-06-09,0,18.6,89.3,0.0,0.0,10.0
2021-06-09,3,18.8,89.3,0.0,0.0,10.0
2021-06-09,6,18.2,88.7,1.0,50.0,12.0
2021-06-09,9,23.2,67.3,1.0,140.0,10.0
2021-06-09,12,25.8,60.6,3.0,140.0,10.0
2021-06-09,15,28.1,53.9,1.0,180.0,15.0
2021-06-09,18,27.5,54.5,0.0,0.0,15.0
2021-06-09,21,24.3,58.7,1.0,90.0,10.0
2021-06-10,0,23.0,62.7,0.0,0.0,10.0
2021-06-10,3,22.0,71.4,0.0,0.0,10.0
2021-06-10,6,23.4,70.8,3.0,90.0,10.0
2021-06-10,9,24.1,65.4,4.0,140.0,10.0
2021-06-10,12,20.0,90.5,1.0,320.0,4.5
2021-06-10,15,19.2,93.9,0.0,0.0,4.5
2021-06-10,18,20.6,86.7,2.0,90.0,4.6
2021-06-10,21,20.4,86.1,3.0,140.0,3.5
2021-06-11,0,18.0,92.7,5.0,140.0,3.5
2021-06-11,3,18.0,90.9,2.0,140.0,0.4
2021-06-11,6,18.2,92.7,3.0,270.0,10.0
2021-06-11,9,19.2,91.0,3.0,320.0,10.0
2021-06-11,12,22.2,84.7,1.0,320.0,10.0
2021-06-11,15,22.8,82.7,1.0,230.0,10.0
2021-06-11,18,21.6,91.2,0.0,0.0,10.0
2021-06-11,21,20.5,90.5,0.0,0.0,10.0
2021-06-12,0,19.8,91.1,2.0,90.0,4.5
2021-06-12,3,19.0,91.0,3.0,320.0,0.9
2021-06-12,6,18.6,92.1,1.0,320.0,0.9
2021-06-12,9,20.3,90.0,1.0,270.0,4.5
2021-06-12,12,25.0,82.4,1.0,230.0,10.0
2021-06-12,15,28.8,69.2,1.0,230.0,10.0
2021-06-12,18,27.1,73.7,2.0,230.0,10.0
2021-06-12,21,24.0,80.8,0.0,0.0,10.0
2021-06-13,0,21.6,79.5,0.0,0.0,10.0
2021-06-13,3,19.6,82.8,0.0,0.0,10.0
2021-06-13,6,19.2,84.4,0.0,0.0,10.0
2021-06-13,9,23.4,80.7,0.0,0.0,10.0
2021-06-13,12,26.5,66.3,1.0,180.0,10.0
2021-06-13,15,26.7,72.3,2.0,140.0,15.0
2021-06-13,18,27.1,58.6,2.0,320.0,15.0
2021-06-13,21,22.8,80.1,1.0,320.0,10.0
2021-06-14,0,19.9,88.8,1.0,50.0,10.0
2021-06-14,3,18.4,89.3,0.0,0.0,10.0
2021-06-14,6,17.3,90.3,0.0,0.0,10.0
2021-06-14,9,21.3,84.6,2.0,140.0,4.5
2021-06-14,12,23.2,81.2,3.0,140.0,10.0
2021-06-14,15,24.8,74.2,1.0,180.0,10.0
2021-06-14,18,24.6,72.4,1.0,180.0,15.0
2021-06-14,21,22.2,80.1,0.0,0.0,10.0
2021-06-15,0,20.6,86.7,0.0,0.0,10.0
2021-06-15,3,21.0,87.3,0.0,0.0,10.0
2021-06-15,6,20.0,89.4,1.0,140.0,4.5
2021-06-15,9,20.4,89.4,1.0,50.0,4.5
2021-06-15,12,20.8,91.7,0.0,0.0,4.5
2021-06-15,15,21.7,88.4,3.0,140.0,3.5
2021-06-15,18,23.7,79.3,3.0,140.0,15.0
2021-06-15,21,23.0,76.8,4.0,90.0,10.0
2021-06-16,0,22.6,69.8,4.0,90.0,10.0
2021-06-16,3,22.0,70.1,5.0,50.0,10.0
2021-06-16,6,22.0,70.1,3.0,50.0,10.0
2021-06-16,9,24.4,58.3,5.0,50.0,15.0
2021-06-16,12,26.9,57.1,5.0,50.0,15.0
2021-06-16,15,27.9,51.9,4.0,90.0,10.0
2021-06-16,18,27.9,53.5,2.0,90.0,10.0
2021-06-16,21,25.5,57.9,5.0,50.0,10.0
2021-06-17,0,23.0,60.7,6.0,90.0,10.0
2021-06-17,3,22.3,66.2,5.0,90.0,10.0
2021-06-17,6,21.6,66.9,2.0,90.0,10.0
2021-06-17,9,21.0,70.8,2.0,50.0,10.0
2021-06-17,12,22.0,67.9,2.0,90.0,10.0
2021-06-17,15,22.0,73.7,2.0,180.0,4.5
2021-06-17,18,21.2,79.4,0.0,0.0,10.0
2021-06-17,21,20.7,86.1,1.0,180.0,10.0
2021-06-18,0,19.8,85.0,0.0,0.0,10.0
2021-06-18,3,19.3,91.0,2.0,230.0,4.5
2021-06-18,6,19.2,92.8,0.0,0.0,4.5
2021-06-18,9,20.8,93.4,1.0,320.0,10.0
2021-06-18,12,24.0,88.1,2.0,230.0,10.0
2021-06-18,15,25.4,80.0,2.0,230.0,15.0
2021-06-18,18,23.8,82.3,2.0,320.0,15.0
2021-06-18,21,20.6,90.0,2.0,320.0,10.0
2021-06-19,0,18.5,92.1,2.0,270.0,10.0
2021-06-19,3,17.6,92.1,0.0,0.0,5.0
2021-06-19,6,17.6,93.3,1.0,90.0,4.5
2021-06-19,9,19.6,87.7,1.0,140.0,4.5
2021-06-19,12,21.4,82.0,1.0,140.0,4.5
2021-06-19,15,22.0,80.5,1.0,140.0,10.0
2021-06-19,18,20.8,81.9,1.0,230.0,10.0
2021-06-19,21,19.2,91.0,0.0,0.0,4.7
2021-06-20,0,18.1,89.8,2.0,90.0,4.5
2021-06-20,3,18.2,89.8,1.0,90.0,4.5
2021-06-20,6,18.6,91.0,2.0,90.0,3.5
2021-06-20,9,19.4,91.6,3.0,180.0,4.5
2021-06-20,12,18.8,92.7,1.0,140.0,4.5
2021-06-20,15,21.4,96.4,3.0,140.0,4.5
2021-06-20,18,22.4,92.9,0.0,0.0,4.5
2021-06-20,21,21.4,96.4,0.0,0.0,4.5
2021-06-21,0,20.3,97.0,0.0,0.0,4.5
2021-06-21,3,18.0,89.2,1.0,320.0,10.0
2021-06-21,6,16.9,93.8,1.0,90.0,0.9
2021-06-21,9,21.5,91.7,0.0,0.0,5.0
2021-06-21,12,24.2,76.9,1.0,180.0,10.0
2021-06-21,15,25.5,71.6,2.0,180.0,10.0
2021-06-21,18,25.9,71.3,0.0,0.0,10.0
2021-06-21,21,24.8,74.2,1.0,360.0,10.0
2021-06-22,0,21.5,78.0,0.0,0.0,10.0
2021-06-22,3,20.5,80.9,0.0,0.0,10.0
2021-06-22,6,19.0,81.7,0.0,0.0,10.0
2021-06-22,9,23.0,76.8,2.0,140.0,10.0
2021-06-22,12,25.5,70.8,2.0,140.0,10.0
2021-06-22,15,24.0,70.5,1.0,140.0,10.0
2021-06-22,18,25.6,46.5,1.0,230.0,15.0
2021-06-22,21,22.1,70.6,2.0,140.0,10.0
2021-06-23,0,21.5,67.8,2.0,140.0,10.0
2021-06-23,3,20.8,70.3,2.0,90.0,10.0
2021-06-23,6,20.4,72.5,1.0,90.0,10.0
2021-06-23,9,22.0,75.6,0.0,0.0,10.0
2021-06-23,12,24.0,76.9,1.0,230.0,15.0
2021-06-23,15,25.3,65.2,1.0,180.0,10.0
2021-06-23,18,25.5,65.7,3.0,230.0,15.0
2021-06-23,21,23.5,67.8,1.0,360.0,10.0
2021-06-24,0,21.2,76.5,1.0,180.0,10.0
2021-06-24,3,20.3,86.6,0.0,0.0,10.0
2021-06-24,6,19.3,89.3,0.0,0.0,10.0
2021-06-24,9,21.8,84.6,2.0,140.0,10.0
2021-06-24,12,24.2,77.4,2.0,140.0,10.0
2021-06-24,15,25.9,68.7,1.0,180.0,10.0
2021-06-24,18,26.1,67.9,1.0,230.0,10.0
2021-06-24,21,23.2,68.1,1.0,360.0,10.0
2021-06-25,0,20.7,76.4,0.0,0.0,10.0
2021-06-25,3,19.7,86.6,2.0,140.0,10.0
2021-06-25,6,19.2,92.2,0.0,0.0,10.0
2021-06-25,9,22.6,83.7,1.0,90.0,10.0
2021-06-25,12,23.2,85.3,2.0,180.0,10.0
2021-06-25,15,24.6,70.1,1.0,180.0,12.0
2021-06-25,18,23.8,75.9,1.0,230.0,10.0
2021-06-25,21,22.4,83.1,2.0,270.0,10.0
2021-06-26,0,20.6,82.4,1.0,140.0,4.5
2021-06-26,3,20.7,89.4,1.0,140.0,4.5
2021-06-26,6,20.4,95.2,1.0,90.0,4.5
2021-06-26,9,21.0,95.8,1.0,140.0,4.5
2021-06-26,12,22.6,92.9,2.0,140.0,4.5
2021-06-26,15,23.5,82.3,3.0,140.0,10.0
2021-06-26,18,24.6,72.4,2.0,140.0,15.0
2021-06-26,21,23.6,82.8,1.0,180.0,10.0
2021-06-27,0,21.2,88.4,0.0,0.0,10.0
2021-06-27,3,20.2,83.9,2.0,90.0,10.0
2021-06-27,6,19.6,86.0,0.0,0.0,10.0
2021-06-27,9,23.2,82.7,0.0,0.0,10.0
2021-06-27,12,27.9,66.2,1.0,180.0,10.0
2021-06-27,15,28.5,62.7,2.0,140.0,10.0
2021-06-27,18,24.5,77.0,1.0,320.0,10.0
2021-06-27,21,24.2,76.9,0.0,0.0,10.0
2021-06-28,0,24.8,74.7,2.0,50.0,10.0
2021-06-28,3,23.4,85.3,2.0,90.0,4.5
2021-06-28,6,22.8,86.3,1.0,90.0,10.0
2021-06-28,9,24.1,78.4,1.0,90.0,10.0
2021-06-28,12,26.0,73.5,2.0,140.0,10.0
2021-06-28,15,26.2,72.7,1.0,230.0,10.0
2021-06-28,18,25.9,73.5,1.0,270.0,10.0
2021-06-28,21,24.6,80.9,1.0,360.0,10.0
2021-06-29,0,22.4,88.5,1.0,360.0,10.0
2021-06-29,3,21.8,89.0,0.0,0.0,10.0
2021-06-29,6,21.6,91.7,0.0,0.0,4.5
2021-06-29,9,25.0,73.8,1.0,180.0,10.0
2021-06-29,12,26.2,72.2,2.0,140.0,10.0
2021-06-29,15,26.6,70.1,2.0,270.0,10.0
2021-06-29,18,25.3,70.7,2.0,230.0,10.0
2021-06-29,21,23.5,75.9,0.0,0.0,10.0
2021-06-30,0,22.8,80.1,0.0,0.0,10.0
2021-06-30,3,21.4,83.6,0.0,0.0,10.0
2021-06-30,6,21.8,87.3,1.0,320.0,4.5
2021-06-30,9,23.2,88.0,0.0,0.0,3.5
2021-06-30,12,24.4,86.0,1.0,180.0,4.6
2021-06-30,15,25.4,79.0,2.0,140.0,12.0
2021-06-30,18,26.5,70.5,1.0,140.0,12.0
2021-06-30,21,24.2,77.9,1.0,320.0,10.0
2021-07-01,0,22.2,81.6,1.0,50.0,10.0
2021-07-01,3,21.0,87.3,0.0,0.0,10.0
2021-07-01,6,20.4,85.0,0.0,0.0,10.0
2021-07-01,9,24.6,78.0,0.0,0.0,3.5
2021-07-01,12,26.4,71.4,2.0,180.0,10.0
2021-07-01,15,28.9,52.1,1.0,180.0,10.0
2021-07-01,18,29.8,51.4,1.0,230.0,10.0
2021-07-01,21,26.6,68.0,1.0,90.0,10.0
2021-07-02,0,25.0,78.0,0.0,0.0,10.0
2021-07-02,3,23.9,85.4,0.0,0.0,10.0
2021-07-02,6,23.4,85.3,0.0,0.0,10.0
2021-07-02,9,24.0,89.7,0.0,0.0,3.5
2021-07-02,12,28.3,68.7,3.0,90.0,10.0
2021-07-02,15,29.9,65.0,1.0,180.0,10.0
2021-07-02,18,28.5,62.0,1.0,90.0,10.0
2021-07-02,21,26.0,69.1,1.0,90.0,10.0
2021-07-03,0,26.8,68.8,2.0,90.0,10.0
2021-07-03,3,25.7,68.6,5.0,90.0,10.0
2021-07-03,6,24.6,68.4,6.0,50.0,10.0
2021-07-03,9,23.8,71.3,3.0,90.0,10.0
2021-07-03,12,24.4,69.2,6.0,50.0,10.0
2021-07-03,15,23.4,75.4,9.0,50.0,4.5
2021-07-03,18,19.8,92.2,10.0,50.0,3.5
2021-07-03,21,19.8,93.4,12.0,50.0,3.5
2021-07-04,0,20.4,95.8,10.0,90.0,4.5
2021-07-04,3,21.0,93.4,6.0,50.0,3.5
2021-07-04,6,21.3,90.0,6.0,90.0,4.5
2021-07-04,9,21.8,94.6,0.0,0.0,10.0
2021-07-04,12,23.4,94.1,1.0,90.0,15.0
2021-07-04,15,25.2,92.5,1.0,320.0,10.0
2021-07-04,18,25.0,92.5,1.0,320.0,10.0
2021-07-04,21,22.5,94.1,2.0,320.0,10.0
2021-07-05,0,20.6,96.4,3.0,320.0,10.0
2021-07-05,3,19.8,90.5,0.0,0.0,10.0
2021-07-05,6,19.8,96.3,0.0,0.0,10.0
2021-07-05,9,21.6,96.4,0.0,0.0,10.0
2021-07-05,12,23.0,86.9,1.0,180.0,10.0
2021-07-05,15,23.5,85.4,1.0,180.0,10.0
2021-07-05,18,23.8,87.0,1.0,180.0,10.0
2021-07-05,21,22.3,89.6,0.0,0.0,10.0
2021-07-06,0,20.8,92.3,0.0,0.0,10.0
2021-07-06,3,20.4,94.6,0.0,0.0,10.0
2021-07-06,6,20.2,96.3,0.0,0.0,10.0
2021-07-06,9,24.3,83.4,0.0,0.0,10.0
2021-07-06,12,27.2,64.4,1.0,230.0,15.0
2021-07-06,15,29.1,63.6,2.0,180.0,10.0
2021-07-06,18,28.3,69.6,1.0,230.0,15.0
2021-07-06,21,25.3,82.0,1.0,270.0,10.0
2021-07-07,0,23.4,66.5,0.0,0.0,10.0
2021-07-07,3,22.6,88.5,0.0,0.0,10.0
2021-07-07,6,22.0,88.4,0.0,0.0,10.0
2021-07-07,9,24.8,86.5,1.0,230.0,3.5
2021-07-07,12,27.8,78.0,1.0,140.0,3.5
2021-07-07,15,27.6,75.6,3.0,180.0,3.5
2021-07-07,18,26.1,80.6,0.0,0.0,4.9
2021-07-07,21,25.1,88.7,1.0,180.0,4.5
2021-07-08,0,24.5,88.1,0.0,0.0,4.5
2021-07-08,3,24.2,89.7,0.0,0.0,4.5
2021-07-08,6,23.0,91.3,0.0,0.0,3.5
2021-07-08,9,24.4,88.6,0.0,0.0,4.5
2021-07-08,12,26.5,89.3,2.0,230.0,3.5
2021-07-08,15,26.9,58.6,2.0,180.0,10.0
2021-07-08,18,27.6,77.0,1.0,180.0,15.0
2021-07-08,21,23.5,89.6,2.0,140.0,4.5
2021-07-09,0,23.0,90.7,3.0,90.0,3.5
2021-07-09,3,22.6,91.8,2.0,140.0,3.5
2021-07-09,6,22.6,91.8,1.0,180.0,10.0
2021-07-09,9,23.7,85.4,2.0,140.0,3.5
2021-07-09,12,26.5,72.3,1.0,140.0,4.5
2021-07-09,15,26.9,78.3,1.0,140.0,10.0
2021-07-09,18,26.3,82.6,2.0,230.0,10.0
2021-07-09,21,24.4,83.9,0.0,0.0,10.0
2021-07-10,0,23.0,90.7,2.0,230.0,4.9
2021-07-10,3,23.3,90.7,1.0,140.0,4.5
2021-07-10,6,23.0,91.3,1.0,230.0,3.5
2021-07-10,9,24.0,89.7,1.0,180.0,4.5
2021-07-10,12,26.3,84.1,1.0,140.0,4.5
2021-07-10,15,27.1,83.2,4.0,140.0,4.5
2021-07-10,18,27.9,72.5,3.0,230.0,15.0
2021-07-10,21,24.4,84.9,1.0,140.0,5.0
2021-07-11,0,24.0,88.6,0.0,0.0,3.5
2021-07-11,3,24.0,87.0,1.0,90.0,3.5
2021-07-11,6,23.6,89.7,1.0,140.0,4.5
2021-07-11,9,23.8,89.7,1.0,180.0,3.5
2021-07-11,12,24.6,90.8,0.0,0.0,3.5
2021-07-11,15,27.5,82.7,1.0,230.0,10.0
2021-07-11,18,25.0,90.9,3.0,140.0,3.5
2021-07-11,21,24.0,89.7,1.0,140.0,0.2
2021-07-12,0,24.7,92.5,0.0,0.0,0.9
2021-07-12,3,24.1,91.3,0.0,0.0,4.5
2021-07-12,6,23.3,89.6,1.0,90.0,4.5
2021-07-12,9,23.6,89.1,1.0,90.0,3.5
2021-07-12,12,24.8,86.5,2.0,140.0,10.0
2021-07-12,15,26.5,87.7,2.0,180.0,10.0
2021-07-12,18,27.1,85.2,1.0,140.0,10.0
2021-07-12,21,26.5,86.2,1.0,90.0,10.0
2021-07-13,0,26.2,74.0,1.0,140.0,10.0
2021-07-13,3,26.0,92.0,3.0,140.0,10.0
2021-07-13,6,25.5,93.7,0.0,0.0,10.0
2021-07-13,9,26.3,88.8,3.0,140.0,10.0
2021-07-13,12,26.7,87.2,3.0,140.0,10.0
2021-07-13,15,26.8,92.1,2.0,140.0,10.0
2021-07-13,18,27.1,88.8,2.0,140.0,10.0
2021-07-13,21,26.8,90.4,1.0,140.0,10.0
2021-07-14,0,26.5,89.3,2.0,140.0,10.0
2021-07-14,3,27.0,88.3,3.0,140.0,10.0
2021-07-14,6,26.5,88.8,1.0,140.0,10.0
2021-07-14,9,26.8,87.8,3.0,140.0,10.0
2021-07-14,12,27.2,85.7,2.0,180.0,10.0
2021-07-14,15,27.3,90.5,5.0,140.0,10.0
2021-07-14,18,27.1,88.3,1.0,140.0,15.0
2021-07-14,21,26.2,90.4,2.0,180.0,10.0
2021-07-15,0,25.7,90.4,2.0,180.0,10.0
2021-07-15,3,25.3,89.2,3.0,140.0,10.0
2021-07-15,6,25.5,89.3,3.0,140.0,10.0
2021-07-15,9,27.9,83.3,3.0,140.0,10.0
2021-07-15,12,29.1,77.7,3.0,180.0,15.0
2021-07-15,15,30.5,76.5,1.0,180.0,15.0
2021-07-15,18,29.1,77.2,2.0,180.0,15.0
2021-07-15,21,26.2,85.6,1.0,180.0,15.0
2021-07-16,0,25.1,86.0,0.0,0.0,10.0
2021-07-16,3,25.3,86.1,0.0,0.0,10.0
2021-07-16,6,25.0,86.0,1.0,90.0,10.0
2021-07-16,9,28.5,75.3,2.0,90.0,15.0
2021-07-16,12,30.5,75.6,2.0,180.0,15.0
2021-07-16,15,32.4,64.3,1.0,230.0,15.0
2021-07-16,18,30.7,66.7,1.0,320.0,15.0
2021-07-16,21,29.1,70.1,2.0,140.0,10.0
2021-07-17,0,26.9,78.3,1.0,360.0,10.0
2021-07-17,3,24.8,83.4,0.0,0.0,10.0
2021-07-17,6,25.0,84.5,2.0,90.0,10.0
2021-07-17,9,27.9,72.5,1.0,90.0,10.0
2021-07-17,12,30.1,67.0,1.0,180.0,12.0
2021-07-17,15,31.8,61.9,1.0,90.0,19.0
2021-07-17,18,31.3,71.4,2.0,140.0,4.5
2021-07-17,21,28.4,65.1,2.0,50.0,10.0
2021-07-18,0,27.1,71.1,0.0,0.0,10.0
2021-07-18,3,25.2,86.6,1.0,90.0,4.5
2021-07-18,6,26.0,83.1,1.0,50.0,12.0
2021-07-18,9,26.2,85.6,1.0,140.0,10.0
2021-07-18,12,28.9,72.7,2.0,180.0,15.0
2021-07-18,15,30.1,65.8,1.0,180.0,10.0
2021-07-18,18,31.1,59.2,1.0,230.0,10.0
2021-07-18,21,28.5,63.9,0.0,0.0,10.0
2021-07-19,0,26.9,71.0,0.0,0.0,10.0
2021-07-19,3,25.9,84.6,1.0,200.0,4.5
2021-07-19,6,24.8,90.3,1.0,90.0,10.0
2021-07-19,9,27.3,77.9,1.0,140.0,10.0
2021-07-19,12,29.2,76.3,4.0,180.0,10.0
2021-07-19,15,30.2,68.3,2.0,180.0,15.0
2021-07-19,18,28.7,70.1,1.0,180.0,15.0
2021-07-19,21,27.3,76.9,0.0,0.0,10.0
2021-07-20,0,25.9,82.5,2.0,90.0,10.0
2021-07-20,3,25.4,87.6,0.0,0.0,10.0
2021-07-20,6,24.4,93.6,0.0,0.0,10.0
2021-07-20,9,28.5,76.2,0.0,0.0,10.0
2021-07-20,12,29.7,67.3,1.0,180.0,10.0
2021-07-20,15,32.7,56.1,1.0,230.0,15.0
2021-07-20,18,31.7,64.6,3.0,320.0,15.0
2021-07-20,21,28.5,73.9,0.0,0.0,10.0
2021-07-21,0,27.9,75.7,0.0,0.0,10.0
2021-07-21,3,27.0,76.9,0.0,0.0,10.0
2021-07-21,6,26.0,80.1,0.0,0.0,10.0
2021-07-21,9,29.6,78.2,1.0,230.0,15.0
2021-07-21,12,32.4,65.9,1.0,230.0,15.0
2021-07-21,15,33.8,60.9,1.0,180.0,10.0
2021-07-21,18,34.7,57.9,1.0,180.0,15.0
2021-07-21,21,30.3,72.9,1.0,320.0,10.0
2021-07-22,0,28.9,80.0,1.0,230.0,10.0
2021-07-22,3,28.3,83.3,0.0,0.0,10.0
2021-07-22,6,27.0,86.2,1.0,90.0,10.0
2021-07-22,9,30.7,66.7,1.0,180.0,15.0
2021-07-22,12,32.7,64.0,1.0,180.0,15.0
2021-07-22,15,34.8,56.6,1.0,230.0,15.0
2021-07-22,18,34.1,55.8,1.0,270.0,15.0
2021-07-22,21,29.5,71.5,0.0,0.0,15.0
2021-07-23,0,28.2,78.0,0.0,0.0,10.0
2021-07-23,3,28.0,80.8,0.0,0.0,10.0
2021-07-23,6,26.7,87.2,0.0,0.0,10.0
2021-07-23,9,30.0,78.3,2.0,140.0,10.0
2021-07-23,12,32.0,67.4,2.0,180.0,10.0
2021-07-23,15,33.0,61.1,2.0,180.0,10.0
2021-07-23,18,33.3,56.2,2.0,230.0,10.0
2021-07-23,21,29.9,71.6,2.0,320.0,10.0
2021-07-24,0,27.9,78.0,0.0,0.0,10.0
2021-07-24,3,27.4,83.7,0.0,0.0,10.0
2021-07-24,6,26.9,85.2,0.0,0.0,10.0
2021-07-24,9,30.7,84.1,1.0,230.0,10.0
2021-07-24,12,32.3,73.3,1.0,140.0,10.0
2021-07-24,15,34.3,59.2,2.0,180.0,10.0
2021-07-24,18,34.4,56.8,2.0,230.0,15.0
2021-07-24,21,29.7,76.4,2.0,270.0,10.0
2021-07-25,0,28.7,80.5,0.0,0.0,10.0
2021-07-25,3,28.0,81.8,0.0,0.0,10.0
2021-07-25,6,26.9,86.2,0.0,0.0,10.0
2021-07-25,9,30.4,75.2,1.0,50.0,10.0
2021-07-25,12,32.9,56.5,0.0,0.0,15.0
2021-07-25,15,33.1,57.6,1.0,90.0,15.0
2021-07-25,18,32.3,59.5,1.0,180.0,10.0
2021-07-25,21,29.6,61.4,1.0,180.0,10.0
2021-07-26,0,27.8,59.5,0.0,0.0,10.0
2021-07-26,3,26.1,77.7,1.0,180.0,10.0
2021-07-26,6,27.4,74.2,0.0,0.0,10.0
2021-07-26,9,30.1,66.2,2.0,90.0,10.0
2021-07-26,12,31.5,63.8,3.0,180.0,10.0
2021-07-26,15,31.9,64.6,1.0,140.0,15.0
2021-07-26,18,31.3,58.5,1.0,180.0,15.0
2021-07-26,21,28.9,57.6,1.0,270.0,10.0
2021-07-27,0,27.0,64.0,0.0,0.0,10.0
2021-07-27,3,26.4,70.1,0.0,0.0,10.0
2021-07-27,6,25.7,77.2,0.0,0.0,10.0
2021-07-27,9,31.1,70.1,0.0,0.0,12.0
2021-07-27,12,32.2,66.6,2.0,140.0,15.0
2021-07-27,15,33.7,58.8,1.0,180.0,15.0
2021-07-27,18,32.7,61.4,2.0,320.0,15.0
2021-07-27,21,30.5,73.0,2.0,320.0,10.0
2021-07-28,0,28.5,73.9,0.0,0.0,10.0
2021-07-28,3,28.0,80.4,0.0,0.0,10.0
2021-07-28,6,26.0,90.4,0.0,0.0,10.0
2021-07-28,9,30.1,75.1,1.0,140.0,10.0
2021-07-28,12,32.4,67.9,1.0,180.0,12.0
2021-07-28,15,32.2,68.7,1.0,230.0,10.0
2021-07-28,18,32.1,67.0,1.0,320.0,15.0
2021-07-28,21,28.3,86.9,0.0,0.0,10.0
2021-07-29,0,27.9,86.3,0.0,0.0,10.0
2021-07-29,3,27.0,90.4,0.0,0.0,10.0
2021-07-29,6,26.5,92.0,0.0,0.0,10.0
2021-07-29,9,29.2,88.5,1.0,90.0,10.0
2021-07-29,12,30.9,79.8,1.0,140.0,10.0
2021-07-29,15,33.1,60.0,1.0,180.0,10.0
2021-07-29,18,31.7,63.0,1.0,180.0,15.0
2021-07-29,21,28.7,72.7,0.0,0.0,10.0
2021-07-30,0,27.1,72.4,0.0,0.0,10.0
2021-07-30,3,26.3,78.7,0.0,0.0,10.0
2021-07-30,6,25.9,87.2,1.0,140.0,10.0
2021-07-30,9,27.6,88.9,1.0,140.0,10.0
2021-07-30,12,29.8,69.4,3.0,140.0,10.0
2021-07-30,15,28.3,71.3,2.0,180.0,10.0
2021-07-30,18,27.2,91.0,3.0,180.0,4.5
2021-07-30,21,27.1,92.6,4.0,180.0,4.5
2021-07-31,0,26.4,92.0,4.0,180.0,10.0
2021-07-31,3,25.9,89.3,0.0,0.0,10.0
2021-07-31,6,25.7,90.9,1.0,180.0,10.0
2021-07-31,9,26.5,90.4,1.0,140.0,15.0
2021-07-31,12,29.2,82.0,1.0,140.0,15.0
2021-07-31,15,29.5,70.6,2.0,180.0,10.0
2021-07-31,18,27.9,80.8,2.0,180.0,10.0
2021-07-31,21,27.1,90.4,1.0,180.0,4.9
2022-03-01,0,4.1,49.9,1.0,90.0,10.0
2022-03-01,3,2.9,75.5,1.0,90.0,10.0
2022-03-01,6,3.5,72.3,1.0,50.0,10.0
2022-03-01,9,3.2,80.7,0.0,0.0,4.5
2022-03-01,12,5.8,77.1,2.0,320.0,10.0
2022-03-01,15,8.3,46.5,6.0,320.0,12.0
2022-03-01,18,4.6,43.7,4.0,320.0,15.0
2022-03-01,21,0.5,42.8,3.0,360.0,10.0
2022-03-02,0,0.0,47.6,3.0,360.0,10.0
2022-03-02,3,-1.0,52.9,1.0,360.0,10.0
2022-03-02,6,-1.3,55.8,1.0,360.0,10.0
2022-03-02,9,1.2,53.9,1.0,230.0,12.0
2022-03-02,12,7.3,53.9,2.0,230.0,15.0
2022-03-02,15,9.9,37.8,4.0,230.0,15.0
2022-03-02,18,6.9,49.3,5.0,230.0,15.0
2022-03-02,21,4.1,70.9,3.0,320.0,10.0
2022-03-03,0,4.1,71.9,2.0,360.0,10.0
2022-03-03,3,2.4,80.0,2.0,270.0,10.0
2022-03-03,6,0.5,80.3,2.0,360.0,10.0
2022-03-03,9,3.4,57.9,0.0,0.0,12.0
2022-03-03,12,7.7,41.0,1.0,230.0,15.0
2022-03-03,15,10.0,33.3,1.0,140.0,15.0
2022-03-03,18,5.6,46.4,1.0,140.0,15.0
2022-03-03,21,3.3,49.0,1.0,90.0,10.0
2022-03-04,0,2.4,42.7,3.0,90.0,10.0
2022-03-04,3,2.4,73.2,3.0,140.0,10.0
2022-03-04,6,2.9,89.2,3.0,140.0,4.5
2022-03-04,9,3.3,93.1,3.0,90.0,0.8
2022-03-04,12,4.6,95.2,5.0,90.0,0.3
2022-03-04,15,6.9,94.6,1.0,50.0,3.5
2022-03-04,18,8.6,83.1,1.0,230.0,3.5
2022-03-04,21,5.9,74.4,5.0,360.0,4.5
2022-03-05,0,3.7,51.4,4.0,270.0,4.5
2022-03-05,3,1.8,47.4,4.0,270.0,4.5
2022-03-05,6,0.2,40.3,4.0,360.0,4.5
2022-03-05,9,0.3,38.5,2.0,270.0,10.0
2022-03-05,12,4.1,34.1,7.0,320.0,15.0
2022-03-05,15,4.9,33.6,7.0,320.0,15.0
2022-03-05,18,2.3,33.3,3.0,320.0,15.0
2022-03-05,21,0.2,32.4,4.0,360.0,15.0
2022-03-06,0,-0.4,35.6,4.0,320.0,15.0
2022-03-06,3,0.6,36.2,5.0,360.0,10.0
2022-03-06,6,0.2,32.4,4.0,360.0,10.0
2022-03-06,9,1.0,30.6,2.0,320.0,15.0
2022-03-06,12,3.5,35.6,4.0,320.0,15.0
2022-03-06,15,5.1,29.6,3.0,320.0,15.0
2022-03-06,18,3.7,30.2,1.0,360.0,15.0
2022-03-06,21,0.0,39.3,2.0,360.0,10.0
2022-03-07,0,-1.4,47.2,3.0,360.0,10.0
2022-03-07,3,-1.7,44.5,0.0,0.0,10.0
2022-03-07,6,-2.4,46.9,1.0,140.0,10.0
2022-03-07,9,0.4,50.8,0.0,0.0,10.0
2022-03-07,12,4.3,39.7,1.0,180.0,15.0
2022-03-07,15,3.9,45.9,1.0,140.0,10.0
2022-03-07,18,3.5,45.7,0.0,0.0,10.0
2022-03-07,21,2.3,61.2,0.0,0.0,10.0
2022-03-08,0,1.4,65.3,0.0,0.0,10.0
2022-03-08,3,2.5,71.1,0.0,0.0,10.0
2022-03-08,6,2.9,70.7,0.0,0.0,10.0
2022-03-08,9,3.9,76.8,0.0,0.0,10.0
2022-03-08,12,5.9,75.5,1.0,180.0,15.0
2022-03-08,15,8.5,71.3,3.0,230.0,12.0
2022-03-08,18,7.4,73.1,3.0,230.0,12.0
2022-03-08,21,4.1,90.6,2.0,90.0,10.0
2022-03-09,0,2.5,87.3,0.0,0.0,10.0
2022-03-09,3,0.2,97.1,0.0,0.0,0.0
2022-03-09,6,-1.5,95.0,0.0,0.0,0.3
2022-03-09,9,-0.8,93.6,1.0,320.0,0.2
2022-03-09,12,2.4,95.1,0.0,0.0,0.7
2022-03-09,15,6.1,81.6,1.0,140.0,3.5
2022-03-09,18,6.3,81.7,1.0,140.0,3.5
2022-03-09,21,5.1,84.5,0.0,0.0,3.5
2022-03-10,0,2.9,77.2,0.0,0.0,3.5
2022-03-10,3,1.8,83.5,0.0,0.0,3.5
2022-03-10,6,3.1,86.7,2.0,140.0,4.5
2022-03-10,9,6.5,71.4,3.0,140.0,10.0
2022-03-10,12,8.7,61.4,1.0,140.0,4.5
2022-03-10,15,9.1,64.2,1.0,140.0,4.5
2022-03-10,18,6.2,86.4,1.0,140.0,4.5
2022-03-10,21,4.9,94.6,1.0,140.0,3.5
2022-03-11,0,3.5,89.3,0.0,0.0,0.3
2022-03-11,3,2.0,92.4,0.0,0.0,0.9
2022-03-11,6,3.0,91.2,1.0,320.0,4.5
2022-03-11,9,6.3,91.4,0.0,0.0,3.5
2022-03-11,12,13.1,57.1,1.0,180.0,4.5
2022-03-11,15,15.8,49.6,1.0,230.0,10.0
2022-03-11,18,13.5,60.0,1.0,230.0,10.0
2022-03-11,21,10.5,75.7,1.0,90.0,4.5
2022-03-12,0,7.9,72.2,1.0,90.0,4.5
2022-03-12,3,6.7,66.5,0.0,0.0,4.5
2022-03-12,6,6.3,70.3,1.0,50.0,10.0
2022-03-12,9,10.9,56.1,3.0,90.0,4.5
2022-03-12,12,12.2,66.3,4.0,90.0,10.0
2022-03-12,15,10.6,80.0,2.0,140.0,3.5
2022-03-12,18,8.3,93.4,1.0,140.0,0.4
2022-03-12,21,6.9,91.4,1.0,90.0,3.0
2022-03-13,0,7.5,92.7,3.0,90.0,4.5
2022-03-13,3,7.9,92.7,3.0,90.0,4.5
2022-03-13,6,7.9,92.7,1.0,180.0,4.5
2022-03-13,9,8.6,94.7,0.0,0.0,3.5
2022-03-13,12,10.9,92.3,0.0,0.0,10.0
2022-03-13,15,14.5,82.2,0.0,0.0,10.0
2022-03-13,18,14.9,71.0,0.0,0.0,10.0
2022-03-13,21,11.6,82.9,1.0,50.0,10.0
2022-03-14,0,9.1,90.9,1.0,90.0,10.0
2022-03-14,3,10.7,88.6,0.0,0.0,10.0
2022-03-14,6,9.9,84.4,4.0,140.0,10.0
2022-03-14,9,9.3,85.5,4.0,140.0,10.0
2022-03-14,12,7.2,92.7,1.0,90.0,4.5
2022-03-14,15,6.9,92.7,4.0,270.0,4.5
2022-03-14,18,6.5,83.4,4.0,320.0,10.0
2022-03-14,21,4.6,79.1,6.0,320.0,10.0
2022-03-15,0,2.7,81.2,3.0,320.0,10.0
2022-03-15,3,1.2,85.2,1.0,270.0,10.0
2022-03-15,6,0.7,88.4,1.0,230.0,12.0
2022-03-15,9,2.2,89.1,0.0,0.0,10.0
2022-03-15,12,6.3,69.3,1.0,90.0,10.0
2022-03-15,15,8.1,68.7,2.0,90.0,10.0
2022-03-15,18,4.9,79.7,2.0,140.0,10.0
2022-03-15,21,3.9,81.9,0.0,0.0,10.0
2022-03-16,0,3.8,81.3,0.0,0.0,10.0
2022-03-16,3,2.7,81.2,1.0,140.0,10.0
2022-03-16,6,2.5,87.3,1.0,140.0,10.0
2022-03-16,9,3.5,91.8,0.0,0.0,0.4
2022-03-16,12,9.5,68.0,1.0,230.0,4.5
2022-03-16,15,15.9,43.2,3.0,320.0,4.5
2022-03-16,18,12.5,43.4,1.0,50.0,10.0
2022-03-16,21,9.3,51.4,1.0,230.0,10.0
2022-03-17,0,7.9,53.3,0.0,0.0,10.0
2022-03-17,3,7.3,50.9,0.0,0.0,10.0
2022-03-17,6,4.7,62.2,1.0,270.0,10.0
2022-03-17,9,5.1,62.8,1.0,230.0,15.0
2022-03-17,12,10.1,47.7,1.0,180.0,15.0
2022-03-17,15,13.7,38.4,3.0,230.0,15.0
2022-03-17,18,12.3,46.3,2.0,360.0,15.0
2022-03-17,21,10.5,52.9,2.0,360.0,10.0
2022-03-18,0,8.7,55.9,5.0,90.0,10.0
2022-03-18,3,7.3,63.8,6.0,140.0,10.0
2022-03-18,6,6.9,61.4,5.0,90.0,10.0
2022-03-18,9,7.8,59.4,4.0,50.0,15.0
2022-03-18,12,10.0,53.9,3.0,140.0,15.0
2022-03-18,15,9.9,52.3,5.0,140.0,15.0
2022-03-18,18,8.7,55.1,5.0,90.0,15.0
2022-03-18,21,6.9,58.4,3.0,90.0,15.0
2022-03-19,0,5.7,58.1,6.0,90.0,10.0
2022-03-19,3,2.0,89.1,6.0,90.0,4.5
2022-03-19,6,2.0,90.4,5.0,90.0,4.5
2022-03-19,9,1.3,91.0,0.0,0.0,3.5
2022-03-19,12,3.8,83.7,4.0,50.0,10.0
2022-03-19,15,5.7,65.8,0.0,0.0,10.0
2022-03-19,18,5.7,65.8,0.0,0.0,10.0
2022-03-19,21,3.5,75.0,1.0,230.0,10.0
2022-03-20,0,2.2,78.2,0.0,0.0,10.0
2022-03-20,3,1.7,81.0,2.0,320.0,10.0
2022-03-20,6,1.8,83.5,1.0,320.0,10.0
2022-03-20,9,2.4,77.1,2.0,320.0,10.0
2022-03-20,12,6.9,54.2,2.0,270.0,10.0
2022-03-20,15,7.7,40.1,0.0,0.0,10.0
2022-03-20,18,6.1,40.3,3.0,360.0,10.0
2022-03-20,21,2.1,39.3,4.0,320.0,10.0
2022-03-21,0,2.2,43.3,3.0,270.0,10.0
2022-03-21,3,1.6,46.6,3.0,320.0,10.0
2022-03-21,6,0.7,60.8,2.0,140.0,10.0
2022-03-21,9,3.6,68.2,1.0,140.0,10.0
2022-03-21,12,6.3,56.5,1.0,180.0,10.0
2022-03-21,15,8.5,41.6,1.0,140.0,10.0
2022-03-21,18,6.9,44.3,1.0,140.0,10.0
2022-03-21,21,4.9,48.7,3.0,320.0,10.0
2022-03-22,0,3.9,43.5,4.0,320.0,10.0
2022-03-22,3,3.3,52.8,1.0,320.0,10.0
2022-03-22,6,2.5,61.7,1.0,230.0,10.0
2022-03-22,9,4.9,68.0,0.0,0.0,10.0
2022-03-22,12,8.2,48.9,2.0,320.0,10.0
2022-03-22,15,11.3,33.7,3.0,140.0,10.0
2022-03-22,18,10.5,32.2,3.0,360.0,10.0
2022-03-22,21,4.7,47.9,4.0,270.0,10.0
2022-03-23,0,3.7,47.6,0.0,0.0,10.0
2022-03-23,3,2.7,56.8,1.0,320.0,10.0
2022-03-23,6,3.2,61.0,0.0,0.0,10.0
2022-03-23,9,2.2,82.3,0.0,0.0,10.0
2022-03-23,12,4.3,78.5,1.0,230.0,10.0
2022-03-23,15,7.5,64.8,3.0,230.0,12.0
2022-03-23,18,4.4,79.1,3.0,180.0,10.0
2022-03-23,21,5.1,84.5,1.0,230.0,10.0
2022-03-24,0,5.2,89.4,0.0,0.0,10.0
2022-03-24,3,6.5,84.6,1.0,230.0,10.0
2022-03-24,6,5.6,88.8,1.0,140.0,10.0
2022-03-24,9,4.8,93.2,2.0,90.0,4.5
2022-03-24,12,7.1,91.4,3.0,140.0,6.0
2022-03-24,15,7.9,88.4,3.0,180.0,4.2
2022-03-24,18,7.3,90.8,1.0,140.0,4.5
2022-03-24,21,6.8,90.8,1.0,140.0,4.5
2022-03-25,0,7.0,87.7,3.0,140.0,4.5
2022-03-25,3,7.4,67.1,4.0,90.0,10.0
2022-03-25,6,8.7,58.8,2.0,90.0,10.0
2022-03-25,9,10.7,58.9,3.0,90.0,12.0
2022-03-25,12,9.3,80.4,4.0,90.0,10.0
2022-03-25,15,10.6,77.3,4.0,50.0,4.5
2022-03-25,18,13.9,69.9,6.0,90.0,4.5
2022-03-25,21,13.1,85.9,7.0,140.0,4.5
2022-03-26,0,10.1,92.2,12.0,90.0,4.5
2022-03-26,3,11.9,94.2,10.0,140.0,3.5
2022-03-26,6,8.9,92.8,2.0,140.0,3.5
2022-03-26,9,9.4,94.7,2.0,320.0,10.0
2022-03-26,12,10.9,85.1,5.0,360.0,10.0
2022-03-26,15,14.3,62.7,4.0,320.0,15.0
2022-03-26,18,13.3,42.7,5.0,320.0,15.0
2022-03-26,21,9.7,45.8,5.0,320.0,10.0
2022-03-27,0,7.7,54.1,5.0,320.0,10.0
2022-03-27,3,7.3,50.9,5.0,320.0,10.0
2022-03-27,6,7.3,49.7,3.0,360.0,10.0
2022-03-27,9,7.9,47.7,3.0,320.0,15.0
2022-03-27,12,9.4,44.1,5.0,320.0,15.0
2022-03-27,15,9.4,32.1,5.0,360.0,10.0
2022-03-27,18,8.5,32.4,5.0,360.0,15.0
2022-03-27,21,5.0,34.4,4.0,320.0,10.0
2022-03-28,0,3.3,46.4,1.0,320.0,10.0
2022-03-28,3,2.9,45.2,1.0,320.0,10.0
2022-03-28,6,2.2,50.2,1.0,50.0,10.0
2022-03-28,9,6.3,52.5,0.0,0.0,12.0
2022-03-28,12,9.5,37.2,2.0,180.0,15.0
2022-03-28,15,11.9,31.7,1.0,230.0,15.0
2022-03-28,18,10.5,34.0,1.0,270.0,15.0
2022-03-28,21,6.4,36.5,2.0,360.0,15.0
2022-03-29,0,4.6,47.1,0.0,0.0,10.0
2022-03-29,3,3.4,59.2,0.0,0.0,10.0
2022-03-29,6,2.7,55.1,0.0,0.0,10.0
2022-03-29,9,6.1,65.8,3.0,140.0,10.0
2022-03-29,12,9.7,39.8,1.0,180.0,15.0
2022-03-29,15,11.6,41.6,2.0,180.0,15.0
2022-03-29,18,10.1,55.1,1.0,140.0,15.0
2022-03-29,21,8.8,58.4,0.0,0.0,10.0
2022-03-30,0,8.7,58.8,0.0,0.0,10.0
2022-03-30,3,6.9,65.6,0.0,0.0,10.0
2022-03-30,6,7.5,68.6,2.0,90.0,10.0
2022-03-30,9,9.2,69.4,2.0,140.0,10.0
2022-03-30,12,10.8,70.2,2.0,90.0,15.0
2022-03-30,15,10.2,84.5,2.0,140.0,4.5
2022-03-30,18,10.7,84.5,0.0,0.0,10.0
2022-03-30,21,10.1,85.6,0.0,0.0,4.5
2022-03-31,0,9.0,89.1,1.0,50.0,4.5
2022-03-31,3,7.9,90.2,4.0,320.0,10.0
2022-03-31,6,8.1,80.8,0.0,0.0,10.0
2022-03-31,9,8.9,75.4,1.0,320.0,15.0
2022-03-31,12,12.6,61.5,1.0,90.0,15.0
2022-03-31,15,13.5,44.6,2.0,320.0,15.0
2022-03-31,18,12.7,42.8,3.0,320.0,15.0
2022-03-31,21,8.2,39.7,4.0,360.0,10.0
2022-04-01,0,5.5,36.5,3.0,230.0,10.0
2022-04-01,3,5.7,50.4,1.0,180.0,10.0
2022-04-01,6,5.3,53.8,0.0,0.0,10.0
2022-04-01,9,8.3,53.8,1.0,230.0,15.0
2022-04-01,12,12.7,45.1,1.0,230.0,15.0
2022-04-01,15,14.2,35.9,2.0,320.0,15.0
2022-04-01,18,11.1,36.3,3.0,270.0,15.0
2022-04-01,21,6.5,38.3,1.0,90.0,10.0
2022-04-02,0,3.7,54.2,1.0,230.0,10.0
2022-04-02,3,3.7,58.0,0.0,0.0,10.0
2022-04-02,6,2.2,55.8,1.0,90.0,10.0
2022-04-02,9,6.6,49.2,0.0,0.0,15.0
2022-04-02,12,11.1,46.2,2.0,230.0,15.0
2022-04-02,15,12.8,44.1,1.0,180.0,15.0
2022-04-02,18,12.1,36.0,2.0,320.0,15.0
2022-04-02,21,6.7,37.7,4.0,360.0,10.0
2022-04-03,0,6.0,42.8,1.0,360.0,10.0
2022-04-03,3,3.9,50.7,0.0,0.0,10.0
2022-04-03,6,3.4,54.1,1.0,140.0,10.0
2022-04-03,9,7.1,52.7,0.0,0.0,15.0
2022-04-03,12,13.3,40.6,0.0,0.0,15.0
2022-04-03,15,15.6,47.9,1.0,230.0,15.0
2022-04-03,18,14.1,42.3,2.0,320.0,15.0
2022-04-03,21,9.8,50.4,3.0,270.0,10.0
2022-04-04,0,8.2,55.4,1.0,320.0,10.0
2022-04-04,3,8.3,40.3,2.0,360.0,10.0
2022-04-04,6,4.6,57.8,0.0,0.0,10.0
2022-04-04,9,8.1,67.7,0.0,0.0,10.0
2022-04-04,12,12.5,59.4,0.0,0.0,10.0
2022-04-04,15,15.3,43.6,2.0,230.0,15.0
2022-04-04,18,13.2,38.8,1.0,230.0,12.0
2022-04-04,21,9.1,55.2,2.0,320.0,10.0
2022-04-05,0,7.2,80.6,1.0,320.0,10.0
2022-04-05,3,6.3,84.0,0.0,0.0,10.0
2022-04-05,6,5.1,91.9,1.0,90.0,0.2
2022-04-05,9,7.4,89.6,3.0,90.0,4.5
2022-04-05,12,10.7,73.7,3.0,140.0,4.5
2022-04-05,15,11.8,64.4,1.0,140.0,10.0
2022-04-05,18,10.0,67.7,3.0,230.0,10.0
2022-04-05,21,8.2,80.2,1.0,270.0,10.0
2022-04-06,0,8.3,83.1,0.0,0.0,4.5
2022-04-06,3,6.9,88.3,2.0,140.0,10.0
2022-04-06,6,6.0,88.8,1.0,180.0,12.0
2022-04-06,9,9.9,43.6,2.0,180.0,10.0
2022-04-06,12,13.1,35.8,3.0,360.0,15.0
2022-04-06,15,15.1,35.6,3.0,320.0,20.0
2022-04-06,18,12.3,32.3,4.0,360.0,15.0
2022-04-06,21,9.7,35.0,2.0,320.0,10.0
2022-04-07,3,7.3,56.8,2.0,230.0,10.0
2022-04-07,6,6.3,64.0,1.0,230.0,10.0
2022-04-07,9,8.9,60.6,2.0,180.0,15.0
2022-04-07,12,13.9,44.1,4.0,320.0,15.0
2022-04-07,15,15.1,37.2,7.0,320.0,15.0
2022-04-07,18,12.3,37.7,6.0,320.0,15.0
2022-04-07,21,8.8,54.7,4.0,360.0,10.0
2022-04-08,0,8.4,54.6,1.0,360.0,10.0
2022-04-08,3,5.9,67.7,2.0,90.0,10.0
2022-04-08,6,6.9,76.2,4.0,50.0,10.0
2022-04-08,9,8.8,86.7,2.0,90.0,10.0
2022-04-08,12,12.2,69.1,2.0,180.0,15.0
2022-04-08,15,13.0,59.9,1.0,140.0,15.0
2022-04-08,18,12.7,46.4,2.0,90.0,15.0
2022-04-08,21,11.5,37.5,3.0,90.0,10.0
2022-04-09,0,12.1,39.7,2.0,140.0,10.0
2022-04-09,3,11.1,55.4,3.0,140.0,10.0
2022-04-09,6,10.6,67.3,4.0,140.0,10.0
2022-04-09,9,12.1,72.9,3.0,140.0,10.0
2022-04-09,12,13.9,71.3,5.0,50.0,12.0
2022-04-09,15,14.6,71.4,2.0,140.0,15.0
2022-04-09,18,13.1,73.6,3.0,180.0,10.0
2022-04-09,21,12.0,78.6,4.0,140.0,10.0
2022-04-10,0,11.9,80.2,4.0,140.0,10.0
2022-04-10,3,11.1,87.5,4.0,140.0,10.0
2022-04-10,6,10.8,85.7,4.0,140.0,10.0
2022-04-10,9,13.5,86.0,4.0,140.0,15.0
2022-04-10,12,16.1,72.2,6.0,140.0,10.0
2022-04-10,15,18.4,63.7,5.0,230.0,15.0
2022-04-10,18,16.7,65.9,5.0,230.0,15.0
2022-04-10,21,14.8,76.9,1.0,180.0,10.0
2022-04-11,0,13.8,77.3,2.0,50.0,10.0
2022-04-11,3,14.9,77.5,2.0,140.0,10.0
2022-04-11,6,15.4,76.5,2.0,90.0,10.0
2022-04-11,9,16.9,70.5,4.0,140.0,10.0
2022-04-11,12,19.8,67.0,5.0,180.0,15.0
2022-04-11,15,19.7,73.8,1.0,180.0,15.0
2022-04-11,18,18.2,83.2,0.0,0.0,15.0
2022-04-11,21,16.2,89.7,2.0,230.0,10.0
2022-04-12,0,13.7,93.1,0.0,0.0,0.2
2022-04-12,3,13.5,90.0,1.0,50.0,0.2
2022-04-12,6,13.6,93.1,1.0,90.0,1.5
2022-04-12,9,13.8,93.1,1.0,140.0,1.5
2022-04-12,12,13.7,93.1,2.0,180.0,0.9
2022-04-12,15,13.7,93.1,1.0,180.0,3.5
2022-04-12,18,13.5,94.3,2.0,180.0,3.5
2022-04-12,21,12.6,92.4,2.0,320.0,4.5
2022-04-13,0,12.3,94.9,0.0,0.0,10.0
2022-04-13,3,12.3,91.8,0.0,0.0,10.0
2022-04-13,6,11.9,92.4,3.0,90.0,10.0
2022-04-13,9,12.5,78.7,2.0,50.0,15.0
2022-04-13,12,15.0,62.9,3.0,50.0,15.0
2022-04-13,15,16.3,43.3,8.0,140.0,15.0
2022-04-13,18,16.0,42.9,2.0,140.0,15.0
2022-04-13,21,13.8,45.1,6.0,90.0,15.0
2022-04-14,0,12.3,45.6,4.0,90.0,10.0
2022-04-14,3,11.7,42.9,6.0,50.0,10.0
2022-04-14,6,11.3,42.4,2.0,90.0,10.0
2022-04-14,9,12.3,45.6,5.0,90.0,15.0
2022-04-14,12,14.7,47.9,2.0,50.0,15.0
2022-04-14,15,16.9,43.1,5.0,140.0,15.0
2022-04-14,18,16.7,40.4,4.0,270.0,15.0
2022-04-14,21,13.3,53.6,3.0,320.0,10.0
2022-04-15,0,11.5,59.1,0.0,0.0,10.0
2022-04-15,3,9.6,66.2,0.0,0.0,10.0
2022-04-15,6,7.7,66.7,1.0,90.0,10.0
2022-04-15,9,10.8,64.1,0.0,0.0,15.0
2022-04-15,12,16.6,38.7,1.0,270.0,15.0
2022-04-15,15,17.0,34.1,2.0,360.0,15.0
2022-04-15,18,15.6,35.0,6.0,360.0,15.0
2022-04-15,21,13.4,32.6,4.0,50.0,10.0
2022-04-16,0,9.0,44.3,3.0,360.0,10.0
2022-04-16,3,12.7,36.2,6.0,360.0,10.0
2022-04-16,6,7.3,45.8,2.0,360.0,15.0
2022-04-16,9,12.5,39.2,2.0,230.0,15.0
2022-04-16,12,18.0,29.6,4.0,270.0,20.0
2022-04-16,15,20.0,26.5,5.0,270.0,20.0
2022-04-16,18,18.4,25.1,4.0,320.0,20.0
2022-04-16,21,11.7,45.1,3.0,320.0,10.0
2022-04-17,0,7.9,58.2,3.0,320.0,10.0
2022-04-17,3,8.7,72.8,3.0,320.0,10.0
2022-04-17,6,5.8,80.4,2.0,140.0,10.0
2022-04-17,9,10.9,75.3,1.0,90.0,10.0
2022-04-17,12,14.3,72.4,1.0,180.0,10.0
2022-04-17,15,16.9,53.8,3.0,230.0,10.0
2022-04-17,18,17.1,54.3,4.0,270.0,10.0
2022-04-17,21,13.5,47.9,3.0,320.0,10.0
2022-04-18,0,12.7,50.5,3.0,320.0,10.0
2022-04-18,3,10.9,71.2,1.0,270.0,3.5
2022-04-18,6,10.9,72.7,3.0,140.0,3.5
2022-04-18,9,11.9,80.2,0.0,0.0,4.5
2022-04-18,12,15.2,66.0,1.0,140.0,10.0
2022-04-18,15,20.0,47.5,3.0,230.0,10.0
2022-04-18,18,18.6,38.2,7.0,320.0,15.0
2022-04-18,21,14.6,47.6,3.0,320.0,4.9
2022-04-19,0,12.7,58.6,3.0,320.0,10.0
2022-04-19,3,10.3,68.7,1.0,140.0,10.0
2022-04-19,6,8.2,79.1,1.0,360.0,4.5
2022-04-19,9,11.8,86.9,1.0,140.0,4.5
2022-04-19,12,16.4,70.4,1.0,140.0,4.5
2022-04-19,15,18.2,61.6,3.0,180.0,4.5
2022-04-19,18,20.0,40.5,4.0,320.0,10.0
2022-04-19,21,15.3,38.6,3.0,320.0,10.0
2022-04-20,0,11.2,51.2,0.0,0.0,10.0
2022-04-20,3,10.6,38.3,2.0,90.0,10.0
2022-04-20,6,8.5,92.1,3.0,140.0,3.5
2022-04-20,9,10.2,91.0,4.0,140.0,4.5
2022-04-20,12,14.7,66.4,3.0,230.0,10.0
2022-04-20,15,16.9,60.0,3.0,140.0,15.0
2022-04-20,18,14.1,70.4,1.0,140.0,15.0
2022-04-20,21,11.6,88.1,2.0,180.0,10.0
2022-04-21,0,10.7,84.5,2.0,140.0,10.0
2022-04-21,3,9.9,86.8,2.0,90.0,10.0
2022-04-21,6,10.5,63.6,2.0,140.0,10.0
2022-04-21,9,13.3,47.2,2.0,90.0,15.0
2022-04-21,12,15.5,45.5,1.0,140.0,15.0
2022-04-21,15,15.3,57.6,4.0,180.0,15.0
2022-04-21,18,13.9,78.9,4.0,180.0,10.0
2022-04-21,21,12.7,83.6,4.0,90.0,10.0
2022-04-22,0,11.9,84.1,1.0,140.0,10.0
2022-04-22,3,12.0,85.8,2.0,140.0,10.0
2022-04-22,6,11.7,86.4,2.0,90.0,10.0
2022-04-22,9,12.3,91.8,2.0,180.0,10.0
2022-04-22,12,13.5,90.6,1.0,230.0,4.5
2022-04-22,15,17.1,80.4,1.0,140.0,4.5
2022-04-22,18,14.9,85.5,0.0,0.0,4.5
2022-04-22,21,13.0,93.0,2.0,230.0,3.5
2022-04-23,0,11.1,93.5,0.0,0.0,4.5
2022-04-23,3,9.3,90.3,1.0,180.0,4.5
2022-04-23,6,7.6,94.0,0.0,0.0,3.5
2022-04-23,9,8.7,94.1,1.0,230.0,0.9
2022-04-23,12,15.1,73.5,3.0,180.0,10.0
2022-04-23,15,19.6,39.0,1.0,180.0,10.0
2022-04-23,18,20.2,35.8,0.0,0.0,10.0
2022-04-23,21,15.7,29.8,2.0,90.0,10.0
2022-04-24,0,12.7,41.0,1.0,50.0,10.0
2022-04-24,3,11.6,56.3,0.0,0.0,10.0
2022-04-24,6,9.9,77.7,2.0,50.0,0.7
2022-04-24,9,11.8,90.5,0.0,0.0,0.9
2022-04-24,12,14.1,91.9,1.0,90.0,3.5
2022-04-24,15,14.7,90.1,0.0,0.0,3.5
2022-04-24,18,14.5,85.5,0.0,0.0,4.5
2022-04-24,21,13.7,92.5,2.0,180.0,4.5
2022-04-25,0,13.1,94.3,0.0,0.0,0.2
2022-04-25,3,12.9,94.3,1.0,140.0,3.5
2022-04-25,6,13.9,93.1,3.0,140.0,3.5
2022-04-25,9,13.9,91.9,3.0,90.0,0.7
2022-04-25,12,18.7,85.9,1.0,140.0,4.5
2022-04-25,15,19.7,81.8,0.0,0.0,10.0
2022-04-25,18,19.2,81.7,0.0,0.0,10.0
2022-04-25,21,19.6,83.9,0.0,0.0,10.0
2022-04-26,0,17.2,84.7,0.0,0.0,10.0
2022-04-26,3,17.8,83.1,0.0,0.0,10.0
2022-04-26,6,15.3,85.6,0.0,0.0,3.5
2022-04-26,9,22.0,59.7,0.0,0.0,10.0
2022-04-26,12,23.6,55.9,7.0,320.0,15.0
2022-04-26,15,25.6,44.7,2.0,320.0,15.0
2022-04-26,18,20.0,63.2,2.0,320.0,15.0
2022-04-26,21,16.1,74.6,3.0,320.0,10.0
2022-04-27,0,15.6,38.4,6.0,320.0,10.0
2022-04-27,3,13.8,35.0,4.0,360.0,10.0
2022-04-27,6,12.6,34.9,3.0,360.0,10.0
2022-04-27,9,14.5,37.0,2.0,320.0,10.0
2022-04-27,12,19.2,36.0,3.0,50.0,10.0
2022-04-27,15,21.2,34.6,1.0,320.0,15.0
2022-04-27,18,19.2,30.6,1.0,320.0,15.0
2022-04-27,21,16.5,30.3,0.0,0.0,10.0
2022-04-28,0,12.2,34.5,2.0,180.0,10.0
2022-04-28,3,9.7,48.3,0.0,0.0,10.0
2022-04-28,6,11.1,52.3,1.0,140.0,10.0
2022-04-28,9,14.7,52.5,0.0,0.0,15.0
2022-04-28,12,19.7,41.3,1.0,230.0,15.0
2022-04-28,15,19.4,35.6,1.0,230.0,15.0
2022-04-28,18,19.4,32.5,1.0,360.0,15.0
2022-04-28,21,17.6,36.3,5.0,50.0,10.0
2022-04-29,0,15.1,56.0,7.0,50.0,10.0
2022-04-29,3,12.5,84.2,0.0,0.0,4.5
2022-04-29,6,11.5,89.9,1.0,320.0,4.5
2022-04-29,9,11.1,87.5,2.0,50.0,4.6
2022-04-29,12,13.8,75.2,2.0,90.0,15.0
2022-04-29,15,13.9,72.3,0.0,0.0,15.0
2022-04-29,18,14.3,73.8,0.0,0.0,15.0
2022-04-29,21,12.5,84.2,0.0,0.0,10.0
2022-04-30,0,10.7,76.3,2.0,50.0,10.0
2022-04-30,3,9.3,82.6,1.0,50.0,10.0
2022-04-30,6,8.4,84.3,1.0,50.0,10.0
2022-04-30,9,12.3,77.6,0.0,0.0,15.0
2022-04-30,12,13.6,76.2,0.0,0.0,15.0
2022-04-30,15,13.5,67.0,2.0,320.0,15.0
2022-04-30,18,13.7,66.1,5.0,320.0,15.0
2022-04-30,21,10.3,52.8,2.0,270.0,10.0
2022-05-01,0,7.9,63.0,0.0,0.0,10.0
2022-05-01,3,7.2,66.1,2.0,320.0,10.0
2022-05-01,6,7.7,57.3,3.0,320.0,10.0
2022-05-01,9,12.9,45.8,2.0,320.0,15.0
2022-05-01,12,17.9,37.5,7.0,270.0,20.0
2022-05-01,15,16.5,35.8,4.0,320.0,15.0
2022-05-01,18,15.7,40.4,3.0,270.0,15.0
2022-05-01,21,12.0,70.5,2.0,320.0,10.0
2022-05-02,0,9.9,75.6,0.0,0.0,10.0
2022-05-02,3,8.7,72.8,0.0,0.0,10.0
2022-05-02,6,9.3,67.5,2.0,230.0,10.0
2022-05-02,9,14.5,50.3,2.0,320.0,15.0
2022-05-02,12,16.3,40.0,2.0,320.0,15.0
2022-05-02,15,17.8,37.2,2.0,320.0,15.0
2022-05-02,18,16.3,34.4,3.0,320.0,15.0
2022-05-02,21,13.1,40.0,1.0,360.0,10.0
2022-05-03,0,9.2,53.3,1.0,360.0,10.0
2022-05-03,3,9.7,45.8,2.0,360.0,10.0
2022-05-03,6,10.5,44.1,2.0,320.0,15.0
2022-05-03,9,13.5,51.8,0.0,0.0,15.0
2022-05-03,12,19.3,40.1,4.0,180.0,15.0
2022-05-03,15,18.8,38.3,5.0,230.0,15.0
2022-05-03,18,16.0,37.5,3.0,230.0,15.0
2022-05-03,21,12.3,67.2,2.0,140.0,10.0
2022-05-04,0,11.6,70.9,1.0,140.0,10.0
2022-05-04,3,11.2,75.3,0.0,0.0,10.0
2022-05-04,6,11.6,73.3,1.0,90.0,15.0
2022-05-04,9,14.7,70.5,3.0,140.0,15.0
2022-05-04,12,16.0,68.0,3.0,140.0,15.0
2022-05-04,15,16.5,71.3,4.0,180.0,15.0
2022-05-04,18,15.3,76.5,2.0,180.0,15.0
2022-05-04,21,13.7,86.0,1.0,140.0,15.0
2022-05-05,0,12.7,87.0,5.0,90.0,10.0
2022-05-05,3,12.7,83.6,3.0,140.0,15.0
2022-05-05,6,12.3,76.0,5.0,140.0,10.0
2022-05-05,9,15.5,63.5,4.0,90.0,15.0
2022-05-05,12,16.9,68.6,3.0,180.0,15.0
2022-05-05,15,18.9,65.9,3.0,360.0,15.0
2022-05-05,18,18.2,68.4,4.0,180.0,15.0
2022-05-05,21,16.5,74.7,0.0,0.0,10.0
2022-05-06,0,15.9,74.6,0.0,0.0,10.0
2022-05-06,3,15.8,76.6,0.0,0.0,10.0
2022-05-06,6,15.5,81.8,1.0,140.0,10.0
2022-05-06,9,16.9,81.4,0.0,0.0,15.0
2022-05-06,12,20.3,76.8,1.0,180.0,10.0
2022-05-06,15,20.0,80.3,3.0,140.0,10.0
2022-05-06,18,18.3,88.1,1.0,140.0,10.0
2022-05-06,21,16.6,92.6,1.0,270.0,10.0
2022-05-07,0,15.2,94.4,2.0,360.0,4.5
2022-05-07,3,14.5,93.1,4.0,320.0,10.0
2022-05-07,6,14.3,87.8,1.0,50.0,10.0
2022-05-07,9,16.1,54.7,5.0,360.0,12.0
2022-05-07,12,20.4,36.6,4.0,320.0,15.0
2022-05-07,15,19.6,32.1,5.0,320.0,15.0
2022-05-07,18,18.2,35.0,2.0,320.0,15.0
2022-05-07,21,15.5,33.5,1.0,360.0,10.0
2022-05-08,0,16.5,32.1,2.0,360.0,10.0
2022-05-08,3,16.3,30.7,4.0,90.0,10.0
2022-05-08,6,15.9,31.0,4.0,50.0,15.0
2022-05-08,9,16.3,33.5,3.0,90.0,15.0
2022-05-08,12,16.7,35.8,3.0,90.0,15.0
2022-05-08,15,16.7,41.0,1.0,140.0,15.0
2022-05-08,18,14.1,57.7,3.0,50.0,4.5
2022-05-08,21,13.8,70.8,6.0,50.0,10.0
2022-05-09,0,13.3,64.7,1.0,140.0,10.0
2022-05-09,3,11.7,69.0,1.0,360.0,15.0
2022-05-09,6,11.2,79.0,0.0,0.0,15.0
2022-05-09,9,13.9,69.9,1.0,180.0,10.0
2022-05-09,12,19.6,47.0,2.0,270.0,15.0
2022-05-09,15,22.5,32.7,3.0,140.0,15.0
2022-05-09,18,22.0,35.1,1.0,230.0,15.0
2022-05-09,21,17.2,51.1,2.0,360.0,10.0
2022-05-10,0,14.9,59.5,0.0,0.0,10.0
2022-05-10,3,13.0,68.8,0.0,0.0,15.0
2022-05-10,6,13.0,71.6,1.0,230.0,15.0
2022-05-10,9,18.0,57.1,5.0,140.0,10.0
2022-05-10,12,20.3,40.4,4.0,180.0,15.0
2022-05-10,15,21.0,35.3,1.0,230.0,15.0
2022-05-10,18,21.0,34.1,1.0,180.0,15.0
2022-05-10,21,16.5,56.4,2.0,360.0,10.0
2022-05-11,0,15.7,62.6,1.0,320.0,10.0
2022-05-11,3,14.7,65.9,1.0,360.0,11.0
2022-05-11,6,14.7,66.4,0.0,0.0,10.0
2022-05-11,9,17.9,59.9,0.0,0.0,15.0
2022-05-11,12,20.8,51.0,2.0,270.0,15.0
2022-05-11,15,22.0,51.0,1.0,230.0,15.0
2022-05-11,18,20.4,53.0,3.0,320.0,15.0
2022-05-11,21,17.2,60.5,1.0,180.0,10.0
2022-05-12,0,15.4,63.4,0.0,0.0,10.0
2022-05-12,3,12.4,75.0,0.0,0.0,10.0
2022-05-12,6,12.3,84.7,0.0,0.0,10.0
2022-05-12,9,16.7,72.3,2.0,230.0,10.0
2022-05-12,12,22.2,41.7,1.0,230.0,10.0
2022-05-12,15,24.2,38.8,3.0,320.0,15.0
2022-05-12,18,21.0,46.5,4.0,360.0,15.0
2022-05-12,21,19.4,51.3,0.0,0.0,10.0
2022-05-13,0,18.8,49.8,0.0,0.0,10.0
2022-05-13,3,16.6,47.5,0.0,0.0,10.0
2022-05-13,6,13.5,51.1,0.0,0.0,15.0
2022-05-13,9,18.5,53.2,1.0,230.0,15.0
2022-05-13,12,21.6,39.6,2.0,320.0,15.0
2022-05-13,15,20.4,41.2,6.0,320.0,15.0
2022-05-13,18,20.2,40.0,1.0,320.0,15.0
2022-05-13,21,16.1,46.4,1.0,320.0,10.0
2022-05-14,0,13.3,52.5,6.0,320.0,10.0
2022-05-14,3,10.7,58.5,4.0,270.0,10.0
2022-05-14,6,10.3,59.2,3.0,270.0,10.0
2022-05-14,9,15.9,53.6,3.0,320.0,15.0
2022-05-14,12,18.2,34.0,4.0,320.0,15.0
2022-05-14,15,18.2,32.6,4.0,320.0,15.0
2022-05-14,18,16.7,32.6,4.0,360.0,15.0
2022-05-14,21,13.3,43.3,4.0,320.0,10.0
2022-05-15,0,10.9,56.1,2.0,270.0,10.0
2022-05-15,3,9.4,56.1,0.0,0.0,10.0
2022-05-15,6,9.3,58.1,0.0,0.0,15.0
2022-05-15,9,15.4,54.9,0.0,0.0,15.0
2022-05-15,12,20.6,38.0,5.0,320.0,15.0
2022-05-15,15,20.8,37.5,6.0,320.0,15.0
2022-05-15,18,19.2,37.9,5.0,320.0,15.0
2022-05-15,21,14.7,41.3,2.0,320.0,10.0
2022-05-16,0,12.9,47.8,3.0,360.0,10.0
2022-05-16,3,12.7,63.2,3.0,320.0,10.0
2022-05-16,6,11.6,84.6,0.0,0.0,10.0
2022-05-16,9,15.9,81.8,2.0,140.0,15.0
2022-05-16,12,17.5,81.0,1.0,140.0,15.0
2022-05-16,15,18.4,75.5,4.0,140.0,10.0
2022-05-16,18,16.2,87.4,4.0,140.0,10.0
2022-05-16,21,15.7,86.8,2.0,270.0,10.0
2022-05-17,0,14.3,91.9,5.0,140.0,4.5
2022-05-17,3,13.9,91.9,3.0,140.0,3.5
2022-05-17,6,13.9,88.9,4.0,90.0,4.5
2022-05-17,9,15.3,87.9,3.0,140.0,4.6
2022-05-17,12,19.6,76.7,4.0,140.0,10.0
2022-05-17,15,20.4,77.3,2.0,140.0,10.0
2022-05-17,18,17.3,82.5,2.0,140.0,10.0
2022-05-17,21,15.5,93.8,4.0,140.0,4.5
2022-05-18,0,15.0,93.1,4.0,50.0,4.5
2022-05-18,3,15.3,92.5,4.0,140.0,4.5
2022-05-18,6,15.3,92.5,6.0,140.0,3.0
2022-05-18,9,18.2,85.3,3.0,140.0,10.0
2022-05-18,12,18.2,76.5,2.0,140.0,10.0
2022-05-18,15,17.8,82.1,2.0,140.0,10.0
2022-05-18,18,17.1,82.5,2.0,140.0,10.0
2022-05-18,21,15.3,91.4,2.0,140.0,4.5
2022-05-19,0,14.9,93.1,2.0,90.0,4.5
2022-05-19,3,14.5,91.9,2.0,90.0,4.5
2022-05-19,6,14.5,91.9,5.0,140.0,4.5
2022-05-19,9,16.9,86.9,4.0,140.0,10.0
2022-05-19,12,19.8,73.4,4.0,180.0,10.0
2022-05-19,15,20.7,71.2,3.0,140.0,10.0
2022-05-19,18,18.2,79.5,3.0,140.0,10.0
2022-05-19,21,15.6,89.0,4.0,140.0,10.0
2022-05-20,0,15.3,91.4,0.0,0.0,10.0
2022-05-20,3,14.5,89.5,2.0,140.0,4.5
2022-05-20,6,14.1,89.5,3.0,140.0,10.0
2022-05-20,9,16.3,89.7,1.0,140.0,10.0
2022-05-20,12,19.3,76.2,4.0,180.0,10.0
2022-05-20,15,21.2,75.0,1.0,180.0,10.0
2022-05-20,18,20.4,77.3,1.0,140.0,10.0
2022-05-20,21,16.7,86.3,2.0,270.0,10.0
2022-05-21,0,16.7,91.4,1.0,270.0,3.5
2022-05-21,3,15.6,92.6,0.0,0.0,4.5
2022-05-21,6,14.7,89.0,0.0,0.0,3.5
2022-05-21,9,16.6,89.7,0.0,0.0,10.0
2022-05-21,12,19.4,82.3,2.0,180.0,10.0
2022-05-21,15,20.4,77.3,2.0,140.0,10.0
2022-05-21,18,18.6,83.2,2.0,90.0,12.0
2022-05-21,21,16.1,91.4,0.0,0.0,4.7
2022-05-22,0,14.7,91.9,1.0,180.0,3.5
2022-05-22,3,14.8,94.3,0.0,0.0,3.5
2022-05-22,6,14.8,93.1,2.0,180.0,3.5
2022-05-22,9,15.3,92.5,1.0,140.0,0.8
2022-05-22,12,15.2,91.9,1.0,140.0,0.8
2022-05-22,15,18.8,85.4,3.0,90.0,10.0
2022-05-22,18,20.2,82.4,2.0,90.0,10.0
2022-05-22,21,18.3,88.1,2.0,90.0,10.0
2022-05-23,0,16.2,90.8,0.0,0.0,10.0
2022-05-23,3,15.1,90.2,0.0,0.0,10.0
2022-05-23,6,14.3,94.3,0.0,0.0,3.5
2022-05-23,9,15.9,94.4,3.0,140.0,3.0
2022-05-23,12,19.4,88.2,2.0,140.0,3.5
2022-05-23,15,23.2,67.3,2.0,180.0,4.5
2022-05-23,18,21.6,76.0,1.0,140.0,4.5
2022-05-23,21,18.4,87.0,2.0,140.0,4.5
2022-05-24,0,16.9,86.9,0.0,0.0,4.5
2022-05-24,3,15.9,90.2,1.0,270.0,4.5
2022-05-24,6,14.5,90.7,0.0,0.0,3.5
2022-05-24,9,18.6,85.4,1.0,90.0,4.5
2022-05-24,12,23.0,69.8,2.0,180.0,10.0
2022-05-24,15,23.1,68.1,1.0,90.0,15.0
2022-05-24,18,24.8,51.1,5.0,270.0,10.0
2022-05-24,21,20.0,63.6,1.0,270.0,10.0
2022-05-25,0,17.4,72.0,1.0,270.0,10.0
2022-05-25,3,15.6,82.9,0.0,0.0,10.0
2022-05-25,6,15.4,91.4,0.0,0.0,5.0
2022-05-25,9,17.4,91.5,1.0,360.0,4.5
2022-05-25,12,18.2,88.7,3.0,180.0,10.0
2022-05-25,15,19.0,88.2,3.0,230.0,10.0
2022-05-25,18,17.0,92.0,3.0,270.0,3.5
2022-05-25,21,15.0,91.9,4.0,320.0,10.0
2022-05-26,0,13.3,91.8,2.0,320.0,15.0
2022-05-26,3,12.7,92.4,2.0,320.0,13.0
2022-05-26,6,10.9,92.3,0.0,0.0,15.0
2022-05-26,9,15.7,70.7,1.0,230.0,15.0
2022-05-26,12,20.6,51.6,6.0,230.0,15.0
2022-05-26,15,20.8,46.7,7.0,180.0,15.0
2022-05-26,18,19.2,54.8,8.0,270.0,15.0
2022-05-26,21,16.9,76.8,1.0,230.0,10.0
2022-05-27,0,15.9,81.8,2.0,320.0,10.0
2022-05-27,3,14.7,85.5,2.0,320.0,10.0
2022-05-27,6,14.1,83.2,2.0,320.0,10.0
2022-05-27,9,16.9,78.8,3.0,230.0,15.0
2022-05-27,12,23.8,53.5,2.0,230.0,15.0
2022-05-27,15,26.9,40.9,5.0,320.0,15.0
2022-05-27,18,25.0,40.3,2.0,320.0,15.0
2022-05-27,21,19.5,56.8,0.0,0.0,10.0
2022-05-28,0,17.1,66.0,0.0,0.0,10.0
2022-05-28,3,15.2,82.8,3.0,90.0,10.0
2022-05-28,6,15.8,91.4,3.0,90.0,4.5
2022-05-28,9,18.3,84.8,3.0,140.0,4.5
2022-05-28,12,20.4,79.8,5.0,140.0,10.0
2022-05-28,15,22.1,80.6,2.0,140.0,10.0
2022-05-28,18,22.1,75.6,2.0,180.0,10.0
2022-05-28,21,18.4,89.3,2.0,140.0,4.5
2022-05-29,0,17.4,92.7,2.0,230.0,3.5
2022-05-29,3,17.7,91.5,3.0,180.0,3.5
2022-05-29,6,17.2,91.5,3.0,180.0,0.8
2022-05-29,9,17.8,91.5,2.0,180.0,4.5
2022-05-29,12,17.8,90.9,4.0,180.0,4.5
2022-05-29,15,21.0,83.0,3.0,180.0,15.0
2022-05-29,18,21.7,77.5,1.0,180.0,15.0
2022-05-29,21,18.8,83.2,0.0,0.0,15.0
2022-05-30,0,18.0,89.2,0.0,0.0,10.0
2022-05-30,3,17.4,88.6,0.0,0.0,10.0
2022-05-30,6,17.3,88.6,0.0,0.0,10.0
2022-05-30,9,18.4,91.0,1.0,230.0,4.5
2022-05-30,12,20.6,86.7,2.0,270.0,12.0
2022-05-30,15,18.8,91.0,4.0,320.0,12.0
2022-05-30,18,22.2,41.5,4.0,320.0,12.0
2022-05-30,21,18.2,43.5,3.0,230.0,10.0
2022-05-31,0,14.5,62.4,1.0,320.0,10.0
2022-05-31,3,13.9,64.8,1.0,320.0,10.0
2022-05-31,6,13.5,71.7,0.0,0.0,10.0
2022-05-31,9,18.9,61.7,1.0,180.0,12.0
2022-05-31,12,20.4,47.6,2.0,180.0,15.0
2022-05-31,15,24.1,38.5,6.0,230.0,15.0
2022-05-31,18,21.4,53.2,3.0,230.0,15.0
2022-05-31,21,18.2,69.3,0.0,0.0,15.0
2022-06-01,0,16.7,79.3,3.0,90.0,15.0
2022-06-01,3,18.2,73.5,0.0,0.0,4.5
2022-06-01,6,16.3,79.2,2.0,90.0,15.0
2022-06-01,9,18.3,80.6,3.0,50.0,15.0
2022-06-01,12,21.6,71.8,2.0,180.0,15.0
2022-06-01,15,24.1,62.1,3.0,140.0,15.0
2022-06-01,18,24.3,57.6,2.0,230.0,15.0
2022-06-01,21,19.8,77.2,1.0,230.0,15.0
2022-06-02,0,17.1,84.7,0.0,0.0,10.0
2022-06-02,3,16.2,86.2,0.0,0.0,10.0
2022-06-02,6,17.4,89.7,1.0,180.0,10.0
2022-06-02,9,19.0,85.4,1.0,230.0,10.0
2022-06-02,12,20.0,79.3,1.0,180.0,10.0
2022-06-02,15,21.2,75.0,2.0,180.0,15.0
2022-06-02,18,22.0,75.6,2.0,230.0,15.0
2022-06-02,21,19.4,83.8,2.0,140.0,10.0
2022-06-03,0,18.3,91.0,0.0,0.0,4.5
2022-06-03,3,18.0,89.2,0.0,0.0,5.0
2022-06-03,6,18.4,87.0,0.0,0.0,10.0
2022-06-03,9,20.3,79.8,5.0,140.0,15.0
2022-06-03,12,23.0,72.1,5.0,180.0,15.0
2022-06-03,15,23.8,66.5,4.0,230.0,15.0
2022-06-03,18,23.8,68.7,2.0,270.0,15.0
2022-06-03,21,20.4,86.1,1.0,180.0,15.0
2022-06-04,0,19.4,90.5,2.0,180.0,15.0
2022-06-04,3,18.4,93.9,2.0,180.0,15.0
2022-06-04,6,17.8,94.5,2.0,140.0,3.5
2022-06-04,9,18.4,93.3,3.0,140.0,10.0
2022-06-04,12,20.8,86.1,2.0,140.0,10.0
2022-06-04,15,23.3,69.9,2.0,140.0,10.0
2022-06-04,18,24.6,67.1,2.0,230.0,10.0
2022-06-04,21,23.0,75.3,0.0,0.0,10.0
2022-06-05,0,21.9,79.5,0.0,0.0,10.0
2022-06-05,3,22.0,79.5,1.0,90.0,10.0
2022-06-05,6,20.9,82.4,0.0,0.0,15.0
2022-06-05,9,22.2,73.3,0.0,0.0,15.0
2022-06-05,12,23.6,65.7,0.0,0.0,15.0
2022-06-05,15,24.7,60.7,2.0,180.0,15.0
2022-06-05,18,21.6,66.9,2.0,180.0,15.0
2022-06-05,21,19.7,73.8,1.0,180.0,10.0
2022-06-06,0,19.5,78.7,0.0,0.0,10.0
2022-06-06,3,19.0,81.7,7.0,50.0,10.0
2022-06-06,6,17.6,84.7,4.0,50.0,10.0
2022-06-06,9,19.2,73.7,3.0,50.0,15.0
2022-06-06,12,21.3,58.0,6.0,90.0,15.0
2022-06-06,15,23.1,53.3,2.0,90.0,15.0
2022-06-06,18,22.6,49.8,5.0,140.0,15.0
2022-06-06,21,18.8,64.6,5.0,90.0,10.0
2022-06-07,0,16.3,65.4,5.0,90.0,10.0
2022-06-07,3,15.9,65.7,6.0,50.0,10.0
2022-06-07,6,15.4,66.1,2.0,50.0,10.0
2022-06-07,9,17.6,63.1,2.0,50.0,15.0
2022-06-07,12,22.2,51.4,2.0,140.0,15.0
2022-06-07,15,22.9,49.2,2.0,320.0,15.0
2022-06-07,18,22.8,52.9,1.0,50.0,15.0
2022-06-07,21,21.0,59.0,2.0,50.0,10.0
2022-06-08,0,19.4,65.6,1.0,50.0,10.0
2022-06-08,3,18.3,66.7,0.0,0.0,10.0
2022-06-08,6,18.0,71.6,2.0,50.0,10.0
2022-06-08,9,19.7,71.5,2.0,50.0,15.0
2022-06-08,12,21.2,69.9,1.0,180.0,15.0
2022-06-08,15,22.0,70.1,2.0,180.0,15.0
2022-06-08,18,21.8,69.6,2.0,180.0,15.0
2022-06-08,21,19.8,85.5,0.0,0.0,10.0
2022-06-09,0,18.4,89.3,1.0,230.0,10.0
2022-06-09,3,18.4,89.3,1.0,360.0,10.0
2022-06-09,6,18.2,91.0,1.0,50.0,10.0
2022-06-09,9,18.4,92.1,1.0,180.0,4.5
2022-06-09,12,19.5,93.9,2.0,230.0,10.0
2022-06-09,15,20.7,83.5,5.0,270.0,10.0
2022-06-09,18,20.8,78.9,4.0,270.0,15.0
2022-06-09,21,19.1,81.7,1.0,320.0,10.0
2022-06-10,0,18.0,89.8,1.0,90.0,10.0
2022-06-10,3,18.0,89.8,1.0,140.0,10.0
2022-06-10,6,16.9,89.7,1.0,90.0,10.0
2022-06-10,9,20.7,83.5,1.0,90.0,15.0
2022-06-10,12,18.2,91.0,0.0,0.0,3.5
2022-06-10,15,18.0,90.9,1.0,360.0,4.5
2022-06-10,18,19.2,90.5,1.0,270.0,10.0
2022-06-10,21,18.3,91.0,1.0,140.0,10.0
2022-06-11,0,18.1,91.0,1.0,180.0,10.0
2022-06-11,3,16.9,92.6,0.0,0.0,10.0
2022-06-11,6,18.0,89.8,1.0,50.0,12.0
2022-06-11,9,22.0,83.1,0.0,0.0,15.0
2022-06-11,12,25.3,66.9,1.0,180.0,15.0
2022-06-11,15,27.0,57.9,1.0,50.0,15.0
2022-06-11,18,27.2,55.8,2.0,320.0,15.0
2022-06-11,21,24.4,64.6,0.0,0.0,10.0
2022-06-12,0,22.8,73.4,4.0,50.0,10.0
2022-06-12,3,21.0,72.2,1.0,230.0,10.0
2022-06-12,6,20.6,71.2,3.0,90.0,10.0
2022-06-12,9,22.6,65.5,4.0,90.0,15.0
2022-06-12,12,25.5,62.8,4.0,140.0,15.0
2022-06-12,15,25.3,64.8,1.0,180.0,15.0
2022-06-12,18,24.8,63.1,0.0,0.0,15.0
2022-06-12,21,22.3,83.1,2.0,180.0,10.0
2022-06-13,0,20.6,90.6,2.0,140.0,10.0
2022-06-13,3,19.6,91.1,1.0,90.0,10.0
2022-06-13,6,19.0,92.2,4.0,90.0,4.5
2022-06-13,9,22.2,80.1,5.0,90.0,10.0
2022-06-13,12,24.2,76.0,3.0,180.0,12.0
2022-06-13,15,26.4,67.1,2.0,230.0,10.0
2022-06-13,18,25.0,66.0,5.0,360.0,10.0
2022-06-13,21,21.5,71.8,6.0,50.0,10.0
2022-06-14,0,21.0,64.7,8.0,50.0,10.0
2022-06-14,3,19.6,64.4,8.0,50.0,10.0
2022-06-14,6,19.0,62.6,6.0,50.0,10.0
2022-06-14,9,20.4,61.7,7.0,140.0,15.0
2022-06-14,12,23.9,53.5,6.0,50.0,15.0
2022-06-14,15,24.2,52.9,4.0,90.0,10.0
2022-06-14,18,21.3,62.7,3.0,140.0,10.0
2022-06-14,21,19.2,79.1,3.0,140.0,4.5
2022-06-15,0,15.8,82.9,7.0,90.0,4.5
2022-06-15,3,14.7,91.9,5.0,90.0,4.0
2022-06-15,6,14.9,90.7,4.0,90.0,4.5
2022-06-15,9,15.1,90.2,3.0,50.0,4.5
2022-06-15,12,16.6,91.4,1.0,360.0,4.5
2022-06-15,15,17.6,92.1,2.0,180.0,4.5
2022-06-15,18,17.3,94.4,0.0,0.0,10.0
2022-06-15,21,17.3,96.9,0.0,0.0,10.0
2022-06-16,0,17.4,96.3,0.0,0.0,10.0
2022-06-16,3,16.0,92.6,2.0,360.0,10.0
2022-06-16,6,15.2,91.9,1.0,360.0,10.0
2022-06-16,9,18.6,91.0,2.0,360.0,10.0
2022-06-16,12,23.2,74.0,5.0,270.0,15.0
2022-06-16,15,24.9,69.3,4.0,230.0,15.0
2022-06-16,18,23.4,69.5,1.0,230.0,15.0
2022-06-16,21,20.0,81.3,1.0,180.0,15.0
2022-06-17,0,17.8,88.6,0.0,0.0,10.0
2022-06-17,3,16.7,87.4,0.0,0.0,10.0
2022-06-17,6,16.7,88.5,2.0,140.0,12.0
2022-06-17,9,19.6,86.0,2.0,140.0,15.0
2022-06-17,12,22.1,85.7,2.0,90.0,15.0
2022-06-17,15,21.3,92.9,4.0,180.0,10.0
2022-06-17,18,20.8,93.4,4.0,180.0,10.0
2022-06-17,21,20.2,90.5,2.0,140.0,0.2
2022-06-18,0,20.0,91.7,3.0,180.0,1.5
2022-06-18,3,19.8,92.2,2.0,180.0,10.0
2022-06-18,6,20.0,93.4,3.0,90.0,10.0
2022-06-18,9,20.4,92.8,1.0,140.0,3.5
2022-06-18,12,20.6,91.7,1.0,180.0,4.5
2022-06-18,15,21.6,91.2,3.0,140.0,4.5
2022-06-18,18,21.4,91.7,3.0,180.0,4.5
2022-06-18,21,20.6,91.7,2.0,180.0,0.5
2022-06-19,0,20.4,89.4,2.0,140.0,4.5
2022-06-19,3,20.7,92.3,3.0,180.0,3.5
2022-06-19,6,20.5,93.4,1.0,140.0,1.5
2022-06-19,9,20.1,94.6,0.0,0.0,1.6
2022-06-19,12,20.6,93.4,1.0,140.0,1.2
2022-06-19,15,22.0,91.2,2.0,140.0,0.9
2022-06-19,18,21.6,90.1,2.0,180.0,7.0
2022-06-19,21,21.3,92.9,1.0,90.0,3.5
2022-06-20,0,21.0,92.3,0.0,0.0,0.2
2022-06-20,3,20.7,92.3,1.0,90.0,3.5
2022-06-20,6,20.6,92.3,0.0,0.0,0.9
2022-06-20,9,23.0,92.4,0.0,0.0,15.0
2022-06-20,12,23.8,89.7,1.0,180.0,15.0
2022-06-20,15,24.6,89.2,2.0,140.0,15.0
2022-06-20,18,25.0,84.5,2.0,270.0,15.0
2022-06-20,21,23.0,91.3,0.0,0.0,10.0
2022-06-21,0,21.5,91.7,1.0,360.0,4.5
2022-06-21,3,20.0,95.2,0.0,0.0,4.5
2022-06-21,6,19.6,92.2,0.0,0.0,0.2
2022-06-21,9,21.0,91.7,1.0,320.0,0.8
2022-06-21,12,25.0,86.0,3.0,230.0,15.0
2022-06-21,15,27.7,81.3,2.0,360.0,15.0
2022-06-21,18,27.5,77.9,3.0,320.0,15.0
2022-06-21,21,24.0,86.5,3.0,360.0,10.0
2022-06-22,0,21.9,90.6,1.0,360.0,10.0
2022-06-22,3,21.0,93.4,0.0,0.0,4.5
2022-06-22,6,21.2,92.3,0.0,0.0,10.0
2022-06-22,9,23.1,91.3,1.0,140.0,10.0
2022-06-22,12,25.0,84.5,1.0,180.0,15.0
2022-06-22,15,25.5,82.0,4.0,230.0,10.0
2022-06-22,18,24.6,81.9,2.0,230.0,13.0
2022-06-22,21,22.9,88.5,2.0,230.0,10.0
2022-06-23,0,22.1,91.8,4.0,90.0,10.0
2022-06-23,3,20.8,90.6,3.0,180.0,10.0
2022-06-23,6,20.8,87.8,3.0,140.0,10.0
2022-06-23,9,21.4,91.7,4.0,140.0,4.5
2022-06-23,12,21.6,91.7,5.0,140.0,1.5
2022-06-23,15,22.6,91.8,1.0,230.0,4.5
2022-06-23,18,21.8,91.8,2.0,230.0,1.5
2022-06-23,21,22.5,92.9,5.0,230.0,0.9
2022-06-24,0,22.2,92.9,6.0,270.0,4.5
2022-06-24,3,20.8,90.0,3.0,320.0,0.9
2022-06-24,6,20.6,90.0,4.0,320.0,10.0
2022-06-24,9,22.6,90.1,0.0,0.0,15.0
2022-06-24,12,22.7,91.3,3.0,230.0,15.0
2022-06-24,15,24.8,86.0,4.0,230.0,15.0
2022-06-24,18,25.1,83.0,5.0,270.0,10.0
2022-06-24,21,22.6,92.9,3.0,230.0,4.5
2022-06-25,0,20.4,92.8,0.0,0.0,4.5
2022-06-25,3,19.5,91.0,1.0,140.0,10.0
2022-06-25,6,19.0,92.2,2.0,180.0,4.5
2022-06-25,9,22.0,90.1,3.0,140.0,4.5
2022-06-25,12,23.2,90.2,1.0,90.0,4.7
2022-06-25,15,22.1,90.7,3.0,140.0,3.5
2022-06-25,18,22.4,91.2,3.0,140.0,3.5
2022-06-25,21,22.2,91.8,3.0,180.0,3.5
2022-06-26,0,21.8,91.2,4.0,140.0,0.2
2022-06-26,3,21.7,91.8,3.0,230.0,1.5
2022-06-26,6,21.9,91.8,2.0,180.0,1.5
2022-06-26,9,21.6,90.1,4.0,90.0,3.5
2022-06-26,12,21.8,91.2,2.0,90.0,1.5
2022-06-26,15,22.6,90.1,1.0,140.0,1.5
2022-06-26,18,22.0,91.8,1.0,140.0,1.5
2022-06-26,21,22.6,92.9,3.0,180.0,1.5
2022-06-27,0,22.6,91.8,4.0,140.0,0.5
2022-06-27,3,22.3,90.7,4.0,180.0,4.5
2022-06-27,6,22.2,91.2,3.0,180.0,4.5
2022-06-27,9,23.1,91.3,4.0,140.0,4.5
2022-06-27,12,23.0,92.4,5.0,180.0,4.5
2022-06-27,15,22.8,91.3,4.0,140.0,3.5
2022-06-27,18,22.8,91.3,5.0,140.0,4.3
2022-06-27,21,23.0,94.1,9.0,140.0,4.5
2022-06-28,0,22.9,93.0,7.0,180.0,4.5
2022-06-28,3,23.0,92.4,12.0,230.0,4.5
2022-06-28,6,22.8,92.4,8.0,230.0,3.5
2022-06-28,9,22.9,90.2,7.0,230.0,4.5
2022-06-28,12,23.0,92.4,6.0,230.0,3.5
2022-06-28,15,22.7,91.8,5.0,230.0,4.5
2022-06-28,18,23.5,92.4,6.0,180.0,4.5
2022-06-28,21,22.6,92.9,6.0,230.0,1.5
2022-06-29,0,22.8,92.4,5.0,230.0,3.5
2022-06-29,3,22.9,91.8,10.0,230.0,3.5
2022-06-29,6,23.0,92.4,6.0,270.0,1.5
2022-06-29,9,22.6,91.2,3.0,230.0,1.5
2022-06-29,12,23.2,90.2,1.0,230.0,10.0
2022-06-29,15,23.1,90.7,3.0,270.0,0.9
2022-06-29,18,23.2,90.2,1.0,180.0,4.5
2022-06-29,21,23.0,93.0,2.0,230.0,4.5
2022-06-30,0,22.2,91.8,3.0,90.0,1.5
2022-06-30,3,22.4,91.8,0.0,0.0,1.5
2022-06-30,6,22.2,91.8,2.0,140.0,2.5
2022-06-30,9,22.6,91.8,3.0,90.0,4.5
2022-06-30,12,23.0,92.4,2.0,90.0,4.0
2022-06-30,15,22.8,90.1,2.0,140.0,4.5
2022-06-30,18,22.9,89.6,3.0,180.0,1.5
2022-06-30,21,22.2,91.8,4.0,140.0,4.0
2022-07-01,0,22.2,91.8,2.0,90.0,3.5
2022-07-01,3,22.6,91.8,2.0,90.0,4.0
2022-07-01,6,22.2,91.8,3.0,180.0,0.3
2022-07-01,9,23.0,92.4,2.0,180.0,0.6
2022-07-01,12,24.4,91.4,3.0,180.0,10.0
2022-07-01,15,25.3,89.8,4.0,180.0,15.0
2022-07-01,18,24.2,90.8,1.0,230.0,15.0
2022-07-01,21,23.3,92.4,0.0,0.0,4.5
2022-07-02,0,23.6,91.3,1.0,180.0,4.5
2022-07-02,3,23.3,91.3,0.0,0.0,4.5
2022-07-02,6,23.2,91.3,0.0,0.0,10.0
2022-07-02,9,24.2,89.7,1.0,180.0,10.0
2022-07-02,12,25.8,88.2,2.0,320.0,10.0
2022-07-02,15,27.2,91.0,3.0,180.0,15.0
2022-07-02,18,27.6,89.9,2.0,270.0,15.0
2022-07-02,21,25.0,92.5,0.0,0.0,10.0
2022-07-03,0,22.8,91.8,0.0,0.0,10.0
2022-07-03,3,21.8,91.2,0.0,0.0,10.0
2022-07-03,6,21.4,91.2,0.0,0.0,10.0
2022-07-03,9,25.0,92.5,0.0,0.0,15.0
2022-07-03,12,28.3,83.3,0.0,0.0,15.0
2022-07-03,15,31.2,78.0,0.0,0.0,15.0
2022-07-03,18,29.1,81.5,1.0,230.0,15.0
2022-07-03,21,26.3,90.4,0.0,0.0,10.0
2022-07-04,0,25.0,92.5,0.0,0.0,10.0
2022-07-04,3,24.6,90.8,0.0,0.0,10.0
2022-07-04,6,23.8,91.3,0.0,0.0,10.0
2022-07-04,9,26.5,89.3,0.0,0.0,15.0
2022-07-04,12,29.1,77.7,0.0,0.0,15.0
2022-07-04,15,31.3,76.2,4.0,230.0,15.0
2022-07-04,18,29.9,79.7,1.0,320.0,15.0
2022-07-04,21,27.8,84.3,0.0,0.0,10.0
2022-07-05,0,26.9,86.7,0.0,0.0,10.0
2022-07-05,3,25.5,90.9,1.0,50.0,10.0
2022-07-05,6,25.1,91.4,0.0,0.0,10.0
2022-07-05,9,29.1,88.0,0.0,0.0,15.0
2022-07-05,12,31.7,77.6,1.0,230.0,15.0
2022-07-05,15,32.2,75.9,3.0,230.0,15.0
2022-07-05,18,31.3,78.0,3.0,230.0,15.0
2022-07-05,21,28.5,80.9,1.0,270.0,10.0
2022-07-06,0,26.3,85.6,1.0,270.0,10.0
2022-07-06,3,25.9,90.9,3.0,140.0,10.0
2022-07-06,6,25.5,89.8,3.0,140.0,10.0
2022-07-06,9,26.5,90.9,4.0,230.0,10.0
2022-07-06,12,29.2,86.4,4.0,50.0,10.0
2022-07-06,15,30.1,83.0,2.0,140.0,15.0
2022-07-06,18,29.1,84.9,2.0,140.0,15.0
2022-07-06,21,28.5,83.4,2.0,180.0,10.0
2022-07-07,0,27.3,86.8,4.0,180.0,10.0
2022-07-07,3,26.6,91.0,4.0,90.0,10.0
2022-07-07,6,26.5,92.0,6.0,140.0,4.5
2022-07-07,9,26.5,90.9,7.0,140.0,15.0
2022-07-07,12,25.2,93.1,7.0,140.0,4.5
2022-07-07,15,25.0,95.3,6.0,180.0,4.5
2022-07-07,18,25.4,94.2,4.0,230.0,4.5
2022-07-07,21,24.6,91.4,5.0,230.0,4.5
2022-07-08,0,23.9,89.7,3.0,230.0,4.5
2022-07-08,3,22.9,93.0,2.0,270.0,4.5
2022-07-08,6,23.0,94.1,0.0,0.0,4.5
2022-07-08,9,22.5,96.4,1.0,270.0,3.5
2022-07-08,12,23.0,92.4,1.0,320.0,5.0
2022-07-08,15,25.3,90.9,0.0,0.0,15.0
2022-07-08,18,25.5,92.5,1.0,180.0,15.0
2022-07-08,21,24.7,93.1,1.0,140.0,10.0
2022-07-09,0,24.4,90.8,1.0,360.0,4.5
2022-07-09,3,22.9,93.0,3.0,320.0,0.4
2022-07-09,6,22.0,92.3,0.0,0.0,4.5
2022-07-09,9,25.0,92.5,1.0,230.0,10.0
2022-07-09,12,29.0,81.9,2.0,230.0,15.0
2022-07-09,15,29.5,80.1,3.0,180.0,15.0
2022-07-09,18,29.5,84.5,1.0,180.0,15.0
2022-07-09,21,27.8,88.9,2.0,180.0,10.0
2022-07-10,0,26.0,90.9,0.0,0.0,10.0
2022-07-10,3,24.6,91.4,1.0,140.0,10.0
2022-07-10,6,24.2,93.0,3.0,180.0,0.8
2022-07-10,9,25.2,92.5,2.0,140.0,4.5
2022-07-10,12,27.9,86.3,2.0,180.0,15.0
2022-07-10,15,28.1,84.8,2.0,140.0,15.0
2022-07-10,18,27.7,78.4,0.0,0.0,15.0
2022-07-10,21,26.9,73.7,0.0,0.0,10.0
2022-07-11,0,24.8,86.0,0.0,0.0,10.0
2022-07-11,3,24.3,88.1,0.0,0.0,10.0
2022-07-11,6,24.4,88.1,0.0,0.0,10.0
2022-07-11,9,25.0,84.5,0.0,0.0,10.0
2022-07-11,12,28.1,80.4,2.0,320.0,10.0
2022-07-11,15,30.0,81.1,1.0,230.0,15.0
2022-07-11,18,29.1,82.0,2.0,140.0,15.0
2022-07-11,21,26.9,85.7,2.0,90.0,10.0
2022-07-12,0,25.8,82.0,3.0,90.0,10.0
2022-07-12,3,24.7,83.4,3.0,90.0,10.0
2022-07-12,6,25.0,80.9,2.0,90.0,10.0
2022-07-12,9,25.3,79.0,3.0,90.0,15.0
2022-07-12,12,26.1,81.6,3.0,90.0,15.0
2022-07-12,15,25.9,86.1,4.0,90.0,20.0
2022-07-12,18,26.2,87.2,3.0,90.0,15.0
2022-07-12,21,26.3,83.1,4.0,50.0,10.0
2022-07-13,0,26.2,84.1,4.0,140.0,10.0
2022-07-13,3,24.7,93.1,3.0,140.0,4.5
2022-07-13,6,24.6,93.0,4.0,140.0,3.5
2022-07-13,9,24.2,94.2,5.0,140.0,3.5
2022-07-13,12,23.6,94.1,8.0,180.0,3.5
2022-07-13,15,24.0,91.9,2.0,140.0,3.5
2022-07-13,18,24.8,92.5,0.0,0.0,10.0
2022-07-13,21,23.8,91.3,2.0,230.0,4.5
2022-07-14,0,22.9,91.8,0.0,0.0,4.5
2022-07-14,3,22.6,92.9,1.0,360.0,10.0
2022-07-14,6,22.6,92.9,0.0,0.0,10.0
2022-07-14,9,23.4,93.0,0.0,0.0,10.0
2022-07-14,12,25.5,92.5,1.0,320.0,15.0
2022-07-14,15,28.1,84.8,2.0,230.0,15.0
2022-07-14,18,28.9,84.9,5.0,270.0,15.0
2022-07-14,21,24.2,91.3,3.0,180.0,10.0
2022-07-15,0,22.6,90.1,2.0,270.0,10.0
2022-07-15,3,21.6,90.1,2.0,140.0,10.0
2022-07-15,6,20.8,90.6,1.0,360.0,10.0
2022-07-15,9,22.9,90.2,0.0,0.0,10.0
2022-07-15,12,27.1,87.3,1.0,270.0,10.0
2022-07-15,15,27.7,86.8,4.0,140.0,15.0
2022-07-15,18,27.6,83.2,6.0,140.0,15.0
2022-07-15,21,24.8,87.6,2.0,360.0,15.0
2022-07-16,0,23.0,92.4,0.0,0.0,10.0
2022-07-16,3,22.5,91.8,1.0,270.0,10.0
2022-07-16,6,21.7,91.8,2.0,50.0,10.0
2022-07-16,9,23.8,89.7,0.0,0.0,10.0
2022-07-16,12,26.7,88.8,0.0,0.0,10.0
2022-07-16,15,28.9,78.6,4.0,230.0,15.0
2022-07-16,18,28.1,82.3,3.0,320.0,15.0
2022-07-16,21,25.1,87.1,2.0,230.0,10.0
2022-07-17,0,23.5,92.4,0.0,0.0,10.0
2022-07-17,3,22.9,91.8,0.0,0.0,10.0
2022-07-17,6,22.6,91.8,0.0,0.0,10.0
2022-07-17,9,25.4,89.2,1.0,230.0,12.0
2022-07-17,12,27.7,82.3,1.0,230.0,15.0
2022-07-17,15,29.1,76.3,4.0,230.0,15.0
2022-07-17,18,27.2,85.2,3.0,230.0,15.0
2022-07-17,21,25.4,90.9,2.0,270.0,10.0
2022-07-18,0,24.8,90.8,1.0,270.0,10.0
2022-07-18,3,23.3,93.0,1.0,90.0,4.5
2022-07-18,6,23.2,91.8,2.0,140.0,4.5
2022-07-18,9,26.3,87.2,3.0,140.0,4.5
2022-07-18,12,28.6,79.5,2.0,230.0,10.0
2022-07-18,15,29.5,74.6,1.0,230.0,15.0
2022-07-18,18,29.9,77.3,0.0,0.0,15.0
2022-07-18,21,26.8,82.2,2.0,230.0,10.0
2022-07-19,0,24.8,86.0,1.0,180.0,10.0
2022-07-19,3,23.9,88.1,0.0,0.0,10.0
2022-07-19,6,22.6,89.0,0.0,0.0,15.0
2022-07-19,9,26.0,87.2,0.0,0.0,15.0
2022-07-19,12,30.1,79.7,0.0,0.0,15.0
2022-07-19,15,28.7,81.9,4.0,230.0,10.0
2022-07-19,18,28.1,78.0,2.0,180.0,10.0
2022-07-19,21,26.7,83.1,3.0,320.0,10.0
2022-07-20,0,26.2,80.6,3.0,320.0,10.0
2022-07-20,3,25.5,87.7,5.0,270.0,10.0
2022-07-20,6,24.8,85.0,2.0,270.0,15.0
2022-07-20,9,26.3,86.7,1.0,230.0,10.0
2022-07-20,12,28.9,80.5,1.0,230.0,10.0
2022-07-20,15,27.9,86.8,1.0,270.0,15.0
2022-07-20,18,26.9,87.8,0.0,0.0,15.0
2022-07-20,21,25.1,89.8,0.0,0.0,4.5
2022-07-21,0,22.3,90.1,2.0,90.0,4.0
2022-07-21,3,20.4,95.2,3.0,90.0,3.5
2022-07-21,6,20.8,91.7,4.0,140.0,4.5
2022-07-21,9,22.7,91.3,0.0,0.0,15.0
2022-07-21,12,24.8,87.6,3.0,360.0,10.0
2022-07-21,15,26.5,83.6,3.0,320.0,15.0
2022-07-21,18,27.5,79.3,5.0,320.0,15.0
2022-07-21,21,24.7,81.9,3.0,320.0,15.0
2022-07-22,0,23.3,85.9,2.0,360.0,10.0
2022-07-22,3,22.4,94.1,3.0,230.0,10.0
2022-07-22,6,22.4,92.9,2.0,230.0,10.0
2022-07-22,9,25.1,89.2,1.0,320.0,15.0
2022-07-22,12,26.7,86.2,0.0,0.0,4.5
2022-07-22,15,28.5,83.9,3.0,180.0,15.0
2022-07-22,18,25.0,92.5,0.0,0.0,10.0
2022-07-22,21,24.2,92.5,0.0,0.0,10.0
2022-07-23,0,23.2,91.8,0.0,0.0,10.0
2022-07-23,3,23.2,94.1,0.0,0.0,10.0
2022-07-23,6,23.0,94.1,0.0,0.0,10.0
2022-07-23,9,24.2,93.0,3.0,140.0,10.0
2022-07-23,12,25.3,89.2,4.0,180.0,10.0
2022-07-23,15,24.6,89.7,4.0,140.0,4.5
2022-07-23,18,23.0,94.1,3.0,180.0,3.5
2022-07-23,21,20.8,91.7,5.0,140.0,4.5
2022-07-24,0,21.3,92.9,5.0,90.0,4.5
2022-07-24,3,22.0,90.1,5.0,90.0,4.5
2022-07-24,6,22.4,91.2,4.0,90.0,4.5
2022-07-24,9,22.4,91.2,0.0,0.0,4.5
2022-07-24,12,23.2,93.0,0.0,0.0,4.5
2022-07-24,15,26.2,90.9,0.0,0.0,10.0
2022-07-24,18,26.9,83.7,3.0,360.0,10.0
2022-07-24,21,24.5,84.4,1.0,140.0,15.0
2022-07-25,0,22.5,90.7,0.0,0.0,15.0
2022-07-25,3,21.7,89.0,1.0,50.0,10.0
2022-07-25,6,21.0,89.5,1.0,90.0,10.0
2022-07-25,9,25.0,86.6,0.0,0.0,15.0
2022-07-25,12,28.3,83.3,2.0,230.0,15.0
2022-07-25,15,29.1,80.5,3.0,230.0,10.0
2022-07-25,18,29.0,80.5,2.0,140.0,10.0
2022-07-25,21,26.5,84.1,0.0,0.0,10.0
2022-07-26,0,24.7,89.7,0.0,0.0,10.0
2022-07-26,3,23.5,91.3,0.0,0.0,10.0
2022-07-26,6,23.6,92.4,0.0,0.0,10.0
2022-07-26,9,26.9,87.8,1.0,230.0,10.0
2022-07-26,12,29.7,79.6,3.0,180.0,10.0
2022-07-26,15,30.5,79.3,3.0,270.0,10.0
2022-07-26,18,29.3,80.5,2.0,230.0,10.0
2022-07-26,21,27.3,84.2,0.0,0.0,10.0
2022-07-27,0,26.2,85.6,0.0,0.0,10.0
2022-07-27,3,25.8,90.9,0.0,0.0,10.0
2022-07-27,6,25.0,92.5,0.0,0.0,15.0
2022-07-27,9,27.1,85.7,0.0,0.0,10.0
2022-07-27,12,28.9,83.9,3.0,180.0,10.0
2022-07-27,15,30.2,84.5,2.0,180.0,15.0
2022-07-27,18,30.1,84.0,1.0,230.0,15.0
2022-07-27,21,27.7,81.3,0.0,0.0,10.0
2022-07-28,0,27.4,82.7,1.0,140.0,10.0
2022-07-28,3,26.9,81.2,3.0,90.0,10.0
2022-07-28,6,25.9,81.6,5.0,90.0,10.0
2022-07-28,9,26.1,84.1,4.0,90.0,15.0
2022-07-28,12,28.6,81.4,4.0,140.0,15.0
2022-07-28,15,30.5,81.2,5.0,180.0,15.0
2022-07-28,18,29.6,74.1,4.0,180.0,15.0
2022-07-28,21,27.5,82.2,0.0,0.0,10.0
2022-07-29,0,27.0,81.2,2.0,50.0,10.0
2022-07-29,3,26.3,81.6,2.0,90.0,10.0
2022-07-29,6,26.3,84.6,1.0,90.0,10.0
2022-07-29,9,27.9,83.8,3.0,90.0,10.0
2022-07-29,12,28.9,84.9,3.0,140.0,15.0
2022-07-29,15,30.7,82.6,3.0,180.0,15.0
2022-07-29,18,30.3,83.1,2.0,230.0,15.0
2022-07-29,21,28.8,86.4,1.0,90.0,10.0
2022-07-30,0,27.5,86.8,0.0,0.0,10.0
2022-07-30,3,28.7,85.4,2.0,90.0,10.0
2022-07-30,6,28.9,86.4,3.0,90.0,10.0
2022-07-30,9,30.9,79.3,1.0,90.0,15.0
2022-07-30,12,32.5,76.8,3.0,140.0,15.0
2022-07-30,15,34.3,70.7,2.0,140.0,10.0
2022-07-30,18,29.9,83.0,1.0,90.0,4.5
2022-07-30,21,29.3,82.0,3.0,90.0,10.0
2022-07-31,0,28.7,83.9,3.0,90.0,4.5
2022-07-31,3,28.3,84.8,2.0,90.0,4.5
2022-07-31,6,27.3,87.3,2.0,90.0,4.5
2022-07-31,9,28.3,84.8,3.0,90.0,10.0
2022-07-31,12,29.3,84.9,4.0,90.0,4.5
2022-07-31,15,25.3,94.8,4.0,50.0,4.5
2022-07-31,18,25.4,93.1,4.0,90.0,3.5
2022-07-31,21,25.1,93.1,5.0,50.0,3.5
2023-03-01,0,4.5,90.0,0.0,0.0,4.5
2023-03-01,3,3.5,88.0,0.0,0.0,10.0
2023-03-01,6,3.6,89.9,1.0,230.0,4.5
2023-03-01,9,4.5,86.8,1.0,360.0,4.5
2023-03-01,12,7.9,75.8,4.0,320.0,10.0
2023-03-01,15,7.9,37.5,6.0,320.0,15.0
2023-03-01,18,6.6,36.0,6.0,320.0,15.0
2023-03-01,21,3.3,38.8,2.0,320.0,10.0
2023-03-02,0,2.5,32.9,4.0,360.0,10.0
2023-03-02,3,1.2,34.6,4.0,360.0,10.0
2023-03-02,6,0.3,38.5,3.0,360.0,10.0
2023-03-02,9,0.7,38.9,3.0,360.0,15.0
2023-03-02,12,4.1,39.0,5.0,360.0,15.0
2023-03-02,15,6.5,35.2,3.0,320.0,15.0
2023-03-02,18,4.8,31.5,3.0,320.0,15.0
2023-03-02,21,1.4,32.8,2.0,320.0,10.0
2023-03-03,0,1.0,44.3,1.0,360.0,10.0
2023-03-03,3,0.8,61.8,1.0,90.0,10.0
2023-03-03,6,0.6,72.3,3.0,90.0,10.0
2023-03-03,9,2.9,77.2,3.0,90.0,10.0
2023-03-03,12,6.5,78.3,3.0,140.0,15.0
2023-03-03,15,8.8,77.0,4.0,140.0,15.0
2023-03-03,18,6.3,78.8,3.0,140.0,15.0
2023-03-03,21,4.9,90.0,2.0,140.0,10.0
2023-03-04,0,4.9,80.9,3.0,140.0,10.0
2023-03-04,3,4.3,88.1,4.0,140.0,4.5
2023-03-04,6,4.1,91.9,3.0,140.0,4.0
2023-03-04,9,5.3,90.7,3.0,140.0,4.5
2023-03-04,12,8.2,81.9,3.0,140.0,4.5
2023-03-04,15,9.7,77.2,2.0,230.0,4.7
2023-03-04,18,7.7,76.3,1.0,140.0,4.5
2023-03-04,21,5.5,81.0,0.0,0.0,4.8
2023-03-05,0,3.0,80.6,0.0,0.0,4.5
2023-03-05,3,1.6,87.8,0.0,0.0,2.5
2023-03-05,6,-0.3,87.0,0.0,0.0,2.0
2023-03-05,9,-0.6,90.9,0.0,0.0,0.4
2023-03-05,12,8.1,65.8,2.0,270.0,4.5
2023-03-05,15,11.6,67.5,1.0,180.0,12.0
2023-03-05,18,8.4,72.8,1.0,90.0,12.0
2023-03-05,21,5.9,72.3,0.0,0.0,10.0
2023-03-06,0,4.7,63.2,0.0,0.0,4.5
2023-03-06,3,2.0,71.0,0.0,0.0,4.5
2023-03-06,6,2.0,72.1,2.0,140.0,4.5
2023-03-06,9,4.7,59.5,2.0,140.0,4.5
2023-03-06,12,8.8,56.4,3.0,140.0,4.5
2023-03-06,15,9.3,58.1,2.0,180.0,4.5
2023-03-06,18,7.3,80.1,3.0,140.0,4.5
2023-03-06,21,6.9,85.3,4.0,140.0,4.5
2023-03-07,0,7.8,84.2,4.0,140.0,4.5
2023-03-07,3,8.0,83.0,3.0,140.0,4.5
2023-03-07,6,7.1,87.1,3.0,140.0,4.5
2023-03-07,9,7.1,88.3,3.0,140.0,4.5
2023-03-07,12,8.6,90.3,4.0,140.0,3.5
2023-03-07,15,10.4,88.0,4.0,180.0,3.5
2023-03-07,18,9.0,85.5,3.0,140.0,3.5
2023-03-07,21,7.1,85.3,2.0,180.0,0.8
2023-03-08,0,6.7,90.1,4.0,140.0,0.8
2023-03-08,3,7.3,90.2,4.0,140.0,0.7
2023-03-08,6,7.4,89.6,2.0,140.0,2.0
2023-03-08,9,7.9,94.0,2.0,140.0,0.7
2023-03-08,12,8.3,83.1,4.0,140.0,10.0
2023-03-08,15,9.2,89.7,3.0,140.0,4.5
2023-03-08,18,10.7,78.4,4.0,140.0,4.5
2023-03-08,21,10.9,85.7,6.0,140.0,10.0
2023-03-09,0,9.9,91.6,4.0,140.0,10.0
2023-03-09,3,8.5,96.7,3.0,140.0,3.5
2023-03-09,6,7.1,95.3,1.0,140.0,3.0
2023-03-09,9,7.7,90.2,0.0,0.0,0.4
2023-03-09,12,9.1,91.6,0.0,0.0,3.5
2023-03-09,15,12.9,84.8,1.0,360.0,4.5
2023-03-09,18,9.9,79.4,2.0,270.0,10.0
2023-03-09,21,4.9,96.6,2.0,230.0,0.3
2023-03-10,0,4.9,96.6,2.0,230.0,0.3
2023-03-10,3,4.5,90.6,3.0,140.0,0.9
2023-03-10,6,4.1,88.0,2.0,140.0,0.9
2023-03-10,9,4.8,93.2,2.0,140.0,3.5
2023-03-10,12,12.3,78.1,2.0,140.0,4.9
2023-03-10,15,11.0,73.7,2.0,320.0,4.5
2023-03-10,18,10.4,78.4,4.0,140.0,4.5
2023-03-10,21,8.6,79.7,2.0,140.0,3.5
2023-03-11,0,9.2,87.3,2.0,140.0,4.5
2023-03-11,3,9.9,82.7,3.0,140.0,4.5
2023-03-11,6,9.7,83.3,4.0,140.0,4.5
2023-03-11,9,9.9,85.6,4.0,140.0,3.5
2023-03-11,12,11.2,83.4,6.0,140.0,3.5
2023-03-11,15,12.1,75.0,4.0,140.0,3.5
2023-03-11,18,10.2,83.9,1.0,180.0,3.5
2023-03-11,21,8.2,88.4,4.0,90.0,3.5
2023-03-12,0,8.3,96.7,2.0,90.0,3.5
2023-03-12,3,5.0,98.6,0.0,0.0,0.1
2023-03-12,6,5.9,93.9,0.0,0.0,1.5
2023-03-12,9,6.5,83.4,0.0,0.0,10.0
2023-03-12,12,5.4,84.5,2.0,320.0,10.0
2023-03-12,15,6.9,68.0,7.0,320.0,10.0
2023-03-12,18,3.3,48.2,8.0,360.0,10.0
2023-03-12,21,1.4,43.0,7.0,320.0,10.0
2023-03-13,0,0.2,44.0,5.0,360.0,10.0
2023-03-13,3,-0.6,45.2,5.0,360.0,10.0
2023-03-13,6,-2.2,55.5,2.0,320.0,10.0
2023-03-13,9,0.1,51.1,0.0,0.0,15.0
2023-03-13,12,4.3,48.1,2.0,270.0,15.0
2023-03-13,15,5.6,69.2,6.0,140.0,12.0
2023-03-13,18,5.0,74.8,6.0,140.0,10.0
2023-03-13,21,3.9,81.9,5.0,140.0,10.0
2023-03-14,0,4.9,76.4,4.0,320.0,10.0
2023-03-14,3,4.1,86.8,5.0,140.0,10.0
2023-03-14,6,4.1,86.8,5.0,140.0,10.0
2023-03-14,9,4.7,77.5,4.0,90.0,15.0
2023-03-14,12,6.3,74.5,4.0,90.0,15.0
2023-03-14,15,9.9,60.0,2.0,90.0,15.0
2023-03-14,18,8.3,90.9,2.0,90.0,15.0
2023-03-14,21,7.5,77.9,2.0,140.0,10.0
2023-03-15,0,7.9,84.2,2.0,140.0,10.0
2023-03-15,3,7.9,90.2,3.0,140.0,10.0
2023-03-15,6,8.3,90.3,2.0,230.0,10.0
2023-03-15,9,7.3,90.2,1.0,180.0,10.0
2023-03-15,12,8.5,94.7,0.0,0.0,3.5
2023-03-15,15,8.5,61.4,2.0,320.0,10.0
2023-03-15,18,6.1,67.8,2.0,320.0,10.0
2023-03-15,21,3.3,48.2,3.0,320.0,10.0
2023-03-16,0,2.4,44.0,5.0,320.0,10.0
2023-03-16,3,3.2,65.2,3.0,360.0,10.0
2023-03-16,6,3.2,62.3,2.0,140.0,10.0
2023-03-16,9,2.7,58.6,0.0,0.0,10.0
2023-03-16,12,7.7,53.3,2.0,320.0,15.0
2023-03-16,15,8.7,64.1,2.0,320.0,15.0
2023-03-16,18,6.4,53.3,4.0,320.0,15.0
2023-03-16,21,3.6,41.7,4.0,320.0,15.0
2023-03-17,0,2.5,49.1,1.0,320.0,10.0
2023-03-17,3,1.4,57.4,2.0,320.0,10.0
2023-03-17,6,1.0,50.2,0.0,0.0,10.0
2023-03-17,9,2.3,68.0,1.0,50.0,10.0
2023-03-17,12,7.7,49.5,1.0,230.0,15.0
2023-03-17,15,11.1,47.6,1.0,50.0,15.0
2023-03-17,18,10.5,45.1,1.0,320.0,15.0
2023-03-17,21,8.1,65.8,0.0,0.0,10.0
2023-03-18,0,6.1,52.8,3.0,320.0,10.0
2023-03-18,3,4.7,40.5,2.0,320.0,10.0
2023-03-18,6,3.9,48.0,1.0,180.0,10.0
2023-03-18,9,4.2,48.8,1.0,180.0,10.0
2023-03-18,12,12.2,77.6,1.0,270.0,10.0
2023-03-18,15,13.0,34.0,5.0,320.0,15.0
2023-03-18,18,10.7,40.4,5.0,230.0,15.0
2023-03-18,21,6.7,56.6,4.0,320.0,4.5
2023-03-19,0,3.1,70.7,3.0,320.0,4.5
2023-03-19,3,1.8,71.0,1.0,230.0,10.0
2023-03-19,6,1.5,72.0,1.0,140.0,10.0
2023-03-19,9,4.1,76.8,0.0,0.0,10.0
2023-03-19,12,7.7,72.1,1.0,140.0,4.5
2023-03-19,15,10.5,65.4,1.0,140.0,4.5
2023-03-19,18,11.7,56.7,0.0,0.0,4.5
2023-03-19,21,5.9,84.6,0.0,0.0,4.5
2023-03-20,0,2.4,86.0,1.0,50.0,3.5
2023-03-20,3,1.5,94.4,0.0,0.0,0.3
2023-03-20,6,0.2,98.6,0.0,0.0,0.2
2023-03-20,9,0.3,97.8,0.0,0.0,0.3
2023-03-20,12,8.3,64.9,1.0,270.0,3.5
2023-03-20,15,12.0,53.7,3.0,180.0,4.5
2023-03-20,18,11.5,47.0,3.0,270.0,10.0
2023-03-20,21,7.9,50.6,0.0,0.0,10.0
2023-03-21,0,6.5,51.8,0.0,0.0,4.5
2023-03-21,3,5.7,50.4,0.0,0.0,4.5
2023-03-21,6,3.4,68.2,0.0,0.0,4.5
2023-03-21,9,6.9,68.4,1.0,140.0,4.5
2023-03-21,12,14.1,46.1,2.0,230.0,10.0
2023-03-21,15,15.8,31.6,2.0,230.0,10.0
2023-03-21,18,15.0,31.6,2.0,140.0,10.0
2023-03-21,21,11.7,32.8,1.0,360.0,10.0
2023-03-22,0,8.8,39.0,1.0,360.0,10.0
2023-03-22,3,8.5,45.8,2.0,360.0,10.0
2023-03-22,6,9.3,47.8,1.0,360.0,10.0
2023-03-22,9,10.2,45.0,2.0,140.0,10.0
2023-03-22,12,18.0,30.0,1.0,140.0,10.0
2023-03-22,15,18.0,41.1,0.0,0.0,10.0
2023-03-22,18,16.8,48.5,1.0,90.0,4.5
2023-03-22,21,13.7,76.8,0.0,0.0,4.5
2023-03-23,0,12.9,89.4,1.0,90.0,4.5
2023-03-23,3,12.7,84.2,1.0,270.0,4.5
2023-03-23,6,12.9,69.7,2.0,320.0,10.0
2023-03-23,9,15.3,67.4,3.0,270.0,10.0
2023-03-23,12,18.2,46.3,7.0,230.0,10.0
2023-03-23,15,18.3,34.3,5.0,360.0,4.5
2023-03-23,18,14.7,30.4,6.0,50.0,6.0
2023-03-23,21,10.3,33.7,2.0,320.0,10.0
2023-03-24,0,8.5,29.7,4.0,320.0,10.0
2023-03-24,3,7.7,36.1,3.0,320.0,10.0
2023-03-24,6,6.1,39.3,3.0,140.0,10.0
2023-03-24,9,6.5,35.2,2.0,140.0,10.0
2023-03-24,12,9.9,40.2,2.0,180.0,10.0
2023-03-24,15,12.9,34.2,2.0,90.0,10.0
2023-03-24,18,10.5,34.0,3.0,90.0,10.0
2023-03-24,21,8.5,36.0,3.0,50.0,10.0
2023-03-25,0,7.3,36.2,2.0,50.0,10.0
2023-03-25,3,5.9,39.9,3.0,230.0,10.0
2023-03-25,6,3.4,48.6,1.0,230.0,10.0
2023-03-25,9,6.0,46.1,0.0,0.0,10.0
2023-03-25,12,11.9,41.7,1.0,230.0,10.0
2023-03-25,15,15.3,36.7,0.0,0.0,10.0
2023-03-25,18,13.1,58.3,1.0,140.0,10.0
2023-03-25,21,10.2,55.5,1.0,50.0,10.0
2023-03-26,3,8.9,34.3,4.0,320.0,10.0
2023-03-26,6,6.8,31.4,4.0,320.0,10.0
2023-03-26,9,7.5,30.8,1.0,320.0,15.0
2023-03-26,12,10.2,23.4,5.0,360.0,15.0
2023-03-26,15,11.5,22.8,6.0,320.0,15.0
2023-03-26,18,8.3,24.7,4.0,360.0,15.0
2023-03-26,21,4.7,45.4,1.0,360.0,10.0
2023-03-27,0,3.7,39.8,2.0,230.0,10.0
2023-03-27,3,2.5,39.8,3.0,270.0,10.0
2023-03-27,6,2.3,54.2,1.0,50.0,10.0
2023-03-27,9,4.9,60.9,0.0,0.0,10.0
2023-03-27,12,8.1,57.4,1.0,180.0,10.0
2023-03-27,15,10.9,45.2,4.0,180.0,10.0
2023-03-27,18,10.1,47.0,5.0,270.0,10.0
2023-03-27,21,7.6,67.1,1.0,320.0,10.0
2023-03-28,0,5.3,78.1,0.0,0.0,10.0
2023-03-28,3,5.1,74.8,1.0,90.0,10.0
2023-03-28,6,5.4,84.5,2.0,90.0,4.5
2023-03-28,9,6.9,81.2,3.0,140.0,10.0
2023-03-28,12,10.7,64.6,3.0,230.0,10.0
2023-03-28,15,11.5,55.5,1.0,180.0,10.0
2023-03-28,18,11.1,64.2,2.0,180.0,10.0
2023-03-28,21,8.5,78.6,1.0,140.0,10.0
2023-03-29,0,6.9,78.4,0.0,0.0,10.0
2023-03-29,3,5.5,83.9,1.0,180.0,4.5
2023-03-29,6,3.9,91.9,1.0,90.0,4.5
2023-03-29,9,4.7,91.3,0.0,0.0,0.9
2023-03-29,12,10.9,85.7,1.0,230.0,4.5
2023-03-29,15,14.1,55.4,3.0,230.0,10.0
2023-03-29,18,13.5,57.6,3.0,180.0,10.0
2023-03-29,21,10.1,74.6,1.0,140.0,10.0
2023-03-30,0,7.4,75.7,1.0,140.0,10.0
2023-03-30,3,5.3,87.5,4.0,50.0,10.0
2023-03-30,6,3.3,82.4,1.0,50.0,10.0
2023-03-30,9,6.7,86.4,1.0,270.0,4.5
2023-03-30,12,12.6,70.1,3.0,230.0,10.0
2023-03-30,18,14.9,50.1,0.0,0.0,10.0
2023-03-30,21,11.1,61.1,2.0,270.0,10.0
2023-03-31,0,9.8,52.7,2.0,320.0,10.0
2023-03-31,3,9.7,50.8,2.0,360.0,10.0
2023-03-31,6,6.5,67.4,1.0,90.0,10.0
2023-03-31,9,9.4,68.5,0.0,0.0,4.5
2023-03-31,12,14.2,59.8,1.0,230.0,4.5
2023-03-31,15,19.8,44.3,3.0,180.0,10.0
2023-03-31,18,20.4,44.1,4.0,270.0,10.0
2023-03-31,21,15.1,44.8,3.0,360.0,10.0
2023-04-01,0,12.5,53.0,0.0,0.0,10.0
2023-04-01,3,12.1,53.7,0.0,0.0,10.0
2023-04-01,6,9.7,62.5,1.0,90.0,10.0
2023-04-01,9,11.0,54.9,1.0,270.0,10.0
2023-04-01,12,18.8,45.5,2.0,230.0,10.0
2023-04-01,15,23.2,33.1,3.0,230.0,10.0
2023-04-01,18,21.2,40.1,4.0,270.0,10.0
2023-04-01,21,18.2,34.0,2.0,360.0,10.0
2023-04-02,0,16.5,33.0,0.0,0.0,10.0
2023-04-02,3,13.1,40.0,3.0,50.0,10.0
2023-04-02,6,12.2,40.9,3.0,90.0,10.0
2023-04-02,9,17.1,34.9,3.0,140.0,10.0
2023-04-02,12,19.5,35.6,4.0,230.0,10.0
2023-04-02,15,22.0,30.3,5.0,230.0,10.0
2023-04-02,18,21.3,30.3,2.0,270.0,10.0
2023-04-02,21,16.9,38.0,3.0,230.0,10.0
2023-04-03,0,17.2,34.7,1.0,230.0,10.0
2023-04-03,3,15.5,42.7,4.0,90.0,10.0
2023-04-03,6,13.9,55.3,4.0,90.0,10.0
2023-04-03,9,18.1,32.8,3.0,140.0,10.0
2023-04-03,12,21.2,21.1,4.0,140.0,10.0
2023-04-03,15,23.7,28.7,3.0,140.0,10.0
2023-04-03,18,21.4,33.3,3.0,230.0,10.0
2023-04-03,21,18.2,30.1,1.0,50.0,10.0
2023-04-04,0,16.8,37.2,0.0,0.0,10.0
2023-04-04,3,15.9,44.4,2.0,140.0,10.0
2023-04-04,6,14.9,59.5,2.0,140.0,10.0
2023-04-04,9,15.1,43.2,1.0,140.0,10.0
2023-04-04,12,16.1,27.8,4.0,180.0,10.0
2023-04-04,15,17.8,29.5,2.0,90.0,10.0
2023-04-04,18,15.9,52.5,2.0,90.0,4.5
2023-04-04,21,12.1,86.4,5.0,140.0,4.5
2023-04-05,0,12.3,93.0,8.0,50.0,4.5
2023-04-05,3,11.9,92.4,8.0,50.0,4.5
2023-04-05,6,11.8,90.5,8.0,140.0,4.5
2023-04-05,9,12.1,94.2,6.0,140.0,4.5
2023-04-05,12,12.6,94.2,5.0,140.0,4.5
2023-04-05,15,10.9,91.1,1.0,140.0,3.5
2023-04-05,18,8.9,92.2,4.0,270.0,4.5
2023-04-05,21,8.3,94.0,1.0,230.0,2.5
2023-04-06,0,8.1,92.8,3.0,180.0,2.0
2023-04-06,3,8.4,93.4,2.0,140.0,2.5
2023-04-06,6,8.4,93.4,2.0,140.0,2.5
2023-04-06,9,8.7,93.4,1.0,180.0,10.0
2023-04-06,12,9.6,92.2,2.0,320.0,4.5
2023-04-06,15,10.5,91.0,3.0,320.0,4.5
2023-04-06,18,10.5,89.8,4.0,320.0,4.5
2023-04-06,21,8.3,91.5,4.0,320.0,4.5
2023-04-07,0,7.1,87.1,3.0,320.0,10.0
2023-04-07,3,6.3,80.0,4.0,270.0,10.0
2023-04-07,6,5.1,83.3,4.0,230.0,10.0
2023-04-07,9,9.6,78.8,0.0,0.0,10.0
2023-04-07,12,12.2,62.7,5.0,230.0,10.0
2023-04-07,15,10.9,53.7,7.0,320.0,15.0
2023-04-07,18,7.9,43.3,7.0,360.0,15.0
2023-04-07,21,4.8,44.1,4.0,320.0,10.0
2023-04-08,0,4.3,53.1,4.0,320.0,10.0
2023-04-08,3,3.3,60.5,2.0,320.0,10.0
2023-04-08,6,4.1,62.1,2.0,360.0,10.0
2023-04-08,9,7.3,68.5,5.0,320.0,15.0
2023-04-08,12,13.3,64.7,6.0,320.0,15.0
2023-04-08,15,14.3,34.3,6.0,320.0,15.0
2023-04-08,18,12.9,33.7,4.0,320.0,15.0
2023-04-08,21,8.1,46.4,3.0,320.0,10.0
2023-04-09,0,7.4,46.5,1.0,320.0,10.0
2023-04-09,3,5.0,50.6,1.0,320.0,10.0
2023-04-09,6,4.7,57.4,3.0,140.0,10.0
2023-04-09,9,7.7,63.9,2.0,90.0,10.0
2023-04-09,12,11.4,73.3,4.0,360.0,10.0
2023-04-09,15,13.8,72.8,4.0,180.0,10.0
2023-04-09,18,14.3,64.9,4.0,270.0,10.0
2023-04-09,21,9.0,80.9,1.0,90.0,10.0
2023-04-10,0,8.7,90.9,1.0,50.0,10.0
2023-04-10,3,8.2,83.6,2.0,140.0,10.0
2023-04-10,6,7.6,82.4,4.0,140.0,10.0
2023-04-10,9,8.9,84.9,5.0,140.0,10.0
2023-04-10,12,10.5,79.5,4.0,140.0,15.0
2023-04-10,15,10.7,86.8,4.0,180.0,15.0
2023-04-10,18,10.5,83.3,4.0,180.0,15.0
2023-04-10,21,10.0,83.3,4.0,140.0,12.0
2023-04-11,0,10.3,82.2,1.0,90.0,15.0
2023-04-11,3,10.3,80.5,3.0,140.0,10.0
2023-04-11,6,10.9,91.1,4.0,180.0,4.5
2023-04-11,9,11.3,90.5,0.0,0.0,4.5
2023-04-11,12,11.7,85.2,1.0,230.0,4.5
2023-04-11,15,16.7,59.6,3.0,230.0,10.0
2023-04-11,18,15.0,49.4,4.0,320.0,4.5
2023-04-11,21,11.2,44.3,3.0,270.0,4.5
2023-04-12,0,10.1,41.1,3.0,320.0,4.5
2023-04-12,3,6.1,46.9,2.0,320.0,4.0
2023-04-12,6,4.9,49.8,1.0,320.0,4.5
2023-04-12,9,9.5,47.8,1.0,320.0,4.5
2023-04-12,12,13.5,36.7,5.0,270.0,4.5
2023-04-12,15,16.3,30.2,6.0,320.0,4.5
2023-04-12,18,15.0,31.6,3.0,270.0,4.5
2023-04-12,21,10.9,43.6,1.0,360.0,4.5
2023-04-13,0,9.4,47.5,2.0,360.0,4.5
2023-04-13,3,7.9,49.9,1.0,270.0,4.5
2023-04-13,6,7.5,64.8,3.0,180.0,4.5
2023-04-13,9,9.5,77.7,3.0,140.0,4.5
2023-04-13,12,10.3,73.6,3.0,180.0,4.5
2023-04-13,15,10.6,69.7,2.0,140.0,4.5
2023-04-13,18,10.7,65.5,2.0,140.0,4.5
2023-04-13,21,10.9,57.7,3.0,140.0,4.5
2023-04-14,0,11.2,45.3,2.0,90.0,10.0
2023-04-14,3,11.4,46.7,1.0,50.0,10.0
2023-04-14,6,10.3,62.2,1.0,90.0,10.0
2023-04-14,9,11.3,79.0,4.0,140.0,10.0
2023-04-14,12,13.3,77.7,3.0,140.0,10.0
2023-04-14,15,13.7,78.3,2.0,180.0,10.0
2023-04-14,18,14.5,81.1,1.0,180.0,10.0
2023-04-14,21,13.2,87.1,0.0,0.0,10.0
2023-04-15,0,13.4,89.4,1.0,50.0,10.0
2023-04-15,3,13.7,91.8,3.0,320.0,4.5
2023-04-15,6,12.5,93.0,3.0,320.0,4.5
2023-04-15,9,12.6,87.0,0.0,0.0,4.5
2023-04-15,12,13.1,89.4,4.0,270.0,10.0
2023-04-15,15,17.1,67.3,5.0,320.0,10.0
2023-04-15,18,15.9,64.0,5.0,320.0,10.0
2023-04-15,21,11.2,75.3,3.0,320.0,10.0
2023-04-16,0,8.9,78.7,2.0,270.0,5.0
2023-04-16,3,9.3,68.5,3.0,320.0,10.0
2023-04-16,6,8.5,79.2,3.0,140.0,10.0
2023-04-16,9,9.5,79.9,1.0,140.0,4.5
2023-04-16,12,13.1,75.1,0.0,0.0,10.0
2023-04-16,15,15.3,64.3,4.0,270.0,4.5
2023-04-16,18,15.1,53.7,5.0,360.0,10.0
2023-04-16,21,10.7,62.3,3.0,320.0,10.0
2023-04-17,0,9.1,63.3,1.0,140.0,10.0
2023-04-17,3,7.7,66.7,2.0,90.0,10.0
2023-04-17,6,6.3,76.6,1.0,50.0,10.0
2023-04-17,9,9.7,75.6,1.0,140.0,10.0
2023-04-17,12,12.3,72.0,3.0,140.0,10.0
2023-04-17,15,13.5,68.4,3.0,180.0,10.0
2023-04-17,18,12.3,70.5,2.0,140.0,10.0
2023-04-17,21,13.3,62.9,5.0,90.0,10.0
2023-04-18,0,14.3,55.8,5.0,140.0,4.5
2023-04-18,3,15.5,42.7,4.0,90.0,10.0
2023-04-18,6,14.1,57.7,2.0,140.0,10.0
2023-04-18,9,12.1,77.0,4.0,140.0,10.0
2023-04-18,12,16.1,74.2,1.0,360.0,10.0
2023-04-18,15,19.2,63.9,2.0,230.0,10.0
2023-04-18,18,16.8,73.8,2.0,90.0,15.0
2023-04-18,21,13.5,76.2,1.0,270.0,10.0
2023-04-19,0,12.1,83.0,1.0,230.0,10.0
2023-04-19,3,10.7,84.5,4.0,90.0,10.0
2023-04-19,6,10.7,83.9,0.0,0.0,10.0
2023-04-19,9,15.0,83.9,2.0,180.0,4.5
2023-04-19,12,20.5,53.7,4.0,140.0,10.0
2023-04-19,15,23.4,57.4,4.0,230.0,10.0
2023-04-19,18,22.0,48.7,2.0,230.0,10.0
2023-04-19,21,16.7,64.2,1.0,90.0,10.0
2023-04-20,0,16.7,73.8,1.0,180.0,10.0
2023-04-20,3,14.2,86.6,1.0,360.0,4.5
2023-04-20,6,12.7,89.4,1.0,180.0,4.5
2023-04-20,9,12.5,96.8,1.0,90.0,0.7
2023-04-20,12,13.1,96.1,3.0,230.0,1.5
2023-04-20,15,14.9,90.1,1.0,140.0,10.0
2023-04-20,18,17.3,76.8,2.0,230.0,10.0
2023-04-20,21,14.5,77.9,1.0,140.0,10.0
2023-04-21,0,12.9,74.6,1.0,360.0,10.0
2023-04-21,3,11.9,73.9,3.0,140.0,10.0
2023-04-21,6,12.5,44.0,8.0,50.0,10.0
2023-04-21,9,13.9,29.1,10.0,360.0,5.0
2023-04-21,12,16.3,22.8,8.0,50.0,5.0
2023-04-21,15,16.7,22.2,3.0,270.0,5.0
2023-04-21,18,17.3,23.4,6.0,50.0,5.0
2023-04-21,21,14.7,20.3,11.0,50.0,10.0
2023-04-22,0,16.2,19.1,11.0,50.0,10.0
2023-04-22,3,15.2,22.6,6.0,90.0,10.0
2023-04-22,6,14.3,21.5,4.0,90.0,10.0
2023-04-22,9,15.1,22.8,1.0,90.0,10.0
2023-04-22,12,17.3,24.8,1.0,90.0,15.0
2023-04-22,15,20.5,17.0,2.0,360.0,15.0
2023-04-22,18,19.9,21.9,3.0,50.0,15.0
2023-04-22,21,17.0,25.9,5.0,50.0,15.0
2023-04-23,0,16.3,24.9,3.0,50.0,15.0
2023-04-23,3,13.7,22.4,1.0,180.0,10.0
2023-04-23,6,15.3,23.0,4.0,50.0,10.0
2023-04-23,9,17.6,19.9,4.0,90.0,15.0
2023-04-23,12,20.2,21.5,2.0,140.0,15.0
2023-04-23,15,21.0,21.4,3.0,50.0,10.0
2023-04-23,18,19.6,23.7,3.0,320.0,15.0
2023-04-23,21,15.9,19.4,2.0,320.0,15.0
2023-04-24,0,13.5,31.7,2.0,320.0,15.0
2023-04-24,3,13.4,30.5,2.0,180.0,10.0
2023-04-24,6,12.7,28.7,2.0,50.0,10.0
2023-04-24,9,14.2,31.4,5.0,90.0,10.0
2023-04-24,12,17.8,34.9,4.0,140.0,10.0
2023-04-24,15,19.4,40.9,4.0,180.0,10.0
2023-04-24,18,17.8,47.2,2.0,180.0,10.0
2023-04-24,21,11.7,67.5,2.0,140.0,10.0
2023-04-25,0,10.3,55.9,2.0,140.0,10.0
2023-04-25,3,9.1,68.4,2.0,140.0,10.0
2023-04-25,6,9.5,68.0,2.0,50.0,10.0
2023-04-25,9,10.3,80.5,4.0,90.0,12.0
2023-04-25,12,9.9,80.5,3.0,180.0,4.5
2023-04-25,15,9.1,87.3,0.0,0.0,4.5
2023-04-25,18,10.5,83.3,0.0,0.0,15.0
2023-04-25,21,9.7,80.4,1.0,320.0,10.0
2023-04-26,0,9.6,86.7,2.0,320.0,10.0
2023-04-26,3,9.3,87.9,1.0,320.0,10.0
2023-04-26,6,6.5,87.6,6.0,320.0,10.0
2023-04-26,9,7.3,78.4,6.0,320.0,10.0
2023-04-26,12,8.1,72.2,3.0,360.0,10.0
2023-04-26,15,14.0,65.7,3.0,320.0,15.0
2023-04-26,18,13.4,61.7,5.0,320.0,15.0
2023-04-26,21,9.9,63.9,3.0,320.0,10.0
2023-04-27,0,7.5,68.6,2.0,50.0,10.0
2023-04-27,3,6.1,78.8,1.0,50.0,10.0
2023-04-27,6,6.9,80.6,2.0,90.0,10.0
2023-04-27,9,10.3,82.8,2.0,140.0,10.0
2023-04-27,12,12.3,70.5,3.0,230.0,15.0
2023-04-27,15,13.4,67.0,4.0,140.0,15.0
2023-04-27,18,12.7,68.7,1.0,140.0,15.0
2023-04-27,21,10.1,68.2,1.0,90.0,10.0
2023-04-28,0,9.2,64.7,2.0,90.0,15.0
2023-04-28,3,8.1,69.7,2.0,140.0,10.0
2023-04-28,6,7.7,67.6,2.0,90.0,10.0
2023-04-28,9,10.5,79.5,1.0,140.0,10.0
2023-04-28,12,14.0,76.3,4.0,180.0,15.0
2023-04-28,15,14.5,73.9,3.0,230.0,15.0
2023-04-28,18,14.3,73.8,2.0,180.0,10.0
2023-04-28,21,14.5,74.9,1.0,180.0,10.0
2023-04-29,0,13.5,91.8,2.0,90.0,10.0
2023-04-29,3,12.6,91.8,4.0,140.0,4.0
2023-04-29,6,12.6,96.8,3.0,140.0,1.5
2023-04-29,9,12.2,93.6,1.0,230.0,3.0
2023-04-29,12,12.3,89.4,4.0,270.0,10.0
2023-04-29,15,13.7,79.9,10.0,320.0,10.0
2023-04-29,18,10.3,78.3,7.0,320.0,10.0
2023-04-29,21,9.7,83.3,4.0,320.0,10.0
2023-04-30,0,8.3,81.9,3.0,320.0,10.0
2023-04-30,3,7.4,78.4,2.0,320.0,10.0
2023-04-30,6,7.2,79.0,2.0,320.0,10.0
2023-04-30,9,9.8,77.7,2.0,360.0,10.0
2023-04-30,12,13.7,67.5,1.0,140.0,15.0
2023-04-30,15,13.9,69.9,3.0,180.0,10.0
2023-04-30,18,13.5,79.4,3.0,180.0,10.0
2023-04-30,21,12.2,79.7,1.0,320.0,10.0
2023-05-01,0,10.7,80.0,2.0,320.0,10.0
2023-05-01,3,9.2,75.0,3.0,360.0,10.0
2023-05-01,6,7.9,75.3,0.0,0.0,10.0
2023-05-01,9,15.1,64.2,6.0,50.0,10.0
2023-05-01,12,16.9,55.0,2.0,320.0,15.0
2023-05-01,15,19.2,44.4,4.0,230.0,15.0
2023-05-01,18,18.3,37.6,4.0,270.0,15.0
2023-05-01,21,14.1,46.8,2.0,360.0,10.0
2023-05-02,0,12.1,46.2,1.0,320.0,10.0
2023-05-02,3,10.1,57.5,1.0,50.0,10.0
2023-05-02,6,10.7,56.0,3.0,140.0,10.0
2023-05-02,9,16.1,46.4,3.0,140.0,10.0
2023-05-02,12,18.4,48.3,1.0,140.0,15.0
2023-05-02,15,17.7,47.8,4.0,180.0,15.0
2023-05-02,18,16.5,57.1,2.0,140.0,15.0
2023-05-02,21,14.6,63.2,2.0,140.0,10.0
2023-05-03,0,13.8,60.1,2.0,140.0,10.0
2023-05-03,3,13.7,59.2,3.0,90.0,10.0
2023-05-03,6,11.9,70.4,2.0,90.0,10.0
2023-05-03,9,18.4,55.7,3.0,140.0,15.0
2023-05-03,12,20.3,53.3,2.0,140.0,15.0
2023-05-03,15,21.6,41.6,3.0,180.0,15.0
2023-05-03,18,19.8,57.6,4.0,180.0,15.0
2023-05-03,21,17.8,69.7,0.0,0.0,10.0
2023-05-04,0,16.4,77.2,0.0,0.0,10.0
2023-05-04,3,16.5,76.2,0.0,0.0,10.0
2023-05-04,6,15.9,77.1,1.0,140.0,10.0
2023-05-04,9,19.1,77.1,3.0,90.0,12.0
2023-05-04,12,20.6,72.1,4.0,140.0,12.0
2023-05-04,15,21.5,69.5,3.0,140.0,12.0
2023-05-04,18,21.4,70.9,1.0,180.0,4.5
2023-05-04,21,19.1,82.8,2.0,140.0,4.5
2023-05-05,0,18.6,92.1,5.0,140.0,4.5
2023-05-05,3,17.1,95.0,6.0,140.0,4.5
2023-05-05,6,16.5,95.6,5.0,140.0,4.5
2023-05-05,9,17.1,92.6,3.0,140.0,3.5
2023-05-05,12,15.9,92.6,3.0,140.0,3.5
2023-05-05,15,14.5,91.9,1.0,140.0,4.5
2023-05-05,18,15.1,90.2,4.0,140.0,10.0
2023-05-05,21,15.7,87.9,4.0,90.0,10.0
2023-05-06,0,16.8,77.8,3.0,90.0,10.0
2023-05-06,3,15.2,82.8,4.0,90.0,10.0
2023-05-06,6,14.9,87.8,7.0,90.0,15.0
2023-05-06,9,13.4,88.3,10.0,50.0,4.5
2023-05-06,12,13.0,83.6,10.0,50.0,4.5
2023-05-06,15,13.6,78.3,11.0,90.0,4.5
2023-05-06,18,15.3,57.6,8.0,90.0,10.0
2023-05-06,21,14.7,55.1,4.0,90.0,10.0
2023-05-07,0,14.2,40.3,6.0,90.0,10.0
2023-05-07,3,13.7,43.4,5.0,360.0,10.0
2023-05-07,6,13.3,44.6,4.0,90.0,10.0
2023-05-07,9,14.9,39.1,4.0,50.0,15.0
2023-05-07,12,15.6,45.6,3.0,50.0,15.0
2023-05-07,15,19.0,42.8,4.0,50.0,15.0
2023-05-07,18,19.2,43.2,2.0,230.0,15.0
2023-05-07,21,14.0,53.8,1.0,90.0,10.0
2023-05-08,0,12.7,63.2,2.0,360.0,10.0
2023-05-08,3,10.5,67.8,1.0,320.0,10.0
2023-05-08,6,10.1,76.7,2.0,90.0,10.0
2023-05-08,9,15.5,59.7,0.0,0.0,10.0
2023-05-08,12,18.0,52.7,3.0,230.0,10.0
2023-05-08,15,19.4,62.2,1.0,140.0,15.0
2023-05-08,18,21.6,51.9,5.0,320.0,15.0
2023-05-08,21,16.5,59.1,3.0,360.0,15.0
2023-05-09,0,13.3,51.0,1.0,360.0,10.0
2023-05-09,3,11.1,61.1,1.0,140.0,10.0
2023-05-09,6,10.1,72.1,0.0,0.0,10.0
2023-05-09,9,14.3,73.8,0.0,0.0,10.0
2023-05-09,12,19.5,69.1,1.0,140.0,10.0
2023-05-09,15,21.6,64.8,0.0,0.0,15.0
2023-05-09,18,23.6,48.8,3.0,320.0,15.0
2023-05-09,21,18.3,56.1,3.0,270.0,10.0
2023-05-10,0,14.7,54.4,1.0,320.0,10.0
2023-05-10,3,13.1,56.3,2.0,90.0,10.0
2023-05-10,6,11.9,60.9,0.0,0.0,10.0
2023-05-10,9,15.1,68.3,2.0,140.0,10.0
2023-05-10,12,21.2,56.8,1.0,230.0,10.0
2023-05-10,15,22.3,52.1,2.0,180.0,10.0
2023-05-10,18,24.2,43.5,2.0,320.0,10.0
2023-05-10,21,19.0,50.8,2.0,320.0,10.0
2023-05-11,0,16.9,46.6,1.0,320.0,10.0
2023-05-11,3,14.1,51.6,1.0,140.0,10.0
2023-05-11,6,13.0,54.7,1.0,140.0,10.0
2023-05-11,9,15.7,53.9,3.0,180.0,10.0
2023-05-11,12,20.4,55.9,2.0,230.0,10.0
2023-05-11,15,21.3,50.1,3.0,230.0,15.0
2023-05-11,18,21.0,54.2,2.0,140.0,15.0
2023-05-11,21,17.6,66.5,0.0,0.0,15.0
2023-05-12,0,14.5,69.5,0.0,0.0,10.0
2023-05-12,3,12.7,63.2,1.0,90.0,10.0
2023-05-12,6,12.9,73.1,3.0,90.0,4.5
2023-05-12,9,16.3,72.2,1.0,140.0,10.0
2023-05-12,12,18.3,69.8,2.0,140.0,10.0
2023-05-12,15,19.8,58.4,3.0,230.0,15.0
2023-05-12,18,20.5,66.7,3.0,270.0,10.0
2023-05-12,21,15.9,73.6,0.0,0.0,10.0
2023-05-13,0,14.3,81.1,1.0,180.0,10.0
2023-05-13,3,13.9,89.5,2.0,180.0,4.5
2023-05-13,6,12.7,89.4,2.0,140.0,10.0
2023-05-13,9,15.1,82.8,4.0,140.0,10.0
2023-05-13,12,16.1,86.2,3.0,140.0,10.0
2023-05-13,15,16.5,76.2,2.0,270.0,10.0
2023-05-13,18,15.9,82.9,2.0,230.0,10.0
2023-05-13,21,15.3,78.6,1.0,270.0,10.0
2023-05-14,0,14.1,83.2,1.0,270.0,10.0
2023-05-14,3,12.2,89.9,1.0,140.0,10.0
2023-05-14,6,12.7,91.8,2.0,140.0,4.5
2023-05-14,9,15.0,83.9,1.0,140.0,4.5
2023-05-14,12,16.7,74.7,2.0,140.0,10.0
2023-05-14,15,17.1,78.8,2.0,140.0,10.0
2023-05-14,18,20.0,61.6,3.0,180.0,10.0
2023-05-14,21,15.8,78.1,1.0,140.0,10.0
2023-05-15,0,14.0,80.5,2.0,140.0,10.0
2023-05-15,3,13.1,83.7,2.0,90.0,10.0
2023-05-15,6,14.1,83.2,3.0,140.0,10.0
2023-05-15,9,18.0,63.6,2.0,140.0,15.0
2023-05-15,12,20.0,69.7,4.0,180.0,15.0
2023-05-15,15,20.2,63.3,4.0,180.0,10.0
2023-05-15,18,19.5,68.7,0.0,0.0,15.0
2023-05-15,21,17.8,77.4,2.0,140.0,10.0
2023-05-16,0,16.5,80.3,2.0,140.0,10.0
2023-05-16,3,16.0,91.4,2.0,140.0,4.5
2023-05-16,6,15.4,96.8,5.0,140.0,0.5
2023-05-16,9,18.9,75.1,4.0,140.0,0.5
2023-05-16,12,20.9,69.4,5.0,180.0,4.5
2023-05-16,15,20.3,75.8,6.0,180.0,4.5
2023-05-16,18,19.5,72.8,5.0,140.0,4.5
2023-05-16,21,17.1,84.7,4.0,180.0,4.5
2023-05-17,3,14.1,94.3,2.0,140.0,0.9
2023-05-17,6,15.2,94.4,4.0,140.0,3.5
2023-05-17,9,15.9,92.6,1.0,140.0,3.0
2023-05-17,12,18.6,87.0,1.0,230.0,12.0
2023-05-17,15,17.6,84.7,3.0,180.0,10.0
2023-05-17,18,18.3,88.1,3.0,230.0,10.0
2023-05-17,21,17.2,93.8,2.0,140.0,4.5
2023-05-18,0,17.1,95.0,1.0,140.0,4.5
2023-05-18,3,16.1,93.2,1.0,50.0,4.5
2023-05-18,6,16.1,90.2,2.0,90.0,10.0
2023-05-18,9,19.0,81.2,3.0,140.0,10.0
2023-05-18,12,23.4,70.8,2.0,140.0,15.0
2023-05-18,15,24.8,67.2,5.0,180.0,15.0
2023-05-18,18,23.4,69.0,1.0,360.0,10.0
2023-05-18,21,21.4,66.5,5.0,50.0,10.0
2023-05-19,0,19.0,81.2,1.0,230.0,10.0
2023-05-19,3,17.4,78.9,1.0,90.0,10.0
2023-05-19,6,16.9,80.4,1.0,270.0,10.0
2023-05-19,9,21.6,74.1,2.0,140.0,10.0
2023-05-19,12,24.0,58.6,3.0,140.0,10.0
2023-05-19,15,25.3,52.9,3.0,230.0,10.0
2023-05-19,18,24.4,53.3,3.0,270.0,10.0
2023-05-19,21,21.0,65.5,2.0,360.0,10.0
2023-05-20,0,19.1,73.7,0.0,0.0,10.0
2023-05-20,3,17.7,81.0,0.0,0.0,10.0
2023-05-20,6,17.3,79.9,2.0,90.0,10.0
2023-05-20,9,19.7,75.7,3.0,140.0,10.0
2023-05-20,12,21.8,63.2,3.0,230.0,10.0
2023-05-20,15,22.0,66.6,3.0,270.0,10.0
2023-05-20,18,17.4,83.1,3.0,180.0,10.0
2023-05-20,21,16.3,86.2,2.0,270.0,10.0
2023-05-21,0,15.9,92.6,3.0,270.0,2.5
2023-05-21,3,15.9,93.8,2.0,320.0,10.0
2023-05-21,6,15.7,86.2,1.0,320.0,10.0
2023-05-21,9,17.6,79.9,1.0,230.0,10.0
2023-05-21,12,22.0,58.5,1.0,230.0,4.5
2023-05-21,15,22.2,54.5,4.0,140.0,4.6
2023-05-21,18,21.3,41.5,4.0,360.0,4.5
2023-05-21,21,18.6,53.6,2.0,360.0,4.5
2023-05-22,0,18.2,61.1,1.0,360.0,4.5
2023-05-22,3,18.0,76.4,1.0,50.0,4.5
2023-05-22,6,16.1,63.2,1.0,270.0,10.0
2023-05-22,9,19.0,55.9,3.0,230.0,10.0
2023-05-22,12,22.8,55.7,1.0,90.0,4.6
2023-05-22,15,24.4,32.1,3.0,90.0,10.0
2023-05-22,18,25.1,36.3,2.0,320.0,12.0
2023-05-22,21,21.7,38.9,6.0,50.0,10.0
2023-05-23,0,21.5,30.4,8.0,50.0,10.0
2023-05-23,3,16.5,57.1,2.0,50.0,10.0
2023-05-23,6,14.4,66.3,1.0,90.0,10.0
2023-05-23,9,18.4,60.4,1.0,230.0,10.0
2023-05-23,12,24.4,41.8,1.0,90.0,10.0
2023-05-23,15,26.1,34.2,3.0,50.0,10.0
2023-05-23,18,26.1,29.6,2.0,360.0,10.0
2023-05-23,21,21.0,40.6,3.0,360.0,10.0
2023-05-24,0,17.8,45.6,1.0,90.0,10.0
2023-05-24,3,15.7,46.6,2.0,90.0,10.0
2023-05-24,6,15.4,46.8,1.0,90.0,10.0
2023-05-24,9,19.6,54.2,2.0,140.0,10.0
2023-05-24,12,21.3,59.5,2.0,140.0,10.0
2023-05-24,15,21.4,59.5,2.0,230.0,10.0
2023-05-24,18,21.3,60.3,0.0,0.0,10.0
2023-05-24,21,18.0,68.8,2.0,90.0,10.0
2023-05-25,0,16.4,77.2,1.0,230.0,10.0
2023-05-25,3,14.9,74.9,2.0,90.0,10.0
2023-05-25,6,13.9,84.9,2.0,90.0,10.0
2023-05-25,9,19.3,64.7,2.0,140.0,10.0
2023-05-25,12,20.6,53.0,4.0,140.0,15.0
2023-05-25,15,23.2,38.0,3.0,230.0,15.0
2023-05-25,18,20.2,49.5,3.0,230.0,15.0
2023-05-25,21,18.6,65.9,2.0,140.0,10.0
2023-05-26,0,18.1,60.3,1.0,270.0,10.0
2023-05-26,3,16.1,70.8,2.0,140.0,10.0
2023-05-26,6,16.3,76.2,2.0,90.0,10.0
2023-05-26,9,18.2,70.7,2.0,140.0,10.0
2023-05-26,12,20.2,61.6,2.0,180.0,10.0
2023-05-26,15,22.7,53.2,2.0,230.0,10.0
2023-05-26,18,21.5,61.9,1.0,140.0,15.0
2023-05-26,21,19.3,73.7,1.0,180.0,10.0
2023-05-27,0,18.0,78.5,1.0,90.0,10.0
2023-05-27,3,17.2,79.4,2.0,90.0,10.0
2023-05-27,6,18.2,75.5,2.0,140.0,10.0
2023-05-27,9,19.6,65.7,4.0,90.0,4.5
2023-05-27,12,17.7,88.6,4.0,140.0,4.0
2023-05-27,15,16.7,91.4,3.0,90.0,4.5
2023-05-27,18,18.4,93.3,1.0,140.0,4.5
2023-05-27,21,17.8,94.5,3.0,140.0,4.5
2023-05-28,0,18.4,93.9,4.0,230.0,4.5
2023-05-28,3,17.8,93.9,4.0,230.0,4.5
2023-05-28,6,17.6,95.1,3.0,180.0,4.5
2023-05-28,9,17.6,95.7,2.0,180.0,4.5
2023-05-28,12,19.0,95.1,1.0,230.0,4.5
2023-05-28,15,18.8,92.7,2.0,140.0,10.0
2023-05-28,18,18.6,92.7,0.0,0.0,4.5
2023-05-28,21,18.4,95.1,2.0,140.0,4.5
2023-05-29,0,18.2,94.5,2.0,140.0,10.0
2023-05-29,3,18.2,94.5,1.0,270.0,4.5
2023-05-29,6,18.1,95.1,1.0,140.0,3.5
2023-05-29,9,20.8,88.9,1.0,140.0,10.0
2023-05-29,12,25.5,72.1,3.0,50.0,15.0
2023-05-29,15,27.5,67.3,2.0,270.0,15.0
2023-05-29,18,27.1,71.9,2.0,270.0,15.0
2023-05-29,21,24.2,82.3,0.0,0.0,15.0
2023-05-30,0,21.6,84.6,0.0,0.0,10.0
2023-05-30,3,19.4,96.9,1.0,140.0,10.0
2023-05-30,6,19.6,81.8,0.0,0.0,10.0
2023-05-30,9,23.4,74.4,4.0,50.0,15.0
2023-05-30,12,25.3,55.6,5.0,140.0,15.0
2023-05-30,15,25.1,49.8,3.0,90.0,15.0
2023-05-30,18,24.6,56.2,3.0,90.0,15.0
2023-05-30,21,23.0,40.9,2.0,50.0,15.0
2023-05-31,0,20.1,56.5,0.0,0.0,10.0
2023-05-31,3,19.6,67.0,1.0,230.0,10.0
2023-05-31,6,20.8,63.8,2.0,90.0,10.0
2023-05-31,9,22.0,67.5,2.0,140.0,15.0
2023-05-31,12,22.4,62.9,2.0,140.0,15.0
2023-05-31,15,21.3,67.3,4.0,180.0,10.0
2023-05-31,18,21.2,79.4,3.0,180.0,15.0
2023-05-31,21,20.2,82.4,1.0,180.0,10.0
2023-06-01,0,19.6,86.0,1.0,320.0,4.5
2023-06-01,3,19.8,78.2,3.0,360.0,4.5
2023-06-01,6,18.8,89.3,1.0,140.0,4.5
2023-06-01,9,20.5,79.8,2.0,230.0,10.0
2023-06-01,12,21.2,80.9,3.0,180.0,10.0
2023-06-01,15,23.8,78.8,3.0,180.0,15.0
2023-06-01,18,22.6,72.0,2.0,180.0,15.0
2023-06-01,21,20.4,77.3,4.0,270.0,15.0
2023-06-02,0,18.8,81.7,1.0,360.0,10.0
2023-06-02,3,16.9,85.8,2.0,360.0,10.0
2023-06-02,6,17.8,87.0,1.0,320.0,10.0
2023-06-02,9,19.4,85.5,1.0,320.0,10.0
2023-06-02,12,22.7,73.4,1.0,230.0,15.0
2023-06-02,15,26.3,55.5,2.0,50.0,15.0
2023-06-02,18,24.3,53.3,4.0,360.0,15.0
2023-06-02,21,21.4,58.0,1.0,360.0,15.0
2023-06-03,0,21.6,56.9,6.0,360.0,10.0
2023-06-03,3,19.0,59.7,3.0,50.0,10.0
2023-06-03,6,17.6,65.2,1.0,360.0,15.0
2023-06-03,9,22.0,57.0,3.0,320.0,15.0
2023-06-03,12,26.3,45.5,4.0,320.0,15.0
2023-06-03,15,26.5,31.0,7.0,320.0,15.0
2023-06-03,18,25.3,48.9,6.0,320.0,15.0
2023-06-03,21,21.0,57.5,2.0,320.0,15.0
2023-06-04,0,19.6,58.3,3.0,320.0,10.0
2023-06-04,3,16.5,78.2,2.0,320.0,10.0
2023-06-04,6,16.2,71.3,1.0,50.0,10.0
2023-06-04,9,21.2,62.7,0.0,0.0,15.0
2023-06-04,12,24.5,56.9,2.0,320.0,15.0
2023-06-04,15,27.1,46.6,3.0,230.0,15.0
2023-06-04,18,25.3,45.5,6.0,230.0,15.0
2023-06-04,21,21.2,66.9,4.0,230.0,10.0
2023-06-05,0,19.6,72.4,2.0,360.0,10.0
2023-06-05,3,18.2,74.5,1.0,90.0,10.0
2023-06-05,6,18.2,74.5,2.0,90.0,10.0
2023-06-05,9,20.4,76.3,1.0,140.0,10.0
2023-06-05,12,23.8,68.2,2.0,230.0,10.0
2023-06-05,15,25.8,60.2,4.0,320.0,10.0
2023-06-05,18,24.0,49.2,5.0,360.0,15.0
2023-06-05,21,20.0,64.5,3.0,320.0,10.0
2023-06-06,0,18.2,81.1,2.0,320.0,10.0
2023-06-06,3,17.3,87.5,1.0,320.0,10.0
2023-06-06,6,17.8,87.0,1.0,270.0,10.0
2023-06-06,9,19.0,81.7,0.0,0.0,10.0
2023-06-06,12,22.0,76.1,3.0,230.0,10.0
2023-06-06,15,21.0,70.8,5.0,270.0,15.0
2023-06-06,18,20.0,76.8,6.0,270.0,10.0
2023-06-06,21,19.0,80.1,3.0,180.0,10.0
2023-06-07,0,18.5,87.0,1.0,180.0,10.0
2023-06-07,3,18.0,90.9,2.0,230.0,10.0
2023-06-07,6,18.2,92.7,3.0,230.0,2.0
2023-06-07,9,19.1,86.5,4.0,230.0,10.0
2023-06-07,12,18.8,89.3,5.0,180.0,2.5
2023-06-07,15,19.0,89.3,5.0,180.0,5.0
2023-06-07,18,18.5,92.1,4.0,180.0,2.5
2023-06-07,21,18.3,93.9,3.0,180.0,2.5
2023-06-08,0,18.2,92.7,3.0,180.0,2.5
2023-06-08,3,18.0,89.2,3.0,230.0,2.0
2023-06-08,6,17.6,92.7,4.0,140.0,10.0
2023-06-08,9,18.0,92.7,4.0,140.0,4.5
2023-06-08,12,18.4,93.3,2.0,180.0,4.5
2023-06-08,15,19.0,87.1,5.0,230.0,10.0
2023-06-08,18,19.4,89.3,2.0,270.0,10.0
2023-06-08,21,18.5,94.5,2.0,230.0,3.5
2023-06-09,0,18.6,95.1,1.0,270.0,5.0
2023-06-09,3,16.3,93.8,1.0,50.0,10.0
2023-06-09,6,15.3,94.4,1.0,50.0,10.0
2023-06-09,9,19.0,85.4,1.0,180.0,10.0
2023-06-09,12,20.4,78.8,1.0,140.0,10.0
2023-06-09,15,21.3,78.4,4.0,180.0,10.0
2023-06-09,18,21.5,78.0,1.0,140.0,15.0
2023-06-09,21,20.2,76.8,2.0,140.0,15.0
2023-06-10,0,18.0,79.5,2.0,90.0,10.0
2023-06-10,3,19.0,76.6,2.0,140.0,10.0
2023-06-10,6,18.7,92.2,2.0,140.0,4.5
2023-06-10,9,19.6,89.3,4.0,180.0,4.5
2023-06-10,12,22.4,77.6,4.0,180.0,4.5
2023-06-10,15,22.2,76.6,1.0,230.0,10.0
2023-06-10,18,19.2,81.7,0.0,0.0,4.5
2023-06-11,0,18.5,79.0,2.0,180.0,10.0
2023-06-11,3,18.6,74.1,1.0,140.0,10.0
2023-06-11,6,16.9,85.8,0.0,0.0,10.0
2023-06-11,9,20.8,78.9,0.0,0.0,15.0
2023-06-11,12,23.5,76.4,0.0,0.0,15.0
2023-06-11,15,25.0,68.9,0.0,0.0,15.0
2023-06-11,18,24.8,65.9,1.0,230.0,4.7
2023-06-11,21,22.6,62.2,1.0,360.0,10.0
2023-06-12,0,20.5,61.3,1.0,50.0,10.0
2023-06-12,3,18.5,71.2,1.0,140.0,10.0
2023-06-12,6,18.2,71.2,1.0,50.0,10.0
2023-06-12,9,20.4,70.2,1.0,230.0,10.0
2023-06-12,12,22.4,70.2,2.0,230.0,10.0
2023-06-12,15,23.7,55.2,2.0,230.0,15.0
2023-06-12,18,24.0,53.6,3.0,230.0,15.0
2023-06-12,21,21.6,71.4,2.0,360.0,15.0
2023-06-13,0,19.2,75.7,0.0,0.0,10.0
2023-06-13,3,18.0,83.2,0.0,0.0,10.0
2023-06-13,6,16.9,85.8,1.0,90.0,10.0
2023-06-13,9,19.0,81.7,2.0,270.0,10.0
2023-06-13,12,23.2,62.7,3.0,270.0,15.0
2023-06-13,15,24.4,65.8,4.0,230.0,15.0
2023-06-13,18,24.4,61.0,3.0,320.0,15.0
2023-06-13,21,20.8,69.0,1.0,270.0,10.0
2023-06-14,0,18.8,76.1,0.0,0.0,10.0
2023-06-14,3,17.3,83.6,1.0,90.0,10.0
2023-06-14,6,16.6,85.2,1.0,50.0,10.0
2023-06-14,9,20.5,76.8,2.0,230.0,10.0
2023-06-14,12,22.5,71.1,2.0,230.0,10.0
2023-06-14,15,24.1,60.2,3.0,320.0,10.0
2023-06-14,18,24.2,68.3,3.0,360.0,10.0
2023-06-14,21,21.8,68.3,3.0,320.0,10.0
2023-06-15,0,19.8,73.4,1.0,90.0,10.0
2023-06-15,3,18.8,76.1,0.0,0.0,10.0
2023-06-15,6,17.6,78.9,1.0,360.0,10.0
2023-06-15,9,21.8,70.9,2.0,270.0,10.0
2023-06-15,12,25.7,57.6,2.0,270.0,10.0
2023-06-15,15,26.5,64.2,3.0,230.0,15.0
2023-06-15,18,26.4,52.1,6.0,270.0,15.0
2023-06-15,21,22.6,67.1,2.0,320.0,10.0
2023-06-16,0,20.2,75.8,2.0,320.0,10.0
2023-06-16,3,19.2,77.1,1.0,50.0,10.0
2023-06-16,6,18.2,77.5,1.0,50.0,10.0
2023-06-16,9,23.6,74.0,0.0,0.0,15.0
2023-06-16,12,25.6,62.1,2.0,230.0,15.0
2023-06-16,15,26.7,63.1,2.0,140.0,15.0
2023-06-16,18,26.9,54.0,4.0,230.0,15.0
2023-06-16,21,23.4,57.4,1.0,320.0,10.0
2023-06-17,0,20.6,64.2,0.0,0.0,10.0
2023-06-17,3,19.0,69.0,0.0,0.0,10.0
2023-06-17,6,18.0,76.4,1.0,90.0,10.0
2023-06-17,9,22.4,73.3,1.0,270.0,10.0
2023-06-17,12,27.3,44.9,1.0,270.0,15.0
2023-06-17,15,28.3,57.8,2.0,230.0,10.0
2023-06-17,18,25.6,65.3,3.0,270.0,10.0
2023-06-17,21,24.0,62.1,4.0,320.0,10.0
2023-06-18,0,21.4,81.0,1.0,270.0,10.0
2023-06-18,3,20.4,82.4,1.0,360.0,10.0
2023-06-18,6,19.6,80.2,1.0,320.0,10.0
2023-06-18,9,23.0,74.4,1.0,320.0,10.0
2023-06-18,12,27.7,64.5,1.0,230.0,15.0
2023-06-18,15,29.9,46.8,4.0,270.0,10.0
2023-06-18,18,29.1,54.9,1.0,230.0,15.0
2023-06-18,21,25.9,66.6,1.0,230.0,15.0
2023-06-19,0,24.0,77.4,1.0,90.0,10.0
2023-06-19,3,22.8,80.1,0.0,0.0,10.0
2023-06-19,6,22.0,83.1,0.0,0.0,10.0
2023-06-19,9,27.1,56.1,4.0,140.0,15.0
2023-06-19,12,28.9,57.6,4.0,140.0,10.0
2023-06-19,15,29.3,50.9,1.0,140.0,15.0
2023-06-19,18,29.5,50.0,0.0,0.0,15.0
2023-06-19,21,26.4,65.4,1.0,270.0,10.0
2023-06-20,0,24.5,74.6,1.0,320.0,10.0
2023-06-20,3,23.4,54.5,0.0,0.0,10.0
2023-06-20,6,23.0,80.2,0.0,0.0,10.0
2023-06-20,9,23.4,80.7,1.0,90.0,4.5
2023-06-20,12,24.0,77.4,3.0,180.0,4.5
2023-06-20,15,23.6,72.6,3.0,180.0,15.0
2023-06-20,18,24.6,68.0,1.0,180.0,15.0
2023-06-20,21,21.0,80.9,1.0,180.0,4.5
2023-06-21,0,19.7,89.4,1.0,140.0,4.5
2023-06-21,3,19.4,91.6,4.0,140.0,4.5
2023-06-21,6,19.6,93.4,0.0,0.0,10.0
2023-06-21,9,20.7,89.4,1.0,230.0,10.0
2023-06-21,12,22.1,81.6,0.0,0.0,15.0
2023-06-21,15,22.2,80.1,3.0,50.0,10.0
2023-06-21,18,23.4,64.0,2.0,360.0,15.0
2023-06-21,21,21.8,78.0,1.0,360.0,10.0
2023-06-22,0,20.3,86.6,1.0,320.0,10.0
2023-06-22,3,19.5,82.8,3.0,320.0,10.0
2023-06-22,6,18.2,88.7,3.0,320.0,10.0
2023-06-22,9,21.4,79.5,2.0,230.0,10.0
2023-06-22,12,25.9,76.3,5.0,270.0,15.0
2023-06-22,15,27.9,65.0,2.0,360.0,15.0
2023-06-22,18,27.5,55.1,3.0,360.0,15.0
2023-06-22,21,24.1,72.3,2.0,320.0,10.0
2023-06-23,0,22.4,77.6,3.0,320.0,10.0
2023-06-23,3,20.9,83.5,1.0,50.0,10.0
2023-06-23,6,20.6,75.4,1.0,90.0,10.0
2023-06-23,9,22.6,82.1,2.0,180.0,10.0
2023-06-23,12,24.6,76.1,3.0,180.0,10.0
2023-06-23,15,25.3,78.1,3.0,230.0,4.5
2023-06-23,18,26.3,74.9,2.0,180.0,4.5
2023-06-23,21,24.2,74.6,1.0,90.0,10.0
2023-06-24,0,23.0,79.2,0.0,0.0,10.0
2023-06-24,3,22.0,79.0,1.0,140.0,10.0
2023-06-24,6,21.2,84.6,1.0,90.0,10.0
2023-06-24,9,24.0,83.9,1.0,140.0,4.5
2023-06-24,12,25.7,73.0,2.0,140.0,10.0
2023-06-24,15,27.5,60.6,2.0,230.0,15.0
2023-06-24,18,28.1,63.4,2.0,270.0,10.0
2023-06-24,21,25.0,73.3,2.0,320.0,10.0
2023-06-25,0,22.8,80.1,1.0,320.0,10.0
2023-06-25,3,22.0,80.5,1.0,360.0,10.0
2023-06-25,6,21.3,78.4,1.0,140.0,10.0
2023-06-25,9,25.5,69.0,0.0,0.0,10.0
2023-06-25,12,30.1,56.5,2.0,180.0,10.0
2023-06-25,15,31.9,53.2,3.0,180.0,15.0
2023-06-25,18,30.9,52.0,2.0,230.0,15.0
2023-06-25,21,28.3,62.3,0.0,0.0,10.0
2023-06-26,0,26.4,70.5,2.0,50.0,10.0
2023-06-26,3,26.4,59.9,4.0,140.0,10.0
2023-06-26,6,22.8,86.9,4.0,140.0,4.5
2023-06-26,9,21.9,90.6,4.0,90.0,4.5
2023-06-26,12,22.4,95.8,3.0,230.0,4.5
2023-06-26,15,22.0,95.2,4.0,180.0,4.5
2023-06-26,18,22.2,94.6,5.0,230.0,4.5
2023-06-26,21,22.0,95.2,7.0,230.0,4.5
2023-06-27,0,21.8,91.8,6.0,230.0,10.0
2023-06-27,3,20.8,90.0,5.0,270.0,10.0
2023-06-27,6,20.8,88.9,4.0,320.0,10.0
2023-06-27,9,23.5,77.8,3.0,270.0,10.0
2023-06-27,12,23.4,85.3,4.0,230.0,15.0
2023-06-27,15,25.3,83.0,4.0,230.0,10.0
2023-06-27,18,24.0,86.5,2.0,140.0,15.0
2023-06-27,21,22.6,78.1,2.0,140.0,10.0
2023-06-28,0,21.9,89.0,3.0,180.0,10.0
2023-06-28,3,21.4,93.5,0.0,0.0,10.0
2023-06-28,6,21.8,90.1,3.0,90.0,4.5
2023-06-28,9,22.6,90.1,1.0,230.0,10.0
2023-06-28,12,23.4,85.3,2.0,140.0,15.0
2023-06-28,15,22.4,91.8,3.0,180.0,4.5
2023-06-28,18,22.4,94.7,3.0,180.0,0.9
2023-06-28,21,22.2,96.4,3.0,180.0,0.8
2023-06-29,0,22.1,96.4,3.0,140.0,1.5
2023-06-29,3,21.8,97.0,3.0,90.0,1.5
2023-06-29,6,22.2,95.8,3.0,140.0,2.0
2023-06-29,9,22.6,96.4,4.0,180.0,2.5
2023-06-29,12,22.3,95.2,3.0,180.0,3.0
2023-06-29,15,22.0,95.2,2.0,180.0,3.0
2023-06-29,18,22.2,96.4,0.0,0.0,2.0
2023-06-29,21,22.6,93.5,3.0,140.0,10.0
2023-06-30,0,22.8,93.5,2.0,140.0,10.0
2023-06-30,3,22.6,95.2,0.0,0.0,5.0
2023-06-30,6,21.8,93.5,0.0,0.0,10.0
2023-06-30,9,25.0,89.2,1.0,50.0,15.0
2023-06-30,12,26.7,81.7,3.0,360.0,15.0
2023-06-30,15,26.9,79.7,1.0,140.0,15.0
2023-06-30,18,27.1,79.8,1.0,180.0,15.0
2023-06-30,21,25.1,84.0,0.0,0.0,15.0
2023-07-01,0,24.5,88.1,0.0,0.0,10.0
2023-07-01,3,23.2,90.2,0.0,0.0,10.0
2023-07-01,6,23.0,91.3,0.0,0.0,5.0
2023-07-01,9,24.0,90.2,1.0,230.0,3.5
2023-07-01,12,27.3,84.2,1.0,230.0,3.5
2023-07-01,15,28.1,78.9,2.0,140.0,15.0
2023-07-01,18,29.3,71.0,2.0,230.0,15.0
2023-07-01,21,26.9,78.3,2.0,230.0,15.0
2023-07-02,0,24.8,81.9,0.0,0.0,10.0
2023-07-02,3,23.4,85.9,2.0,270.0,10.0
2023-07-02,6,22.3,92.9,0.0,0.0,4.5
2023-07-02,9,23.7,88.0,1.0,360.0,4.5
2023-07-02,12,24.4,86.5,1.0,230.0,10.0
2023-07-02,15,27.1,75.5,2.0,180.0,10.0
2023-07-02,18,26.9,79.7,1.0,230.0,10.0
2023-07-02,21,25.1,85.0,0.0,0.0,10.0
2023-07-03,0,23.8,88.6,2.0,320.0,10.0
2023-07-03,3,22.2,91.8,1.0,360.0,10.0
2023-07-03,6,22.4,89.0,0.0,0.0,10.0
2023-07-03,9,26.5,78.7,1.0,230.0,10.0
2023-07-03,12,29.9,70.3,3.0,180.0,15.0
2023-07-03,15,30.9,58.4,2.0,230.0,15.0
2023-07-03,18,30.9,59.5,2.0,270.0,15.0
2023-07-03,21,28.0,75.2,0.0,0.0,15.0
2023-07-04,0,26.5,75.0,2.0,140.0,10.0
2023-07-04,3,25.1,88.7,2.0,140.0,10.0
2023-07-04,6,24.5,93.0,3.0,230.0,4.5
2023-07-04,9,24.0,93.0,5.0,180.0,10.0
2023-07-04,12,23.7,96.4,5.0,180.0,4.3
2023-07-04,15,23.4,97.0,5.0,180.0,4.0
2023-07-04,18,23.6,97.6,5.0,180.0,3.5
2023-07-04,21,23.0,97.6,5.0,230.0,4.0
2023-07-05,0,23.4,97.0,5.0,230.0,4.5
2023-07-05,3,22.0,94.6,6.0,270.0,10.0
2023-07-05,6,21.6,91.7,5.0,360.0,4.5
2023-07-05,9,21.2,88.4,4.0,320.0,10.0
2023-07-05,12,25.5,79.1,4.0,320.0,15.0
2023-07-05,15,27.5,72.9,6.0,270.0,15.0
2023-07-05,18,26.9,65.5,4.0,270.0,15.0
2023-07-05,21,24.0,79.8,1.0,320.0,10.0
2023-07-06,0,23.5,89.6,1.0,180.0,10.0
2023-07-06,3,22.5,94.7,3.0,180.0,5.0
2023-07-06,6,22.7,92.9,4.0,140.0,3.5
2023-07-06,9,24.0,89.7,5.0,180.0,3.5
2023-07-06,12,25.3,83.5,4.0,180.0,4.5
2023-07-06,15,29.1,71.9,5.0,270.0,10.0
2023-07-06,18,25.9,83.6,4.0,180.0,4.0
2023-07-06,21,23.9,89.7,3.0,180.0,3.5
2023-07-07,0,23.0,92.4,3.0,140.0,3.5
2023-07-07,3,22.7,92.9,3.0,140.0,3.5
2023-07-07,6,23.0,92.4,3.0,140.0,3.5
2023-07-07,9,23.0,94.7,2.0,140.0,2.0
2023-07-07,12,26.5,77.3,4.0,180.0,10.0
2023-07-07,15,28.1,76.1,4.0,180.0,15.0
2023-07-07,18,28.1,63.4,4.0,230.0,15.0
2023-07-07,21,24.4,77.0,0.0,0.0,10.0
2023-07-08,0,22.5,79.1,1.0,180.0,10.0
2023-07-08,3,21.8,83.1,0.0,0.0,10.0
2023-07-08,6,22.4,74.7,3.0,140.0,15.0
2023-07-08,9,24.2,71.4,3.0,140.0,15.0
2023-07-08,12,26.3,71.3,5.0,140.0,15.0
2023-07-08,15,25.7,81.0,4.0,180.0,15.0
2023-07-08,18,25.5,80.5,3.0,230.0,15.0
2023-07-08,21,23.8,83.8,2.0,180.0,10.0
2023-07-09,0,23.4,86.9,2.0,90.0,10.0
2023-07-09,3,23.2,96.4,3.0,140.0,2.0
2023-07-09,6,23.8,96.4,5.0,140.0,1.0
2023-07-09,9,22.0,91.8,2.0,140.0,3.5
2023-07-09,12,23.6,83.8,4.0,140.0,10.0
2023-07-09,15,25.6,85.1,4.0,140.0,10.0
2023-07-09,18,25.5,85.6,4.0,230.0,15.0
2023-07-09,21,24.4,91.4,3.0,140.0,4.0
2023-07-10,0,23.9,95.9,4.0,140.0,2.0
2023-07-10,3,23.4,95.3,3.0,140.0,2.0
2023-07-10,6,23.2,95.8,2.0,140.0,2.0
2023-07-10,9,25.0,91.4,1.0,140.0,4.5
2023-07-10,12,25.0,86.0,4.0,180.0,4.5
2023-07-10,15,26.3,81.6,2.0,230.0,10.0
2023-07-10,18,26.9,84.2,2.0,230.0,10.0
2023-07-10,21,25.1,88.7,1.0,180.0,10.0
2023-07-11,0,24.6,92.5,2.0,230.0,10.0
2023-07-11,3,24.5,89.7,2.0,180.0,10.0
2023-07-11,6,23.4,97.0,3.0,180.0,10.0
2023-07-11,9,24.0,95.9,3.0,140.0,0.6
2023-07-11,12,24.8,93.1,2.0,180.0,3.5
2023-07-11,15,24.0,93.6,4.0,180.0,4.0
2023-07-11,18,25.0,90.9,2.0,180.0,10.0
2023-07-11,21,23.0,92.4,3.0,140.0,10.0
2023-07-12,0,23.0,93.0,3.0,140.0,4.5
2023-07-12,3,23.1,98.2,0.0,0.0,4.5
2023-07-12,6,23.3,96.4,0.0,0.0,4.5
2023-07-12,9,24.4,92.5,2.0,140.0,4.5
2023-07-12,12,26.1,84.6,2.0,180.0,10.0
2023-07-12,15,26.5,84.1,3.0,180.0,10.0
2023-07-12,18,25.9,87.2,2.0,50.0,10.0
2023-07-12,21,25.1,87.6,0.0,0.0,10.0
2023-07-13,0,24.5,91.4,2.0,140.0,10.0
2023-07-13,3,24.0,91.9,1.0,140.0,4.5
2023-07-13,6,24.4,90.8,3.0,140.0,10.0
2023-07-13,9,24.6,94.7,4.0,90.0,3.0
2023-07-13,12,23.8,97.0,5.0,180.0,3.0
2023-07-13,15,24.2,95.9,4.0,140.0,3.0
2023-07-13,18,24.2,96.5,4.0,140.0,3.0
2023-07-13,21,24.0,97.6,8.0,140.0,2.5
2023-07-14,0,23.7,97.0,6.0,140.0,3.0
2023-07-14,3,23.9,96.4,3.0,230.0,3.0
2023-07-14,6,24.0,95.9,2.0,320.0,4.0
2023-07-14,9,24.4,97.6,2.0,270.0,3.0
2023-07-14,12,25.7,94.2,3.0,270.0,3.0
2023-07-14,15,25.1,92.5,2.0,270.0,4.5
2023-07-14,18,25.5,94.8,2.0,270.0,3.0
2023-07-14,21,25.1,94.8,2.0,270.0,3.0
2023-07-15,0,24.9,94.8,2.0,270.0,4.5
2023-07-15,3,24.8,95.9,2.0,230.0,4.5
2023-07-15,6,24.6,97.0,3.0,180.0,1.0
2023-07-15,9,24.6,97.0,1.0,230.0,1.0
2023-07-15,12,25.3,96.5,3.0,230.0,2.0
2023-07-15,15,26.1,95.4,1.0,270.0,2.0
2023-07-15,18,26.4,87.7,4.0,270.0,4.5
2023-07-15,21,24.3,86.0,2.0,360.0,10.0
2023-07-16,0,23.0,90.2,1.0,270.0,10.0
2023-07-16,3,22.8,90.1,1.0,360.0,10.0
2023-07-16,6,22.6,90.1,1.0,50.0,10.0
2023-07-16,9,23.7,81.3,0.0,0.0,15.0
2023-07-16,12,27.1,76.0,2.0,230.0,15.0
2023-07-16,15,26.2,75.4,2.0,230.0,15.0
2023-07-16,18,25.0,79.5,1.0,230.0,10.0
2023-07-16,21,23.8,81.3,1.0,90.0,10.0
2023-07-17,0,23.0,85.3,1.0,90.0,10.0
2023-07-17,3,23.1,86.9,2.0,90.0,10.0
2023-07-17,6,22.8,90.1,1.0,90.0,10.0
2023-07-17,9,24.4,87.6,0.0,0.0,10.0
2023-07-17,12,26.1,79.1,0.0,0.0,15.0
2023-07-17,15,28.1,77.1,1.0,270.0,15.0
2023-07-17,18,26.9,70.1,1.0,180.0,15.0
2023-07-17,21,24.8,79.4,2.0,140.0,10.0
2023-07-18,0,23.8,88.6,0.0,0.0,10.0
2023-07-18,3,23.0,88.5,2.0,50.0,10.0
2023-07-18,6,22.2,90.1,1.0,50.0,10.0
2023-07-18,9,25.0,80.9,0.0,0.0,10.0
2023-07-18,12,27.8,69.5,1.0,230.0,10.0
2023-07-18,15,29.3,60.6,2.0,90.0,15.0
2023-07-18,18,28.9,68.4,1.0,230.0,15.0
2023-07-18,21,25.9,85.6,1.0,90.0,15.0
2023-07-19,0,24.7,88.1,0.0,0.0,15.0
2023-07-19,3,23.2,88.5,0.0,0.0,10.0
2023-07-19,6,22.8,88.5,0.0,0.0,4.5
2023-07-19,9,25.3,83.5,0.0,0.0,10.0
2023-07-19,12,30.7,73.0,2.0,180.0,10.0
2023-07-19,15,31.9,48.8,3.0,360.0,15.0
2023-07-19,18,27.9,71.6,4.0,50.0,15.0
2023-07-19,21,27.9,69.1,1.0,360.0,10.0
2023-07-20,0,24.6,76.1,2.0,50.0,15.0
2023-07-20,3,23.2,78.7,1.0,320.0,10.0
2023-07-20,6,22.2,80.1,0.0,0.0,10.0
2023-07-20,9,26.7,68.0,1.0,270.0,10.0
2023-07-20,12,30.1,68.2,0.0,0.0,15.0
2023-07-20,15,31.7,52.5,1.0,230.0,15.0
2023-07-20,18,31.0,63.3,1.0,180.0,15.0
2023-07-20,21,27.5,71.1,1.0,360.0,10.0
2023-07-21,0,25.3,84.5,0.0,0.0,10.0
2023-07-21,3,23.6,72.2,0.0,0.0,10.0
2023-07-21,6,23.3,77.8,0.0,0.0,10.0
2023-07-21,9,27.7,73.4,2.0,140.0,10.0
2023-07-21,12,29.7,62.2,3.0,230.0,10.0
2023-07-21,15,31.2,52.4,2.0,180.0,10.0
2023-07-21,18,30.9,51.4,2.0,230.0,10.0
2023-07-21,21,27.2,66.0,1.0,140.0,10.0
2023-07-22,0,25.7,70.4,1.0,140.0,10.0
2023-07-22,3,25.8,71.7,2.0,140.0,10.0
2023-07-22,6,26.9,71.5,5.0,50.0,10.0
2023-07-22,9,27.5,77.0,3.0,90.0,10.0
2023-07-22,12,29.6,59.6,4.0,140.0,10.0
2023-07-22,15,28.1,65.8,5.0,180.0,10.0
2023-07-22,18,25.9,83.6,5.0,140.0,4.5
2023-07-22,21,24.4,96.5,7.0,230.0,3.0
2023-07-23,0,24.0,97.6,8.0,230.0,3.0
2023-07-23,3,24.2,97.0,5.0,180.0,3.5
2023-07-23,6,24.8,96.5,4.0,230.0,3.5
2023-07-23,9,25.4,97.1,1.0,230.0,4.5
2023-07-23,12,27.3,92.6,0.0,0.0,10.0
2023-07-23,15,27.2,87.3,4.0,180.0,10.0
2023-07-23,18,25.9,92.0,2.0,180.0,10.0
2023-07-23,21,25.3,94.8,0.0,0.0,4.5
2023-07-24,0,25.1,95.9,0.0,0.0,4.5
2023-07-24,3,25.0,94.2,1.0,230.0,4.5
2023-07-24,6,24.4,95.9,0.0,0.0,3.5
2023-07-24,9,24.5,90.8,2.0,180.0,10.0
2023-07-24,12,26.9,82.7,2.0,140.0,15.0
2023-07-24,15,27.1,82.7,3.0,230.0,15.0
2023-07-24,18,26.7,84.2,2.0,140.0,15.0
2023-07-24,21,25.3,88.2,2.0,230.0,10.0
2023-07-25,0,25.1,87.1,0.0,0.0,10.0
2023-07-25,3,24.6,92.5,2.0,140.0,10.0
2023-07-25,6,24.5,91.9,2.0,140.0,4.0
2023-07-25,9,24.8,94.2,2.0,140.0,4.0
2023-07-25,12,25.5,94.8,2.0,180.0,4.5
2023-07-25,15,26.1,92.0,4.0,230.0,10.0
2023-07-25,18,25.5,89.8,4.0,230.0,10.0
2023-07-25,21,25.2,92.5,1.0,90.0,10.0
2023-07-26,0,24.8,90.3,0.0,0.0,4.5
2023-07-26,3,24.7,91.4,1.0,180.0,3.5
2023-07-26,6,24.8,94.2,1.0,360.0,3.5
2023-07-26,9,25.5,94.2,3.0,230.0,10.0
2023-07-26,12,26.9,88.8,3.0,230.0,10.0
2023-07-26,15,29.3,75.0,2.0,230.0,10.0
2023-07-26,18,28.6,82.4,1.0,180.0,10.0
2023-07-26,21,26.1,93.1,2.0,230.0,10.0
2023-07-27,0,25.5,94.8,1.0,230.0,10.0
2023-07-27,3,25.5,93.7,0.0,0.0,10.0
2023-07-27,6,25.1,94.8,2.0,180.0,10.0
2023-07-27,9,25.5,89.8,2.0,140.0,10.0
2023-07-27,12,27.4,85.2,2.0,230.0,10.0
2023-07-27,15,29.1,81.5,2.0,180.0,15.0
2023-07-27,18,28.9,79.1,3.0,230.0,15.0
2023-07-27,21,26.9,87.3,1.0,230.0,15.0
2023-07-28,0,26.3,88.3,1.0,180.0,10.0
2023-07-28,3,26.1,90.4,1.0,180.0,10.0
2023-07-28,6,25.5,91.4,2.0,140.0,10.0
2023-07-28,9,26.9,85.7,2.0,140.0,10.0
2023-07-28,12,29.9,79.7,3.0,180.0,10.0
2023-07-28,15,30.9,67.6,2.0,230.0,10.0
2023-07-28,18,30.2,71.2,2.0,180.0,10.0
2023-07-28,21,27.5,82.7,2.0,180.0,10.0
2023-07-29,0,26.3,84.6,1.0,90.0,10.0
2023-07-29,3,26.3,84.6,2.0,140.0,10.0
2023-07-29,6,25.9,88.8,3.0,120.0,10.0
2023-07-29,9,27.3,85.7,1.0,180.0,10.0
2023-07-29,12,26.9,89.9,1.0,320.0,10.0
2023-07-29,15,27.7,78.4,0.0,0.0,10.0
2023-07-29,18,28.4,76.6,0.0,0.0,10.0
2023-07-29,21,27.3,84.2,1.0,50.0,15.0
2023-07-30,0,26.1,89.3,1.0,50.0,10.0
2023-07-30,3,25.9,87.7,0.0,0.0,10.0
2023-07-30,6,25.0,81.9,1.0,140.0,10.0
2023-07-30,9,28.9,77.2,0.0,0.0,15.0
2023-07-30,12,31.1,61.8,1.0,230.0,10.0
2023-07-30,15,32.7,55.8,0.0,0.0,10.0
2023-07-30,18,32.3,61.3,2.0,230.0,10.0
2023-07-30,21,29.3,75.0,0.0,0.0,10.0
2023-07-31,0,26.6,85.2,0.0,0.0,10.0
2023-07-31,3,26.3,86.2,0.0,0.0,10.0
2023-07-31,6,25.3,88.2,1.0,360.0,10.0
2023-07-31,9,28.5,79.0,0.0,0.0,10.0
2023-07-31,12,30.9,72.2,3.0,230.0,12.0
2023-07-31,15,29.3,76.3,2.0,360.0,4.5
2023-07-31,18,31.0,64.8,1.0,320.0,10.0
2023-07-31,21,27.7,79.8,1.0,360.0,10.0
2024-03-01,0,-1.5,54.8,4.0,320.0,15.0
2024-03-01,3,-2.8,34.5,6.0,360.0,15.0
2024-03-01,6,-5.0,50.1,5.0,360.0,10.0
2024-03-01,9,-5.7,37.9,7.0,360.0,10.0
2024-03-01,12,-3.2,33.3,6.0,360.0,10.0
2024-03-01,15,-3.5,36.1,8.0,320.0,15.0
2024-03-01,18,-4.8,39.8,5.0,320.0,15.0
2024-03-01,21,-6.2,46.9,2.0,360.0,10.0
2024-03-02,0,-7.0,47.0,2.0,320.0,10.0
2024-03-02,3,-7.4,51.4,1.0,90.0,10.0
2024-03-02,6,-7.2,59.2,1.0,90.0,10.0
2024-03-02,9,-2.6,57.6,1.0,90.0,15.0
2024-03-02,12,2.8,59.1,3.0,230.0,15.0
2024-03-02,15,5.4,59.3,8.0,270.0,15.0
2024-03-02,18,4.3,66.4,7.0,270.0,15.0
2024-03-02,21,2.8,72.2,2.0,320.0,10.0
2024-03-03,0,2.7,74.4,3.0,320.0,10.0
2024-03-03,3,1.6,69.9,2.0,360.0,10.0
2024-03-03,6,0.3,57.5,1.0,360.0,10.0
2024-03-03,9,0.5,59.8,0.0,0.0,10.0
2024-03-03,12,4.6,56.5,2.0,230.0,10.0
2024-03-03,15,7.9,36.7,4.0,270.0,15.0
2024-03-03,18,5.6,64.8,3.0,90.0,15.0
2024-03-03,21,2.4,59.4,1.0,360.0,10.0
2024-03-04,0,0.0,64.0,1.0,180.0,10.0
2024-03-04,3,-0.6,60.0,2.0,90.0,10.0
2024-03-04,6,-2.0,64.5,1.0,50.0,10.0
2024-03-04,9,1.0,60.9,0.0,0.0,10.0
2024-03-04,12,6.1,43.4,3.0,140.0,15.0
2024-03-04,15,8.3,31.1,3.0,180.0,15.0
2024-03-04,18,6.8,36.3,1.0,230.0,15.0
2024-03-04,21,4.7,41.1,0.0,0.0,10.0
2024-03-05,0,5.3,40.3,0.0,0.0,10.0
2024-03-05,3,6.4,36.5,0.0,0.0,10.0
2024-03-05,6,5.0,46.9,0.0,0.0,10.0
2024-03-05,9,4.7,57.4,0.0,0.0,15.0
2024-03-05,12,9.9,45.2,1.0,90.0,15.0
2024-03-05,15,10.8,32.6,3.0,270.0,15.0
2024-03-05,18,10.6,34.5,4.0,50.0,15.0
2024-03-05,21,7.9,50.6,2.0,180.0,10.0
2024-03-06,0,5.0,50.6,1.0,360.0,10.0
2024-03-06,3,4.5,77.4,0.0,0.0,10.0
2024-03-06,6,3.1,77.2,1.0,50.0,10.0
2024-03-06,9,4.0,69.8,0.0,0.0,15.0
2024-03-06,12,8.2,58.7,1.0,230.0,15.0
2024-03-06,15,9.1,50.2,2.0,180.0,10.0
2024-03-06,18,8.9,45.6,2.0,230.0,10.0
2024-03-06,21,5.0,53.7,1.0,360.0,10.0
2024-03-07,0,0.9,66.1,1.0,270.0,10.0
2024-03-07,3,0.7,67.1,2.0,360.0,10.0
2024-03-07,6,1.4,72.5,0.0,0.0,10.0
2024-03-07,9,2.9,65.1,0.0,0.0,10.0
2024-03-07,12,6.9,53.4,3.0,320.0,15.0
2024-03-07,15,8.3,37.4,8.0,320.0,10.0
2024-03-07,18,5.9,32.3,5.0,360.0,10.0
2024-03-07,21,1.5,46.9,3.0,360.0,10.0
2024-03-08,0,1.1,74.1,2.0,360.0,10.0
2024-03-08,3,-0.3,72.1,2.0,360.0,10.0
2024-03-08,6,0.3,52.8,2.0,320.0,10.0
2024-03-08,9,2.5,50.6,2.0,320.0,15.0
2024-03-08,12,5.1,40.0,5.0,320.0,15.0
2024-03-08,15,4.9,31.3,6.0,360.0,10.0
2024-03-08,18,2.5,35.6,6.0,320.0,10.0
2024-03-08,21,0.0,50.7,1.0,320.0,15.0
2024-03-09,0,-1.0,59.9,0.0,0.0,15.0
2024-03-09,3,-1.4,56.2,2.0,320.0,10.0
2024-03-09,6,-1.0,49.2,3.0,360.0,10.0
2024-03-09,9,-0.8,40.0,4.0,320.0,10.0
2024-03-09,12,3.8,39.9,4.0,320.0,10.0
2024-03-09,15,7.4,33.0,3.0,320.0,15.0
2024-03-09,18,5.4,36.8,5.0,320.0,15.0
2024-03-09,21,1.8,41.8,2.0,360.0,10.0
2024-03-10,0,-0.6,51.3,2.0,360.0,10.0
2024-03-10,3,-0.8,47.0,2.0,360.0,10.0
2024-03-10,6,-2.1,47.7,0.0,0.0,10.0
2024-03-10,9,2.9,50.4,0.0,0.0,10.0
2024-03-10,12,6.0,57.7,1.0,180.0,15.0
2024-03-10,15,8.5,60.5,5.0,230.0,15.0
2024-03-10,18,6.8,70.9,3.0,230.0,15.0
2024-03-10,21,3.6,80.7,1.0,90.0,10.0
2024-03-11,0,4.0,83.1,2.0,50.0,10.0
2024-03-11,3,4.0,84.9,2.0,90.0,10.0
2024-03-11,6,3.9,81.9,3.0,90.0,10.0
2024-03-11,9,4.5,67.4,4.0,140.0,10.0
2024-03-11,12,5.9,63.5,4.0,90.0,10.0
2024-03-11,15,7.2,55.1,4.0,140.0,10.0
2024-03-11,18,6.6,68.9,2.0,180.0,10.0
2024-03-11,21,6.2,75.0,1.0,140.0,10.0
2024-03-12,0,5.7,82.8,0.0,0.0,10.0
2024-03-12,3,5.7,83.9,1.0,360.0,10.0
2024-03-12,6,5.4,81.5,2.0,230.0,10.0
2024-03-12,9,4.9,70.5,1.0,320.0,10.0
2024-03-12,12,8.8,59.3,3.0,140.0,15.0
2024-03-12,15,9.3,52.2,7.0,50.0,15.0
2024-03-12,18,8.1,50.0,6.0,360.0,15.0
2024-03-12,21,4.3,59.0,4.0,360.0,10.0
2024-03-13,0,3.3,52.8,3.0,270.0,10.0
2024-03-13,3,3.1,51.2,3.0,320.0,10.0
2024-03-13,6,1.6,58.3,2.0,360.0,10.0
2024-03-13,9,6.1,55.2,1.0,320.0,15.0
2024-03-13,12,10.3,40.0,3.0,320.0,10.0
2024-03-13,15,12.5,40.7,5.0,320.0,15.0
2024-03-13,18,9.5,53.8,5.0,230.0,15.0
2024-03-13,21,6.1,74.4,2.0,320.0,10.0
2024-03-14,0,4.7,69.0,2.0,360.0,10.0
2024-03-14,3,5.0,70.0,3.0,320.0,10.0
2024-03-14,6,1.8,74.7,0.0,0.0,10.0
2024-03-14,9,5.0,70.0,0.0,0.0,10.0
2024-03-14,12,10.1,65.3,0.0,0.0,10.0
2024-03-14,15,11.1,57.4,4.0,180.0,10.0
2024-03-14,18,12.1,30.6,5.0,270.0,10.0
2024-03-14,21,8.1,54.6,2.0,360.0,10.0
2024-03-15,0,5.7,75.4,0.0,0.0,10.0
2024-03-15,3,3.0,89.9,1.0,140.0,10.0
2024-03-15,6,3.0,91.2,1.0,140.0,4.5
2024-03-15,9,4.3,98.6,1.0,180.0,0.9
2024-03-15,12,7.5,83.0,2.0,180.0,4.5
2024-03-15,15,10.9,71.2,3.0,140.0,10.0
2024-03-15,18,13.0,63.3,2.0,270.0,10.0
2024-03-15,21,8.8,76.0,0.0,0.0,4.5
2024-03-16,0,6.3,88.2,1.0,180.0,4.5
2024-03-16,3,5.2,90.7,2.0,140.0,0.3
2024-03-16,6,4.6,83.8,2.0,360.0,4.5
2024-03-16,9,7.1,81.2,2.0,140.0,4.5
2024-03-16,12,10.4,69.7,3.0,140.0,10.0
2024-03-16,15,11.9,65.3,3.0,230.0,15.0
2024-03-16,18,11.8,64.4,3.0,270.0,15.0
2024-03-16,21,9.8,41.4,0.0,0.0,10.0
2024-03-17,0,9.0,39.3,2.0,270.0,10.0
2024-03-17,3,9.7,83.3,2.0,360.0,10.0
2024-03-17,6,8.3,72.2,4.0,360.0,10.0
2024-03-17,9,5.8,57.7,5.0,320.0,10.0
2024-03-17,12,7.4,52.4,7.0,320.0,10.0
2024-03-17,15,8.9,45.6,6.0,360.0,10.0
2024-03-17,18,7.7,40.1,4.0,360.0,10.0
2024-03-17,21,4.9,43.8,5.0,360.0,10.0
2024-03-18,0,5.1,40.0,3.0,360.0,10.0
2024-03-18,3,2.7,39.2,1.0,180.0,10.0
2024-03-18,6,1.1,44.0,2.0,90.0,10.0
2024-03-18,9,5.8,40.2,0.0,0.0,10.0
2024-03-18,12,10.0,39.0,1.0,230.0,15.0
2024-03-18,15,10.7,39.5,4.0,140.0,10.0
2024-03-18,18,8.7,31.2,6.0,270.0,10.0
2024-03-18,21,5.0,54.9,3.0,320.0,10.0
2024-03-19,0,5.1,59.2,1.0,360.0,10.0
2024-03-19,3,4.9,71.6,0.0,0.0,10.0
2024-03-19,6,5.2,82.7,3.0,140.0,10.0
2024-03-19,9,6.2,79.9,1.0,140.0,10.0
2024-03-19,12,9.5,69.0,2.0,320.0,10.0
2024-03-19,15,10.3,46.4,7.0,320.0,10.0
2024-03-19,18,5.9,57.3,10.0,360.0,10.0
2024-03-19,21,4.6,66.0,6.0,360.0,10.0
2024-03-20,0,3.4,57.9,4.0,360.0,10.0
2024-03-20,3,3.0,66.1,5.0,360.0,10.0
2024-03-20,6,0.6,78.5,3.0,320.0,10.0
2024-03-20,9,3.8,59.8,3.0,320.0,15.0
2024-03-20,12,6.9,43.4,5.0,360.0,10.0
2024-03-20,15,7.5,35.7,4.0,360.0,10.0
2024-03-20,18,5.3,34.8,6.0,360.0,10.0
2024-03-20,21,2.0,49.7,2.0,320.0,10.0
2024-03-21,0,1.4,57.8,2.0,360.0,10.0
2024-03-21,3,1.2,64.7,1.0,360.0,10.0
2024-03-21,6,1.2,70.3,1.0,360.0,10.0
2024-03-21,9,2.7,68.6,1.0,180.0,10.0
2024-03-21,12,9.0,36.7,1.0,270.0,10.0
2024-03-21,15,9.7,40.7,5.0,230.0,10.0
2024-03-21,18,7.4,49.4,4.0,230.0,10.0
2024-03-21,21,4.9,76.4,0.0,0.0,10.0
2024-03-22,0,5.2,77.0,2.0,140.0,10.0
2024-03-22,3,4.7,73.6,4.0,140.0,10.0
2024-03-22,6,5.1,52.5,8.0,90.0,10.0
2024-03-22,9,7.3,43.1,10.0,140.0,10.0
2024-03-22,12,9.1,55.2,10.0,140.0,10.0
2024-03-22,15,8.3,80.2,4.0,180.0,4.5
2024-03-22,18,9.5,82.7,6.0,270.0,4.5
2024-03-22,21,9.7,87.9,3.0,230.0,10.0
2024-03-23,0,9.5,91.6,1.0,320.0,10.0
2024-03-23,3,6.7,80.6,1.0,90.0,10.0
2024-03-23,6,6.4,92.7,0.0,0.0,0.9
2024-03-23,9,8.7,83.7,0.0,0.0,3.5
2024-03-23,12,14.5,57.4,1.0,230.0,10.0
2024-03-23,15,17.8,33.4,4.0,360.0,10.0
2024-03-23,18,16.8,37.2,2.0,360.0,10.0
2024-03-23,21,12.9,51.7,2.0,90.0,10.0
2024-03-24,0,12.2,53.0,0.0,0.0,10.0
2024-03-24,3,12.3,49.7,4.0,90.0,10.0
2024-03-24,6,11.1,54.6,2.0,270.0,10.0
2024-03-24,9,12.7,54.6,1.0,270.0,10.0
2024-03-24,12,17.4,39.8,2.0,140.0,10.0
2024-03-24,15,20.6,36.2,3.0,180.0,15.0
2024-03-24,18,19.7,44.9,4.0,230.0,15.0
2024-03-24,21,16.7,46.2,3.0,320.0,10.0
2024-03-25,0,14.5,53.2,0.0,0.0,10.0
2024-03-25,3,13.1,60.3,1.0,140.0,10.0
2024-03-25,6,11.9,63.1,3.0,180.0,10.0
2024-03-25,9,12.9,51.7,1.0,90.0,10.0
2024-03-25,12,12.7,51.6,4.0,90.0,10.0
2024-03-25,15,12.3,51.1,4.0,140.0,10.0
2024-03-25,18,10.3,68.7,3.0,140.0,5.0
2024-03-25,21,8.1,75.8,3.0,140.0,4.5
2024-03-26,0,7.2,73.0,5.0,90.0,4.5
2024-03-26,3,5.4,82.7,2.0,230.0,4.5
2024-03-26,6,5.4,82.7,3.0,230.0,4.5
2024-03-26,9,4.9,80.9,3.0,320.0,10.0
2024-03-26,12,8.8,66.4,2.0,50.0,10.0
2024-03-26,15,11.3,65.6,1.0,90.0,15.0
2024-03-26,18,8.2,80.2,5.0,270.0,15.0
2024-03-26,21,6.6,77.8,2.0,320.0,10.0
2024-03-27,0,4.8,83.8,0.0,0.0,10.0
2024-03-27,3,5.9,78.8,0.0,0.0,10.0
2024-03-27,6,4.5,89.3,1.0,140.0,10.0
2024-03-27,9,6.3,84.0,2.0,180.0,10.0
2024-03-27,12,9.1,78.7,3.0,180.0,10.0
2024-03-27,15,10.8,67.8,3.0,180.0,10.0
2024-03-27,18,8.5,75.9,2.0,180.0,10.0
2024-03-27,21,6.2,87.6,3.0,180.0,5.0
2024-03-28,0,6.1,89.5,2.0,140.0,10.0
2024-03-28,3,7.2,88.3,1.0,140.0,4.5
2024-03-28,6,7.4,85.3,2.0,140.0,4.5
2024-03-28,9,8.1,86.0,3.0,140.0,4.5
2024-03-28,12,8.2,92.1,1.0,140.0,4.5
2024-03-28,15,8.3,90.3,2.0,230.0,4.5
2024-03-28,18,9.0,87.9,2.0,320.0,10.0
2024-03-28,21,7.2,95.3,4.0,320.0,10.0
2024-03-29,0,4.7,97.2,1.0,50.0,4.5
2024-03-29,3,3.5,80.1,1.0,270.0,10.0
2024-03-29,6,5.0,78.1,2.0,140.0,4.5
2024-03-29,9,6.3,91.4,4.0,140.0,4.5
2024-03-29,12,8.9,84.9,4.0,360.0,4.5
2024-03-29,15,12.1,65.8,5.0,320.0,10.0
2024-03-29,18,9.9,50.1,5.0,360.0,10.0
2024-03-29,21,6.1,74.4,2.0,320.0,10.0
2024-03-30,0,4.1,71.9,2.0,320.0,10.0
2024-03-30,3,4.0,78.5,2.0,180.0,10.0
2024-03-30,6,5.5,64.3,2.0,50.0,10.0
2024-03-30,9,5.9,66.8,2.0,360.0,10.0
2024-03-30,12,8.3,65.9,2.0,140.0,10.0
2024-03-30,15,13.8,42.5,3.0,320.0,10.0
2024-03-30,18,10.1,43.0,4.0,360.0,15.0
2024-03-30,21,6.9,41.1,2.0,360.0,10.0
2024-03-31,0,4.5,52.4,2.0,270.0,10.0
2024-03-31,3,3.9,62.0,2.0,320.0,10.0
2024-03-31,6,2.7,62.2,0.0,0.0,10.0
2024-03-31,9,7.4,58.5,1.0,360.0,10.0
2024-03-31,12,10.7,41.9,2.0,270.0,10.0
2024-03-31,15,14.7,23.9,3.0,360.0,15.0
2024-03-31,18,13.4,28.7,3.0,90.0,15.0
2024-03-31,21,9.3,51.4,2.0,360.0,10.0
2024-04-01,0,6.9,59.2,1.0,320.0,10.0
2024-04-01,3,6.3,55.7,0.0,0.0,10.0
2024-04-01,6,4.9,68.0,0.0,0.0,10.0
2024-04-01,9,8.5,47.9,2.0,140.0,10.0
2024-04-01,12,14.2,33.3,2.0,270.0,10.0
2024-04-01,15,16.3,45.8,4.0,230.0,15.0
2024-04-01,18,13.7,30.6,5.0,270.0,15.0
2024-04-01,21,9.7,44.8,0.0,0.0,10.0
2024-04-02,0,8.1,53.8,2.0,90.0,10.0
2024-04-02,3,7.1,64.7,1.0,90.0,10.0
2024-04-02,6,7.1,60.6,2.0,140.0,10.0
2024-04-02,9,14.1,34.3,2.0,140.0,10.0
2024-04-02,12,17.2,26.5,3.0,140.0,10.0
2024-04-02,15,13.6,77.3,3.0,140.0,15.0
2024-04-02,18,13.9,77.3,2.0,180.0,10.0
2024-04-02,21,13.0,79.3,1.0,360.0,10.0
2024-04-03,0,13.8,68.0,1.0,360.0,10.0
2024-04-03,3,13.4,61.3,1.0,320.0,10.0
2024-04-03,6,16.9,36.9,3.0,90.0,10.0
2024-04-03,9,14.4,49.2,1.0,230.0,10.0
2024-04-03,12,17.3,46.1,1.0,140.0,10.0
2024-04-03,15,19.4,42.7,2.0,180.0,15.0
2024-04-03,18,20.2,43.8,2.0,180.0,15.0
2024-04-03,21,14.7,52.5,1.0,360.0,10.0
2024-04-04,0,13.4,51.4,1.0,230.0,10.0
2024-04-04,3,12.3,57.3,0.0,0.0,10.0
2024-04-04,6,11.3,54.6,1.0,270.0,10.0
2024-04-04,9,15.0,41.1,3.0,90.0,10.0
2024-04-04,12,16.8,42.2,3.0,360.0,10.0
2024-04-04,15,19.0,39.7,3.0,50.0,10.0
2024-04-04,18,18.8,44.6,2.0,270.0,10.0
2024-04-04,21,13.7,62.6,0.0,0.0,10.0
2024-04-05,0,11.9,55.2,0.0,0.0,10.0
2024-04-05,3,12.3,65.8,3.0,180.0,10.0
2024-04-05,6,11.5,69.9,3.0,140.0,10.0
2024-04-05,9,12.1,72.4,2.0,140.0,10.0
2024-04-05,12,14.9,62.5,2.0,180.0,10.0
2024-04-05,15,14.8,66.4,4.0,180.0,15.0
2024-04-05,18,13.9,68.5,2.0,140.0,10.0
2024-04-05,21,11.8,57.9,2.0,320.0,10.0
2024-04-06,0,9.7,54.2,2.0,180.0,10.0
2024-04-06,3,7.5,70.6,1.0,90.0,10.0
2024-04-06,6,6.1,78.8,1.0,140.0,10.0
2024-04-06,9,9.1,73.4,1.0,230.0,10.0
2024-04-06,12,11.8,79.6,3.0,180.0,10.0
2024-04-06,15,14.5,62.4,3.0,180.0,10.0
2024-04-06,18,14.3,53.9,4.0,270.0,10.0
2024-04-06,21,11.4,76.4,0.0,0.0,10.0
2024-04-07,0,9.6,76.1,0.0,0.0,10.0
2024-04-07,3,8.1,64.0,2.0,140.0,10.0
2024-04-07,6,7.9,78.0,3.0,90.0,4.5
2024-04-07,9,11.8,69.9,0.0,0.0,15.0
2024-04-07,12,15.0,54.1,1.0,180.0,10.0
2024-04-07,15,16.9,53.8,3.0,180.0,10.0
2024-04-07,18,14.9,69.6,5.0,270.0,10.0
2024-04-07,21,13.1,76.7,1.0,270.0,10.0
2024-04-08,0,11.0,78.4,3.0,180.0,10.0
2024-04-08,3,9.6,81.0,2.0,140.0,10.0
2024-04-08,6,8.7,80.9,1.0,320.0,10.0
2024-04-08,9,10.7,86.3,2.0,230.0,4.5
2024-04-08,12,15.6,75.6,0.0,0.0,4.5
2024-04-08,15,19.2,59.0,2.0,270.0,10.0
2024-04-08,18,19.3,61.0,5.0,320.0,10.0
2024-04-08,21,15.5,75.5,2.0,320.0,10.0
2024-04-09,0,14.7,61.6,2.0,320.0,10.0
2024-04-09,3,10.3,56.7,1.0,270.0,10.0
2024-04-09,6,11.3,54.6,5.0,90.0,10.0
2024-04-09,9,13.1,51.0,5.0,90.0,15.0
2024-04-09,12,17.1,40.0,4.0,140.0,15.0
2024-04-09,15,18.8,39.1,5.0,270.0,15.0
2024-04-09,18,17.3,47.7,3.0,230.0,10.0
2024-04-09,21,13.1,51.0,3.0,320.0,10.0
2024-04-10,0,10.9,61.9,2.0,360.0,10.0
2024-04-10,3,10.5,66.4,2.0,180.0,10.0
2024-04-10,6,10.7,51.4,3.0,140.0,10.0
2024-04-10,9,11.8,68.0,2.0,90.0,10.0
2024-04-10,12,13.4,73.7,4.0,180.0,10.0
2024-04-10,15,13.0,70.2,5.0,230.0,10.0
2024-04-10,18,12.3,75.0,3.0,230.0,10.0
2024-04-10,21,10.9,81.2,2.0,180.0,10.0
2024-04-11,0,11.2,79.0,1.0,90.0,10.0
2024-04-11,3,11.3,85.7,2.0,140.0,10.0
2024-04-11,6,10.8,83.4,1.0,140.0,4.5
2024-04-11,9,10.9,83.4,1.0,90.0,4.5
2024-04-11,12,14.9,60.8,2.0,180.0,10.0
2024-04-11,15,14.7,82.2,3.0,180.0,15.0
2024-04-11,18,15.8,67.9,3.0,180.0,15.0
2024-04-11,21,12.9,71.1,1.0,180.0,10.0
2024-04-12,0,10.7,71.7,1.0,90.0,10.0
2024-04-12,3,10.3,71.1,2.0,140.0,10.0
2024-04-12,6,11.9,67.6,2.0,140.0,10.0
2024-04-12,9,13.7,63.0,2.0,180.0,10.0
2024-04-12,12,16.9,68.2,1.0,140.0,15.0
2024-04-12,15,18.8,72.2,3.0,230.0,15.0
2024-04-12,18,18.6,65.0,3.0,230.0,15.0
2024-04-12,21,15.2,68.7,2.0,360.0,10.0
2024-04-13,0,13.0,73.6,2.0,230.0,10.0
2024-04-13,3,11.7,78.0,1.0,50.0,10.0
2024-04-13,6,10.3,85.6,1.0,140.0,4.5
2024-04-13,9,13.9,68.5,1.0,270.0,4.5
2024-04-13,12,21.0,56.0,1.0,230.0,15.0
2024-04-13,15,23.4,45.6,4.0,270.0,10.0
2024-04-13,18,23.4,54.8,3.0,270.0,15.0
2024-04-13,21,16.7,71.4,1.0,320.0,15.0
2024-04-14,0,14.3,70.4,1.0,50.0,10.0
2024-04-14,3,13.7,69.4,1.0,140.0,10.0
2024-04-14,6,12.8,74.6,0.0,0.0,10.0
2024-04-14,9,15.6,69.3,1.0,270.0,10.0
2024-04-14,12,22.2,54.1,2.0,230.0,10.0
2024-04-14,15,24.4,33.9,3.0,230.0,10.0
2024-04-14,18,23.2,37.2,4.0,230.0,10.0
2024-04-14,21,19.7,49.7,1.0,90.0,10.0
2024-04-15,0,18.2,50.6,4.0,140.0,10.0
2024-04-15,3,18.3,61.2,6.0,140.0,10.0
2024-04-15,6,17.1,70.5,6.0,140.0,4.5
2024-04-15,9,13.5,91.8,5.0,140.0,3.5
2024-04-15,12,13.4,90.6,2.0,230.0,4.5
2024-04-15,15,13.0,93.0,3.0,270.0,10.0
2024-04-15,18,12.9,88.2,3.0,360.0,10.0
2024-04-15,21,11.9,83.0,4.0,320.0,10.0
2024-04-16,0,11.6,86.3,1.0,320.0,10.0
2024-04-16,3,10.9,93.5,2.0,270.0,4.5
2024-04-16,6,10.7,92.3,2.0,320.0,0.5
2024-04-16,9,11.1,92.3,1.0,270.0,4.5
2024-04-16,12,13.5,85.4,1.0,230.0,10.0
2024-04-16,15,14.2,81.1,3.0,140.0,10.0
2024-04-16,18,12.9,82.5,4.0,140.0,10.0
2024-04-16,21,11.9,85.2,2.0,140.0,10.0
2024-04-17,0,10.7,84.5,1.0,270.0,10.0
2024-04-17,3,8.5,90.3,0.0,0.0,3.5
2024-04-17,6,8.1,89.6,2.0,140.0,0.2
2024-04-17,9,9.2,92.2,1.0,180.0,0.9
2024-04-17,12,15.4,73.5,2.0,270.0,4.5
2024-04-17,15,17.0,66.0,3.0,140.0,10.0
2024-04-17,18,15.2,73.5,3.0,140.0,10.0
2024-04-17,21,14.7,81.1,1.0,180.0,10.0
2024-04-18,0,12.7,85.9,1.0,270.0,10.0
2024-04-18,3,11.2,83.4,1.0,140.0,10.0
2024-04-18,6,10.9,82.3,2.0,90.0,10.0
2024-04-18,9,16.9,52.4,1.0,140.0,10.0
2024-04-18,12,23.0,39.2,2.0,270.0,10.0
2024-04-18,15,24.9,31.8,4.0,230.0,10.0
2024-04-18,18,23.0,31.7,4.0,320.0,10.0
2024-04-18,21,18.0,41.1,2.0,360.0,10.0
2024-04-19,0,16.7,45.9,3.0,360.0,10.0
2024-04-19,3,13.8,64.8,3.0,360.0,10.0
2024-04-19,6,12.1,73.4,2.0,90.0,10.0
2024-04-19,9,13.5,71.7,3.0,180.0,10.0
2024-04-19,12,18.2,68.4,3.0,140.0,10.0
2024-04-19,15,18.2,70.7,3.0,180.0,10.0
2024-04-19,18,15.3,73.5,2.0,140.0,10.0
2024-04-19,21,13.9,75.8,3.0,140.0,10.0
2024-04-20,0,13.6,81.0,2.0,140.0,10.0
2024-04-20,3,13.8,79.9,2.0,140.0,10.0
2024-04-20,6,15.0,60.0,2.0,140.0,10.0
2024-04-20,9,16.1,68.5,1.0,90.0,4.7
2024-04-20,12,16.7,59.6,2.0,140.0,15.0
2024-04-20,15,16.9,63.3,6.0,140.0,4.5
2024-04-20,18,14.6,82.2,3.0,90.0,4.5
2024-04-20,21,14.0,80.5,6.0,90.0,10.0
2024-04-21,0,13.7,82.6,4.0,90.0,10.0
2024-04-21,3,14.6,65.4,4.0,90.0,10.0
2024-04-21,6,14.4,64.5,6.0,90.0,10.0
2024-04-21,9,16.5,61.6,5.0,90.0,15.0
2024-04-21,12,19.3,59.0,2.0,90.0,15.0
2024-04-21,15,20.0,58.0,1.0,90.0,15.0
2024-04-21,18,19.1,59.8,4.0,140.0,15.0
2024-04-21,21,17.3,61.8,4.0,140.0,15.0
2024-04-22,0,16.7,63.3,5.0,180.0,10.0
2024-04-22,3,14.9,71.0,3.0,90.0,10.0
2024-04-22,6,15.8,63.1,5.0,90.0,10.0
2024-04-22,9,17.9,55.6,3.0,90.0,15.0
2024-04-22,12,20.5,45.1,4.0,140.0,15.0
2024-04-22,15,22.3,42.1,4.0,140.0,15.0
2024-04-22,18,20.4,51.2,2.0,230.0,15.0
2024-04-22,21,19.2,59.8,1.0,90.0,10.0
2024-04-23,0,17.6,65.2,2.0,140.0,10.0
2024-04-23,3,16.7,60.8,5.0,90.0,10.0
2024-04-23,6,15.3,61.7,6.0,90.0,10.0
2024-04-23,9,15.6,58.1,3.0,90.0,10.0
2024-04-23,12,19.2,57.8,4.0,90.0,15.0
2024-04-23,15,17.3,69.2,2.0,230.0,15.0
2024-04-23,18,16.3,73.2,2.0,270.0,5.0
2024-04-23,21,13.9,78.9,2.0,140.0,4.5
2024-04-24,0,11.9,84.1,5.0,90.0,4.0
2024-04-24,3,11.3,82.9,7.0,180.0,4.0
2024-04-24,6,11.1,87.5,8.0,180.0,4.0
2024-04-24,9,12.4,78.7,2.0,360.0,10.0
2024-04-24,12,13.3,75.7,1.0,180.0,10.0
2024-04-24,15,13.3,88.3,3.0,230.0,15.0
2024-04-24,18,15.4,85.0,3.0,270.0,15.0
2024-04-24,21,12.9,82.5,1.0,360.0,10.0
2024-04-25,0,10.3,88.6,2.0,320.0,10.0
2024-04-25,3,9.7,89.7,2.0,320.0,3.5
2024-04-25,6,9.3,92.8,0.0,0.0,3.5
2024-04-25,9,10.4,89.8,1.0,90.0,3.5
2024-04-25,12,11.9,84.1,3.0,140.0,4.5
2024-04-25,15,12.4,85.3,2.0,180.0,5.0
2024-04-25,18,13.2,88.2,2.0,230.0,10.0
2024-04-25,21,11.7,82.9,2.0,140.0,10.0
2024-04-26,0,10.8,79.5,2.0,90.0,10.0
2024-04-26,3,9.2,79.3,1.0,90.0,10.0
2024-04-26,6,9.1,77.1,2.0,90.0,10.0
2024-04-26,9,14.9,66.8,0.0,0.0,15.0
2024-04-26,12,18.9,58.5,2.0,230.0,15.0
2024-04-26,15,21.8,55.5,2.0,230.0,15.0
2024-04-26,18,21.2,59.5,3.0,230.0,15.0
2024-04-26,21,15.5,66.5,2.0,320.0,10.0
2024-04-27,0,13.4,71.7,2.0,360.0,10.0
2024-04-27,3,11.7,74.9,1.0,140.0,10.0
2024-04-27,6,10.5,77.3,1.0,90.0,10.0
2024-04-27,9,15.2,68.3,1.0,230.0,10.0
2024-04-27,12,21.6,58.8,2.0,230.0,15.0
2024-04-27,15,23.9,67.8,3.0,180.0,15.0
2024-04-27,18,23.3,64.8,4.0,320.0,15.0
2024-04-27,21,17.7,66.1,4.0,320.0,10.0
2024-04-28,0,14.9,81.2,1.0,360.0,10.0
2024-04-28,3,13.6,77.3,0.0,0.0,10.0
2024-04-28,6,12.5,78.7,1.0,90.0,10.0
2024-04-28,9,16.1,78.2,2.0,270.0,5.0
2024-04-28,12,21.8,64.0,2.0,270.0,15.0
2024-04-28,15,23.8,56.4,2.0,230.0,15.0
2024-04-28,18,23.5,52.1,2.0,270.0,15.0
2024-04-28,21,19.4,74.7,1.0,360.0,10.0
2024-04-29,0,17.0,82.5,2.0,230.0,10.0
2024-04-29,3,15.9,84.0,1.0,360.0,10.0
2024-04-29,6,14.1,78.9,1.0,270.0,10.0
2024-04-29,9,17.1,65.1,1.0,270.0,10.0
2024-04-29,12,23.1,45.8,2.0,90.0,10.0
2024-04-29,15,25.3,39.9,3.0,230.0,15.0
2024-04-29,18,24.2,43.7,3.0,270.0,15.0
2024-04-29,21,19.0,55.9,2.0,360.0,10.0
2024-04-30,0,14.5,72.9,2.0,320.0,10.0
2024-04-30,3,13.5,71.7,1.0,320.0,10.0
2024-04-30,6,10.8,80.0,3.0,270.0,10.0
2024-04-30,9,15.0,69.2,2.0,320.0,10.0
2024-04-30,12,19.8,53.5,2.0,230.0,10.0
2024-04-30,15,21.4,42.4,4.0,50.0,10.0
2024-04-30,18,19.0,39.7,3.0,360.0,10.0
2024-04-30,21,15.1,46.7,2.0,320.0,10.0
2024-05-01,0,17.3,33.5,6.0,50.0,10.0
2024-05-01,3,13.1,52.5,2.0,180.0,10.0
2024-05-01,6,12.4,68.6,2.0,140.0,10.0
2024-05-01,9,15.7,57.3,4.0,140.0,10.0
2024-05-01,12,18.5,51.1,4.0,270.0,10.0
2024-05-01,15,21.4,45.0,4.0,270.0,10.0
2024-05-01,18,20.7,48.6,4.0,270.0,15.0
2024-05-01,21,16.6,62.9,1.0,360.0,10.0
2024-05-02,0,16.3,47.4,3.0,360.0,10.0
2024-05-02,3,17.4,39.2,3.0,360.0,10.0
2024-05-02,6,12.5,66.3,2.0,90.0,10.0
2024-05-02,9,17.3,53.6,1.0,230.0,10.0
2024-05-02,12,21.8,38.4,1.0,270.0,15.0
2024-05-02,15,24.0,45.5,4.0,320.0,15.0
2024-05-02,18,22.6,40.7,3.0,320.0,15.0
2024-05-02,21,17.6,40.1,2.0,360.0,10.0
2024-05-03,0,13.5,50.4,1.0,360.0,10.0
2024-05-03,3,13.0,50.2,2.0,320.0,10.0
2024-05-03,6,11.9,52.5,1.0,360.0,10.0
2024-05-03,9,19.0,44.0,1.0,360.0,10.0
2024-05-03,12,24.6,36.6,1.0,140.0,10.0
2024-05-03,15,26.2,28.4,1.0,140.0,15.0
2024-05-03,18,25.8,27.8,2.0,360.0,15.0
2024-05-03,21,20.4,45.1,0.0,0.0,10.0
2024-05-04,0,17.8,45.6,2.0,90.0,10.0
2024-05-04,3,15.5,58.1,1.0,90.0,10.0
2024-05-04,6,13.6,62.2,0.0,0.0,10.0
2024-05-04,9,19.0,62.6,2.0,230.0,10.0
2024-05-04,12,22.8,46.0,3.0,230.0,10.0
2024-05-04,15,21.2,53.2,1.0,140.0,15.0
2024-05-04,18,21.5,54.3,1.0,140.0,15.0
2024-05-04,21,18.4,60.4,2.0,140.0,10.0
2024-05-05,0,17.6,65.2,1.0,230.0,10.0
2024-05-05,3,16.7,69.0,2.0,140.0,4.5
2024-05-05,6,15.4,76.5,4.0,90.0,4.5
2024-05-05,9,17.3,85.8,4.0,140.0,4.5
2024-05-05,12,17.4,88.6,5.0,140.0,3.5
2024-05-05,15,17.6,92.7,5.0,140.0,3.5
2024-05-05,18,16.1,92.6,3.0,140.0,3.5
2024-05-05,21,14.4,97.4,3.0,270.0,4.5
2024-05-06,0,13.5,96.2,3.0,270.0,4.5
2024-05-06,3,13.0,94.3,1.0,360.0,4.5
2024-05-06,6,13.0,93.0,2.0,320.0,4.5
2024-05-06,9,13.1,91.2,2.0,230.0,4.5
2024-05-06,12,13.1,93.0,4.0,230.0,4.5
2024-05-06,15,12.9,92.4,3.0,230.0,4.5
2024-05-06,18,12.7,90.6,3.0,230.0,4.5
2024-05-06,21,12.7,92.4,3.0,230.0,1.0
2024-05-07,0,12.3,93.0,1.0,180.0,4.5
2024-05-07,3,12.5,93.6,5.0,140.0,4.0
2024-05-07,6,12.7,89.4,4.0,140.0,4.5
2024-05-07,9,12.7,87.0,6.0,90.0,4.5
2024-05-07,12,14.3,70.4,6.0,90.0,5.0
2024-05-07,15,16.1,64.5,4.0,50.0,10.0
2024-05-07,18,15.9,69.8,1.0,320.0,10.0
2024-05-07,21,14.1,73.3,2.0,90.0,10.0
2024-05-08,0,14.1,58.5,6.0,90.0,10.0
2024-05-08,3,13.0,62.9,4.0,90.0,10.0
2024-05-08,6,13.0,54.7,4.0,90.0,10.0
2024-05-08,9,14.8,50.0,2.0,90.0,10.0
2024-05-08,12,18.0,45.9,2.0,270.0,10.0
2024-05-08,15,20.0,57.3,3.0,320.0,15.0
2024-05-08,18,18.8,58.9,4.0,320.0,15.0
2024-05-08,21,13.9,72.3,1.0,270.0,10.0
2024-05-09,0,13.1,75.1,3.0,320.0,10.0
2024-05-09,3,12.9,64.6,2.0,360.0,10.0
2024-05-09,6,9.6,76.1,1.0,90.0,10.0
2024-05-09,9,14.7,72.9,1.0,230.0,15.0
2024-05-09,12,16.9,72.8,3.0,180.0,15.0
2024-05-09,15,17.8,73.5,5.0,180.0,15.0
2024-05-09,18,16.7,80.3,3.0,230.0,15.0
2024-05-09,21,15.0,83.9,0.0,0.0,10.0
2024-05-10,0,13.5,87.1,2.0,140.0,10.0
2024-05-10,3,12.8,87.0,3.0,50.0,10.0
2024-05-10,6,12.5,88.8,3.0,140.0,4.5
2024-05-10,9,14.7,83.8,3.0,180.0,10.0
2024-05-10,12,17.9,70.7,2.0,180.0,10.0
2024-05-10,15,19.2,57.1,5.0,180.0,10.0
2024-05-10,18,16.2,71.3,5.0,230.0,10.0
2024-05-10,21,14.4,82.2,3.0,180.0,10.0
2024-05-11,0,13.8,80.5,3.0,180.0,10.0
2024-05-11,3,14.1,83.2,3.0,180.0,10.0
2024-05-11,6,14.7,89.5,1.0,180.0,10.0
2024-05-11,9,14.9,86.7,3.0,180.0,3.5
2024-05-11,12,14.8,90.7,5.0,180.0,3.5
2024-05-11,15,15.3,92.5,4.0,270.0,4.5
2024-05-11,18,14.9,93.1,1.0,320.0,10.0
2024-05-11,21,13.5,90.0,3.0,320.0,10.0
2024-05-12,0,11.7,77.0,2.0,360.0,10.0
2024-05-12,3,10.1,83.3,2.0,360.0,10.0
2024-05-12,6,9.5,77.7,1.0,270.0,10.0
2024-05-12,9,15.2,68.3,1.0,270.0,10.0
2024-05-12,12,21.1,42.3,1.0,360.0,10.0
2024-05-12,15,22.0,37.4,4.0,320.0,10.0
2024-05-12,18,20.0,38.9,3.0,360.0,10.0
2024-05-12,21,15.4,58.4,3.0,360.0,10.0
2024-05-13,0,14.6,53.6,3.0,320.0,10.0
2024-05-13,3,13.8,60.1,3.0,360.0,10.0
2024-05-13,6,11.3,71.8,1.0,90.0,10.0
2024-05-13,9,16.9,62.5,1.0,230.0,15.0
2024-05-13,12,21.8,49.3,2.0,230.0,15.0
2024-05-13,15,24.1,48.0,6.0,270.0,15.0
2024-05-13,18,23.0,46.7,6.0,270.0,15.0
2024-05-13,21,17.3,57.3,1.0,360.0,10.0
2024-05-14,0,15.9,48.6,2.0,360.0,10.0
2024-05-14,3,15.4,54.9,1.0,360.0,10.0
2024-05-14,6,13.3,71.2,2.0,90.0,10.0
2024-05-14,9,16.7,71.4,3.0,140.0,10.0
2024-05-14,12,18.9,68.6,2.0,140.0,15.0
2024-05-14,15,20.5,66.7,3.0,180.0,15.0
2024-05-14,18,18.4,72.6,2.0,140.0,15.0
2024-05-14,21,15.5,77.6,2.0,140.0,10.0
2024-05-15,0,14.9,79.0,2.0,90.0,10.0
2024-05-15,3,14.3,81.1,2.0,140.0,10.0
2024-05-15,6,14.3,82.2,2.0,270.0,10.0
2024-05-15,9,12.9,58.6,10.0,50.0,4.5
2024-05-15,12,11.1,80.1,3.0,230.0,4.5
2024-05-15,15,13.3,79.3,4.0,360.0,10.0
2024-05-15,18,10.9,88.6,7.0,50.0,4.5
2024-05-15,21,10.3,75.7,2.0,360.0,10.0
2024-05-16,0,8.2,83.6,1.0,270.0,10.0
2024-05-16,3,7.6,81.3,4.0,320.0,10.0
2024-05-16,6,7.1,79.5,2.0,360.0,10.0
2024-05-16,9,14.6,60.7,2.0,360.0,10.0
2024-05-16,12,19.4,42.7,2.0,320.0,10.0
2024-05-16,15,21.0,43.1,2.0,230.0,15.0
2024-05-16,18,20.0,41.4,3.0,320.0,15.0
2024-05-16,21,14.6,69.5,2.0,90.0,10.0
2024-05-17,0,11.9,78.1,1.0,90.0,10.0
2024-05-17,3,11.3,73.8,2.0,90.0,10.0
2024-05-17,6,12.6,83.6,4.0,140.0,10.0
2024-05-17,9,14.5,82.2,4.0,140.0,4.5
2024-05-17,12,18.8,74.1,3.0,140.0,10.0
2024-05-17,15,18.0,73.5,5.0,140.0,15.0
2024-05-17,18,16.9,76.8,4.0,180.0,15.0
2024-05-17,21,15.5,80.7,3.0,180.0,10.0
2024-05-18,0,15.5,80.7,3.0,140.0,10.0
2024-05-18,3,15.6,85.1,2.0,140.0,10.0
2024-05-18,6,16.1,81.8,3.0,180.0,10.0
2024-05-18,9,17.6,78.9,4.0,180.0,10.0
2024-05-18,12,20.0,73.9,3.0,180.0,15.0
2024-05-18,15,22.0,62.4,5.0,230.0,15.0
2024-05-18,18,20.4,66.7,4.0,230.0,15.0
2024-05-18,21,18.2,78.5,1.0,180.0,10.0
2024-05-19,0,17.1,80.4,1.0,90.0,10.0
2024-05-19,3,16.1,80.8,2.0,90.0,10.0
2024-05-19,6,14.9,83.9,1.0,90.0,10.0
2024-05-19,9,19.8,68.8,1.0,140.0,15.0
2024-05-19,12,22.6,63.8,2.0,230.0,15.0
2024-05-19,15,23.0,59.9,4.0,230.0,10.0
2024-05-19,18,21.5,61.9,4.0,230.0,15.0
2024-05-19,21,19.6,67.0,3.0,320.0,10.0
2024-05-20,0,17.8,74.4,2.0,140.0,10.0
2024-05-20,3,17.6,76.9,1.0,270.0,10.0
2024-05-20,6,17.0,81.4,1.0,270.0,10.0
2024-05-20,9,17.8,82.1,3.0,270.0,10.0
2024-05-20,12,19.0,77.6,1.0,50.0,10.0
2024-05-20,15,22.8,68.9,3.0,270.0,10.0
2024-05-20,18,20.2,75.8,2.0,140.0,10.0
2024-05-20,21,19.0,77.6,3.0,140.0,10.0
2024-05-21,0,16.7,86.3,2.0,140.0,10.0
2024-05-21,3,15.6,90.2,2.0,180.0,0.7
2024-05-21,6,15.1,90.2,2.0,180.0,0.7
2024-05-21,9,17.6,83.1,2.0,230.0,4.5
2024-05-21,12,21.6,67.8,3.0,180.0,10.0
2024-05-21,15,23.0,66.0,3.0,230.0,10.0
2024-05-21,18,23.4,58.9,3.0,230.0,10.0
2024-05-21,21,20.2,74.4,1.0,230.0,10.0
2024-05-22,0,17.1,82.5,1.0,320.0,10.0
2024-05-22,3,15.7,90.2,1.0,270.0,0.4
2024-05-22,6,14.2,88.9,1.0,230.0,0.9
2024-05-22,9,15.0,85.6,1.0,230.0,10.0
2024-05-22,12,19.2,68.2,2.0,90.0,10.0
2024-05-22,15,21.8,63.2,3.0,230.0,10.0
2024-05-22,18,21.9,62.4,5.0,270.0,10.0
2024-05-22,21,16.9,76.8,3.0,320.0,10.0
2024-05-23,0,15.1,81.7,1.0,320.0,10.0
2024-05-23,3,15.0,81.7,1.0,360.0,10.0
2024-05-23,6,15.2,80.7,1.0,360.0,10.0
2024-05-23,9,15.7,82.9,2.0,270.0,10.0
2024-05-23,12,20.3,71.1,2.0,270.0,10.0
2024-05-23,15,20.8,71.2,2.0,140.0,15.0
2024-05-23,18,21.7,68.7,4.0,230.0,15.0
2024-05-23,21,17.4,78.9,2.0,320.0,10.0
2024-05-24,0,15.8,85.1,2.0,320.0,10.0
2024-05-24,3,15.0,85.6,1.0,90.0,10.0
2024-05-24,6,15.5,85.0,0.0,0.0,4.5
2024-05-24,9,18.2,73.5,1.0,320.0,4.5
2024-05-24,12,21.2,69.0,1.0,320.0,10.0
2024-05-24,15,21.8,73.7,2.0,180.0,15.0
2024-05-24,18,20.0,76.8,2.0,140.0,10.0
2024-05-24,21,19.6,80.2,1.0,270.0,10.0
2024-05-25,0,18.1,85.3,0.0,0.0,10.0
2024-05-25,3,18.4,84.3,0.0,0.0,10.0
2024-05-25,6,17.9,85.9,2.0,180.0,4.5
2024-05-25,9,20.2,71.6,3.0,140.0,10.0
2024-05-25,12,18.2,84.2,1.0,140.0,4.5
2024-05-25,15,17.4,83.6,3.0,180.0,4.5
2024-05-25,18,17.8,80.0,2.0,140.0,4.5
2024-05-25,21,16.9,86.9,3.0,180.0,3.5
2024-05-26,0,17.3,84.7,2.0,90.0,3.5
2024-05-26,3,16.5,84.1,2.0,140.0,4.5
2024-05-26,6,17.3,79.9,2.0,140.0,10.0
2024-05-26,9,17.9,79.5,3.0,140.0,10.0
2024-05-26,12,16.3,86.2,3.0,180.0,4.5
2024-05-26,15,16.3,89.7,3.0,230.0,4.5
2024-05-26,18,17.2,91.5,4.0,270.0,4.5
2024-05-26,21,16.4,91.4,3.0,320.0,4.0
2024-05-27,0,14.5,85.5,5.0,320.0,10.0
2024-05-27,3,13.3,82.0,5.0,320.0,10.0
2024-05-27,6,13.1,71.6,2.0,360.0,10.0
2024-05-27,9,16.6,69.9,5.0,320.0,10.0
2024-05-27,12,21.2,47.2,4.0,360.0,15.0
2024-05-27,15,22.6,45.7,5.0,360.0,10.0
2024-05-27,18,22.3,46.5,4.0,360.0,10.0
2024-05-27,21,17.6,67.0,3.0,320.0,10.0
2024-05-28,0,15.1,69.2,2.0,360.0,10.0
2024-05-28,3,14.9,65.1,2.0,320.0,10.0
2024-05-28,6,15.8,57.4,1.0,180.0,10.0
2024-05-28,9,19.8,49.7,6.0,90.0,10.0
2024-05-28,12,24.0,51.5,2.0,230.0,15.0
2024-05-28,15,25.0,40.6,3.0,360.0,15.0
2024-05-28,18,25.0,40.1,3.0,360.0,15.0
2024-05-28,21,21.4,55.0,2.0,360.0,10.0
2024-05-29,0,17.3,65.6,2.0,360.0,10.0
2024-05-29,3,15.0,75.0,1.0,230.0,10.0
2024-05-29,6,14.5,68.6,1.0,50.0,10.0
2024-05-29,9,19.0,67.3,2.0,230.0,15.0
2024-05-29,12,23.6,54.5,1.0,230.0,15.0
2024-05-29,15,25.0,41.4,3.0,180.0,15.0
2024-05-29,18,23.2,53.3,3.0,180.0,15.0
2024-05-29,21,19.3,61.4,2.0,320.0,10.0
2024-05-30,0,17.4,56.2,2.0,270.0,10.0
2024-05-30,3,17.0,71.9,3.0,140.0,10.0
2024-05-30,6,16.3,78.2,2.0,140.0,10.0
2024-05-30,9,19.2,59.0,1.0,90.0,10.0
2024-05-30,12,21.2,50.1,2.0,180.0,10.0
2024-05-30,15,22.0,54.8,2.0,230.0,15.0
2024-05-30,18,20.8,62.2,3.0,140.0,15.0
2024-05-30,21,18.9,67.2,1.0,50.0,10.0
2024-05-31,0,17.7,69.7,1.0,50.0,10.0
2024-05-31,3,15.5,70.2,1.0,140.0,10.0
2024-05-31,6,15.1,79.1,0.0,0.0,4.5
2024-05-31,9,18.0,76.4,2.0,230.0,10.0
2024-05-31,12,21.8,64.9,3.0,140.0,15.0
2024-05-31,15,23.2,51.3,6.0,270.0,10.0
2024-05-31,18,20.0,69.7,4.0,270.0,10.0
2024-05-31,21,18.7,78.6,3.0,270.0,10.0
2024-06-01,0,17.2,74.8,2.0,360.0,10.0
2024-06-01,3,17.3,71.5,3.0,360.0,10.0
2024-06-01,6,16.3,65.4,1.0,320.0,10.0
2024-06-01,9,20.3,49.5,3.0,360.0,10.0
2024-06-01,12,24.3,42.6,2.0,50.0,10.0
2024-06-01,15,25.0,38.7,3.0,360.0,10.0
2024-06-01,18,23.8,37.6,3.0,360.0,10.0
2024-06-01,21,19.1,51.2,1.0,360.0,10.0
2024-06-02,0,15.9,67.1,1.0,320.0,10.0
2024-06-02,3,14.9,71.0,2.0,360.0,10.0
2024-06-02,6,15.3,79.1,3.0,360.0,15.0
2024-06-02,9,21.1,56.8,0.0,0.0,15.0
2024-06-02,12,24.8,40.8,4.0,360.0,15.0
2024-06-02,15,26.5,38.4,3.0,360.0,15.0
2024-06-02,18,26.4,37.6,2.0,360.0,15.0
2024-06-02,21,21.4,50.1,1.0,360.0,10.0
2024-06-03,0,19.5,59.1,1.0,360.0,10.0
2024-06-03,3,17.8,73.5,0.0,0.0,10.0
2024-06-03,6,16.9,72.8,1.0,180.0,10.0
2024-06-03,9,21.2,60.3,1.0,270.0,10.0
2024-06-03,12,25.1,44.0,2.0,140.0,10.0
2024-06-03,15,27.1,37.1,3.0,270.0,10.0
2024-06-03,18,25.1,49.2,4.0,270.0,10.0
2024-06-03,21,22.2,55.9,2.0,360.0,10.0
2024-06-04,0,22.0,50.3,3.0,90.0,10.0
2024-06-04,3,19.4,64.8,2.0,140.0,10.0
2024-06-04,6,18.8,74.1,1.0,180.0,10.0
2024-06-04,9,22.3,49.1,2.0,230.0,10.0
2024-06-04,12,25.2,40.1,3.0,230.0,15.0
2024-06-04,15,26.1,39.1,4.0,230.0,10.0
2024-06-04,18,26.1,47.3,5.0,270.0,10.0
2024-06-04,21,22.1,57.8,4.0,320.0,10.0
2024-06-05,0,19.6,65.7,1.0,140.0,10.0
2024-06-05,3,17.3,66.5,1.0,90.0,10.0
2024-06-05,6,16.9,68.2,1.0,230.0,10.0
2024-06-05,9,22.9,60.3,2.0,270.0,10.0
2024-06-05,12,25.1,54.5,3.0,180.0,15.0
2024-06-05,15,27.6,41.6,2.0,230.0,10.0
2024-06-05,18,26.8,44.2,4.0,270.0,10.0
2024-06-05,21,22.1,45.8,2.0,320.0,10.0
2024-06-06,0,19.3,63.1,1.0,230.0,10.0
2024-06-06,3,17.7,65.7,1.0,180.0,10.0
2024-06-06,6,17.0,69.6,1.0,270.0,10.0
2024-06-06,9,25.2,48.6,1.0,230.0,10.0
2024-06-06,12,27.5,38.7,3.0,180.0,10.0
2024-06-06,15,28.9,39.3,2.0,230.0,15.0
2024-06-06,18,27.9,43.4,3.0,270.0,15.0
2024-06-06,21,23.6,47.2,2.0,360.0,10.0
2024-06-07,0,20.2,64.9,1.0,360.0,10.0
2024-06-07,3,18.5,75.1,1.0,50.0,10.0
2024-06-07,6,17.8,73.5,1.0,360.0,10.0
2024-06-07,9,21.2,64.3,1.0,180.0,15.0
2024-06-07,12,23.4,58.9,3.0,230.0,15.0
2024-06-07,15,23.8,59.7,2.0,180.0,15.0
2024-06-07,18,23.2,58.4,2.0,270.0,15.0
2024-06-07,21,21.8,64.9,1.0,360.0,4.5
2024-06-08,0,19.8,77.7,2.0,320.0,10.0
2024-06-08,3,16.5,87.4,2.0,90.0,4.0
2024-06-08,6,16.9,89.7,3.0,140.0,4.5
2024-06-08,9,17.8,89.8,1.0,140.0,4.5
2024-06-08,12,17.9,90.4,1.0,360.0,4.5
2024-06-08,15,21.2,80.9,2.0,180.0,10.0
2024-06-08,18,22.1,69.2,3.0,230.0,15.0
2024-06-08,21,19.6,78.2,1.0,90.0,10.0
2024-06-09,0,17.9,82.6,1.0,90.0,10.0
2024-06-09,3,17.1,83.6,1.0,90.0,10.0
2024-06-09,6,17.8,84.7,2.0,50.0,3.5
2024-06-09,9,19.8,75.8,1.0,90.0,15.0
2024-06-09,12,23.2,75.4,3.0,230.0,15.0
2024-06-09,15,24.3,66.2,3.0,230.0,15.0
2024-06-09,18,23.5,67.8,4.0,270.0,15.0
2024-06-09,21,21.0,78.4,0.0,0.0,10.0
2024-06-10,0,19.4,84.9,1.0,140.0,10.0
2024-06-10,3,19.1,84.4,1.0,140.0,10.0
2024-06-10,6,19.2,92.2,1.0,140.0,0.9
2024-06-10,9,19.0,93.9,3.0,140.0,3.5
2024-06-10,12,19.7,88.2,3.0,140.0,0.9
2024-06-10,15,21.5,92.9,3.0,140.0,1.9
2024-06-10,18,22.8,82.7,3.0,180.0,4.5
2024-06-10,21,21.4,84.1,2.0,140.0,4.5
2024-06-11,0,20.8,87.8,3.0,140.0,3.5
2024-06-11,3,20.2,88.8,2.0,140.0,3.5
2024-06-11,6,20.0,91.7,3.0,140.0,3.5
2024-06-11,9,20.2,89.4,4.0,180.0,0.9
2024-06-11,12,22.8,76.7,5.0,180.0,3.5
2024-06-11,15,21.0,83.0,3.0,180.0,3.5
2024-06-11,18,22.0,80.5,2.0,140.0,15.0
2024-06-11,21,20.8,87.8,2.0,140.0,10.0
2024-06-12,0,20.2,91.7,1.0,180.0,10.0
2024-06-12,3,19.4,88.2,1.0,140.0,10.0
2024-06-12,6,19.0,80.1,2.0,230.0,10.0
2024-06-12,9,20.8,80.9,3.0,180.0,4.5
2024-06-12,12,21.0,81.9,3.0,180.0,4.5
2024-06-12,15,23.5,74.9,1.0,230.0,10.0
2024-06-12,18,24.7,66.3,2.0,360.0,15.0
2024-06-12,21,21.4,87.3,1.0,90.0,10.0
2024-06-13,0,19.5,90.5,1.0,50.0,10.0
2024-06-13,3,18.6,84.3,1.0,90.0,10.0
2024-06-13,6,18.0,82.1,1.0,90.0,10.0
2024-06-13,9,22.8,72.0,1.0,180.0,15.0
2024-06-13,12,27.2,54.7,1.0,230.0,15.0
2024-06-13,15,27.1,59.4,3.0,180.0,15.0
2024-06-13,18,28.2,56.0,2.0,230.0,15.0
2024-06-13,21,23.4,78.3,1.0,140.0,10.0
2024-06-14,0,21.8,79.0,1.0,50.0,10.0
2024-06-14,3,20.8,75.4,1.0,360.0,10.0
2024-06-14,6,21.8,70.9,1.0,230.0,10.0
2024-06-14,9,24.8,66.8,3.0,140.0,15.0
2024-06-14,12,25.9,65.3,4.0,140.0,15.0
2024-06-14,15,25.5,60.5,4.0,230.0,15.0
2024-06-14,18,22.9,76.3,0.0,0.0,15.0
2024-06-14,21,22.8,79.2,1.0,270.0,10.0
2024-06-15,0,21.8,76.1,1.0,360.0,10.0
2024-06-15,3,21.4,86.2,1.0,230.0,10.0
2024-06-15,6,21.0,86.2,1.0,360.0,4.5
2024-06-15,9,21.6,83.1,2.0,270.0,4.5
2024-06-15,12,24.6,73.3,2.0,230.0,10.0
2024-06-15,15,22.5,85.8,4.0,140.0,15.0
2024-06-15,18,26.8,68.0,2.0,320.0,15.0
2024-06-15,21,22.5,69.3,0.0,0.0,15.0
2024-06-16,0,20.0,76.3,2.0,360.0,10.0
2024-06-16,3,17.6,83.1,3.0,360.0,10.0
2024-06-16,6,17.2,86.3,2.0,320.0,10.0
2024-06-16,9,23.8,66.5,0.0,0.0,15.0
2024-06-16,12,28.2,49.7,2.0,320.0,15.0
2024-06-16,15,29.9,53.4,4.0,320.0,15.0
2024-06-16,18,28.6,47.3,4.0,320.0,15.0
2024-06-16,21,23.6,52.4,2.0,360.0,10.0
2024-06-17,0,20.8,61.4,2.0,320.0,10.0
2024-06-17,3,19.6,67.8,1.0,360.0,10.0
2024-06-17,6,18.3,71.2,1.0,50.0,10.0
2024-06-17,9,23.3,73.0,2.0,180.0,10.0
2024-06-17,12,24.4,75.6,1.0,90.0,15.0
2024-06-17,15,26.8,71.9,4.0,90.0,15.0
2024-06-17,18,27.1,55.0,5.0,270.0,15.0
2024-06-17,21,23.6,72.2,1.0,320.0,10.0
2024-06-18,0,21.4,77.0,1.0,320.0,10.0
2024-06-18,3,21.7,59.2,2.0,320.0,10.0
2024-06-18,6,20.2,76.8,1.0,180.0,10.0
2024-06-18,9,23.2,66.0,2.0,140.0,10.0
2024-06-18,12,26.7,65.5,2.0,230.0,10.0
2024-06-18,15,26.3,67.9,3.0,180.0,15.0
2024-06-18,18,27.2,64.4,2.0,140.0,15.0
2024-06-18,21,25.1,66.0,1.0,230.0,15.0
2024-06-19,0,22.8,72.5,1.0,140.0,10.0
2024-06-19,3,21.0,80.9,2.0,90.0,10.0
2024-06-19,6,20.0,80.3,0.0,0.0,10.0
2024-06-19,9,23.8,74.1,3.0,180.0,15.0
2024-06-19,12,27.1,69.8,2.0,230.0,15.0
2024-06-19,15,30.3,51.8,2.0,230.0,15.0
2024-06-19,18,31.1,45.4,1.0,180.0,15.0
2024-06-19,21,27.3,56.9,0.0,0.0,10.0
2024-06-20,0,24.1,57.9,1.0,90.0,10.0
2024-06-20,3,22.8,68.0,2.0,90.0,10.0
2024-06-20,6,21.4,66.0,1.0,140.0,10.0
2024-06-20,9,25.2,67.7,2.0,140.0,10.0
2024-06-20,12,29.5,58.5,2.0,140.0,15.0
2024-06-20,15,29.9,42.3,3.0,230.0,15.0
2024-06-20,18,31.1,39.0,2.0,270.0,15.0
2024-06-20,21,25.1,58.1,3.0,320.0,10.0
2024-06-21,0,23.1,66.8,1.0,360.0,10.0
2024-06-21,3,21.6,72.7,1.0,360.0,10.0
2024-06-21,6,21.4,76.0,1.0,90.0,10.0
2024-06-21,9,25.6,61.3,1.0,270.0,10.0
2024-06-21,12,29.5,53.9,1.0,230.0,10.0
2024-06-21,15,29.0,63.6,2.0,140.0,10.0
2024-06-21,18,27.5,62.5,2.0,50.0,10.0
2024-06-21,21,25.0,72.9,3.0,320.0,10.0
2024-06-22,0,23.5,77.3,1.0,320.0,10.0
2024-06-22,3,23.6,82.8,2.0,140.0,4.5
2024-06-22,6,22.6,87.9,2.0,140.0,5.0
2024-06-22,9,22.6,91.2,3.0,140.0,5.0
2024-06-22,12,23.2,88.5,3.0,140.0,4.5
2024-06-22,15,24.6,80.9,3.0,90.0,10.0
2024-06-22,18,25.0,73.3,3.0,90.0,15.0
2024-06-22,21,25.1,74.3,1.0,90.0,10.0
2024-06-23,0,24.6,75.6,1.0,320.0,10.0
2024-06-23,3,23.3,83.8,1.0,360.0,10.0
2024-06-23,6,22.7,91.3,1.0,320.0,4.5
2024-06-23,9,25.0,81.9,1.0,320.0,10.0
2024-06-23,12,26.9,74.6,1.0,140.0,15.0
2024-06-23,15,29.0,66.4,5.0,270.0,10.0
2024-06-23,18,25.6,76.2,6.0,270.0,10.0
2024-06-23,21,22.3,89.6,3.0,320.0,2.0
2024-06-24,0,20.9,88.9,1.0,50.0,10.0
2024-06-24,3,19.7,87.7,2.0,50.0,10.0
2024-06-24,6,19.6,87.7,1.0,360.0,10.0
2024-06-24,9,21.8,82.0,2.0,230.0,10.0
2024-06-24,12,24.5,68.4,2.0,180.0,15.0
2024-06-24,15,26.9,56.0,4.0,320.0,15.0
2024-06-24,18,25.1,54.2,5.0,320.0,15.0
2024-06-24,21,21.4,62.7,2.0,320.0,10.0
2024-06-25,0,19.8,74.8,4.0,320.0,10.0
2024-06-25,3,17.6,84.2,2.0,270.0,10.0
2024-06-25,6,17.7,66.1,2.0,320.0,10.0
2024-06-25,9,23.1,59.9,1.0,320.0,15.0
2024-06-25,12,25.0,58.5,3.0,270.0,15.0
2024-06-25,15,27.0,44.0,5.0,320.0,15.0
2024-06-25,18,26.9,44.5,4.0,360.0,15.0
2024-06-25,21,22.9,63.5,2.0,360.0,10.0
2024-06-26,0,20.8,63.8,2.0,360.0,10.0
2024-06-26,3,17.7,78.9,2.0,320.0,10.0
2024-06-26,6,18.4,69.4,1.0,90.0,10.0
2024-06-26,9,23.6,52.1,1.0,230.0,10.0
2024-06-26,12,27.4,50.8,2.0,90.0,10.0
2024-06-26,15,29.2,51.2,4.0,230.0,10.0
2024-06-26,18,28.5,51.7,5.0,270.0,10.0
2024-06-26,21,24.4,64.6,3.0,360.0,10.0
2024-06-27,0,22.6,57.5,1.0,320.0,10.0
2024-06-27,3,20.4,67.6,1.0,90.0,10.0
2024-06-27,6,19.6,67.8,1.0,140.0,10.0
2024-06-27,9,24.2,57.9,1.0,230.0,10.0
2024-06-27,12,28.4,45.8,4.0,270.0,10.0
2024-06-27,15,29.4,45.5,3.0,230.0,15.0
2024-06-27,18,29.7,43.0,2.0,230.0,15.0
2024-06-27,21,25.1,55.6,2.0,320.0,10.0
2024-06-28,0,23.2,60.7,1.0,50.0,10.0
2024-06-28,3,19.8,74.8,0.0,0.0,10.0
2024-06-28,6,20.3,71.1,0.0,0.0,10.0
2024-06-28,9,24.8,63.1,1.0,270.0,10.0
2024-06-28,12,29.4,44.6,1.0,140.0,10.0
2024-06-28,15,30.1,49.3,3.0,230.0,15.0
2024-06-28,18,29.3,45.2,4.0,270.0,15.0
2024-06-28,21,24.8,63.1,1.0,320.0,10.0
2024-06-29,0,22.7,67.2,1.0,360.0,10.0
2024-06-29,3,21.1,75.0,1.0,50.0,10.0
2024-06-29,6,20.5,77.8,1.0,320.0,10.0
2024-06-29,9,25.2,62.8,2.0,90.0,10.0
2024-06-29,12,25.4,61.2,4.0,180.0,10.0
2024-06-29,15,28.1,60.3,3.0,180.0,15.0
2024-06-29,18,28.7,59.0,3.0,180.0,15.0
2024-06-29,21,24.4,87.6,4.0,180.0,4.5
2024-06-30,0,23.0,88.5,6.0,140.0,3.0
2024-06-30,3,23.2,94.1,4.0,180.0,4.5
2024-06-30,6,22.8,93.5,1.0,230.0,4.5
2024-06-30,9,22.7,87.4,4.0,360.0,10.0
2024-06-30,12,24.0,81.8,3.0,320.0,15.0
2024-06-30,15,29.0,64.0,3.0,320.0,15.0
2024-06-30,18,28.2,69.1,4.0,320.0,15.0
2024-06-30,21,24.8,80.9,2.0,320.0,10.0
2024-07-01,0,22.6,84.7,2.0,360.0,10.0
2024-07-01,3,21.3,84.6,1.0,320.0,10.0
2024-07-01,6,21.0,83.0,0.0,0.0,10.0
2024-07-01,9,24.0,71.8,1.0,270.0,15.0
2024-07-01,12,25.3,82.0,3.0,180.0,15.0
2024-07-01,15,26.6,72.7,4.0,230.0,15.0
2024-07-01,18,25.7,73.0,2.0,180.0,15.0
2024-07-01,21,25.0,80.4,1.0,360.0,10.0
2024-07-02,0,23.4,76.3,1.0,90.0,10.0
2024-07-02,3,23.0,81.2,1.0,360.0,10.0
2024-07-02,6,24.9,74.7,6.0,140.0,10.0
2024-07-02,9,24.4,77.9,5.0,140.0,4.5
2024-07-02,12,23.0,86.9,6.0,90.0,4.5
2024-07-02,15,22.0,88.4,10.0,90.0,3.5
2024-07-02,18,22.6,88.5,10.0,140.0,4.0
2024-07-02,21,23.2,91.8,7.0,140.0,4.5
2024-07-03,0,23.8,89.7,8.0,230.0,4.5
2024-07-03,3,22.8,85.3,7.0,230.0,10.0
2024-07-03,6,22.6,84.7,6.0,270.0,10.0
2024-07-03,9,22.4,81.6,4.0,360.0,4.5
2024-07-03,12,23.1,82.7,3.0,50.0,10.0
2024-07-03,15,24.8,75.6,6.0,270.0,10.0
2024-07-03,18,25.1,72.0,2.0,360.0,10.0
2024-07-03,21,23.0,77.7,1.0,50.0,10.0
2024-07-04,0,22.6,81.1,0.0,0.0,10.0
2024-07-04,3,22.4,88.5,1.0,320.0,10.0
2024-07-04,6,22.0,91.8,1.0,180.0,4.5
2024-07-04,9,23.4,80.7,1.0,140.0,4.5
2024-07-04,12,24.3,81.3,1.0,140.0,4.5
2024-07-04,15,25.0,80.9,3.0,180.0,4.5
2024-07-04,18,23.8,87.0,6.0,140.0,4.5
2024-07-04,21,23.3,91.3,4.0,230.0,4.5
2024-07-05,0,22.9,89.6,5.0,230.0,10.0
2024-07-05,3,21.2,88.4,2.0,320.0,10.0
2024-07-05,6,21.0,92.3,4.0,320.0,10.0
2024-07-05,9,23.0,78.7,3.0,360.0,10.0
2024-07-05,12,23.5,75.4,4.0,320.0,10.0
2024-07-05,15,26.3,69.6,3.0,320.0,10.0
2024-07-05,18,24.4,77.9,5.0,270.0,10.0
2024-07-05,21,22.6,85.8,2.0,180.0,15.0
2024-07-06,0,21.8,87.3,3.0,140.0,10.0
2024-07-06,3,22.3,87.4,2.0,90.0,4.5
2024-07-06,6,21.5,87.3,2.0,50.0,4.5
2024-07-06,9,22.1,90.1,4.0,90.0,4.5
2024-07-06,12,22.8,93.0,4.0,140.0,4.5
2024-07-06,15,25.1,87.1,6.0,230.0,10.0
2024-07-06,18,24.2,81.8,8.0,270.0,10.0
2024-07-06,21,22.2,89.0,3.0,360.0,10.0
2024-07-07,0,20.8,92.3,6.0,320.0,10.0
2024-07-07,3,19.9,90.5,1.0,320.0,10.0
2024-07-07,6,19.8,91.1,1.0,90.0,10.0
2024-07-07,9,25.0,75.2,0.0,0.0,15.0
2024-07-07,12,25.2,75.2,1.0,90.0,15.0
2024-07-07,15,25.4,75.2,2.0,140.0,15.0
2024-07-07,18,23.5,92.4,2.0,180.0,0.9
2024-07-07,21,23.6,92.4,2.0,230.0,0.4
2024-07-08,0,23.5,96.4,1.0,180.0,0.0
2024-07-08,3,23.4,93.0,1.0,360.0,0.5
2024-07-08,6,23.2,93.0,2.0,180.0,0.4
2024-07-08,9,23.2,94.1,2.0,230.0,1.0
2024-07-08,12,24.3,84.4,2.0,320.0,10.0
2024-07-08,15,26.9,74.6,2.0,230.0,10.0
2024-07-08,18,24.3,87.0,5.0,230.0,10.0
2024-07-08,21,23.8,85.4,2.0,320.0,10.0
2024-07-09,0,22.5,90.1,1.0,90.0,10.0
2024-07-09,3,22.2,89.0,1.0,180.0,10.0
2024-07-09,6,22.2,89.0,1.0,180.0,10.0
2024-07-09,9,23.2,85.9,2.0,140.0,10.0
2024-07-09,12,23.0,92.4,3.0,180.0,10.0
2024-07-09,15,24.2,87.5,2.0,180.0,10.0
2024-07-09,18,23.5,83.8,1.0,140.0,15.0
2024-07-09,21,22.8,91.3,2.0,180.0,4.5
2024-07-10,0,23.3,88.0,3.0,180.0,3.5
2024-07-10,3,22.8,88.5,4.0,140.0,4.5
2024-07-10,6,23.0,88.5,1.0,360.0,10.0
2024-07-10,9,26.6,71.0,1.0,50.0,10.0
2024-07-10,12,28.8,68.8,2.0,90.0,10.0
2024-07-10,15,29.5,71.1,2.0,320.0,15.0
2024-07-10,18,27.2,82.7,1.0,360.0,4.5
2024-07-10,21,25.0,86.6,2.0,320.0,15.0
2024-07-11,0,23.0,88.0,1.0,360.0,10.0
2024-07-11,3,22.3,89.6,1.0,230.0,10.0
2024-07-11,6,22.6,89.0,1.0,140.0,10.0
2024-07-11,9,25.7,81.0,0.0,0.0,15.0
2024-07-11,12,24.6,86.5,1.0,180.0,3.6
2024-07-11,15,26.1,84.6,2.0,230.0,4.5
2024-07-11,18,24.1,85.4,1.0,180.0,4.5
2024-07-11,21,24.0,87.0,1.0,230.0,4.5
2024-07-12,0,23.9,87.5,1.0,270.0,4.5
2024-07-12,3,22.8,91.3,1.0,180.0,4.0
2024-07-12,6,22.6,92.9,1.0,360.0,4.0
2024-07-12,9,23.4,89.1,1.0,320.0,4.0
2024-07-12,12,26.9,76.9,1.0,270.0,4.5
2024-07-12,15,27.6,77.9,3.0,270.0,4.5
2024-07-12,18,27.3,82.2,1.0,180.0,4.5
2024-07-12,21,25.5,82.0,2.0,360.0,10.0
2024-07-13,0,23.6,85.9,0.0,0.0,10.0
2024-07-13,3,22.9,87.4,1.0,50.0,10.0
2024-07-13,6,22.8,90.1,1.0,50.0,4.5
2024-07-13,9,25.9,81.6,0.0,0.0,4.5
2024-07-13,12,28.9,75.4,2.0,140.0,4.5
2024-07-13,15,30.3,67.1,3.0,180.0,10.0
2024-07-13,18,29.4,66.5,2.0,230.0,10.0
2024-07-13,21,26.9,82.7,2.0,140.0,10.0
2024-07-14,0,26.1,81.1,2.0,140.0,10.0
2024-07-14,3,24.7,83.9,2.0,140.0,10.0
2024-07-14,6,24.8,79.0,2.0,140.0,10.0
2024-07-14,9,26.2,71.8,2.0,90.0,15.0
2024-07-14,12,28.5,62.7,5.0,140.0,10.0
2024-07-14,15,30.9,56.7,3.0,140.0,10.0
2024-07-14,18,31.1,52.7,3.0,50.0,10.0
2024-07-14,21,28.3,75.3,2.0,90.0,10.0
2024-07-15,0,27.5,74.7,5.0,90.0,4.5
2024-07-15,3,24.8,79.9,3.0,90.0,10.0
2024-07-15,6,25.0,72.0,5.0,90.0,10.0
2024-07-15,9,27.8,61.4,4.0,90.0,10.0
2024-07-15,12,29.9,63.0,3.0,140.0,15.0
2024-07-15,15,30.7,62.4,3.0,230.0,10.0
2024-07-15,18,29.5,63.3,3.0,180.0,10.0
2024-07-15,21,27.4,79.3,1.0,140.0,10.0
2024-07-16,0,26.1,84.1,1.0,180.0,10.0
2024-07-16,3,25.3,83.0,2.0,140.0,10.0
2024-07-16,6,25.3,79.5,4.0,140.0,10.0
2024-07-16,9,26.7,75.9,4.0,140.0,10.0
2024-07-16,12,26.3,77.3,5.0,180.0,15.0
2024-07-16,15,25.5,82.0,5.0,180.0,10.0
2024-07-16,18,24.8,91.4,4.0,180.0,4.0
2024-07-16,21,24.3,92.5,4.0,270.0,4.5
2024-07-17,0,23.7,93.0,3.0,180.0,4.5
2024-07-17,3,23.6,94.1,3.0,230.0,4.5
2024-07-17,6,24.8,90.8,1.0,180.0,4.5
2024-07-17,9,25.5,93.7,2.0,230.0,4.5
2024-07-17,12,24.5,92.5,0.0,0.0,3.4
2024-07-17,15,25.0,95.3,6.0,230.0,4.5
2024-07-17,18,25.6,90.9,4.0,270.0,4.5
2024-07-17,21,24.8,92.5,3.0,230.0,4.0
2024-07-18,0,23.9,91.3,3.0,180.0,4.0
2024-07-18,3,24.6,91.4,4.0,230.0,4.0
2024-07-18,6,24.0,91.9,3.0,270.0,4.0
2024-07-18,9,24.2,94.2,2.0,320.0,4.5
2024-07-18,12,24.7,90.8,2.0,270.0,4.5
2024-07-18,15,24.7,89.2,1.0,180.0,4.5
2024-07-18,18,28.2,76.6,1.0,270.0,10.0
2024-07-18,21,25.1,89.2,3.0,270.0,10.0
2024-07-19,0,23.5,90.2,0.0,0.0,10.0
2024-07-19,3,22.5,90.7,1.0,270.0,10.0
2024-07-19,6,22.7,91.3,1.0,90.0,10.0
2024-07-19,9,24.8,86.0,2.0,90.0,4.5
2024-07-19,12,27.2,78.3,3.0,140.0,10.0
2024-07-19,15,28.1,73.0,4.0,180.0,10.0
2024-07-19,18,26.4,83.1,4.0,230.0,10.0
2024-07-19,21,25.0,89.8,3.0,230.0,10.0
2024-07-20,0,24.6,89.2,2.0,180.0,10.0
2024-07-20,3,24.4,93.0,3.0,140.0,10.0
2024-07-20,6,24.0,93.6,3.0,180.0,10.0
2024-07-20,9,23.9,92.4,3.0,140.0,4.5
2024-07-20,12,23.7,90.2,2.0,140.0,4.5
2024-07-20,15,25.0,87.6,4.0,180.0,4.5
2024-07-20,18,25.1,90.9,5.0,140.0,3.5
2024-07-20,21,25.0,89.2,6.0,230.0,4.5
2024-07-21,0,23.9,87.5,9.0,230.0,4.5
2024-07-21,3,22.8,92.4,7.0,270.0,4.5
2024-07-21,6,22.1,88.4,4.0,270.0,10.0
2024-07-21,9,25.5,75.3,2.0,90.0,10.0
2024-07-21,12,28.1,76.1,2.0,140.0,10.0
2024-07-21,15,28.3,79.4,3.0,230.0,15.0
2024-07-21,18,26.4,87.2,1.0,180.0,10.0
2024-07-21,21,25.2,94.2,3.0,180.0,1.0
2024-07-22,0,25.0,98.8,2.0,180.0,1.0
2024-07-22,3,25.0,93.6,3.0,180.0,0.8
2024-07-22,6,25.3,93.1,4.0,230.0,0.8
2024-07-22,9,24.7,93.1,3.0,180.0,3.0
2024-07-22,12,25.0,94.2,2.0,140.0,4.0
2024-07-22,15,24.8,92.5,5.0,230.0,3.5
2024-07-22,18,25.1,93.1,4.0,230.0,3.5
2024-07-22,21,25.2,95.9,6.0,270.0,4.5
2024-07-23,0,24.4,89.2,5.0,270.0,4.5
2024-07-23,3,23.8,88.6,3.0,270.0,10.0
2024-07-23,6,23.4,89.6,2.0,230.0,10.0
2024-07-23,9,24.8,90.3,2.0,140.0,2.5
2024-07-23,12,25.2,86.6,2.0,50.0,4.5
2024-07-23,15,25.5,86.1,3.0,230.0,10.0
2024-07-23,18,25.8,85.6,3.0,180.0,10.0
2024-07-23,21,25.0,92.5,2.0,140.0,10.0
2024-07-24,0,24.8,94.8,2.0,140.0,5.0
2024-07-24,3,24.8,91.4,1.0,90.0,4.5
2024-07-24,6,25.3,92.5,1.0,270.0,1.0
2024-07-24,9,25.1,93.1,0.0,0.0,1.5
2024-07-24,12,26.6,89.3,2.0,230.0,10.0
2024-07-24,15,28.4,90.0,4.0,230.0,15.0
2024-07-24,18,27.7,92.1,4.0,230.0,10.0
2024-07-24,21,26.2,89.3,3.0,230.0,10.0
2024-07-25,0,25.4,89.2,1.0,270.0,10.0
2024-07-25,3,25.6,91.4,1.0,180.0,10.0
2024-07-25,6,25.2,90.3,2.0,180.0,0.8
2024-07-25,9,26.0,92.0,0.0,0.0,4.5
2024-07-25,12,26.9,90.4,1.0,140.0,10.0
2024-07-25,15,28.7,83.4,4.0,230.0,10.0
2024-07-25,18,29.9,76.0,3.0,230.0,10.0
2024-07-25,21,27.3,82.7,1.0,180.0,10.0
2024-07-26,0,25.7,90.4,4.0,180.0,4.5
2024-07-26,3,26.3,84.6,3.0,140.0,4.5
2024-07-26,6,26.5,83.6,5.0,140.0,10.0
2024-07-26,9,26.9,82.2,4.0,140.0,10.0
2024-07-26,12,28.3,83.3,3.0,140.0,4.5
2024-07-26,15,29.6,81.5,4.0,180.0,4.5
2024-07-26,18,26.8,92.1,1.0,180.0,4.5
2024-07-26,21,26.7,87.2,3.0,180.0,4.5
2024-07-27,0,26.7,87.2,2.0,180.0,10.0
2024-07-27,3,25.8,88.2,1.0,180.0,10.0
2024-07-27,6,26.2,88.8,2.0,140.0,10.0
2024-07-27,9,26.9,88.8,2.0,140.0,10.0
2024-07-27,12,26.7,89.3,3.0,180.0,4.5
2024-07-27,15,27.1,92.6,4.0,230.0,4.5
2024-07-27,18,28.1,88.9,3.0,230.0,10.0
2024-07-27,21,27.3,85.7,2.0,230.0,10.0
2024-07-28,0,26.9,85.7,4.0,230.0,10.0
2024-07-28,3,26.9,85.7,3.0,180.0,10.0
2024-07-28,6,26.4,89.3,1.0,140.0,10.0
2024-07-28,9,26.3,88.3,4.0,180.0,15.0
2024-07-28,12,26.3,88.8,3.0,180.0,4.5
2024-07-28,15,26.4,87.7,7.0,230.0,4.5
2024-07-28,18,26.8,87.8,5.0,230.0,10.0
2024-07-28,21,26.5,88.8,4.0,230.0,10.0
2024-07-29,0,26.3,88.8,5.0,270.0,4.5
2024-07-29,3,26.3,86.2,4.0,270.0,4.5
2024-07-29,6,26.1,90.4,3.0,270.0,10.0
2024-07-29,9,25.5,89.8,4.0,270.0,10.0
2024-07-29,12,25.7,86.6,4.0,270.0,10.0
2024-07-29,15,26.3,89.3,2.0,270.0,10.0
2024-07-29,18,26.3,89.3,3.0,270.0,10.0
2024-07-29,21,25.7,93.1,2.0,320.0,0.9
2024-07-30,0,25.6,92.5,2.0,270.0,0.9
2024-07-30,3,25.0,95.3,1.0,320.0,2.5
2024-07-30,6,25.1,96.5,1.0,320.0,1.5
2024-07-30,9,25.5,94.8,1.0,180.0,0.5
2024-07-30,12,27.4,85.8,2.0,230.0,10.0
2024-07-30,15,27.0,87.8,3.0,230.0,10.0
2024-07-30,18,27.0,86.7,3.0,230.0,10.0
2024-07-30,21,25.9,89.8,2.0,180.0,0.8
2024-07-31,0,25.5,89.8,2.0,230.0,0.8
2024-07-31,3,25.3,92.0,1.0,230.0,10.0
2024-07-31,6,25.6,91.4,2.0,230.0,10.0
2024-07-31,9,26.0,89.8,3.0,180.0,10.0
2024-07-31,12,27.6,85.3,3.0,180.0,10.0
2024-07-31,15,27.5,86.8,5.0,230.0,10.0
2024-07-31,18,26.8,91.0,3.0,230.0,4.5
2024-07-31,21,26.6,86.2,3.0,230.0,10.0
2025-03-01,0,4.5,89.3,2.0,270.0,2.5
2025-03-01,3,3.1,93.1,0.0,0.0,2.5
2025-03-01,6,2.5,94.4,1.0,180.0,0.7
2025-03-01,9,2.5,93.1,1.0,360.0,0.4
2025-03-01,12,7.2,80.6,2.0,230.0,3.5
2025-03-01,15,10.5,62.3,4.0,140.0,10.0
2025-03-01,18,10.7,63.7,3.0,230.0,10.0
2025-03-01,21,7.9,75.3,1.0,50.0,10.0
2025-03-02,0,5.3,76.4,0.0,0.0,10.0
2025-03-02,3,5.4,78.1,1.0,360.0,10.0
2025-03-02,6,5.0,81.5,1.0,360.0,10.0
2025-03-02,9,6.3,74.5,1.0,270.0,10.0
2025-03-02,12,13.9,68.0,3.0,90.0,10.0
2025-03-02,15,13.7,45.3,3.0,90.0,10.0
2025-03-02,18,9.7,63.9,6.0,90.0,4.5
2025-03-02,21,6.3,74.5,6.0,90.0,4.5
2025-03-03,0,3.3,82.4,6.0,140.0,4.5
2025-03-03,3,2.8,71.2,9.0,90.0,4.5
2025-03-03,6,2.9,63.7,4.0,90.0,10.0
2025-03-03,9,3.1,60.5,5.0,90.0,10.0
2025-03-03,12,5.4,55.9,8.0,90.0,10.0
2025-03-03,15,6.5,53.7,5.0,140.0,10.0
2025-03-03,18,4.1,56.4,6.0,90.0,10.0
2025-03-03,21,1.8,56.2,5.0,90.0,10.0
2025-03-04,0,1.2,43.7,8.0,140.0,10.0
2025-03-04,3,1.0,50.2,6.0,140.0,10.0
2025-03-04,6,1.1,51.4,9.0,90.0,10.0
2025-03-04,9,2.1,53.3,5.0,140.0,10.0
2025-03-04,12,-0.5,86.3,6.0,140.0,4.5
2025-03-04,15,1.7,75.3,3.0,50.0,4.5
2025-03-04,18,1.9,74.2,10.0,90.0,10.0
2025-03-04,21,2.0,63.9,6.0,90.0,10.0
2025-03-05,0,1.7,61.0,4.0,90.0,10.0
2025-03-05,3,2.4,59.4,6.0,90.0,10.0
2025-03-05,6,2.0,61.1,1.0,90.0,10.0
2025-03-05,9,2.5,63.1,0.0,0.0,15.0
2025-03-05,12,4.1,65.9,1.0,230.0,15.0
2025-03-05,15,6.8,57.5,3.0,230.0,15.0
2025-03-05,18,7.0,51.9,2.0,360.0,15.0
2025-03-05,21,3.3,59.6,2.0,360.0,15.0
2025-03-06,0,1.5,64.8,3.0,360.0,15.0
2025-03-06,3,2.0,63.9,3.0,320.0,10.0
2025-03-06,6,1.5,61.9,2.0,230.0,10.0
2025-03-06,9,3.3,60.5,2.0,140.0,10.0
2025-03-06,12,7.1,44.7,4.0,360.0,10.0
2025-03-06,15,8.3,43.8,7.0,50.0,10.0
2025-03-06,18,6.6,49.2,3.0,360.0,10.0
2025-03-06,21,3.2,42.9,3.0,360.0,10.0
2025-03-07,0,1.4,54.8,1.0,320.0,10.0
2025-03-07,3,0.2,64.5,1.0,50.0,10.0
2025-03-07,6,-0.4,67.4,1.0,90.0,10.0
2025-03-07,9,1.7,57.9,2.0,180.0,10.0
2025-03-07,12,5.4,49.2,2.0,230.0,10.0
2025-03-07,15,7.8,47.4,3.0,180.0,10.0
2025-03-07,18,6.1,52.0,1.0,230.0,10.0
2025-03-07,21,4.1,56.4,1.0,320.0,10.0
2025-03-08,0,2.9,63.7,1.0,230.0,10.0
2025-03-08,3,2.1,73.2,2.0,140.0,10.0
2025-03-08,6,1.4,76.9,1.0,320.0,10.0
2025-03-08,9,2.7,71.7,0.0,0.0,3.5
2025-03-08,12,6.9,59.2,3.0,180.0,10.0
2025-03-08,15,6.8,67.9,3.0,180.0,10.0
2025-03-08,18,6.7,69.4,3.0,180.0,10.0
2025-03-08,21,4.4,69.4,2.0,320.0,10.0
2025-03-09,0,2.9,77.2,1.0,320.0,10.0
2025-03-09,3,1.4,75.2,1.0,140.0,10.0
2025-03-09,6,0.6,84.5,0.0,0.0,10.0
2025-03-09,9,1.5,81.0,0.0,0.0,4.5
2025-03-09,12,7.4,71.0,3.0,230.0,10.0
2025-03-09,15,8.5,68.3,2.0,230.0,10.0
2025-03-09,18,7.2,73.0,2.0,140.0,10.0
2025-03-09,21,4.9,80.9,1.0,50.0,4.5
2025-03-10,0,3.3,82.4,1.0,50.0,4.5
2025-03-10,3,1.0,86.5,0.0,0.0,0.1
2025-03-10,6,0.4,93.7,0.0,0.0,0.0
2025-03-10,9,1.8,90.4,1.0,90.0,0.2
2025-03-10,12,8.0,79.1,2.0,180.0,4.5
2025-03-10,15,10.0,54.7,3.0,180.0,4.5
2025-03-10,18,8.3,56.6,2.0,140.0,4.5
2025-03-10,21,4.9,71.6,1.0,140.0,4.5
2025-03-11,0,3.3,81.3,1.0,140.0,4.5
2025-03-11,3,1.0,82.1,0.0,0.0,4.5
2025-03-11,6,1.4,87.1,0.0,0.0,4.5
2025-03-11,9,3.4,78.4,0.0,0.0,4.5
2025-03-11,12,9.6,63.0,3.0,230.0,4.5
2025-03-11,15,12.3,60.1,3.0,180.0,10.0
2025-03-11,18,11.0,65.5,2.0,270.0,10.0
2025-03-11,21,8.3,71.2,3.0,320.0,10.0
2025-03-12,0,7.5,73.1,3.0,360.0,10.0
2025-03-12,3,7.2,73.0,1.0,360.0,10.0
2025-03-12,6,5.1,79.8,1.0,180.0,10.0
2025-03-12,9,6.2,79.9,2.0,140.0,10.0
2025-03-12,12,7.4,79.5,1.0,230.0,10.0
2025-03-12,15,9.1,83.8,2.0,320.0,3.5
2025-03-12,18,13.7,47.3,5.0,320.0,10.0
2025-03-12,21,8.3,50.4,2.0,320.0,10.0
2025-03-13,0,5.1,53.3,3.0,360.0,10.0
2025-03-13,3,7.7,47.7,4.0,360.0,10.0
2025-03-13,6,8.6,42.9,3.0,50.0,10.0
2025-03-13,9,9.1,38.2,2.0,360.0,10.0
2025-03-13,12,12.1,35.5,4.0,50.0,10.0
2025-03-13,15,13.2,29.7,4.0,50.0,10.0
2025-03-13,18,13.3,29.6,3.0,50.0,10.0
2025-03-13,21,9.8,35.6,2.0,360.0,10.0
2025-03-14,0,7.2,30.5,2.0,360.0,10.0
2025-03-14,3,6.9,47.1,0.0,0.0,10.0
2025-03-14,6,7.6,46.9,2.0,50.0,10.0
2025-03-14,9,7.6,38.3,1.0,230.0,10.0
2025-03-14,12,13.7,35.2,8.0,360.0,15.0
2025-03-14,15,16.9,28.0,3.0,50.0,15.0
2025-03-14,18,13.6,34.1,3.0,360.0,10.0
2025-03-14,21,11.5,31.8,1.0,270.0,10.0
2025-03-15,0,10.5,31.5,1.0,230.0,10.0
2025-03-15,3,9.0,41.7,1.0,180.0,10.0
2025-03-15,6,9.6,41.0,4.0,50.0,10.0
2025-03-15,9,11.3,32.2,3.0,90.0,10.0
2025-03-15,12,13.4,32.6,5.0,140.0,10.0
2025-03-15,15,13.7,40.7,4.0,230.0,15.0
2025-03-15,18,11.7,51.7,2.0,180.0,10.0
2025-03-15,21,7.9,50.6,2.0,360.0,10.0
2025-03-16,0,6.3,55.7,2.0,360.0,10.0
2025-03-16,3,5.3,59.7,4.0,320.0,10.0
2025-03-16,6,4.1,70.9,2.0,360.0,4.5
2025-03-16,9,2.6,63.6,4.0,360.0,10.0
2025-03-16,12,4.7,45.7,7.0,360.0,10.0
2025-03-16,15,3.9,37.2,8.0,360.0,10.0
2025-03-16,18,2.9,37.2,7.0,360.0,10.0
2025-03-16,21,1.6,40.8,4.0,360.0,15.0
2025-03-17,0,1.4,43.0,4.0,360.0,15.0
2025-03-17,3,0.3,43.4,3.0,360.0,10.0
2025-03-17,6,-2.2,65.4,3.0,270.0,10.0
2025-03-17,9,0.0,55.7,2.0,230.0,10.0
2025-03-17,12,4.4,38.2,5.0,320.0,10.0
2025-03-17,15,5.8,43.4,4.0,230.0,10.0
2025-03-17,18,3.7,58.8,6.0,230.0,10.0
2025-03-17,21,2.3,80.5,4.0,180.0,4.5
2025-03-18,0,1.2,88.4,2.0,180.0,4.5
2025-03-18,3,-0.5,88.3,7.0,360.0,4.5
2025-03-18,6,-2.0,83.6,6.0,50.0,4.5
2025-03-18,9,-2.0,81.7,7.0,360.0,3.5
2025-03-18,12,1.0,53.4,7.0,360.0,10.0
2025-03-18,15,2.7,53.9,6.0,360.0,10.0
2025-03-18,18,2.5,42.4,3.0,360.0,10.0
2025-03-18,21,0.2,53.2,2.0,320.0,10.0
2025-03-19,0,-1.2,67.7,1.0,50.0,10.0
2025-03-19,3,-0.9,55.9,2.0,360.0,10.0
2025-03-19,6,-3.0,73.3,0.0,0.0,10.0
2025-03-19,9,-0.5,56.0,1.0,320.0,10.0
2025-03-19,12,3.4,47.5,3.0,320.0,10.0
2025-03-19,15,6.2,53.6,5.0,230.0,10.0
2025-03-19,18,5.9,54.8,7.0,270.0,10.0
2025-03-19,21,2.6,66.5,2.0,360.0,10.0
2025-03-20,0,2.9,70.7,2.0,50.0,10.0
2025-03-20,3,3.2,78.3,2.0,90.0,10.0
2025-03-20,6,2.9,82.4,3.0,140.0,10.0
2025-03-20,9,3.1,82.4,4.0,140.0,4.5
2025-03-20,12,5.0,82.7,4.0,140.0,4.5
2025-03-20,15,9.1,73.4,4.0,180.0,4.5
2025-03-20,18,9.1,74.4,3.0,140.0,4.5
2025-03-20,21,6.7,85.8,2.0,230.0,4.5
2025-03-21,0,4.5,85.6,1.0,50.0,10.0
2025-03-21,3,3.0,88.6,1.0,140.0,10.0
2025-03-21,6,3.1,87.9,0.0,0.0,4.5
2025-03-21,9,5.2,91.3,4.0,140.0,0.9
2025-03-21,12,11.1,74.3,4.0,140.0,4.5
2025-03-21,15,13.7,63.9,3.0,230.0,4.5
2025-03-21,18,11.3,67.0,3.0,140.0,4.5
2025-03-21,21,8.5,78.6,1.0,320.0,10.0
2025-03-22,0,6.2,83.4,1.0,180.0,10.0
2025-03-22,3,5.5,83.3,2.0,90.0,10.0
2025-03-22,6,5.2,85.7,3.0,90.0,10.0
2025-03-22,9,7.7,76.8,1.0,270.0,10.0
2025-03-22,12,13.0,66.9,3.0,180.0,10.0
2025-03-22,15,15.5,55.7,2.0,140.0,10.0
2025-03-22,18,17.6,53.3,3.0,270.0,10.0
2025-03-22,21,11.7,63.9,1.0,270.0,10.0
2025-03-23,0,7.7,79.0,2.0,230.0,10.0
2025-03-23,3,6.1,81.6,1.0,360.0,10.0
2025-03-23,6,7.5,80.1,4.0,140.0,4.5
2025-03-23,9,9.9,73.5,5.0,90.0,10.0
2025-03-23,12,13.5,62.1,4.0,140.0,10.0
2025-03-23,15,13.6,75.2,4.0,50.0,10.0
2025-03-23,18,10.9,82.8,4.0,50.0,10.0
2025-03-23,21,8.9,80.9,3.0,180.0,10.0
2025-03-24,0,9.3,80.4,4.0,140.0,10.0
2025-03-24,3,9.2,69.4,3.0,140.0,10.0
2025-03-24,6,9.7,73.0,5.0,140.0,10.0
2025-03-24,9,10.1,74.6,5.0,140.0,10.0
2025-03-24,12,13.2,66.0,4.0,180.0,10.0
2025-03-24,15,12.1,75.0,4.0,180.0,10.0
2025-03-24,18,10.1,81.6,4.0,180.0,10.0
2025-03-24,21,7.9,87.2,0.0,0.0,4.5
2025-03-25,0,7.7,91.5,0.0,0.0,3.5
2025-03-25,3,7.1,91.4,3.0,140.0,3.5
2025-03-25,6,6.7,89.5,5.0,140.0,3.5
2025-03-25,9,6.3,91.4,7.0,140.0,0.4
2025-03-25,12,8.8,83.7,6.0,180.0,3.5
2025-03-25,15,11.3,75.3,3.0,270.0,10.0
2025-03-25,18,12.9,50.6,7.0,320.0,15.0
2025-03-25,21,9.9,57.5,4.0,320.0,10.0
2025-03-26,0,7.4,70.0,3.0,360.0,10.0
2025-03-26,3,4.6,80.3,2.0,360.0,10.0
2025-03-26,6,3.9,80.8,1.0,90.0,10.0
2025-03-26,9,9.5,62.5,4.0,140.0,10.0
2025-03-26,12,12.0,63.5,5.0,180.0,10.0
2025-03-26,15,15.4,43.3,5.0,180.0,10.0
2025-03-26,18,17.8,40.2,4.0,140.0,10.0
2025-03-26,21,17.1,38.9,3.0,180.0,10.0
2025-03-27,0,13.9,64.8,3.0,230.0,10.0
2025-03-27,3,10.6,89.8,2.0,180.0,4.5
2025-03-27,6,10.1,93.5,3.0,270.0,3.5
2025-03-27,9,11.8,71.4,4.0,360.0,10.0
2025-03-27,12,15.0,42.9,4.0,360.0,10.0
2025-03-27,15,12.5,36.7,6.0,360.0,10.0
2025-03-27,18,8.5,49.7,4.0,360.0,15.0
2025-03-27,21,6.6,60.5,3.0,360.0,10.0
2025-03-28,0,5.1,54.6,4.0,360.0,10.0
2025-03-28,3,4.0,51.8,8.0,360.0,10.0
2025-03-28,6,3.7,42.7,10.0,50.0,10.0
2025-03-28,9,4.3,45.6,10.0,360.0,10.0
2025-03-28,12,7.2,32.5,6.0,360.0,15.0
2025-03-28,15,8.5,29.7,5.0,360.0,15.0
2025-03-28,18,7.5,30.8,5.0,360.0,15.0
2025-03-28,21,3.0,36.9,5.0,360.0,10.0
2025-03-29,0,1.8,40.2,3.0,320.0,10.0
2025-03-29,3,2.2,43.3,4.0,360.0,10.0
2025-03-29,6,1.0,67.2,2.0,320.0,10.0
2025-03-29,9,1.1,76.9,3.0,320.0,4.6
2025-03-29,12,5.1,44.5,6.0,360.0,10.0
2025-03-29,15,5.1,34.2,8.0,320.0,15.0
2025-03-29,18,3.2,36.4,5.0,360.0,15.0
2025-03-29,21,0.8,54.2,4.0,360.0,10.0
2025-03-30,0,-0.9,69.9,1.0,320.0,10.0
2025-03-30,3,-1.4,72.5,1.0,50.0,10.0
2025-03-30,6,-2.0,68.1,1.0,50.0,10.0
2025-03-30,9,2.2,60.2,1.0,270.0,10.0
2025-03-30,12,5.6,45.0,5.0,320.0,10.0
2025-03-30,15,9.2,32.6,4.0,360.0,15.0
2025-03-30,18,7.5,33.9,5.0,320.0,15.0
2025-03-30,21,3.5,42.0,2.0,320.0,10.0
2025-03-31,0,1.7,49.3,0.0,0.0,10.0
2025-03-31,3,0.2,54.9,1.0,90.0,10.0
2025-03-31,6,0.8,46.4,2.0,90.0,10.0
2025-03-31,9,5.0,50.6,3.0,140.0,10.0
2025-03-31,12,8.6,60.1,4.0,230.0,10.0
2025-03-31,15,9.8,49.7,5.0,180.0,10.0
2025-03-31,18,10.1,63.1,4.0,230.0,10.0
2025-03-31,21,6.6,81.1,2.0,140.0,10.0
2025-04-01,0,6.1,82.8,2.0,140.0,4.5
2025-04-01,3,6.3,85.8,2.0,140.0,4.5
2025-04-01,6,5.9,87.0,2.0,90.0,4.5
2025-04-01,9,6.4,87.6,3.0,140.0,4.5
2025-04-01,12,10.5,68.7,4.0,230.0,10.0
2025-04-01,15,10.9,67.4,3.0,230.0,10.0
2025-04-01,18,8.6,80.3,3.0,180.0,10.0
2025-04-01,21,6.8,78.9,2.0,140.0,10.0
2025-04-02,0,5.3,75.4,1.0,50.0,10.0
2025-04-02,3,3.7,62.9,1.0,90.0,10.0
2025-04-02,6,4.4,69.4,2.0,140.0,10.0
2025-04-02,9,4.4,69.4,3.0,140.0,10.0
2025-04-02,12,7.5,73.1,1.0,140.0,4.5
2025-04-02,15,6.7,80.6,4.0,140.0,4.5
2025-04-02,18,5.6,84.5,2.0,140.0,4.5
2025-04-02,21,6.5,77.7,2.0,90.0,10.0
2025-04-03,0,5.9,85.2,3.0,90.0,10.0
2025-04-03,3,5.4,79.3,1.0,270.0,10.0
2025-04-03,6,5.4,74.8,1.0,360.0,10.0
2025-04-03,9,8.1,72.2,1.0,270.0,10.0
2025-04-03,12,10.8,65.5,3.0,270.0,10.0
2025-04-03,15,13.9,54.2,4.0,270.0,10.0
2025-04-03,18,13.1,59.5,3.0,270.0,10.0
2025-04-03,21,8.9,72.9,0.0,0.0,10.0
2025-04-04,0,6.9,80.6,1.0,270.0,10.0
2025-04-04,3,5.1,84.5,0.0,0.0,10.0
2025-04-04,6,3.2,86.1,1.0,230.0,4.5
2025-04-04,9,7.0,72.0,1.0,140.0,4.5
2025-04-04,12,10.4,58.0,3.0,180.0,10.0
2025-04-04,15,10.5,70.2,3.0,180.0,10.0
2025-04-04,18,10.1,65.3,3.0,230.0,10.0
2025-04-04,21,7.5,74.1,3.0,140.0,10.0
2025-04-05,0,7.1,76.2,3.0,270.0,10.0
2025-04-05,3,6.8,81.7,3.0,180.0,4.5
2025-04-05,6,6.1,88.2,3.0,140.0,4.5
2025-04-05,9,6.0,84.6,3.0,140.0,4.5
2025-04-05,12,6.5,90.1,3.0,140.0,4.5
2025-04-05,15,7.3,87.1,3.0,140.0,10.0
2025-04-05,18,7.8,89.6,3.0,140.0,4.5
2025-04-05,21,7.5,91.5,1.0,140.0,4.5
2025-04-06,0,6.9,91.4,3.0,320.0,10.0
2025-04-06,3,6.1,92.6,3.0,320.0,4.5
2025-04-06,6,4.7,91.3,2.0,320.0,4.5
2025-04-06,9,4.7,91.3,0.0,0.0,0.4
2025-04-06,12,7.5,83.0,3.0,180.0,4.5
2025-04-06,15,10.5,79.5,2.0,140.0,10.0
2025-04-06,18,13.2,59.1,1.0,230.0,10.0
2025-04-06,21,9.1,73.4,1.0,230.0,10.0
2025-04-07,0,6.8,75.1,1.0,270.0,10.0
2025-04-07,3,5.6,78.2,2.0,90.0,10.0
2025-04-07,6,6.1,89.5,3.0,140.0,3.5
2025-04-07,9,6.2,89.5,3.0,140.0,0.9
2025-04-07,12,11.0,71.7,4.0,140.0,10.0
2025-04-07,15,11.9,62.6,6.0,140.0,10.0
2025-04-07,18,10.5,72.6,3.0,140.0,10.0
2025-04-07,21,9.9,79.4,3.0,140.0,10.0
2025-04-08,0,8.9,86.7,3.0,140.0,10.0
2025-04-08,3,7.1,88.3,1.0,360.0,10.0
2025-04-08,6,6.3,91.4,1.0,320.0,10.0
2025-04-08,9,9.4,81.5,1.0,320.0,10.0
2025-04-08,12,16.6,38.7,6.0,320.0,15.0
2025-04-08,15,17.8,39.3,2.0,360.0,15.0
2025-04-08,18,16.6,40.1,4.0,320.0,15.0
2025-04-08,21,13.8,51.9,2.0,360.0,10.0
2025-04-09,0,10.8,59.4,1.0,360.0,10.0
2025-04-09,3,8.9,75.4,1.0,180.0,10.0
2025-04-09,6,8.0,76.4,1.0,230.0,10.0
2025-04-09,9,10.5,73.1,5.0,140.0,15.0
2025-04-09,12,11.4,68.4,1.0,90.0,15.0
2025-04-09,15,9.7,78.8,2.0,140.0,5.0
2025-04-09,18,9.9,74.6,3.0,180.0,10.0
2025-04-09,21,9.3,80.4,1.0,360.0,10.0
2025-04-10,0,8.9,79.8,1.0,320.0,10.0
2025-04-10,3,6.9,79.5,0.0,0.0,10.0
2025-04-10,6,5.6,81.6,0.0,0.0,10.0
2025-04-10,9,9.7,70.5,0.0,0.0,10.0
2025-04-10,12,16.1,54.0,2.0,230.0,15.0
2025-04-10,15,18.2,56.0,3.0,140.0,15.0
2025-04-10,18,18.2,40.3,2.0,50.0,15.0
2025-04-10,21,13.8,43.8,2.0,50.0,15.0
2025-04-11,0,10.2,65.8,0.0,0.0,10.0
2025-04-11,3,9.2,62.0,1.0,90.0,10.0
2025-04-11,6,7.5,76.3,0.0,0.0,10.0
2025-04-11,9,11.9,65.3,1.0,180.0,10.0
2025-04-11,12,16.7,59.6,2.0,140.0,15.0
2025-04-11,15,19.0,47.8,3.0,180.0,15.0
2025-04-11,18,15.8,48.9,3.0,180.0,15.0
2025-04-11,21,14.1,55.8,2.0,140.0,10.0
2025-04-12,0,11.4,68.4,2.0,140.0,10.0
2025-04-12,3,12.3,62.7,4.0,140.0,10.0
2025-04-12,6,12.7,63.2,3.0,140.0,10.0
2025-04-12,9,15.2,56.0,3.0,140.0,10.0
2025-04-12,12,15.3,68.3,6.0,140.0,4.5
2025-04-12,15,10.7,82.2,4.0,230.0,4.5
2025-04-12,18,5.3,88.8,5.0,360.0,4.5
2025-04-12,21,2.9,86.7,4.0,320.0,3.5
2025-04-13,0,1.4,89.1,1.0,140.0,3.5
2025-04-13,3,2.9,93.1,1.0,360.0,10.0
2025-04-13,6,2.9,93.1,1.0,360.0,10.0
2025-04-13,9,5.5,66.7,4.0,320.0,10.0
2025-04-13,12,6.6,66.9,6.0,320.0,10.0
2025-04-13,15,6.2,66.3,6.0,270.0,10.0
2025-04-13,18,5.6,67.2,8.0,270.0,10.0
2025-04-13,21,4.3,80.8,2.0,50.0,10.0
2025-04-14,0,5.7,69.7,7.0,270.0,4.5
2025-04-14,9,3.4,84.9,2.0,320.0,10.0
2025-04-14,12,4.8,82.6,5.0,140.0,4.5
2025-04-14,15,5.7,85.1,4.0,90.0,4.5
2025-04-14,18,7.5,64.8,5.0,50.0,10.0
2025-04-14,21,4.9,79.7,1.0,320.0,10.0
2025-04-15,0,4.4,80.2,2.0,270.0,10.0
2025-04-15,3,2.0,85.3,1.0,360.0,10.0
2025-04-15,6,2.2,82.3,3.0,360.0,10.0
2025-04-15,9,7.3,77.3,1.0,320.0,15.0
2025-04-15,12,11.4,67.5,6.0,320.0,15.0
2025-04-15,15,14.5,54.3,5.0,320.0,15.0
2025-04-15,18,13.7,61.3,4.0,320.0,15.0
2025-04-15,21,7.9,75.8,3.0,320.0,10.0
2025-04-16,0,6.7,61.4,1.0,360.0,10.0
2025-04-16,3,5.7,74.4,2.0,140.0,10.0
2025-04-16,6,6.9,91.4,5.0,140.0,10.0
2025-04-16,9,9.9,73.0,5.0,140.0,10.0
2025-04-16,12,13.2,66.0,4.0,140.0,10.0
2025-04-16,15,15.5,63.5,5.0,140.0,10.0
2025-04-16,18,14.5,66.8,5.0,140.0,10.0
2025-04-16,21,12.2,72.0,6.0,140.0,10.0
2025-04-17,0,11.6,74.9,4.0,140.0,10.0
2025-04-17,3,11.5,86.3,4.0,140.0,10.0
2025-04-17,6,12.4,88.2,6.0,180.0,10.0
2025-04-17,9,11.9,88.7,4.0,140.0,4.5
2025-04-17,12,11.5,92.9,5.0,140.0,0.2
2025-04-17,15,12.3,82.4,4.0,140.0,0.6
2025-04-17,18,12.7,91.8,6.0,140.0,4.5
2025-04-17,21,11.3,87.5,6.0,140.0,4.5
2025-04-18,0,11.3,88.7,3.0,140.0,4.5
2025-04-18,3,10.5,88.0,2.0,140.0,4.5
2025-04-18,6,9.7,92.8,1.0,90.0,4.5
2025-04-18,9,10.7,83.4,1.0,360.0,0.3
2025-04-18,12,16.2,89.7,1.0,230.0,3.5
2025-04-18,15,19.6,72.4,3.0,90.0,4.5
2025-04-18,18,16.2,79.2,4.0,140.0,10.0
2025-04-18,21,14.8,81.1,1.0,180.0,10.0
2025-04-19,0,13.4,80.4,2.0,270.0,10.0
2025-04-19,3,11.1,84.6,3.0,140.0,10.0
2025-04-19,6,10.4,85.1,4.0,140.0,4.5
2025-04-19,9,11.9,94.8,3.0,140.0,4.5
2025-04-19,12,11.3,96.1,2.0,140.0,3.0
2025-04-19,15,11.5,96.7,3.0,270.0,4.5
2025-04-19,18,14.3,83.2,2.0,180.0,10.0
2025-04-19,21,11.9,79.7,1.0,140.0,10.0
2025-04-20,0,9.9,80.5,1.0,140.0,10.0
2025-04-20,3,8.8,87.3,1.0,230.0,10.0
2025-04-20,6,7.5,89.6,1.0,140.0,10.0
2025-04-20,9,12.1,76.0,2.0,270.0,10.0
2025-04-20,12,17.6,56.7,3.0,230.0,10.0
2025-04-20,15,21.4,46.6,1.0,230.0,15.0
2025-04-20,18,22.5,41.8,2.0,230.0,15.0
2025-04-20,21,16.9,60.0,1.0,50.0,10.0
2025-04-21,0,15.1,62.9,2.0,50.0,10.0
2025-04-21,3,12.5,73.0,0.0,0.0,10.0
2025-04-21,6,15.1,69.2,4.0,140.0,10.0
2025-04-21,9,15.1,78.5,4.0,140.0,10.0
2025-04-21,12,15.7,84.0,2.0,140.0,4.5
2025-04-21,15,18.7,74.1,2.0,180.0,10.0
2025-04-21,18,18.9,77.6,2.0,230.0,10.0
2025-04-21,21,18.2,88.1,1.0,230.0,10.0
2025-04-22,0,18.0,89.8,2.0,320.0,10.0
2025-04-22,3,15.8,89.0,1.0,270.0,10.0
2025-04-22,6,15.5,90.2,1.0,140.0,4.5
2025-04-22,9,15.1,90.2,2.0,360.0,4.5
2025-04-22,12,16.1,79.2,3.0,90.0,4.5
2025-04-22,15,18.0,77.4,3.0,270.0,10.0
2025-04-22,18,18.6,63.3,2.0,360.0,15.0
2025-04-22,21,16.2,74.7,1.0,270.0,15.0
2025-04-23,0,13.5,78.3,2.0,360.0,10.0
2025-04-23,3,12.6,84.2,1.0,320.0,10.0
2025-04-23,6,11.5,86.3,1.0,90.0,10.0
2025-04-23,9,15.5,68.8,0.0,0.0,10.0
2025-04-23,12,17.4,61.8,4.0,230.0,10.0
2025-04-23,15,20.0,60.0,3.0,230.0,10.0
2025-04-23,18,20.4,60.1,5.0,270.0,15.0
2025-04-23,21,15.3,76.5,2.0,320.0,15.0
2025-04-24,0,13.5,74.2,1.0,360.0,15.0
2025-04-24,3,12.5,69.1,3.0,360.0,10.0
2025-04-24,6,9.9,74.6,1.0,180.0,10.0
2025-04-24,9,12.3,72.0,2.0,230.0,10.0
2025-04-24,12,18.4,46.7,2.0,360.0,15.0
2025-04-24,15,17.4,41.2,5.0,360.0,15.0
2025-04-24,18,14.6,34.2,6.0,360.0,10.0
2025-04-24,21,10.9,45.2,3.0,320.0,15.0
2025-04-25,0,9.0,56.8,3.0,320.0,15.0
2025-04-25,3,7.1,68.5,2.0,320.0,15.0
2025-04-25,6,7.7,60.7,2.0,320.0,15.0
2025-04-25,9,11.1,55.4,2.0,320.0,10.0
2025-04-25,12,15.5,36.2,7.0,320.0,15.0
2025-04-25,15,16.7,28.4,7.0,320.0,10.0
2025-04-25,18,16.1,31.0,5.0,320.0,15.0
2025-04-25,21,11.5,38.3,1.0,360.0,15.0
2025-04-26,0,10.1,34.1,2.0,360.0,10.0
2025-04-26,3,8.3,46.5,2.0,270.0,10.0
2025-04-26,6,7.1,62.4,0.0,0.0,10.0
2025-04-26,9,12.1,69.5,4.0,230.0,10.0
2025-04-26,12,15.0,69.6,3.0,230.0,10.0
2025-04-26,15,15.6,69.3,3.0,180.0,10.0
2025-04-26,18,13.7,73.7,3.0,140.0,15.0
2025-04-26,21,11.8,82.9,3.0,180.0,15.0
2025-04-27,0,11.1,86.3,2.0,90.0,10.0
2025-04-27,3,10.1,86.8,4.0,140.0,10.0
2025-04-27,6,10.7,86.8,2.0,90.0,10.0
2025-04-27,9,13.9,68.5,2.0,180.0,10.0
2025-04-27,12,17.8,59.0,2.0,230.0,10.0
2025-04-27,15,18.7,61.7,2.0,270.0,10.0
2025-04-27,18,14.1,74.8,4.0,140.0,10.0
2025-04-27,21,12.7,82.5,0.0,0.0,10.0
2025-04-28,0,11.7,82.9,1.0,180.0,10.0
2025-04-28,3,10.1,88.0,0.0,0.0,10.0
2025-04-28,6,9.1,86.7,1.0,360.0,10.0
2025-04-28,9,12.9,63.7,5.0,320.0,10.0
2025-04-28,12,18.4,35.6,4.0,360.0,10.0
2025-04-28,15,17.3,33.5,4.0,360.0,10.0
2025-04-28,18,17.3,33.5,4.0,360.0,10.0
2025-04-28,21,11.5,47.0,3.0,270.0,10.0
2025-04-29,0,10.9,42.9,4.0,320.0,10.0
2025-04-29,3,6.9,59.2,2.0,360.0,10.0
2025-04-29,6,7.8,55.7,1.0,180.0,10.0
2025-04-29,9,11.7,61.3,2.0,230.0,10.0
2025-04-29,12,16.9,50.3,3.0,230.0,10.0
2025-04-29,15,18.4,44.5,7.0,230.0,10.0
2025-04-29,18,15.1,49.4,4.0,230.0,10.0
2025-04-29,21,11.9,56.8,2.0,90.0,10.0
2025-04-30,0,11.9,57.6,3.0,90.0,10.0
2025-04-30,3,11.4,59.9,4.0,140.0,10.0
2025-04-30,6,11.2,67.0,4.0,140.0,10.0
2025-04-30,9,13.9,59.7,3.0,140.0,10.0
2025-04-30,12,16.2,59.9,8.0,180.0,10.0
2025-04-30,15,17.1,58.1,8.0,180.0,10.0
2025-04-30,18,16.9,56.1,4.0,180.0,10.0
2025-04-30,21,15.1,56.4,3.0,140.0,10.0
2025-05-01,0,13.9,60.5,3.0,140.0,10.0
2025-05-01,3,13.5,66.5,3.0,140.0,10.0
2025-05-01,6,14.1,73.3,5.0,140.0,10.0
2025-05-01,9,12.2,89.9,5.0,230.0,4.5
2025-05-01,12,12.4,88.8,4.0,230.0,4.5
2025-05-01,15,14.1,90.1,2.0,360.0,10.0
2025-05-01,18,16.3,79.2,3.0,320.0,10.0
2025-05-01,21,12.3,70.5,3.0,360.0,10.0
2025-05-02,0,9.4,69.5,3.0,320.0,10.0
2025-05-02,3,8.1,78.5,5.0,270.0,10.0
2025-05-02,6,8.1,74.3,2.0,320.0,10.0
2025-05-02,9,12.0,71.4,2.0,320.0,10.0
2025-05-02,12,17.0,44.4,3.0,360.0,10.0
2025-05-02,15,18.8,43.4,5.0,320.0,10.0
2025-05-02,18,15.8,46.3,4.0,320.0,10.0
2025-05-02,21,12.9,58.6,2.0,360.0,4.5
2025-05-03,0,10.5,70.7,2.0,360.0,4.5
2025-05-03,3,8.9,86.7,3.0,320.0,4.5
2025-05-03,6,8.2,84.8,0.0,0.0,4.5
2025-05-03,9,8.8,92.8,2.0,270.0,4.5
2025-05-03,12,11.7,82.9,4.0,320.0,10.0
2025-05-03,15,14.5,65.0,5.0,320.0,10.0
2025-05-03,18,14.8,61.6,4.0,320.0,15.0
2025-05-03,21,12.1,61.8,3.0,360.0,15.0
2025-05-04,0,9.6,68.5,2.0,360.0,10.0
2025-05-04,3,10.1,62.2,4.0,360.0,10.0
2025-05-04,6,10.6,51.0,4.0,320.0,10.0
2025-05-04,9,14.1,51.6,2.0,320.0,15.0
2025-05-04,12,19.6,38.5,7.0,270.0,15.0
2025-05-04,15,19.0,42.0,6.0,320.0,15.0
2025-05-04,18,19.0,38.6,6.0,320.0,15.0
2025-05-04,21,14.5,56.2,0.0,0.0,15.0
2025-05-05,0,10.8,67.8,2.0,50.0,15.0
2025-05-05,3,9.7,60.8,2.0,90.0,15.0
2025-05-05,6,10.1,81.0,3.0,180.0,10.0
2025-05-05,9,11.9,72.4,4.0,140.0,10.0
2025-05-05,12,13.3,72.7,1.0,270.0,4.5
2025-05-05,15,11.4,74.3,5.0,90.0,10.0
2025-05-05,18,12.3,62.7,3.0,90.0,10.0
2025-05-05,21,12.3,66.3,2.0,90.0,10.0
2025-05-06,0,11.1,64.2,2.0,90.0,10.0
2025-05-06,3,8.7,75.4,1.0,360.0,10.0
2025-05-06,6,8.6,74.3,1.0,360.0,10.0
2025-05-06,9,12.4,63.2,2.0,270.0,10.0
2025-05-06,12,17.2,48.3,3.0,360.0,15.0
2025-05-06,15,18.4,44.5,3.0,360.0,15.0
2025-05-06,18,18.8,42.8,3.0,360.0,15.0
2025-05-06,21,13.1,53.2,2.0,360.0,10.0
2025-05-07,0,11.1,64.2,1.0,360.0,10.0
2025-05-07,3,9.4,69.5,1.0,360.0,10.0
2025-05-07,6,9.0,74.9,0.0,0.0,10.0
2025-05-07,9,15.5,53.8,1.0,320.0,10.0
2025-05-07,12,18.8,55.8,3.0,230.0,10.0
2025-05-07,15,18.7,60.9,5.0,270.0,10.0
2025-05-07,18,19.2,51.2,2.0,270.0,10.0
2025-05-07,21,13.7,67.5,2.0,270.0,10.0
2025-05-08,0,11.1,74.8,1.0,360.0,10.0
2025-05-08,3,8.9,82.6,1.0,360.0,10.0
2025-05-08,6,8.7,85.5,1.0,180.0,10.0
2025-05-08,9,10.9,83.4,3.0,180.0,4.5
2025-05-08,12,16.1,68.5,3.0,180.0,10.0
2025-05-08,15,19.0,45.0,3.0,230.0,10.0
2025-05-08,18,18.6,47.1,2.0,230.0,10.0
2025-05-08,21,16.1,57.4,1.0,90.0,10.0
2025-05-09,0,15.3,63.4,2.0,230.0,10.0
2025-05-09,3,15.1,58.4,1.0,320.0,10.0
2025-05-09,6,14.9,65.9,1.0,320.0,10.0
2025-05-09,9,13.7,75.2,3.0,50.0,4.5
2025-05-09,12,14.8,72.0,6.0,90.0,4.5
2025-05-09,15,14.2,83.2,8.0,90.0,4.5
2025-05-09,18,14.2,84.3,7.0,90.0,4.5
2025-05-09,21,14.1,86.6,6.0,50.0,4.5
2025-05-10,0,13.5,86.5,4.0,50.0,4.0
2025-05-10,3,12.7,95.5,1.0,360.0,4.0
2025-05-10,6,12.1,87.0,4.0,320.0,10.0
2025-05-10,9,12.3,89.4,3.0,320.0,4.5
2025-05-10,12,13.0,84.8,5.0,320.0,4.5
2025-05-10,15,16.2,76.2,7.0,320.0,10.0
2025-05-10,18,16.2,76.2,2.0,320.0,10.0
2025-05-10,21,14.1,80.0,1.0,320.0,10.0
2025-05-11,0,12.3,80.8,2.0,320.0,10.0
2025-05-11,3,11.9,81.8,2.0,320.0,10.0
2025-05-11,6,10.9,85.7,2.0,140.0,10.0
2025-05-11,9,11.8,88.7,2.0,90.0,0.7
2025-05-11,12,14.5,81.1,3.0,180.0,4.5
2025-05-11,15,17.9,73.5,2.0,180.0,10.0
2025-05-11,18,16.2,77.2,3.0,140.0,10.0
2025-05-11,21,13.3,80.4,2.0,140.0,10.0
2025-05-12,0,12.1,86.4,1.0,230.0,10.0
2025-05-12,3,10.8,88.6,2.0,140.0,10.0
2025-05-12,6,10.7,89.8,4.0,140.0,4.5
2025-05-12,9,13.5,87.1,4.0,140.0,4.5
2025-05-12,12,17.0,75.8,4.0,140.0,4.6
2025-05-12,15,17.0,73.8,4.0,140.0,10.0
2025-05-12,18,16.2,73.2,3.0,180.0,10.0
2025-05-12,21,15.1,80.1,3.0,180.0,10.0
2025-05-13,0,14.9,83.9,4.0,140.0,10.0
2025-05-13,3,14.3,83.8,4.0,140.0,10.0
2025-05-13,6,14.1,84.9,4.0,140.0,10.0
2025-05-13,9,16.0,72.2,3.0,140.0,10.0
2025-05-13,12,18.7,64.6,4.0,140.0,10.0
2025-05-13,15,17.4,63.9,4.0,180.0,10.0
2025-05-13,18,17.4,63.9,3.0,140.0,10.0
2025-05-13,21,15.5,74.5,3.0,140.0,10.0
2025-05-14,0,15.6,75.6,3.0,140.0,10.0
2025-05-14,3,14.9,83.9,4.0,140.0,10.0
2025-05-14,6,14.6,86.6,2.0,140.0,10.0
2025-05-14,9,17.6,68.3,4.0,180.0,10.0
2025-05-14,12,20.0,61.2,6.0,230.0,15.0
2025-05-14,15,21.2,59.1,6.0,230.0,10.0
2025-05-14,18,19.0,64.7,5.0,230.0,10.0
2025-05-14,21,18.4,71.2,2.0,270.0,10.0
2025-05-15,0,16.7,88.5,3.0,270.0,4.5
2025-05-15,3,15.3,93.1,2.0,230.0,4.5
2025-05-15,6,15.3,93.1,1.0,320.0,10.0
2025-05-15,9,17.9,88.6,0.0,0.0,10.0
2025-05-15,12,19.8,74.8,0.0,0.0,15.0
2025-05-15,15,20.0,76.8,4.0,180.0,15.0
2025-05-15,18,16.5,85.2,3.0,180.0,4.5
2025-05-15,21,14.9,91.9,3.0,180.0,1.5
2025-05-16,0,14.8,93.1,2.0,140.0,0.5
2025-05-16,3,14.7,93.1,3.0,90.0,4.0
2025-05-16,6,16.6,89.7,4.0,90.0,4.5
2025-05-16,9,18.6,87.0,3.0,140.0,4.5
2025-05-16,12,19.0,91.0,2.0,140.0,1.5
2025-05-16,15,18.8,91.0,1.0,320.0,10.0
2025-05-16,18,18.2,87.0,3.0,140.0,10.0
2025-05-16,21,17.3,85.8,4.0,140.0,10.0
2025-05-17,0,18.5,84.3,2.0,140.0,10.0
2025-05-17,3,16.7,91.4,1.0,360.0,10.0
2025-05-17,6,17.1,89.7,2.0,50.0,10.0
2025-05-17,9,19.8,82.8,1.0,320.0,10.0
2025-05-17,12,18.4,81.1,6.0,180.0,10.0
2025-05-17,15,15.5,90.2,5.0,270.0,4.5
2025-05-17,18,15.4,92.6,4.0,320.0,10.0
2025-05-17,21,14.4,84.9,4.0,320.0,10.0
2025-05-18,0,11.7,81.3,2.0,360.0,10.0
2025-05-18,3,11.3,85.2,4.0,360.0,10.0
2025-05-18,6,9.3,80.4,2.0,270.0,10.0
2025-05-18,9,12.5,71.0,0.0,0.0,15.0
2025-05-18,12,18.2,56.8,3.0,270.0,15.0
2025-05-18,15,20.1,48.5,4.0,270.0,15.0
2025-05-18,18,18.3,49.0,7.0,270.0,15.0
2025-05-18,21,14.1,62.7,2.0,360.0,10.0
2025-05-19,0,12.7,63.2,1.0,360.0,10.0
2025-05-19,3,12.5,64.1,2.0,90.0,10.0
2025-05-19,6,12.7,68.7,3.0,140.0,10.0
2025-05-19,9,14.5,59.4,4.0,140.0,10.0
2025-05-19,12,16.1,63.2,5.0,180.0,10.0
2025-05-19,15,15.9,79.2,3.0,180.0,10.0
2025-05-19,18,14.1,90.1,3.0,180.0,1.5
2025-05-19,21,14.4,91.9,3.0,140.0,1.5
2025-05-20,0,14.5,91.9,2.0,180.0,1.5
2025-05-20,3,14.7,94.3,3.0,140.0,1.0
2025-05-20,6,14.3,94.3,4.0,140.0,1.0
2025-05-20,9,15.0,93.1,3.0,140.0,1.0
2025-05-20,12,15.8,93.8,3.0,140.0,1.0
2025-05-20,15,15.9,93.8,4.0,180.0,1.0
2025-05-20,18,16.1,93.2,3.0,140.0,0.6
2025-05-20,21,17.6,95.1,2.0,90.0,1.5
2025-05-21,0,18.6,96.3,1.0,90.0,1.5
2025-05-21,3,18.4,96.9,2.0,180.0,1.5
2025-05-21,6,18.2,93.9,3.0,180.0,3.0
2025-05-21,9,18.4,92.1,3.0,140.0,1.5
2025-05-21,12,19.3,89.9,1.0,180.0,10.0
2025-05-21,15,22.0,92.3,1.0,230.0,10.0
2025-05-21,18,22.8,81.7,3.0,320.0,10.0
2025-05-21,21,21.3,84.6,4.0,360.0,10.0
2025-05-22,0,20.0,93.4,1.0,90.0,10.0
2025-05-22,3,19.6,91.1,1.0,180.0,10.0
2025-05-22,6,18.4,87.0,1.0,230.0,10.0
2025-05-22,9,21.2,71.3,2.0,180.0,10.0
2025-05-22,12,25.2,51.5,3.0,90.0,15.0
2025-05-22,15,26.3,54.1,3.0,50.0,10.0
2025-05-22,18,25.4,48.9,3.0,320.0,15.0
2025-05-22,21,22.2,44.1,5.0,50.0,10.0
2025-05-23,0,23.6,41.3,7.0,90.0,10.0
2025-05-23,3,21.2,57.2,4.0,140.0,10.0
2025-05-23,6,20.2,59.2,5.0,140.0,10.0
2025-05-23,9,19.7,56.1,5.0,90.0,15.0
2025-05-23,12,19.6,54.2,4.0,140.0,10.0
2025-05-23,15,18.6,60.4,2.0,50.0,4.5
2025-05-23,18,14.9,79.0,2.0,90.0,4.5
2025-05-23,21,14.3,82.2,6.0,90.0,4.5
2025-05-24,0,14.7,75.9,4.0,90.0,4.5
2025-05-24,3,14.1,76.3,6.0,140.0,10.0
2025-05-24,6,13.1,85.9,4.0,90.0,4.5
2025-05-24,9,12.9,88.2,5.0,90.0,4.5
2025-05-24,12,14.8,70.5,4.0,90.0,10.0
2025-05-24,15,16.5,66.7,4.0,90.0,10.0
2025-05-24,18,17.8,62.3,5.0,90.0,10.0
2025-05-24,21,15.4,72.6,1.0,90.0,10.0
2025-05-25,0,13.4,77.2,1.0,90.0,10.0
2025-05-25,3,12.3,84.7,2.0,50.0,10.0
2025-05-25,6,12.1,85.8,2.0,180.0,10.0
2025-05-25,9,16.7,65.9,2.0,320.0,10.0
2025-05-25,12,20.1,64.5,3.0,320.0,15.0
2025-05-25,15,22.5,54.6,5.0,230.0,15.0
2025-05-25,18,19.8,70.6,1.0,140.0,15.0
2025-05-25,21,16.7,83.5,2.0,140.0,10.0
2025-05-26,0,14.6,86.6,3.0,90.0,10.0
2025-05-26,3,13.7,88.9,2.0,140.0,10.0
2025-05-26,6,13.0,89.4,2.0,140.0,10.0
2025-05-26,9,15.1,80.1,3.0,140.0,4.5
2025-05-26,12,20.5,69.3,2.0,180.0,10.0
2025-05-26,15,22.0,63.3,3.0,180.0,10.0
2025-05-26,18,21.3,55.7,0.0,0.0,15.0
2025-05-26,21,17.3,70.5,2.0,90.0,10.0
2025-05-27,0,14.9,73.0,1.0,90.0,10.0
2025-05-27,3,13.5,82.6,1.0,140.0,10.0
2025-05-27,6,11.9,91.1,2.0,360.0,0.9
2025-05-27,9,17.1,76.8,3.0,180.0,4.5
2025-05-27,12,20.2,78.3,4.0,180.0,4.5
2025-05-27,15,22.0,66.6,4.0,180.0,4.5
2025-05-27,18,21.1,68.1,1.0,270.0,10.0
2025-05-27,21,19.0,73.2,1.0,360.0,10.0
2025-05-28,0,17.8,80.0,1.0,360.0,10.0
2025-05-28,3,15.7,80.7,1.0,140.0,10.0
2025-05-28,6,14.9,91.9,1.0,180.0,0.5
2025-05-28,9,17.0,82.5,2.0,180.0,0.5
2025-05-28,12,21.1,72.2,2.0,180.0,4.5
2025-05-28,15,21.0,70.8,2.0,180.0,10.0
2025-05-28,18,22.4,66.7,1.0,320.0,15.0
2025-05-28,21,19.4,73.8,2.0,320.0,10.0
2025-05-29,0,16.9,77.3,2.0,360.0,10.0
2025-05-29,3,16.1,86.2,5.0,360.0,10.0
2025-05-29,6,15.2,89.0,5.0,140.0,10.0
2025-05-29,9,20.3,73.4,1.0,180.0,10.0
2025-05-29,12,23.0,59.9,2.0,270.0,15.0
2025-05-29,15,26.3,44.0,2.0,270.0,15.0
2025-05-29,18,24.5,47.1,3.0,320.0,15.0
2025-05-29,21,20.4,40.4,4.0,360.0,10.0
2025-05-30,0,17.3,60.9,2.0,360.0,10.0
2025-05-30,3,16.1,68.5,1.0,360.0,10.0
2025-05-30,6,15.6,72.6,0.0,0.0,10.0
2025-05-30,9,19.2,61.0,1.0,230.0,10.0
2025-05-30,12,23.8,49.8,2.0,230.0,10.0
2025-05-30,15,25.0,53.8,3.0,140.0,10.0
2025-05-30,18,25.3,54.9,2.0,140.0,10.0
2025-05-30,21,21.6,56.5,2.0,360.0,10.0
2025-05-31,0,19.2,66.4,2.0,360.0,10.0
2025-05-31,3,17.8,71.6,1.0,270.0,10.0
2025-05-31,6,17.6,70.6,1.0,50.0,10.0
2025-05-31,9,20.6,54.1,1.0,140.0,15.0
2025-05-31,12,22.5,61.8,2.0,140.0,15.0
2025-05-31,15,21.8,65.3,2.0,180.0,10.0
2025-05-31,18,24.6,56.9,1.0,180.0,15.0
2025-05-31,21,20.8,72.6,2.0,140.0,10.0
2025-06-01,0,17.9,77.4,2.0,320.0,10.0
2025-06-01,3,17.6,67.4,1.0,320.0,10.0
2025-06-01,6,16.4,69.0,1.0,90.0,10.0
2025-06-01,9,20.5,61.7,0.0,0.0,15.0
2025-06-01,12,23.8,60.5,2.0,180.0,10.0
2025-06-01,15,26.4,56.6,3.0,230.0,10.0
2025-06-01,18,25.0,56.3,3.0,270.0,10.0
2025-06-01,21,21.0,62.2,1.0,270.0,10.0
2025-06-02,0,19.8,72.4,0.0,0.0,10.0
2025-06-02,3,19.0,73.7,1.0,90.0,10.0
2025-06-02,6,18.2,79.5,0.0,0.0,10.0
2025-06-02,9,19.8,64.4,2.0,320.0,10.0
2025-06-02,12,22.8,53.6,2.0,270.0,10.0
2025-06-02,15,24.6,50.7,3.0,320.0,10.0
2025-06-02,18,22.9,59.9,0.0,0.0,10.0
2025-06-02,21,20.4,73.0,3.0,270.0,10.0
2025-06-03,0,20.2,64.9,2.0,360.0,10.0
2025-06-03,3,18.0,65.3,1.0,140.0,10.0
2025-06-03,6,16.4,69.4,1.0,320.0,10.0
2025-06-03,9,20.2,56.9,1.0,180.0,10.0
2025-06-03,12,21.8,69.6,5.0,270.0,10.0
2025-06-03,15,25.0,42.3,7.0,320.0,10.0
2025-06-03,18,23.6,35.6,7.0,320.0,10.0
2025-06-03,21,18.9,56.6,3.0,320.0,10.0
2025-06-04,0,16.1,70.3,2.0,320.0,10.0
2025-06-04,3,16.3,74.2,3.0,320.0,10.0
2025-06-04,6,15.9,73.1,3.0,360.0,10.0
2025-06-04,9,19.6,65.2,4.0,320.0,10.0
2025-06-04,12,23.0,45.5,5.0,320.0,10.0
2025-06-04,15,23.7,41.6,6.0,320.0,10.0
2025-06-04,18,23.4,37.3,4.0,360.0,10.0
2025-06-04,21,19.4,62.7,2.0,320.0,10.0
2025-06-05,0,16.9,68.2,2.0,360.0,10.0
2025-06-05,3,15.3,72.5,2.0,320.0,10.0
2025-06-05,6,14.9,71.0,2.0,90.0,10.0
2025-06-05,9,20.4,57.4,2.0,140.0,10.0
2025-06-05,12,22.8,58.7,2.0,180.0,15.0
2025-06-05,15,24.2,50.2,4.0,230.0,15.0
2025-06-05,18,22.4,53.8,2.0,230.0,15.0
2025-06-05,21,19.4,64.8,2.0,180.0,10.0
2025-06-06,0,18.4,63.7,3.0,140.0,10.0
2025-06-06,3,18.5,63.3,4.0,140.0,10.0
2025-06-06,6,18.5,63.3,4.0,140.0,10.0
2025-06-06,9,20.9,66.4,4.0,140.0,15.0
2025-06-06,12,22.0,70.5,5.0,140.0,15.0
2025-06-06,15,21.6,70.0,4.0,180.0,10.0
2025-06-06,18,22.0,73.7,3.0,180.0,10.0
2025-06-06,21,19.4,82.8,2.0,180.0,10.0
2025-06-07,0,18.4,79.5,3.0,140.0,10.0
2025-06-07,3,17.8,83.7,4.0,140.0,10.0
2025-06-07,6,17.4,87.5,4.0,140.0,10.0
2025-06-07,9,18.0,89.8,5.0,140.0,4.0
2025-06-07,12,18.6,91.0,4.0,180.0,10.0
2025-06-07,15,18.7,91.6,2.0,180.0,10.0
2025-06-07,18,18.9,93.9,2.0,140.0,0.5
2025-06-07,21,18.8,93.9,2.0,140.0,0.5
2025-06-08,0,18.9,91.0,2.0,140.0,0.7
2025-06-08,3,19.1,93.3,1.0,90.0,0.7
2025-06-08,6,18.0,92.1,1.0,50.0,3.5
2025-06-08,9,21.4,78.5,0.0,0.0,4.5
2025-06-08,12,25.7,63.7,2.0,140.0,15.0
2025-06-08,15,26.3,62.2,3.0,270.0,15.0
2025-06-08,18,25.9,60.2,4.0,230.0,15.0
2025-06-08,21,22.8,73.4,1.0,230.0,10.0
2025-06-09,0,20.0,81.8,3.0,140.0,10.0
2025-06-09,3,18.5,94.5,2.0,140.0,4.5
2025-06-09,6,18.5,93.9,3.0,140.0,0.7
2025-06-09,9,18.0,93.9,2.0,180.0,4.5
2025-06-09,12,24.0,66.2,3.0,180.0,15.0
2025-06-09,15,23.8,66.5,3.0,180.0,15.0
2025-06-09,18,22.7,67.2,3.0,140.0,15.0
2025-06-09,21,20.6,77.3,1.0,180.0,10.0
2025-06-10,0,19.6,86.6,2.0,320.0,10.0
2025-06-10,3,19.8,83.9,3.0,320.0,10.0
2025-06-10,6,19.4,86.6,2.0,270.0,10.0
2025-06-10,9,19.6,87.7,3.0,320.0,4.5
2025-06-10,12,25.0,54.5,3.0,360.0,10.0
2025-06-10,15,26.3,43.2,4.0,270.0,10.0
2025-06-10,18,25.3,41.2,4.0,320.0,10.0
2025-06-10,21,19.6,65.2,3.0,320.0,10.0
2025-06-11,0,18.0,70.7,2.0,320.0,10.0
2025-06-11,3,15.5,75.5,2.0,360.0,10.0
2025-06-11,6,16.1,78.2,1.0,360.0,10.0
2025-06-11,9,21.7,65.3,1.0,270.0,15.0
2025-06-11,12,26.5,45.9,4.0,270.0,15.0
2025-06-11,15,28.5,41.1,4.0,320.0,15.0
2025-06-11,18,27.4,44.4,5.0,320.0,15.0
2025-06-11,21,23.2,62.7,2.0,320.0,10.0
2025-06-12,0,20.7,65.5,1.0,230.0,10.0
2025-06-12,3,19.4,64.8,1.0,90.0,10.0
2025-06-12,6,18.2,69.3,0.0,0.0,10.0
2025-06-12,9,23.1,56.9,2.0,180.0,10.0
2025-06-12,12,26.7,52.9,1.0,180.0,15.0
2025-06-12,15,28.9,49.3,3.0,230.0,15.0
2025-06-12,18,29.0,46.2,4.0,270.0,15.0
2025-06-12,21,25.0,46.3,1.0,360.0,10.0
2025-06-13,0,22.4,65.8,1.0,270.0,10.0
2025-06-13,3,20.0,69.7,1.0,90.0,10.0
2025-06-13,6,18.8,74.1,1.0,90.0,10.0
2025-06-13,9,21.2,75.0,3.0,140.0,10.0
2025-06-13,12,22.3,71.5,2.0,140.0,10.0
2025-06-13,15,21.8,69.6,3.0,140.0,10.0
2025-06-13,18,22.4,67.5,2.0,230.0,10.0
2025-06-13,21,21.6,73.7,3.0,140.0,10.0
2025-06-14,0,20.4,77.3,2.0,90.0,10.0
2025-06-14,3,20.0,79.3,0.0,0.0,10.0
2025-06-14,6,20.0,81.8,1.0,90.0,10.0
2025-06-14,9,23.2,69.9,2.0,320.0,10.0
2025-06-14,12,27.3,61.7,2.0,180.0,10.0
2025-06-14,15,30.8,53.6,2.0,180.0,10.0
2025-06-14,18,30.1,57.9,3.0,230.0,10.0
2025-06-14,21,25.3,71.6,5.0,320.0,10.0
2025-06-15,0,22.4,80.6,1.0,360.0,10.0
2025-06-15,3,21.0,83.0,2.0,90.0,10.0
2025-06-15,6,20.2,83.4,1.0,90.0,10.0
2025-06-15,9,19.5,86.6,3.0,90.0,10.0
2025-06-15,12,23.0,75.3,4.0,180.0,10.0
2025-06-15,15,22.4,78.1,3.0,180.0,10.0
2025-06-15,18,21.2,94.6,2.0,180.0,2.5
2025-06-15,21,21.0,92.3,3.0,230.0,2.5
2025-06-16,0,21.6,91.7,1.0,50.0,4.5
2025-06-16,3,21.6,93.5,2.0,320.0,4.5
2025-06-16,6,20.8,93.4,1.0,270.0,3.5
2025-06-16,9,21.1,93.4,3.0,140.0,0.6
2025-06-16,12,20.9,94.0,3.0,140.0,1.2
2025-06-16,15,21.8,93.5,3.0,140.0,0.6
2025-06-16,18,20.3,93.4,2.0,180.0,0.4
2025-06-16,21,20.4,95.2,3.0,270.0,4.5
2025-06-17,0,19.4,93.4,1.0,50.0,4.5
2025-06-17,3,18.0,90.9,2.0,90.0,4.5
2025-06-17,6,18.7,88.7,3.0,90.0,4.5
2025-06-17,9,21.3,75.0,2.0,90.0,4.5
2025-06-17,12,22.8,76.7,3.0,180.0,10.0
2025-06-17,15,24.0,73.6,3.0,180.0,10.0
2025-06-17,18,23.9,79.8,2.0,140.0,10.0
2025-06-17,21,22.2,80.6,0.0,0.0,10.0
2025-06-18,0,19.5,81.8,2.0,90.0,10.0
2025-06-18,3,18.7,85.4,0.0,0.0,0.5
2025-06-18,6,18.5,81.6,3.0,140.0,0.5
2025-06-18,9,19.7,87.7,3.0,140.0,0.7
2025-06-18,12,22.4,74.7,3.0,180.0,10.0
2025-06-18,15,21.8,77.0,3.0,180.0,10.0
2025-06-18,18,24.0,57.9,2.0,140.0,10.0
2025-06-18,21,22.8,70.2,2.0,140.0,10.0
2025-06-19,0,21.0,67.2,2.0,140.0,10.0
2025-06-19,3,20.4,70.7,2.0,140.0,10.0
2025-06-19,6,20.1,79.3,3.0,140.0,10.0
2025-06-19,9,20.6,86.1,3.0,90.0,4.5
2025-06-19,12,23.6,78.8,3.0,140.0,15.0
2025-06-19,15,26.2,69.6,4.0,140.0,15.0
2025-06-19,18,26.3,78.2,3.0,180.0,15.0
2025-06-19,21,24.4,84.9,3.0,180.0,4.5
2025-06-20,0,23.0,91.3,4.0,180.0,4.5
2025-06-20,3,22.1,94.6,3.0,230.0,3.0
2025-06-20,6,21.6,91.7,3.0,230.0,4.5
2025-06-20,9,22.0,94.6,6.0,230.0,2.0
2025-06-20,12,22.4,98.2,8.0,230.0,1.5
2025-06-20,15,21.4,94.6,7.0,230.0,3.5
2025-06-20,18,21.1,94.0,2.0,230.0,4.5
2025-06-20,21,21.5,93.5,2.0,270.0,1.5
2025-06-21,0,21.6,93.5,1.0,180.0,10.0
2025-06-21,3,20.5,96.4,1.0,50.0,10.0
2025-06-21,6,20.3,95.2,0.0,0.0,0.3
2025-06-21,9,20.2,90.5,2.0,320.0,10.0
2025-06-21,12,21.0,79.9,1.0,180.0,10.0
2025-06-21,15,25.6,64.5,2.0,230.0,10.0
2025-06-21,18,25.0,72.0,3.0,180.0,10.0
2025-06-21,21,21.4,75.1,1.0,90.0,10.0
2025-06-22,0,20.2,65.8,2.0,320.0,10.0
2025-06-22,3,20.3,56.2,3.0,320.0,10.0
2025-06-22,6,18.2,72.6,1.0,50.0,10.0
2025-06-22,9,22.8,72.0,1.0,180.0,15.0
2025-06-22,12,26.2,68.3,1.0,230.0,15.0
2025-06-22,15,24.9,73.3,3.0,180.0,15.0
2025-06-22,18,26.6,72.3,2.0,140.0,15.0
2025-06-22,21,23.0,66.4,3.0,320.0,10.0
2025-06-23,0,22.2,65.4,3.0,360.0,10.0
2025-06-23,3,20.0,76.8,1.0,140.0,10.0
2025-06-23,6,18.4,89.3,1.0,180.0,3.5
2025-06-23,9,20.0,86.1,1.0,180.0,3.5
2025-06-23,12,24.8,74.7,2.0,230.0,10.0
2025-06-23,15,28.9,60.5,3.0,230.0,10.0
2025-06-23,18,28.9,57.3,1.0,180.0,10.0
2025-06-23,21,25.7,71.7,2.0,360.0,10.0
2025-06-24,0,24.0,71.8,1.0,180.0,10.0
2025-06-24,3,23.0,81.2,1.0,270.0,10.0
2025-06-24,6,22.6,80.1,2.0,230.0,10.0
2025-06-24,9,24.9,76.6,1.0,180.0,10.0
2025-06-24,12,26.9,58.6,2.0,90.0,10.0
2025-06-24,15,25.8,65.3,3.0,90.0,10.0
2025-06-24,18,27.4,48.2,3.0,90.0,10.0
2025-06-24,21,25.0,54.5,3.0,140.0,15.0
2025-06-25,0,24.2,60.2,4.0,90.0,10.0
2025-06-25,3,20.0,85.0,3.0,90.0,4.5
2025-06-25,6,19.1,86.5,5.0,90.0,4.5
2025-06-25,9,20.6,80.9,4.0,90.0,10.0
2025-06-25,12,21.2,79.9,3.0,90.0,4.5
2025-06-25,15,21.5,78.5,2.0,90.0,10.0
2025-06-25,18,21.3,87.3,1.0,320.0,10.0
2025-06-25,21,21.0,86.2,2.0,360.0,10.0
2025-06-26,0,20.5,88.9,1.0,230.0,10.0
2025-06-26,3,20.0,89.4,1.0,270.0,10.0
2025-06-26,6,19.8,91.1,1.0,360.0,10.0
2025-06-26,9,23.4,74.0,2.0,230.0,10.0
2025-06-26,12,24.3,76.0,2.0,180.0,10.0
2025-06-26,15,23.6,81.3,2.0,180.0,10.0
2025-06-26,18,25.0,75.6,1.0,270.0,10.0
2025-06-26,21,22.4,84.2,2.0,140.0,10.0
2025-06-27,0,21.0,87.3,2.0,180.0,10.0
2025-06-27,3,21.0,89.5,1.0,90.0,10.0
2025-06-27,6,21.0,90.6,1.0,180.0,10.0
2025-06-27,9,21.3,91.7,2.0,140.0,4.5
2025-06-27,12,22.2,84.2,5.0,140.0,4.5
2025-06-27,15,24.0,77.4,3.0,140.0,10.0
2025-06-27,18,24.6,79.9,2.0,140.0,10.0
2025-06-27,21,23.9,83.8,2.0,140.0,10.0
2025-06-28,0,23.5,82.3,2.0,140.0,10.0
2025-06-28,3,22.0,91.2,2.0,180.0,4.5
2025-06-28,6,21.8,92.3,3.0,140.0,4.5
2025-06-28,9,22.0,96.4,2.0,180.0,1.5
2025-06-28,12,23.1,93.0,2.0,140.0,0.8
2025-06-28,15,26.9,73.2,2.0,180.0,10.0
2025-06-28,18,26.2,72.7,3.0,230.0,10.0
2025-06-28,21,23.8,90.8,3.0,180.0,4.5
2025-06-29,0,23.0,93.0,3.0,180.0,3.5
2025-06-29,3,22.4,96.4,1.0,180.0,0.4
2025-06-29,6,22.4,93.5,1.0,140.0,0.4
2025-06-29,9,22.4,95.8,3.0,140.0,1.0
2025-06-29,12,22.3,93.5,2.0,140.0,0.4
2025-06-29,15,23.0,94.7,3.0,180.0,0.8
2025-06-29,18,23.2,93.0,3.0,180.0,4.5
2025-06-29,21,22.8,93.5,3.0,140.0,10.0
2025-06-30,0,22.8,93.5,2.0,140.0,0.6
2025-06-30,3,22.6,95.2,2.0,140.0,0.7
2025-06-30,6,22.6,95.2,4.0,140.0,1.2
2025-06-30,9,23.0,94.1,3.0,180.0,0.5
2025-06-30,12,23.1,95.3,3.0,230.0,0.5
2025-06-30,15,23.1,94.7,3.0,230.0,1.5
2025-06-30,18,23.1,95.3,2.0,180.0,1.5
2025-06-30,21,23.2,95.8,2.0,180.0,1.0
2025-07-01,0,23.2,94.7,2.0,180.0,1.0
2025-07-01,3,23.0,94.7,2.0,180.0,1.0
2025-07-01,6,23.2,95.8,2.0,90.0,1.0
2025-07-01,9,23.3,95.9,1.0,140.0,0.7
2025-07-01,12,23.6,94.7,1.0,180.0,0.6
2025-07-01,15,23.7,94.7,2.0,140.0,0.4
2025-07-01,18,23.9,94.7,2.0,140.0,0.7
2025-07-01,21,23.3,95.9,1.0,140.0,0.6
2025-07-02,0,23.4,95.3,1.0,360.0,0.2
2025-07-02,3,23.0,94.7,2.0,140.0,0.5
2025-07-02,6,22.6,98.2,2.0,180.0,0.3
2025-07-02,9,22.6,95.2,2.0,140.0,0.5
2025-07-02,12,22.8,95.3,0.0,0.0,2.5
2025-07-02,15,23.0,94.7,2.0,180.0,4.5
2025-07-02,18,23.5,90.2,5.0,140.0,4.5
2025-07-02,21,23.4,94.7,3.0,140.0,1.0
2025-07-03,0,23.2,95.8,2.0,140.0,0.7
2025-07-03,3,23.2,94.7,1.0,140.0,0.5
2025-07-03,6,22.9,99.4,2.0,180.0,0.4
2025-07-03,9,22.8,96.4,2.0,140.0,0.3
2025-07-03,12,22.9,97.6,2.0,180.0,0.3
2025-07-03,15,23.8,95.9,3.0,140.0,0.7
2025-07-03,18,23.6,95.9,2.0,180.0,0.4
2025-07-03,21,23.6,95.9,2.0,140.0,0.7
2025-07-04,0,23.2,95.8,2.0,180.0,0.9
2025-07-04,3,23.2,95.8,2.0,180.0,4.5
2025-07-04,6,23.2,94.7,3.0,180.0,4.5
2025-07-04,9,23.0,96.4,2.0,140.0,4.5
2025-07-04,12,22.9,96.4,3.0,140.0,3.0
2025-07-04,15,23.0,95.8,3.0,140.0,4.0
2025-07-04,18,23.4,95.3,2.0,90.0,4.0
2025-07-04,21,23.4,95.3,2.0,140.0,1.5
2025-07-05,0,23.2,95.8,2.0,140.0,0.6
2025-07-05,3,23.0,96.4,2.0,140.0,0.7
2025-07-05,6,22.5,96.4,3.0,180.0,0.7
2025-07-05,9,23.0,95.8,1.0,140.0,0.6
2025-07-05,12,23.9,95.9,2.0,140.0,0.7
2025-07-05,15,24.6,94.7,3.0,180.0,4.5
2025-07-05,18,24.4,93.6,4.0,180.0,1.0
2025-07-05,21,24.2,94.7,2.0,180.0,0.6
2025-07-06,0,23.8,94.7,2.0,140.0,0.5
2025-07-06,3,23.5,94.7,2.0,140.0,0.7
2025-07-06,6,23.0,96.4,2.0,180.0,0.7
2025-07-06,9,23.2,95.8,1.0,180.0,0.7
2025-07-06,12,24.5,94.7,1.0,180.0,2.5
2025-07-06,15,24.4,97.6,2.0,180.0,2.5
2025-07-06,18,24.6,94.2,2.0,140.0,0.5
2025-07-06,21,24.4,95.9,3.0,90.0,0.5
2025-07-07,0,24.2,97.0,2.0,140.0,0.5
2025-07-07,3,23.6,95.9,2.0,140.0,0.5
2025-07-07,6,23.6,95.9,2.0,140.0,0.7
2025-07-07,9,24.1,94.2,4.0,140.0,0.7
2025-07-07,12,24.9,94.8,1.0,140.0,0.8
2025-07-07,15,24.8,95.9,2.0,140.0,0.7
2025-07-07,18,24.8,94.8,2.0,140.0,3.5
2025-07-07,21,25.3,94.2,1.0,180.0,3.5
2025-07-08,0,25.0,94.2,1.0,360.0,0.8
2025-07-08,3,24.2,94.7,0.0,0.0,0.8
2025-07-08,6,23.9,94.1,1.0,90.0,3.5
2025-07-08,9,26.1,74.9,1.0,270.0,4.5
2025-07-08,12,31.7,74.9,4.0,140.0,10.0
2025-07-08,15,34.1,66.6,3.0,230.0,10.0
2025-07-08,18,34.4,58.9,2.0,270.0,10.0
2025-07-08,21,30.7,75.6,2.0,50.0,10.0
2025-07-09,0,30.1,75.6,3.0,90.0,10.0
2025-07-09,3,28.6,86.4,2.0,230.0,10.0
2025-07-09,6,26.8,92.1,0.0,0.0,10.0
2025-07-09,9,29.9,69.4,3.0,140.0,10.0
2025-07-09,12,31.7,65.8,4.0,180.0,10.0
2025-07-09,15,33.4,59.7,3.0,180.0,10.0
2025-07-09,18,33.9,58.5,2.0,320.0,10.0
2025-07-09,21,30.5,79.7,2.0,360.0,10.0
2025-07-10,0,28.3,85.3,2.0,230.0,10.0
2025-07-10,3,29.5,73.2,3.0,90.0,10.0
2025-07-10,6,27.9,66.6,3.0,90.0,10.0
2025-07-10,9,30.1,61.9,3.0,140.0,10.0
2025-07-10,12,32.1,56.3,4.0,140.0,10.0
2025-07-10,15,33.1,52.9,3.0,140.0,10.0
2025-07-10,18,32.9,51.6,4.0,90.0,10.0
2025-07-10,21,30.3,57.9,4.0,90.0,10.0
2025-07-11,0,28.7,51.1,4.0,90.0,10.0
2025-07-11,3,27.3,48.8,4.0,90.0,10.0
2025-07-11,6,25.7,55.4,4.0,90.0,15.0
2025-07-11,9,27.9,51.9,4.0,90.0,15.0
2025-07-11,12,31.0,53.0,3.0,50.0,15.0
2025-07-11,15,32.8,50.9,2.0,90.0,15.0
2025-07-11,18,33.0,49.7,2.0,90.0,15.0
2025-07-11,21,29.8,63.0,2.0,50.0,15.0
2025-07-12,0,29.3,61.4,4.0,90.0,10.0
2025-07-12,3,27.6,63.7,5.0,90.0,10.0
2025-07-12,6,25.9,66.2,2.0,140.0,15.0
2025-07-12,9,28.9,52.8,2.0,90.0,15.0
2025-07-12,12,31.2,55.7,3.0,180.0,15.0
2025-07-12,15,32.2,53.6,2.0,250.0,15.0
2025-07-12,18,30.7,58.8,4.0,270.0,15.0
2025-07-12,21,29.0,66.8,2.0,320.0,10.0
2025-07-13,0,26.1,80.1,0.0,0.0,10.0
2025-07-13,3,25.0,81.9,0.0,0.0,10.0
2025-07-13,6,24.2,78.9,0.0,0.0,10.0
2025-07-13,9,27.9,64.2,1.0,320.0,10.0
2025-07-13,12,29.0,64.8,3.0,230.0,15.0
2025-07-13,15,30.4,68.7,2.0,270.0,15.0
2025-07-13,18,27.7,80.3,2.0,180.0,15.0
2025-07-13,21,27.1,79.8,2.0,140.0,10.0
2025-07-14,0,25.1,86.0,1.0,360.0,10.0
2025-07-14,3,23.8,82.8,3.0,50.0,10.0
2025-07-14,6,22.7,77.7,1.0,50.0,10.0
2025-07-14,9,26.9,65.5,2.0,180.0,15.0
2025-07-14,12,28.1,63.0,3.0,50.0,15.0
2025-07-14,15,27.1,66.4,3.0,50.0,15.0
2025-07-14,18,25.0,75.2,3.0,320.0,15.0
2025-07-14,21,23.3,89.6,1.0,180.0,15.0
2025-07-15,0,21.3,91.7,3.0,180.0,4.5
2025-07-15,3,20.9,88.9,1.0,360.0,10.0
2025-07-15,6,21.0,90.0,2.0,360.0,4.5
2025-07-15,9,23.4,84.8,2.0,360.0,10.0
2025-07-15,12,25.1,72.9,0.0,0.0,15.0
2025-07-15,15,24.8,78.0,2.0,140.0,15.0
2025-07-15,18,23.6,82.3,2.0,180.0,15.0
2025-07-15,21,23.3,82.7,2.0,180.0,15.0
2025-07-16,0,23.4,88.0,3.0,140.0,10.0
2025-07-16,3,23.0,89.6,1.0,140.0,10.0
2025-07-16,6,22.7,85.8,1.0,270.0,10.0
2025-07-16,9,23.5,82.3,1.0,140.0,10.0
2025-07-16,12,22.9,85.3,4.0,140.0,4.5
2025-07-16,15,21.2,91.7,4.0,140.0,3.5
2025-07-16,18,21.8,89.0,4.0,140.0,3.5
2025-07-16,21,22.4,90.1,5.0,140.0,4.5
2025-07-17,0,22.8,90.1,6.0,140.0,4.5
2025-07-17,3,22.6,91.8,4.0,140.0,4.5
2025-07-17,6,23.2,93.0,4.0,140.0,4.5
2025-07-17,9,23.2,91.3,2.0,140.0,4.5
2025-07-17,12,22.7,94.1,3.0,140.0,4.2
2025-07-17,15,23.4,93.0,6.0,180.0,4.5
2025-07-17,18,23.8,93.0,3.0,180.0,4.5
2025-07-17,21,23.8,92.4,2.0,180.0,10.0
2025-07-18,0,23.6,93.0,3.0,140.0,10.0
2025-07-18,3,22.8,94.7,2.0,360.0,0.7
2025-07-18,6,22.6,93.5,2.0,360.0,3.5
2025-07-18,9,24.4,88.1,3.0,180.0,10.0
2025-07-18,12,23.0,92.4,4.0,180.0,10.0
2025-07-18,15,23.0,92.4,3.0,140.0,4.5
2025-07-18,18,23.7,88.6,3.0,180.0,4.5
2025-07-18,21,23.4,89.6,3.0,140.0,4.0
2025-07-19,0,23.0,88.5,4.0,140.0,4.5
2025-07-19,3,23.2,86.9,4.0,140.0,10.0
2025-07-19,6,22.8,92.4,4.0,140.0,4.5
2025-07-19,9,22.8,92.4,5.0,140.0,4.5
2025-07-19,12,23.4,93.6,4.0,140.0,4.0
2025-07-19,15,23.8,90.8,4.0,180.0,4.5
2025-07-19,18,25.0,91.4,2.0,230.0,10.0
2025-07-19,21,24.4,93.0,4.0,230.0,4.5
2025-07-20,0,24.0,91.3,2.0,140.0,4.5
2025-07-20,3,24.0,93.6,2.0,180.0,3.5
2025-07-20,6,24.0,91.9,1.0,90.0,4.5
2025-07-20,9,25.0,93.6,3.0,230.0,4.5
2025-07-20,12,26.1,92.6,4.0,230.0,10.0
2025-07-20,15,26.0,90.9,5.0,230.0,10.0
2025-07-20,18,26.9,91.0,2.0,230.0,10.0
2025-07-20,21,26.3,90.4,2.0,230.0,10.0
2025-07-21,0,25.7,83.0,1.0,50.0,10.0
2025-07-21,3,25.1,83.5,2.0,140.0,10.0
2025-07-21,6,24.8,88.1,3.0,180.0,10.0
2025-07-21,9,25.2,89.2,1.0,180.0,10.0
2025-07-21,12,27.3,87.3,3.0,230.0,10.0
2025-07-21,15,27.6,86.8,4.0,230.0,15.0
2025-07-21,18,27.9,85.8,4.0,230.0,15.0
2025-07-21,21,26.5,88.3,3.0,230.0,10.0
2025-07-22,0,26.3,87.7,2.0,270.0,10.0
2025-07-22,3,26.1,90.4,3.0,270.0,4.5
2025-07-22,6,25.9,94.2,1.0,270.0,4.5
2025-07-22,9,27.4,85.8,2.0,230.0,15.0
2025-07-22,12,28.9,79.1,4.0,230.0,15.0
2025-07-22,15,31.1,68.8,6.0,230.0,15.0
2025-07-22,18,27.5,81.3,3.0,50.0,4.5
2025-07-22,21,25.7,83.0,1.0,320.0,10.0
2025-07-23,0,24.6,87.0,1.0,90.0,10.0
2025-07-23,3,24.8,86.5,1.0,90.0,10.0
2025-07-23,6,24.9,89.2,1.0,90.0,10.0
2025-07-23,9,26.3,83.6,3.0,180.0,10.0
2025-07-23,12,29.1,77.7,1.0,230.0,15.0
2025-07-23,15,30.4,69.5,4.0,230.0,15.0
2025-07-23,18,29.6,69.0,3.0,230.0,15.0
2025-07-23,21,26.9,81.2,0.0,0.0,10.0
2025-07-24,0,26.3,83.6,0.0,0.0,10.0
2025-07-24,3,25.6,84.5,0.0,0.0,10.0
2025-07-24,6,24.9,88.1,1.0,360.0,10.0
2025-07-24,9,26.5,81.6,1.0,230.0,10.0
2025-07-24,12,30.4,74.3,0.0,0.0,15.0
2025-07-24,15,32.0,67.4,3.0,180.0,15.0
2025-07-24,18,31.1,70.9,2.0,230.0,15.0
2025-07-24,21,28.5,73.5,1.0,140.0,10.0
2025-07-25,0,26.5,80.2,1.0,50.0,10.0
2025-07-25,3,25.0,82.4,2.0,90.0,10.0
2025-07-25,6,24.8,79.4,2.0,230.0,15.0
2025-07-25,9,27.7,81.3,1.0,230.0,10.0
2025-07-25,12,31.6,67.7,1.0,180.0,15.0
2025-07-25,15,32.9,61.1,2.0,270.0,15.0
2025-07-25,18,32.5,64.4,3.0,230.0,10.0
2025-07-25,21,29.7,75.9,1.0,360.0,10.0
2025-07-26,0,27.9,82.3,0.0,0.0,10.0
2025-07-26,3,26.7,85.7,0.0,0.0,10.0
2025-07-26,6,25.9,86.1,0.0,0.0,15.0
2025-07-26,9,28.9,71.0,1.0,230.0,4.5
2025-07-26,12,32.7,67.5,0.0,0.0,15.0
2025-07-26,15,33.4,62.7,3.0,270.0,15.0
2025-07-26,18,33.6,62.0,2.0,230.0,15.0
2025-07-26,21,29.7,63.4,2.0,360.0,10.0
2025-07-27,0,27.5,67.3,0.0,0.0,10.0
2025-07-27,3,27.3,68.9,0.0,0.0,10.0
2025-07-27,6,25.1,72.9,0.0,0.0,10.0
2025-07-27,9,30.2,75.6,0.0,0.0,15.0
2025-07-27,12,32.3,65.9,2.0,230.0,15.0
2025-07-27,15,34.4,59.3,3.0,230.0,15.0
2025-07-27,18,33.8,55.7,3.0,230.0,15.0
2025-07-27,21,30.5,56.6,2.0,320.0,10.0
2025-07-28,0,28.6,58.6,0.0,0.0,10.0
2025-07-28,3,27.7,59.5,1.0,230.0,10.0
2025-07-28,6,25.9,64.1,0.0,0.0,10.0
2025-07-28,9,29.1,58.4,1.0,270.0,10.0
2025-07-28,12,32.8,62.5,0.0,0.0,15.0
2025-07-28,15,34.3,59.2,3.0,230.0,15.0
2025-07-28,18,33.3,56.2,4.0,230.0,15.0
2025-07-28,21,29.9,63.0,1.0,360.0,10.0
2025-07-29,0,27.5,64.5,1.0,360.0,10.0
2025-07-29,3,26.3,67.1,0.0,0.0,10.0
2025-07-29,6,25.5,68.2,1.0,50.0,10.0
2025-07-29,9,30.3,68.7,1.0,230.0,15.0
2025-07-29,12,33.1,61.9,2.0,180.0,15.0
2025-07-29,15,34.2,59.9,3.0,270.0,10.0
2025-07-29,18,33.2,59.0,3.0,230.0,10.0
2025-07-29,21,30.3,60.9,1.0,360.0,10.0
2025-07-30,0,28.3,64.2,0.0,0.0,10.0
2025-07-30,3,27.1,67.6,2.0,90.0,10.0
2025-07-30,6,26.7,68.8,0.0,0.0,10.0
2025-07-30,9,28.5,64.7,0.0,0.0,10.0
2025-07-30,12,30.9,61.0,0.0,0.0,10.0
2025-07-30,15,32.2,60.2,1.0,320.0,10.0
2025-07-30,18,30.9,61.0,2.0,360.0,10.0
2025-07-30,21,29.0,63.6,1.0,360.0,10.0
2025-07-31,0,28.5,67.1,1.0,320.0,10.0
2025-07-31,3,28.1,68.3,2.0,50.0,10.0
2025-07-31,6,27.5,67.3,0.0,0.0,10.0
2025-07-31,9,28.7,66.7,4.0,50.0,10.0
2025-07-31,12,28.1,78.0,2.0,140.0,10.0
2025-07-31,15,29.3,80.5,3.0,180.0,15.0
2025-07-31,18,29.2,80.0,1.0,230.0,15.0
2025-07-31,21,27.8,72.1,2.0,90.0,10.0
