day,h,t,rh,ws,wd,vis
2021-03-01,0,5.9,68.2,0.0,0.0,20.0
2021-03-01,3,5.1,80.9,0.0,0.0,20.0
2021-03-01,6,4.6,93.2,0.0,0.0,20.0
2021-03-01,9,5.5,96.6,5.0,50.0,20.0
2021-03-01,12,4.9,98.6,4.0,50.0,20.0
2021-03-01,15,3.6,93.2,7.0,50.0,20.0
2021-03-01,18,0.2,92.3,9.0,50.0,3.0
2021-03-01,21,-0.5,93.6,5.0,50.0,3.5
2021-03-02,0,-0.5,85.7,5.0,50.0,20.0
2021-03-02,3,-0.2,79.6,0.0,0.0,20.0
2021-03-02,6,-0.3,75.5,0.0,0.0,25.0
2021-03-02,9,1.2,81.0,0.0,0.0,25.0
2021-03-02,12,2.7,73.8,0.0,0.0,25.0
2021-03-02,15,3.8,71.9,3.0,50.0,30.0
2021-03-02,18,4.6,57.3,0.0,0.0,30.0
2021-03-02,21,2.1,76.5,0.0,0.0,30.0
2021-03-03,0,-0.6,81.3,0.0,0.0,30.0
2021-03-03,3,-1.8,83.6,0.0,0.0,30.0
2021-03-03,6,-2.8,89.4,0.0,0.0,30.0
2021-03-03,9,-1.0,90.9,0.0,0.0,30.0
2021-03-03,12,5.4,79.8,0.0,0.0,20.0
2021-03-03,15,8.0,54.1,2.0,230.0,20.0
2021-03-03,18,6.7,51.1,2.0,270.0,20.0
2021-03-03,21,2.8,65.6,0.0,0.0,20.0
2021-03-04,0,-0.1,79.6,0.0,0.0,20.0
2021-03-04,3,-0.8,83.1,0.0,0.0,20.0
2021-03-04,6,0.4,82.1,0.0,0.0,20.0
2021-03-04,9,1.8,79.9,0.0,0.0,20.0
2021-03-04,12,7.8,69.1,0.0,0.0,20.0
2021-03-04,15,10.8,59.4,1.0,140.0,20.0
2021-03-04,18,11.4,61.6,1.0,270.0,20.0
2021-03-04,21,7.4,72.1,0.0,0.0,20.0
2021-03-05,0,4.2,85.0,0.0,0.0,20.0
2021-03-05,3,2.3,76.5,0.0,0.0,20.0
2021-03-05,6,0.6,90.3,0.0,0.0,20.0
2021-03-05,9,4.0,89.9,0.0,0.0,20.0
2021-03-05,12,11.8,73.9,0.0,0.0,20.0
2021-03-05,15,14.4,53.2,5.0,270.0,25.0
2021-03-05,18,11.5,60.4,0.0,0.0,30.0
2021-03-05,21,7.8,81.3,1.0,270.0,30.0
2021-03-06,0,7.2,80.1,2.0,360.0,30.0
2021-03-06,3,4.4,83.8,0.0,0.0,20.0
2021-03-06,6,3.9,84.9,0.0,0.0,20.0
2021-03-06,9,5.4,81.5,5.0,50.0,20.0
2021-03-06,12,6.4,71.9,6.0,50.0,25.0
2021-03-06,15,6.6,62.2,6.0,50.0,30.0
2021-03-06,18,4.4,63.1,0.0,0.0,30.0
2021-03-06,21,1.9,66.4,4.0,50.0,30.0
2021-03-07,0,1.2,68.2,3.0,50.0,30.0
2021-03-07,3,0.5,68.6,2.0,90.0,30.0
2021-03-07,6,0.5,70.2,1.0,90.0,30.0
2021-03-07,9,1.8,76.4,2.0,90.0,30.0
2021-03-07,12,7.5,61.6,1.0,270.0,30.0
2021-03-07,15,10.9,46.2,2.0,320.0,30.0
2021-03-07,18,8.8,53.2,3.0,320.0,30.0
2021-03-07,21,4.1,76.8,1.0,180.0,30.0
2021-03-08,0,2.1,85.3,1.0,140.0,30.0
2021-03-08,3,0.1,89.6,0.0,0.0,30.0
2021-03-08,6,-1.2,91.5,0.0,0.0,30.0
2021-03-08,9,2.8,89.2,0.0,0.0,30.0
2021-03-08,12,8.8,60.1,0.0,0.0,30.0
2021-03-08,15,10.6,34.5,4.0,320.0,30.0
2021-03-08,18,9.2,49.9,3.0,270.0,30.0
2021-03-08,21,4.6,63.1,2.0,270.0,20.0
2021-03-09,0,1.7,79.9,0.0,0.0,20.0
2021-03-09,3,-0.1,85.7,0.0,0.0,20.0
2021-03-09,6,-1.5,89.5,0.0,0.0,20.0
2021-03-09,9,0.8,90.3,1.0,140.0,20.0
2021-03-09,12,9.6,57.0,0.0,0.0,20.0
2021-03-09,15,11.9,43.9,5.0,230.0,20.0
2021-03-09,18,7.6,54.8,6.0,230.0,20.0
2021-03-09,21,4.4,81.4,0.0,0.0,20.0
2021-03-10,0,2.4,89.2,0.0,0.0,10.0
2021-03-10,3,0.9,92.3,0.0,0.0,10.0
2021-03-10,6,-0.8,93.6,0.0,0.0,10.0
2021-03-10,9,2.2,94.4,0.0,0.0,10.0
2021-03-10,12,9.9,75.6,0.0,0.0,20.0
2021-03-10,15,14.3,39.2,0.0,0.0,20.0
2021-03-10,18,12.7,45.1,0.0,0.0,20.0
2021-03-10,21,6.9,64.1,0.0,0.0,20.0
2021-03-11,0,3.6,83.1,0.0,0.0,20.0
2021-03-11,3,2.5,84.2,0.0,0.0,10.0
2021-03-11,6,0.3,83.9,0.0,0.0,5.0
2021-03-11,9,3.5,93.2,0.0,0.0,3.7
2021-03-11,12,11.3,58.2,0.0,0.0,3.7
2021-03-11,15,16.0,42.9,3.0,270.0,10.0
2021-03-11,18,11.3,47.0,4.0,230.0,10.0
2021-03-11,21,7.7,66.7,1.0,230.0,10.0
2021-03-12,0,7.3,75.2,1.0,50.0,10.0
2021-03-12,3,6.9,79.5,0.0,0.0,10.0
2021-03-12,6,6.6,80.6,1.0,90.0,10.0
2021-03-12,9,7.5,84.1,0.0,0.0,10.0
2021-03-12,12,13.8,54.5,3.0,50.0,10.0
2021-03-12,15,12.6,63.2,7.0,50.0,10.0
2021-03-12,18,11.8,57.9,8.0,50.0,20.0
2021-03-12,21,8.7,60.5,5.0,50.0,20.0
2021-03-13,0,7.3,65.6,1.0,50.0,20.0
2021-03-13,3,5.5,75.4,2.0,50.0,20.0
2021-03-13,6,4.5,79.1,1.0,180.0,20.0
2021-03-13,9,5.6,78.7,2.0,120.0,10.0
2021-03-13,12,10.3,61.4,0.0,0.0,20.0
2021-03-13,15,13.1,54.3,5.0,230.0,20.0
2021-03-13,18,10.2,60.9,5.0,230.0,20.0
2021-03-13,21,8.1,80.8,1.0,270.0,20.0
2021-03-14,0,5.9,86.4,2.0,270.0,5.0
2021-03-14,3,4.1,93.2,0.0,0.0,3.8
2021-03-14,6,1.6,96.5,0.0,0.0,0.1
2021-03-14,9,2.1,97.9,0.0,0.0,0.2
2021-03-14,12,7.3,92.7,0.0,0.0,3.0
2021-03-14,15,13.8,63.5,4.0,270.0,10.0
2021-03-14,18,10.3,72.1,3.0,230.0,20.0
2021-03-14,21,6.6,83.5,2.0,270.0,10.0
2021-03-15,0,4.4,86.8,0.0,0.0,10.0
2021-03-15,3,3.6,86.1,0.0,0.0,3.5
2021-03-15,6,1.8,91.1,1.0,50.0,3.5
2021-03-15,9,3.4,95.2,0.0,0.0,0.9
2021-03-15,12,10.7,76.3,0.0,0.0,3.8
2021-03-15,15,13.5,60.9,2.0,230.0,10.0
2021-03-15,18,11.6,64.3,2.0,270.0,5.0
2021-03-15,21,10.1,65.8,1.0,270.0,15.0
2021-03-16,0,7.7,88.4,3.0,270.0,4.0
2021-03-16,3,7.6,85.3,3.0,270.0,10.0
2021-03-16,6,5.4,49.9,4.0,320.0,20.0
2021-03-16,9,5.2,46.6,4.0,270.0,5.0
2021-03-16,12,8.6,30.5,5.0,320.0,10.0
2021-03-16,15,12.1,26.2,3.0,290.0,20.0
2021-03-16,18,8.3,32.8,6.0,290.0,20.0
2021-03-16,21,5.2,43.5,3.0,290.0,20.0
2021-03-17,0,3.4,46.8,3.0,320.0,20.0
2021-03-17,3,0.7,58.1,0.0,0.0,20.0
2021-03-17,6,-0.9,74.8,0.0,0.0,20.0
2021-03-17,9,3.0,69.1,0.0,0.0,20.0
2021-03-17,12,10.6,39.8,2.0,90.0,20.0
2021-03-17,15,16.0,32.4,3.0,270.0,20.0
2021-03-17,18,12.0,44.2,5.0,250.0,20.0
2021-03-17,21,6.6,53.8,1.0,270.0,20.0
2021-03-18,0,4.4,76.9,0.0,0.0,20.0
2021-03-18,3,2.2,74.8,0.0,0.0,20.0
2021-03-18,6,1.7,85.3,0.0,0.0,20.0
2021-03-18,9,6.0,80.5,0.0,0.0,20.0
2021-03-18,12,13.1,50.3,0.0,0.0,20.0
2021-03-18,15,17.0,38.8,3.0,270.0,20.0
2021-03-18,18,13.8,45.1,3.0,230.0,10.0
2021-03-18,21,10.8,65.5,0.0,0.0,10.0
2021-03-19,0,10.7,65.5,1.0,50.0,20.0
2021-03-19,3,9.7,64.8,1.0,50.0,20.0
2021-03-19,6,8.8,66.4,0.0,0.0,20.0
2021-03-19,9,11.2,68.4,0.0,0.0,20.0
2021-03-19,12,15.7,55.0,1.0,90.0,20.0
2021-03-19,15,18.6,47.1,2.0,140.0,20.0
2021-03-19,18,16.1,49.4,2.0,230.0,20.0
2021-03-19,21,11.4,70.3,2.0,230.0,20.0
2021-03-20,0,11.1,62.0,0.0,0.0,20.0
2021-03-20,3,10.7,74.7,0.0,0.0,20.0
2021-03-20,6,10.0,74.1,2.0,50.0,20.0
2021-03-20,9,9.4,81.5,0.0,0.0,20.0
2021-03-20,12,8.1,95.3,1.0,270.0,20.0
2021-03-20,15,9.4,88.5,0.0,0.0,20.0
2021-03-20,18,8.8,84.9,3.0,340.0,20.0
2021-03-20,21,7.8,84.2,0.0,0.0,20.0
2021-03-21,0,5.8,89.4,3.0,320.0,20.0
2021-03-21,3,4.4,82.0,2.0,320.0,20.0
2021-03-21,6,3.8,86.8,1.0,270.0,20.0
2021-03-21,9,4.6,86.8,1.0,270.0,20.0
2021-03-21,12,7.0,57.1,4.0,270.0,20.0
2021-03-21,15,8.5,43.2,7.0,290.0,20.0
2021-03-21,18,5.0,53.3,6.0,290.0,20.0
2021-03-21,21,3.2,59.2,5.0,320.0,20.0
2021-03-22,0,2.5,59.9,3.0,320.0,20.0
2021-03-22,3,1.2,62.8,2.0,290.0,20.0
2021-03-22,6,-0.4,73.2,0.0,0.0,20.0
2021-03-22,9,3.6,69.8,0.0,0.0,20.0
2021-03-22,12,9.4,41.6,2.0,230.0,20.0
2021-03-22,15,9.4,45.1,6.0,230.0,20.0
2021-03-22,18,10.2,43.4,4.0,230.0,20.0
2021-03-22,21,6.2,50.2,3.0,230.0,20.0
2021-03-23,0,3.4,69.7,1.0,180.0,20.0
2021-03-23,3,0.6,78.5,0.0,0.0,20.0
2021-03-23,6,-0.3,85.7,0.0,0.0,20.0
2021-03-23,9,3.4,88.0,0.0,0.0,3.0
2021-03-23,12,12.1,72.9,3.0,230.0,10.0
2021-03-23,15,14.0,58.9,5.0,230.0,20.0
2021-03-23,18,11.9,62.6,4.0,230.0,20.0
2021-03-23,21,8.1,63.1,1.0,230.0,20.0
2021-03-24,0,5.7,79.9,0.0,0.0,20.0
2021-03-24,3,3.8,83.1,0.0,0.0,20.0
2021-03-24,6,2.7,91.1,0.0,0.0,10.0
2021-03-24,9,5.8,90.7,1.0,50.0,10.0
2021-03-24,12,12.0,63.5,5.0,250.0,20.0
2021-03-24,15,14.6,55.5,4.0,230.0,20.0
2021-03-24,18,12.1,64.4,3.0,230.0,20.0
2021-03-24,21,8.7,75.4,0.0,0.0,20.0
2021-03-25,0,6.8,82.3,0.0,0.0,20.0
2021-03-25,3,6.5,88.3,0.0,0.0,20.0
2021-03-25,6,6.5,88.3,0.0,0.0,20.0
2021-03-25,9,8.6,87.8,0.0,0.0,15.0
2021-03-25,12,14.4,68.1,3.0,270.0,15.0
2021-03-25,15,15.7,65.2,0.0,0.0,20.0
2021-03-25,18,11.6,66.6,0.0,0.0,20.0
2021-03-25,21,6.2,90.7,2.0,230.0,3.8
2021-03-26,0,5.1,90.7,0.0,0.0,3.4
2021-03-26,3,4.5,96.6,0.0,0.0,0.7
2021-03-26,6,4.3,96.5,0.0,0.0,0.7
2021-03-26,9,4.3,90.0,2.0,90.0,3.0
2021-03-26,12,10.1,83.3,2.0,90.0,15.0
2021-03-26,15,17.0,42.0,0.0,0.0,20.0
2021-03-26,18,16.9,28.0,2.0,230.0,20.0
2021-03-26,21,12.1,48.2,0.0,0.0,20.0
2021-03-27,0,9.6,54.6,0.0,0.0,20.0
2021-03-27,3,7.6,63.4,0.0,0.0,20.0
2021-03-27,6,6.9,72.5,1.0,50.0,20.0
2021-03-27,9,9.0,67.9,1.0,120.0,20.0
2021-03-27,12,11.1,73.3,1.0,50.0,20.0
2021-03-27,15,9.2,94.7,1.0,50.0,20.0
2021-03-27,18,10.0,94.8,1.0,50.0,20.0
2021-03-27,21,10.4,93.5,0.0,0.0,20.0
2021-03-28,0,10.5,94.8,1.0,50.0,10.0
2021-03-28,3,10.5,98.0,2.0,180.0,10.0
2021-03-28,6,8.0,97.3,0.0,0.0,10.0
2021-03-28,9,7.8,95.3,0.0,0.0,3.0
2021-03-28,12,10.6,88.6,2.0,270.0,20.0
2021-03-28,15,11.1,86.3,4.0,230.0,20.0
2021-03-28,18,7.9,86.0,5.0,230.0,20.0
2021-03-28,21,7.4,87.7,0.0,0.0,20.0
2021-03-29,0,7.7,88.4,0.0,0.0,10.0
2021-03-29,3,8.1,92.8,1.0,270.0,10.0
2021-03-29,6,7.1,88.3,2.0,270.0,10.0
2021-03-29,9,8.5,82.0,2.0,250.0,10.0
2021-03-29,12,12.4,65.4,5.0,230.0,3.5
2021-03-29,15,11.8,69.9,5.0,180.0,3.8
2021-03-29,18,10.6,64.1,2.0,270.0,3.8
2021-03-29,21,7.5,72.6,1.0,270.0,10.0
2021-03-30,0,6.1,71.3,0.0,0.0,20.0
2021-03-30,3,2.9,78.9,0.0,0.0,20.0
2021-03-30,6,0.9,86.5,0.0,0.0,20.0
2021-03-30,9,6.4,80.5,0.0,0.0,20.0
2021-03-30,12,14.0,55.7,5.0,250.0,20.0
2021-03-30,15,17.2,52.5,3.0,230.0,20.0
2021-03-30,18,13.6,62.2,3.0,230.0,20.0
2021-03-30,21,8.2,72.7,1.0,270.0,20.0
2021-03-31,0,6.1,84.0,0.0,0.0,20.0
2021-03-31,3,4.3,86.8,0.0,0.0,20.0
2021-03-31,6,2.9,89.2,0.0,0.0,20.0
2021-03-31,9,9.2,79.8,0.0,0.0,20.0
2021-03-31,12,16.8,73.8,2.0,140.0,25.0
2021-03-31,15,21.2,36.1,1.0,270.0,25.0
2021-03-31,18,20.1,33.1,0.0,0.0,25.0
2021-03-31,21,15.5,47.2,0.0,0.0,20.0
2021-04-01,0,10.4,78.4,0.0,0.0,20.0
2021-04-01,3,10.2,64.4,1.0,90.0,20.0
2021-04-01,6,10.9,48.9,2.0,90.0,20.0
2021-04-01,9,14.8,52.9,2.0,140.0,30.0
2021-04-01,12,19.6,28.0,6.0,90.0,30.0
2021-04-01,15,22.6,22.0,0.0,0.0,30.0
2021-04-01,18,21.2,25.3,2.0,90.0,30.0
2021-04-01,21,16.6,37.6,5.0,50.0,30.0
2021-04-02,0,13.5,44.6,5.0,50.0,30.0
2021-04-02,3,9.8,48.3,5.0,90.0,30.0
2021-04-02,6,12.1,54.5,4.0,90.0,30.0
2021-04-02,9,14.4,49.6,5.0,50.0,30.0
2021-04-02,12,18.6,37.4,1.0,90.0,30.0
2021-04-02,15,22.0,33.2,0.0,0.0,30.0
2021-04-02,18,19.3,37.1,1.0,270.0,30.0
2021-04-02,21,16.8,52.7,1.0,120.0,20.0
2021-04-03,0,15.8,61.4,0.0,0.0,20.0
2021-04-03,3,15.0,66.9,0.0,0.0,20.0
2021-04-03,6,14.3,70.4,0.0,0.0,20.0
2021-04-03,9,14.4,70.9,0.0,0.0,20.0
2021-04-03,12,11.8,97.4,1.0,50.0,5.0
2021-04-03,15,12.1,98.0,2.0,50.0,5.0
2021-04-03,18,12.3,96.8,1.0,50.0,5.0
2021-04-03,21,9.7,86.7,5.0,50.0,15.0
2021-04-04,0,9.2,84.9,6.0,50.0,20.0
2021-04-04,3,9.5,85.0,6.0,50.0,20.0
2021-04-04,6,9.2,72.9,7.0,50.0,30.0
2021-04-04,9,9.0,67.0,8.0,50.0,35.0
2021-04-04,12,12.2,64.0,6.0,50.0,35.0
2021-04-04,15,13.8,61.3,3.0,50.0,35.0
2021-04-04,18,14.1,59.8,1.0,360.0,35.0
2021-04-04,21,10.6,64.1,3.0,50.0,30.0
2021-04-05,0,8.0,71.7,1.0,360.0,30.0
2021-04-05,3,6.6,76.1,0.0,0.0,30.0
2021-04-05,6,4.5,79.1,1.0,50.0,30.0
2021-04-05,9,9.4,76.6,0.0,0.0,20.0
2021-04-05,12,14.0,56.9,2.0,230.0,30.0
2021-04-05,15,16.8,53.5,1.0,230.0,30.0
2021-04-05,18,14.0,58.9,3.0,270.0,30.0
2021-04-05,21,10.9,65.1,1.0,270.0,30.0
2021-04-06,0,9.5,74.0,1.0,180.0,30.0
2021-04-06,3,7.8,80.2,0.0,0.0,20.0
2021-04-06,6,6.5,85.2,0.0,0.0,20.0
2021-04-06,9,9.6,81.0,0.0,0.0,20.0
2021-04-06,12,17.2,56.2,2.0,250.0,20.0
2021-04-06,15,18.1,64.5,4.0,230.0,20.0
2021-04-06,18,18.0,52.7,4.0,320.0,20.0
2021-04-06,21,13.6,60.5,1.0,270.0,20.0
2021-04-07,0,11.7,69.9,2.0,270.0,20.0
2021-04-07,3,7.9,89.6,0.0,0.0,20.0
2021-04-07,6,5.8,86.3,0.0,0.0,20.0
2021-04-07,9,10.6,83.9,1.0,230.0,20.0
2021-04-07,12,17.9,63.6,2.0,230.0,20.0
2021-04-07,15,18.2,45.4,5.0,270.0,20.0
2021-04-07,18,15.9,45.3,4.0,230.0,30.0
2021-04-07,21,13.9,45.4,5.0,320.0,30.0
2021-04-08,0,10.5,36.9,1.0,270.0,30.0
2021-04-08,3,8.3,42.8,1.0,230.0,30.0
2021-04-08,6,7.4,56.4,1.0,50.0,30.0
2021-04-08,9,11.4,57.8,3.0,90.0,30.0
2021-04-08,12,15.8,44.1,4.0,320.0,30.0
2021-04-08,15,17.1,28.7,4.0,320.0,30.0
2021-04-08,18,16.1,27.8,5.0,320.0,30.0
2021-04-08,21,11.6,32.3,3.0,320.0,30.0
2021-04-09,0,9.6,35.3,1.0,270.0,30.0
2021-04-09,3,6.1,47.2,0.0,0.0,30.0
2021-04-09,6,8.2,55.4,3.0,50.0,30.0
2021-04-09,9,10.5,56.8,4.0,50.0,30.0
2021-04-09,12,14.2,42.1,4.0,140.0,30.0
2021-04-09,15,17.4,30.3,0.0,0.0,30.0
2021-04-09,18,17.4,31.7,1.0,230.0,30.0
2021-04-09,21,12.0,44.9,0.0,0.0,30.0
2021-04-10,0,9.7,54.2,1.0,90.0,30.0
2021-04-10,3,8.1,64.0,1.0,50.0,30.0
2021-04-10,6,6.4,71.9,1.0,50.0,30.0
2021-04-10,9,10.1,72.1,2.0,50.0,30.0
2021-04-10,12,14.8,57.1,3.0,180.0,30.0
2021-04-10,15,17.0,45.3,0.0,0.0,30.0
2021-04-10,18,14.2,43.3,3.0,270.0,30.0
2021-04-10,21,9.8,79.9,1.0,270.0,20.0
2021-04-11,0,8.4,80.8,0.0,0.0,20.0
2021-04-11,3,6.1,90.7,0.0,0.0,20.0
2021-04-11,6,4.6,91.9,0.0,0.0,20.0
2021-04-11,9,8.4,87.2,1.0,140.0,20.0
2021-04-11,12,16.4,61.5,1.0,90.0,30.0
2021-04-11,15,19.2,54.1,2.0,230.0,20.0
2021-04-11,18,18.3,52.4,1.0,230.0,20.0
2021-04-11,21,14.5,60.7,0.0,0.0,20.0
2021-04-12,0,12.9,70.2,0.0,0.0,20.0
2021-04-12,3,12.0,70.5,0.0,0.0,20.0
2021-04-12,6,10.8,74.7,0.0,0.0,20.0
2021-04-12,9,12.8,75.6,0.0,0.0,10.0
2021-04-12,12,15.8,70.3,4.0,50.0,15.0
2021-04-12,15,13.1,91.2,1.0,140.0,10.0
2021-04-12,18,10.5,98.7,4.0,140.0,3.8
2021-04-12,21,11.0,98.0,3.0,50.0,3.8
2021-04-13,0,11.2,96.7,0.0,0.0,3.8
2021-04-13,3,10.7,93.5,1.0,270.0,20.0
2021-04-13,6,10.9,88.0,4.0,320.0,20.0
2021-04-13,9,9.7,83.8,6.0,270.0,20.0
2021-04-13,12,11.0,73.2,6.0,320.0,30.0
2021-04-13,15,11.4,67.5,6.0,320.0,30.0
2021-04-13,18,9.8,65.3,5.0,320.0,30.0
2021-04-13,21,6.3,68.8,4.0,320.0,30.0
2021-04-14,0,4.9,71.6,3.0,320.0,30.0
2021-04-14,3,3.3,76.1,1.0,270.0,20.0
2021-04-14,6,2.6,77.1,1.0,230.0,30.0
2021-04-14,9,7.0,63.7,3.0,320.0,30.0
2021-04-14,12,11.0,62.4,4.0,250.0,30.0
2021-04-14,15,12.6,67.7,7.0,250.0,30.0
2021-04-14,18,10.3,75.7,5.0,250.0,30.0
2021-04-14,21,7.4,84.7,4.0,230.0,30.0
2021-04-15,0,6.2,89.5,1.0,320.0,20.0
2021-04-15,3,5.8,90.7,0.0,0.0,10.0
2021-04-15,6,5.8,90.7,1.0,50.0,3.8
2021-04-15,9,7.5,89.0,1.0,120.0,10.0
2021-04-15,12,11.8,74.4,0.0,0.0,20.0
2021-04-15,15,15.6,69.3,3.0,90.0,20.0
2021-04-15,18,13.2,68.8,3.0,270.0,20.0
2021-04-15,21,9.2,79.3,0.0,0.0,20.0
2021-04-16,0,7.7,81.9,0.0,0.0,20.0
2021-04-16,3,7.2,89.6,0.0,0.0,20.0
2021-04-16,6,8.0,87.8,0.0,0.0,20.0
2021-04-16,9,9.4,83.2,1.0,140.0,20.0
2021-04-16,12,11.0,89.8,5.0,230.0,10.0
2021-04-16,15,15.2,66.0,7.0,230.0,3.7
2021-04-16,18,13.3,64.7,3.0,230.0,13.0
2021-04-16,21,8.7,74.9,1.0,230.0,20.0
2021-04-17,0,6.5,80.5,0.0,0.0,20.0
2021-04-17,3,4.4,88.7,0.0,0.0,20.0
2021-04-17,6,4.1,89.9,0.0,0.0,20.0
2021-04-17,9,6.3,89.5,0.0,0.0,15.0
2021-04-17,12,8.0,80.2,0.0,0.0,20.0
2021-04-17,15,6.6,71.9,9.0,320.0,10.0
2021-04-17,18,12.0,51.4,4.0,320.0,20.0
2021-04-17,21,8.1,65.4,2.0,320.0,20.0
2021-04-18,0,6.6,61.8,1.0,320.0,20.0
2021-04-18,3,6.2,74.4,4.0,320.0,20.0
2021-04-18,6,4.7,77.5,1.0,270.0,20.0
2021-04-18,9,7.8,71.6,3.0,270.0,20.0
2021-04-18,12,12.3,53.0,5.0,270.0,30.0
2021-04-18,15,16.3,40.6,5.0,270.0,20.0
2021-04-18,18,15.7,33.0,3.0,270.0,20.0
2021-04-18,21,11.2,34.7,3.0,270.0,20.0
2021-04-19,0,7.8,48.1,0.0,0.0,20.0
2021-04-19,3,5.5,77.0,0.0,0.0,20.0
2021-04-19,6,3.9,84.9,0.0,0.0,20.0
2021-04-19,9,9.6,84.4,0.0,0.0,20.0
2021-04-19,12,15.8,69.3,2.0,230.0,20.0
2021-04-19,15,17.6,66.5,4.0,270.0,20.0
2021-04-19,18,15.5,71.6,3.0,270.0,20.0
2021-04-19,21,10.7,81.1,2.0,270.0,20.0
2021-04-20,0,9.1,86.7,0.0,0.0,20.0
2021-04-20,3,6.8,89.5,0.0,0.0,20.0
2021-04-20,6,5.5,88.8,0.0,0.0,3.8
2021-04-20,9,10.6,86.8,1.0,90.0,6.0
2021-04-20,12,16.7,69.0,1.0,270.0,10.0
2021-04-20,15,19.4,59.8,3.0,270.0,20.0
2021-04-20,18,16.1,66.2,4.0,270.0,20.0
2021-04-20,21,12.4,77.6,0.0,0.0,20.0
2021-04-21,0,10.4,85.1,0.0,0.0,20.0
2021-04-21,3,9.2,84.3,0.0,0.0,20.0
2021-04-21,6,7.0,88.9,0.0,0.0,20.0
2021-04-21,9,13.2,74.6,0.0,0.0,20.0
2021-04-21,12,21.8,60.8,1.0,180.0,20.0
2021-04-21,15,25.0,53.5,1.0,140.0,20.0
2021-04-21,18,24.3,40.9,0.0,0.0,20.0
2021-04-21,21,19.1,61.0,0.0,0.0,20.0
2021-04-22,0,14.6,61.5,0.0,0.0,20.0
2021-04-22,3,13.9,66.6,0.0,0.0,20.0
2021-04-22,6,14.9,60.8,2.0,50.0,20.0
2021-04-22,9,17.3,60.9,0.0,0.0,20.0
2021-04-22,12,23.2,45.2,1.0,140.0,20.0
2021-04-22,15,24.9,36.4,2.0,230.0,20.0
2021-04-22,18,22.0,40.8,3.0,270.0,20.0
2021-04-22,21,19.2,47.2,2.0,270.0,20.0
2021-04-23,0,18.6,46.1,0.0,0.0,20.0
2021-04-23,3,16.7,57.2,5.0,230.0,20.0
2021-04-23,6,14.7,71.9,1.0,90.0,20.0
2021-04-23,9,16.1,73.2,5.0,90.0,20.0
2021-04-23,12,19.3,55.6,5.0,50.0,20.0
2021-04-23,15,20.1,42.6,4.0,90.0,20.0
2021-04-23,18,19.2,45.0,4.0,360.0,20.0
2021-04-23,21,17.1,53.5,3.0,50.0,20.0
2021-04-24,0,16.1,54.7,1.0,360.0,20.0
2021-04-24,3,15.1,56.4,4.0,90.0,30.0
2021-04-24,6,13.9,56.9,0.0,0.0,30.0
2021-04-24,9,15.9,57.8,0.0,0.0,30.0
2021-04-24,12,18.4,47.7,2.0,320.0,30.0
2021-04-24,15,19.8,52.1,2.0,320.0,30.0
2021-04-24,18,21.4,45.0,2.0,320.0,30.0
2021-04-24,21,17.5,55.1,1.0,320.0,30.0
2021-04-25,0,16.1,59.4,0.0,0.0,30.0
2021-04-25,3,11.7,82.9,0.0,0.0,30.0
2021-04-25,6,12.6,78.7,3.0,90.0,30.0
2021-04-25,9,15.7,65.2,8.0,50.0,30.0
2021-04-25,12,18.5,51.1,3.0,50.0,30.0
2021-04-25,15,21.1,41.7,3.0,360.0,30.0
2021-04-25,18,21.1,40.3,1.0,90.0,30.0
2021-04-25,21,16.4,49.8,0.0,0.0,30.0
2021-04-26,0,12.9,67.8,0.0,0.0,30.0
2021-04-26,3,10.5,75.7,2.0,90.0,30.0
2021-04-26,6,9.8,77.7,0.0,0.0,30.0
2021-04-26,9,14.6,58.2,1.0,90.0,30.0
2021-04-26,12,18.0,55.6,3.0,230.0,20.0
2021-04-26,15,19.5,59.9,4.0,270.0,20.0
2021-04-26,18,17.3,61.8,3.0,270.0,20.0
2021-04-26,21,14.0,80.0,3.0,270.0,20.0
2021-04-27,0,12.2,84.7,0.0,0.0,20.0
2021-04-27,3,10.7,86.3,0.0,0.0,20.0
2021-04-27,6,10.2,89.2,0.0,0.0,20.0
2021-04-27,9,12.0,87.6,0.0,0.0,20.0
2021-04-27,12,15.9,72.2,4.0,230.0,30.0
2021-04-27,15,16.8,52.4,2.0,270.0,30.0
2021-04-27,18,14.7,72.9,3.0,230.0,20.0
2021-04-27,21,13.0,90.6,2.0,180.0,20.0
2021-04-28,0,12.5,95.5,5.0,270.0,20.0
2021-04-28,3,11.8,88.7,1.0,270.0,10.0
2021-04-28,6,10.6,91.0,0.0,0.0,2.8
2021-04-28,9,11.4,89.3,0.0,0.0,10.0
2021-04-28,12,15.2,79.6,1.0,180.0,15.0
2021-04-28,15,14.8,79.0,3.0,230.0,20.0
2021-04-28,18,16.3,61.5,3.0,230.0,20.0
2021-04-28,21,12.1,75.0,1.0,230.0,20.0
2021-04-29,0,10.5,81.1,0.0,0.0,20.0
2021-04-29,3,9.7,86.7,0.0,0.0,20.0
2021-04-29,6,9.8,84.4,0.0,0.0,20.0
2021-04-29,9,11.6,78.5,1.0,90.0,20.0
2021-04-29,12,14.6,72.9,3.0,50.0,20.0
2021-04-29,15,16.1,64.5,3.0,140.0,20.0
2021-04-29,18,16.3,62.8,0.0,0.0,20.0
2021-04-29,21,13.7,69.4,1.0,90.0,20.0
2021-04-30,0,11.8,84.1,2.0,230.0,20.0
2021-04-30,3,9.1,98.7,1.0,320.0,10.0
2021-04-30,6,8.2,98.6,0.0,0.0,20.0
2021-04-30,9,9.4,89.1,1.0,230.0,20.0
2021-04-30,12,13.4,74.7,2.0,230.0,30.0
2021-04-30,15,14.0,71.8,3.0,230.0,30.0
2021-04-30,18,12.1,84.1,4.0,230.0,20.0
2021-04-30,21,10.7,88.6,0.0,0.0,20.0
2021-05-01,0,10.5,89.8,0.0,0.0,20.0
2021-05-01,3,9.5,87.9,0.0,0.0,20.0
2021-05-01,6,8.5,90.3,0.0,0.0,10.0
2021-05-01,9,10.0,85.6,1.0,270.0,20.0
2021-05-01,12,13.6,67.5,2.0,320.0,20.0
2021-05-01,15,10.2,89.8,5.0,320.0,20.0
2021-05-01,18,9.8,79.9,4.0,320.0,20.0
2021-05-01,21,8.2,92.1,1.0,320.0,20.0
2021-05-02,0,8.0,90.2,1.0,320.0,20.0
2021-05-02,3,7.6,90.2,4.0,320.0,30.0
2021-05-02,6,7.3,87.1,2.0,320.0,30.0
2021-05-02,9,11.8,75.9,3.0,90.0,30.0
2021-05-02,12,16.2,65.3,4.0,270.0,30.0
2021-05-02,15,18.4,67.6,6.0,230.0,30.0
2021-05-02,18,15.9,69.3,7.0,230.0,30.0
2021-05-02,21,12.4,88.8,3.0,270.0,30.0
2021-05-03,0,10.0,85.0,1.0,270.0,30.0
2021-05-03,3,7.7,87.8,0.0,0.0,20.0
2021-05-03,6,6.1,93.9,0.0,0.0,20.0
2021-05-03,9,11.5,88.7,1.0,140.0,10.0
2021-05-03,12,11.5,83.5,4.0,270.0,20.0
2021-05-03,15,18.7,52.5,3.0,230.0,20.0
2021-05-03,18,15.4,57.7,2.0,230.0,20.0
2021-05-03,21,11.8,69.9,0.0,0.0,20.0
2021-05-04,0,9.7,81.6,0.0,0.0,20.0
2021-05-04,3,8.8,83.7,0.0,0.0,30.0
2021-05-04,6,9.4,83.8,0.0,0.0,30.0
2021-05-04,9,9.8,94.8,2.0,50.0,3.0
2021-05-04,12,11.2,94.8,2.0,50.0,3.7
2021-05-04,15,12.1,94.8,0.0,0.0,2.7
2021-05-04,18,12.7,95.5,0.0,0.0,0.9
2021-05-04,21,13.2,95.5,2.0,320.0,2.0
2021-05-05,0,13.0,95.5,0.0,0.0,3.5
2021-05-05,3,10.7,86.3,3.0,320.0,10.0
2021-05-05,6,8.4,86.0,2.0,270.0,20.0
2021-05-05,9,11.8,92.3,5.0,230.0,20.0
2021-05-05,12,16.1,63.6,3.0,230.0,20.0
2021-05-05,15,17.5,55.9,6.0,230.0,20.0
2021-05-05,18,14.7,61.6,7.0,230.0,20.0
2021-05-05,21,11.6,66.6,2.0,270.0,20.0
2021-05-06,0,8.5,87.2,0.0,0.0,20.0
2021-05-06,3,7.0,84.7,0.0,0.0,20.0
2021-05-06,6,6.0,84.6,0.0,0.0,20.0
2021-05-06,9,12.8,53.5,3.0,70.0,20.0
2021-05-06,12,19.1,56.3,4.0,180.0,20.0
2021-05-06,15,20.6,55.5,7.0,230.0,20.0
2021-05-06,18,18.8,48.8,4.0,230.0,20.0
2021-05-06,21,14.5,52.8,0.0,0.0,20.0
2021-05-07,0,12.5,60.2,1.0,180.0,20.0
2021-05-07,3,10.8,68.8,0.0,0.0,20.0
2021-05-07,6,12.3,63.1,0.0,0.0,20.0
2021-05-07,9,14.2,85.5,5.0,180.0,10.0
2021-05-07,12,16.9,57.6,8.0,230.0,3.8
2021-05-07,15,18.9,55.1,9.0,230.0,3.8
2021-05-07,18,16.2,59.0,6.0,270.0,3.8
2021-05-07,21,12.5,72.0,4.0,230.0,3.8
2021-05-08,0,10.5,77.3,0.0,0.0,3.9
2021-05-08,3,8.7,85.5,0.0,0.0,10.0
2021-05-08,6,8.0,88.4,1.0,90.0,10.0
2021-05-08,9,12.1,79.1,1.0,90.0,10.0
2021-05-08,12,17.5,54.0,9.0,230.0,3.9
2021-05-08,15,18.0,58.3,10.0,230.0,6.0
2021-05-08,18,13.9,75.8,10.0,230.0,3.8
2021-05-08,21,13.5,69.8,4.0,320.0,20.0
2021-05-09,0,12.3,61.4,1.0,270.0,20.0
2021-05-09,3,9.7,70.0,0.0,0.0,20.0
2021-05-09,6,8.6,77.0,2.0,270.0,20.0
2021-05-09,9,14.4,66.3,4.0,270.0,20.0
2021-05-09,12,19.5,41.8,9.0,320.0,30.0
2021-05-09,15,22.0,28.1,7.0,320.0,30.0
2021-05-09,18,20.8,24.0,8.0,320.0,30.0
2021-05-09,21,14.7,54.4,1.0,180.0,30.0
2021-05-10,0,11.7,69.9,0.0,0.0,30.0
2021-05-10,3,9.2,78.2,0.0,0.0,30.0
2021-05-10,6,10.6,82.2,0.0,0.0,20.0
2021-05-10,9,11.8,86.9,0.0,0.0,20.0
2021-05-10,12,13.8,80.5,2.0,90.0,20.0
2021-05-10,15,15.3,73.5,3.0,230.0,20.0
2021-05-10,18,15.4,72.6,0.0,0.0,11.0
2021-05-10,21,13.3,76.2,0.0,0.0,20.0
2021-05-11,0,10.3,86.8,0.0,0.0,20.0
2021-05-11,3,8.8,84.9,2.0,140.0,20.0
2021-05-11,6,8.6,90.3,1.0,90.0,15.0
2021-05-11,9,17.0,70.0,3.0,120.0,20.0
2021-05-11,12,22.9,52.9,6.0,90.0,30.0
2021-05-11,15,25.6,45.9,5.0,140.0,30.0
2021-05-11,18,25.9,45.7,3.0,250.0,30.0
2021-05-11,21,20.3,55.8,1.0,70.0,30.0
2021-05-12,0,16.6,64.1,0.0,0.0,30.0
2021-05-12,3,15.5,70.7,0.0,0.0,30.0
2021-05-12,6,14.7,70.5,1.0,90.0,30.0
2021-05-12,9,17.9,63.6,3.0,90.0,30.0
2021-05-12,12,21.7,55.8,3.0,90.0,30.0
2021-05-12,15,25.3,56.4,1.0,200.0,30.0
2021-05-12,18,26.1,58.0,0.0,0.0,30.0
2021-05-12,21,21.1,64.3,1.0,230.0,30.0
2021-05-13,0,17.9,80.0,0.0,0.0,30.0
2021-05-13,3,15.5,81.2,0.0,0.0,30.0
2021-05-13,6,14.6,86.1,0.0,0.0,30.0
2021-05-13,9,19.4,79.2,0.0,0.0,20.0
2021-05-13,12,25.2,64.8,0.0,0.0,20.0
2021-05-13,15,26.3,64.2,2.0,230.0,20.0
2021-05-13,18,25.2,67.7,2.0,230.0,20.0
2021-05-13,21,19.8,78.2,0.0,0.0,20.0
2021-05-14,0,18.4,85.4,0.0,0.0,20.0
2021-05-14,3,16.5,88.5,0.0,0.0,20.0
2021-05-14,6,15.7,86.8,0.0,0.0,20.0
2021-05-14,9,20.1,83.4,1.0,90.0,20.0
2021-05-14,12,26.2,72.2,1.0,140.0,20.0
2021-05-14,15,28.6,64.7,1.0,90.0,20.0
2021-05-14,18,28.0,65.8,2.0,230.0,20.0
2021-05-14,21,22.3,80.1,1.0,270.0,20.0
2021-05-15,0,19.2,84.4,0.0,0.0,20.0
2021-05-15,3,18.7,83.8,0.0,0.0,20.0
2021-05-15,6,18.7,88.2,0.0,0.0,10.0
2021-05-15,9,20.9,80.4,0.0,0.0,10.0
2021-05-15,12,24.2,76.9,1.0,140.0,10.0
2021-05-15,15,24.2,69.2,1.0,230.0,1.8
2021-05-15,18,20.7,92.8,1.0,50.0,1.8
2021-05-15,21,19.5,96.3,1.0,50.0,10.0
2021-05-16,0,19.5,96.9,1.0,90.0,1.8
2021-05-16,3,19.5,95.1,1.0,50.0,10.0
2021-05-16,6,19.5,95.1,0.0,0.0,10.0
2021-05-16,9,19.2,95.1,0.0,0.0,10.0
2021-05-16,12,16.7,93.8,5.0,50.0,10.0
2021-05-16,15,15.4,95.6,5.0,50.0,2.2
2021-05-16,18,14.6,93.7,5.0,50.0,2.2
2021-05-16,21,13.1,95.5,4.0,50.0,10.0
2021-05-17,0,12.8,85.9,5.0,50.0,30.0
2021-05-17,3,12.8,89.4,0.0,0.0,20.0
2021-05-17,6,12.6,90.6,0.0,0.0,20.0
2021-05-17,9,14.0,87.7,1.0,360.0,20.0
2021-05-17,12,15.9,79.7,3.0,50.0,20.0
2021-05-17,15,17.0,78.3,4.0,90.0,20.0
2021-05-17,18,18.4,78.0,2.0,140.0,30.0
2021-05-17,21,15.8,81.8,0.0,0.0,30.0
2021-05-18,0,14.2,85.5,0.0,0.0,30.0
2021-05-18,3,12.5,90.6,0.0,0.0,20.0
2021-05-18,6,11.8,96.1,0.0,0.0,0.7
2021-05-18,9,15.5,89.0,0.0,0.0,10.0
2021-05-18,12,17.9,88.1,3.0,140.0,20.0
2021-05-18,15,22.9,66.8,4.0,250.0,20.0
2021-05-18,18,20.1,61.6,5.0,270.0,20.0
2021-05-18,21,15.3,72.5,2.0,270.0,20.0
2021-05-19,0,13.4,80.9,0.0,0.0,20.0
2021-05-19,3,11.4,84.0,0.0,0.0,15.0
2021-05-19,6,10.1,84.4,0.0,0.0,20.0
2021-05-19,9,16.7,78.3,1.0,140.0,20.0
2021-05-19,12,22.1,68.3,3.0,230.0,20.0
2021-05-19,15,24.3,63.8,3.0,230.0,20.0
2021-05-19,18,23.9,60.1,4.0,270.0,20.0
2021-05-19,21,18.5,71.2,0.0,0.0,30.0
2021-05-20,0,16.5,80.3,0.0,0.0,20.0
2021-05-20,3,15.3,82.8,0.0,0.0,20.0
2021-05-20,6,14.9,84.4,0.0,0.0,17.0
2021-05-20,9,17.8,68.8,5.0,90.0,20.0
2021-05-20,12,20.1,63.2,2.0,90.0,30.0
2021-05-20,15,20.5,66.7,4.0,120.0,30.0
2021-05-20,18,20.5,60.1,5.0,90.0,30.0
2021-05-20,21,15.1,89.0,3.0,50.0,10.0
2021-05-21,0,15.0,82.8,6.0,50.0,20.0
2021-05-21,3,13.9,89.5,2.0,360.0,15.0
2021-05-21,6,13.7,90.6,1.0,320.0,20.0
2021-05-21,9,14.2,86.6,3.0,320.0,20.0
2021-05-21,12,17.0,79.3,3.0,320.0,25.0
2021-05-21,15,17.9,72.5,3.0,320.0,20.0
2021-05-21,18,18.3,70.7,2.0,270.0,20.0
2021-05-21,21,16.8,74.8,1.0,230.0,20.0
2021-05-22,0,15.3,84.5,0.0,0.0,20.0
2021-05-22,3,14.5,89.5,0.0,0.0,20.0
2021-05-22,6,13.3,88.3,0.0,0.0,7.0
2021-05-22,9,16.3,84.0,0.0,0.0,7.0
2021-05-22,12,22.6,68.0,3.0,270.0,25.0
2021-05-22,15,22.2,65.8,4.0,230.0,7.0
2021-05-22,18,20.9,69.4,3.0,230.0,20.0
2021-05-22,21,16.8,81.4,0.0,0.0,20.0
2021-05-23,0,15.1,81.7,0.0,0.0,20.0
2021-05-23,3,13.5,88.9,0.0,0.0,20.0
2021-05-23,6,12.3,84.7,0.0,0.0,10.0
2021-05-23,9,16.6,83.0,2.0,140.0,20.0
2021-05-23,12,21.1,69.0,2.0,230.0,20.0
2021-05-23,15,22.1,66.6,3.0,270.0,20.0
2021-05-23,18,19.9,67.9,2.0,230.0,20.0
2021-05-23,21,17.2,73.9,0.0,0.0,20.0
2021-05-24,0,16.0,78.2,0.0,0.0,20.0
2021-05-24,3,15.6,85.1,2.0,270.0,15.0
2021-05-24,6,15.4,84.5,1.0,270.0,15.0
2021-05-24,9,18.4,80.6,0.0,0.0,20.0
2021-05-24,12,22.1,62.1,3.0,270.0,20.0
2021-05-24,15,23.2,60.7,6.0,230.0,3.9
2021-05-24,18,20.5,65.8,6.0,230.0,3.9
2021-05-24,21,17.1,76.8,2.0,230.0,5.0
2021-05-25,0,14.4,82.2,1.0,270.0,20.0
2021-05-25,3,13.0,83.6,0.0,0.0,20.0
2021-05-25,6,13.2,87.1,5.0,230.0,10.0
2021-05-25,9,11.8,87.5,0.0,0.0,20.0
2021-05-25,12,16.0,77.1,5.0,270.0,20.0
2021-05-25,15,15.2,79.6,7.0,230.0,20.0
2021-05-25,18,18.5,71.2,6.0,230.0,20.0
2021-05-25,21,14.7,71.9,1.0,270.0,20.0
2021-05-26,0,12.7,83.6,0.0,0.0,20.0
2021-05-26,3,10.3,89.2,0.0,0.0,20.0
2021-05-26,6,10.2,88.6,0.0,0.0,18.0
2021-05-26,9,14.2,83.2,4.0,90.0,15.0
2021-05-26,12,19.5,59.9,5.0,180.0,20.0
2021-05-26,15,21.1,56.0,4.0,230.0,20.0
2021-05-26,18,17.2,76.8,2.0,230.0,20.0
2021-05-26,21,16.2,80.3,0.0,0.0,20.0
2021-05-27,0,17.1,75.8,3.0,230.0,20.0
2021-05-27,3,16.1,78.2,3.0,230.0,20.0
2021-05-27,6,13.9,90.7,0.0,0.0,10.0
2021-05-27,9,14.1,93.1,3.0,230.0,3.5
2021-05-27,12,15.2,89.0,5.0,230.0,1.5
2021-05-27,15,19.2,76.6,4.0,320.0,30.0
2021-05-27,18,18.5,78.5,3.0,230.0,30.0
2021-05-27,21,15.1,80.6,0.0,0.0,20.0
2021-05-28,0,13.2,87.1,0.0,0.0,20.0
2021-05-28,3,13.1,87.1,0.0,0.0,10.0
2021-05-28,6,12.2,91.8,4.0,90.0,3.5
2021-05-28,9,12.3,91.8,4.0,90.0,10.0
2021-05-28,12,14.6,84.4,0.0,0.0,20.0
2021-05-28,15,18.5,80.6,2.0,90.0,20.0
2021-05-28,18,18.0,78.5,6.0,230.0,20.0
2021-05-28,21,16.4,74.7,4.0,230.0,20.0
2021-05-29,0,15.3,77.5,4.0,270.0,20.0
2021-05-29,3,13.5,81.0,1.0,270.0,20.0
2021-05-29,6,11.7,85.2,0.0,0.0,18.0
2021-05-29,9,17.2,71.9,1.0,230.0,20.0
2021-05-29,12,17.0,74.8,3.0,270.0,20.0
2021-05-29,15,14.4,93.1,2.0,320.0,10.0
2021-05-29,18,13.9,94.3,2.0,50.0,20.0
2021-05-29,21,12.5,85.9,0.0,0.0,20.0
2021-05-30,0,10.7,89.2,0.0,0.0,20.0
2021-05-30,3,9.3,86.1,0.0,0.0,20.0
2021-05-30,6,9.1,96.0,0.0,0.0,0.2
2021-05-30,9,10.7,88.6,4.0,90.0,3.0
2021-05-30,12,17.8,65.3,2.0,70.0,30.0
2021-05-30,15,22.6,59.4,2.0,90.0,30.0
2021-05-30,18,23.5,58.1,2.0,90.0,30.0
2021-05-30,21,19.0,71.3,1.0,320.0,30.0
2021-05-31,0,16.8,95.6,0.0,0.0,10.0
2021-05-31,3,16.1,87.4,2.0,90.0,15.0
2021-05-31,6,16.0,82.9,1.0,90.0,15.0
2021-05-31,9,17.0,83.6,2.0,70.0,15.0
2021-05-31,12,17.7,83.1,5.0,90.0,15.0
2021-05-31,15,20.2,78.8,2.0,90.0,15.0
2021-05-31,18,22.4,71.1,1.0,140.0,15.0
2021-05-31,21,19.6,77.7,1.0,230.0,20.0
2021-06-01,0,18.5,82.1,0.0,0.0,20.0
2021-06-01,3,17.8,87.0,0.0,0.0,20.0
2021-06-01,6,14.6,80.0,1.0,140.0,20.0
2021-06-01,9,15.1,84.4,5.0,90.0,20.0
2021-06-01,12,18.4,78.5,1.0,270.0,20.0
2021-06-01,15,18.4,78.5,3.0,90.0,10.0
2021-06-01,18,19.3,77.1,3.0,90.0,10.0
2021-06-01,21,18.0,81.0,2.0,50.0,10.0
2021-06-02,0,16.6,84.1,0.0,0.0,20.0
2021-06-02,3,14.9,87.8,0.0,0.0,20.0
2021-06-02,6,14.5,84.4,0.0,0.0,10.0
2021-06-02,9,19.1,82.8,3.0,90.0,10.0
2021-06-02,12,24.8,72.0,1.0,180.0,20.0
2021-06-02,15,27.3,59.4,4.0,270.0,30.0
2021-06-02,18,25.5,58.6,4.0,270.0,30.0
2021-06-02,21,21.0,64.7,2.0,270.0,20.0
2021-06-03,0,19.8,74.3,0.0,0.0,20.0
2021-06-03,3,19.0,81.7,0.0,0.0,20.0
2021-06-03,6,17.7,86.9,0.0,0.0,20.0
2021-06-03,9,19.0,82.7,1.0,90.0,20.0
2021-06-03,12,20.6,81.9,0.0,0.0,13.0
2021-06-03,15,17.5,83.1,1.0,90.0,3.5
2021-06-03,18,18.0,90.4,0.0,0.0,3.8
2021-06-03,21,14.8,82.8,1.0,230.0,15.0
2021-06-04,0,14.0,87.7,0.0,0.0,30.0
2021-06-04,3,12.9,90.6,0.0,0.0,20.0
2021-06-04,6,13.5,90.6,0.0,0.0,15.0
2021-06-04,9,15.8,86.2,1.0,180.0,15.0
2021-06-04,12,19.5,70.1,4.0,230.0,15.0
2021-06-04,15,21.9,60.0,7.0,230.0,30.0
2021-06-04,18,20.8,65.5,6.0,230.0,30.0
2021-06-04,21,16.8,70.4,6.0,230.0,20.0
2021-06-05,0,15.3,77.5,3.0,230.0,20.0
2021-06-05,3,16.2,77.2,5.0,230.0,20.0
2021-06-05,6,16.8,82.5,2.0,230.0,3.8
2021-06-05,9,18.5,82.1,2.0,230.0,10.0
2021-06-05,12,21.8,77.5,3.0,230.0,15.0
2021-06-05,15,24.9,66.8,3.0,270.0,20.0
2021-06-05,18,23.2,66.8,5.0,270.0,20.0
2021-06-05,21,17.9,76.4,2.0,270.0,20.0
2021-06-06,0,15.9,80.8,0.0,0.0,20.0
2021-06-06,3,15.3,82.8,0.0,0.0,5.0
2021-06-06,6,16.2,85.1,0.0,0.0,3.8
2021-06-06,9,19.2,82.8,1.0,90.0,3.5
2021-06-06,12,22.8,72.0,2.0,230.0,10.0
2021-06-06,15,25.5,67.3,3.0,270.0,20.0
2021-06-06,18,25.5,69.4,3.0,250.0,20.0
2021-06-06,21,20.4,82.4,2.0,270.0,20.0
2021-06-07,0,18.9,84.3,0.0,0.0,20.0
2021-06-07,3,18.5,83.2,0.0,0.0,20.0
2021-06-07,6,18.5,85.4,0.0,0.0,10.0
2021-06-07,9,19.1,84.4,2.0,180.0,3.8
2021-06-07,12,21.4,79.5,4.0,230.0,10.0
2021-06-07,15,20.5,79.8,1.0,230.0,10.0
2021-06-07,18,20.5,78.8,1.0,320.0,20.0
2021-06-07,21,19.4,81.7,1.0,90.0,15.0
2021-06-08,0,18.4,84.3,0.0,0.0,20.0
2021-06-08,3,17.6,85.3,1.0,90.0,20.0
2021-06-08,6,17.7,84.2,1.0,140.0,20.0
2021-06-08,9,20.4,83.4,2.0,90.0,10.0
2021-06-08,12,24.4,74.2,2.0,270.0,20.0
2021-06-08,15,23.7,77.3,3.0,50.0,10.0
2021-06-08,18,22.9,72.1,3.0,90.0,20.0
2021-06-08,21,21.0,79.4,0.0,0.0,20.0
2021-06-09,0,18.7,82.7,0.0,0.0,20.0
2021-06-09,3,17.5,86.9,0.0,0.0,20.0
2021-06-09,6,17.1,84.7,0.0,0.0,20.0
2021-06-09,9,22.1,77.1,0.0,0.0,20.0
2021-06-09,12,27.0,68.0,2.0,140.0,20.0
2021-06-09,15,30.3,62.7,1.0,230.0,20.0
2021-06-09,18,29.8,56.8,0.0,0.0,20.0
2021-06-09,21,25.1,72.0,1.0,320.0,20.0
2021-06-10,0,22.4,77.6,1.0,50.0,20.0
2021-06-10,3,21.3,81.0,0.0,0.0,20.0
2021-06-10,6,19.8,85.0,0.0,0.0,20.0
2021-06-10,9,22.6,82.7,1.0,140.0,10.0
2021-06-10,12,26.1,75.8,3.0,140.0,10.0
2021-06-10,15,23.6,82.3,3.0,270.0,20.0
2021-06-10,18,22.8,77.2,2.0,270.0,10.0
2021-06-10,21,20.7,90.0,1.0,140.0,10.0
2021-06-11,0,19.5,96.3,6.0,140.0,10.0
2021-06-11,3,19.3,98.1,5.0,180.0,10.0
2021-06-11,6,18.0,87.0,8.0,230.0,20.0
2021-06-11,9,18.1,88.7,4.0,230.0,3.8
2021-06-11,12,20.0,86.1,4.0,230.0,10.0
2021-06-11,15,22.2,84.2,4.0,230.0,20.0
2021-06-11,18,22.6,82.7,3.0,230.0,20.0
2021-06-11,21,19.2,86.5,1.0,270.0,10.0
2021-06-12,0,18.7,85.4,0.0,0.0,10.0
2021-06-12,3,18.4,90.4,0.0,0.0,3.0
2021-06-12,6,18.2,85.3,0.0,0.0,3.5
2021-06-12,9,22.2,78.1,2.0,90.0,20.0
2021-06-12,12,26.4,79.2,0.0,0.0,25.0
2021-06-12,15,28.2,74.8,4.0,320.0,30.0
2021-06-12,18,29.2,61.4,4.0,320.0,30.0
2021-06-12,21,23.5,82.8,0.0,0.0,20.0
2021-06-13,0,21.3,84.6,0.0,0.0,20.0
2021-06-13,3,20.1,85.0,0.0,0.0,10.0
2021-06-13,6,19.1,85.4,0.0,0.0,0.2
2021-06-13,9,23.4,83.8,0.0,0.0,20.0
2021-06-13,12,26.8,78.8,2.0,230.0,20.0
2021-06-13,15,29.0,73.6,4.0,230.0,25.0
2021-06-13,18,25.2,78.0,4.0,230.0,25.0
2021-06-13,21,21.1,84.6,1.0,230.0,20.0
2021-06-14,0,20.0,86.1,1.0,270.0,20.0
2021-06-14,3,18.8,93.9,0.0,0.0,0.7
2021-06-14,6,18.5,93.9,1.0,270.0,0.4
2021-06-14,9,19.4,85.5,3.0,90.0,0.9
2021-06-14,12,26.0,78.6,1.0,140.0,20.0
2021-06-14,15,28.5,73.1,4.0,230.0,20.0
2021-06-14,18,25.9,73.5,3.0,270.0,20.0
2021-06-14,21,22.3,82.6,3.0,270.0,20.0
2021-06-15,0,19.7,83.9,3.0,270.0,20.0
2021-06-15,3,20.0,76.3,0.0,0.0,20.0
2021-06-15,6,20.0,80.3,1.0,140.0,20.0
2021-06-15,9,20.1,86.1,2.0,50.0,10.0
2021-06-15,12,20.8,85.1,4.0,50.0,20.0
2021-06-15,15,20.3,83.4,3.0,50.0,20.0
2021-06-15,18,22.7,80.6,4.0,50.0,20.0
2021-06-15,21,21.5,81.0,4.0,50.0,30.0
2021-06-16,0,20.6,79.3,4.0,50.0,30.0
2021-06-16,3,20.3,75.8,4.0,50.0,30.0
2021-06-16,6,21.1,76.9,4.0,50.0,30.0
2021-06-16,9,24.0,71.4,7.0,50.0,30.0
2021-06-16,12,26.4,66.3,9.0,50.0,30.0
2021-06-16,15,27.9,62.2,7.0,50.0,30.0
2021-06-16,18,27.3,62.8,7.0,50.0,30.0
2021-06-16,21,22.9,69.8,5.0,50.0,30.0
2021-06-17,0,20.1,74.4,5.0,50.0,30.0
2021-06-17,3,19.0,77.1,5.0,50.0,30.0
2021-06-17,6,18.1,81.6,0.0,0.0,30.0
2021-06-17,9,19.8,79.2,3.0,50.0,30.0
2021-06-17,12,21.6,76.0,4.0,90.0,30.0
2021-06-17,15,22.8,76.2,3.0,50.0,30.0
2021-06-17,18,22.5,77.6,2.0,320.0,30.0
2021-06-17,21,21.0,79.4,1.0,270.0,20.0
2021-06-18,0,20.3,82.4,0.0,0.0,20.0
2021-06-18,3,18.8,91.6,3.0,230.0,10.0
2021-06-18,6,18.7,95.1,4.0,230.0,10.0
2021-06-18,9,19.2,93.3,1.0,180.0,3.7
2021-06-18,12,20.4,87.7,3.0,140.0,10.0
2021-06-18,15,22.1,85.7,3.0,140.0,10.0
2021-06-18,18,21.5,84.1,4.0,200.0,20.0
2021-06-18,21,19.2,96.9,3.0,230.0,20.0
2021-06-19,0,18.8,85.4,0.0,0.0,10.0
2021-06-19,3,18.1,87.0,0.0,0.0,5.0
2021-06-19,6,17.4,95.7,0.0,0.0,0.3
2021-06-19,9,18.9,85.4,1.0,90.0,10.0
2021-06-19,12,23.1,77.2,3.0,230.0,18.0
2021-06-19,15,23.7,77.3,3.0,320.0,10.0
2021-06-19,18,24.4,74.2,2.0,230.0,20.0
2021-06-19,21,20.1,80.3,1.0,270.0,20.0
2021-06-20,0,17.3,81.5,0.0,0.0,10.0
2021-06-20,3,15.0,87.8,0.0,0.0,10.0
2021-06-20,6,15.3,90.2,1.0,90.0,3.8
2021-06-20,9,20.0,86.1,3.0,90.0,3.8
2021-06-20,12,24.6,76.5,3.0,270.0,10.0
2021-06-20,15,22.5,84.7,5.0,200.0,10.0
2021-06-20,18,20.3,82.4,3.0,200.0,10.0
2021-06-20,21,20.1,85.0,1.0,230.0,3.9
2021-06-21,0,19.6,84.4,0.0,0.0,3.9
2021-06-21,3,19.3,87.6,1.0,270.0,3.8
2021-06-21,6,18.3,88.1,1.0,270.0,3.5
2021-06-21,9,21.0,85.1,1.0,90.0,10.0
2021-06-21,12,25.0,73.8,1.0,270.0,10.0
2021-06-21,15,27.8,66.1,4.0,230.0,20.0
2021-06-21,18,25.3,66.9,4.0,230.0,20.0
2021-06-21,21,20.8,87.2,1.0,230.0,20.0
2021-06-22,0,20.2,82.4,0.0,0.0,20.0
2021-06-22,3,19.1,87.1,0.0,0.0,20.0
2021-06-22,6,17.2,84.7,0.0,0.0,20.0
2021-06-22,9,20.8,79.9,2.0,50.0,20.0
2021-06-22,12,25.2,72.0,4.0,90.0,20.0
2021-06-22,15,25.2,72.0,4.0,230.0,20.0
2021-06-22,18,24.1,68.3,4.0,320.0,20.0
2021-06-22,21,20.1,80.3,4.0,50.0,20.0
2021-06-23,0,19.3,80.2,2.0,50.0,30.0
2021-06-23,3,18.5,80.6,3.0,50.0,30.0
2021-06-23,6,17.9,80.0,3.0,50.0,30.0
2021-06-23,9,21.8,74.6,3.0,70.0,30.0
2021-06-23,12,25.0,71.1,1.0,140.0,30.0
2021-06-23,15,26.9,68.4,4.0,270.0,20.0
2021-06-23,18,25.5,64.8,2.0,140.0,20.0
2021-06-23,21,22.4,82.6,1.0,230.0,20.0
2021-06-24,0,21.0,81.4,0.0,0.0,20.0
2021-06-24,3,19.8,83.9,0.0,0.0,20.0
2021-06-24,6,19.2,84.4,1.0,70.0,10.0
2021-06-24,9,21.1,79.9,1.0,70.0,15.0
2021-06-24,12,25.6,73.9,3.0,140.0,15.0
2021-06-24,15,25.7,70.4,3.0,270.0,20.0
2021-06-24,18,24.6,74.2,3.0,270.0,18.0
2021-06-24,21,22.5,74.8,0.0,0.0,17.0
2021-06-25,0,20.2,83.4,0.0,0.0,17.0
2021-06-25,3,19.1,86.5,0.0,0.0,15.0
2021-06-25,6,19.0,87.6,0.0,0.0,2.0
2021-06-25,9,20.4,83.4,2.0,90.0,3.6
2021-06-25,12,25.4,73.0,0.0,0.0,10.0
2021-06-25,15,27.5,65.7,3.0,230.0,18.0
2021-06-25,18,24.4,69.2,3.0,230.0,18.0
2021-06-25,21,22.0,80.5,2.0,230.0,15.0
2021-06-26,0,21.4,82.0,0.0,0.0,15.0
2021-06-26,3,20.9,87.2,0.0,0.0,20.0
2021-06-26,6,20.5,94.0,0.0,0.0,3.7
2021-06-26,9,20.7,88.9,1.0,90.0,10.0
2021-06-26,12,21.4,83.0,1.0,90.0,10.0
2021-06-26,15,22.3,81.6,2.0,90.0,20.0
2021-06-26,18,23.2,75.8,3.0,50.0,20.0
2021-06-26,21,22.0,80.0,3.0,50.0,20.0
2021-06-27,0,20.3,82.4,0.0,0.0,20.0
2021-06-27,3,18.9,85.4,0.0,0.0,20.0
2021-06-27,6,18.6,84.3,0.0,0.0,20.0
2021-06-27,9,23.7,78.3,3.0,90.0,20.0
2021-06-27,12,26.6,70.1,3.0,90.0,20.0
2021-06-27,15,28.0,64.2,3.0,90.0,20.0
2021-06-27,18,28.1,63.0,2.0,50.0,20.0
2021-06-27,21,24.5,73.3,2.0,90.0,10.0
2021-06-28,0,22.1,79.1,1.0,50.0,20.0
2021-06-28,3,21.5,80.5,2.0,90.0,20.0
2021-06-28,6,21.1,82.0,0.0,0.0,20.0
2021-06-28,9,22.6,76.7,2.0,50.0,20.0
2021-06-28,12,24.4,77.4,3.0,90.0,20.0
2021-06-28,15,28.4,70.0,2.0,140.0,20.0
2021-06-28,18,24.3,89.7,2.0,140.0,20.0
2021-06-28,21,22.5,84.2,1.0,90.0,20.0
2021-06-29,0,21.5,84.6,0.0,0.0,20.0
2021-06-29,3,19.9,85.0,1.0,140.0,20.0
2021-06-29,6,19.6,84.4,1.0,140.0,20.0
2021-06-29,9,24.1,78.4,2.0,70.0,20.0
2021-06-29,12,27.3,76.0,2.0,140.0,20.0
2021-06-29,15,25.3,75.2,3.0,90.0,20.0
2021-06-29,18,25.7,75.3,3.0,230.0,20.0
2021-06-29,21,22.7,83.2,1.0,270.0,20.0
2021-06-30,0,21.3,85.1,1.0,270.0,15.0
2021-06-30,3,20.0,85.0,0.0,0.0,20.0
2021-06-30,6,20.3,89.4,1.0,90.0,3.7
2021-06-30,9,22.7,84.2,0.0,0.0,3.7
2021-06-30,12,24.7,85.5,0.0,0.0,10.0
2021-06-30,15,27.2,68.1,3.0,270.0,20.0
2021-06-30,18,25.8,73.0,3.0,230.0,10.0
2021-06-30,21,23.7,79.8,1.0,90.0,20.0
2021-07-01,0,21.7,84.6,0.0,0.0,15.0
2021-07-01,3,20.3,87.2,1.0,50.0,10.0
2021-07-01,6,19.6,84.4,0.0,0.0,3.8
2021-07-01,9,23.7,81.8,1.0,90.0,10.0
2021-07-01,12,27.7,66.9,1.0,230.0,18.0
2021-07-01,15,29.2,68.5,4.0,320.0,15.0
2021-07-01,18,29.4,67.7,4.0,360.0,20.0
2021-07-01,21,25.7,73.9,0.0,0.0,20.0
2021-07-02,0,23.8,79.8,0.0,0.0,20.0
2021-07-02,3,22.5,84.2,1.0,90.0,15.0
2021-07-02,6,22.6,79.1,1.0,90.0,15.0
2021-07-02,9,23.5,77.3,2.0,140.0,20.0
2021-07-02,12,27.1,67.6,3.0,90.0,20.0
2021-07-02,15,29.7,68.6,3.0,90.0,20.0
2021-07-02,18,28.7,69.2,3.0,50.0,20.0
2021-07-02,21,26.2,74.0,3.0,90.0,20.0
2021-07-03,0,24.0,73.6,3.0,90.0,20.0
2021-07-03,3,22.0,75.6,3.0,90.0,20.0
2021-07-03,6,21.4,79.5,3.0,140.0,20.0
2021-07-03,9,22.5,74.8,4.0,140.0,20.0
2021-07-03,12,24.1,74.1,7.0,90.0,20.0
2021-07-03,15,24.4,76.5,7.0,70.0,30.0
2021-07-03,18,20.3,90.5,7.0,90.0,20.0
2021-07-03,21,19.1,99.4,10.0,90.0,3.8
2021-07-04,0,19.2,98.8,10.0,90.0,3.6
2021-07-04,3,19.5,96.9,1.0,90.0,10.0
2021-07-04,6,19.7,98.2,3.0,50.0,5.0
2021-07-04,9,20.2,89.4,3.0,50.0,10.0
2021-07-04,12,20.3,88.8,3.0,50.0,10.0
2021-07-04,15,22.0,90.1,3.0,50.0,2.0
2021-07-04,18,22.0,90.6,2.0,230.0,3.0
2021-07-04,21,21.5,90.1,2.0,230.0,20.0
2021-07-05,0,20.0,88.8,4.0,230.0,20.0
2021-07-05,3,19.9,85.0,3.0,230.0,30.0
2021-07-05,6,19.8,86.0,0.0,0.0,30.0
2021-07-05,9,20.0,90.5,0.0,0.0,20.0
2021-07-05,12,22.7,88.5,2.0,230.0,20.0
2021-07-05,15,25.5,82.0,1.0,230.0,20.0
2021-07-05,18,24.1,81.8,1.0,230.0,20.0
2021-07-05,21,22.6,82.7,1.0,320.0,20.0
2021-07-06,0,21.2,87.3,0.0,0.0,20.0
2021-07-06,3,19.7,87.7,0.0,0.0,20.0
2021-07-06,6,19.3,87.6,0.0,0.0,20.0
2021-07-06,9,23.5,82.8,0.0,0.0,20.0
2021-07-06,12,26.7,71.9,1.0,180.0,20.0
2021-07-06,15,29.0,77.2,3.0,230.0,20.0
2021-07-06,18,27.0,68.0,3.0,270.0,20.0
2021-07-06,21,23.8,79.8,1.0,270.0,20.0
2021-07-07,0,22.8,85.3,0.0,0.0,20.0
2021-07-07,3,21.1,87.3,0.0,0.0,10.0
2021-07-07,6,20.5,87.8,0.0,0.0,15.0
2021-07-07,9,24.8,85.0,0.0,0.0,15.0
2021-07-07,12,28.5,79.0,0.0,0.0,10.0
2021-07-07,15,29.1,74.9,0.0,0.0,10.0
2021-07-07,18,27.6,79.8,1.0,230.0,8.0
2021-07-07,21,25.4,83.5,1.0,270.0,5.0
2021-07-08,0,24.4,83.9,1.0,230.0,5.0
2021-07-08,3,23.5,84.8,0.0,0.0,5.0
2021-07-08,6,23.5,88.0,0.0,0.0,3.5
2021-07-08,9,24.8,84.5,2.0,180.0,10.0
2021-07-08,12,28.5,76.7,0.0,0.0,15.0
2021-07-08,15,29.4,74.5,4.0,270.0,20.0
2021-07-08,18,26.1,80.1,5.0,230.0,20.0
2021-07-08,21,23.1,85.3,1.0,230.0,20.0
2021-07-09,0,22.7,85.3,0.0,0.0,20.0
2021-07-09,3,22.6,85.3,0.0,0.0,20.0
2021-07-09,6,22.5,85.3,0.0,0.0,20.0
2021-07-09,9,23.8,85.4,1.0,180.0,20.0
2021-07-09,12,26.3,77.3,1.0,230.0,20.0
2021-07-09,15,28.0,75.2,3.0,230.0,20.0
2021-07-09,18,26.7,76.4,1.0,230.0,20.0
2021-07-09,21,23.3,85.3,1.0,230.0,20.0
2021-07-10,0,22.2,85.8,0.0,0.0,20.0
2021-07-10,3,22.2,85.8,1.0,90.0,20.0
2021-07-10,6,22.4,84.7,0.0,0.0,10.0
2021-07-10,9,22.2,87.4,1.0,90.0,15.0
2021-07-10,12,25.5,74.3,4.0,230.0,15.0
2021-07-10,15,26.2,81.6,7.0,230.0,15.0
2021-07-10,18,25.7,82.0,3.0,230.0,15.0
2021-07-10,21,23.9,84.9,0.0,0.0,15.0
2021-07-11,0,23.1,85.8,0.0,0.0,10.0
2021-07-11,3,23.1,88.5,0.0,0.0,3.8
2021-07-11,6,22.7,87.9,0.0,0.0,0.7
2021-07-11,9,23.8,85.4,0.0,0.0,2.2
2021-07-11,12,24.3,86.5,2.0,230.0,2.4
2021-07-11,15,25.3,84.0,3.0,270.0,3.8
2021-07-11,18,24.6,83.9,0.0,0.0,3.0
2021-07-11,21,24.6,88.1,0.0,0.0,0.8
2021-07-12,0,24.3,89.2,0.0,0.0,0.7
2021-07-12,3,24.3,87.0,0.0,0.0,0.7
2021-07-12,6,23.9,90.2,0.0,0.0,0.7
2021-07-12,9,25.5,83.5,0.0,0.0,10.0
2021-07-12,12,29.0,80.0,1.0,90.0,10.0
2021-07-12,15,31.0,76.6,2.0,140.0,20.0
2021-07-12,18,31.3,76.6,0.0,0.0,20.0
2021-07-12,21,26.8,84.7,7.0,230.0,20.0
2021-07-13,0,25.7,85.6,0.0,0.0,20.0
2021-07-13,3,25.2,86.1,0.0,0.0,10.0
2021-07-13,6,24.9,86.5,0.0,0.0,2.0
2021-07-13,9,26.5,84.6,0.0,0.0,8.0
2021-07-13,12,28.3,85.3,2.0,230.0,20.0
2021-07-13,15,28.1,80.9,3.0,230.0,20.0
2021-07-13,18,28.9,81.9,0.0,0.0,20.0
2021-07-13,21,26.6,84.1,0.0,0.0,20.0
2021-07-14,0,25.4,86.1,0.0,0.0,20.0
2021-07-14,3,24.2,84.9,0.0,0.0,20.0
2021-07-14,6,23.8,85.4,0.0,0.0,20.0
2021-07-14,9,25.7,83.0,2.0,90.0,20.0
2021-07-14,12,29.8,76.9,1.0,180.0,20.0
2021-07-14,15,30.9,73.9,2.0,230.0,20.0
2021-07-14,18,30.7,75.6,3.0,180.0,20.0
2021-07-14,21,27.5,82.2,2.0,320.0,25.0
2021-07-15,0,26.4,81.6,1.0,270.0,25.0
2021-07-15,3,25.2,85.0,0.0,0.0,20.0
2021-07-15,6,24.6,84.9,0.0,0.0,25.0
2021-07-15,9,29.8,79.7,3.0,90.0,25.0
2021-07-15,12,31.6,74.9,2.0,180.0,30.0
2021-07-15,15,32.4,74.6,4.0,270.0,20.0
2021-07-15,18,31.3,76.2,4.0,230.0,20.0
2021-07-15,21,28.0,87.9,0.0,0.0,20.0
2021-07-16,0,25.3,87.1,1.0,20.0,20.0
2021-07-16,3,23.9,84.9,0.0,0.0,20.0
2021-07-16,6,22.5,85.8,0.0,0.0,30.0
2021-07-16,9,27.8,79.4,1.0,90.0,30.0
2021-07-16,12,31.4,71.4,0.0,0.0,20.0
2021-07-16,15,33.7,73.5,4.0,270.0,25.0
2021-07-16,18,32.8,74.2,4.0,270.0,20.0
2021-07-16,21,23.0,93.5,1.0,320.0,20.0
2021-07-17,0,23.5,88.0,0.0,0.0,20.0
2021-07-17,3,22.3,91.2,2.0,120.0,20.0
2021-07-17,6,21.9,86.3,1.0,140.0,25.0
2021-07-17,9,26.5,81.6,1.0,50.0,20.0
2021-07-17,12,29.7,72.8,3.0,90.0,30.0
2021-07-17,15,30.1,69.5,3.0,90.0,30.0
2021-07-17,18,29.2,76.3,2.0,360.0,30.0
2021-07-17,21,23.7,88.6,2.0,360.0,20.0
2021-07-18,0,23.3,88.0,1.0,140.0,30.0
2021-07-18,3,23.4,88.5,2.0,50.0,30.0
2021-07-18,6,23.0,89.6,0.0,0.0,30.0
2021-07-18,9,25.3,81.5,2.0,120.0,30.0
2021-07-18,12,29.9,83.5,1.0,90.0,30.0
2021-07-18,15,31.6,68.1,1.0,140.0,30.0
2021-07-18,18,31.8,68.2,0.0,0.0,30.0
2021-07-18,21,27.8,79.4,2.0,270.0,30.0
2021-07-19,0,26.0,83.1,6.0,140.0,30.0
2021-07-19,3,23.2,86.4,0.0,0.0,30.0
2021-07-19,6,23.5,85.4,0.0,0.0,30.0
2021-07-19,9,26.3,82.1,1.0,90.0,30.0
2021-07-19,12,30.1,75.1,2.0,90.0,30.0
2021-07-19,15,27.8,79.4,4.0,270.0,20.0
2021-07-19,18,25.8,84.6,3.0,50.0,20.0
2021-07-19,21,25.5,86.6,1.0,90.0,20.0
2021-07-20,0,24.5,86.5,0.0,0.0,20.0
2021-07-20,3,23.2,86.4,1.0,90.0,20.0
2021-07-20,6,22.7,84.7,0.0,0.0,20.0
2021-07-20,9,26.7,80.2,0.0,0.0,20.0
2021-07-20,12,30.5,73.0,2.0,140.0,30.0
2021-07-20,15,31.8,69.8,0.0,0.0,30.0
2021-07-20,18,30.8,72.2,0.0,0.0,30.0
2021-07-20,21,28.4,79.0,0.0,0.0,30.0
2021-07-21,0,26.7,84.2,0.0,0.0,30.0
2021-07-21,3,25.6,84.5,0.0,0.0,30.0
2021-07-21,6,24.4,84.9,0.0,0.0,25.0
2021-07-21,9,29.5,80.6,0.0,0.0,25.0
2021-07-21,12,32.2,69.9,0.0,0.0,20.0
2021-07-21,15,33.8,67.4,0.0,0.0,20.0
2021-07-21,18,33.9,65.0,0.0,0.0,30.0
2021-07-21,21,30.7,74.3,0.0,0.0,20.0
2021-07-22,0,27.7,80.8,0.0,0.0,20.0
2021-07-22,3,26.1,80.6,2.0,50.0,20.0
2021-07-22,6,24.9,84.0,1.0,90.0,20.0
2021-07-22,9,29.1,79.1,2.0,90.0,20.0
2021-07-22,12,31.8,71.9,1.0,140.0,20.0
2021-07-22,15,33.9,66.2,2.0,140.0,20.0
2021-07-22,18,33.8,63.9,1.0,140.0,30.0
2021-07-22,21,29.2,73.2,1.0,230.0,30.0
2021-07-23,0,26.9,78.3,0.0,0.0,30.0
2021-07-23,3,24.9,81.9,0.0,0.0,30.0
2021-07-23,6,24.2,84.9,0.0,0.0,20.0
2021-07-23,9,29.0,81.9,0.0,0.0,20.0
2021-07-23,12,30.2,74.2,0.0,0.0,20.0
2021-07-23,15,33.8,69.4,0.0,0.0,20.0
2021-07-23,18,34.7,64.1,0.0,0.0,20.0
2021-07-23,21,28.5,83.4,2.0,230.0,20.0
2021-07-24,0,27.3,84.2,0.0,0.0,20.0
2021-07-24,3,25.8,84.6,0.0,0.0,20.0
2021-07-24,6,25.1,88.7,0.0,0.0,20.0
2021-07-24,9,29.1,87.5,0.0,0.0,20.0
2021-07-24,12,32.9,71.3,0.0,0.0,20.0
2021-07-24,15,34.9,60.8,0.0,0.0,20.0
2021-07-24,18,34.4,60.3,0.0,0.0,20.0
2021-07-24,21,28.6,80.0,1.0,230.0,20.0
2021-07-25,0,27.2,82.2,0.0,0.0,20.0
2021-07-25,3,25.7,83.0,0.0,0.0,20.0
2021-07-25,6,24.6,83.9,0.0,0.0,20.0
2021-07-25,9,30.0,76.9,0.0,0.0,18.0
2021-07-25,12,32.6,67.1,2.0,90.0,20.0
2021-07-25,15,33.9,62.8,4.0,90.0,30.0
2021-07-25,18,34.3,76.7,3.0,230.0,30.0
2021-07-25,21,28.8,74.9,1.0,270.0,30.0
2021-07-26,0,27.3,82.2,0.0,0.0,30.0
2021-07-26,3,25.8,83.5,0.0,0.0,30.0
2021-07-26,6,24.8,85.0,0.0,0.0,30.0
2021-07-26,9,28.7,83.4,1.0,90.0,30.0
2021-07-26,12,32.2,66.6,2.0,140.0,20.0
2021-07-26,15,33.9,65.0,2.0,140.0,20.0
2021-07-26,18,32.9,65.6,2.0,230.0,30.0
2021-07-26,21,28.0,82.3,1.0,250.0,30.0
2021-07-27,0,26.3,80.1,0.0,0.0,30.0
2021-07-27,3,25.8,83.0,0.0,0.0,20.0
2021-07-27,6,25.1,85.0,0.0,0.0,20.0
2021-07-27,9,30.3,80.2,3.0,90.0,20.0
2021-07-27,12,33.4,69.7,1.0,140.0,20.0
2021-07-27,15,34.2,67.0,0.0,0.0,20.0
2021-07-27,18,33.7,72.7,1.0,270.0,20.0
2021-07-27,21,28.4,80.4,1.0,230.0,20.0
2021-07-28,0,27.1,84.2,0.0,0.0,20.0
2021-07-28,3,25.7,88.2,0.0,0.0,20.0
2021-07-28,6,24.5,86.0,1.0,90.0,20.0
2021-07-28,9,29.2,80.0,1.0,140.0,20.0
2021-07-28,12,31.8,74.9,0.0,0.0,20.0
2021-07-28,15,33.0,72.5,0.0,0.0,20.0
2021-07-28,18,34.1,73.6,3.0,230.0,20.0
2021-07-28,21,29.2,81.5,2.0,250.0,20.0
2021-07-29,0,27.9,85.3,0.0,0.0,20.0
2021-07-29,3,26.5,86.2,2.0,90.0,10.0
2021-07-29,6,25.0,86.0,1.0,140.0,15.0
2021-07-29,9,27.1,84.2,0.0,0.0,20.0
2021-07-29,12,31.9,75.0,0.0,0.0,20.0
2021-07-29,15,33.7,70.2,3.0,230.0,20.0
2021-07-29,18,31.7,73.6,4.0,230.0,20.0
2021-07-29,21,27.6,87.8,3.0,230.0,20.0
2021-07-30,0,26.2,86.2,1.0,230.0,20.0
2021-07-30,3,24.3,87.0,1.0,230.0,20.0
2021-07-30,6,23.1,86.9,0.0,0.0,20.0
2021-07-30,9,27.7,82.8,1.0,90.0,20.0
2021-07-30,12,31.5,72.7,1.0,230.0,20.0
2021-07-30,15,33.8,67.4,3.0,230.0,20.0
2021-07-30,18,29.5,74.1,5.0,230.0,20.0
2021-07-30,21,28.5,80.4,1.0,270.0,30.0
2021-07-31,0,27.7,83.8,3.0,230.0,20.0
2021-07-31,3,26.1,84.6,3.0,230.0,20.0
2021-07-31,6,25.2,85.0,0.0,0.0,20.0
2021-07-31,9,27.5,82.7,1.0,180.0,20.0
2021-07-31,12,31.5,73.6,1.0,140.0,20.0
2021-07-31,15,32.7,72.5,1.0,140.0,20.0
2021-07-31,18,30.6,71.7,4.0,230.0,20.0
2021-07-31,21,27.4,82.2,1.0,270.0,20.0
2022-03-01,0,2.9,72.2,0.0,0.0,20.0
2022-03-01,3,2.5,75.4,0.0,0.0,20.0
2022-03-01,6,1.7,79.9,0.0,0.0,20.0
2022-03-01,9,2.8,84.2,0.0,0.0,10.0
2022-03-01,12,6.2,83.4,2.0,270.0,20.0
2022-03-01,15,8.4,66.4,3.0,320.0,20.0
2022-03-01,18,6.7,52.6,3.0,320.0,20.0
2022-03-01,21,0.9,51.0,3.0,290.0,20.0
2022-03-02,0,0.5,47.0,3.0,320.0,20.0
2022-03-02,3,-2.7,58.5,0.0,0.0,30.0
2022-03-02,6,-3.2,65.7,1.0,270.0,30.0
2022-03-02,9,-1.1,68.8,0.0,0.0,20.0
2022-03-02,12,6.8,46.0,0.0,0.0,20.0
2022-03-02,15,7.7,53.3,4.0,230.0,20.0
2022-03-02,18,5.6,57.6,5.0,230.0,20.0
2022-03-02,21,2.6,77.1,2.0,230.0,20.0
2022-03-03,0,1.1,86.5,0.0,0.0,20.0
2022-03-03,3,1.0,92.3,0.0,0.0,0.7
2022-03-03,6,-1.6,91.5,0.0,0.0,0.7
2022-03-03,9,1.1,96.5,0.0,0.0,0.3
2022-03-03,12,7.6,63.4,0.0,0.0,20.0
2022-03-03,15,10.6,36.7,1.0,230.0,20.0
2022-03-03,18,7.8,36.9,2.0,230.0,20.0
2022-03-03,21,3.3,50.5,0.0,0.0,20.0
2022-03-04,0,-0.7,63.3,0.0,0.0,20.0
2022-03-04,3,-2.5,65.9,0.0,0.0,20.0
2022-03-04,6,-3.2,69.4,0.0,0.0,20.0
2022-03-04,9,-0.8,81.3,0.0,0.0,20.0
2022-03-04,12,5.8,73.8,1.0,50.0,20.0
2022-03-04,15,10.5,60.5,9.0,230.0,20.0
2022-03-04,18,8.4,79.1,10.0,230.0,10.0
2022-03-04,21,6.6,75.6,3.0,230.0,10.0
2022-03-05,0,4.1,76.8,4.0,270.0,10.0
2022-03-05,3,1.8,63.9,6.0,320.0,10.0
2022-03-05,6,-0.1,54.4,5.0,320.0,10.0
2022-03-05,9,0.7,43.2,3.0,270.0,10.0
2022-03-05,12,3.6,34.8,10.0,270.0,20.0
2022-03-05,15,5.3,31.2,11.0,320.0,20.0
2022-03-05,18,2.6,33.4,10.0,320.0,20.0
2022-03-05,21,-0.3,38.6,1.0,320.0,20.0
2022-03-06,0,-2.3,45.1,2.0,230.0,20.0
2022-03-06,3,-1.9,52.6,1.0,270.0,20.0
2022-03-06,6,-0.8,42.4,2.0,320.0,20.0
2022-03-06,9,0.0,43.3,1.0,270.0,20.0
2022-03-06,12,3.0,34.6,3.0,340.0,20.0
2022-03-06,15,6.0,31.9,2.0,320.0,20.0
2022-03-06,18,5.3,32.4,2.0,270.0,20.0
2022-03-06,21,0.7,39.5,3.0,320.0,20.0
2022-03-07,0,-1.9,45.6,0.0,0.0,20.0
2022-03-07,3,-3.9,64.0,0.0,0.0,20.0
2022-03-07,6,-4.5,74.2,0.0,0.0,20.0
2022-03-07,9,-0.7,69.4,0.0,0.0,20.0
2022-03-07,12,4.6,43.7,0.0,0.0,20.0
2022-03-07,15,6.7,36.3,2.0,230.0,20.0
2022-03-07,18,5.0,38.7,3.0,270.0,20.0
2022-03-07,21,1.7,54.9,1.0,270.0,20.0
2022-03-08,0,1.2,64.2,0.0,0.0,20.0
2022-03-08,3,0.8,63.7,0.0,0.0,20.0
2022-03-08,6,0.7,69.2,0.0,0.0,20.0
2022-03-08,9,2.1,67.9,0.0,0.0,20.0
2022-03-08,12,9.3,56.5,3.0,180.0,20.0
2022-03-08,15,10.3,56.7,4.0,270.0,20.0
2022-03-08,18,8.0,60.8,2.0,270.0,20.0
2022-03-08,21,4.1,78.5,2.0,270.0,20.0
2022-03-09,0,1.7,85.3,1.0,270.0,20.0
2022-03-09,3,0.8,96.4,0.0,0.0,3.8
2022-03-09,6,-0.1,91.6,0.0,0.0,0.2
2022-03-09,9,-0.8,95.7,0.0,0.0,0.2
2022-03-09,12,3.5,89.9,0.0,0.0,1.5
2022-03-09,15,11.0,66.9,2.0,270.0,10.0
2022-03-09,18,9.7,55.8,1.0,230.0,20.0
2022-03-09,21,3.2,87.3,3.0,270.0,20.0
2022-03-10,0,1.3,82.8,0.0,0.0,20.0
2022-03-10,3,-0.1,83.8,0.0,0.0,20.0
2022-03-10,6,0.1,82.0,0.0,0.0,10.0
2022-03-10,9,2.7,80.6,0.0,0.0,10.0
2022-03-10,12,11.7,55.1,0.0,0.0,10.0
2022-03-10,15,14.9,32.6,3.0,270.0,20.0
2022-03-10,18,10.1,47.0,2.0,270.0,20.0
2022-03-10,21,5.9,75.5,0.0,0.0,10.0
2022-03-11,0,3.0,79.5,0.0,0.0,5.0
2022-03-11,3,2.0,81.7,0.0,0.0,15.0
2022-03-11,6,0.2,88.3,0.0,0.0,20.0
2022-03-11,9,4.0,84.9,0.0,0.0,20.0
2022-03-11,12,14.5,59.4,0.0,0.0,20.0
2022-03-11,15,16.9,45.3,3.0,320.0,20.0
2022-03-11,18,14.3,53.5,1.0,270.0,20.0
2022-03-11,21,9.7,76.6,0.0,0.0,20.0
2022-03-12,0,6.5,80.5,0.0,0.0,20.0
2022-03-12,3,4.2,85.0,0.0,0.0,20.0
2022-03-12,6,1.3,85.2,0.0,0.0,20.0
2022-03-12,9,5.0,82.7,1.0,90.0,20.0
2022-03-12,12,13.1,58.3,0.0,0.0,20.0
2022-03-12,15,16.8,62.1,2.0,180.0,20.0
2022-03-12,18,12.9,84.8,1.0,230.0,20.0
2022-03-12,21,10.3,89.2,0.0,0.0,4.5
2022-03-13,0,9.0,89.1,2.0,230.0,4.5
2022-03-13,3,8.8,92.2,1.0,360.0,15.0
2022-03-13,6,8.8,96.0,0.0,0.0,3.0
2022-03-13,9,9.1,91.6,0.0,0.0,0.7
2022-03-13,12,11.3,92.9,0.0,0.0,10.0
2022-03-13,15,12.9,86.5,0.0,0.0,10.0
2022-03-13,18,13.0,87.1,0.0,0.0,20.0
2022-03-13,21,10.7,91.0,0.0,0.0,20.0
2022-03-14,0,8.2,85.4,1.0,140.0,20.0
2022-03-14,3,7.3,84.1,1.0,50.0,20.0
2022-03-14,6,6.6,86.4,0.0,0.0,20.0
2022-03-14,9,7.3,84.1,0.0,0.0,20.0
2022-03-14,12,8.7,91.5,2.0,230.0,1.4
2022-03-14,15,6.4,92.7,4.0,230.0,3.4
2022-03-14,18,7.3,90.8,2.0,230.0,3.8
2022-03-14,21,5.9,59.4,4.0,230.0,20.0
2022-03-15,0,3.9,80.2,1.0,230.0,20.0
2022-03-15,3,2.3,85.4,1.0,270.0,20.0
2022-03-15,6,0.8,86.5,0.0,0.0,20.0
2022-03-15,9,2.6,86.0,0.0,0.0,20.0
2022-03-15,12,8.4,75.4,1.0,180.0,20.0
2022-03-15,15,10.6,69.7,0.0,0.0,10.0
2022-03-15,18,9.1,76.0,0.0,0.0,10.0
2022-03-15,21,4.8,80.9,1.0,270.0,20.0
2022-03-16,0,2.9,86.0,0.0,0.0,20.0
2022-03-16,3,1.3,86.5,0.0,0.0,20.0
2022-03-16,6,0.9,90.3,0.0,0.0,20.0
2022-03-16,9,4.1,88.0,0.0,0.0,20.0
2022-03-16,12,11.1,70.3,0.0,0.0,20.0
2022-03-16,15,15.5,48.2,3.0,320.0,20.0
2022-03-16,18,14.3,55.4,1.0,320.0,20.0
2022-03-16,21,10.5,63.2,2.0,270.0,20.0
2022-03-17,0,8.7,61.4,1.0,320.0,20.0
2022-03-17,3,7.8,64.4,0.0,0.0,20.0
2022-03-17,6,6.1,74.4,0.0,0.0,20.0
2022-03-17,9,7.6,74.7,3.0,320.0,20.0
2022-03-17,12,11.9,63.1,2.0,50.0,20.0
2022-03-17,15,14.7,50.7,3.0,320.0,20.0
2022-03-17,18,12.4,53.4,3.0,320.0,20.0
2022-03-17,21,7.9,56.5,5.0,50.0,20.0
2022-03-18,0,5.9,66.8,5.0,50.0,20.0
2022-03-18,3,5.3,73.7,5.0,50.0,30.0
2022-03-18,6,5.5,72.2,7.0,230.0,30.0
2022-03-18,9,6.6,71.9,6.0,50.0,30.0
2022-03-18,12,8.5,64.1,5.0,50.0,30.0
2022-03-18,15,8.3,59.6,6.0,50.0,30.0
2022-03-18,18,7.1,61.5,4.0,50.0,30.0
2022-03-18,21,4.5,64.5,4.0,50.0,30.0
2022-03-19,0,3.7,66.8,4.0,50.0,30.0
2022-03-19,3,3.5,69.7,4.0,50.0,30.0
2022-03-19,6,0.3,92.3,3.0,50.0,20.0
2022-03-19,9,0.4,93.7,4.0,50.0,4.5
2022-03-19,12,2.1,93.1,1.0,50.0,10.0
2022-03-19,15,5.7,72.2,1.0,50.0,20.0
2022-03-19,18,5.8,72.8,1.0,50.0,20.0
2022-03-19,21,4.7,79.1,1.0,50.0,20.0
2022-03-20,0,2.0,83.5,0.0,0.0,30.0
2022-03-20,3,1.0,88.4,0.0,0.0,20.0
2022-03-20,6,1.4,85.3,0.0,0.0,30.0
2022-03-20,9,2.5,84.2,0.0,0.0,20.0
2022-03-20,12,6.5,70.4,1.0,230.0,20.0
2022-03-20,15,7.6,68.1,2.0,230.0,20.0
2022-03-20,18,6.9,45.0,3.0,320.0,20.0
2022-03-20,21,2.7,49.9,4.0,320.0,20.0
2022-03-21,0,1.7,52.8,0.0,0.0,20.0
2022-03-21,3,0.5,57.6,1.0,270.0,20.0
2022-03-21,6,-1.7,75.2,1.0,270.0,20.0
2022-03-21,9,1.2,73.5,0.0,0.0,20.0
2022-03-21,12,7.8,54.9,0.0,0.0,20.0
2022-03-21,15,8.7,41.7,2.0,270.0,20.0
2022-03-21,18,6.7,47.0,4.0,230.0,20.0
2022-03-21,21,4.3,50.4,1.0,270.0,20.0
2022-03-22,0,4.1,49.9,1.0,90.0,20.0
2022-03-22,3,1.9,54.9,0.0,0.0,20.0
2022-03-22,6,1.3,60.9,0.0,0.0,20.0
2022-03-22,9,3.3,74.5,0.0,0.0,20.0
2022-03-22,12,9.0,59.3,0.0,0.0,20.0
2022-03-22,15,12.0,39.9,2.0,140.0,20.0
2022-03-22,18,10.3,44.0,3.0,230.0,20.0
2022-03-22,21,6.6,60.9,3.0,270.0,20.0
2022-03-23,0,5.5,60.2,1.0,140.0,20.0
2022-03-23,3,3.3,64.7,1.0,320.0,20.0
2022-03-23,6,2.7,68.6,1.0,320.0,20.0
2022-03-23,9,3.8,86.8,1.0,270.0,20.0
2022-03-23,12,5.5,53.1,0.0,0.0,20.0
2022-03-23,15,6.9,50.4,3.0,230.0,20.0
2022-03-23,18,5.7,66.7,4.0,230.0,20.0
2022-03-23,21,5.0,68.5,1.0,230.0,20.0
2022-03-24,0,4.9,70.0,0.0,0.0,20.0
2022-03-24,3,4.7,73.1,0.0,0.0,20.0
2022-03-24,6,4.4,80.2,1.0,90.0,20.0
2022-03-24,9,4.8,83.8,1.0,50.0,20.0
2022-03-24,12,6.8,83.5,1.0,50.0,20.0
2022-03-24,15,9.1,81.5,2.0,180.0,20.0
2022-03-24,18,9.5,79.9,1.0,180.0,20.0
2022-03-24,21,8.3,79.7,1.0,230.0,20.0
2022-03-25,0,6.7,82.3,0.0,0.0,20.0
2022-03-25,3,4.9,85.6,0.0,0.0,20.0
2022-03-25,6,3.5,84.9,0.0,0.0,15.0
2022-03-25,9,7.2,86.5,0.0,0.0,15.0
2022-03-25,12,12.2,76.0,0.0,0.0,15.0
2022-03-25,15,13.3,67.4,3.0,320.0,10.0
2022-03-25,18,14.3,61.9,3.0,320.0,10.0
2022-03-25,21,11.4,85.2,1.0,50.0,10.0
2022-03-26,0,10.5,90.4,8.0,50.0,5.0
2022-03-26,3,11.1,91.1,6.0,50.0,5.0
2022-03-26,6,11.5,91.7,0.0,0.0,5.0
2022-03-26,9,9.0,94.1,1.0,320.0,4.5
2022-03-26,12,10.9,85.7,0.0,0.0,20.0
2022-03-26,15,14.5,74.4,3.0,270.0,20.0
2022-03-26,18,14.3,67.6,4.0,270.0,20.0
2022-03-26,21,11.6,45.4,6.0,320.0,30.0
2022-03-27,0,10.1,44.6,6.0,320.0,30.0
2022-03-27,3,5.5,69.1,2.0,270.0,30.0
2022-03-27,6,4.2,76.8,0.0,0.0,30.0
2022-03-27,9,7.1,79.5,2.0,270.0,30.0
2022-03-27,12,10.3,55.1,4.0,270.0,30.0
2022-03-27,15,10.5,39.5,7.0,320.0,30.0
2022-03-27,18,8.4,39.1,8.0,320.0,30.0
2022-03-27,21,5.3,42.6,2.0,270.0,30.0
2022-03-28,0,3.0,45.9,1.0,270.0,30.0
2022-03-28,3,2.7,43.4,0.0,0.0,30.0
2022-03-28,6,-0.3,68.4,0.0,0.0,30.0
2022-03-28,9,5.9,63.9,0.0,0.0,20.0
2022-03-28,12,11.1,40.2,0.0,0.0,20.0
2022-03-28,15,13.5,38.9,1.0,230.0,20.0
2022-03-28,18,11.2,43.7,1.0,270.0,20.0
2022-03-28,21,5.9,48.2,2.0,270.0,20.0
2022-03-29,0,2.7,61.8,0.0,0.0,20.0
2022-03-29,3,0.7,75.1,0.0,0.0,20.0
2022-03-29,6,-0.1,82.0,0.0,0.0,20.0
2022-03-29,9,4.9,73.1,0.0,0.0,20.0
2022-03-29,12,12.3,55.3,3.0,230.0,20.0
2022-03-29,15,14.9,47.3,2.0,230.0,20.0
2022-03-29,18,12.8,49.5,1.0,230.0,20.0
2022-03-29,21,8.8,67.9,0.0,0.0,20.0
2022-03-30,0,6.5,80.5,1.0,90.0,20.0
2022-03-30,3,5.1,82.7,0.0,0.0,20.0
2022-03-30,6,4.5,85.0,0.0,0.0,20.0
2022-03-30,9,6.1,87.6,0.0,0.0,20.0
2022-03-30,12,11.6,74.9,0.0,0.0,20.0
2022-03-30,15,11.5,76.9,0.0,0.0,20.0
2022-03-30,18,10.9,83.4,0.0,0.0,20.0
2022-03-30,21,9.9,84.4,0.0,0.0,20.0
2022-03-31,0,9.5,86.7,0.0,0.0,10.0
2022-03-31,3,8.9,86.1,1.0,270.0,20.0
2022-03-31,6,8.5,83.7,0.0,0.0,20.0
2022-03-31,9,9.4,83.8,0.0,0.0,20.0
2022-03-31,12,12.2,68.1,0.0,0.0,30.0
2022-03-31,15,13.1,56.3,0.0,0.0,20.0
2022-03-31,18,13.3,47.2,1.0,90.0,20.0
2022-03-31,21,7.8,71.6,1.0,90.0,30.0
2022-04-01,0,5.7,79.9,0.0,0.0,30.0
2022-04-01,3,3.3,84.2,1.0,320.0,30.0
2022-04-01,6,2.9,86.0,1.0,50.0,30.0
2022-04-01,9,7.9,70.6,1.0,20.0,30.0
2022-04-01,12,12.1,48.2,0.0,0.0,30.0
2022-04-01,15,14.3,41.2,2.0,230.0,30.0
2022-04-01,18,10.5,47.4,3.0,230.0,20.0
2022-04-01,21,7.1,50.4,1.0,270.0,20.0
2022-04-02,0,3.9,66.8,0.0,0.0,20.0
2022-04-02,3,2.3,76.5,0.0,0.0,20.0
2022-04-02,6,0.3,80.2,0.0,0.0,20.0
2022-04-02,9,5.8,73.8,0.0,0.0,20.0
2022-04-02,12,11.6,45.4,2.0,230.0,20.0
2022-04-02,15,12.3,41.2,4.0,270.0,20.0
2022-04-02,18,11.4,48.4,3.0,270.0,20.0
2022-04-02,21,6.8,70.9,1.0,230.0,20.0
2022-04-03,0,3.3,81.3,0.0,0.0,20.0
2022-04-03,3,1.5,85.3,0.0,0.0,10.0
2022-04-03,6,0.4,86.4,0.0,0.0,10.0
2022-04-03,9,5.3,84.5,0.0,0.0,10.0
2022-04-03,12,12.5,52.3,2.0,140.0,20.0
2022-04-03,15,16.0,43.5,4.0,140.0,20.0
2022-04-03,18,12.3,56.1,4.0,140.0,20.0
2022-04-03,21,7.7,77.4,0.0,0.0,10.0
2022-04-04,0,5.7,82.8,0.0,0.0,10.0
2022-04-04,3,3.9,84.9,0.0,0.0,10.0
2022-04-04,6,1.5,91.0,0.0,0.0,10.0
2022-04-04,9,7.1,88.3,0.0,0.0,10.0
2022-04-04,12,14.1,47.8,4.0,270.0,20.0
2022-04-04,15,15.3,46.1,0.0,0.0,20.0
2022-04-04,18,12.3,46.9,3.0,270.0,20.0
2022-04-04,21,7.1,64.7,0.0,0.0,20.0
2022-04-05,0,5.7,78.2,1.0,270.0,20.0
2022-04-05,3,3.5,84.9,0.0,0.0,20.0
2022-04-05,6,1.0,90.4,0.0,0.0,20.0
2022-04-05,9,6.2,83.4,1.0,90.0,20.0
2022-04-05,12,12.9,45.4,1.0,270.0,20.0
2022-04-05,15,14.3,40.6,4.0,230.0,20.0
2022-04-05,18,10.5,41.0,3.0,270.0,20.0
2022-04-05,21,8.9,55.2,1.0,230.0,20.0
2022-04-06,0,8.0,73.7,2.0,230.0,20.0
2022-04-06,3,7.5,83.0,1.0,320.0,20.0
2022-04-06,6,5.7,90.7,0.0,0.0,20.0
2022-04-06,9,9.4,81.5,1.0,270.0,20.0
2022-04-06,12,14.1,42.9,2.0,270.0,20.0
2022-04-06,15,16.3,29.8,0.0,0.0,20.0
2022-04-06,18,14.9,29.6,0.0,0.0,20.0
2022-04-06,21,10.9,30.7,1.0,270.0,20.0
2022-04-07,3,7.6,52.8,3.0,270.0,20.0
2022-04-07,6,6.9,58.4,0.0,0.0,20.0
2022-04-07,9,9.1,55.2,0.0,0.0,20.0
2022-04-07,12,12.9,49.2,4.0,230.0,20.0
2022-04-07,15,14.2,48.8,5.0,230.0,20.0
2022-04-07,18,10.3,54.4,2.0,230.0,20.0
2022-04-07,21,8.0,73.7,2.0,250.0,20.0
2022-04-08,0,5.9,81.6,0.0,0.0,20.0
2022-04-08,3,3.7,84.9,0.0,0.0,20.0
2022-04-08,6,2.6,89.2,0.0,0.0,20.0
2022-04-08,9,8.9,86.1,0.0,0.0,20.0
2022-04-08,12,15.3,57.6,0.0,0.0,20.0
2022-04-08,15,17.1,44.7,4.0,270.0,20.0
2022-04-08,18,16.1,42.0,0.0,0.0,20.0
2022-04-08,21,11.2,53.4,0.0,0.0,20.0
2022-04-09,0,9.3,65.6,0.0,0.0,20.0
2022-04-09,3,8.7,70.3,0.0,0.0,20.0
2022-04-09,6,7.7,72.1,0.0,0.0,20.0
2022-04-09,9,14.3,61.9,0.0,0.0,20.0
2022-04-09,12,19.9,50.7,4.0,230.0,20.0
2022-04-09,15,21.9,44.6,4.0,230.0,20.0
2022-04-09,18,19.7,44.9,3.0,230.0,20.0
2022-04-09,21,15.5,55.7,2.0,230.0,20.0
2022-04-10,0,14.1,62.3,0.0,0.0,20.0
2022-04-10,3,11.7,71.9,0.0,0.0,20.0
2022-04-10,6,9.7,81.6,0.0,0.0,20.0
2022-04-10,9,15.6,74.6,1.0,90.0,20.0
2022-04-10,12,20.9,43.7,5.0,230.0,20.0
2022-04-10,15,21.9,39.2,4.0,230.0,20.0
2022-04-10,18,18.9,49.8,2.0,230.0,20.0
2022-04-10,21,14.9,71.0,0.0,0.0,20.0
2022-04-11,0,12.9,81.4,0.0,0.0,20.0
2022-04-11,3,11.9,81.8,1.0,90.0,20.0
2022-04-11,6,11.7,84.6,1.0,90.0,20.0
2022-04-11,9,16.9,85.2,1.0,90.0,20.0
2022-04-11,12,22.2,64.9,2.0,230.0,20.0
2022-04-11,15,24.3,60.2,2.0,270.0,20.0
2022-04-11,18,22.3,63.7,0.0,0.0,20.0
2022-04-11,21,16.9,84.6,2.0,270.0,20.0
2022-04-12,0,16.6,88.5,2.0,270.0,20.0
2022-04-12,3,14.4,88.9,1.0,270.0,4.8
2022-04-12,6,14.7,90.7,0.0,0.0,4.0
2022-04-12,9,16.6,89.7,1.0,140.0,20.0
2022-04-12,12,19.4,80.2,3.0,200.0,20.0
2022-04-12,15,17.6,84.2,3.0,230.0,20.0
2022-04-12,18,14.2,86.6,2.0,230.0,20.0
2022-04-12,21,13.8,87.7,3.0,90.0,20.0
2022-04-13,0,13.6,87.1,0.0,0.0,10.0
2022-04-13,3,11.8,86.9,3.0,50.0,20.0
2022-04-13,6,10.6,80.0,5.0,50.0,20.0
2022-04-13,9,10.7,74.7,5.0,50.0,20.0
2022-04-13,12,12.2,68.1,8.0,50.0,20.0
2022-04-13,15,16.0,42.9,5.0,50.0,20.0
2022-04-13,18,15.1,40.8,7.0,50.0,20.0
2022-04-13,21,12.6,43.7,7.0,50.0,20.0
2022-04-14,0,11.4,41.5,8.0,50.0,20.0
2022-04-14,3,11.0,40.5,6.0,50.0,30.0
2022-04-14,6,10.7,44.5,6.0,50.0,30.0
2022-04-14,9,11.1,50.8,6.0,50.0,30.0
2022-04-14,12,13.2,53.6,6.0,90.0,30.0
2022-04-14,15,16.3,45.8,6.0,50.0,30.0
2022-04-14,18,16.3,38.9,4.0,90.0,30.0
2022-04-14,21,12.3,41.2,4.0,90.0,20.0
2022-04-15,0,9.9,46.9,3.0,90.0,20.0
2022-04-15,3,7.9,47.0,1.0,90.0,20.0
2022-04-15,6,6.4,50.6,1.0,90.0,30.0
2022-04-15,9,11.1,50.1,1.0,90.0,30.0
2022-04-15,12,16.1,36.2,3.0,270.0,30.0
2022-04-15,15,16.9,31.7,4.0,320.0,20.0
2022-04-15,18,16.7,45.9,3.0,270.0,30.0
2022-04-15,21,11.9,46.8,3.0,20.0,20.0
2022-04-16,0,9.7,55.8,1.0,50.0,20.0
2022-04-16,3,6.9,67.0,0.0,0.0,20.0
2022-04-16,6,4.3,78.5,0.0,0.0,20.0
2022-04-16,9,11.0,75.3,0.0,0.0,20.0
2022-04-16,12,17.1,40.6,1.0,230.0,20.0
2022-04-16,15,19.0,37.3,5.0,230.0,20.0
2022-04-16,18,15.7,40.4,4.0,230.0,20.0
2022-04-16,21,10.5,66.4,0.0,0.0,20.0
2022-04-17,0,7.9,78.0,0.0,0.0,20.0
2022-04-17,3,5.1,82.7,0.0,0.0,10.0
2022-04-17,6,4.9,91.9,0.0,0.0,3.8
2022-04-17,9,7.7,90.2,0.0,0.0,2.8
2022-04-17,12,15.9,59.4,0.0,0.0,20.0
2022-04-17,15,19.4,46.6,3.0,230.0,20.0
2022-04-17,18,15.7,42.2,3.0,230.0,20.0
2022-04-17,21,11.1,66.0,1.0,270.0,20.0
2022-04-18,0,10.3,73.6,1.0,270.0,20.0
2022-04-18,3,8.9,77.0,0.0,0.0,20.0
2022-04-18,6,8.5,82.0,0.0,0.0,20.0
2022-04-18,9,11.5,80.1,0.0,0.0,13.0
2022-04-18,12,17.3,51.1,0.0,0.0,20.0
2022-04-18,15,17.8,41.6,4.0,230.0,20.0
2022-04-18,18,16.6,44.9,3.0,230.0,20.0
2022-04-18,21,11.8,60.9,0.0,0.0,20.0
2022-04-19,0,9.8,76.7,1.0,320.0,20.0
2022-04-19,3,7.5,81.3,0.0,0.0,20.0
2022-04-19,6,5.5,79.8,0.0,0.0,3.8
2022-04-19,9,11.8,80.2,0.0,0.0,3.8
2022-04-19,12,18.1,58.3,0.0,0.0,20.0
2022-04-19,15,19.6,44.8,3.0,230.0,10.0
2022-04-19,18,16.8,47.2,3.0,270.0,10.0
2022-04-19,21,11.5,64.7,1.0,320.0,10.0
2022-04-20,0,9.1,77.1,0.0,0.0,10.0
2022-04-20,3,6.6,82.3,0.0,0.0,6.0
2022-04-20,6,5.3,85.7,0.0,0.0,3.8
2022-04-20,9,12.6,83.6,0.0,0.0,3.8
2022-04-20,12,18.8,48.4,0.0,0.0,20.0
2022-04-20,15,19.4,40.4,3.0,270.0,20.0
2022-04-20,18,18.0,42.3,3.0,270.0,20.0
2022-04-20,21,11.8,69.9,1.0,270.0,20.0
2022-04-21,0,9.0,80.3,0.0,0.0,20.0
2022-04-21,3,6.9,85.3,0.0,0.0,20.0
2022-04-21,6,5.5,84.5,0.0,0.0,20.0
2022-04-21,9,11.8,78.0,0.0,0.0,20.0
2022-04-21,12,18.3,40.1,0.0,0.0,20.0
2022-04-21,15,20.4,33.9,7.0,230.0,20.0
2022-04-21,18,15.8,61.4,7.0,230.0,20.0
2022-04-21,21,14.6,61.5,2.0,230.0,20.0
2022-04-22,0,13.8,66.6,0.0,0.0,20.0
2022-04-22,3,11.9,74.9,0.0,0.0,20.0
2022-04-22,6,12.8,75.6,2.0,230.0,20.0
2022-04-22,9,13.5,81.5,0.0,0.0,20.0
2022-04-22,12,13.0,93.0,4.0,230.0,3.0
2022-04-22,15,13.5,87.1,3.0,230.0,10.0
2022-04-22,18,14.1,87.2,0.0,0.0,10.0
2022-04-22,21,12.8,87.0,3.0,270.0,5.0
2022-04-23,0,11.6,91.7,0.0,0.0,3.5
2022-04-23,3,9.3,89.1,0.0,0.0,5.0
2022-04-23,6,8.9,89.7,0.0,0.0,0.2
2022-04-23,9,8.9,89.7,0.0,0.0,3.8
2022-04-23,12,17.4,71.5,0.0,0.0,20.0
2022-04-23,15,22.6,39.6,0.0,0.0,20.0
2022-04-23,18,22.6,39.6,3.0,230.0,20.0
2022-04-23,21,16.9,49.9,0.0,0.0,20.0
2022-04-24,0,13.7,69.4,0.0,0.0,20.0
2022-04-24,3,11.1,74.8,0.0,0.0,20.0
2022-04-24,6,12.1,83.0,0.0,0.0,3.8
2022-04-24,9,12.1,88.1,0.0,0.0,1.1
2022-04-24,12,16.1,86.2,0.0,0.0,3.0
2022-04-24,15,18.0,76.4,2.0,270.0,10.0
2022-04-24,18,17.6,76.9,1.0,230.0,10.0
2022-04-24,21,14.2,85.5,2.0,230.0,15.0
2022-04-25,0,14.2,87.8,0.0,0.0,3.5
2022-04-25,3,15.4,84.5,0.0,0.0,3.0
2022-04-25,6,14.3,87.8,0.0,0.0,1.0
2022-04-25,9,15.9,86.8,0.0,0.0,3.6
2022-04-25,12,18.7,84.3,0.0,0.0,20.0
2022-04-25,15,22.0,75.6,0.0,0.0,10.0
2022-04-25,18,21.5,74.6,0.0,0.0,10.0
2022-04-25,21,18.7,82.7,0.0,0.0,10.0
2022-04-26,0,17.6,85.8,0.0,0.0,10.0
2022-04-26,3,17.6,84.2,0.0,0.0,10.0
2022-04-26,6,16.6,88.0,0.0,0.0,10.0
2022-04-26,9,20.7,77.4,0.0,0.0,10.0
2022-04-26,12,25.8,43.6,4.0,320.0,20.0
2022-04-26,15,27.6,37.7,4.0,320.0,20.0
2022-04-26,18,23.9,41.9,4.0,320.0,20.0
2022-04-26,21,18.1,67.5,6.0,320.0,20.0
2022-04-27,0,16.0,39.1,3.0,320.0,20.0
2022-04-27,3,13.5,47.3,3.0,320.0,20.0
2022-04-27,6,12.5,32.3,8.0,320.0,20.0
2022-04-27,9,16.2,33.7,0.0,0.0,20.0
2022-04-27,12,19.2,27.9,1.0,180.0,20.0
2022-04-27,15,22.6,25.2,3.0,230.0,20.0
2022-04-27,18,21.8,22.6,1.0,230.0,20.0
2022-04-27,21,16.4,27.9,2.0,320.0,20.0
2022-04-28,0,13.5,31.0,0.0,0.0,20.0
2022-04-28,3,9.4,52.6,0.0,0.0,20.0
2022-04-28,6,8.4,64.5,0.0,0.0,20.0
2022-04-28,9,14.3,63.2,0.0,0.0,20.0
2022-04-28,12,20.7,36.0,0.0,0.0,20.0
2022-04-28,15,22.3,32.4,3.0,230.0,20.0
2022-04-28,18,19.8,35.2,4.0,230.0,20.0
2022-04-28,21,15.0,57.9,5.0,50.0,20.0
2022-04-29,0,13.6,65.7,5.0,50.0,20.0
2022-04-29,3,10.1,86.8,5.0,50.0,20.0
2022-04-29,6,9.1,77.1,3.0,90.0,20.0
2022-04-29,9,8.1,87.2,5.0,50.0,20.0
2022-04-29,12,11.9,70.9,7.0,50.0,30.0
2022-04-29,15,15.1,60.0,4.0,90.0,30.0
2022-04-29,18,14.1,56.5,4.0,50.0,30.0
2022-04-29,21,10.9,62.8,2.0,90.0,20.0
2022-04-30,0,9.2,86.7,0.0,0.0,20.0
2022-04-30,3,8.9,77.0,0.0,0.0,30.0
2022-04-30,6,8.7,82.0,0.0,0.0,30.0
2022-04-30,9,11.0,76.3,0.0,0.0,30.0
2022-04-30,12,14.9,67.8,4.0,230.0,20.0
2022-04-30,15,15.4,68.8,5.0,270.0,20.0
2022-04-30,18,13.7,68.9,3.0,270.0,20.0
2022-04-30,21,11.2,71.3,1.0,270.0,20.0
2022-05-01,0,8.3,74.3,0.0,0.0,20.0
2022-05-01,3,5.1,80.9,0.0,0.0,20.0
2022-05-01,6,4.1,84.9,0.0,0.0,10.0
2022-05-01,9,10.3,82.2,0.0,0.0,15.0
2022-05-01,12,16.9,42.5,4.0,270.0,20.0
2022-05-01,15,18.2,42.0,7.0,230.0,20.0
2022-05-01,18,14.1,56.5,7.0,230.0,20.0
2022-05-01,21,11.3,73.8,3.0,230.0,20.0
2022-05-02,0,9.0,82.6,0.0,0.0,20.0
2022-05-02,3,6.4,85.8,0.0,0.0,20.0
2022-05-02,6,5.3,90.7,0.0,0.0,0.3
2022-05-02,9,7.4,94.0,0.0,0.0,0.3
2022-05-02,12,16.4,40.6,3.0,290.0,20.0
2022-05-02,15,18.4,31.7,4.0,270.0,20.0
2022-05-02,18,17.8,30.4,3.0,320.0,20.0
2022-05-02,21,14.9,39.6,2.0,320.0,20.0
2022-05-03,0,10.7,50.7,2.0,320.0,20.0
2022-05-03,3,7.2,73.0,0.0,0.0,20.0
2022-05-03,6,5.2,80.9,0.0,0.0,20.0
2022-05-03,9,12.7,70.1,0.0,0.0,20.0
2022-05-03,12,18.0,34.0,6.0,230.0,20.0
2022-05-03,15,17.9,29.8,5.0,270.0,20.0
2022-05-03,18,15.1,40.3,3.0,270.0,20.0
2022-05-03,21,11.1,53.0,0.0,0.0,20.0
2022-05-04,0,8.5,67.8,0.0,0.0,20.0
2022-05-04,3,6.6,77.8,0.0,0.0,20.0
2022-05-04,6,5.5,82.7,0.0,0.0,20.0
2022-05-04,9,13.8,57.6,0.0,0.0,20.0
2022-05-04,12,21.3,48.1,4.0,230.0,20.0
2022-05-04,15,22.2,47.1,4.0,230.0,20.0
2022-05-04,18,17.3,50.0,2.0,230.0,20.0
2022-05-04,21,14.7,67.7,1.0,230.0,20.0
2022-05-05,0,11.9,79.7,0.0,0.0,20.0
2022-05-05,3,9.7,86.7,0.0,0.0,20.0
2022-05-05,6,8.1,86.0,0.0,0.0,20.0
2022-05-05,9,16.4,59.1,0.0,0.0,20.0
2022-05-05,12,21.1,42.3,3.0,230.0,20.0
2022-05-05,15,22.3,44.1,4.0,230.0,30.0
2022-05-05,18,20.4,53.0,4.0,230.0,30.0
2022-05-05,21,16.2,73.7,1.0,270.0,25.0
2022-05-06,0,12.9,84.8,0.0,0.0,25.0
2022-05-06,3,11.9,86.4,0.0,0.0,20.0
2022-05-06,6,11.3,88.7,0.0,0.0,20.0
2022-05-06,9,17.5,82.0,0.0,0.0,20.0
2022-05-06,12,20.9,68.1,3.0,230.0,20.0
2022-05-06,15,23.7,62.8,3.0,270.0,20.0
2022-05-06,18,19.8,74.8,3.0,270.0,20.0
2022-05-06,21,17.0,84.7,3.0,270.0,20.0
2022-05-07,0,15.6,90.2,3.0,270.0,20.0
2022-05-07,3,15.1,90.2,2.0,230.0,15.0
2022-05-07,6,14.8,89.0,1.0,270.0,10.0
2022-05-07,9,15.6,78.1,2.0,320.0,20.0
2022-05-07,12,20.7,31.5,6.0,320.0,20.0
2022-05-07,15,20.5,21.1,5.0,320.0,30.0
2022-05-07,18,19.8,22.5,2.0,320.0,30.0
2022-05-07,21,17.1,26.1,1.0,320.0,30.0
2022-05-08,0,16.4,31.1,3.0,50.0,30.0
2022-05-08,3,14.3,37.5,3.0,90.0,30.0
2022-05-08,6,13.0,44.2,2.0,90.0,30.0
2022-05-08,9,15.1,49.4,2.0,50.0,30.0
2022-05-08,12,16.3,44.2,1.0,90.0,30.0
2022-05-08,15,16.4,45.2,3.0,50.0,30.0
2022-05-08,18,12.8,66.9,6.0,50.0,30.0
2022-05-08,21,10.4,85.1,7.0,50.0,20.0
2022-05-09,0,9.4,83.8,0.0,0.0,20.0
2022-05-09,3,8.9,86.1,0.0,0.0,30.0
2022-05-09,6,7.5,92.7,0.0,0.0,30.0
2022-05-09,9,14.3,81.1,0.0,0.0,20.0
2022-05-09,12,19.2,52.3,0.0,0.0,30.0
2022-05-09,15,22.7,35.1,0.0,0.0,20.0
2022-05-09,18,23.4,29.9,0.0,0.0,30.0
2022-05-09,21,16.2,54.8,1.0,230.0,20.0
2022-05-10,0,13.4,76.2,0.0,0.0,20.0
2022-05-10,3,11.0,86.3,0.0,0.0,20.0
2022-05-10,6,10.0,85.0,0.0,0.0,30.0
2022-05-10,9,14.7,80.1,0.0,0.0,30.0
2022-05-10,12,22.2,31.0,0.0,0.0,30.0
2022-05-10,15,24.6,28.2,0.0,0.0,30.0
2022-05-10,18,22.0,28.5,3.0,270.0,20.0
2022-05-10,21,18.4,32.2,3.0,270.0,20.0
2022-05-11,0,16.8,38.2,2.0,270.0,20.0
2022-05-11,3,15.1,60.0,0.0,0.0,20.0
2022-05-11,6,14.4,65.4,0.0,0.0,25.0
2022-05-11,9,19.1,53.0,0.0,0.0,20.0
2022-05-11,12,22.4,45.0,3.0,230.0,30.0
2022-05-11,15,22.7,48.8,3.0,230.0,30.0
2022-05-11,18,19.1,57.0,3.0,230.0,30.0
2022-05-11,21,16.0,76.1,1.0,270.0,25.0
2022-05-12,0,14.2,82.1,0.0,0.0,25.0
2022-05-12,3,13.6,84.3,0.0,0.0,20.0
2022-05-12,6,11.1,86.9,0.0,0.0,20.0
2022-05-12,9,16.8,78.3,0.0,0.0,20.0
2022-05-12,12,22.3,42.6,1.0,90.0,20.0
2022-05-12,15,27.1,34.7,3.0,270.0,20.0
2022-05-12,18,23.8,43.9,1.0,270.0,20.0
2022-05-12,21,19.5,47.6,0.0,0.0,20.0
2022-05-13,0,17.0,47.9,1.0,50.0,20.0
2022-05-13,3,15.6,53.1,0.0,0.0,20.0
2022-05-13,6,12.3,64.9,0.0,0.0,30.0
2022-05-13,9,19.7,53.5,0.0,0.0,30.0
2022-05-13,12,24.0,37.2,0.0,0.0,30.0
2022-05-13,15,22.9,33.9,0.0,0.0,30.0
2022-05-13,18,18.7,40.7,5.0,320.0,30.0
2022-05-13,21,15.7,52.1,0.0,0.0,20.0
2022-05-14,0,13.7,65.7,0.0,0.0,20.0
2022-05-14,3,10.7,71.7,1.0,250.0,20.0
2022-05-14,6,8.0,80.2,1.0,140.0,20.0
2022-05-14,9,15.7,58.9,2.0,270.0,20.0
2022-05-14,12,18.7,31.6,7.0,320.0,25.0
2022-05-14,15,19.4,25.4,7.0,320.0,25.0
2022-05-14,18,16.5,32.6,7.0,320.0,25.0
2022-05-14,21,14.3,41.2,5.0,320.0,25.0
2022-05-15,0,11.6,48.4,3.0,320.0,25.0
2022-05-15,3,9.5,59.0,0.0,0.0,25.0
2022-05-15,6,6.3,80.5,1.0,90.0,25.0
2022-05-15,9,15.9,61.0,0.0,0.0,25.0
2022-05-15,12,19.8,34.2,3.0,320.0,25.0
2022-05-15,15,20.4,31.6,5.0,320.0,25.0
2022-05-15,18,20.6,32.1,3.0,270.0,25.0
2022-05-15,21,14.9,42.0,5.0,270.0,25.0
2022-05-16,0,11.7,56.7,0.0,0.0,25.0
2022-05-16,3,8.9,77.0,0.0,0.0,25.0
2022-05-16,6,7.5,87.1,0.0,0.0,25.0
2022-05-16,9,15.7,80.7,0.0,0.0,25.0
2022-05-16,12,20.9,64.7,4.0,230.0,20.0
2022-05-16,15,20.4,61.7,5.0,230.0,20.0
2022-05-16,18,17.8,69.7,4.0,230.0,20.0
2022-05-16,21,15.1,85.6,0.0,0.0,20.0
2022-05-17,0,13.4,87.1,0.0,0.0,20.0
2022-05-17,3,12.3,89.9,0.0,0.0,10.0
2022-05-17,6,11.7,92.3,0.0,0.0,5.0
2022-05-17,9,15.4,83.9,0.0,0.0,5.0
2022-05-17,12,22.2,64.1,2.0,180.0,20.0
2022-05-17,15,24.3,56.5,3.0,230.0,20.0
2022-05-17,18,20.7,65.5,4.0,230.0,20.0
2022-05-17,21,16.2,80.3,0.0,0.0,20.0
2022-05-18,0,13.4,88.3,0.0,0.0,15.0
2022-05-18,3,12.9,89.4,0.0,0.0,5.0
2022-05-18,6,14.3,87.8,0.0,0.0,4.5
2022-05-18,9,15.6,91.4,0.0,0.0,10.0
2022-05-18,12,21.2,61.1,3.0,230.0,20.0
2022-05-18,15,21.2,60.3,4.0,180.0,20.0
2022-05-18,18,20.6,63.3,4.0,230.0,20.0
2022-05-18,21,16.6,75.2,3.0,230.0,20.0
2022-05-19,0,14.7,82.7,0.0,0.0,15.0
2022-05-19,3,12.4,90.6,0.0,0.0,10.0
2022-05-19,6,11.9,91.1,0.0,0.0,10.0
2022-05-19,9,17.9,77.4,2.0,90.0,10.0
2022-05-19,12,23.2,54.8,2.0,140.0,20.0
2022-05-19,15,23.2,56.2,2.0,180.0,20.0
2022-05-19,18,20.0,63.6,2.0,230.0,20.0
2022-05-19,21,16.0,76.1,2.0,230.0,20.0
2022-05-20,0,15.0,76.5,0.0,0.0,20.0
2022-05-20,3,13.2,85.9,0.0,0.0,20.0
2022-05-20,6,11.5,91.7,0.0,0.0,20.0
2022-05-20,9,17.2,74.8,1.0,90.0,20.0
2022-05-20,12,22.3,58.2,2.0,230.0,20.0
2022-05-20,15,23.7,44.8,1.0,270.0,20.0
2022-05-20,18,21.4,55.7,3.0,270.0,20.0
2022-05-20,21,17.6,75.9,3.0,230.0,20.0
2022-05-21,0,16.5,86.3,1.0,230.0,20.0
2022-05-21,3,16.4,89.7,0.0,0.0,20.0
2022-05-21,6,16.0,89.1,0.0,0.0,2.0
2022-05-21,9,17.5,85.8,1.0,230.0,10.0
2022-05-21,12,20.5,71.6,1.0,270.0,20.0
2022-05-21,15,22.2,69.7,3.0,230.0,20.0
2022-05-21,18,19.2,78.1,2.0,230.0,20.0
2022-05-21,21,15.8,85.1,2.0,270.0,10.0
2022-05-22,0,15.0,87.8,1.0,270.0,10.0
2022-05-22,3,14.4,89.5,0.0,0.0,2.0
2022-05-22,6,14.5,88.9,0.0,0.0,2.0
2022-05-22,9,15.3,90.2,1.0,180.0,2.0
2022-05-22,12,17.1,83.6,0.0,0.0,10.0
2022-05-22,15,20.5,77.3,0.0,0.0,20.0
2022-05-22,18,22.2,69.7,0.0,0.0,20.0
2022-05-22,21,18.4,82.1,0.0,0.0,20.0
2022-05-23,0,15.9,89.1,0.0,0.0,10.0
2022-05-23,3,14.7,90.7,0.0,0.0,2.0
2022-05-23,6,14.9,89.6,0.0,0.0,0.2
2022-05-23,9,17.3,89.7,0.0,0.0,0.9
2022-05-23,12,23.8,76.9,0.0,0.0,4.6
2022-05-23,15,27.8,59.9,0.0,0.0,16.0
2022-05-23,18,24.1,60.9,2.0,230.0,18.0
2022-05-23,21,18.6,80.1,2.0,270.0,15.0
2022-05-24,0,16.4,86.3,0.0,0.0,10.0
2022-05-24,3,14.8,84.4,0.0,0.0,2.0
2022-05-24,6,13.9,97.4,0.0,0.0,0.3
2022-05-24,9,17.8,88.1,0.0,0.0,2.9
2022-05-24,12,26.6,52.2,2.0,270.0,16.0
2022-05-24,15,27.5,47.0,3.0,230.0,20.0
2022-05-24,18,25.3,53.2,3.0,230.0,20.0
2022-05-24,21,18.4,80.6,1.0,230.0,20.0
2022-05-25,0,16.9,86.9,1.0,270.0,20.0
2022-05-25,3,15.0,89.0,1.0,90.0,3.6
2022-05-25,6,15.5,85.6,0.0,0.0,2.0
2022-05-25,9,18.8,85.4,0.0,0.0,6.0
2022-05-25,12,22.3,75.2,1.0,230.0,10.0
2022-05-25,15,22.9,66.8,5.0,270.0,20.0
2022-05-25,18,18.2,81.6,5.0,270.0,10.0
2022-05-25,21,16.7,88.5,5.0,270.0,10.0
2022-05-26,0,14.4,87.8,4.0,270.0,20.0
2022-05-26,3,12.5,90.6,1.0,270.0,20.0
2022-05-26,6,11.9,89.3,0.0,0.0,20.0
2022-05-26,9,15.3,87.9,0.0,0.0,20.0
2022-05-26,12,19.3,62.2,6.0,230.0,30.0
2022-05-26,15,20.6,48.9,7.0,270.0,30.0
2022-05-26,18,19.5,45.4,7.0,270.0,30.0
2022-05-26,21,16.7,69.5,6.0,250.0,30.0
2022-05-27,0,15.9,79.7,3.0,230.0,30.0
2022-05-27,3,15.7,84.0,0.0,0.0,30.0
2022-05-27,6,14.1,87.7,1.0,270.0,20.0
2022-05-27,9,17.4,75.9,2.0,270.0,20.0
2022-05-27,12,22.2,60.5,3.0,270.0,20.0
2022-05-27,15,23.5,58.1,4.0,230.0,20.0
2022-05-27,18,21.4,59.5,5.0,270.0,20.0
2022-05-27,21,17.0,72.9,1.0,270.0,30.0
2022-05-28,0,15.4,81.8,0.0,0.0,30.0
2022-05-28,3,12.9,88.2,0.0,0.0,30.0
2022-05-28,6,12.4,88.8,0.0,0.0,20.0
2022-05-28,9,17.1,84.7,0.0,0.0,10.0
2022-05-28,12,24.3,58.7,1.0,180.0,20.0
2022-05-28,15,25.9,61.7,5.0,270.0,10.0
2022-05-28,18,22.8,65.1,6.0,270.0,10.0
2022-05-28,21,19.3,81.7,3.0,230.0,10.0
2022-05-29,0,17.4,85.8,0.0,0.0,10.0
2022-05-29,3,17.4,89.7,1.0,180.0,10.0
2022-05-29,6,17.5,88.0,2.0,180.0,15.0
2022-05-29,9,19.2,84.4,0.0,0.0,15.0
2022-05-29,12,20.6,84.0,1.0,180.0,5.0
2022-05-29,15,23.2,74.4,1.0,270.0,20.0
2022-05-29,18,24.4,66.3,2.0,270.0,10.0
2022-05-29,21,20.4,76.3,1.0,270.0,15.0
2022-05-30,0,17.8,87.0,0.0,0.0,15.0
2022-05-30,3,17.3,85.8,0.0,0.0,10.0
2022-05-30,6,16.5,88.5,0.0,0.0,10.0
2022-05-30,9,19.7,87.7,1.0,270.0,20.0
2022-05-30,12,21.9,79.5,2.0,230.0,20.0
2022-05-30,15,21.8,77.5,4.0,270.0,20.0
2022-05-30,18,18.6,86.5,3.0,320.0,20.0
2022-05-30,21,17.1,62.5,2.0,270.0,30.0
2022-05-31,0,14.9,65.9,1.0,320.0,30.0
2022-05-31,3,13.5,69.8,1.0,270.0,30.0
2022-05-31,6,11.3,82.9,0.0,0.0,30.0
2022-05-31,9,17.9,79.0,0.0,0.0,30.0
2022-05-31,12,21.5,61.9,1.0,50.0,30.0
2022-05-31,15,23.9,33.1,6.0,270.0,30.0
2022-05-31,18,22.7,27.3,1.0,180.0,30.0
2022-05-31,21,17.9,44.3,0.0,0.0,30.0
2022-06-01,0,14.9,53.7,0.0,0.0,30.0
2022-06-01,3,13.7,76.8,0.0,0.0,30.0
2022-06-01,6,13.2,70.7,0.0,0.0,30.0
2022-06-01,9,20.4,60.1,1.0,140.0,30.0
2022-06-01,12,25.2,46.1,3.0,270.0,30.0
2022-06-01,15,26.3,40.2,3.0,270.0,30.0
2022-06-01,18,23.7,45.4,3.0,270.0,30.0
2022-06-01,21,18.3,75.5,3.0,270.0,30.0
2022-06-02,0,16.0,85.1,0.0,0.0,30.0
2022-06-02,3,14.9,85.5,0.0,0.0,30.0
2022-06-02,6,14.3,87.8,0.0,0.0,5.0
2022-06-02,9,18.2,87.0,0.0,0.0,20.0
2022-06-02,12,23.4,72.2,1.0,270.0,20.0
2022-06-02,15,23.7,64.9,2.0,270.0,20.0
2022-06-02,18,22.9,68.9,2.0,230.0,20.0
2022-06-02,21,18.8,82.7,2.0,230.0,20.0
2022-06-03,0,18.2,89.2,1.0,270.0,20.0
2022-06-03,3,18.3,85.9,1.0,230.0,20.0
2022-06-03,6,18.2,85.3,1.0,50.0,20.0
2022-06-03,9,20.6,80.9,0.0,0.0,20.0
2022-06-03,12,25.2,64.8,0.0,0.0,20.0
2022-06-03,15,29.2,53.9,3.0,230.0,20.0
2022-06-03,18,25.6,60.1,3.0,230.0,20.0
2022-06-03,21,20.6,80.9,1.0,270.0,20.0
2022-06-04,0,19.0,80.6,3.0,90.0,20.0
2022-06-04,3,18.0,78.5,1.0,90.0,20.0
2022-06-04,6,17.8,80.0,0.0,0.0,20.0
2022-06-04,9,22.0,75.6,2.0,180.0,10.0
2022-06-04,12,26.7,65.1,0.0,0.0,20.0
2022-06-04,15,27.9,53.9,0.0,0.0,20.0
2022-06-04,18,27.7,55.2,0.0,0.0,20.0
2022-06-04,21,24.3,61.0,1.0,50.0,20.0
2022-06-05,0,22.0,69.6,1.0,90.0,20.0
2022-06-05,3,20.1,75.3,2.0,140.0,20.0
2022-06-05,6,19.8,76.7,0.0,0.0,20.0
2022-06-05,9,23.1,73.9,0.0,0.0,20.0
2022-06-05,12,25.4,55.7,2.0,50.0,20.0
2022-06-05,15,24.4,55.4,4.0,140.0,20.0
2022-06-05,18,21.6,61.9,3.0,90.0,20.0
2022-06-05,21,20.4,73.5,2.0,90.0,20.0
2022-06-06,0,19.0,78.6,2.0,50.0,20.0
2022-06-06,3,18.1,81.6,5.0,50.0,20.0
2022-06-06,6,15.3,90.2,4.0,50.0,10.0
2022-06-06,9,15.1,82.8,4.0,90.0,20.0
2022-06-06,12,18.1,76.5,8.0,90.0,20.0
2022-06-06,15,20.8,59.8,7.0,90.0,30.0
2022-06-06,18,20.3,56.6,7.0,50.0,30.0
2022-06-06,21,16.3,63.2,7.0,50.0,30.0
2022-06-07,0,14.7,65.9,5.0,90.0,30.0
2022-06-07,3,13.9,70.4,4.0,50.0,20.0
2022-06-07,6,14.4,71.4,2.0,50.0,20.0
2022-06-07,9,17.4,67.4,2.0,50.0,30.0
2022-06-07,12,20.7,56.7,2.0,90.0,30.0
2022-06-07,15,23.5,50.0,3.0,320.0,30.0
2022-06-07,18,22.7,49.8,2.0,90.0,30.0
2022-06-07,21,18.0,62.3,4.0,90.0,30.0
2022-06-08,0,16.0,68.9,4.0,50.0,30.0
2022-06-08,3,15.6,69.3,3.0,50.0,30.0
2022-06-08,6,14.6,71.4,1.0,50.0,30.0
2022-06-08,9,17.8,67.5,2.0,90.0,30.0
2022-06-08,12,23.1,62.3,0.0,0.0,20.0
2022-06-08,15,25.7,54.7,2.0,90.0,20.0
2022-06-08,18,24.5,56.9,2.0,140.0,20.0
2022-06-08,21,19.3,80.2,1.0,270.0,20.0
2022-06-09,0,18.0,84.8,0.0,0.0,20.0
2022-06-09,3,17.7,85.8,0.0,0.0,20.0
2022-06-09,6,17.4,86.4,0.0,0.0,20.0
2022-06-09,9,18.2,89.2,0.0,0.0,5.0
2022-06-09,12,20.6,82.4,0.0,0.0,20.0
2022-06-09,15,23.5,66.9,3.0,230.0,20.0
2022-06-09,18,21.0,76.4,2.0,230.0,20.0
2022-06-09,21,18.3,84.3,0.0,0.0,20.0
2022-06-10,0,16.8,88.6,0.0,0.0,20.0
2022-06-10,3,15.7,86.8,0.0,0.0,20.0
2022-06-10,6,14.8,89.5,0.0,0.0,20.0
2022-06-10,9,19.0,86.5,1.0,270.0,20.0
2022-06-10,12,20.0,82.3,1.0,320.0,20.0
2022-06-10,15,19.2,78.1,3.0,320.0,20.0
2022-06-10,18,20.0,82.9,0.0,0.0,20.0
2022-06-10,21,18.5,86.5,0.0,0.0,20.0
2022-06-11,0,16.8,88.6,0.0,0.0,20.0
2022-06-11,3,16.3,86.2,0.0,0.0,20.0
2022-06-11,6,15.7,89.0,0.0,0.0,20.0
2022-06-11,9,19.2,84.4,0.0,0.0,20.0
2022-06-11,12,26.1,55.1,3.0,270.0,20.0
2022-06-11,15,29.1,50.2,3.0,320.0,20.0
2022-06-11,18,26.9,51.9,3.0,320.0,20.0
2022-06-11,21,22.4,61.3,5.0,50.0,20.0
2022-06-12,0,19.8,67.0,5.0,50.0,30.0
2022-06-12,3,18.1,73.5,5.0,50.0,30.0
2022-06-12,6,17.2,77.8,0.0,0.0,30.0
2022-06-12,9,22.2,65.8,3.0,270.0,20.0
2022-06-12,12,26.7,55.6,2.0,140.0,20.0
2022-06-12,15,29.1,50.2,2.0,270.0,20.0
2022-06-12,18,26.8,54.6,1.0,270.0,20.0
2022-06-12,21,22.2,78.1,2.0,230.0,20.0
2022-06-13,0,20.4,85.0,1.0,180.0,15.0
2022-06-13,3,20.0,85.0,0.0,0.0,10.0
2022-06-13,6,19.5,86.6,0.0,0.0,3.8
2022-06-13,9,21.0,83.0,0.0,0.0,10.0
2022-06-13,12,23.9,64.5,5.0,270.0,20.0
2022-06-13,15,24.6,67.1,3.0,50.0,20.0
2022-06-13,18,18.2,92.1,4.0,90.0,10.0
2022-06-13,21,18.9,81.7,4.0,50.0,20.0
2022-06-14,0,18.1,76.5,3.0,50.0,20.0
2022-06-14,3,17.3,75.8,7.0,50.0,20.0
2022-06-14,6,17.2,77.8,6.0,50.0,30.0
2022-06-14,9,20.5,66.7,6.0,50.0,20.0
2022-06-14,12,24.2,55.4,6.0,270.0,20.0
2022-06-14,15,23.9,51.8,6.0,50.0,30.0
2022-06-14,18,21.4,61.9,6.0,50.0,30.0
2022-06-14,21,19.4,59.8,5.0,50.0,30.0
2022-06-15,0,17.0,72.9,5.0,50.0,20.0
2022-06-15,3,14.1,89.5,1.0,50.0,10.0
2022-06-15,6,14.3,85.5,4.0,50.0,10.0
2022-06-15,9,14.1,90.7,2.0,50.0,10.0
2022-06-15,12,15.6,90.2,2.0,50.0,10.0
2022-06-15,15,16.2,94.4,3.0,50.0,10.0
2022-06-15,18,16.6,91.4,2.0,50.0,10.0
2022-06-15,21,16.7,81.4,1.0,50.0,20.0
2022-06-16,0,17.0,92.0,0.0,0.0,20.0
2022-06-16,3,16.4,85.1,0.0,0.0,20.0
2022-06-16,6,16.6,87.4,2.0,320.0,20.0
2022-06-16,9,18.1,87.0,1.0,270.0,20.0
2022-06-16,12,21.6,79.5,2.0,270.0,20.0
2022-06-16,15,22.7,76.7,3.0,230.0,20.0
2022-06-16,18,22.6,72.0,1.0,230.0,20.0
2022-06-16,21,18.7,79.6,1.0,230.0,20.0
2022-06-17,0,17.1,86.3,0.0,0.0,20.0
2022-06-17,3,15.1,87.8,0.0,0.0,20.0
2022-06-17,6,14.4,87.8,0.0,0.0,20.0
2022-06-17,9,20.0,87.7,0.0,0.0,20.0
2022-06-17,12,22.9,80.2,0.0,0.0,10.0
2022-06-17,15,25.5,75.3,1.0,230.0,10.0
2022-06-17,18,24.4,77.4,2.0,270.0,10.0
2022-06-17,21,21.5,91.2,1.0,320.0,10.0
2022-06-18,0,21.2,88.4,0.0,0.0,10.0
2022-06-18,3,20.7,86.1,0.0,0.0,10.0
2022-06-18,6,20.3,88.8,0.0,0.0,3.5
2022-06-18,9,22.0,88.4,0.0,0.0,10.0
2022-06-18,12,22.6,86.3,1.0,180.0,10.0
2022-06-18,15,22.9,88.5,1.0,230.0,20.0
2022-06-18,18,22.9,88.5,3.0,230.0,20.0
2022-06-18,21,21.3,84.6,0.0,0.0,20.0
2022-06-19,0,20.9,87.2,0.0,0.0,20.0
2022-06-19,3,20.7,88.9,0.0,0.0,20.0
2022-06-19,6,20.7,86.7,0.0,0.0,20.0
2022-06-19,9,21.3,90.6,0.0,0.0,3.0
2022-06-19,12,23.2,88.5,1.0,230.0,10.0
2022-06-19,15,22.7,89.6,3.0,230.0,20.0
2022-06-19,18,23.1,86.9,1.0,270.0,20.0
2022-06-19,21,22.1,88.4,0.0,0.0,20.0
2022-06-20,0,21.1,90.0,0.0,0.0,20.0
2022-06-20,3,21.1,87.8,0.0,0.0,20.0
2022-06-20,6,21.0,88.3,0.0,0.0,2.0
2022-06-20,9,22.5,89.0,0.0,0.0,3.2
2022-06-20,12,24.6,82.4,0.0,0.0,20.0
2022-06-20,15,28.2,73.9,0.0,0.0,20.0
2022-06-20,18,27.2,65.6,0.0,0.0,20.0
2022-06-20,21,23.7,79.8,0.0,0.0,20.0
2022-06-21,0,21.5,88.4,0.0,0.0,5.0
2022-06-21,3,20.7,95.8,0.0,0.0,0.4
2022-06-21,6,19.8,96.3,0.0,0.0,0.2
2022-06-21,9,23.3,88.0,0.0,0.0,2.7
2022-06-21,12,27.4,77.9,1.0,230.0,20.0
2022-06-21,15,30.5,72.5,3.0,230.0,20.0
2022-06-21,18,27.8,77.0,3.0,230.0,20.0
2022-06-21,21,23.9,84.9,1.0,230.0,20.0
2022-06-22,0,22.3,89.0,1.0,230.0,20.0
2022-06-22,3,21.8,87.9,0.0,0.0,20.0
2022-06-22,6,21.1,88.9,2.0,250.0,20.0
2022-06-22,9,22.6,88.5,1.0,230.0,20.0
2022-06-22,12,26.2,77.7,2.0,230.0,20.0
2022-06-22,15,27.6,72.0,3.0,230.0,20.0
2022-06-22,18,25.6,76.7,2.0,230.0,20.0
2022-06-22,21,23.2,84.3,0.0,0.0,20.0
2022-06-23,0,22.1,85.7,0.0,0.0,20.0
2022-06-23,3,21.1,87.8,0.0,0.0,20.0
2022-06-23,6,20.8,90.6,0.0,0.0,0.7
2022-06-23,9,21.6,90.6,1.0,90.0,1.1
2022-06-23,12,22.5,92.4,0.0,0.0,1.0
2022-06-23,15,22.2,91.8,3.0,50.0,10.0
2022-06-23,18,22.0,91.8,4.0,50.0,10.0
2022-06-23,21,22.2,92.9,5.0,230.0,5.0
2022-06-24,0,22.0,96.4,5.0,230.0,4.0
2022-06-24,3,21.3,99.4,3.0,270.0,0.4
2022-06-24,6,20.8,95.2,0.0,0.0,15.0
2022-06-24,9,22.9,91.3,1.0,270.0,15.0
2022-06-24,12,22.8,89.6,5.0,230.0,10.0
2022-06-24,15,22.7,89.6,4.0,230.0,10.0
2022-06-24,18,23.9,85.9,4.0,230.0,20.0
2022-06-24,21,21.8,87.3,5.0,230.0,10.0
2022-06-25,0,21.1,87.3,0.0,0.0,3.5
2022-06-25,3,19.8,85.5,2.0,230.0,3.5
2022-06-25,6,19.8,98.2,1.0,230.0,3.5
2022-06-25,9,22.6,76.7,1.0,180.0,10.0
2022-06-25,12,24.7,87.6,0.0,0.0,10.0
2022-06-25,15,28.3,81.4,3.0,230.0,20.0
2022-06-25,18,26.6,85.2,2.0,270.0,20.0
2022-06-25,21,24.3,85.4,2.0,180.0,10.0
2022-06-26,0,24.1,86.5,3.0,180.0,10.0
2022-06-26,3,23.3,85.3,4.0,230.0,10.0
2022-06-26,6,23.3,89.1,4.0,180.0,10.0
2022-06-26,9,23.2,91.3,4.0,230.0,4.1
2022-06-26,12,24.3,91.4,1.0,180.0,4.6
2022-06-26,15,25.5,90.3,4.0,230.0,20.0
2022-06-26,18,25.3,87.6,2.0,230.0,20.0
2022-06-26,21,25.0,89.8,1.0,230.0,15.0
2022-06-27,0,24.6,90.8,0.0,0.0,15.0
2022-06-27,3,24.0,89.7,3.0,230.0,20.0
2022-06-27,6,23.5,94.1,0.0,0.0,15.0
2022-06-27,9,24.6,92.5,0.0,0.0,15.0
2022-06-27,12,25.7,90.4,2.0,180.0,13.0
2022-06-27,15,24.6,89.7,4.0,180.0,10.0
2022-06-27,18,24.6,89.7,6.0,180.0,20.0
2022-06-27,21,24.7,94.2,10.0,200.0,10.0
2022-06-28,0,25.4,90.9,8.0,180.0,15.0
2022-06-28,3,25.2,90.3,11.0,230.0,20.0
2022-06-28,6,25.3,87.1,10.0,230.0,20.0
2022-06-28,9,25.7,88.2,11.0,230.0,20.0
2022-06-28,12,24.7,90.3,10.0,230.0,20.0
2022-06-28,15,24.3,90.8,10.0,230.0,10.0
2022-06-28,18,24.3,90.8,10.0,230.0,10.0
2022-06-28,21,24.9,88.1,4.0,230.0,20.0
2022-06-29,0,24.0,89.7,6.0,230.0,20.0
2022-06-29,3,24.2,94.7,11.0,230.0,10.0
2022-06-29,6,23.5,95.9,10.0,230.0,10.0
2022-06-29,9,23.5,89.6,10.0,230.0,5.0
2022-06-29,12,23.7,90.2,4.0,230.0,5.0
2022-06-29,15,23.3,89.6,0.0,0.0,5.0
2022-06-29,18,23.7,89.7,4.0,230.0,5.0
2022-06-29,21,23.2,97.0,4.0,230.0,2.0
2022-06-30,0,23.1,98.2,3.0,230.0,2.0
2022-06-30,3,23.0,97.0,0.0,0.0,2.0
2022-06-30,6,22.2,96.4,1.0,90.0,10.0
2022-06-30,9,21.8,90.6,0.0,0.0,4.0
2022-06-30,12,21.7,94.6,2.0,230.0,4.0
2022-06-30,15,22.1,93.5,1.0,50.0,4.0
2022-06-30,18,20.8,91.7,2.0,90.0,10.0
2022-06-30,21,20.8,95.2,1.0,50.0,4.0
2022-07-01,0,20.9,97.0,1.0,90.0,4.0
2022-07-01,3,21.4,97.6,0.0,0.0,10.0
2022-07-01,6,22.9,91.8,0.0,0.0,20.0
2022-07-01,9,23.5,88.0,0.0,0.0,13.0
2022-07-01,12,27.2,89.4,2.0,230.0,20.0
2022-07-01,15,28.6,90.0,4.0,230.0,13.0
2022-07-01,18,28.7,86.9,2.0,230.0,30.0
2022-07-01,21,24.9,89.8,4.0,270.0,20.0
2022-07-02,0,24.5,90.8,0.0,0.0,20.0
2022-07-02,3,23.6,93.0,0.0,0.0,20.0
2022-07-02,6,22.8,87.4,1.0,230.0,20.0
2022-07-02,9,25.9,90.4,0.0,0.0,20.0
2022-07-02,12,27.9,86.8,0.0,0.0,20.0
2022-07-02,15,30.8,81.2,1.0,270.0,20.0
2022-07-02,18,30.1,77.4,0.0,0.0,20.0
2022-07-02,21,26.5,86.2,1.0,270.0,20.0
2022-07-03,0,24.7,90.3,0.0,0.0,10.0
2022-07-03,3,23.2,92.4,0.0,0.0,3.8
2022-07-03,6,22.1,93.5,0.0,0.0,0.8
2022-07-03,9,26.1,87.2,0.0,0.0,10.0
2022-07-03,12,30.5,73.0,0.0,0.0,20.0
2022-07-03,15,32.5,71.6,2.0,270.0,20.0
2022-07-03,18,31.7,73.2,2.0,320.0,20.0
2022-07-03,21,27.4,82.2,1.0,270.0,20.0
2022-07-04,0,25.4,86.1,0.0,0.0,20.0
2022-07-04,3,24.3,89.2,0.0,0.0,10.0
2022-07-04,6,23.2,88.0,0.0,0.0,10.0
2022-07-04,9,27.5,88.4,0.0,0.0,10.0
2022-07-04,12,30.1,78.8,0.0,0.0,20.0
2022-07-04,15,32.2,72.0,3.0,270.0,20.0
2022-07-04,18,31.2,76.2,3.0,270.0,20.0
2022-07-04,21,28.7,82.4,0.0,0.0,15.0
2022-07-05,0,27.8,81.8,0.0,0.0,15.0
2022-07-05,3,26.2,88.8,0.0,0.0,15.0
2022-07-05,6,25.4,89.8,0.0,0.0,12.0
2022-07-05,9,27.5,88.4,0.0,0.0,20.0
2022-07-05,12,31.1,80.3,0.0,0.0,20.0
2022-07-05,15,33.7,73.1,3.0,270.0,20.0
2022-07-05,18,27.7,80.8,3.0,50.0,20.0
2022-07-05,21,26.0,85.6,1.0,90.0,20.0
2022-07-06,0,25.1,88.7,0.0,0.0,20.0
2022-07-06,3,24.1,89.1,0.0,0.0,20.0
2022-07-06,6,24.2,89.2,0.0,0.0,20.0
2022-07-06,9,26.3,89.3,0.0,0.0,20.0
2022-07-06,12,29.1,88.0,0.0,0.0,20.0
2022-07-06,15,30.7,79.8,2.0,90.0,10.0
2022-07-06,18,31.0,83.6,2.0,90.0,10.0
2022-07-06,21,28.2,88.4,1.0,50.0,15.0
2022-07-07,0,28.2,80.9,2.0,90.0,15.0
2022-07-07,3,25.5,90.3,0.0,0.0,20.0
2022-07-07,6,25.3,89.8,1.0,90.0,20.0
2022-07-07,9,26.7,87.8,0.0,0.0,20.0
2022-07-07,12,27.9,83.3,5.0,360.0,20.0
2022-07-07,15,26.3,90.4,4.0,90.0,20.0
2022-07-07,18,26.1,90.4,6.0,180.0,20.0
2022-07-07,21,24.8,98.2,2.0,270.0,10.0
2022-07-08,0,24.6,96.5,4.0,230.0,10.0
2022-07-08,3,23.4,97.6,3.0,230.0,5.0
2022-07-08,6,23.1,95.8,4.0,230.0,10.0
2022-07-08,9,23.5,88.0,0.0,0.0,10.0
2022-07-08,12,23.7,91.3,0.0,0.0,10.0
2022-07-08,15,23.5,89.6,0.0,0.0,10.0
2022-07-08,18,23.7,89.7,1.0,90.0,10.0
2022-07-08,21,23.5,92.4,0.0,0.0,3.5
2022-07-09,0,23.5,94.7,0.0,0.0,3.7
2022-07-09,3,23.3,94.7,1.0,270.0,3.7
2022-07-09,6,23.2,96.4,1.0,270.0,0.4
2022-07-09,9,25.1,88.7,0.0,0.0,10.0
2022-07-09,12,27.9,85.8,0.0,0.0,20.0
2022-07-09,15,29.5,86.0,0.0,0.0,10.0
2022-07-09,18,29.3,82.0,1.0,90.0,20.0
2022-07-09,21,25.5,86.1,1.0,270.0,20.0
2022-07-10,0,24.1,87.5,0.0,0.0,10.0
2022-07-10,3,23.5,93.0,0.0,0.0,3.5
2022-07-10,6,22.8,94.7,0.0,0.0,3.5
2022-07-10,9,25.5,87.7,0.0,0.0,5.0
2022-07-10,12,29.5,83.0,0.0,0.0,10.0
2022-07-10,15,32.5,77.3,0.0,0.0,20.0
2022-07-10,18,29.5,76.8,1.0,230.0,20.0
2022-07-10,21,27.0,76.0,1.0,230.0,20.0
2022-07-11,0,22.8,91.3,3.0,230.0,20.0
2022-07-11,3,22.7,90.1,0.0,0.0,20.0
2022-07-11,6,23.1,91.8,0.0,0.0,10.0
2022-07-11,9,24.1,89.1,0.0,0.0,10.0
2022-07-11,12,27.5,82.7,0.0,0.0,10.0
2022-07-11,15,28.4,86.4,0.0,0.0,20.0
2022-07-11,18,27.1,81.2,1.0,50.0,20.0
2022-07-11,21,24.6,80.4,4.0,50.0,30.0
2022-07-12,0,23.5,81.2,2.0,90.0,30.0
2022-07-12,3,22.2,84.2,3.0,90.0,30.0
2022-07-12,6,21.5,85.1,4.0,90.0,30.0
2022-07-12,9,24.0,84.9,2.0,50.0,30.0
2022-07-12,12,26.7,78.7,2.0,90.0,30.0
2022-07-12,15,27.7,76.5,3.0,90.0,30.0
2022-07-12,18,27.5,82.2,1.0,50.0,30.0
2022-07-12,21,26.1,84.1,0.0,0.0,20.0
2022-07-13,0,24.7,89.2,1.0,90.0,20.0
2022-07-13,3,24.2,89.7,1.0,90.0,20.0
2022-07-13,6,23.3,91.9,0.0,0.0,20.0
2022-07-13,9,23.1,89.6,0.0,0.0,5.0
2022-07-13,12,23.3,89.1,3.0,320.0,5.0
2022-07-13,15,23.7,92.4,7.0,90.0,2.0
2022-07-13,18,23.7,92.4,1.0,90.0,5.0
2022-07-13,21,24.1,94.7,2.0,230.0,5.0
2022-07-14,0,23.7,94.7,0.0,0.0,5.0
2022-07-14,3,21.9,95.8,2.0,90.0,5.0
2022-07-14,6,21.2,95.2,1.0,50.0,20.0
2022-07-14,9,22.5,87.9,0.0,0.0,20.0
2022-07-14,12,25.9,84.6,0.0,0.0,20.0
2022-07-14,15,28.2,80.9,2.0,270.0,20.0
2022-07-14,18,26.2,87.2,4.0,270.0,30.0
2022-07-14,21,24.0,92.5,1.0,270.0,20.0
2022-07-15,0,23.1,93.0,0.0,0.0,20.0
2022-07-15,3,21.2,96.4,0.0,0.0,3.0
2022-07-15,6,21.4,97.6,0.0,0.0,0.6
2022-07-15,9,22.7,89.6,0.0,0.0,20.0
2022-07-15,12,27.1,85.7,2.0,230.0,20.0
2022-07-15,15,28.3,81.4,2.0,230.0,20.0
2022-07-15,18,25.9,81.6,5.0,230.0,20.0
2022-07-15,21,23.3,85.3,4.0,230.0,20.0
2022-07-16,0,22.7,89.6,0.0,0.0,10.0
2022-07-16,3,22.5,91.2,0.0,0.0,10.0
2022-07-16,6,22.4,94.7,0.0,0.0,10.0
2022-07-16,9,24.3,88.1,0.0,0.0,10.0
2022-07-16,12,27.1,82.7,0.0,0.0,10.0
2022-07-16,15,25.5,76.2,0.0,0.0,20.0
2022-07-16,18,23.8,87.0,0.0,0.0,20.0
2022-07-16,21,23.1,93.5,0.0,0.0,20.0
2022-07-17,0,22.7,95.8,1.0,90.0,20.0
2022-07-17,3,22.2,96.4,0.0,0.0,10.0
2022-07-17,6,21.7,94.6,0.0,0.0,10.0
2022-07-17,9,22.7,88.5,0.0,0.0,10.0
2022-07-17,12,26.3,87.2,0.0,0.0,20.0
2022-07-17,15,28.3,81.9,4.0,230.0,20.0
2022-07-17,18,26.3,82.1,3.0,270.0,20.0
2022-07-17,21,23.7,85.4,0.0,0.0,20.0
2022-07-18,0,23.5,88.6,0.0,0.0,20.0
2022-07-18,3,22.9,91.3,0.0,0.0,20.0
2022-07-18,6,22.6,90.1,0.0,0.0,5.0
2022-07-18,9,25.1,86.0,0.0,0.0,10.0
2022-07-18,12,29.0,77.2,1.0,140.0,20.0
2022-07-18,15,30.9,72.6,0.0,0.0,20.0
2022-07-18,18,29.0,77.2,0.0,0.0,20.0
2022-07-18,21,25.6,85.6,1.0,230.0,15.0
2022-07-19,0,24.3,87.0,1.0,270.0,15.0
2022-07-19,3,23.6,93.6,0.0,0.0,10.0
2022-07-19,6,22.9,94.7,0.0,0.0,3.7
2022-07-19,9,26.1,87.2,0.0,0.0,10.0
2022-07-19,12,28.9,77.2,0.0,0.0,10.0
2022-07-19,15,30.5,74.3,3.0,270.0,20.0
2022-07-19,18,28.9,81.9,4.0,270.0,20.0
2022-07-19,21,25.3,89.8,4.0,270.0,5.0
2022-07-20,0,24.6,93.0,0.0,0.0,10.0
2022-07-20,3,24.1,92.5,0.0,0.0,10.0
2022-07-20,6,23.7,94.1,0.0,0.0,10.0
2022-07-20,9,25.8,87.7,0.0,0.0,10.0
2022-07-20,12,28.2,79.0,0.0,0.0,20.0
2022-07-20,15,27.3,72.0,3.0,230.0,20.0
2022-07-20,18,26.3,84.1,2.0,270.0,20.0
2022-07-20,21,25.3,92.5,0.0,0.0,10.0
2022-07-21,0,23.3,93.0,2.0,90.0,20.0
2022-07-21,3,19.0,93.3,3.0,90.0,10.0
2022-07-21,6,19.2,95.1,3.0,50.0,10.0
2022-07-21,9,20.7,90.0,1.0,180.0,10.0
2022-07-21,12,24.1,83.9,3.0,140.0,20.0
2022-07-21,15,25.2,86.1,2.0,140.0,10.0
2022-07-21,18,25.9,86.1,0.0,0.0,30.0
2022-07-21,21,23.9,88.1,2.0,320.0,30.0
2022-07-22,0,23.0,90.7,1.0,320.0,30.0
2022-07-22,3,21.8,92.3,0.0,0.0,30.0
2022-07-22,6,21.6,92.9,0.0,0.0,10.0
2022-07-22,9,22.7,89.6,0.0,0.0,5.0
2022-07-22,12,25.1,88.7,0.0,0.0,20.0
2022-07-22,15,26.3,84.1,1.0,140.0,20.0
2022-07-22,18,26.5,85.1,2.0,230.0,20.0
2022-07-22,21,24.1,89.1,1.0,230.0,10.0
2022-07-23,0,23.1,93.0,0.0,0.0,3.8
2022-07-23,3,22.8,93.5,0.0,0.0,3.5
2022-07-23,6,22.4,95.8,0.0,0.0,2.0
2022-07-23,9,23.3,89.6,0.0,0.0,2.0
2022-07-23,12,24.1,89.7,0.0,0.0,5.0
2022-07-23,15,26.4,84.6,3.0,230.0,10.0
2022-07-23,18,23.9,89.7,0.0,0.0,5.0
2022-07-23,21,19.6,93.4,3.0,90.0,10.0
2022-07-24,0,20.7,96.4,5.0,50.0,10.0
2022-07-24,3,21.0,96.4,4.0,50.0,10.0
2022-07-24,6,21.2,93.4,2.0,50.0,10.0
2022-07-24,9,22.0,90.1,0.0,0.0,20.0
2022-07-24,12,25.1,90.3,1.0,90.0,5.0
2022-07-24,15,25.1,90.3,0.0,0.0,5.0
2022-07-24,18,25.5,89.3,0.0,0.0,20.0
2022-07-24,21,23.8,90.8,0.0,0.0,20.0
2022-07-25,0,23.3,93.0,0.0,0.0,20.0
2022-07-25,3,22.6,91.2,0.0,0.0,20.0
2022-07-25,6,21.2,93.4,0.0,0.0,20.0
2022-07-25,9,25.1,88.7,0.0,0.0,30.0
2022-07-25,12,28.1,84.8,0.0,0.0,30.0
2022-07-25,15,30.5,77.0,0.0,0.0,30.0
2022-07-25,18,28.7,77.2,2.0,230.0,30.0
2022-07-25,21,25.5,87.7,1.0,230.0,20.0
2022-07-26,0,23.9,90.2,0.0,0.0,20.0
2022-07-26,3,23.0,92.4,0.0,0.0,10.0
2022-07-26,6,22.2,97.0,0.0,0.0,0.4
2022-07-26,9,24.7,88.7,0.0,0.0,4.0
2022-07-26,12,29.5,84.5,0.0,0.0,20.0
2022-07-26,15,31.9,77.2,2.0,230.0,4.0
2022-07-26,18,30.3,78.8,0.0,0.0,20.0
2022-07-26,21,27.5,85.3,0.0,0.0,20.0
2022-07-27,0,26.1,87.7,0.0,0.0,20.0
2022-07-27,3,25.0,92.5,0.0,0.0,20.0
2022-07-27,6,24.9,94.8,0.0,0.0,10.0
2022-07-27,9,26.4,87.2,0.0,0.0,10.0
2022-07-27,12,29.3,83.0,0.0,0.0,20.0
2022-07-27,15,30.9,79.8,0.0,0.0,20.0
2022-07-27,18,31.3,76.6,0.0,0.0,20.0
2022-07-27,21,28.5,81.9,1.0,180.0,20.0
2022-07-28,0,26.3,92.0,0.0,0.0,15.0
2022-07-28,3,23.9,88.1,1.0,90.0,15.0
2022-07-28,6,23.8,87.0,3.0,50.0,20.0
2022-07-28,9,26.8,80.2,3.0,270.0,20.0
2022-07-28,12,30.1,78.3,2.0,320.0,20.0
2022-07-28,15,31.5,74.0,2.0,230.0,20.0
2022-07-28,18,31.8,71.9,2.0,270.0,20.0
2022-07-28,21,27.7,79.8,2.0,270.0,20.0
2022-07-29,0,25.8,83.5,0.0,0.0,20.0
2022-07-29,3,25.5,86.6,1.0,360.0,20.0
2022-07-29,6,25.1,87.6,0.0,0.0,20.0
2022-07-29,9,29.1,84.4,0.0,0.0,20.0
2022-07-29,12,31.6,79.0,0.0,0.0,20.0
2022-07-29,15,32.5,78.6,3.0,270.0,20.0
2022-07-29,18,30.9,77.0,1.0,270.0,20.0
2022-07-29,21,29.2,82.0,0.0,0.0,20.0
2022-07-30,0,27.5,85.8,0.0,0.0,20.0
2022-07-30,3,26.3,92.0,0.0,0.0,20.0
2022-07-30,6,25.3,89.8,1.0,140.0,20.0
2022-07-30,9,29.5,80.1,0.0,0.0,20.0
2022-07-30,12,32.5,74.2,1.0,270.0,30.0
2022-07-30,15,34.4,71.5,2.0,90.0,30.0
2022-07-30,18,27.5,88.4,1.0,320.0,30.0
2022-07-30,21,26.9,90.4,1.0,50.0,30.0
2022-07-31,0,26.2,90.4,1.0,90.0,30.0
2022-07-31,3,25.3,89.8,1.0,90.0,30.0
2022-07-31,6,25.4,88.7,1.0,90.0,30.0
2022-07-31,9,27.5,85.3,1.0,270.0,30.0
2022-07-31,12,25.5,87.7,1.0,270.0,5.0
2022-07-31,15,25.1,91.4,2.0,50.0,20.0
2022-07-31,18,25.1,91.4,2.0,50.0,20.0
2022-07-31,21,24.9,94.8,2.0,50.0,10.0
2023-03-01,0,4.1,89.9,0.0,0.0,20.0
2023-03-01,3,3.1,91.2,0.0,0.0,20.0
2023-03-01,6,2.8,78.9,0.0,0.0,20.0
2023-03-01,9,2.9,74.9,0.0,0.0,20.0
2023-03-01,12,7.0,66.0,3.0,320.0,20.0
2023-03-01,15,8.0,29.8,4.0,320.0,20.0
2023-03-01,18,6.5,26.5,5.0,320.0,20.0
2023-03-01,21,3.2,30.5,4.0,290.0,20.0
2023-03-02,0,1.9,32.9,3.0,320.0,20.0
2023-03-02,3,0.8,31.0,6.0,320.0,30.0
2023-03-02,6,-0.5,32.2,3.0,320.0,30.0
2023-03-02,9,-0.2,31.2,3.0,320.0,20.0
2023-03-02,12,3.4,26.4,3.0,320.0,30.0
2023-03-02,15,6.1,23.5,3.0,320.0,20.0
2023-03-02,18,4.3,23.4,3.0,320.0,20.0
2023-03-02,21,1.8,30.8,3.0,320.0,20.0
2023-03-03,0,-0.9,36.6,2.0,320.0,20.0
2023-03-03,3,-2.9,44.9,0.0,0.0,20.0
2023-03-03,6,-4.6,59.9,0.0,0.0,20.0
2023-03-03,9,-1.8,70.8,0.0,0.0,30.0
2023-03-03,12,5.2,65.6,0.0,0.0,20.0
2023-03-03,15,7.6,70.1,4.0,230.0,20.0
2023-03-03,18,6.7,72.4,2.0,230.0,20.0
2023-03-03,21,4.8,79.2,0.0,0.0,20.0
2023-03-04,0,2.0,87.2,0.0,0.0,20.0
2023-03-04,3,2.0,89.1,0.0,0.0,15.0
2023-03-04,6,2.3,91.1,0.0,0.0,10.0
2023-03-04,9,3.2,89.9,0.0,0.0,10.0
2023-03-04,12,9.0,67.0,0.0,0.0,20.0
2023-03-04,15,13.0,52.1,0.0,0.0,20.0
2023-03-04,18,8.9,63.2,4.0,320.0,20.0
2023-03-04,21,3.9,83.1,0.0,0.0,20.0
2023-03-05,0,2.2,89.1,0.0,0.0,5.0
2023-03-05,3,0.2,92.3,0.0,0.0,5.0
2023-03-05,6,-1.4,92.9,0.0,0.0,5.0
2023-03-05,9,1.2,94.4,0.0,0.0,2.0
2023-03-05,12,10.0,68.6,0.0,0.0,10.0
2023-03-05,15,13.7,54.1,3.0,270.0,20.0
2023-03-05,18,10.7,63.2,3.0,270.0,20.0
2023-03-05,21,4.9,54.9,1.0,270.0,20.0
2023-03-06,0,2.4,66.5,0.0,0.0,20.0
2023-03-06,3,-0.1,71.6,0.0,0.0,20.0
2023-03-06,6,-2.3,75.1,0.0,0.0,20.0
2023-03-06,9,2.5,65.0,0.0,0.0,20.0
2023-03-06,12,10.4,38.0,0.0,0.0,20.0
2023-03-06,15,13.7,30.6,0.0,0.0,20.0
2023-03-06,18,11.0,51.9,0.0,0.0,20.0
2023-03-06,21,5.4,66.2,0.0,0.0,20.0
2023-03-07,0,4.6,75.8,0.0,0.0,20.0
2023-03-07,3,3.9,76.8,0.0,0.0,20.0
2023-03-07,6,3.7,84.9,0.0,0.0,20.0
2023-03-07,9,5.1,78.1,0.0,0.0,20.0
2023-03-07,12,10.3,61.4,0.0,0.0,20.0
2023-03-07,15,15.6,62.6,2.0,180.0,20.0
2023-03-07,18,12.1,71.5,2.0,270.0,20.0
2023-03-07,21,7.5,84.1,0.0,0.0,20.0
2023-03-08,0,7.8,87.2,0.0,0.0,10.0
2023-03-08,3,7.7,87.8,0.0,0.0,20.0
2023-03-08,6,5.3,92.0,0.0,0.0,3.0
2023-03-08,9,6.8,92.7,0.0,0.0,2.9
2023-03-08,12,10.9,85.1,0.0,0.0,10.0
2023-03-08,15,11.3,83.4,11.0,180.0,10.0
2023-03-08,18,11.5,85.8,6.0,230.0,10.0
2023-03-08,21,9.3,89.1,0.0,0.0,10.0
2023-03-09,0,9.3,92.8,2.0,320.0,10.0
2023-03-09,3,9.3,90.3,0.0,0.0,10.0
2023-03-09,6,8.7,93.4,0.0,0.0,10.0
2023-03-09,9,7.5,95.3,0.0,0.0,3.0
2023-03-09,12,8.4,94.7,0.0,0.0,3.0
2023-03-09,15,8.9,92.2,0.0,0.0,10.0
2023-03-09,18,9.5,86.7,0.0,0.0,10.0
2023-03-09,21,7.0,87.7,0.0,0.0,5.0
2023-03-10,0,5.0,96.6,0.0,0.0,0.5
2023-03-10,3,4.0,96.5,3.0,90.0,0.1
2023-03-10,6,3.8,96.5,2.0,90.0,0.1
2023-03-10,9,4.5,98.6,1.0,90.0,0.4
2023-03-10,12,12.4,83.6,0.0,0.0,10.0
2023-03-10,15,19.0,44.7,1.0,230.0,10.0
2023-03-10,18,14.8,57.1,1.0,230.0,10.0
2023-03-10,21,9.7,66.6,1.0,270.0,10.0
2023-03-11,0,7.8,70.1,0.0,0.0,10.0
2023-03-11,3,6.5,82.3,0.0,0.0,5.0
2023-03-11,6,6.7,88.3,0.0,0.0,5.0
2023-03-11,9,8.9,89.7,0.0,0.0,4.0
2023-03-11,12,17.9,52.3,0.0,0.0,10.0
2023-03-11,15,18.9,50.8,2.0,230.0,10.0
2023-03-11,18,14.6,57.1,2.0,230.0,10.0
2023-03-11,21,11.5,74.3,0.0,0.0,10.0
2023-03-12,0,8.6,83.1,0.0,0.0,10.0
2023-03-12,3,6.6,83.5,3.0,270.0,10.0
2023-03-12,6,5.4,98.6,3.0,270.0,0.3
2023-03-12,9,5.7,95.2,0.0,0.0,4.0
2023-03-12,12,5.9,89.4,1.0,270.0,20.0
2023-03-12,15,6.9,64.1,8.0,320.0,20.0
2023-03-12,18,3.5,45.4,9.0,270.0,20.0
2023-03-12,21,1.1,44.3,6.0,320.0,20.0
2023-03-13,0,-0.1,39.3,6.0,320.0,20.0
2023-03-13,3,-1.5,34.1,4.0,320.0,20.0
2023-03-13,6,-2.8,39.1,2.0,270.0,20.0
2023-03-13,9,-0.9,44.4,0.0,0.0,20.0
2023-03-13,12,4.4,29.9,0.0,0.0,30.0
2023-03-13,15,5.9,42.4,0.0,0.0,30.0
2023-03-13,18,3.5,53.7,3.0,270.0,20.0
2023-03-13,21,2.4,68.0,0.0,0.0,20.0
2023-03-14,0,1.7,74.2,0.0,0.0,20.0
2023-03-14,3,1.6,74.2,0.0,0.0,20.0
2023-03-14,6,1.3,69.8,1.0,90.0,20.0
2023-03-14,9,4.8,67.0,0.0,0.0,20.0
2023-03-14,12,9.2,46.4,2.0,230.0,20.0
2023-03-14,15,13.1,45.2,7.0,230.0,20.0
2023-03-14,18,11.1,46.2,7.0,230.0,20.0
2023-03-14,21,7.9,54.5,0.0,0.0,20.0
2023-03-15,0,5.5,69.1,0.0,0.0,20.0
2023-03-15,3,4.4,79.1,0.0,0.0,20.0
2023-03-15,6,6.9,81.2,0.0,0.0,20.0
2023-03-15,9,7.3,85.3,0.0,0.0,30.0
2023-03-15,12,10.0,81.6,2.0,230.0,20.0
2023-03-15,15,8.1,91.5,3.0,230.0,20.0
2023-03-15,18,6.5,60.4,3.0,230.0,10.0
2023-03-15,21,4.0,43.8,5.0,320.0,20.0
2023-03-16,0,2.1,40.3,4.0,320.0,20.0
2023-03-16,3,-0.2,49.1,0.0,0.0,20.0
2023-03-16,6,1.5,35.0,0.0,0.0,20.0
2023-03-16,9,3.2,35.2,0.0,0.0,20.0
2023-03-16,12,7.3,23.5,3.0,320.0,30.0
2023-03-16,15,8.6,21.5,3.0,320.0,20.0
2023-03-16,18,6.9,22.6,3.0,360.0,20.0
2023-03-16,21,3.9,26.6,2.0,320.0,20.0
2023-03-17,0,2.4,31.0,1.0,270.0,20.0
2023-03-17,3,0.7,45.3,0.0,0.0,20.0
2023-03-17,6,-0.8,52.9,0.0,0.0,20.0
2023-03-17,9,2.7,53.5,0.0,0.0,20.0
2023-03-17,12,9.3,36.0,0.0,0.0,20.0
2023-03-17,15,13.5,24.5,1.0,270.0,20.0
2023-03-17,18,11.1,23.5,2.0,320.0,20.0
2023-03-17,21,8.5,33.4,4.0,320.0,20.0
2023-03-18,0,6.7,35.2,2.0,360.0,20.0
2023-03-18,3,4.5,40.4,1.0,290.0,20.0
2023-03-18,6,2.7,36.8,0.0,0.0,20.0
2023-03-18,9,4.4,52.4,0.0,0.0,20.0
2023-03-18,12,11.4,36.4,1.0,270.0,20.0
2023-03-18,15,13.5,26.4,6.0,320.0,20.0
2023-03-18,18,11.7,28.4,5.0,320.0,20.0
2023-03-18,21,7.6,34.4,4.0,320.0,20.0
2023-03-19,0,5.6,47.4,1.0,320.0,20.0
2023-03-19,3,3.0,52.8,2.0,320.0,20.0
2023-03-19,6,-0.1,67.9,0.0,0.0,20.0
2023-03-19,9,4.1,65.9,0.0,0.0,10.0
2023-03-19,12,11.7,49.5,0.0,0.0,20.0
2023-03-19,15,13.9,42.9,3.0,230.0,20.0
2023-03-19,18,11.1,64.2,2.0,230.0,5.0
2023-03-19,21,4.0,67.3,0.0,0.0,10.0
2023-03-20,0,1.5,94.4,0.0,0.0,0.6
2023-03-20,3,1.0,94.4,0.0,0.0,0.6
2023-03-20,6,-1.4,95.7,0.0,0.0,0.2
2023-03-20,9,-0.4,95.7,0.0,0.0,0.2
2023-03-20,12,8.5,73.8,0.0,0.0,4.0
2023-03-20,15,15.1,25.7,2.0,270.0,20.0
2023-03-20,18,11.9,28.1,2.0,270.0,20.0
2023-03-20,21,7.9,36.7,0.0,0.0,20.0
2023-03-21,0,3.8,58.9,0.0,0.0,20.0
2023-03-21,3,3.7,71.9,0.0,0.0,20.0
2023-03-21,6,1.0,66.2,0.0,0.0,20.0
2023-03-21,9,6.9,54.2,0.0,0.0,20.0
2023-03-21,12,15.9,25.9,0.0,0.0,20.0
2023-03-21,15,19.3,22.4,3.0,230.0,20.0
2023-03-21,18,17.5,29.5,3.0,230.0,20.0
2023-03-21,21,11.6,47.8,0.0,0.0,20.0
2023-03-22,0,8.0,60.8,0.0,0.0,20.0
2023-03-22,3,7.6,63.4,0.0,0.0,20.0
2023-03-22,6,5.5,66.2,0.0,0.0,20.0
2023-03-22,9,8.9,48.7,0.0,0.0,20.0
2023-03-22,12,16.1,42.0,2.0,90.0,20.0
2023-03-22,15,23.7,43.9,0.0,0.0,20.0
2023-03-22,18,19.8,48.0,2.0,320.0,20.0
2023-03-22,21,17.1,49.3,1.0,360.0,20.0
2023-03-23,0,15.1,58.4,0.0,0.0,20.0
2023-03-23,3,13.1,82.5,0.0,0.0,20.0
2023-03-23,6,12.5,78.7,0.0,0.0,20.0
2023-03-23,9,14.8,79.0,0.0,0.0,20.0
2023-03-23,12,19.8,49.0,0.0,0.0,20.0
2023-03-23,15,21.0,35.1,3.0,320.0,20.0
2023-03-23,18,19.0,38.6,5.0,320.0,5.0
2023-03-23,21,13.6,41.0,4.0,320.0,10.0
2023-03-24,0,11.4,44.7,3.0,320.0,20.0
2023-03-24,3,9.8,43.9,3.0,320.0,20.0
2023-03-24,6,7.3,46.9,3.0,320.0,20.0
2023-03-24,9,8.7,32.9,0.0,0.0,20.0
2023-03-24,12,14.1,31.6,1.0,270.0,20.0
2023-03-24,15,17.5,25.4,2.0,270.0,20.0
2023-03-24,18,16.2,31.5,2.0,270.0,20.0
2023-03-24,21,10.4,38.9,1.0,360.0,20.0
2023-03-25,0,8.0,41.1,2.0,50.0,20.0
2023-03-25,3,7.0,50.8,3.0,90.0,20.0
2023-03-25,6,5.2,64.2,0.0,0.0,20.0
2023-03-25,9,7.9,61.2,0.0,0.0,20.0
2023-03-25,12,13.8,53.4,0.0,0.0,20.0
2023-03-25,15,17.2,53.6,2.0,230.0,20.0
2023-03-25,18,14.1,56.5,4.0,230.0,20.0
2023-03-25,21,11.0,63.3,2.0,230.0,20.0
2023-03-26,3,8.0,62.6,2.0,320.0,20.0
2023-03-26,6,6.2,64.5,0.0,0.0,20.0
2023-03-26,9,8.6,60.1,2.0,270.0,20.0
2023-03-26,12,11.8,34.6,4.0,320.0,20.0
2023-03-26,15,12.7,20.4,7.0,320.0,30.0
2023-03-26,18,9.9,20.5,8.0,270.0,30.0
2023-03-26,21,5.0,28.9,3.0,320.0,20.0
2023-03-27,0,3.0,41.2,2.0,320.0,20.0
2023-03-27,3,1.9,46.3,3.0,320.0,20.0
2023-03-27,6,-1.5,55.3,0.0,0.0,20.0
2023-03-27,9,4.2,53.5,0.0,0.0,20.0
2023-03-27,12,11.3,35.0,1.0,230.0,20.0
2023-03-27,15,12.9,29.7,2.0,270.0,20.0
2023-03-27,18,8.4,54.6,4.0,270.0,20.0
2023-03-27,21,5.6,66.2,1.0,230.0,20.0
2023-03-28,0,3.6,79.6,0.0,0.0,20.0
2023-03-28,3,1.0,82.7,0.0,0.0,20.0
2023-03-28,6,1.2,86.5,0.0,0.0,20.0
2023-03-28,9,5.3,82.7,0.0,0.0,10.0
2023-03-28,12,11.4,62.9,0.0,0.0,20.0
2023-03-28,15,14.7,46.6,2.0,230.0,20.0
2023-03-28,18,12.8,52.7,1.0,270.0,20.0
2023-03-28,21,7.5,64.8,0.0,0.0,20.0
2023-03-29,0,5.5,81.6,0.0,0.0,20.0
2023-03-29,3,2.0,81.7,0.0,0.0,20.0
2023-03-29,6,2.0,87.2,0.0,0.0,20.0
2023-03-29,9,6.8,76.7,0.0,0.0,20.0
2023-03-29,12,14.9,54.8,0.0,0.0,20.0
2023-03-29,15,17.8,50.2,0.0,0.0,20.0
2023-03-29,18,13.9,53.4,1.0,270.0,20.0
2023-03-29,21,8.5,58.8,1.0,230.0,20.0
2023-03-30,0,6.5,76.1,0.0,0.0,20.0
2023-03-30,3,5.0,86.9,0.0,0.0,20.0
2023-03-30,6,2.5,84.2,0.0,0.0,20.0
2023-03-30,9,8.5,62.3,0.0,0.0,20.0
2023-03-30,12,17.4,46.4,1.0,230.0,20.0
2023-03-30,15,19.4,42.1,3.0,230.0,20.0
2023-03-30,18,15.6,50.3,2.0,230.0,20.0
2023-03-30,21,9.7,50.0,2.0,270.0,20.0
2023-03-31,0,7.5,64.8,0.0,0.0,20.0
2023-03-31,3,5.3,78.1,0.0,0.0,20.0
2023-03-31,6,4.2,76.8,0.0,0.0,20.0
2023-03-31,9,10.2,61.8,0.0,0.0,20.0
2023-03-31,12,19.7,41.9,0.0,0.0,20.0
2023-03-31,15,22.6,25.6,2.0,230.0,20.0
2023-03-31,18,19.4,31.1,3.0,230.0,20.0
2023-03-31,21,11.7,40.1,2.0,230.0,20.0
2023-04-01,0,9.1,45.0,0.0,0.0,20.0
2023-04-01,3,6.5,70.4,0.0,0.0,20.0
2023-04-01,6,5.4,82.7,0.0,0.0,20.0
2023-04-01,9,11.4,69.9,0.0,0.0,20.0
2023-04-01,12,21.3,46.5,0.0,0.0,20.0
2023-04-01,15,25.0,37.0,1.0,320.0,20.0
2023-04-01,18,22.4,28.4,3.0,320.0,20.0
2023-04-01,21,15.1,35.1,2.0,270.0,20.0
2023-04-02,0,13.2,57.5,0.0,0.0,20.0
2023-04-02,3,11.7,79.1,0.0,0.0,20.0
2023-04-02,6,11.1,74.8,1.0,90.0,20.0
2023-04-02,9,16.1,67.1,1.0,90.0,20.0
2023-04-02,12,22.0,44.6,1.0,140.0,20.0
2023-04-02,15,23.9,30.7,2.0,140.0,20.0
2023-04-02,18,22.7,39.9,0.0,0.0,20.0
2023-04-02,21,15.8,45.3,0.0,0.0,20.0
2023-04-03,0,12.8,50.9,0.0,0.0,20.0
2023-04-03,3,10.1,55.9,0.0,0.0,20.0
2023-04-03,6,8.3,62.2,0.0,0.0,20.0
2023-04-03,9,14.0,57.7,0.0,0.0,20.0
2023-04-03,12,21.9,27.0,0.0,0.0,20.0
2023-04-03,15,25.1,19.2,0.0,0.0,20.0
2023-04-03,18,22.6,30.9,0.0,0.0,20.0
2023-04-03,21,17.5,34.5,0.0,0.0,20.0
2023-04-04,0,14.9,42.6,0.0,0.0,20.0
2023-04-04,3,14.1,49.1,0.0,0.0,20.0
2023-04-04,6,11.5,59.9,1.0,270.0,20.0
2023-04-04,9,15.7,49.3,0.0,0.0,20.0
2023-04-04,12,18.9,28.0,0.0,0.0,20.0
2023-04-04,15,20.7,30.8,0.0,0.0,20.0
2023-04-04,18,17.6,33.8,0.0,0.0,20.0
2023-04-04,21,13.9,64.8,1.0,270.0,20.0
2023-04-05,0,12.4,92.4,6.0,90.0,20.0
2023-04-05,3,11.2,92.3,8.0,90.0,10.0
2023-04-05,6,11.5,93.6,7.0,90.0,10.0
2023-04-05,9,11.9,96.1,4.0,90.0,10.0
2023-04-05,12,12.6,97.4,2.0,90.0,4.0
2023-04-05,15,12.3,91.8,1.0,180.0,10.0
2023-04-05,18,9.1,94.1,2.0,90.0,5.0
2023-04-05,21,7.8,95.3,4.0,230.0,10.0
2023-04-06,0,7.6,96.0,3.0,180.0,10.0
2023-04-06,3,8.0,97.3,1.0,180.0,10.0
2023-04-06,6,8.1,95.3,1.0,230.0,10.0
2023-04-06,9,8.7,96.7,0.0,0.0,4.0
2023-04-06,12,9.5,94.1,0.0,0.0,4.5
2023-04-06,15,9.3,92.2,0.0,0.0,3.5
2023-04-06,18,8.7,96.0,0.0,0.0,3.0
2023-04-06,21,8.1,97.3,0.0,0.0,2.0
2023-04-07,0,7.3,90.2,0.0,0.0,3.0
2023-04-07,3,5.0,93.9,0.0,0.0,3.0
2023-04-07,6,2.9,96.5,0.0,0.0,0.3
2023-04-07,9,4.1,,0.0,0.0,0.2
2023-04-07,12,11.4,70.3,2.0,270.0,20.0
2023-04-07,15,13.5,58.8,8.0,270.0,20.0
2023-04-07,18,10.2,37.1,7.0,270.0,20.0
2023-04-07,21,5.3,40.9,5.0,270.0,20.0
2023-04-08,0,2.3,59.4,0.0,0.0,20.0
2023-04-08,3,1.3,68.3,0.0,0.0,30.0
2023-04-08,6,0.6,76.8,1.0,270.0,30.0
2023-04-08,9,5.9,71.3,1.0,270.0,20.0
2023-04-08,12,11.1,37.9,3.0,320.0,30.0
2023-04-08,15,13.3,52.5,7.0,230.0,30.0
2023-04-08,18,12.3,53.0,7.0,230.0,30.0
2023-04-08,21,8.2,63.5,3.0,270.0,20.0
2023-04-09,0,5.2,72.2,1.0,270.0,20.0
2023-04-09,3,1.9,81.7,0.0,0.0,20.0
2023-04-09,6,1.0,84.6,0.0,0.0,20.0
2023-04-09,9,7.6,78.5,0.0,0.0,20.0
2023-04-09,12,14.2,59.8,2.0,230.0,20.0
2023-04-09,15,14.7,46.6,7.0,230.0,20.0
2023-04-09,18,13.3,62.1,3.0,230.0,20.0
2023-04-09,21,9.0,73.4,0.0,0.0,20.0
2023-04-10,0,5.9,83.4,0.0,0.0,20.0
2023-04-10,3,4.2,86.8,0.0,0.0,20.0
2023-04-10,6,4.3,90.0,0.0,0.0,20.0
2023-04-10,9,8.6,84.9,0.0,0.0,20.0
2023-04-10,12,14.8,51.8,3.0,180.0,20.0
2023-04-10,15,17.4,46.4,7.0,230.0,20.0
2023-04-10,18,15.5,55.0,3.0,230.0,20.0
2023-04-10,21,12.1,61.8,0.0,0.0,20.0
2023-04-11,0,11.5,58.3,3.0,180.0,20.0
2023-04-11,3,11.3,61.2,0.0,0.0,20.0
2023-04-11,6,13.1,71.6,3.0,180.0,20.0
2023-04-11,9,14.6,80.0,6.0,230.0,30.0
2023-04-11,12,11.9,89.3,7.0,230.0,4.0
2023-04-11,15,12.5,95.5,1.0,230.0,4.0
2023-04-11,18,12.9,96.1,2.0,230.0,4.0
2023-04-11,21,11.1,71.8,3.0,230.0,4.0
2023-04-12,0,9.5,34.5,7.0,320.0,4.0
2023-04-12,3,5.4,37.1,0.0,0.0,10.0
2023-04-12,6,3.3,62.8,0.0,0.0,10.0
2023-04-12,9,8.1,49.2,0.0,0.0,10.0
2023-04-12,12,13.0,32.0,6.0,270.0,10.0
2023-04-12,15,14.6,40.4,7.0,270.0,10.0
2023-04-12,18,13.1,52.5,3.0,270.0,10.0
2023-04-12,21,8.7,64.1,0.0,0.0,10.0
2023-04-13,0,6.7,75.1,0.0,0.0,10.0
2023-04-13,3,4.7,85.6,0.0,0.0,10.0
2023-04-13,6,2.7,86.0,0.0,0.0,10.0
2023-04-13,9,8.4,81.9,0.0,0.0,10.0
2023-04-13,12,13.9,36.6,0.0,0.0,10.0
2023-04-13,15,12.7,33.4,4.0,320.0,10.0
2023-04-13,18,13.5,25.3,3.0,320.0,10.0
2023-04-13,21,11.6,44.1,0.0,0.0,10.0
2023-04-14,0,10.9,48.9,0.0,0.0,20.0
2023-04-14,3,10.1,57.5,0.0,0.0,20.0
2023-04-14,6,8.7,82.0,0.0,0.0,20.0
2023-04-14,9,9.5,85.0,0.0,0.0,20.0
2023-04-14,12,14.7,70.0,0.0,0.0,10.0
2023-04-14,15,17.6,68.8,3.0,320.0,20.0
2023-04-14,18,18.0,62.3,1.0,320.0,20.0
2023-04-14,21,15.0,69.6,0.0,0.0,20.0
2023-04-15,0,13.6,79.9,0.0,0.0,20.0
2023-04-15,3,12.9,82.5,1.0,230.0,20.0
2023-04-15,6,11.9,85.2,2.0,230.0,20.0
2023-04-15,9,12.5,91.8,0.0,0.0,20.0
2023-04-15,12,13.3,93.0,0.0,0.0,4.5
2023-04-15,15,12.6,90.6,0.0,0.0,10.0
2023-04-15,18,13.5,76.2,2.0,270.0,10.0
2023-04-15,21,10.5,84.5,0.0,0.0,10.0
2023-04-16,0,9.2,87.9,1.0,270.0,10.0
2023-04-16,3,7.8,91.5,3.0,270.0,10.0
2023-04-16,6,6.9,94.0,0.0,0.0,10.0
2023-04-16,9,7.4,89.6,2.0,90.0,4.5
2023-04-16,12,11.6,75.4,1.0,320.0,10.0
2023-04-16,15,15.1,66.9,3.0,270.0,10.0
2023-04-16,18,11.3,65.2,3.0,270.0,10.0
2023-04-16,21,10.1,70.6,2.0,230.0,20.0
2023-04-17,0,8.1,84.2,0.0,0.0,20.0
2023-04-17,3,6.4,89.5,0.0,0.0,20.0
2023-04-17,6,4.8,90.0,0.0,0.0,15.0
2023-04-17,9,8.7,90.9,0.0,0.0,20.0
2023-04-17,12,14.3,57.0,0.0,0.0,20.0
2023-04-17,15,15.0,55.2,0.0,0.0,20.0
2023-04-17,18,14.4,45.9,0.0,0.0,20.0
2023-04-17,21,12.7,55.8,2.0,50.0,20.0
2023-04-18,0,13.0,56.2,3.0,50.0,20.0
2023-04-18,3,11.1,79.0,3.0,50.0,20.0
2023-04-18,6,11.1,72.8,0.0,0.0,20.0
2023-04-18,9,9.6,96.0,0.0,0.0,3.8
2023-04-18,12,12.4,84.7,3.0,50.0,20.0
2023-04-18,15,17.6,69.7,2.0,50.0,20.0
2023-04-18,18,19.6,66.1,0.0,0.0,20.0
2023-04-18,21,13.8,83.2,0.0,0.0,20.0
2023-04-19,0,11.7,90.5,0.0,0.0,20.0
2023-04-19,3,10.0,92.2,0.0,0.0,5.0
2023-04-19,6,10.1,94.8,0.0,0.0,2.0
2023-04-19,9,13.6,90.6,1.0,90.0,2.5
2023-04-19,12,19.5,61.9,0.0,0.0,20.0
2023-04-19,15,26.4,38.9,0.0,0.0,20.0
2023-04-19,18,25.1,37.0,4.0,270.0,20.0
2023-04-19,21,16.6,60.4,1.0,270.0,20.0
2023-04-20,0,15.7,74.6,0.0,0.0,20.0
2023-04-20,3,15.1,90.7,0.0,0.0,20.0
2023-04-20,6,13.3,94.9,3.0,230.0,3.5
2023-04-20,9,13.0,98.7,0.0,0.0,1.2
2023-04-20,12,14.3,94.9,0.0,0.0,2.0
2023-04-20,15,15.8,86.2,0.0,0.0,10.0
2023-04-20,18,15.9,84.0,4.0,230.0,20.0
2023-04-20,21,14.0,89.5,0.0,0.0,20.0
2023-04-21,0,12.6,94.2,3.0,270.0,10.0
2023-04-21,3,10.9,89.8,0.0,0.0,20.0
2023-04-21,6,10.4,91.0,0.0,0.0,20.0
2023-04-21,9,14.4,35.9,3.0,320.0,20.0
2023-04-21,12,18.8,24.0,3.0,320.0,30.0
2023-04-21,15,20.7,13.5,3.0,320.0,20.0
2023-04-21,18,19.2,13.5,2.0,320.0,20.0
2023-04-21,21,16.5,16.0,6.0,360.0,20.0
2023-04-22,0,14.7,19.7,3.0,360.0,20.0
2023-04-22,3,13.8,22.2,6.0,50.0,20.0
2023-04-22,6,12.7,24.5,2.0,50.0,20.0
2023-04-22,9,14.3,16.0,5.0,50.0,20.0
2023-04-22,12,17.0,17.6,5.0,50.0,20.0
2023-04-22,15,19.8,15.6,4.0,50.0,20.0
2023-04-22,18,19.6,15.7,3.0,50.0,20.0
2023-04-22,21,14.3,37.5,0.0,0.0,20.0
2023-04-23,0,14.7,34.2,1.0,320.0,20.0
2023-04-23,3,12.3,27.3,0.0,0.0,20.0
2023-04-23,6,8.6,48.3,1.0,120.0,20.0
2023-04-23,9,11.8,44.8,0.0,0.0,20.0
2023-04-23,12,20.4,17.6,2.0,50.0,20.0
2023-04-23,15,21.1,18.7,0.0,0.0,20.0
2023-04-23,18,18.5,31.5,4.0,270.0,30.0
2023-04-23,21,17.1,31.8,4.0,320.0,20.0
2023-04-24,0,14.8,35.8,1.0,270.0,20.0
2023-04-24,3,13.4,39.8,1.0,360.0,20.0
2023-04-24,6,13.0,44.8,7.0,50.0,20.0
2023-04-24,9,14.9,53.3,6.0,50.0,20.0
2023-04-24,12,19.0,39.7,3.0,140.0,20.0
2023-04-24,15,20.7,31.5,2.0,90.0,20.0
2023-04-24,18,17.6,44.9,3.0,230.0,20.0
2023-04-24,21,11.9,58.8,3.0,270.0,20.0
2023-04-25,0,9.4,71.9,0.0,0.0,20.0
2023-04-25,3,6.9,76.7,0.0,0.0,20.0
2023-04-25,6,6.5,85.2,0.0,0.0,20.0
2023-04-25,9,9.2,79.8,1.0,90.0,20.0
2023-04-25,12,13.0,42.0,2.0,180.0,20.0
2023-04-25,15,12.5,71.0,3.0,270.0,20.0
2023-04-25,18,10.3,74.1,3.0,320.0,20.0
2023-04-25,21,9.0,83.7,2.0,270.0,20.0
2023-04-26,0,8.9,82.6,0.0,0.0,20.0
2023-04-26,3,9.4,85.5,0.0,0.0,20.0
2023-04-26,6,9.4,83.8,5.0,270.0,20.0
2023-04-26,9,7.9,65.8,7.0,320.0,20.0
2023-04-26,12,8.3,62.2,6.0,320.0,20.0
2023-04-26,15,14.7,46.6,3.0,320.0,20.0
2023-04-26,18,12.5,60.2,5.0,320.0,20.0
2023-04-26,21,8.5,76.4,1.0,140.0,20.0
2023-04-27,0,6.4,85.2,1.0,50.0,20.0
2023-04-27,3,4.9,88.7,0.0,0.0,20.0
2023-04-27,6,3.4,91.2,0.0,0.0,20.0
2023-04-27,9,9.5,79.9,0.0,0.0,20.0
2023-04-27,12,15.1,56.0,3.0,230.0,20.0
2023-04-27,15,17.4,51.5,3.0,270.0,20.0
2023-04-27,18,15.0,51.2,0.0,0.0,20.0
2023-04-27,21,11.3,59.1,0.0,0.0,20.0
2023-04-28,0,7.6,74.7,0.0,0.0,20.0
2023-04-28,3,5.7,77.1,0.0,0.0,20.0
2023-04-28,6,4.7,85.6,0.0,0.0,20.0
2023-04-28,9,12.4,67.2,1.0,140.0,20.0
2023-04-28,12,17.4,54.7,3.0,180.0,20.0
2023-04-28,15,19.0,42.8,2.0,270.0,20.0
2023-04-28,18,15.8,63.1,2.0,270.0,20.0
2023-04-28,21,15.4,68.8,0.0,0.0,20.0
2023-04-29,0,14.9,82.8,0.0,0.0,20.0
2023-04-29,3,13.5,91.8,0.0,0.0,20.0
2023-04-29,6,12.8,95.5,0.0,0.0,10.0
2023-04-29,9,13.9,98.7,0.0,0.0,2.0
2023-04-29,12,12.5,94.9,2.0,230.0,10.0
2023-04-29,15,14.9,73.4,7.0,270.0,20.0
2023-04-29,18,12.7,67.3,7.0,270.0,20.0
2023-04-29,21,9.5,82.7,1.0,270.0,20.0
2023-04-30,0,8.7,82.0,4.0,270.0,20.0
2023-04-30,3,6.9,82.3,2.0,270.0,20.0
2023-04-30,6,6.3,83.4,0.0,0.0,20.0
2023-04-30,9,10.8,70.2,3.0,230.0,20.0
2023-04-30,12,13.1,62.9,3.0,230.0,20.0
2023-04-30,15,15.3,53.1,2.0,230.0,20.0
2023-04-30,18,14.7,74.4,4.0,270.0,20.0
2023-04-30,21,11.3,86.9,0.0,0.0,20.0
2023-05-01,0,11.3,88.7,0.0,0.0,20.0
2023-05-01,3,10.3,88.6,1.0,270.0,20.0
2023-05-01,6,7.9,96.6,1.0,140.0,0.2
2023-05-01,9,11.0,95.4,1.0,140.0,5.0
2023-05-01,12,17.2,39.7,6.0,320.0,25.0
2023-05-01,15,19.8,40.2,6.0,270.0,20.0
2023-05-01,18,17.2,43.2,5.0,270.0,20.0
2023-05-01,21,12.7,57.8,1.0,270.0,20.0
2023-05-02,0,10.1,83.3,0.0,0.0,20.0
2023-05-02,3,7.3,78.4,0.0,0.0,20.0
2023-05-02,6,6.4,80.5,0.0,0.0,20.0
2023-05-02,9,12.4,68.6,0.0,0.0,20.0
2023-05-02,12,19.3,46.6,1.0,90.0,20.0
2023-05-02,15,22.9,30.2,4.0,230.0,20.0
2023-05-02,18,19.6,41.6,4.0,270.0,20.0
2023-05-02,21,14.8,55.9,0.0,0.0,20.0
2023-05-03,0,11.9,66.7,0.0,0.0,20.0
2023-05-03,3,10.2,83.9,0.0,0.0,20.0
2023-05-03,6,9.3,78.7,0.0,0.0,20.0
2023-05-03,9,17.0,64.7,0.0,0.0,20.0
2023-05-03,12,22.5,35.5,2.0,230.0,20.0
2023-05-03,15,24.7,46.3,2.0,230.0,20.0
2023-05-03,18,21.2,57.2,5.0,230.0,20.0
2023-05-03,21,17.7,71.6,3.0,270.0,20.0
2023-05-04,0,16.3,76.2,2.0,270.0,20.0
2023-05-04,3,15.6,81.8,0.0,0.0,20.0
2023-05-04,6,14.1,88.3,0.0,0.0,20.0
2023-05-04,9,18.4,77.5,3.0,180.0,20.0
2023-05-04,12,21.6,65.7,2.0,50.0,20.0
2023-05-04,15,24.1,60.2,1.0,90.0,20.0
2023-05-04,18,23.4,60.0,2.0,90.0,20.0
2023-05-04,21,21.2,70.8,0.0,0.0,20.0
2023-05-05,0,20.0,77.8,0.0,0.0,20.0
2023-05-05,3,18.3,88.1,3.0,140.0,20.0
2023-05-05,6,16.9,89.1,3.0,90.0,10.0
2023-05-05,9,17.4,95.7,3.0,50.0,10.0
2023-05-05,12,18.1,95.7,3.0,90.0,3.0
2023-05-05,15,17.6,98.7,5.0,230.0,2.0
2023-05-05,18,15.4,96.8,1.0,230.0,4.0
2023-05-05,21,14.2,94.3,5.0,90.0,4.0
2023-05-06,0,12.6,91.8,5.0,90.0,10.0
2023-05-06,3,12.7,90.6,9.0,50.0,20.0
2023-05-06,6,11.3,89.9,12.0,50.0,20.0
2023-05-06,9,10.2,89.2,14.0,50.0,10.0
2023-05-06,12,10.4,82.2,11.0,50.0,20.0
2023-05-06,15,11.7,69.9,10.0,50.0,20.0
2023-05-06,18,12.7,54.6,10.0,50.0,20.0
2023-05-06,21,12.8,51.6,5.0,50.0,20.0
2023-05-07,0,10.3,49.5,6.0,50.0,20.0
2023-05-07,3,11.8,42.6,2.0,50.0,20.0
2023-05-07,6,11.9,43.9,6.0,50.0,20.0
2023-05-07,9,13.4,41.5,4.0,90.0,20.0
2023-05-07,12,16.3,40.6,4.0,50.0,20.0
2023-05-07,15,17.6,37.1,3.0,50.0,20.0
2023-05-07,18,18.2,38.4,3.0,50.0,20.0
2023-05-07,21,12.7,54.6,0.0,0.0,20.0
2023-05-08,0,10.5,72.1,0.0,0.0,20.0
2023-05-08,3,7.1,79.5,0.0,0.0,20.0
2023-05-08,6,6.3,78.8,0.0,0.0,20.0
2023-05-08,9,12.8,66.9,1.0,50.0,20.0
2023-05-08,12,19.8,49.0,2.0,230.0,20.0
2023-05-08,15,20.7,52.7,4.0,230.0,20.0
2023-05-08,18,19.2,49.5,2.0,230.0,20.0
2023-05-08,21,13.6,67.5,0.0,0.0,20.0
2023-05-09,0,10.6,84.5,0.0,0.0,20.0
2023-05-09,3,8.2,90.3,0.0,0.0,20.0
2023-05-09,6,7.3,91.4,0.0,0.0,20.0
2023-05-09,9,13.6,76.2,1.0,90.0,20.0
2023-05-09,12,19.8,58.0,1.0,180.0,20.0
2023-05-09,15,22.0,58.1,4.0,270.0,20.0
2023-05-09,18,20.4,61.7,4.0,270.0,20.0
2023-05-09,21,14.5,70.5,0.0,0.0,20.0
2023-05-10,0,11.8,85.2,0.0,0.0,20.0
2023-05-10,3,9.6,89.1,0.0,0.0,20.0
2023-05-10,6,7.7,91.5,0.0,0.0,20.0
2023-05-10,9,15.7,72.6,0.0,0.0,15.0
2023-05-10,12,22.0,48.3,0.0,0.0,15.0
2023-05-10,15,24.0,45.2,0.0,0.0,20.0
2023-05-10,18,22.9,53.6,3.0,230.0,20.0
2023-05-10,21,16.2,68.5,2.0,270.0,20.0
2023-05-11,0,13.5,81.5,0.0,0.0,20.0
2023-05-11,3,12.1,71.5,0.0,0.0,20.0
2023-05-11,6,11.0,76.3,2.0,140.0,20.0
2023-05-11,9,16.9,65.9,3.0,90.0,20.0
2023-05-11,12,22.4,53.8,1.0,180.0,20.0
2023-05-11,15,24.7,42.2,3.0,230.0,20.0
2023-05-11,18,22.9,45.2,3.0,230.0,20.0
2023-05-11,21,16.1,64.5,0.0,0.0,20.0
2023-05-12,0,13.4,72.7,0.0,0.0,20.0
2023-05-12,3,10.6,87.4,0.0,0.0,20.0
2023-05-12,6,9.4,86.7,0.0,0.0,20.0
2023-05-12,9,15.4,73.5,0.0,0.0,20.0
2023-05-12,12,19.6,51.7,0.0,0.0,20.0
2023-05-12,15,23.6,27.7,3.0,270.0,20.0
2023-05-12,18,22.4,43.8,2.0,230.0,20.0
2023-05-12,21,15.7,79.7,0.0,0.0,20.0
2023-05-13,0,13.9,87.7,0.0,0.0,20.0
2023-05-13,3,11.3,87.5,0.0,0.0,10.0
2023-05-13,6,10.3,93.5,1.0,140.0,10.0
2023-05-13,9,14.8,90.1,0.0,0.0,10.0
2023-05-13,12,19.8,63.6,1.0,230.0,20.0
2023-05-13,15,20.0,58.0,2.0,230.0,20.0
2023-05-13,18,17.4,73.9,2.0,270.0,20.0
2023-05-13,21,15.6,85.1,1.0,270.0,20.0
2023-05-14,0,14.6,86.6,0.0,0.0,20.0
2023-05-14,3,12.6,91.8,0.0,0.0,20.0
2023-05-14,6,11.0,92.3,0.0,0.0,0.5
2023-05-14,9,14.8,91.9,0.0,0.0,15.0
2023-05-14,12,19.2,66.4,3.0,270.0,15.0
2023-05-14,15,20.9,57.5,3.0,270.0,20.0
2023-05-14,18,19.6,58.3,2.0,230.0,20.0
2023-05-14,21,15.3,69.2,0.0,0.0,20.0
2023-05-15,0,12.7,81.4,0.0,0.0,20.0
2023-05-15,3,10.6,86.2,0.0,0.0,20.0
2023-05-15,6,9.9,88.0,0.0,0.0,20.0
2023-05-15,9,16.2,79.2,2.0,90.0,20.0
2023-05-15,12,22.9,50.2,3.0,230.0,20.0
2023-05-15,15,25.6,46.5,2.0,230.0,20.0
2023-05-15,18,23.1,54.0,3.0,230.0,20.0
2023-05-15,21,18.3,68.5,0.0,0.0,20.0
2023-05-16,0,15.9,81.8,0.0,0.0,20.0
2023-05-16,3,14.3,86.6,0.0,0.0,20.0
2023-05-16,6,13.7,89.5,0.0,0.0,5.0
2023-05-16,9,20.4,74.4,1.0,90.0,20.0
2023-05-16,12,25.6,56.8,3.0,230.0,15.0
2023-05-16,15,27.5,52.1,4.0,270.0,20.0
2023-05-16,18,24.3,54.0,4.0,270.0,20.0
2023-05-16,21,19.5,63.5,5.0,270.0,20.0
2023-05-17,3,15.5,82.8,3.0,270.0,20.0
2023-05-17,6,16.0,87.3,0.0,0.0,20.0
2023-05-17,9,20.3,82.4,2.0,90.0,20.0
2023-05-17,12,26.2,55.9,7.0,230.0,20.0
2023-05-17,15,23.9,66.6,8.0,230.0,20.0
2023-05-17,18,22.0,74.7,8.0,230.0,20.0
2023-05-17,21,19.6,85.5,5.0,230.0,20.0
2023-05-18,0,18.7,89.3,2.0,270.0,20.0
2023-05-18,3,18.1,89.2,0.0,0.0,10.0
2023-05-18,6,16.9,90.9,0.0,0.0,20.0
2023-05-18,9,19.1,80.7,1.0,140.0,20.0
2023-05-18,12,25.2,62.0,2.0,50.0,20.0
2023-05-18,15,27.7,64.5,5.0,230.0,20.0
2023-05-18,18,22.0,64.1,3.0,230.0,20.0
2023-05-18,21,18.0,85.3,3.0,230.0,20.0
2023-05-19,0,18.4,77.5,3.0,230.0,20.0
2023-05-19,3,16.8,77.8,3.0,50.0,20.0
2023-05-19,6,16.7,73.8,2.0,90.0,20.0
2023-05-19,9,20.6,64.6,5.0,90.0,20.0
2023-05-19,12,23.6,58.9,4.0,50.0,20.0
2023-05-19,15,25.7,50.0,3.0,90.0,20.0
2023-05-19,18,25.5,49.9,2.0,50.0,20.0
2023-05-19,21,21.5,66.9,0.0,0.0,20.0
2023-05-20,0,18.7,69.4,0.0,0.0,20.0
2023-05-20,3,16.9,74.8,0.0,0.0,20.0
2023-05-20,6,15.5,81.8,0.0,0.0,20.0
2023-05-20,9,19.5,73.8,3.0,90.0,20.0
2023-05-20,12,24.1,61.7,5.0,230.0,20.0
2023-05-20,15,23.7,64.0,6.0,270.0,20.0
2023-05-20,18,21.5,66.9,3.0,230.0,20.0
2023-05-20,21,15.3,86.7,5.0,270.0,20.0
2023-05-21,0,15.8,85.1,2.0,230.0,10.0
2023-05-21,3,14.7,94.3,4.0,270.0,4.0
2023-05-21,6,15.0,92.5,0.0,0.0,5.0
2023-05-21,9,16.9,84.6,4.0,230.0,10.0
2023-05-21,12,20.1,70.2,5.0,230.0,10.0
2023-05-21,15,22.0,48.3,4.0,320.0,10.0
2023-05-21,18,17.6,63.1,4.0,230.0,10.0
2023-05-21,21,16.4,73.2,0.0,0.0,10.0
2023-05-22,0,15.8,80.7,0.0,0.0,10.0
2023-05-22,3,14.4,84.4,0.0,0.0,10.0
2023-05-22,6,14.2,87.8,0.0,0.0,10.0
2023-05-22,9,17.0,74.8,0.0,0.0,10.0
2023-05-22,12,21.9,51.6,2.0,90.0,10.0
2023-05-22,15,24.7,35.9,4.0,320.0,10.0
2023-05-22,18,25.2,36.0,2.0,50.0,20.0
2023-05-22,21,17.8,67.9,2.0,270.0,20.0
2023-05-23,0,16.8,70.0,4.0,50.0,20.0
2023-05-23,3,14.3,70.4,0.0,0.0,20.0
2023-05-23,6,11.9,76.5,0.0,0.0,20.0
2023-05-23,9,19.3,63.9,0.0,0.0,20.0
2023-05-23,12,23.0,42.5,1.0,270.0,20.0
2023-05-23,15,25.9,37.7,2.0,140.0,20.0
2023-05-23,18,23.4,50.0,3.0,270.0,20.0
2023-05-23,21,18.8,59.3,3.0,270.0,20.0
2023-05-24,0,16.6,70.4,0.0,0.0,20.0
2023-05-24,3,14.1,86.6,0.0,0.0,20.0
2023-05-24,6,11.7,86.4,0.0,0.0,20.0
2023-05-24,9,19.2,62.2,1.0,90.0,20.0
2023-05-24,12,23.5,49.4,1.0,140.0,20.0
2023-05-24,15,24.5,59.9,2.0,270.0,20.0
2023-05-24,18,21.6,42.4,0.0,0.0,20.0
2023-05-24,21,17.9,59.9,0.0,0.0,20.0
2023-05-25,0,16.3,73.2,0.0,0.0,20.0
2023-05-25,3,12.9,84.8,0.0,0.0,20.0
2023-05-25,6,12.0,84.1,0.0,0.0,20.0
2023-05-25,9,18.5,67.6,2.0,140.0,20.0
2023-05-25,12,23.8,38.9,2.0,180.0,30.0
2023-05-25,15,24.6,33.7,3.0,270.0,20.0
2023-05-25,18,21.9,46.7,5.0,270.0,20.0
2023-05-25,21,18.4,56.9,0.0,0.0,20.0
2023-05-26,0,17.8,66.1,2.0,270.0,20.0
2023-05-26,3,15.1,76.5,1.0,50.0,20.0
2023-05-26,6,13.7,84.3,0.0,0.0,20.0
2023-05-26,9,20.2,65.8,0.0,0.0,20.0
2023-05-26,12,23.7,55.2,4.0,230.0,20.0
2023-05-26,15,25.3,47.7,2.0,270.0,20.0
2023-05-26,18,22.7,57.2,2.0,270.0,20.0
2023-05-26,21,20.0,70.6,0.0,0.0,20.0
2023-05-27,0,18.0,76.4,0.0,0.0,20.0
2023-05-27,3,15.7,86.2,0.0,0.0,20.0
2023-05-27,6,15.1,80.6,1.0,90.0,20.0
2023-05-27,9,17.4,82.0,0.0,0.0,20.0
2023-05-27,12,17.9,89.8,0.0,0.0,10.0
2023-05-27,15,17.6,98.1,2.0,270.0,4.0
2023-05-27,18,16.7,98.7,2.0,90.0,4.0
2023-05-27,21,17.8,95.1,1.0,90.0,4.0
2023-05-28,0,17.9,94.5,1.0,90.0,4.0
2023-05-28,3,18.1,95.7,0.0,0.0,4.0
2023-05-28,6,17.6,98.7,3.0,230.0,3.5
2023-05-28,9,18.0,96.9,0.0,0.0,2.0
2023-05-28,12,19.0,96.9,3.0,230.0,5.0
2023-05-28,15,18.4,93.9,3.0,230.0,20.0
2023-05-28,18,18.4,98.8,0.0,0.0,4.0
2023-05-28,21,18.1,98.1,0.0,0.0,4.0
2023-05-29,0,18.0,98.1,1.0,90.0,4.0
2023-05-29,3,18.0,96.9,0.0,0.0,4.0
2023-05-29,6,18.2,92.1,1.0,50.0,20.0
2023-05-29,9,21.0,85.1,0.0,0.0,20.0
2023-05-29,12,24.6,69.3,3.0,90.0,30.0
2023-05-29,15,27.5,55.8,0.0,0.0,20.0
2023-05-29,18,29.6,59.6,0.0,0.0,20.0
2023-05-29,21,22.9,75.3,2.0,270.0,20.0
2023-05-30,0,20.6,81.4,0.0,0.0,20.0
2023-05-30,3,19.8,95.1,0.0,0.0,20.0
2023-05-30,6,18.6,95.1,0.0,0.0,20.0
2023-05-30,9,23.2,61.5,6.0,50.0,20.0
2023-05-30,12,24.6,58.4,5.0,50.0,20.0
2023-05-30,15,25.9,54.4,3.0,50.0,20.0
2023-05-30,18,24.2,54.7,3.0,50.0,20.0
2023-05-30,21,20.8,60.6,0.0,0.0,20.0
2023-05-31,0,18.6,68.5,0.0,0.0,20.0
2023-05-31,3,17.4,73.4,0.0,0.0,20.0
2023-05-31,6,16.4,76.2,1.0,90.0,20.0
2023-05-31,9,21.0,63.8,3.0,120.0,20.0
2023-05-31,12,23.9,57.1,2.0,180.0,20.0
2023-05-31,15,24.9,61.5,4.0,140.0,20.0
2023-05-31,18,24.6,73.3,1.0,140.0,20.0
2023-05-31,21,20.4,77.8,2.0,270.0,20.0
2023-06-01,0,18.8,87.0,2.0,230.0,5.0
2023-06-01,3,18.8,92.2,0.0,0.0,4.0
2023-06-01,6,18.6,91.0,0.0,0.0,5.0
2023-06-01,9,20.8,84.5,0.0,0.0,10.0
2023-06-01,12,22.7,75.3,0.0,0.0,10.0
2023-06-01,15,25.5,60.9,3.0,180.0,20.0
2023-06-01,18,26.1,57.3,3.0,230.0,20.0
2023-06-01,21,20.9,72.2,2.0,270.0,20.0
2023-06-02,0,19.5,81.8,1.0,270.0,20.0
2023-06-02,3,17.7,88.1,0.0,0.0,20.0
2023-06-02,6,17.1,91.5,0.0,0.0,20.0
2023-06-02,9,18.3,87.0,2.0,270.0,20.0
2023-06-02,12,20.7,81.9,2.0,270.0,20.0
2023-06-02,15,26.5,59.6,3.0,270.0,20.0
2023-06-02,18,24.3,71.4,3.0,270.0,20.0
2023-06-02,21,21.4,67.8,1.0,320.0,20.0
2023-06-03,0,19.0,75.1,0.0,0.0,20.0
2023-06-03,3,19.4,55.6,3.0,50.0,20.0
2023-06-03,6,16.8,74.8,0.0,0.0,30.0
2023-06-03,9,23.5,59.6,0.0,0.0,20.0
2023-06-03,12,26.1,39.1,6.0,320.0,30.0
2023-06-03,15,28.6,31.8,6.0,320.0,30.0
2023-06-03,18,26.7,41.1,5.0,270.0,30.0
2023-06-03,21,20.6,62.9,3.0,270.0,30.0
2023-06-04,0,18.2,85.3,0.0,0.0,20.0
2023-06-04,3,15.7,88.5,0.0,0.0,20.0
2023-06-04,6,15.1,92.5,0.0,0.0,3.9
2023-06-04,9,17.6,92.7,0.0,0.0,10.0
2023-06-04,12,25.3,66.9,2.0,230.0,20.0
2023-06-04,15,26.7,49.9,1.0,230.0,30.0
2023-06-04,18,24.9,55.9,3.0,230.0,30.0
2023-06-04,21,19.4,74.7,1.0,230.0,20.0
2023-06-05,0,18.1,85.9,0.0,0.0,20.0
2023-06-05,3,16.2,92.6,0.0,0.0,20.0
2023-06-05,6,14.9,94.3,0.0,0.0,20.0
2023-06-05,9,20.4,88.9,0.0,0.0,20.0
2023-06-05,12,23.5,69.9,4.0,270.0,20.0
2023-06-05,15,25.1,67.7,1.0,270.0,20.0
2023-06-05,18,22.6,74.3,5.0,270.0,20.0
2023-06-05,21,19.4,78.2,4.0,230.0,20.0
2023-06-06,0,18.4,85.4,0.0,0.0,20.0
2023-06-06,3,17.3,87.5,1.0,180.0,20.0
2023-06-06,6,16.8,92.6,0.0,0.0,20.0
2023-06-06,9,19.6,78.2,1.0,270.0,20.0
2023-06-06,12,22.0,73.3,2.0,230.0,20.0
2023-06-06,15,20.9,77.4,6.0,230.0,20.0
2023-06-06,18,19.7,78.7,6.0,230.0,20.0
2023-06-06,21,18.8,82.7,2.0,270.0,20.0
2023-06-07,0,18.3,83.2,3.0,230.0,20.0
2023-06-07,3,18.0,85.3,2.0,230.0,20.0
2023-06-07,6,17.4,90.9,0.0,0.0,20.0
2023-06-07,9,19.3,85.5,3.0,180.0,20.0
2023-06-07,12,20.7,78.9,4.0,230.0,20.0
2023-06-07,15,22.7,76.7,4.0,230.0,20.0
2023-06-07,18,22.1,81.6,2.0,270.0,20.0
2023-06-07,21,19.4,86.6,0.0,0.0,20.0
2023-06-08,0,18.5,89.8,0.0,0.0,20.0
2023-06-08,3,17.4,85.8,3.0,230.0,10.0
2023-06-08,6,17.3,88.6,2.0,230.0,10.0
2023-06-08,9,18.6,88.1,2.0,180.0,15.0
2023-06-08,12,18.3,92.1,3.0,140.0,10.0
2023-06-08,15,19.4,91.0,1.0,140.0,10.0
2023-06-08,18,19.7,86.6,4.0,230.0,20.0
2023-06-08,21,18.8,85.4,0.0,0.0,20.0
2023-06-09,0,18.8,85.4,0.0,0.0,20.0
2023-06-09,3,17.5,85.8,0.0,0.0,20.0
2023-06-09,6,15.8,91.4,0.0,0.0,20.0
2023-06-09,9,19.0,85.4,3.0,180.0,20.0
2023-06-09,12,22.8,75.3,3.0,230.0,20.0
2023-06-09,15,24.3,78.4,2.0,230.0,20.0
2023-06-09,18,24.4,79.4,0.0,0.0,20.0
2023-06-09,21,21.0,84.6,0.0,0.0,20.0
2023-06-10,0,19.9,86.1,0.0,0.0,20.0
2023-06-10,3,18.5,88.1,0.0,0.0,20.0
2023-06-10,6,19.0,88.2,0.0,0.0,20.0
2023-06-10,9,22.6,80.1,3.0,230.0,20.0
2023-06-10,12,25.6,75.3,0.0,0.0,20.0
2023-06-10,15,25.7,71.7,3.0,180.0,20.0
2023-06-10,18,20.4,81.4,3.0,230.0,20.0
2023-06-11,0,17.8,92.1,2.0,50.0,20.0
2023-06-11,3,16.8,90.9,1.0,50.0,20.0
2023-06-11,6,16.1,89.6,0.0,0.0,20.0
2023-06-11,9,20.0,86.6,0.0,0.0,20.0
2023-06-11,12,24.6,78.4,0.0,0.0,20.0
2023-06-11,15,26.5,61.5,0.0,0.0,20.0
2023-06-11,18,27.7,52.1,3.0,230.0,20.0
2023-06-11,21,22.7,67.2,1.0,230.0,20.0
2023-06-12,0,19.8,86.6,0.0,0.0,20.0
2023-06-12,3,18.1,87.0,0.0,0.0,10.0
2023-06-12,6,17.0,92.6,1.0,90.0,10.0
2023-06-12,9,21.1,87.8,3.0,50.0,10.0
2023-06-12,12,24.2,78.9,0.0,0.0,10.0
2023-06-12,15,25.7,70.4,3.0,90.0,10.0
2023-06-12,18,22.9,76.7,2.0,90.0,10.0
2023-06-12,21,20.2,80.3,0.0,0.0,20.0
2023-06-13,0,19.2,85.4,0.0,0.0,20.0
2023-06-13,3,18.5,89.8,0.0,0.0,20.0
2023-06-13,6,17.9,85.9,0.0,0.0,10.0
2023-06-13,9,20.0,76.8,0.0,0.0,20.0
2023-06-13,12,22.8,71.1,2.0,230.0,20.0
2023-06-13,15,24.8,65.1,4.0,230.0,20.0
2023-06-13,18,22.7,69.3,2.0,230.0,20.0
2023-06-13,21,19.4,81.2,1.0,320.0,20.0
2023-06-14,0,17.7,86.9,0.0,0.0,20.0
2023-06-14,3,16.2,92.6,0.0,0.0,20.0
2023-06-14,6,15.6,92.6,0.0,0.0,20.0
2023-06-14,9,18.3,87.0,0.0,0.0,20.0
2023-06-14,12,23.7,63.6,0.0,0.0,20.0
2023-06-14,15,26.5,54.9,1.0,230.0,20.0
2023-06-14,18,23.1,80.2,3.0,230.0,20.0
2023-06-14,21,21.2,86.2,0.0,0.0,20.0
2023-06-15,0,19.4,89.9,0.0,0.0,20.0
2023-06-15,3,17.8,85.8,0.0,0.0,20.0
2023-06-15,6,17.0,91.5,0.0,0.0,20.0
2023-06-15,9,20.2,83.4,0.0,0.0,20.0
2023-06-15,12,24.8,71.1,2.0,180.0,20.0
2023-06-15,15,28.0,61.5,3.0,230.0,20.0
2023-06-15,18,26.3,72.2,4.0,230.0,20.0
2023-06-15,21,21.6,74.6,0.0,0.0,20.0
2023-06-16,0,20.4,87.7,0.0,0.0,20.0
2023-06-16,3,18.8,91.0,0.0,0.0,10.0
2023-06-16,6,17.6,92.1,0.0,0.0,3.9
2023-06-16,9,21.1,85.6,0.0,0.0,10.0
2023-06-16,12,25.7,61.7,3.0,270.0,20.0
2023-06-16,15,27.6,64.5,5.0,270.0,20.0
2023-06-16,18,26.1,61.8,3.0,270.0,20.0
2023-06-16,21,21.5,75.1,2.0,270.0,20.0
2023-06-17,0,19.7,85.5,0.0,0.0,20.0
2023-06-17,3,18.2,89.8,0.0,0.0,20.0
2023-06-17,6,17.0,91.5,0.0,0.0,20.0
2023-06-17,9,22.3,81.6,0.0,0.0,20.0
2023-06-17,12,27.2,57.6,3.0,230.0,20.0
2023-06-17,15,29.1,59.8,5.0,270.0,20.0
2023-06-17,18,24.9,61.5,4.0,230.0,20.0
2023-06-17,21,22.0,83.1,1.0,270.0,20.0
2023-06-18,0,21.2,86.2,2.0,270.0,20.0
2023-06-18,3,20.4,89.4,0.0,0.0,20.0
2023-06-18,6,19.5,92.2,0.0,0.0,20.0
2023-06-18,9,23.0,83.7,0.0,0.0,20.0
2023-06-18,12,27.0,60.1,1.0,90.0,20.0
2023-06-18,15,30.2,49.9,0.0,0.0,20.0
2023-06-18,18,29.1,63.2,3.0,230.0,20.0
2023-06-18,21,23.4,69.9,1.0,230.0,20.0
2023-06-19,0,22.3,76.6,0.0,0.0,20.0
2023-06-19,3,20.5,84.5,0.0,0.0,20.0
2023-06-19,6,20.9,81.9,0.0,0.0,20.0
2023-06-19,9,26.7,64.7,2.0,90.0,20.0
2023-06-19,12,30.3,57.2,0.0,0.0,20.0
2023-06-19,15,32.9,51.9,2.0,90.0,20.0
2023-06-19,18,32.4,56.7,0.0,0.0,20.0
2023-06-19,21,25.6,67.8,2.0,230.0,20.0
2023-06-20,0,23.9,76.9,0.0,0.0,20.0
2023-06-20,3,22.5,79.1,0.0,0.0,20.0
2023-06-20,6,22.5,80.1,0.0,0.0,20.0
2023-06-20,9,22.8,84.2,0.0,0.0,20.0
2023-06-20,12,23.5,80.2,4.0,50.0,20.0
2023-06-20,15,24.9,70.2,4.0,50.0,20.0
2023-06-20,18,24.9,65.1,0.0,0.0,20.0
2023-06-20,21,24.4,71.4,0.0,0.0,20.0
2023-06-21,0,20.1,86.1,0.0,0.0,20.0
2023-06-21,3,18.8,93.9,2.0,50.0,10.0
2023-06-21,6,18.8,96.3,4.0,50.0,5.0
2023-06-21,9,18.7,91.0,3.0,50.0,10.0
2023-06-21,12,20.4,86.1,3.0,20.0,10.0
2023-06-21,15,20.9,81.9,3.0,20.0,10.0
2023-06-21,18,22.0,79.0,0.0,0.0,20.0
2023-06-21,21,20.4,82.4,0.0,0.0,30.0
2023-06-22,0,19.0,80.1,0.0,0.0,30.0
2023-06-22,3,18.4,81.6,0.0,0.0,20.0
2023-06-22,6,18.2,87.0,0.0,0.0,20.0
2023-06-22,9,22.2,72.4,4.0,270.0,20.0
2023-06-22,12,23.7,70.4,4.0,270.0,20.0
2023-06-22,15,24.7,77.0,4.0,270.0,20.0
2023-06-22,18,22.1,93.5,4.0,270.0,5.0
2023-06-22,21,21.7,90.1,0.0,0.0,20.0
2023-06-23,0,20.6,90.6,0.0,0.0,10.0
2023-06-23,3,19.4,96.3,0.0,0.0,2.0
2023-06-23,6,19.6,95.1,0.0,0.0,0.3
2023-06-23,9,19.9,95.1,0.0,0.0,0.8
2023-06-23,12,23.2,86.4,1.0,320.0,10.0
2023-06-23,15,27.1,62.0,0.0,0.0,20.0
2023-06-23,18,28.7,70.1,3.0,270.0,20.0
2023-06-23,21,24.3,82.4,0.0,0.0,20.0
2023-06-24,0,22.4,90.1,0.0,0.0,10.0
2023-06-24,3,20.7,87.2,0.0,0.0,10.0
2023-06-24,6,20.0,88.8,0.0,0.0,20.0
2023-06-24,9,24.6,80.9,2.0,90.0,20.0
2023-06-24,12,28.0,70.8,1.0,180.0,20.0
2023-06-24,15,30.6,65.9,3.0,230.0,20.0
2023-06-24,18,30.1,64.6,3.0,270.0,20.0
2023-06-24,21,25.3,79.0,2.0,270.0,20.0
2023-06-25,0,22.8,86.9,1.0,230.0,10.0
2023-06-25,3,21.7,90.1,0.0,0.0,10.0
2023-06-25,6,20.6,92.3,0.0,0.0,10.0
2023-06-25,9,25.4,82.0,0.0,0.0,20.0
2023-06-25,12,29.0,68.9,0.0,0.0,20.0
2023-06-25,15,31.6,51.9,2.0,140.0,20.0
2023-06-25,18,31.1,57.4,0.0,0.0,20.0
2023-06-25,21,28.3,77.6,0.0,0.0,20.0
2023-06-26,0,26.6,81.6,0.0,0.0,20.0
2023-06-26,3,24.4,77.9,2.0,90.0,20.0
2023-06-26,6,22.6,90.1,3.0,90.0,20.0
2023-06-26,9,21.1,93.4,4.0,70.0,15.0
2023-06-26,12,21.9,91.8,6.0,230.0,10.0
2023-06-26,15,22.4,94.7,2.0,230.0,10.0
2023-06-26,18,22.4,96.4,4.0,230.0,4.0
2023-06-26,21,22.8,96.4,4.0,180.0,10.0
2023-06-27,0,22.2,96.4,5.0,230.0,4.0
2023-06-27,3,21.2,91.7,8.0,230.0,20.0
2023-06-27,6,20.5,90.0,5.0,230.0,20.0
2023-06-27,9,22.1,84.7,5.0,230.0,20.0
2023-06-27,12,24.6,77.0,6.0,270.0,20.0
2023-06-27,15,24.9,72.4,4.0,270.0,20.0
2023-06-27,18,25.5,72.1,3.0,270.0,20.0
2023-06-27,21,22.6,84.2,2.0,320.0,20.0
2023-06-28,0,21.1,87.8,0.0,0.0,20.0
2023-06-28,3,21.6,92.9,0.0,0.0,20.0
2023-06-28,6,21.8,93.5,0.0,0.0,20.0
2023-06-28,9,23.2,88.5,0.0,0.0,5.0
2023-06-28,12,25.6,81.5,0.0,0.0,10.0
2023-06-28,15,27.6,77.0,0.0,0.0,10.0
2023-06-28,18,25.9,81.1,3.0,270.0,10.0
2023-06-28,21,24.3,83.9,0.0,0.0,10.0
2023-06-29,0,23.3,93.0,0.0,0.0,5.0
2023-06-29,3,23.5,93.0,0.0,0.0,4.0
2023-06-29,6,23.4,93.0,4.0,230.0,3.0
2023-06-29,9,23.7,95.9,0.0,0.0,2.0
2023-06-29,12,23.1,94.7,6.0,230.0,5.0
2023-06-29,15,23.1,96.4,5.0,140.0,5.0
2023-06-29,18,22.6,99.4,3.0,50.0,2.0
2023-06-29,21,22.3,98.8,1.0,90.0,2.0
2023-06-30,0,21.6,97.0,0.0,0.0,4.0
2023-06-30,3,21.1,97.0,1.0,50.0,4.0
2023-06-30,6,20.8,95.2,0.0,0.0,10.0
2023-06-30,9,21.5,92.9,2.0,50.0,10.0
2023-06-30,12,25.1,72.9,3.0,180.0,20.0
2023-06-30,15,28.9,72.7,3.0,230.0,20.0
2023-06-30,18,29.2,66.4,0.0,0.0,20.0
2023-06-30,21,24.9,71.1,0.0,0.0,20.0
2023-07-01,0,23.3,82.7,0.0,0.0,20.0
2023-07-01,3,22.5,88.5,0.0,0.0,5.0
2023-07-01,6,21.9,98.2,0.0,0.0,0.2
2023-07-01,9,24.6,89.7,1.0,140.0,5.0
2023-07-01,12,29.4,77.3,1.0,180.0,10.0
2023-07-01,15,30.4,67.1,4.0,230.0,20.0
2023-07-01,18,30.4,61.6,4.0,230.0,20.0
2023-07-01,21,25.5,69.4,3.0,270.0,20.0
2023-07-02,0,24.3,83.9,0.0,0.0,20.0
2023-07-02,3,23.7,89.7,3.0,230.0,20.0
2023-07-02,6,23.2,88.5,0.0,0.0,20.0
2023-07-02,9,23.8,87.0,2.0,230.0,20.0
2023-07-02,12,25.2,82.0,1.0,270.0,20.0
2023-07-02,15,27.5,72.0,0.0,0.0,20.0
2023-07-02,18,28.5,67.1,2.0,230.0,20.0
2023-07-02,21,25.3,75.7,0.0,0.0,20.0
2023-07-03,0,23.5,89.6,0.0,0.0,20.0
2023-07-03,3,22.7,96.4,0.0,0.0,0.7
2023-07-03,6,22.2,98.2,2.0,50.0,0.3
2023-07-03,9,24.8,91.4,1.0,90.0,10.0
2023-07-03,12,29.8,78.2,1.0,90.0,20.0
2023-07-03,15,32.5,58.8,3.0,270.0,20.0
2023-07-03,18,33.1,60.0,3.0,270.0,20.0
2023-07-03,21,28.8,77.2,1.0,270.0,20.0
2023-07-04,0,26.8,87.8,0.0,0.0,20.0
2023-07-04,3,25.0,94.2,0.0,0.0,20.0
2023-07-04,6,24.1,93.0,0.0,0.0,20.0
2023-07-04,9,24.8,89.7,1.0,90.0,20.0
2023-07-04,12,25.8,92.0,1.0,180.0,5.0
2023-07-04,15,24.3,97.6,3.0,180.0,4.0
2023-07-04,18,23.3,99.4,2.0,180.0,4.0
2023-07-04,21,23.6,98.2,4.0,180.0,10.0
2023-07-05,0,24.1,98.2,5.0,180.0,5.0
2023-07-05,3,23.4,92.4,9.0,180.0,5.0
2023-07-05,6,21.8,88.4,9.0,180.0,20.0
2023-07-05,9,23.1,86.9,6.0,250.0,20.0
2023-07-05,12,25.3,77.6,4.0,270.0,20.0
2023-07-05,15,26.6,78.7,5.0,270.0,20.0
2023-07-05,18,24.9,81.9,5.0,270.0,20.0
2023-07-05,21,22.7,92.4,0.0,0.0,20.0
2023-07-06,0,21.7,91.8,0.0,0.0,20.0
2023-07-06,3,22.4,90.1,2.0,180.0,3.7
2023-07-06,6,22.4,91.8,3.0,180.0,3.5
2023-07-06,9,24.0,86.5,1.0,180.0,10.0
2023-07-06,12,26.7,77.3,6.0,230.0,15.0
2023-07-06,15,30.3,70.4,7.0,270.0,20.0
2023-07-06,18,28.9,73.6,3.0,270.0,20.0
2023-07-06,21,25.5,83.0,0.0,0.0,20.0
2023-07-07,0,24.1,89.7,0.0,0.0,5.0
2023-07-07,3,22.9,91.3,0.0,0.0,5.0
2023-07-07,6,21.6,92.9,0.0,0.0,5.0
2023-07-07,9,26.6,74.5,2.0,50.0,15.0
2023-07-07,12,28.4,71.7,4.0,90.0,20.0
2023-07-07,15,30.9,57.7,2.0,90.0,20.0
2023-07-07,18,31.5,69.8,2.0,230.0,20.0
2023-07-07,21,25.5,62.0,1.0,140.0,20.0
2023-07-08,0,22.4,78.1,1.0,90.0,20.0
2023-07-08,3,21.4,83.6,0.0,0.0,20.0
2023-07-08,6,20.1,87.7,0.0,0.0,20.0
2023-07-08,9,24.0,76.9,1.0,180.0,20.0
2023-07-08,12,26.4,72.7,5.0,90.0,20.0
2023-07-08,15,30.3,69.5,1.0,180.0,20.0
2023-07-08,18,28.8,75.8,3.0,270.0,20.0
2023-07-08,21,25.1,86.0,0.0,0.0,20.0
2023-07-09,0,23.7,88.6,0.0,0.0,20.0
2023-07-09,3,23.7,88.6,0.0,0.0,20.0
2023-07-09,6,23.8,92.4,1.0,90.0,20.0
2023-07-09,9,21.2,91.7,4.0,50.0,10.0
2023-07-09,12,20.3,93.4,4.0,90.0,10.0
2023-07-09,15,24.9,80.4,3.0,50.0,30.0
2023-07-09,18,25.5,81.5,3.0,50.0,30.0
2023-07-09,21,24.5,87.6,2.0,180.0,20.0
2023-07-10,0,24.3,89.2,3.0,180.0,20.0
2023-07-10,3,23.6,90.8,2.0,180.0,5.0
2023-07-10,6,23.5,92.4,0.0,0.0,5.0
2023-07-10,9,24.8,85.0,1.0,50.0,3.5
2023-07-10,12,27.5,82.7,3.0,180.0,10.0
2023-07-10,15,29.6,77.3,3.0,180.0,10.0
2023-07-10,18,28.7,72.2,3.0,230.0,20.0
2023-07-10,21,24.3,83.9,3.0,230.0,20.0
2023-07-11,0,24.1,87.5,3.0,230.0,20.0
2023-07-11,3,23.7,92.4,0.0,0.0,20.0
2023-07-11,6,23.6,90.2,0.0,0.0,20.0
2023-07-11,9,23.7,94.7,0.0,0.0,2.0
2023-07-11,12,25.1,99.4,2.0,230.0,10.0
2023-07-11,15,21.1,91.7,2.0,90.0,10.0
2023-07-11,18,20.8,94.6,2.0,90.0,10.0
2023-07-11,21,21.0,92.9,0.0,0.0,10.0
2023-07-12,0,21.2,90.0,0.0,0.0,10.0
2023-07-12,3,21.6,88.4,1.0,50.0,5.0
2023-07-12,6,21.8,91.8,0.0,0.0,5.0
2023-07-12,9,22.6,93.5,0.0,0.0,3.5
2023-07-12,12,24.6,89.7,0.0,0.0,5.0
2023-07-12,15,27.3,82.2,0.0,0.0,10.0
2023-07-12,18,26.9,78.8,0.0,0.0,20.0
2023-07-12,21,25.4,83.5,0.0,0.0,20.0
2023-07-13,0,24.6,88.1,0.0,0.0,20.0
2023-07-13,3,24.3,89.7,0.0,0.0,10.0
2023-07-13,6,23.7,88.6,0.0,0.0,10.0
2023-07-13,9,24.6,94.2,0.0,0.0,10.0
2023-07-13,12,24.0,94.7,4.0,230.0,5.0
2023-07-13,15,24.0,99.4,2.0,50.0,4.0
2023-07-13,18,24.1,99.4,1.0,90.0,4.0
2023-07-13,21,23.9,99.4,4.0,90.0,4.0
2023-07-14,0,23.9,99.4,5.0,180.0,4.0
2023-07-14,3,23.8,99.4,4.0,180.0,10.0
2023-07-14,6,23.9,96.4,2.0,180.0,10.0
2023-07-14,9,24.8,96.5,1.0,230.0,0.8
2023-07-14,12,24.6,97.6,4.0,230.0,0.4
2023-07-14,15,24.5,99.4,4.0,230.0,4.0
2023-07-14,18,24.7,99.4,4.0,180.0,2.0
2023-07-14,21,24.2,95.9,0.0,0.0,2.0
2023-07-15,0,24.0,95.9,2.0,230.0,2.0
2023-07-15,3,24.0,98.2,0.0,0.0,0.5
2023-07-15,6,23.7,99.4,0.0,0.0,0.2
2023-07-15,9,24.1,94.2,0.0,0.0,2.0
2023-07-15,12,24.2,90.8,6.0,180.0,10.0
2023-07-15,15,24.5,99.4,2.0,230.0,10.0
2023-07-15,18,24.5,95.9,4.0,230.0,2.0
2023-07-15,21,23.0,91.3,2.0,230.0,10.0
2023-07-16,0,22.7,91.3,3.0,180.0,20.0
2023-07-16,3,22.4,87.4,1.0,180.0,20.0
2023-07-16,6,23.0,91.3,0.0,0.0,20.0
2023-07-16,9,23.5,91.3,0.0,0.0,20.0
2023-07-16,12,24.4,87.6,0.0,0.0,20.0
2023-07-16,15,25.5,81.5,4.0,230.0,20.0
2023-07-16,18,24.1,76.9,2.0,230.0,20.0
2023-07-16,21,22.9,86.9,1.0,230.0,4.0
2023-07-17,0,22.7,94.7,0.0,0.0,5.0
2023-07-17,3,22.7,93.5,0.0,0.0,5.0
2023-07-17,6,22.8,93.0,0.0,0.0,5.0
2023-07-17,9,23.8,94.1,0.0,0.0,5.0
2023-07-17,12,24.8,89.7,3.0,230.0,10.0
2023-07-17,15,25.1,86.6,3.0,230.0,20.0
2023-07-17,18,25.1,85.0,0.0,0.0,20.0
2023-07-17,21,24.1,87.5,0.0,0.0,20.0
2023-07-18,0,23.1,88.0,0.0,0.0,20.0
2023-07-18,3,22.9,93.5,0.0,0.0,3.5
2023-07-18,6,22.7,94.7,0.0,0.0,2.0
2023-07-18,9,24.6,84.4,0.0,0.0,15.0
2023-07-18,12,26.9,82.2,0.0,0.0,20.0
2023-07-18,15,30.1,82.6,0.0,0.0,20.0
2023-07-18,18,27.1,79.8,0.0,0.0,20.0
2023-07-18,21,25.8,84.1,0.0,0.0,30.0
2023-07-19,0,24.2,88.1,0.0,0.0,20.0
2023-07-19,3,22.3,89.6,1.0,270.0,10.0
2023-07-19,6,22.3,88.5,0.0,0.0,0.9
2023-07-19,9,24.2,91.3,0.0,0.0,5.0
2023-07-19,12,29.6,75.9,1.0,180.0,20.0
2023-07-19,15,31.9,69.8,3.0,230.0,20.0
2023-07-19,18,30.1,67.0,3.0,230.0,20.0
2023-07-19,21,26.4,74.5,0.0,0.0,20.0
2023-07-20,0,24.4,89.7,0.0,0.0,20.0
2023-07-20,3,23.3,88.5,0.0,0.0,3.5
2023-07-20,6,22.7,87.9,0.0,0.0,0.4
2023-07-20,9,23.4,95.9,1.0,90.0,0.3
2023-07-20,12,28.4,80.4,0.0,0.0,20.0
2023-07-20,15,32.1,67.0,1.0,230.0,20.0
2023-07-20,18,29.7,64.2,3.0,230.0,20.0
2023-07-20,21,25.9,71.3,2.0,270.0,20.0
2023-07-21,0,24.2,79.8,0.0,0.0,20.0
2023-07-21,3,23.3,88.0,0.0,0.0,10.0
2023-07-21,6,22.7,91.3,0.0,0.0,10.0
2023-07-21,9,27.6,77.0,0.0,0.0,20.0
2023-07-21,12,30.6,66.7,1.0,50.0,20.0
2023-07-21,15,33.1,61.9,2.0,230.0,20.0
2023-07-21,18,33.1,59.0,0.0,0.0,20.0
2023-07-21,21,28.1,68.3,0.0,0.0,20.0
2023-07-22,0,25.6,80.0,0.0,0.0,20.0
2023-07-22,3,24.6,86.0,0.0,0.0,10.0
2023-07-22,6,24.5,83.9,0.0,0.0,10.0
2023-07-22,9,28.2,73.9,4.0,90.0,20.0
2023-07-22,12,30.8,62.5,5.0,140.0,20.0
2023-07-22,15,29.3,77.2,4.0,140.0,20.0
2023-07-22,18,25.1,89.8,4.0,140.0,10.0
2023-07-22,21,23.5,94.7,5.0,140.0,10.0
2023-07-23,0,22.7,95.2,4.0,140.0,10.0
2023-07-23,3,23.1,98.2,5.0,180.0,5.0
2023-07-23,6,23.6,99.4,4.0,180.0,10.0
2023-07-23,9,24.3,99.4,3.0,180.0,20.0
2023-07-23,12,24.9,94.2,2.0,230.0,20.0
2023-07-23,15,25.9,95.9,3.0,230.0,20.0
2023-07-23,18,24.9,98.2,3.0,230.0,20.0
2023-07-23,21,24.6,94.7,3.0,230.0,10.0
2023-07-24,0,24.4,94.7,0.0,0.0,5.0
2023-07-24,3,23.9,95.9,0.0,0.0,2.0
2023-07-24,6,23.7,98.2,0.0,0.0,2.0
2023-07-24,9,24.5,94.2,0.0,0.0,5.0
2023-07-24,12,27.2,79.8,1.0,230.0,10.0
2023-07-24,15,29.6,78.2,3.0,270.0,20.0
2023-07-24,18,28.3,80.4,3.0,270.0,20.0
2023-07-24,21,25.0,86.6,2.0,270.0,20.0
2023-07-25,0,24.3,92.5,0.0,0.0,20.0
2023-07-25,3,23.9,87.0,0.0,0.0,20.0
2023-07-25,6,23.9,94.7,0.0,0.0,20.0
2023-07-25,9,23.9,95.9,1.0,140.0,5.0
2023-07-25,12,24.9,93.1,0.0,0.0,10.0
2023-07-25,15,26.6,84.6,6.0,230.0,20.0
2023-07-25,18,26.5,84.1,5.0,230.0,20.0
2023-07-25,21,25.1,88.7,5.0,230.0,20.0
2023-07-26,0,24.0,94.7,0.0,0.0,20.0
2023-07-26,3,22.7,99.4,3.0,230.0,4.0
2023-07-26,6,22.9,99.4,2.0,140.0,2.0
2023-07-26,9,22.8,96.4,4.0,90.0,5.0
2023-07-26,12,22.7,95.2,2.0,90.0,5.0
2023-07-26,15,26.8,84.2,0.0,0.0,20.0
2023-07-26,18,27.6,84.3,3.0,230.0,20.0
2023-07-26,21,25.2,89.8,2.0,230.0,20.0
2023-07-27,0,24.7,91.4,0.0,0.0,20.0
2023-07-27,3,24.4,95.9,0.0,0.0,4.0
2023-07-27,6,24.3,97.6,0.0,0.0,0.2
2023-07-27,9,26.4,87.2,0.0,0.0,10.0
2023-07-27,12,28.6,79.0,1.0,230.0,20.0
2023-07-27,15,30.3,72.5,3.0,270.0,20.0
2023-07-27,18,30.5,71.7,4.0,270.0,20.0
2023-07-27,21,26.9,84.2,2.0,270.0,20.0
2023-07-28,0,25.4,89.2,0.0,0.0,20.0
2023-07-28,3,24.3,93.0,2.0,50.0,3.0
2023-07-28,6,24.4,95.9,0.0,0.0,3.0
2023-07-28,9,24.6,96.5,0.0,0.0,5.0
2023-07-28,12,29.6,74.1,0.0,0.0,20.0
2023-07-28,15,32.1,67.0,4.0,230.0,20.0
2023-07-28,18,31.5,69.8,3.0,230.0,20.0
2023-07-28,21,27.5,85.8,0.0,0.0,20.0
2023-07-29,0,26.8,85.7,0.0,0.0,20.0
2023-07-29,3,24.9,94.2,0.0,0.0,20.0
2023-07-29,6,24.0,94.7,0.0,0.0,20.0
2023-07-29,9,27.9,81.8,0.0,0.0,20.0
2023-07-29,12,30.3,76.5,4.0,270.0,20.0
2023-07-29,15,30.5,73.0,2.0,290.0,20.0
2023-07-29,18,28.4,78.0,2.0,270.0,30.0
2023-07-29,21,25.6,84.5,3.0,90.0,30.0
2023-07-30,0,25.4,90.9,0.0,0.0,30.0
2023-07-30,3,24.4,90.3,0.0,0.0,20.0
2023-07-30,6,24.2,94.2,0.0,0.0,20.0
2023-07-30,9,28.0,80.8,1.0,90.0,30.0
2023-07-30,12,31.8,69.8,1.0,140.0,30.0
2023-07-30,15,33.9,65.8,1.0,230.0,20.0
2023-07-30,18,32.9,64.1,2.0,230.0,20.0
2023-07-30,21,27.6,77.9,3.0,230.0,20.0
2023-07-31,0,26.4,84.6,0.0,0.0,20.0
2023-07-31,3,25.5,90.3,0.0,0.0,20.0
2023-07-31,6,24.7,94.2,0.0,0.0,20.0
2023-07-31,9,27.5,88.4,0.0,0.0,20.0
2023-07-31,12,30.8,79.8,0.0,0.0,20.0
2023-07-31,15,32.6,71.6,2.0,50.0,20.0
2023-07-31,18,29.5,80.1,3.0,230.0,20.0
2023-07-31,21,27.3,85.7,2.0,270.0,20.0
2024-03-01,0,-0.9,61.3,5.0,290.0,20.0
2024-03-01,3,-2.5,44.3,8.0,320.0,20.0
2024-03-01,6,-5.3,48.4,5.0,320.0,20.0
2024-03-01,9,-5.8,39.1,7.0,320.0,20.0
2024-03-01,12,-4.0,30.3,7.0,320.0,20.0
2024-03-01,15,-3.2,31.4,9.0,320.0,30.0
2024-03-01,18,-5.0,37.4,6.0,320.0,30.0
2024-03-01,21,-6.7,46.0,4.0,320.0,30.0
2024-03-02,0,-7.7,48.0,0.0,0.0,30.0
2024-03-02,3,,54.9,0.0,0.0,20.0
2024-03-02,6,,52.4,0.0,0.0,20.0
2024-03-02,9,-6.3,54.8,1.0,90.0,20.0
2024-03-02,12,0.2,67.5,0.0,0.0,20.0
2024-03-02,15,4.3,64.5,11.0,230.0,20.0
2024-03-02,18,2.5,72.7,7.0,320.0,20.0
2024-03-02,21,3.3,77.8,7.0,320.0,20.0
2024-03-03,0,2.9,84.2,6.0,270.0,10.0
2024-03-03,3,0.9,86.5,0.0,0.0,10.0
2024-03-03,6,-1.1,89.5,0.0,0.0,10.0
2024-03-03,9,1.1,92.4,0.0,0.0,1.6
2024-03-03,12,5.9,49.7,0.0,0.0,20.0
2024-03-03,15,8.1,36.2,4.0,230.0,20.0
2024-03-03,18,5.6,53.1,4.0,230.0,20.0
2024-03-03,21,2.4,82.3,0.0,0.0,20.0
2024-03-04,0,0.2,58.4,0.0,0.0,20.0
2024-03-04,3,-2.7,66.9,0.0,0.0,20.0
2024-03-04,6,-4.4,67.5,0.0,0.0,20.0
2024-03-04,9,-0.1,69.0,0.0,0.0,20.0
2024-03-04,12,5.9,44.1,0.0,0.0,20.0
2024-03-04,15,11.1,28.0,2.0,180.0,20.0
2024-03-04,18,7.6,40.1,4.0,230.0,20.0
2024-03-04,21,4.2,51.9,1.0,90.0,20.0
2024-03-05,0,3.3,51.6,0.0,0.0,20.0
2024-03-05,3,3.5,54.9,0.0,0.0,20.0
2024-03-05,6,3.8,52.6,0.0,0.0,20.0
2024-03-05,9,4.7,51.3,0.0,0.0,20.0
2024-03-05,12,7.8,39.3,0.0,0.0,20.0
2024-03-05,15,10.8,41.4,3.0,360.0,20.0
2024-03-05,18,7.9,63.9,5.0,50.0,20.0
2024-03-05,21,5.4,69.1,5.0,50.0,20.0
2024-03-06,0,3.8,75.1,6.0,50.0,20.0
2024-03-06,3,3.1,72.3,3.0,50.0,20.0
2024-03-06,6,2.7,73.8,3.0,50.0,20.0
2024-03-06,9,4.1,75.1,1.0,50.0,20.0
2024-03-06,12,8.3,62.2,1.0,90.0,30.0
2024-03-06,15,10.2,55.1,3.0,360.0,30.0
2024-03-06,18,7.9,53.7,4.0,50.0,30.0
2024-03-06,21,3.9,65.3,2.0,90.0,20.0
2024-03-07,0,3.0,67.6,2.0,50.0,20.0
2024-03-07,3,2.1,74.8,0.0,0.0,20.0
2024-03-07,6,1.7,75.8,0.0,0.0,20.0
2024-03-07,9,1.9,77.0,0.0,0.0,20.0
2024-03-07,12,3.1,87.9,0.0,0.0,20.0
2024-03-07,15,5.4,73.8,4.0,270.0,20.0
2024-03-07,18,6.0,62.6,1.0,270.0,20.0
2024-03-07,21,2.7,45.2,0.0,0.0,20.0
2024-03-08,0,0.8,54.6,0.0,0.0,20.0
2024-03-08,3,-1.4,63.6,1.0,270.0,20.0
2024-03-08,6,-1.0,68.8,3.0,270.0,20.0
2024-03-08,9,1.7,62.4,1.0,270.0,20.0
2024-03-08,12,3.9,37.2,7.0,320.0,20.0
2024-03-08,15,5.4,37.1,8.0,320.0,30.0
2024-03-08,18,2.7,46.9,6.0,320.0,30.0
2024-03-08,21,0.2,53.2,4.0,270.0,30.0
2024-03-09,0,-0.9,57.2,3.0,270.0,30.0
2024-03-09,3,-1.9,81.1,0.0,0.0,30.0
2024-03-09,6,-2.8,84.1,0.0,0.0,20.0
2024-03-09,9,-1.0,55.0,2.0,270.0,20.0
2024-03-09,12,3.4,42.3,3.0,230.0,20.0
2024-03-09,15,7.0,33.2,4.0,270.0,20.0
2024-03-09,18,4.4,52.4,6.0,230.0,20.0
2024-03-09,21,2.1,50.5,3.0,270.0,20.0
2024-03-10,0,1.3,48.4,2.0,270.0,20.0
2024-03-10,3,-2.0,60.1,0.0,0.0,20.0
2024-03-10,6,-4.4,67.5,0.0,0.0,20.0
2024-03-10,9,0.1,71.1,0.0,0.0,20.0
2024-03-10,12,6.6,47.0,0.0,0.0,20.0
2024-03-10,15,9.1,63.3,4.0,270.0,30.0
2024-03-10,18,6.4,73.4,4.0,230.0,30.0
2024-03-10,21,3.6,79.6,0.0,0.0,20.0
2024-03-11,0,1.1,86.5,0.0,0.0,20.0
2024-03-11,3,0.3,94.3,0.0,0.0,10.0
2024-03-11,6,0.1,95.7,0.0,0.0,10.0
2024-03-11,9,1.1,96.5,0.0,0.0,10.0
2024-03-11,12,5.2,74.8,0.0,0.0,20.0
2024-03-11,15,8.4,57.1,0.0,0.0,20.0
2024-03-11,18,9.1,63.3,5.0,230.0,20.0
2024-03-11,21,5.5,81.6,0.0,0.0,20.0
2024-03-12,0,4.6,86.8,0.0,0.0,20.0
2024-03-12,3,2.5,91.1,0.0,0.0,10.0
2024-03-12,6,3.6,89.9,0.0,0.0,10.0
2024-03-12,9,3.9,95.2,0.0,0.0,10.0
2024-03-12,12,9.2,72.4,0.0,0.0,20.0
2024-03-12,15,10.0,62.2,2.0,180.0,20.0
2024-03-12,18,10.0,57.1,4.0,320.0,20.0
2024-03-12,21,6.5,52.2,4.0,320.0,20.0
2024-03-13,0,4.5,55.6,4.0,320.0,20.0
2024-03-13,3,1.9,65.9,0.0,0.0,20.0
2024-03-13,6,0.2,78.5,0.0,0.0,20.0
2024-03-13,9,3.9,66.8,0.0,0.0,20.0
2024-03-13,12,11.1,48.7,2.0,230.0,20.0
2024-03-13,15,10.7,46.8,6.0,230.0,20.0
2024-03-13,18,8.5,57.1,6.0,230.0,20.0
2024-03-13,21,5.1,59.6,2.0,230.0,20.0
2024-03-14,0,3.5,69.7,0.0,0.0,10.0
2024-03-14,3,1.1,80.9,0.0,0.0,5.0
2024-03-14,6,-0.4,85.7,0.0,0.0,10.0
2024-03-14,9,3.7,75.1,0.0,0.0,10.0
2024-03-14,12,10.5,66.4,0.0,0.0,20.0
2024-03-14,15,14.7,36.5,2.0,230.0,20.0
2024-03-14,18,12.8,47.4,4.0,230.0,20.0
2024-03-14,21,5.5,53.1,3.0,270.0,20.0
2024-03-15,0,4.2,75.7,0.0,0.0,10.0
2024-03-15,3,2.6,86.0,0.0,0.0,10.0
2024-03-15,6,1.6,92.4,0.0,0.0,0.2
2024-03-15,9,2.6,94.5,0.0,0.0,0.2
2024-03-15,12,10.2,68.2,3.0,270.0,20.0
2024-03-15,15,13.2,65.1,6.0,270.0,20.0
2024-03-15,18,9.6,76.6,3.0,270.0,20.0
2024-03-15,21,7.2,88.3,0.0,0.0,20.0
2024-03-16,0,5.8,92.0,0.0,0.0,20.0
2024-03-16,3,5.7,88.2,0.0,0.0,5.0
2024-03-16,6,5.7,92.0,1.0,90.0,5.0
2024-03-16,9,7.0,89.5,0.0,0.0,3.5
2024-03-16,12,13.6,67.5,0.0,0.0,20.0
2024-03-16,15,15.6,43.1,2.0,180.0,20.0
2024-03-16,18,12.8,48.4,4.0,230.0,20.0
2024-03-16,21,8.7,67.9,0.0,0.0,20.0
2024-03-17,0,7.9,70.6,1.0,270.0,20.0
2024-03-17,3,7.6,74.7,1.0,270.0,20.0
2024-03-17,6,7.0,87.1,1.0,270.0,10.0
2024-03-17,9,7.2,64.2,6.0,320.0,20.0
2024-03-17,12,9.2,47.4,6.0,320.0,4.8
2024-03-17,15,10.6,37.8,6.0,320.0,10.0
2024-03-17,18,9.5,35.0,8.0,320.0,20.0
2024-03-17,21,5.6,46.0,5.0,320.0,20.0
2024-03-18,0,4.9,39.9,7.0,320.0,20.0
2024-03-18,3,4.3,46.0,7.0,320.0,20.0
2024-03-18,6,0.0,52.7,1.0,140.0,20.0
2024-03-18,9,3.8,44.8,0.0,0.0,30.0
2024-03-18,12,11.9,30.0,2.0,200.0,30.0
2024-03-18,15,12.0,28.3,7.0,200.0,30.0
2024-03-18,18,8.7,31.7,6.0,230.0,30.0
2024-03-18,21,4.5,54.0,2.0,270.0,30.0
2024-03-19,0,3.9,75.1,0.0,0.0,30.0
2024-03-19,3,3.5,83.1,0.0,0.0,20.0
2024-03-19,6,2.5,86.0,0.0,0.0,20.0
2024-03-19,9,4.8,74.7,3.0,90.0,20.0
2024-03-19,12,8.2,80.8,5.0,230.0,10.0
2024-03-19,15,11.0,69.3,9.0,230.0,20.0
2024-03-19,18,6.8,54.2,10.0,320.0,10.0
2024-03-19,21,4.5,69.4,9.0,320.0,10.0
2024-03-20,0,3.2,72.8,6.0,320.0,20.0
2024-03-20,3,2.6,61.7,8.0,320.0,20.0
2024-03-20,6,1.9,58.8,7.0,320.0,20.0
2024-03-20,9,3.3,66.2,4.0,320.0,20.0
2024-03-20,12,6.8,43.3,3.0,320.0,20.0
2024-03-20,15,8.1,35.1,7.0,270.0,20.0
2024-03-20,18,6.8,40.8,7.0,270.0,20.0
2024-03-20,21,3.1,38.1,4.0,320.0,20.0
2024-03-21,0,1.3,50.3,3.0,180.0,20.0
2024-03-21,3,-1.3,68.2,0.0,0.0,20.0
2024-03-21,6,-3.3,72.1,0.0,0.0,20.0
2024-03-21,9,2.5,68.5,0.0,0.0,20.0
2024-03-21,12,7.8,45.6,0.0,0.0,20.0
2024-03-21,15,10.3,39.1,5.0,230.0,20.0
2024-03-21,18,7.6,51.7,4.0,230.0,20.0
2024-03-21,21,3.7,69.8,0.0,0.0,20.0
2024-03-22,0,0.9,79.1,0.0,0.0,20.0
2024-03-22,3,2.0,74.8,2.0,90.0,20.0
2024-03-22,6,1.5,70.4,3.0,90.0,20.0
2024-03-22,9,6.3,58.6,4.0,90.0,20.0
2024-03-22,12,12.5,42.8,4.0,140.0,20.0
2024-03-22,15,12.9,52.0,4.0,230.0,20.0
2024-03-22,18,10.8,89.8,8.0,230.0,20.0
2024-03-22,21,11.0,86.3,5.0,270.0,20.0
2024-03-23,0,9.6,92.8,6.0,230.0,20.0
2024-03-23,3,8.5,96.0,0.0,0.0,20.0
2024-03-23,6,7.8,97.3,0.0,0.0,5.0
2024-03-23,9,8.7,97.3,0.0,0.0,0.5
2024-03-23,12,14.2,72.3,0.0,0.0,20.0
2024-03-23,15,16.3,52.2,3.0,320.0,20.0
2024-03-23,18,17.3,42.4,3.0,320.0,20.0
2024-03-23,21,11.6,62.1,0.0,0.0,20.0
2024-03-24,0,9.4,76.1,0.0,0.0,20.0
2024-03-24,3,8.3,75.3,2.0,90.0,20.0
2024-03-24,6,8.3,79.1,0.0,0.0,20.0
2024-03-24,9,12.5,72.0,0.0,0.0,20.0
2024-03-24,12,17.4,47.1,1.0,90.0,30.0
2024-03-24,15,21.5,38.0,1.0,50.0,20.0
2024-03-24,18,21.1,40.9,1.0,320.0,20.0
2024-03-24,21,14.1,69.4,0.0,0.0,20.0
2024-03-25,0,11.7,77.0,0.0,0.0,20.0
2024-03-25,3,10.7,74.7,3.0,90.0,20.0
2024-03-25,6,10.4,69.7,2.0,140.0,20.0
2024-03-25,9,12.4,60.6,2.0,140.0,20.0
2024-03-25,12,12.4,65.4,6.0,50.0,30.0
2024-03-25,15,11.0,70.3,6.0,50.0,30.0
2024-03-25,18,9.2,76.0,5.0,50.0,20.0
2024-03-25,21,7.0,81.2,3.0,50.0,20.0
2024-03-26,0,6.3,80.5,2.0,50.0,20.0
2024-03-26,3,3.5,93.2,5.0,50.0,20.0
2024-03-26,6,2.5,93.1,7.0,50.0,20.0
2024-03-26,9,2.8,93.1,1.0,50.0,20.0
2024-03-26,12,6.3,77.7,2.0,50.0,20.0
2024-03-26,15,10.5,68.7,2.0,90.0,30.0
2024-03-26,18,10.4,72.1,0.0,0.0,30.0
2024-03-26,21,7.1,88.3,0.0,0.0,20.0
2024-03-27,0,5.1,93.9,0.0,0.0,20.0
2024-03-27,3,3.7,96.5,0.0,0.0,10.0
2024-03-27,6,3.7,98.6,0.0,0.0,0.4
2024-03-27,9,4.6,98.6,0.0,0.0,0.4
2024-03-27,12,11.1,77.9,3.0,230.0,20.0
2024-03-27,15,14.0,71.3,3.0,270.0,20.0
2024-03-27,18,10.6,77.3,3.0,270.0,20.0
2024-03-27,21,8.7,84.9,0.0,0.0,20.0
2024-03-28,0,7.8,88.4,0.0,0.0,20.0
2024-03-28,3,7.7,91.5,1.0,360.0,20.0
2024-03-28,6,7.3,94.0,1.0,50.0,20.0
2024-03-28,9,8.4,98.7,0.0,0.0,10.0
2024-03-28,12,10.3,94.8,0.0,0.0,10.0
2024-03-28,15,10.9,88.6,1.0,180.0,20.0
2024-03-28,18,10.8,86.3,3.0,230.0,20.0
2024-03-28,21,9.0,94.7,2.0,230.0,20.0
2024-03-29,0,6.6,92.7,3.0,230.0,20.0
2024-03-29,3,4.8,95.2,0.0,0.0,10.0
2024-03-29,6,4.2,95.2,0.0,0.0,10.0
2024-03-29,9,5.1,93.9,0.0,0.0,3.0
2024-03-29,12,5.6,95.2,0.0,0.0,10.0
2024-03-29,15,11.6,73.3,3.0,270.0,20.0
2024-03-29,18,10.6,77.3,7.0,270.0,20.0
2024-03-29,21,6.7,54.2,3.0,270.0,20.0
2024-03-30,0,3.4,74.5,0.0,0.0,20.0
2024-03-30,3,1.2,84.6,0.0,0.0,20.0
2024-03-30,6,0.8,92.3,0.0,0.0,20.0
2024-03-30,9,3.6,89.9,0.0,0.0,15.0
2024-03-30,12,5.3,87.5,1.0,90.0,20.0
2024-03-30,15,13.6,57.2,3.0,270.0,20.0
2024-03-30,18,11.6,58.7,5.0,320.0,20.0
2024-03-30,21,7.7,54.4,3.0,270.0,20.0
2024-03-31,0,4.4,67.9,0.0,0.0,20.0
2024-03-31,3,3.2,71.2,1.0,270.0,20.0
2024-03-31,6,0.6,84.5,0.0,0.0,20.0
2024-03-31,9,5.4,67.6,0.0,0.0,20.0
2024-03-31,12,12.3,46.6,0.0,0.0,20.0
2024-03-31,15,15.1,31.2,3.0,320.0,20.0
2024-03-31,18,13.7,35.5,0.0,0.0,20.0
2024-03-31,21,9.5,67.5,0.0,0.0,20.0
2024-04-01,0,8.8,52.8,0.0,0.0,20.0
2024-04-01,3,5.7,59.4,0.0,0.0,20.0
2024-04-01,6,3.0,76.1,1.0,90.0,20.0
2024-04-01,9,6.8,70.9,0.0,0.0,20.0
2024-04-01,12,15.4,35.4,1.0,360.0,20.0
2024-04-01,15,17.4,36.0,3.0,270.0,20.0
2024-04-01,18,13.6,36.2,3.0,230.0,30.0
2024-04-01,21,9.1,44.7,0.0,0.0,30.0
2024-04-02,0,6.1,64.4,0.0,0.0,30.0
2024-04-02,3,3.9,73.5,1.0,90.0,20.0
2024-04-02,6,3.7,68.8,1.0,50.0,20.0
2024-04-02,9,9.6,53.0,1.0,90.0,20.0
2024-04-02,12,18.5,27.1,1.0,90.0,20.0
2024-04-02,15,21.3,35.4,4.0,230.0,20.0
2024-04-02,18,18.4,58.0,0.0,0.0,20.0
2024-04-02,21,14.1,76.8,0.0,0.0,20.0
2024-04-03,0,11.6,81.8,0.0,0.0,20.0
2024-04-03,3,11.5,66.6,0.0,0.0,20.0
2024-04-03,6,11.8,60.9,0.0,0.0,20.0
2024-04-03,9,12.9,66.0,1.0,140.0,20.0
2024-04-03,12,18.1,54.2,0.0,0.0,20.0
2024-04-03,15,20.8,40.5,0.0,0.0,20.0
2024-04-03,18,19.5,47.0,3.0,50.0,20.0
2024-04-03,21,15.5,58.9,0.0,0.0,20.0
2024-04-04,0,13.4,57.9,2.0,50.0,20.0
2024-04-04,3,11.4,60.3,3.0,90.0,20.0
2024-04-04,6,11.0,62.4,2.0,90.0,20.0
2024-04-04,9,12.8,53.9,3.0,50.0,20.0
2024-04-04,12,17.8,46.8,2.0,90.0,20.0
2024-04-04,15,21.3,47.2,0.0,0.0,20.0
2024-04-04,18,19.2,53.0,2.0,230.0,20.0
2024-04-04,21,14.9,78.5,0.0,0.0,20.0
2024-04-05,0,14.1,81.0,0.0,0.0,20.0
2024-04-05,3,12.9,61.6,1.0,90.0,20.0
2024-04-05,6,12.3,84.7,0.0,0.0,20.0
2024-04-05,9,12.4,66.3,0.0,0.0,20.0
2024-04-05,12,15.8,62.2,1.0,230.0,20.0
2024-04-05,15,17.9,59.9,2.0,270.0,20.0
2024-04-05,18,14.6,61.5,3.0,270.0,20.0
2024-04-05,21,9.7,81.6,2.0,270.0,20.0
2024-04-06,0,8.1,89.0,0.0,0.0,20.0
2024-04-06,3,6.7,90.8,0.0,0.0,20.0
2024-04-06,6,5.1,95.2,0.0,0.0,10.0
2024-04-06,9,8.2,92.8,1.0,90.0,10.0
2024-04-06,12,15.4,52.7,0.0,0.0,20.0
2024-04-06,15,18.1,45.6,4.0,250.0,20.0
2024-04-06,18,13.4,41.5,2.0,230.0,20.0
2024-04-06,21,9.3,53.7,0.0,0.0,20.0
2024-04-07,0,6.9,65.6,0.0,0.0,20.0
2024-04-07,3,5.3,74.8,0.0,0.0,20.0
2024-04-07,6,4.4,75.7,0.0,0.0,20.0
2024-04-07,9,10.4,60.1,0.0,0.0,20.0
2024-04-07,12,18.1,38.9,1.0,140.0,20.0
2024-04-07,15,21.2,35.4,2.0,230.0,20.0
2024-04-07,18,17.3,37.3,4.0,270.0,20.0
2024-04-07,21,11.1,55.4,0.0,0.0,20.0
2024-04-08,0,9.2,64.7,0.0,0.0,20.0
2024-04-08,3,8.4,71.2,0.0,0.0,20.0
2024-04-08,6,7.5,78.5,0.0,0.0,20.0
2024-04-08,9,9.9,71.5,0.0,0.0,20.0
2024-04-08,12,18.7,43.4,0.0,0.0,20.0
2024-04-08,15,22.4,47.2,2.0,270.0,20.0
2024-04-08,18,19.0,67.3,3.0,230.0,20.0
2024-04-08,21,14.1,82.1,3.0,230.0,20.0
2024-04-09,0,14.8,72.0,0.0,0.0,10.0
2024-04-09,3,11.4,61.6,6.0,50.0,20.0
2024-04-09,6,9.4,52.6,6.0,50.0,20.0
2024-04-09,9,10.9,50.7,6.0,50.0,20.0
2024-04-09,12,15.0,39.9,5.0,90.0,20.0
2024-04-09,15,18.0,36.2,5.0,140.0,20.0
2024-04-09,18,18.1,34.0,0.0,0.0,20.0
2024-04-09,21,13.5,49.7,0.0,0.0,20.0
2024-04-10,0,11.0,57.7,0.0,0.0,20.0
2024-04-10,3,8.9,60.6,1.0,140.0,20.0
2024-04-10,6,7.5,67.6,2.0,50.0,20.0
2024-04-10,9,12.1,60.5,0.0,0.0,20.0
2024-04-10,12,13.9,67.1,2.0,230.0,20.0
2024-04-10,15,15.5,68.8,3.0,230.0,20.0
2024-04-10,18,13.7,69.8,5.0,230.0,20.0
2024-04-10,21,12.1,79.7,0.0,0.0,20.0
2024-04-11,0,11.0,82.3,0.0,0.0,20.0
2024-04-11,3,10.7,83.4,1.0,90.0,20.0
2024-04-11,6,10.5,92.3,1.0,90.0,20.0
2024-04-11,9,11.8,89.9,0.0,0.0,20.0
2024-04-11,12,13.6,82.6,0.0,0.0,20.0
2024-04-11,15,17.0,66.4,0.0,0.0,20.0
2024-04-11,18,18.3,50.0,2.0,230.0,20.0
2024-04-11,21,13.4,70.7,2.0,230.0,20.0
2024-04-12,0,10.8,79.0,0.0,0.0,20.0
2024-04-12,3,8.6,84.9,0.0,0.0,20.0
2024-04-12,6,8.8,84.9,0.0,0.0,20.0
2024-04-12,9,13.1,79.3,0.0,0.0,20.0
2024-04-12,12,19.4,59.0,1.0,140.0,20.0
2024-04-12,15,22.1,46.8,3.0,250.0,20.0
2024-04-12,18,19.4,64.3,3.0,250.0,20.0
2024-04-12,21,14.5,84.4,2.0,230.0,20.0
2024-04-13,0,12.0,91.7,0.0,0.0,10.0
2024-04-13,3,10.0,92.2,0.0,0.0,5.0
2024-04-13,6,8.2,91.5,0.0,0.0,3.9
2024-04-13,9,14.0,85.4,0.0,0.0,20.0
2024-04-13,12,22.0,45.2,0.0,0.0,20.0
2024-04-13,15,26.8,35.3,4.0,270.0,20.0
2024-04-13,18,23.0,48.9,4.0,230.0,20.0
2024-04-13,21,16.3,71.3,2.0,270.0,20.0
2024-04-14,0,13.8,85.4,0.0,0.0,20.0
2024-04-14,3,12.1,87.0,0.0,0.0,20.0
2024-04-14,6,10.0,86.8,0.0,0.0,20.0
2024-04-14,9,15.6,75.6,0.0,0.0,20.0
2024-04-14,12,24.4,34.6,1.0,140.0,20.0
2024-04-14,15,28.0,35.4,3.0,230.0,20.0
2024-04-14,18,24.1,40.1,3.0,230.0,20.0
2024-04-14,21,19.9,48.4,2.0,230.0,20.0
2024-04-15,0,16.9,56.5,0.0,0.0,20.0
2024-04-15,3,14.1,70.4,1.0,90.0,20.0
2024-04-15,6,16.3,62.8,0.0,0.0,20.0
2024-04-15,9,15.6,82.9,1.0,90.0,20.0
2024-04-15,12,14.6,95.6,2.0,180.0,20.0
2024-04-15,15,14.1,97.4,2.0,230.0,20.0
2024-04-15,18,12.3,94.2,3.0,230.0,10.0
2024-04-15,21,11.4,92.3,4.0,230.0,10.0
2024-04-16,0,11.0,93.5,3.0,230.0,10.0
2024-04-16,3,10.6,94.8,2.0,230.0,5.0
2024-04-16,6,10.3,99.3,1.0,270.0,3.0
2024-04-16,9,10.6,96.1,2.0,230.0,10.0
2024-04-16,12,11.7,91.1,2.0,230.0,20.0
2024-04-16,15,13.6,83.7,1.0,230.0,20.0
2024-04-16,18,14.0,82.1,2.0,250.0,10.0
2024-04-16,21,11.1,92.3,1.0,230.0,5.0
2024-04-17,0,9.5,94.7,3.0,230.0,5.0
2024-04-17,3,8.4,94.7,1.0,230.0,0.9
2024-04-17,6,8.0,92.8,1.0,230.0,2.0
2024-04-17,9,9.3,93.5,0.0,0.0,10.0
2024-04-17,12,15.8,68.9,0.0,0.0,20.0
2024-04-17,15,20.6,59.7,4.0,230.0,20.0
2024-04-17,18,17.6,67.0,3.0,230.0,20.0
2024-04-17,21,11.8,84.1,3.0,230.0,20.0
2024-04-18,0,10.4,88.6,0.0,0.0,20.0
2024-04-18,3,9.2,92.2,0.0,0.0,20.0
2024-04-18,6,8.4,91.5,0.0,0.0,10.0
2024-04-18,9,13.6,83.7,0.0,0.0,20.0
2024-04-18,12,21.8,38.6,0.0,0.0,20.0
2024-04-18,15,23.1,43.4,6.0,270.0,20.0
2024-04-18,18,20.8,39.1,5.0,270.0,20.0
2024-04-18,21,15.4,67.4,3.0,270.0,20.0
2024-04-19,0,12.3,76.5,3.0,270.0,20.0
2024-04-19,3,10.4,87.4,0.0,0.0,20.0
2024-04-19,6,9.2,89.1,0.0,0.0,20.0
2024-04-19,9,14.7,70.0,0.0,0.0,20.0
2024-04-19,12,19.8,53.9,0.0,0.0,20.0
2024-04-19,15,22.0,56.3,0.0,0.0,20.0
2024-04-19,18,18.1,61.9,0.0,0.0,20.0
2024-04-19,21,14.3,70.4,0.0,0.0,20.0
2024-04-20,0,13.0,80.4,0.0,0.0,20.0
2024-04-20,3,12.2,83.0,0.0,0.0,20.0
2024-04-20,6,12.1,85.2,0.0,0.0,20.0
2024-04-20,9,15.4,71.6,3.0,20.0,20.0
2024-04-20,12,17.1,62.5,2.0,140.0,20.0
2024-04-20,15,16.5,67.6,5.0,90.0,20.0
2024-04-20,18,13.5,88.3,2.0,90.0,10.0
2024-04-20,21,12.3,85.8,7.0,50.0,20.0
2024-04-21,0,12.9,73.6,7.0,50.0,20.0
2024-04-21,3,13.2,72.6,7.0,50.0,20.0
2024-04-21,6,12.9,69.2,3.0,50.0,20.0
2024-04-21,9,15.3,69.2,2.0,50.0,30.0
2024-04-21,12,19.7,57.6,3.0,50.0,30.0
2024-04-21,15,20.5,57.8,4.0,50.0,30.0
2024-04-21,18,17.7,63.1,4.0,50.0,30.0
2024-04-21,21,15.8,65.7,5.0,50.0,20.0
2024-04-22,0,15.1,65.1,4.0,50.0,20.0
2024-04-22,3,14.5,67.7,3.0,50.0,20.0
2024-04-22,6,14.2,61.0,4.0,50.0,30.0
2024-04-22,9,15.6,58.1,3.0,50.0,20.0
2024-04-22,12,18.7,49.1,3.0,50.0,20.0
2024-04-22,15,21.3,43.5,4.0,50.0,30.0
2024-04-22,18,21.9,44.3,2.0,50.0,30.0
2024-04-22,21,18.6,58.8,3.0,50.0,20.0
2024-04-23,0,15.0,66.9,5.0,50.0,20.0
2024-04-23,3,13.4,71.7,3.0,90.0,20.0
2024-04-23,6,12.4,77.6,5.0,90.0,20.0
2024-04-23,9,14.8,65.9,5.0,50.0,20.0
2024-04-23,12,19.8,52.1,4.0,90.0,20.0
2024-04-23,15,21.7,44.8,3.0,140.0,30.0
2024-04-23,18,17.3,55.4,4.0,50.0,30.0
2024-04-23,21,13.7,72.2,5.0,50.0,20.0
2024-04-24,0,11.9,79.7,4.0,50.0,20.0
2024-04-24,3,10.6,89.8,3.0,50.0,20.0
2024-04-24,6,9.8,89.8,2.0,50.0,20.0
2024-04-24,9,9.3,87.9,1.0,50.0,20.0
2024-04-24,12,13.0,73.6,1.0,50.0,20.0
2024-04-24,15,16.6,62.0,3.0,320.0,30.0
2024-04-24,18,15.0,79.6,4.0,230.0,30.0
2024-04-24,21,12.2,90.5,0.0,0.0,30.0
2024-04-25,0,11.0,92.3,0.0,0.0,20.0
2024-04-25,3,10.7,92.3,1.0,230.0,20.0
2024-04-25,6,10.0,89.8,4.0,230.0,10.0
2024-04-25,9,10.0,92.2,2.0,230.0,10.0
2024-04-25,12,12.0,81.9,1.0,320.0,20.0
2024-04-25,15,17.6,64.8,2.0,230.0,20.0
2024-04-25,18,16.7,71.8,2.0,230.0,20.0
2024-04-25,21,12.8,82.5,1.0,270.0,20.0
2024-04-26,0,11.0,88.6,0.0,0.0,20.0
2024-04-26,3,8.7,90.3,0.0,0.0,20.0
2024-04-26,6,8.3,90.3,0.0,0.0,20.0
2024-04-26,9,13.8,81.0,0.0,0.0,20.0
2024-04-26,12,21.5,55.8,0.0,0.0,20.0
2024-04-26,15,23.8,34.9,2.0,230.0,20.0
2024-04-26,18,22.9,50.2,3.0,230.0,20.0
2024-04-26,21,15.4,72.6,0.0,0.0,20.0
2024-04-27,0,12.3,84.7,0.0,0.0,20.0
2024-04-27,3,10.5,88.6,0.0,0.0,20.0
2024-04-27,6,8.0,90.2,0.0,0.0,20.0
2024-04-27,9,15.5,74.5,0.0,0.0,20.0
2024-04-27,12,22.9,40.8,3.0,270.0,20.0
2024-04-27,15,25.1,52.8,4.0,230.0,20.0
2024-04-27,18,21.6,61.5,3.0,230.0,20.0
2024-04-27,21,15.4,74.5,0.0,0.0,20.0
2024-04-28,0,13.1,84.8,0.0,0.0,20.0
2024-04-28,3,11.4,92.3,0.0,0.0,20.0
2024-04-28,6,10.2,94.8,0.0,0.0,20.0
2024-04-28,9,15.7,78.6,0.0,0.0,20.0
2024-04-28,12,23.4,47.1,1.0,50.0,20.0
2024-04-28,15,27.5,35.3,0.0,0.0,20.0
2024-04-28,18,24.0,55.0,3.0,230.0,20.0
2024-04-28,21,19.0,71.8,0.0,0.0,20.0
2024-04-29,0,17.2,62.6,3.0,90.0,20.0
2024-04-29,3,15.9,56.6,4.0,50.0,20.0
2024-04-29,6,14.3,65.4,4.0,90.0,20.0
2024-04-29,9,17.4,59.3,4.0,90.0,20.0
2024-04-29,12,21.4,48.2,6.0,50.0,20.0
2024-04-29,15,24.9,43.1,3.0,50.0,20.0
2024-04-29,18,24.7,42.7,0.0,0.0,20.0
2024-04-29,21,18.4,61.2,0.0,0.0,20.0
2024-04-30,0,15.6,80.7,0.0,0.0,20.0
2024-04-30,3,13.6,80.4,1.0,140.0,20.0
2024-04-30,6,12.1,83.0,0.0,0.0,20.0
2024-04-30,9,15.8,69.8,0.0,0.0,20.0
2024-04-30,12,20.1,55.8,0.0,0.0,20.0
2024-04-30,15,22.6,46.9,3.0,320.0,20.0
2024-04-30,18,20.1,52.5,3.0,320.0,20.0
2024-04-30,21,18.0,55.6,0.0,0.0,20.0
2024-05-01,0,14.8,67.7,0.0,0.0,20.0
2024-05-01,3,12.7,70.1,5.0,50.0,20.0
2024-05-01,6,11.8,68.0,2.0,50.0,20.0
2024-05-01,9,14.5,65.4,3.0,50.0,20.0
2024-05-01,12,19.4,44.5,2.0,90.0,20.0
2024-05-01,15,22.2,35.7,0.0,0.0,20.0
2024-05-01,18,22.0,45.2,3.0,250.0,20.0
2024-05-01,21,16.6,65.0,3.0,270.0,20.0
2024-05-02,0,14.0,73.3,2.0,140.0,20.0
2024-05-02,3,11.6,80.7,0.0,0.0,20.0
2024-05-02,6,9.3,89.1,0.0,0.0,20.0
2024-05-02,9,17.1,72.9,0.0,0.0,20.0
2024-05-02,12,21.9,44.3,2.0,230.0,20.0
2024-05-02,15,23.1,39.8,4.0,230.0,20.0
2024-05-02,18,21.9,42.8,4.0,230.0,20.0
2024-05-02,21,16.1,64.5,2.0,230.0,20.0
2024-05-03,0,12.6,76.6,0.0,0.0,20.0
2024-05-03,3,10.0,83.3,1.0,140.0,20.0
2024-05-03,6,8.0,79.1,0.0,0.0,20.0
2024-05-03,9,15.6,73.6,0.0,0.0,20.0
2024-05-03,12,24.2,34.3,0.0,0.0,20.0
2024-05-03,15,27.6,31.9,2.0,230.0,20.0
2024-05-03,18,23.4,41.8,3.0,230.0,20.0
2024-05-03,21,17.8,65.3,0.0,0.0,20.0
2024-05-04,0,15.1,76.5,0.0,0.0,20.0
2024-05-04,3,12.5,82.5,0.0,0.0,20.0
2024-05-04,6,11.0,85.1,0.0,0.0,20.0
2024-05-04,9,17.6,63.1,0.0,0.0,20.0
2024-05-04,12,24.8,38.4,1.0,270.0,20.0
2024-05-04,15,26.5,37.4,4.0,230.0,20.0
2024-05-04,18,24.1,36.2,3.0,230.0,20.0
2024-05-04,21,18.4,55.3,0.0,0.0,20.0
2024-05-05,0,17.7,62.3,2.0,230.0,20.0
2024-05-05,3,17.3,67.4,1.0,90.0,20.0
2024-05-05,6,16.2,77.2,3.0,90.0,20.0
2024-05-05,9,16.9,98.1,0.0,0.0,3.4
2024-05-05,12,16.3,98.7,3.0,50.0,3.0
2024-05-05,15,17.5,98.7,3.0,50.0,4.0
2024-05-05,18,18.2,98.1,3.0,140.0,4.0
2024-05-05,21,15.1,95.6,4.0,230.0,5.0
2024-05-06,0,14.1,95.5,4.0,230.0,5.0
2024-05-06,3,13.6,95.5,4.0,230.0,5.0
2024-05-06,6,13.3,95.5,4.0,230.0,20.0
2024-05-06,9,13.1,98.7,4.0,230.0,10.0
2024-05-06,12,13.4,97.4,4.0,230.0,10.0
2024-05-06,15,12.9,96.1,4.0,230.0,4.0
2024-05-06,18,12.4,96.1,4.0,230.0,3.5
2024-05-06,21,12.5,94.9,3.0,230.0,3.5
2024-05-07,0,12.7,95.5,0.0,0.0,3.5
2024-05-07,3,12.0,93.6,3.0,140.0,5.0
2024-05-07,6,12.0,94.8,3.0,50.0,5.0
2024-05-07,9,11.9,80.7,5.0,50.0,10.0
2024-05-07,12,13.2,76.2,6.0,50.0,30.0
2024-05-07,15,15.5,65.6,5.0,50.0,30.0
2024-05-07,18,15.3,64.3,5.0,50.0,30.0
2024-05-07,21,13.1,70.2,5.0,50.0,30.0
2024-05-08,0,11.7,65.2,4.0,50.0,30.0
2024-05-08,3,11.2,63.8,4.0,50.0,30.0
2024-05-08,6,9.0,73.4,0.0,0.0,30.0
2024-05-08,9,13.8,68.0,2.0,230.0,30.0
2024-05-08,12,18.0,50.6,1.0,230.0,30.0
2024-05-08,15,21.7,50.9,4.0,250.0,30.0
2024-05-08,18,13.5,65.2,4.0,230.0,30.0
2024-05-08,21,12.4,83.6,2.0,230.0,20.0
2024-05-09,0,10.7,89.8,0.0,0.0,20.0
2024-05-09,3,9.2,92.2,0.0,0.0,20.0
2024-05-09,6,8.1,96.0,0.0,0.0,5.0
2024-05-09,9,12.6,81.4,0.0,0.0,10.0
2024-05-09,12,18.8,69.9,2.0,230.0,20.0
2024-05-09,15,18.9,59.3,7.0,230.0,20.0
2024-05-09,18,16.1,73.2,4.0,230.0,20.0
2024-05-09,21,14.4,85.5,2.0,180.0,20.0
2024-05-10,0,14.0,88.9,0.0,0.0,10.0
2024-05-10,3,13.2,90.6,0.0,0.0,10.0
2024-05-10,6,11.7,93.6,0.0,0.0,3.5
2024-05-10,9,15.3,86.7,0.0,0.0,10.0
2024-05-10,12,19.8,52.1,4.0,230.0,20.0
2024-05-10,15,21.5,46.0,4.0,230.0,30.0
2024-05-10,18,18.7,44.9,6.0,230.0,30.0
2024-05-10,21,14.5,63.7,0.0,0.0,20.0
2024-05-11,3,12.0,85.2,1.0,180.0,20.0
2024-05-11,6,13.3,83.7,1.0,70.0,20.0
2024-05-11,9,15.5,79.6,3.0,180.0,20.0
2024-05-11,12,18.6,82.7,8.0,230.0,20.0
2024-05-11,15,16.7,89.7,8.0,230.0,10.0
2024-05-11,18,15.1,95.6,5.0,230.0,2.0
2024-05-11,21,14.3,94.3,0.0,0.0,3.0
2024-05-12,0,13.4,93.0,0.0,0.0,3.0
2024-05-12,3,12.2,94.9,0.0,0.0,5.0
2024-05-12,6,10.6,97.4,0.0,0.0,0.2
2024-05-12,9,13.6,95.5,0.0,0.0,10.0
2024-05-12,12,18.3,58.8,3.0,270.0,20.0
2024-05-12,15,21.4,43.5,4.0,320.0,20.0
2024-05-12,18,20.7,48.0,4.0,320.0,20.0
2024-05-12,21,16.8,53.1,5.0,290.0,20.0
2024-05-13,0,14.1,64.9,3.0,270.0,20.0
2024-05-13,3,11.2,77.9,0.0,0.0,20.0
2024-05-13,6,9.3,90.3,0.0,0.0,20.0
2024-05-13,9,15.6,71.6,0.0,0.0,20.0
2024-05-13,12,22.1,52.0,3.0,230.0,20.0
2024-05-13,15,23.6,52.4,4.0,230.0,20.0
2024-05-13,18,21.3,53.2,4.0,230.0,30.0
2024-05-13,21,16.3,69.4,1.0,230.0,20.0
2024-05-14,0,13.6,83.7,1.0,230.0,20.0
2024-05-14,3,11.7,89.9,0.0,0.0,20.0
2024-05-14,6,9.9,92.2,0.0,0.0,20.0
2024-05-14,9,16.4,80.3,0.0,0.0,20.0
2024-05-14,12,21.6,46.9,4.0,230.0,20.0
2024-05-14,15,22.6,39.6,5.0,230.0,30.0
2024-05-14,18,20.7,41.0,3.0,250.0,30.0
2024-05-14,21,16.2,69.4,2.0,270.0,30.0
2024-05-15,0,12.9,81.4,0.0,0.0,30.0
2024-05-15,3,11.6,88.7,0.0,0.0,20.0
2024-05-15,6,11.2,89.9,0.0,0.0,20.0
2024-05-15,9,14.4,84.4,0.0,0.0,20.0
2024-05-15,12,13.8,68.9,2.0,50.0,20.0
2024-05-15,15,11.0,93.5,2.0,270.0,20.0
2024-05-15,18,9.3,90.3,4.0,360.0,15.0
2024-05-15,21,7.2,88.3,6.0,360.0,20.0
2024-05-16,0,7.8,83.0,2.0,320.0,20.0
2024-05-16,3,6.7,80.6,1.0,200.0,30.0
2024-05-16,6,9.1,73.4,8.0,320.0,30.0
2024-05-16,9,14.3,59.0,2.0,320.0,30.0
2024-05-16,12,17.4,52.2,4.0,250.0,30.0
2024-05-16,15,18.6,58.1,6.0,230.0,30.0
2024-05-16,18,17.7,49.1,6.0,230.0,30.0
2024-05-16,21,13.7,72.2,0.0,0.0,30.0
2024-05-17,0,11.0,82.3,0.0,0.0,20.0
2024-05-17,3,8.5,91.5,0.0,0.0,20.0
2024-05-17,6,8.0,92.8,1.0,50.0,3.9
2024-05-17,9,12.6,90.6,1.0,90.0,3.5
2024-05-17,12,19.7,68.7,2.0,200.0,20.0
2024-05-17,15,22.7,61.8,3.0,230.0,20.0
2024-05-17,18,20.7,65.5,3.0,230.0,20.0
2024-05-17,21,16.5,79.3,1.0,270.0,20.0
2024-05-18,0,15.1,89.0,0.0,0.0,20.0
2024-05-18,3,14.2,91.9,0.0,0.0,20.0
2024-05-18,6,14.1,91.9,0.0,0.0,20.0
2024-05-18,9,18.7,84.3,0.0,0.0,20.0
2024-05-18,12,23.0,69.0,2.0,180.0,20.0
2024-05-18,15,23.9,65.3,4.0,230.0,20.0
2024-05-18,18,22.3,69.3,5.0,230.0,20.0
2024-05-18,21,18.7,81.7,1.0,230.0,20.0
2024-05-19,0,16.5,89.7,0.0,0.0,20.0
2024-05-19,3,14.6,93.1,0.0,0.0,20.0
2024-05-19,6,13.6,95.5,0.0,0.0,20.0
2024-05-19,9,19.2,81.7,0.0,0.0,20.0
2024-05-19,12,23.2,62.3,2.0,180.0,30.0
2024-05-19,15,26.3,55.2,3.0,230.0,30.0
2024-05-19,18,23.5,62.4,3.0,230.0,30.0
2024-05-19,21,19.6,74.8,4.0,270.0,30.0
2024-05-20,0,17.1,84.7,0.0,0.0,30.0
2024-05-20,3,17.0,84.7,0.0,0.0,20.0
2024-05-20,6,17.0,87.4,0.0,0.0,20.0
2024-05-20,9,18.2,91.0,0.0,0.0,20.0
2024-05-20,12,18.6,87.0,2.0,270.0,20.0
2024-05-20,15,21.1,74.1,3.0,230.0,20.0
2024-05-20,18,18.7,80.6,2.0,250.0,10.0
2024-05-20,21,17.0,87.4,2.0,230.0,20.0
2024-05-21,0,15.8,92.6,0.0,0.0,20.0
2024-05-21,3,15.9,94.4,0.0,0.0,3.5
2024-05-21,6,16.0,94.4,0.0,0.0,0.7
2024-05-21,9,19.4,74.7,2.0,140.0,20.0
2024-05-21,12,23.2,68.6,2.0,90.0,20.0
2024-05-21,15,25.6,53.3,0.0,0.0,20.0
2024-05-21,18,25.0,68.9,3.0,250.0,20.0
2024-05-21,21,20.2,78.8,0.0,0.0,20.0
2024-05-22,0,17.8,92.1,0.0,0.0,10.0
2024-05-22,3,15.4,94.4,1.0,270.0,3.5
2024-05-22,6,14.9,95.6,1.0,230.0,0.6
2024-05-22,9,15.7,95.6,1.0,230.0,1.2
2024-05-22,12,19.2,91.0,0.0,0.0,20.0
2024-05-22,15,22.8,63.4,4.0,270.0,20.0
2024-05-22,18,22.6,67.1,2.0,230.0,20.0
2024-05-22,21,16.8,84.6,2.0,230.0,20.0
2024-05-23,0,15.6,91.4,0.0,0.0,20.0
2024-05-23,3,15.5,92.6,0.0,0.0,20.0
2024-05-23,6,14.8,89.0,0.0,0.0,20.0
2024-05-23,9,15.9,86.2,0.0,0.0,20.0
2024-05-23,12,18.3,81.6,0.0,0.0,20.0
2024-05-23,15,22.8,65.5,2.0,230.0,20.0
2024-05-23,18,20.6,77.3,3.0,230.0,15.0
2024-05-23,21,16.9,87.4,4.0,270.0,15.0
2024-05-24,0,15.9,90.2,4.0,270.0,10.0
2024-05-24,3,15.6,90.2,0.0,0.0,5.0
2024-05-24,6,15.6,90.2,0.0,0.0,5.0
2024-05-24,9,17.8,88.1,1.0,230.0,3.3
2024-05-24,12,18.7,84.3,2.0,200.0,10.0
2024-05-24,15,20.1,82.4,0.0,0.0,10.0
2024-05-24,18,21.7,75.6,0.0,0.0,20.0
2024-05-24,21,19.2,87.6,2.0,320.0,20.0
2024-05-25,0,17.3,92.7,1.0,270.0,0.7
2024-05-25,3,16.8,95.6,0.0,0.0,0.3
2024-05-25,6,16.4,94.4,0.0,0.0,20.0
2024-05-25,9,18.5,78.5,2.0,90.0,20.0
2024-05-25,12,22.1,68.3,2.0,90.0,20.0
2024-05-25,15,22.1,74.7,3.0,230.0,20.0
2024-05-25,18,22.2,78.1,2.0,270.0,20.0
2024-05-25,21,17.8,88.1,0.0,0.0,10.0
2024-05-26,0,18.0,85.9,0.0,0.0,10.0
2024-05-26,3,17.4,86.9,2.0,50.0,10.0
2024-05-26,6,16.3,88.5,1.0,90.0,20.0
2024-05-26,9,20.4,71.1,3.0,230.0,20.0
2024-05-26,12,19.6,68.7,6.0,230.0,20.0
2024-05-26,15,17.3,93.8,3.0,230.0,2.0
2024-05-26,18,18.5,95.7,5.0,200.0,10.0
2024-05-26,21,17.6,95.7,5.0,270.0,10.0
2024-05-27,0,15.7,91.4,2.0,270.0,10.0
2024-05-27,3,13.3,91.8,2.0,270.0,10.0
2024-05-27,6,12.0,93.6,1.0,270.0,20.0
2024-05-27,9,16.4,72.3,4.0,230.0,30.0
2024-05-27,12,20.6,54.8,6.0,230.0,30.0
2024-05-27,15,21.7,45.4,5.0,320.0,30.0
2024-05-27,18,21.1,49.1,3.0,320.0,30.0
2024-05-27,21,18.8,55.8,1.0,270.0,30.0
2024-05-28,0,16.6,76.2,2.0,270.0,30.0
2024-05-28,3,14.7,76.9,1.0,270.0,30.0
2024-05-28,6,12.6,87.0,0.0,0.0,30.0
2024-05-28,9,19.5,59.1,5.0,50.0,30.0
2024-05-28,12,22.5,51.8,6.0,50.0,30.0
2024-05-28,15,24.9,45.1,4.0,50.0,30.0
2024-05-28,18,25.0,40.1,0.0,0.0,30.0
2024-05-28,21,19.0,63.0,0.0,0.0,30.0
2024-05-29,0,17.2,86.9,0.0,0.0,30.0
2024-05-29,3,14.3,90.7,1.0,140.0,30.0
2024-05-29,6,13.5,91.8,0.0,0.0,30.0
2024-05-29,9,19.3,77.1,1.0,90.0,30.0
2024-05-29,12,25.0,55.2,3.0,230.0,30.0
2024-05-29,15,24.8,45.7,4.0,230.0,30.0
2024-05-29,18,23.0,49.6,3.0,230.0,30.0
2024-05-29,21,18.2,62.8,2.0,270.0,20.0
2024-05-30,0,15.5,76.5,2.0,320.0,20.0
2024-05-30,3,13.9,86.6,0.0,0.0,20.0
2024-05-30,6,13.6,84.8,0.0,0.0,20.0
2024-05-30,9,17.7,72.5,1.0,230.0,20.0
2024-05-30,12,22.0,56.3,2.0,180.0,20.0
2024-05-30,15,22.7,56.4,2.0,230.0,20.0
2024-05-30,18,22.0,58.1,1.0,270.0,20.0
2024-05-30,21,19.7,67.9,2.0,290.0,20.0
2024-05-31,0,17.9,75.4,1.0,140.0,20.0
2024-05-31,3,15.7,80.7,0.0,0.0,20.0
2024-05-31,6,13.7,91.8,0.0,0.0,20.0
2024-05-31,9,19.8,78.7,3.0,270.0,20.0
2024-05-31,12,22.4,66.3,4.0,230.0,20.0
2024-05-31,15,23.6,58.9,5.0,250.0,30.0
2024-05-31,18,19.8,71.5,5.0,250.0,30.0
2024-05-31,21,18.1,84.2,3.0,230.0,20.0
2024-06-01,0,17.6,89.8,3.0,230.0,20.0
2024-06-01,3,17.1,87.4,3.0,270.0,20.0
2024-06-01,6,15.9,85.1,4.0,270.0,20.0
2024-06-01,9,18.8,73.2,3.0,320.0,20.0
2024-06-01,12,22.8,46.3,5.0,230.0,20.0
2024-06-01,15,25.3,38.1,4.0,290.0,30.0
2024-06-01,18,24.0,39.2,4.0,290.0,30.0
2024-06-01,21,20.2,51.9,6.0,320.0,20.0
2024-06-02,0,18.4,58.8,5.0,320.0,20.0
2024-06-02,3,15.7,71.7,3.0,320.0,20.0
2024-06-02,6,14.4,75.9,0.0,0.0,20.0
2024-06-02,9,20.4,71.1,2.0,90.0,30.0
2024-06-02,12,23.8,46.9,4.0,270.0,30.0
2024-06-02,15,24.5,54.0,5.0,230.0,30.0
2024-06-02,18,23.1,63.1,5.0,230.0,30.0
2024-06-02,21,19.0,71.8,1.0,180.0,30.0
2024-06-03,0,16.7,79.3,2.0,50.0,30.0
2024-06-03,3,15.5,77.6,1.0,90.0,20.0
2024-06-03,6,14.8,79.5,0.0,0.0,20.0
2024-06-03,9,20.9,56.0,3.0,90.0,30.0
2024-06-03,12,24.4,43.8,4.0,90.0,30.0
2024-06-03,15,26.6,38.7,3.0,90.0,30.0
2024-06-03,18,26.1,35.6,5.0,50.0,30.0
2024-06-03,21,22.5,40.4,3.0,50.0,30.0
2024-06-04,0,19.2,47.2,4.0,50.0,30.0
2024-06-04,3,16.4,59.9,3.0,50.0,30.0
2024-06-04,6,15.3,67.4,0.0,0.0,30.0
2024-06-04,9,20.4,62.5,3.0,90.0,30.0
2024-06-04,12,25.4,43.8,2.0,230.0,30.0
2024-06-04,15,27.4,40.2,5.0,230.0,30.0
2024-06-04,18,25.9,48.4,5.0,230.0,30.0
2024-06-04,21,20.7,64.6,3.0,270.0,30.0
2024-06-05,0,18.7,75.1,0.0,0.0,30.0
2024-06-05,3,16.5,84.6,0.0,0.0,30.0
2024-06-05,6,15.0,91.3,1.0,50.0,30.0
2024-06-05,9,21.1,72.7,2.0,90.0,30.0
2024-06-05,12,28.1,48.4,2.0,140.0,30.0
2024-06-05,15,29.5,52.3,4.0,230.0,20.0
2024-06-05,18,25.0,61.5,3.0,230.0,20.0
2024-06-05,21,20.3,78.8,2.0,230.0,20.0
2024-06-06,0,18.4,84.3,1.0,140.0,20.0
2024-06-06,3,17.2,89.7,0.0,0.0,20.0
2024-06-06,6,16.1,94.4,0.0,0.0,20.0
2024-06-06,9,21.5,83.0,2.0,90.0,20.0
2024-06-06,12,27.6,45.9,2.0,140.0,20.0
2024-06-06,15,29.4,44.1,2.0,140.0,20.0
2024-06-06,18,27.9,53.9,4.0,230.0,20.0
2024-06-06,21,21.9,68.7,1.0,230.0,20.0
2024-06-07,0,19.9,82.3,0.0,0.0,20.0
2024-06-07,3,17.0,86.9,1.0,90.0,20.0
2024-06-07,6,16.2,90.2,0.0,0.0,20.0
2024-06-07,9,20.3,85.0,0.0,0.0,10.0
2024-06-07,12,23.7,65.3,1.0,90.0,20.0
2024-06-07,15,25.0,49.2,2.0,230.0,20.0
2024-06-07,18,24.6,58.4,2.0,230.0,20.0
2024-06-07,21,21.6,70.9,3.0,270.0,20.0
2024-06-08,0,18.2,85.3,4.0,270.0,20.0
2024-06-08,3,17.4,89.7,2.0,270.0,20.0
2024-06-08,6,16.5,94.4,2.0,50.0,3.5
2024-06-08,9,17.2,93.8,1.0,50.0,10.0
2024-06-08,12,18.6,89.8,2.0,180.0,10.0
2024-06-08,15,21.3,87.3,0.0,0.0,20.0
2024-06-08,18,23.0,68.1,3.0,230.0,30.0
2024-06-08,21,19.2,83.8,2.0,270.0,20.0
2024-06-09,0,17.3,91.5,1.0,180.0,10.0
2024-06-09,3,14.9,95.0,0.0,0.0,3.5
2024-06-09,6,15.6,95.6,0.0,0.0,0.2
2024-06-09,9,15.4,95.6,0.0,0.0,0.6
2024-06-09,12,21.4,76.0,2.0,90.0,20.0
2024-06-09,15,26.9,59.3,4.0,270.0,20.0
2024-06-09,18,24.0,67.4,4.0,230.0,20.0
2024-06-09,21,20.6,83.5,2.0,230.0,20.0
2024-06-10,0,19.5,91.0,1.0,230.0,20.0
2024-06-10,3,18.5,95.7,0.0,0.0,3.5
2024-06-10,6,17.9,95.7,0.0,0.0,0.3
2024-06-10,9,21.3,88.4,0.0,0.0,20.0
2024-06-10,12,26.6,67.1,2.0,270.0,20.0
2024-06-10,15,28.6,62.0,4.0,230.0,20.0
2024-06-10,18,26.4,68.3,4.0,230.0,20.0
2024-06-10,21,22.4,84.2,1.0,230.0,20.0
2024-06-11,0,20.6,92.3,0.0,0.0,20.0
2024-06-11,3,21.1,90.0,2.0,180.0,5.0
2024-06-11,6,20.6,93.4,0.0,0.0,3.0
2024-06-11,9,22.4,82.6,2.0,180.0,10.0
2024-06-11,12,28.0,67.0,2.0,230.0,10.0
2024-06-11,15,29.2,63.3,5.0,250.0,20.0
2024-06-11,18,25.8,68.6,5.0,230.0,20.0
2024-06-11,21,21.0,82.5,2.0,230.0,20.0
2024-06-12,0,20.0,88.8,0.0,0.0,20.0
2024-06-12,3,18.2,92.7,0.0,0.0,20.0
2024-06-12,6,18.5,92.1,1.0,320.0,20.0
2024-06-12,9,23.0,85.8,0.0,0.0,20.0
2024-06-12,12,26.5,58.1,2.0,230.0,20.0
2024-06-12,15,29.4,57.0,5.0,230.0,20.0
2024-06-12,18,23.5,69.9,5.0,270.0,20.0
2024-06-12,21,22.1,70.6,2.0,270.0,20.0
2024-06-13,0,19.5,81.2,1.0,360.0,20.0
2024-06-13,3,17.8,88.1,0.0,0.0,20.0
2024-06-13,6,16.5,89.7,0.0,0.0,20.0
2024-06-13,9,23.4,74.9,0.0,0.0,20.0
2024-06-13,12,29.5,49.7,0.0,0.0,20.0
2024-06-13,15,30.8,48.2,4.0,270.0,20.0
2024-06-13,18,29.5,57.8,4.0,230.0,30.0
2024-06-13,21,23.9,81.3,0.0,0.0,30.0
2024-06-14,0,21.7,87.3,0.0,0.0,20.0
2024-06-14,3,20.5,90.0,0.0,0.0,20.0
2024-06-14,6,18.2,92.1,0.0,0.0,20.0
2024-06-14,9,23.3,76.3,0.0,0.0,20.0
2024-06-14,12,29.7,52.0,4.0,230.0,20.0
2024-06-14,15,30.4,43.5,5.0,230.0,20.0
2024-06-14,18,25.8,59.4,3.0,230.0,20.0
2024-06-14,21,23.3,74.9,1.0,270.0,20.0
2024-06-15,0,22.3,80.1,0.0,0.0,20.0
2024-06-15,3,21.8,88.4,0.0,0.0,20.0
2024-06-15,6,21.1,90.0,1.0,320.0,20.0
2024-06-15,9,22.7,81.6,2.0,250.0,15.0
2024-06-15,12,23.5,82.8,2.0,230.0,10.0
2024-06-15,15,27.5,67.7,2.0,230.0,20.0
2024-06-15,18,27.0,61.2,4.0,270.0,20.0
2024-06-15,21,23.0,82.7,2.0,270.0,20.0
2024-06-16,0,20.5,78.8,3.0,270.0,20.0
2024-06-16,3,19.4,81.7,1.0,270.0,20.0
2024-06-16,6,18.4,89.8,2.0,270.0,20.0
2024-06-16,9,23.0,81.7,0.0,0.0,20.0
2024-06-16,12,27.4,46.4,5.0,270.0,20.0
2024-06-16,15,28.5,58.2,5.0,270.0,20.0
2024-06-16,18,27.7,55.5,5.0,230.0,20.0
2024-06-16,21,22.4,71.5,3.0,270.0,30.0
2024-06-17,0,20.1,83.4,0.0,0.0,30.0
2024-06-17,3,17.6,90.9,0.0,0.0,30.0
2024-06-17,6,16.1,91.4,0.0,0.0,20.0
2024-06-17,9,22.3,76.6,0.0,0.0,20.0
2024-06-17,12,27.9,54.9,3.0,230.0,20.0
2024-06-17,15,26.9,63.1,5.0,230.0,30.0
2024-06-17,18,25.3,59.7,5.0,230.0,30.0
2024-06-17,21,22.4,82.6,4.0,270.0,20.0
2024-06-18,0,21.4,88.4,3.0,270.0,20.0
2024-06-18,3,20.7,90.0,0.0,0.0,20.0
2024-06-18,6,19.4,93.4,0.0,0.0,20.0
2024-06-18,9,22.4,82.6,0.0,0.0,20.0
2024-06-18,12,28.8,60.1,2.0,230.0,20.0
2024-06-18,15,30.1,52.1,3.0,230.0,20.0
2024-06-18,18,27.4,60.2,5.0,270.0,20.0
2024-06-18,21,22.7,84.2,3.0,270.0,20.0
2024-06-19,0,21.6,88.4,0.0,0.0,20.0
2024-06-19,3,19.6,92.2,0.0,0.0,20.0
2024-06-19,6,18.6,91.0,1.0,90.0,15.0
2024-06-19,9,23.9,78.8,0.0,0.0,20.0
2024-06-19,12,29.6,54.3,2.0,180.0,20.0
2024-06-19,15,34.3,45.4,3.0,270.0,20.0
2024-06-19,18,34.0,37.3,2.0,230.0,20.0
2024-06-19,21,26.7,67.1,2.0,230.0,20.0
2024-06-20,0,23.7,75.9,2.0,230.0,20.0
2024-06-20,3,21.1,82.0,0.0,0.0,20.0
2024-06-20,6,19.4,85.5,0.0,0.0,20.0
2024-06-20,9,26.2,69.2,0.0,0.0,20.0
2024-06-20,12,31.8,40.2,0.0,0.0,20.0
2024-06-20,15,35.4,31.2,3.0,270.0,20.0
2024-06-20,18,32.7,42.2,3.0,230.0,20.0
2024-06-20,21,25.9,51.0,1.0,270.0,20.0
2024-06-21,0,23.1,66.8,1.0,230.0,20.0
2024-06-21,3,21.7,78.5,0.0,0.0,20.0
2024-06-21,6,19.8,86.0,0.0,0.0,20.0
2024-06-21,9,25.6,56.1,2.0,50.0,20.0
2024-06-21,12,31.3,52.1,3.0,180.0,20.0
2024-06-21,15,29.9,58.2,3.0,270.0,20.0
2024-06-21,18,29.1,53.2,4.0,270.0,20.0
2024-06-21,21,24.9,70.2,3.0,230.0,20.0
2024-06-22,0,23.1,85.3,0.0,0.0,20.0
2024-06-22,3,22.1,83.1,2.0,90.0,20.0
2024-06-22,6,22.5,84.2,1.0,90.0,20.0
2024-06-22,9,23.6,75.0,1.0,90.0,20.0
2024-06-22,12,21.7,90.1,2.0,90.0,20.0
2024-06-22,15,22.7,90.1,3.0,90.0,20.0
2024-06-22,18,24.2,80.8,3.0,70.0,20.0
2024-06-22,21,24.1,82.3,1.0,90.0,20.0
2024-06-23,0,23.5,84.8,1.0,90.0,20.0
2024-06-23,3,23.4,82.2,0.0,0.0,20.0
2024-06-23,6,22.7,85.8,0.0,0.0,20.0
2024-06-23,9,25.4,73.0,0.0,0.0,20.0
2024-06-23,12,28.5,66.7,0.0,0.0,30.0
2024-06-23,15,29.9,66.2,5.0,270.0,30.0
2024-06-23,18,25.0,78.0,5.0,230.0,30.0
2024-06-23,21,23.1,86.4,4.0,230.0,20.0
2024-06-24,0,20.6,88.9,2.0,90.0,20.0
2024-06-24,3,20.7,88.9,0.0,0.0,20.0
2024-06-24,6,21.3,90.6,0.0,0.0,20.0
2024-06-24,9,24.1,87.5,0.0,0.0,20.0
2024-06-24,12,26.6,62.3,3.0,270.0,20.0
2024-06-24,15,28.6,53.0,5.0,270.0,20.0
2024-06-24,18,26.2,74.9,5.0,230.0,20.0
2024-06-24,21,22.0,61.2,4.0,230.0,20.0
2024-06-25,0,19.7,72.4,1.0,230.0,20.0
2024-06-25,3,17.8,80.0,2.0,270.0,20.0
2024-06-25,6,17.6,79.9,2.0,270.0,30.0
2024-06-25,9,23.1,58.4,3.0,270.0,30.0
2024-06-25,12,25.4,55.7,4.0,230.0,30.0
2024-06-25,15,24.0,68.3,5.0,230.0,30.0
2024-06-25,18,27.1,58.6,5.0,230.0,30.0
2024-06-25,21,22.9,55.8,0.0,0.0,30.0
2024-06-26,0,20.7,73.0,0.0,0.0,30.0
2024-06-26,3,17.8,80.0,0.0,0.0,30.0
2024-06-26,6,16.9,83.6,0.0,0.0,20.0
2024-06-26,9,22.7,76.7,2.0,140.0,20.0
2024-06-26,12,27.8,54.2,2.0,180.0,20.0
2024-06-26,15,30.6,45.8,3.0,230.0,30.0
2024-06-26,18,28.9,54.1,4.0,230.0,30.0
2024-06-26,21,23.4,67.7,2.0,270.0,20.0
2024-06-27,0,21.5,78.0,1.0,230.0,20.0
2024-06-27,3,19.0,86.5,0.0,0.0,20.0
2024-06-27,6,18.4,86.5,0.0,0.0,20.0
2024-06-27,9,24.3,70.1,1.0,50.0,20.0
2024-06-27,12,29.4,49.1,2.0,140.0,20.0
2024-06-27,15,30.5,47.0,3.0,230.0,20.0
2024-06-27,18,30.1,47.7,4.0,230.0,20.0
2024-06-27,21,25.1,63.1,3.0,230.0,20.0
2024-06-28,0,22.7,67.2,1.0,230.0,20.0
2024-06-28,3,20.1,81.3,0.0,0.0,20.0
2024-06-28,6,18.4,89.3,0.0,0.0,20.0
2024-06-28,9,23.2,73.0,0.0,0.0,20.0
2024-06-28,12,30.6,41.4,2.0,230.0,20.0
2024-06-28,15,31.9,43.6,4.0,270.0,20.0
2024-06-28,18,29.1,47.8,5.0,230.0,20.0
2024-06-28,21,24.0,69.6,2.0,230.0,20.0
2024-06-29,0,21.5,82.0,0.0,0.0,20.0
2024-06-29,3,19.0,86.5,0.0,0.0,20.0
2024-06-29,6,18.9,84.3,1.0,90.0,20.0
2024-06-29,9,25.7,62.5,2.0,90.0,20.0
2024-06-29,12,29.4,55.3,2.0,90.0,20.0
2024-06-29,15,31.0,48.6,4.0,90.0,20.0
2024-06-29,18,29.8,53.7,6.0,90.0,20.0
2024-06-29,21,24.1,91.3,2.0,140.0,20.0
2024-06-30,0,22.6,97.6,3.0,90.0,5.0
2024-06-30,3,23.3,97.6,5.0,180.0,10.0
2024-06-30,6,22.9,95.8,5.0,180.0,10.0
2024-06-30,9,21.5,98.2,3.0,180.0,3.3
2024-06-30,12,22.7,94.7,5.0,270.0,3.0
2024-06-30,15,26.5,78.2,3.0,320.0,30.0
2024-06-30,18,25.3,89.8,5.0,200.0,20.0
2024-06-30,21,23.9,93.0,0.0,0.0,20.0
2024-07-01,0,22.5,96.4,1.0,180.0,20.0
2024-07-01,3,21.8,97.0,2.0,180.0,20.0
2024-07-01,6,21.4,96.4,0.0,0.0,5.0
2024-07-01,9,23.1,85.3,0.0,0.0,10.0
2024-07-01,12,26.0,74.9,1.0,270.0,20.0
2024-07-01,15,28.5,66.7,1.0,270.0,30.0
2024-07-01,18,28.7,71.3,1.0,270.0,30.0
2024-07-01,21,24.9,90.3,1.0,270.0,30.0
2024-07-02,0,23.5,93.0,0.0,0.0,20.0
2024-07-02,3,22.7,85.8,3.0,50.0,20.0
2024-07-02,6,22.7,84.2,2.0,90.0,20.0
2024-07-02,9,23.2,85.3,2.0,70.0,10.0
2024-07-02,12,22.4,94.7,3.0,90.0,3.0
2024-07-02,15,21.5,98.2,6.0,70.0,4.0
2024-07-02,18,21.1,98.2,6.0,70.0,2.0
2024-07-02,21,21.9,98.2,6.0,90.0,2.0
2024-07-03,0,23.1,97.6,5.0,140.0,5.0
2024-07-03,3,23.7,89.7,8.0,230.0,20.0
2024-07-03,6,23.0,85.3,7.0,230.0,20.0
2024-07-03,9,23.5,86.4,7.0,230.0,20.0
2024-07-03,12,23.6,91.3,7.0,230.0,20.0
2024-07-03,15,23.7,89.7,4.0,230.0,20.0
2024-07-03,18,23.9,84.9,2.0,230.0,20.0
2024-07-03,21,22.7,92.9,2.0,230.0,20.0
2024-07-04,0,22.3,93.5,1.0,230.0,20.0
2024-07-04,3,22.6,91.8,2.0,270.0,10.0
2024-07-04,6,21.7,91.8,0.0,0.0,10.0
2024-07-04,9,23.5,86.9,0.0,0.0,10.0
2024-07-04,12,26.3,76.3,0.0,0.0,10.0
2024-07-04,15,27.9,70.3,0.0,0.0,10.0
2024-07-04,18,25.0,80.4,2.0,120.0,10.0
2024-07-04,21,24.6,94.2,6.0,230.0,10.0
2024-07-05,0,24.5,93.0,6.0,230.0,10.0
2024-07-05,3,21.1,96.4,8.0,230.0,10.0
2024-07-05,6,21.7,92.9,5.0,230.0,10.0
2024-07-05,9,23.8,85.4,6.0,230.0,20.0
2024-07-05,12,26.2,75.8,5.0,230.0,20.0
2024-07-05,15,24.8,80.9,5.0,230.0,20.0
2024-07-05,18,24.9,80.4,4.0,270.0,20.0
2024-07-05,21,22.3,89.6,2.0,270.0,20.0
2024-07-06,0,22.0,92.9,1.0,360.0,20.0
2024-07-06,3,21.2,94.6,0.0,0.0,20.0
2024-07-06,6,21.0,93.4,0.0,0.0,20.0
2024-07-06,9,21.3,95.2,0.0,0.0,15.0
2024-07-06,12,22.8,93.5,0.0,0.0,10.0
2024-07-06,15,27.0,85.2,8.0,230.0,10.0
2024-07-06,18,25.2,90.9,8.0,200.0,10.0
2024-07-06,21,23.0,90.2,5.0,230.0,10.0
2024-07-07,0,22.0,93.5,4.0,270.0,20.0
2024-07-07,3,21.1,90.6,2.0,180.0,20.0
2024-07-07,6,20.9,93.4,0.0,0.0,20.0
2024-07-07,9,23.1,89.6,0.0,0.0,20.0
2024-07-07,12,26.5,78.7,1.0,230.0,20.0
2024-07-07,15,27.0,78.3,3.0,180.0,10.0
2024-07-07,18,25.3,92.5,2.0,270.0,10.0
2024-07-07,21,24.0,92.5,2.0,230.0,10.0
2024-07-08,0,23.5,97.6,0.0,0.0,5.0
2024-07-08,3,23.1,96.4,1.0,230.0,5.0
2024-07-08,6,23.3,96.4,1.0,230.0,5.0
2024-07-08,9,23.6,97.6,1.0,230.0,10.0
2024-07-08,12,24.1,93.0,1.0,180.0,10.0
2024-07-08,15,26.0,84.6,2.0,230.0,20.0
2024-07-08,18,24.8,87.6,3.0,180.0,20.0
2024-07-08,21,23.2,97.6,2.0,230.0,10.0
2024-07-09,0,23.1,94.1,1.0,180.0,20.0
2024-07-09,3,22.3,97.0,0.0,0.0,5.0
2024-07-09,6,22.4,95.2,0.0,0.0,5.0
2024-07-09,9,22.8,94.7,2.0,90.0,5.0
2024-07-09,12,25.1,86.6,1.0,90.0,10.0
2024-07-09,15,27.0,81.2,3.0,230.0,10.0
2024-07-09,18,24.4,89.2,3.0,230.0,10.0
2024-07-09,21,23.3,91.9,0.0,0.0,10.0
2024-07-10,0,22.7,97.6,3.0,50.0,10.0
2024-07-10,3,22.7,91.3,4.0,50.0,20.0
2024-07-10,6,23.4,86.9,1.0,50.0,20.0
2024-07-10,9,25.1,78.0,5.0,50.0,30.0
2024-07-10,12,28.3,67.9,4.0,90.0,30.0
2024-07-10,15,29.8,71.5,1.0,270.0,30.0
2024-07-10,18,26.8,83.7,3.0,270.0,30.0
2024-07-10,21,25.0,88.1,2.0,230.0,30.0
2024-07-11,0,23.9,93.0,0.0,0.0,20.0
2024-07-11,3,22.9,98.2,0.0,0.0,0.6
2024-07-11,6,22.7,96.4,0.0,0.0,0.2
2024-07-11,9,23.9,94.1,0.0,0.0,10.0
2024-07-11,12,24.9,89.2,1.0,230.0,10.0
2024-07-11,15,27.1,81.2,3.0,230.0,10.0
2024-07-11,18,27.3,79.3,4.0,230.0,20.0
2024-07-11,21,23.1,88.5,2.0,230.0,10.0
2024-07-12,0,22.4,91.8,0.0,0.0,10.0
2024-07-12,3,22.2,92.9,0.0,0.0,0.3
2024-07-12,6,22.0,98.8,0.0,0.0,0.2
2024-07-12,9,23.4,94.7,0.0,0.0,3.8
2024-07-12,12,26.9,78.8,1.0,270.0,20.0
2024-07-12,15,28.5,74.8,2.0,230.0,20.0
2024-07-12,18,28.3,79.0,3.0,230.0,20.0
2024-07-12,21,25.0,89.8,2.0,230.0,10.0
2024-07-13,0,23.3,86.9,1.0,230.0,10.0
2024-07-13,3,22.7,98.2,0.0,0.0,0.1
2024-07-13,6,22.9,98.2,0.0,0.0,0.1
2024-07-13,9,25.6,90.3,1.0,90.0,10.0
2024-07-13,12,29.2,73.6,2.0,90.0,20.0
2024-07-13,15,31.6,60.1,3.0,90.0,20.0
2024-07-13,18,28.2,77.5,1.0,320.0,10.0
2024-07-13,21,26.1,84.6,1.0,270.0,10.0
2024-07-14,0,25.1,89.8,0.0,0.0,10.0
2024-07-14,3,23.9,88.1,1.0,50.0,10.0
2024-07-14,6,22.8,82.7,2.0,360.0,10.0
2024-07-14,9,25.7,71.7,3.0,360.0,20.0
2024-07-14,12,28.6,63.5,5.0,50.0,20.0
2024-07-14,15,30.8,59.5,3.0,50.0,20.0
2024-07-14,18,30.9,59.5,3.0,90.0,20.0
2024-07-14,21,27.9,72.5,3.0,90.0,20.0
2024-07-15,0,23.8,89.1,2.0,90.0,20.0
2024-07-15,3,23.9,77.4,3.0,90.0,20.0
2024-07-15,6,23.1,81.2,0.0,0.0,20.0
2024-07-15,9,26.4,70.5,4.0,50.0,30.0
2024-07-15,12,29.5,62.6,4.0,90.0,30.0
2024-07-15,15,30.1,63.8,3.0,90.0,30.0
2024-07-15,18,30.5,62.8,3.0,90.0,30.0
2024-07-15,21,28.3,68.3,0.0,0.0,20.0
2024-07-16,0,25.2,74.3,0.0,0.0,20.0
2024-07-16,3,24.2,89.7,2.0,90.0,20.0
2024-07-16,6,23.3,90.2,0.0,0.0,20.0
2024-07-16,9,27.0,78.3,3.0,50.0,20.0
2024-07-16,12,29.1,68.9,3.0,140.0,20.0
2024-07-16,15,27.9,80.8,4.0,230.0,20.0
2024-07-16,18,24.4,96.5,2.0,90.0,10.0
2024-07-16,21,24.4,94.2,2.0,230.0,20.0
2024-07-17,0,24.7,93.1,0.0,0.0,20.0
2024-07-17,3,22.9,99.4,0.0,0.0,4.0
2024-07-17,6,22.8,99.4,3.0,230.0,3.0
2024-07-17,9,22.9,97.6,0.0,0.0,3.2
2024-07-17,12,23.0,99.4,0.0,0.0,1.8
2024-07-17,15,25.0,99.4,3.0,230.0,10.0
2024-07-17,18,24.8,97.6,2.0,230.0,4.0
2024-07-17,21,24.3,94.7,0.0,0.0,4.0
2024-07-18,0,23.0,98.2,0.0,0.0,4.0
2024-07-18,3,22.8,98.2,0.0,0.0,4.0
2024-07-18,6,23.0,99.4,4.0,180.0,3.0
2024-07-18,9,23.1,99.4,6.0,230.0,10.0
2024-07-18,12,24.0,99.4,3.0,230.0,20.0
2024-07-18,15,24.4,96.5,1.0,90.0,20.0
2024-07-18,18,25.8,90.4,2.0,230.0,20.0
2024-07-18,21,25.0,89.8,3.0,230.0,20.0
2024-07-19,0,23.6,94.1,2.0,230.0,20.0
2024-07-19,3,23.1,96.4,0.0,0.0,10.0
2024-07-19,6,22.7,92.9,0.0,0.0,5.0
2024-07-19,9,25.1,89.8,0.0,0.0,20.0
2024-07-19,12,27.7,77.0,4.0,230.0,20.0
2024-07-19,15,28.3,75.3,4.0,230.0,20.0
2024-07-19,18,28.2,78.0,4.0,230.0,20.0
2024-07-19,21,22.5,89.6,2.0,230.0,20.0
2024-07-20,0,24.5,89.7,3.0,230.0,20.0
2024-07-20,3,23.9,92.4,2.0,90.0,15.0
2024-07-20,6,24.2,93.0,0.0,0.0,10.0
2024-07-20,9,24.8,91.4,2.0,230.0,20.0
2024-07-20,12,24.2,96.5,3.0,140.0,10.0
2024-07-20,15,27.1,85.7,3.0,140.0,20.0
2024-07-20,18,25.3,96.5,1.0,50.0,30.0
2024-07-20,21,25.7,90.9,5.0,230.0,20.0
2024-07-21,0,25.5,83.5,8.0,230.0,20.0
2024-07-21,3,21.8,92.9,8.0,230.0,5.0
2024-07-21,6,22.4,93.5,7.0,230.0,5.0
2024-07-21,9,22.7,95.2,4.0,230.0,20.0
2024-07-21,12,26.8,80.2,5.0,230.0,20.0
2024-07-21,15,26.9,85.7,6.0,230.0,20.0
2024-07-21,18,27.7,84.3,3.0,230.0,20.0
2024-07-21,21,26.1,92.0,0.0,0.0,10.0
2024-07-22,0,25.7,94.2,0.0,0.0,10.0
2024-07-22,3,25.9,95.9,2.0,180.0,10.0
2024-07-22,6,25.6,94.2,0.0,0.0,5.0
2024-07-22,9,25.1,97.6,3.0,230.0,10.0
2024-07-22,12,25.6,94.2,2.0,140.0,20.0
2024-07-22,15,24.8,98.2,2.0,140.0,3.8
2024-07-22,18,25.7,98.2,3.0,180.0,10.0
2024-07-22,21,25.4,93.1,4.0,180.0,10.0
2024-07-23,0,24.8,95.9,8.0,230.0,10.0
2024-07-23,3,24.1,93.0,5.0,230.0,10.0
2024-07-23,6,23.8,93.0,2.0,230.0,10.0
2024-07-23,9,25.4,94.2,4.0,230.0,20.0
2024-07-23,12,25.4,93.1,3.0,230.0,20.0
2024-07-23,15,26.8,85.7,5.0,230.0,20.0
2024-07-23,18,25.5,92.5,3.0,230.0,10.0
2024-07-23,21,25.2,89.8,0.0,0.0,20.0
2024-07-24,0,24.1,90.2,0.0,0.0,20.0
2024-07-24,3,23.7,95.9,0.0,0.0,5.0
2024-07-24,6,25.5,95.9,3.0,230.0,10.0
2024-07-24,9,26.6,96.5,3.0,180.0,10.0
2024-07-24,12,27.8,88.4,4.0,230.0,20.0
2024-07-24,15,29.5,83.0,5.0,230.0,30.0
2024-07-24,18,27.7,90.0,5.0,270.0,20.0
2024-07-24,21,26.1,92.0,2.0,180.0,10.0
2024-07-25,0,26.0,94.2,1.0,180.0,10.0
2024-07-25,3,25.5,95.9,1.0,180.0,10.0
2024-07-25,6,25.4,94.8,0.0,0.0,10.0
2024-07-25,9,27.4,92.1,1.0,180.0,20.0
2024-07-25,12,30.2,80.2,3.0,230.0,20.0
2024-07-25,15,30.5,80.7,3.0,230.0,30.0
2024-07-25,18,29.3,80.1,1.0,250.0,30.0
2024-07-25,21,28.1,83.3,1.0,50.0,20.0
2024-07-26,0,26.2,92.0,0.0,0.0,10.0
2024-07-26,3,24.7,94.2,2.0,90.0,20.0
2024-07-26,6,24.5,94.2,0.0,0.0,20.0
2024-07-26,9,28.2,84.8,3.0,50.0,20.0
2024-07-26,12,31.4,71.8,4.0,140.0,20.0
2024-07-26,15,31.0,77.5,2.0,180.0,20.0
2024-07-26,18,27.1,92.1,0.0,0.0,20.0
2024-07-26,21,26.6,92.0,1.0,50.0,10.0
2024-07-27,0,26.4,94.3,0.0,0.0,20.0
2024-07-27,3,26.8,88.8,0.0,0.0,20.0
2024-07-27,6,26.5,94.3,0.0,0.0,20.0
2024-07-27,9,28.0,88.9,0.0,0.0,20.0
2024-07-27,12,31.1,77.5,4.0,230.0,20.0
2024-07-27,15,30.0,78.7,6.0,230.0,20.0
2024-07-27,18,29.7,80.1,6.0,230.0,20.0
2024-07-27,21,28.5,82.4,4.0,230.0,20.0
2024-07-28,0,28.0,85.3,1.0,230.0,20.0
2024-07-28,3,27.5,89.9,0.0,0.0,20.0
2024-07-28,6,27.3,87.3,0.0,0.0,20.0
2024-07-28,9,28.1,83.8,2.0,180.0,20.0
2024-07-28,12,29.9,75.5,5.0,180.0,20.0
2024-07-28,15,28.7,80.5,6.0,230.0,20.0
2024-07-28,18,28.0,83.3,5.0,230.0,20.0
2024-07-28,21,27.1,87.3,6.0,230.0,20.0
2024-07-29,0,26.8,87.8,6.0,230.0,20.0
2024-07-29,3,26.5,87.2,6.0,230.0,20.0
2024-07-29,6,26.4,87.2,5.0,230.0,20.0
2024-07-29,9,26.2,90.4,6.0,230.0,20.0
2024-07-29,12,26.2,93.7,6.0,230.0,20.0
2024-07-29,15,26.2,90.9,5.0,230.0,20.0
2024-07-29,18,25.7,93.1,5.0,230.0,5.0
2024-07-29,21,25.2,97.6,3.0,230.0,3.5
2024-07-30,0,25.1,99.4,4.0,230.0,3.5
2024-07-30,3,24.9,99.4,3.0,230.0,4.0
2024-07-30,6,24.8,98.2,1.0,230.0,3.5
2024-07-30,9,25.6,95.9,2.0,230.0,10.0
2024-07-30,12,28.2,86.3,3.0,230.0,20.0
2024-07-30,15,28.5,83.9,4.0,270.0,20.0
2024-07-30,18,27.2,88.3,3.0,270.0,20.0
2024-07-30,21,26.3,92.0,2.0,270.0,20.0
2024-07-31,0,25.7,94.8,1.0,270.0,20.0
2024-07-31,3,25.7,94.2,0.0,0.0,20.0
2024-07-31,6,25.5,92.0,0.0,0.0,20.0
2024-07-31,9,26.9,89.4,2.0,140.0,20.0
2024-07-31,12,29.7,75.9,2.0,180.0,20.0
2024-07-31,15,30.7,76.5,3.0,270.0,20.0
2024-07-31,18,29.2,80.0,4.0,270.0,20.0
2024-07-31,21,26.6,92.0,2.0,230.0,20.0
2025-03-01,0,1.0,95.8,0.0,0.0,3.5
2025-03-01,3,-0.4,93.6,0.0,0.0,0.5
2025-03-01,6,-0.6,93.6,0.0,0.0,0.9
2025-03-01,9,1.6,94.4,0.0,0.0,3.9
2025-03-01,12,9.3,76.0,0.0,0.0,20.0
2025-03-01,15,11.7,60.8,2.0,90.0,20.0
2025-03-01,18,12.6,57.7,1.0,230.0,20.0
2025-03-01,21,7.3,75.7,0.0,0.0,20.0
2025-03-02,0,5.6,84.5,0.0,0.0,10.0
2025-03-02,3,3.5,86.1,0.0,0.0,10.0
2025-03-02,6,3.7,86.7,0.0,0.0,4.0
2025-03-02,9,4.3,88.7,0.0,0.0,5.0
2025-03-02,12,11.6,79.1,4.0,50.0,20.0
2025-03-02,15,9.8,59.1,7.0,50.0,20.0
2025-03-02,18,5.6,72.2,7.0,50.0,10.0
2025-03-02,21,3.2,76.1,8.0,50.0,10.0
2025-03-03,0,1.2,86.5,5.0,50.0,5.0
2025-03-03,3,0.5,86.4,9.0,50.0,5.0
2025-03-03,6,2.1,65.9,9.0,50.0,20.0
2025-03-03,9,2.0,69.4,9.0,50.0,20.0
2025-03-03,12,3.9,62.0,8.0,50.0,20.0
2025-03-03,15,3.9,55.9,9.0,90.0,30.0
2025-03-03,18,2.7,56.8,7.0,90.0,30.0
2025-03-03,21,0.6,55.8,7.0,50.0,20.0
2025-03-04,0,0.2,49.6,8.0,50.0,20.0
2025-03-04,3,0.6,55.8,8.0,50.0,20.0
2025-03-04,6,1.1,56.8,7.0,50.0,20.0
2025-03-04,9,2.0,58.8,8.0,50.0,20.0
2025-03-04,12,-0.6,95.0,6.0,90.0,3.1
2025-03-04,15,0.6,84.5,4.0,50.0,5.0
2025-03-04,18,1.8,76.4,5.0,50.0,20.0
2025-03-04,21,1.5,63.3,6.0,50.0,20.0
2025-03-05,0,1.5,64.8,7.0,50.0,30.0
2025-03-05,3,1.6,66.8,5.0,50.0,30.0
2025-03-05,6,1.5,67.3,4.0,50.0,30.0
2025-03-05,9,2.0,73.1,1.0,50.0,30.0
2025-03-05,12,3.8,75.1,1.0,90.0,30.0
2025-03-05,15,7.1,60.1,1.0,90.0,30.0
2025-03-05,18,7.7,53.3,3.0,290.0,30.0
2025-03-05,21,3.9,60.7,2.0,320.0,30.0
2025-03-06,0,2.4,63.1,1.0,270.0,20.0
2025-03-06,3,0.2,73.3,0.0,0.0,20.0
2025-03-06,6,-2.0,75.8,0.0,0.0,20.0
2025-03-06,9,1.5,84.6,0.0,0.0,20.0
2025-03-06,12,7.8,57.3,1.0,180.0,20.0
2025-03-06,15,8.9,44.3,3.0,320.0,20.0
2025-03-06,18,7.7,38.9,3.0,320.0,20.0
2025-03-06,21,4.7,44.0,4.0,320.0,20.0
2025-03-07,0,2.2,45.7,2.0,320.0,20.0
2025-03-07,3,-0.4,69.4,0.0,0.0,20.0
2025-03-07,6,-2.5,71.7,1.0,140.0,10.0
2025-03-07,9,0.8,80.3,1.0,140.0,10.0
2025-03-07,12,5.9,56.8,1.0,140.0,20.0
2025-03-07,15,9.1,37.6,1.0,230.0,20.0
2025-03-07,18,6.7,45.6,2.0,270.0,20.0
2025-03-07,21,3.2,67.7,1.0,270.0,20.0
2025-03-08,0,1.5,74.1,1.0,50.0,20.0
2025-03-08,3,1.3,75.8,0.0,0.0,10.0
2025-03-08,6,0.6,76.8,0.0,0.0,10.0
2025-03-08,9,1.8,85.3,0.0,0.0,10.0
2025-03-08,12,7.9,48.5,0.0,0.0,20.0
2025-03-08,15,9.3,33.4,4.0,230.0,20.0
2025-03-08,18,6.4,61.7,5.0,230.0,20.0
2025-03-08,21,3.2,83.0,2.0,230.0,20.0
2025-03-09,0,1.8,89.1,0.0,0.0,5.0
2025-03-09,3,0.3,94.3,0.0,0.0,0.3
2025-03-09,6,-0.2,93.6,0.0,0.0,0.2
2025-03-09,9,-0.7,95.7,0.0,0.0,0.3
2025-03-09,12,6.2,89.5,0.0,0.0,10.0
2025-03-09,15,11.5,53.9,0.0,0.0,20.0
2025-03-09,18,9.3,64.7,2.0,270.0,20.0
2025-03-09,21,4.0,81.9,3.0,270.0,10.0
2025-03-10,0,0.9,88.4,1.0,140.0,5.0
2025-03-10,3,0.0,88.3,0.0,0.0,5.0
2025-03-10,6,-0.9,88.9,0.0,0.0,3.0
2025-03-10,9,0.6,90.3,0.0,0.0,1.8
2025-03-10,12,9.8,58.3,0.0,0.0,20.0
2025-03-10,15,13.1,50.3,3.0,270.0,20.0
2025-03-10,18,9.7,55.4,4.0,270.0,20.0
2025-03-10,21,4.9,76.4,1.0,270.0,10.0
2025-03-11,0,2.1,83.5,0.0,0.0,5.0
2025-03-11,3,0.3,86.4,0.0,0.0,5.0
2025-03-11,6,-0.2,87.6,0.0,0.0,5.0
2025-03-11,9,2.3,87.2,0.0,0.0,20.0
2025-03-11,12,11.3,62.5,0.0,0.0,20.0
2025-03-11,15,14.2,50.9,0.0,0.0,20.0
2025-03-11,18,11.3,58.2,4.0,230.0,20.0
2025-03-11,21,7.2,68.5,2.0,270.0,20.0
2025-03-12,0,5.3,78.1,0.0,0.0,20.0
2025-03-12,3,4.3,86.8,0.0,0.0,10.0
2025-03-12,6,2.7,86.0,0.0,0.0,10.0
2025-03-12,9,5.5,85.7,0.0,0.0,10.0
2025-03-12,12,9.1,62.0,4.0,230.0,20.0
2025-03-12,15,7.4,87.1,0.0,0.0,3.9
2025-03-12,18,6.8,92.7,0.0,0.0,0.4
2025-03-12,21,6.3,95.3,0.0,0.0,0.6
2025-03-13,0,5.0,93.9,3.0,270.0,5.0
2025-03-13,3,1.7,92.4,0.0,0.0,5.0
2025-03-13,6,-0.3,91.6,1.0,50.0,0.1
2025-03-13,9,0.1,95.7,0.0,0.0,0.1
2025-03-13,12,11.0,56.5,3.0,230.0,20.0
2025-03-13,15,13.9,56.5,3.0,270.0,20.0
2025-03-13,18,13.0,36.8,3.0,270.0,20.0
2025-03-13,21,9.8,49.7,3.0,270.0,20.0
2025-03-14,0,8.5,41.0,0.0,0.0,20.0
2025-03-14,3,4.3,46.0,0.0,0.0,20.0
2025-03-14,6,3.6,60.2,0.0,0.0,20.0
2025-03-14,9,6.3,58.6,0.0,0.0,20.0
2025-03-14,12,14.3,30.1,3.0,50.0,20.0
2025-03-14,15,17.3,23.6,1.0,140.0,20.0
2025-03-14,18,16.1,23.0,3.0,290.0,20.0
2025-03-14,21,12.0,33.4,0.0,0.0,20.0
2025-03-15,0,10.2,34.4,0.0,0.0,20.0
2025-03-15,3,10.1,33.1,0.0,0.0,20.0
2025-03-15,6,8.8,32.0,2.0,90.0,20.0
2025-03-15,9,9.9,39.3,2.0,90.0,20.0
2025-03-15,12,13.4,33.8,2.0,90.0,30.0
2025-03-15,15,15.2,28.6,1.0,90.0,30.0
2025-03-15,18,12.5,46.0,2.0,270.0,30.0
2025-03-15,21,8.1,57.8,2.0,140.0,20.0
2025-03-16,0,6.0,65.3,1.0,140.0,20.0
2025-03-16,3,5.1,74.8,0.0,0.0,20.0
2025-03-16,6,3.8,83.1,1.0,140.0,20.0
2025-03-16,9,3.3,86.1,2.0,320.0,20.0
2025-03-16,12,4.0,67.3,4.0,320.0,20.0
2025-03-16,15,5.0,37.5,7.0,320.0,20.0
2025-03-16,18,3.8,35.4,6.0,320.0,20.0
2025-03-16,21,1.7,45.9,6.0,320.0,20.0
2025-03-17,0,1.2,43.0,7.0,320.0,20.0
2025-03-17,3,0.1,39.7,3.0,320.0,20.0
2025-03-17,6,-1.8,44.1,2.0,270.0,20.0
2025-03-17,9,-0.1,46.8,3.0,290.0,20.0
2025-03-17,12,3.4,35.9,4.0,320.0,20.0
2025-03-17,15,4.1,42.5,6.0,230.0,20.0
2025-03-17,18,3.5,54.9,4.0,230.0,20.0
2025-03-17,21,0.6,75.1,1.0,140.0,20.0
2025-03-18,0,-0.5,89.6,3.0,90.0,5.0
2025-03-18,3,-0.2,91.6,4.0,90.0,5.0
2025-03-18,6,-0.9,89.5,2.0,90.0,5.0
2025-03-18,9,0.0,88.3,3.0,360.0,5.0
2025-03-18,12,2.2,69.5,5.0,360.0,20.0
2025-03-18,15,4.5,61.7,5.0,270.0,20.0
2025-03-18,18,3.7,49.8,5.0,320.0,20.0
2025-03-18,21,0.9,53.0,4.0,320.0,20.0
2025-03-19,0,-0.4,57.8,3.0,180.0,20.0
2025-03-19,3,-1.4,58.0,1.0,320.0,20.0
2025-03-19,6,-2.6,58.6,2.0,270.0,20.0
2025-03-19,9,0.4,53.7,2.0,270.0,20.0
2025-03-19,12,4.0,39.0,5.0,320.0,20.0
2025-03-19,15,5.9,35.5,4.0,270.0,20.0
2025-03-19,18,4.4,56.9,5.0,230.0,20.0
2025-03-19,21,1.8,68.9,1.0,270.0,20.0
2025-03-20,0,-0.7,81.3,0.0,0.0,20.0
2025-03-20,3,-0.1,77.8,0.0,0.0,10.0
2025-03-20,6,0.7,80.9,0.0,0.0,5.0
2025-03-20,9,2.6,82.4,0.0,0.0,10.0
2025-03-20,12,7.1,75.7,1.0,270.0,20.0
2025-03-20,15,12.4,61.9,3.0,230.0,20.0
2025-03-20,18,9.5,69.0,6.0,230.0,20.0
2025-03-20,21,6.9,84.1,4.0,230.0,5.0
2025-03-21,0,6.0,87.6,0.0,0.0,3.5
2025-03-21,3,6.3,86.4,0.0,0.0,3.5
2025-03-21,6,6.1,86.4,0.0,0.0,3.5
2025-03-21,9,6.9,89.5,0.0,0.0,3.7
2025-03-21,12,11.7,74.9,0.0,0.0,20.0
2025-03-21,15,15.9,56.6,0.0,0.0,20.0
2025-03-21,18,13.2,58.7,3.0,270.0,20.0
2025-03-21,21,7.1,79.5,2.0,270.0,10.0
2025-03-22,0,4.9,86.9,0.0,0.0,10.0
2025-03-22,3,3.5,86.1,0.0,0.0,5.0
2025-03-22,6,2.4,89.2,2.0,50.0,5.0
2025-03-22,9,7.4,88.3,0.0,0.0,5.0
2025-03-22,12,15.0,62.9,1.0,180.0,20.0
2025-03-22,15,18.6,43.9,4.0,270.0,20.0
2025-03-22,18,14.2,52.0,4.0,270.0,20.0
2025-03-22,21,8.1,68.2,1.0,270.0,20.0
2025-03-23,0,6.8,79.5,0.0,0.0,20.0
2025-03-23,3,4.9,85.6,0.0,0.0,5.0
2025-03-23,6,2.9,87.9,0.0,0.0,5.0
2025-03-23,9,6.9,74.0,0.0,0.0,10.0
2025-03-23,12,16.3,64.5,0.0,0.0,20.0
2025-03-23,15,20.7,42.5,4.0,230.0,20.0
2025-03-23,18,15.3,56.5,4.0,270.0,20.0
2025-03-23,21,11.9,66.7,0.0,0.0,20.0
2025-03-24,0,10.4,69.7,0.0,0.0,20.0
2025-03-24,3,10.3,67.2,0.0,0.0,20.0
2025-03-24,6,8.9,73.4,0.0,0.0,10.0
2025-03-24,9,11.8,84.1,0.0,0.0,10.0
2025-03-24,12,17.4,55.8,3.0,180.0,20.0
2025-03-24,15,17.5,61.4,4.0,270.0,20.0
2025-03-24,18,12.2,76.0,2.0,270.0,20.0
2025-03-24,21,9.1,83.8,2.0,270.0,5.0
2025-03-25,0,8.4,89.0,1.0,230.0,3.5
2025-03-25,3,8.5,87.8,0.0,0.0,2.5
2025-03-25,6,8.1,86.0,2.0,180.0,3.0
2025-03-25,9,9.0,87.9,4.0,90.0,3.0
2025-03-25,12,13.7,70.8,5.0,140.0,5.0
2025-03-25,15,14.5,60.3,9.0,270.0,5.0
2025-03-25,18,12.2,69.5,3.0,270.0,10.0
2025-03-25,21,8.9,71.8,0.0,0.0,20.0
2025-03-26,0,6.6,82.3,0.0,0.0,20.0
2025-03-26,3,4.2,88.7,1.0,360.0,20.0
2025-03-26,6,3.6,89.9,0.0,0.0,20.0
2025-03-26,9,7.2,89.6,1.0,90.0,20.0
2025-03-26,12,14.9,54.1,2.0,90.0,20.0
2025-03-26,15,19.4,34.4,2.0,140.0,20.0
2025-03-26,18,20.6,27.1,2.0,140.0,20.0
2025-03-26,21,15.8,46.0,1.0,360.0,20.0
2025-03-27,0,15.0,55.2,1.0,270.0,20.0
2025-03-27,3,13.1,75.6,2.0,270.0,20.0
2025-03-27,6,11.8,85.2,2.0,320.0,5.0
2025-03-27,9,12.3,94.9,2.0,320.0,20.0
2025-03-27,12,15.9,76.1,2.0,320.0,20.0
2025-03-27,15,16.7,44.0,4.0,320.0,20.0
2025-03-27,18,11.6,46.4,5.0,290.0,20.0
2025-03-27,21,6.3,87.6,0.0,0.0,10.0
2025-03-28,0,5.5,67.7,0.0,0.0,10.0
2025-03-28,3,4.1,61.2,5.0,270.0,20.0
2025-03-28,6,2.9,58.6,3.0,270.0,20.0
2025-03-28,9,4.5,52.4,6.0,320.0,20.0
2025-03-28,12,8.1,36.2,6.0,320.0,20.0
2025-03-28,15,10.4,25.2,7.0,320.0,20.0
2025-03-28,18,7.8,30.4,4.0,320.0,20.0
2025-03-28,21,4.0,36.1,7.0,320.0,20.0
2025-03-29,0,3.4,29.6,3.0,320.0,20.0
2025-03-29,3,-0.2,46.4,0.0,0.0,20.0
2025-03-29,6,-1.8,54.8,1.0,230.0,20.0
2025-03-29,9,0.8,67.6,0.0,0.0,20.0
2025-03-29,12,3.7,65.3,4.0,320.0,20.0
2025-03-29,15,5.1,24.8,9.0,320.0,20.0
2025-03-29,18,3.0,22.1,9.0,320.0,20.0
2025-03-29,21,0.7,36.2,4.0,270.0,20.0
2025-03-30,0,-0.5,57.3,5.0,270.0,20.0
2025-03-30,3,-2.4,63.9,1.0,270.0,20.0
2025-03-30,6,-3.9,61.5,1.0,270.0,20.0
2025-03-30,9,0.4,89.0,1.0,140.0,20.0
2025-03-30,12,4.4,63.1,4.0,320.0,20.0
2025-03-30,15,7.1,44.1,4.0,320.0,20.0
2025-03-30,18,7.2,32.5,6.0,250.0,20.0
2025-03-30,21,3.7,53.8,4.0,270.0,20.0
2025-03-31,0,1.8,65.4,0.0,0.0,20.0
2025-03-31,3,-1.6,69.7,0.0,0.0,20.0
2025-03-31,6,-3.2,59.3,0.0,0.0,20.0
2025-03-31,9,2.2,59.3,0.0,0.0,20.0
2025-03-31,12,9.3,49.9,1.0,180.0,20.0
2025-03-31,15,12.9,29.7,5.0,270.0,20.0
2025-03-31,18,9.5,36.1,4.0,270.0,30.0
2025-03-31,21,5.7,72.2,1.0,230.0,20.0
2025-04-01,0,3.6,83.1,0.0,0.0,10.0
2025-04-01,3,1.4,85.3,0.0,0.0,10.0
2025-04-01,6,0.6,90.3,0.0,0.0,5.0
2025-04-01,9,4.4,86.8,0.0,0.0,10.0
2025-04-01,12,11.2,64.7,0.0,0.0,20.0
2025-04-01,15,15.3,37.0,3.0,230.0,20.0
2025-04-01,18,12.8,36.2,3.0,230.0,20.0
2025-04-01,21,7.0,75.1,1.0,270.0,20.0
2025-04-02,0,4.3,78.5,2.0,270.0,20.0
2025-04-02,3,3.0,76.1,0.0,0.0,20.0
2025-04-02,6,1.0,79.2,0.0,0.0,20.0
2025-04-02,9,4.9,74.7,1.0,90.0,20.0
2025-04-02,12,11.1,43.3,1.0,230.0,20.0
2025-04-02,15,10.1,41.1,2.0,250.0,20.0
2025-04-02,18,7.6,75.8,1.0,230.0,20.0
2025-04-02,21,6.5,76.1,3.0,50.0,20.0
2025-04-03,0,6.1,77.1,1.0,90.0,20.0
2025-04-03,3,4.5,79.1,1.0,90.0,20.0
2025-04-03,6,3.0,82.4,0.0,0.0,10.0
2025-04-03,9,7.0,82.3,0.0,0.0,20.0
2025-04-03,12,12.7,49.5,0.0,0.0,20.0
2025-04-03,15,15.5,41.8,3.0,230.0,20.0
2025-04-03,18,12.5,53.4,5.0,270.0,20.0
2025-04-03,21,8.1,73.7,1.0,230.0,20.0
2025-04-04,0,4.7,83.8,0.0,0.0,20.0
2025-04-04,3,3.6,86.1,0.0,0.0,5.0
2025-04-04,6,2.9,89.2,0.0,0.0,5.0
2025-04-04,9,4.7,95.2,0.0,0.0,0.9
2025-04-04,12,12.1,64.9,3.0,270.0,20.0
2025-04-04,15,14.2,45.2,2.0,270.0,20.0
2025-04-04,18,11.8,49.9,1.0,270.0,20.0
2025-04-04,21,7.5,67.6,0.0,0.0,20.0
2025-04-05,0,7.2,75.7,1.0,270.0,20.0
2025-04-05,3,6.0,83.4,3.0,90.0,20.0
2025-04-05,6,5.4,82.7,0.0,0.0,20.0
2025-04-05,9,5.3,92.0,2.0,50.0,10.0
2025-04-05,12,6.6,97.3,0.0,0.0,10.0
2025-04-05,15,6.9,89.5,3.0,90.0,5.0
2025-04-05,18,6.8,89.5,3.0,50.0,10.0
2025-04-05,21,6.0,90.7,0.0,0.0,20.0
2025-04-06,0,6.2,94.0,1.0,180.0,20.0
2025-04-06,3,6.4,89.5,1.0,270.0,20.0
2025-04-06,6,6.2,89.5,0.0,0.0,5.0
2025-04-06,9,6.4,92.7,3.0,270.0,1.5
2025-04-06,12,11.7,73.4,2.0,270.0,20.0
2025-04-06,15,13.5,64.3,4.0,270.0,20.0
2025-04-06,18,12.1,64.9,4.0,270.0,20.0
2025-04-06,21,8.2,75.3,0.0,0.0,20.0
2025-04-07,0,5.6,85.7,0.0,0.0,20.0
2025-04-07,3,3.8,89.9,0.0,0.0,20.0
2025-04-07,6,2.4,99.3,0.0,0.0,10.0
2025-04-07,9,7.0,92.7,0.0,0.0,5.0
2025-04-07,12,14.6,59.5,2.0,180.0,20.0
2025-04-07,15,18.1,46.3,3.0,180.0,20.0
2025-04-07,18,16.5,51.6,2.0,180.0,20.0
2025-04-07,21,13.2,60.8,1.0,230.0,20.0
2025-04-08,0,10.3,74.6,3.0,270.0,20.0
2025-04-08,3,9.2,83.8,3.0,230.0,20.0
2025-04-08,6,8.8,83.7,0.0,0.0,10.0
2025-04-08,9,9.8,84.4,3.0,270.0,10.0
2025-04-08,12,13.9,71.3,4.0,230.0,20.0
2025-04-08,15,18.3,36.0,5.0,270.0,20.0
2025-04-08,18,17.3,46.1,5.0,270.0,20.0
2025-04-08,21,12.7,59.0,3.0,270.0,20.0
2025-04-09,0,10.0,70.6,0.0,0.0,20.0
2025-04-09,3,10.0,70.6,0.0,0.0,20.0
2025-04-09,6,6.4,76.1,0.0,0.0,20.0
2025-04-09,9,9.4,80.4,0.0,0.0,20.0
2025-04-09,12,13.6,60.5,4.0,230.0,20.0
2025-04-09,15,13.7,51.2,4.0,270.0,20.0
2025-04-09,18,10.4,81.1,0.0,0.0,20.0
2025-04-09,21,9.2,82.6,0.0,0.0,20.0
2025-04-10,0,9.0,82.6,1.0,270.0,20.0
2025-04-10,3,8.3,87.2,0.0,0.0,10.0
2025-04-10,6,5.7,86.3,0.0,0.0,20.0
2025-04-10,9,8.9,84.9,0.0,0.0,20.0
2025-04-10,12,15.3,58.4,2.0,270.0,20.0
2025-04-10,15,18.7,49.7,3.0,320.0,20.0
2025-04-10,18,14.9,59.9,4.0,230.0,20.0
2025-04-10,21,10.2,75.7,1.0,230.0,20.0
2025-04-11,0,7.9,86.0,0.0,0.0,10.0
2025-04-11,3,6.9,88.3,0.0,0.0,10.0
2025-04-11,6,4.9,90.6,0.0,0.0,10.0
2025-04-11,9,10.6,83.4,0.0,0.0,10.0
2025-04-11,12,18.9,48.5,3.0,230.0,20.0
2025-04-11,15,21.5,31.0,3.0,230.0,20.0
2025-04-11,18,19.0,39.7,4.0,270.0,20.0
2025-04-11,21,13.6,63.4,3.0,270.0,20.0
2025-04-12,0,10.6,62.7,0.0,0.0,20.0
2025-04-12,3,9.3,77.6,0.0,0.0,20.0
2025-04-12,6,11.0,72.7,0.0,0.0,20.0
2025-04-12,9,12.2,71.5,0.0,0.0,20.0
2025-04-12,12,20.7,44.8,3.0,180.0,20.0
2025-04-12,15,14.9,72.0,4.0,140.0,20.0
2025-04-12,18,10.0,92.2,3.0,230.0,5.0
2025-04-12,21,4.0,88.0,5.0,320.0,5.0
2025-04-13,0,0.2,92.3,1.0,270.0,5.0
2025-04-13,3,0.5,92.3,0.0,0.0,4.0
2025-04-13,6,1.6,94.4,0.0,0.0,10.0
2025-04-13,9,5.7,81.6,4.0,230.0,20.0
2025-04-13,12,4.8,75.8,10.0,230.0,10.0
2025-04-13,15,6.7,76.7,7.0,270.0,20.0
2025-04-13,18,5.7,68.2,8.0,270.0,20.0
2025-04-13,21,2.9,86.0,4.0,270.0,20.0
2025-04-14,0,5.2,64.2,9.0,270.0,20.0
2025-04-14,9,3.2,91.2,1.0,90.0,20.0
2025-04-14,12,4.1,91.9,1.0,140.0,10.0
2025-04-14,15,5.1,85.7,2.0,50.0,10.0
2025-04-14,18,6.4,80.5,1.0,50.0,10.0
2025-04-14,21,5.0,80.9,3.0,320.0,20.0
2025-04-15,0,4.6,80.9,5.0,320.0,20.0
2025-04-15,3,2.5,84.2,3.0,270.0,20.0
2025-04-15,6,2.0,87.2,1.0,270.0,20.0
2025-04-15,9,6.5,88.3,0.0,0.0,20.0
2025-04-15,12,11.8,64.4,4.0,270.0,20.0
2025-04-15,15,13.4,60.0,5.0,230.0,20.0
2025-04-15,18,10.5,61.4,5.0,270.0,20.0
2025-04-15,21,7.2,79.5,2.0,230.0,20.0
2025-04-16,0,5.6,88.8,1.0,320.0,10.0
2025-04-16,3,4.9,91.9,0.0,0.0,5.0
2025-04-16,6,6.0,92.0,0.0,0.0,4.0
2025-04-16,9,9.2,82.6,2.0,90.0,20.0
2025-04-16,12,14.8,62.0,2.0,140.0,20.0
2025-04-16,15,19.6,55.3,2.0,180.0,20.0
2025-04-16,18,18.8,48.4,3.0,230.0,20.0
2025-04-16,21,16.4,53.3,0.0,0.0,20.0
2025-04-17,0,14.8,59.9,2.0,180.0,20.0
2025-04-17,3,14.3,80.0,3.0,180.0,20.0
2025-04-17,6,13.8,84.3,0.0,0.0,20.0
2025-04-17,9,14.5,83.3,0.0,0.0,20.0
2025-04-17,12,18.7,79.6,0.0,0.0,20.0
2025-04-17,15,20.1,72.5,3.0,270.0,20.0
2025-04-17,18,16.8,77.8,4.0,270.0,20.0
2025-04-17,21,15.6,81.8,1.0,230.0,20.0
2025-04-18,0,14.2,85.5,1.0,90.0,20.0
2025-04-18,3,13.3,88.3,2.0,320.0,20.0
2025-04-18,6,11.9,92.4,0.0,0.0,0.9
2025-04-18,9,12.1,94.8,1.0,230.0,10.0
2025-04-18,12,15.8,81.8,2.0,160.0,20.0
2025-04-18,15,21.8,56.2,1.0,270.0,20.0
2025-04-18,18,18.6,72.2,1.0,230.0,20.0
2025-04-18,21,15.1,85.6,0.0,0.0,20.0
2025-04-19,0,13.7,91.8,0.0,0.0,10.0
2025-04-19,3,13.6,91.8,0.0,0.0,5.0
2025-04-19,6,13.5,91.8,1.0,180.0,5.0
2025-04-19,9,14.3,96.8,1.0,320.0,0.7
2025-04-19,12,14.1,96.8,5.0,230.0,2.0
2025-04-19,15,12.7,94.2,5.0,230.0,4.0
2025-04-19,18,12.0,94.8,0.0,0.0,5.0
2025-04-19,21,11.5,86.3,2.0,320.0,20.0
2025-04-20,0,9.7,92.2,0.0,0.0,10.0
2025-04-20,3,7.7,92.7,0.0,0.0,2.5
2025-04-20,6,5.5,99.3,0.0,0.0,0.2
2025-04-20,9,11.4,96.1,0.0,0.0,10.0
2025-04-20,12,17.7,64.4,3.0,90.0,20.0
2025-04-20,15,22.4,50.1,1.0,230.0,30.0
2025-04-20,18,21.5,54.3,1.0,230.0,30.0
2025-04-20,21,15.3,70.2,1.0,230.0,20.0
2025-04-21,0,13.2,84.8,0.0,0.0,20.0
2025-04-21,3,11.2,89.9,0.0,0.0,20.0
2025-04-21,6,10.8,83.4,0.0,0.0,20.0
2025-04-21,9,14.6,79.0,0.0,0.0,20.0
2025-04-21,12,21.6,67.8,3.0,140.0,20.0
2025-04-21,15,23.5,66.5,2.0,270.0,20.0
2025-04-21,18,22.5,68.0,2.0,270.0,20.0
2025-04-21,21,19.1,80.1,2.0,270.0,20.0
2025-04-22,0,18.0,87.0,0.0,0.0,20.0
2025-04-22,3,17.8,87.0,0.0,0.0,20.0
2025-04-22,6,16.6,90.9,1.0,290.0,10.0
2025-04-22,9,16.9,96.9,1.0,290.0,5.0
2025-04-22,12,16.1,95.6,3.0,270.0,5.0
2025-04-22,15,15.8,92.6,0.0,0.0,20.0
2025-04-22,18,17.9,85.9,4.0,320.0,20.0
2025-04-22,21,16.4,79.2,0.0,0.0,20.0
2025-04-23,0,14.5,71.9,4.0,50.0,20.0
2025-04-23,3,12.9,74.6,6.0,50.0,30.0
2025-04-23,6,11.4,76.9,2.0,90.0,30.0
2025-04-23,9,14.3,71.4,3.0,90.0,30.0
2025-04-23,12,19.2,60.6,0.0,0.0,30.0
2025-04-23,15,20.4,60.9,2.0,230.0,30.0
2025-04-23,18,19.6,56.8,2.0,230.0,30.0
2025-04-23,21,14.9,81.7,2.0,270.0,30.0
2025-04-24,0,12.2,89.3,2.0,230.0,20.0
2025-04-24,3,10.9,91.1,0.0,0.0,20.0
2025-04-24,6,9.2,93.5,0.0,0.0,20.0
2025-04-24,9,11.6,93.6,0.0,0.0,15.0
2025-04-24,12,16.5,68.5,3.0,270.0,20.0
2025-04-24,15,18.5,65.8,6.0,230.0,20.0
2025-04-24,18,17.3,28.3,7.0,320.0,20.0
2025-04-24,21,11.9,35.4,4.0,320.0,20.0
2025-04-25,0,9.1,52.1,2.0,270.0,20.0
2025-04-25,3,7.5,56.8,0.0,0.0,20.0
2025-04-25,6,6.3,68.8,0.0,0.0,20.0
2025-04-25,9,11.3,52.3,0.0,0.0,20.0
2025-04-25,12,15.8,30.1,6.0,290.0,20.0
2025-04-25,15,17.3,21.2,6.0,270.0,20.0
2025-04-25,18,16.0,22.0,5.0,320.0,20.0
2025-04-25,21,11.4,38.3,3.0,270.0,20.0
2025-04-26,0,7.7,59.9,1.0,230.0,20.0
2025-04-26,3,6.8,70.9,0.0,0.0,20.0
2025-04-26,6,4.3,80.2,1.0,50.0,20.0
2025-04-26,9,10.6,76.3,0.0,0.0,20.0
2025-04-26,12,16.6,58.3,3.0,230.0,20.0
2025-04-26,15,18.2,56.8,3.0,230.0,20.0
2025-04-26,18,16.0,61.5,3.0,230.0,20.0
2025-04-26,21,11.6,81.8,0.0,0.0,20.0
2025-04-27,0,10.3,83.3,0.0,0.0,20.0
2025-04-27,3,8.6,86.0,0.0,0.0,20.0
2025-04-27,6,8.7,79.7,0.0,0.0,20.0
2025-04-27,9,13.3,68.3,0.0,0.0,20.0
2025-04-27,12,16.6,60.4,4.0,230.0,20.0
2025-04-27,15,16.9,65.9,2.0,230.0,20.0
2025-04-27,18,14.2,68.1,2.0,230.0,20.0
2025-04-27,21,11.3,75.3,3.0,270.0,20.0
2025-04-28,0,9.6,84.4,2.0,230.0,20.0
2025-04-28,3,9.1,89.1,0.0,0.0,20.0
2025-04-28,6,7.5,91.5,0.0,0.0,20.0
2025-04-28,9,12.0,90.5,1.0,270.0,20.0
2025-04-28,12,17.6,61.4,4.0,270.0,20.0
2025-04-28,15,18.8,30.1,6.0,270.0,20.0
2025-04-28,18,18.4,23.2,5.0,290.0,20.0
2025-04-28,21,15.1,24.9,5.0,320.0,20.0
2025-04-29,0,11.5,45.0,0.0,0.0,20.0
2025-04-29,3,7.8,65.3,1.0,270.0,20.0
2025-04-29,6,5.6,75.4,0.0,0.0,20.0
2025-04-29,9,11.2,68.4,0.0,0.0,20.0
2025-04-29,12,17.7,35.6,2.0,230.0,20.0
2025-04-29,15,18.9,33.3,5.0,270.0,20.0
2025-04-29,18,16.5,29.8,4.0,270.0,20.0
2025-04-29,21,11.6,50.6,0.0,0.0,20.0
2025-04-30,0,9.1,68.4,1.0,50.0,20.0
2025-04-30,3,8.1,65.8,0.0,0.0,20.0
2025-04-30,6,6.4,70.3,1.0,70.0,20.0
2025-04-30,9,13.2,78.2,1.0,90.0,20.0
2025-04-30,12,21.5,36.0,3.0,180.0,20.0
2025-04-30,15,24.0,30.3,5.0,180.0,20.0
2025-04-30,18,21.8,28.2,4.0,230.0,20.0
2025-04-30,21,17.2,45.7,0.0,0.0,20.0
2025-05-01,0,13.5,62.1,0.0,0.0,20.0
2025-05-01,3,13.8,59.7,2.0,270.0,20.0
2025-05-01,6,13.0,71.1,0.0,0.0,20.0
2025-05-01,9,12.6,78.7,0.0,0.0,5.0
2025-05-01,12,11.0,93.5,0.0,0.0,5.0
2025-05-01,15,13.1,93.0,0.0,0.0,20.0
2025-05-01,18,13.2,93.0,1.0,230.0,5.0
2025-05-01,21,12.8,96.1,3.0,270.0,10.0
2025-05-02,0,10.4,72.1,4.0,270.0,20.0
2025-05-02,3,8.5,75.4,3.0,270.0,20.0
2025-05-02,6,7.8,81.9,2.0,270.0,20.0
2025-05-02,9,11.1,70.8,2.0,270.0,20.0
2025-05-02,12,15.6,56.9,3.0,320.0,20.0
2025-05-02,15,18.4,40.4,6.0,320.0,20.0
2025-05-02,18,17.9,32.0,6.0,270.0,20.0
2025-05-02,21,13.6,61.3,1.0,270.0,20.0
2025-05-03,0,11.9,69.0,2.0,270.0,20.0
2025-05-03,3,9.7,82.7,2.0,270.0,20.0
2025-05-03,6,8.4,90.3,1.0,270.0,20.0
2025-05-03,9,8.5,94.7,0.0,0.0,10.0
2025-05-03,12,11.3,89.9,3.0,270.0,20.0
2025-05-03,15,13.3,72.7,4.0,320.0,20.0
2025-05-03,18,14.7,68.6,2.0,270.0,20.0
2025-05-03,21,11.5,81.8,3.0,230.0,20.0
2025-05-04,0,9.7,80.4,3.0,270.0,20.0
2025-05-04,3,8.3,81.9,0.0,0.0,20.0
2025-05-04,6,6.4,95.3,0.0,0.0,20.0
2025-05-04,9,11.4,82.9,0.0,0.0,20.0
2025-05-04,12,17.5,61.4,6.0,230.0,20.0
2025-05-04,15,19.7,39.4,9.0,250.0,30.0
2025-05-04,18,18.2,53.5,7.0,230.0,30.0
2025-05-04,21,12.8,74.6,2.0,230.0,30.0
2025-05-05,0,9.1,85.5,0.0,0.0,20.0
2025-05-05,3,7.2,85.3,0.0,0.0,20.0
2025-05-05,6,6.9,89.5,0.0,0.0,10.0
2025-05-05,9,11.1,86.3,0.0,0.0,10.0
2025-05-05,12,12.4,78.7,3.0,320.0,20.0
2025-05-05,15,12.5,63.2,2.0,360.0,30.0
2025-05-05,18,11.7,69.0,2.0,90.0,30.0
2025-05-05,21,10.9,70.2,2.0,90.0,20.0
2025-05-06,0,10.1,73.1,1.0,90.0,20.0
2025-05-06,3,8.3,80.8,1.0,90.0,20.0
2025-05-06,6,7.0,82.3,0.0,0.0,20.0
2025-05-06,9,11.2,73.3,0.0,0.0,20.0
2025-05-06,12,17.8,52.6,2.0,270.0,20.0
2025-05-06,15,18.6,42.1,3.0,270.0,20.0
2025-05-06,18,18.6,44.5,4.0,320.0,20.0
2025-05-06,21,14.4,63.2,1.0,270.0,20.0
2025-05-07,0,13.1,71.6,2.0,320.0,20.0
2025-05-07,3,9.5,80.4,0.0,0.0,20.0
2025-05-07,6,7.6,85.9,1.0,90.0,20.0
2025-05-07,9,13.0,74.6,0.0,0.0,20.0
2025-05-07,12,17.6,61.4,0.0,0.0,20.0
2025-05-07,15,19.5,50.0,3.0,230.0,20.0
2025-05-07,18,17.4,63.9,3.0,230.0,20.0
2025-05-07,21,12.7,77.6,4.0,180.0,20.0
2025-05-08,0,11.1,82.3,0.0,0.0,20.0
2025-05-08,3,8.5,90.3,0.0,0.0,20.0
2025-05-08,6,7.9,91.5,0.0,0.0,10.0
2025-05-08,9,13.3,83.7,1.0,50.0,20.0
2025-05-08,12,18.3,56.1,0.0,0.0,20.0
2025-05-08,15,22.6,41.3,3.0,180.0,20.0
2025-05-08,18,20.4,46.0,6.0,230.0,20.0
2025-05-08,21,16.7,53.8,1.0,270.0,20.0
2025-05-09,0,15.0,66.0,0.0,0.0,20.0
2025-05-09,3,14.0,76.8,0.0,0.0,20.0
2025-05-09,6,13.5,79.4,0.0,0.0,20.0
2025-05-09,9,14.3,77.9,0.0,0.0,10.0
2025-05-09,12,14.8,82.2,2.0,50.0,10.0
2025-05-09,15,13.5,88.3,5.0,90.0,10.0
2025-05-09,18,13.6,89.5,6.0,50.0,10.0
2025-05-09,21,13.9,89.5,3.0,50.0,10.0
2025-05-10,0,12.4,93.0,4.0,50.0,10.0
2025-05-10,3,12.0,97.4,2.0,90.0,5.0
2025-05-10,6,11.9,93.6,3.0,270.0,3.0
2025-05-10,9,12.2,97.4,3.0,270.0,3.5
2025-05-10,12,12.7,96.1,6.0,230.0,3.0
2025-05-10,15,13.4,89.4,4.0,230.0,5.0
2025-05-10,18,16.0,84.0,0.0,0.0,10.0
2025-05-10,21,14.2,82.1,2.0,230.0,20.0
2025-05-11,0,12.5,93.0,0.0,0.0,20.0
2025-05-11,3,11.4,91.1,1.0,180.0,5.0
2025-05-11,6,11.1,92.3,1.0,90.0,10.0
2025-05-11,9,11.7,92.3,2.0,90.0,5.0
2025-05-11,12,13.2,85.9,0.0,0.0,10.0
2025-05-11,15,18.1,72.6,4.0,230.0,10.0
2025-05-11,18,17.1,71.9,3.0,250.0,10.0
2025-05-11,21,13.1,81.5,3.0,230.0,20.0
2025-05-12,0,10.6,89.8,2.0,230.0,10.0
2025-05-12,3,10.9,92.3,0.0,0.0,2.5
2025-05-12,6,10.2,93.5,0.0,0.0,2.0
2025-05-12,9,12.7,90.6,0.0,0.0,0.8
2025-05-12,12,19.3,69.1,2.0,230.0,20.0
2025-05-12,15,21.6,54.3,4.0,230.0,20.0
2025-05-12,18,21.2,46.2,4.0,230.0,20.0
2025-05-12,21,16.3,58.7,0.0,0.0,20.0
2025-05-13,0,13.6,78.3,0.0,0.0,20.0
2025-05-13,3,12.7,83.6,0.0,0.0,20.0
2025-05-13,6,11.3,89.9,1.0,90.0,20.0
2025-05-13,9,17.0,79.9,0.0,0.0,20.0
2025-05-13,12,23.1,48.3,3.0,230.0,20.0
2025-05-13,15,22.1,48.4,4.0,230.0,20.0
2025-05-13,18,21.6,46.9,3.0,230.0,20.0
2025-05-13,21,18.0,59.9,0.0,0.0,20.0
2025-05-14,0,14.9,72.0,1.0,360.0,20.0
2025-05-14,3,12.1,84.1,0.0,0.0,20.0
2025-05-14,6,10.5,84.5,1.0,50.0,20.0
2025-05-14,9,17.3,73.9,1.0,50.0,20.0
2025-05-14,12,23.8,54.9,2.0,230.0,20.0
2025-05-14,15,24.3,49.6,4.0,180.0,20.0
2025-05-14,18,21.5,63.5,3.0,230.0,20.0
2025-05-14,21,19.6,71.4,2.0,270.0,20.0
2025-05-15,0,19.8,76.7,2.0,230.0,20.0
2025-05-15,3,15.7,92.6,2.0,270.0,20.0
2025-05-15,6,15.8,93.8,3.0,270.0,20.0
2025-05-15,9,15.1,96.8,1.0,230.0,0.7
2025-05-15,12,18.0,89.8,0.0,0.0,20.0
2025-05-15,15,19.2,82.8,1.0,180.0,20.0
2025-05-15,18,21.8,72.3,2.0,230.0,20.0
2025-05-15,21,16.2,91.4,3.0,230.0,5.0
2025-05-16,0,16.3,91.4,1.0,270.0,3.0
2025-05-16,3,16.8,91.4,0.0,0.0,3.0
2025-05-16,6,16.5,93.8,0.0,0.0,1.5
2025-05-16,9,17.4,92.7,1.0,90.0,0.8
2025-05-16,12,19.2,96.3,0.0,0.0,0.9
2025-05-16,15,20.5,87.8,5.0,270.0,20.0
2025-05-16,18,19.8,93.4,3.0,270.0,20.0
2025-05-16,21,18.6,89.3,0.0,0.0,20.0
2025-05-17,0,17.6,92.1,0.0,0.0,20.0
2025-05-17,3,16.2,92.6,0.0,0.0,20.0
2025-05-17,6,15.4,93.2,0.0,0.0,20.0
2025-05-17,9,19.7,93.4,0.0,0.0,20.0
2025-05-17,12,21.7,78.0,3.0,180.0,20.0
2025-05-17,15,17.4,74.9,5.0,270.0,10.0
2025-05-17,18,15.1,92.5,5.0,230.0,4.0
2025-05-17,21,14.8,95.6,2.0,230.0,2.5
2025-05-18,0,12.9,81.4,4.0,320.0,10.0
2025-05-18,3,11.3,84.0,2.0,320.0,10.0
2025-05-18,6,10.1,80.5,2.0,290.0,20.0
2025-05-18,9,13.1,72.6,0.0,0.0,20.0
2025-05-18,12,18.3,56.8,2.0,180.0,20.0
2025-05-18,15,19.2,53.0,5.0,230.0,20.0
2025-05-18,18,17.6,55.9,5.0,230.0,20.0
2025-05-18,21,14.0,73.3,4.0,270.0,20.0
2025-05-19,0,11.4,74.3,1.0,270.0,20.0
2025-05-19,3,8.5,83.7,1.0,90.0,20.0
2025-05-19,6,8.6,84.9,0.0,0.0,20.0
2025-05-19,9,11.5,80.1,0.0,0.0,20.0
2025-05-19,12,17.2,63.8,2.0,180.0,20.0
2025-05-19,15,16.4,66.7,3.0,230.0,20.0
2025-05-19,18,16.0,68.0,2.0,230.0,20.0
2025-05-19,21,15.5,94.4,3.0,230.0,20.0
2025-05-20,0,15.3,94.4,3.0,230.0,20.0
2025-05-20,3,15.3,98.7,2.0,230.0,4.0
2025-05-20,6,15.3,98.1,1.0,180.0,5.0
2025-05-20,9,17.4,98.1,0.0,0.0,5.0
2025-05-20,12,18.0,98.1,1.0,320.0,5.0
2025-05-20,15,19.5,96.3,1.0,360.0,4.0
2025-05-20,18,20.7,94.6,3.0,230.0,10.0
2025-05-20,21,20.2,96.9,0.0,0.0,0.7
2025-05-21,0,20.2,98.2,0.0,0.0,0.7
2025-05-21,3,20.9,97.0,0.0,0.0,0.7
2025-05-21,6,20.2,98.2,0.0,0.0,1.5
2025-05-21,9,22.4,97.0,0.0,0.0,1.4
2025-05-21,12,23.9,78.8,3.0,180.0,20.0
2025-05-21,15,26.3,68.3,2.0,270.0,20.0
2025-05-21,18,26.3,62.2,3.0,270.0,20.0
2025-05-21,21,22.6,68.0,2.0,270.0,20.0
2025-05-22,0,21.2,84.6,2.0,270.0,20.0
2025-05-22,3,19.8,88.8,0.0,0.0,20.0
2025-05-22,6,19.1,86.5,3.0,90.0,20.0
2025-05-22,9,20.8,77.4,3.0,360.0,20.0
2025-05-22,12,24.6,54.8,6.0,50.0,20.0
2025-05-22,15,26.4,40.2,3.0,50.0,20.0
2025-05-22,18,26.2,38.1,3.0,50.0,20.0
2025-05-22,21,22.7,54.3,0.0,0.0,20.0
2025-05-23,0,19.4,64.3,0.0,0.0,20.0
2025-05-23,3,18.0,66.2,2.0,90.0,20.0
2025-05-23,6,17.0,67.3,2.0,90.0,20.0
2025-05-23,9,18.5,62.5,1.0,90.0,20.0
2025-05-23,12,19.4,56.7,2.0,90.0,20.0
2025-05-23,15,20.7,51.0,2.0,50.0,20.0
2025-05-23,18,18.4,64.1,0.0,0.0,20.0
2025-05-23,21,14.9,78.5,6.0,50.0,20.0
2025-05-24,0,14.3,74.8,4.0,50.0,20.0
2025-05-24,3,14.0,75.3,4.0,140.0,20.0
2025-05-24,6,13.6,76.2,3.0,90.0,20.0
2025-05-24,9,14.4,74.8,4.0,50.0,20.0
2025-05-24,12,16.7,68.6,4.0,90.0,20.0
2025-05-24,15,18.1,66.2,5.0,50.0,20.0
2025-05-24,18,17.3,64.7,5.0,20.0,20.0
2025-05-24,21,14.9,65.9,3.0,360.0,20.0
2025-05-25,0,12.9,75.6,0.0,0.0,20.0
2025-05-25,3,11.3,85.2,0.0,0.0,20.0
2025-05-25,6,10.0,89.8,0.0,0.0,30.0
2025-05-25,9,14.6,80.0,0.0,0.0,30.0
2025-05-25,12,19.6,65.2,3.0,270.0,30.0
2025-05-25,15,21.2,66.0,5.0,230.0,30.0
2025-05-25,18,19.9,62.0,3.0,270.0,30.0
2025-05-25,21,15.3,77.5,2.0,270.0,20.0
2025-05-26,0,13.4,87.1,0.0,0.0,20.0
2025-05-26,3,11.7,91.1,0.0,0.0,10.0
2025-05-26,6,10.8,92.3,1.0,20.0,10.0
2025-05-26,9,16.6,81.4,1.0,20.0,20.0
2025-05-26,12,21.9,54.1,0.0,0.0,20.0
2025-05-26,15,24.0,56.4,2.0,270.0,20.0
2025-05-26,18,24.2,57.2,3.0,270.0,20.0
2025-05-26,21,17.1,71.0,1.0,270.0,20.0
2025-05-27,0,15.1,89.0,0.0,0.0,20.0
2025-05-27,3,12.1,90.5,1.0,140.0,20.0
2025-05-27,6,11.7,91.1,0.0,0.0,20.0
2025-05-27,9,17.4,81.0,0.0,0.0,20.0
2025-05-27,12,21.7,64.0,0.0,0.0,20.0
2025-05-27,15,24.9,48.5,5.0,230.0,20.0
2025-05-27,18,23.0,61.5,4.0,270.0,20.0
2025-05-27,21,17.5,84.7,3.0,230.0,20.0
2025-05-28,0,15.9,90.2,2.0,270.0,10.0
2025-05-28,3,15.0,89.0,0.0,0.0,5.0
2025-05-28,6,13.5,90.6,0.0,0.0,5.0
2025-05-28,9,16.8,90.9,0.0,0.0,10.0
2025-05-28,12,22.4,67.5,2.0,230.0,20.0
2025-05-28,15,25.4,50.9,2.0,270.0,20.0
2025-05-28,18,22.7,61.0,1.0,230.0,20.0
2025-05-28,21,19.2,68.2,1.0,90.0,20.0
2025-05-29,0,17.2,77.8,0.0,0.0,20.0
2025-05-29,3,14.6,88.9,0.0,0.0,20.0
2025-05-29,6,13.9,88.9,0.0,0.0,20.0
2025-05-29,9,19.8,76.7,0.0,0.0,20.0
2025-05-29,12,24.0,52.9,4.0,270.0,20.0
2025-05-29,15,26.5,50.2,2.0,320.0,20.0
2025-05-29,18,24.2,62.5,5.0,270.0,20.0
2025-05-29,21,19.6,71.4,0.0,0.0,20.0
2025-05-30,0,18.3,75.5,0.0,0.0,20.0
2025-05-30,3,16.2,87.4,0.0,0.0,20.0
2025-05-30,6,14.1,90.7,0.0,0.0,20.0
2025-05-30,9,18.3,75.5,0.0,0.0,20.0
2025-05-30,12,24.4,48.4,0.0,0.0,20.0
2025-05-30,15,26.1,47.3,2.0,140.0,20.0
2025-05-30,18,25.4,59.3,3.0,270.0,20.0
2025-05-30,21,20.2,75.3,2.0,270.0,20.0
2025-05-31,0,18.1,83.2,0.0,0.0,20.0
2025-05-31,3,14.6,80.0,2.0,50.0,20.0
2025-05-31,6,13.7,82.1,0.0,0.0,20.0
2025-05-31,9,19.2,70.0,1.0,140.0,20.0
2025-05-31,12,23.3,48.4,0.0,0.0,20.0
2025-05-31,15,25.4,50.2,2.0,270.0,20.0
2025-05-31,18,22.3,65.4,4.0,230.0,20.0
2025-05-31,21,19.7,79.2,0.0,0.0,20.0
2025-06-01,0,17.7,88.6,1.0,230.0,10.0
2025-06-01,3,16.8,89.7,0.0,0.0,10.0
2025-06-01,6,15.4,93.2,0.0,0.0,10.0
2025-06-01,9,18.7,87.0,1.0,90.0,10.0
2025-06-01,12,25.4,50.9,2.0,140.0,20.0
2025-06-01,15,28.2,46.0,2.0,230.0,20.0
2025-06-01,18,24.2,57.2,0.0,0.0,20.0
2025-06-01,21,20.2,75.3,0.0,0.0,20.0
2025-06-02,0,18.1,83.2,0.0,0.0,20.0
2025-06-02,3,17.1,85.8,0.0,0.0,20.0
2025-06-02,6,16.6,88.5,0.0,0.0,20.0
2025-06-02,9,18.5,83.2,1.0,140.0,20.0
2025-06-02,12,21.2,70.8,2.0,230.0,20.0
2025-06-02,15,21.1,73.1,0.0,0.0,20.0
2025-06-02,18,21.8,76.1,0.0,0.0,20.0
2025-06-02,21,18.8,79.6,0.0,0.0,20.0
2025-06-03,0,18.0,79.5,0.0,0.0,20.0
2025-06-03,3,18.1,81.0,0.0,0.0,20.0
2025-06-03,6,16.7,85.7,1.0,230.0,20.0
2025-06-03,9,20.7,54.8,1.0,270.0,20.0
2025-06-03,12,23.0,49.6,4.0,230.0,20.0
2025-06-03,15,22.7,64.6,5.0,230.0,20.0
2025-06-03,18,25.5,42.1,3.0,230.0,20.0
2025-06-03,21,19.0,45.3,4.0,270.0,20.0
2025-06-04,0,16.2,77.2,1.0,270.0,20.0
2025-06-04,3,14.0,84.3,0.0,0.0,20.0
2025-06-04,6,11.4,89.9,0.0,0.0,20.0
2025-06-04,9,18.6,72.2,1.0,270.0,20.0
2025-06-04,12,24.0,44.0,4.0,270.0,20.0
2025-06-04,15,23.8,29.8,6.0,320.0,20.0
2025-06-04,18,23.2,32.7,6.0,290.0,20.0
2025-06-04,21,19.3,49.9,2.0,270.0,30.0
2025-06-05,0,17.1,58.9,1.0,270.0,30.0
2025-06-05,3,14.9,77.5,1.0,270.0,20.0
2025-06-05,6,12.8,84.8,0.0,0.0,20.0
2025-06-05,9,18.7,73.2,1.0,50.0,20.0
2025-06-05,12,24.2,42.0,5.0,140.0,20.0
2025-06-05,15,24.9,31.2,6.0,230.0,20.0
2025-06-05,18,22.7,35.1,5.0,230.0,20.0
2025-06-05,21,19.6,50.3,0.0,0.0,20.0
2025-06-06,0,14.9,71.0,0.0,0.0,20.0
2025-06-06,3,14.4,68.6,0.0,0.0,20.0
2025-06-06,9,21.8,54.0,0.0,0.0,20.0
2025-06-06,12,26.4,41.3,5.0,230.0,20.0
2025-06-06,15,26.6,44.1,7.0,230.0,20.0
2025-06-06,18,23.8,54.2,5.0,230.0,20.0
2025-06-06,21,21.1,68.1,2.0,230.0,20.0
2025-06-07,0,19.1,75.2,0.0,0.0,20.0
2025-06-07,3,18.0,83.2,1.0,140.0,20.0
2025-06-07,6,18.5,74.1,0.0,0.0,20.0
2025-06-07,9,19.0,80.1,0.0,0.0,20.0
2025-06-07,12,21.8,87.3,2.0,230.0,20.0
2025-06-07,15,23.9,75.0,5.0,230.0,20.0
2025-06-07,18,21.3,87.3,2.0,230.0,5.0
2025-06-07,21,19.5,95.1,4.0,230.0,3.0
2025-06-08,0,19.5,93.9,0.0,0.0,3.0
2025-06-08,3,19.6,95.1,0.0,0.0,3.5
2025-06-08,6,19.9,96.9,0.0,0.0,3.9
2025-06-08,9,22.0,81.6,1.0,90.0,20.0
2025-06-08,12,26.0,53.0,1.0,90.0,20.0
2025-06-08,15,29.1,48.4,2.0,270.0,20.0
2025-06-08,18,27.0,56.1,4.0,230.0,20.0
2025-06-08,21,22.9,76.3,2.0,230.0,20.0
2025-06-09,0,21.0,87.8,0.0,0.0,20.0
2025-06-09,3,20.1,95.2,2.0,230.0,20.0
2025-06-09,6,19.1,93.3,2.0,90.0,10.0
2025-06-09,9,21.0,75.9,2.0,90.0,10.0
2025-06-09,12,25.0,58.9,2.0,90.0,20.0
2025-06-09,15,27.7,55.5,2.0,180.0,20.0
2025-06-09,18,24.6,68.0,3.0,230.0,20.0
2025-06-09,21,19.5,88.2,2.0,230.0,20.0
2025-06-10,0,18.7,93.3,0.0,0.0,20.0
2025-06-10,3,18.4,89.8,2.0,180.0,20.0
2025-06-10,6,18.4,92.1,1.0,90.0,10.0
2025-06-10,9,20.0,90.5,1.0,270.0,10.0
2025-06-10,12,20.0,90.5,2.0,270.0,10.0
2025-06-10,15,24.4,67.9,4.0,180.0,20.0
2025-06-10,18,23.5,67.8,5.0,270.0,20.0
2025-06-10,21,21.3,51.1,5.0,320.0,20.0
2025-06-11,0,18.7,64.2,2.0,320.0,20.0
2025-06-11,3,15.6,76.6,1.0,270.0,20.0
2025-06-11,6,14.2,85.5,0.0,0.0,20.0
2025-06-11,9,21.0,64.7,1.0,90.0,20.0
2025-06-11,12,25.8,46.3,4.0,270.0,20.0
2025-06-11,15,27.8,46.2,4.0,230.0,20.0
2025-06-11,18,25.7,52.0,7.0,230.0,20.0
2025-06-11,21,21.5,72.7,1.0,270.0,20.0
2025-06-12,0,18.7,85.4,0.0,0.0,20.0
2025-06-12,3,17.5,90.9,0.0,0.0,20.0
2025-06-12,6,15.8,92.6,0.0,0.0,20.0
2025-06-12,9,22.1,68.3,2.0,90.0,20.0
2025-06-12,12,27.8,43.3,3.0,90.0,20.0
2025-06-12,15,30.5,39.3,3.0,180.0,30.0
2025-06-12,18,30.1,46.5,4.0,230.0,20.0
2025-06-12,21,23.6,67.8,3.0,230.0,20.0
2025-06-13,0,22.2,70.6,0.0,0.0,20.0
2025-06-13,3,19.5,80.2,0.0,0.0,20.0
2025-06-13,6,16.9,86.3,0.0,0.0,20.0
2025-06-13,9,20.9,75.5,1.0,90.0,20.0
2025-06-13,12,26.0,50.4,4.0,230.0,20.0
2025-06-13,15,25.1,56.7,0.0,0.0,20.0
2025-06-13,18,24.1,62.1,0.0,0.0,20.0
2025-06-13,21,21.9,75.6,2.0,230.0,20.0
2025-06-14,0,20.7,80.9,1.0,140.0,20.0
2025-06-14,3,19.8,82.8,0.0,0.0,20.0
2025-06-14,6,19.5,85.5,0.0,0.0,20.0
2025-06-14,9,22.1,78.1,1.0,180.0,20.0
2025-06-14,12,27.6,55.9,3.0,180.0,20.0
2025-06-14,15,31.3,51.1,1.0,230.0,20.0
2025-06-14,18,29.0,61.7,4.0,230.0,20.0
2025-06-14,21,24.1,72.7,2.0,230.0,20.0
2025-06-15,0,21.8,84.1,1.0,180.0,20.0
2025-06-15,3,20.6,93.4,0.0,0.0,20.0
2025-06-15,6,19.7,96.3,0.0,0.0,20.0
2025-06-15,9,23.1,77.2,2.0,230.0,20.0
2025-06-15,12,25.8,62.9,3.0,180.0,20.0
2025-06-15,15,29.5,62.2,4.0,230.0,20.0
2025-06-15,18,25.0,78.0,2.0,230.0,20.0
2025-06-15,21,22.7,94.7,3.0,230.0,5.0
2025-06-16,0,20.6,95.2,4.0,270.0,5.0
2025-06-16,3,21.4,96.4,2.0,270.0,5.0
2025-06-16,6,20.5,98.8,0.0,0.0,0.6
2025-06-16,9,20.9,98.2,1.0,180.0,3.8
2025-06-16,12,22.1,98.2,2.0,140.0,5.0
2025-06-16,15,23.0,93.0,3.0,230.0,10.0
2025-06-16,18,21.7,92.9,3.0,230.0,3.5
2025-06-16,21,20.9,95.2,4.0,230.0,10.0
2025-06-17,0,20.2,95.2,3.0,230.0,10.0
2025-06-17,3,19.6,95.1,1.0,230.0,5.0
2025-06-17,6,19.5,95.1,0.0,0.0,10.0
2025-06-17,9,22.3,89.6,2.0,180.0,20.0
2025-06-17,12,25.1,74.3,2.0,230.0,20.0
2025-06-17,15,26.1,72.6,2.0,270.0,20.0
2025-06-17,18,26.2,65.4,2.0,230.0,20.0
2025-06-17,21,22.4,89.6,2.0,270.0,20.0
2025-06-18,0,21.0,96.4,1.0,270.0,5.0
2025-06-18,3,19.7,96.3,0.0,0.0,0.7
2025-06-18,6,19.1,96.3,0.0,0.0,0.7
2025-06-18,9,21.7,90.1,0.0,0.0,10.0
2025-06-18,12,25.5,69.4,1.0,230.0,20.0
2025-06-18,15,27.2,69.8,4.0,230.0,20.0
2025-06-18,18,26.3,55.2,3.0,230.0,20.0
2025-06-18,21,23.1,65.1,2.0,270.0,20.0
2025-06-19,0,20.8,77.4,0.0,0.0,20.0
2025-06-19,3,18.9,82.7,0.0,0.0,20.0
2025-06-19,6,17.6,84.7,0.0,0.0,20.0
2025-06-19,9,22.1,78.1,0.0,0.0,20.0
2025-06-19,12,27.5,59.1,1.0,140.0,20.0
2025-06-19,15,30.3,54.1,2.0,180.0,20.0
2025-06-19,18,28.5,67.1,4.0,230.0,20.0
2025-06-19,21,25.5,92.0,0.0,0.0,20.0
2025-06-20,0,25.1,94.8,0.0,0.0,10.0
2025-06-20,3,22.7,98.2,3.0,180.0,20.0
2025-06-20,6,22.6,95.2,3.0,230.0,20.0
2025-06-20,9,23.5,98.2,6.0,230.0,10.0
2025-06-20,12,23.2,98.2,7.0,230.0,10.0
2025-06-20,15,22.8,96.4,7.0,230.0,10.0
2025-06-20,18,22.2,97.0,6.0,230.0,10.0
2025-06-20,21,21.0,98.2,5.0,230.0,4.0
2025-06-21,0,20.6,98.8,2.0,270.0,1.0
2025-06-21,3,20.4,97.0,0.0,0.0,0.9
2025-06-21,6,20.3,96.4,0.0,0.0,0.3
2025-06-21,9,21.9,97.0,3.0,270.0,10.0
2025-06-21,12,22.0,97.0,3.0,270.0,10.0
2025-06-21,15,22.7,87.9,1.0,270.0,20.0
2025-06-21,18,23.7,82.8,2.0,230.0,20.0
2025-06-21,21,20.9,87.8,2.0,270.0,20.0
2025-06-22,0,19.2,88.2,0.0,0.0,20.0
2025-06-22,3,17.9,92.7,1.0,270.0,20.0
2025-06-22,6,16.6,96.9,0.0,0.0,0.0
2025-06-22,9,19.2,96.9,1.0,90.0,3.8
2025-06-22,12,24.9,72.0,0.0,0.0,20.0
2025-06-22,15,26.4,65.0,4.0,270.0,20.0
2025-06-22,18,24.9,70.2,3.0,270.0,20.0
2025-06-22,21,20.5,84.5,2.0,230.0,20.0
2025-06-23,0,19.9,91.6,0.0,0.0,20.0
2025-06-23,3,18.5,96.9,0.0,0.0,20.0
2025-06-23,6,17.9,98.7,1.0,90.0,0.3
2025-06-23,9,18.9,96.9,2.0,90.0,3.7
2025-06-23,12,25.5,62.0,2.0,90.0,20.0
2025-06-23,15,29.9,59.3,0.0,0.0,20.0
2025-06-23,18,30.3,63.9,0.0,0.0,20.0
2025-06-23,21,26.0,84.1,1.0,230.0,20.0
2025-06-24,0,22.7,86.9,1.0,270.0,20.0
2025-06-24,3,21.0,96.4,0.0,0.0,20.0
2025-06-24,6,20.2,96.9,0.0,0.0,20.0
2025-06-24,9,23.2,82.7,2.0,140.0,20.0
2025-06-24,12,25.2,69.0,1.0,50.0,20.0
2025-06-24,15,26.3,57.3,2.0,90.0,20.0
2025-06-24,18,25.8,59.1,3.0,50.0,30.0
2025-06-24,21,24.4,56.1,3.0,50.0,20.0
2025-06-25,0,19.5,92.2,5.0,50.0,10.0
2025-06-25,3,19.9,88.8,3.0,50.0,10.0
2025-06-25,6,18.7,96.3,3.0,50.0,20.0
2025-06-25,9,18.5,95.1,4.0,50.0,10.0
2025-06-25,12,19.2,96.3,4.0,50.0,20.0
2025-06-25,15,21.0,85.1,4.0,50.0,20.0
2025-06-25,18,20.7,90.0,2.0,50.0,20.0
2025-06-25,21,20.6,87.8,2.0,360.0,20.0
2025-06-26,0,20.0,92.2,1.0,180.0,20.0
2025-06-26,3,19.9,95.1,0.0,0.0,20.0
2025-06-26,6,19.6,91.6,1.0,270.0,20.0
2025-06-26,9,22.2,86.8,1.0,230.0,20.0
2025-06-26,12,24.4,79.9,2.0,230.0,20.0
2025-06-26,15,24.1,84.9,3.0,270.0,20.0
2025-06-26,18,23.3,84.3,2.0,230.0,20.0
2025-06-26,21,22.2,92.9,0.0,0.0,20.0
2025-06-27,0,20.5,95.2,0.0,0.0,20.0
2025-06-27,3,20.2,91.7,0.0,0.0,20.0
2025-06-27,6,20.2,93.4,0.0,0.0,20.0
2025-06-27,9,21.5,97.0,0.0,0.0,20.0
2025-06-27,12,22.7,90.1,1.0,90.0,20.0
2025-06-27,15,25.1,84.5,0.0,0.0,20.0
2025-06-27,18,26.4,80.1,0.0,0.0,20.0
2025-06-27,21,25.0,83.5,0.0,0.0,20.0
2025-06-28,0,23.5,90.2,0.0,0.0,20.0
2025-06-28,3,23.0,93.0,0.0,0.0,20.0
2025-06-28,6,22.9,94.7,0.0,0.0,10.0
2025-06-28,9,23.4,98.2,3.0,230.0,10.0
2025-06-28,12,23.4,98.2,0.0,0.0,10.0
2025-06-28,15,24.6,93.0,2.0,230.0,10.0
2025-06-28,18,24.9,89.8,2.0,270.0,10.0
2025-06-28,21,24.4,92.5,0.0,0.0,10.0
2025-06-29,0,24.1,94.2,0.0,0.0,3.0
2025-06-29,3,23.7,95.9,0.0,0.0,0.9
2025-06-29,6,23.3,97.6,0.0,0.0,0.8
2025-06-29,9,24.1,98.2,2.0,180.0,10.0
2025-06-29,12,25.8,97.7,2.0,180.0,20.0
2025-06-29,15,26.2,89.3,2.0,230.0,10.0
2025-06-29,18,28.0,79.4,3.0,270.0,20.0
2025-06-29,21,25.0,94.2,1.0,270.0,20.0
2025-06-30,0,24.5,97.6,1.0,320.0,20.0
2025-06-30,3,24.2,97.6,0.0,0.0,20.0
2025-06-30,6,23.9,94.1,1.0,180.0,10.0
2025-06-30,9,25.3,97.6,3.0,180.0,20.0
2025-06-30,12,26.5,90.9,4.0,230.0,20.0
2025-06-30,15,27.4,87.3,5.0,230.0,20.0
2025-06-30,18,27.1,84.2,4.0,230.0,20.0
2025-06-30,21,26.1,93.7,2.0,230.0,20.0
2025-07-01,0,25.4,94.8,0.0,0.0,20.0
2025-07-01,3,24.9,93.1,3.0,230.0,20.0
2025-07-01,6,24.5,94.7,3.0,230.0,10.0
2025-07-01,9,25.0,98.2,3.0,230.0,10.0
2025-07-01,12,27.2,96.5,3.0,230.0,20.0
2025-07-01,15,28.1,92.7,2.0,230.0,20.0
2025-07-01,18,27.4,94.3,2.0,230.0,20.0
2025-07-01,21,25.9,94.2,2.0,230.0,20.0
2025-07-02,0,25.2,94.2,3.0,230.0,20.0
2025-07-02,3,24.7,95.9,3.0,230.0,10.0
2025-07-02,6,25.0,95.9,2.0,180.0,20.0
2025-07-02,9,26.2,96.5,2.0,230.0,20.0
2025-07-02,12,28.2,88.4,3.0,230.0,20.0
2025-07-02,15,25.6,93.1,2.0,230.0,10.0
2025-07-02,18,25.5,93.7,3.0,270.0,10.0
2025-07-02,21,25.0,94.8,0.0,0.0,5.0
2025-07-03,0,24.3,97.6,0.0,0.0,3.0
2025-07-03,3,24.3,96.5,0.0,0.0,3.0
2025-07-03,6,24.4,97.6,0.0,0.0,0.8
2025-07-03,9,25.3,97.6,5.0,230.0,10.0
2025-07-03,12,24.9,91.4,3.0,230.0,10.0
2025-07-03,15,28.1,85.3,5.0,230.0,20.0
2025-07-03,18,26.7,87.2,4.0,230.0,20.0
2025-07-03,21,25.7,95.9,4.0,230.0,20.0
2025-07-04,0,24.6,95.9,3.0,270.0,20.0
2025-07-04,3,24.4,97.6,0.0,0.0,20.0
2025-07-04,6,23.7,92.4,1.0,180.0,20.0
2025-07-04,9,24.8,97.6,3.0,180.0,20.0
2025-07-04,12,24.2,98.2,2.0,140.0,20.0
2025-07-04,15,24.5,97.0,3.0,140.0,10.0
2025-07-04,18,24.7,95.9,4.0,230.0,20.0
2025-07-04,21,24.3,97.6,2.0,230.0,10.0
2025-07-05,0,24.4,97.6,0.0,0.0,10.0
2025-07-05,3,24.1,93.0,2.0,230.0,10.0
2025-07-05,6,23.9,97.6,0.0,0.0,10.0
2025-07-05,9,24.8,97.6,2.0,180.0,10.0
2025-07-05,12,26.6,92.6,3.0,230.0,20.0
2025-07-05,15,29.0,80.0,5.0,230.0,20.0
2025-07-05,18,27.5,81.3,5.0,230.0,20.0
2025-07-05,21,25.7,86.1,2.0,270.0,10.0
2025-07-06,0,25.4,90.3,0.0,0.0,10.0
2025-07-06,3,25.0,95.9,1.0,230.0,10.0
2025-07-06,6,24.8,95.9,1.0,230.0,10.0
2025-07-06,9,25.6,94.8,1.0,230.0,10.0
2025-07-06,12,27.6,88.9,2.0,180.0,20.0
2025-07-06,15,29.6,79.6,2.0,270.0,20.0
2025-07-06,18,29.0,80.0,3.0,270.0,20.0
2025-07-06,21,24.9,94.2,2.0,270.0,20.0
2025-07-07,0,25.4,94.8,0.0,0.0,10.0
2025-07-07,3,25.1,97.6,0.0,0.0,3.0
2025-07-07,6,24.7,95.9,0.0,0.0,0.9
2025-07-07,9,25.0,97.6,0.0,0.0,0.9
2025-07-07,12,26.2,95.9,1.0,180.0,3.8
2025-07-07,15,28.3,94.3,1.0,270.0,5.0
2025-07-07,18,28.3,93.8,2.0,270.0,5.0
2025-07-07,21,26.8,96.0,0.0,0.0,4.0
2025-07-08,0,26.1,95.9,0.0,0.0,0.8
2025-07-08,3,25.0,94.8,1.0,230.0,5.0
2025-07-08,6,23.9,94.7,0.0,0.0,20.0
2025-07-08,9,28.1,86.8,2.0,90.0,20.0
2025-07-08,12,32.1,74.1,3.0,90.0,20.0
2025-07-08,15,34.3,60.3,0.0,0.0,20.0
2025-07-08,18,34.8,65.2,1.0,90.0,20.0
2025-07-08,21,31.1,72.2,3.0,50.0,20.0
2025-07-09,0,28.3,76.2,3.0,90.0,20.0
2025-07-09,3,26.2,82.6,2.0,90.0,20.0
2025-07-09,6,25.0,81.9,1.0,90.0,20.0
2025-07-09,9,28.9,76.3,2.0,90.0,20.0
2025-07-09,12,31.8,65.0,3.0,90.0,20.0
2025-07-09,15,33.8,61.6,3.0,360.0,20.0
2025-07-09,18,33.9,57.8,3.0,90.0,20.0
2025-07-09,21,30.7,65.5,1.0,50.0,20.0
2025-07-10,0,28.1,72.5,4.0,50.0,20.0
2025-07-10,3,26.6,71.4,3.0,90.0,20.0
2025-07-10,6,24.8,79.4,2.0,90.0,30.0
2025-07-10,9,28.8,63.6,3.0,50.0,30.0
2025-07-10,12,31.3,51.1,4.0,50.0,20.0
2025-07-10,15,32.9,70.0,4.0,50.0,20.0
2025-07-10,18,32.9,51.6,5.0,50.0,30.0
2025-07-10,21,28.5,52.4,5.0,50.0,30.0
2025-07-11,0,25.3,54.2,6.0,50.0,30.0
2025-07-11,3,23.2,64.3,4.0,50.0,20.0
2025-07-11,6,22.8,68.0,3.0,50.0,20.0
2025-07-11,9,26.6,70.5,3.0,50.0,20.0
2025-07-11,12,29.8,52.0,5.0,50.0,20.0
2025-07-11,15,32.2,45.4,5.0,50.0,30.0
2025-07-11,18,32.0,47.9,5.0,50.0,30.0
2025-07-11,21,28.2,66.2,3.0,50.0,30.0
2025-07-12,0,25.7,70.4,4.0,50.0,30.0
2025-07-12,3,23.6,71.7,0.0,0.0,30.0
2025-07-12,6,21.8,72.3,1.0,90.0,30.0
2025-07-12,9,26.8,59.3,2.0,140.0,30.0
2025-07-12,12,30.9,41.7,2.0,140.0,30.0
2025-07-12,15,33.1,47.4,2.0,140.0,30.0
2025-07-12,18,33.6,53.3,3.0,320.0,30.0
2025-07-12,21,27.2,80.7,1.0,230.0,30.0
2025-07-13,0,25.9,78.6,1.0,230.0,30.0
2025-07-13,3,23.9,71.3,0.0,0.0,20.0
2025-07-13,6,23.3,84.3,0.0,0.0,20.0
2025-07-13,9,27.3,79.3,1.0,90.0,20.0
2025-07-13,12,27.6,84.3,2.0,270.0,20.0
2025-07-13,15,27.9,83.8,0.0,0.0,20.0
2025-07-13,18,27.8,83.8,0.0,0.0,20.0
2025-07-13,21,25.9,87.2,2.0,270.0,10.0
2025-07-14,0,23.4,93.0,0.0,0.0,10.0
2025-07-14,3,22.7,93.5,0.0,0.0,5.0
2025-07-14,6,22.1,93.5,1.0,270.0,4.0
2025-07-14,9,24.5,91.4,0.0,0.0,10.0
2025-07-14,12,25.1,72.9,0.0,0.0,10.0
2025-07-14,15,23.0,90.2,1.0,50.0,10.0
2025-07-14,18,23.3,88.0,0.0,0.0,20.0
2025-07-14,21,22.3,91.2,3.0,320.0,20.0
2025-07-15,0,22.0,93.5,2.0,320.0,20.0
2025-07-15,3,21.4,91.7,3.0,320.0,20.0
2025-07-15,6,21.4,96.4,0.0,0.0,20.0
2025-07-15,9,22.4,85.8,0.0,0.0,20.0
2025-07-15,12,22.8,93.5,2.0,270.0,20.0
2025-07-15,15,26.9,77.4,4.0,270.0,20.0
2025-07-15,18,25.7,77.2,4.0,230.0,20.0
2025-07-15,21,23.1,85.3,2.0,230.0,30.0
2025-07-16,0,22.7,87.9,1.0,140.0,20.0
2025-07-16,3,22.4,95.2,0.0,0.0,20.0
2025-07-16,6,22.5,93.5,0.0,0.0,10.0
2025-07-16,9,22.3,93.5,1.0,270.0,20.0
2025-07-16,12,21.3,91.7,3.0,50.0,20.0
2025-07-16,15,21.1,92.9,5.0,90.0,10.0
2025-07-16,18,21.6,91.7,3.0,90.0,20.0
2025-07-16,21,21.3,98.2,3.0,90.0,5.0
2025-07-17,0,21.8,96.4,3.0,50.0,20.0
2025-07-17,3,21.8,93.5,3.0,90.0,10.0
2025-07-17,6,22.5,96.4,2.0,90.0,20.0
2025-07-17,9,22.5,94.7,3.0,50.0,20.0
2025-07-17,12,23.3,90.2,2.0,90.0,20.0
2025-07-17,15,24.4,89.7,3.0,140.0,20.0
2025-07-17,18,24.1,91.3,1.0,140.0,20.0
2025-07-17,21,23.0,94.7,0.0,0.0,20.0
2025-07-18,0,22.6,96.4,0.0,0.0,10.0
2025-07-18,3,22.4,94.7,3.0,230.0,10.0
2025-07-18,6,22.0,95.2,0.0,0.0,3.0
2025-07-18,9,22.3,97.0,0.0,0.0,5.0
2025-07-18,12,22.5,97.0,1.0,140.0,10.0
2025-07-18,15,23.9,95.9,0.0,0.0,10.0
2025-07-18,18,23.8,95.9,0.0,0.0,10.0
2025-07-18,21,23.7,93.0,1.0,230.0,20.0
2025-07-19,0,22.7,93.5,3.0,90.0,20.0
2025-07-19,3,23.0,89.6,0.0,0.0,5.0
2025-07-19,6,20.8,97.0,2.0,50.0,10.0
2025-07-19,9,22.3,96.4,0.0,0.0,10.0
2025-07-19,12,23.1,94.1,1.0,50.0,20.0
2025-07-19,15,23.9,94.7,2.0,90.0,5.0
2025-07-19,18,26.2,94.2,2.0,230.0,20.0
2025-07-19,21,24.3,89.7,2.0,230.0,20.0
2025-07-20,0,24.1,93.0,0.0,0.0,10.0
2025-07-20,3,23.0,93.0,1.0,230.0,5.0
2025-07-20,6,23.0,96.4,1.0,230.0,10.0
2025-07-20,9,25.4,95.9,1.0,180.0,10.0
2025-07-20,12,27.4,88.9,5.0,230.0,20.0
2025-07-20,15,28.3,83.3,4.0,230.0,20.0
2025-07-20,18,29.3,77.7,5.0,230.0,20.0
2025-07-20,21,26.4,84.6,2.0,230.0,20.0
2025-07-21,0,25.4,90.3,0.0,0.0,20.0
2025-07-21,3,24.3,89.7,0.0,0.0,20.0
2025-07-21,6,24.7,89.2,1.0,270.0,20.0
2025-07-21,9,25.6,92.0,0.0,0.0,20.0
2025-07-21,12,28.0,83.3,3.0,270.0,20.0
2025-07-21,15,29.3,80.1,4.0,230.0,20.0
2025-07-21,18,28.4,76.6,3.0,230.0,20.0
2025-07-21,21,26.3,87.7,3.0,230.0,20.0
2025-07-22,0,25.7,90.4,2.0,230.0,20.0
2025-07-22,3,25.5,90.9,4.0,230.0,20.0
2025-07-22,6,25.2,97.6,3.0,230.0,20.0
2025-07-22,9,26.3,90.4,3.0,230.0,20.0
2025-07-22,12,29.7,80.1,4.0,230.0,20.0
2025-07-22,15,29.9,78.7,4.0,230.0,20.0
2025-07-22,18,28.3,79.0,4.0,230.0,20.0
2025-07-22,21,24.7,80.9,1.0,180.0,20.0
2025-07-23,0,24.1,87.5,0.0,0.0,20.0
2025-07-23,3,23.4,90.2,0.0,0.0,20.0
2025-07-23,6,23.2,91.8,0.0,0.0,20.0
2025-07-23,9,26.0,90.9,1.0,180.0,20.0
2025-07-23,12,29.8,78.7,2.0,230.0,20.0
2025-07-23,15,32.1,71.5,3.0,250.0,20.0
2025-07-23,18,30.7,65.5,4.0,230.0,20.0
2025-07-23,21,27.0,73.7,0.0,0.0,20.0
2025-07-24,0,25.3,79.5,0.0,0.0,20.0
2025-07-24,3,24.6,90.8,0.0,0.0,20.0
2025-07-24,6,23.2,91.8,0.0,0.0,20.0
2025-07-24,9,27.4,90.5,0.0,0.0,20.0
2025-07-24,12,29.6,81.1,2.0,230.0,20.0
2025-07-24,15,31.3,77.5,2.0,230.0,20.0
2025-07-24,18,32.2,58.0,3.0,270.0,20.0
2025-07-24,21,27.3,73.3,0.0,0.0,20.0
2025-07-25,0,25.7,85.6,0.0,0.0,20.0
2025-07-25,3,24.1,89.7,0.0,0.0,20.0
2025-07-25,6,23.1,91.8,0.0,0.0,20.0
2025-07-25,9,27.9,83.8,0.0,0.0,20.0
2025-07-25,12,31.7,72.3,1.0,230.0,20.0
2025-07-25,15,33.7,56.7,3.0,270.0,20.0
2025-07-25,18,33.5,53.6,4.0,270.0,20.0
2025-07-25,21,29.9,63.0,0.0,0.0,20.0
2025-07-26,0,26.9,85.7,0.0,0.0,20.0
2025-07-26,3,25.1,85.0,0.0,0.0,20.0
2025-07-26,6,24.4,89.7,0.0,0.0,20.0
2025-07-26,9,29.4,70.6,1.0,50.0,20.0
2025-07-26,12,33.0,66.8,1.0,270.0,20.0
2025-07-26,15,34.4,66.7,1.0,270.0,20.0
2025-07-26,18,33.7,66.2,2.0,320.0,20.0
2025-07-26,21,30.6,72.6,0.0,0.0,20.0
2025-07-27,0,27.8,80.3,0.0,0.0,20.0
2025-07-27,3,26.1,81.1,1.0,270.0,20.0
2025-07-27,6,25.4,87.6,0.0,0.0,20.0
2025-07-27,9,29.9,81.1,1.0,230.0,20.0
2025-07-27,12,33.1,71.7,2.0,230.0,20.0
2025-07-27,15,35.3,63.1,3.0,230.0,20.0
2025-07-27,18,35.1,58.0,2.0,270.0,30.0
2025-07-27,21,30.7,75.2,3.0,270.0,20.0
2025-07-28,0,28.1,86.8,1.0,270.0,10.0
2025-07-28,3,26.3,90.4,0.0,0.0,10.0
2025-07-28,6,26.0,93.7,0.0,0.0,20.0
2025-07-28,9,29.6,82.0,0.0,0.0,20.0
2025-07-28,12,32.5,69.1,2.0,230.0,20.0
2025-07-28,15,34.2,65.9,3.0,270.0,20.0
2025-07-28,18,34.2,45.4,4.0,290.0,20.0
2025-07-28,21,31.0,73.5,0.0,0.0,20.0
2025-07-29,0,26.9,80.7,0.0,0.0,20.0
2025-07-29,3,25.1,89.2,0.0,0.0,20.0
2025-07-29,6,24.1,89.1,0.0,0.0,20.0
2025-07-29,9,29.0,83.4,1.0,180.0,20.0
2025-07-29,12,33.4,63.0,2.0,230.0,20.0
2025-07-29,15,35.3,50.3,3.0,250.0,20.0
2025-07-29,18,34.7,54.3,3.0,230.0,20.0
2025-07-29,21,29.7,63.0,2.0,270.0,20.0
2025-07-30,0,27.9,80.3,0.0,0.0,20.0
2025-07-30,3,25.3,86.6,0.0,0.0,20.0
2025-07-30,6,25.5,90.3,0.0,0.0,20.0
2025-07-30,9,27.6,82.8,0.0,0.0,20.0
2025-07-30,12,32.0,73.7,0.0,0.0,20.0
2025-07-30,15,33.6,63.1,0.0,0.0,20.0
2025-07-30,18,31.3,70.1,2.0,320.0,20.0
2025-07-30,21,29.7,77.3,0.0,0.0,20.0
2025-07-31,0,28.2,86.9,0.0,0.0,20.0
2025-07-31,3,27.6,89.9,0.0,0.0,20.0
2025-07-31,6,26.8,89.4,0.0,0.0,20.0
2025-07-31,9,28.0,85.3,0.0,0.0,20.0
2025-07-31,12,30.2,72.9,0.0,0.0,20.0
2025-07-31,15,31.6,61.2,2.0,270.0,20.0
2025-07-31,18,29.7,73.3,1.0,270.0,20.0
2025-07-31,21,28.3,80.4,0.0,0.0,20.0
