day,h,t,rh,ws,wd,vis
2021-03-01,0,5.2,79.2,1.0,50.0,11.0
2021-03-01,3,3.5,88.0,1.0,360.0,8.0
2021-03-01,6,3.0,91.2,2.0,50.0,6.0
2021-03-01,9,3.1,97.2,2.0,50.0,4.5
2021-03-01,12,3.2,96.5,6.0,50.0,5.0
2021-03-01,15,3.4,95.2,7.0,50.0,5.0
2021-03-01,18,2.1,94.4,2.0,50.0,8.0
2021-03-01,21,1.1,91.0,6.0,50.0,8.0
2021-03-02,0,0.7,85.8,1.0,360.0,12.0
2021-03-02,3,0.4,87.7,2.0,360.0,12.0
2021-03-02,6,-0.1,83.8,3.0,360.0,15.0
2021-03-02,9,1.1,83.4,1.0,320.0,15.0
2021-03-02,12,2.5,77.7,1.0,270.0,17.0
2021-03-02,15,3.1,78.9,2.0,270.0,18.0
2021-03-02,18,2.6,72.2,3.0,270.0,17.0
2021-03-02,21,-0.1,77.2,1.0,270.0,15.0
2021-03-03,0,-0.6,83.8,2.0,90.0,15.0
2021-03-03,3,-1.8,84.3,1.0,50.0,15.0
2021-03-03,6,-2.0,75.8,2.0,90.0,15.0
2021-03-03,9,-0.3,82.0,1.0,90.0,14.0
2021-03-03,12,4.9,76.4,3.0,90.0,18.0
2021-03-03,15,9.3,70.9,1.0,50.0,18.0
2021-03-03,18,7.7,68.6,1.0,50.0,17.0
2021-03-03,21,3.6,78.4,1.0,90.0,16.0
2021-03-04,0,1.7,73.6,2.0,50.0,15.0
2021-03-04,3,1.0,82.1,1.0,90.0,15.0
2021-03-04,6,0.3,81.4,1.0,50.0,15.0
2021-03-04,9,1.4,84.0,3.0,90.0,15.0
2021-03-04,12,6.6,81.1,2.0,140.0,12.0
2021-03-04,15,9.3,78.7,1.0,50.0,12.0
2021-03-04,18,8.9,79.8,1.0,50.0,14.0
2021-03-04,21,6.8,78.9,2.0,140.0,13.0
2021-03-05,0,5.0,88.1,1.0,90.0,12.0
2021-03-05,3,3.7,88.0,3.0,90.0,12.0
2021-03-05,6,1.8,91.7,2.0,90.0,11.0
2021-03-05,9,3.3,89.2,1.0,50.0,8.0
2021-03-05,12,8.0,83.0,1.0,230.0,8.0
2021-03-05,15,10.8,83.4,7.0,270.0,13.0
2021-03-05,18,5.8,91.3,3.0,270.0,11.0
2021-03-05,21,4.3,90.6,3.0,270.0,9.0
2021-03-06,0,3.6,84.9,1.0,320.0,13.0
2021-03-06,3,0.6,83.3,2.0,360.0,13.0
2021-03-06,6,-0.9,80.7,2.0,320.0,13.0
2021-03-06,9,0.3,78.5,1.0,340.0,16.0
2021-03-06,12,4.4,72.0,1.0,320.0,16.0
2021-03-06,15,6.4,77.2,2.0,230.0,15.0
2021-03-06,18,5.2,75.9,2.0,270.0,15.0
2021-03-06,21,2.5,80.6,1.0,50.0,14.0
2021-03-07,0,0.9,84.6,1.0,50.0,14.0
2021-03-07,3,-0.4,85.7,2.0,50.0,14.0
2021-03-07,6,-1.3,79.4,2.0,50.0,14.0
2021-03-07,9,-0.2,83.2,1.0,50.0,14.0
2021-03-07,12,5.1,77.5,1.0,180.0,15.0
2021-03-07,15,6.9,76.2,3.0,320.0,17.0
2021-03-07,18,5.2,79.2,3.0,320.0,15.0
2021-03-07,21,1.0,86.5,3.0,270.0,13.0
2021-03-08,0,0.0,91.6,1.0,320.0,13.0
2021-03-08,3,-1.1,90.2,1.0,270.0,13.0
2021-03-08,6,-2.4,93.5,0.0,0.0,13.0
2021-03-08,9,-0.1,92.3,2.0,90.0,9.0
2021-03-08,12,4.7,80.9,1.0,90.0,14.0
2021-03-08,15,9.3,63.3,2.0,270.0,16.0
2021-03-08,18,8.0,69.2,2.0,230.0,16.0
2021-03-08,21,2.5,80.6,3.0,230.0,16.0
2021-03-09,0,1.1,83.4,2.0,270.0,16.0
2021-03-09,3,0.1,84.5,1.0,320.0,16.0
2021-03-09,6,-0.5,83.2,2.0,70.0,16.0
2021-03-09,9,0.3,89.6,2.0,90.0,9.0
2021-03-09,12,6.6,75.0,1.0,90.0,11.0
2021-03-09,15,10.0,71.5,3.0,270.0,13.0
2021-03-09,18,8.0,70.7,2.0,270.0,11.0
2021-03-09,21,4.9,84.4,3.0,270.0,11.0
2021-03-10,0,3.5,89.3,1.0,270.0,11.0
2021-03-10,3,2.1,91.7,1.0,50.0,9.0
2021-03-10,6,0.7,93.7,1.0,50.0,6.0
2021-03-10,9,-0.4,95.7,3.0,90.0,0.0
2021-03-10,12,6.5,81.7,2.0,50.0,7.0
2021-03-10,15,13.7,58.8,2.0,230.0,9.0
2021-03-10,18,8.7,76.5,3.0,320.0,9.0
2021-03-10,21,5.5,83.9,2.0,320.0,6.0
2021-03-11,0,5.1,90.0,1.0,50.0,7.0
2021-03-11,3,3.2,84.8,1.0,50.0,8.0
2021-03-11,6,2.9,83.6,1.0,90.0,8.0
2021-03-11,9,3.5,91.8,1.0,50.0,5.0
2021-03-11,12,9.4,77.1,1.0,50.0,8.0
2021-03-11,15,12.3,65.8,1.0,270.0,8.0
2021-03-11,18,12.3,58.1,1.0,270.0,8.0
2021-03-11,21,5.6,88.8,2.0,230.0,4.5
2021-03-12,0,5.0,90.6,2.0,230.0,4.5
2021-03-12,3,3.7,89.3,1.0,270.0,3.5
2021-03-12,6,4.1,92.5,3.0,230.0,3.5
2021-03-12,9,4.6,91.9,1.0,270.0,3.5
2021-03-12,12,7.5,91.5,2.0,230.0,6.0
2021-03-12,15,11.0,80.6,3.0,230.0,8.0
2021-03-12,18,9.4,83.8,2.0,250.0,8.0
2021-03-12,21,6.5,90.8,2.0,50.0,9.0
2021-03-13,0,6.3,81.7,2.0,50.0,9.0
2021-03-13,3,5.8,81.6,2.0,50.0,9.0
2021-03-13,6,5.8,81.6,2.0,90.0,9.0
2021-03-13,9,6.2,81.1,3.0,90.0,5.0
2021-03-13,12,10.2,74.1,1.0,50.0,6.0
2021-03-13,15,9.0,79.2,7.0,270.0,6.0
2021-03-13,18,8.6,83.1,1.0,270.0,5.0
2021-03-13,21,6.2,90.7,3.0,270.0,5.0
2021-03-14,0,4.7,91.3,2.0,270.0,4.0
2021-03-14,3,2.6,92.4,1.0,270.0,0.0
2021-03-14,6,2.5,94.4,1.0,230.0,0.0
2021-03-14,9,2.6,95.1,1.0,180.0,0.0
2021-03-14,12,8.2,88.4,1.0,90.0,6.0
2021-03-14,15,12.8,69.7,1.0,270.0,9.0
2021-03-14,18,10.0,81.6,1.0,320.0,8.0
2021-03-14,21,8.2,88.4,1.0,270.0,9.0
2021-03-15,0,5.7,90.7,1.0,90.0,9.0
2021-03-15,3,5.8,85.7,2.0,90.0,9.0
2021-03-15,6,5.1,84.5,3.0,230.0,8.0
2021-03-15,9,6.0,92.0,2.0,140.0,6.0
2021-03-15,12,8.3,87.8,2.0,140.0,6.0
2021-03-15,15,11.2,80.6,1.0,50.0,9.0
2021-03-15,18,9.7,83.8,1.0,140.0,6.0
2021-03-15,21,7.6,96.6,1.0,230.0,4.5
2021-03-16,0,5.4,97.9,4.0,320.0,3.5
2021-03-16,3,3.5,89.3,2.0,320.0,9.0
2021-03-16,6,4.3,67.4,7.0,320.0,9.0
2021-03-16,9,4.1,62.1,3.0,320.0,11.0
2021-03-16,12,6.0,62.1,5.0,320.0,11.0
2021-03-16,15,5.6,64.8,5.0,320.0,14.0
2021-03-16,18,5.8,65.3,4.0,320.0,14.0
2021-03-16,21,3.8,75.1,4.0,270.0,15.0
2021-03-17,0,2.9,81.2,1.0,320.0,15.0
2021-03-17,3,1.9,81.1,0.0,0.0,14.0
2021-03-17,6,1.9,78.7,0.0,0.0,15.0
2021-03-17,9,4.6,69.5,1.0,360.0,15.0
2021-03-17,12,8.0,68.2,3.0,230.0,18.0
2021-03-17,15,11.0,66.9,3.0,230.0,18.0
2021-03-17,18,8.1,65.8,4.0,270.0,18.0
2021-03-17,21,4.6,78.0,3.0,320.0,16.0
2021-03-18,0,4.5,78.5,3.0,230.0,15.0
2021-03-18,3,3.3,82.4,1.0,270.0,15.0
2021-03-18,6,2.0,85.3,1.0,90.0,13.0
2021-03-18,9,3.5,88.0,1.0,50.0,9.0
2021-03-18,12,7.3,80.1,1.0,90.0,9.0
2021-03-18,15,9.8,74.0,2.0,270.0,9.0
2021-03-18,18,8.1,83.1,1.0,270.0,9.0
2021-03-18,21,6.4,80.0,2.0,230.0,9.0
2021-03-19,0,7.6,75.8,0.0,0.0,12.0
2021-03-19,3,6.3,88.2,1.0,230.0,11.0
2021-03-19,6,5.4,86.9,1.0,230.0,12.0
2021-03-19,9,8.1,83.1,0.0,0.0,6.0
2021-03-19,12,13.8,78.3,1.0,50.0,9.0
2021-03-19,15,16.8,78.3,2.0,50.0,9.0
2021-03-19,18,12.1,76.0,5.0,230.0,11.0
2021-03-19,21,9.2,75.5,2.0,230.0,13.0
2021-03-20,0,7.5,91.5,2.0,230.0,13.0
2021-03-20,3,7.9,85.4,1.0,140.0,13.0
2021-03-20,6,7.8,78.5,0.0,0.0,12.0
2021-03-20,9,4.1,96.5,1.0,320.0,6.0
2021-03-20,12,4.9,97.2,1.0,90.0,6.0
2021-03-20,15,7.4,92.1,3.0,270.0,9.0
2021-03-20,18,4.5,91.3,3.0,270.0,3.5
2021-03-20,21,3.8,89.9,4.0,270.0,4.5
2021-03-21,0,4.8,90.6,3.0,270.0,6.0
2021-03-21,3,4.1,90.6,5.0,270.0,6.0
2021-03-21,6,3.7,88.0,2.0,320.0,6.0
2021-03-21,9,4.3,85.6,7.0,320.0,9.0
2021-03-21,12,4.7,73.6,11.0,320.0,17.0
2021-03-21,15,5.1,79.8,9.0,320.0,17.0
2021-03-21,18,4.7,80.9,10.0,320.0,17.0
2021-03-21,21,3.2,80.7,5.0,320.0,17.0
2021-03-22,0,2.6,84.2,2.0,270.0,15.0
2021-03-22,3,2.8,84.2,3.0,320.0,13.0
2021-03-22,6,1.7,82.2,1.0,270.0,13.0
2021-03-22,9,4.4,83.8,1.0,270.0,15.0
2021-03-22,12,8.8,78.7,1.0,270.0,17.0
2021-03-22,15,8.9,71.8,5.0,230.0,17.0
2021-03-22,18,8.2,65.4,5.0,270.0,18.0
2021-03-22,21,5.8,69.2,5.0,230.0,18.0
2021-03-23,0,5.1,71.6,2.0,320.0,15.0
2021-03-23,3,2.5,77.7,3.0,140.0,15.0
2021-03-23,6,2.8,85.4,5.0,90.0,12.0
2021-03-23,9,6.8,68.9,2.0,140.0,9.0
2021-03-23,12,14.3,60.2,3.0,230.0,12.0
2021-03-23,15,16.7,60.8,8.0,230.0,13.0
2021-03-23,18,14.4,61.1,7.0,270.0,12.0
2021-03-23,21,8.7,75.4,2.0,140.0,11.0
2021-03-24,0,7.6,82.4,2.0,140.0,12.0
2021-03-24,3,6.4,78.3,3.0,140.0,13.0
2021-03-24,6,6.0,73.9,4.0,140.0,14.0
2021-03-24,9,8.8,87.3,3.0,90.0,9.0
2021-03-24,12,13.7,78.3,2.0,50.0,9.0
2021-03-24,15,15.2,76.5,1.0,180.0,9.0
2021-03-24,18,12.9,75.1,1.0,320.0,12.0
2021-03-24,21,9.2,89.1,1.0,320.0,11.0
2021-03-25,0,7.1,88.9,1.0,50.0,11.0
2021-03-25,3,6.2,86.4,1.0,50.0,11.0
2021-03-25,6,5.8,93.3,1.0,90.0,4.5
2021-03-25,9,7.1,92.1,1.0,90.0,7.0
2021-03-25,12,11.0,84.5,1.0,90.0,9.0
2021-03-25,15,10.8,83.4,4.0,230.0,8.0
2021-03-25,18,9.3,86.1,3.0,270.0,5.0
2021-03-25,21,5.9,92.6,1.0,270.0,4.0
2021-03-26,0,4.5,90.0,0.0,0.0,0.0
2021-03-26,3,3.2,92.5,0.0,0.0,0.0
2021-03-26,6,3.2,95.2,1.0,50.0,0.0
2021-03-26,9,3.6,93.8,1.0,50.0,0.0
2021-03-26,12,7.8,84.2,3.0,50.0,8.0
2021-03-26,15,16.3,65.4,1.0,90.0,11.0
2021-03-26,18,12.1,84.1,2.0,230.0,12.0
2021-03-26,21,9.0,86.1,1.0,230.0,9.0
2021-03-27,0,8.0,87.8,1.0,50.0,9.0
2021-03-27,3,8.8,83.7,1.0,290.0,8.0
2021-03-27,6,9.0,72.4,2.0,90.0,9.0
2021-03-27,9,8.4,86.0,1.0,90.0,9.0
2021-03-27,12,8.7,79.2,2.0,50.0,7.0
2021-03-27,15,9.4,91.6,2.0,90.0,7.0
2021-03-27,18,8.8,86.7,6.0,90.0,6.0
2021-03-27,21,8.7,94.1,2.0,50.0,5.0
2021-03-28,0,9.0,91.6,3.0,50.0,5.0
2021-03-28,3,8.8,86.7,2.0,360.0,5.0
2021-03-28,6,8.7,87.8,3.0,270.0,6.0
2021-03-28,9,7.6,94.0,3.0,320.0,2.5
2021-03-28,12,10.6,87.4,1.0,230.0,9.0
2021-03-28,15,8.8,90.3,3.0,230.0,9.0
2021-03-28,18,9.2,90.3,0.0,0.0,9.0
2021-03-28,21,10.4,89.8,2.0,140.0,6.0
2021-03-29,0,8.0,94.0,5.0,230.0,1.5
2021-03-29,3,5.8,95.3,5.0,270.0,3.5
2021-03-29,6,5.5,90.7,3.0,270.0,4.5
2021-03-29,9,7.2,89.6,1.0,270.0,9.0
2021-03-29,12,11.1,78.5,2.0,230.0,5.0
2021-03-29,15,10.7,78.4,3.0,230.0,6.0
2021-03-29,18,10.0,76.7,4.0,230.0,6.0
2021-03-29,21,7.6,68.1,4.0,230.0,14.0
2021-03-30,0,6.6,67.9,3.0,270.0,15.0
2021-03-30,3,6.0,72.8,1.0,270.0,15.0
2021-03-30,6,4.7,77.5,0.0,0.0,17.0
2021-03-30,9,7.5,77.4,0.0,0.0,17.0
2021-03-30,12,12.2,63.1,3.0,270.0,17.0
2021-03-30,15,14.1,61.4,5.0,230.0,18.0
2021-03-30,18,13.2,55.5,3.0,230.0,17.0
2021-03-30,21,8.8,68.8,1.0,270.0,17.0
2021-03-31,0,9.6,61.2,0.0,0.0,17.0
2021-03-31,3,6.2,72.9,2.0,90.0,17.0
2021-03-31,6,5.1,82.1,2.0,90.0,14.0
2021-03-31,9,6.7,87.7,2.0,140.0,9.0
2021-03-31,12,14.4,68.1,1.0,50.0,9.0
2021-03-31,15,18.0,62.3,1.0,180.0,9.0
2021-03-31,18,17.7,56.7,1.0,320.0,9.0
2021-03-31,21,11.4,68.4,1.0,270.0,9.0
2021-04-01,0,10.2,70.6,0.0,0.0,7.0
2021-04-01,3,9.2,69.4,0.0,0.0,7.0
2021-04-01,6,7.4,78.4,2.0,90.0,7.0
2021-04-01,9,11.4,75.9,1.0,50.0,11.0
2021-04-01,12,17.9,65.3,3.0,90.0,11.0
2021-04-01,15,21.3,54.3,4.0,140.0,14.0
2021-04-01,18,21.3,50.8,1.0,140.0,16.0
2021-04-01,21,15.9,61.8,5.0,50.0,16.0
2021-04-02,0,12.4,71.0,3.0,50.0,16.0
2021-04-02,3,11.8,70.9,3.0,140.0,15.0
2021-04-02,6,11.6,70.9,2.0,50.0,13.0
2021-04-02,9,13.6,68.9,3.0,90.0,15.0
2021-04-02,12,18.0,60.7,3.0,50.0,16.0
2021-04-02,15,19.6,65.7,1.0,70.0,17.0
2021-04-02,18,17.1,64.2,1.0,250.0,16.0
2021-04-02,21,13.4,65.2,3.0,230.0,15.0
2021-04-03,0,12.2,63.1,3.0,320.0,15.0
2021-04-03,3,9.5,70.0,1.0,320.0,12.0
2021-04-03,6,9.5,96.0,2.0,50.0,9.0
2021-04-03,9,10.0,94.1,2.0,50.0,4.5
2021-04-03,12,10.4,91.0,2.0,50.0,4.5
2021-04-03,15,9.9,91.6,6.0,50.0,9.0
2021-04-03,18,10.0,93.5,5.0,360.0,9.0
2021-04-03,21,9.8,92.2,7.0,50.0,9.0
2021-04-04,0,9.0,87.9,9.0,50.0,11.0
2021-04-04,3,8.7,83.7,7.0,360.0,13.0
2021-04-04,6,7.2,76.8,6.0,50.0,15.0
2021-04-04,9,8.4,75.4,3.0,360.0,18.0
2021-04-04,12,12.2,72.0,1.0,50.0,19.0
2021-04-04,15,13.8,68.4,2.0,20.0,18.0
2021-04-04,18,13.4,60.0,3.0,50.0,18.0
2021-04-04,21,8.8,74.4,3.0,90.0,18.0
2021-04-05,0,7.1,78.4,1.0,90.0,17.0
2021-04-05,3,6.5,90.8,1.0,230.0,16.0
2021-04-05,6,5.3,88.8,2.0,270.0,15.0
2021-04-05,9,9.2,75.5,0.0,0.0,15.0
2021-04-05,12,13.0,66.9,2.0,140.0,16.0
2021-04-05,15,16.9,57.6,2.0,270.0,17.0
2021-04-05,18,12.2,59.3,5.0,270.0,17.0
2021-04-05,21,9.2,72.4,3.0,340.0,16.0
2021-04-06,0,9.2,64.7,0.0,0.0,16.0
2021-04-06,3,8.1,78.5,0.0,0.0,15.0
2021-04-06,6,7.7,81.9,2.0,90.0,15.0
2021-04-06,9,9.4,79.8,1.0,140.0,11.0
2021-04-06,12,13.6,72.7,6.0,250.0,11.0
2021-04-06,15,15.4,69.2,3.0,230.0,12.0
2021-04-06,18,13.7,70.8,5.0,230.0,11.0
2021-04-06,21,9.7,83.8,5.0,230.0,9.0
2021-04-07,0,9.5,75.0,2.0,230.0,9.0
2021-04-07,3,9.1,77.1,0.0,0.0,9.0
2021-04-07,6,7.1,92.1,1.0,230.0,9.0
2021-04-07,9,9.9,85.0,2.0,270.0,9.0
2021-04-07,12,15.4,78.1,1.0,230.0,9.0
2021-04-07,15,16.9,60.0,1.0,290.0,18.0
2021-04-07,18,12.5,68.2,3.0,270.0,15.0
2021-04-07,21,10.6,65.0,4.0,270.0,15.0
2021-04-08,0,10.5,46.4,3.0,320.0,15.0
2021-04-08,3,8.6,57.1,2.0,320.0,15.0
2021-04-08,6,7.1,54.7,1.0,270.0,15.0
2021-04-08,9,9.8,57.0,1.0,320.0,18.0
2021-04-08,12,12.4,58.5,3.0,230.0,18.0
2021-04-08,15,13.6,56.0,2.0,270.0,18.0
2021-04-08,18,12.0,54.0,7.0,270.0,18.0
2021-04-08,21,9.6,63.0,7.0,270.0,17.0
2021-04-09,0,7.8,72.6,1.0,270.0,15.0
2021-04-09,3,7.9,67.7,4.0,90.0,15.0
2021-04-09,6,5.2,73.7,1.0,50.0,15.0
2021-04-09,9,8.8,74.4,2.0,50.0,13.0
2021-04-09,12,13.2,67.9,2.0,50.0,13.0
2021-04-09,15,16.0,46.7,1.0,140.0,18.0
2021-04-09,18,15.0,55.6,3.0,270.0,18.0
2021-04-09,21,10.8,55.7,2.0,270.0,18.0
2021-04-10,0,8.8,77.0,0.0,0.0,17.0
2021-04-10,3,7.2,82.9,3.0,90.0,17.0
2021-04-10,6,5.6,88.8,2.0,90.0,14.0
2021-04-10,9,9.6,81.0,3.0,90.0,14.0
2021-04-10,12,15.4,73.0,1.0,90.0,15.0
2021-04-10,15,16.9,63.8,5.0,230.0,17.0
2021-04-10,18,13.2,66.5,4.0,290.0,14.0
2021-04-10,21,11.1,86.9,2.0,320.0,15.0
2021-04-11,0,9.3,92.8,1.0,140.0,15.0
2021-04-11,3,8.4,84.3,0.0,0.0,15.0
2021-04-11,6,7.2,91.4,1.0,180.0,9.0
2021-04-11,9,9.3,87.9,1.0,90.0,9.0
2021-04-11,12,15.7,74.6,1.0,90.0,13.0
2021-04-11,15,17.2,71.9,1.0,180.0,15.0
2021-04-11,18,15.9,68.4,3.0,270.0,15.0
2021-04-11,21,13.0,84.8,0.0,0.0,15.0
2021-04-12,0,12.1,84.1,0.0,0.0,15.0
2021-04-12,3,11.2,92.3,1.0,90.0,13.0
2021-04-12,6,11.6,88.7,3.0,70.0,9.0
2021-04-12,9,12.2,89.3,4.0,90.0,8.0
2021-04-12,12,14.0,75.3,2.0,90.0,11.0
2021-04-12,15,14.0,75.8,2.0,90.0,11.0
2021-04-12,18,11.0,91.7,3.0,90.0,8.0
2021-04-12,21,10.3,93.5,2.0,50.0,7.0
2021-04-13,0,10.1,96.1,4.0,50.0,7.0
2021-04-13,3,10.0,94.1,4.0,320.0,8.0
2021-04-13,6,7.2,85.9,7.0,320.0,8.0
2021-04-13,9,6.5,79.4,8.0,320.0,13.0
2021-04-13,12,7.8,80.2,6.0,320.0,16.0
2021-04-13,15,8.9,70.3,10.0,320.0,19.0
2021-04-13,18,8.0,71.7,10.0,320.0,17.0
2021-04-13,21,6.2,75.0,8.0,320.0,19.0
2021-04-14,0,6.3,70.3,9.0,320.0,18.0
2021-04-14,3,4.8,73.1,2.0,320.0,18.0
2021-04-14,6,3.3,78.9,1.0,270.0,18.0
2021-04-14,9,7.1,74.6,1.0,230.0,17.0
2021-04-14,12,10.1,68.2,8.0,250.0,18.0
2021-04-14,15,10.7,73.7,8.0,230.0,18.0
2021-04-14,18,10.4,78.4,5.0,270.0,11.0
2021-04-14,21,8.8,77.0,3.0,320.0,14.0
2021-04-15,0,7.1,79.5,0.0,0.0,14.0
2021-04-15,3,5.8,81.6,2.0,140.0,13.0
2021-04-15,6,5.3,88.8,2.0,140.0,13.0
2021-04-15,9,8.5,83.7,2.0,140.0,16.0
2021-04-15,12,13.9,74.3,2.0,180.0,15.0
2021-04-15,15,16.6,67.7,5.0,230.0,15.0
2021-04-15,18,15.8,56.2,2.0,270.0,17.0
2021-04-15,21,11.1,68.8,1.0,90.0,15.0
2021-04-16,0,9.2,78.2,1.0,140.0,15.0
2021-04-16,3,9.8,69.5,4.0,140.0,12.0
2021-04-16,6,9.4,83.2,3.0,140.0,11.0
2021-04-16,9,10.8,85.1,5.0,230.0,11.0
2021-04-16,12,12.1,81.9,7.0,230.0,9.0
2021-04-16,15,13.4,61.7,8.0,270.0,12.0
2021-04-16,18,12.6,59.8,8.0,230.0,17.0
2021-04-16,21,9.6,73.0,5.0,270.0,18.0
2021-04-17,0,9.4,78.7,1.0,230.0,17.0
2021-04-17,3,10.6,71.2,6.0,180.0,15.0
2021-04-17,6,11.0,71.7,6.0,230.0,11.0
2021-04-17,9,10.4,76.2,7.0,230.0,11.0
2021-04-17,12,12.0,78.6,6.0,230.0,11.0
2021-04-17,15,12.6,59.0,4.0,270.0,12.0
2021-04-17,18,10.6,62.7,4.0,320.0,13.0
2021-04-17,21,8.1,78.5,8.0,270.0,16.0
2021-04-18,0,7.9,75.8,8.0,320.0,18.0
2021-04-18,3,7.2,79.5,5.0,320.0,18.0
2021-04-18,6,6.6,86.4,4.0,320.0,15.0
2021-04-18,9,9.3,80.4,2.0,320.0,16.0
2021-04-18,12,12.2,69.1,2.0,320.0,18.0
2021-04-18,15,13.8,68.4,5.0,270.0,18.0
2021-04-18,18,11.6,75.4,2.0,270.0,16.0
2021-04-18,21,9.6,77.7,3.0,270.0,17.0
2021-04-19,0,8.5,79.2,1.0,50.0,15.0
2021-04-19,3,6.3,78.8,3.0,90.0,15.0
2021-04-19,6,5.9,87.0,2.0,90.0,15.0
2021-04-19,9,11.0,84.5,2.0,90.0,11.0
2021-04-19,12,17.9,59.9,1.0,250.0,12.0
2021-04-19,15,19.3,56.3,4.0,270.0,15.0
2021-04-19,18,18.0,59.1,2.0,270.0,12.0
2021-04-19,21,14.1,65.8,1.0,270.0,15.0
2021-04-20,0,13.7,66.1,0.0,0.0,13.0
2021-04-20,3,9.8,84.4,3.0,90.0,13.0
2021-04-20,6,8.4,86.0,3.0,90.0,13.0
2021-04-20,9,11.6,84.6,3.0,90.0,11.0
2021-04-20,12,17.1,75.8,4.0,90.0,11.0
2021-04-20,15,22.3,65.0,2.0,230.0,12.0
2021-04-20,18,16.3,77.2,4.0,250.0,11.0
2021-04-20,21,13.6,84.8,3.0,270.0,11.0
2021-04-21,0,12.2,89.3,1.0,90.0,11.0
2021-04-21,3,11.4,89.3,1.0,50.0,8.0
2021-04-21,6,10.5,90.4,1.0,50.0,8.0
2021-04-21,9,14.1,83.8,1.0,90.0,8.0
2021-04-21,12,19.9,67.9,1.0,90.0,11.0
2021-04-21,15,24.7,55.5,1.0,230.0,16.0
2021-04-21,18,19.2,69.1,3.0,270.0,13.0
2021-04-21,21,13.8,77.3,4.0,270.0,14.0
2021-04-22,0,12.8,83.1,1.0,230.0,14.0
2021-04-22,3,12.7,87.0,2.0,180.0,12.0
2021-04-22,6,12.4,88.2,0.0,0.0,12.0
2021-04-22,9,15.5,69.3,3.0,50.0,15.0
2021-04-22,12,20.4,71.6,1.0,50.0,13.0
2021-04-22,15,24.2,61.0,0.0,0.0,15.0
2021-04-22,18,16.4,81.9,1.0,320.0,15.0
2021-04-22,21,15.0,65.5,2.0,230.0,14.0
2021-04-23,0,15.5,65.2,3.0,230.0,14.0
2021-04-23,3,13.4,83.7,1.0,90.0,11.0
2021-04-23,6,13.2,80.4,4.0,50.0,11.0
2021-04-23,9,14.0,80.5,1.0,50.0,12.0
2021-04-23,12,17.6,85.8,2.0,50.0,14.0
2021-04-23,15,19.7,64.0,1.0,230.0,15.0
2021-04-23,18,17.2,69.6,1.0,90.0,11.0
2021-04-23,21,13.4,90.6,1.0,230.0,11.0
2021-04-24,0,14.2,87.8,1.0,50.0,12.0
2021-04-24,3,13.2,82.6,5.0,50.0,13.0
2021-04-24,6,13.5,79.9,1.0,270.0,13.0
2021-04-24,9,13.4,87.1,0.0,0.0,13.0
2021-04-24,12,17.1,75.8,0.0,0.0,18.0
2021-04-24,15,19.1,69.5,2.0,270.0,18.0
2021-04-24,18,18.9,71.3,3.0,230.0,18.0
2021-04-24,21,13.8,79.9,3.0,270.0,18.0
2021-04-25,0,12.6,82.5,4.0,230.0,18.0
2021-04-25,3,11.2,86.9,1.0,320.0,15.0
2021-04-25,6,9.8,91.6,2.0,50.0,13.0
2021-04-25,9,14.5,82.2,2.0,50.0,16.0
2021-04-25,12,18.7,59.7,2.0,90.0,18.0
2021-04-25,15,22.4,53.5,2.0,140.0,19.0
2021-04-25,18,20.5,58.5,4.0,270.0,18.0
2021-04-25,21,14.3,74.3,3.0,230.0,18.0
2021-04-26,0,12.7,78.7,4.0,320.0,18.0
2021-04-26,3,11.3,81.2,1.0,90.0,16.0
2021-04-26,6,9.8,86.8,1.0,90.0,15.0
2021-04-26,9,15.2,80.7,3.0,50.0,16.0
2021-04-26,12,20.2,70.6,2.0,140.0,17.0
2021-04-26,15,18.3,76.5,4.0,270.0,15.0
2021-04-26,18,17.0,65.1,3.0,230.0,16.0
2021-04-26,21,14.1,74.8,1.0,140.0,13.0
2021-04-27,0,12.6,67.3,3.0,50.0,15.0
2021-04-27,3,12.8,87.6,3.0,50.0,13.0
2021-04-27,6,12.1,93.0,1.0,50.0,12.0
2021-04-27,9,12.5,88.8,1.0,90.0,13.0
2021-04-27,12,15.3,86.7,1.0,50.0,13.0
2021-04-27,15,14.8,76.9,3.0,230.0,15.0
2021-04-27,18,13.2,94.3,1.0,140.0,13.0
2021-04-27,21,13.0,89.4,4.0,230.0,13.0
2021-04-28,0,12.2,89.3,3.0,270.0,6.0
2021-04-28,3,10.8,89.2,7.0,270.0,6.0
2021-04-28,6,8.6,88.4,2.0,320.0,7.0
2021-04-28,9,12.6,77.6,3.0,230.0,9.0
2021-04-28,12,16.5,64.5,2.0,230.0,13.0
2021-04-28,15,19.7,54.6,3.0,270.0,15.0
2021-04-28,18,16.7,62.0,3.0,270.0,13.0
2021-04-28,21,12.7,68.7,1.0,270.0,11.0
2021-04-29,0,10.4,79.4,1.0,270.0,11.0
2021-04-29,3,9.3,85.5,0.0,0.0,11.0
2021-04-29,6,8.8,86.7,2.0,50.0,12.0
2021-04-29,9,10.1,85.6,0.0,0.0,11.0
2021-04-29,12,14.5,75.9,2.0,50.0,13.0
2021-04-29,15,17.4,71.5,2.0,50.0,15.0
2021-04-29,18,16.4,70.4,2.0,140.0,12.0
2021-04-29,21,14.3,74.8,2.0,140.0,12.0
2021-04-30,0,13.4,76.2,3.0,140.0,11.0
2021-04-30,3,10.5,89.8,1.0,230.0,11.0
2021-04-30,6,9.8,89.1,1.0,50.0,9.0
2021-04-30,9,9.9,86.8,4.0,230.0,4.5
2021-04-30,12,11.2,84.0,3.0,230.0,13.0
2021-04-30,15,12.1,87.6,5.0,230.0,15.0
2021-04-30,18,10.5,87.4,3.0,270.0,15.0
2021-04-30,21,9.4,85.5,3.0,230.0,15.0
2021-05-01,0,8.7,85.5,4.0,230.0,13.0
2021-05-01,3,8.8,78.7,3.0,270.0,14.0
2021-05-01,6,7.3,75.2,2.0,50.0,15.0
2021-05-01,9,8.1,89.6,1.0,180.0,11.0
2021-05-01,12,10.4,87.4,4.0,270.0,12.0
2021-05-01,15,8.6,88.4,2.0,360.0,11.0
2021-05-01,18,8.2,89.0,6.0,320.0,11.0
2021-05-01,21,7.6,90.8,2.0,360.0,9.0
2021-05-02,0,7.4,91.4,2.0,20.0,11.0
2021-05-02,3,7.6,88.4,1.0,320.0,13.0
2021-05-02,6,7.8,91.5,0.0,0.0,15.0
2021-05-02,9,11.5,88.7,0.0,0.0,15.0
2021-05-02,12,14.0,75.3,3.0,230.0,16.0
2021-05-02,15,15.4,73.0,5.0,270.0,17.0
2021-05-02,18,14.4,69.5,6.0,270.0,15.0
2021-05-02,21,11.9,70.9,4.0,230.0,15.0
2021-05-03,0,10.8,71.2,4.0,270.0,15.0
2021-05-03,3,9.0,78.1,3.0,140.0,15.0
2021-05-03,6,7.2,83.5,2.0,140.0,15.0
2021-05-03,9,11.4,80.1,2.0,90.0,16.0
2021-05-03,12,18.3,65.4,4.0,230.0,17.0
2021-05-03,15,19.6,57.5,1.0,230.0,17.0
2021-05-03,18,17.7,63.1,1.0,270.0,17.0
2021-05-03,21,14.1,65.8,1.0,180.0,15.0
2021-05-04,0,12.0,74.9,2.0,90.0,15.0
2021-05-04,3,11.2,76.9,2.0,90.0,12.0
2021-05-04,6,10.4,85.1,4.0,90.0,11.0
2021-05-04,9,10.7,88.6,1.0,50.0,8.0
2021-05-04,12,12.7,89.4,1.0,50.0,11.0
2021-05-04,15,13.4,91.8,1.0,230.0,13.0
2021-05-04,18,11.1,93.5,1.0,230.0,6.0
2021-05-04,21,11.2,92.3,1.0,140.0,7.0
2021-05-05,0,9.8,88.5,6.0,270.0,13.0
2021-05-05,3,9.5,86.7,3.0,270.0,13.0
2021-05-05,6,8.8,92.8,1.0,270.0,13.0
2021-05-05,9,10.8,87.4,4.0,270.0,11.0
2021-05-05,12,14.8,70.1,5.0,270.0,14.0
2021-05-05,15,16.3,62.4,8.0,270.0,16.0
2021-05-05,18,16.6,62.9,8.0,230.0,16.0
2021-05-05,21,13.2,63.8,1.0,50.0,15.0
2021-05-06,0,13.2,63.8,1.0,50.0,16.0
2021-05-06,3,11.8,73.9,4.0,90.0,14.0
2021-05-06,6,12.8,71.1,2.0,120.0,14.0
2021-05-06,9,16.6,73.7,4.0,90.0,15.0
2021-05-06,12,20.5,71.6,2.0,50.0,15.0
2021-05-06,15,20.6,73.0,2.0,50.0,15.0
2021-05-06,18,18.9,67.2,1.0,50.0,14.0
2021-05-06,21,15.7,70.7,2.0,50.0,15.0
2021-05-07,0,14.7,68.6,4.0,50.0,15.0
2021-05-07,3,15.4,70.2,4.0,230.0,15.0
2021-05-07,6,14.8,81.1,11.0,140.0,11.0
2021-05-07,9,14.4,80.0,11.0,230.0,9.0
2021-05-07,12,13.4,82.0,10.0,270.0,3.5
2021-05-07,15,14.6,75.4,11.0,270.0,2.5
2021-05-07,18,13.8,74.2,7.0,270.0,3.0
2021-05-07,21,13.0,74.6,4.0,270.0,3.0
2021-05-08,0,12.8,73.1,3.0,230.0,12.0
2021-05-08,3,14.2,66.2,3.0,230.0,16.0
2021-05-08,6,11.0,80.1,3.0,90.0,15.0
2021-05-08,9,15.2,77.5,1.0,50.0,11.0
2021-05-08,12,19.1,71.8,5.0,230.0,11.0
2021-05-08,15,15.5,75.0,8.0,270.0,4.5
2021-05-08,18,16.5,72.3,5.0,270.0,9.0
2021-05-08,21,13.8,74.2,2.0,360.0,13.0
2021-05-09,0,11.2,85.1,1.0,320.0,15.0
2021-05-09,3,10.4,79.4,3.0,270.0,16.0
2021-05-09,6,10.0,83.3,3.0,270.0,16.0
2021-05-09,9,14.0,78.9,3.0,230.0,17.0
2021-05-09,12,18.1,60.3,4.0,270.0,18.0
2021-05-09,15,19.7,58.3,4.0,320.0,19.0
2021-05-09,18,18.6,57.7,5.0,140.0,18.0
2021-05-09,21,14.2,69.0,1.0,320.0,16.0
2021-05-10,0,13.7,68.9,2.0,320.0,16.0
2021-05-10,3,12.6,67.7,3.0,140.0,15.0
2021-05-10,6,12.2,70.5,2.0,90.0,15.0
2021-05-10,9,12.8,83.1,1.0,230.0,15.0
2021-05-10,12,18.0,70.7,2.0,90.0,17.0
2021-05-10,15,20.4,65.8,2.0,320.0,18.0
2021-05-10,18,17.3,75.8,3.0,290.0,18.0
2021-05-10,21,13.0,85.9,3.0,230.0,15.0
2021-05-11,0,11.5,91.1,3.0,230.0,15.0
2021-05-11,3,10.8,91.1,0.0,0.0,16.0
2021-05-11,6,9.5,93.5,1.0,90.0,8.0
2021-05-11,9,14.3,83.8,2.0,90.0,9.0
2021-05-11,12,20.6,68.5,1.0,90.0,15.0
2021-05-11,15,24.9,61.5,1.0,50.0,17.0
2021-05-11,18,25.5,56.4,1.0,140.0,17.0
2021-05-11,21,19.9,68.8,1.0,320.0,17.0
2021-05-12,0,17.9,74.5,1.0,50.0,17.0
2021-05-12,3,17.3,75.8,1.0,90.0,12.0
2021-05-12,6,14.4,88.9,1.0,50.0,9.0
2021-05-12,9,15.6,81.8,3.0,90.0,13.0
2021-05-12,12,19.5,72.8,3.0,90.0,17.0
2021-05-12,15,21.8,67.0,2.0,50.0,17.0
2021-05-12,18,21.9,72.8,4.0,230.0,17.0
2021-05-12,21,17.9,80.0,3.0,230.0,18.0
2021-05-13,0,15.9,90.2,1.0,270.0,13.0
2021-05-13,3,15.6,89.0,1.0,230.0,15.0
2021-05-13,6,15.7,90.2,1.0,270.0,17.0
2021-05-13,9,17.2,76.8,0.0,0.0,16.0
2021-05-13,12,22.2,70.6,2.0,140.0,16.0
2021-05-13,15,24.1,74.1,1.0,230.0,17.0
2021-05-13,18,21.9,71.0,3.0,320.0,15.0
2021-05-13,21,18.7,73.2,2.0,230.0,15.0
2021-05-14,0,16.9,89.7,0.0,0.0,15.0
2021-05-14,3,15.9,87.9,0.0,0.0,14.0
2021-05-14,6,15.7,85.6,0.0,0.0,8.0
2021-05-14,9,18.4,87.6,2.0,90.0,6.0
2021-05-14,12,24.1,66.6,2.0,90.0,11.0
2021-05-14,15,26.9,70.1,2.0,140.0,14.0
2021-05-14,18,24.5,68.4,4.0,230.0,15.0
2021-05-14,21,20.1,80.3,5.0,270.0,14.0
2021-05-15,0,18.0,82.1,0.0,0.0,11.0
2021-05-15,3,18.7,88.7,0.0,0.0,7.0
2021-05-15,6,18.8,89.3,1.0,90.0,11.0
2021-05-15,9,20.5,86.1,1.0,50.0,12.0
2021-05-15,12,25.2,74.3,1.0,50.0,13.0
2021-05-15,15,23.2,78.7,2.0,230.0,13.0
2021-05-15,18,22.0,79.5,2.0,140.0,12.0
2021-05-15,21,18.0,90.9,3.0,230.0,7.0
2021-05-16,0,18.8,89.3,1.0,230.0,9.0
2021-05-16,3,19.4,90.5,1.0,50.0,9.0
2021-05-16,6,19.4,92.2,1.0,50.0,7.0
2021-05-16,9,19.5,90.5,2.0,50.0,6.0
2021-05-16,12,17.5,98.1,3.0,50.0,3.5
2021-05-16,15,14.8,91.9,5.0,50.0,6.0
2021-05-16,18,14.0,93.1,4.0,90.0,9.0
2021-05-16,21,13.8,90.1,5.0,50.0,13.0
2021-05-17,0,13.4,87.1,2.0,50.0,13.0
2021-05-17,3,13.4,85.4,0.0,0.0,15.0
2021-05-17,6,12.6,87.0,1.0,50.0,17.0
2021-05-17,9,16.2,79.2,1.0,320.0,18.0
2021-05-17,12,19.5,75.2,1.0,320.0,18.0
2021-05-17,15,20.3,73.4,2.0,230.0,17.0
2021-05-17,18,20.9,68.5,3.0,230.0,18.0
2021-05-17,21,17.1,70.5,3.0,270.0,16.0
2021-05-18,0,15.7,73.6,0.0,0.0,15.0
2021-05-18,3,13.9,88.9,1.0,50.0,15.0
2021-05-18,6,12.6,90.6,1.0,50.0,13.0
2021-05-18,9,17.2,83.6,2.0,90.0,15.0
2021-05-18,12,22.7,64.2,1.0,320.0,15.0
2021-05-18,15,24.1,63.7,4.0,230.0,16.0
2021-05-18,18,21.9,67.9,4.0,230.0,14.0
2021-05-18,21,18.4,72.2,2.0,270.0,15.0
2021-05-19,0,17.5,75.9,1.0,320.0,13.0
2021-05-19,3,15.5,83.9,3.0,90.0,14.0
2021-05-19,6,13.8,87.1,2.0,140.0,11.0
2021-05-19,9,18.1,82.1,2.0,50.0,13.0
2021-05-19,12,24.2,66.2,1.0,140.0,17.0
2021-05-19,15,24.6,65.1,7.0,230.0,17.0
2021-05-19,18,24.8,60.7,2.0,230.0,18.0
2021-05-19,21,20.4,72.5,1.0,320.0,17.0
2021-05-20,0,19.1,75.6,1.0,320.0,16.0
2021-05-20,3,16.7,82.5,0.0,0.0,15.0
2021-05-20,6,15.7,87.9,1.0,50.0,15.0
2021-05-20,9,16.9,88.0,2.0,50.0,9.0
2021-05-20,12,18.7,81.7,2.0,140.0,11.0
2021-05-20,15,19.4,80.7,1.0,90.0,11.0
2021-05-20,18,18.7,85.9,3.0,50.0,11.0
2021-05-20,21,15.0,89.0,4.0,90.0,7.0
2021-05-21,0,14.0,93.1,5.0,50.0,6.0
2021-05-21,3,15.0,84.4,8.0,50.0,6.0
2021-05-21,6,15.3,85.0,2.0,50.0,13.0
2021-05-21,9,15.8,79.2,0.0,0.0,15.0
2021-05-21,12,19.5,75.2,3.0,360.0,18.0
2021-05-21,15,20.9,73.1,4.0,320.0,18.0
2021-05-21,18,19.2,74.7,3.0,320.0,18.0
2021-05-21,21,16.6,83.5,1.0,320.0,18.0
2021-05-22,0,15.9,75.6,1.0,90.0,16.0
2021-05-22,3,14.1,74.8,0.0,0.0,15.0
2021-05-22,6,14.4,89.5,0.0,0.0,16.0
2021-05-22,9,17.6,88.1,2.0,140.0,12.0
2021-05-22,12,21.9,70.5,1.0,180.0,17.0
2021-05-22,15,22.6,69.3,4.0,270.0,18.0
2021-05-22,18,22.1,71.9,4.0,270.0,15.0
2021-05-22,21,18.9,75.1,1.0,270.0,15.0
2021-05-23,0,18.4,81.1,0.0,0.0,15.0
2021-05-23,3,16.1,87.4,0.0,0.0,15.0
2021-05-23,6,15.5,90.2,2.0,90.0,15.0
2021-05-23,9,17.4,83.1,3.0,140.0,13.0
2021-05-23,12,22.1,74.7,1.0,50.0,16.0
2021-05-23,15,24.4,67.5,3.0,230.0,17.0
2021-05-23,18,21.0,69.9,2.0,320.0,18.0
2021-05-23,21,19.5,80.2,3.0,230.0,14.0
2021-05-24,0,15.0,91.9,6.0,320.0,11.0
2021-05-24,3,14.4,90.7,3.0,230.0,11.0
2021-05-24,6,13.9,93.1,2.0,270.0,11.0
2021-05-24,9,14.6,89.5,1.0,320.0,8.0
2021-05-24,12,19.0,77.1,0.0,0.0,8.0
2021-05-24,15,20.5,74.0,5.0,270.0,5.0
2021-05-24,18,21.3,68.2,2.0,230.0,11.0
2021-05-24,21,16.3,78.2,5.0,270.0,11.0
2021-05-25,0,14.0,80.0,0.0,0.0,14.0
2021-05-25,3,15.9,74.1,3.0,230.0,13.0
2021-05-25,6,11.2,92.3,3.0,270.0,12.0
2021-05-25,9,13.9,76.8,0.0,0.0,16.0
2021-05-25,12,16.3,79.2,5.0,230.0,18.0
2021-05-25,15,18.1,73.5,4.0,230.0,18.0
2021-05-25,18,15.5,69.7,4.0,230.0,17.0
2021-05-25,21,15.6,71.6,4.0,230.0,16.0
2021-05-26,0,15.6,60.9,0.0,0.0,15.0
2021-05-26,3,11.9,74.4,4.0,90.0,15.0
2021-05-26,6,12.0,79.7,3.0,320.0,15.0
2021-05-26,9,16.7,77.2,4.0,50.0,17.0
2021-05-26,12,21.8,74.6,8.0,230.0,15.0
2021-05-26,15,22.1,69.2,8.0,180.0,15.0
2021-05-26,18,19.9,78.7,3.0,230.0,13.0
2021-05-26,21,18.3,83.2,3.0,180.0,15.0
2021-05-27,0,17.5,84.2,2.0,320.0,15.0
2021-05-27,3,15.5,96.2,2.0,90.0,4.5
2021-05-27,6,15.3,96.8,2.0,90.0,7.0
2021-05-27,9,14.4,93.1,4.0,230.0,2.1
2021-05-27,12,15.0,89.0,4.0,270.0,11.0
2021-05-27,15,18.2,81.1,5.0,230.0,17.0
2021-05-27,18,19.6,71.4,3.0,230.0,18.0
2021-05-27,21,16.4,82.4,1.0,140.0,18.0
2021-05-28,0,16.0,85.1,1.0,90.0,13.0
2021-05-28,3,16.6,80.3,5.0,140.0,11.0
2021-05-28,6,15.3,83.9,5.0,180.0,11.0
2021-05-28,9,16.3,82.4,5.0,140.0,16.0
2021-05-28,12,19.4,76.2,6.0,140.0,17.0
2021-05-28,15,15.9,87.3,11.0,230.0,6.0
2021-05-28,18,17.1,83.6,6.0,320.0,14.0
2021-05-28,21,16.0,82.9,7.0,320.0,17.0
2021-05-29,0,15.7,81.8,5.0,320.0,16.0
2021-05-29,3,14.0,90.1,4.0,320.0,15.0
2021-05-29,6,12.8,91.8,0.0,0.0,17.0
2021-05-29,9,15.2,81.7,4.0,270.0,17.0
2021-05-29,12,14.6,81.1,2.0,230.0,11.0
2021-05-29,15,13.8,79.9,1.0,230.0,13.0
2021-05-29,18,14.2,90.7,2.0,140.0,18.0
2021-05-29,21,13.4,89.4,1.0,140.0,17.0
2021-05-30,0,12.6,92.4,1.0,140.0,16.0
2021-05-30,3,11.0,92.3,1.0,140.0,4.7
2021-05-30,6,10.8,93.5,1.0,50.0,0.0
2021-05-30,9,11.9,90.5,3.0,90.0,0.0
2021-05-30,12,18.5,83.7,2.0,50.0,15.0
2021-05-30,15,23.1,68.1,1.0,90.0,17.0
2021-05-30,18,21.1,80.9,1.0,230.0,15.0
2021-05-30,21,17.7,82.0,0.0,0.0,15.0
2021-05-31,0,18.3,88.1,2.0,140.0,15.0
2021-05-31,3,17.5,89.8,2.0,140.0,15.0
2021-05-31,6,16.5,88.5,2.0,90.0,15.0
2021-05-31,9,17.7,83.1,3.0,50.0,15.0
2021-05-31,12,19.0,82.7,2.0,50.0,15.0
2021-05-31,15,21.4,81.0,2.0,140.0,16.0
2021-05-31,18,22.2,80.6,3.0,140.0,16.0
2021-05-31,21,19.6,83.9,4.0,140.0,17.0
2021-06-01,0,18.7,91.0,4.0,140.0,15.0
2021-06-01,3,16.8,88.6,3.0,50.0,9.0
2021-06-01,6,14.6,96.8,2.0,50.0,9.0
2021-06-01,9,16.5,88.5,3.0,140.0,17.0
2021-06-01,12,18.1,83.2,1.0,50.0,17.0
2021-06-01,15,17.7,88.1,3.0,90.0,12.0
2021-06-01,18,19.5,83.9,2.0,90.0,14.0
2021-06-01,21,17.7,90.9,2.0,90.0,12.0
2021-06-02,0,16.5,91.4,1.0,90.0,11.0
2021-06-02,3,15.7,92.6,3.0,90.0,11.0
2021-06-02,6,15.3,90.2,1.0,90.0,12.0
2021-06-02,9,18.5,83.7,2.0,90.0,12.0
2021-06-02,12,23.3,82.7,2.0,90.0,15.0
2021-06-02,15,26.4,72.7,3.0,50.0,16.0
2021-06-02,18,25.3,72.0,2.0,230.0,17.0
2021-06-02,21,21.7,80.5,0.0,0.0,15.0
2021-06-03,0,20.1,80.3,4.0,140.0,15.0
2021-06-03,3,19.9,91.1,2.0,140.0,14.0
2021-06-03,6,18.9,90.4,1.0,140.0,15.0
2021-06-03,9,18.8,92.2,3.0,140.0,9.0
2021-06-03,12,18.7,97.5,1.0,230.0,6.0
2021-06-03,15,18.7,92.2,2.0,270.0,4.5
2021-06-03,18,16.7,91.4,2.0,270.0,4.5
2021-06-03,21,16.7,89.1,2.0,140.0,9.0
2021-06-04,0,15.3,92.5,4.0,230.0,11.0
2021-06-04,3,14.1,94.3,3.0,230.0,14.0
2021-06-04,6,14.0,91.9,2.0,140.0,15.0
2021-06-04,9,18.6,75.1,3.0,230.0,17.0
2021-06-04,12,21.4,70.0,6.0,230.0,18.0
2021-06-04,15,24.2,62.5,8.0,230.0,19.0
2021-06-04,18,23.8,59.3,10.0,230.0,18.0
2021-06-04,21,21.4,59.5,7.0,230.0,17.0
2021-06-05,0,18.8,78.6,4.0,230.0,16.0
2021-06-05,3,17.1,81.4,2.0,140.0,15.0
2021-06-05,6,14.7,90.1,1.0,140.0,16.0
2021-06-05,9,20.0,80.3,1.0,140.0,11.0
2021-06-05,12,24.1,67.0,3.0,230.0,17.0
2021-06-05,15,25.0,62.3,5.0,230.0,17.0
2021-06-05,18,23.9,63.7,6.0,270.0,15.0
2021-06-05,21,20.5,67.1,3.0,320.0,15.0
2021-06-06,0,19.1,70.0,2.0,270.0,15.0
2021-06-06,3,17.4,76.8,5.0,90.0,13.0
2021-06-06,6,15.7,87.9,3.0,140.0,14.0
2021-06-06,9,19.7,73.8,3.0,90.0,16.0
2021-06-06,12,24.7,73.7,3.0,140.0,15.0
2021-06-06,15,28.0,69.1,1.0,270.0,15.0
2021-06-06,18,26.8,63.9,2.0,230.0,15.0
2021-06-06,21,22.5,63.8,3.0,180.0,14.0
2021-06-07,0,19.9,70.6,1.0,140.0,14.0
2021-06-07,3,18.5,75.1,1.0,90.0,15.0
2021-06-07,6,18.1,79.5,1.0,140.0,9.0
2021-06-07,9,22.0,84.1,3.0,90.0,11.0
2021-06-07,12,24.9,79.5,1.0,90.0,12.0
2021-06-07,15,20.9,86.2,2.0,140.0,11.0
2021-06-07,18,20.3,94.6,1.0,140.0,8.0
2021-06-07,21,19.6,95.1,2.0,140.0,6.0
2021-06-08,0,19.0,91.6,3.0,90.0,6.0
2021-06-08,3,18.8,92.2,3.0,90.0,6.0
2021-06-08,6,18.7,87.0,2.0,90.0,9.0
2021-06-08,9,20.8,85.1,2.0,50.0,13.0
2021-06-08,12,21.6,76.5,2.0,270.0,12.0
2021-06-08,15,20.4,86.1,5.0,140.0,11.0
2021-06-08,18,21.7,84.6,3.0,230.0,16.0
2021-06-08,21,19.0,89.9,1.0,50.0,17.0
2021-06-09,0,18.0,89.8,1.0,50.0,12.0
2021-06-09,3,18.0,92.1,1.0,50.0,12.0
2021-06-09,6,17.6,92.1,1.0,50.0,7.0
2021-06-09,9,21.1,85.6,1.0,140.0,8.0
2021-06-09,12,24.9,84.0,2.0,230.0,9.0
2021-06-09,15,25.4,80.5,4.0,270.0,13.0
2021-06-09,18,25.5,83.5,4.0,230.0,12.0
2021-06-09,21,22.4,90.1,2.0,270.0,11.0
2021-06-10,0,20.5,90.5,1.0,230.0,11.0
2021-06-10,3,20.7,88.9,2.0,90.0,11.0
2021-06-10,6,21.5,92.9,3.0,140.0,13.0
2021-06-10,9,22.4,82.1,3.0,140.0,13.0
2021-06-10,12,18.5,93.9,2.0,140.0,4.0
2021-06-10,15,19.4,91.6,2.0,90.0,4.2
2021-06-10,18,19.1,93.9,3.0,180.0,4.2
2021-06-10,21,18.7,93.3,2.0,140.0,4.5
2021-06-11,0,18.3,93.9,4.0,140.0,6.0
2021-06-11,3,18.1,92.7,4.0,50.0,7.0
2021-06-11,6,17.8,94.5,2.0,230.0,5.0
2021-06-11,9,18.8,92.2,3.0,270.0,9.0
2021-06-11,12,20.6,85.1,2.0,230.0,12.0
2021-06-11,15,23.2,77.7,2.0,320.0,18.0
2021-06-11,18,23.6,79.8,2.0,270.0,18.0
2021-06-11,21,19.1,88.2,2.0,270.0,12.0
2021-06-12,0,17.5,95.7,0.0,0.0,11.0
2021-06-12,3,17.3,94.4,2.0,50.0,2.5
2021-06-12,6,17.6,92.1,1.0,90.0,1.5
2021-06-12,9,19.3,88.2,1.0,140.0,3.5
2021-06-12,12,22.3,85.2,2.0,230.0,9.0
2021-06-12,15,24.4,84.9,2.0,230.0,14.0
2021-06-12,18,22.1,87.4,4.0,230.0,17.0
2021-06-12,21,19.2,87.6,2.0,230.0,17.0
2021-06-13,0,18.2,89.8,2.0,230.0,8.0
2021-06-13,3,17.1,89.7,1.0,270.0,1.5
2021-06-13,6,16.8,91.4,1.0,230.0,0.2
2021-06-13,9,17.4,84.7,3.0,230.0,2.8
2021-06-13,12,23.3,80.2,2.0,230.0,18.0
2021-06-13,15,27.4,74.2,3.0,180.0,18.0
2021-06-13,18,23.0,84.8,5.0,270.0,18.0
2021-06-13,21,19.8,87.1,5.0,320.0,18.0
2021-06-14,0,17.7,89.8,3.0,270.0,13.0
2021-06-14,3,16.9,88.6,0.0,0.0,8.0
2021-06-14,6,16.5,93.8,0.0,0.0,0.0
2021-06-14,9,20.7,79.9,1.0,140.0,6.0
2021-06-14,12,24.5,80.9,2.0,50.0,8.0
2021-06-14,15,21.5,77.5,3.0,230.0,12.0
2021-06-14,18,21.1,80.9,3.0,270.0,14.0
2021-06-14,21,19.7,90.5,2.0,320.0,11.0
2021-06-15,0,19.3,89.9,1.0,230.0,11.0
2021-06-15,3,19.0,89.9,1.0,270.0,13.0
2021-06-15,6,19.9,91.1,2.0,140.0,12.0
2021-06-15,9,20.8,95.2,2.0,90.0,7.0
2021-06-15,12,20.4,91.1,2.0,90.0,12.0
2021-06-15,15,22.9,85.8,1.0,50.0,14.0
2021-06-15,18,22.4,83.1,1.0,90.0,15.0
2021-06-15,21,21.8,83.6,1.0,50.0,15.0
2021-06-16,0,20.6,82.9,1.0,90.0,15.0
2021-06-16,3,19.3,87.6,3.0,50.0,15.0
2021-06-16,6,18.5,91.0,2.0,50.0,16.0
2021-06-16,9,23.5,82.3,2.0,50.0,15.0
2021-06-16,12,26.4,73.6,2.0,50.0,18.0
2021-06-16,15,27.7,72.0,3.0,90.0,21.0
2021-06-16,18,27.4,69.8,1.0,90.0,18.0
2021-06-16,21,24.2,73.7,4.0,50.0,16.0
2021-06-17,0,21.9,78.5,3.0,90.0,16.0
2021-06-17,3,20.8,80.9,3.0,90.0,16.0
2021-06-17,6,19.9,85.0,1.0,90.0,15.0
2021-06-17,9,19.9,89.4,2.0,50.0,11.0
2021-06-17,12,20.8,87.8,4.0,140.0,12.0
2021-06-17,15,22.5,84.2,1.0,140.0,12.0
2021-06-17,18,21.7,83.1,1.0,90.0,16.0
2021-06-17,21,20.6,88.9,3.0,180.0,13.0
2021-06-18,0,19.7,96.3,0.0,0.0,11.0
2021-06-18,3,19.1,96.9,1.0,230.0,8.0
2021-06-18,6,19.4,90.5,5.0,230.0,12.0
2021-06-18,9,19.3,86.5,1.0,230.0,6.0
2021-06-18,12,20.8,82.4,2.0,230.0,12.0
2021-06-18,15,21.7,86.8,4.0,270.0,13.0
2021-06-18,18,21.5,82.0,3.0,320.0,15.0
2021-06-18,21,18.3,76.5,4.0,320.0,12.0
2021-06-19,0,17.4,74.9,3.0,320.0,14.0
2021-06-19,3,16.2,84.0,1.0,90.0,15.0
2021-06-19,6,17.0,87.4,2.0,90.0,11.0
2021-06-19,9,20.3,84.5,2.0,90.0,11.0
2021-06-19,12,25.8,70.4,2.0,90.0,15.0
2021-06-19,15,28.5,64.7,3.0,230.0,18.0
2021-06-19,18,27.3,63.2,3.0,230.0,18.0
2021-06-19,21,22.1,73.3,3.0,140.0,18.0
2021-06-20,0,19.9,82.3,5.0,90.0,14.0
2021-06-20,3,18.6,89.8,4.0,90.0,12.0
2021-06-20,6,17.5,86.9,3.0,140.0,8.0
2021-06-20,9,21.6,84.6,1.0,140.0,8.0
2021-06-20,12,25.1,74.7,1.0,230.0,8.0
2021-06-20,15,26.7,76.9,4.0,320.0,7.0
2021-06-20,18,23.8,81.3,6.0,270.0,6.0
2021-06-20,21,19.2,88.8,2.0,320.0,7.0
2021-06-21,0,17.9,89.8,3.0,320.0,6.0
2021-06-21,3,18.2,88.7,1.0,270.0,6.0
2021-06-21,6,17.8,90.9,1.0,320.0,7.0
2021-06-21,9,19.7,90.5,2.0,50.0,3.5
2021-06-21,12,25.1,78.0,1.0,230.0,11.0
2021-06-21,15,27.3,75.6,6.0,230.0,16.0
2021-06-21,18,26.1,71.7,3.0,270.0,17.0
2021-06-21,21,21.6,80.0,3.0,320.0,16.0
2021-06-22,0,20.9,80.9,1.0,50.0,15.0
2021-06-22,3,19.7,90.5,1.0,230.0,13.0
2021-06-22,6,18.9,90.4,2.0,90.0,13.0
2021-06-22,9,21.9,82.1,1.0,90.0,12.0
2021-06-22,12,25.4,83.0,1.0,90.0,17.0
2021-06-22,15,28.3,68.3,1.0,140.0,16.0
2021-06-22,18,25.5,69.0,4.0,270.0,15.0
2021-06-22,21,21.5,75.1,2.0,50.0,17.0
2021-06-23,0,19.1,87.1,2.0,90.0,15.0
2021-06-23,3,17.9,87.5,2.0,90.0,15.0
2021-06-23,6,17.0,88.6,1.0,50.0,14.0
2021-06-23,9,21.9,74.7,1.0,50.0,15.0
2021-06-23,12,23.7,74.0,1.0,140.0,18.0
2021-06-23,15,26.6,75.0,1.0,320.0,17.0
2021-06-23,18,25.5,75.7,5.0,230.0,16.0
2021-06-23,21,21.4,80.5,2.0,320.0,15.0
2021-06-24,0,19.9,80.3,2.0,270.0,15.0
2021-06-24,3,18.9,78.6,1.0,270.0,16.0
2021-06-24,6,18.6,92.1,1.0,50.0,13.0
2021-06-24,9,23.4,84.3,1.0,90.0,11.0
2021-06-24,12,26.2,76.8,1.0,50.0,12.0
2021-06-24,15,25.5,72.1,7.0,270.0,12.0
2021-06-24,18,24.7,72.4,5.0,270.0,12.0
2021-06-24,21,21.3,83.0,2.0,270.0,8.0
2021-06-25,0,20.0,90.5,0.0,0.0,8.0
2021-06-25,3,19.1,89.3,0.0,0.0,8.0
2021-06-25,6,17.8,88.6,1.0,50.0,9.0
2021-06-25,9,22.5,85.8,3.0,90.0,9.0
2021-06-25,12,25.5,79.1,3.0,90.0,16.0
2021-06-25,15,27.8,72.9,5.0,230.0,14.0
2021-06-25,18,23.2,82.7,4.0,270.0,13.0
2021-06-25,21,20.9,86.2,4.0,270.0,8.0
2021-06-26,0,20.1,95.2,1.0,90.0,8.0
2021-06-26,3,20.2,96.9,2.0,140.0,8.0
2021-06-26,6,19.8,96.3,2.0,90.0,8.0
2021-06-26,9,20.2,85.5,1.0,90.0,6.0
2021-06-26,12,20.6,98.2,4.0,90.0,5.0
2021-06-26,15,21.6,90.1,2.0,140.0,5.0
2021-06-26,18,22.4,90.1,3.0,90.0,9.0
2021-06-26,21,21.5,84.6,2.0,90.0,12.0
2021-06-27,0,20.5,85.0,2.0,140.0,13.0
2021-06-27,3,19.3,89.9,2.0,90.0,13.0
2021-06-27,6,19.4,89.3,2.0,90.0,11.0
2021-06-27,9,22.9,84.2,1.0,90.0,11.0
2021-06-27,12,27.0,75.5,3.0,90.0,12.0
2021-06-27,15,28.0,74.8,1.0,50.0,14.0
2021-06-27,18,25.2,78.0,5.0,230.0,13.0
2021-06-27,21,22.7,84.2,1.0,230.0,11.0
2021-06-28,0,21.8,86.2,1.0,320.0,11.0
2021-06-28,3,21.4,88.9,1.0,50.0,11.0
2021-06-28,6,20.6,93.4,1.0,50.0,11.0
2021-06-28,9,21.7,89.0,2.0,50.0,9.0
2021-06-28,12,24.7,80.4,3.0,50.0,11.0
2021-06-28,15,26.5,77.3,3.0,230.0,13.0
2021-06-28,18,26.5,77.3,1.0,230.0,15.0
2021-06-28,21,22.3,88.5,2.0,270.0,11.0
2021-06-29,0,20.9,90.0,2.0,270.0,9.0
2021-06-29,3,20.3,88.3,1.0,270.0,9.0
2021-06-29,6,20.5,95.2,0.0,0.0,9.0
2021-06-29,9,23.7,89.7,3.0,50.0,5.0
2021-06-29,12,25.3,83.0,2.0,140.0,11.0
2021-06-29,15,25.3,88.2,2.0,270.0,11.0
2021-06-29,18,23.8,82.8,5.0,270.0,11.0
2021-06-29,21,21.9,85.7,2.0,270.0,12.0
2021-06-30,0,21.8,91.8,1.0,90.0,11.0
2021-06-30,3,21.3,90.6,1.0,140.0,11.0
2021-06-30,6,21.1,94.0,2.0,140.0,6.0
2021-06-30,9,22.3,90.1,2.0,90.0,8.0
2021-06-30,12,23.0,84.8,1.0,90.0,9.0
2021-06-30,15,24.2,95.9,2.0,230.0,6.0
2021-06-30,18,24.6,87.0,2.0,50.0,9.0
2021-06-30,21,22.6,90.1,1.0,90.0,8.0
2021-07-01,0,21.2,88.9,0.0,0.0,12.0
2021-07-01,3,21.3,92.9,3.0,140.0,11.0
2021-07-01,6,20.3,92.2,2.0,90.0,2.5
2021-07-01,9,23.0,89.1,1.0,140.0,5.0
2021-07-01,12,27.2,79.8,1.0,90.0,11.0
2021-07-01,15,26.8,80.2,2.0,320.0,12.0
2021-07-01,18,24.1,85.4,3.0,320.0,15.0
2021-07-01,21,23.0,86.9,2.0,230.0,11.0
2021-07-02,0,21.9,90.1,1.0,50.0,11.0
2021-07-02,3,21.7,92.9,0.0,0.0,11.0
2021-07-02,6,21.2,91.2,1.0,50.0,11.0
2021-07-02,9,23.5,86.9,1.0,50.0,11.0
2021-07-02,12,25.3,81.0,4.0,90.0,9.0
2021-07-02,15,28.5,77.6,1.0,140.0,12.0
2021-07-02,18,28.6,73.1,1.0,230.0,13.0
2021-07-02,21,27.1,76.0,1.0,180.0,13.0
2021-07-03,0,24.1,86.5,1.0,90.0,8.0
2021-07-03,3,22.7,85.3,1.0,90.0,8.0
2021-07-03,6,21.6,85.7,2.0,50.0,9.0
2021-07-03,9,22.3,84.2,3.0,140.0,13.0
2021-07-03,12,25.3,78.1,6.0,90.0,17.0
2021-07-03,15,23.3,85.3,4.0,90.0,11.0
2021-07-03,18,20.3,95.2,4.0,50.0,6.0
2021-07-03,21,19.9,98.2,8.0,50.0,5.0
2021-07-04,0,19.5,98.8,6.0,90.0,4.5
2021-07-04,3,19.2,98.1,5.0,50.0,5.0
2021-07-04,6,19.5,98.8,2.0,50.0,6.0
2021-07-04,9,20.6,91.7,1.0,50.0,11.0
2021-07-04,12,21.9,86.8,0.0,0.0,16.0
2021-07-04,15,22.1,90.1,2.0,230.0,14.0
2021-07-04,18,21.1,88.9,3.0,230.0,11.0
2021-07-04,21,20.1,86.6,2.0,230.0,11.0
2021-07-05,0,20.0,89.4,1.0,320.0,12.0
2021-07-05,3,19.3,87.6,2.0,230.0,16.0
2021-07-05,6,19.1,86.5,2.0,140.0,16.0
2021-07-05,9,22.7,85.3,2.0,90.0,13.0
2021-07-05,12,24.9,80.9,3.0,140.0,15.0
2021-07-05,15,26.3,78.2,0.0,0.0,13.0
2021-07-05,18,24.9,81.9,1.0,230.0,15.0
2021-07-05,21,23.1,85.8,0.0,0.0,15.0
2021-07-06,0,22.2,89.0,0.0,0.0,15.0
2021-07-06,3,20.9,90.6,0.0,0.0,14.0
2021-07-06,6,19.9,91.1,1.0,50.0,13.0
2021-07-06,9,24.7,83.4,0.0,0.0,11.0
2021-07-06,12,27.0,74.6,1.0,230.0,15.0
2021-07-06,15,27.7,72.9,3.0,230.0,14.0
2021-07-06,18,27.1,79.3,2.0,270.0,15.0
2021-07-06,21,23.4,83.8,1.0,270.0,15.0
2021-07-07,0,21.9,91.8,0.0,0.0,12.0
2021-07-07,3,21.5,93.5,0.0,0.0,11.0
2021-07-07,6,20.9,92.9,0.0,0.0,11.0
2021-07-07,9,23.9,88.1,1.0,140.0,11.0
2021-07-07,12,27.6,78.4,0.0,0.0,11.0
2021-07-07,15,27.7,81.3,2.0,230.0,13.0
2021-07-07,18,26.1,81.6,3.0,230.0,13.0
2021-07-07,21,23.5,89.6,1.0,270.0,13.0
2021-07-08,0,22.3,90.7,1.0,270.0,13.0
2021-07-08,3,21.7,90.6,2.0,270.0,12.0
2021-07-08,6,21.3,90.0,1.0,270.0,11.0
2021-07-08,9,24.5,90.8,0.0,0.0,8.0
2021-07-08,12,26.1,88.8,0.0,0.0,8.0
2021-07-08,15,30.0,75.5,0.0,0.0,8.0
2021-07-08,18,25.7,81.5,0.0,0.0,7.0
2021-07-08,21,22.9,79.7,0.0,0.0,7.0
2021-07-09,0,23.6,92.4,0.0,0.0,14.0
2021-07-09,3,23.2,91.8,1.0,140.0,11.0
2021-07-09,6,22.9,83.2,0.0,0.0,14.0
2021-07-09,9,24.9,86.0,1.0,230.0,17.0
2021-07-09,12,27.5,77.0,1.0,140.0,18.0
2021-07-09,15,28.6,81.4,3.0,230.0,11.0
2021-07-09,18,27.0,76.0,2.0,230.0,11.0
2021-07-09,21,23.3,86.4,3.0,320.0,11.0
2021-07-10,0,23.2,88.5,1.0,230.0,11.0
2021-07-10,3,22.0,91.2,2.0,50.0,11.0
2021-07-10,6,22.3,90.1,0.0,0.0,12.0
2021-07-10,9,24.8,83.4,2.0,90.0,13.0
2021-07-10,12,27.9,79.9,1.0,140.0,14.0
2021-07-10,15,27.3,82.2,4.0,230.0,14.0
2021-07-10,18,27.2,82.7,5.0,270.0,14.0
2021-07-10,21,23.9,84.4,1.0,320.0,14.0
2021-07-11,0,23.3,92.4,1.0,50.0,11.0
2021-07-11,3,22.5,94.1,1.0,90.0,11.0
2021-07-11,6,22.2,93.5,1.0,90.0,9.0
2021-07-11,9,24.3,89.7,2.0,90.0,6.0
2021-07-11,12,26.3,87.7,3.0,90.0,9.0
2021-07-11,15,30.1,81.6,2.0,140.0,13.0
2021-07-11,18,29.5,80.1,2.0,90.0,16.0
2021-07-11,21,27.1,86.8,1.0,70.0,15.0
2021-07-12,0,24.5,91.4,2.0,270.0,12.0
2021-07-12,3,24.7,92.5,1.0,230.0,9.0
2021-07-12,6,23.6,90.8,2.0,90.0,11.0
2021-07-12,9,26.3,86.2,1.0,50.0,11.0
2021-07-12,12,29.9,79.7,2.0,140.0,15.0
2021-07-12,15,31.6,78.0,2.0,50.0,18.0
2021-07-12,18,30.0,80.2,1.0,140.0,17.0
2021-07-12,21,27.0,90.4,1.0,50.0,14.0
2021-07-13,0,26.4,90.4,1.0,140.0,14.0
2021-07-13,3,25.8,92.0,1.0,90.0,13.0
2021-07-13,6,26.2,74.9,3.0,140.0,16.0
2021-07-13,9,27.7,87.3,4.0,140.0,16.0
2021-07-13,12,27.7,83.8,1.0,140.0,16.0
2021-07-13,15,26.1,88.8,1.0,140.0,13.0
2021-07-13,18,28.1,84.8,4.0,50.0,15.0
2021-07-13,21,26.9,84.7,4.0,50.0,15.0
2021-07-14,0,26.3,85.6,1.0,90.0,13.0
2021-07-14,3,26.9,88.8,3.0,140.0,13.0
2021-07-14,6,27.0,84.2,2.0,50.0,15.0
2021-07-14,9,27.4,85.2,2.0,140.0,16.0
2021-07-14,12,28.4,86.4,1.0,50.0,18.0
2021-07-14,15,28.0,85.3,1.0,90.0,18.0
2021-07-14,18,28.2,87.4,1.0,50.0,17.0
2021-07-14,21,27.1,85.2,2.0,50.0,17.0
2021-07-15,0,26.5,89.3,2.0,50.0,16.0
2021-07-15,3,26.1,90.9,3.0,50.0,15.0
2021-07-15,6,25.3,90.9,0.0,0.0,17.0
2021-07-15,9,27.7,85.3,3.0,140.0,20.0
2021-07-15,12,29.8,81.6,2.0,50.0,21.0
2021-07-15,15,31.1,79.8,2.0,50.0,21.0
2021-07-15,18,31.7,77.2,1.0,230.0,21.0
2021-07-15,21,27.5,84.2,1.0,140.0,19.0
2021-07-16,0,25.8,88.2,2.0,320.0,18.0
2021-07-16,3,25.1,89.2,2.0,140.0,18.0
2021-07-16,6,24.3,91.4,2.0,50.0,16.0
2021-07-16,9,28.2,80.4,2.0,50.0,18.0
2021-07-16,12,30.9,75.2,1.0,140.0,18.0
2021-07-16,15,31.6,70.2,2.0,320.0,16.0
2021-07-16,18,29.2,75.0,1.0,320.0,16.0
2021-07-16,21,25.7,75.8,0.0,0.0,17.0
2021-07-17,0,25.2,76.1,0.0,0.0,16.0
2021-07-17,3,24.6,75.1,0.0,0.0,16.0
2021-07-17,6,24.1,92.5,1.0,50.0,14.0
2021-07-17,9,28.1,85.8,3.0,50.0,18.0
2021-07-17,12,30.3,75.1,2.0,140.0,19.0
2021-07-17,15,31.8,69.4,2.0,230.0,19.0
2021-07-17,18,31.3,71.0,5.0,270.0,19.0
2021-07-17,21,23.5,94.1,0.0,0.0,6.0
2021-07-18,0,24.1,89.1,2.0,50.0,13.0
2021-07-18,3,24.0,94.7,1.0,90.0,12.0
2021-07-18,6,23.6,94.7,0.0,0.0,13.0
2021-07-18,9,26.5,82.6,1.0,90.0,13.0
2021-07-18,12,29.6,84.5,3.0,90.0,16.0
2021-07-18,15,30.2,80.2,3.0,230.0,16.0
2021-07-18,18,28.5,81.9,2.0,270.0,16.0
2021-07-18,21,25.7,88.2,0.0,0.0,16.0
2021-07-19,0,25.3,87.6,0.0,0.0,15.0
2021-07-19,3,24.5,95.3,0.0,0.0,15.0
2021-07-19,6,23.9,95.9,1.0,140.0,9.0
2021-07-19,9,26.9,84.7,2.0,140.0,18.0
2021-07-19,12,29.7,77.3,2.0,90.0,18.0
2021-07-19,15,30.2,80.2,3.0,230.0,16.0
2021-07-19,18,28.1,82.3,3.0,270.0,18.0
2021-07-19,21,23.4,91.9,1.0,50.0,15.0
2021-07-20,0,23.2,90.2,2.0,50.0,15.0
2021-07-20,3,23.0,90.2,2.0,50.0,11.0
2021-07-20,6,23.0,94.7,0.0,0.0,5.0
2021-07-20,9,27.1,83.7,0.0,0.0,12.0
2021-07-20,12,29.9,73.7,1.0,90.0,16.0
2021-07-20,15,32.0,75.0,0.0,0.0,18.0
2021-07-20,18,29.2,80.0,1.0,320.0,18.0
2021-07-20,21,26.7,76.4,1.0,320.0,17.0
2021-07-21,0,25.5,79.5,0.0,0.0,17.0
2021-07-21,3,24.9,84.0,0.0,0.0,17.0
2021-07-21,6,24.1,92.5,0.0,0.0,15.0
2021-07-21,9,28.8,79.5,1.0,50.0,17.0
2021-07-21,12,31.0,75.7,2.0,140.0,17.0
2021-07-21,15,32.8,77.3,2.0,230.0,17.0
2021-07-21,18,32.6,75.9,2.0,360.0,18.0
2021-07-21,21,27.6,84.3,1.0,230.0,17.0
2021-07-22,0,26.9,87.3,0.0,0.0,15.0
2021-07-22,3,25.7,90.4,0.0,0.0,15.0
2021-07-22,6,24.9,92.5,0.0,0.0,14.0
2021-07-22,9,29.7,83.5,1.0,50.0,11.0
2021-07-22,12,31.9,72.4,1.0,50.0,13.0
2021-07-22,15,34.3,65.5,0.0,0.0,15.0
2021-07-22,18,30.9,80.7,1.0,320.0,15.0
2021-07-22,21,27.7,87.3,3.0,230.0,16.0
2021-07-23,0,26.1,92.6,2.0,230.0,14.0
2021-07-23,3,25.7,90.9,0.0,0.0,14.0
2021-07-23,6,25.1,91.4,0.0,0.0,12.0
2021-07-23,9,28.9,88.0,2.0,90.0,6.0
2021-07-23,12,32.1,77.2,1.0,140.0,11.0
2021-07-23,15,34.3,66.7,0.0,0.0,17.0
2021-07-23,18,30.9,75.7,4.0,230.0,15.0
2021-07-23,21,26.9,84.7,3.0,270.0,13.0
2021-07-24,0,25.8,87.7,1.0,270.0,11.0
2021-07-24,3,25.7,89.3,0.0,0.0,11.0
2021-07-24,6,25.1,93.1,0.0,0.0,11.0
2021-07-24,9,29.2,78.6,0.0,0.0,15.0
2021-07-24,12,32.9,74.2,0.0,0.0,16.0
2021-07-24,15,34.7,67.9,0.0,0.0,16.0
2021-07-24,18,32.8,71.7,2.0,270.0,16.0
2021-07-24,21,28.4,80.4,2.0,230.0,14.0
2021-07-25,0,26.3,79.6,0.0,0.0,15.0
2021-07-25,3,25.6,79.1,0.0,0.0,16.0
2021-07-25,6,24.8,90.3,1.0,230.0,11.0
2021-07-25,9,29.5,85.0,2.0,70.0,13.0
2021-07-25,12,32.4,77.3,4.0,140.0,15.0
2021-07-25,15,34.2,69.8,2.0,90.0,17.0
2021-07-25,18,32.9,72.1,5.0,270.0,17.0
2021-07-25,21,27.1,79.8,3.0,270.0,13.0
2021-07-26,0,26.1,86.7,3.0,270.0,13.0
2021-07-26,3,25.1,89.2,0.0,0.0,12.0
2021-07-26,6,24.8,88.1,0.0,0.0,11.0
2021-07-26,9,29.2,81.5,0.0,0.0,9.0
2021-07-26,12,32.3,70.7,2.0,140.0,15.0
2021-07-26,15,34.3,67.9,0.0,0.0,16.0
2021-07-26,18,31.1,71.4,3.0,230.0,12.0
2021-07-26,21,26.7,81.2,2.0,270.0,12.0
2021-07-27,0,25.9,81.6,2.0,230.0,12.0
2021-07-27,3,24.9,86.5,0.0,0.0,12.0
2021-07-27,6,24.3,87.0,0.0,0.0,12.0
2021-07-27,9,29.9,76.9,0.0,0.0,13.0
2021-07-27,12,32.3,73.3,0.0,0.0,14.0
2021-07-27,15,35.1,66.4,1.0,270.0,15.0
2021-07-27,18,33.3,69.7,2.0,320.0,15.0
2021-07-27,21,27.5,76.0,1.0,270.0,15.0
2021-07-28,0,26.9,78.8,1.0,230.0,13.0
2021-07-28,3,25.9,82.0,0.0,0.0,12.0
2021-07-28,6,24.9,84.5,1.0,50.0,15.0
2021-07-28,9,28.7,80.5,0.0,0.0,16.0
2021-07-28,12,31.8,77.6,3.0,230.0,18.0
2021-07-28,15,34.4,65.5,4.0,270.0,16.0
2021-07-28,18,30.9,75.2,3.0,50.0,16.0
2021-07-28,21,27.9,74.3,2.0,230.0,15.0
2021-07-29,0,26.5,81.1,0.0,0.0,16.0
2021-07-29,3,25.8,80.1,0.0,0.0,15.0
2021-07-29,6,24.8,85.0,1.0,50.0,15.0
2021-07-29,9,27.7,90.0,1.0,50.0,12.0
2021-07-29,12,32.2,74.6,0.0,0.0,15.0
2021-07-29,15,35.1,68.4,4.0,230.0,17.0
2021-07-29,18,30.7,70.4,4.0,270.0,17.0
2021-07-29,21,27.1,86.8,2.0,270.0,15.0
2021-07-30,0,26.5,85.7,0.0,0.0,15.0
2021-07-30,3,25.5,91.4,2.0,90.0,13.0
2021-07-30,6,24.8,87.6,1.0,90.0,15.0
2021-07-30,9,28.5,80.4,3.0,90.0,15.0
2021-07-30,12,30.2,74.2,1.0,50.0,15.0
2021-07-30,15,32.1,69.5,1.0,50.0,15.0
2021-07-30,18,28.5,77.6,3.0,140.0,12.0
2021-07-30,21,26.7,91.0,2.0,140.0,11.0
2021-07-31,0,27.3,88.9,1.0,90.0,11.0
2021-07-31,3,25.7,83.0,2.0,140.0,14.0
2021-07-31,6,25.5,87.1,1.0,50.0,15.0
2021-07-31,9,27.1,81.7,0.0,0.0,15.0
2021-07-31,12,30.7,73.9,1.0,140.0,15.0
2021-07-31,15,31.5,74.4,1.0,50.0,15.0
2021-07-31,18,26.6,91.0,0.0,0.0,12.0
2021-07-31,21,26.9,88.8,1.0,90.0,13.0
2022-03-01,0,3.3,82.4,1.0,90.0,16.0
2022-03-01,3,2.9,83.6,3.0,90.0,15.0
2022-03-01,6,1.5,85.3,3.0,90.0,15.0
2022-03-01,9,3.3,89.2,3.0,320.0,8.0
2022-03-01,12,5.8,78.2,2.0,270.0,11.0
2022-03-01,15,5.0,74.8,3.0,270.0,18.0
2022-03-01,18,3.4,64.3,3.0,320.0,14.0
2022-03-01,21,0.3,72.3,5.0,270.0,14.0
2022-03-02,0,0.7,80.9,4.0,270.0,15.0
2022-03-02,3,0.1,75.0,3.0,270.0,15.0
2022-03-02,6,-1.3,79.4,1.0,270.0,14.0
2022-03-02,9,0.1,77.9,2.0,140.0,15.0
2022-03-02,12,7.1,75.1,5.0,230.0,17.0
2022-03-02,15,7.9,72.2,5.0,230.0,17.0
2022-03-02,18,6.3,70.3,3.0,230.0,17.0
2022-03-02,21,4.3,72.5,3.0,230.0,15.0
2022-03-03,0,3.5,86.7,2.0,270.0,15.0
2022-03-03,3,1.3,84.6,3.0,290.0,16.0
2022-03-03,6,-0.2,79.6,2.0,290.0,13.0
2022-03-03,9,0.9,75.1,1.0,230.0,18.0
2022-03-03,12,6.2,58.2,1.0,270.0,18.0
2022-03-03,15,7.2,57.2,1.0,320.0,21.0
2022-03-03,18,7.2,57.2,1.0,320.0,18.0
2022-03-03,21,3.6,65.8,1.0,140.0,18.0
2022-03-04,0,1.5,72.0,3.0,90.0,18.0
2022-03-04,3,1.7,73.6,3.0,90.0,18.0
2022-03-04,6,1.2,78.0,4.0,140.0,17.0
2022-03-04,9,3.2,88.6,4.0,90.0,9.0
2022-03-04,12,8.4,81.4,5.0,140.0,8.0
2022-03-04,15,11.2,81.2,3.0,140.0,6.0
2022-03-04,18,8.0,77.4,5.0,270.0,5.0
2022-03-04,21,3.7,80.1,7.0,270.0,6.0
2022-03-05,0,2.1,73.2,4.0,320.0,9.0
2022-03-05,3,0.6,75.1,8.0,320.0,9.0
2022-03-05,6,-0.5,73.2,6.0,320.0,9.0
2022-03-05,9,0.8,63.2,8.0,320.0,16.0
2022-03-05,12,2.3,64.0,8.0,320.0,18.0
2022-03-05,15,2.7,62.2,6.0,320.0,18.0
2022-03-05,18,2.4,66.0,6.0,270.0,19.0
2022-03-05,21,1.1,69.8,7.0,320.0,19.0
2022-03-06,0,1.2,64.7,5.0,320.0,16.0
2022-03-06,3,0.3,70.7,5.0,320.0,17.0
2022-03-06,6,-0.1,62.5,4.0,320.0,17.0
2022-03-06,9,-0.1,64.4,6.0,340.0,19.0
2022-03-06,12,2.0,62.5,4.0,360.0,21.0
2022-03-06,15,2.5,64.1,6.0,320.0,22.0
2022-03-06,18,2.3,66.5,4.0,270.0,17.0
2022-03-06,21,-0.3,78.4,4.0,270.0,17.0
2022-03-07,0,-0.9,80.7,2.0,270.0,17.0
2022-03-07,3,-2.1,86.1,3.0,90.0,15.0
2022-03-07,6,-3.2,82.8,1.0,90.0,15.0
2022-03-07,9,-1.8,86.2,2.0,90.0,15.0
2022-03-07,12,3.9,79.0,1.0,90.0,13.0
2022-03-07,15,7.6,63.4,1.0,140.0,17.0
2022-03-07,18,6.6,61.8,2.0,320.0,15.0
2022-03-07,21,4.1,77.9,2.0,90.0,18.0
2022-03-08,0,2.5,83.5,2.0,90.0,15.0
2022-03-08,3,0.4,92.3,1.0,90.0,15.0
2022-03-08,6,-0.1,92.3,1.0,90.0,12.0
2022-03-08,9,0.9,85.8,1.0,140.0,13.0
2022-03-08,12,5.0,82.7,2.0,90.0,15.0
2022-03-08,15,10.4,73.1,1.0,320.0,16.0
2022-03-08,18,8.8,74.4,2.0,270.0,11.0
2022-03-08,21,4.7,77.5,1.0,270.0,11.0
2022-03-09,0,2.6,77.1,0.0,0.0,11.0
2022-03-09,3,1.2,81.0,0.0,0.0,11.0
2022-03-09,6,1.5,92.4,2.0,320.0,4.1
2022-03-09,9,2.7,93.1,0.0,0.0,0.5
2022-03-09,12,2.3,93.1,0.0,0.0,3.5
2022-03-09,15,8.0,80.2,0.0,0.0,5.0
2022-03-09,18,3.9,90.6,2.0,320.0,3.0
2022-03-09,21,1.0,93.0,4.0,290.0,0.1
2022-03-10,0,0.3,94.3,2.0,50.0,0.0
2022-03-10,3,0.0,93.0,3.0,90.0,0.0
2022-03-10,6,-0.5,93.6,3.0,90.0,1.5
2022-03-10,9,2.0,85.3,3.0,90.0,5.0
2022-03-10,12,10.9,64.6,1.0,90.0,11.0
2022-03-10,15,15.8,63.5,1.0,50.0,18.0
2022-03-10,18,12.7,69.6,2.0,230.0,13.0
2022-03-10,21,8.7,75.4,1.0,230.0,11.0
2022-03-11,0,5.6,85.7,1.0,90.0,12.0
2022-03-11,3,3.9,86.8,2.0,50.0,11.0
2022-03-11,6,3.2,89.9,1.0,90.0,12.0
2022-03-11,9,4.2,89.9,1.0,50.0,4.0
2022-03-11,12,10.6,73.7,1.0,20.0,8.0
2022-03-11,15,10.7,76.8,2.0,230.0,8.0
2022-03-11,18,9.0,78.1,1.0,230.0,9.0
2022-03-11,21,1.9,93.1,1.0,320.0,0.2
2022-03-12,0,1.7,91.1,1.0,230.0,0.4
2022-03-12,3,0.6,92.3,3.0,90.0,0.4
2022-03-12,6,1.9,93.1,4.0,70.0,2.5
2022-03-12,9,2.3,86.0,2.0,90.0,2.5
2022-03-12,12,11.0,73.7,3.0,90.0,7.0
2022-03-12,15,14.8,72.0,2.0,230.0,7.0
2022-03-12,18,12.2,78.6,2.0,180.0,7.0
2022-03-12,21,9.2,84.3,3.0,90.0,6.0
2022-03-13,0,8.7,90.9,2.0,140.0,9.0
2022-03-13,3,7.4,90.2,1.0,270.0,6.0
2022-03-13,6,6.8,94.0,1.0,230.0,6.0
2022-03-13,9,7.8,94.7,0.0,0.0,4.0
2022-03-13,12,9.0,91.6,1.0,320.0,3.5
2022-03-13,15,12.0,81.9,3.0,230.0,9.0
2022-03-13,18,10.3,80.5,2.0,180.0,13.0
2022-03-13,21,7.6,90.2,4.0,230.0,15.0
2022-03-14,0,6.7,90.8,2.0,140.0,12.0
2022-03-14,3,6.6,88.3,2.0,140.0,13.0
2022-03-14,6,6.6,89.5,1.0,90.0,11.0
2022-03-14,9,6.7,87.7,2.0,140.0,13.0
2022-03-14,12,7.0,90.8,0.0,0.0,8.0
2022-03-14,15,6.2,94.6,5.0,270.0,8.0
2022-03-14,18,6.0,84.6,3.0,270.0,11.0
2022-03-14,21,3.8,83.7,7.0,320.0,15.0
2022-03-15,0,2.5,82.3,8.0,320.0,18.0
2022-03-15,3,0.9,82.7,3.0,230.0,18.0
2022-03-15,6,0.7,87.1,1.0,230.0,17.0
2022-03-15,9,2.1,88.5,2.0,140.0,14.0
2022-03-15,12,5.2,79.2,2.0,320.0,18.0
2022-03-15,15,7.8,78.5,3.0,90.0,15.0
2022-03-15,18,9.6,73.5,2.0,90.0,17.0
2022-03-15,21,6.8,81.2,1.0,50.0,15.0
2022-03-16,0,4.1,90.6,3.0,90.0,15.0
2022-03-16,3,3.5,89.3,3.0,90.0,15.0
2022-03-16,6,3.1,94.5,1.0,360.0,13.0
2022-03-16,9,5.1,93.2,1.0,90.0,6.0
2022-03-16,12,8.5,86.6,2.0,270.0,8.0
2022-03-16,15,9.4,82.1,4.0,270.0,12.0
2022-03-16,18,8.2,77.5,3.0,320.0,12.0
2022-03-16,21,5.2,79.2,3.0,270.0,15.0
2022-03-17,0,5.2,79.2,3.0,360.0,16.0
2022-03-17,3,2.7,72.7,3.0,360.0,16.0
2022-03-17,6,1.3,79.2,2.0,320.0,17.0
2022-03-17,9,2.3,62.6,2.0,360.0,16.0
2022-03-17,12,6.6,71.9,2.0,360.0,17.0
2022-03-17,15,10.2,74.1,0.0,0.0,18.0
2022-03-17,18,9.7,74.5,0.0,0.0,15.0
2022-03-17,21,6.2,72.9,5.0,50.0,15.0
2022-03-18,0,3.9,76.8,1.0,360.0,15.0
2022-03-18,3,3.3,82.4,3.0,50.0,15.0
2022-03-18,6,3.6,84.9,3.0,50.0,16.0
2022-03-18,9,4.9,80.9,3.0,50.0,18.0
2022-03-18,12,7.3,75.2,4.0,50.0,15.0
2022-03-18,15,9.1,71.9,1.0,50.0,16.0
2022-03-18,18,8.5,68.3,0.0,0.0,16.0
2022-03-18,21,6.0,73.9,4.0,90.0,15.0
2022-03-19,0,4.7,76.3,6.0,90.0,15.0
2022-03-19,3,0.3,94.3,3.0,90.0,11.0
2022-03-19,6,0.0,96.4,0.0,0.0,6.0
2022-03-19,9,0.2,97.1,2.0,50.0,2.5
2022-03-19,12,1.2,95.8,3.0,50.0,4.5
2022-03-19,15,2.9,89.2,3.0,360.0,17.0
2022-03-19,18,4.1,82.0,5.0,270.0,16.0
2022-03-19,21,2.3,83.5,2.0,270.0,15.0
2022-03-20,0,2.2,86.6,2.0,270.0,15.0
2022-03-20,3,1.8,87.8,2.0,270.0,15.0
2022-03-20,6,1.1,89.0,2.0,270.0,17.0
2022-03-20,9,1.9,82.9,3.0,270.0,18.0
2022-03-20,12,3.7,67.8,3.0,320.0,18.0
2022-03-20,15,5.1,64.7,5.0,320.0,19.0
2022-03-20,18,5.1,64.7,5.0,270.0,17.0
2022-03-20,21,2.1,73.2,4.0,270.0,18.0
2022-03-21,0,2.1,74.8,3.0,270.0,18.0
2022-03-21,3,1.2,76.3,0.0,0.0,18.0
2022-03-21,6,-0.3,82.0,0.0,0.0,17.0
2022-03-21,9,2.2,84.1,1.0,90.0,7.0
2022-03-21,12,6.4,68.8,1.0,230.0,15.0
2022-03-21,15,8.6,61.8,4.0,320.0,16.0
2022-03-21,18,5.4,69.1,3.0,270.0,15.0
2022-03-21,21,3.2,78.3,2.0,270.0,15.0
2022-03-22,0,4.1,80.8,2.0,230.0,15.0
2022-03-22,3,3.3,82.4,2.0,90.0,13.0
2022-03-22,6,1.9,87.2,2.0,320.0,16.0
2022-03-22,9,3.6,83.7,1.0,320.0,16.0
2022-03-22,12,6.8,64.6,2.0,320.0,16.0
2022-03-22,15,10.2,64.4,3.0,320.0,18.0
2022-03-22,18,6.7,65.0,3.0,320.0,18.0
2022-03-22,21,3.9,71.9,3.0,290.0,16.0
2022-03-23,0,2.9,83.6,0.0,0.0,16.0
2022-03-23,3,3.1,77.2,1.0,270.0,15.0
2022-03-23,6,3.1,82.4,2.0,270.0,15.0
2022-03-23,9,3.2,80.7,2.0,230.0,17.0
2022-03-23,12,5.2,79.2,2.0,140.0,17.0
2022-03-23,15,7.9,75.3,2.0,230.0,17.0
2022-03-23,18,7.9,79.1,3.0,230.0,15.0
2022-03-23,21,5.9,82.8,2.0,140.0,15.0
2022-03-24,0,5.1,88.8,3.0,90.0,15.0
2022-03-24,3,5.2,91.3,3.0,140.0,16.0
2022-03-24,6,4.7,90.0,2.0,50.0,12.0
2022-03-24,9,6.4,92.7,2.0,90.0,7.0
2022-03-24,12,11.9,80.2,2.0,90.0,8.0
2022-03-24,15,12.0,79.1,3.0,90.0,9.0
2022-03-24,18,10.6,83.9,1.0,50.0,9.0
2022-03-24,21,8.9,72.9,1.0,50.0,9.0
2022-03-25,0,7.2,88.3,3.0,140.0,9.0
2022-03-25,3,6.9,86.5,3.0,140.0,9.0
2022-03-25,6,6.4,82.3,5.0,90.0,9.0
2022-03-25,9,8.3,76.9,3.0,50.0,11.0
2022-03-25,12,8.5,89.0,3.0,90.0,8.0
2022-03-25,15,8.2,90.3,3.0,90.0,1.5
2022-03-25,18,9.2,90.3,4.0,50.0,2.0
2022-03-25,21,9.4,91.6,2.0,90.0,4.0
2022-03-26,0,10.3,92.3,5.0,90.0,4.0
2022-03-26,3,10.3,96.1,6.0,50.0,4.5
2022-03-26,6,9.2,98.7,11.0,50.0,4.5
2022-03-26,9,10.0,87.4,3.0,20.0,13.0
2022-03-26,12,11.8,72.4,8.0,20.0,18.0
2022-03-26,15,13.8,63.5,4.0,320.0,18.0
2022-03-26,18,10.8,68.8,6.0,270.0,16.0
2022-03-26,21,7.5,77.4,3.0,230.0,16.0
2022-03-27,0,6.8,76.7,4.0,230.0,17.0
2022-03-27,3,5.2,79.2,3.0,270.0,16.0
2022-03-27,6,5.5,79.8,5.0,270.0,16.0
2022-03-27,9,5.6,72.7,7.0,360.0,15.0
2022-03-27,12,7.8,61.6,4.0,320.0,19.0
2022-03-27,15,8.8,56.4,9.0,320.0,19.0
2022-03-27,18,8.6,53.9,7.0,270.0,19.0
2022-03-27,21,5.8,68.2,5.0,270.0,18.0
2022-03-28,0,4.8,71.0,2.0,270.0,18.0
2022-03-28,3,3.2,79.5,2.0,270.0,18.0
2022-03-28,6,2.1,79.9,1.0,270.0,17.0
2022-03-28,9,5.1,77.5,1.0,90.0,17.0
2022-03-28,12,10.0,75.1,1.0,90.0,17.0
2022-03-28,15,13.2,43.6,1.0,230.0,18.0
2022-03-28,18,10.2,49.8,2.0,320.0,18.0
2022-03-28,21,6.2,71.8,2.0,320.0,18.0
2022-03-29,0,5.1,67.1,1.0,140.0,17.0
2022-03-29,3,3.2,75.5,2.0,70.0,14.0
2022-03-29,6,2.3,83.5,1.0,90.0,14.0
2022-03-29,9,4.9,79.7,3.0,50.0,15.0
2022-03-29,12,11.9,60.9,1.0,90.0,18.0
2022-03-29,15,14.7,58.7,1.0,230.0,19.0
2022-03-29,18,12.7,68.7,2.0,230.0,18.0
2022-03-29,21,9.6,82.7,1.0,270.0,16.0
2022-03-30,0,8.4,86.0,3.0,140.0,15.0
2022-03-30,3,7.8,83.0,3.0,90.0,15.0
2022-03-30,6,7.6,87.1,2.0,50.0,14.0
2022-03-30,9,8.4,86.0,2.0,90.0,13.0
2022-03-30,12,7.8,91.5,1.0,90.0,8.0
2022-03-30,15,8.0,91.5,1.0,90.0,5.0
2022-03-30,18,8.0,91.5,1.0,20.0,5.0
2022-03-30,21,8.0,91.5,0.0,0.0,4.5
2022-03-31,0,7.6,94.0,2.0,360.0,12.0
2022-03-31,3,5.8,93.3,2.0,320.0,12.0
2022-03-31,6,5.2,86.9,3.0,320.0,14.0
2022-03-31,9,6.2,79.9,2.0,360.0,15.0
2022-03-31,12,9.0,78.1,3.0,230.0,19.0
2022-03-31,15,11.4,71.8,5.0,270.0,18.0
2022-03-31,18,10.4,64.0,3.0,270.0,18.0
2022-03-31,21,6.6,70.9,2.0,270.0,18.0
2022-04-01,0,8.0,63.5,5.0,360.0,18.0
2022-04-01,3,6.6,60.5,5.0,360.0,18.0
2022-04-01,6,4.8,66.0,5.0,360.0,18.0
2022-04-01,9,7.9,62.1,3.0,360.0,18.0
2022-04-01,12,9.7,62.5,2.0,270.0,18.0
2022-04-01,15,10.4,56.4,3.0,270.0,18.0
2022-04-01,18,8.4,65.4,3.0,270.0,18.0
2022-04-01,21,5.4,74.8,3.0,270.0,17.0
2022-04-02,0,4.6,74.2,2.0,270.0,17.0
2022-04-02,3,2.6,78.8,2.0,140.0,16.0
2022-04-02,6,1.8,77.6,2.0,90.0,16.0
2022-04-02,9,5.1,76.4,0.0,0.0,11.0
2022-04-02,12,9.3,76.6,3.0,230.0,16.0
2022-04-02,15,10.8,68.8,4.0,230.0,17.0
2022-04-02,18,9.1,66.5,5.0,270.0,15.0
2022-04-02,21,6.4,71.9,5.0,270.0,15.0
2022-04-03,0,5.2,66.6,0.0,0.0,15.0
2022-04-03,3,4.3,68.4,4.0,140.0,18.0
2022-04-03,6,2.9,82.4,2.0,90.0,15.0
2022-04-03,9,6.2,72.9,1.0,90.0,18.0
2022-04-03,12,11.5,67.0,1.0,270.0,11.0
2022-04-03,15,14.0,56.9,4.0,270.0,15.0
2022-04-03,18,12.6,70.6,2.0,200.0,15.0
2022-04-03,21,7.8,86.0,3.0,320.0,11.0
2022-04-04,0,6.8,87.1,2.0,90.0,9.0
2022-04-04,3,5.4,92.6,2.0,90.0,5.0
2022-04-04,6,4.1,92.5,3.0,90.0,3.5
2022-04-04,9,5.4,86.9,2.0,90.0,8.0
2022-04-04,12,14.6,65.0,2.0,20.0,8.0
2022-04-04,15,16.2,57.5,5.0,270.0,9.0
2022-04-04,18,14.2,83.2,3.0,230.0,14.0
2022-04-04,21,11.3,65.6,2.0,230.0,15.0
2022-04-05,0,8.8,67.9,0.0,0.0,15.0
2022-04-05,3,8.0,70.7,0.0,0.0,15.0
2022-04-05,6,5.4,89.4,2.0,140.0,15.0
2022-04-05,9,8.7,84.3,3.0,140.0,11.0
2022-04-05,12,14.9,63.7,0.0,0.0,15.0
2022-04-05,15,15.9,68.0,4.0,230.0,16.0
2022-04-05,18,12.4,76.6,2.0,230.0,11.0
2022-04-05,21,9.8,85.6,3.0,320.0,15.0
2022-04-06,0,8.2,88.4,4.0,320.0,14.0
2022-04-06,3,6.5,90.1,3.0,320.0,15.0
2022-04-06,6,6.2,65.4,5.0,360.0,18.0
2022-04-06,9,8.3,60.4,6.0,360.0,18.0
2022-04-06,12,11.0,55.7,2.0,50.0,18.0
2022-04-06,15,10.2,56.3,5.0,270.0,18.0
2022-04-06,18,7.6,59.4,2.0,270.0,18.0
2022-04-06,21,5.5,59.7,1.0,270.0,18.0
2022-04-07,3,3.8,83.7,1.0,230.0,15.0
2022-04-07,6,2.8,84.2,1.0,320.0,16.0
2022-04-07,9,7.2,74.1,2.0,90.0,18.0
2022-04-07,12,11.4,53.5,7.0,270.0,18.0
2022-04-07,15,10.2,69.1,7.0,250.0,17.0
2022-04-07,18,9.4,74.0,5.0,230.0,16.0
2022-04-07,21,7.4,78.4,6.0,270.0,18.0
2022-04-08,0,5.8,77.1,0.0,0.0,18.0
2022-04-08,3,5.2,77.0,2.0,90.0,18.0
2022-04-08,6,4.5,86.8,3.0,90.0,12.0
2022-04-08,9,8.0,80.2,4.0,90.0,11.0
2022-04-08,12,15.5,68.3,2.0,90.0,15.0
2022-04-08,15,19.3,62.2,6.0,230.0,15.0
2022-04-08,18,18.9,58.9,2.0,230.0,18.0
2022-04-08,21,13.8,66.6,3.0,90.0,16.0
2022-04-09,0,11.6,66.6,5.0,90.0,15.0
2022-04-09,3,11.2,69.3,4.0,90.0,15.0
2022-04-09,6,10.8,76.3,4.0,90.0,15.0
2022-04-09,9,14.5,77.9,1.0,90.0,14.0
2022-04-09,12,20.1,73.4,3.0,90.0,15.0
2022-04-09,15,22.5,68.4,1.0,90.0,16.0
2022-04-09,18,18.3,71.2,3.0,140.0,16.0
2022-04-09,21,13.5,81.5,3.0,90.0,16.0
2022-04-10,0,11.9,81.8,4.0,90.0,15.0
2022-04-10,3,12.2,82.4,4.0,90.0,15.0
2022-04-10,6,11.8,80.2,5.0,90.0,15.0
2022-04-10,9,14.6,86.6,3.0,90.0,15.0
2022-04-10,12,21.1,69.9,3.0,50.0,17.0
2022-04-10,15,23.8,53.9,1.0,290.0,16.0
2022-04-10,18,20.6,54.1,1.0,50.0,17.0
2022-04-10,21,15.3,61.7,2.0,90.0,18.0
2022-04-11,0,13.2,72.6,4.0,90.0,18.0
2022-04-11,3,13.2,81.5,3.0,90.0,17.0
2022-04-11,6,12.7,82.5,3.0,90.0,15.0
2022-04-11,9,16.3,82.9,4.0,90.0,16.0
2022-04-11,12,22.4,74.7,2.0,90.0,16.0
2022-04-11,15,24.8,69.7,1.0,360.0,16.0
2022-04-11,18,21.3,64.3,1.0,360.0,17.0
2022-04-11,21,17.1,85.8,3.0,90.0,15.0
2022-04-12,0,15.7,92.6,3.0,90.0,15.0
2022-04-12,3,14.4,90.7,3.0,320.0,15.0
2022-04-12,6,14.4,90.7,4.0,90.0,16.0
2022-04-12,9,14.0,93.1,3.0,320.0,13.0
2022-04-12,12,11.3,91.1,1.0,320.0,6.0
2022-04-12,15,11.6,89.9,2.0,230.0,12.0
2022-04-12,18,10.2,89.2,3.0,230.0,12.0
2022-04-12,21,10.9,91.1,1.0,230.0,14.0
2022-04-13,0,10.8,87.4,1.0,90.0,17.0
2022-04-13,3,11.0,87.5,2.0,360.0,17.0
2022-04-13,6,10.8,82.8,3.0,50.0,16.0
2022-04-13,9,11.8,75.9,6.0,50.0,18.0
2022-04-13,12,15.4,67.4,6.0,90.0,21.0
2022-04-13,15,17.5,68.3,5.0,90.0,20.0
2022-04-13,18,16.9,62.5,5.0,90.0,19.0
2022-04-13,21,12.4,60.6,4.0,50.0,16.0
2022-04-14,0,9.8,67.6,6.0,50.0,16.0
2022-04-14,3,9.3,68.5,5.0,50.0,15.0
2022-04-14,6,9.2,69.4,5.0,50.0,18.0
2022-04-14,9,12.4,67.2,2.0,50.0,18.0
2022-04-14,12,15.3,59.2,4.0,90.0,18.0
2022-04-14,15,18.3,54.9,2.0,360.0,18.0
2022-04-14,18,13.6,68.9,4.0,230.0,18.0
2022-04-14,21,11.6,65.7,1.0,270.0,17.0
2022-04-15,0,10.2,68.2,0.0,0.0,17.0
2022-04-15,3,9.2,69.4,3.0,90.0,17.0
2022-04-15,6,6.4,69.8,2.0,90.0,15.0
2022-04-15,9,9.9,71.5,1.0,320.0,15.0
2022-04-15,12,13.2,75.7,2.0,230.0,15.0
2022-04-15,15,16.1,64.0,6.0,270.0,11.0
2022-04-15,18,15.6,54.2,7.0,320.0,16.0
2022-04-15,21,11.4,66.1,3.0,270.0,15.0
2022-04-16,0,12.0,64.0,5.0,360.0,15.0
2022-04-16,3,10.0,65.3,1.0,360.0,13.0
2022-04-16,6,7.7,76.8,2.0,270.0,16.0
2022-04-16,9,10.4,74.7,3.0,270.0,16.0
2022-04-16,12,14.0,58.1,6.0,270.0,18.0
2022-04-16,15,17.2,58.1,3.0,320.0,19.0
2022-04-16,18,15.2,64.2,4.0,270.0,18.0
2022-04-16,21,11.2,68.4,4.0,250.0,18.0
2022-04-17,0,10.0,66.7,7.0,270.0,18.0
2022-04-17,3,9.0,67.9,0.0,0.0,18.0
2022-04-17,6,8.0,70.7,0.0,0.0,18.0
2022-04-17,9,10.4,73.1,3.0,90.0,15.0
2022-04-17,12,18.5,60.4,1.0,270.0,15.0
2022-04-17,15,19.1,61.8,6.0,230.0,18.0
2022-04-17,18,14.6,68.6,7.0,230.0,14.0
2022-04-17,21,12.8,71.1,4.0,270.0,15.0
2022-04-18,0,12.4,69.6,4.0,230.0,14.0
2022-04-18,3,10.4,72.1,3.0,140.0,15.0
2022-04-18,6,10.9,73.7,3.0,90.0,11.0
2022-04-18,9,14.0,68.0,1.0,90.0,11.0
2022-04-18,12,17.2,60.5,6.0,230.0,14.0
2022-04-18,15,17.3,69.2,7.0,270.0,11.0
2022-04-18,18,15.3,67.4,5.0,270.0,8.0
2022-04-18,21,11.8,79.6,4.0,270.0,12.0
2022-04-19,0,10.5,84.5,4.0,270.0,15.0
2022-04-19,3,9.5,85.0,1.0,140.0,12.0
2022-04-19,6,8.0,91.5,0.0,0.0,11.0
2022-04-19,9,12.8,76.6,0.0,0.0,9.0
2022-04-19,12,17.5,71.1,1.0,230.0,9.0
2022-04-19,15,19.1,61.8,3.0,270.0,12.0
2022-04-19,18,18.3,60.4,5.0,270.0,14.0
2022-04-19,21,14.6,59.5,3.0,320.0,14.0
2022-04-20,0,13.4,60.0,2.0,50.0,16.0
2022-04-20,3,10.2,74.6,4.0,90.0,15.0
2022-04-20,6,8.5,78.6,5.0,90.0,14.0
2022-04-20,9,13.4,72.7,3.0,50.0,14.0
2022-04-20,12,21.3,60.3,1.0,140.0,11.0
2022-04-20,15,22.5,55.3,4.0,230.0,11.0
2022-04-20,18,21.3,58.7,5.0,230.0,12.0
2022-04-20,21,15.3,66.0,0.0,0.0,11.0
2022-04-21,0,12.7,76.1,3.0,140.0,12.0
2022-04-21,3,11.2,82.9,2.0,90.0,11.0
2022-04-21,6,10.1,81.0,3.0,90.0,11.0
2022-04-21,9,13.4,78.3,4.0,90.0,13.0
2022-04-21,12,20.5,64.2,2.0,90.0,16.0
2022-04-21,15,22.3,63.3,2.0,50.0,16.0
2022-04-21,18,18.1,72.6,2.0,50.0,16.0
2022-04-21,21,14.3,86.6,3.0,140.0,15.0
2022-04-22,0,13.0,89.4,4.0,50.0,12.0
2022-04-22,3,13.2,89.4,3.0,50.0,13.0
2022-04-22,6,14.8,83.9,5.0,230.0,15.0
2022-04-22,9,13.0,90.6,6.0,230.0,5.0
2022-04-22,12,11.5,91.1,6.0,270.0,5.0
2022-04-22,15,12.9,85.9,3.0,230.0,8.0
2022-04-22,18,13.0,78.7,3.0,270.0,9.0
2022-04-22,21,10.8,81.1,3.0,230.0,13.0
2022-04-23,0,9.8,84.4,3.0,320.0,15.0
2022-04-23,3,8.6,84.9,2.0,140.0,16.0
2022-04-23,6,7.2,88.3,0.0,0.0,15.0
2022-04-23,9,11.2,80.6,3.0,90.0,15.0
2022-04-23,12,20.7,56.3,3.0,90.0,15.0
2022-04-23,15,21.8,56.2,5.0,270.0,15.0
2022-04-23,18,17.5,65.6,6.0,320.0,17.0
2022-04-23,21,13.2,81.5,1.0,320.0,15.0
2022-04-24,0,11.9,80.2,1.0,50.0,15.0
2022-04-24,3,10.2,82.2,2.0,90.0,15.0
2022-04-24,6,10.0,78.8,3.0,90.0,15.0
2022-04-24,9,13.9,76.3,3.0,90.0,11.0
2022-04-24,12,18.9,70.4,3.0,140.0,18.0
2022-04-24,15,20.7,75.4,3.0,270.0,18.0
2022-04-24,18,19.3,77.1,1.0,270.0,16.0
2022-04-24,21,15.5,85.0,2.0,270.0,16.0
2022-04-25,0,14.6,84.4,2.0,90.0,16.0
2022-04-25,3,14.6,93.1,2.0,90.0,16.0
2022-04-25,6,14.8,93.1,3.0,90.0,12.0
2022-04-25,9,16.5,90.3,3.0,90.0,9.0
2022-04-25,12,21.5,77.5,0.0,0.0,11.0
2022-04-25,15,23.5,74.9,2.0,230.0,15.0
2022-04-25,18,20.5,84.0,3.0,270.0,14.0
2022-04-25,21,17.7,82.0,0.0,0.0,15.0
2022-04-26,0,15.5,90.2,3.0,360.0,12.0
2022-04-26,3,15.4,91.4,1.0,50.0,15.0
2022-04-26,6,13.8,93.1,0.0,0.0,6.0
2022-04-26,9,16.8,90.3,0.0,0.0,6.0
2022-04-26,12,22.9,68.9,3.0,320.0,11.0
2022-04-26,15,20.1,71.1,7.0,270.0,12.0
2022-04-26,18,14.0,75.8,7.0,320.0,13.0
2022-04-26,21,12.9,79.8,7.0,270.0,12.0
2022-04-27,0,14.5,55.1,7.0,360.0,12.0
2022-04-27,3,12.8,54.6,4.0,320.0,12.0
2022-04-27,6,10.8,60.2,4.0,360.0,12.0
2022-04-27,9,14.1,64.0,2.0,320.0,16.0
2022-04-27,12,17.5,59.0,2.0,50.0,16.0
2022-04-27,15,17.1,55.0,6.0,230.0,17.0
2022-04-27,18,15.7,50.3,6.0,320.0,17.0
2022-04-27,21,11.2,67.0,5.0,270.0,17.0
2022-04-28,0,10.4,72.1,5.0,270.0,15.0
2022-04-28,3,9.6,80.4,2.0,270.0,15.0
2022-04-28,6,9.2,84.3,1.0,50.0,15.0
2022-04-28,9,12.1,79.1,1.0,90.0,15.0
2022-04-28,12,18.6,60.4,1.0,360.0,18.0
2022-04-28,15,19.1,61.0,3.0,320.0,16.0
2022-04-28,18,16.4,61.5,4.0,50.0,16.0
2022-04-28,21,12.3,70.5,4.0,360.0,16.0
2022-04-29,0,12.5,71.5,2.0,50.0,15.0
2022-04-29,3,9.5,91.0,3.0,50.0,13.0
2022-04-29,6,8.1,91.5,5.0,20.0,9.0
2022-04-29,9,8.6,88.4,2.0,50.0,9.0
2022-04-29,12,11.0,82.3,5.0,50.0,12.0
2022-04-29,15,14.6,72.9,1.0,90.0,15.0
2022-04-29,18,15.7,69.3,1.0,50.0,16.0
2022-04-29,21,12.6,80.3,0.0,0.0,17.0
2022-04-30,0,11.0,84.5,2.0,230.0,15.0
2022-04-30,3,10.8,85.1,2.0,140.0,15.0
2022-04-30,6,10.4,89.8,0.0,0.0,12.0
2022-04-30,9,12.0,85.8,0.0,0.0,11.0
2022-04-30,12,12.2,83.0,7.0,230.0,14.0
2022-04-30,15,12.4,81.4,7.0,270.0,11.0
2022-04-30,18,13.4,73.7,7.0,270.0,16.0
2022-04-30,21,11.4,70.3,6.0,270.0,16.0
2022-05-01,0,9.8,81.6,4.0,270.0,16.0
2022-05-01,3,9.6,78.8,4.0,270.0,15.0
2022-05-01,6,8.8,81.4,3.0,270.0,15.0
2022-05-01,9,13.2,67.9,2.0,230.0,18.0
2022-05-01,12,15.6,63.9,7.0,270.0,14.0
2022-05-01,15,13.7,75.2,8.0,230.0,11.0
2022-05-01,18,13.5,77.8,4.0,230.0,13.0
2022-05-01,21,10.6,82.2,2.0,270.0,13.0
2022-05-02,0,9.2,87.9,3.0,270.0,11.0
2022-05-02,3,8.9,92.2,3.0,270.0,15.0
2022-05-02,6,8.3,88.4,1.0,270.0,13.0
2022-05-02,9,13.2,62.1,3.0,360.0,15.0
2022-05-02,12,15.7,60.1,4.0,50.0,15.0
2022-05-02,15,16.3,62.4,0.0,0.0,15.0
2022-05-02,18,15.9,63.1,5.0,270.0,15.0
2022-05-02,21,11.8,73.9,3.0,290.0,15.0
2022-05-03,0,10.3,71.1,4.0,270.0,15.0
2022-05-03,3,9.4,74.0,2.0,140.0,15.0
2022-05-03,6,7.6,74.7,3.0,140.0,15.0
2022-05-03,9,12.7,68.7,2.0,90.0,16.0
2022-05-03,12,19.8,55.3,7.0,230.0,18.0
2022-05-03,15,21.1,51.1,8.0,230.0,15.0
2022-05-03,18,18.9,45.9,3.0,230.0,16.0
2022-05-03,21,13.8,66.6,2.0,50.0,15.0
2022-05-04,0,11.8,75.9,5.0,90.0,17.0
2022-05-04,3,13.4,73.7,4.0,90.0,15.0
2022-05-04,6,12.0,78.6,5.0,90.0,16.0
2022-05-04,9,17.7,76.9,5.0,90.0,17.0
2022-05-04,12,24.7,64.7,3.0,90.0,15.0
2022-05-04,15,25.5,63.2,2.0,320.0,17.0
2022-05-04,18,22.0,65.7,2.0,50.0,19.0
2022-05-04,21,17.1,74.8,2.0,120.0,18.0
2022-05-05,0,14.4,82.2,3.0,90.0,18.0
2022-05-05,3,12.8,85.9,5.0,90.0,18.0
2022-05-05,6,12.0,85.8,3.0,90.0,16.0
2022-05-05,9,16.6,75.2,5.0,50.0,17.0
2022-05-05,12,24.2,57.2,3.0,50.0,18.0
2022-05-05,15,25.9,54.0,3.0,360.0,21.0
2022-05-05,18,22.1,67.0,4.0,180.0,21.0
2022-05-05,21,16.8,73.8,2.0,50.0,19.0
2022-05-06,0,15.0,85.6,2.0,90.0,17.0
2022-05-06,3,13.6,91.8,3.0,50.0,17.0
2022-05-06,6,13.6,90.0,1.0,90.0,18.0
2022-05-06,9,19.9,75.8,1.0,140.0,15.0
2022-05-06,12,22.9,69.4,4.0,270.0,15.0
2022-05-06,15,25.1,67.2,1.0,230.0,15.0
2022-05-06,18,15.4,90.2,4.0,270.0,11.0
2022-05-06,21,13.0,89.4,7.0,270.0,8.0
2022-05-07,0,12.6,91.8,5.0,270.0,8.0
2022-05-07,3,12.0,85.8,5.0,270.0,11.0
2022-05-07,6,12.2,84.7,1.0,320.0,15.0
2022-05-07,9,16.0,67.5,3.0,320.0,17.0
2022-05-07,12,18.4,57.6,5.0,360.0,19.0
2022-05-07,15,19.0,53.3,3.0,360.0,19.0
2022-05-07,18,17.2,51.1,2.0,320.0,19.0
2022-05-07,21,14.8,57.5,3.0,360.0,18.0
2022-05-08,0,13.1,73.6,3.0,360.0,17.0
2022-05-08,3,13.0,74.6,1.0,360.0,17.0
2022-05-08,6,12.2,62.7,1.0,90.0,16.0
2022-05-08,9,13.2,67.4,2.0,50.0,15.0
2022-05-08,12,17.1,65.1,2.0,50.0,15.0
2022-05-08,15,17.2,62.6,0.0,0.0,15.0
2022-05-08,18,12.5,83.6,0.0,0.0,12.0
2022-05-08,21,11.8,85.2,1.0,200.0,15.0
2022-05-09,0,10.3,86.8,1.0,270.0,15.0
2022-05-09,3,9.0,90.3,0.0,0.0,16.0
2022-05-09,6,9.0,90.3,0.0,0.0,18.0
2022-05-09,9,13.3,82.0,1.0,230.0,16.0
2022-05-09,12,18.0,70.7,3.0,230.0,19.0
2022-05-09,15,22.2,64.1,2.0,270.0,19.0
2022-05-09,18,16.9,69.5,4.0,230.0,18.0
2022-05-09,21,13.7,82.6,4.0,180.0,18.0
2022-05-10,0,11.5,85.2,0.0,0.0,17.0
2022-05-10,3,10.6,88.6,2.0,290.0,17.0
2022-05-10,6,10.7,91.0,1.0,90.0,14.0
2022-05-10,9,14.6,80.0,3.0,90.0,12.0
2022-05-10,12,22.5,65.4,2.0,90.0,15.0
2022-05-10,15,19.7,69.6,3.0,270.0,16.0
2022-05-10,18,15.3,72.5,4.0,270.0,16.0
2022-05-10,21,13.8,77.3,4.0,270.0,15.0
2022-05-11,0,13.6,78.3,0.0,0.0,11.0
2022-05-11,3,13.4,86.0,0.0,0.0,13.0
2022-05-11,6,13.3,82.6,0.0,0.0,13.0
2022-05-11,9,15.0,77.5,1.0,230.0,15.0
2022-05-11,12,17.5,77.9,2.0,320.0,15.0
2022-05-11,15,17.1,74.8,5.0,250.0,15.0
2022-05-11,18,15.2,72.5,3.0,270.0,15.0
2022-05-11,21,13.8,77.3,2.0,250.0,15.0
2022-05-12,0,12.0,87.6,2.0,320.0,15.0
2022-05-12,3,11.8,90.5,1.0,320.0,14.0
2022-05-12,6,11.0,92.3,1.0,50.0,13.0
2022-05-12,9,15.0,81.7,2.0,50.0,11.0
2022-05-12,12,20.4,64.1,1.0,360.0,11.0
2022-05-12,15,17.7,73.9,2.0,250.0,11.0
2022-05-12,18,18.6,69.4,1.0,320.0,12.0
2022-05-12,21,16.6,72.3,1.0,20.0,12.0
2022-05-13,0,15.0,77.5,2.0,230.0,13.0
2022-05-13,3,14.3,82.2,1.0,320.0,15.0
2022-05-13,6,13.6,79.4,1.0,270.0,15.0
2022-05-13,9,16.2,76.2,2.0,270.0,15.0
2022-05-13,12,16.5,82.4,2.0,270.0,16.0
2022-05-13,15,17.5,70.6,0.0,0.0,15.0
2022-05-13,18,16.8,75.8,3.0,320.0,15.0
2022-05-13,21,13.0,90.6,6.0,270.0,8.0
2022-05-14,0,12.4,91.8,3.0,270.0,11.0
2022-05-14,3,10.6,89.8,3.0,270.0,18.0
2022-05-14,6,10.4,89.8,3.0,270.0,18.0
2022-05-14,9,15.0,65.5,3.0,320.0,18.0
2022-05-14,12,16.3,63.6,6.0,320.0,18.0
2022-05-14,15,16.0,62.3,8.0,270.0,17.0
2022-05-14,18,15.3,68.3,7.0,270.0,18.0
2022-05-14,21,13.2,72.6,3.0,320.0,18.0
2022-05-15,0,11.9,78.1,2.0,320.0,16.0
2022-05-15,3,10.1,81.0,1.0,270.0,18.0
2022-05-15,6,9.5,87.3,1.0,230.0,18.0
2022-05-15,9,14.0,75.8,2.0,230.0,18.0
2022-05-15,12,18.9,57.4,1.0,230.0,18.0
2022-05-15,15,19.5,54.2,9.0,270.0,18.0
2022-05-15,18,18.7,55.8,7.0,270.0,18.0
2022-05-15,21,15.5,58.5,4.0,230.0,17.0
2022-05-16,0,13.6,63.4,1.0,270.0,17.0
2022-05-16,3,12.2,77.6,1.0,230.0,17.0
2022-05-16,6,9.6,82.7,4.0,140.0,17.0
2022-05-16,9,16.9,77.3,1.0,50.0,18.0
2022-05-16,12,20.1,65.3,1.0,230.0,15.0
2022-05-16,15,20.7,62.1,7.0,270.0,11.0
2022-05-16,18,20.3,64.1,4.0,270.0,13.0
2022-05-16,21,16.4,74.7,1.0,320.0,13.0
2022-05-17,0,14.8,76.9,0.0,0.0,13.0
2022-05-17,3,13.2,83.7,2.0,90.0,14.0
2022-05-17,6,12.4,91.8,4.0,90.0,8.0
2022-05-17,9,17.1,85.8,4.0,90.0,8.0
2022-05-17,12,21.7,71.8,3.0,140.0,14.0
2022-05-17,15,24.7,64.3,3.0,140.0,16.0
2022-05-17,18,24.1,66.6,3.0,230.0,16.0
2022-05-17,21,19.7,73.8,2.0,70.0,14.0
2022-05-18,0,16.4,80.3,2.0,90.0,14.0
2022-05-18,3,15.0,90.2,5.0,90.0,13.0
2022-05-18,6,15.0,90.2,6.0,140.0,8.0
2022-05-18,9,17.1,89.7,0.0,0.0,8.0
2022-05-18,12,19.1,89.3,3.0,90.0,8.0
2022-05-18,15,21.1,90.0,0.0,0.0,11.0
2022-05-18,18,22.7,70.2,2.0,140.0,13.0
2022-05-18,21,17.8,85.8,2.0,270.0,15.0
2022-05-19,0,16.1,89.1,2.0,140.0,13.0
2022-05-19,3,14.4,88.9,3.0,90.0,12.0
2022-05-19,6,13.4,91.8,1.0,90.0,11.0
2022-05-19,9,17.1,87.4,3.0,90.0,12.0
2022-05-19,12,22.9,75.3,1.0,90.0,13.0
2022-05-19,15,26.4,64.2,3.0,90.0,15.0
2022-05-19,18,24.1,70.5,2.0,270.0,16.0
2022-05-19,21,19.3,79.7,2.0,270.0,13.0
2022-05-20,0,16.5,90.3,3.0,140.0,13.0
2022-05-20,3,15.3,91.9,3.0,90.0,14.0
2022-05-20,6,14.0,87.7,2.0,140.0,12.0
2022-05-20,9,18.5,83.7,3.0,50.0,16.0
2022-05-20,12,22.6,73.4,2.0,140.0,17.0
2022-05-20,15,24.6,68.0,3.0,270.0,19.0
2022-05-20,18,24.1,69.6,2.0,270.0,17.0
2022-05-20,21,18.5,69.4,2.0,270.0,17.0
2022-05-21,0,16.4,84.0,3.0,140.0,15.0
2022-05-21,3,14.6,91.9,3.0,90.0,13.0
2022-05-21,6,14.1,91.9,1.0,140.0,3.5
2022-05-21,9,18.4,84.8,2.0,140.0,11.0
2022-05-21,12,23.9,73.6,2.0,90.0,12.0
2022-05-21,15,24.5,71.5,3.0,230.0,15.0
2022-05-21,18,23.1,71.2,5.0,270.0,19.0
2022-05-21,21,19.0,77.1,1.0,360.0,16.0
2022-05-22,0,17.5,84.2,1.0,270.0,15.0
2022-05-22,3,16.1,87.4,3.0,140.0,15.0
2022-05-22,6,14.9,91.9,3.0,120.0,8.0
2022-05-22,9,19.3,83.3,3.0,50.0,8.0
2022-05-22,12,22.8,75.8,1.0,140.0,17.0
2022-05-22,15,25.1,74.7,2.0,90.0,16.0
2022-05-22,18,23.6,78.3,3.0,230.0,15.0
2022-05-22,21,18.9,87.6,2.0,270.0,9.0
2022-05-23,0,17.5,93.9,0.0,0.0,9.0
2022-05-23,3,16.6,92.6,0.0,0.0,8.0
2022-05-23,6,16.3,92.6,4.0,90.0,9.0
2022-05-23,9,20.7,84.5,3.0,90.0,9.0
2022-05-23,12,26.1,69.6,1.0,90.0,14.0
2022-05-23,15,29.7,66.1,1.0,270.0,16.0
2022-05-23,18,27.9,66.6,4.0,230.0,15.0
2022-05-23,21,22.5,74.8,4.0,270.0,15.0
2022-05-24,0,21.8,75.6,1.0,140.0,16.0
2022-05-24,3,19.5,75.2,2.0,360.0,17.0
2022-05-24,6,16.9,88.0,3.0,90.0,14.0
2022-05-24,9,19.9,76.7,3.0,140.0,15.0
2022-05-24,12,27.1,64.0,0.0,0.0,16.0
2022-05-24,15,27.1,62.8,10.0,180.0,16.0
2022-05-24,18,25.1,64.8,4.0,230.0,17.0
2022-05-24,21,22.1,69.7,3.0,230.0,17.0
2022-05-25,0,20.1,72.5,1.0,230.0,16.0
2022-05-25,3,18.3,74.5,2.0,140.0,16.0
2022-05-25,6,16.2,91.4,3.0,140.0,15.0
2022-05-25,9,19.6,84.4,1.0,90.0,17.0
2022-05-25,12,24.1,71.8,2.0,320.0,18.0
2022-05-25,15,18.9,91.0,1.0,230.0,9.0
2022-05-25,18,15.0,93.1,3.0,270.0,9.0
2022-05-25,21,14.6,88.9,5.0,230.0,13.0
2022-05-26,0,13.8,88.9,4.0,230.0,14.0
2022-05-26,3,13.6,88.3,5.0,270.0,13.0
2022-05-26,6,12.6,87.0,2.0,270.0,18.0
2022-05-26,9,16.7,74.7,2.0,180.0,17.0
2022-05-26,12,20.1,71.1,9.0,270.0,18.0
2022-05-26,15,20.3,73.4,5.0,230.0,18.0
2022-05-26,18,17.5,71.5,5.0,230.0,14.0
2022-05-26,21,14.2,91.9,2.0,230.0,11.0
2022-05-27,0,14.1,91.9,2.0,230.0,14.0
2022-05-27,3,12.9,87.1,1.0,320.0,15.0
2022-05-27,6,13.0,91.2,1.0,230.0,15.0
2022-05-27,9,16.1,81.8,3.0,270.0,16.0
2022-05-27,12,19.7,73.8,1.0,230.0,17.0
2022-05-27,15,22.6,69.8,3.0,270.0,17.0
2022-05-27,18,22.8,72.0,3.0,270.0,18.0
2022-05-27,21,19.3,77.1,1.0,230.0,18.0
2022-05-28,0,16.7,80.3,2.0,50.0,18.0
2022-05-28,3,15.9,85.1,4.0,90.0,16.0
2022-05-28,6,15.6,86.7,4.0,90.0,17.0
2022-05-28,9,19.9,80.3,3.0,90.0,17.0
2022-05-28,12,25.8,74.4,2.0,50.0,18.0
2022-05-28,15,30.0,65.0,0.0,0.0,18.0
2022-05-28,18,27.3,63.6,4.0,230.0,18.0
2022-05-28,21,24.4,72.3,2.0,140.0,18.0
2022-05-29,0,19.3,89.3,2.0,90.0,17.0
2022-05-29,3,18.0,82.1,3.0,90.0,17.0
2022-05-29,6,18.5,92.7,3.0,90.0,5.0
2022-05-29,9,20.0,88.3,3.0,90.0,14.0
2022-05-29,12,23.7,77.3,0.0,0.0,15.0
2022-05-29,15,22.5,79.1,2.0,50.0,18.0
2022-05-29,18,22.5,81.6,1.0,90.0,18.0
2022-05-29,21,20.1,83.4,2.0,90.0,18.0
2022-05-30,0,18.3,84.3,2.0,90.0,18.0
2022-05-30,3,17.3,87.5,0.0,0.0,17.0
2022-05-30,6,17.1,92.6,0.0,0.0,5.0
2022-05-30,9,17.9,93.9,0.0,0.0,2.5
2022-05-30,12,17.5,90.9,2.0,270.0,13.0
2022-05-30,15,19.7,73.3,5.0,320.0,20.0
2022-05-30,18,20.7,75.9,3.0,230.0,18.0
2022-05-30,21,17.3,79.9,5.0,270.0,17.0
2022-05-31,0,15.7,79.1,3.0,320.0,17.0
2022-05-31,3,14.5,86.6,0.0,0.0,15.0
2022-05-31,6,15.5,79.1,2.0,270.0,15.0
2022-05-31,9,19.4,79.7,1.0,230.0,17.0
2022-05-31,12,23.9,65.7,0.0,0.0,20.0
2022-05-31,15,26.3,60.3,3.0,230.0,20.0
2022-05-31,18,24.4,67.1,4.0,230.0,19.0
2022-05-31,21,19.6,74.8,1.0,50.0,18.0
2022-06-01,0,17.9,80.0,4.0,90.0,16.0
2022-06-01,3,15.7,91.4,2.0,140.0,6.0
2022-06-01,6,14.8,95.6,1.0,90.0,8.0
2022-06-01,9,18.8,82.2,4.0,140.0,15.0
2022-06-01,12,23.9,77.4,0.0,0.0,18.0
2022-06-01,15,25.0,74.3,4.0,230.0,18.0
2022-06-01,18,23.3,69.9,3.0,270.0,16.0
2022-06-01,21,17.5,78.9,2.0,270.0,16.0
2022-06-02,0,17.3,87.5,2.0,270.0,16.0
2022-06-02,3,16.1,91.4,2.0,50.0,13.0
2022-06-02,6,15.3,91.4,1.0,90.0,14.0
2022-06-02,9,20.5,76.8,1.0,20.0,14.0
2022-06-02,12,25.0,73.3,1.0,90.0,15.0
2022-06-02,15,24.5,71.5,4.0,270.0,18.0
2022-06-02,18,23.6,75.0,3.0,230.0,18.0
2022-06-02,21,19.3,85.5,2.0,230.0,18.0
2022-06-03,0,17.7,89.8,2.0,50.0,15.0
2022-06-03,3,17.7,91.5,1.0,50.0,11.0
2022-06-03,6,17.9,92.1,2.0,50.0,8.0
2022-06-03,9,19.3,83.3,2.0,90.0,8.0
2022-06-03,12,24.8,69.7,2.0,140.0,16.0
2022-06-03,15,27.8,64.5,2.0,50.0,17.0
2022-06-03,18,25.8,71.7,1.0,270.0,15.0
2022-06-03,21,23.7,77.3,1.0,270.0,17.0
2022-06-04,0,21.0,90.6,1.0,230.0,17.0
2022-06-04,3,19.2,88.8,0.0,0.0,17.0
2022-06-04,6,19.1,90.4,3.0,90.0,15.0
2022-06-04,9,22.1,81.6,1.0,140.0,15.0
2022-06-04,12,23.6,77.8,1.0,50.0,18.0
2022-06-04,15,24.1,73.6,1.0,140.0,18.0
2022-06-04,18,25.3,73.4,0.0,0.0,16.0
2022-06-04,21,19.9,83.9,0.0,0.0,15.0
2022-06-05,0,20.1,87.7,1.0,360.0,15.0
2022-06-05,3,20.1,89.4,1.0,50.0,15.0
2022-06-05,6,19.5,90.5,0.0,0.0,11.0
2022-06-05,9,21.0,81.9,1.0,230.0,9.0
2022-06-05,12,24.1,76.0,2.0,50.0,9.0
2022-06-05,15,23.5,77.3,2.0,230.0,9.0
2022-06-05,18,20.2,86.1,4.0,270.0,9.0
2022-06-05,21,19.3,86.5,2.0,230.0,9.0
2022-06-06,0,18.0,89.2,3.0,360.0,9.0
2022-06-06,3,16.0,91.4,3.0,20.0,8.0
2022-06-06,6,16.7,80.3,6.0,90.0,12.0
2022-06-06,9,19.6,77.7,3.0,90.0,19.0
2022-06-06,12,21.7,70.5,5.0,90.0,19.0
2022-06-06,15,22.8,70.7,2.0,90.0,18.0
2022-06-06,18,20.5,75.4,5.0,90.0,18.0
2022-06-06,21,19.2,78.1,4.0,90.0,18.0
2022-06-07,0,16.5,77.2,6.0,90.0,18.0
2022-06-07,3,15.4,79.6,3.0,140.0,17.0
2022-06-07,6,13.4,89.4,3.0,140.0,17.0
2022-06-07,9,16.5,83.0,2.0,90.0,19.0
2022-06-07,12,19.7,73.8,2.0,90.0,19.0
2022-06-07,15,22.1,67.0,2.0,140.0,18.0
2022-06-07,18,20.5,72.1,2.0,270.0,18.0
2022-06-07,21,19.1,71.8,2.0,90.0,18.0
2022-06-08,0,16.3,78.2,2.0,50.0,18.0
2022-06-08,3,15.3,82.8,2.0,50.0,16.0
2022-06-08,6,14.8,75.9,1.0,90.0,16.0
2022-06-08,9,19.5,73.8,2.0,90.0,15.0
2022-06-08,12,23.3,70.3,1.0,90.0,15.0
2022-06-08,15,24.7,70.2,3.0,230.0,18.0
2022-06-08,18,22.8,72.5,2.0,270.0,15.0
2022-06-08,21,19.7,77.7,3.0,270.0,15.0
2022-06-09,0,17.1,85.8,1.0,270.0,15.0
2022-06-09,3,17.7,91.5,1.0,50.0,15.0
2022-06-09,6,17.7,89.8,1.0,140.0,13.0
2022-06-09,9,17.8,90.9,1.0,180.0,11.0
2022-06-09,12,20.5,85.0,3.0,90.0,9.0
2022-06-09,15,19.6,93.4,4.0,270.0,11.0
2022-06-09,18,19.0,89.9,2.0,140.0,13.0
2022-06-09,21,18.7,88.7,2.0,50.0,11.0
2022-06-10,0,17.5,89.8,1.0,140.0,12.0
2022-06-10,3,17.3,90.3,2.0,90.0,13.0
2022-06-10,6,16.8,90.3,2.0,90.0,11.0
2022-06-10,9,17.3,95.7,1.0,320.0,4.1
2022-06-10,12,17.5,95.1,1.0,50.0,9.0
2022-06-10,15,19.1,88.2,3.0,50.0,13.0
2022-06-10,18,19.4,82.8,0.0,0.0,15.0
2022-06-10,21,17.8,83.7,0.0,0.0,14.0
2022-06-11,0,17.1,87.4,0.0,0.0,15.0
2022-06-11,3,16.9,79.3,0.0,0.0,15.0
2022-06-11,6,16.7,91.4,2.0,90.0,11.0
2022-06-11,9,19.7,89.9,1.0,50.0,11.0
2022-06-11,12,24.3,76.5,2.0,50.0,13.0
2022-06-11,15,25.9,74.9,3.0,230.0,15.0
2022-06-11,18,26.9,75.5,2.0,320.0,14.0
2022-06-11,21,21.5,77.5,1.0,50.0,15.0
2022-06-12,0,19.1,87.1,0.0,0.0,15.0
2022-06-12,3,18.9,83.3,3.0,50.0,15.0
2022-06-12,6,18.1,88.1,2.0,90.0,17.0
2022-06-12,9,20.7,83.5,2.0,50.0,15.0
2022-06-12,12,24.9,75.6,3.0,90.0,17.0
2022-06-12,15,26.6,73.6,0.0,0.0,18.0
2022-06-12,18,24.9,78.5,3.0,270.0,17.0
2022-06-12,21,22.2,83.1,2.0,270.0,15.0
2022-06-13,0,20.9,85.1,2.0,50.0,14.0
2022-06-13,3,20.0,89.4,2.0,140.0,13.0
2022-06-13,6,19.6,90.5,1.0,140.0,9.0
2022-06-13,9,21.7,86.2,1.0,90.0,9.0
2022-06-13,12,23.9,83.8,0.0,0.0,10.0
2022-06-13,15,24.7,86.0,0.0,0.0,11.0
2022-06-13,18,19.5,91.0,1.0,50.0,13.0
2022-06-13,21,18.4,92.1,4.0,50.0,11.0
2022-06-14,0,18.3,91.0,2.0,50.0,13.0
2022-06-14,3,17.6,88.1,3.0,50.0,14.0
2022-06-14,6,17.5,85.8,3.0,90.0,17.0
2022-06-14,9,21.1,72.2,3.0,90.0,15.0
2022-06-14,12,23.7,71.8,5.0,90.0,18.0
2022-06-14,15,24.6,70.1,6.0,70.0,18.0
2022-06-14,18,24.1,66.6,5.0,90.0,18.0
2022-06-14,21,20.6,76.4,5.0,90.0,15.0
2022-06-15,0,18.7,73.2,6.0,90.0,15.0
2022-06-15,3,14.8,91.9,3.0,90.0,6.0
2022-06-15,6,14.0,91.9,3.0,90.0,12.0
2022-06-15,9,14.3,98.7,2.0,50.0,3.5
2022-06-15,12,20.2,87.7,3.0,70.0,15.0
2022-06-15,15,18.9,84.9,1.0,360.0,18.0
2022-06-15,18,18.9,82.2,0.0,0.0,18.0
2022-06-15,21,17.9,85.9,2.0,320.0,15.0
2022-06-16,0,15.7,90.2,3.0,230.0,15.0
2022-06-16,3,16.1,91.4,2.0,320.0,15.0
2022-06-16,6,16.1,91.4,1.0,230.0,15.0
2022-06-16,9,18.2,91.0,3.0,230.0,9.0
2022-06-16,12,21.7,84.1,3.0,270.0,14.0
2022-06-16,15,23.8,77.4,4.0,20.0,19.0
2022-06-16,18,23.4,70.8,4.0,270.0,16.0
2022-06-16,21,20.1,75.3,2.0,320.0,15.0
2022-06-17,0,18.5,86.5,2.0,50.0,15.0
2022-06-17,3,17.1,89.7,2.0,90.0,15.0
2022-06-17,6,17.5,89.8,2.0,90.0,16.0
2022-06-17,9,19.6,84.4,3.0,90.0,13.0
2022-06-17,12,24.3,81.3,2.0,90.0,16.0
2022-06-17,15,27.1,76.0,0.0,0.0,16.0
2022-06-17,18,24.8,82.9,1.0,50.0,16.0
2022-06-17,21,22.7,86.9,1.0,50.0,17.0
2022-06-18,0,21.8,85.7,0.0,0.0,16.0
2022-06-18,3,20.7,84.5,0.0,0.0,15.0
2022-06-18,6,20.4,92.8,1.0,50.0,15.0
2022-06-18,9,22.3,84.2,1.0,90.0,13.0
2022-06-18,12,22.7,85.3,2.0,90.0,15.0
2022-06-18,15,24.5,83.4,1.0,50.0,15.0
2022-06-18,18,24.5,83.4,1.0,320.0,15.0
2022-06-18,21,22.5,90.1,1.0,230.0,13.0
2022-06-19,0,21.6,91.7,1.0,90.0,13.0
2022-06-19,3,20.9,90.0,1.0,90.0,15.0
2022-06-19,6,20.3,90.0,1.0,90.0,11.0
2022-06-19,9,22.4,88.5,2.0,140.0,12.0
2022-06-19,12,24.9,86.0,2.0,90.0,12.0
2022-06-19,15,25.5,82.0,2.0,90.0,15.0
2022-06-19,18,23.9,87.5,2.0,320.0,14.0
2022-06-19,21,22.8,88.0,2.0,200.0,11.0
2022-06-20,0,21.9,90.1,1.0,50.0,12.0
2022-06-20,3,21.7,90.6,2.0,140.0,11.0
2022-06-20,6,21.3,90.0,2.0,140.0,11.0
2022-06-20,9,25.3,86.1,1.0,90.0,11.0
2022-06-20,12,27.3,82.2,1.0,90.0,15.0
2022-06-20,15,29.0,74.9,0.0,0.0,15.0
2022-06-20,18,27.5,72.0,3.0,320.0,18.0
2022-06-20,21,22.6,81.1,2.0,320.0,16.0
2022-06-21,0,21.1,76.0,0.0,0.0,16.0
2022-06-21,3,21.0,87.8,0.0,0.0,7.0
2022-06-21,6,21.3,87.8,0.0,0.0,7.0
2022-06-21,9,22.3,88.5,1.0,230.0,8.0
2022-06-21,12,26.1,83.1,1.0,180.0,9.0
2022-06-21,15,29.2,76.3,1.0,230.0,12.0
2022-06-21,18,24.4,79.9,5.0,270.0,15.0
2022-06-21,21,22.2,91.8,4.0,250.0,13.0
2022-06-22,0,21.1,94.0,1.0,90.0,14.0
2022-06-22,3,21.1,88.9,1.0,360.0,14.0
2022-06-22,6,21.7,89.0,1.0,90.0,8.0
2022-06-22,9,25.5,83.0,3.0,140.0,11.0
2022-06-22,12,28.3,71.3,2.0,320.0,16.0
2022-06-22,15,29.7,71.5,3.0,320.0,16.0
2022-06-22,18,26.7,80.7,1.0,320.0,16.0
2022-06-22,21,24.6,83.4,1.0,320.0,13.0
2022-06-23,0,23.3,88.5,4.0,90.0,13.0
2022-06-23,3,22.4,89.0,4.0,140.0,75.0
2022-06-23,6,21.9,88.4,3.0,70.0,13.0
2022-06-23,9,22.1,90.1,3.0,90.0,13.0
2022-06-23,12,22.0,94.6,3.0,90.0,6.0
2022-06-23,15,22.5,94.7,2.0,90.0,6.0
2022-06-23,18,22.9,97.6,0.0,0.0,4.1
2022-06-23,21,22.9,96.4,3.0,230.0,6.0
2022-06-24,0,20.2,98.2,5.0,270.0,3.0
2022-06-24,3,19.7,98.2,3.0,270.0,3.0
2022-06-24,6,19.8,94.6,0.0,0.0,2.0
2022-06-24,9,21.7,90.1,1.0,140.0,8.0
2022-06-24,12,25.3,77.6,4.0,230.0,13.0
2022-06-24,15,25.7,78.6,7.0,230.0,11.0
2022-06-24,18,25.0,83.5,3.0,270.0,12.0
2022-06-24,21,22.6,79.1,3.0,270.0,14.0
2022-06-25,0,21.0,87.3,1.0,270.0,15.0
2022-06-25,3,22.3,77.6,1.0,230.0,15.0
2022-06-25,6,19.9,89.4,1.0,90.0,18.0
2022-06-25,9,25.1,77.6,4.0,90.0,18.0
2022-06-25,12,28.2,71.7,3.0,140.0,18.0
2022-06-25,15,31.9,75.8,1.0,50.0,18.0
2022-06-25,18,29.9,76.0,3.0,50.0,16.0
2022-06-25,21,25.1,87.6,3.0,50.0,8.0
2022-06-26,0,24.4,89.2,2.0,50.0,9.0
2022-06-26,3,24.1,93.0,3.0,50.0,11.0
2022-06-26,6,20.5,94.6,20.0,50.0,3.0
2022-06-26,9,21.3,90.6,3.0,320.0,4.0
2022-06-26,12,24.6,97.0,0.0,0.0,13.0
2022-06-26,15,26.5,87.2,2.0,50.0,15.0
2022-06-26,18,26.1,90.9,1.0,50.0,8.0
2022-06-26,21,24.8,89.2,4.0,90.0,8.0
2022-06-27,0,23.1,90.2,4.0,140.0,13.0
2022-06-27,3,23.9,88.1,1.0,90.0,13.0
2022-06-27,6,22.9,91.8,1.0,90.0,13.0
2022-06-27,9,23.3,90.7,1.0,140.0,13.0
2022-06-27,12,24.5,89.7,0.0,0.0,18.0
2022-06-27,15,23.3,91.3,1.0,90.0,15.0
2022-06-27,18,23.9,95.9,2.0,50.0,15.0
2022-06-27,21,23.7,95.3,3.0,140.0,12.0
2022-06-28,0,24.5,91.4,2.0,140.0,12.0
2022-06-28,3,23.5,95.9,1.0,140.0,8.0
2022-06-28,6,24.2,97.0,1.0,140.0,11.0
2022-06-28,9,23.4,93.6,5.0,180.0,4.0
2022-06-28,12,23.8,95.9,2.0,230.0,11.0
2022-06-28,15,23.6,97.6,5.0,140.0,9.0
2022-06-28,18,24.1,95.3,2.0,230.0,9.0
2022-06-28,21,23.1,97.0,2.0,270.0,4.0
2022-06-29,0,23.5,97.6,2.0,140.0,4.0
2022-06-29,3,23.2,97.6,5.0,230.0,4.0
2022-06-29,6,22.8,95.3,1.0,200.0,4.5
2022-06-29,9,23.2,90.2,0.0,0.0,15.0
2022-06-29,12,26.3,90.9,1.0,270.0,15.0
2022-06-29,15,28.5,81.9,3.0,320.0,15.0
2022-06-29,18,26.0,92.0,0.0,0.0,15.0
2022-06-29,21,24.3,92.5,0.0,0.0,13.0
2022-06-30,0,23.8,90.8,0.0,0.0,15.0
2022-06-30,3,23.7,85.4,3.0,90.0,15.0
2022-06-30,6,23.4,88.0,1.0,90.0,15.0
2022-06-30,9,24.4,92.5,1.0,90.0,13.0
2022-06-30,12,27.9,82.8,1.0,50.0,18.0
2022-06-30,15,26.1,84.1,1.0,140.0,15.0
2022-06-30,18,25.5,85.0,2.0,140.0,18.0
2022-06-30,21,24.3,89.7,0.0,0.0,16.0
2022-07-01,0,23.1,90.2,1.0,140.0,12.0
2022-07-01,3,22.7,90.1,3.0,90.0,12.0
2022-07-01,6,23.1,93.5,2.0,90.0,17.0
2022-07-01,9,25.0,91.4,1.0,50.0,16.0
2022-07-01,12,26.5,88.3,3.0,50.0,12.0
2022-07-01,15,28.2,78.0,1.0,230.0,16.0
2022-07-01,18,27.9,79.9,3.0,230.0,16.0
2022-07-01,21,25.1,88.7,0.0,0.0,16.0
2022-07-02,0,24.1,89.1,1.0,50.0,16.0
2022-07-02,3,23.6,89.7,4.0,120.0,15.0
2022-07-02,6,23.1,90.2,2.0,90.0,16.0
2022-07-02,9,27.0,82.7,1.0,140.0,14.0
2022-07-02,12,27.7,85.3,0.0,0.0,15.0
2022-07-02,15,27.8,81.8,1.0,90.0,15.0
2022-07-02,18,27.5,80.8,3.0,200.0,16.0
2022-07-02,21,24.4,81.9,0.0,0.0,16.0
2022-07-03,0,23.1,84.3,0.0,0.0,15.0
2022-07-03,3,21.5,86.8,0.0,0.0,16.0
2022-07-03,6,21.9,90.6,0.0,0.0,14.0
2022-07-03,9,25.6,85.1,0.0,0.0,14.0
2022-07-03,12,27.7,77.9,3.0,230.0,15.0
2022-07-03,15,28.7,83.9,3.0,230.0,14.0
2022-07-03,18,25.9,84.6,3.0,230.0,14.0
2022-07-03,21,23.5,86.9,2.0,270.0,15.0
2022-07-04,0,22.7,91.8,0.0,0.0,12.0
2022-07-04,3,22.3,90.1,0.0,0.0,13.0
2022-07-04,6,21.9,91.8,0.0,0.0,12.0
2022-07-04,9,25.3,89.2,0.0,0.0,11.0
2022-07-04,12,28.5,75.3,1.0,140.0,13.0
2022-07-04,15,30.5,72.1,1.0,230.0,13.0
2022-07-04,18,28.4,79.5,2.0,320.0,16.0
2022-07-04,21,25.8,84.1,1.0,270.0,15.0
2022-07-05,0,24.9,88.1,0.0,0.0,13.0
2022-07-05,3,23.9,91.3,0.0,0.0,14.0
2022-07-05,6,23.7,88.6,0.0,0.0,13.0
2022-07-05,9,27.6,77.9,0.0,0.0,13.0
2022-07-05,12,30.2,79.7,4.0,200.0,16.0
2022-07-05,15,32.0,73.2,3.0,230.0,16.0
2022-07-05,18,30.8,72.2,4.0,270.0,16.0
2022-07-05,21,26.9,82.7,1.0,180.0,14.0
2022-07-06,0,25.9,84.6,2.0,90.0,13.0
2022-07-06,3,24.9,88.1,1.0,90.0,14.0
2022-07-06,6,24.6,88.1,1.0,20.0,16.0
2022-07-06,9,27.1,83.7,0.0,0.0,16.0
2022-07-06,12,29.1,84.9,2.0,90.0,15.0
2022-07-06,15,30.7,81.2,1.0,90.0,15.0
2022-07-06,18,29.1,84.9,0.0,0.0,15.0
2022-07-06,21,27.7,82.8,0.0,0.0,15.0
2022-07-07,0,27.1,83.7,1.0,90.0,15.0
2022-07-07,3,26.9,81.2,3.0,90.0,15.0
2022-07-07,6,26.0,92.0,4.0,90.0,15.0
2022-07-07,9,25.1,93.1,2.0,140.0,9.0
2022-07-07,12,25.1,96.5,0.0,0.0,6.0
2022-07-07,15,26.5,96.5,0.0,0.0,13.0
2022-07-07,18,26.6,92.0,1.0,180.0,14.0
2022-07-07,21,25.3,90.9,0.0,0.0,15.0
2022-07-08,0,24.4,90.8,2.0,360.0,14.0
2022-07-08,3,23.1,93.0,0.0,0.0,13.0
2022-07-08,6,22.3,93.5,0.0,0.0,11.0
2022-07-08,9,22.7,88.5,0.0,0.0,13.0
2022-07-08,12,22.9,91.8,1.0,230.0,8.0
2022-07-08,15,23.3,92.4,1.0,230.0,8.0
2022-07-08,18,23.5,88.6,1.0,320.0,8.0
2022-07-08,21,21.8,89.0,1.0,270.0,11.0
2022-07-09,0,21.4,91.7,0.0,0.0,0.8
2022-07-09,3,21.5,90.6,0.0,0.0,0.0
2022-07-09,6,21.6,90.1,0.0,0.0,0.0
2022-07-09,9,22.7,91.8,1.0,50.0,0.4
2022-07-09,12,27.9,83.8,0.0,0.0,12.0
2022-07-09,15,31.1,76.6,1.0,230.0,13.0
2022-07-09,18,29.3,76.3,1.0,230.0,13.0
2022-07-09,21,25.7,86.6,2.0,270.0,8.0
2022-07-10,0,24.9,86.5,1.0,50.0,8.0
2022-07-10,3,24.4,90.8,1.0,90.0,7.0
2022-07-10,6,24.5,89.7,1.0,90.0,6.0
2022-07-10,9,26.9,87.8,0.0,0.0,8.0
2022-07-10,12,29.6,86.0,1.0,90.0,9.0
2022-07-10,15,32.2,74.1,0.0,0.0,12.0
2022-07-10,18,29.5,86.5,2.0,270.0,15.0
2022-07-10,21,24.5,81.4,0.0,0.0,12.0
2022-07-11,0,23.9,89.7,0.0,0.0,13.0
2022-07-11,3,22.9,83.2,0.0,0.0,16.0
2022-07-11,6,22.8,83.7,0.0,0.0,14.0
2022-07-11,9,25.4,80.5,0.0,0.0,13.0
2022-07-11,12,27.1,83.7,1.0,180.0,12.0
2022-07-11,15,30.3,73.8,1.0,230.0,13.0
2022-07-11,18,29.9,81.1,3.0,230.0,14.0
2022-07-11,21,26.1,89.3,0.0,0.0,14.0
2022-07-12,0,25.3,87.6,2.0,140.0,14.0
2022-07-12,3,23.4,91.9,3.0,180.0,14.0
2022-07-12,6,22.7,89.6,3.0,360.0,15.0
2022-07-12,9,24.7,80.9,0.0,0.0,18.0
2022-07-12,12,24.7,82.4,1.0,90.0,14.0
2022-07-12,15,26.9,76.9,0.0,0.0,16.0
2022-07-12,18,27.1,83.7,0.0,0.0,15.0
2022-07-12,21,26.1,86.1,2.0,90.0,16.0
2022-07-13,0,25.2,90.3,3.0,50.0,15.0
2022-07-13,3,24.4,92.5,2.0,90.0,13.0
2022-07-13,6,23.5,91.3,3.0,90.0,11.0
2022-07-13,9,23.2,96.4,4.0,90.0,7.0
2022-07-13,12,24.0,97.6,3.0,90.0,8.0
2022-07-13,15,24.3,96.5,4.0,180.0,7.0
2022-07-13,18,24.5,97.6,1.0,180.0,8.0
2022-07-13,21,22.4,96.4,3.0,180.0,7.0
2022-07-14,0,21.0,97.0,4.0,270.0,8.0
2022-07-14,3,20.7,97.0,3.0,270.0,9.0
2022-07-14,6,20.2,95.2,1.0,50.0,7.0
2022-07-14,9,22.5,91.8,1.0,20.0,12.0
2022-07-14,12,25.6,82.0,3.0,230.0,14.0
2022-07-14,15,26.9,82.2,3.0,270.0,15.0
2022-07-14,18,25.5,80.0,3.0,200.0,16.0
2022-07-14,21,22.5,90.7,3.0,270.0,17.0
2022-07-15,0,22.5,90.1,3.0,270.0,12.0
2022-07-15,3,22.3,90.7,1.0,230.0,14.0
2022-07-15,6,22.0,91.2,1.0,230.0,12.0
2022-07-15,9,22.3,91.8,1.0,270.0,11.0
2022-07-15,12,27.1,79.8,0.0,0.0,13.0
2022-07-15,15,28.5,70.5,3.0,270.0,15.0
2022-07-15,18,27.3,78.4,6.0,270.0,18.0
2022-07-15,21,23.9,83.8,2.0,270.0,15.0
2022-07-16,0,22.9,91.8,0.0,0.0,13.0
2022-07-16,3,22.7,91.8,0.0,0.0,11.0
2022-07-16,6,22.1,90.1,0.0,0.0,8.0
2022-07-16,9,24.3,89.7,0.0,0.0,11.0
2022-07-16,12,27.1,80.7,0.0,0.0,14.0
2022-07-16,15,25.3,83.0,3.0,270.0,12.0
2022-07-16,18,26.4,84.6,3.0,270.0,15.0
2022-07-16,21,22.8,90.1,2.0,270.0,15.0
2022-07-17,0,22.3,89.6,0.0,0.0,15.0
2022-07-17,3,22.1,91.8,0.0,0.0,15.0
2022-07-17,6,21.8,88.4,0.0,0.0,11.0
2022-07-17,9,25.5,86.1,0.0,0.0,15.0
2022-07-17,12,27.7,79.4,3.0,230.0,17.0
2022-07-17,15,27.8,73.4,5.0,270.0,17.0
2022-07-17,18,28.9,79.1,3.0,270.0,17.0
2022-07-17,21,25.2,83.5,2.0,270.0,11.0
2022-07-18,0,23.9,92.4,0.0,0.0,11.0
2022-07-18,3,23.6,85.9,0.0,0.0,13.0
2022-07-18,6,23.6,89.1,0.0,0.0,8.0
2022-07-18,9,26.2,85.6,0.0,0.0,9.0
2022-07-18,12,28.8,78.6,1.0,340.0,13.0
2022-07-18,15,29.5,75.5,2.0,230.0,17.0
2022-07-18,18,27.4,72.0,4.0,320.0,17.0
2022-07-18,21,24.9,82.9,2.0,320.0,16.0
2022-07-19,0,23.8,90.8,2.0,270.0,14.0
2022-07-19,3,23.3,88.5,1.0,270.0,11.0
2022-07-19,6,22.6,90.1,0.0,0.0,6.0
2022-07-19,9,25.2,90.3,2.0,270.0,9.0
2022-07-19,12,26.5,81.1,0.0,0.0,9.0
2022-07-19,15,29.7,81.1,3.0,230.0,9.0
2022-07-19,18,27.3,80.8,5.0,270.0,13.0
2022-07-19,21,25.8,83.0,2.0,270.0,14.0
2022-07-20,0,24.8,85.0,3.0,270.0,14.0
2022-07-20,3,24.8,85.0,2.0,270.0,16.0
2022-07-20,6,24.3,84.9,1.0,230.0,16.0
2022-07-20,9,26.2,86.2,1.0,230.0,14.0
2022-07-20,12,27.9,84.8,3.0,230.0,15.0
2022-07-20,15,27.2,85.2,0.0,0.0,14.0
2022-07-20,18,25.3,81.0,1.0,230.0,14.0
2022-07-20,21,24.1,87.0,0.0,0.0,13.0
2022-07-21,0,22.9,84.2,0.0,0.0,13.0
2022-07-21,3,22.5,89.6,0.0,0.0,13.0
2022-07-21,6,21.3,90.6,0.0,0.0,11.0
2022-07-21,9,23.8,83.8,0.0,0.0,12.0
2022-07-21,12,25.7,83.0,1.0,320.0,11.0
2022-07-21,15,28.9,74.9,2.0,320.0,13.0
2022-07-21,18,25.7,76.2,5.0,320.0,14.0
2022-07-21,21,24.3,82.4,2.0,230.0,14.0
2022-07-22,0,23.3,90.7,2.0,320.0,13.0
2022-07-22,3,23.3,90.7,4.0,270.0,12.0
2022-07-22,6,22.9,91.8,4.0,230.0,11.0
2022-07-22,9,24.6,85.5,1.0,270.0,8.0
2022-07-22,12,26.7,76.9,4.0,230.0,12.0
2022-07-22,15,30.0,76.0,3.0,200.0,16.0
2022-07-22,18,29.3,80.1,3.0,200.0,16.0
2022-07-22,21,24.7,85.0,3.0,270.0,16.0
2022-07-23,0,23.5,82.8,1.0,180.0,15.0
2022-07-23,3,23.0,91.3,0.0,0.0,15.0
2022-07-23,6,22.6,91.2,3.0,50.0,11.0
2022-07-23,9,24.8,90.3,0.0,0.0,9.0
2022-07-23,12,26.1,83.1,3.0,90.0,12.0
2022-07-23,15,24.9,84.5,1.0,140.0,12.0
2022-07-23,18,22.9,91.8,1.0,90.0,11.0
2022-07-23,21,23.1,90.2,2.0,140.0,11.0
2022-07-24,0,22.7,88.5,0.0,0.0,12.0
2022-07-24,3,21.0,94.6,2.0,90.0,12.0
2022-07-24,6,21.4,92.3,0.0,0.0,13.0
2022-07-24,9,23.1,88.5,2.0,90.0,11.0
2022-07-24,12,24.3,83.9,3.0,50.0,12.0
2022-07-24,15,26.5,82.6,0.0,0.0,15.0
2022-07-24,18,27.7,82.3,1.0,270.0,15.0
2022-07-24,21,23.5,84.3,3.0,270.0,14.0
2022-07-25,0,22.4,91.2,1.0,270.0,14.0
2022-07-25,3,21.8,90.1,0.0,0.0,14.0
2022-07-25,6,21.7,92.9,0.0,0.0,13.0
2022-07-25,9,25.7,84.6,0.0,0.0,13.0
2022-07-25,12,28.9,79.1,1.0,140.0,13.0
2022-07-25,15,30.7,69.2,2.0,230.0,16.0
2022-07-25,18,30.0,72.0,3.0,320.0,16.0
2022-07-25,21,25.4,84.5,2.0,270.0,14.0
2022-07-26,0,24.3,88.6,3.0,320.0,12.0
2022-07-26,3,23.1,91.8,0.0,0.0,11.0
2022-07-26,6,22.2,91.2,0.0,0.0,8.0
2022-07-26,9,27.4,85.8,0.0,0.0,9.0
2022-07-26,12,29.8,80.1,1.0,90.0,13.0
2022-07-26,15,32.3,74.6,0.0,0.0,15.0
2022-07-26,18,29.1,70.1,5.0,270.0,15.0
2022-07-26,21,26.3,81.1,0.0,0.0,16.0
2022-07-27,0,25.5,82.0,0.0,0.0,15.0
2022-07-27,3,25.1,86.0,0.0,0.0,14.0
2022-07-27,6,24.7,89.7,0.0,0.0,9.0
2022-07-27,9,26.5,90.4,1.0,90.0,7.0
2022-07-27,12,29.1,83.4,1.0,50.0,9.0
2022-07-27,15,31.1,75.3,0.0,0.0,9.0
2022-07-27,18,31.3,77.5,0.0,0.0,9.0
2022-07-27,21,27.1,86.8,0.0,0.0,9.0
2022-07-28,0,26.1,90.9,0.0,0.0,8.0
2022-07-28,3,26.1,90.9,0.0,0.0,11.0
2022-07-28,6,24.6,92.5,1.0,90.0,12.0
2022-07-28,9,26.3,81.6,2.0,90.0,12.0
2022-07-28,12,28.8,79.5,3.0,90.0,13.0
2022-07-28,15,30.1,78.3,1.0,90.0,13.0
2022-07-28,18,29.7,88.0,2.0,50.0,13.0
2022-07-28,21,27.5,84.2,0.0,0.0,14.0
2022-07-29,0,26.4,81.1,2.0,140.0,15.0
2022-07-29,3,25.7,86.1,4.0,90.0,14.0
2022-07-29,6,25.1,86.0,4.0,90.0,13.0
2022-07-29,9,28.4,88.4,0.0,0.0,13.0
2022-07-29,12,29.9,82.1,3.0,90.0,14.0
2022-07-29,15,30.5,82.6,0.0,0.0,15.0
2022-07-29,18,29.1,80.0,2.0,320.0,15.0
2022-07-29,21,27.6,79.8,0.0,0.0,16.0
2022-07-30,0,26.1,90.9,1.0,50.0,16.0
2022-07-30,3,25.4,93.1,3.0,50.0,13.0
2022-07-30,6,25.3,85.0,0.0,0.0,12.0
2022-07-30,9,23.6,91.3,0.0,0.0,12.0
2022-07-30,12,30.8,80.7,0.0,0.0,18.0
2022-07-30,15,33.4,75.2,1.0,140.0,19.0
2022-07-30,18,32.4,77.3,4.0,50.0,19.0
2022-07-30,21,27.1,94.3,8.0,50.0,9.0
2022-07-31,0,24.0,93.6,2.0,360.0,12.0
2022-07-31,3,24.6,92.5,1.0,50.0,11.0
2022-07-31,6,24.8,93.1,0.0,0.0,8.0
2022-07-31,9,25.4,89.8,2.0,50.0,11.0
2022-07-31,12,27.3,94.3,3.0,50.0,11.0
2022-07-31,15,28.3,88.9,4.0,50.0,12.0
2022-07-31,18,25.9,88.8,2.0,50.0,13.0
2022-07-31,21,25.1,90.9,3.0,90.0,11.0
2023-03-01,0,3.1,91.8,0.0,0.0,10.0
2023-03-01,3,3.0,89.9,0.0,0.0,13.0
2023-03-01,6,2.4,89.8,0.0,0.0,12.0
2023-03-01,9,1.1,93.7,0.0,0.0,0.2
2023-03-01,12,5.6,66.2,5.0,320.0,11.0
2023-03-01,15,7.4,64.3,5.0,230.0,18.0
2023-03-01,18,6.0,60.8,4.0,320.0,18.0
2023-03-01,21,3.4,69.2,6.0,320.0,15.0
2023-03-02,0,1.5,58.7,4.0,360.0,18.0
2023-03-02,3,0.7,57.6,5.0,320.0,18.0
2023-03-02,6,-0.1,71.1,3.0,320.0,18.0
2023-03-02,9,0.4,62.1,3.0,320.0,18.0
2023-03-02,12,2.3,61.2,3.0,320.0,18.0
2023-03-02,15,4.2,64.5,3.0,320.0,18.0
2023-03-02,18,2.5,61.7,3.0,270.0,18.0
2023-03-02,21,0.5,71.2,1.0,180.0,18.0
2023-03-03,0,-1.0,79.4,3.0,140.0,18.0
2023-03-03,3,-2.3,85.5,2.0,140.0,17.0
2023-03-03,6,-1.5,87.5,4.0,90.0,17.0
2023-03-03,9,1.1,85.9,3.0,90.0,16.0
2023-03-03,12,7.8,80.2,3.0,90.0,16.0
2023-03-03,15,11.2,71.3,1.0,180.0,16.0
2023-03-03,18,9.5,75.0,1.0,320.0,16.0
2023-03-03,21,5.8,85.7,0.0,0.0,13.0
2023-03-04,0,3.9,91.9,2.0,180.0,12.0
2023-03-04,3,2.8,92.5,4.0,140.0,12.0
2023-03-04,6,2.1,93.1,3.0,140.0,8.0
2023-03-04,9,3.1,89.2,2.0,90.0,4.5
2023-03-04,12,7.4,82.4,3.0,140.0,9.0
2023-03-04,15,11.8,69.9,0.0,0.0,16.0
2023-03-04,18,10.3,74.1,1.0,230.0,15.0
2023-03-04,21,5.4,89.4,2.0,230.0,15.0
2023-03-05,0,4.0,88.7,0.0,0.0,15.0
2023-03-05,3,2.9,93.1,0.0,0.0,12.0
2023-03-05,6,1.3,93.7,2.0,140.0,12.0
2023-03-05,9,2.8,92.5,0.0,0.0,5.0
2023-03-05,12,8.0,83.6,2.0,90.0,12.0
2023-03-05,15,13.0,73.6,0.0,0.0,12.0
2023-03-05,18,10.2,64.4,2.0,320.0,15.0
2023-03-05,21,5.4,77.0,0.0,0.0,12.0
2023-03-06,0,3.9,77.9,2.0,90.0,14.0
2023-03-06,3,2.7,81.2,2.0,90.0,12.0
2023-03-06,6,2.1,79.9,4.0,90.0,11.0
2023-03-06,9,3.7,76.7,3.0,140.0,11.0
2023-03-06,12,9.3,70.9,3.0,140.0,13.0
2023-03-06,15,16.3,59.5,1.0,230.0,14.0
2023-03-06,18,12.7,65.5,2.0,90.0,14.0
2023-03-06,21,7.2,80.6,3.0,140.0,14.0
2023-03-07,0,5.4,84.5,3.0,140.0,14.0
2023-03-07,3,5.1,90.0,1.0,140.0,14.0
2023-03-07,6,5.4,86.9,1.0,140.0,9.0
2023-03-07,9,6.8,88.9,0.0,0.0,9.0
2023-03-07,12,10.3,85.6,2.0,140.0,12.0
2023-03-07,15,14.0,78.9,1.0,140.0,12.0
2023-03-07,18,12.6,84.2,0.0,0.0,12.0
2023-03-07,21,9.8,86.8,0.0,0.0,11.0
2023-03-08,0,6.0,90.7,0.0,0.0,7.0
2023-03-08,3,6.0,87.6,3.0,140.0,8.0
2023-03-08,6,5.4,92.6,4.0,90.0,5.0
2023-03-08,9,6.8,87.1,3.0,90.0,8.0
2023-03-08,12,11.4,82.3,2.0,90.0,9.0
2023-03-08,15,13.6,77.3,3.0,90.0,9.0
2023-03-08,18,10.5,79.5,4.0,90.0,9.0
2023-03-08,21,10.4,85.1,3.0,140.0,9.0
2023-03-09,0,11.0,89.8,0.0,0.0,9.0
2023-03-09,3,9.6,90.4,0.0,0.0,8.0
2023-03-09,6,8.6,90.3,2.0,270.0,8.0
2023-03-09,9,8.2,92.1,3.0,230.0,5.0
2023-03-09,12,9.6,89.7,3.0,230.0,11.0
2023-03-09,15,12.2,80.8,4.0,320.0,11.0
2023-03-09,18,9.0,89.1,2.0,270.0,5.0
2023-03-09,21,5.6,92.6,2.0,320.0,1.5
2023-03-10,0,4.3,96.5,1.0,90.0,15.0
2023-03-10,3,5.8,93.3,1.0,90.0,7.0
2023-03-10,6,5.1,91.9,2.0,90.0,9.0
2023-03-10,9,6.1,90.1,3.0,140.0,9.0
2023-03-10,12,12.5,75.0,5.0,140.0,9.0
2023-03-10,15,17.7,70.6,0.0,0.0,9.0
2023-03-10,18,15.4,75.5,3.0,140.0,9.0
2023-03-10,21,11.7,82.9,3.0,140.0,9.0
2023-03-11,0,9.6,90.4,6.0,140.0,8.0
2023-03-11,3,8.6,91.5,2.0,140.0,8.0
2023-03-11,6,8.4,91.5,1.0,50.0,8.0
2023-03-11,9,9.8,91.0,0.0,0.0,5.0
2023-03-11,12,14.6,82.7,1.0,50.0,8.0
2023-03-11,15,16.0,78.2,3.0,270.0,9.0
2023-03-11,18,10.8,83.4,6.0,320.0,6.0
2023-03-11,21,9.0,94.1,0.0,0.0,6.0
2023-03-12,0,6.7,92.7,1.0,320.0,6.0
2023-03-12,3,5.8,92.0,0.0,0.0,6.0
2023-03-12,6,5.1,93.2,0.0,0.0,6.0
2023-03-12,9,4.7,90.0,0.0,0.0,6.0
2023-03-12,12,5.1,85.7,5.0,270.0,9.0
2023-03-12,15,4.5,66.5,7.0,270.0,12.0
2023-03-12,18,3.1,64.2,10.0,270.0,15.0
2023-03-12,21,1.1,60.4,10.0,270.0,15.0
2023-03-13,0,0.1,58.4,10.0,270.0,15.0
2023-03-13,3,-1.1,60.3,10.0,270.0,15.0
2023-03-13,6,-1.8,67.1,3.0,270.0,14.0
2023-03-13,9,1.3,65.7,0.0,0.0,16.0
2023-03-13,12,3.9,76.8,2.0,90.0,18.0
2023-03-13,15,5.8,63.9,1.0,90.0,16.0
2023-03-13,18,6.2,75.0,0.0,0.0,17.0
2023-03-13,21,4.5,80.8,0.0,0.0,17.0
2023-03-14,0,4.9,80.9,3.0,140.0,16.0
2023-03-14,3,5.2,77.0,2.0,90.0,14.0
2023-03-14,6,4.7,85.6,4.0,140.0,14.0
2023-03-14,9,7.1,87.1,2.0,90.0,14.0
2023-03-14,12,10.6,77.3,3.0,50.0,14.0
2023-03-14,15,12.6,74.0,2.0,50.0,14.0
2023-03-14,18,11.2,75.3,2.0,90.0,14.0
2023-03-14,21,7.8,87.2,4.0,50.0,14.0
2023-03-15,0,6.8,87.1,3.0,140.0,14.0
2023-03-15,3,6.8,87.1,4.0,140.0,14.0
2023-03-15,6,8.6,90.3,0.0,0.0,13.0
2023-03-15,9,8.0,93.4,3.0,230.0,12.0
2023-03-15,12,6.0,76.0,3.0,320.0,13.0
2023-03-15,15,6.0,64.4,4.0,270.0,14.0
2023-03-15,18,5.4,61.5,3.0,270.0,12.0
2023-03-15,21,3.3,73.4,3.0,320.0,15.0
2023-03-16,0,3.5,61.0,3.0,340.0,15.0
2023-03-16,3,0.5,71.2,1.0,270.0,15.0
2023-03-16,6,0.1,73.3,0.0,0.0,15.0
2023-03-16,9,3.0,73.9,0.0,0.0,17.0
2023-03-16,12,6.6,71.9,3.0,270.0,16.0
2023-03-16,15,6.7,59.2,3.0,270.0,18.0
2023-03-16,18,5.2,57.5,3.0,270.0,17.0
2023-03-16,21,2.7,60.8,2.0,270.0,16.0
2023-03-17,0,2.3,74.8,3.0,320.0,16.0
2023-03-17,3,1.1,78.6,0.0,0.0,15.0
2023-03-17,6,0.1,71.7,0.0,0.0,16.0
2023-03-17,9,1.2,88.4,0.0,0.0,11.0
2023-03-17,12,7.0,61.9,3.0,50.0,13.0
2023-03-17,15,9.0,65.6,3.0,230.0,13.0
2023-03-17,18,7.8,59.4,2.0,320.0,13.0
2023-03-17,21,4.4,66.9,3.0,320.0,13.0
2023-03-18,0,3.0,79.5,4.0,320.0,14.0
2023-03-18,3,1.5,79.2,0.0,0.0,17.0
2023-03-18,6,1.1,84.6,1.0,320.0,15.0
2023-03-18,9,3.3,89.2,1.0,270.0,15.0
2023-03-18,12,8.6,75.4,3.0,270.0,12.0
2023-03-18,15,9.6,63.0,2.0,320.0,12.0
2023-03-18,18,8.0,70.7,3.0,230.0,12.0
2023-03-18,21,4.9,76.4,4.0,270.0,14.0
2023-03-19,0,3.7,89.3,0.0,0.0,14.0
2023-03-19,3,2.6,89.8,2.0,90.0,15.0
2023-03-19,6,0.9,90.3,1.0,90.0,15.0
2023-03-19,9,2.8,87.3,0.0,0.0,8.0
2023-03-19,12,11.5,72.8,0.0,0.0,9.0
2023-03-19,15,14.1,64.0,3.0,270.0,9.0
2023-03-19,18,9.8,62.6,2.0,270.0,7.0
2023-03-19,21,6.4,72.9,2.0,320.0,8.0
2023-03-20,0,5.2,79.2,0.0,0.0,12.0
2023-03-20,3,3.5,76.7,0.0,0.0,12.0
2023-03-20,6,1.9,88.5,3.0,140.0,11.0
2023-03-20,9,3.0,86.1,2.0,50.0,7.0
2023-03-20,12,11.2,75.3,1.0,50.0,9.0
2023-03-20,15,14.9,65.1,1.0,230.0,11.0
2023-03-20,18,10.9,67.4,3.0,230.0,11.0
2023-03-20,21,7.0,82.9,2.0,230.0,11.0
2023-03-21,0,5.7,82.8,0.0,0.0,9.0
2023-03-21,3,4.7,90.0,1.0,180.0,9.0
2023-03-21,6,3.7,90.6,0.0,0.0,9.0
2023-03-21,9,6.2,84.6,1.0,140.0,6.0
2023-03-21,12,12.4,69.6,0.0,0.0,8.0
2023-03-21,15,15.7,60.1,1.0,230.0,11.0
2023-03-21,18,12.4,60.6,3.0,270.0,13.0
2023-03-21,21,7.4,72.1,0.0,0.0,13.0
2023-03-22,0,6.0,77.1,0.0,0.0,13.0
2023-03-22,3,4.9,86.9,1.0,230.0,13.0
2023-03-22,6,6.2,90.7,0.0,0.0,13.0
2023-03-22,9,7.4,78.4,1.0,90.0,13.0
2023-03-22,12,11.4,73.3,1.0,50.0,8.0
2023-03-22,15,13.4,70.3,0.0,0.0,8.0
2023-03-22,18,11.0,82.3,0.0,0.0,8.0
2023-03-22,21,10.5,78.9,0.0,0.0,12.0
2023-03-23,0,9.2,78.2,0.0,0.0,12.0
2023-03-23,3,10.4,79.4,0.0,0.0,12.0
2023-03-23,6,7.8,84.2,0.0,0.0,12.0
2023-03-23,9,9.6,89.7,1.0,320.0,8.0
2023-03-23,12,13.4,72.7,5.0,320.0,7.0
2023-03-23,15,15.5,56.9,6.0,360.0,8.0
2023-03-23,18,12.7,56.6,6.0,360.0,8.0
2023-03-23,21,9.5,59.0,8.0,320.0,8.0
2023-03-24,0,6.1,62.6,8.0,320.0,8.0
2023-03-24,3,4.6,63.6,5.0,320.0,8.0
2023-03-24,6,2.9,66.6,7.0,320.0,11.0
2023-03-24,9,3.9,65.8,4.0,320.0,13.0
2023-03-24,12,6.0,64.4,3.0,320.0,14.0
2023-03-24,15,8.4,66.4,3.0,320.0,14.0
2023-03-24,18,6.8,64.6,3.0,340.0,14.0
2023-03-24,21,4.1,71.9,4.0,320.0,13.0
2023-03-25,0,4.3,80.8,0.0,0.0,16.0
2023-03-25,3,3.5,84.3,0.0,0.0,14.0
2023-03-25,6,2.1,88.5,0.0,0.0,13.0
2023-03-25,9,4.1,86.8,1.0,50.0,12.0
2023-03-25,12,10.8,74.7,0.0,0.0,14.0
2023-03-25,15,10.5,72.6,3.0,270.0,14.0
2023-03-25,18,11.4,70.3,4.0,320.0,15.0
2023-03-25,21,5.9,70.2,2.0,320.0,15.0
2023-03-26,3,4.8,70.0,0.0,0.0,15.0
2023-03-26,6,3.3,73.4,0.0,0.0,15.0
2023-03-26,9,6.2,62.1,3.0,320.0,15.0
2023-03-26,12,8.4,57.9,3.0,320.0,17.0
2023-03-26,15,7.4,56.4,6.0,320.0,17.0
2023-03-26,18,7.0,63.7,5.0,320.0,17.0
2023-03-26,21,4.3,68.4,4.0,320.0,17.0
2023-03-27,0,3.4,75.6,3.0,320.0,17.0
2023-03-27,3,2.8,77.7,0.0,0.0,17.0
2023-03-27,6,1.6,89.1,1.0,140.0,15.0
2023-03-27,9,3.2,84.8,0.0,0.0,14.0
2023-03-27,12,9.5,77.7,2.0,50.0,15.0
2023-03-27,15,10.5,61.4,4.0,270.0,15.0
2023-03-27,18,10.8,62.4,0.0,0.0,15.0
2023-03-27,21,7.0,70.0,0.0,0.0,15.0
2023-03-28,0,5.5,75.4,2.0,90.0,16.0
2023-03-28,3,4.1,80.8,1.0,90.0,11.0
2023-03-28,6,2.5,86.0,0.0,0.0,12.0
2023-03-28,9,5.1,72.7,2.0,90.0,14.0
2023-03-28,12,10.8,74.7,1.0,230.0,14.0
2023-03-28,15,14.0,67.1,2.0,320.0,16.0
2023-03-28,18,11.9,74.4,3.0,230.0,14.0
2023-03-28,21,8.0,70.7,3.0,270.0,16.0
2023-03-29,0,5.8,70.7,0.0,0.0,15.0
2023-03-29,3,4.3,75.7,0.0,0.0,15.0
2023-03-29,6,3.7,76.7,0.0,0.0,13.0
2023-03-29,9,4.7,88.7,3.0,90.0,3.5
2023-03-29,12,14.4,70.0,1.0,90.0,11.0
2023-03-29,15,17.9,64.9,1.0,270.0,14.0
2023-03-29,18,16.4,62.8,2.0,230.0,14.0
2023-03-29,21,12.7,69.6,1.0,230.0,12.0
2023-03-30,0,9.1,73.4,2.0,180.0,12.0
2023-03-30,3,7.0,75.1,1.0,140.0,12.0
2023-03-30,6,5.7,83.9,3.0,50.0,12.0
2023-03-30,9,8.4,81.4,2.0,140.0,12.0
2023-03-30,12,16.3,65.4,0.0,0.0,14.0
2023-03-30,15,17.9,57.1,5.0,270.0,16.0
2023-03-30,18,16.1,66.2,1.0,230.0,15.0
2023-03-30,21,11.2,69.3,2.0,230.0,15.0
2023-03-31,0,9.7,75.6,0.0,0.0,15.0
2023-03-31,3,8.0,77.4,0.0,0.0,16.0
2023-03-31,6,5.7,79.9,0.0,0.0,14.0
2023-03-31,9,9.2,80.9,1.0,50.0,11.0
2023-03-31,12,17.3,66.5,0.0,0.0,14.0
2023-03-31,15,19.9,60.3,1.0,270.0,17.0
2023-03-31,18,14.4,67.2,3.0,320.0,16.0
2023-03-31,21,11.2,74.3,2.0,270.0,15.0
2023-04-01,0,8.8,67.9,0.0,0.0,15.0
2023-04-01,3,7.2,73.0,0.0,0.0,15.0
2023-04-01,6,6.0,71.8,0.0,0.0,14.0
2023-04-01,9,8.4,80.8,1.0,90.0,11.0
2023-04-01,12,18.1,70.7,0.0,0.0,8.0
2023-04-01,15,21.0,63.0,3.0,230.0,8.0
2023-04-01,18,19.5,66.5,3.0,230.0,12.0
2023-04-01,21,11.3,76.9,1.0,180.0,12.0
2023-04-02,0,10.6,80.0,0.0,0.0,12.0
2023-04-02,3,9.6,80.4,0.0,0.0,12.0
2023-04-02,6,8.3,76.9,0.0,0.0,12.0
2023-04-02,9,10.4,79.4,3.0,90.0,12.0
2023-04-02,12,19.6,65.7,2.0,230.0,14.0
2023-04-02,15,24.5,52.7,0.0,0.0,14.0
2023-04-02,18,19.1,63.0,5.0,320.0,14.0
2023-04-02,21,13.8,71.8,0.0,0.0,16.0
2023-04-03,0,11.0,80.1,0.0,0.0,15.0
2023-04-03,3,10.5,77.8,0.0,0.0,13.0
2023-04-03,6,9.0,85.5,3.0,90.0,11.0
2023-04-03,9,13.2,79.3,2.0,50.0,11.0
2023-04-03,12,21.3,66.0,1.0,50.0,14.0
2023-04-03,15,23.3,58.5,1.0,90.0,16.0
2023-04-03,18,20.5,65.0,1.0,320.0,16.0
2023-04-03,21,13.3,77.7,4.0,320.0,14.0
2023-04-04,0,12.2,79.7,0.0,0.0,13.0
2023-04-04,3,12.2,77.6,2.0,90.0,12.0
2023-04-04,6,12.0,78.6,2.0,50.0,11.0
2023-04-04,9,13.2,79.3,1.0,50.0,8.0
2023-04-04,12,17.8,71.6,1.0,50.0,8.0
2023-04-04,15,17.7,65.7,1.0,50.0,8.0
2023-04-04,18,15.5,75.5,0.0,0.0,8.0
2023-04-04,21,11.2,77.4,0.0,0.0,8.0
2023-04-05,0,11.3,86.3,6.0,140.0,6.0
2023-04-05,3,11.2,90.5,6.0,90.0,9.0
2023-04-05,6,11.0,92.3,5.0,90.0,9.0
2023-04-05,9,11.6,92.3,4.0,90.0,9.0
2023-04-05,12,12.4,93.0,4.0,140.0,9.0
2023-04-05,15,12.5,91.8,2.0,140.0,9.0
2023-04-05,18,9.8,93.5,1.0,320.0,4.5
2023-04-05,21,9.2,87.9,0.0,0.0,9.0
2023-04-06,0,8.7,87.8,1.0,90.0,12.0
2023-04-06,3,8.8,86.7,1.0,140.0,11.0
2023-04-06,6,8.8,92.8,0.0,0.0,7.0
2023-04-06,9,8.8,89.1,0.0,0.0,4.5
2023-04-06,12,8.0,91.5,3.0,270.0,4.5
2023-04-06,15,9.1,84.9,5.0,270.0,4.5
2023-04-06,18,8.6,84.9,2.0,230.0,5.0
2023-04-06,21,7.6,80.7,2.0,320.0,6.0
2023-04-07,0,6.7,80.6,3.0,270.0,9.0
2023-04-07,3,6.5,80.5,4.0,320.0,12.0
2023-04-07,6,6.1,85.2,2.0,270.0,12.0
2023-04-07,9,9.2,84.9,1.0,270.0,13.0
2023-04-07,12,7.0,70.0,7.0,230.0,16.0
2023-04-07,15,7.8,65.3,7.0,320.0,16.0
2023-04-07,18,7.8,58.6,7.0,320.0,18.0
2023-04-07,21,5.8,60.7,4.0,320.0,17.0
2023-04-08,0,5.4,73.8,2.0,320.0,17.0
2023-04-08,3,5.4,77.0,5.0,320.0,17.0
2023-04-08,6,5.1,72.7,1.0,320.0,14.0
2023-04-08,9,6.9,85.3,3.0,270.0,14.0
2023-04-08,12,10.2,66.8,3.0,230.0,17.0
2023-04-08,15,11.0,58.6,2.0,320.0,17.0
2023-04-08,18,10.8,58.1,2.0,270.0,18.0
2023-04-08,21,8.0,65.3,0.0,0.0,16.0
2023-04-09,0,6.8,74.0,0.0,0.0,16.0
2023-04-09,3,4.1,76.8,3.0,90.0,16.0
2023-04-09,6,3.5,83.1,3.0,90.0,16.0
2023-04-09,9,7.1,82.3,3.0,120.0,15.0
2023-04-09,12,16.1,69.8,1.0,50.0,16.0
2023-04-09,15,18.5,66.7,5.0,140.0,18.0
2023-04-09,18,16.1,58.6,8.0,230.0,18.0
2023-04-09,21,10.8,74.7,1.0,90.0,18.0
2023-04-10,0,8.6,79.7,1.0,90.0,18.0
2023-04-10,3,8.4,91.5,3.0,140.0,18.0
2023-04-10,6,8.1,89.6,6.0,140.0,18.0
2023-04-10,9,10.4,85.6,2.0,140.0,16.0
2023-04-10,12,14.0,74.3,6.0,50.0,16.0
2023-04-10,15,18.1,68.9,5.0,320.0,16.0
2023-04-10,18,14.9,70.1,4.0,50.0,13.0
2023-04-10,21,11.0,84.5,8.0,140.0,12.0
2023-04-11,0,11.0,82.3,8.0,140.0,12.0
2023-04-11,3,11.3,90.5,5.0,140.0,12.0
2023-04-11,6,12.6,85.9,4.0,140.0,12.0
2023-04-11,9,12.4,93.0,2.0,230.0,8.0
2023-04-11,12,12.9,85.9,7.0,230.0,8.0
2023-04-11,15,13.6,79.4,4.0,270.0,9.0
2023-04-11,18,13.0,63.3,5.0,270.0,4.5
2023-04-11,21,10.4,62.7,8.0,320.0,11.0
2023-04-12,0,8.5,58.8,3.0,320.0,11.0
2023-04-12,3,7.3,58.9,0.0,0.0,12.0
2023-04-12,6,5.6,81.6,0.0,0.0,12.0
2023-04-12,9,9.2,58.5,4.0,230.0,14.0
2023-04-12,12,13.0,52.1,10.0,230.0,12.0
2023-04-12,15,15.0,52.6,10.0,230.0,12.0
2023-04-12,18,14.8,57.5,10.0,230.0,12.0
2023-04-12,21,10.3,62.2,1.0,230.0,13.0
2023-04-13,0,11.8,54.8,1.0,270.0,13.0
2023-04-13,3,8.8,61.0,1.0,90.0,11.0
2023-04-13,6,7.0,72.0,4.0,140.0,13.0
2023-04-13,9,12.0,69.0,2.0,90.0,14.0
2023-04-13,12,17.3,59.7,1.0,230.0,13.0
2023-04-13,15,15.0,55.6,3.0,230.0,12.0
2023-04-13,18,14.8,59.5,1.0,230.0,12.0
2023-04-13,21,12.8,67.8,2.0,90.0,12.0
2023-04-14,0,11.6,70.9,0.0,0.0,12.0
2023-04-14,3,10.0,66.7,0.0,0.0,13.0
2023-04-14,6,9.7,85.6,3.0,90.0,12.0
2023-04-14,9,10.4,79.4,1.0,50.0,13.0
2023-04-14,12,15.0,84.4,2.0,90.0,17.0
2023-04-14,15,16.5,78.2,0.0,0.0,17.0
2023-04-14,18,16.1,77.1,0.0,0.0,15.0
2023-04-14,21,14.8,90.1,1.0,90.0,15.0
2023-04-15,0,12.4,81.4,0.0,0.0,15.0
2023-04-15,3,11.0,91.7,0.0,0.0,14.0
2023-04-15,6,10.8,91.1,1.0,140.0,8.0
2023-04-15,9,8.8,89.1,2.0,270.0,2.0
2023-04-15,12,10.2,89.8,2.0,270.0,8.0
2023-04-15,15,10.0,89.8,3.0,270.0,8.0
2023-04-15,18,12.5,84.7,1.0,270.0,11.0
2023-04-15,21,9.3,85.5,1.0,270.0,11.0
2023-04-16,0,8.5,78.6,0.0,0.0,11.0
2023-04-16,3,8.6,83.1,1.0,270.0,11.0
2023-04-16,6,8.3,83.1,1.0,270.0,14.0
2023-04-16,9,10.5,78.9,2.0,90.0,15.0
2023-04-16,12,14.5,73.9,4.0,230.0,11.0
2023-04-16,15,14.8,70.5,6.0,230.0,8.0
2023-04-16,18,14.0,75.8,3.0,270.0,9.0
2023-04-16,21,10.0,71.5,4.0,270.0,13.0
2023-04-17,0,9.3,72.4,3.0,270.0,12.0
2023-04-17,3,7.4,78.4,0.0,0.0,16.0
2023-04-17,6,6.2,84.6,2.0,90.0,15.0
2023-04-17,9,8.8,79.2,1.0,90.0,14.0
2023-04-17,12,12.2,81.3,1.0,140.0,13.0
2023-04-17,15,16.1,67.1,0.0,0.0,13.0
2023-04-17,18,14.0,71.3,0.0,0.0,13.0
2023-04-17,21,12.5,77.1,0.0,0.0,12.0
2023-04-18,0,11.8,75.9,0.0,0.0,12.0
2023-04-18,3,11.0,91.7,2.0,140.0,12.0
2023-04-18,6,10.2,94.8,5.0,50.0,12.0
2023-04-18,9,11.7,82.9,0.0,0.0,12.0
2023-04-18,12,15.6,75.6,1.0,50.0,15.0
2023-04-18,15,19.2,71.8,3.0,230.0,17.0
2023-04-18,18,17.5,73.9,4.0,270.0,17.0
2023-04-18,21,12.8,82.5,3.0,270.0,16.0
2023-04-19,0,10.6,89.8,0.0,0.0,16.0
2023-04-19,3,8.0,84.8,0.0,0.0,16.0
2023-04-19,6,9.0,87.9,0.0,0.0,9.0
2023-04-19,9,12.4,84.7,3.0,90.0,8.0
2023-04-19,12,19.1,61.0,0.0,0.0,12.0
2023-04-19,15,20.5,67.6,6.0,270.0,12.0
2023-04-19,18,18.5,70.3,5.0,270.0,13.0
2023-04-19,21,14.5,81.1,1.0,320.0,14.0
2023-04-20,0,12.8,82.5,0.0,0.0,12.0
2023-04-20,3,12.0,90.5,0.0,0.0,12.0
2023-04-20,6,11.4,89.9,0.0,0.0,8.0
2023-04-20,9,12.6,90.6,1.0,50.0,8.0
2023-04-20,12,15.5,86.7,1.0,140.0,6.0
2023-04-20,15,17.3,78.9,3.0,230.0,16.0
2023-04-20,18,17.1,77.8,3.0,320.0,16.0
2023-04-20,21,14.0,75.8,4.0,320.0,17.0
2023-04-21,0,12.2,72.0,4.0,320.0,17.0
2023-04-21,3,11.5,64.7,5.0,320.0,17.0
2023-04-21,6,10.9,68.8,5.0,50.0,14.0
2023-04-21,9,13.0,63.3,6.0,320.0,11.0
2023-04-21,12,15.5,45.9,11.0,50.0,12.0
2023-04-21,15,17.5,46.1,10.0,360.0,12.0
2023-04-21,18,17.2,43.8,1.0,50.0,13.0
2023-04-21,21,14.3,44.9,3.0,320.0,15.0
2023-04-22,0,13.1,44.5,4.0,20.0,13.0
2023-04-22,3,12.2,49.3,5.0,50.0,15.0
2023-04-22,6,11.0,50.4,4.0,50.0,16.0
2023-04-22,9,14.0,50.2,4.0,50.0,17.0
2023-04-22,12,17.9,49.2,0.0,0.0,16.0
2023-04-22,15,19.9,44.6,1.0,230.0,17.0
2023-04-22,18,18.1,44.4,2.0,360.0,17.0
2023-04-22,21,13.4,49.3,0.0,0.0,17.0
2023-04-23,0,10.8,68.8,0.0,0.0,15.0
2023-04-23,3,9.8,77.7,0.0,0.0,15.0
2023-04-23,6,9.2,79.8,0.0,0.0,16.0
2023-04-23,9,13.0,68.8,2.0,360.0,16.0
2023-04-23,12,19.1,55.2,3.0,360.0,16.0
2023-04-23,15,20.1,49.8,3.0,360.0,16.0
2023-04-23,18,17.3,49.7,4.0,320.0,16.0
2023-04-23,21,13.0,58.2,4.0,340.0,16.0
2023-04-24,0,12.0,57.6,0.0,0.0,16.0
2023-04-24,3,12.0,57.6,4.0,360.0,16.0
2023-04-24,6,10.2,61.8,5.0,320.0,16.0
2023-04-24,9,13.0,63.3,3.0,50.0,16.0
2023-04-24,12,17.9,61.5,1.0,90.0,17.0
2023-04-24,15,19.1,61.0,2.0,140.0,17.0
2023-04-24,18,18.3,58.4,2.0,320.0,17.0
2023-04-24,21,12.9,75.1,1.0,270.0,17.0
2023-04-25,0,10.6,77.3,1.0,230.0,15.0
2023-04-25,3,9.7,87.9,1.0,270.0,16.0
2023-04-25,6,9.2,82.6,0.0,0.0,16.0
2023-04-25,9,11.0,82.3,1.0,50.0,13.0
2023-04-25,12,13.0,73.6,3.0,320.0,13.0
2023-04-25,15,13.0,72.1,6.0,230.0,14.0
2023-04-25,18,12.0,74.9,5.0,270.0,14.0
2023-04-25,21,10.5,81.7,1.0,250.0,14.0
2023-04-26,0,10.1,85.6,3.0,230.0,12.0
2023-04-26,3,10.2,84.5,5.0,270.0,9.0
2023-04-26,6,6.9,89.5,4.0,320.0,11.0
2023-04-26,9,6.8,84.1,7.0,320.0,13.0
2023-04-26,12,10.8,74.7,3.0,270.0,14.0
2023-04-26,15,12.5,74.0,2.0,270.0,14.0
2023-04-26,18,10.7,80.6,5.0,230.0,17.0
2023-04-26,21,9.0,82.6,1.0,230.0,17.0
2023-04-27,0,8.0,80.2,3.0,140.0,15.0
2023-04-27,3,6.5,83.4,2.0,140.0,15.0
2023-04-27,6,4.9,90.0,1.0,90.0,12.0
2023-04-27,9,11.4,80.1,1.0,90.0,15.0
2023-04-27,12,16.9,69.5,3.0,90.0,16.0
2023-04-27,15,20.1,60.4,0.0,0.0,17.0
2023-04-27,18,19.1,57.4,0.0,0.0,17.0
2023-04-27,21,13.4,68.4,0.0,0.0,16.0
2023-04-28,0,10.0,74.1,0.0,0.0,17.0
2023-04-28,3,8.4,81.4,0.0,0.0,17.0
2023-04-28,6,6.8,77.8,4.0,90.0,17.0
2023-04-28,9,12.6,70.6,2.0,90.0,17.0
2023-04-28,12,17.4,72.9,1.0,50.0,15.0
2023-04-28,15,19.3,70.9,2.0,140.0,14.0
2023-04-28,18,17.4,72.9,1.0,360.0,14.0
2023-04-28,21,14.7,82.2,0.0,0.0,14.0
2023-04-29,0,14.1,89.5,1.0,90.0,16.0
2023-04-29,3,13.4,90.6,0.0,0.0,15.0
2023-04-29,6,13.0,96.1,0.0,0.0,13.0
2023-04-29,9,12.9,91.2,4.0,270.0,9.0
2023-04-29,12,11.2,91.1,8.0,230.0,9.0
2023-04-29,15,10.3,88.6,8.0,180.0,9.0
2023-04-29,18,9.4,87.9,9.0,180.0,9.0
2023-04-29,21,9.6,87.9,7.0,180.0,9.0
2023-04-30,0,9.0,86.1,8.0,320.0,9.0
2023-04-30,3,7.2,88.3,1.0,270.0,12.0
2023-04-30,6,7.8,89.0,0.0,0.0,13.0
2023-04-30,9,10.6,82.2,1.0,230.0,11.0
2023-04-30,12,16.1,69.8,0.0,0.0,13.0
2023-04-30,15,18.3,62.8,3.0,320.0,13.0
2023-04-30,18,17.1,67.3,3.0,320.0,15.0
2023-04-30,21,12.4,79.7,3.0,230.0,15.0
2023-05-01,0,10.5,84.5,4.0,230.0,15.0
2023-05-01,3,8.6,88.4,2.0,270.0,13.0
2023-05-01,6,8.2,92.8,0.0,0.0,14.0
2023-05-01,9,13.0,74.6,1.0,270.0,15.0
2023-05-01,12,17.7,63.1,5.0,270.0,15.0
2023-05-01,15,21.3,53.6,0.0,0.0,15.0
2023-05-01,18,19.9,59.2,4.0,270.0,18.0
2023-05-01,21,14.2,67.2,0.0,0.0,14.0
2023-05-02,0,11.4,71.8,2.0,90.0,14.0
2023-05-02,3,11.0,81.7,2.0,140.0,15.0
2023-05-02,6,9.9,82.7,2.0,50.0,15.0
2023-05-02,9,14.0,77.3,3.0,50.0,16.0
2023-05-02,12,19.5,69.1,5.0,140.0,17.0
2023-05-02,15,22.5,65.8,0.0,0.0,17.0
2023-05-02,18,19.4,67.3,0.0,0.0,16.0
2023-05-02,21,15.8,63.5,4.0,90.0,16.0
2023-05-03,0,14.3,77.9,3.0,140.0,16.0
2023-05-03,3,12.8,76.6,1.0,90.0,16.0
2023-05-03,6,11.7,71.4,1.0,140.0,17.0
2023-05-03,9,17.1,72.9,4.0,90.0,14.0
2023-05-03,12,22.9,65.5,2.0,90.0,16.0
2023-05-03,15,25.7,66.1,0.0,0.0,16.0
2023-05-03,18,22.7,68.5,0.0,0.0,16.0
2023-05-03,21,18.1,78.5,0.0,0.0,16.0
2023-05-04,0,16.1,89.1,1.0,90.0,15.0
2023-05-04,3,15.7,89.0,1.0,50.0,13.0
2023-05-04,6,14.5,89.5,0.0,0.0,11.0
2023-05-04,9,18.6,87.0,0.0,0.0,12.0
2023-05-04,12,21.2,79.9,2.0,140.0,12.0
2023-05-04,15,21.9,74.7,2.0,140.0,13.0
2023-05-04,18,21.1,84.0,0.0,0.0,13.0
2023-05-04,21,18.7,92.2,0.0,0.0,9.0
2023-05-05,0,17.1,95.7,2.0,50.0,9.0
2023-05-05,3,16.5,96.9,3.0,50.0,6.0
2023-05-05,6,16.5,96.9,2.0,50.0,8.0
2023-05-05,9,17.1,96.9,1.0,90.0,7.0
2023-05-05,12,17.6,92.7,0.0,0.0,12.0
2023-05-05,15,17.1,95.0,2.0,270.0,15.0
2023-05-05,18,15.5,95.6,0.0,0.0,8.0
2023-05-05,21,14.4,93.1,6.0,50.0,12.0
2023-05-06,0,13.8,91.9,7.0,50.0,13.0
2023-05-06,3,13.4,94.3,5.0,50.0,12.0
2023-05-06,6,13.8,96.2,3.0,50.0,12.0
2023-05-06,9,15.4,73.5,5.0,50.0,15.0
2023-05-06,12,17.0,76.8,7.0,50.0,16.0
2023-05-06,15,18.8,63.4,2.0,90.0,16.0
2023-05-06,18,18.4,62.4,6.0,50.0,16.0
2023-05-06,21,14.2,64.9,2.0,50.0,16.0
2023-05-07,0,11.9,69.0,1.0,90.0,16.0
2023-05-07,3,11.7,71.4,4.0,50.0,16.0
2023-05-07,6,10.5,70.2,4.0,50.0,16.0
2023-05-07,9,13.1,75.1,2.0,50.0,15.0
2023-05-07,12,18.5,66.7,2.0,50.0,15.0
2023-05-07,15,20.9,59.0,0.0,0.0,15.0
2023-05-07,18,19.9,62.8,3.0,270.0,15.0
2023-05-07,21,14.7,71.9,4.0,320.0,15.0
2023-05-08,0,12.1,77.0,4.0,270.0,15.0
2023-05-08,3,10.7,83.4,2.0,270.0,15.0
2023-05-08,6,10.6,84.5,0.0,0.0,15.0
2023-05-08,9,14.9,82.8,0.0,0.0,11.0
2023-05-08,12,19.8,70.6,0.0,0.0,12.0
2023-05-08,15,21.1,64.7,3.0,230.0,15.0
2023-05-08,18,18.5,60.4,3.0,270.0,15.0
2023-05-08,21,15.4,70.2,2.0,270.0,15.0
2023-05-09,0,13.6,64.3,0.0,0.0,15.0
2023-05-09,3,13.0,68.8,0.0,0.0,15.0
2023-05-09,6,12.0,79.1,0.0,0.0,14.0
2023-05-09,9,16.1,77.1,3.0,230.0,12.0
2023-05-09,12,20.1,70.6,2.0,320.0,13.0
2023-05-09,15,22.1,69.7,3.0,320.0,15.0
2023-05-09,18,19.3,61.0,2.0,230.0,15.0
2023-05-09,21,16.9,69.5,3.0,320.0,14.0
2023-05-10,0,14.2,75.3,3.0,270.0,14.0
2023-05-10,3,12.6,83.6,0.0,0.0,14.0
2023-05-10,6,11.2,85.1,0.0,0.0,12.0
2023-05-10,9,14.9,73.9,0.0,0.0,12.0
2023-05-10,12,21.4,70.0,1.0,90.0,13.0
2023-05-10,15,24.4,57.2,0.0,0.0,15.0
2023-05-10,18,21.3,56.1,3.0,270.0,15.0
2023-05-10,21,16.9,65.1,2.0,230.0,15.0
2023-05-11,0,15.6,60.5,1.0,270.0,16.0
2023-05-11,3,13.3,75.7,2.0,90.0,16.0
2023-05-11,6,11.9,74.4,3.0,90.0,16.0
2023-05-11,9,17.1,75.8,2.0,90.0,14.0
2023-05-11,12,21.5,70.9,1.0,90.0,14.0
2023-05-11,15,24.0,64.9,1.0,270.0,15.0
2023-05-11,18,19.9,67.0,3.0,270.0,16.0
2023-05-11,21,16.2,73.7,4.0,270.0,16.0
2023-05-12,0,13.4,81.5,2.0,320.0,14.0
2023-05-12,3,13.0,82.0,1.0,230.0,14.0
2023-05-12,6,12.8,90.6,2.0,140.0,11.0
2023-05-12,9,15.3,84.5,1.0,90.0,12.0
2023-05-12,12,21.8,67.0,1.0,50.0,15.0
2023-05-12,15,24.5,60.3,2.0,270.0,16.0
2023-05-12,18,21.1,70.8,3.0,270.0,17.0
2023-05-12,21,19.1,73.2,0.0,0.0,16.0
2023-05-13,0,15.3,81.7,0.0,0.0,15.0
2023-05-13,3,13.2,83.7,0.0,0.0,15.0
2023-05-13,6,12.0,85.8,0.0,0.0,13.0
2023-05-13,9,16.1,81.8,2.0,50.0,15.0
2023-05-13,12,18.9,71.3,0.0,0.0,16.0
2023-05-13,15,17.7,93.9,0.0,0.0,14.0
2023-05-13,18,16.5,89.7,0.0,0.0,13.0
2023-05-13,21,15.0,90.2,0.0,0.0,14.0
2023-05-14,0,13.4,89.4,0.0,0.0,12.0
2023-05-14,3,13.0,90.6,0.0,0.0,11.0
2023-05-14,6,11.8,90.5,0.0,0.0,12.0
2023-05-14,9,15.3,79.1,0.0,0.0,13.0
2023-05-14,12,19.8,74.8,2.0,90.0,14.0
2023-05-14,15,22.9,75.8,2.0,270.0,14.0
2023-05-14,18,21.2,79.4,3.0,270.0,14.0
2023-05-14,21,16.8,80.3,0.0,0.0,13.0
2023-05-15,0,15.0,86.7,0.0,0.0,13.0
2023-05-15,3,13.8,87.1,2.0,140.0,13.0
2023-05-15,6,13.6,79.4,4.0,90.0,14.0
2023-05-15,9,17.2,80.4,3.0,90.0,16.0
2023-05-15,12,23.5,70.8,2.0,50.0,15.0
2023-05-15,15,25.8,70.8,1.0,50.0,15.0
2023-05-15,18,23.9,74.1,0.0,0.0,17.0
2023-05-15,21,19.1,82.8,2.0,50.0,15.0
2023-05-16,0,17.9,84.8,6.0,50.0,15.0
2023-05-16,3,16.5,90.3,4.0,90.0,14.0
2023-05-16,6,15.5,91.4,5.0,140.0,11.0
2023-05-16,9,20.1,80.3,5.0,90.0,9.0
2023-05-16,12,26.3,74.0,1.0,50.0,12.0
2023-05-16,15,30.1,67.8,0.0,0.0,14.0
2023-05-16,18,29.3,69.3,0.0,0.0,16.0
2023-05-16,21,22.1,73.3,4.0,230.0,15.0
2023-05-17,3,17.1,83.6,3.0,90.0,16.0
2023-05-17,6,16.1,82.9,6.0,140.0,16.0
2023-05-17,9,21.1,90.0,2.0,20.0,15.0
2023-05-17,12,24.7,77.5,5.0,230.0,15.0
2023-05-17,15,23.3,82.2,3.0,180.0,15.0
2023-05-17,18,21.3,87.8,4.0,230.0,15.0
2023-05-17,21,21.4,82.5,5.0,230.0,16.0
2023-05-18,0,18.1,88.1,1.0,140.0,15.0
2023-05-18,3,18.7,89.8,2.0,270.0,15.0
2023-05-18,6,17.3,90.3,0.0,0.0,16.0
2023-05-18,9,20.1,87.7,0.0,0.0,15.0
2023-05-18,12,22.5,83.2,2.0,230.0,15.0
2023-05-18,15,22.5,79.1,3.0,320.0,15.0
2023-05-18,18,19.9,87.7,3.0,230.0,15.0
2023-05-18,21,18.7,91.0,3.0,270.0,15.0
2023-05-19,0,17.3,90.3,2.0,360.0,13.0
2023-05-19,3,15.7,91.4,2.0,50.0,13.0
2023-05-19,6,14.8,90.1,0.0,0.0,13.0
2023-05-19,9,19.7,82.8,3.0,50.0,11.0
2023-05-19,12,23.1,77.2,2.0,90.0,12.0
2023-05-19,15,25.7,70.8,1.0,90.0,16.0
2023-05-19,18,22.9,73.9,5.0,270.0,16.0
2023-05-19,21,18.3,80.6,3.0,270.0,15.0
2023-05-20,0,17.0,88.6,0.0,0.0,15.0
2023-05-20,3,16.7,91.4,0.0,0.0,12.0
2023-05-20,6,16.3,90.8,0.0,0.0,13.0
2023-05-20,9,20.6,76.4,0.0,0.0,14.0
2023-05-20,12,24.5,69.7,2.0,230.0,13.0
2023-05-20,15,23.9,67.8,8.0,230.0,13.0
2023-05-20,18,21.5,79.5,5.0,230.0,13.0
2023-05-20,21,18.1,92.7,7.0,230.0,9.0
2023-05-21,0,17.1,87.4,7.0,230.0,9.0
2023-05-21,3,16.1,87.4,1.0,270.0,9.0
2023-05-21,6,14.6,91.9,0.0,0.0,8.0
2023-05-21,9,17.1,77.8,2.0,270.0,15.0
2023-05-21,12,19.3,73.7,4.0,270.0,6.0
2023-05-21,15,20.5,65.8,4.0,270.0,6.0
2023-05-21,18,19.3,68.2,4.0,320.0,6.0
2023-05-21,21,17.1,72.9,4.0,320.0,6.0
2023-05-22,0,15.9,73.6,2.0,270.0,6.0
2023-05-22,3,16.9,69.5,1.0,320.0,6.0
2023-05-22,6,16.1,72.2,0.0,0.0,6.0
2023-05-22,9,19.7,73.3,3.0,360.0,8.0
2023-05-22,12,23.3,66.9,1.0,360.0,12.0
2023-05-22,15,24.7,63.1,2.0,50.0,12.0
2023-05-22,18,23.9,68.7,4.0,320.0,13.0
2023-05-22,21,19.2,69.1,2.0,320.0,13.0
2023-05-23,0,17.0,73.8,2.0,270.0,14.0
2023-05-23,3,15.7,76.6,0.0,0.0,14.0
2023-05-23,6,13.6,81.5,0.0,0.0,14.0
2023-05-23,9,18.4,78.5,0.0,0.0,15.0
2023-05-23,12,23.5,72.6,0.0,0.0,15.0
2023-05-23,15,22.8,69.4,4.0,230.0,17.0
2023-05-23,18,22.3,63.3,5.0,230.0,17.0
2023-05-23,21,18.5,69.4,3.0,270.0,17.0
2023-05-24,0,17.0,78.3,1.0,270.0,15.0
2023-05-24,3,15.3,82.8,0.0,0.0,15.0
2023-05-24,6,13.8,88.9,3.0,140.0,13.0
2023-05-24,9,19.7,78.2,2.0,90.0,15.0
2023-05-24,12,24.1,62.9,0.0,0.0,16.0
2023-05-24,15,26.1,58.4,5.0,230.0,16.0
2023-05-24,18,25.1,60.0,5.0,230.0,16.0
2023-05-24,21,20.1,59.2,1.0,230.0,16.0
2023-05-25,0,17.3,75.8,4.0,140.0,15.0
2023-05-25,3,15.0,77.5,5.0,140.0,15.0
2023-05-25,6,15.4,67.4,3.0,140.0,16.0
2023-05-25,9,19.7,80.7,3.0,90.0,13.0
2023-05-25,12,23.9,67.8,2.0,230.0,13.0
2023-05-25,15,21.9,66.1,6.0,270.0,13.0
2023-05-25,18,21.1,69.9,2.0,320.0,14.0
2023-05-25,21,19.1,72.3,0.0,0.0,15.0
2023-05-26,0,18.5,71.2,0.0,0.0,14.0
2023-05-26,3,17.3,78.9,0.0,0.0,14.0
2023-05-26,6,16.1,87.4,1.0,90.0,13.0
2023-05-26,9,19.9,83.9,0.0,0.0,13.0
2023-05-26,12,23.1,76.8,1.0,140.0,13.0
2023-05-26,15,24.1,76.0,3.0,230.0,13.0
2023-05-26,18,21.9,83.1,0.0,0.0,15.0
2023-05-26,21,18.8,92.2,0.0,0.0,15.0
2023-05-27,0,17.3,89.7,0.0,0.0,15.0
2023-05-27,3,15.3,91.4,0.0,0.0,15.0
2023-05-27,6,15.7,91.4,0.0,0.0,12.0
2023-05-27,9,17.9,88.6,2.0,90.0,12.0
2023-05-27,12,17.0,92.0,1.0,90.0,11.0
2023-05-27,15,17.3,91.5,2.0,50.0,7.0
2023-05-27,18,17.0,92.0,4.0,360.0,7.0
2023-05-27,21,17.3,91.5,3.0,90.0,7.0
2023-05-28,0,17.8,90.9,3.0,90.0,11.0
2023-05-28,3,18.0,97.5,0.0,0.0,9.0
2023-05-28,6,18.3,96.9,2.0,90.0,15.0
2023-05-28,9,18.2,96.3,0.0,0.0,9.0
2023-05-28,12,19.9,95.1,1.0,90.0,12.0
2023-05-28,15,20.7,91.7,1.0,140.0,14.0
2023-05-28,18,20.4,86.7,0.0,0.0,14.0
2023-05-28,21,19.9,91.1,1.0,90.0,13.0
2023-05-29,0,19.5,91.0,0.0,0.0,12.0
2023-05-29,3,19.1,83.8,0.0,0.0,12.0
2023-05-29,6,19.1,90.4,0.0,0.0,8.0
2023-05-29,9,23.3,80.2,1.0,360.0,12.0
2023-05-29,12,25.9,80.1,1.0,230.0,13.0
2023-05-29,15,26.8,85.7,0.0,0.0,13.0
2023-05-29,18,26.3,84.6,3.0,230.0,12.0
2023-05-29,21,20.5,89.4,3.0,230.0,12.0
2023-05-30,0,19.1,91.0,1.0,270.0,12.0
2023-05-30,3,18.1,88.1,1.0,270.0,12.0
2023-05-30,6,19.7,73.8,3.0,50.0,12.0
2023-05-30,9,22.0,77.1,2.0,50.0,12.0
2023-05-30,12,25.2,71.6,3.0,50.0,15.0
2023-05-30,15,24.4,72.8,1.0,140.0,15.0
2023-05-30,18,25.3,72.0,1.0,50.0,15.0
2023-05-30,21,22.1,72.8,1.0,50.0,15.0
2023-05-31,0,20.4,79.8,0.0,0.0,15.0
2023-05-31,3,17.5,84.2,1.0,50.0,14.0
2023-05-31,6,15.7,86.8,0.0,0.0,14.0
2023-05-31,9,22.2,80.6,2.0,90.0,14.0
2023-05-31,12,24.3,80.8,3.0,90.0,16.0
2023-05-31,15,24.9,80.4,0.0,0.0,16.0
2023-05-31,18,22.5,85.3,3.0,270.0,13.0
2023-05-31,21,19.9,91.1,2.0,270.0,11.0
2023-06-01,0,19.8,92.2,2.0,270.0,13.0
2023-06-01,3,19.2,91.0,0.0,0.0,13.0
2023-06-01,6,18.7,93.3,1.0,90.0,9.0
2023-06-01,9,19.8,92.2,0.0,0.0,9.0
2023-06-01,12,24.1,74.1,2.0,230.0,15.0
2023-06-01,15,26.1,68.3,4.0,230.0,16.0
2023-06-01,18,22.9,75.3,1.0,230.0,15.0
2023-06-01,21,20.1,76.8,1.0,320.0,15.0
2023-06-02,0,19.1,87.1,4.0,230.0,15.0
2023-06-02,3,17.5,84.2,0.0,0.0,15.0
2023-06-02,6,17.9,84.8,1.0,320.0,15.0
2023-06-02,9,18.1,89.2,3.0,230.0,8.0
2023-06-02,12,22.6,77.7,0.0,0.0,11.0
2023-06-02,15,23.3,80.2,3.0,320.0,13.0
2023-06-02,18,24.1,78.4,2.0,320.0,15.0
2023-06-02,21,21.1,72.2,0.0,0.0,15.0
2023-06-03,0,18.9,77.6,1.0,270.0,16.0
2023-06-03,3,17.1,85.8,1.0,230.0,16.0
2023-06-03,6,16.6,87.4,3.0,270.0,16.0
2023-06-03,9,20.7,73.5,1.0,270.0,15.0
2023-06-03,12,23.5,64.4,6.0,230.0,15.0
2023-06-03,15,23.6,67.8,5.0,230.0,15.0
2023-06-03,18,21.5,74.6,6.0,230.0,15.0
2023-06-03,21,19.9,78.7,3.0,230.0,15.0
2023-06-04,0,18.5,84.3,2.0,320.0,15.0
2023-06-04,3,17.1,87.4,0.0,0.0,13.0
2023-06-04,6,17.5,84.2,0.0,0.0,13.0
2023-06-04,9,20.8,83.5,1.0,270.0,15.0
2023-06-04,12,23.3,73.0,5.0,230.0,16.0
2023-06-04,15,26.9,67.2,4.0,270.0,17.0
2023-06-04,18,23.5,74.0,5.0,230.0,17.0
2023-06-04,21,20.5,75.4,2.0,270.0,16.0
2023-06-05,0,19.7,83.9,0.0,0.0,16.0
2023-06-05,3,18.1,89.8,0.0,0.0,16.0
2023-06-05,6,17.3,85.8,0.0,0.0,14.0
2023-06-05,9,21.9,81.5,0.0,0.0,14.0
2023-06-05,12,24.9,73.3,6.0,230.0,16.0
2023-06-05,15,25.6,69.9,8.0,230.0,16.0
2023-06-05,18,24.6,61.8,8.0,230.0,16.0
2023-06-05,21,21.1,77.4,7.0,230.0,16.0
2023-06-06,0,20.1,78.8,7.0,230.0,16.0
2023-06-06,3,19.1,79.1,5.0,230.0,15.0
2023-06-06,6,18.6,79.1,3.0,230.0,15.0
2023-06-06,9,20.1,85.0,0.0,0.0,13.0
2023-06-06,12,23.2,81.2,6.0,230.0,14.0
2023-06-06,15,22.4,79.1,5.0,270.0,19.0
2023-06-06,18,21.3,84.6,5.0,270.0,15.0
2023-06-06,21,19.5,87.1,0.0,0.0,15.0
2023-06-07,0,18.8,88.2,0.0,0.0,15.0
2023-06-07,3,18.1,88.1,0.0,0.0,15.0
2023-06-07,6,17.6,88.1,0.0,0.0,15.0
2023-06-07,9,21.6,85.7,1.0,50.0,14.0
2023-06-07,12,25.4,79.0,2.0,140.0,16.0
2023-06-07,15,25.0,78.0,4.0,90.0,15.0
2023-06-07,18,22.3,82.6,3.0,50.0,16.0
2023-06-07,21,20.2,90.5,4.0,140.0,15.0
2023-06-08,0,19.5,89.3,4.0,140.0,15.0
2023-06-08,3,19.1,89.3,1.0,140.0,13.0
2023-06-08,6,18.0,93.9,6.0,140.0,12.0
2023-06-08,9,21.3,87.8,2.0,90.0,13.0
2023-06-08,12,20.1,92.2,1.0,90.0,12.0
2023-06-08,15,22.3,88.5,0.0,0.0,14.0
2023-06-08,18,21.5,82.0,0.0,0.0,17.0
2023-06-08,21,20.5,89.4,0.0,0.0,15.0
2023-06-09,0,16.7,89.1,0.0,0.0,16.0
2023-06-09,3,16.4,91.4,0.0,0.0,16.0
2023-06-09,6,15.6,86.7,0.0,0.0,13.0
2023-06-09,9,20.1,87.7,2.0,50.0,14.0
2023-06-09,12,24.3,77.4,2.0,90.0,13.0
2023-06-09,15,27.3,71.5,0.0,0.0,14.0
2023-06-09,18,26.1,68.3,0.0,0.0,14.0
2023-06-09,21,21.3,75.5,0.0,0.0,14.0
2023-06-10,0,20.3,80.3,3.0,90.0,14.0
2023-06-10,3,18.7,82.7,2.0,90.0,15.0
2023-06-10,6,18.5,75.1,0.0,0.0,15.0
2023-06-10,9,22.9,87.4,0.0,0.0,12.0
2023-06-10,12,24.9,76.6,1.0,180.0,13.0
2023-06-10,15,25.1,79.5,0.0,0.0,13.0
2023-06-10,18,17.5,92.1,5.0,270.0,11.0
2023-06-11,0,16.1,90.2,0.0,0.0,13.0
2023-06-11,3,15.6,90.2,0.0,0.0,13.0
2023-06-11,6,15.3,89.0,0.0,0.0,8.0
2023-06-11,9,18.5,92.1,0.0,0.0,9.0
2023-06-11,12,22.9,75.3,0.0,0.0,11.0
2023-06-11,15,23.5,77.3,0.0,0.0,13.0
2023-06-11,18,24.5,73.3,1.0,360.0,16.0
2023-06-11,21,19.5,81.8,1.0,360.0,16.0
2023-06-12,0,18.1,85.3,0.0,0.0,15.0
2023-06-12,3,16.9,89.7,0.0,0.0,12.0
2023-06-12,6,16.6,91.4,1.0,320.0,14.0
2023-06-12,9,22.1,80.6,1.0,90.0,16.0
2023-06-12,12,23.8,75.9,2.0,90.0,16.0
2023-06-12,15,26.0,69.1,3.0,270.0,17.0
2023-06-12,18,24.4,71.4,4.0,270.0,17.0
2023-06-12,21,20.5,80.9,3.0,270.0,16.0
2023-06-13,0,18.3,85.9,0.0,0.0,16.0
2023-06-13,3,17.2,86.3,0.0,0.0,16.0
2023-06-13,6,16.9,92.0,0.0,0.0,15.0
2023-06-13,9,20.3,90.0,0.0,0.0,13.0
2023-06-13,12,23.1,80.2,2.0,230.0,15.0
2023-06-13,15,24.1,77.4,5.0,320.0,15.0
2023-06-13,18,22.9,73.9,5.0,320.0,15.0
2023-06-13,21,19.4,82.8,0.0,0.0,15.0
2023-06-14,0,18.1,83.2,2.0,270.0,15.0
2023-06-14,3,16.9,79.3,0.0,0.0,15.0
2023-06-14,6,16.3,93.8,0.0,0.0,15.0
2023-06-14,9,21.7,84.1,0.0,0.0,11.0
2023-06-14,12,24.6,78.4,0.0,0.0,11.0
2023-06-14,15,24.3,80.8,0.0,0.0,12.0
2023-06-14,18,23.5,70.8,3.0,320.0,12.0
2023-06-14,21,20.5,86.1,2.0,320.0,12.0
2023-06-15,0,19.0,89.9,0.0,0.0,12.0
2023-06-15,3,17.8,90.9,0.0,0.0,13.0
2023-06-15,6,17.3,87.5,0.0,0.0,8.0
2023-06-15,9,21.1,87.3,0.0,0.0,9.0
2023-06-15,12,25.5,72.1,1.0,230.0,11.0
2023-06-15,15,27.3,67.7,2.0,230.0,13.0
2023-06-15,18,24.6,80.9,3.0,270.0,14.0
2023-06-15,21,20.1,90.5,2.0,230.0,15.0
2023-06-16,0,19.5,88.8,0.0,0.0,15.0
2023-06-16,3,19.1,89.3,0.0,0.0,15.0
2023-06-16,6,17.8,90.9,0.0,0.0,12.0
2023-06-16,9,23.3,82.2,0.0,0.0,11.0
2023-06-16,12,25.6,71.7,0.0,0.0,12.0
2023-06-16,15,28.6,66.7,0.0,0.0,12.0
2023-06-16,18,28.3,71.7,3.0,230.0,14.0
2023-06-16,21,22.5,78.1,0.0,0.0,14.0
2023-06-17,0,20.6,85.1,0.0,0.0,15.0
2023-06-17,3,19.0,89.9,0.0,0.0,15.0
2023-06-17,6,19.1,89.3,0.0,0.0,15.0
2023-06-17,9,23.1,85.3,3.0,140.0,13.0
2023-06-17,12,27.1,68.9,2.0,230.0,14.0
2023-06-17,15,28.5,60.4,3.0,320.0,18.0
2023-06-17,18,23.1,77.2,4.0,320.0,14.0
2023-06-17,21,20.1,87.7,5.0,270.0,12.0
2023-06-18,0,20.1,89.4,4.0,270.0,13.0
2023-06-18,3,19.6,82.8,0.0,0.0,15.0
2023-06-18,6,18.7,91.0,0.0,0.0,13.0
2023-06-18,9,22.2,84.7,1.0,320.0,12.0
2023-06-18,12,24.1,84.9,3.0,230.0,15.0
2023-06-18,15,26.9,81.2,3.0,270.0,14.0
2023-06-18,18,25.3,83.0,5.0,230.0,11.0
2023-06-18,21,21.5,88.9,3.0,320.0,11.0
2023-06-19,0,20.7,88.9,0.0,0.0,12.0
2023-06-19,3,20.0,89.4,0.0,0.0,12.0
2023-06-19,6,19.9,89.4,0.0,0.0,9.0
2023-06-19,9,25.9,83.1,2.0,140.0,14.0
2023-06-19,12,30.1,67.8,0.0,0.0,14.0
2023-06-19,15,27.9,71.2,6.0,320.0,15.0
2023-06-19,18,27.7,79.4,5.0,230.0,15.0
2023-06-19,21,24.7,82.4,6.0,270.0,15.0
2023-06-20,0,23.1,90.2,0.0,0.0,14.0
2023-06-20,3,22.1,90.1,0.0,0.0,14.0
2023-06-20,6,22.7,89.6,0.0,0.0,12.0
2023-06-20,9,20.3,87.7,2.0,140.0,8.0
2023-06-20,12,21.7,91.8,0.0,0.0,8.0
2023-06-20,15,23.1,93.5,0.0,0.0,8.0
2023-06-20,18,23.5,91.3,3.0,50.0,8.0
2023-06-20,21,21.8,92.3,2.0,270.0,7.0
2023-06-21,0,19.9,93.4,1.0,230.0,8.0
2023-06-21,3,18.5,92.7,0.0,0.0,5.0
2023-06-21,6,18.4,93.3,1.0,50.0,6.0
2023-06-21,9,19.3,91.0,1.0,50.0,8.0
2023-06-21,12,20.9,93.4,0.0,0.0,12.0
2023-06-21,15,21.7,84.6,0.0,0.0,15.0
2023-06-21,18,22.3,90.7,0.0,0.0,15.0
2023-06-21,21,20.6,85.1,0.0,0.0,15.0
2023-06-22,0,19.5,85.5,0.0,0.0,15.0
2023-06-22,3,18.6,91.0,3.0,320.0,15.0
2023-06-22,6,18.1,91.0,2.0,270.0,14.0
2023-06-22,9,20.5,91.7,3.0,230.0,8.0
2023-06-22,12,22.3,88.5,5.0,270.0,11.0
2023-06-22,15,24.3,80.8,4.0,320.0,13.0
2023-06-22,18,24.5,87.6,5.0,320.0,11.0
2023-06-22,21,21.9,91.8,3.0,320.0,8.0
2023-06-23,0,21.1,90.0,3.0,320.0,11.0
2023-06-23,3,20.1,89.4,4.0,230.0,11.0
2023-06-23,6,19.9,89.4,0.0,0.0,11.0
2023-06-23,9,24.0,81.3,0.0,0.0,12.0
2023-06-23,12,27.3,76.9,0.0,0.0,13.0
2023-06-23,15,29.9,70.3,2.0,230.0,17.0
2023-06-23,18,28.9,70.1,2.0,270.0,17.0
2023-06-23,21,24.1,79.3,3.0,230.0,15.0
2023-06-24,0,22.9,87.4,0.0,0.0,14.0
2023-06-24,3,21.7,90.1,0.0,0.0,14.0
2023-06-24,6,21.1,90.0,1.0,90.0,12.0
2023-06-24,9,26.1,86.1,2.0,50.0,11.0
2023-06-24,12,29.1,74.5,0.0,0.0,12.0
2023-06-24,15,31.3,71.0,0.0,0.0,12.0
2023-06-24,18,28.6,77.6,4.0,230.0,17.0
2023-06-24,21,23.6,92.4,3.0,230.0,17.0
2023-06-25,0,21.7,90.6,0.0,0.0,15.0
2023-06-25,3,20.7,88.9,0.0,0.0,15.0
2023-06-25,6,20.5,90.5,1.0,50.0,7.0
2023-06-25,9,25.0,86.6,0.0,0.0,9.0
2023-06-25,12,28.9,79.1,0.0,0.0,12.0
2023-06-25,15,30.2,77.4,3.0,230.0,14.0
2023-06-25,18,28.6,81.4,0.0,0.0,14.0
2023-06-25,21,25.5,83.0,2.0,360.0,14.0
2023-06-26,0,23.5,85.4,0.0,0.0,14.0
2023-06-26,3,23.3,86.9,0.0,0.0,14.0
2023-06-26,6,23.3,90.7,0.0,0.0,12.0
2023-06-26,9,24.3,97.6,5.0,90.0,5.0
2023-06-26,12,21.3,90.6,6.0,90.0,11.0
2023-06-26,15,23.7,93.6,2.0,90.0,11.0
2023-06-26,18,22.9,93.5,0.0,0.0,11.0
2023-06-26,21,22.7,94.1,0.0,0.0,12.0
2023-06-27,0,22.3,92.9,1.0,90.0,12.0
2023-06-27,3,20.5,95.2,6.0,230.0,11.0
2023-06-27,6,21.1,94.0,10.0,230.0,11.0
2023-06-27,9,24.1,84.9,4.0,230.0,15.0
2023-06-27,12,26.5,83.6,5.0,230.0,14.0
2023-06-27,15,28.6,78.5,5.0,230.0,15.0
2023-06-27,18,28.5,79.0,5.0,230.0,16.0
2023-06-27,21,24.1,87.0,2.0,90.0,15.0
2023-06-28,0,22.1,88.4,3.0,90.0,15.0
2023-06-28,3,21.1,90.0,0.0,0.0,13.0
2023-06-28,6,20.5,88.9,2.0,90.0,13.0
2023-06-28,9,25.5,87.1,1.0,140.0,11.0
2023-06-28,12,27.1,81.7,4.0,90.0,11.0
2023-06-28,15,28.9,79.1,1.0,90.0,13.0
2023-06-28,18,26.9,84.7,1.0,230.0,14.0
2023-06-28,21,24.5,91.4,3.0,90.0,15.0
2023-06-29,0,23.3,93.0,3.0,90.0,16.0
2023-06-29,3,22.6,90.1,2.0,90.0,15.0
2023-06-29,6,23.3,90.7,3.0,90.0,7.0
2023-06-29,9,23.2,94.1,2.0,50.0,7.0
2023-06-29,12,22.5,94.1,2.0,50.0,7.0
2023-06-29,15,21.4,94.6,3.0,50.0,7.0
2023-06-29,18,22.9,93.5,3.0,50.0,8.0
2023-06-29,21,22.3,93.5,3.0,50.0,11.0
2023-06-30,0,21.1,88.9,2.0,50.0,12.0
2023-06-30,3,20.1,92.2,2.0,90.0,14.0
2023-06-30,6,19.3,92.2,0.0,0.0,14.0
2023-06-30,9,25.2,87.6,1.0,50.0,17.0
2023-06-30,12,28.3,80.4,0.0,0.0,16.0
2023-06-30,15,29.3,83.4,3.0,270.0,16.0
2023-06-30,18,29.7,78.7,0.0,0.0,17.0
2023-06-30,21,25.0,75.6,0.0,0.0,12.0
2023-07-01,0,22.7,81.6,0.0,0.0,15.0
2023-07-01,3,21.9,91.8,0.0,0.0,11.0
2023-07-01,6,21.3,91.7,0.0,0.0,11.0
2023-07-01,9,25.5,89.3,0.0,0.0,11.0
2023-07-01,12,29.4,79.1,0.0,0.0,13.0
2023-07-01,15,31.1,78.9,0.0,0.0,13.0
2023-07-01,18,27.5,83.2,4.0,230.0,13.0
2023-07-01,21,22.9,91.8,4.0,230.0,9.0
2023-07-02,0,23.1,90.2,0.0,0.0,9.0
2023-07-02,3,22.4,90.1,0.0,0.0,8.0
2023-07-02,6,22.5,94.1,0.0,0.0,8.0
2023-07-02,9,24.0,91.3,1.0,50.0,7.0
2023-07-02,12,25.4,92.5,0.0,0.0,11.0
2023-07-02,15,28.9,86.4,0.0,0.0,14.0
2023-07-02,18,29.0,83.4,0.0,0.0,15.0
2023-07-02,21,24.5,92.5,0.0,0.0,15.0
2023-07-03,0,22.6,89.0,0.0,0.0,14.0
2023-07-03,3,22.4,90.1,0.0,0.0,14.0
2023-07-03,6,22.8,93.0,0.0,0.0,12.0
2023-07-03,9,24.3,92.5,0.0,0.0,7.0
2023-07-03,12,28.1,84.8,0.0,0.0,11.0
2023-07-03,15,31.3,81.3,0.0,0.0,11.0
2023-07-03,18,29.6,81.5,4.0,180.0,12.0
2023-07-03,21,25.3,89.2,3.0,230.0,14.0
2023-07-04,0,24.5,92.5,0.0,0.0,14.0
2023-07-04,3,24.1,90.8,0.0,0.0,14.0
2023-07-04,6,24.1,90.8,0.0,0.0,14.0
2023-07-04,9,25.3,92.5,3.0,90.0,5.0
2023-07-04,12,26.3,89.3,3.0,140.0,16.0
2023-07-04,15,24.3,94.2,3.0,140.0,12.0
2023-07-04,18,23.9,94.7,3.0,90.0,8.0
2023-07-04,21,23.8,96.4,5.0,140.0,8.0
2023-07-05,0,24.3,95.9,1.0,140.0,9.0
2023-07-05,3,23.3,95.9,7.0,270.0,12.0
2023-07-05,6,20.9,96.4,10.0,230.0,8.0
2023-07-05,9,22.5,88.5,10.0,270.0,12.0
2023-07-05,12,24.9,81.9,10.0,270.0,13.0
2023-07-05,15,26.9,77.4,4.0,270.0,13.0
2023-07-05,18,29.2,77.2,3.0,230.0,14.0
2023-07-05,21,24.5,84.9,2.0,140.0,14.0
2023-07-06,0,23.1,90.7,4.0,140.0,15.0
2023-07-06,3,22.7,88.5,4.0,140.0,15.0
2023-07-06,6,22.5,90.1,4.0,140.0,9.0
2023-07-06,9,27.0,89.9,1.0,90.0,9.0
2023-07-06,12,30.3,79.3,2.0,50.0,12.0
2023-07-06,15,31.7,74.5,2.0,50.0,15.0
2023-07-06,18,30.6,75.2,7.0,230.0,15.0
2023-07-06,21,26.6,87.2,1.0,360.0,15.0
2023-07-07,0,24.2,91.3,3.0,50.0,13.0
2023-07-07,3,23.4,91.3,4.0,50.0,12.0
2023-07-07,6,22.5,90.1,3.0,140.0,8.0
2023-07-07,9,26.0,87.2,3.0,50.0,11.0
2023-07-07,12,28.5,83.9,3.0,50.0,11.0
2023-07-07,15,30.6,82.1,2.0,90.0,12.0
2023-07-07,18,30.6,75.2,1.0,230.0,14.0
2023-07-07,21,25.0,91.4,5.0,270.0,14.0
2023-07-08,0,25.0,91.4,3.0,320.0,14.0
2023-07-08,3,22.9,91.8,0.0,0.0,14.0
2023-07-08,6,23.2,90.2,0.0,0.0,9.0
2023-07-08,9,26.1,84.6,2.0,90.0,9.0
2023-07-08,12,27.5,86.8,2.0,140.0,9.0
2023-07-08,15,28.9,79.1,3.0,230.0,15.0
2023-07-08,18,24.3,78.4,1.0,270.0,11.0
2023-07-08,21,24.8,83.4,0.0,0.0,12.0
2023-07-09,0,23.7,93.0,3.0,50.0,12.0
2023-07-09,3,22.5,97.0,3.0,320.0,11.0
2023-07-09,6,20.7,87.8,0.0,0.0,14.0
2023-07-09,9,20.9,91.7,0.0,0.0,13.0
2023-07-09,12,23.7,88.0,2.0,90.0,15.0
2023-07-09,15,27.1,83.7,0.0,0.0,15.0
2023-07-09,18,27.9,84.8,1.0,360.0,16.0
2023-07-09,21,25.5,87.7,1.0,90.0,15.0
2023-07-10,0,24.3,92.5,2.0,140.0,13.0
2023-07-10,3,23.9,92.4,3.0,140.0,15.0
2023-07-10,6,23.7,90.2,2.0,140.0,13.0
2023-07-10,9,27.0,84.2,0.0,0.0,9.0
2023-07-10,12,30.1,85.0,3.0,90.0,9.0
2023-07-10,15,30.7,77.9,2.0,270.0,11.0
2023-07-10,18,30.1,77.4,1.0,270.0,14.0
2023-07-10,21,26.5,85.7,2.0,270.0,15.0
2023-07-11,0,24.9,89.8,2.0,140.0,15.0
2023-07-11,3,24.1,89.1,0.0,0.0,13.0
2023-07-11,6,24.3,92.5,0.0,0.0,12.0
2023-07-11,9,24.1,91.3,2.0,140.0,11.0
2023-07-11,12,25.4,90.9,1.0,90.0,11.0
2023-07-11,15,26.8,87.8,1.0,90.0,11.0
2023-07-11,18,28.2,85.3,1.0,270.0,11.0
2023-07-11,21,24.9,89.2,0.0,0.0,11.0
2023-07-12,0,23.2,93.0,3.0,90.0,11.0
2023-07-12,3,23.1,91.8,0.0,0.0,12.0
2023-07-12,6,23.1,91.8,1.0,90.0,11.0
2023-07-12,9,25.5,92.5,2.0,50.0,8.0
2023-07-12,12,26.6,87.2,1.0,90.0,11.0
2023-07-12,15,28.9,81.9,1.0,250.0,12.0
2023-07-12,18,25.1,83.5,3.0,270.0,12.0
2023-07-12,21,24.3,80.8,1.0,320.0,13.0
2023-07-13,0,23.7,81.3,0.0,0.0,13.0
2023-07-13,3,23.9,91.3,2.0,90.0,12.0
2023-07-13,6,23.9,93.0,2.0,90.0,5.0
2023-07-13,9,25.1,90.9,1.0,90.0,8.0
2023-07-13,12,24.9,92.5,2.0,90.0,8.0
2023-07-13,15,24.1,93.0,1.0,90.0,8.0
2023-07-13,18,24.4,94.7,4.0,90.0,8.0
2023-07-13,21,23.9,95.9,3.0,90.0,7.0
2023-07-14,0,23.9,95.9,5.0,90.0,7.0
2023-07-14,3,24.3,95.9,1.0,140.0,8.0
2023-07-14,6,23.9,92.4,5.0,270.0,13.0
2023-07-14,9,24.4,93.0,1.0,140.0,11.0
2023-07-14,12,25.1,89.2,4.0,230.0,9.0
2023-07-14,15,25.5,87.7,5.0,230.0,13.0
2023-07-14,18,25.3,89.2,6.0,230.0,9.0
2023-07-14,21,25.3,90.9,2.0,230.0,9.0
2023-07-15,0,23.9,92.4,2.0,140.0,8.0
2023-07-15,3,24.7,89.7,1.0,140.0,9.0
2023-07-15,6,25.1,90.9,0.0,0.0,8.0
2023-07-15,9,27.7,90.5,0.0,0.0,8.0
2023-07-15,12,31.0,82.2,1.0,230.0,11.0
2023-07-15,15,32.0,80.4,3.0,230.0,11.0
2023-07-15,18,26.8,87.8,5.0,270.0,11.0
2023-07-15,21,24.1,91.3,4.0,230.0,12.0
2023-07-16,0,23.3,92.4,5.0,230.0,14.0
2023-07-16,3,22.9,91.8,4.0,230.0,12.0
2023-07-16,6,22.3,90.1,2.0,230.0,12.0
2023-07-16,9,25.3,90.9,1.0,230.0,12.0
2023-07-16,12,26.3,84.1,0.0,0.0,13.0
2023-07-16,15,29.5,81.5,0.0,0.0,15.0
2023-07-16,18,26.2,80.1,0.0,0.0,16.0
2023-07-16,21,23.9,79.3,0.0,0.0,15.0
2023-07-17,0,23.4,90.2,1.0,140.0,14.0
2023-07-17,3,22.7,92.9,1.0,140.0,14.0
2023-07-17,6,22.1,92.9,0.0,0.0,14.0
2023-07-17,9,24.7,86.5,0.0,0.0,15.0
2023-07-17,12,27.9,76.6,1.0,230.0,15.0
2023-07-17,15,29.1,76.3,4.0,270.0,15.0
2023-07-17,18,25.9,81.6,3.0,320.0,15.0
2023-07-17,21,23.9,85.4,1.0,320.0,14.0
2023-07-18,0,22.5,89.6,0.0,0.0,14.0
2023-07-18,3,22.1,90.1,1.0,320.0,13.0
2023-07-18,6,20.9,88.9,0.0,0.0,11.0
2023-07-18,9,23.8,86.4,1.0,90.0,11.0
2023-07-18,12,27.0,79.7,1.0,90.0,11.0
2023-07-18,15,30.1,76.0,1.0,230.0,13.0
2023-07-18,18,29.4,81.5,0.0,0.0,13.0
2023-07-18,21,24.5,87.6,3.0,270.0,14.0
2023-07-19,0,22.3,90.1,2.0,230.0,14.0
2023-07-19,3,21.9,90.1,1.0,230.0,13.0
2023-07-19,6,21.9,90.6,1.0,230.0,11.0
2023-07-19,9,23.9,92.4,1.0,320.0,6.0
2023-07-19,12,29.0,88.0,1.0,230.0,9.0
2023-07-19,15,29.5,84.5,3.0,320.0,14.0
2023-07-19,18,29.1,84.9,3.0,270.0,11.0
2023-07-19,21,24.9,87.6,3.0,250.0,12.0
2023-07-20,0,23.7,88.6,1.0,270.0,13.0
2023-07-20,3,23.2,91.3,0.0,0.0,12.0
2023-07-20,6,22.5,92.9,1.0,90.0,13.0
2023-07-20,9,27.2,82.7,2.0,140.0,12.0
2023-07-20,12,30.5,75.6,2.0,230.0,12.0
2023-07-20,15,31.5,69.8,2.0,270.0,13.0
2023-07-20,18,31.2,67.6,2.0,320.0,16.0
2023-07-20,21,26.0,84.1,3.0,320.0,13.0
2023-07-21,0,24.3,88.6,0.0,0.0,13.0
2023-07-21,3,23.3,90.7,0.0,0.0,11.0
2023-07-21,6,21.9,89.0,0.0,0.0,11.0
2023-07-21,9,26.9,83.7,1.0,90.0,12.0
2023-07-21,12,29.5,75.0,1.0,90.0,13.0
2023-07-21,15,33.2,75.2,1.0,90.0,13.0
2023-07-21,18,30.0,76.0,2.0,320.0,12.0
2023-07-21,21,26.2,74.9,2.0,270.0,13.0
2023-07-22,0,24.7,89.7,2.0,320.0,14.0
2023-07-22,3,23.3,86.4,1.0,50.0,13.0
2023-07-22,6,24.1,86.5,0.0,0.0,13.0
2023-07-22,9,26.1,93.1,2.0,90.0,9.0
2023-07-22,12,27.9,84.8,4.0,140.0,11.0
2023-07-22,15,29.5,80.1,5.0,140.0,11.0
2023-07-22,18,24.3,90.3,1.0,90.0,11.0
2023-07-22,21,24.1,94.7,2.0,90.0,5.0
2023-07-23,0,24.3,95.9,3.0,90.0,8.0
2023-07-23,3,24.3,95.9,2.0,90.0,11.0
2023-07-23,6,24.5,95.3,3.0,230.0,6.0
2023-07-23,9,24.9,92.5,1.0,230.0,13.0
2023-07-23,12,27.7,85.3,1.0,230.0,13.0
2023-07-23,15,30.3,80.2,1.0,270.0,15.0
2023-07-23,18,27.9,82.8,3.0,320.0,15.0
2023-07-23,21,25.5,89.8,2.0,230.0,14.0
2023-07-24,0,24.7,89.7,0.0,0.0,13.0
2023-07-24,3,24.5,95.3,2.0,90.0,13.0
2023-07-24,6,24.1,90.8,1.0,140.0,12.0
2023-07-24,9,26.7,91.0,4.0,320.0,12.0
2023-07-24,12,25.1,91.4,1.0,90.0,13.0
2023-07-24,15,28.5,86.4,1.0,90.0,15.0
2023-07-24,18,29.3,83.4,0.0,0.0,15.0
2023-07-24,21,26.1,81.6,1.0,270.0,15.0
2023-07-25,0,24.6,86.5,0.0,0.0,13.0
2023-07-25,3,23.7,89.7,0.0,0.0,14.0
2023-07-25,6,23.6,89.7,1.0,50.0,13.0
2023-07-25,9,25.7,92.5,2.0,90.0,12.0
2023-07-25,12,29.7,84.5,1.0,90.0,13.0
2023-07-25,15,30.9,85.6,1.0,230.0,15.0
2023-07-25,18,30.8,86.1,2.0,270.0,14.0
2023-07-25,21,26.7,92.6,1.0,90.0,13.0
2023-07-26,0,24.9,92.5,2.0,90.0,14.0
2023-07-26,3,24.6,93.0,2.0,90.0,13.0
2023-07-26,6,24.6,93.0,2.0,140.0,13.0
2023-07-26,9,23.3,91.3,2.0,50.0,13.0
2023-07-26,12,23.3,92.4,0.0,0.0,13.0
2023-07-26,15,24.1,93.0,1.0,50.0,11.0
2023-07-26,18,24.3,98.2,2.0,50.0,6.0
2023-07-26,21,23.3,94.1,1.0,90.0,13.0
2023-07-27,0,23.1,90.2,2.0,90.0,13.0
2023-07-27,3,23.3,92.4,2.0,90.0,13.0
2023-07-27,6,23.5,94.1,1.0,90.0,13.0
2023-07-27,9,26.4,93.7,2.0,140.0,11.0
2023-07-27,12,29.0,90.6,0.0,0.0,13.0
2023-07-27,15,31.1,78.9,1.0,230.0,13.0
2023-07-27,18,31.5,80.8,0.0,0.0,15.0
2023-07-27,21,27.7,83.8,1.0,140.0,15.0
2023-07-28,0,26.1,83.1,0.0,0.0,15.0
2023-07-28,3,24.9,92.5,1.0,50.0,13.0
2023-07-28,6,24.7,91.9,2.0,140.0,11.0
2023-07-28,9,27.3,92.6,2.0,90.0,11.0
2023-07-28,12,31.0,84.1,1.0,90.0,11.0
2023-07-28,15,31.3,84.2,1.0,270.0,11.0
2023-07-28,18,31.3,79.4,1.0,180.0,14.0
2023-07-28,21,27.8,88.4,1.0,230.0,14.0
2023-07-29,0,26.4,91.5,0.0,0.0,11.0
2023-07-29,3,25.9,87.2,1.0,140.0,12.0
2023-07-29,6,25.3,89.8,2.0,90.0,12.0
2023-07-29,9,25.9,96.5,1.0,360.0,11.0
2023-07-29,12,25.5,95.9,2.0,320.0,11.0
2023-07-29,15,27.7,95.4,1.0,90.0,11.0
2023-07-29,18,27.5,92.6,1.0,90.0,12.0
2023-07-29,21,26.3,93.7,2.0,90.0,14.0
2023-07-30,0,25.6,90.9,0.0,0.0,12.0
2023-07-30,3,25.1,89.2,0.0,0.0,12.0
2023-07-30,6,24.7,89.7,0.0,0.0,11.0
2023-07-30,9,26.7,90.4,3.0,90.0,12.0
2023-07-30,12,29.5,88.0,1.0,50.0,12.0
2023-07-30,15,31.5,76.2,0.0,0.0,15.0
2023-07-30,18,29.2,91.7,1.0,360.0,14.0
2023-07-30,21,27.9,92.1,0.0,0.0,14.0
2023-07-31,0,26.6,85.7,0.0,0.0,14.0
2023-07-31,3,26.0,92.0,0.0,0.0,11.0
2023-07-31,6,25.3,89.2,0.0,0.0,12.0
2023-07-31,9,27.3,90.5,1.0,270.0,12.0
2023-07-31,12,30.5,82.6,0.0,0.0,15.0
2023-07-31,15,31.6,87.7,0.0,0.0,15.0
2023-07-31,18,30.3,83.6,2.0,320.0,15.0
2023-07-31,21,26.3,81.6,2.0,270.0,13.0
2024-03-01,0,-2.6,71.1,8.0,320.0,12.0
2024-03-01,3,-4.6,66.9,7.0,320.0,13.0
2024-03-01,6,-6.1,62.0,8.0,320.0,14.0
2024-03-01,9,-6.6,61.8,6.0,320.0,15.0
2024-03-01,12,-6.2,65.0,7.0,320.0,17.0
2024-03-01,15,-4.8,63.3,7.0,320.0,17.0
2024-03-01,18,-5.5,68.9,6.0,320.0,17.0
2024-03-01,21,-5.7,75.1,3.0,320.0,17.0
2024-03-02,0,-5.5,68.9,0.0,0.0,17.0
2024-03-02,3,-4.7,76.5,0.0,0.0,15.0
2024-03-02,6,-4.9,77.6,3.0,140.0,15.0
2024-03-02,9,-3.0,79.7,2.0,140.0,14.0
2024-03-02,12,3.3,77.8,9.0,230.0,14.0
2024-03-02,15,4.3,76.8,8.0,230.0,14.0
2024-03-02,18,2.9,82.4,5.0,230.0,12.0
2024-03-02,21,1.9,82.9,4.0,230.0,12.0
2024-03-03,0,0.5,83.9,3.0,230.0,12.0
2024-03-03,3,-0.6,83.8,1.0,270.0,13.0
2024-03-03,6,-1.6,86.2,2.0,270.0,11.0
2024-03-03,9,-0.7,89.6,0.0,0.0,9.0
2024-03-03,12,3.5,74.0,1.0,50.0,9.0
2024-03-03,15,5.2,70.1,2.0,230.0,12.0
2024-03-03,18,3.1,64.2,2.0,320.0,12.0
2024-03-03,21,-0.1,67.4,2.0,270.0,14.0
2024-03-04,0,-1.1,78.2,2.0,270.0,14.0
2024-03-04,3,-2.0,85.5,2.0,320.0,15.0
2024-03-04,6,-1.9,84.9,1.0,90.0,14.0
2024-03-04,9,-0.4,87.6,1.0,90.0,15.0
2024-03-04,12,4.8,65.1,2.0,50.0,15.0
2024-03-04,15,6.6,59.6,2.0,90.0,17.0
2024-03-04,18,7.0,55.9,1.0,90.0,14.0
2024-03-04,21,3.9,83.1,0.0,0.0,12.0
2024-03-05,0,2.7,74.4,1.0,50.0,11.0
2024-03-05,3,2.5,76.5,3.0,90.0,11.0
2024-03-05,6,1.8,74.7,0.0,0.0,13.0
2024-03-05,9,2.7,75.5,3.0,50.0,11.0
2024-03-05,12,7.8,66.2,1.0,90.0,11.0
2024-03-05,15,10.3,63.1,2.0,360.0,15.0
2024-03-05,18,9.0,72.4,1.0,180.0,16.0
2024-03-05,21,5.8,70.7,1.0,50.0,11.0
2024-03-06,0,3.9,83.1,3.0,50.0,11.0
2024-03-06,3,2.9,86.7,4.0,50.0,11.0
2024-03-06,6,1.8,87.8,0.0,0.0,11.0
2024-03-06,9,2.4,78.2,1.0,320.0,15.0
2024-03-06,12,6.4,71.9,2.0,360.0,14.0
2024-03-06,15,7.4,73.1,3.0,270.0,14.0
2024-03-06,18,5.1,70.6,4.0,270.0,14.0
2024-03-06,21,1.9,81.1,3.0,270.0,15.0
2024-03-07,0,1.1,83.4,2.0,270.0,15.0
2024-03-07,3,0.3,81.4,0.0,0.0,14.0
2024-03-07,6,-0.6,83.8,1.0,90.0,14.0
2024-03-07,9,1.1,92.4,0.0,0.0,8.0
2024-03-07,12,3.6,84.9,4.0,230.0,13.0
2024-03-07,15,5.1,70.6,5.0,230.0,17.0
2024-03-07,18,3.9,70.3,5.0,270.0,17.0
2024-03-07,21,2.2,78.2,6.0,270.0,15.0
2024-03-08,0,2.2,86.6,3.0,230.0,14.0
2024-03-08,3,2.1,70.5,5.0,320.0,8.0
2024-03-08,6,1.3,75.8,8.0,320.0,13.0
2024-03-08,9,1.3,71.4,5.0,320.0,16.0
2024-03-08,12,2.3,68.0,8.0,320.0,18.0
2024-03-08,15,2.8,68.1,9.0,320.0,18.0
2024-03-08,18,2.6,72.2,6.0,320.0,18.0
2024-03-08,21,1.3,75.8,5.0,320.0,18.0
2024-03-09,0,0.6,72.3,4.0,320.0,18.0
2024-03-09,3,-1.3,75.9,3.0,360.0,16.0
2024-03-09,6,-2.4,72.3,0.0,0.0,16.0
2024-03-09,9,-0.7,72.6,0.0,0.0,17.0
2024-03-09,12,2.1,68.9,3.0,230.0,15.0
2024-03-09,15,3.5,66.2,4.0,270.0,15.0
2024-03-09,18,2.1,70.5,6.0,270.0,15.0
2024-03-09,21,-0.3,78.4,3.0,270.0,15.0
2024-03-10,0,-1.1,83.1,3.0,270.0,15.0
2024-03-10,3,-1.8,86.2,1.0,90.0,16.0
2024-03-10,6,-2.5,90.8,3.0,90.0,15.0
2024-03-10,9,-0.1,82.6,2.0,90.0,13.0
2024-03-10,12,6.0,76.0,2.0,90.0,15.0
2024-03-10,15,10.5,68.7,3.0,270.0,15.0
2024-03-10,18,8.9,72.9,3.0,270.0,15.0
2024-03-10,21,4.8,78.0,0.0,0.0,15.0
2024-03-11,0,2.7,82.4,3.0,50.0,15.0
2024-03-11,3,3.0,91.2,2.0,90.0,12.0
2024-03-11,6,3.0,87.3,3.0,140.0,13.0
2024-03-11,9,3.6,88.6,2.0,50.0,9.0
2024-03-11,12,8.1,81.3,3.0,50.0,11.0
2024-03-11,15,9.6,73.5,1.0,320.0,14.0
2024-03-11,18,8.2,85.4,1.0,230.0,11.0
2024-03-11,21,5.8,93.3,3.0,50.0,11.0
2024-03-12,0,5.1,88.8,1.0,50.0,11.0
2024-03-12,3,4.5,90.0,3.0,50.0,9.0
2024-03-12,6,2.9,93.1,2.0,320.0,12.0
2024-03-12,9,3.5,83.1,0.0,0.0,12.0
2024-03-12,12,7.0,74.1,2.0,320.0,12.0
2024-03-12,15,8.6,69.8,3.0,320.0,18.0
2024-03-12,18,8.2,70.7,3.0,320.0,18.0
2024-03-12,21,4.5,73.6,3.0,270.0,16.0
2024-03-13,0,3.5,84.3,4.0,230.0,15.0
2024-03-13,3,2.5,87.3,3.0,230.0,15.0
2024-03-13,6,1.7,88.5,1.0,270.0,13.0
2024-03-13,9,4.4,83.8,0.0,0.0,11.0
2024-03-13,12,9.0,71.4,6.0,270.0,11.0
2024-03-13,15,10.9,67.4,7.0,270.0,11.0
2024-03-13,18,8.0,70.7,4.0,230.0,11.0
2024-03-13,21,6.0,76.0,1.0,230.0,11.0
2024-03-14,0,5.1,80.9,1.0,320.0,11.0
2024-03-14,3,3.5,89.3,4.0,270.0,13.0
2024-03-14,6,2.7,91.8,0.0,0.0,11.0
2024-03-14,9,3.5,81.3,2.0,90.0,15.0
2024-03-14,12,12.1,79.1,1.0,140.0,13.0
2024-03-14,15,14.2,57.0,6.0,270.0,12.0
2024-03-14,18,12.4,58.5,4.0,270.0,14.0
2024-03-14,21,8.7,61.4,0.0,0.0,14.0
2024-03-15,0,8.0,62.6,0.0,0.0,14.0
2024-03-15,3,7.8,72.6,2.0,320.0,12.0
2024-03-15,6,8.3,71.2,0.0,0.0,13.0
2024-03-15,9,9.5,75.5,0.0,0.0,12.0
2024-03-15,12,14.2,66.7,8.0,230.0,7.0
2024-03-15,15,14.1,67.6,7.0,230.0,13.0
2024-03-15,18,10.8,74.7,4.0,270.0,5.0
2024-03-15,21,8.2,84.8,2.0,270.0,12.0
2024-03-16,0,7.8,89.0,1.0,90.0,9.0
2024-03-16,3,5.8,93.3,2.0,90.0,8.0
2024-03-16,6,4.3,91.2,3.0,140.0,8.0
2024-03-16,9,5.7,90.7,3.0,140.0,4.0
2024-03-16,12,11.7,75.4,3.0,140.0,11.0
2024-03-16,15,13.0,71.6,3.0,140.0,12.0
2024-03-16,18,11.0,73.7,0.0,0.0,12.0
2024-03-16,21,10.2,69.1,1.0,140.0,12.0
2024-03-17,0,9.4,78.7,3.0,230.0,12.0
2024-03-17,3,7.5,91.5,6.0,230.0,12.0
2024-03-17,6,4.7,91.3,2.0,320.0,12.0
2024-03-17,9,4.5,68.9,4.0,320.0,9.0
2024-03-17,12,6.4,65.4,8.0,360.0,9.0
2024-03-17,15,8.4,61.8,7.0,360.0,11.0
2024-03-17,18,7.2,67.0,4.0,320.0,17.0
2024-03-17,21,4.1,77.9,5.0,320.0,16.0
2024-03-18,0,3.0,75.0,1.0,320.0,15.0
2024-03-18,3,1.6,74.2,1.0,320.0,15.0
2024-03-18,6,0.5,88.3,0.0,0.0,11.0
2024-03-18,9,3.7,76.7,2.0,90.0,14.0
2024-03-18,12,9.2,54.1,2.0,230.0,15.0
2024-03-18,15,11.3,53.1,5.0,270.0,15.0
2024-03-18,18,8.3,53.0,5.0,270.0,15.0
2024-03-18,21,6.0,68.3,3.0,270.0,15.0
2024-03-19,0,4.3,83.2,3.0,140.0,13.0
2024-03-19,3,3.8,84.9,3.0,50.0,13.0
2024-03-19,6,2.6,89.8,3.0,20.0,13.0
2024-03-19,9,5.1,90.0,1.0,90.0,9.0
2024-03-19,12,8.0,87.8,3.0,230.0,11.0
2024-03-19,15,7.2,85.9,6.0,320.0,9.0
2024-03-19,18,5.6,85.7,6.0,270.0,8.0
2024-03-19,21,4.1,83.1,8.0,320.0,14.0
2024-03-20,0,3.3,86.7,6.0,320.0,12.0
2024-03-20,3,2.9,78.3,6.0,320.0,11.0
2024-03-20,6,2.1,79.9,4.0,320.0,14.0
2024-03-20,9,3.7,79.0,3.0,320.0,14.0
2024-03-20,12,4.9,68.0,3.0,320.0,15.0
2024-03-20,15,5.3,70.6,4.0,320.0,17.0
2024-03-20,18,4.5,73.6,5.0,270.0,15.0
2024-03-20,21,3.1,76.1,4.0,270.0,17.0
2024-03-21,0,2.7,81.2,4.0,230.0,14.0
2024-03-21,3,2.1,88.5,1.0,270.0,13.0
2024-03-21,6,1.9,82.9,1.0,270.0,13.0
2024-03-21,9,5.1,87.5,1.0,50.0,13.0
2024-03-21,12,9.0,65.6,2.0,50.0,13.0
2024-03-21,15,11.2,58.6,0.0,0.0,15.0
2024-03-21,18,9.0,65.6,3.0,270.0,15.0
2024-03-21,21,5.5,78.7,0.0,0.0,15.0
2024-03-22,0,5.1,72.7,2.0,50.0,15.0
2024-03-22,3,4.9,80.9,2.0,90.0,15.0
2024-03-22,6,3.9,80.8,5.0,90.0,14.0
2024-03-22,9,5.2,83.9,6.0,90.0,12.0
2024-03-22,12,9.8,81.6,4.0,90.0,13.0
2024-03-22,15,9.0,91.6,1.0,50.0,11.0
2024-03-22,18,9.0,89.1,0.0,0.0,11.0
2024-03-22,21,9.9,88.6,0.0,0.0,12.0
2024-03-23,0,8.4,89.6,2.0,320.0,11.0
2024-03-23,3,7.0,90.8,2.0,270.0,11.0
2024-03-23,6,6.0,92.0,2.0,320.0,7.0
2024-03-23,9,6.8,90.1,0.0,0.0,5.0
2024-03-23,12,12.6,76.6,2.0,360.0,12.0
2024-03-23,15,14.2,73.3,3.0,230.0,15.0
2024-03-23,18,13.2,80.4,3.0,230.0,12.0
2024-03-23,21,9.2,84.9,2.0,320.0,11.0
2024-03-24,0,7.3,87.7,1.0,50.0,11.0
2024-03-24,3,7.2,89.6,2.0,90.0,12.0
2024-03-24,6,5.4,92.6,1.0,90.0,12.0
2024-03-24,9,8.4,89.0,2.0,140.0,11.0
2024-03-24,12,15.0,77.5,1.0,90.0,12.0
2024-03-24,15,19.9,59.2,2.0,50.0,14.0
2024-03-24,18,18.5,67.6,3.0,230.0,15.0
2024-03-24,21,10.4,81.6,3.0,230.0,13.0
2024-03-25,0,9.5,79.9,0.0,0.0,13.0
2024-03-25,3,9.8,81.6,1.0,270.0,13.0
2024-03-25,6,9.8,86.8,0.0,0.0,12.0
2024-03-25,9,10.8,81.1,2.0,70.0,11.0
2024-03-25,12,12.8,77.7,4.0,50.0,11.0
2024-03-25,15,12.3,76.0,4.0,90.0,11.0
2024-03-25,18,10.0,84.4,3.0,90.0,11.0
2024-03-25,21,7.8,91.5,5.0,90.0,11.0
2024-03-26,0,5.2,93.9,5.0,50.0,11.0
2024-03-26,3,3.9,95.2,4.0,50.0,11.0
2024-03-26,6,2.8,89.8,3.0,50.0,11.0
2024-03-26,9,4.1,91.9,2.0,90.0,13.0
2024-03-26,12,8.0,84.8,3.0,50.0,13.0
2024-03-26,15,11.0,78.4,0.0,0.0,15.0
2024-03-26,18,8.4,86.0,4.0,270.0,16.0
2024-03-26,21,6.0,80.5,3.0,270.0,16.0
2024-03-27,0,5.4,79.3,1.0,270.0,16.0
2024-03-27,3,4.0,81.4,0.0,0.0,16.0
2024-03-27,6,3.8,84.9,2.0,90.0,16.0
2024-03-27,9,6.5,90.8,3.0,90.0,9.0
2024-03-27,12,12.8,76.6,2.0,140.0,14.0
2024-03-27,15,15.3,74.0,3.0,140.0,14.0
2024-03-27,18,13.0,74.6,2.0,320.0,16.0
2024-03-27,21,8.6,82.5,3.0,50.0,14.0
2024-03-28,0,7.6,85.3,2.0,90.0,11.0
2024-03-28,3,6.8,88.3,3.0,140.0,12.0
2024-03-28,6,7.4,94.0,2.0,90.0,11.0
2024-03-28,9,8.2,92.1,0.0,0.0,8.0
2024-03-28,12,10.6,92.3,0.0,0.0,13.0
2024-03-28,15,11.0,88.1,6.0,230.0,17.0
2024-03-28,18,10.2,88.6,7.0,230.0,8.0
2024-03-28,21,7.4,81.8,6.0,230.0,8.0
2024-03-29,0,5.8,78.2,1.0,230.0,8.0
2024-03-29,3,5.2,85.7,0.0,0.0,8.0
2024-03-29,6,5.1,88.8,7.0,270.0,8.0
2024-03-29,9,2.0,92.4,2.0,90.0,11.0
2024-03-29,12,5.1,91.9,2.0,140.0,11.0
2024-03-29,15,8.4,81.4,5.0,270.0,13.0
2024-03-29,18,8.2,76.4,8.0,270.0,16.0
2024-03-29,21,6.8,78.9,3.0,270.0,15.0
2024-03-30,0,5.4,79.3,1.0,230.0,13.0
2024-03-30,3,2.9,83.6,2.0,90.0,13.0
2024-03-30,6,3.9,83.1,2.0,140.0,14.0
2024-03-30,9,7.0,80.6,2.0,270.0,13.0
2024-03-30,12,8.6,75.4,6.0,320.0,14.0
2024-03-30,15,9.5,77.7,3.0,360.0,12.0
2024-03-30,18,10.6,60.1,2.0,320.0,14.0
2024-03-30,21,6.8,70.9,3.0,270.0,14.0
2024-03-31,0,6.0,77.1,3.0,270.0,12.0
2024-03-31,3,4.5,83.2,2.0,320.0,12.0
2024-03-31,6,3.5,88.0,0.0,0.0,12.0
2024-03-31,9,5.8,83.4,1.0,50.0,11.0
2024-03-31,12,10.8,71.2,2.0,50.0,15.0
2024-03-31,15,12.0,61.3,2.0,50.0,14.0
2024-03-31,18,11.0,69.3,2.0,90.0,14.0
2024-03-31,21,8.8,67.9,3.0,270.0,14.0
2024-04-01,0,5.1,72.7,0.0,0.0,12.0
2024-04-01,3,3.3,84.2,2.0,90.0,13.0
2024-04-01,6,3.1,82.4,1.0,90.0,12.0
2024-04-01,9,5.3,84.5,1.0,50.0,13.0
2024-04-01,12,12.2,66.3,1.0,50.0,13.0
2024-04-01,15,14.0,67.1,3.0,320.0,15.0
2024-04-01,18,12.9,72.1,1.0,230.0,15.0
2024-04-01,21,8.8,81.4,1.0,270.0,13.0
2024-04-02,0,8.0,79.1,0.0,0.0,12.0
2024-04-02,3,7.8,81.3,2.0,90.0,12.0
2024-04-02,6,6.1,81.6,3.0,50.0,15.0
2024-04-02,9,9.2,80.9,3.0,50.0,11.0
2024-04-02,12,15.0,67.8,4.0,50.0,11.0
2024-04-02,15,20.1,58.0,1.0,50.0,12.0
2024-04-02,18,15.3,77.5,3.0,230.0,11.0
2024-04-02,21,14.0,75.8,0.0,0.0,12.0
2024-04-03,0,11.4,78.0,1.0,50.0,12.0
2024-04-03,3,9.8,84.4,3.0,50.0,12.0
2024-04-03,6,9.6,85.6,0.0,0.0,13.0
2024-04-03,9,12.0,84.1,3.0,360.0,11.0
2024-04-03,12,17.1,71.9,3.0,360.0,12.0
2024-04-03,15,17.5,72.5,4.0,320.0,13.0
2024-04-03,18,16.6,68.6,4.0,270.0,15.0
2024-04-03,21,12.2,72.0,3.0,270.0,14.0
2024-04-04,0,11.2,74.3,3.0,230.0,14.0
2024-04-04,3,11.0,67.9,5.0,50.0,14.0
2024-04-04,6,9.5,67.5,2.0,360.0,14.0
2024-04-04,9,12.2,60.5,3.0,360.0,14.0
2024-04-04,12,16.3,55.2,3.0,360.0,14.0
2024-04-04,15,19.1,61.0,3.0,320.0,14.0
2024-04-04,18,17.1,63.4,3.0,270.0,17.0
2024-04-04,21,12.2,64.9,2.0,320.0,16.0
2024-04-05,0,8.5,82.0,1.0,320.0,15.0
2024-04-05,3,8.0,84.8,1.0,270.0,13.0
2024-04-05,6,7.2,85.9,0.0,0.0,14.0
2024-04-05,9,11.1,84.0,1.0,50.0,14.0
2024-04-05,12,16.3,69.9,2.0,230.0,14.0
2024-04-05,15,15.9,67.1,2.0,230.0,15.0
2024-04-05,18,13.4,76.2,3.0,230.0,14.0
2024-04-05,21,9.0,79.2,1.0,270.0,12.0
2024-04-06,0,8.4,76.4,0.0,0.0,12.0
2024-04-06,3,6.8,77.8,0.0,0.0,13.0
2024-04-06,6,5.8,85.7,3.0,90.0,13.0
2024-04-06,9,8.0,87.8,4.0,90.0,11.0
2024-04-06,12,15.0,71.0,4.0,70.0,11.0
2024-04-06,15,17.9,65.3,5.0,270.0,15.0
2024-04-06,18,15.5,63.5,5.0,270.0,13.0
2024-04-06,21,11.6,68.9,1.0,320.0,12.0
2024-04-07,0,10.8,74.7,3.0,90.0,12.0
2024-04-07,3,7.6,78.5,1.0,140.0,12.0
2024-04-07,6,7.2,80.6,3.0,90.0,14.0
2024-04-07,9,10.8,79.0,3.0,90.0,12.0
2024-04-07,12,19.7,67.9,2.0,140.0,15.0
2024-04-07,15,21.1,64.7,2.0,270.0,15.0
2024-04-07,18,16.6,72.3,4.0,250.0,15.0
2024-04-07,21,13.6,87.1,1.0,90.0,13.0
2024-04-08,0,11.3,88.7,1.0,50.0,14.0
2024-04-08,3,10.0,92.2,1.0,50.0,12.0
2024-04-08,6,9.3,90.3,1.0,50.0,12.0
2024-04-08,9,11.4,87.5,0.0,0.0,9.0
2024-04-08,12,18.1,87.0,0.0,0.0,9.0
2024-04-08,15,19.7,73.3,4.0,230.0,11.0
2024-04-08,18,15.3,84.5,4.0,230.0,7.0
2024-04-08,21,11.3,82.9,3.0,270.0,9.0
2024-04-09,0,11.3,73.3,3.0,230.0,16.0
2024-04-09,3,10.8,74.7,2.0,50.0,15.0
2024-04-09,6,7.0,84.1,3.0,50.0,15.0
2024-04-09,9,12.4,71.5,3.0,50.0,13.0
2024-04-09,12,15.3,67.4,3.0,90.0,15.0
2024-04-09,15,17.3,60.9,1.0,140.0,13.0
2024-04-09,18,17.3,62.6,1.0,320.0,15.0
2024-04-09,21,12.0,79.1,2.0,270.0,15.0
2024-04-10,0,9.8,86.8,3.0,270.0,12.0
2024-04-10,3,9.0,85.5,1.0,90.0,13.0
2024-04-10,6,7.8,87.2,1.0,140.0,13.0
2024-04-10,9,11.4,82.3,3.0,140.0,11.0
2024-04-10,12,18.1,72.6,4.0,50.0,12.0
2024-04-10,15,18.3,70.7,3.0,180.0,13.0
2024-04-10,18,15.0,77.5,1.0,50.0,13.0
2024-04-10,21,12.2,89.3,3.0,50.0,12.0
2024-04-11,0,11.4,91.1,2.0,50.0,12.0
2024-04-11,3,10.0,85.6,1.0,90.0,12.0
2024-04-11,6,11.3,87.5,2.0,90.0,12.0
2024-04-11,9,13.1,90.0,3.0,140.0,11.0
2024-04-11,12,18.3,78.5,3.0,230.0,14.0
2024-04-11,15,21.1,68.6,1.0,270.0,14.0
2024-04-11,18,19.3,68.2,0.0,0.0,14.0
2024-04-11,21,14.8,72.9,1.0,20.0,13.0
2024-04-12,0,12.6,80.3,0.0,0.0,13.0
2024-04-12,3,11.8,81.8,1.0,50.0,13.0
2024-04-12,6,9.9,89.2,3.0,90.0,11.0
2024-04-12,9,13.4,70.3,4.0,50.0,16.0
2024-04-12,12,19.9,72.4,1.0,90.0,15.0
2024-04-12,15,23.6,70.0,4.0,270.0,17.0
2024-04-12,18,18.9,71.3,5.0,270.0,17.0
2024-04-12,21,15.2,68.7,1.0,270.0,17.0
2024-04-13,0,13.7,72.2,2.0,270.0,15.0
2024-04-13,3,11.0,84.5,0.0,0.0,15.0
2024-04-13,6,10.4,87.4,0.0,0.0,6.0
2024-04-13,9,15.5,82.8,0.0,0.0,11.0
2024-04-13,12,20.9,76.4,0.0,0.0,15.0
2024-04-13,15,22.7,71.1,2.0,270.0,17.0
2024-04-13,18,14.8,83.3,4.0,270.0,16.0
2024-04-13,21,10.4,89.8,1.0,230.0,9.0
2024-04-14,0,11.4,92.9,0.0,0.0,6.0
2024-04-14,3,11.0,91.7,0.0,0.0,5.0
2024-04-14,6,10.2,89.2,1.0,90.0,3.5
2024-04-14,9,13.2,91.8,3.0,90.0,3.0
2024-04-14,12,23.3,72.1,1.0,50.0,11.0
2024-04-14,15,27.1,62.8,2.0,230.0,14.0
2024-04-14,18,22.1,66.6,5.0,270.0,12.0
2024-04-14,21,17.1,74.8,2.0,230.0,12.0
2024-04-15,0,14.8,76.9,0.0,0.0,12.0
2024-04-15,3,14.5,75.9,3.0,50.0,12.0
2024-04-15,6,13.3,91.8,0.0,0.0,12.0
2024-04-15,9,14.4,96.2,3.0,360.0,8.0
2024-04-15,12,14.8,98.1,4.0,270.0,9.0
2024-04-15,15,13.1,90.6,3.0,230.0,13.0
2024-04-15,18,11.2,94.8,3.0,230.0,5.0
2024-04-15,21,14.4,90.7,3.0,270.0,11.0
2024-04-16,0,11.0,89.8,1.0,270.0,11.0
2024-04-16,3,10.4,89.8,3.0,270.0,6.0
2024-04-16,6,10.1,90.4,2.0,270.0,12.0
2024-04-16,9,11.2,86.9,0.0,0.0,3.0
2024-04-16,12,11.2,91.1,0.0,0.0,6.0
2024-04-16,15,15.4,90.2,3.0,320.0,7.0
2024-04-16,18,14.8,86.7,3.0,270.0,9.0
2024-04-16,21,11.6,78.5,3.0,270.0,12.0
2024-04-17,0,11.2,82.9,0.0,0.0,12.0
2024-04-17,3,9.7,86.2,0.0,0.0,14.0
2024-04-17,6,9.4,79.8,0.0,0.0,13.0
2024-04-17,9,13.0,80.4,0.0,0.0,12.0
2024-04-17,12,17.7,76.9,1.0,230.0,13.0
2024-04-17,15,19.9,72.4,4.0,270.0,9.0
2024-04-17,18,18.3,73.6,2.0,270.0,8.0
2024-04-17,21,12.6,87.6,1.0,270.0,11.0
2024-04-18,0,12.0,89.3,2.0,270.0,13.0
2024-04-18,3,10.4,89.8,0.0,0.0,12.0
2024-04-18,6,9.8,89.1,0.0,0.0,11.0
2024-04-18,9,14.8,79.0,2.0,90.0,11.0
2024-04-18,12,20.7,66.3,3.0,230.0,13.0
2024-04-18,15,23.6,58.5,4.0,320.0,14.0
2024-04-18,18,19.9,63.6,3.0,230.0,13.0
2024-04-18,21,14.2,78.9,4.0,270.0,14.0
2024-04-19,0,15.2,77.5,0.0,0.0,14.0
2024-04-19,3,12.2,85.8,0.0,0.0,13.0
2024-04-19,6,11.2,88.7,0.0,0.0,11.0
2024-04-19,9,15.6,79.7,0.0,0.0,11.0
2024-04-19,12,20.9,74.0,1.0,50.0,13.0
2024-04-19,15,23.5,70.8,1.0,230.0,12.0
2024-04-19,18,18.4,75.5,4.0,270.0,8.0
2024-04-19,21,15.3,79.1,0.0,0.0,12.0
2024-04-20,0,14.3,83.8,0.0,0.0,12.0
2024-04-20,3,14.2,82.1,1.0,90.0,12.0
2024-04-20,6,13.8,88.9,1.0,90.0,12.0
2024-04-20,9,14.8,91.9,0.0,0.0,9.0
2024-04-20,12,17.5,84.2,0.0,0.0,9.0
2024-04-20,15,17.3,83.6,1.0,90.0,11.0
2024-04-20,18,14.6,91.9,3.0,50.0,11.0
2024-04-20,21,12.6,90.6,3.0,50.0,12.0
2024-04-21,0,11.4,89.9,1.0,140.0,13.0
2024-04-21,3,10.6,86.2,3.0,50.0,13.0
2024-04-21,6,10.6,84.5,0.0,0.0,12.0
2024-04-21,9,13.0,90.6,3.0,20.0,13.0
2024-04-21,12,18.9,78.6,3.0,20.0,14.0
2024-04-21,15,21.3,75.5,1.0,50.0,15.0
2024-04-21,18,18.9,80.6,1.0,140.0,15.0
2024-04-21,21,17.1,81.4,3.0,90.0,15.0
2024-04-22,0,15.9,82.9,5.0,90.0,15.0
2024-04-22,3,15.0,86.7,1.0,140.0,15.0
2024-04-22,6,13.2,93.0,2.0,50.0,14.0
2024-04-22,9,13.4,85.4,1.0,50.0,13.0
2024-04-22,12,17.4,84.7,2.0,90.0,14.0
2024-04-22,15,21.9,67.9,3.0,50.0,16.0
2024-04-22,18,21.9,67.9,2.0,50.0,14.0
2024-04-22,21,15.2,77.5,2.0,50.0,14.0
2024-04-23,0,14.0,75.8,0.0,0.0,15.0
2024-04-23,3,13.1,76.7,0.0,0.0,14.0
2024-04-23,6,12.6,87.6,1.0,140.0,12.0
2024-04-23,9,15.0,81.7,4.0,140.0,12.0
2024-04-23,12,19.1,89.3,2.0,50.0,15.0
2024-04-23,15,20.1,73.4,1.0,50.0,15.0
2024-04-23,18,17.5,73.9,1.0,50.0,15.0
2024-04-23,21,13.6,91.8,1.0,90.0,11.0
2024-04-24,0,10.0,92.2,3.0,90.0,8.0
2024-04-24,3,10.0,92.2,3.0,50.0,8.0
2024-04-24,6,9.8,92.2,3.0,50.0,8.0
2024-04-24,9,10.6,92.3,2.0,50.0,13.0
2024-04-24,12,13.8,87.1,1.0,50.0,16.0
2024-04-24,15,15.5,85.0,3.0,270.0,17.0
2024-04-24,18,15.5,76.5,3.0,230.0,16.0
2024-04-24,21,11.4,89.9,4.0,320.0,15.0
2024-04-25,0,9.6,90.4,3.0,270.0,13.0
2024-04-25,3,9.6,92.2,0.0,0.0,13.0
2024-04-25,6,10.0,92.2,0.0,0.0,7.0
2024-04-25,9,10.5,93.5,3.0,140.0,9.0
2024-04-25,12,15.5,82.8,3.0,90.0,12.0
2024-04-25,15,20.9,75.5,2.0,230.0,17.0
2024-04-25,18,19.1,81.7,1.0,90.0,16.0
2024-04-25,21,15.0,82.8,0.0,0.0,16.0
2024-04-26,0,12.3,81.9,3.0,90.0,15.0
2024-04-26,3,11.2,82.9,3.0,90.0,15.0
2024-04-26,6,11.0,88.1,1.0,90.0,12.0
2024-04-26,9,15.6,85.6,1.0,50.0,12.0
2024-04-26,12,21.4,82.5,0.0,0.0,14.0
2024-04-26,15,23.7,66.5,2.0,230.0,14.0
2024-04-26,18,21.1,63.0,6.0,270.0,17.0
2024-04-26,21,15.3,74.0,0.0,0.0,15.0
2024-04-27,0,12.8,76.6,0.0,0.0,15.0
2024-04-27,3,11.1,74.3,0.0,0.0,15.0
2024-04-27,6,10.8,89.2,1.0,140.0,7.0
2024-04-27,9,16.3,78.2,1.0,90.0,12.0
2024-04-27,12,21.1,74.5,2.0,230.0,15.0
2024-04-27,15,22.1,67.9,4.0,230.0,17.0
2024-04-27,18,19.8,67.0,3.0,230.0,17.0
2024-04-27,21,14.8,84.4,5.0,270.0,14.0
2024-04-28,0,12.8,89.4,2.0,320.0,14.0
2024-04-28,3,11.8,92.3,1.0,270.0,14.0
2024-04-28,6,11.0,92.3,1.0,50.0,12.0
2024-04-28,9,16.1,85.1,1.0,50.0,13.0
2024-04-28,12,21.8,67.0,3.0,140.0,16.0
2024-04-28,15,25.9,66.6,1.0,270.0,16.0
2024-04-28,18,19.5,72.8,6.0,270.0,14.0
2024-04-28,21,15.9,84.0,1.0,270.0,15.0
2024-04-29,0,14.4,89.5,0.0,0.0,13.0
2024-04-29,3,14.0,87.7,2.0,50.0,13.0
2024-04-29,6,11.6,84.0,0.0,0.0,13.0
2024-04-29,9,17.1,77.8,3.0,50.0,13.0
2024-04-29,12,22.1,72.8,2.0,50.0,15.0
2024-04-29,15,25.5,65.7,0.0,0.0,17.0
2024-04-29,18,20.9,66.4,5.0,270.0,18.0
2024-04-29,21,14.6,79.5,3.0,270.0,16.0
2024-04-30,0,13.7,84.3,4.0,270.0,16.0
2024-04-30,3,13.2,87.1,5.0,230.0,16.0
2024-04-30,6,11.1,87.5,3.0,230.0,15.0
2024-04-30,9,15.3,82.8,1.0,320.0,15.0
2024-04-30,12,19.1,72.8,3.0,320.0,15.0
2024-04-30,15,19.1,66.4,3.0,360.0,17.0
2024-04-30,18,18.3,62.4,3.0,320.0,17.0
2024-04-30,21,14.6,71.4,4.0,270.0,17.0
2024-05-01,0,13.0,68.8,1.0,270.0,16.0
2024-05-01,3,12.2,72.0,3.0,50.0,16.0
2024-05-01,6,9.8,85.6,2.0,50.0,15.0
2024-05-01,9,15.0,80.1,1.0,50.0,17.0
2024-05-01,12,20.1,73.4,3.0,50.0,13.0
2024-05-01,15,21.1,67.7,6.0,230.0,17.0
2024-05-01,18,21.9,60.0,4.0,270.0,17.0
2024-05-01,21,15.9,73.1,4.0,270.0,17.0
2024-05-02,0,13.4,83.7,2.0,270.0,17.0
2024-05-02,3,12.3,83.0,1.0,90.0,17.0
2024-05-02,6,10.6,88.6,0.0,0.0,17.0
2024-05-02,9,15.9,82.9,1.0,90.0,15.0
2024-05-02,12,22.1,61.7,4.0,320.0,17.0
2024-05-02,15,21.9,57.7,5.0,270.0,19.0
2024-05-02,18,19.7,56.4,3.0,270.0,18.0
2024-05-02,21,15.5,71.6,1.0,270.0,17.0
2024-05-03,0,14.2,73.3,0.0,0.0,16.0
2024-05-03,3,11.5,79.1,0.0,0.0,14.0
2024-05-03,6,11.6,84.6,0.0,0.0,11.0
2024-05-03,9,17.6,79.9,1.0,90.0,15.0
2024-05-03,12,21.1,70.8,2.0,230.0,17.0
2024-05-03,15,24.7,57.3,4.0,270.0,18.0
2024-05-03,18,22.7,61.0,4.0,230.0,18.0
2024-05-03,21,17.3,68.3,2.0,230.0,15.0
2024-05-04,0,15.6,77.6,2.0,230.0,15.0
2024-05-04,3,13.0,83.6,1.0,90.0,15.0
2024-05-04,6,11.4,89.9,1.0,90.0,13.0
2024-05-04,9,17.9,82.1,2.0,50.0,13.0
2024-05-04,12,22.9,65.5,1.0,90.0,15.0
2024-05-04,15,26.4,63.4,2.0,230.0,14.0
2024-05-04,18,22.0,67.5,2.0,270.0,15.0
2024-05-04,21,17.6,68.3,3.0,270.0,12.0
2024-05-05,0,16.7,71.4,0.0,0.0,14.0
2024-05-05,3,17.1,77.8,0.0,0.0,15.0
2024-05-05,6,14.6,84.4,3.0,90.0,8.0
2024-05-05,9,14.4,94.3,3.0,50.0,6.0
2024-05-05,12,14.6,95.6,4.0,50.0,4.5
2024-05-05,15,17.1,95.0,1.0,90.0,6.0
2024-05-05,18,17.7,98.7,1.0,90.0,8.0
2024-05-05,21,15.5,97.5,2.0,230.0,12.0
2024-05-06,0,14.4,94.3,2.0,230.0,12.0
2024-05-06,3,14.2,96.2,8.0,230.0,13.0
2024-05-06,6,13.2,95.5,3.0,230.0,11.0
2024-05-06,9,13.6,94.3,2.0,230.0,14.0
2024-05-06,12,13.6,94.3,2.0,270.0,9.0
2024-05-06,15,13.4,94.3,1.0,320.0,9.0
2024-05-06,18,13.2,95.5,0.0,0.0,8.0
2024-05-06,21,13.2,94.3,0.0,0.0,6.0
2024-05-07,0,13.0,95.5,0.0,0.0,8.0
2024-05-07,3,13.2,94.3,0.0,0.0,8.0
2024-05-07,6,13.0,96.1,2.0,50.0,9.0
2024-05-07,9,13.8,96.2,2.0,50.0,11.0
2024-05-07,12,15.9,86.2,1.0,50.0,13.0
2024-05-07,15,17.5,77.9,2.0,50.0,15.0
2024-05-07,18,17.5,78.9,1.0,50.0,18.0
2024-05-07,21,15.5,81.8,1.0,50.0,16.0
2024-05-08,0,14.0,87.7,1.0,230.0,14.0
2024-05-08,3,13.5,86.0,1.0,90.0,15.0
2024-05-08,6,12.4,88.8,1.0,90.0,12.0
2024-05-08,9,16.0,79.7,2.0,50.0,14.0
2024-05-08,12,18.4,75.5,3.0,230.0,14.0
2024-05-08,15,18.7,70.4,4.0,270.0,17.0
2024-05-08,18,17.3,68.3,3.0,230.0,16.0
2024-05-08,21,13.8,69.9,4.0,270.0,15.0
2024-05-09,0,12.3,72.5,4.0,320.0,16.0
2024-05-09,3,11.6,77.5,0.0,0.0,16.0
2024-05-09,6,10.2,86.8,1.0,90.0,14.0
2024-05-09,9,13.8,88.9,4.0,140.0,12.0
2024-05-09,12,21.3,75.0,3.0,230.0,12.0
2024-05-09,15,21.0,74.5,4.0,230.0,12.0
2024-05-09,18,19.5,75.2,2.0,270.0,8.0
2024-05-09,21,15.5,82.8,0.0,0.0,8.0
2024-05-10,0,15.0,90.2,1.0,90.0,9.0
2024-05-10,3,14.5,93.1,3.0,140.0,12.0
2024-05-10,6,12.8,94.3,0.0,0.0,11.0
2024-05-10,9,18.1,84.2,0.0,0.0,12.0
2024-05-10,12,21.9,70.5,2.0,90.0,16.0
2024-05-10,15,23.3,64.4,2.0,50.0,18.0
2024-05-10,18,20.1,64.5,1.0,360.0,18.0
2024-05-10,21,15.5,78.1,3.0,140.0,15.0
2024-05-11,0,14.2,87.8,4.0,50.0,15.0
2024-05-11,3,14.0,89.5,3.0,360.0,15.0
2024-05-11,6,15.0,89.0,4.0,50.0,15.0
2024-05-11,9,16.2,90.8,3.0,50.0,12.0
2024-05-11,12,16.2,91.4,6.0,180.0,12.0
2024-05-11,15,14.8,95.6,5.0,230.0,8.0
2024-05-11,18,13.2,94.3,2.0,270.0,11.0
2024-05-11,21,11.9,84.1,1.0,270.0,13.0
2024-05-12,0,11.9,81.8,0.0,0.0,13.0
2024-05-12,3,11.3,81.2,0.0,0.0,13.0
2024-05-12,6,11.0,87.5,1.0,270.0,12.0
2024-05-12,9,15.5,77.6,0.0,0.0,15.0
2024-05-12,12,18.3,72.6,4.0,320.0,14.0
2024-05-12,15,18.7,70.4,4.0,270.0,16.0
2024-05-12,18,17.6,73.0,5.0,270.0,16.0
2024-05-12,21,15.5,73.1,5.0,270.0,15.0
2024-05-13,0,13.6,73.7,4.0,270.0,15.0
2024-05-13,3,12.5,74.0,0.0,0.0,15.0
2024-05-13,6,10.6,88.6,1.0,270.0,14.0
2024-05-13,9,17.6,84.2,1.0,50.0,12.0
2024-05-13,12,23.2,64.3,2.0,230.0,13.0
2024-05-13,15,21.6,65.7,6.0,320.0,18.0
2024-05-13,18,21.5,64.4,5.0,270.0,17.0
2024-05-13,21,17.9,70.7,3.0,270.0,16.0
2024-05-14,0,16.9,75.8,1.0,140.0,15.0
2024-05-14,3,14.4,82.2,2.0,90.0,15.0
2024-05-14,6,13.3,84.8,2.0,50.0,16.0
2024-05-14,9,18.5,78.5,4.0,90.0,18.0
2024-05-14,12,24.9,62.7,3.0,230.0,19.0
2024-05-14,15,25.7,64.9,3.0,230.0,16.0
2024-05-14,18,23.7,69.5,2.0,230.0,16.0
2024-05-14,21,18.9,87.6,1.0,90.0,15.0
2024-05-15,0,16.7,87.4,2.0,140.0,15.0
2024-05-15,3,16.3,89.7,4.0,320.0,13.0
2024-05-15,6,14.2,87.8,5.0,340.0,11.0
2024-05-15,9,10.0,94.1,1.0,360.0,11.0
2024-05-15,12,12.4,91.8,3.0,320.0,16.0
2024-05-15,15,14.4,85.5,3.0,320.0,16.0
2024-05-15,18,12.6,83.6,3.0,50.0,16.0
2024-05-15,21,10.5,88.0,3.0,50.0,16.0
2024-05-16,0,9.2,87.9,1.0,50.0,16.0
2024-05-16,3,9.5,91.0,3.0,270.0,14.0
2024-05-16,6,9.4,86.7,2.0,270.0,14.0
2024-05-16,9,13.6,73.2,2.0,90.0,15.0
2024-05-16,12,16.8,70.4,3.0,230.0,16.0
2024-05-16,15,19.5,66.5,4.0,230.0,18.0
2024-05-16,18,19.1,61.0,5.0,270.0,18.0
2024-05-16,21,15.3,67.4,1.0,270.0,16.0
2024-05-17,0,13.0,74.6,0.0,0.0,16.0
2024-05-17,3,11.2,74.3,3.0,90.0,15.0
2024-05-17,6,11.5,89.9,3.0,90.0,15.0
2024-05-17,9,15.6,81.8,4.0,120.0,16.0
2024-05-17,12,20.5,80.9,4.0,90.0,13.0
2024-05-17,15,26.3,74.0,0.0,0.0,15.0
2024-05-17,18,22.6,69.3,0.0,0.0,17.0
2024-05-17,21,18.8,81.7,5.0,50.0,15.0
2024-05-18,0,16.5,80.3,0.0,0.0,15.0
2024-05-18,3,15.3,86.7,6.0,50.0,15.0
2024-05-18,6,15.9,92.6,2.0,50.0,13.0
2024-05-18,9,19.3,81.7,1.0,320.0,12.0
2024-05-18,12,23.1,77.7,3.0,320.0,16.0
2024-05-18,15,24.5,79.4,2.0,50.0,17.0
2024-05-18,18,23.5,76.4,1.0,360.0,18.0
2024-05-18,21,19.9,82.3,1.0,320.0,14.0
2024-05-19,0,18.5,92.1,1.0,50.0,12.0
2024-05-19,3,17.5,92.7,1.0,90.0,12.0
2024-05-19,6,16.5,92.6,1.0,90.0,12.0
2024-05-19,9,20.9,81.4,0.0,0.0,13.0
2024-05-19,12,24.3,73.2,1.0,230.0,14.0
2024-05-19,15,25.5,72.1,2.0,320.0,16.0
2024-05-19,18,23.1,75.8,3.0,320.0,14.0
2024-05-19,21,19.6,84.4,2.0,50.0,14.0
2024-05-20,0,18.9,84.9,0.0,0.0,13.0
2024-05-20,3,17.5,82.0,1.0,270.0,12.0
2024-05-20,6,17.2,86.3,1.0,50.0,12.0
2024-05-20,9,18.6,89.8,3.0,320.0,13.0
2024-05-20,12,19.0,79.6,3.0,230.0,14.0
2024-05-20,15,19.9,88.8,4.0,270.0,14.0
2024-05-20,18,20.3,88.3,4.0,270.0,11.0
2024-05-20,21,16.7,93.8,4.0,270.0,11.0
2024-05-21,0,14.6,94.3,3.0,270.0,9.0
2024-05-21,3,13.8,77.3,0.0,0.0,15.0
2024-05-21,6,15.5,93.8,0.0,0.0,3.8
2024-05-21,9,17.7,91.5,2.0,50.0,4.5
2024-05-21,12,23.0,78.7,3.0,140.0,9.0
2024-05-21,15,22.9,83.2,5.0,230.0,12.0
2024-05-21,18,17.7,88.1,6.0,270.0,8.0
2024-05-21,21,15.7,86.8,4.0,270.0,4.0
2024-05-22,0,15.6,92.6,3.0,270.0,3.5
2024-05-22,3,15.5,93.8,1.0,320.0,1.8
2024-05-22,6,14.8,89.5,0.0,0.0,1.7
2024-05-22,9,15.9,91.4,3.0,230.0,8.0
2024-05-22,12,19.0,89.3,0.0,0.0,9.0
2024-05-22,15,21.3,79.4,4.0,230.0,15.0
2024-05-22,18,19.7,81.8,4.0,270.0,15.0
2024-05-22,21,16.9,89.7,5.0,270.0,15.0
2024-05-23,0,15.0,89.0,1.0,320.0,13.0
2024-05-23,3,14.2,93.1,1.0,320.0,12.0
2024-05-23,6,15.5,91.4,1.0,90.0,8.0
2024-05-23,9,16.7,89.1,1.0,90.0,8.0
2024-05-23,12,19.6,89.3,1.0,90.0,13.0
2024-05-23,15,23.1,79.7,2.0,320.0,14.0
2024-05-23,18,18.6,88.1,3.0,320.0,13.0
2024-05-23,21,15.3,90.2,3.0,320.0,16.0
2024-05-24,0,15.4,92.6,2.0,320.0,16.0
2024-05-24,3,15.0,95.6,3.0,270.0,12.0
2024-05-24,6,15.0,91.9,0.0,0.0,11.0
2024-05-24,9,17.9,89.8,1.0,50.0,11.0
2024-05-24,12,21.1,76.0,1.0,50.0,13.0
2024-05-24,15,23.5,80.2,2.0,140.0,5.0
2024-05-24,18,22.9,80.2,3.0,270.0,12.0
2024-05-24,21,18.7,84.3,3.0,270.0,13.0
2024-05-25,0,17.5,81.0,2.0,270.0,15.0
2024-05-25,3,17.5,84.2,3.0,270.0,15.0
2024-05-25,6,16.9,79.3,0.0,0.0,15.0
2024-05-25,9,19.6,87.7,2.0,50.0,11.0
2024-05-25,12,22.7,85.3,3.0,50.0,11.0
2024-05-25,15,22.8,84.8,5.0,270.0,11.0
2024-05-25,18,22.3,85.2,0.0,0.0,8.0
2024-05-25,21,19.4,86.6,3.0,230.0,8.0
2024-05-26,0,18.7,88.7,4.0,90.0,8.0
2024-05-26,3,18.2,88.1,0.0,0.0,9.0
2024-05-26,6,17.6,88.1,2.0,50.0,9.0
2024-05-26,9,18.9,89.3,1.0,90.0,11.0
2024-05-26,12,18.3,89.8,2.0,90.0,11.0
2024-05-26,15,18.1,91.0,1.0,250.0,11.0
2024-05-26,18,17.5,92.7,8.0,230.0,6.0
2024-05-26,21,14.6,94.3,3.0,270.0,12.0
2024-05-27,0,14.4,93.1,1.0,270.0,11.0
2024-05-27,3,14.6,80.0,2.0,270.0,13.0
2024-05-27,6,13.4,89.4,2.0,270.0,14.0
2024-05-27,9,17.2,78.8,4.0,270.0,16.0
2024-05-27,12,18.8,73.2,7.0,320.0,18.0
2024-05-27,15,21.1,72.2,4.0,270.0,18.0
2024-05-27,18,20.3,72.5,5.0,320.0,17.0
2024-05-27,21,16.9,82.5,2.0,320.0,14.0
2024-05-28,0,16.3,90.8,1.0,360.0,14.0
2024-05-28,3,15.0,87.8,2.0,50.0,14.0
2024-05-28,6,14.3,87.8,2.0,50.0,14.0
2024-05-28,9,18.2,79.5,1.0,50.0,15.0
2024-05-28,12,22.0,77.1,1.0,230.0,16.0
2024-05-28,15,24.9,68.9,2.0,320.0,16.0
2024-05-28,18,22.5,72.0,4.0,270.0,17.0
2024-05-28,21,16.7,81.4,5.0,270.0,17.0
2024-05-29,0,15.5,76.5,3.0,320.0,16.0
2024-05-29,3,15.0,77.5,0.0,0.0,16.0
2024-05-29,6,14.0,90.7,2.0,90.0,16.0
2024-05-29,9,18.7,79.6,3.0,90.0,15.0
2024-05-29,12,24.1,69.6,1.0,180.0,15.0
2024-05-29,15,27.9,65.4,3.0,230.0,16.0
2024-05-29,18,25.5,64.4,5.0,230.0,15.0
2024-05-29,21,20.8,64.6,4.0,230.0,15.0
2024-05-30,0,18.5,74.6,2.0,140.0,13.0
2024-05-30,3,17.2,76.8,3.0,90.0,13.0
2024-05-30,6,15.6,85.1,2.0,90.0,13.0
2024-05-30,9,19.1,82.8,2.0,270.0,15.0
2024-05-30,12,21.2,80.9,1.0,90.0,17.0
2024-05-30,15,23.1,85.3,2.0,140.0,18.0
2024-05-30,18,22.5,74.8,1.0,140.0,18.0
2024-05-30,21,18.9,83.3,1.0,90.0,17.0
2024-05-31,0,17.7,86.9,1.0,270.0,13.0
2024-05-31,3,16.5,91.4,3.0,140.0,12.0
2024-05-31,6,15.3,93.1,1.0,360.0,11.0
2024-05-31,9,18.9,83.3,1.0,270.0,16.0
2024-05-31,12,22.2,75.2,1.0,270.0,18.0
2024-05-31,15,21.1,74.1,6.0,270.0,19.0
2024-05-31,18,17.9,87.5,4.0,270.0,16.0
2024-05-31,21,17.1,87.4,3.0,270.0,12.0
2024-06-01,0,16.6,88.5,3.0,320.0,13.0
2024-06-01,3,15.5,90.2,1.0,320.0,16.0
2024-06-01,6,14.7,90.7,0.0,0.0,13.0
2024-06-01,9,20.1,80.3,3.0,320.0,16.0
2024-06-01,12,23.1,69.9,0.0,0.0,17.0
2024-06-01,15,23.3,72.1,5.0,270.0,17.0
2024-06-01,18,21.1,72.2,6.0,270.0,11.0
2024-06-01,21,17.6,70.6,4.0,270.0,17.0
2024-06-02,0,16.3,75.2,0.0,0.0,16.0
2024-06-02,3,15.5,75.5,3.0,320.0,16.0
2024-06-02,6,14.8,93.1,1.0,270.0,15.0
2024-06-02,9,17.8,88.6,1.0,270.0,11.0
2024-06-02,12,23.1,77.7,4.0,230.0,17.0
2024-06-02,15,25.3,69.0,3.0,320.0,16.0
2024-06-02,18,24.1,66.6,3.0,270.0,14.0
2024-06-02,21,18.8,77.1,3.0,270.0,15.0
2024-06-03,0,17.3,79.9,0.0,0.0,14.0
2024-06-03,3,15.8,79.7,1.0,270.0,13.0
2024-06-03,6,14.4,85.5,1.0,50.0,13.0
2024-06-03,9,20.1,83.9,2.0,90.0,14.0
2024-06-03,12,24.9,73.3,1.0,50.0,17.0
2024-06-03,15,25.9,70.8,4.0,230.0,19.0
2024-06-03,18,26.5,69.6,5.0,270.0,18.0
2024-06-03,21,21.1,79.9,2.0,270.0,17.0
2024-06-04,0,17.7,91.5,1.0,230.0,16.0
2024-06-04,3,16.4,92.6,3.0,230.0,15.0
2024-06-04,6,15.9,93.8,1.0,90.0,12.0
2024-06-04,9,22.4,79.1,2.0,90.0,16.0
2024-06-04,12,26.9,64.7,1.0,140.0,18.0
2024-06-04,15,26.6,59.2,5.0,230.0,19.0
2024-06-04,18,25.3,66.0,5.0,270.0,19.0
2024-06-04,21,18.9,77.6,4.0,270.0,17.0
2024-06-05,0,18.0,70.7,1.0,320.0,17.0
2024-06-05,3,16.8,89.1,1.0,270.0,17.0
2024-06-05,6,16.0,93.2,1.0,230.0,12.0
2024-06-05,9,22.1,83.1,1.0,90.0,15.0
2024-06-05,12,26.1,68.3,0.0,0.0,15.0
2024-06-05,15,27.6,68.6,4.0,230.0,15.0
2024-06-05,18,23.7,74.0,4.0,270.0,15.0
2024-06-05,21,19.9,69.7,3.0,270.0,15.0
2024-06-06,0,19.1,74.2,0.0,0.0,15.0
2024-06-06,3,17.9,80.0,0.0,0.0,16.0
2024-06-06,6,17.1,90.9,1.0,90.0,16.0
2024-06-06,9,21.9,87.3,1.0,140.0,13.0
2024-06-06,12,26.1,70.4,3.0,230.0,14.0
2024-06-06,15,27.1,68.9,4.0,270.0,14.0
2024-06-06,18,26.6,69.2,2.0,230.0,14.0
2024-06-06,21,20.2,88.8,3.0,230.0,14.0
2024-06-07,0,18.6,92.1,2.0,270.0,13.0
2024-06-07,3,17.4,90.3,1.0,320.0,12.0
2024-06-07,6,16.3,91.4,1.0,270.0,13.0
2024-06-07,9,21.1,84.0,1.0,50.0,12.0
2024-06-07,12,23.7,73.1,2.0,230.0,15.0
2024-06-07,15,26.1,71.3,1.0,90.0,15.0
2024-06-07,18,23.1,73.9,2.0,270.0,15.0
2024-06-07,21,20.1,83.4,1.0,270.0,12.0
2024-06-08,0,19.9,91.1,0.0,0.0,12.0
2024-06-08,3,19.2,88.8,1.0,50.0,12.0
2024-06-08,6,17.7,93.9,3.0,90.0,8.0
2024-06-08,9,18.1,92.7,1.0,50.0,9.0
2024-06-08,12,19.1,93.9,1.0,140.0,9.0
2024-06-08,15,23.5,83.8,1.0,270.0,16.0
2024-06-08,18,24.1,76.0,4.0,230.0,17.0
2024-06-08,21,21.1,88.9,3.0,270.0,15.0
2024-06-09,0,19.6,92.2,1.0,230.0,15.0
2024-06-09,3,17.9,87.5,0.0,0.0,16.0
2024-06-09,6,17.8,93.9,0.0,0.0,7.0
2024-06-09,9,21.7,84.6,2.0,90.0,9.0
2024-06-09,12,23.7,77.3,3.0,90.0,12.0
2024-06-09,15,26.2,82.1,1.0,180.0,12.0
2024-06-09,18,23.5,85.4,3.0,270.0,11.0
2024-06-09,21,20.6,90.6,1.0,320.0,12.0
2024-06-10,0,19.5,83.9,0.0,0.0,14.0
2024-06-10,3,18.9,88.2,0.0,0.0,9.0
2024-06-10,6,18.4,95.1,1.0,50.0,3.5
2024-06-10,9,20.8,90.6,2.0,90.0,4.5
2024-06-10,12,24.5,87.6,3.0,90.0,9.0
2024-06-10,15,26.9,82.2,2.0,140.0,9.0
2024-06-10,18,26.7,81.7,3.0,230.0,12.0
2024-06-10,21,23.3,89.6,2.0,230.0,9.0
2024-06-11,0,21.9,95.2,1.0,230.0,9.0
2024-06-11,3,21.2,94.6,2.0,90.0,8.0
2024-06-11,6,19.6,93.4,3.0,140.0,6.0
2024-06-11,9,23.1,90.2,1.0,90.0,6.0
2024-06-11,12,28.1,79.4,3.0,90.0,8.0
2024-06-11,15,31.5,73.6,2.0,50.0,12.0
2024-06-11,18,28.3,75.3,1.0,50.0,12.0
2024-06-11,21,24.5,79.4,1.0,90.0,13.0
2024-06-12,0,22.1,85.7,2.0,90.0,13.0
2024-06-12,3,20.3,90.5,2.0,90.0,12.0
2024-06-12,6,20.3,86.1,3.0,140.0,14.0
2024-06-12,9,22.8,84.8,1.0,90.0,13.0
2024-06-12,12,23.6,74.0,0.0,0.0,15.0
2024-06-12,15,25.5,87.7,3.0,270.0,15.0
2024-06-12,18,24.8,85.0,3.0,270.0,16.0
2024-06-12,21,22.0,84.7,2.0,270.0,17.0
2024-06-13,0,20.3,87.7,1.0,230.0,17.0
2024-06-13,3,19.9,94.0,1.0,90.0,16.0
2024-06-13,6,18.8,89.3,0.0,0.0,11.0
2024-06-13,9,22.4,90.1,2.0,90.0,7.0
2024-06-13,12,26.5,78.7,2.0,230.0,9.0
2024-06-13,15,28.1,80.9,2.0,230.0,15.0
2024-06-13,18,26.1,81.1,2.0,270.0,12.0
2024-06-13,21,22.7,84.2,0.0,0.0,14.0
2024-06-14,0,21.9,91.8,0.0,0.0,14.0
2024-06-14,3,20.6,90.6,2.0,320.0,14.0
2024-06-14,6,20.5,93.4,1.0,140.0,11.0
2024-06-14,9,22.9,90.2,5.0,90.0,13.0
2024-06-14,12,27.6,80.3,2.0,230.0,14.0
2024-06-14,15,23.8,89.7,3.0,230.0,13.0
2024-06-14,18,23.7,87.0,4.0,270.0,12.0
2024-06-14,21,22.1,90.7,1.0,270.0,11.0
2024-06-15,0,22.0,92.3,0.0,0.0,12.0
2024-06-15,3,21.1,87.8,1.0,320.0,13.0
2024-06-15,6,20.4,87.7,2.0,320.0,12.0
2024-06-15,9,21.1,90.0,2.0,270.0,11.0
2024-06-15,12,24.1,89.7,3.0,250.0,13.0
2024-06-15,15,25.3,83.0,5.0,230.0,15.0
2024-06-15,18,22.9,87.4,4.0,270.0,12.0
2024-06-15,21,20.1,91.1,2.0,270.0,12.0
2024-06-16,0,19.9,93.4,4.0,270.0,11.0
2024-06-16,3,19.1,91.0,4.0,270.0,9.0
2024-06-16,6,18.3,91.0,2.0,230.0,9.0
2024-06-16,9,21.1,90.0,1.0,270.0,9.0
2024-06-16,12,25.8,72.6,2.0,230.0,15.0
2024-06-16,15,27.5,66.5,4.0,230.0,18.0
2024-06-16,18,25.6,64.1,5.0,230.0,18.0
2024-06-16,21,23.1,73.9,1.0,270.0,15.0
2024-06-17,0,21.4,76.0,0.0,0.0,14.0
2024-06-17,3,20.2,75.8,1.0,230.0,14.0
2024-06-17,6,17.8,90.9,2.0,90.0,16.0
2024-06-17,9,23.5,78.8,1.0,90.0,15.0
2024-06-17,12,30.6,61.7,3.0,230.0,15.0
2024-06-17,15,31.0,65.2,4.0,270.0,16.0
2024-06-17,18,28.5,67.1,2.0,270.0,15.0
2024-06-17,21,25.3,81.0,2.0,90.0,15.0
2024-06-18,0,23.9,75.0,4.0,230.0,15.0
2024-06-18,3,22.5,86.9,0.0,0.0,15.0
2024-06-18,6,20.1,89.4,0.0,0.0,15.0
2024-06-18,9,24.1,79.3,2.0,140.0,14.0
2024-06-18,12,29.7,65.3,3.0,270.0,16.0
2024-06-18,15,31.7,65.0,3.0,320.0,16.0
2024-06-18,18,29.1,67.6,4.0,320.0,14.0
2024-06-18,21,25.1,74.7,4.0,270.0,14.0
2024-06-19,0,23.7,81.3,0.0,0.0,15.0
2024-06-19,3,22.5,90.1,3.0,90.0,12.0
2024-06-19,6,20.9,88.9,2.0,90.0,12.0
2024-06-19,9,26.7,84.2,1.0,90.0,12.0
2024-06-19,12,31.3,65.3,2.0,230.0,15.0
2024-06-19,15,32.7,57.8,4.0,270.0,19.0
2024-06-19,18,29.1,64.8,3.0,270.0,18.0
2024-06-19,21,24.5,78.4,1.0,230.0,18.0
2024-06-20,0,23.0,79.2,1.0,270.0,16.0
2024-06-20,3,21.5,83.0,1.0,90.0,13.0
2024-06-20,6,20.1,89.4,1.0,90.0,12.0
2024-06-20,9,25.8,84.1,3.0,90.0,12.0
2024-06-20,12,31.3,67.7,1.0,90.0,13.0
2024-06-20,15,32.3,61.7,3.0,140.0,17.0
2024-06-20,18,28.7,72.7,3.0,270.0,17.0
2024-06-20,21,24.3,80.8,3.0,270.0,17.0
2024-06-21,0,22.2,88.4,2.0,270.0,15.0
2024-06-21,3,20.6,87.8,2.0,270.0,15.0
2024-06-21,6,20.2,88.8,1.0,230.0,15.0
2024-06-21,9,26.1,83.1,0.0,0.0,15.0
2024-06-21,12,29.7,74.1,3.0,230.0,16.0
2024-06-21,15,29.1,72.7,3.0,230.0,15.0
2024-06-21,18,26.3,81.6,4.0,230.0,15.0
2024-06-21,21,23.2,81.2,2.0,320.0,15.0
2024-06-22,0,22.9,87.4,0.0,0.0,15.0
2024-06-22,3,23.1,90.2,0.0,0.0,15.0
2024-06-22,6,22.9,79.7,0.0,0.0,15.0
2024-06-22,9,23.3,94.7,3.0,90.0,11.0
2024-06-22,12,23.3,95.9,4.0,90.0,8.0
2024-06-22,15,26.3,91.5,2.0,50.0,9.0
2024-06-22,18,27.3,83.7,1.0,270.0,11.0
2024-06-22,21,25.1,94.8,1.0,320.0,12.0
2024-06-23,0,23.5,94.7,3.0,270.0,12.0
2024-06-23,3,21.3,95.2,3.0,270.0,8.0
2024-06-23,6,21.1,91.7,2.0,270.0,3.0
2024-06-23,9,22.1,90.1,1.0,270.0,6.0
2024-06-23,12,26.9,88.8,1.0,270.0,9.0
2024-06-23,15,27.1,83.7,4.0,270.0,14.0
2024-06-23,18,25.2,85.0,5.0,320.0,13.0
2024-06-23,21,18.7,93.9,1.0,50.0,13.0
2024-06-24,0,19.3,93.4,1.0,90.0,13.0
2024-06-24,3,18.1,95.1,0.0,0.0,11.0
2024-06-24,6,18.5,93.9,2.0,270.0,11.0
2024-06-24,9,20.9,91.7,1.0,320.0,9.0
2024-06-24,12,23.2,85.3,3.0,320.0,15.0
2024-06-24,15,24.3,74.6,4.0,230.0,16.0
2024-06-24,18,24.1,76.0,4.0,230.0,16.0
2024-06-24,21,21.5,83.6,5.0,200.0,16.0
2024-06-25,0,20.7,84.5,3.0,320.0,15.0
2024-06-25,3,19.6,79.2,1.0,270.0,15.0
2024-06-25,6,19.0,88.2,1.0,270.0,19.0
2024-06-25,9,23.1,82.2,0.0,0.0,18.0
2024-06-25,12,23.9,71.8,4.0,230.0,18.0
2024-06-25,15,25.1,74.7,4.0,320.0,17.0
2024-06-25,18,24.4,72.3,4.0,270.0,17.0
2024-06-25,21,21.5,77.5,4.0,230.0,16.0
2024-06-26,0,20.7,84.5,3.0,320.0,15.0
2024-06-26,3,19.4,82.8,0.0,0.0,17.0
2024-06-26,6,18.9,76.1,0.0,0.0,16.0
2024-06-26,9,24.3,82.4,1.0,140.0,14.0
2024-06-26,12,28.1,72.1,1.0,180.0,17.0
2024-06-26,15,31.7,65.4,3.0,320.0,17.0
2024-06-26,18,28.5,70.0,4.0,270.0,18.0
2024-06-26,21,23.5,82.8,5.0,270.0,15.0
2024-06-27,0,22.0,90.1,1.0,270.0,14.0
2024-06-27,3,21.1,86.2,0.0,0.0,13.0
2024-06-27,6,19.4,88.2,0.0,0.0,13.0
2024-06-27,9,24.7,83.9,0.0,0.0,12.0
2024-06-27,12,29.5,71.1,1.0,230.0,19.0
2024-06-27,15,30.9,64.0,3.0,270.0,21.0
2024-06-27,18,27.5,74.7,4.0,320.0,16.0
2024-06-27,21,21.8,81.0,2.0,270.0,16.0
2024-06-28,0,21.1,92.9,1.0,270.0,15.0
2024-06-28,3,19.7,91.6,0.0,0.0,13.0
2024-06-28,6,19.1,92.2,0.0,0.0,12.0
2024-06-28,9,23.9,83.8,0.0,0.0,12.0
2024-06-28,12,29.0,64.4,2.0,230.0,18.0
2024-06-28,15,30.8,67.6,3.0,270.0,18.0
2024-06-28,18,28.6,66.7,4.0,270.0,17.0
2024-06-28,21,23.6,78.3,2.0,270.0,17.0
2024-06-29,0,22.1,85.7,0.0,0.0,15.0
2024-06-29,3,20.2,88.8,1.0,270.0,15.0
2024-06-29,6,19.4,93.9,0.0,0.0,12.0
2024-06-29,9,24.9,76.6,1.0,320.0,15.0
2024-06-29,12,29.3,76.3,2.0,50.0,15.0
2024-06-29,15,29.7,80.6,2.0,50.0,16.0
2024-06-29,18,29.4,74.5,0.0,0.0,14.0
2024-06-29,21,26.5,92.0,0.0,0.0,15.0
2024-06-30,0,24.5,92.5,0.0,0.0,14.0
2024-06-30,3,22.1,95.2,3.0,50.0,12.0
2024-06-30,6,20.9,93.4,5.0,360.0,4.0
2024-06-30,9,21.8,94.6,2.0,320.0,7.0
2024-06-30,12,25.5,89.8,5.0,270.0,15.0
2024-06-30,15,26.5,88.3,4.0,320.0,14.0
2024-06-30,18,26.7,85.2,5.0,230.0,15.0
2024-06-30,21,23.7,91.9,5.0,270.0,13.0
2024-07-01,0,22.1,94.6,2.0,270.0,12.0
2024-07-01,3,21.8,92.3,2.0,270.0,12.0
2024-07-01,6,21.6,92.3,2.0,270.0,12.0
2024-07-01,9,24.6,89.2,1.0,90.0,12.0
2024-07-01,12,29.3,82.0,1.0,90.0,15.0
2024-07-01,15,30.1,79.7,1.0,50.0,16.0
2024-07-01,18,26.1,86.7,4.0,270.0,11.0
2024-07-01,21,24.5,90.8,1.0,320.0,14.0
2024-07-02,0,24.1,94.2,0.0,0.0,13.0
2024-07-02,3,23.5,90.2,1.0,50.0,14.0
2024-07-02,6,23.5,91.3,4.0,90.0,11.0
2024-07-02,9,23.6,92.4,1.0,90.0,11.0
2024-07-02,12,22.9,91.8,1.0,50.0,11.0
2024-07-02,15,21.8,94.6,4.0,90.0,11.0
2024-07-02,18,21.2,94.6,4.0,90.0,11.0
2024-07-02,21,23.0,93.0,8.0,90.0,13.0
2024-07-03,0,24.5,94.2,3.0,90.0,15.0
2024-07-03,3,24.0,88.6,8.0,140.0,14.0
2024-07-03,6,23.0,91.3,12.0,230.0,15.0
2024-07-03,9,22.1,90.1,11.0,230.0,15.0
2024-07-03,12,22.2,84.7,7.0,230.0,12.0
2024-07-03,15,24.9,84.0,8.0,230.0,14.0
2024-07-03,18,23.1,85.8,7.0,230.0,14.0
2024-07-03,21,22.3,88.5,2.0,230.0,14.0
2024-07-04,0,21.1,85.6,0.0,0.0,14.0
2024-07-04,3,21.7,86.8,2.0,140.0,12.0
2024-07-04,6,20.1,89.4,0.0,0.0,13.0
2024-07-04,9,22.3,91.8,2.0,140.0,6.0
2024-07-04,12,25.7,90.4,2.0,90.0,8.0
2024-07-04,15,26.3,89.3,2.0,50.0,8.0
2024-07-04,18,23.1,98.2,2.0,50.0,5.0
2024-07-04,21,22.2,96.4,2.0,140.0,7.0
2024-07-05,0,21.6,94.6,3.0,90.0,8.0
2024-07-05,3,21.3,97.0,3.0,270.0,11.0
2024-07-05,6,20.7,93.4,3.0,270.0,8.0
2024-07-05,9,22.1,91.8,6.0,230.0,8.0
2024-07-05,12,21.9,86.8,7.0,230.0,9.0
2024-07-05,15,25.3,89.2,3.0,230.0,7.0
2024-07-05,18,26.6,83.1,1.0,270.0,9.0
2024-07-05,21,24.5,86.0,1.0,180.0,12.0
2024-07-06,0,22.9,89.6,2.0,90.0,12.0
2024-07-06,3,22.1,94.6,3.0,140.0,11.0
2024-07-06,6,21.4,95.8,3.0,90.0,8.0
2024-07-06,9,20.9,97.0,3.0,50.0,9.0
2024-07-06,12,23.0,93.0,3.0,50.0,12.0
2024-07-06,15,27.6,91.0,4.0,180.0,13.0
2024-07-06,18,22.8,93.0,12.0,230.0,15.0
2024-07-06,21,22.6,86.9,12.0,230.0,15.0
2024-07-07,0,21.3,90.0,6.0,230.0,15.0
2024-07-07,3,20.7,86.1,1.0,270.0,14.0
2024-07-07,6,20.8,88.9,2.0,140.0,11.0
2024-07-07,9,24.2,89.7,2.0,90.0,12.0
2024-07-07,12,28.1,90.0,0.0,0.0,13.0
2024-07-07,15,29.6,81.5,0.0,0.0,13.0
2024-07-07,18,28.5,89.0,0.0,0.0,14.0
2024-07-07,21,25.1,83.0,0.0,0.0,14.0
2024-07-08,0,23.9,83.8,0.0,0.0,14.0
2024-07-08,3,23.4,83.8,0.0,0.0,15.0
2024-07-08,6,23.3,88.5,0.0,0.0,7.0
2024-07-08,9,25.0,94.8,3.0,90.0,9.0
2024-07-08,12,28.6,84.9,1.0,320.0,11.0
2024-07-08,15,28.3,88.9,3.0,270.0,12.0
2024-07-08,18,27.9,88.4,3.0,270.0,12.0
2024-07-08,21,23.1,90.2,3.0,320.0,13.0
2024-07-09,0,22.5,94.7,1.0,270.0,11.0
2024-07-09,3,23.0,95.8,1.0,270.0,11.0
2024-07-09,6,23.1,93.0,1.0,50.0,12.0
2024-07-09,9,23.5,95.9,2.0,50.0,3.5
2024-07-09,12,27.3,90.5,1.0,50.0,12.0
2024-07-09,15,28.5,85.4,6.0,230.0,11.0
2024-07-09,18,25.1,90.9,2.0,320.0,9.0
2024-07-09,21,23.3,93.0,1.0,270.0,8.0
2024-07-10,0,23.1,93.5,1.0,50.0,8.0
2024-07-10,3,22.9,93.5,0.0,0.0,7.0
2024-07-10,6,22.9,93.5,1.0,50.0,9.0
2024-07-10,9,25.8,89.3,2.0,50.0,16.0
2024-07-10,12,29.0,78.6,1.0,50.0,21.0
2024-07-10,15,29.5,80.1,6.0,230.0,17.0
2024-07-10,18,28.1,84.8,4.0,270.0,16.0
2024-07-10,21,23.1,88.5,4.0,270.0,11.0
2024-07-11,0,22.4,90.1,4.0,270.0,13.0
2024-07-11,3,22.1,92.9,2.0,270.0,13.0
2024-07-11,6,21.8,91.8,1.0,270.0,9.0
2024-07-11,9,25.2,86.1,0.0,0.0,7.0
2024-07-11,12,29.4,83.0,0.0,0.0,15.0
2024-07-11,15,30.1,85.0,3.0,270.0,14.0
2024-07-11,18,28.5,81.9,3.0,270.0,12.0
2024-07-11,21,25.1,87.1,2.0,320.0,12.0
2024-07-12,0,23.3,90.7,3.0,270.0,13.0
2024-07-12,3,22.2,84.2,0.0,0.0,14.0
2024-07-12,6,22.1,87.4,1.0,270.0,6.0
2024-07-12,9,24.7,94.7,1.0,50.0,6.0
2024-07-12,12,28.1,85.3,2.0,180.0,11.0
2024-07-12,15,30.0,82.5,3.0,320.0,13.0
2024-07-12,18,26.9,82.7,3.0,270.0,11.0
2024-07-12,21,23.9,92.4,3.0,270.0,11.0
2024-07-13,0,22.7,91.8,1.0,320.0,12.0
2024-07-13,3,22.1,94.6,1.0,320.0,11.0
2024-07-13,6,21.7,93.5,1.0,50.0,6.0
2024-07-13,9,25.5,89.3,1.0,50.0,8.0
2024-07-13,12,29.3,87.0,1.0,90.0,6.0
2024-07-13,15,31.1,79.8,1.0,50.0,9.0
2024-07-13,18,29.1,86.4,4.0,230.0,8.0
2024-07-13,21,25.9,89.8,3.0,230.0,9.0
2024-07-14,0,22.5,94.1,2.0,140.0,9.0
2024-07-14,3,21.7,92.9,1.0,50.0,11.0
2024-07-14,6,22.3,93.5,1.0,50.0,9.0
2024-07-14,9,26.7,91.0,0.0,0.0,8.0
2024-07-14,12,29.1,84.9,2.0,90.0,12.0
2024-07-14,15,31.0,80.8,1.0,90.0,16.0
2024-07-14,18,30.9,77.9,1.0,140.0,16.0
2024-07-14,21,26.3,87.7,2.0,50.0,12.0
2024-07-15,0,25.2,89.2,0.0,0.0,12.0
2024-07-15,3,24.7,93.1,2.0,50.0,13.0
2024-07-15,6,23.6,94.1,1.0,90.0,12.0
2024-07-15,9,27.1,85.2,3.0,90.0,13.0
2024-07-15,12,29.3,81.5,3.0,140.0,15.0
2024-07-15,15,31.1,78.0,4.0,140.0,14.0
2024-07-15,18,31.3,74.0,2.0,140.0,16.0
2024-07-15,21,26.9,84.2,1.0,270.0,15.0
2024-07-16,0,26.0,89.8,0.0,0.0,15.0
2024-07-16,3,25.0,94.2,1.0,90.0,12.0
2024-07-16,6,24.4,91.4,2.0,140.0,12.0
2024-07-16,9,26.3,89.3,3.0,90.0,16.0
2024-07-16,12,28.1,90.0,2.0,90.0,14.0
2024-07-16,15,28.0,92.1,0.0,0.0,14.0
2024-07-16,18,27.3,90.5,0.0,0.0,15.0
2024-07-16,21,25.3,94.2,2.0,140.0,14.0
2024-07-17,0,24.1,93.0,1.0,140.0,11.0
2024-07-17,3,23.9,94.7,2.0,90.0,9.0
2024-07-17,6,23.8,93.0,2.0,90.0,13.0
2024-07-17,9,24.9,94.8,2.0,90.0,12.0
2024-07-17,12,26.4,93.7,2.0,50.0,15.0
2024-07-17,15,26.9,94.8,3.0,180.0,15.0
2024-07-17,18,26.6,89.3,6.0,230.0,16.0
2024-07-17,21,25.5,89.3,1.0,230.0,16.0
2024-07-18,0,24.1,94.7,2.0,230.0,15.0
2024-07-18,3,24.1,94.7,1.0,90.0,12.0
2024-07-18,6,24.3,95.9,1.0,180.0,2.0
2024-07-18,9,23.7,93.6,4.0,230.0,4.0
2024-07-18,12,25.1,93.1,0.0,0.0,1.7
2024-07-18,15,28.6,85.4,1.0,320.0,12.0
2024-07-18,18,28.8,89.5,3.0,230.0,15.0
2024-07-18,21,25.1,90.9,2.0,270.0,8.0
2024-07-19,0,24.1,90.8,0.0,0.0,12.0
2024-07-19,3,23.1,90.2,0.0,0.0,13.0
2024-07-19,6,21.8,91.2,1.0,50.0,9.0
2024-07-19,9,25.9,90.9,2.0,50.0,11.0
2024-07-19,12,28.3,87.4,1.0,50.0,11.0
2024-07-19,15,28.9,82.9,3.0,90.0,13.0
2024-07-19,18,30.6,82.1,1.0,90.0,12.0
2024-07-19,21,26.7,90.4,1.0,50.0,12.0
2024-07-20,0,25.1,93.1,1.0,90.0,15.0
2024-07-20,3,24.7,92.5,3.0,90.0,14.0
2024-07-20,6,24.5,94.7,2.0,50.0,15.0
2024-07-20,9,25.7,90.4,1.0,90.0,15.0
2024-07-20,12,27.1,92.1,2.0,90.0,14.0
2024-07-20,15,24.3,94.7,2.0,50.0,6.0
2024-07-20,18,24.3,95.9,4.0,90.0,4.0
2024-07-20,21,25.3,92.5,2.0,90.0,12.0
2024-07-21,0,24.6,94.7,2.0,90.0,13.0
2024-07-21,3,22.2,94.6,6.0,230.0,8.0
2024-07-21,6,21.5,92.9,6.0,270.0,7.0
2024-07-21,9,23.5,94.7,4.0,230.0,17.0
2024-07-21,12,28.1,86.8,3.0,230.0,21.0
2024-07-21,15,30.5,89.6,2.0,230.0,18.0
2024-07-21,18,29.3,91.1,2.0,270.0,18.0
2024-07-21,21,27.1,92.1,3.0,140.0,15.0
2024-07-22,0,26.1,94.2,3.0,140.0,14.0
2024-07-22,3,25.9,89.3,4.0,90.0,15.0
2024-07-22,6,26.1,92.6,4.0,140.0,13.0
2024-07-22,9,26.8,90.4,2.0,50.0,14.0
2024-07-22,12,29.1,92.2,2.0,140.0,19.0
2024-07-22,15,25.8,92.0,4.0,90.0,13.0
2024-07-22,18,26.3,94.8,3.0,90.0,17.0
2024-07-22,21,25.3,94.2,8.0,230.0,7.0
2024-07-23,0,24.5,93.0,8.0,230.0,9.0
2024-07-23,3,24.1,94.2,5.0,270.0,9.0
2024-07-23,6,23.8,87.0,3.0,140.0,13.0
2024-07-23,9,26.9,94.8,1.0,50.0,15.0
2024-07-23,12,28.7,90.6,2.0,50.0,13.0
2024-07-23,15,29.3,91.1,2.0,140.0,15.0
2024-07-23,18,28.7,87.9,2.0,230.0,15.0
2024-07-23,21,25.7,94.2,1.0,90.0,13.0
2024-07-24,0,25.1,94.8,2.0,90.0,12.0
2024-07-24,3,24.3,95.9,2.0,90.0,13.0
2024-07-24,6,24.7,95.9,3.0,140.0,12.0
2024-07-24,9,26.3,89.3,0.0,0.0,13.0
2024-07-24,12,28.7,95.5,0.0,0.0,13.0
2024-07-24,15,30.3,88.1,0.0,0.0,14.0
2024-07-24,18,30.3,88.1,0.0,0.0,16.0
2024-07-24,21,27.7,87.3,1.0,140.0,14.0
2024-07-25,0,27.1,92.6,0.0,0.0,14.0
2024-07-25,3,26.1,93.1,0.0,0.0,14.0
2024-07-25,6,25.7,90.4,2.0,140.0,11.0
2024-07-25,9,27.1,92.1,1.0,90.0,13.0
2024-07-25,12,30.1,88.1,1.0,90.0,18.0
2024-07-25,15,30.5,86.6,1.0,320.0,15.0
2024-07-25,18,30.1,89.6,1.0,140.0,15.0
2024-07-25,21,28.1,90.5,1.0,90.0,14.0
2024-07-26,0,26.8,92.1,1.0,90.0,13.0
2024-07-26,3,25.9,92.6,4.0,140.0,14.0
2024-07-26,6,25.1,94.2,2.0,90.0,13.0
2024-07-26,9,26.6,92.6,1.0,90.0,12.0
2024-07-26,12,29.8,94.4,4.0,140.0,16.0
2024-07-26,15,27.1,96.0,2.0,230.0,13.0
2024-07-26,18,27.3,95.4,2.0,230.0,12.0
2024-07-26,21,26.5,94.8,2.0,230.0,14.0
2024-07-27,0,27.3,90.5,0.0,0.0,14.0
2024-07-27,3,26.9,94.8,0.0,0.0,13.0
2024-07-27,6,26.1,95.9,2.0,140.0,12.0
2024-07-27,9,27.1,98.3,1.0,50.0,13.0
2024-07-27,12,29.5,92.2,3.0,360.0,13.0
2024-07-27,15,29.1,95.5,1.0,230.0,13.0
2024-07-27,18,29.0,90.1,1.0,230.0,13.0
2024-07-27,21,27.7,95.4,0.0,0.0,15.0
2024-07-28,0,27.9,95.4,1.0,50.0,13.0
2024-07-28,3,28.3,96.0,2.0,50.0,12.0
2024-07-28,6,28.1,92.7,2.0,360.0,13.0
2024-07-28,9,28.7,93.8,3.0,230.0,14.0
2024-07-28,12,29.2,91.7,6.0,230.0,15.0
2024-07-28,15,28.5,90.5,4.0,230.0,14.0
2024-07-28,18,28.7,89.0,5.0,230.0,14.0
2024-07-28,21,27.6,93.7,7.0,230.0,15.0
2024-07-29,0,26.8,94.3,0.0,0.0,15.0
2024-07-29,3,26.7,94.8,8.0,230.0,15.0
2024-07-29,6,26.7,94.3,4.0,230.0,15.0
2024-07-29,9,25.5,94.2,3.0,230.0,8.0
2024-07-29,12,27.3,96.0,3.0,230.0,8.0
2024-07-29,15,29.1,94.4,2.0,230.0,8.0
2024-07-29,18,28.1,93.8,3.0,230.0,8.0
2024-07-29,21,25.9,95.4,1.0,320.0,8.0
2024-07-30,0,25.4,95.9,2.0,270.0,8.0
2024-07-30,3,25.3,93.1,0.0,0.0,6.0
2024-07-30,6,25.3,92.5,1.0,140.0,5.0
2024-07-30,9,26.9,92.1,0.0,0.0,6.0
2024-07-30,12,30.9,89.7,1.0,50.0,12.0
2024-07-30,15,32.3,89.3,1.0,140.0,14.0
2024-07-30,18,31.1,85.6,3.0,270.0,15.0
2024-07-30,21,29.1,84.9,0.0,0.0,15.0
2024-07-31,0,26.4,93.7,2.0,50.0,15.0
2024-07-31,3,25.4,90.9,0.0,0.0,13.0
2024-07-31,6,25.4,90.9,3.0,50.0,11.0
2024-07-31,9,28.1,90.0,1.0,50.0,15.0
2024-07-31,12,30.8,87.6,2.0,50.0,15.0
2024-07-31,15,32.1,85.7,1.0,320.0,15.0
2024-07-31,18,30.7,88.1,1.0,50.0,16.0
2024-07-31,21,27.6,92.1,1.0,50.0,15.0
2025-03-01,0,2.1,94.4,1.0,270.0,4.5
2025-03-01,3,2.6,95.1,0.0,0.0,0.0
2025-03-01,6,1.9,94.4,2.0,90.0,0.0
2025-03-01,9,1.9,94.4,1.0,90.0,0.0
2025-03-01,12,5.7,87.6,3.0,50.0,4.5
2025-03-01,15,11.0,80.1,1.0,140.0,9.0
2025-03-01,18,8.0,87.8,1.0,230.0,6.0
2025-03-01,21,2.5,93.1,2.0,230.0,5.0
2025-03-02,0,2.9,93.1,1.0,90.0,5.0
2025-03-02,3,2.8,92.5,1.0,230.0,5.0
2025-03-02,6,0.8,94.4,0.0,0.0,0.0
2025-03-02,9,0.9,92.3,0.0,0.0,0.0
2025-03-02,12,4.3,91.2,1.0,90.0,4.5
2025-03-02,15,8.4,89.0,1.0,270.0,6.0
2025-03-02,18,8.0,80.2,4.0,50.0,8.0
2025-03-02,21,4.1,91.9,3.0,50.0,8.0
2025-03-03,0,3.5,89.3,0.0,0.0,8.0
2025-03-03,3,2.8,87.3,3.0,90.0,12.0
2025-03-03,6,1.6,89.1,3.0,50.0,12.0
2025-03-03,9,2.5,80.6,3.0,50.0,12.0
2025-03-03,12,5.1,75.3,3.0,90.0,14.0
2025-03-03,15,7.0,77.8,3.0,90.0,12.0
2025-03-03,18,5.1,75.3,3.0,90.0,14.0
2025-03-03,21,1.3,79.2,3.0,140.0,13.0
2025-03-04,0,-0.1,72.7,3.0,50.0,14.0
2025-03-04,3,-0.1,72.7,3.0,50.0,14.0
2025-03-04,6,-0.3,72.1,2.0,50.0,14.0
2025-03-04,9,0.3,89.6,3.0,50.0,13.0
2025-03-04,12,2.1,75.9,4.0,50.0,14.0
2025-03-04,15,-0.3,93.6,3.0,90.0,13.0
2025-03-04,18,0.5,95.0,4.0,50.0,13.0
2025-03-04,21,0.3,94.3,2.0,50.0,13.0
2025-03-05,0,0.1,87.7,2.0,50.0,13.0
2025-03-05,3,0.1,87.7,3.0,50.0,13.0
2025-03-05,6,0.1,84.5,3.0,50.0,13.0
2025-03-05,9,0.5,82.1,1.0,50.0,15.0
2025-03-05,12,3.9,76.8,1.0,230.0,16.0
2025-03-05,15,6.4,71.9,3.0,320.0,16.0
2025-03-05,18,3.5,76.7,7.0,320.0,13.0
2025-03-05,21,1.3,92.4,1.0,230.0,13.0
2025-03-06,0,1.6,89.1,4.0,270.0,13.0
2025-03-06,3,0.8,89.7,1.0,320.0,13.0
2025-03-06,6,-0.3,90.3,1.0,230.0,11.0
2025-03-06,9,2.4,81.1,0.0,0.0,11.0
2025-03-06,12,5.6,67.2,2.0,320.0,12.0
2025-03-06,15,6.8,64.6,3.0,320.0,12.0
2025-03-06,18,5.8,66.3,3.0,320.0,18.0
2025-03-06,21,2.9,75.5,2.0,320.0,13.0
2025-03-07,0,1.9,85.9,0.0,0.0,12.0
2025-03-07,3,2.6,74.9,2.0,360.0,12.0
2025-03-07,6,0.1,77.9,0.0,0.0,12.0
2025-03-07,9,2.7,87.9,1.0,50.0,13.0
2025-03-07,12,5.2,74.8,1.0,90.0,11.0
2025-03-07,15,7.5,58.9,3.0,270.0,11.0
2025-03-07,18,5.1,67.1,2.0,320.0,14.0
2025-03-07,21,3.1,73.3,1.0,230.0,14.0
2025-03-08,0,1.9,81.1,1.0,320.0,12.0
2025-03-08,3,1.3,83.4,1.0,270.0,12.0
2025-03-08,6,0.5,82.1,1.0,270.0,11.0
2025-03-08,9,1.1,89.0,2.0,90.0,11.0
2025-03-08,12,7.0,77.8,1.0,90.0,12.0
2025-03-08,15,8.8,70.8,1.0,230.0,13.0
2025-03-08,18,7.0,80.1,3.0,270.0,14.0
2025-03-08,21,3.9,88.0,1.0,270.0,12.0
2025-03-09,0,2.3,93.1,1.0,90.0,12.0
2025-03-09,3,1.1,93.7,1.0,90.0,12.0
2025-03-09,6,-0.3,93.6,0.0,0.0,9.0
2025-03-09,9,1.1,93.7,1.0,90.0,6.0
2025-03-09,12,6.6,82.9,2.0,50.0,7.0
2025-03-09,15,12.1,70.0,1.0,320.0,9.0
2025-03-09,18,9.7,72.5,2.0,320.0,9.0
2025-03-09,21,5.1,90.0,1.0,270.0,6.0
2025-03-10,0,3.9,93.2,1.0,90.0,6.0
2025-03-10,3,2.3,94.4,1.0,90.0,4.0
2025-03-10,6,1.1,93.7,1.0,90.0,3.0
2025-03-10,9,2.2,95.1,1.0,90.0,3.0
2025-03-10,12,8.4,89.6,2.0,50.0,6.0
2025-03-10,15,13.0,73.6,0.0,0.0,11.0
2025-03-10,18,9.8,84.4,0.0,0.0,11.0
2025-03-10,21,7.0,87.7,0.0,0.0,11.0
2025-03-11,0,4.3,95.2,0.0,0.0,11.0
2025-03-11,3,4.0,89.9,0.0,0.0,11.0
2025-03-11,6,3.1,91.8,3.0,140.0,8.0
2025-03-11,9,5.2,89.4,2.0,90.0,8.0
2025-03-11,12,12.2,83.0,1.0,90.0,11.0
2025-03-11,15,14.2,81.1,2.0,230.0,12.0
2025-03-11,18,11.2,86.3,2.0,270.0,11.0
2025-03-11,21,8.5,84.8,1.0,270.0,11.0
2025-03-12,0,7.2,89.6,1.0,270.0,12.0
2025-03-12,3,6.4,90.7,3.0,140.0,11.0
2025-03-12,6,5.2,93.9,2.0,90.0,11.0
2025-03-12,9,8.0,91.5,0.0,0.0,11.0
2025-03-12,12,9.2,92.2,1.0,270.0,8.0
2025-03-12,15,7.6,92.7,5.0,270.0,4.5
2025-03-12,18,7.5,89.6,3.0,270.0,7.0
2025-03-12,21,4.5,91.3,2.0,230.0,6.0
2025-03-13,0,3.9,91.9,2.0,230.0,8.0
2025-03-13,3,4.0,93.2,2.0,270.0,8.0
2025-03-13,6,3.7,91.9,2.0,270.0,12.0
2025-03-13,9,5.1,91.9,1.0,230.0,14.0
2025-03-13,12,11.0,72.2,1.0,180.0,14.0
2025-03-13,15,12.3,67.7,3.0,230.0,15.0
2025-03-13,18,10.6,74.2,4.0,230.0,17.0
2025-03-13,21,6.0,81.0,3.0,230.0,15.0
2025-03-14,0,5.2,79.2,1.0,230.0,15.0
2025-03-14,3,4.7,83.2,1.0,230.0,12.0
2025-03-14,6,3.6,88.6,2.0,270.0,12.0
2025-03-14,9,5.2,89.4,1.0,90.0,12.0
2025-03-14,12,10.6,74.2,2.0,50.0,11.0
2025-03-14,15,13.6,69.3,2.0,270.0,13.0
2025-03-14,18,12.0,74.9,1.0,360.0,13.0
2025-03-14,21,9.0,71.4,1.0,360.0,13.0
2025-03-15,0,6.0,84.6,1.0,230.0,12.0
2025-03-15,3,6.0,84.6,0.0,0.0,12.0
2025-03-15,6,5.1,90.0,0.0,0.0,12.0
2025-03-15,9,7.0,81.8,1.0,50.0,12.0
2025-03-15,12,11.2,76.9,1.0,90.0,12.0
2025-03-15,15,13.6,78.3,5.0,290.0,14.0
2025-03-15,18,9.0,87.9,4.0,230.0,14.0
2025-03-15,21,6.0,92.0,5.0,270.0,14.0
2025-03-16,0,5.2,91.3,1.0,360.0,14.0
2025-03-16,3,3.3,93.1,6.0,360.0,14.0
2025-03-16,6,1.5,92.4,1.0,320.0,13.0
2025-03-16,9,1.3,92.4,2.0,320.0,14.0
2025-03-16,12,2.3,74.8,6.0,320.0,15.0
2025-03-16,15,3.3,71.3,7.0,320.0,15.0
2025-03-16,18,3.1,77.2,12.0,320.0,15.0
2025-03-16,21,2.3,80.5,6.0,320.0,13.0
2025-03-17,0,0.9,84.6,3.0,320.0,13.0
2025-03-17,3,-0.1,80.8,3.0,320.0,13.0
2025-03-17,6,-0.9,81.9,1.0,320.0,13.0
2025-03-17,9,0.3,86.4,0.0,0.0,14.0
2025-03-17,12,3.1,77.2,2.0,270.0,15.0
2025-03-17,15,3.5,75.0,1.0,320.0,15.0
2025-03-17,18,2.5,80.6,2.0,50.0,13.0
2025-03-17,21,-0.6,95.7,2.0,50.0,6.0
2025-03-18,0,-1.5,95.0,6.0,50.0,4.5
2025-03-18,3,-2.0,92.9,1.0,50.0,8.0
2025-03-18,6,-1.9,94.2,2.0,50.0,11.0
2025-03-18,9,-0.9,94.3,2.0,360.0,13.0
2025-03-18,12,1.1,92.4,5.0,340.0,13.0
2025-03-18,15,2.3,74.8,5.0,320.0,14.0
2025-03-18,18,2.1,75.9,5.0,320.0,14.0
2025-03-18,21,1.3,79.2,4.0,320.0,14.0
2025-03-19,0,0.9,82.7,2.0,320.0,14.0
2025-03-19,3,-0.5,91.6,1.0,360.0,14.0
2025-03-19,6,-0.9,87.6,1.0,270.0,14.0
2025-03-19,9,0.3,86.4,0.0,0.0,15.0
2025-03-19,12,3.5,77.8,2.0,230.0,16.0
2025-03-19,15,5.4,73.8,4.0,230.0,16.0
2025-03-19,18,5.2,82.7,1.0,270.0,14.0
2025-03-19,21,2.9,83.6,0.0,0.0,14.0
2025-03-20,0,1.5,86.5,2.0,90.0,14.0
2025-03-20,3,0.3,88.3,1.0,90.0,14.0
2025-03-20,6,0.5,88.3,4.0,90.0,12.0
2025-03-20,9,2.4,85.4,3.0,90.0,11.0
2025-03-20,12,9.0,72.4,2.0,50.0,11.0
2025-03-20,15,13.8,58.5,7.0,230.0,12.0
2025-03-20,18,11.8,56.3,3.0,270.0,11.0
2025-03-20,21,7.4,81.8,2.0,320.0,12.0
2025-03-21,0,5.8,91.3,0.0,0.0,12.0
2025-03-21,3,4.1,95.2,0.0,0.0,11.0
2025-03-21,6,3.0,91.2,3.0,90.0,12.0
2025-03-21,9,5.2,82.7,2.0,90.0,8.0
2025-03-21,12,12.2,51.5,0.0,0.0,12.0
2025-03-21,15,15.9,32.6,2.0,270.0,12.0
2025-03-21,18,13.0,44.8,4.0,270.0,13.0
2025-03-21,21,10.4,63.6,2.0,270.0,13.0
2025-03-22,0,10.6,58.1,1.0,270.0,12.0
2025-03-22,3,8.0,67.2,1.0,90.0,12.0
2025-03-22,6,6.2,77.1,3.0,140.0,12.0
2025-03-22,9,8.8,73.3,1.0,140.0,13.0
2025-03-22,12,16.1,63.2,0.0,0.0,15.0
2025-03-22,15,17.9,39.9,5.0,230.0,13.0
2025-03-22,18,13.8,56.5,4.0,230.0,12.0
2025-03-22,21,12.0,60.1,2.0,270.0,12.0
2025-03-23,0,11.2,72.3,1.0,270.0,12.0
2025-03-23,3,8.4,79.1,1.0,320.0,12.0
2025-03-23,6,6.8,87.1,4.0,90.0,12.0
2025-03-23,9,9.1,81.5,3.0,90.0,11.0
2025-03-23,12,16.1,59.4,3.0,140.0,12.0
2025-03-23,15,21.1,50.7,0.0,0.0,12.0
2025-03-23,18,19.6,45.4,0.0,0.0,12.0
2025-03-23,21,14.2,57.0,2.0,90.0,11.0
2025-03-24,0,12.0,59.2,4.0,140.0,13.0
2025-03-24,3,10.5,72.6,3.0,140.0,13.0
2025-03-24,6,10.1,74.6,2.0,90.0,13.0
2025-03-24,9,11.2,77.9,4.0,90.0,11.0
2025-03-24,12,17.7,43.4,2.0,90.0,9.0
2025-03-24,15,15.5,50.6,7.0,270.0,8.0
2025-03-24,18,10.7,76.3,7.0,270.0,8.0
2025-03-24,21,9.4,74.5,3.0,270.0,8.0
2025-03-25,0,8.2,60.9,3.0,230.0,8.0
2025-03-25,3,7.0,67.0,1.0,180.0,14.0
2025-03-25,6,6.4,92.7,4.0,90.0,8.0
2025-03-25,9,7.6,90.2,4.0,90.0,5.0
2025-03-25,12,11.6,66.6,10.0,140.0,8.0
2025-03-25,15,14.8,48.0,12.0,230.0,8.0
2025-03-25,18,10.8,63.2,8.0,270.0,11.0
2025-03-25,21,8.0,79.1,4.0,270.0,11.0
2025-03-26,0,6.6,86.4,4.0,270.0,11.0
2025-03-26,3,5.4,93.9,1.0,270.0,11.0
2025-03-26,6,3.9,93.2,1.0,230.0,11.0
2025-03-26,9,5.5,83.9,3.0,90.0,9.0
2025-03-26,12,13.6,53.3,2.0,140.0,11.0
2025-03-26,15,17.1,38.0,3.0,140.0,11.0
2025-03-26,18,16.9,28.7,1.0,50.0,13.0
2025-03-26,21,15.3,37.5,1.0,90.0,13.0
2025-03-27,0,12.2,50.0,6.0,320.0,13.0
2025-03-27,3,9.5,91.0,2.0,320.0,13.0
2025-03-27,6,8.3,88.4,2.0,270.0,13.0
2025-03-27,9,10.0,78.8,1.0,320.0,12.0
2025-03-27,12,11.2,55.0,8.0,320.0,16.0
2025-03-27,15,10.6,49.9,8.0,320.0,16.0
2025-03-27,18,6.4,61.3,6.0,320.0,12.0
2025-03-27,21,5.6,69.2,5.0,320.0,11.0
2025-03-28,0,5.1,67.1,4.0,320.0,11.0
2025-03-28,3,3.8,56.3,4.0,50.0,11.0
2025-03-28,6,3.1,56.5,6.0,360.0,14.0
2025-03-28,9,4.3,44.6,6.0,320.0,15.0
2025-03-28,12,5.6,34.1,5.0,320.0,16.0
2025-03-28,15,5.6,34.1,7.0,320.0,16.0
2025-03-28,18,5.5,39.8,7.0,270.0,16.0
2025-03-28,21,3.9,54.6,7.0,270.0,16.0
2025-03-29,0,3.1,61.4,4.0,270.0,16.0
2025-03-29,3,3.1,69.7,5.0,270.0,14.0
2025-03-29,6,1.1,78.6,3.0,360.0,15.0
2025-03-29,9,1.1,72.4,3.0,320.0,16.0
2025-03-29,12,3.1,53.6,8.0,320.0,19.0
2025-03-29,15,3.1,48.5,10.0,320.0,19.0
2025-03-29,18,1.9,50.1,10.0,320.0,19.0
2025-03-29,21,1.8,63.4,6.0,320.0,16.0
2025-03-30,0,0.9,66.1,3.0,320.0,16.0
2025-03-30,3,-0.1,82.6,0.0,0.0,15.0
2025-03-30,6,-1.0,84.4,0.0,0.0,15.0
2025-03-30,9,2.9,66.6,1.0,90.0,13.0
2025-03-30,12,5.4,51.5,3.0,320.0,13.0
2025-03-30,15,5.8,44.4,3.0,320.0,13.0
2025-03-30,18,4.7,54.0,2.0,270.0,18.0
2025-03-30,21,2.6,69.0,0.0,0.0,18.0
2025-03-31,0,1.3,69.8,0.0,0.0,15.0
2025-03-31,3,-0.1,69.5,0.0,0.0,15.0
2025-03-31,6,-0.3,78.4,3.0,90.0,15.0
2025-03-31,9,2.9,75.5,2.0,90.0,18.0
2025-03-31,12,9.0,51.3,3.0,140.0,18.0
2025-03-31,15,14.1,40.5,2.0,270.0,18.0
2025-03-31,18,12.4,45.3,5.0,230.0,15.0
2025-03-31,21,8.0,71.7,1.0,50.0,15.0
2025-04-01,0,6.8,84.1,3.0,140.0,13.0
2025-04-01,3,5.2,89.4,4.0,140.0,13.0
2025-04-01,6,4.8,90.6,2.0,90.0,13.0
2025-04-01,9,7.2,73.0,4.0,90.0,9.0
2025-04-01,12,13.6,44.4,4.0,140.0,12.0
2025-04-01,15,15.9,28.2,4.0,230.0,12.0
2025-04-01,18,14.2,22.2,1.0,230.0,13.0
2025-04-01,21,9.8,58.7,1.0,90.0,14.0
2025-04-02,0,7.0,76.7,4.0,90.0,14.0
2025-04-02,3,7.0,70.0,2.0,140.0,13.0
2025-04-02,6,4.9,77.5,4.0,90.0,12.0
2025-04-02,9,5.1,87.5,1.0,90.0,11.0
2025-04-02,12,6.1,90.1,1.0,90.0,8.0
2025-04-02,15,6.2,94.0,1.0,140.0,8.0
2025-04-02,18,6.3,94.0,1.0,90.0,8.0
2025-04-02,21,6.0,90.7,1.0,360.0,11.0
2025-04-03,0,5.8,85.7,1.0,230.0,11.0
2025-04-03,3,5.1,84.5,1.0,320.0,11.0
2025-04-03,6,4.8,85.0,1.0,270.0,11.0
2025-04-03,9,7.0,76.7,0.0,0.0,8.0
2025-04-03,12,11.2,65.6,1.0,140.0,12.0
2025-04-03,15,12.0,71.4,3.0,320.0,13.0
2025-04-03,18,10.6,60.1,2.0,270.0,15.0
2025-04-03,21,6.2,83.4,1.0,270.0,13.0
2025-04-04,0,5.5,90.7,0.0,0.0,13.0
2025-04-04,3,4.6,88.7,0.0,0.0,13.0
2025-04-04,6,2.9,93.1,0.0,0.0,13.0
2025-04-04,9,5.1,93.2,2.0,90.0,8.0
2025-04-04,12,12.2,60.5,0.0,0.0,12.0
2025-04-04,15,14.9,62.0,2.0,270.0,13.0
2025-04-04,18,10.6,68.7,2.0,320.0,12.0
2025-04-04,21,9.3,70.9,0.0,0.0,12.0
2025-04-05,0,8.0,87.8,1.0,320.0,12.0
2025-04-05,3,5.5,90.7,1.0,320.0,11.0
2025-04-05,6,5.6,95.9,4.0,90.0,11.0
2025-04-05,9,6.4,75.0,3.0,140.0,8.0
2025-04-05,12,7.2,89.6,3.0,140.0,11.0
2025-04-05,15,7.6,90.2,3.0,140.0,11.0
2025-04-05,18,7.2,95.3,2.0,50.0,11.0
2025-04-05,21,5.8,95.3,2.0,50.0,11.0
2025-04-06,0,6.2,87.6,1.0,320.0,11.0
2025-04-06,3,6.0,93.9,3.0,270.0,3.0
2025-04-06,6,4.5,95.9,1.0,320.0,0.0
2025-04-06,9,5.4,93.9,1.0,90.0,4.5
2025-04-06,12,9.6,75.0,1.0,90.0,11.0
2025-04-06,15,13.8,66.6,3.0,270.0,15.0
2025-04-06,18,12.0,67.1,5.0,230.0,13.0
2025-04-06,21,8.2,82.5,1.0,270.0,12.0
2025-04-07,0,7.0,87.7,1.0,50.0,12.0
2025-04-07,3,6.4,89.5,1.0,50.0,12.0
2025-04-07,6,4.7,90.0,3.0,90.0,11.0
2025-04-07,9,8.0,77.4,2.0,90.0,11.0
2025-04-07,12,14.5,59.8,4.0,90.0,12.0
2025-04-07,15,17.5,59.4,2.0,320.0,12.0
2025-04-07,18,15.3,72.5,1.0,50.0,12.0
2025-04-07,21,11.7,74.9,1.0,50.0,12.0
2025-04-08,0,9.4,86.7,0.0,0.0,12.0
2025-04-08,3,8.5,90.3,2.0,270.0,12.0
2025-04-08,6,7.0,96.0,3.0,270.0,0.4
2025-04-08,9,9.2,87.9,3.0,270.0,6.0
2025-04-08,12,14.4,49.9,3.0,270.0,14.0
2025-04-08,15,16.3,50.1,3.0,320.0,17.0
2025-04-08,18,15.0,56.8,1.0,270.0,17.0
2025-04-08,21,10.6,75.2,3.0,270.0,17.0
2025-04-09,0,8.8,86.7,2.0,270.0,15.0
2025-04-09,3,7.8,75.8,0.0,0.0,13.0
2025-04-09,6,7.0,87.1,1.0,90.0,12.0
2025-04-09,9,7.2,86.5,1.0,90.0,11.0
2025-04-09,12,10.8,70.2,1.0,90.0,11.0
2025-04-09,15,13.6,62.2,1.0,90.0,11.0
2025-04-09,18,13.5,56.8,0.0,0.0,13.0
2025-04-09,21,9.4,89.1,0.0,0.0,13.0
2025-04-10,0,8.6,82.5,0.0,0.0,13.0
2025-04-10,3,7.5,91.5,0.0,0.0,13.0
2025-04-10,6,6.8,94.0,0.0,0.0,13.0
2025-04-10,9,7.0,96.0,1.0,270.0,0.0
2025-04-10,12,12.0,78.6,4.0,230.0,8.0
2025-04-10,15,14.6,67.2,5.0,270.0,11.0
2025-04-10,18,12.2,72.5,3.0,270.0,13.0
2025-04-10,21,8.6,79.7,3.0,270.0,15.0
2025-04-11,0,7.4,87.1,1.0,230.0,12.0
2025-04-11,3,6.8,90.1,1.0,90.0,12.0
2025-04-11,6,5.5,90.7,3.0,90.0,9.0
2025-04-11,9,10.0,85.6,1.0,90.0,9.0
2025-04-11,12,16.5,64.1,2.0,90.0,12.0
2025-04-11,15,20.3,54.0,5.0,230.0,14.0
2025-04-11,18,19.1,63.0,1.0,270.0,14.0
2025-04-11,21,14.6,69.5,1.0,270.0,14.0
2025-04-12,0,12.8,82.5,1.0,50.0,12.0
2025-04-12,3,12.2,69.5,5.0,140.0,12.0
2025-04-12,6,13.1,78.8,6.0,140.0,12.0
2025-04-12,9,12.8,83.6,3.0,140.0,12.0
2025-04-12,12,13.2,86.5,1.0,270.0,11.0
2025-04-12,15,6.8,95.3,7.0,230.0,8.0
2025-04-12,18,2.9,97.2,9.0,270.0,8.0
2025-04-12,21,1.1,98.6,1.0,270.0,6.0
2025-04-13,0,1.3,97.2,2.0,90.0,11.0
2025-04-13,3,2.2,97.9,0.0,0.0,11.0
2025-04-13,6,4.3,95.2,4.0,230.0,11.0
2025-04-13,9,4.6,86.2,5.0,270.0,17.0
2025-04-13,12,5.6,73.8,7.0,270.0,15.0
2025-04-13,15,5.2,82.7,7.0,270.0,13.0
2025-04-13,18,4.5,86.8,6.0,270.0,12.0
2025-04-13,21,4.3,85.6,0.0,0.0,13.0
2025-04-14,0,4.9,82.1,0.0,0.0,13.0
2025-04-14,9,4.1,90.6,3.0,140.0,13.0
2025-04-14,12,6.2,89.5,6.0,90.0,13.0
2025-04-14,15,8.8,77.0,2.0,360.0,13.0
2025-04-14,18,7.8,73.7,2.0,360.0,11.0
2025-04-14,21,6.4,83.4,3.0,270.0,12.0
2025-04-15,0,5.6,88.8,3.0,230.0,12.0
2025-04-15,3,4.7,90.0,1.0,270.0,12.0
2025-04-15,6,4.5,90.0,1.0,230.0,12.0
2025-04-15,9,7.2,89.6,1.0,230.0,13.0
2025-04-15,12,9.1,79.8,5.0,230.0,17.0
2025-04-15,15,11.8,60.0,4.0,270.0,17.0
2025-04-15,18,10.5,65.4,2.0,320.0,15.0
2025-04-15,21,8.0,84.8,2.0,270.0,13.0
2025-04-16,0,6.8,90.1,1.0,90.0,12.0
2025-04-16,3,5.4,92.6,2.0,50.0,12.0
2025-04-16,6,4.9,90.0,3.0,90.0,12.0
2025-04-16,9,9.0,83.7,3.0,140.0,11.0
2025-04-16,12,14.1,70.4,4.0,90.0,13.0
2025-04-16,15,17.3,64.7,4.0,140.0,13.0
2025-04-16,18,17.3,72.4,3.0,50.0,14.0
2025-04-16,21,14.1,86.6,2.0,50.0,15.0
2025-04-17,0,12.6,84.2,4.0,90.0,15.0
2025-04-17,3,9.7,85.6,1.0,90.0,15.0
2025-04-17,6,11.8,81.8,3.0,140.0,13.0
2025-04-17,9,14.2,82.1,4.0,90.0,13.0
2025-04-17,12,16.6,71.4,3.0,90.0,13.0
2025-04-17,15,16.7,71.4,3.0,90.0,13.0
2025-04-17,18,16.5,81.4,5.0,140.0,13.0
2025-04-17,21,15.3,82.8,5.0,140.0,12.0
2025-04-18,0,13.8,90.1,1.0,320.0,12.0
2025-04-18,3,10.9,92.3,2.0,230.0,12.0
2025-04-18,6,11.4,92.9,2.0,270.0,12.0
2025-04-18,9,11.4,92.9,3.0,270.0,11.0
2025-04-18,12,14.4,69.5,5.0,270.0,11.0
2025-04-18,15,16.3,63.6,3.0,320.0,11.0
2025-04-18,18,14.9,62.5,3.0,270.0,11.0
2025-04-18,21,11.8,82.9,2.0,230.0,11.0
2025-04-19,0,11.6,82.9,1.0,270.0,11.0
2025-04-19,3,10.8,87.4,1.0,90.0,11.0
2025-04-19,6,11.4,87.5,2.0,50.0,11.0
2025-04-19,9,12.4,87.0,0.0,0.0,6.0
2025-04-19,12,10.6,92.3,1.0,270.0,8.0
2025-04-19,15,12.4,87.0,4.0,270.0,11.0
2025-04-19,18,12.0,83.5,4.0,270.0,14.0
2025-04-19,21,9.3,92.2,1.0,230.0,12.0
2025-04-20,0,9.0,91.6,0.0,0.0,12.0
2025-04-20,3,8.0,96.6,0.0,0.0,12.0
2025-04-20,6,7.2,94.6,0.0,0.0,8.0
2025-04-20,9,12.2,83.0,0.0,0.0,11.0
2025-04-20,12,16.5,71.3,2.0,360.0,13.0
2025-04-20,15,18.7,67.6,2.0,230.0,15.0
2025-04-20,18,17.6,73.0,3.0,230.0,15.0
2025-04-20,21,13.7,67.5,4.0,230.0,15.0
2025-04-21,0,12.2,77.6,0.0,0.0,15.0
2025-04-21,3,11.5,81.8,0.0,0.0,15.0
2025-04-21,6,10.0,90.4,0.0,0.0,15.0
2025-04-21,9,15.0,73.5,1.0,90.0,12.0
2025-04-21,12,21.6,70.0,2.0,90.0,12.0
2025-04-21,15,22.5,62.2,1.0,230.0,15.0
2025-04-21,18,20.9,75.5,1.0,50.0,15.0
2025-04-21,21,17.6,88.1,1.0,270.0,15.0
2025-04-22,0,17.1,90.9,0.0,0.0,15.0
2025-04-22,3,16.7,93.8,1.0,230.0,12.0
2025-04-22,6,13.7,94.9,2.0,230.0,12.0
2025-04-22,9,12.7,97.4,3.0,320.0,5.0
2025-04-22,12,13.4,95.5,0.0,0.0,4.5
2025-04-22,15,15.3,86.7,2.0,270.0,13.0
2025-04-22,18,17.5,77.9,3.0,320.0,17.0
2025-04-22,21,13.1,84.8,3.0,230.0,17.0
2025-04-23,0,12.0,91.1,2.0,320.0,13.0
2025-04-23,3,10.5,91.0,0.0,0.0,13.0
2025-04-23,6,9.8,86.8,0.0,0.0,9.0
2025-04-23,9,14.2,78.9,2.0,90.0,11.0
2025-04-23,12,18.7,77.1,1.0,270.0,17.0
2025-04-23,15,17.7,69.7,4.0,270.0,17.0
2025-04-23,18,17.3,72.0,2.0,270.0,17.0
2025-04-23,21,14.7,84.4,1.0,230.0,17.0
2025-04-24,0,12.0,85.8,0.0,0.0,15.0
2025-04-24,3,10.5,88.0,0.0,0.0,15.0
2025-04-24,6,10.0,87.4,0.0,0.0,11.0
2025-04-24,9,13.2,75.1,1.0,270.0,11.0
2025-04-24,12,15.0,56.4,3.0,270.0,11.0
2025-04-24,15,14.4,45.2,4.0,270.0,13.0
2025-04-24,18,13.0,74.6,6.0,270.0,5.0
2025-04-24,21,11.2,66.0,6.0,270.0,15.0
2025-04-25,0,10.8,63.2,3.0,270.0,15.0
2025-04-25,3,9.8,67.6,4.0,270.0,14.0
2025-04-25,6,9.0,74.9,4.0,320.0,14.0
2025-04-25,9,12.6,65.0,2.0,320.0,14.0
2025-04-25,12,14.2,46.8,6.0,340.0,13.0
2025-04-25,15,14.6,44.0,7.0,230.0,13.0
2025-04-25,18,15.6,41.9,7.0,230.0,15.0
2025-04-25,21,11.3,60.3,3.0,230.0,15.0
2025-04-26,0,11.2,56.6,1.0,230.0,15.0
2025-04-26,3,11.0,66.9,0.0,0.0,15.0
2025-04-26,6,8.6,80.3,3.0,90.0,15.0
2025-04-26,9,11.4,73.3,2.0,50.0,12.0
2025-04-26,12,18.9,58.9,1.0,90.0,16.0
2025-04-26,15,20.6,51.6,3.0,270.0,18.0
2025-04-26,18,19.5,64.8,2.0,230.0,18.0
2025-04-26,21,17.7,72.5,0.0,0.0,17.0
2025-04-27,0,13.8,78.3,2.0,50.0,17.0
2025-04-27,3,14.0,78.9,2.0,90.0,13.0
2025-04-27,6,13.7,69.4,1.0,90.0,13.0
2025-04-27,9,15.5,55.7,3.0,230.0,13.0
2025-04-27,12,18.6,83.2,2.0,230.0,13.0
2025-04-27,15,19.1,64.7,3.0,270.0,14.0
2025-04-27,18,14.2,73.3,3.0,270.0,12.0
2025-04-27,21,11.4,78.0,3.0,270.0,14.0
2025-04-28,0,10.0,87.4,1.0,270.0,14.0
2025-04-28,3,9.2,89.1,1.0,270.0,11.0
2025-04-28,6,8.4,91.5,1.0,230.0,11.0
2025-04-28,9,12.0,82.4,1.0,270.0,13.0
2025-04-28,12,15.3,47.8,2.0,320.0,13.0
2025-04-28,15,16.3,47.4,5.0,320.0,17.0
2025-04-28,18,16.1,51.8,0.0,0.0,15.0
2025-04-28,21,11.2,66.0,0.0,0.0,15.0
2025-04-29,0,10.0,74.1,3.0,270.0,15.0
2025-04-29,3,8.8,81.4,0.0,0.0,15.0
2025-04-29,6,7.5,80.1,0.0,0.0,15.0
2025-04-29,9,12.2,70.5,1.0,90.0,12.0
2025-04-29,12,19.1,64.7,1.0,50.0,14.0
2025-04-29,15,21.1,61.4,3.0,320.0,15.0
2025-04-29,18,19.1,65.5,1.0,90.0,15.0
2025-04-29,21,14.0,71.3,2.0,90.0,13.0
2025-04-30,0,12.0,69.0,6.0,50.0,13.0
2025-04-30,3,11.5,72.8,6.0,140.0,12.0
2025-04-30,6,11.2,75.3,7.0,90.0,12.0
2025-04-30,9,16.1,76.1,6.0,120.0,14.0
2025-04-30,12,20.7,58.2,5.0,140.0,16.0
2025-04-30,15,22.9,48.6,5.0,230.0,17.0
2025-04-30,18,21.4,50.8,4.0,230.0,18.0
2025-04-30,21,17.5,58.6,4.0,230.0,17.0
2025-05-01,0,16.1,70.8,4.0,230.0,16.0
2025-05-01,3,15.6,55.4,3.0,90.0,16.0
2025-05-01,6,15.0,71.0,6.0,140.0,11.0
2025-05-01,9,13.0,86.5,5.0,140.0,12.0
2025-05-01,12,13.0,90.6,1.0,180.0,15.0
2025-05-01,15,14.4,79.0,2.0,270.0,12.0
2025-05-01,18,12.3,86.4,3.0,230.0,12.0
2025-05-01,21,11.2,68.4,5.0,270.0,14.0
2025-05-02,0,10.0,71.5,4.0,270.0,15.0
2025-05-02,3,9.0,78.1,5.0,320.0,15.0
2025-05-02,6,9.0,78.1,3.0,270.0,15.0
2025-05-02,9,11.5,79.1,3.0,230.0,15.0
2025-05-02,12,14.6,49.3,4.0,270.0,15.0
2025-05-02,15,16.7,34.3,4.0,320.0,15.0
2025-05-02,18,14.8,54.8,3.0,230.0,15.0
2025-05-02,21,12.6,72.0,4.0,270.0,15.0
2025-05-03,0,10.2,74.6,2.0,270.0,15.0
2025-05-03,3,9.2,86.7,1.0,230.0,15.0
2025-05-03,6,9.0,94.7,0.0,0.0,11.0
2025-05-03,9,9.4,91.6,1.0,230.0,11.0
2025-05-03,12,12.2,83.0,5.0,270.0,13.0
2025-05-03,15,13.4,74.7,7.0,230.0,14.0
2025-05-03,18,13.8,68.9,7.0,230.0,15.0
2025-05-03,21,12.2,77.6,5.0,270.0,15.0
2025-05-04,0,10.7,84.5,2.0,230.0,15.0
2025-05-04,3,9.6,86.7,2.0,270.0,13.0
2025-05-04,6,10.2,84.5,3.0,230.0,14.0
2025-05-04,9,14.5,66.8,5.0,270.0,14.0
2025-05-04,12,14.2,61.0,8.0,270.0,15.0
2025-05-04,15,16.7,53.8,4.0,270.0,14.0
2025-05-04,18,16.3,55.2,3.0,230.0,15.0
2025-05-04,21,12.0,64.9,3.0,320.0,15.0
2025-05-05,0,11.4,70.3,0.0,0.0,15.0
2025-05-05,3,10.4,73.6,1.0,140.0,13.0
2025-05-05,6,10.0,76.7,2.0,90.0,13.0
2025-05-05,9,10.8,79.0,1.0,140.0,13.0
2025-05-05,12,13.4,54.8,2.0,90.0,14.0
2025-05-05,15,13.3,59.6,0.0,0.0,13.0
2025-05-05,18,12.0,71.4,2.0,90.0,13.0
2025-05-05,21,11.2,80.6,0.0,0.0,14.0
2025-05-06,0,10.0,89.8,0.0,0.0,14.0
2025-05-06,3,9.0,94.7,0.0,0.0,13.0
2025-05-06,6,8.0,91.5,0.0,0.0,13.0
2025-05-06,9,13.0,66.0,0.0,0.0,14.0
2025-05-06,12,14.8,63.7,3.0,230.0,13.0
2025-05-06,15,16.7,52.0,4.0,320.0,16.0
2025-05-06,18,15.7,57.7,5.0,320.0,75.0
2025-05-06,21,11.8,73.9,4.0,270.0,15.0
2025-05-07,0,10.8,77.3,1.0,270.0,13.0
2025-05-07,3,10.0,78.3,0.0,0.0,13.0
2025-05-07,6,10.0,78.3,0.0,0.0,13.0
2025-05-07,9,13.0,72.1,0.0,0.0,11.0
2025-05-07,12,16.9,66.8,3.0,230.0,13.0
2025-05-07,15,18.3,56.5,6.0,230.0,14.0
2025-05-07,18,16.1,64.9,5.0,320.0,12.0
2025-05-07,21,13.4,74.7,4.0,270.0,12.0
2025-05-08,0,11.6,78.5,0.0,0.0,12.0
2025-05-08,3,10.5,84.5,1.0,50.0,12.0
2025-05-08,6,9.8,88.5,1.0,140.0,12.0
2025-05-08,9,13.3,77.7,2.0,90.0,12.0
2025-05-08,12,18.9,82.2,3.0,90.0,16.0
2025-05-08,15,21.6,56.5,2.0,230.0,18.0
2025-05-08,18,19.3,56.3,3.0,270.0,13.0
2025-05-08,21,15.3,68.3,0.0,0.0,13.0
2025-05-09,0,14.6,79.0,0.0,0.0,12.0
2025-05-09,3,14.2,83.2,0.0,0.0,12.0
2025-05-09,6,13.8,77.3,1.0,90.0,11.0
2025-05-09,9,14.2,83.2,0.0,0.0,8.0
2025-05-09,12,14.0,89.5,1.0,50.0,8.0
2025-05-09,15,14.2,87.8,5.0,50.0,8.0
2025-05-09,18,13.6,91.8,3.0,50.0,8.0
2025-05-09,21,13.0,95.5,6.0,50.0,8.0
2025-05-10,0,12.0,94.8,2.0,50.0,8.0
2025-05-10,3,11.8,92.3,2.0,360.0,8.0
2025-05-10,6,11.4,93.6,1.0,360.0,8.0
2025-05-10,9,12.4,94.9,0.0,0.0,8.0
2025-05-10,12,13.6,95.5,3.0,270.0,8.0
2025-05-10,15,16.1,85.1,1.0,270.0,12.0
2025-05-10,18,15.0,80.1,3.0,270.0,13.0
2025-05-10,21,14.2,83.2,1.0,320.0,15.0
2025-05-11,0,13.4,85.4,4.0,320.0,15.0
2025-05-11,3,11.5,85.2,1.0,270.0,13.0
2025-05-11,6,12.0,85.8,0.0,0.0,13.0
2025-05-11,9,14.7,78.5,1.0,90.0,11.0
2025-05-11,12,18.5,71.2,1.0,50.0,14.0
2025-05-11,15,20.3,59.3,1.0,50.0,14.0
2025-05-11,18,19.7,51.7,4.0,320.0,14.0
2025-05-11,21,15.7,58.1,1.0,270.0,14.0
2025-05-12,0,14.6,76.9,1.0,90.0,14.0
2025-05-12,3,12.0,85.8,3.0,90.0,14.0
2025-05-12,6,11.4,87.5,3.0,90.0,12.0
2025-05-12,9,14.6,73.9,5.0,90.0,13.0
2025-05-12,12,20.7,54.1,4.0,140.0,13.0
2025-05-12,15,23.0,53.6,4.0,140.0,14.0
2025-05-12,18,21.7,53.0,1.0,90.0,14.0
2025-05-12,21,17.3,63.9,3.0,90.0,14.0
2025-05-13,0,15.8,78.1,3.0,90.0,13.0
2025-05-13,3,15.5,83.9,7.0,90.0,13.0
2025-05-13,6,15.3,84.5,5.0,140.0,12.0
2025-05-13,9,18.3,67.6,3.0,90.0,11.0
2025-05-13,12,23.7,51.8,2.0,90.0,13.0
2025-05-13,15,22.6,49.5,2.0,90.0,13.0
2025-05-13,18,21.5,54.3,1.0,140.0,14.0
2025-05-13,21,17.7,82.0,2.0,50.0,13.0
2025-05-14,0,16.1,84.0,4.0,50.0,13.0
2025-05-14,3,15.6,86.7,5.0,50.0,15.0
2025-05-14,6,15.3,91.4,3.0,90.0,15.0
2025-05-14,9,18.9,77.6,3.0,50.0,15.0
2025-05-14,12,23.5,80.2,3.0,320.0,14.0
2025-05-14,15,23.3,85.3,2.0,180.0,14.0
2025-05-14,18,20.5,87.8,2.0,50.0,14.0
2025-05-14,21,18.7,91.0,3.0,50.0,13.0
2025-05-15,0,16.7,93.8,1.0,90.0,8.0
2025-05-15,3,14.5,95.6,4.0,320.0,9.0
2025-05-15,6,14.0,91.9,1.0,270.0,11.0
2025-05-15,9,14.2,89.5,3.0,270.0,8.0
2025-05-15,12,15.0,85.6,1.0,270.0,8.0
2025-05-15,15,19.3,74.7,4.0,270.0,13.0
2025-05-15,18,19.7,72.4,5.0,270.0,15.0
2025-05-15,21,14.8,89.5,2.0,320.0,11.0
2025-05-16,0,13.6,96.2,0.0,0.0,4.5
2025-05-16,3,14.0,96.2,0.0,0.0,0.5
2025-05-16,6,14.8,94.3,3.0,90.0,6.0
2025-05-16,9,16.3,86.2,1.0,50.0,6.0
2025-05-16,12,19.4,79.7,1.0,90.0,8.0
2025-05-16,15,21.6,90.1,2.0,140.0,8.0
2025-05-16,18,21.3,91.7,2.0,360.0,8.0
2025-05-16,21,18.9,85.4,0.0,0.0,11.0
2025-05-17,0,18.1,88.1,0.0,0.0,12.0
2025-05-17,3,16.5,92.6,0.0,0.0,15.0
2025-05-17,6,15.9,92.6,0.0,0.0,6.0
2025-05-17,9,19.1,73.7,2.0,90.0,12.0
2025-05-17,12,20.5,84.0,1.0,50.0,12.0
2025-05-17,15,17.1,95.0,1.0,230.0,9.0
2025-05-17,18,15.4,83.9,4.0,320.0,9.0
2025-05-17,21,13.0,90.6,3.0,320.0,13.0
2025-05-18,0,12.0,91.1,2.0,270.0,13.0
2025-05-18,3,10.8,87.4,3.0,320.0,14.0
2025-05-18,6,10.0,89.8,2.0,270.0,14.0
2025-05-18,9,13.6,81.5,1.0,140.0,14.0
2025-05-18,12,17.3,62.6,7.0,230.0,16.0
2025-05-18,15,17.9,66.2,4.0,270.0,15.0
2025-05-18,18,17.7,68.8,3.0,230.0,16.0
2025-05-18,21,14.8,74.9,2.0,230.0,13.0
2025-05-19,0,15.0,78.5,1.0,230.0,13.0
2025-05-19,3,12.8,85.9,5.0,140.0,13.0
2025-05-19,6,12.5,83.6,2.0,90.0,12.0
2025-05-19,9,12.2,93.0,3.0,90.0,14.0
2025-05-19,12,17.1,87.4,3.0,140.0,14.0
2025-05-19,15,21.7,87.3,3.0,90.0,14.0
2025-05-19,18,17.1,83.6,0.0,0.0,15.0
2025-05-19,21,16.3,85.1,3.0,50.0,13.0
2025-05-20,0,15.6,90.2,3.0,140.0,13.0
2025-05-20,3,15.8,92.6,3.0,140.0,13.0
2025-05-20,6,16.1,89.6,2.0,140.0,13.0
2025-05-20,9,16.9,84.6,3.0,140.0,11.0
2025-05-20,12,20.7,75.9,2.0,90.0,11.0
2025-05-20,15,23.3,69.0,2.0,90.0,13.0
2025-05-20,18,21.6,81.5,2.0,90.0,13.0
2025-05-20,21,19.1,87.1,4.0,90.0,9.0
2025-05-21,0,19.8,85.0,3.0,90.0,9.0
2025-05-21,3,19.3,91.0,2.0,360.0,13.0
2025-05-21,6,20.3,90.5,1.0,90.0,12.0
2025-05-21,9,21.7,83.1,1.0,90.0,12.0
2025-05-21,12,22.4,81.6,1.0,50.0,12.0
2025-05-21,15,24.7,73.3,1.0,90.0,13.0
2025-05-21,18,18.3,81.1,3.0,270.0,11.0
2025-05-21,21,17.3,88.6,4.0,270.0,9.0
2025-05-22,0,17.7,89.8,0.0,0.0,9.0
2025-05-22,3,17.1,87.4,1.0,270.0,9.0
2025-05-22,6,16.1,89.6,1.0,320.0,9.0
2025-05-22,9,19.5,63.5,1.0,360.0,11.0
2025-05-22,12,24.1,44.6,3.0,50.0,15.0
2025-05-22,15,26.3,39.9,3.0,360.0,15.0
2025-05-22,18,24.1,47.3,3.0,320.0,11.0
2025-05-22,21,19.9,58.8,1.0,270.0,13.0
2025-05-23,0,17.7,61.0,0.0,0.0,13.0
2025-05-23,3,17.9,65.3,3.0,90.0,13.0
2025-05-23,6,16.9,75.8,0.0,0.0,13.0
2025-05-23,9,17.3,80.9,4.0,50.0,13.0
2025-05-23,12,17.3,61.8,4.0,50.0,13.0
2025-05-23,15,13.4,89.4,2.0,50.0,11.0
2025-05-23,18,13.0,96.1,2.0,50.0,11.0
2025-05-23,21,13.0,96.1,3.0,50.0,5.0
2025-05-24,0,12.8,92.4,2.0,50.0,8.0
2025-05-24,3,12.4,93.0,2.0,50.0,11.0
2025-05-24,6,11.4,96.1,3.0,50.0,5.0
2025-05-24,9,13.2,91.8,2.0,50.0,12.0
2025-05-24,12,16.0,82.9,1.0,50.0,13.0
2025-05-24,15,18.3,76.5,1.0,50.0,15.0
2025-05-24,18,19.4,70.9,2.0,50.0,19.0
2025-05-24,21,15.5,80.7,2.0,230.0,14.0
2025-05-25,0,13.4,86.0,4.0,230.0,12.0
2025-05-25,3,12.5,91.8,1.0,270.0,12.0
2025-05-25,6,11.9,88.7,1.0,270.0,12.0
2025-05-25,9,16.3,82.9,1.0,90.0,13.0
2025-05-25,12,20.1,60.4,3.0,230.0,15.0
2025-05-25,15,22.9,49.9,3.0,270.0,15.0
2025-05-25,18,21.9,42.5,3.0,230.0,15.0
2025-05-25,21,17.9,66.2,2.0,270.0,16.0
2025-05-26,0,15.8,78.6,0.0,0.0,16.0
2025-05-26,3,14.7,85.5,0.0,0.0,15.0
2025-05-26,6,13.6,87.1,0.0,0.0,13.0
2025-05-26,9,16.6,72.3,1.0,90.0,11.0
2025-05-26,12,22.3,65.0,1.0,90.0,13.0
2025-05-26,15,24.5,49.7,1.0,90.0,13.0
2025-05-26,18,22.3,52.8,3.0,230.0,13.0
2025-05-26,21,17.1,75.8,3.0,270.0,11.0
2025-05-27,0,15.0,91.9,0.0,0.0,13.0
2025-05-27,3,15.3,93.1,1.0,90.0,13.0
2025-05-27,6,14.6,93.1,1.0,90.0,13.0
2025-05-27,9,17.9,80.0,3.0,90.0,13.0
2025-05-27,12,22.7,68.5,1.0,140.0,14.0
2025-05-27,15,20.3,72.5,3.0,270.0,12.0
2025-05-27,18,19.7,75.7,1.0,230.0,12.0
2025-05-27,21,16.9,81.4,3.0,230.0,12.0
2025-05-28,0,15.7,89.0,0.0,0.0,12.0
2025-05-28,3,14.8,89.5,0.0,0.0,12.0
2025-05-28,6,14.0,87.7,0.0,0.0,12.0
2025-05-28,9,19.1,71.4,0.0,0.0,14.0
2025-05-28,12,22.3,71.5,0.0,0.0,13.0
2025-05-28,15,24.3,57.9,1.0,230.0,11.0
2025-05-28,18,20.7,60.9,4.0,270.0,12.0
2025-05-28,21,18.1,68.9,3.0,320.0,13.0
2025-05-29,0,17.1,87.4,0.0,0.0,13.0
2025-05-29,3,14.8,87.8,0.0,0.0,13.0
2025-05-29,6,14.2,90.7,0.0,0.0,11.0
2025-05-29,9,18.7,78.6,1.0,90.0,5.0
2025-05-29,12,23.3,72.1,3.0,230.0,13.0
2025-05-29,15,24.3,65.4,2.0,320.0,13.0
2025-05-29,18,21.5,52.6,3.0,270.0,13.0
2025-05-29,21,17.9,57.9,3.0,270.0,13.0
2025-05-30,0,16.1,73.2,3.0,270.0,13.0
2025-05-30,3,15.3,74.0,2.0,270.0,13.0
2025-05-30,6,14.4,78.4,0.0,0.0,12.0
2025-05-30,9,17.9,66.6,1.0,270.0,11.0
2025-05-30,12,23.1,61.9,1.0,140.0,11.0
2025-05-30,15,25.8,59.4,2.0,320.0,11.0
2025-05-30,18,25.3,60.5,4.0,230.0,14.0
2025-05-30,21,20.1,74.4,5.0,230.0,14.0
2025-05-31,0,17.7,82.0,0.0,0.0,12.0
2025-05-31,3,17.1,85.8,0.0,0.0,11.0
2025-05-31,6,16.7,87.4,1.0,140.0,11.0
2025-05-31,9,20.1,87.7,1.0,90.0,8.0
2025-05-31,12,22.7,82.7,0.0,0.0,9.0
2025-05-31,15,24.9,84.0,0.0,0.0,9.0
2025-05-31,18,22.6,81.6,2.0,270.0,11.0
2025-05-31,21,19.1,89.3,3.0,270.0,11.0
2025-06-01,0,16.9,88.0,0.0,0.0,11.0
2025-06-01,3,16.3,90.8,0.0,0.0,11.0
2025-06-01,6,16.1,87.4,2.0,90.0,11.0
2025-06-01,9,20.0,85.0,0.0,0.0,11.0
2025-06-01,12,24.7,82.4,0.0,0.0,11.0
2025-06-01,15,26.1,54.4,1.0,270.0,11.0
2025-06-01,18,21.7,67.8,2.0,270.0,11.0
2025-06-01,21,19.1,61.0,2.0,270.0,13.0
2025-06-02,0,18.1,78.5,0.0,0.0,11.0
2025-06-02,3,17.1,70.0,0.0,0.0,11.0
2025-06-02,6,16.6,82.4,0.0,0.0,11.0
2025-06-02,9,17.9,71.6,0.0,0.0,11.0
2025-06-02,12,22.3,66.2,0.0,0.0,12.0
2025-06-02,15,22.7,56.4,1.0,270.0,15.0
2025-06-02,18,23.1,61.5,3.0,230.0,16.0
2025-06-02,21,18.5,82.7,5.0,230.0,11.0
2025-06-03,0,17.5,83.1,1.0,270.0,12.0
2025-06-03,3,16.5,88.5,1.0,90.0,12.0
2025-06-03,6,16.0,86.2,3.0,140.0,11.0
2025-06-03,9,19.5,68.7,0.0,0.0,13.0
2025-06-03,12,21.3,64.3,6.0,270.0,14.0
2025-06-03,15,23.1,58.4,3.0,320.0,13.0
2025-06-03,18,22.1,39.0,5.0,230.0,15.0
2025-06-03,21,18.7,57.3,6.0,230.0,17.0
2025-06-04,0,17.7,63.1,3.0,230.0,15.0
2025-06-04,3,16.1,82.9,4.0,230.0,15.0
2025-06-04,6,15.6,84.0,1.0,320.0,14.0
2025-06-04,9,19.9,63.6,1.0,270.0,13.0
2025-06-04,12,21.5,41.8,5.0,270.0,16.0
2025-06-04,15,22.3,40.9,5.0,270.0,13.0
2025-06-04,18,21.6,41.0,6.0,230.0,17.0
2025-06-04,21,18.1,74.5,3.0,270.0,17.0
2025-06-05,0,17.3,79.9,2.0,270.0,17.0
2025-06-05,3,17.1,80.4,1.0,270.0,17.0
2025-06-05,6,15.0,91.9,2.0,90.0,17.0
2025-06-05,9,19.9,82.3,3.0,90.0,17.0
2025-06-05,12,26.3,74.0,2.0,320.0,16.0
2025-06-05,15,27.5,59.5,5.0,230.0,17.0
2025-06-05,18,26.1,75.8,1.0,320.0,17.0
2025-06-05,21,21.6,87.3,3.0,140.0,16.0
2025-06-06,0,19.3,91.0,4.0,90.0,14.0
2025-06-06,3,17.8,81.0,5.0,90.0,14.0
2025-06-06,9,22.1,74.7,3.0,90.0,16.0
2025-06-06,12,26.5,62.3,2.0,50.0,16.0
2025-06-06,15,27.7,66.5,2.0,140.0,16.0
2025-06-06,18,26.5,65.9,1.0,50.0,13.0
2025-06-06,21,22.5,73.8,1.0,90.0,12.0
2025-06-07,0,20.7,86.1,4.0,90.0,12.0
2025-06-07,3,19.9,87.7,4.0,90.0,11.0
2025-06-07,6,18.3,93.9,1.0,90.0,9.0
2025-06-07,9,20.6,88.9,0.0,0.0,8.0
2025-06-07,12,22.6,81.1,0.0,0.0,9.0
2025-06-07,15,23.1,82.2,0.0,0.0,9.0
2025-06-07,18,24.1,76.0,1.0,230.0,9.0
2025-06-07,21,20.5,90.5,0.0,0.0,11.0
2025-06-08,0,19.9,85.5,0.0,0.0,8.0
2025-06-08,3,18.4,95.7,0.0,0.0,0.4
2025-06-08,6,18.3,96.9,0.0,0.0,0.0
2025-06-08,9,20.9,86.2,0.0,0.0,8.0
2025-06-08,12,24.1,66.6,1.0,90.0,12.0
2025-06-08,15,27.9,49.9,1.0,230.0,12.0
2025-06-08,18,25.9,64.5,2.0,230.0,12.0
2025-06-08,21,20.4,84.0,3.0,230.0,13.0
2025-06-09,0,17.9,87.5,2.0,250.0,6.0
2025-06-09,3,17.2,91.5,2.0,250.0,4.5
2025-06-09,6,16.1,92.6,2.0,270.0,4.5
2025-06-09,9,17.7,93.9,0.0,0.0,0.8
2025-06-09,12,24.1,70.0,1.0,140.0,11.0
2025-06-09,15,27.8,59.5,2.0,230.0,12.0
2025-06-09,18,24.1,68.3,4.0,230.0,13.0
2025-06-09,21,21.3,77.0,1.0,270.0,13.0
2025-06-10,0,21.1,78.4,5.0,270.0,13.0
2025-06-10,3,19.8,86.6,1.0,270.0,9.0
2025-06-10,6,19.5,89.3,5.0,270.0,11.0
2025-06-10,9,18.5,88.1,4.0,270.0,12.0
2025-06-10,12,21.5,77.5,4.0,270.0,14.0
2025-06-10,15,22.5,51.1,5.0,270.0,14.0
2025-06-10,18,21.5,52.6,6.0,270.0,16.0
2025-06-10,21,18.5,77.0,4.0,270.0,12.0
2025-06-11,0,18.1,80.5,6.0,270.0,12.0
2025-06-11,3,17.1,83.6,4.0,270.0,12.0
2025-06-11,6,17.1,81.4,1.0,230.0,14.0
2025-06-11,9,21.0,63.8,4.0,270.0,15.0
2025-06-11,12,24.5,56.9,4.0,230.0,18.0
2025-06-11,15,26.1,46.3,1.0,320.0,19.0
2025-06-11,18,25.1,46.4,4.0,230.0,18.0
2025-06-11,21,20.5,65.8,3.0,270.0,16.0
2025-06-12,0,19.6,76.7,0.0,0.0,13.0
2025-06-12,3,18.5,78.5,0.0,0.0,13.0
2025-06-12,6,17.3,87.5,0.0,0.0,12.0
2025-06-12,9,22.1,81.6,1.0,90.0,11.0
2025-06-12,12,27.3,47.9,1.0,90.0,13.0
2025-06-12,15,30.0,42.8,2.0,230.0,16.0
2025-06-12,18,26.9,42.5,4.0,270.0,17.0
2025-06-12,21,22.8,58.0,2.0,270.0,17.0
2025-06-13,0,20.5,71.6,0.0,0.0,17.0
2025-06-13,3,19.1,83.8,0.0,0.0,17.0
2025-06-13,6,17.6,88.1,0.0,0.0,12.0
2025-06-13,9,22.3,69.7,3.0,90.0,14.0
2025-06-13,12,26.5,54.9,1.0,90.0,16.0
2025-06-13,15,25.3,63.2,4.0,90.0,16.0
2025-06-13,18,23.1,80.2,1.0,50.0,15.0
2025-06-13,21,21.9,83.1,0.0,0.0,13.0
2025-06-14,0,20.5,86.1,1.0,270.0,13.0
2025-06-14,3,19.3,91.0,0.0,0.0,13.0
2025-06-14,6,18.6,91.0,1.0,50.0,15.0
2025-06-14,9,24.5,70.1,0.0,0.0,15.0
2025-06-14,12,25.1,73.4,4.0,230.0,15.0
2025-06-14,15,27.9,59.9,4.0,230.0,14.0
2025-06-14,18,25.3,75.2,4.0,270.0,16.0
2025-06-14,21,20.9,86.2,5.0,270.0,16.0
2025-06-15,0,19.5,92.8,3.0,270.0,16.0
2025-06-15,3,19.9,91.1,0.0,0.0,15.0
2025-06-15,6,19.3,91.0,1.0,90.0,12.0
2025-06-15,9,22.5,81.6,2.0,50.0,11.0
2025-06-15,12,25.8,71.7,4.0,140.0,17.0
2025-06-15,15,25.3,69.8,2.0,140.0,14.0
2025-06-15,18,21.5,93.5,2.0,140.0,8.0
2025-06-15,21,22.1,93.5,0.0,0.0,11.0
2025-06-16,0,21.6,92.3,0.0,0.0,11.0
2025-06-16,3,21.1,95.2,0.0,0.0,4.5
2025-06-16,6,20.7,95.2,0.0,0.0,0.0
2025-06-16,9,23.1,88.5,0.0,0.0,6.0
2025-06-16,12,26.3,74.0,1.0,90.0,12.0
2025-06-16,15,28.9,67.6,1.0,50.0,12.0
2025-06-16,18,26.8,71.0,3.0,230.0,12.0
2025-06-16,21,22.1,80.6,1.0,230.0,13.0
2025-06-17,0,21.2,84.6,2.0,230.0,13.0
2025-06-17,3,20.3,69.3,1.0,230.0,11.0
2025-06-17,6,18.5,92.1,1.0,50.0,11.0
2025-06-17,9,22.1,77.6,1.0,140.0,12.0
2025-06-17,12,27.0,71.0,1.0,140.0,14.0
2025-06-17,15,28.3,61.9,4.0,320.0,18.0
2025-06-17,18,27.1,57.9,4.0,230.0,18.0
2025-06-17,21,22.3,74.7,1.0,270.0,13.0
2025-06-18,0,21.1,82.5,1.0,270.0,13.0
2025-06-18,3,19.1,89.3,0.0,0.0,12.0
2025-06-18,6,18.3,85.9,1.0,50.0,12.0
2025-06-18,9,23.9,72.7,1.0,50.0,11.0
2025-06-18,12,27.7,57.3,1.0,90.0,11.0
2025-06-18,15,30.5,51.6,0.0,0.0,15.0
2025-06-18,18,29.5,57.8,2.0,180.0,15.0
2025-06-18,21,24.9,62.7,2.0,20.0,14.0
2025-06-19,0,21.9,76.1,1.0,50.0,14.0
2025-06-19,3,21.5,82.0,4.0,90.0,14.0
2025-06-19,6,21.1,74.1,3.0,90.0,15.0
2025-06-19,9,23.2,71.2,3.0,140.0,15.0
2025-06-19,12,27.3,64.0,0.0,0.0,15.0
2025-06-19,15,30.1,63.1,0.0,0.0,15.0
2025-06-19,18,27.6,72.9,0.0,0.0,15.0
2025-06-19,21,27.1,73.3,0.0,0.0,14.0
2025-06-20,0,25.3,88.2,0.0,0.0,13.0
2025-06-20,3,22.5,95.2,0.0,0.0,11.0
2025-06-20,6,21.6,93.5,0.0,0.0,11.0
2025-06-20,9,21.5,97.0,0.0,0.0,8.0
2025-06-20,12,21.1,97.0,1.0,50.0,8.0
2025-06-20,15,22.5,95.2,1.0,50.0,8.0
2025-06-20,18,23.5,95.9,0.0,0.0,11.0
2025-06-20,21,23.1,93.0,0.0,0.0,15.0
2025-06-21,0,21.1,93.4,2.0,270.0,12.0
2025-06-21,3,20.1,92.2,1.0,270.0,12.0
2025-06-21,6,18.7,95.1,1.0,320.0,12.0
2025-06-21,9,20.5,81.9,1.0,320.0,15.0
2025-06-21,12,23.3,74.0,3.0,230.0,18.0
2025-06-21,15,25.3,64.8,4.0,230.0,18.0
2025-06-21,18,24.3,66.6,2.0,230.0,16.0
2025-06-21,21,21.7,63.2,5.0,230.0,15.0
2025-06-22,0,20.9,70.8,4.0,230.0,13.0
2025-06-22,3,19.2,78.1,1.0,270.0,12.0
2025-06-22,6,19.3,83.3,1.0,270.0,11.0
2025-06-22,9,23.9,69.6,0.0,0.0,11.0
2025-06-22,12,27.5,59.8,3.0,270.0,13.0
2025-06-22,15,28.1,51.6,4.0,270.0,15.0
2025-06-22,18,25.5,64.8,3.0,230.0,15.0
2025-06-22,21,22.5,75.2,3.0,320.0,12.0
2025-06-23,0,21.3,83.0,2.0,270.0,11.0
2025-06-23,3,21.1,85.6,0.0,0.0,11.0
2025-06-23,6,19.5,92.8,0.0,0.0,11.0
2025-06-23,9,23.9,82.8,2.0,90.0,11.0
2025-06-23,12,27.2,68.5,0.0,0.0,13.0
2025-06-23,15,30.4,56.6,2.0,230.0,16.0
2025-06-23,18,26.5,67.9,3.0,270.0,16.0
2025-06-23,21,22.9,75.3,2.0,270.0,14.0
2025-06-24,0,21.5,84.6,0.0,0.0,12.0
2025-06-24,3,21.0,87.3,0.0,0.0,12.0
2025-06-24,6,20.6,94.6,0.0,0.0,13.0
2025-06-24,9,24.4,81.9,1.0,90.0,12.0
2025-06-24,12,26.7,71.4,1.0,50.0,14.0
2025-06-24,15,27.1,71.9,1.0,90.0,14.0
2025-06-24,18,27.1,68.9,0.0,0.0,14.0
2025-06-24,21,24.9,68.9,0.0,0.0,15.0
2025-06-25,0,23.5,67.8,1.0,50.0,15.0
2025-06-25,3,21.1,91.7,2.0,50.0,6.0
2025-06-25,6,18.9,95.1,0.0,0.0,8.0
2025-06-25,9,19.1,93.3,1.0,50.0,12.0
2025-06-25,12,21.3,90.0,1.0,50.0,12.0
2025-06-25,15,21.9,83.1,3.0,50.0,13.0
2025-06-25,18,22.4,82.1,1.0,50.0,15.0
2025-06-25,21,21.7,84.6,1.0,140.0,16.0
2025-06-26,0,20.9,86.2,0.0,0.0,13.0
2025-06-26,3,20.1,93.4,1.0,320.0,11.0
2025-06-26,6,20.1,89.4,0.0,0.0,11.0
2025-06-26,9,23.3,77.8,0.0,0.0,13.0
2025-06-26,12,25.7,72.1,2.0,230.0,15.0
2025-06-26,15,27.1,68.9,1.0,270.0,13.0
2025-06-26,18,24.7,73.3,1.0,320.0,13.0
2025-06-26,21,22.9,82.2,1.0,270.0,13.0
2025-06-27,0,22.5,85.3,0.0,0.0,13.0
2025-06-27,3,22.1,88.4,2.0,320.0,12.0
2025-06-27,6,21.7,88.4,1.0,270.0,12.0
2025-06-27,9,22.4,90.1,0.0,0.0,12.0
2025-06-27,12,21.7,95.2,0.0,0.0,12.0
2025-06-27,15,25.1,87.1,0.0,0.0,12.0
2025-06-27,18,24.9,79.5,0.0,0.0,12.0
2025-06-27,21,24.3,83.9,0.0,0.0,12.0
2025-06-28,0,23.9,90.8,0.0,0.0,12.0
2025-06-28,3,23.3,92.4,0.0,0.0,12.0
2025-06-28,6,23.7,82.3,0.0,0.0,12.0
2025-06-28,9,25.1,81.5,0.0,0.0,12.0
2025-06-28,12,27.4,72.4,0.0,0.0,13.0
2025-06-28,15,28.5,73.9,1.0,270.0,12.0
2025-06-28,18,27.5,74.7,1.0,320.0,12.0
2025-06-28,21,24.9,86.0,1.0,320.0,11.0
2025-06-29,0,23.9,92.4,0.0,0.0,12.0
2025-06-29,3,23.6,93.0,1.0,90.0,11.0
2025-06-29,6,23.3,94.1,0.0,0.0,6.0
2025-06-29,9,24.9,89.2,1.0,90.0,8.0
2025-06-29,12,28.1,86.8,1.0,140.0,9.0
2025-06-29,15,28.1,78.9,3.0,140.0,12.0
2025-06-29,18,26.7,83.1,1.0,50.0,12.0
2025-06-29,21,25.3,84.5,2.0,140.0,15.0
2025-06-30,0,24.7,89.2,3.0,90.0,11.0
2025-06-30,3,24.3,88.6,3.0,90.0,11.0
2025-06-30,6,24.3,88.1,0.0,0.0,11.0
2025-06-30,9,25.7,84.6,3.0,140.0,13.0
2025-06-30,12,27.9,79.9,0.0,0.0,17.0
2025-06-30,15,27.5,83.2,0.0,0.0,17.0
2025-06-30,18,26.8,84.2,0.0,0.0,17.0
2025-06-30,21,25.5,89.3,1.0,50.0,17.0
2025-07-01,0,25.5,87.7,1.0,360.0,17.0
2025-07-01,3,25.1,89.2,0.0,0.0,17.0
2025-07-01,6,24.9,90.8,0.0,0.0,17.0
2025-07-01,9,26.9,83.7,0.0,0.0,12.0
2025-07-01,12,29.9,78.3,3.0,50.0,14.0
2025-07-01,15,30.4,72.1,3.0,230.0,18.0
2025-07-01,18,29.5,76.4,2.0,230.0,21.0
2025-07-01,21,26.8,85.7,0.0,0.0,18.0
2025-07-02,0,25.9,87.7,1.0,90.0,15.0
2025-07-02,3,25.1,81.5,1.0,90.0,18.0
2025-07-02,6,24.6,90.8,2.0,50.0,18.0
2025-07-02,9,26.5,90.9,2.0,50.0,16.0
2025-07-02,12,25.2,92.5,1.0,50.0,9.0
2025-07-02,15,25.5,93.7,1.0,90.0,18.0
2025-07-02,18,25.3,92.5,1.0,90.0,16.0
2025-07-02,21,25.1,89.2,2.0,140.0,13.0
2025-07-03,0,24.9,90.8,1.0,90.0,12.0
2025-07-03,3,24.5,94.2,1.0,90.0,12.0
2025-07-03,6,24.5,92.5,0.0,0.0,12.0
2025-07-03,9,25.3,94.2,1.0,20.0,13.0
2025-07-03,12,27.7,82.8,1.0,90.0,14.0
2025-07-03,15,28.3,78.5,2.0,90.0,15.0
2025-07-03,18,26.7,85.2,1.0,50.0,15.0
2025-07-03,21,25.5,90.9,1.0,360.0,14.0
2025-07-04,0,25.5,86.1,2.0,90.0,14.0
2025-07-04,3,24.7,86.0,3.0,50.0,14.0
2025-07-04,6,25.1,89.2,2.0,140.0,14.0
2025-07-04,9,24.3,95.9,5.0,140.0,11.0
2025-07-04,12,24.9,92.5,3.0,140.0,11.0
2025-07-04,15,27.8,90.5,0.0,0.0,11.0
2025-07-04,18,27.3,86.3,0.0,0.0,11.0
2025-07-04,21,25.3,93.1,3.0,180.0,8.0
2025-07-05,0,24.8,94.2,4.0,90.0,12.0
2025-07-05,3,25.1,88.7,0.0,0.0,12.0
2025-07-05,6,24.9,89.2,5.0,140.0,11.0
2025-07-05,9,25.9,84.6,2.0,50.0,12.0
2025-07-05,12,28.1,78.9,2.0,50.0,12.0
2025-07-05,15,29.1,73.6,2.0,360.0,12.0
2025-07-05,18,27.7,81.3,1.0,230.0,12.0
2025-07-05,21,25.9,87.7,1.0,50.0,12.0
2025-07-06,0,25.3,90.9,1.0,90.0,12.0
2025-07-06,3,25.2,90.9,2.0,180.0,12.0
2025-07-06,6,25.1,91.4,2.0,90.0,12.0
2025-07-06,9,27.3,82.2,1.0,140.0,12.0
2025-07-06,12,29.9,72.0,2.0,90.0,14.0
2025-07-06,15,29.0,72.3,2.0,50.0,15.0
2025-07-06,18,28.1,82.3,0.0,0.0,11.0
2025-07-06,21,27.1,90.4,1.0,230.0,9.0
2025-07-07,0,26.5,92.0,0.0,0.0,8.0
2025-07-07,3,25.7,94.2,1.0,90.0,8.0
2025-07-07,6,25.9,92.6,0.0,0.0,8.0
2025-07-07,9,25.9,92.6,0.0,0.0,3.5
2025-07-07,12,28.3,87.4,1.0,90.0,7.0
2025-07-07,15,31.1,76.2,1.0,50.0,11.0
2025-07-07,18,30.5,81.2,1.0,230.0,9.0
2025-07-07,21,27.3,90.5,1.0,270.0,9.0
2025-07-08,0,27.1,90.4,1.0,270.0,9.0
2025-07-08,3,26.5,94.8,1.0,270.0,5.0
2025-07-08,6,25.7,90.9,0.0,0.0,3.5
2025-07-08,9,27.3,88.3,2.0,90.0,8.0
2025-07-08,12,30.5,75.6,1.0,360.0,8.0
2025-07-08,15,33.5,71.0,0.0,0.0,9.0
2025-07-08,18,32.9,73.8,1.0,270.0,12.0
2025-07-08,21,29.9,79.7,0.0,0.0,12.0
2025-07-09,0,26.1,90.9,3.0,270.0,12.0
2025-07-09,3,25.9,87.7,0.0,0.0,12.0
2025-07-09,6,25.7,92.5,0.0,0.0,4.5
2025-07-09,9,29.3,76.3,0.0,0.0,8.0
2025-07-09,12,30.5,77.0,0.0,0.0,11.0
2025-07-09,15,33.1,61.1,0.0,0.0,12.0
2025-07-09,18,32.9,73.0,1.0,230.0,12.0
2025-07-09,21,28.1,80.9,1.0,230.0,16.0
2025-07-10,0,26.9,84.7,0.0,0.0,16.0
2025-07-10,3,26.3,89.3,0.0,0.0,16.0
2025-07-10,6,25.1,90.9,1.0,90.0,12.0
2025-07-10,9,28.3,68.3,3.0,90.0,13.0
2025-07-10,12,31.2,58.5,3.0,50.0,19.0
2025-07-10,15,33.1,55.5,1.0,50.0,19.0
2025-07-10,18,31.9,51.6,2.0,140.0,19.0
2025-07-10,21,28.7,65.9,1.0,50.0,14.0
2025-07-11,0,26.3,69.6,3.0,50.0,13.0
2025-07-11,3,23.9,72.7,1.0,90.0,13.0
2025-07-11,6,22.7,78.2,1.0,50.0,13.0
2025-07-11,9,26.5,61.5,2.0,50.0,16.0
2025-07-11,12,29.5,55.3,1.0,50.0,14.0
2025-07-11,15,31.9,47.0,1.0,90.0,15.0
2025-07-11,18,32.1,51.7,1.0,230.0,15.0
2025-07-11,21,28.3,73.9,0.0,0.0,12.0
2025-07-12,0,26.5,77.3,0.0,0.0,15.0
2025-07-12,3,23.3,80.2,2.0,140.0,15.0
2025-07-12,6,22.5,81.6,1.0,90.0,16.0
2025-07-12,9,27.4,69.8,1.0,90.0,16.0
2025-07-12,12,30.1,59.3,0.0,0.0,17.0
2025-07-12,15,31.7,65.0,3.0,270.0,17.0
2025-07-12,18,29.5,58.8,2.0,230.0,17.0
2025-07-12,21,25.5,73.0,1.0,270.0,17.0
2025-07-13,0,24.1,83.9,0.0,0.0,15.0
2025-07-13,3,24.4,79.9,0.0,0.0,15.0
2025-07-13,6,23.3,82.2,0.0,0.0,13.0
2025-07-13,9,26.3,81.6,0.0,0.0,11.0
2025-07-13,12,27.9,73.8,1.0,250.0,12.0
2025-07-13,15,30.3,67.9,1.0,270.0,13.0
2025-07-13,18,28.1,68.3,1.0,230.0,13.0
2025-07-13,21,25.1,80.5,1.0,230.0,13.0
2025-07-14,0,23.8,91.3,3.0,230.0,14.0
2025-07-14,3,22.3,86.8,2.0,270.0,14.0
2025-07-14,6,22.7,86.9,2.0,270.0,14.0
2025-07-14,9,25.9,75.8,2.0,50.0,13.0
2025-07-14,12,28.1,65.8,1.0,50.0,17.0
2025-07-14,15,29.7,59.2,1.0,50.0,17.0
2025-07-14,18,23.4,93.0,2.0,50.0,9.0
2025-07-14,21,23.7,88.6,2.0,50.0,14.0
2025-07-15,0,22.7,86.9,2.0,90.0,14.0
2025-07-15,3,22.1,91.8,1.0,50.0,13.0
2025-07-15,6,22.1,91.8,1.0,180.0,14.0
2025-07-15,9,24.5,87.6,0.0,0.0,15.0
2025-07-15,12,22.9,93.5,1.0,50.0,11.0
2025-07-15,15,25.7,80.1,1.0,90.0,12.0
2025-07-15,18,25.1,79.5,0.0,0.0,14.0
2025-07-15,21,24.9,76.6,1.0,140.0,13.0
2025-07-16,0,23.1,86.9,2.0,140.0,15.0
2025-07-16,3,22.7,90.1,3.0,90.0,15.0
2025-07-16,6,22.9,88.5,3.0,230.0,12.0
2025-07-16,9,22.9,85.3,0.0,0.0,13.0
2025-07-16,12,22.8,79.2,0.0,0.0,13.0
2025-07-16,15,21.3,94.0,3.0,90.0,8.0
2025-07-16,18,21.7,94.0,2.0,90.0,11.0
2025-07-16,21,22.2,91.8,3.0,50.0,12.0
2025-07-17,0,22.5,90.1,1.0,90.0,12.0
2025-07-17,3,22.9,95.8,2.0,50.0,12.0
2025-07-17,6,22.5,90.1,0.0,0.0,11.0
2025-07-17,9,22.7,91.8,0.0,0.0,12.0
2025-07-17,12,25.7,86.1,1.0,90.0,13.0
2025-07-17,15,28.1,93.2,0.0,0.0,11.0
2025-07-17,18,25.3,86.1,0.0,0.0,13.0
2025-07-17,21,23.1,91.3,0.0,0.0,12.0
2025-07-18,0,22.2,89.0,0.0,0.0,13.0
2025-07-18,3,22.1,90.1,0.0,0.0,11.0
2025-07-18,6,22.0,93.5,0.0,0.0,11.0
2025-07-18,9,25.3,83.0,1.0,50.0,11.0
2025-07-18,12,26.8,77.3,1.0,50.0,11.0
2025-07-18,15,28.9,70.1,1.0,140.0,15.0
2025-07-18,18,25.9,78.1,3.0,230.0,15.0
2025-07-18,21,25.1,81.5,0.0,0.0,13.0
2025-07-19,0,24.1,87.0,0.0,0.0,11.0
2025-07-19,3,23.1,91.8,0.0,0.0,9.0
2025-07-19,6,23.5,95.9,0.0,0.0,8.0
2025-07-19,9,23.9,94.1,2.0,140.0,9.0
2025-07-19,12,26.1,86.1,2.0,90.0,14.0
2025-07-19,15,27.9,79.9,1.0,90.0,14.0
2025-07-19,18,27.5,88.9,1.0,90.0,14.0
2025-07-19,21,25.9,86.1,1.0,50.0,15.0
2025-07-20,0,25.0,75.6,1.0,140.0,13.0
2025-07-20,3,24.3,87.0,1.0,50.0,12.0
2025-07-20,6,23.3,95.9,1.0,50.0,4.5
2025-07-20,9,25.5,92.5,1.0,90.0,11.0
2025-07-20,12,30.2,76.0,2.0,230.0,12.0
2025-07-20,15,30.5,71.7,2.0,230.0,12.0
2025-07-20,18,30.0,72.0,2.0,270.0,12.0
2025-07-20,21,27.4,78.4,0.0,0.0,12.0
2025-07-21,0,26.5,92.0,1.0,20.0,12.0
2025-07-21,3,26.5,80.2,0.0,0.0,12.0
2025-07-21,6,26.6,85.7,0.0,0.0,12.0
2025-07-21,9,28.1,82.8,0.0,0.0,12.0
2025-07-21,12,29.1,72.3,1.0,140.0,12.0
2025-07-21,15,30.1,76.9,0.0,0.0,14.0
2025-07-21,18,30.7,73.0,4.0,230.0,18.0
2025-07-21,21,27.9,81.8,2.0,230.0,18.0
2025-07-22,0,26.9,84.7,0.0,0.0,14.0
2025-07-22,3,26.1,93.1,3.0,230.0,11.0
2025-07-22,6,26.1,90.9,2.0,180.0,12.0
2025-07-22,9,26.5,90.4,1.0,90.0,12.0
2025-07-22,12,25.9,89.3,0.0,0.0,12.0
2025-07-22,15,24.1,94.2,0.0,0.0,12.0
2025-07-22,18,24.1,94.2,0.0,0.0,12.0
2025-07-22,21,24.1,94.2,0.0,0.0,13.0
2025-07-23,0,23.3,93.0,0.0,0.0,13.0
2025-07-23,3,23.2,88.5,0.0,0.0,13.0
2025-07-23,6,23.2,93.0,0.0,0.0,13.0
2025-07-23,9,25.7,87.7,1.0,140.0,12.0
2025-07-23,12,29.1,80.5,1.0,90.0,14.0
2025-07-23,15,30.7,71.7,3.0,270.0,15.0
2025-07-23,18,29.7,75.0,2.0,270.0,15.0
2025-07-23,21,26.7,83.1,1.0,270.0,13.0
2025-07-24,0,26.1,89.3,1.0,90.0,11.0
2025-07-24,3,25.7,92.5,0.0,0.0,11.0
2025-07-24,6,25.3,92.5,0.0,0.0,4.5
2025-07-24,9,27.1,85.7,1.0,50.0,8.0
2025-07-24,12,30.1,64.2,1.0,180.0,12.0
2025-07-24,15,31.3,68.5,1.0,270.0,12.0
2025-07-24,18,30.6,65.9,1.0,320.0,15.0
2025-07-24,21,26.6,82.6,3.0,270.0,15.0
2025-07-25,0,25.3,90.9,1.0,270.0,15.0
2025-07-25,3,23.9,92.4,0.0,0.0,13.0
2025-07-25,6,23.7,93.6,0.0,0.0,9.0
2025-07-25,9,26.7,81.7,0.0,0.0,11.0
2025-07-25,12,29.3,73.6,1.0,180.0,12.0
2025-07-25,15,31.3,63.3,1.0,180.0,14.0
2025-07-25,18,31.7,72.3,0.0,0.0,16.0
2025-07-25,21,27.9,84.8,0.0,0.0,16.0
2025-07-26,0,27.1,85.7,0.0,0.0,13.0
2025-07-26,3,25.5,90.9,0.0,0.0,13.0
2025-07-26,6,24.8,90.3,0.0,0.0,13.0
2025-07-26,9,25.3,93.1,0.0,0.0,6.0
2025-07-26,12,30.8,72.6,0.0,0.0,12.0
2025-07-26,15,33.2,59.0,3.0,230.0,16.0
2025-07-26,18,31.8,61.9,4.0,270.0,17.0
2025-07-26,21,27.6,75.1,2.0,270.0,16.0
2025-07-27,0,25.3,90.9,1.0,270.0,12.0
2025-07-27,3,24.1,89.1,0.0,0.0,12.0
2025-07-27,6,23.1,94.7,0.0,0.0,13.0
2025-07-27,9,28.1,90.0,0.0,0.0,14.0
2025-07-27,12,31.5,88.7,1.0,230.0,13.0
2025-07-27,15,33.5,92.4,2.0,270.0,13.0
2025-07-27,18,31.7,92.9,3.0,270.0,14.0
2025-07-27,21,26.7,93.7,2.0,270.0,14.0
2025-07-28,0,24.7,94.2,2.0,270.0,14.0
2025-07-28,3,23.7,93.6,0.0,0.0,13.0
2025-07-28,6,23.5,94.1,0.0,0.0,14.0
2025-07-28,9,27.3,84.2,1.0,230.0,11.0
2025-07-28,12,30.7,65.5,0.0,0.0,11.0
2025-07-28,15,32.3,67.9,1.0,230.0,11.0
2025-07-28,18,31.1,85.6,4.0,270.0,9.0
2025-07-28,21,27.1,89.9,2.0,270.0,11.0
2025-07-29,0,25.9,92.6,0.0,0.0,11.0
2025-07-29,3,25.6,93.7,1.0,270.0,11.0
2025-07-29,6,24.9,95.9,0.0,0.0,6.0
2025-07-29,9,26.7,88.8,1.0,90.0,6.0
2025-07-29,12,30.7,75.6,2.0,90.0,8.0
2025-07-29,15,33.5,58.0,1.0,180.0,14.0
2025-07-29,18,32.9,61.1,1.0,270.0,14.0
2025-07-29,21,27.9,79.9,3.0,270.0,17.0
2025-07-30,0,26.5,90.4,0.0,0.0,15.0
2025-07-30,3,26.1,77.2,0.0,0.0,13.0
2025-07-30,6,25.3,92.5,1.0,270.0,13.0
2025-07-30,9,28.1,76.6,0.0,0.0,11.0
2025-07-30,12,29.5,67.7,1.0,140.0,12.0
2025-07-30,15,30.5,67.9,1.0,140.0,13.0
2025-07-30,18,30.1,67.8,1.0,230.0,14.0
2025-07-30,21,27.1,85.7,1.0,270.0,13.0
2025-07-31,0,26.7,86.2,0.0,0.0,13.0
2025-07-31,3,26.5,84.6,1.0,90.0,12.0
2025-07-31,6,26.1,87.7,0.0,0.0,13.0
2025-07-31,9,28.7,83.4,0.0,0.0,12.0
2025-07-31,12,31.2,75.3,1.0,90.0,12.0
2025-07-31,15,31.9,76.3,1.0,50.0,12.0
2025-07-31,18,27.0,89.9,0.0,0.0,12.0
2025-07-31,21,27.1,88.8,0.0,0.0,12.0
