day,h,t,rh,ws,wd,vis
2021-03-01,0,4.6,75.2,0.0,0.0,10.0
2021-03-01,3,3.9,81.9,0.0,0.0,10.0
2021-03-01,6,2.7,89.2,1.0,50.0,4.0
2021-03-01,9,3.6,95.2,3.0,20.0,4.0
2021-03-01,12,3.4,89.9,2.0,360.0,4.0
2021-03-01,15,3.1,87.9,3.0,360.0,4.0
2021-03-01,18,3.2,89.9,2.0,20.0,4.0
2021-03-01,21,2.2,92.4,4.0,360.0,4.0
2021-03-02,0,1.6,90.4,2.0,360.0,10.0
2021-03-02,3,0.4,87.7,3.0,320.0,15.0
2021-03-02,6,0.0,83.2,2.0,320.0,15.0
2021-03-02,9,0.0,82.0,0.0,0.0,20.0
2021-03-02,12,3.4,79.5,3.0,320.0,20.0
2021-03-02,15,5.3,67.6,2.0,320.0,20.0
2021-03-02,18,4.0,63.9,2.0,320.0,20.0
2021-03-02,21,-0.5,66.3,0.0,0.0,10.0
2021-03-03,0,-2.8,76.2,1.0,50.0,10.0
2021-03-03,3,-4.4,81.4,1.0,90.0,10.0
2021-03-03,6,-5.0,87.8,0.0,0.0,10.0
2021-03-03,9,-1.2,82.5,2.0,90.0,20.0
2021-03-03,12,7.0,65.1,4.0,180.0,20.0
2021-03-03,15,7.6,62.5,5.0,140.0,20.0
2021-03-03,18,5.6,70.2,3.0,140.0,20.0
2021-03-03,21,2.3,77.6,4.0,140.0,20.0
2021-03-04,0,0.2,83.9,4.0,90.0,10.0
2021-03-04,3,0.2,83.9,4.0,90.0,10.0
2021-03-04,6,2.1,86.0,3.0,90.0,10.0
2021-03-04,9,3.4,83.7,2.0,140.0,10.0
2021-03-04,12,8.4,67.3,3.0,180.0,10.0
2021-03-04,15,9.2,56.9,3.0,180.0,20.0
2021-03-04,18,9.0,61.9,2.0,250.0,20.0
2021-03-04,21,6.2,79.9,0.0,0.0,10.0
2021-03-05,0,5.2,82.7,0.0,0.0,10.0
2021-03-05,3,2.6,84.2,0.0,0.0,10.0
2021-03-05,6,0.7,93.7,1.0,90.0,10.0
2021-03-05,9,0.3,96.4,0.0,0.0,0.2
2021-03-05,12,8.0,86.0,2.0,230.0,10.0
2021-03-05,15,13.0,74.6,2.0,230.0,10.0
2021-03-05,18,7.2,79.5,2.0,320.0,10.0
2021-03-05,21,4.4,80.2,2.0,320.0,10.0
2021-03-06,0,3.5,91.8,2.0,320.0,10.0
2021-03-06,3,1.6,91.7,1.0,360.0,10.0
2021-03-06,6,-0.2,96.4,2.0,320.0,10.0
2021-03-06,9,0.0,83.2,2.0,320.0,10.0
2021-03-06,12,5.0,70.0,0.0,0.0,20.0
2021-03-06,15,6.6,60.5,1.0,320.0,20.0
2021-03-06,18,6.0,69.7,1.0,320.0,10.0
2021-03-06,21,1.4,79.8,1.0,230.0,10.0
2021-03-07,0,0.1,79.6,0.0,0.0,10.0
2021-03-07,3,0.5,82.1,0.0,0.0,10.0
2021-03-07,6,-0.2,88.3,1.0,50.0,10.0
2021-03-07,9,1.0,80.9,0.0,0.0,10.0
2021-03-07,12,7.2,61.0,1.0,270.0,20.0
2021-03-07,15,8.5,46.9,4.0,230.0,20.0
2021-03-07,18,5.9,57.3,1.0,270.0,20.0
2021-03-07,21,1.1,76.9,2.0,270.0,15.0
2021-03-08,0,-0.6,88.9,2.0,270.0,15.0
2021-03-08,3,-2.2,90.1,0.0,0.0,10.0
2021-03-08,6,-3.2,89.3,2.0,90.0,10.0
2021-03-08,9,0.6,89.0,0.0,0.0,10.0
2021-03-08,12,7.8,80.2,2.0,50.0,10.0
2021-03-08,15,10.0,61.7,3.0,230.0,10.0
2021-03-08,18,6.3,70.3,4.0,230.0,10.0
2021-03-08,21,1.8,77.6,0.0,0.0,10.0
2021-03-09,0,-1.0,82.5,0.0,0.0,10.0
2021-03-09,3,-1.6,79.4,0.0,0.0,10.0
2021-03-09,6,-2.4,84.2,0.0,0.0,10.0
2021-03-09,9,0.0,80.2,0.0,0.0,10.0
2021-03-09,12,8.6,69.8,0.0,0.0,10.0
2021-03-09,15,11.0,63.3,3.0,230.0,10.0
2021-03-09,18,8.4,68.3,2.0,270.0,10.0
2021-03-09,21,4.2,75.2,0.0,0.0,15.0
2021-03-10,0,1.3,80.4,0.0,0.0,10.0
2021-03-10,3,-0.8,95.7,1.0,50.0,10.0
2021-03-10,6,-1.2,95.0,1.0,50.0,10.0
2021-03-10,9,0.2,95.0,0.0,0.0,1.5
2021-03-10,12,10.8,79.0,1.0,90.0,4.0
2021-03-10,15,12.9,59.9,4.0,270.0,5.0
2021-03-10,18,10.2,61.8,3.0,270.0,5.0
2021-03-10,21,5.4,69.1,0.0,0.0,10.0
2021-03-11,0,2.3,80.5,0.0,0.0,10.0
2021-03-11,3,2.0,83.5,1.0,50.0,10.0
2021-03-11,6,0.2,87.0,1.0,50.0,10.0
2021-03-11,9,1.4,81.6,0.0,0.0,3.5
2021-03-11,12,12.0,71.9,2.0,140.0,4.0
2021-03-11,15,12.4,68.2,2.0,230.0,4.0
2021-03-11,18,9.0,76.0,2.0,270.0,4.0
2021-03-11,21,7.8,81.3,1.0,360.0,4.0
2021-03-12,0,6.2,84.6,0.0,0.0,5.0
2021-03-12,3,4.7,88.7,2.0,230.0,4.0
2021-03-12,6,4.5,95.2,2.0,250.0,3.5
2021-03-12,9,5.6,92.6,0.0,0.0,10.0
2021-03-12,12,11.4,81.8,0.0,0.0,10.0
2021-03-12,15,14.2,70.4,0.0,0.0,10.0
2021-03-12,18,10.8,73.2,2.0,270.0,3.5
2021-03-12,21,6.4,80.0,1.0,270.0,3.5
2021-03-13,0,4.6,85.0,0.0,0.0,10.0
2021-03-13,3,3.8,88.6,1.0,90.0,3.5
2021-03-13,6,3.4,88.6,0.0,0.0,3.5
2021-03-13,9,5.6,90.1,0.0,0.0,3.5
2021-03-13,12,10.8,71.2,0.0,0.0,10.0
2021-03-13,15,8.4,70.7,3.0,270.0,5.0
2021-03-13,18,8.8,74.4,1.0,230.0,5.0
2021-03-13,21,5.0,74.8,0.0,0.0,5.0
2021-03-14,0,2.4,89.8,0.0,0.0,5.0
2021-03-14,3,1.5,98.6,1.0,250.0,0.0
2021-03-14,6,0.8,97.1,1.0,270.0,0.0
2021-03-14,9,1.2,97.9,1.0,360.0,0.0
2021-03-14,12,9.5,77.7,0.0,0.0,10.0
2021-03-14,15,13.6,59.6,2.0,270.0,10.0
2021-03-14,18,10.6,68.7,2.0,270.0,10.0
2021-03-14,21,8.0,77.4,1.0,50.0,10.0
2021-03-15,0,6.0,77.1,2.0,90.0,10.0
2021-03-15,3,4.9,85.6,3.0,90.0,10.0
2021-03-15,6,3.9,90.6,5.0,90.0,10.0
2021-03-15,9,4.6,89.3,5.0,90.0,4.0
2021-03-15,12,10.4,73.1,4.0,140.0,4.0
2021-03-15,15,11.6,58.7,3.0,180.0,10.0
2021-03-15,18,10.6,64.1,3.0,180.0,10.0
2021-03-15,21,8.6,78.1,4.0,270.0,4.0
2021-03-16,0,7.6,90.8,4.0,270.0,10.0
2021-03-16,3,5.6,82.7,5.0,360.0,10.0
2021-03-16,6,3.8,75.1,3.0,320.0,10.0
2021-03-16,9,4.8,73.1,4.0,360.0,10.0
2021-03-16,12,6.4,56.1,6.0,320.0,15.0
2021-03-16,15,6.2,37.0,1.0,320.0,10.0
2021-03-16,18,6.2,44.5,1.0,320.0,20.0
2021-03-16,21,3.9,55.9,1.0,360.0,15.0
2021-03-17,0,1.1,60.4,1.0,360.0,15.0
2021-03-17,3,1.4,65.3,0.0,0.0,15.0
2021-03-17,6,-0.6,73.7,0.0,0.0,20.0
2021-03-17,9,1.8,74.7,0.0,0.0,10.0
2021-03-17,12,10.1,66.3,2.0,320.0,10.0
2021-03-17,15,12.2,45.9,2.0,320.0,20.0
2021-03-17,18,11.2,51.9,3.0,320.0,20.0
2021-03-17,21,3.1,53.6,2.0,320.0,15.0
2021-03-18,0,2.4,66.0,0.0,0.0,15.0
2021-03-18,3,2.7,66.1,0.0,0.0,10.0
2021-03-18,6,-0.1,65.9,1.0,90.0,10.0
2021-03-18,9,2.6,61.3,0.0,0.0,10.0
2021-03-18,12,13.0,48.8,0.0,0.0,10.0
2021-03-18,15,14.6,39.8,1.0,320.0,10.0
2021-03-18,18,9.6,50.4,2.0,320.0,10.0
2021-03-18,21,7.6,69.1,0.0,0.0,10.0
2021-03-19,0,7.0,68.0,0.0,0.0,10.0
2021-03-19,3,5.0,71.1,0.0,0.0,10.0
2021-03-19,6,4.4,72.0,0.0,0.0,10.0
2021-03-19,9,7.0,75.1,0.0,0.0,10.0
2021-03-19,12,15.0,55.6,2.0,120.0,10.0
2021-03-19,15,16.5,42.7,3.0,250.0,10.0
2021-03-19,18,12.8,55.4,3.0,230.0,10.0
2021-03-19,21,8.5,65.0,0.0,0.0,15.0
2021-03-20,0,8.4,69.7,0.0,0.0,10.0
2021-03-20,3,8.0,76.4,0.0,0.0,10.0
2021-03-20,6,7.4,82.4,0.0,0.0,4.0
2021-03-20,9,4.6,89.3,2.0,320.0,4.0
2021-03-20,12,5.6,90.1,0.0,0.0,10.0
2021-03-20,15,6.8,81.7,3.0,320.0,10.0
2021-03-20,18,5.2,90.7,2.0,320.0,4.0
2021-03-20,21,4.6,82.6,2.0,320.0,3.5
2021-03-21,0,4.5,90.0,0.0,0.0,10.0
2021-03-21,3,3.8,88.6,2.0,230.0,10.0
2021-03-21,6,4.6,90.6,2.0,320.0,10.0
2021-03-21,9,5.2,81.5,1.0,320.0,10.0
2021-03-21,12,7.0,74.1,8.0,320.0,20.0
2021-03-21,15,5.6,62.5,8.0,320.0,20.0
2021-03-21,18,5.2,70.1,7.0,320.0,20.0
2021-03-21,21,3.2,70.2,3.0,320.0,10.0
2021-03-22,0,2.2,77.0,1.0,230.0,10.0
2021-03-22,3,0.8,80.3,0.0,0.0,15.0
2021-03-22,6,-0.8,86.9,0.0,0.0,15.0
2021-03-22,9,3.2,73.9,0.0,0.0,10.0
2021-03-22,12,10.4,67.3,3.0,270.0,20.0
2021-03-22,15,10.8,43.9,4.0,270.0,20.0
2021-03-22,18,9.7,38.4,3.0,270.0,20.0
2021-03-22,21,4.2,49.6,1.0,320.0,20.0
2021-03-23,0,1.0,59.5,0.0,0.0,15.0
2021-03-23,3,0.4,74.5,0.0,0.0,20.0
2021-03-23,6,2.8,87.3,2.0,50.0,10.0
2021-03-23,9,6.0,84.6,4.0,140.0,10.0
2021-03-23,12,15.3,72.5,3.0,230.0,10.0
2021-03-23,15,14.8,50.0,6.0,230.0,10.0
2021-03-23,18,11.8,60.0,3.0,230.0,10.0
2021-03-23,21,8.3,66.8,0.0,0.0,10.0
2021-03-24,0,6.8,75.1,3.0,140.0,10.0
2021-03-24,3,7.6,81.3,1.0,90.0,10.0
2021-03-24,6,7.3,84.1,5.0,140.0,10.0
2021-03-24,9,8.8,76.0,5.0,180.0,10.0
2021-03-24,12,12.6,61.1,3.0,140.0,10.0
2021-03-24,15,13.0,49.5,4.0,180.0,10.0
2021-03-24,18,10.8,57.3,4.0,140.0,10.0
2021-03-24,21,9.1,71.9,3.0,140.0,10.0
2021-03-25,0,7.4,82.4,1.0,90.0,10.0
2021-03-25,3,6.2,90.7,0.0,0.0,10.0
2021-03-25,6,6.4,95.9,0.0,0.0,10.0
2021-03-25,9,7.9,92.7,2.0,140.0,4.0
2021-03-25,15,16.6,44.0,4.0,270.0,10.0
2021-03-25,18,13.2,58.7,2.0,270.0,10.0
2021-03-25,21,6.2,73.9,2.0,140.0,10.0
2021-03-26,0,4.6,93.2,1.0,140.0,1.0
2021-03-26,3,3.2,95.2,3.0,90.0,0.5
2021-03-26,6,2.6,96.5,3.0,120.0,3.5
2021-03-26,9,4.2,89.9,3.0,90.0,3.5
2021-03-26,12,10.6,75.2,2.0,90.0,10.0
2021-03-26,15,17.2,58.9,4.0,140.0,10.0
2021-03-26,18,14.8,61.6,1.0,140.0,10.0
2021-03-26,21,11.1,67.4,2.0,90.0,10.0
2021-03-27,0,7.6,68.1,2.0,90.0,10.0
2021-03-27,3,8.2,73.8,5.0,90.0,10.0
2021-03-27,6,8.4,84.3,4.0,90.0,10.0
2021-03-27,9,8.4,91.5,3.0,90.0,4.0
2021-03-27,12,9.5,91.6,2.0,90.0,4.0
2021-03-27,15,9.2,94.7,3.0,90.0,4.0
2021-03-27,18,9.1,93.4,3.0,90.0,4.0
2021-03-27,21,10.2,94.8,3.0,50.0,4.0
2021-03-28,0,9.6,96.7,3.0,50.0,4.0
2021-03-28,3,9.8,95.4,2.0,230.0,4.0
2021-03-28,6,8.0,96.6,6.0,250.0,10.0
2021-03-28,9,8.4,98.7,5.0,320.0,3.5
2021-03-28,12,10.8,93.5,2.0,320.0,10.0
2021-03-28,15,11.8,86.9,4.0,270.0,10.0
2021-03-28,18,9.8,91.0,2.0,90.0,10.0
2021-03-28,21,8.0,94.0,0.0,0.0,3.5
2021-03-29,0,8.0,96.6,2.0,270.0,3.5
2021-03-29,3,7.0,96.0,1.0,320.0,3.5
2021-03-29,6,6.0,97.3,2.0,270.0,3.5
2021-03-29,9,7.3,92.7,0.0,0.0,3.5
2021-03-29,12,11.8,62.2,3.0,270.0,4.0
2021-03-29,15,13.4,39.8,4.0,270.0,10.0
2021-03-29,18,11.8,38.4,4.0,270.0,20.0
2021-03-29,21,6.2,63.5,2.0,230.0,10.0
2021-03-30,0,3.4,80.7,0.0,0.0,10.0
2021-03-30,3,1.0,85.2,1.0,160.0,15.0
2021-03-30,6,0.2,89.0,0.0,0.0,15.0
2021-03-30,9,4.6,85.0,0.0,0.0,20.0
2021-03-30,12,13.8,74.2,0.0,0.0,20.0
2021-03-30,15,16.0,64.9,5.0,230.0,20.0
2021-03-30,18,14.2,77.9,3.0,230.0,20.0
2021-03-30,21,8.6,83.1,0.0,0.0,10.0
2021-03-31,0,4.0,86.2,1.0,50.0,10.0
2021-03-31,3,1.2,87.1,0.0,0.0,15.0
2021-03-31,6,0.5,87.1,0.0,0.0,15.0
2021-03-31,9,5.9,70.2,0.0,0.0,20.0
2021-03-31,12,17.2,43.2,0.0,0.0,15.0
2021-03-31,15,18.0,28.1,3.0,250.0,20.0
2021-03-31,18,17.0,35.7,1.0,360.0,20.0
2021-03-31,21,11.4,49.1,0.0,0.0,10.0
2021-04-01,0,7.8,62.5,0.0,0.0,10.0
2021-04-01,3,6.8,64.6,1.0,50.0,15.0
2021-04-01,6,5.0,73.2,1.0,50.0,15.0
2021-04-01,9,11.6,59.1,1.0,50.0,20.0
2021-04-01,12,20.2,54.0,5.0,90.0,20.0
2021-04-01,15,22.0,45.8,5.0,90.0,20.0
2021-04-01,18,21.4,52.5,2.0,50.0,20.0
2021-04-01,21,15.0,62.9,0.0,0.0,10.0
2021-04-02,0,14.0,72.8,2.0,50.0,10.0
2021-04-02,3,12.2,74.0,2.0,50.0,10.0
2021-04-02,6,11.4,69.9,0.0,0.0,10.0
2021-04-02,9,13.0,66.9,2.0,50.0,20.0
2021-04-02,12,18.5,39.6,3.0,140.0,20.0
2021-04-02,15,18.5,39.6,0.0,0.0,20.0
2021-04-02,18,15.6,54.6,1.0,270.0,20.0
2021-04-02,21,12.8,65.5,2.0,320.0,10.0
2021-04-03,0,12.4,71.0,0.0,0.0,4.0
2021-04-03,3,9.6,89.7,1.0,360.0,4.0
2021-04-03,6,9.4,94.7,0.0,0.0,3.5
2021-04-03,9,10.4,91.6,1.0,70.0,4.0
2021-04-03,12,11.0,93.5,2.0,50.0,4.0
2021-04-03,15,10.0,92.2,2.0,360.0,4.0
2021-04-03,18,10.1,92.9,1.0,320.0,4.0
2021-04-03,21,10.3,94.8,4.0,360.0,10.0
2021-04-04,0,9.6,92.2,2.0,360.0,10.0
2021-04-04,3,9.0,91.6,2.0,50.0,10.0
2021-04-04,6,7.8,86.0,3.0,50.0,10.0
2021-04-04,9,8.4,80.8,3.0,360.0,20.0
2021-04-04,12,12.6,75.6,1.0,360.0,20.0
2021-04-04,15,13.4,69.8,5.0,320.0,20.0
2021-04-04,18,12.2,72.5,3.0,320.0,20.0
2021-04-04,21,6.8,76.7,3.0,270.0,10.0
2021-04-05,0,5.4,74.8,0.0,0.0,10.0
2021-04-05,3,3.2,86.1,0.0,0.0,10.0
2021-04-05,6,1.3,93.7,0.0,0.0,15.0
2021-04-05,9,8.0,77.4,0.0,0.0,20.0
2021-04-05,12,15.0,69.6,0.0,0.0,20.0
2021-04-05,15,16.4,62.0,5.0,270.0,20.0
2021-04-05,18,13.4,68.4,3.0,270.0,20.0
2021-04-05,21,8.6,72.3,3.0,270.0,10.0
2021-04-06,0,7.0,77.8,1.0,90.0,10.0
2021-04-06,3,4.0,78.5,0.0,0.0,10.0
2021-04-06,6,3.7,79.0,0.0,0.0,10.0
2021-04-06,9,8.9,70.3,0.0,0.0,15.0
2021-04-06,12,15.2,46.4,6.0,230.0,15.0
2021-04-06,15,19.0,33.3,5.0,290.0,20.0
2021-04-06,18,14.6,59.5,4.0,230.0,15.0
2021-04-06,21,8.8,71.3,3.0,270.0,10.0
2021-04-07,0,8.8,73.3,0.0,0.0,10.0
2021-04-07,3,8.4,70.7,2.0,290.0,10.0
2021-04-07,6,6.0,83.4,1.0,270.0,10.0
2021-04-07,9,9.8,79.3,0.0,0.0,20.0
2021-04-07,12,17.0,69.6,5.0,230.0,20.0
2021-04-07,15,18.0,59.5,3.0,320.0,20.0
2021-04-07,18,15.6,61.4,3.0,320.0,20.0
2021-04-07,21,9.0,68.9,1.0,230.0,15.0
2021-04-08,0,7.4,73.6,1.0,270.0,10.0
2021-04-08,3,6.0,78.2,1.0,270.0,10.0
2021-04-08,6,4.0,80.2,0.0,0.0,10.0
2021-04-08,9,8.2,61.7,0.0,0.0,20.0
2021-04-08,12,14.3,32.6,3.0,320.0,20.0
2021-04-08,15,16.6,20.7,4.0,320.0,20.0
2021-04-08,18,14.5,27.3,4.0,320.0,20.0
2021-04-08,21,7.4,39.7,3.0,320.0,10.0
2021-04-09,0,6.0,59.9,1.0,320.0,10.0
2021-04-09,3,3.8,75.1,0.0,0.0,10.0
2021-04-09,6,2.2,82.3,0.0,0.0,20.0
2021-04-09,9,7.8,72.6,0.0,0.0,20.0
2021-04-09,12,15.0,62.9,1.0,50.0,20.0
2021-04-09,15,17.2,51.4,5.0,230.0,20.0
2021-04-09,18,14.4,56.2,3.0,230.0,20.0
2021-04-09,21,8.6,63.6,1.0,270.0,20.0
2021-04-10,0,5.2,69.1,1.0,90.0,20.0
2021-04-10,3,3.5,74.0,1.0,90.0,10.0
2021-04-10,6,6.2,79.9,3.0,90.0,10.0
2021-04-10,9,10.2,68.2,3.0,120.0,20.0
2021-04-10,12,15.4,40.1,3.0,140.0,20.0
2021-04-10,15,16.6,27.5,5.0,270.0,20.0
2021-04-10,18,13.7,58.8,4.0,270.0,20.0
2021-04-10,21,10.2,76.2,0.0,0.0,10.0
2021-04-11,0,7.6,90.2,2.0,50.0,10.0
2021-04-11,3,5.6,92.6,1.0,50.0,10.0
2021-04-11,6,5.4,93.9,2.0,50.0,10.0
2021-04-11,9,10.0,83.9,0.0,0.0,10.0
2021-04-11,12,16.5,49.5,0.0,0.0,20.0
2021-04-11,15,19.0,31.4,2.0,180.0,20.0
2021-04-11,18,16.7,41.6,2.0,270.0,20.0
2021-04-11,21,12.6,65.9,0.0,0.0,10.0
2021-04-12,0,10.6,69.7,0.0,0.0,10.0
2021-04-12,3,11.0,71.7,2.0,50.0,10.0
2021-04-12,6,11.4,85.2,1.0,50.0,10.0
2021-04-12,9,12.6,85.9,0.0,0.0,20.0
2021-04-12,12,15.8,81.8,6.0,90.0,4.0
2021-04-12,15,11.8,95.5,3.0,140.0,3.5
2021-04-12,18,11.0,98.7,3.0,90.0,3.5
2021-04-12,21,11.0,95.4,3.0,90.0,3.5
2021-04-13,0,10.7,98.7,3.0,50.0,4.0
2021-04-13,3,9.6,89.7,6.0,320.0,10.0
2021-04-13,6,7.2,70.0,7.0,320.0,20.0
2021-04-13,9,6.6,64.5,7.0,320.0,20.0
2021-04-13,12,7.3,57.6,8.0,320.0,20.0
2021-04-13,15,8.0,52.2,7.0,320.0,20.0
2021-04-13,18,7.6,60.3,7.0,320.0,20.0
2021-04-13,21,4.4,69.4,2.0,270.0,10.0
2021-04-14,0,4.5,71.5,1.0,270.0,10.0
2021-04-14,3,3.0,73.9,1.0,270.0,10.0
2021-04-14,6,1.4,79.8,0.0,0.0,10.0
2021-04-14,9,5.8,69.2,0.0,0.0,20.0
2021-04-14,12,11.4,37.7,7.0,270.0,20.0
2021-04-14,15,12.4,47.3,5.0,270.0,20.0
2021-04-14,18,11.8,57.1,3.0,270.0,20.0
2021-04-14,21,7.4,73.1,0.0,0.0,15.0
2021-04-15,0,4.6,85.0,0.0,0.0,10.0
2021-04-15,3,3.9,86.8,2.0,50.0,10.0
2021-04-15,6,4.0,86.2,2.0,90.0,15.0
2021-04-15,9,7.6,85.3,3.0,90.0,10.0
2021-04-15,12,14.8,74.9,0.0,0.0,20.0
2021-04-15,15,15.4,63.4,1.0,180.0,20.0
2021-04-15,18,12.6,65.0,3.0,180.0,20.0
2021-04-15,21,8.8,70.8,1.0,230.0,10.0
2021-04-16,0,6.8,75.1,3.0,90.0,10.0
2021-04-16,3,8.0,64.4,6.0,230.0,10.0
2021-04-16,6,10.0,76.7,5.0,180.0,10.0
2021-04-16,9,11.0,70.3,3.0,270.0,15.0
2021-04-16,12,13.8,51.9,6.0,270.0,10.0
2021-04-16,15,14.6,36.8,5.0,270.0,20.0
2021-04-16,18,13.1,34.5,4.0,270.0,20.0
2021-04-16,21,7.6,65.2,0.0,0.0,20.0
2021-04-17,0,6.8,71.9,0.0,0.0,10.0
2021-04-17,3,7.6,62.5,2.0,290.0,10.0
2021-04-17,6,9.6,56.2,6.0,250.0,10.0
2021-04-17,9,10.0,46.3,6.0,270.0,10.0
2021-04-17,12,12.8,39.9,6.0,270.0,10.0
2021-04-17,15,13.6,34.6,8.0,320.0,20.0
2021-04-17,18,11.4,39.4,4.0,320.0,20.0
2021-04-17,21,7.8,56.9,4.0,320.0,10.0
2021-04-18,0,7.6,69.1,4.0,320.0,10.0
2021-04-18,3,6.6,72.9,2.0,320.0,10.0
2021-04-18,6,6.8,77.8,3.0,270.0,10.0
2021-04-18,9,9.2,62.0,3.0,320.0,20.0
2021-04-18,12,12.5,56.5,3.0,320.0,20.0
2021-04-18,15,15.6,41.9,3.0,320.0,20.0
2021-04-18,18,12.0,53.7,3.0,270.0,20.0
2021-04-18,21,8.0,62.6,0.0,0.0,20.0
2021-04-19,0,4.5,72.5,1.0,90.0,10.0
2021-04-19,3,4.0,83.7,1.0,360.0,10.0
2021-04-19,6,3.5,84.3,0.0,0.0,10.0
2021-04-19,9,10.8,85.1,1.0,90.0,10.0
2021-04-19,12,18.0,74.5,0.0,0.0,10.0
2021-04-19,15,21.6,57.3,2.0,230.0,10.0
2021-04-19,18,19.2,56.3,3.0,270.0,10.0
2021-04-19,21,11.6,61.7,2.0,50.0,10.0
2021-04-20,0,9.6,67.6,1.0,90.0,10.0
2021-04-20,3,7.6,72.1,2.0,90.0,10.0
2021-04-20,6,7.6,74.7,2.0,90.0,10.0
2021-04-20,9,11.5,64.7,2.0,90.0,10.0
2021-04-20,12,18.1,60.7,3.0,90.0,10.0
2021-04-20,15,19.4,58.3,3.0,140.0,10.0
2021-04-20,18,16.6,63.7,2.0,230.0,10.0
2021-04-20,21,11.8,74.4,3.0,230.0,10.0
2021-04-21,0,10.0,80.5,0.0,0.0,10.0
2021-04-21,3,8.1,84.2,1.0,90.0,10.0
2021-04-21,6,7.1,86.5,0.0,0.0,10.0
2021-04-21,9,12.6,84.2,0.0,0.0,20.0
2021-04-21,12,22.0,67.9,1.0,90.0,20.0
2021-04-21,15,25.7,47.8,0.0,0.0,10.0
2021-04-21,18,20.2,47.8,2.0,230.0,10.0
2021-04-21,21,13.9,63.5,0.0,0.0,10.0
2021-04-22,0,13.4,66.5,0.0,0.0,10.0
2021-04-22,3,12.6,70.1,0.0,0.0,10.0
2021-04-22,6,13.0,78.2,1.0,50.0,10.0
2021-04-22,9,16.4,68.1,2.0,90.0,10.0
2021-04-22,12,22.4,57.5,2.0,90.0,10.0
2021-04-22,15,23.1,51.6,2.0,180.0,10.0
2021-04-22,18,19.7,59.9,3.0,230.0,10.0
2021-04-22,21,16.3,55.6,0.0,0.0,10.0
2021-04-23,0,18.6,56.9,6.0,230.0,10.0
2021-04-23,3,16.8,55.3,5.0,50.0,10.0
2021-04-23,6,14.4,62.3,5.0,50.0,10.0
2021-04-23,9,14.6,56.7,0.0,0.0,3.5
2021-04-23,12,15.0,69.6,1.0,50.0,4.0
2021-04-23,15,15.0,94.3,7.0,50.0,4.0
2021-04-23,18,14.8,98.1,1.0,50.0,4.0
2021-04-23,21,13.0,97.4,5.0,50.0,4.0
2021-04-24,0,13.6,93.1,6.0,50.0,10.0
2021-04-24,3,13.4,89.4,2.0,50.0,10.0
2021-04-24,6,12.6,90.6,1.0,320.0,10.0
2021-04-24,9,12.0,94.2,0.0,0.0,4.0
2021-04-24,12,16.0,86.2,1.0,50.0,10.0
2021-04-24,15,19.6,70.1,2.0,320.0,20.0
2021-04-24,18,20.0,57.6,3.0,320.0,20.0
2021-04-24,21,12.4,73.0,3.0,270.0,15.0
2021-04-25,0,11.2,79.6,0.0,0.0,10.0
2021-04-25,3,9.6,83.8,2.0,270.0,10.0
2021-04-25,6,7.8,89.6,0.0,0.0,10.0
2021-04-25,9,14.8,82.8,1.0,50.0,10.0
2021-04-25,12,19.0,69.5,1.0,50.0,20.0
2021-04-25,15,21.6,55.1,3.0,230.0,20.0
2021-04-25,18,20.2,59.6,3.0,320.0,20.0
2021-04-25,21,13.8,65.3,2.0,270.0,10.0
2021-04-26,0,10.8,71.2,0.0,0.0,10.0
2021-04-26,3,9.2,75.0,1.0,360.0,10.0
2021-04-26,6,7.4,89.6,0.0,0.0,10.0
2021-04-26,9,14.4,74.3,4.0,120.0,15.0
2021-04-26,12,18.1,59.1,4.0,180.0,20.0
2021-04-26,15,14.6,73.4,3.0,230.0,20.0
2021-04-26,18,14.8,61.6,3.0,230.0,20.0
2021-04-26,21,13.3,67.9,0.0,0.0,15.0
2021-04-27,0,13.6,78.3,3.0,230.0,10.0
2021-04-27,3,13.0,81.4,3.0,270.0,10.0
2021-04-27,6,13.0,80.4,3.0,200.0,15.0
2021-04-27,9,14.8,79.0,2.0,180.0,10.0
2021-04-27,12,14.3,85.5,5.0,230.0,10.0
2021-04-27,15,13.6,84.8,3.0,180.0,10.0
2021-04-27,18,13.2,85.4,5.0,230.0,10.0
2021-04-27,21,12.2,89.3,3.0,270.0,4.0
2021-04-28,0,12.0,92.4,3.0,230.0,3.5
2021-04-28,3,9.8,89.1,0.0,0.0,10.0
2021-04-28,6,8.6,94.1,1.0,270.0,10.0
2021-04-28,9,12.6,90.6,0.0,0.0,10.0
2021-04-28,12,18.2,79.5,1.0,270.0,20.0
2021-04-28,15,19.8,64.4,3.0,230.0,20.0
2021-04-28,18,17.2,67.3,1.0,270.0,20.0
2021-04-28,21,12.0,69.0,0.0,0.0,15.0
2021-04-29,0,9.7,78.8,2.0,90.0,10.0
2021-04-29,3,9.4,76.1,2.0,90.0,10.0
2021-04-29,6,9.8,74.0,1.0,50.0,15.0
2021-04-29,9,12.0,72.9,3.0,90.0,10.0
2021-04-29,12,17.1,43.2,4.0,90.0,20.0
2021-04-29,15,17.8,36.9,3.0,140.0,20.0
2021-04-29,18,16.6,38.7,4.0,140.0,20.0
2021-04-29,21,13.0,50.6,2.0,90.0,10.0
2021-04-30,0,12.4,72.0,4.0,140.0,4.0
2021-04-30,3,9.8,89.1,3.0,90.0,4.0
2021-04-30,6,9.6,84.4,2.0,90.0,10.0
2021-04-30,9,10.4,91.0,0.0,0.0,4.0
2021-04-30,12,12.6,84.2,4.0,230.0,10.0
2021-04-30,15,11.2,86.3,5.0,230.0,10.0
2021-04-30,18,10.4,85.1,3.0,230.0,10.0
2021-04-30,21,8.4,84.3,0.0,0.0,10.0
2021-05-01,0,6.4,88.2,0.0,0.0,10.0
2021-05-01,3,5.6,88.8,1.0,50.0,10.0
2021-05-01,6,4.7,91.3,1.0,90.0,15.0
2021-05-01,9,10.8,87.4,0.0,0.0,10.0
2021-05-01,12,13.6,75.2,1.0,320.0,20.0
2021-05-01,15,14.6,61.5,6.0,320.0,20.0
2021-05-01,18,11.6,63.0,7.0,320.0,20.0
2021-05-01,21,9.6,67.6,3.0,50.0,10.0
2021-05-02,0,8.4,87.2,1.0,50.0,4.0
2021-05-02,3,8.0,94.0,2.0,270.0,10.0
2021-05-02,6,7.2,91.4,0.0,0.0,10.0
2021-05-02,9,12.7,69.6,0.0,0.0,20.0
2021-05-02,12,16.8,51.3,1.0,360.0,20.0
2021-05-02,15,18.2,39.7,5.0,270.0,20.0
2021-05-02,18,16.3,40.6,3.0,250.0,20.0
2021-05-02,21,10.5,62.3,0.0,0.0,15.0
2021-05-03,0,9.0,73.9,0.0,0.0,10.0
2021-05-03,3,4.6,87.5,3.0,90.0,10.0
2021-05-03,6,4.3,88.1,0.0,0.0,20.0
2021-05-03,9,12.5,69.6,1.0,90.0,20.0
2021-05-03,12,17.7,56.7,3.0,230.0,20.0
2021-05-03,15,18.6,47.7,3.0,180.0,20.0
2021-05-03,18,14.6,57.1,2.0,180.0,20.0
2021-05-03,21,12.4,69.6,2.0,90.0,10.0
2021-05-04,0,11.2,77.4,3.0,90.0,10.0
2021-05-04,3,9.9,79.4,4.0,90.0,10.0
2021-05-04,6,11.6,89.9,2.0,180.0,3.5
2021-05-04,9,12.0,94.8,3.0,180.0,4.0
2021-05-04,12,13.6,98.7,0.0,0.0,4.0
2021-05-04,15,13.6,97.4,1.0,270.0,4.0
2021-05-04,18,11.4,98.7,1.0,230.0,4.0
2021-05-04,21,11.2,98.7,2.0,270.0,4.0
2021-05-05,0,10.1,98.7,3.0,320.0,10.0
2021-05-05,3,8.5,92.8,4.0,250.0,10.0
2021-05-05,6,7.2,89.6,1.0,250.0,20.0
2021-05-05,9,12.3,72.0,4.0,270.0,15.0
2021-05-05,12,15.5,44.3,6.0,290.0,20.0
2021-05-05,15,17.0,32.9,5.0,270.0,20.0
2021-05-05,18,16.8,42.2,4.0,270.0,20.0
2021-05-05,21,11.1,64.2,0.0,0.0,15.0
2021-05-06,0,9.6,70.5,0.0,0.0,10.0
2021-05-06,3,11.0,73.7,2.0,90.0,10.0
2021-05-06,6,12.6,75.6,3.0,90.0,10.0
2021-05-06,9,16.1,69.8,3.0,140.0,10.0
2021-05-06,12,18.8,65.0,4.0,180.0,10.0
2021-05-06,15,17.5,65.6,3.0,180.0,10.0
2021-05-06,18,17.6,67.4,2.0,180.0,10.0
2021-05-06,21,14.6,62.4,4.0,140.0,10.0
2021-05-07,0,16.0,50.7,7.0,140.0,10.0
2021-05-07,3,15.2,63.0,6.0,120.0,10.0
2021-05-07,6,14.6,75.9,7.0,160.0,10.0
2021-05-07,9,14.2,77.9,7.0,270.0,3.5
2021-05-07,12,14.6,61.5,10.0,270.0,3.5
2021-05-07,15,16.2,53.7,10.0,270.0,3.5
2021-05-07,18,13.8,59.7,6.0,270.0,3.5
2021-05-07,21,11.6,65.2,1.0,230.0,3.5
2021-05-08,0,9.2,69.4,2.0,90.0,10.0
2021-05-08,3,6.8,77.8,2.0,90.0,10.0
2021-05-08,6,10.4,85.1,3.0,90.0,10.0
2021-05-08,9,16.4,65.4,7.0,230.0,10.0
2021-05-08,12,17.2,56.6,8.0,200.0,10.0
2021-05-08,15,15.6,64.8,7.0,230.0,10.0
2021-05-08,18,16.8,45.9,3.0,320.0,10.0
2021-05-08,21,11.9,70.4,3.0,270.0,10.0
2021-05-09,0,9.2,84.9,0.0,0.0,10.0
2021-05-09,3,6.4,86.4,0.0,0.0,10.0
2021-05-09,6,8.2,78.0,1.0,290.0,20.0
2021-05-09,9,15.8,45.0,4.0,270.0,20.0
2021-05-09,12,19.8,37.8,4.0,320.0,20.0
2021-05-09,15,21.6,29.2,5.0,320.0,20.0
2021-05-09,18,18.0,34.0,5.0,270.0,20.0
2021-05-09,21,12.6,52.0,0.0,0.0,15.0
2021-05-10,0,9.1,65.6,0.0,0.0,10.0
2021-05-10,3,8.9,70.3,0.0,0.0,10.0
2021-05-10,6,12.6,77.6,2.0,50.0,10.0
2021-05-10,9,12.6,72.0,2.0,90.0,20.0
2021-05-10,12,15.6,61.4,0.0,0.0,20.0
2021-05-10,15,20.2,54.7,0.0,0.0,20.0
2021-05-10,18,17.0,56.9,3.0,230.0,20.0
2021-05-10,21,12.0,80.8,2.0,230.0,15.0
2021-05-11,0,9.4,87.9,0.0,0.0,10.0
2021-05-11,3,7.4,95.3,1.0,90.0,10.0
2021-05-11,6,8.2,87.2,1.0,90.0,20.0
2021-05-11,9,16.9,66.8,3.0,50.0,20.0
2021-05-11,12,23.3,39.0,4.0,90.0,20.0
2021-05-11,15,25.7,23.6,5.0,140.0,20.0
2021-05-11,18,25.1,26.4,4.0,140.0,20.0
2021-05-11,21,18.6,53.6,1.0,90.0,10.0
2021-05-12,0,18.6,59.6,3.0,90.0,10.0
2021-05-12,3,16.8,64.6,0.0,0.0,10.0
2021-05-12,6,16.0,69.8,1.0,90.0,10.0
2021-05-12,9,17.6,55.5,1.0,90.0,20.0
2021-05-12,12,23.3,45.3,0.0,0.0,20.0
2021-05-12,15,25.7,34.8,0.0,0.0,20.0
2021-05-12,18,22.0,39.2,3.0,270.0,20.0
2021-05-12,21,16.2,56.3,2.0,230.0,15.0
2021-05-13,0,14.6,66.8,0.0,0.0,10.0
2021-05-13,3,12.8,81.4,0.0,0.0,10.0
2021-05-13,6,12.7,84.2,0.0,0.0,20.0
2021-05-13,9,17.4,72.0,0.0,0.0,20.0
2021-05-13,12,23.7,61.6,0.0,0.0,20.0
2021-05-13,15,25.7,57.9,3.0,270.0,20.0
2021-05-13,18,22.5,62.2,3.0,230.0,20.0
2021-05-13,21,17.6,73.0,0.0,0.0,15.0
2021-05-14,0,15.6,80.7,0.0,0.0,10.0
2021-05-14,3,14.0,82.1,0.0,0.0,10.0
2021-05-14,6,13.8,79.9,0.0,0.0,10.0
2021-05-14,9,20.8,76.4,1.0,50.0,20.0
2021-05-14,12,26.8,51.9,2.0,90.0,20.0
2021-05-14,15,28.5,43.5,1.0,230.0,20.0
2021-05-14,18,25.9,55.4,3.0,230.0,20.0
2021-05-14,21,20.3,74.9,0.0,0.0,15.0
2021-05-15,0,19.2,80.7,0.0,0.0,10.0
2021-05-15,3,17.8,84.7,3.0,90.0,10.0
2021-05-15,6,17.9,89.8,1.0,90.0,15.0
2021-05-15,9,21.0,85.1,1.0,140.0,10.0
2021-05-15,12,22.9,80.2,2.0,140.0,10.0
2021-05-15,15,21.8,83.6,2.0,140.0,10.0
2021-05-15,18,20.8,82.4,1.0,140.0,10.0
2021-05-15,21,19.8,87.1,0.0,0.0,10.0
2021-05-16,0,19.1,90.4,0.0,0.0,10.0
2021-05-16,3,19.2,90.5,0.0,0.0,10.0
2021-05-16,6,19.7,94.0,0.0,0.0,4.0
2021-05-16,9,19.6,93.4,0.0,0.0,4.0
2021-05-16,12,21.0,95.8,0.0,0.0,4.0
2021-05-16,15,18.6,96.9,1.0,50.0,4.0
2021-05-16,18,16.2,96.9,1.0,50.0,4.0
2021-05-16,21,14.8,96.8,3.0,50.0,4.0
2021-05-17,0,14.2,96.2,1.0,230.0,10.0
2021-05-17,3,14.1,89.5,4.0,360.0,10.0
2021-05-17,6,13.6,91.8,0.0,0.0,20.0
2021-05-17,9,16.5,83.0,2.0,20.0,20.0
2021-05-17,12,19.4,70.0,2.0,20.0,20.0
2021-05-17,15,20.5,65.8,2.0,320.0,20.0
2021-05-17,18,21.9,54.8,2.0,270.0,20.0
2021-05-17,21,15.5,74.5,0.0,0.0,15.0
2021-05-18,0,12.8,87.0,0.0,0.0,15.0
2021-05-18,3,10.8,89.2,1.0,140.0,20.0
2021-05-18,6,9.0,93.4,1.0,180.0,20.0
2021-05-18,9,16.8,84.6,0.0,0.0,20.0
2021-05-18,12,22.7,67.2,2.0,230.0,20.0
2021-05-18,15,24.3,50.9,3.0,230.0,20.0
2021-05-18,18,22.7,62.2,2.0,270.0,20.0
2021-05-18,21,16.9,74.8,0.0,0.0,15.0
2021-05-19,0,13.4,89.4,0.0,0.0,10.0
2021-05-19,3,11.4,93.6,1.0,70.0,10.0
2021-05-19,6,10.2,92.3,1.0,50.0,15.0
2021-05-19,9,17.6,83.1,0.0,0.0,20.0
2021-05-19,12,23.7,67.8,1.0,270.0,20.0
2021-05-19,15,25.1,47.9,1.0,270.0,20.0
2021-05-19,18,25.3,47.3,0.0,0.0,20.0
2021-05-19,21,18.2,54.9,0.0,0.0,15.0
2021-05-20,0,15.0,69.6,0.0,0.0,10.0
2021-05-20,3,13.4,71.7,1.0,50.0,10.0
2021-05-20,6,13.0,80.4,0.0,0.0,10.0
2021-05-20,9,16.2,74.7,0.0,0.0,10.0
2021-05-20,12,19.0,71.3,0.0,0.0,10.0
2021-05-20,15,19.8,54.6,2.0,20.0,20.0
2021-05-20,18,18.1,68.4,2.0,360.0,10.0
2021-05-20,21,15.2,90.2,3.0,360.0,4.0
2021-05-21,0,14.8,90.1,2.0,360.0,10.0
2021-05-21,3,14.4,85.5,5.0,320.0,3.5
2021-05-21,6,13.8,91.9,3.0,230.0,15.0
2021-05-21,9,14.0,94.3,2.0,50.0,10.0
2021-05-21,12,17.2,88.6,0.0,0.0,10.0
2021-05-21,15,21.5,71.8,2.0,320.0,20.0
2021-05-21,18,20.8,72.1,1.0,320.0,20.0
2021-05-21,21,16.0,73.6,0.0,0.0,15.0
2021-05-22,0,12.7,80.9,0.0,0.0,15.0
2021-05-22,3,11.2,81.2,1.0,90.0,20.0
2021-05-22,6,10.8,85.1,0.0,0.0,15.0
2021-05-22,9,18.0,69.8,0.0,0.0,20.0
2021-05-22,12,23.3,52.0,1.0,270.0,20.0
2021-05-22,15,24.3,34.1,3.0,230.0,20.0
2021-05-22,18,23.1,38.2,1.0,270.0,20.0
2021-05-22,21,17.9,72.5,0.0,0.0,15.0
2021-05-23,0,14.4,80.0,0.0,0.0,10.0
2021-05-23,3,13.0,90.6,3.0,50.0,10.0
2021-05-23,6,11.8,95.5,1.0,70.0,20.0
2021-05-23,9,17.2,75.8,4.0,90.0,20.0
2021-05-23,12,21.4,56.5,3.0,140.0,20.0
2021-05-23,15,21.7,47.0,3.0,180.0,20.0
2021-05-23,18,19.8,50.0,1.0,230.0,20.0
2021-05-23,21,16.6,75.2,0.0,0.0,15.0
2021-05-24,0,14.9,84.4,0.0,0.0,10.0
2021-05-24,3,15.0,85.6,2.0,320.0,10.0
2021-05-24,6,13.2,88.2,1.0,270.0,10.0
2021-05-24,9,16.0,75.6,3.0,270.0,10.0
2021-05-24,12,21.6,67.8,1.0,270.0,10.0
2021-05-24,15,20.7,63.0,1.0,230.0,10.0
2021-05-24,18,20.8,63.8,3.0,270.0,10.0
2021-05-24,21,15.5,64.8,4.0,230.0,10.0
2021-05-25,0,11.9,79.7,0.0,0.0,10.0
2021-05-25,3,14.8,87.8,6.0,230.0,4.0
2021-05-25,6,10.8,92.9,1.0,270.0,3.5
2021-05-25,9,13.6,81.5,1.0,270.0,20.0
2021-05-25,12,17.3,72.0,4.0,270.0,20.0
2021-05-25,15,19.0,57.0,5.0,270.0,20.0
2021-05-25,18,18.6,57.7,3.0,270.0,20.0
2021-05-25,21,14.2,64.0,0.0,0.0,20.0
2021-05-26,0,11.2,69.3,0.0,0.0,20.0
2021-05-26,3,10.6,69.7,0.0,0.0,10.0
2021-05-26,6,10.9,85.7,3.0,90.0,10.0
2021-05-26,9,18.0,65.3,5.0,140.0,20.0
2021-05-26,12,19.8,50.7,5.0,180.0,20.0
2021-05-26,15,20.3,65.0,4.0,140.0,20.0
2021-05-26,18,20.7,63.8,3.0,250.0,15.0
2021-05-26,21,17.8,80.0,5.0,230.0,10.0
2021-05-27,0,17.1,79.3,6.0,230.0,40.0
2021-05-27,3,16.0,89.1,8.0,230.0,3.5
2021-05-27,6,15.0,86.7,7.0,230.0,3.5
2021-05-27,9,14.0,96.2,2.0,230.0,3.5
2021-05-27,12,16.3,86.2,4.0,270.0,10.0
2021-05-27,15,19.1,73.7,3.0,270.0,20.0
2021-05-27,18,18.6,67.6,2.0,230.0,20.0
2021-05-27,21,16.0,70.8,0.0,0.0,20.0
2021-05-28,0,14.6,82.2,0.0,0.0,10.0
2021-05-28,3,13.6,95.5,5.0,140.0,4.0
2021-05-28,6,13.6,95.5,10.0,140.0,3.5
2021-05-28,9,15.2,86.7,5.0,140.0,10.0
2021-05-28,12,19.1,80.7,5.0,180.0,10.0
2021-05-28,15,16.8,74.8,6.0,270.0,10.0
2021-05-28,18,17.4,74.9,4.0,320.0,10.0
2021-05-28,21,15.6,85.1,4.0,320.0,10.0
2021-05-29,0,13.1,88.2,5.0,230.0,10.0
2021-05-29,3,12.6,85.9,2.0,270.0,15.0
2021-05-29,6,10.4,91.6,0.0,0.0,20.0
2021-05-29,9,15.6,84.0,0.0,0.0,10.0
2021-05-29,12,15.8,74.1,1.0,320.0,10.0
2021-05-29,15,13.8,87.1,0.0,0.0,10.0
2021-05-29,18,14.0,84.9,1.0,90.0,20.0
2021-05-29,21,12.6,87.0,1.0,50.0,20.0
2021-05-30,0,10.8,93.5,1.0,50.0,10.0
2021-05-30,3,9.4,93.5,0.0,0.0,10.0
2021-05-30,6,9.2,96.0,0.0,0.0,0.3
2021-05-30,9,15.0,90.2,2.0,50.0,20.0
2021-05-30,12,21.3,74.1,2.0,140.0,20.0
2021-05-30,15,23.7,61.6,1.0,140.0,20.0
2021-05-30,18,21.5,67.8,2.0,230.0,20.0
2021-05-30,21,18.1,79.5,0.0,0.0,10.0
2021-05-31,0,17.1,85.2,3.0,140.0,10.0
2021-05-31,3,16.6,87.4,4.0,90.0,10.0
2021-05-31,6,15.9,90.2,4.0,90.0,10.0
2021-05-31,9,16.8,89.1,3.0,90.0,10.0
2021-05-31,12,19.7,85.0,3.0,90.0,10.0
2021-05-31,15,21.2,77.4,5.0,90.0,10.0
2021-05-31,18,21.2,75.0,3.0,90.0,10.0
2021-05-31,21,18.4,75.5,3.0,90.0,10.0
2021-06-01,0,18.2,77.5,3.0,90.0,10.0
2021-06-01,3,17.0,95.6,5.0,140.0,4.0
2021-06-01,6,14.6,95.6,4.0,90.0,4.0
2021-06-01,9,15.6,89.0,1.0,50.0,10.0
2021-06-01,12,18.1,79.5,2.0,230.0,10.0
2021-06-01,15,17.6,88.6,4.0,230.0,10.0
2021-06-01,18,18.4,87.6,3.0,180.0,15.0
2021-06-01,21,16.8,93.2,2.0,90.0,10.0
2021-06-02,0,14.6,94.3,0.0,0.0,10.0
2021-06-02,3,15.0,95.6,2.0,50.0,10.0
2021-06-02,6,15.2,96.8,3.0,90.0,15.0
2021-06-02,9,19.8,85.0,2.0,90.0,10.0
2021-06-02,12,24.5,71.0,2.0,180.0,10.0
2021-06-02,15,24.8,62.3,2.0,180.0,10.0
2021-06-02,18,23.0,69.8,3.0,180.0,10.0
2021-06-02,21,20.2,72.5,1.0,230.0,10.0
2021-06-03,0,19.8,72.4,1.0,270.0,10.0
2021-06-03,3,18.0,75.5,0.0,0.0,10.0
2021-06-03,6,17.2,80.4,1.0,90.0,10.0
2021-06-03,9,18.2,85.9,3.0,90.0,10.0
2021-06-03,12,18.3,88.1,0.0,0.0,4.0
2021-06-03,15,18.0,88.1,1.0,270.0,4.0
2021-06-03,18,16.5,88.5,0.0,0.0,4.0
2021-06-03,21,15.4,92.6,0.0,0.0,10.0
2021-06-04,0,14.8,96.8,4.0,230.0,3.0
2021-06-04,3,12.8,97.4,2.0,270.0,1.0
2021-06-04,6,11.0,98.7,2.0,140.0,1.5
2021-06-04,9,16.5,86.3,1.0,140.0,15.0
2021-06-04,12,21.4,55.7,5.0,270.0,20.0
2021-06-04,15,24.9,31.2,8.0,230.0,20.0
2021-06-04,18,23.3,30.5,7.0,270.0,20.0
2021-06-04,21,19.4,50.3,5.0,270.0,10.0
2021-06-05,0,17.4,57.0,2.0,270.0,10.0
2021-06-05,3,15.8,63.1,0.0,0.0,10.0
2021-06-05,6,14.4,69.5,1.0,90.0,10.0
2021-06-05,9,19.4,67.3,1.0,140.0,10.0
2021-06-05,12,24.1,57.9,2.0,230.0,20.0
2021-06-05,15,25.8,48.1,3.0,230.0,20.0
2021-06-05,18,24.2,54.0,3.0,230.0,20.0
2021-06-05,21,18.8,64.6,0.0,0.0,15.0
2021-06-06,0,15.4,73.5,0.0,0.0,10.0
2021-06-06,3,13.6,81.5,2.0,50.0,10.0
2021-06-06,6,14.7,85.5,5.0,90.0,15.0
2021-06-06,9,19.8,68.8,5.0,120.0,10.0
2021-06-06,12,24.5,60.3,2.0,140.0,10.0
2021-06-06,15,25.7,57.9,2.0,140.0,10.0
2021-06-06,18,24.1,59.8,2.0,140.0,10.0
2021-06-06,21,20.4,67.6,3.0,140.0,10.0
2021-06-07,0,17.6,69.7,2.0,90.0,10.0
2021-06-07,3,17.6,74.9,2.0,90.0,10.0
2021-06-07,6,17.8,82.1,1.0,90.0,10.0
2021-06-07,9,20.7,81.4,3.0,140.0,10.0
2021-06-07,12,21.1,78.9,1.0,140.0,10.0
2021-06-07,15,20.9,84.6,3.0,140.0,10.0
2021-06-07,18,20.2,83.9,3.0,90.0,10.0
2021-06-07,21,18.8,85.9,3.0,120.0,10.0
2021-06-08,0,18.2,88.7,2.0,90.0,10.0
2021-06-08,3,17.8,91.5,3.0,90.0,10.0
2021-06-08,6,17.0,88.6,2.0,90.0,15.0
2021-06-08,9,19.5,81.8,3.0,230.0,10.0
2021-06-08,12,19.4,87.7,1.0,90.0,10.0
2021-06-08,15,21.2,88.4,5.0,120.0,20.0
2021-06-08,18,22.0,84.7,2.0,140.0,20.0
2021-06-08,21,18.8,85.4,2.0,90.0,20.0
2021-06-09,0,18.0,88.1,0.0,0.0,10.0
2021-06-09,3,17.6,82.0,1.0,50.0,10.0
2021-06-09,6,16.4,90.8,0.0,0.0,0.5
2021-06-09,9,19.0,79.6,1.0,90.0,10.0
2021-06-09,12,27.0,68.0,2.0,140.0,10.0
2021-06-09,15,29.1,59.8,1.0,180.0,10.0
2021-06-09,18,27.4,54.1,2.0,270.0,10.0
2021-06-09,21,23.3,64.4,2.0,90.0,10.0
2021-06-10,0,21.8,75.6,0.0,0.0,10.0
2021-06-10,3,21.4,87.3,4.0,90.0,10.0
2021-06-10,6,22.5,89.6,1.0,140.0,10.0
2021-06-10,9,19.2,92.8,0.0,0.0,3.5
2021-06-10,12,18.1,95.1,4.0,140.0,3.5
2021-06-10,15,18.4,95.1,3.0,140.0,4.0
2021-06-10,18,18.9,96.3,2.0,70.0,4.0
2021-06-10,21,18.2,96.3,0.0,0.0,4.0
2021-06-11,0,18.5,97.5,3.0,90.0,3.5
2021-06-11,3,18.0,95.7,0.0,0.0,3.5
2021-06-11,6,17.0,95.0,4.0,270.0,10.0
2021-06-11,9,17.4,92.7,2.0,230.0,10.0
2021-06-11,12,21.3,86.2,1.0,230.0,10.0
2021-06-11,15,23.6,83.8,1.0,230.0,20.0
2021-06-11,18,22.5,80.1,2.0,230.0,20.0
2021-06-11,21,18.8,88.2,2.0,230.0,10.0
2021-06-12,0,18.0,98.7,0.0,0.0,0.5
2021-06-12,3,17.6,98.7,1.0,70.0,0.2
2021-06-12,6,17.8,98.1,0.0,0.0,0.5
2021-06-12,9,19.8,92.2,0.0,0.0,20.0
2021-06-12,12,23.9,78.8,1.0,230.0,20.0
2021-06-12,15,26.7,61.2,1.0,270.0,20.0
2021-06-12,18,21.6,51.9,2.0,230.0,20.0
2021-06-12,21,19.6,61.9,1.0,270.0,10.0
2021-06-13,0,18.0,69.8,1.0,270.0,10.0
2021-06-13,3,16.5,80.3,0.0,0.0,10.0
2021-06-13,6,15.8,93.8,0.0,0.0,0.1
2021-06-13,9,17.0,96.9,0.0,0.0,0.1
2021-06-13,12,25.9,72.2,1.0,180.0,20.0
2021-06-13,15,26.7,62.3,4.0,250.0,20.0
2021-06-13,18,22.4,77.6,2.0,230.0,20.0
2021-06-13,21,19.8,87.1,2.0,230.0,15.0
2021-06-14,0,17.6,95.1,1.0,230.0,5.0
2021-06-14,3,16.7,98.7,2.0,270.0,0.5
2021-06-14,6,15.8,99.4,0.0,0.0,0.5
2021-06-14,9,19.3,91.0,1.0,140.0,10.0
2021-06-14,12,25.6,71.7,2.0,140.0,10.0
2021-06-14,15,25.1,72.0,2.0,230.0,10.0
2021-06-14,18,25.7,73.9,2.0,180.0,10.0
2021-06-14,21,21.2,79.4,0.0,0.0,10.0
2021-06-15,0,19.2,80.7,0.0,0.0,10.0
2021-06-15,3,20.0,81.3,1.0,90.0,10.0
2021-06-15,6,20.0,85.0,1.0,90.0,10.0
2021-06-15,9,20.4,90.5,0.0,0.0,4.0
2021-06-15,12,20.0,95.2,1.0,90.0,4.0
2021-06-15,15,20.8,95.2,3.0,50.0,4.0
2021-06-15,18,22.3,92.9,2.0,50.0,10.0
2021-06-15,21,21.2,88.9,1.0,50.0,15.0
2021-06-16,0,20.2,96.3,0.0,0.0,10.0
2021-06-16,3,19.0,97.5,3.0,70.0,10.0
2021-06-16,6,18.4,96.9,2.0,90.0,20.0
2021-06-16,9,23.8,75.0,4.0,90.0,20.0
2021-06-16,12,26.5,60.4,4.0,90.0,20.0
2021-06-16,15,28.4,52.3,3.0,90.0,20.0
2021-06-16,18,25.5,66.5,3.0,230.0,20.0
2021-06-16,21,23.3,81.2,0.0,0.0,10.0
2021-06-17,0,21.6,83.6,0.0,0.0,10.0
2021-06-17,3,20.7,86.1,0.0,0.0,10.0
2021-06-17,6,20.3,81.3,2.0,90.0,10.0
2021-06-17,9,20.3,86.1,1.0,90.0,10.0
2021-06-17,12,21.7,84.6,2.0,90.0,10.0
2021-06-17,15,21.8,87.3,1.0,180.0,10.0
2021-06-17,18,20.8,86.1,2.0,140.0,10.0
2021-06-17,21,20.1,89.4,0.0,0.0,10.0
2021-06-18,0,19.2,93.9,0.0,0.0,4.0
2021-06-18,3,19.2,98.8,1.0,230.0,3.5
2021-06-18,6,19.0,99.4,1.0,270.0,3.5
2021-06-18,9,19.8,96.9,2.0,230.0,10.0
2021-06-18,12,21.6,90.1,2.0,230.0,20.0
2021-06-18,15,23.3,77.3,3.0,230.0,20.0
2021-06-18,18,22.0,77.1,1.0,270.0,10.0
2021-06-18,21,18.6,87.0,1.0,270.0,4.0
2021-06-19,0,17.6,89.8,0.0,0.0,10.0
2021-06-19,3,16.5,91.4,0.0,0.0,10.0
2021-06-19,6,15.9,92.6,2.0,90.0,10.0
2021-06-19,9,19.2,81.7,4.0,90.0,10.0
2021-06-19,12,24.7,55.9,3.0,140.0,15.0
2021-06-19,15,26.2,44.9,3.0,180.0,20.0
2021-06-19,18,25.7,36.7,3.0,270.0,20.0
2021-06-19,21,19.8,72.4,3.0,140.0,15.0
2021-06-20,0,19.0,88.2,4.0,140.0,10.0
2021-06-20,3,18.2,93.9,5.0,140.0,10.0
2021-06-20,6,18.2,96.3,5.0,120.0,4.0
2021-06-20,9,21.0,91.7,2.0,140.0,4.0
2021-06-20,12,22.5,85.8,3.0,140.0,4.0
2021-06-20,15,25.4,76.2,0.0,0.0,10.0
2021-06-20,18,22.0,78.1,2.0,230.0,10.0
2021-06-20,21,19.4,87.7,1.0,270.0,10.0
2021-06-21,0,17.5,92.1,0.0,0.0,3.5
2021-06-21,3,16.8,82.5,1.0,90.0,10.0
2021-06-21,6,15.6,92.6,0.0,0.0,0.1
2021-06-21,9,19.2,86.0,0.0,0.0,10.0
2021-06-21,12,26.7,71.4,0.0,0.0,20.0
2021-06-21,15,29.4,54.6,1.0,320.0,20.0
2021-06-21,18,28.4,54.3,1.0,320.0,20.0
2021-06-21,21,22.5,70.2,0.0,0.0,15.0
2021-06-22,0,19.2,81.7,0.0,0.0,10.0
2021-06-22,3,18.6,91.0,2.0,120.0,10.0
2021-06-22,6,17.4,90.3,1.0,50.0,20.0
2021-06-22,9,23.4,68.6,2.0,120.0,20.0
2021-06-22,12,27.1,46.0,1.0,140.0,20.0
2021-06-22,15,26.9,53.3,3.0,200.0,20.0
2021-06-22,18,26.1,45.7,1.0,270.0,20.0
2021-06-22,21,21.6,59.6,2.0,50.0,10.0
2021-06-23,0,19.2,66.4,0.0,0.0,20.0
2021-06-23,3,17.2,74.8,0.0,0.0,10.0
2021-06-23,6,16.8,84.6,0.0,0.0,10.0
2021-06-23,9,22.5,80.1,1.0,90.0,10.0
2021-06-23,12,24.9,67.2,2.0,50.0,20.0
2021-06-23,15,26.4,64.6,2.0,360.0,20.0
2021-06-23,18,24.0,69.2,3.0,230.0,20.0
2021-06-23,21,21.2,73.6,2.0,230.0,15.0
2021-06-24,0,18.3,88.7,1.0,270.0,10.0
2021-06-24,3,17.0,89.7,1.0,50.0,10.0
2021-06-24,6,16.0,92.6,1.0,50.0,20.0
2021-06-24,9,22.6,81.6,0.0,0.0,20.0
2021-06-24,12,26.7,68.0,0.0,0.0,20.0
2021-06-24,15,26.3,52.1,1.0,270.0,20.0
2021-06-24,18,26.1,51.7,2.0,270.0,20.0
2021-06-24,21,22.4,59.0,0.0,0.0,10.0
2021-06-25,0,19.0,69.5,1.0,90.0,10.0
2021-06-25,3,17.4,79.9,1.0,90.0,10.0
2021-06-25,6,17.1,84.7,0.0,0.0,10.0
2021-06-25,9,22.4,70.6,1.0,140.0,10.0
2021-06-25,12,25.5,59.0,3.0,200.0,15.0
2021-06-25,15,26.7,57.1,3.0,180.0,15.0
2021-06-25,18,24.5,66.3,2.0,270.0,10.0
2021-06-25,21,20.6,88.3,0.0,0.0,4.0
2021-06-26,0,20.2,92.2,0.0,0.0,4.0
2021-06-26,3,20.3,96.4,1.0,90.0,4.0
2021-06-26,6,20.0,96.3,3.0,90.0,4.0
2021-06-26,9,19.5,96.9,3.0,90.0,4.0
2021-06-26,12,21.4,93.5,1.0,50.0,10.0
2021-06-26,15,23.5,88.6,2.0,230.0,10.0
2021-06-26,18,24.7,81.9,2.0,140.0,10.0
2021-06-26,21,21.8,84.6,1.0,90.0,10.0
2021-06-27,0,19.9,85.5,1.0,50.0,10.0
2021-06-27,3,19.0,88.2,1.0,50.0,10.0
2021-06-27,6,19.2,92.8,1.0,50.0,10.0
2021-06-27,9,22.5,74.8,0.0,0.0,10.0
2021-06-27,12,27.4,58.7,0.0,0.0,20.0
2021-06-27,15,28.8,48.0,0.0,0.0,20.0
2021-06-27,18,22.7,80.1,0.0,0.0,10.0
2021-06-27,21,22.3,92.9,0.0,0.0,4.0
2021-06-28,0,21.2,89.5,0.0,0.0,10.0
2021-06-28,3,20.4,93.4,1.0,20.0,10.0
2021-06-28,6,19.8,97.5,1.0,50.0,15.0
2021-06-28,9,23.2,84.3,1.0,50.0,10.0
2021-06-28,12,25.3,78.1,2.0,230.0,10.0
2021-06-28,15,20.8,94.6,0.0,0.0,4.0
2021-06-28,18,26.0,77.7,0.0,0.0,10.0
2021-06-28,21,22.3,79.6,1.0,270.0,10.0
2021-06-29,0,20.8,88.9,1.0,270.0,10.0
2021-06-29,3,19.7,91.6,0.0,0.0,10.0
2021-06-29,6,19.7,90.5,0.0,0.0,10.0
2021-06-29,9,23.4,88.0,1.0,50.0,10.0
2021-06-29,12,23.5,89.6,2.0,230.0,10.0
2021-06-29,15,26.2,82.1,3.0,270.0,10.0
2021-06-29,18,25.1,80.5,3.0,230.0,10.0
2021-06-29,21,23.2,85.3,0.0,0.0,10.0
2021-06-30,0,21.0,91.7,0.0,0.0,10.0
2021-06-30,3,20.8,98.2,3.0,90.0,10.0
2021-06-30,6,21.0,98.2,3.0,140.0,10.0
2021-06-30,9,22.5,98.2,0.0,0.0,4.0
2021-06-30,12,23.9,94.1,1.0,90.0,10.0
2021-06-30,15,25.9,82.0,1.0,230.0,10.0
2021-06-30,18,25.7,84.6,1.0,270.0,20.0
2021-06-30,21,22.6,91.8,1.0,90.0,10.0
2021-07-01,0,20.5,89.4,0.0,0.0,10.0
2021-07-01,3,19.8,94.6,1.0,50.0,10.0
2021-07-01,6,20.0,95.2,1.0,90.0,10.0
2021-07-01,9,23.7,82.3,0.0,0.0,10.0
2021-07-01,12,27.2,64.4,3.0,180.0,15.0
2021-07-01,15,26.7,63.9,3.0,270.0,20.0
2021-07-01,18,27.6,53.5,3.0,320.0,20.0
2021-07-01,21,23.7,70.4,0.0,0.0,15.0
2021-07-02,0,21.4,85.7,0.0,0.0,10.0
2021-07-02,3,21.0,91.7,2.0,50.0,10.0
2021-07-02,6,21.1,97.0,0.0,0.0,10.0
2021-07-02,9,22.6,93.5,2.0,90.0,10.0
2021-07-02,12,27.0,85.7,2.0,90.0,10.0
2021-07-02,15,28.3,80.9,2.0,50.0,10.0
2021-07-02,18,26.4,84.6,1.0,50.0,10.0
2021-07-02,21,24.5,83.4,1.0,360.0,10.0
2021-07-03,0,22.6,88.5,1.0,50.0,10.0
2021-07-03,3,22.6,91.8,1.0,50.0,10.0
2021-07-03,6,21.6,93.5,1.0,50.0,10.0
2021-07-03,9,24.1,89.7,2.0,140.0,20.0
2021-07-03,12,24.1,82.3,2.0,90.0,20.0
2021-07-03,15,21.8,93.5,1.0,50.0,4.0
2021-07-03,18,20.2,98.2,5.0,90.0,4.0
2021-07-03,21,19.6,98.2,6.0,90.0,4.0
2021-07-04,0,19.4,96.9,6.0,50.0,4.0
2021-07-04,3,19.4,98.8,4.0,50.0,3.5
2021-07-04,6,19.8,99.4,4.0,50.0,3.5
2021-07-04,9,20.5,97.0,1.0,50.0,4.0
2021-07-04,12,22.0,92.3,0.0,0.0,4.0
2021-07-04,15,23.1,82.7,3.0,270.0,15.0
2021-07-04,18,21.6,86.2,2.0,270.0,15.0
2021-07-04,21,20.6,87.8,2.0,270.0,10.0
2021-07-05,0,20.6,90.6,1.0,230.0,10.0
2021-07-05,3,19.2,92.8,0.0,0.0,10.0
2021-07-05,6,19.6,90.5,0.0,0.0,10.0
2021-07-05,9,21.4,84.6,1.0,140.0,10.0
2021-07-05,12,24.5,81.4,3.0,140.0,10.0
2021-07-05,15,24.5,79.9,3.0,140.0,10.0
2021-07-05,18,23.9,83.8,3.0,140.0,10.0
2021-07-05,21,22.0,88.4,0.0,0.0,10.0
2021-07-06,0,20.0,95.2,2.0,90.0,10.0
2021-07-06,3,18.6,96.9,0.0,0.0,10.0
2021-07-06,6,18.4,96.9,0.0,0.0,10.0
2021-07-06,9,22.6,91.8,0.0,0.0,10.0
2021-07-06,12,27.4,77.9,0.0,0.0,20.0
2021-07-06,15,28.4,65.1,2.0,270.0,20.0
2021-07-06,18,27.1,69.8,1.0,270.0,20.0
2021-07-06,21,23.0,78.7,1.0,230.0,10.0
2021-07-07,0,21.4,85.7,0.0,0.0,10.0
2021-07-07,3,20.0,87.7,1.0,50.0,10.0
2021-07-07,6,19.4,92.2,0.0,0.0,10.0
2021-07-07,9,24.7,87.6,2.0,70.0,10.0
2021-07-07,12,28.5,75.3,2.0,140.0,10.0
2021-07-07,15,27.0,67.6,3.0,290.0,10.0
2021-07-07,18,24.8,77.0,3.0,270.0,10.0
2021-07-07,21,23.1,90.2,2.0,230.0,10.0
2021-07-08,0,22.5,90.7,0.0,0.0,10.0
2021-07-08,3,21.0,95.8,1.0,290.0,10.0
2021-07-08,6,20.2,95.2,1.0,320.0,10.0
2021-07-08,9,23.1,90.2,0.0,0.0,10.0
2021-07-08,12,27.9,77.0,2.0,140.0,10.0
2021-07-08,15,27.6,75.6,3.0,230.0,10.0
2021-07-08,18,26.5,81.6,2.0,270.0,10.0
2021-07-08,21,25.0,78.0,1.0,360.0,10.0
2021-07-09,0,22.7,84.2,0.0,0.0,10.0
2021-07-09,3,23.0,86.9,1.0,90.0,10.0
2021-07-09,6,22.6,92.9,0.0,0.0,10.0
2021-07-09,9,24.7,82.4,0.0,0.0,10.0
2021-07-09,12,27.8,68.6,0.0,0.0,10.0
2021-07-09,15,27.8,56.3,3.0,270.0,20.0
2021-07-09,18,27.4,62.9,4.0,270.0,20.0
2021-07-09,21,23.7,78.3,1.0,270.0,15.0
2021-07-10,0,22.7,94.1,2.0,90.0,10.0
2021-07-10,3,22.3,85.2,5.0,90.0,10.0
2021-07-10,6,22.7,96.4,0.0,0.0,10.0
2021-07-10,9,24.9,84.0,0.0,0.0,10.0
2021-07-10,12,27.1,69.8,3.0,180.0,10.0
2021-07-10,15,27.8,68.6,5.0,230.0,10.0
2021-07-10,18,27.6,63.7,2.0,270.0,20.0
2021-07-10,21,25.7,66.5,1.0,90.0,10.0
2021-07-11,0,23.2,84.3,2.0,140.0,10.0
2021-07-11,3,23.1,85.8,1.0,90.0,10.0
2021-07-11,6,22.9,91.3,2.0,90.0,10.0
2021-07-11,9,24.2,84.9,2.0,140.0,4.0
2021-07-11,12,25.3,83.5,3.0,140.0,4.0
2021-07-11,15,29.0,83.4,1.0,230.0,10.0
2021-07-11,18,28.2,83.8,2.0,140.0,10.0
2021-07-11,21,25.9,89.8,1.0,140.0,10.0
2021-07-12,0,24.7,94.7,1.0,90.0,10.0
2021-07-12,3,23.4,95.3,3.0,120.0,10.0
2021-07-12,6,22.7,94.7,4.0,90.0,15.0
2021-07-12,9,26.1,80.6,2.0,140.0,10.0
2021-07-12,12,28.6,64.7,1.0,90.0,10.0
2021-07-12,15,28.8,55.1,1.0,140.0,10.0
2021-07-12,18,27.4,66.1,1.0,140.0,10.0
2021-07-12,21,26.5,78.7,3.0,90.0,10.0
2021-07-13,0,26.1,84.6,3.0,180.0,10.0
2021-07-13,3,26.5,86.2,1.0,90.0,10.0
2021-07-13,6,26.3,87.7,2.0,90.0,10.0
2021-07-13,9,26.9,78.8,3.0,140.0,10.0
2021-07-13,12,26.2,84.6,4.0,140.0,10.0
2021-07-13,15,26.9,82.7,3.0,180.0,10.0
2021-07-13,18,27.7,84.3,4.0,140.0,10.0
2021-07-13,21,27.1,90.4,6.0,140.0,10.0
2021-07-14,0,26.9,91.0,8.0,140.0,10.0
2021-07-14,3,27.1,89.9,7.0,180.0,10.0
2021-07-14,6,26.9,89.9,6.0,140.0,15.0
2021-07-14,9,26.3,87.7,5.0,140.0,10.0
2021-07-14,12,26.1,94.2,4.0,180.0,4.0
2021-07-14,15,25.5,94.8,1.0,90.0,4.0
2021-07-14,18,25.6,94.2,4.0,140.0,4.0
2021-07-14,21,26.1,94.8,3.0,140.0,4.0
2021-07-15,0,26.3,94.2,4.0,140.0,10.0
2021-07-15,3,25.9,89.8,3.0,90.0,10.0
2021-07-15,6,25.5,89.8,3.0,90.0,10.0
2021-07-15,9,26.7,94.3,3.0,180.0,10.0
2021-07-15,12,27.8,86.8,2.0,180.0,20.0
2021-07-15,15,30.0,76.0,1.0,180.0,20.0
2021-07-15,18,29.2,75.0,2.0,180.0,20.0
2021-07-15,21,25.7,90.4,1.0,90.0,10.0
2021-07-16,0,24.5,93.0,0.0,0.0,10.0
2021-07-16,3,24.1,93.0,0.0,0.0,10.0
2021-07-16,6,23.6,93.0,1.0,90.0,10.0
2021-07-16,9,28.4,78.0,3.0,140.0,20.0
2021-07-16,12,30.9,64.0,2.0,200.0,20.0
2021-07-16,15,30.4,67.5,4.0,230.0,20.0
2021-07-16,18,30.9,64.8,3.0,270.0,20.0
2021-07-16,21,27.6,75.6,1.0,50.0,10.0
2021-07-17,0,25.1,81.5,1.0,50.0,10.0
2021-07-17,3,24.1,86.5,1.0,50.0,10.0
2021-07-17,6,23.5,90.2,0.0,0.0,10.0
2021-07-17,9,28.0,75.7,1.0,140.0,10.0
2021-07-17,12,30.8,68.0,2.0,140.0,10.0
2021-07-17,15,30.8,69.2,2.0,230.0,10.0
2021-07-17,18,25.3,81.0,2.0,320.0,10.0
2021-07-17,21,25.7,86.6,0.0,0.0,10.0
2021-07-18,0,24.4,89.7,0.0,0.0,10.0
2021-07-18,3,23.1,94.7,0.0,0.0,10.0
2021-07-18,6,23.7,93.6,3.0,50.0,10.0
2021-07-18,9,27.8,88.4,1.0,90.0,10.0
2021-07-18,12,29.4,87.5,1.0,90.0,20.0
2021-07-18,15,29.2,76.3,1.0,360.0,20.0
2021-07-18,18,29.0,80.0,0.0,0.0,20.0
2021-07-18,21,26.2,84.1,0.0,0.0,15.0
2021-07-19,0,23.7,86.4,0.0,0.0,10.0
2021-07-19,3,24.5,94.7,1.0,50.0,10.0
2021-07-19,6,23.9,97.6,1.0,50.0,10.0
2021-07-19,9,26.9,84.2,2.0,90.0,10.0
2021-07-19,12,29.8,68.6,2.0,140.0,20.0
2021-07-19,15,30.8,61.7,3.0,230.0,20.0
2021-07-19,18,29.4,68.5,2.0,230.0,20.0
2021-07-19,21,26.5,82.6,0.0,0.0,10.0
2021-07-20,0,24.7,89.7,0.0,0.0,10.0
2021-07-20,3,24.6,86.5,1.0,50.0,10.0
2021-07-20,6,22.7,95.8,1.0,50.0,10.0
2021-07-20,9,27.6,82.3,1.0,90.0,10.0
2021-07-20,12,31.1,78.0,1.0,50.0,10.0
2021-07-20,15,31.8,63.8,1.0,320.0,20.0
2021-07-20,18,29.8,63.0,1.0,320.0,20.0
2021-07-20,21,26.5,69.6,0.0,0.0,10.0
2021-07-21,0,24.7,73.7,0.0,0.0,20.0
2021-07-21,3,22.7,85.8,0.0,0.0,10.0
2021-07-21,6,22.3,90.1,0.0,0.0,10.0
2021-07-21,9,27.6,86.8,0.0,0.0,20.0
2021-07-21,12,31.2,74.0,0.0,0.0,20.0
2021-07-21,15,32.7,57.8,0.0,0.0,20.0
2021-07-21,18,31.2,62.6,1.0,230.0,20.0
2021-07-21,21,27.6,77.0,0.0,0.0,15.0
2021-07-22,0,25.1,86.6,0.0,0.0,10.0
2021-07-22,3,23.7,91.9,0.0,0.0,10.0
2021-07-22,6,23.7,91.9,0.0,0.0,10.0
2021-07-22,9,29.3,74.1,2.0,90.0,15.0
2021-07-22,12,33.0,51.9,2.0,140.0,20.0
2021-07-22,15,33.7,54.7,1.0,140.0,20.0
2021-07-22,18,31.2,67.6,1.0,270.0,20.0
2021-07-22,21,26.5,77.8,1.0,230.0,10.0
2021-07-23,0,25.4,83.0,0.0,0.0,10.0
2021-07-23,3,23.7,88.0,0.0,0.0,10.0
2021-07-23,6,23.3,93.0,0.0,0.0,10.0
2021-07-23,9,29.5,87.5,1.0,90.0,10.0
2021-07-23,12,32.8,75.5,0.0,0.0,20.0
2021-07-23,15,32.6,70.4,2.0,270.0,20.0
2021-07-23,18,31.5,74.0,2.0,270.0,20.0
2021-07-23,21,27.1,85.2,2.0,230.0,15.0
2021-07-24,0,25.3,89.8,0.0,0.0,10.0
2021-07-24,3,23.9,92.4,0.0,0.0,10.0
2021-07-24,6,22.9,94.7,0.0,0.0,10.0
2021-07-24,9,29.5,84.5,0.0,0.0,10.0
2021-07-24,12,33.3,75.2,0.0,0.0,10.0
2021-07-24,15,33.9,70.6,3.0,270.0,20.0
2021-07-24,18,31.6,69.8,2.0,230.0,20.0
2021-07-24,21,27.6,75.1,1.0,270.0,20.0
2021-07-25,0,25.7,83.0,0.0,0.0,20.0
2021-07-25,3,23.2,89.6,0.0,0.0,10.0
2021-07-25,6,22.3,91.8,0.0,0.0,10.0
2021-07-25,9,29.7,71.1,1.0,50.0,15.0
2021-07-25,12,33.5,57.3,2.0,140.0,20.0
2021-07-25,15,33.6,57.0,2.0,250.0,20.0
2021-07-25,18,32.8,52.5,2.0,270.0,20.0
2021-07-25,21,26.9,74.6,0.0,0.0,15.0
2021-07-26,0,23.5,88.6,0.0,0.0,10.0
2021-07-26,3,21.8,94.6,0.0,0.0,10.0
2021-07-26,6,21.8,96.4,0.0,0.0,10.0
2021-07-26,9,29.1,84.9,1.0,90.0,20.0
2021-07-26,12,32.5,75.9,2.0,90.0,20.0
2021-07-26,15,34.3,64.7,1.0,140.0,20.0
2021-07-26,18,30.1,70.3,3.0,230.0,20.0
2021-07-26,21,26.5,75.9,2.0,270.0,10.0
2021-07-27,0,24.1,84.9,0.0,0.0,10.0
2021-07-27,3,22.5,86.9,1.0,50.0,20.0
2021-07-27,6,22.7,91.8,1.0,90.0,20.0
2021-07-27,9,28.3,85.3,0.0,0.0,20.0
2021-07-27,12,32.7,72.9,0.0,0.0,20.0
2021-07-27,15,31.8,55.2,1.0,270.0,20.0
2021-07-27,18,31.0,63.7,1.0,320.0,20.0
2021-07-27,21,27.1,74.6,2.0,270.0,15.0
2021-07-28,0,26.5,77.8,0.0,0.0,10.0
2021-07-28,3,24.5,86.0,0.0,0.0,10.0
2021-07-28,6,23.7,90.2,1.0,50.0,10.0
2021-07-28,9,28.0,76.6,0.0,0.0,15.0
2021-07-28,12,32.3,61.3,1.0,270.0,20.0
2021-07-28,15,32.7,56.8,3.0,270.0,20.0
2021-07-28,18,32.4,46.3,2.0,320.0,20.0
2021-07-28,21,28.3,65.0,1.0,270.0,10.0
2021-07-29,0,26.5,70.5,0.0,0.0,20.0
2021-07-29,3,22.9,85.8,0.0,0.0,10.0
2021-07-29,6,22.5,90.1,0.0,0.0,10.0
2021-07-29,9,27.2,85.7,0.0,0.0,10.0
2021-07-29,12,32.9,70.0,1.0,180.0,20.0
2021-07-29,15,34.3,62.1,2.0,180.0,20.0
2021-07-29,18,31.4,68.5,2.0,230.0,20.0
2021-07-29,21,27.1,76.0,0.0,0.0,15.0
2021-07-30,0,25.4,88.2,0.0,0.0,10.0
2021-07-30,3,23.7,91.9,4.0,90.0,10.0
2021-07-30,6,24.1,92.5,4.0,140.0,10.0
2021-07-30,9,28.2,80.4,5.0,140.0,20.0
2021-07-30,12,28.6,70.0,6.0,140.0,20.0
2021-07-30,15,27.8,66.1,6.0,140.0,10.0
2021-07-30,18,26.1,95.4,2.0,140.0,4.0
2021-07-30,21,24.9,94.8,0.0,0.0,10.0
2021-07-31,0,25.1,89.8,1.0,180.0,10.0
2021-07-31,3,25.3,90.3,2.0,140.0,10.0
2021-07-31,6,24.3,90.3,1.0,140.0,10.0
2021-07-31,9,25.8,89.3,2.0,140.0,10.0
2021-07-31,12,27.8,82.3,3.0,140.0,10.0
2021-07-31,15,28.2,78.0,4.0,160.0,10.0
2021-07-31,18,27.4,85.8,3.0,160.0,10.0
2021-07-31,21,26.5,89.3,2.0,180.0,10.0
2022-03-01,0,2.0,79.3,1.0,90.0,10.0
2022-03-01,3,3.1,82.4,2.0,50.0,10.0
2022-03-01,6,2.8,84.2,0.0,0.0,10.0
2022-03-01,9,3.4,86.1,2.0,320.0,10.0
2022-03-01,12,4.4,75.2,3.0,320.0,10.0
2022-03-01,15,4.4,45.3,5.0,320.0,10.0
2022-03-01,18,3.4,35.9,3.0,320.0,10.0
2022-03-01,21,0.6,59.4,1.0,320.0,10.0
2022-03-02,0,-1.4,78.2,0.0,0.0,10.0
2022-03-02,3,-2.4,79.8,0.0,0.0,10.0
2022-03-02,6,-4.6,82.6,1.0,90.0,10.0
2022-03-02,9,-0.6,78.9,0.0,0.0,20.0
2022-03-02,12,7.6,61.1,3.0,230.0,20.0
2022-03-02,15,9.4,56.9,5.0,270.0,10.0
2022-03-02,18,7.2,61.0,4.0,270.0,10.0
2022-03-02,21,3.0,72.8,2.0,270.0,10.0
2022-03-03,0,2.0,75.3,2.0,270.0,10.0
2022-03-03,3,0.8,82.1,0.0,0.0,10.0
2022-03-03,6,-0.8,95.7,0.0,0.0,10.0
2022-03-03,9,0.6,86.4,0.0,0.0,10.0
2022-03-03,12,8.0,63.5,0.0,0.0,20.0
2022-03-03,15,10.2,44.3,2.0,270.0,20.0
2022-03-03,18,9.6,26.7,1.0,320.0,10.0
2022-03-03,21,2.2,55.8,0.0,0.0,10.0
2022-03-04,0,2.8,72.2,0.0,0.0,10.0
2022-03-04,3,2.4,78.2,5.0,90.0,10.0
2022-03-04,6,3.4,86.1,4.0,140.0,10.0
2022-03-04,9,3.0,83.0,3.0,50.0,10.0
2022-03-04,12,6.8,77.8,1.0,90.0,3.5
2022-03-04,15,11.4,69.9,3.0,230.0,3.5
2022-03-04,18,7.8,71.1,6.0,230.0,3.5
2022-03-04,21,5.9,75.5,4.0,270.0,3.5
2022-03-05,0,3.3,76.1,6.0,360.0,4.0
2022-03-05,3,1.4,60.5,5.0,320.0,4.0
2022-03-05,6,-0.2,53.1,3.0,320.0,4.0
2022-03-05,9,1.6,54.0,2.0,320.0,10.0
2022-03-05,12,3.8,51.0,8.0,320.0,20.0
2022-03-05,15,3.4,52.5,10.0,320.0,20.0
2022-03-05,18,2.8,59.1,2.0,320.0,20.0
2022-03-05,21,1.0,71.3,1.0,320.0,20.0
2022-03-06,0,1.4,81.6,0.0,0.0,10.0
2022-03-06,3,0.6,84.5,3.0,320.0,10.0
2022-03-06,6,0.4,68.6,4.0,320.0,10.0
2022-03-06,9,0.2,83.9,2.0,360.0,10.0
2022-03-06,12,2.6,48.8,5.0,360.0,20.0
2022-03-06,15,2.6,39.5,3.0,360.0,20.0
2022-03-06,18,2.1,39.3,1.0,360.0,20.0
2022-03-06,21,-1.9,58.3,0.0,0.0,15.0
2022-03-07,0,-4.0,70.3,0.0,0.0,15.0
2022-03-07,3,-4.2,69.2,0.0,0.0,10.0
2022-03-07,6,-5.1,74.0,0.0,0.0,10.0
2022-03-07,9,-3.6,72.6,0.0,0.0,20.0
2022-03-07,12,5.4,64.7,0.0,0.0,20.0
2022-03-07,15,6.2,58.2,0.0,0.0,15.0
2022-03-07,18,6.3,57.8,1.0,230.0,15.0
2022-03-07,21,1.4,63.8,2.0,90.0,10.0
2022-03-08,0,0.4,74.5,1.0,50.0,10.0
2022-03-08,3,-1.0,84.4,2.0,50.0,10.0
2022-03-08,6,-0.6,80.1,0.0,0.0,10.0
2022-03-08,9,1.9,78.7,1.0,90.0,10.0
2022-03-08,12,8.0,69.2,2.0,140.0,10.0
2022-03-08,15,10.8,57.3,0.0,0.0,10.0
2022-03-08,18,9.2,59.4,1.0,180.0,10.0
2022-03-08,21,3.8,70.8,1.0,90.0,10.0
2022-03-09,0,1.4,81.6,0.0,0.0,10.0
2022-03-09,3,-0.6,86.9,0.0,0.0,3.0
2022-03-09,6,-0.6,99.3,0.0,0.0,0.2
2022-03-09,9,0.8,89.7,0.0,0.0,0.2
2022-03-09,12,3.8,88.6,0.0,0.0,3.5
2022-03-09,15,10.2,60.9,2.0,320.0,10.0
2022-03-09,18,9.6,65.2,0.0,0.0,10.0
2022-03-09,21,2.0,85.3,0.0,0.0,10.0
2022-03-10,0,1.1,84.6,0.0,0.0,10.0
2022-03-10,3,2.4,85.4,4.0,50.0,10.0
2022-03-10,6,2.2,87.9,2.0,50.0,10.0
2022-03-10,9,4.3,76.8,3.0,50.0,10.0
2022-03-10,12,11.6,65.2,1.0,320.0,10.0
2022-03-10,15,14.3,51.0,3.0,230.0,10.0
2022-03-10,18,8.3,66.8,4.0,140.0,10.0
2022-03-10,21,4.4,79.1,0.0,0.0,10.0
2022-03-11,0,2.8,91.1,0.0,0.0,3.5
2022-03-11,3,-0.3,92.3,0.0,0.0,3.5
2022-03-11,6,-1.2,96.4,0.0,0.0,0.9
2022-03-11,9,3.4,84.9,1.0,50.0,10.0
2022-03-11,12,12.0,77.0,1.0,90.0,10.0
2022-03-11,15,15.0,68.7,1.0,270.0,10.0
2022-03-11,18,8.4,67.3,2.0,270.0,10.0
2022-03-11,21,4.3,82.0,0.0,0.0,10.0
2022-03-12,0,1.8,81.6,0.0,0.0,10.0
2022-03-12,3,1.4,81.6,2.0,50.0,10.0
2022-03-12,6,0.2,83.9,0.0,0.0,10.0
2022-03-12,9,4.2,76.3,1.0,360.0,10.0
2022-03-12,12,14.0,52.7,3.0,140.0,10.0
2022-03-12,15,13.0,70.2,4.0,180.0,5.0
2022-03-12,18,11.4,78.0,2.0,140.0,5.0
2022-03-12,21,8.7,96.0,0.0,0.0,4.0
2022-03-13,0,8.3,96.0,3.0,140.0,4.0
2022-03-13,3,7.6,96.0,0.0,0.0,10.0
2022-03-13,6,7.4,95.3,0.0,0.0,4.0
2022-03-13,9,7.8,94.7,0.0,0.0,10.0
2022-03-13,12,11.0,84.5,0.0,0.0,10.0
2022-03-13,15,14.3,67.6,1.0,50.0,10.0
2022-03-13,18,12.2,72.5,1.0,320.0,10.0
2022-03-13,21,7.6,81.3,0.0,0.0,10.0
2022-03-14,0,5.6,84.5,0.0,0.0,10.0
2022-03-14,3,4.6,85.0,0.0,0.0,10.0
2022-03-14,6,8.0,96.0,3.0,50.0,10.0
2022-03-14,9,8.4,93.4,4.0,140.0,10.0
2022-03-14,12,6.8,92.0,3.0,230.0,4.0
2022-03-14,15,6.8,92.0,3.0,270.0,10.0
2022-03-14,18,5.6,88.2,3.0,320.0,10.0
2022-03-14,21,3.8,89.9,3.0,270.0,10.0
2022-03-15,0,2.8,80.6,5.0,320.0,10.0
2022-03-15,3,1.6,84.7,4.0,270.0,10.0
2022-03-15,6,0.4,87.7,2.0,270.0,10.0
2022-03-15,9,0.6,84.5,0.0,0.0,10.0
2022-03-15,12,7.4,59.3,0.0,0.0,10.0
2022-03-15,15,9.6,57.8,0.0,0.0,10.0
2022-03-15,18,7.6,56.4,3.0,180.0,10.0
2022-03-15,21,4.0,75.1,1.0,140.0,10.0
2022-03-16,0,3.6,88.6,1.0,90.0,10.0
2022-03-16,3,2.6,89.8,2.0,50.0,10.0
2022-03-16,6,0.8,94.4,1.0,90.0,10.0
2022-03-16,9,2.6,91.1,0.0,0.0,3.5
2022-03-16,12,10.3,67.2,0.0,0.0,10.0
2022-03-16,15,10.8,66.4,4.0,320.0,10.0
2022-03-16,18,8.7,53.5,0.0,0.0,10.0
2022-03-16,21,4.8,72.1,0.0,0.0,10.0
2022-03-17,0,5.0,78.1,0.0,0.0,10.0
2022-03-17,3,3.2,73.9,3.0,320.0,10.0
2022-03-17,6,1.6,71.4,0.0,0.0,10.0
2022-03-17,9,3.0,67.1,0.0,0.0,10.0
2022-03-17,12,7.6,65.2,2.0,50.0,10.0
2022-03-17,15,10.6,61.0,2.0,50.0,10.0
2022-03-17,18,8.1,73.2,0.0,0.0,10.0
2022-03-17,21,5.6,81.6,0.0,0.0,10.0
2022-03-18,0,5.0,83.8,0.0,0.0,10.0
2022-03-18,3,4.6,82.6,4.0,50.0,10.0
2022-03-18,6,4.4,82.6,4.0,50.0,10.0
2022-03-18,9,5.6,68.2,2.0,50.0,20.0
2022-03-18,12,7.6,56.4,1.0,50.0,20.0
2022-03-18,15,9.6,50.4,2.0,50.0,20.0
2022-03-18,18,9.0,56.8,1.0,50.0,20.0
2022-03-18,21,6.6,68.9,0.0,0.0,10.0
2022-03-19,0,6.4,75.0,0.0,0.0,10.0
2022-03-19,3,2.0,90.4,3.0,140.0,5.0
2022-03-19,6,0.5,95.0,0.0,0.0,4.0
2022-03-19,9,1.2,88.4,0.0,0.0,4.0
2022-03-19,12,3.8,75.1,1.0,50.0,10.0
2022-03-19,15,5.3,67.6,1.0,50.0,10.0
2022-03-19,18,3.6,83.7,3.0,360.0,10.0
2022-03-19,21,2.2,82.3,1.0,320.0,10.0
2022-03-20,0,0.4,84.5,0.0,0.0,10.0
2022-03-20,3,-0.4,84.4,0.0,0.0,10.0
2022-03-20,6,-1.4,86.9,0.0,0.0,10.0
2022-03-20,9,1.2,81.0,1.0,320.0,10.0
2022-03-20,12,5.0,66.6,3.0,320.0,10.0
2022-03-20,15,5.5,62.0,4.0,320.0,20.0
2022-03-20,18,4.6,68.5,3.0,320.0,20.0
2022-03-20,21,0.6,73.4,0.0,0.0,20.0
2022-03-21,0,-0.4,76.0,0.0,0.0,15.0
2022-03-21,3,-1.4,78.2,0.0,0.0,10.0
2022-03-21,6,-2.4,78.0,0.0,0.0,10.0
2022-03-21,9,-0.2,81.4,0.0,0.0,10.0
2022-03-21,12,7.6,55.6,0.0,0.0,10.0
2022-03-21,15,7.0,45.1,3.0,320.0,10.0
2022-03-21,18,5.2,46.2,2.0,320.0,10.0
2022-03-21,21,3.4,68.2,0.0,0.0,10.0
2022-03-22,0,1.4,82.8,0.0,0.0,10.0
2022-03-22,3,-1.0,84.4,0.0,0.0,10.0
2022-03-22,6,-1.2,85.6,0.0,0.0,10.0
2022-03-22,9,3.1,73.3,3.0,360.0,10.0
2022-03-22,12,6.5,46.6,4.0,320.0,10.0
2022-03-22,15,10.3,30.3,3.0,320.0,10.0
2022-03-22,18,6.2,44.5,5.0,320.0,10.0
2022-03-22,21,3.2,63.7,2.0,230.0,10.0
2022-03-23,0,2.0,65.4,0.0,0.0,10.0
2022-03-23,3,1.4,75.2,0.0,0.0,10.0
2022-03-23,6,1.8,77.6,0.0,0.0,10.0
2022-03-23,9,2.1,86.0,3.0,90.0,10.0
2022-03-23,12,5.4,78.1,2.0,140.0,10.0
2022-03-23,15,8.4,69.7,3.0,230.0,10.0
2022-03-23,18,7.2,73.0,1.0,230.0,10.0
2022-03-23,21,6.0,80.5,0.0,0.0,10.0
2022-03-24,0,4.4,83.8,0.0,0.0,10.0
2022-03-24,3,5.0,88.1,1.0,50.0,10.0
2022-03-24,6,5.4,90.0,2.0,90.0,10.0
2022-03-24,9,7.4,87.1,1.0,90.0,3.5
2022-03-24,12,11.6,73.3,2.0,90.0,5.0
2022-03-24,15,13.6,60.9,1.0,90.0,5.0
2022-03-24,18,10.6,78.4,1.0,180.0,5.0
2022-03-24,21,8.2,84.8,2.0,180.0,10.0
2022-03-25,0,8.4,86.0,3.0,90.0,10.0
2022-03-25,3,6.8,76.2,8.0,140.0,10.0
2022-03-25,6,5.6,74.9,3.0,50.0,10.0
2022-03-25,9,8.4,64.5,2.0,50.0,10.0
2022-03-25,12,7.9,92.7,2.0,50.0,3.5
2022-03-25,15,8.6,92.8,3.0,50.0,3.5
2022-03-25,18,9.6,93.5,2.0,50.0,3.5
2022-03-25,21,11.0,96.1,4.0,50.0,3.5
2022-03-26,0,11.2,97.4,4.0,50.0,3.5
2022-03-26,3,11.4,94.8,3.0,90.0,4.0
2022-03-26,6,10.8,94.8,3.0,90.0,4.0
2022-03-26,9,9.4,91.6,5.0,320.0,10.0
2022-03-26,12,9.6,86.7,7.0,320.0,20.0
2022-03-26,15,12.6,72.0,2.0,320.0,20.0
2022-03-26,18,11.4,62.9,2.0,270.0,20.0
2022-03-26,21,7.5,67.6,7.0,230.0,10.0
2022-03-27,0,6.8,71.9,0.0,0.0,10.0
2022-03-27,3,4.3,80.8,0.0,0.0,10.0
2022-03-27,6,3.2,79.5,0.0,0.0,10.0
2022-03-27,9,4.4,75.2,2.0,360.0,10.0
2022-03-27,12,8.8,50.2,3.0,360.0,10.0
2022-03-27,15,9.0,33.0,7.0,360.0,20.0
2022-03-27,18,9.0,19.3,1.0,360.0,10.0
2022-03-27,21,3.6,47.9,0.0,0.0,10.0
2022-03-28,0,2.8,72.2,0.0,0.0,10.0
2022-03-28,3,1.1,75.7,0.0,0.0,10.0
2022-03-28,6,-1.2,85.6,1.0,90.0,10.0
2022-03-28,9,2.9,81.2,0.0,0.0,10.0
2022-03-28,12,12.0,63.5,0.0,0.0,10.0
2022-03-28,15,13.0,31.3,3.0,230.0,10.0
2022-03-28,18,10.5,34.8,4.0,230.0,10.0
2022-03-28,21,5.5,54.3,0.0,0.0,10.0
2022-03-29,0,0.6,70.7,0.0,0.0,10.0
2022-03-29,3,0.9,69.2,0.0,0.0,10.0
2022-03-29,6,-1.2,82.5,0.0,0.0,10.0
2022-03-29,9,4.6,67.0,2.0,90.0,10.0
2022-03-29,12,12.0,56.4,1.0,230.0,20.0
2022-03-29,15,13.4,57.1,3.0,180.0,20.0
2022-03-29,18,11.4,67.5,3.0,180.0,20.0
2022-03-29,21,9.0,73.9,0.0,0.0,10.0
2022-03-30,0,7.6,76.8,3.0,90.0,10.0
2022-03-30,3,5.6,80.4,5.0,90.0,10.0
2022-03-30,6,7.0,84.1,5.0,90.0,10.0
2022-03-30,9,8.0,68.2,1.0,90.0,10.0
2022-03-30,12,9.1,77.1,0.0,0.0,4.0
2022-03-30,15,10.6,84.5,0.0,0.0,10.0
2022-03-30,18,9.3,92.8,0.0,0.0,3.5
2022-03-30,21,8.6,82.5,2.0,360.0,10.0
2022-03-31,0,7.6,85.3,0.0,0.0,10.0
2022-03-31,3,7.0,89.5,0.0,0.0,10.0
2022-03-31,6,4.3,88.1,0.0,0.0,10.0
2022-03-31,9,5.4,78.1,0.0,0.0,10.0
2022-03-31,12,9.2,66.1,1.0,320.0,10.0
2022-03-31,15,12.6,56.1,4.0,360.0,10.0
2022-03-31,18,9.6,55.4,5.0,320.0,20.0
2022-03-31,21,4.6,67.0,1.0,270.0,10.0
2022-04-01,0,5.8,73.8,0.0,0.0,10.0
2022-04-01,3,5.6,71.7,1.0,50.0,10.0
2022-04-01,6,2.2,81.1,0.0,0.0,10.0
2022-04-01,9,5.8,77.1,0.0,0.0,20.0
2022-04-01,12,10.4,60.1,2.0,320.0,20.0
2022-04-01,15,11.4,52.7,4.0,320.0,20.0
2022-04-01,18,9.6,63.0,2.0,320.0,20.0
2022-04-01,21,3.6,53.3,1.0,270.0,20.0
2022-04-02,0,0.8,71.3,0.0,0.0,10.0
2022-04-02,3,-0.6,83.8,0.0,0.0,10.0
2022-04-02,6,-2.4,82.3,0.0,0.0,10.0
2022-04-02,9,2.8,74.9,0.0,0.0,10.0
2022-04-02,12,11.2,45.9,0.0,0.0,10.0
2022-04-02,15,12.2,26.1,1.0,360.0,10.0
2022-04-02,18,9.8,29.0,3.0,320.0,10.0
2022-04-02,21,4.8,55.7,0.0,0.0,10.0
2022-04-03,0,1.4,66.8,0.0,0.0,10.0
2022-04-03,3,0.0,83.2,0.0,0.0,10.0
2022-04-03,6,-1.4,84.9,0.0,0.0,10.0
2022-04-03,9,4.1,80.8,0.0,0.0,10.0
2022-04-03,12,13.5,49.0,2.0,230.0,10.0
2022-04-03,15,14.6,36.8,5.0,230.0,10.0
2022-04-03,18,13.1,46.5,3.0,230.0,10.0
2022-04-03,21,6.6,78.9,0.0,0.0,10.0
2022-04-04,0,2.7,81.2,0.0,0.0,10.0
2022-04-04,3,1.2,87.1,0.0,0.0,10.0
2022-04-04,6,-0.6,90.9,0.0,0.0,5.0
2022-04-04,9,3.8,81.3,0.0,0.0,4.0
2022-04-04,12,13.8,60.9,2.0,320.0,20.0
2022-04-04,15,15.4,53.1,3.0,230.0,10.0
2022-04-04,18,12.8,57.4,3.0,230.0,10.0
2022-04-04,21,8.0,63.5,0.0,0.0,10.0
2022-04-05,0,6.2,72.9,1.0,90.0,10.0
2022-04-05,3,5.0,83.8,2.0,90.0,10.0
2022-04-05,6,4.4,88.7,1.0,50.0,10.0
2022-04-05,9,8.4,81.4,2.0,90.0,10.0
2022-04-05,12,13.9,49.1,1.0,270.0,10.0
2022-04-05,15,14.4,46.9,2.0,320.0,10.0
2022-04-05,18,12.6,61.1,0.0,0.0,10.0
2022-04-05,21,9.4,74.5,0.0,0.0,10.0
2022-04-06,0,7.0,80.1,1.0,90.0,10.0
2022-04-06,3,6.3,88.9,0.0,0.0,10.0
2022-04-06,6,5.3,70.6,4.0,230.0,10.0
2022-04-06,9,8.0,46.7,1.0,50.0,20.0
2022-04-06,12,11.8,40.4,3.0,320.0,20.0
2022-04-06,15,12.3,27.3,4.0,320.0,20.0
2022-04-06,18,9.0,43.7,4.0,360.0,10.0
2022-04-06,21,7.2,55.9,0.0,0.0,10.0
2022-04-07,3,5.2,64.2,2.0,320.0,10.0
2022-04-07,6,2.8,78.9,0.0,0.0,10.0
2022-04-07,9,6.5,70.4,0.0,0.0,20.0
2022-04-07,12,13.4,56.7,5.0,230.0,20.0
2022-04-07,15,13.1,47.8,4.0,320.0,20.0
2022-04-07,18,10.4,58.0,2.0,270.0,20.0
2022-04-07,21,5.8,72.8,0.0,0.0,15.0
2022-04-08,0,3.1,86.7,0.0,0.0,15.0
2022-04-08,3,1.8,84.7,0.0,0.0,10.0
2022-04-08,6,1.4,82.8,0.0,0.0,10.0
2022-04-08,9,9.3,55.7,1.0,90.0,10.0
2022-04-08,12,14.8,47.6,3.0,140.0,20.0
2022-04-08,15,17.4,36.3,3.0,140.0,20.0
2022-04-08,18,15.8,29.6,2.0,140.0,10.0
2022-04-08,21,12.2,46.6,3.0,140.0,10.0
2022-04-09,0,12.0,57.6,1.0,50.0,10.0
2022-04-09,3,13.2,60.8,7.0,180.0,10.0
2022-04-09,6,11.6,70.9,3.0,90.0,10.0
2022-04-09,9,14.8,62.4,5.0,140.0,10.0
2022-04-09,12,20.0,45.3,3.0,140.0,10.0
2022-04-09,15,19.5,46.4,4.0,140.0,10.0
2022-04-09,18,16.2,59.9,4.0,140.0,10.0
2022-04-09,21,13.6,84.8,2.0,90.0,10.0
2022-04-10,0,12.0,81.9,2.0,50.0,10.0
2022-04-10,3,11.6,76.9,5.0,50.0,10.0
2022-04-10,6,12.7,77.6,2.0,320.0,10.0
2022-04-10,9,15.2,71.1,3.0,180.0,10.0
2022-04-10,12,20.2,56.6,3.0,180.0,20.0
2022-04-10,15,20.5,48.6,3.0,180.0,20.0
2022-04-10,18,18.4,60.4,3.0,180.0,20.0
2022-04-10,21,15.4,68.8,5.0,140.0,10.0
2022-04-11,0,15.0,74.0,4.0,140.0,10.0
2022-04-11,3,14.8,83.9,5.0,140.0,10.0
2022-04-11,6,14.8,84.4,3.0,140.0,10.0
2022-04-11,9,15.1,74.0,2.0,140.0,10.0
2022-04-11,12,21.1,63.5,2.0,140.0,10.0
2022-04-11,15,21.6,58.8,2.0,180.0,10.0
2022-04-11,18,17.8,84.7,2.0,140.0,10.0
2022-04-11,21,16.6,85.2,3.0,90.0,10.0
2022-04-12,0,15.0,86.7,5.0,180.0,10.0
2022-04-12,3,14.9,90.1,3.0,180.0,10.0
2022-04-12,6,13.8,90.7,4.0,140.0,10.0
2022-04-12,9,14.3,89.5,3.0,140.0,10.0
2022-04-12,12,13.6,88.3,1.0,230.0,10.0
2022-04-12,15,13.7,88.9,0.0,0.0,10.0
2022-04-12,18,10.0,96.1,3.0,230.0,4.0
2022-04-12,21,10.0,92.2,2.0,270.0,10.0
2022-04-13,0,10.6,92.3,2.0,320.0,10.0
2022-04-13,3,9.8,95.4,0.0,0.0,10.0
2022-04-13,6,9.0,94.1,0.0,0.0,10.0
2022-04-13,9,11.6,82.9,3.0,50.0,10.0
2022-04-13,12,15.8,60.2,4.0,50.0,10.0
2022-04-13,15,18.2,52.0,2.0,90.0,20.0
2022-04-13,18,17.4,61.8,3.0,50.0,20.0
2022-04-13,21,13.3,61.7,3.0,90.0,10.0
2022-04-14,0,11.8,49.9,3.0,50.0,10.0
2022-04-14,3,10.8,49.6,3.0,50.0,10.0
2022-04-14,6,10.2,63.5,3.0,90.0,10.0
2022-04-14,9,12.0,55.6,2.0,50.0,10.0
2022-04-14,12,16.0,40.8,2.0,50.0,20.0
2022-04-14,15,18.0,37.8,1.0,90.0,20.0
2022-04-14,18,15.2,43.0,4.0,180.0,20.0
2022-04-14,21,10.4,51.7,2.0,230.0,10.0
2022-04-15,0,9.4,64.3,0.0,0.0,10.0
2022-04-15,3,6.0,77.1,0.0,0.0,10.0
2022-04-15,6,4.4,79.1,0.0,0.0,10.0
2022-04-15,9,8.6,72.3,0.0,0.0,10.0
2022-04-15,12,14.8,59.5,2.0,230.0,20.0
2022-04-15,15,15.1,33.1,4.0,320.0,10.0
2022-04-15,18,14.2,37.7,5.0,320.0,10.0
2022-04-15,21,10.0,54.7,3.0,270.0,10.0
2022-04-16,0,8.8,63.7,1.0,320.0,10.0
2022-04-16,3,8.0,59.5,3.0,360.0,10.0
2022-04-16,6,6.8,59.6,0.0,0.0,15.0
2022-04-16,9,10.0,57.9,0.0,0.0,20.0
2022-04-16,12,16.0,42.3,4.0,270.0,10.0
2022-04-16,15,17.6,40.1,6.0,230.0,10.0
2022-04-16,18,15.0,40.5,6.0,270.0,10.0
2022-04-16,21,9.2,48.8,1.0,270.0,10.0
2022-04-17,0,6.6,60.5,0.0,0.0,10.0
2022-04-17,3,3.2,86.1,2.0,90.0,10.0
2022-04-17,6,2.2,91.1,0.0,0.0,10.0
2022-04-17,9,8.8,77.0,0.0,0.0,10.0
2022-04-17,12,17.9,45.0,1.0,320.0,10.0
2022-04-17,15,18.2,28.2,7.0,320.0,10.0
2022-04-17,18,14.8,42.2,7.0,320.0,10.0
2022-04-17,21,11.5,50.2,0.0,0.0,10.0
2022-04-18,0,8.8,58.4,0.0,0.0,10.0
2022-04-18,3,9.6,70.5,1.0,140.0,10.0
2022-04-18,6,9.9,70.5,3.0,140.0,10.0
2022-04-18,9,12.1,66.7,0.0,0.0,10.0
2022-04-18,12,19.0,39.1,4.0,320.0,10.0
2022-04-18,15,17.8,42.2,6.0,230.0,10.0
2022-04-18,18,17.2,45.4,3.0,230.0,10.0
2022-04-18,21,10.0,59.6,0.0,0.0,10.0
2022-04-19,0,8.8,70.8,0.0,0.0,10.0
2022-04-19,3,4.8,79.2,1.0,90.0,10.0
2022-04-19,6,3.8,84.9,2.0,360.0,10.0
2022-04-19,9,10.0,75.6,0.0,0.0,4.0
2022-04-19,12,18.1,40.0,0.0,0.0,10.0
2022-04-19,15,20.0,19.3,7.0,230.0,10.0
2022-04-19,18,19.4,25.8,1.0,270.0,10.0
2022-04-19,21,13.0,44.8,1.0,90.0,10.0
2022-04-20,0,10.0,54.7,0.0,0.0,10.0
2022-04-20,3,6.6,65.5,0.0,0.0,10.0
2022-04-20,6,6.3,76.6,2.0,50.0,10.0
2022-04-20,9,12.1,71.5,3.0,120.0,10.0
2022-04-20,12,18.2,44.4,3.0,180.0,10.0
2022-04-20,15,21.1,35.6,5.0,200.0,10.0
2022-04-20,18,18.0,45.9,2.0,140.0,10.0
2022-04-20,21,13.0,64.6,1.0,140.0,10.0
2022-04-21,0,11.2,72.8,0.0,0.0,10.0
2022-04-21,3,8.4,84.3,4.0,90.0,10.0
2022-04-21,6,8.4,91.5,5.0,50.0,10.0
2022-04-21,9,13.0,73.6,3.0,140.0,15.0
2022-04-21,12,17.6,45.8,7.0,140.0,10.0
2022-04-21,15,17.4,59.3,6.0,140.0,10.0
2022-04-21,18,15.5,67.4,7.0,160.0,10.0
2022-04-21,21,13.8,77.3,5.0,180.0,10.0
2022-04-22,0,13.1,83.7,5.0,90.0,10.0
2022-04-22,3,14.1,76.3,5.0,180.0,10.0
2022-04-22,6,14.6,79.0,0.0,0.0,10.0
2022-04-22,9,13.6,84.3,1.0,230.0,10.0
2022-04-22,12,17.4,69.2,0.0,0.0,10.0
2022-04-22,15,16.6,62.0,1.0,360.0,10.0
2022-04-22,18,14.0,64.9,4.0,200.0,10.0
2022-04-22,21,10.2,75.7,1.0,270.0,10.0
2022-04-23,0,8.8,82.0,0.0,0.0,10.0
2022-04-23,3,5.0,82.7,1.0,50.0,10.0
2022-04-23,6,4.0,84.9,0.0,0.0,10.0
2022-04-23,9,11.2,69.3,0.0,0.0,10.0
2022-04-23,12,19.6,39.9,0.0,0.0,10.0
2022-04-23,15,22.3,38.2,3.0,140.0,20.0
2022-04-23,18,21.0,32.2,3.0,90.0,20.0
2022-04-23,21,16.4,43.3,3.0,140.0,15.0
2022-04-24,0,11.0,46.6,1.0,360.0,10.0
2022-04-24,3,9.4,68.5,5.0,90.0,10.0
2022-04-24,6,6.8,84.1,4.0,90.0,10.0
2022-04-24,9,10.6,84.5,4.0,90.0,10.0
2022-04-24,12,16.0,74.6,7.0,140.0,10.0
2022-04-24,15,17.7,65.7,6.0,180.0,10.0
2022-04-24,18,16.4,74.7,4.0,140.0,20.0
2022-04-24,21,14.8,82.8,2.0,140.0,10.0
2022-04-25,0,13.6,86.0,3.0,90.0,10.0
2022-04-25,3,13.8,91.9,3.0,70.0,10.0
2022-04-25,6,13.6,94.3,5.0,90.0,3.5
2022-04-25,9,14.9,90.7,2.0,140.0,4.0
2022-04-25,12,20.4,72.5,2.0,140.0,10.0
2022-04-25,15,19.8,72.4,2.0,140.0,10.0
2022-04-25,18,19.4,74.7,1.0,140.0,10.0
2022-04-25,21,17.9,82.1,3.0,90.0,10.0
2022-04-26,0,14.6,89.5,2.0,90.0,10.0
2022-04-26,3,13.2,89.4,0.0,0.0,10.0
2022-04-26,6,13.4,94.3,0.0,0.0,3.5
2022-04-26,9,16.8,90.3,0.0,0.0,10.0
2022-04-26,12,23.1,65.6,1.0,360.0,20.0
2022-04-26,15,22.6,49.5,4.0,340.0,10.0
2022-04-26,18,15.8,79.2,2.0,320.0,10.0
2022-04-26,21,12.0,81.9,2.0,230.0,10.0
2022-04-27,0,13.4,85.4,5.0,320.0,10.0
2022-04-27,3,13.0,83.6,8.0,360.0,10.0
2022-04-27,6,10.6,75.7,5.0,360.0,10.0
2022-04-27,9,13.0,68.3,2.0,360.0,10.0
2022-04-27,12,16.0,35.1,2.0,360.0,10.0
2022-04-27,15,16.5,36.3,4.0,320.0,10.0
2022-04-27,18,14.7,28.0,4.0,320.0,10.0
2022-04-27,21,10.6,55.6,4.0,320.0,10.0
2022-04-28,0,9.0,59.3,3.0,270.0,10.0
2022-04-28,3,7.6,65.2,0.0,0.0,10.0
2022-04-28,6,7.0,70.0,0.0,0.0,10.0
2022-04-28,9,12.6,61.1,0.0,0.0,10.0
2022-04-28,12,20.0,27.9,0.0,0.0,20.0
2022-04-28,15,18.8,22.6,6.0,340.0,10.0
2022-04-28,18,14.6,47.6,2.0,320.0,10.0
2022-04-28,21,12.2,64.9,2.0,320.0,10.0
2022-04-29,0,11.0,72.2,3.0,320.0,10.0
2022-04-29,3,11.0,89.8,0.0,0.0,4.0
2022-04-29,6,10.2,92.9,2.0,50.0,4.0
2022-04-29,9,10.6,86.8,0.0,0.0,10.0
2022-04-29,12,12.4,78.7,0.0,0.0,10.0
2022-04-29,15,14.0,73.3,3.0,230.0,10.0
2022-04-29,18,14.9,69.6,0.0,0.0,10.0
2022-04-29,21,11.0,87.5,2.0,230.0,10.0
2022-04-30,0,9.4,91.0,0.0,0.0,10.0
2022-04-30,3,7.6,94.0,0.0,0.0,3.5
2022-04-30,6,7.0,98.6,0.0,0.0,0.1
2022-04-30,9,10.2,89.2,0.0,0.0,4.0
2022-04-30,12,13.4,69.8,1.0,230.0,10.0
2022-04-30,15,11.8,73.9,1.0,230.0,10.0
2022-04-30,18,14.2,52.0,3.0,270.0,10.0
2022-04-30,21,8.2,58.7,3.0,230.0,10.0
2022-05-01,0,7.6,67.1,0.0,0.0,10.0
2022-05-01,3,5.0,79.2,0.0,0.0,10.0
2022-05-01,6,5.4,82.7,0.0,0.0,20.0
2022-05-01,9,13.2,71.2,1.0,230.0,20.0
2022-05-01,12,16.0,42.3,10.0,230.0,20.0
2022-05-01,15,15.6,41.9,11.0,270.0,10.0
2022-05-01,18,13.8,51.9,2.0,270.0,10.0
2022-05-01,21,9.3,73.4,1.0,270.0,10.0
2022-05-02,0,6.6,85.2,0.0,0.0,10.0
2022-05-02,3,4.2,89.9,0.0,0.0,10.0
2022-05-02,6,3.2,89.9,0.0,0.0,10.0
2022-05-02,9,10.4,78.4,0.0,0.0,10.0
2022-05-02,12,15.6,45.6,1.0,340.0,10.0
2022-05-02,15,15.0,28.7,4.0,320.0,10.0
2022-05-02,18,15.6,40.1,3.0,320.0,10.0
2022-05-02,21,9.4,52.6,0.0,0.0,10.0
2022-05-03,0,7.2,64.2,0.0,0.0,10.0
2022-05-03,3,2.8,78.9,0.0,0.0,10.0
2022-05-03,6,1.6,84.7,0.0,0.0,20.0
2022-05-03,9,12.8,69.7,0.0,0.0,20.0
2022-05-03,12,18.4,38.2,8.0,180.0,20.0
2022-05-03,15,18.6,23.7,4.0,230.0,20.0
2022-05-03,18,17.6,33.4,2.0,230.0,20.0
2022-05-03,21,13.2,50.7,4.0,180.0,10.0
2022-05-04,0,13.3,50.3,3.0,140.0,10.0
2022-05-04,3,14.1,49.8,0.0,0.0,10.0
2022-05-04,6,12.9,59.9,0.0,0.0,10.0
2022-05-04,9,17.1,66.0,4.0,140.0,10.0
2022-05-04,12,21.2,48.4,4.0,180.0,10.0
2022-05-04,15,21.6,34.5,2.0,180.0,10.0
2022-05-04,18,20.4,51.6,0.0,0.0,10.0
2022-05-04,21,15.0,60.0,0.0,0.0,10.0
2022-05-05,0,13.6,65.7,0.0,0.0,10.0
2022-05-05,3,11.6,70.9,6.0,90.0,10.0
2022-05-05,6,11.6,82.9,6.0,90.0,10.0
2022-05-05,9,17.0,61.3,3.0,140.0,20.0
2022-05-05,12,21.1,32.0,3.0,180.0,20.0
2022-05-05,15,21.0,42.5,7.0,180.0,15.0
2022-05-05,18,19.0,51.5,4.0,180.0,15.0
2022-05-05,21,15.8,73.6,4.0,140.0,10.0
2022-05-06,0,14.8,82.8,0.0,0.0,10.0
2022-05-06,3,16.0,74.6,0.0,0.0,10.0
2022-05-06,6,15.8,79.7,1.0,180.0,10.0
2022-05-06,9,18.1,80.5,0.0,0.0,10.0
2022-05-06,12,19.8,66.1,0.0,0.0,10.0
2022-05-06,15,22.6,56.8,2.0,230.0,10.0
2022-05-06,18,17.6,76.9,2.0,270.0,10.0
2022-05-06,21,15.6,89.0,4.0,270.0,10.0
2022-05-07,0,12.6,92.4,2.0,230.0,10.0
2022-05-07,3,12.2,94.9,2.0,270.0,10.0
2022-05-07,6,12.0,89.9,3.0,320.0,10.0
2022-05-07,9,14.6,75.9,2.0,320.0,10.0
2022-05-07,12,17.2,44.5,3.0,360.0,10.0
2022-05-07,15,16.7,35.8,4.0,340.0,10.0
2022-05-07,18,15.4,38.4,4.0,320.0,10.0
2022-05-07,21,14.1,49.8,4.0,320.0,10.0
2022-05-08,0,11.6,48.4,2.0,180.0,10.0
2022-05-08,3,11.5,56.7,0.0,0.0,10.0
2022-05-08,6,10.4,64.9,0.0,0.0,10.0
2022-05-08,9,13.1,56.3,0.0,0.0,10.0
2022-05-08,12,17.4,50.4,0.0,0.0,10.0
2022-05-08,15,16.2,45.7,4.0,50.0,10.0
2022-05-08,18,13.6,65.7,3.0,50.0,4.0
2022-05-08,21,11.4,85.7,2.0,50.0,10.0
2022-05-09,0,11.2,91.1,0.0,0.0,10.0
2022-05-09,3,8.6,94.1,0.0,0.0,10.0
2022-05-09,6,6.8,92.0,0.0,0.0,10.0
2022-05-09,9,13.2,74.6,0.0,0.0,20.0
2022-05-09,12,19.6,44.2,0.0,0.0,20.0
2022-05-09,15,20.1,42.9,3.0,230.0,10.0
2022-05-09,18,15.8,61.4,4.0,230.0,10.0
2022-05-09,21,11.2,77.4,3.0,230.0,10.0
2022-05-10,0,8.4,87.2,2.0,50.0,10.0
2022-05-10,3,7.8,87.2,0.0,0.0,10.0
2022-05-10,6,7.8,89.0,0.0,0.0,10.0
2022-05-10,9,16.6,72.3,0.0,0.0,10.0
2022-05-10,12,22.0,40.6,2.0,180.0,10.0
2022-05-10,15,21.8,33.4,2.0,230.0,10.0
2022-05-10,18,16.8,59.2,1.0,230.0,10.0
2022-05-10,21,13.6,72.7,3.0,230.0,10.0
2022-05-11,0,12.8,90.6,0.0,0.0,10.0
2022-05-11,3,12.6,85.9,0.0,0.0,10.0
2022-05-11,6,12.2,85.3,0.0,0.0,10.0
2022-05-11,9,15.4,66.1,0.0,0.0,10.0
2022-05-11,12,17.6,56.7,3.0,230.0,10.0
2022-05-11,15,20.0,45.9,1.0,270.0,10.0
2022-05-11,18,16.7,55.3,0.0,0.0,10.0
2022-05-11,21,13.4,70.3,3.0,230.0,10.0
2022-05-12,0,11.0,84.5,0.0,0.0,10.0
2022-05-12,3,8.6,87.8,0.0,0.0,10.0
2022-05-12,6,7.8,89.0,1.0,90.0,10.0
2022-05-12,9,16.1,64.0,1.0,90.0,10.0
2022-05-12,12,21.2,45.3,0.0,0.0,10.0
2022-05-12,15,19.0,44.0,4.0,360.0,10.0
2022-05-12,18,18.4,46.7,2.0,360.0,10.0
2022-05-12,21,16.2,58.6,0.0,0.0,10.0
2022-05-13,0,14.6,69.5,1.0,230.0,10.0
2022-05-13,3,15.2,68.3,2.0,320.0,10.0
2022-05-13,6,12.2,68.1,2.0,270.0,10.0
2022-05-13,9,15.8,57.4,2.0,270.0,10.0
2022-05-13,12,16.4,66.3,6.0,270.0,10.0
2022-05-13,15,18.3,54.2,3.0,320.0,10.0
2022-05-13,18,18.3,43.2,2.0,270.0,10.0
2022-05-13,21,11.6,74.9,2.0,270.0,10.0
2022-05-14,0,9.6,82.7,1.0,320.0,10.0
2022-05-14,3,10.6,80.0,0.0,0.0,10.0
2022-05-14,6,9.0,80.3,2.0,270.0,10.0
2022-05-14,9,14.8,61.6,3.0,320.0,10.0
2022-05-14,12,16.4,41.2,9.0,340.0,10.0
2022-05-14,15,16.6,32.3,3.0,270.0,10.0
2022-05-14,18,16.6,36.0,6.0,270.0,10.0
2022-05-14,21,11.6,53.6,4.0,230.0,10.0
2022-05-15,0,10.0,74.1,2.0,320.0,10.0
2022-05-15,3,6.8,77.8,0.0,0.0,10.0
2022-05-15,6,2.8,84.2,0.0,0.0,10.0
2022-05-15,9,13.1,70.2,1.0,270.0,10.0
2022-05-15,12,19.4,52.7,5.0,270.0,10.0
2022-05-15,15,20.0,40.5,8.0,270.0,10.0
2022-05-15,18,19.4,39.5,6.0,270.0,10.0
2022-05-15,21,13.6,47.0,5.0,270.0,10.0
2022-05-16,0,11.4,57.8,0.0,0.0,10.0
2022-05-16,3,8.6,71.8,0.0,0.0,10.0
2022-05-16,6,8.8,79.2,0.0,0.0,10.0
2022-05-16,9,16.8,64.6,1.0,140.0,10.0
2022-05-16,12,22.3,60.5,2.0,140.0,10.0
2022-05-16,15,22.4,50.1,5.0,230.0,10.0
2022-05-16,18,20.6,50.6,5.0,270.0,10.0
2022-05-16,21,16.0,62.3,0.0,0.0,10.0
2022-05-17,0,12.6,70.1,0.0,0.0,10.0
2022-05-17,3,12.0,87.6,5.0,90.0,10.0
2022-05-17,6,11.7,91.7,5.0,90.0,10.0
2022-05-17,9,17.6,78.9,2.0,140.0,10.0
2022-05-17,12,21.8,60.0,3.0,90.0,10.0
2022-05-17,15,25.4,50.2,3.0,140.0,10.0
2022-05-17,18,23.0,51.6,2.0,180.0,10.0
2022-05-17,21,17.0,59.2,3.0,180.0,10.0
2022-05-18,0,14.1,89.5,6.0,90.0,10.0
2022-05-18,3,14.0,89.5,5.0,50.0,10.0
2022-05-18,6,14.6,91.9,5.0,90.0,10.0
2022-05-18,9,19.4,74.7,1.0,180.0,10.0
2022-05-18,12,19.4,59.0,4.0,140.0,10.0
2022-05-18,15,23.0,44.6,3.0,140.0,10.0
2022-05-18,18,21.6,46.0,2.0,180.0,10.0
2022-05-18,21,16.4,70.4,3.0,90.0,10.0
2022-05-19,0,14.4,83.8,3.0,90.0,10.0
2022-05-19,3,13.0,90.6,3.0,90.0,10.0
2022-05-19,6,12.4,94.9,2.0,90.0,3.5
2022-05-19,9,17.1,89.7,2.0,90.0,3.5
2022-05-19,12,23.2,74.4,2.0,90.0,10.0
2022-05-19,15,24.7,54.8,3.0,90.0,10.0
2022-05-19,18,22.4,52.8,3.0,180.0,10.0
2022-05-19,21,16.8,59.2,4.0,90.0,10.0
2022-05-20,0,14.4,85.5,3.0,120.0,10.0
2022-05-20,3,13.8,88.9,4.0,90.0,10.0
2022-05-20,6,13.8,89.5,3.0,90.0,10.0
2022-05-20,9,18.9,87.6,3.0,90.0,10.0
2022-05-20,12,21.2,78.4,4.0,140.0,10.0
2022-05-20,15,25.2,55.6,2.0,180.0,10.0
2022-05-20,18,21.9,57.0,3.0,270.0,10.0
2022-05-20,21,17.4,70.6,1.0,270.0,10.0
2022-05-21,0,15.0,87.8,0.0,0.0,10.0
2022-05-21,3,12.8,92.4,0.0,0.0,10.0
2022-05-21,6,11.7,95.5,0.0,0.0,3.5
2022-05-21,9,17.6,95.1,0.0,0.0,3.5
2022-05-21,12,23.2,76.8,0.0,0.0,10.0
2022-05-21,15,25.2,63.2,2.0,270.0,10.0
2022-05-21,18,22.9,66.4,2.0,270.0,10.0
2022-05-21,21,15.1,75.0,2.0,90.0,10.0
2022-05-22,0,13.4,81.5,0.0,0.0,10.0
2022-05-22,3,13.6,90.0,2.0,90.0,10.0
2022-05-22,6,13.4,91.8,0.0,0.0,10.0
2022-05-22,9,18.8,88.2,1.0,90.0,10.0
2022-05-22,12,24.1,68.7,4.0,270.0,10.0
2022-05-22,15,25.9,55.1,1.0,230.0,10.0
2022-05-22,18,24.0,55.0,2.0,230.0,10.0
2022-05-22,21,18.2,62.0,0.0,0.0,10.0
2022-05-23,0,15.6,69.3,0.0,0.0,10.0
2022-05-23,3,14.5,84.4,2.0,90.0,10.0
2022-05-23,6,14.2,90.7,0.0,0.0,3.5
2022-05-23,9,18.8,85.4,3.0,90.0,10.0
2022-05-23,12,25.4,69.9,2.0,180.0,10.0
2022-05-23,15,29.9,51.7,0.0,0.0,10.0
2022-05-23,18,26.5,48.9,4.0,270.0,10.0
2022-05-23,21,18.8,54.7,0.0,0.0,10.0
2022-05-24,0,15.6,62.6,0.0,0.0,10.0
2022-05-24,3,14.6,79.0,0.0,0.0,10.0
2022-05-24,6,12.4,88.2,0.0,0.0,10.0
2022-05-24,9,21.3,72.7,2.0,90.0,10.0
2022-05-24,12,25.1,45.2,5.0,230.0,10.0
2022-05-24,15,26.0,45.1,4.0,270.0,20.0
2022-05-24,18,23.3,49.7,3.0,270.0,10.0
2022-05-24,21,18.6,57.7,0.0,0.0,20.0
2022-05-25,0,14.8,83.9,0.0,0.0,20.0
2022-05-25,3,15.0,91.9,0.0,0.0,10.0
2022-05-25,6,13.6,94.3,0.0,0.0,10.0
2022-05-25,9,19.3,79.7,0.0,0.0,10.0
2022-05-25,12,21.6,67.8,3.0,140.0,10.0
2022-05-25,15,17.9,87.5,3.0,230.0,4.0
2022-05-25,18,15.6,90.2,1.0,270.0,4.0
2022-05-25,21,13.7,90.6,4.0,230.0,10.0
2022-05-26,0,12.6,93.6,0.0,0.0,10.0
2022-05-26,3,11.1,92.3,0.0,0.0,10.0
2022-05-26,6,10.1,89.8,0.0,0.0,10.0
2022-05-26,9,16.4,81.9,0.0,0.0,20.0
2022-05-26,12,20.6,52.3,11.0,230.0,20.0
2022-05-26,15,21.4,47.5,14.0,270.0,10.0
2022-05-26,18,19.4,60.6,7.0,270.0,10.0
2022-05-26,21,16.6,75.7,5.0,270.0,10.0
2022-05-27,0,15.4,85.0,0.0,0.0,10.0
2022-05-27,3,13.1,88.2,0.0,0.0,10.0
2022-05-27,6,12.1,91.1,0.0,0.0,10.0
2022-05-27,9,15.4,80.7,3.0,230.0,20.0
2022-05-27,12,22.6,69.8,4.0,270.0,20.0
2022-05-27,15,24.0,39.8,5.0,270.0,20.0
2022-05-27,18,24.2,38.3,2.0,230.0,20.0
2022-05-27,21,17.8,51.9,2.0,270.0,20.0
2022-05-28,0,15.2,77.5,2.0,50.0,10.0
2022-05-28,3,14.6,83.8,3.0,90.0,10.0
2022-05-28,6,14.2,79.5,5.0,90.0,10.0
2022-05-28,9,19.6,74.8,5.0,90.0,10.0
2022-05-28,12,25.3,46.7,4.0,140.0,10.0
2022-05-28,15,26.5,48.6,6.0,180.0,10.0
2022-05-28,18,26.5,39.4,0.0,0.0,10.0
2022-05-28,21,19.8,60.3,5.0,140.0,10.0
2022-05-29,0,17.6,69.7,4.0,140.0,10.0
2022-05-29,3,16.0,80.2,5.0,140.0,10.0
2022-05-29,6,16.1,86.2,1.0,180.0,10.0
2022-05-29,9,18.4,93.9,0.0,0.0,10.0
2022-05-29,12,19.2,88.8,4.0,140.0,10.0
2022-05-29,15,20.6,76.4,5.0,140.0,10.0
2022-05-29,18,21.2,71.3,5.0,180.0,10.0
2022-05-29,21,18.0,76.4,1.0,140.0,10.0
2022-05-30,0,16.6,82.4,0.0,0.0,10.0
2022-05-30,3,15.4,86.7,0.0,0.0,10.0
2022-05-30,6,16.0,89.1,0.0,0.0,10.0
2022-05-30,9,17.8,94.5,0.0,0.0,10.0
2022-05-30,12,17.8,92.7,1.0,340.0,10.0
2022-05-30,15,19.4,72.8,3.0,340.0,20.0
2022-05-30,18,21.8,64.0,2.0,340.0,20.0
2022-05-30,21,15.6,68.8,3.0,230.0,10.0
2022-05-31,0,13.8,79.9,0.0,0.0,10.0
2022-05-31,3,10.4,88.0,0.0,0.0,15.0
2022-05-31,6,10.0,87.4,0.0,0.0,20.0
2022-05-31,9,17.2,78.8,2.0,90.0,20.0
2022-05-31,12,24.7,55.5,5.0,180.0,20.0
2022-05-31,15,24.7,48.8,4.0,230.0,20.0
2022-05-31,18,22.3,56.7,7.0,180.0,20.0
2022-05-31,21,19.0,70.0,3.0,180.0,10.0
2022-06-01,0,17.0,76.8,2.0,90.0,10.0
2022-06-01,3,17.4,87.5,1.0,270.0,3.5
2022-06-01,6,15.6,85.6,2.0,90.0,10.0
2022-06-01,9,18.8,74.1,2.0,90.0,10.0
2022-06-01,12,24.1,48.6,0.0,0.0,10.0
2022-06-01,15,25.9,43.6,2.0,320.0,10.0
2022-06-01,18,24.9,55.9,3.0,270.0,10.0
2022-06-01,21,18.7,70.4,3.0,270.0,10.0
2022-06-02,0,15.4,80.7,0.0,0.0,10.0
2022-06-02,3,15.2,91.3,3.0,90.0,10.0
2022-06-02,6,14.3,93.1,0.0,0.0,10.0
2022-06-02,9,19.8,76.7,2.0,180.0,10.0
2022-06-02,12,24.5,59.9,2.0,180.0,10.0
2022-06-02,15,26.7,48.3,2.0,180.0,20.0
2022-06-02,18,26.4,52.8,1.0,140.0,20.0
2022-06-02,21,19.4,64.8,3.0,180.0,10.0
2022-06-03,0,17.2,83.6,0.0,0.0,10.0
2022-06-03,3,15.6,89.0,0.0,0.0,10.0
2022-06-03,6,17.2,88.6,2.0,120.0,10.0
2022-06-03,9,20.4,71.6,2.0,70.0,10.0
2022-06-03,12,24.5,59.9,2.0,180.0,10.0
2022-06-03,15,25.4,58.6,6.0,180.0,10.0
2022-06-03,18,23.2,66.8,3.0,180.0,15.0
2022-06-03,21,18.1,83.2,2.0,140.0,10.0
2022-06-04,0,18.6,89.3,1.0,90.0,10.0
2022-06-04,3,18.0,90.9,4.0,140.0,10.0
2022-06-04,6,18.0,92.1,4.0,140.0,5.0
2022-06-04,9,19.8,82.3,1.0,140.0,10.0
2022-06-04,12,20.4,70.2,1.0,140.0,10.0
2022-06-04,15,23.5,55.6,1.0,180.0,10.0
2022-06-04,18,24.9,60.0,1.0,180.0,20.0
2022-06-04,21,21.4,70.0,2.0,140.0,10.0
2022-06-05,0,20.0,88.3,0.0,0.0,10.0
2022-06-05,3,19.3,80.7,0.0,0.0,10.0
2022-06-05,6,19.0,85.4,0.0,0.0,10.0
2022-06-05,9,21.4,70.0,1.0,120.0,10.0
2022-06-05,12,23.6,58.1,0.0,0.0,10.0
2022-06-05,15,22.9,62.6,1.0,320.0,10.0
2022-06-05,18,22.1,62.9,2.0,270.0,10.0
2022-06-05,21,20.0,69.7,0.0,0.0,10.0
2022-06-06,0,19.6,80.2,0.0,0.0,10.0
2022-06-06,3,18.2,85.3,1.0,360.0,10.0
2022-06-06,6,16.4,92.6,4.0,50.0,4.0
2022-06-06,9,20.0,80.3,1.0,90.0,20.0
2022-06-06,12,24.0,66.6,2.0,140.0,20.0
2022-06-06,15,21.4,55.0,2.0,230.0,20.0
2022-06-06,18,22.0,59.3,3.0,270.0,20.0
2022-06-06,21,19.6,76.7,2.0,360.0,20.0
2022-06-07,0,17.2,83.6,2.0,90.0,10.0
2022-06-07,3,14.2,87.8,4.0,50.0,10.0
2022-06-07,6,13.8,81.5,3.0,50.0,20.0
2022-06-07,9,16.8,76.3,0.0,0.0,20.0
2022-06-07,12,18.4,59.6,1.0,70.0,10.0
2022-06-07,15,20.6,57.4,0.0,0.0,10.0
2022-06-07,18,20.6,60.1,1.0,360.0,20.0
2022-06-07,21,18.0,66.2,1.0,320.0,10.0
2022-06-08,0,15.8,79.7,0.0,0.0,10.0
2022-06-08,3,15.4,81.8,1.0,90.0,10.0
2022-06-08,6,12.6,87.6,0.0,0.0,10.0
2022-06-08,9,20.8,72.1,1.0,140.0,10.0
2022-06-08,12,22.1,51.7,4.0,180.0,10.0
2022-06-08,15,24.9,46.3,2.0,230.0,10.0
2022-06-08,18,23.7,53.1,0.0,0.0,10.0
2022-06-08,21,18.6,76.0,3.0,270.0,10.0
2022-06-09,0,17.6,79.9,0.0,0.0,10.0
2022-06-09,3,16.8,86.3,2.0,90.0,10.0
2022-06-09,6,17.1,89.7,2.0,90.0,10.0
2022-06-09,9,18.6,92.7,2.0,90.0,3.5
2022-06-09,12,20.6,86.7,3.0,230.0,10.0
2022-06-09,15,21.0,74.5,3.0,230.0,10.0
2022-06-09,18,21.4,73.2,2.0,230.0,20.0
2022-06-09,21,18.1,84.2,0.0,0.0,10.0
2022-06-10,0,16.6,89.7,2.0,90.0,10.0
2022-06-10,3,17.8,93.9,0.0,0.0,10.0
2022-06-10,6,16.6,88.5,1.0,90.0,10.0
2022-06-10,9,17.2,94.4,1.0,20.0,3.5
2022-06-10,12,17.3,93.8,2.0,90.0,5.0
2022-06-10,15,18.3,89.8,1.0,180.0,10.0
2022-06-10,18,18.2,91.0,0.0,0.0,10.0
2022-06-10,21,17.1,95.0,3.0,90.0,4.0
2022-06-11,0,17.0,95.6,1.0,50.0,10.0
2022-06-11,3,16.6,94.4,0.0,0.0,10.0
2022-06-11,6,16.6,94.4,0.0,0.0,10.0
2022-06-11,9,19.4,86.6,0.0,0.0,10.0
2022-06-11,12,23.9,64.9,1.0,50.0,10.0
2022-06-11,15,27.0,51.3,1.0,320.0,10.0
2022-06-11,18,25.8,58.7,1.0,50.0,10.0
2022-06-11,21,22.5,68.4,0.0,0.0,10.0
2022-06-12,0,18.8,83.2,0.0,0.0,10.0
2022-06-12,3,18.2,87.0,0.0,0.0,10.0
2022-06-12,6,16.8,89.1,0.0,0.0,10.0
2022-06-12,9,22.5,74.8,2.0,90.0,10.0
2022-06-12,12,26.9,68.0,2.0,180.0,10.0
2022-06-12,15,28.6,63.1,1.0,180.0,10.0
2022-06-12,18,26.5,54.9,1.0,180.0,10.0
2022-06-12,21,22.0,77.1,0.0,0.0,10.0
2022-06-13,0,19.8,80.8,0.0,0.0,10.0
2022-06-13,3,18.4,82.1,2.0,90.0,10.0
2022-06-13,6,18.2,85.3,4.0,90.0,10.0
2022-06-13,9,21.4,74.1,1.0,50.0,10.0
2022-06-13,12,22.4,73.3,0.0,0.0,10.0
2022-06-13,15,25.5,64.8,0.0,0.0,10.0
2022-06-13,18,22.0,72.8,4.0,360.0,10.0
2022-06-13,21,18.9,92.7,5.0,50.0,10.0
2022-06-14,0,18.7,93.3,4.0,50.0,10.0
2022-06-14,3,17.4,83.1,4.0,20.0,10.0
2022-06-14,6,16.9,80.4,5.0,50.0,10.0
2022-06-14,9,20.8,70.3,3.0,90.0,10.0
2022-06-14,12,24.1,60.2,4.0,90.0,20.0
2022-06-14,15,23.8,62.1,3.0,90.0,10.0
2022-06-14,18,23.0,62.7,3.0,90.0,10.0
2022-06-14,21,19.4,69.1,4.0,140.0,10.0
2022-06-15,0,16.8,92.6,2.0,90.0,4.0
2022-06-15,3,14.6,94.3,4.0,90.0,4.0
2022-06-15,6,14.2,94.3,4.0,50.0,4.0
2022-06-15,9,15.1,93.1,0.0,0.0,4.0
2022-06-15,12,16.9,88.6,1.0,50.0,10.0
2022-06-15,15,18.9,88.2,1.0,50.0,10.0
2022-06-15,18,18.6,80.6,0.0,0.0,10.0
2022-06-15,21,17.2,78.8,0.0,0.0,10.0
2022-06-16,0,14.6,94.3,0.0,0.0,10.0
2022-06-16,3,14.1,93.1,0.0,0.0,10.0
2022-06-16,6,14.4,93.1,0.0,0.0,10.0
2022-06-16,9,18.4,84.8,0.0,0.0,10.0
2022-06-16,12,23.0,76.8,2.0,230.0,10.0
2022-06-16,15,24.1,66.6,4.0,230.0,20.0
2022-06-16,18,23.7,67.8,2.0,230.0,20.0
2022-06-16,21,19.6,75.7,0.0,0.0,20.0
2022-06-17,0,17.6,84.7,3.0,90.0,10.0
2022-06-17,3,16.4,91.4,2.0,90.0,10.0
2022-06-17,6,16.5,88.5,3.0,90.0,15.0
2022-06-17,9,19.0,84.3,2.0,90.0,10.0
2022-06-17,12,21.4,74.1,2.0,90.0,10.0
2022-06-17,15,22.7,64.6,3.0,140.0,10.0
2022-06-17,18,20.9,75.5,4.0,140.0,10.0
2022-06-17,21,20.8,92.3,6.0,180.0,10.0
2022-06-18,0,20.2,96.3,0.0,0.0,10.0
2022-06-18,3,20.2,92.2,4.0,140.0,4.0
2022-06-18,6,20.1,90.5,3.0,140.0,10.0
2022-06-18,9,21.1,90.0,2.0,140.0,10.0
2022-06-18,12,23.5,77.8,2.0,140.0,10.0
2022-06-18,15,23.7,79.8,2.0,140.0,10.0
2022-06-18,18,23.0,81.7,4.0,180.0,10.0
2022-06-18,21,21.4,82.5,3.0,140.0,10.0
2022-06-19,0,20.6,91.7,3.0,90.0,10.0
2022-06-19,3,20.4,94.0,4.0,90.0,10.0
2022-06-19,6,20.6,95.2,4.0,90.0,10.0
2022-06-19,9,21.3,90.0,2.0,120.0,10.0
2022-06-19,12,22.5,85.8,2.0,140.0,10.0
2022-06-19,15,24.7,89.7,5.0,140.0,10.0
2022-06-19,18,23.9,77.4,2.0,140.0,10.0
2022-06-19,21,22.7,84.2,0.0,0.0,10.0
2022-06-20,0,21.6,94.6,2.0,120.0,10.0
2022-06-20,3,21.0,94.6,3.0,90.0,10.0
2022-06-20,6,20.6,95.2,1.0,90.0,10.0
2022-06-20,9,22.6,87.4,2.0,90.0,10.0
2022-06-20,12,24.6,87.0,2.0,180.0,10.0
2022-06-20,15,26.3,84.6,4.0,180.0,10.0
2022-06-20,18,24.9,79.5,2.0,180.0,10.0
2022-06-20,21,21.8,83.6,2.0,270.0,10.0
2022-06-21,0,20.6,90.0,0.0,0.0,10.0
2022-06-21,3,20.4,96.4,2.0,90.0,10.0
2022-06-21,6,19.6,95.7,2.0,90.0,4.0
2022-06-21,9,21.1,91.7,0.0,0.0,4.0
2022-06-21,12,25.3,74.8,1.0,320.0,10.0
2022-06-21,15,28.2,65.4,2.0,270.0,10.0
2022-06-21,18,25.8,73.9,3.0,270.0,10.0
2022-06-21,21,22.3,85.2,4.0,270.0,10.0
2022-06-22,0,21.5,87.8,0.0,0.0,10.0
2022-06-22,3,20.8,90.6,2.0,50.0,10.0
2022-06-22,6,20.3,90.5,1.0,50.0,10.0
2022-06-22,9,25.1,85.0,4.0,180.0,10.0
2022-06-22,12,26.9,69.7,3.0,140.0,10.0
2022-06-22,15,27.4,59.8,2.0,180.0,10.0
2022-06-22,18,25.4,68.6,2.0,180.0,10.0
2022-06-22,21,23.2,76.8,4.0,140.0,10.0
2022-06-23,0,21.6,85.7,5.0,90.0,10.0
2022-06-23,3,21.4,91.7,8.0,180.0,10.0
2022-06-23,6,21.0,95.2,5.0,140.0,10.0
2022-06-23,9,22.0,97.0,5.0,140.0,3.5
2022-06-23,12,21.6,98.2,2.0,140.0,3.5
2022-06-23,15,23.3,97.6,0.0,0.0,3.5
2022-06-23,18,23.1,91.8,4.0,230.0,10.0
2022-06-23,21,22.9,95.8,3.0,320.0,5.0
2022-06-24,0,20.3,97.0,5.0,320.0,3.5
2022-06-24,3,20.0,96.3,5.0,230.0,10.0
2022-06-24,6,19.9,96.9,3.0,230.0,0.9
2022-06-24,9,22.1,85.7,3.0,230.0,3.5
2022-06-24,12,25.8,69.5,3.0,270.0,10.0
2022-06-24,15,26.4,67.9,6.0,270.0,10.0
2022-06-24,18,26.5,70.1,5.0,270.0,10.0
2022-06-24,21,22.3,75.7,5.0,270.0,10.0
2022-06-25,0,19.2,92.8,0.0,0.0,10.0
2022-06-25,3,17.2,94.4,3.0,90.0,10.0
2022-06-25,6,18.6,89.8,3.0,90.0,10.0
2022-06-25,9,23.4,74.4,2.0,140.0,10.0
2022-06-25,12,27.2,69.8,3.0,140.0,10.0
2022-06-25,15,29.4,59.5,0.0,0.0,10.0
2022-06-25,18,26.1,81.1,4.0,140.0,10.0
2022-06-25,21,23.5,91.3,8.0,140.0,10.0
2022-06-26,0,24.3,87.0,8.0,140.0,10.0
2022-06-26,3,23.9,89.7,6.0,230.0,10.0
2022-06-26,6,24.4,88.1,5.0,230.0,10.0
2022-06-26,9,25.2,89.2,1.0,270.0,10.0
2022-06-26,12,24.5,79.9,4.0,180.0,10.0
2022-06-26,15,25.2,72.0,2.0,140.0,10.0
2022-06-26,18,25.0,74.7,2.0,140.0,10.0
2022-06-26,21,23.7,81.3,4.0,140.0,10.0
2022-06-27,0,23.7,89.7,2.0,90.0,10.0
2022-06-27,3,22.3,95.2,5.0,90.0,4.0
2022-06-27,6,22.5,95.2,5.0,90.0,4.0
2022-06-27,9,24.2,94.7,6.0,140.0,5.0
2022-06-27,12,24.4,95.9,8.0,140.0,5.0
2022-06-27,15,23.9,92.4,4.0,180.0,10.0
2022-06-27,18,24.6,95.9,6.0,180.0,5.0
2022-06-27,21,24.1,97.0,9.0,180.0,5.0
2022-06-28,0,24.3,95.9,13.0,180.0,5.0
2022-06-28,3,24.7,96.5,9.0,180.0,5.0
2022-06-28,6,23.5,97.6,12.0,180.0,5.0
2022-06-28,9,23.6,93.0,13.0,180.0,3.5
2022-06-28,12,23.7,91.9,5.0,230.0,4.0
2022-06-28,15,23.4,94.7,7.0,230.0,4.0
2022-06-28,18,23.4,94.7,4.0,230.0,4.0
2022-06-28,21,23.8,94.7,3.0,180.0,4.0
2022-06-29,0,23.8,94.7,6.0,180.0,4.0
2022-06-29,3,23.4,95.3,11.0,180.0,4.0
2022-06-29,6,22.3,96.4,4.0,230.0,4.0
2022-06-29,9,22.7,94.1,2.0,270.0,10.0
2022-06-29,12,24.2,92.5,0.0,0.0,10.0
2022-06-29,15,25.2,86.6,4.0,180.0,10.0
2022-06-29,18,24.3,89.7,1.0,140.0,10.0
2022-06-29,21,23.5,88.0,1.0,90.0,10.0
2022-06-30,0,23.1,93.0,2.0,120.0,10.0
2022-06-30,3,22.8,94.7,4.0,140.0,10.0
2022-06-30,6,23.0,96.4,2.0,90.0,10.0
2022-06-30,9,23.1,98.2,1.0,50.0,5.0
2022-06-30,12,24.7,94.7,2.0,50.0,4.0
2022-06-30,15,24.9,94.8,3.0,180.0,10.0
2022-06-30,18,23.9,96.4,0.0,0.0,4.0
2022-06-30,21,23.5,97.6,1.0,140.0,4.0
2022-07-01,0,23.1,93.5,3.0,140.0,10.0
2022-07-01,3,23.9,96.4,7.0,230.0,4.0
2022-07-01,6,23.5,96.4,4.0,140.0,4.0
2022-07-01,9,23.9,92.4,1.0,180.0,10.0
2022-07-01,12,25.1,95.9,2.0,180.0,4.0
2022-07-01,15,25.7,90.4,4.0,180.0,10.0
2022-07-01,18,25.0,90.9,3.0,180.0,10.0
2022-07-01,21,24.3,90.3,1.0,180.0,10.0
2022-07-02,0,24.1,91.3,2.0,140.0,10.0
2022-07-02,3,23.9,90.8,4.0,140.0,10.0
2022-07-02,6,23.2,88.0,4.0,140.0,10.0
2022-07-02,9,24.7,79.4,1.0,230.0,10.0
2022-07-02,12,26.7,69.7,2.0,140.0,10.0
2022-07-02,15,27.0,71.9,1.0,140.0,10.0
2022-07-02,18,27.1,70.6,1.0,230.0,10.0
2022-07-02,21,24.3,83.9,0.0,0.0,10.0
2022-07-03,0,21.6,94.6,0.0,0.0,10.0
2022-07-03,3,20.2,94.0,0.0,0.0,10.0
2022-07-03,6,19.8,94.6,0.0,0.0,3.5
2022-07-03,9,23.7,84.3,0.0,0.0,10.0
2022-07-03,12,28.4,76.6,0.0,0.0,10.0
2022-07-03,15,28.9,68.8,3.0,270.0,10.0
2022-07-03,18,26.5,77.3,1.0,230.0,10.0
2022-07-03,21,23.5,85.4,0.0,0.0,10.0
2022-07-04,0,22.8,89.0,0.0,0.0,10.0
2022-07-04,3,22.0,92.3,0.0,0.0,10.0
2022-07-04,6,21.9,93.5,0.0,0.0,10.0
2022-07-04,9,26.4,77.7,1.0,50.0,10.0
2022-07-04,12,28.8,66.8,0.0,0.0,10.0
2022-07-04,15,30.0,63.8,1.0,230.0,10.0
2022-07-04,18,27.4,75.6,2.0,230.0,10.0
2022-07-04,21,25.7,78.6,0.0,0.0,10.0
2022-07-05,0,24.1,83.9,0.0,0.0,10.0
2022-07-05,3,23.5,88.6,0.0,0.0,10.0
2022-07-05,6,22.9,91.8,0.0,0.0,10.0
2022-07-05,9,28.2,79.0,0.0,0.0,10.0
2022-07-05,12,31.6,66.1,0.0,0.0,10.0
2022-07-05,15,31.2,60.0,0.0,0.0,10.0
2022-07-05,18,31.4,68.5,1.0,270.0,10.0
2022-07-05,21,27.6,80.3,0.0,0.0,10.0
2022-07-06,0,24.5,90.8,1.0,90.0,10.0
2022-07-06,3,23.5,94.1,1.0,90.0,10.0
2022-07-06,6,23.6,94.1,1.0,90.0,10.0
2022-07-06,9,26.7,81.7,2.0,140.0,10.0
2022-07-06,12,30.0,65.8,4.0,140.0,10.0
2022-07-06,15,29.8,69.8,5.0,140.0,10.0
2022-07-06,18,28.8,74.0,6.0,140.0,10.0
2022-07-06,21,27.5,79.8,2.0,140.0,10.0
2022-07-07,0,27.5,84.2,6.0,140.0,10.0
2022-07-07,3,27.1,93.7,8.0,140.0,4.0
2022-07-07,6,26.7,94.8,8.0,140.0,4.0
2022-07-07,9,25.7,98.2,9.0,180.0,3.5
2022-07-07,12,25.7,97.7,9.0,180.0,4.0
2022-07-07,15,25.6,95.9,5.0,230.0,4.0
2022-07-07,18,25.7,90.9,6.0,180.0,10.0
2022-07-07,21,24.3,96.5,4.0,180.0,5.0
2022-07-08,0,23.1,97.0,5.0,270.0,5.0
2022-07-08,3,22.1,94.6,0.0,0.0,10.0
2022-07-08,6,21.9,96.4,2.0,230.0,5.0
2022-07-08,9,21.9,97.6,2.0,320.0,10.0
2022-07-08,12,23.1,95.3,3.0,270.0,4.0
2022-07-08,15,25.3,86.6,3.0,230.0,10.0
2022-07-08,18,26.7,81.7,2.0,230.0,10.0
2022-07-08,21,23.0,90.2,1.0,180.0,10.0
2022-07-09,0,22.3,97.0,0.0,0.0,3.5
2022-07-09,3,21.4,94.6,1.0,270.0,3.5
2022-07-09,6,20.8,95.8,0.0,0.0,3.5
2022-07-09,9,24.1,92.5,0.0,0.0,10.0
2022-07-09,12,29.4,72.3,0.0,0.0,10.0
2022-07-09,15,31.4,59.3,0.0,0.0,20.0
2022-07-09,18,30.4,66.7,1.0,270.0,10.0
2022-07-09,21,26.3,77.3,0.0,0.0,10.0
2022-07-10,0,24.5,92.5,0.0,0.0,10.0
2022-07-10,3,23.7,89.7,2.0,50.0,10.0
2022-07-10,6,23.7,91.9,3.0,90.0,10.0
2022-07-10,9,26.0,84.6,1.0,90.0,10.0
2022-07-10,12,29.6,68.6,1.0,140.0,10.0
2022-07-10,15,31.0,56.4,3.0,140.0,10.0
2022-07-10,18,28.6,65.9,1.0,180.0,10.0
2022-07-10,21,25.7,82.5,0.0,0.0,10.0
2022-07-11,0,25.5,85.0,0.0,0.0,10.0
2022-07-11,3,23.5,91.3,0.0,0.0,10.0
2022-07-11,6,22.5,94.1,0.0,0.0,10.0
2022-07-11,9,24.3,92.5,0.0,0.0,10.0
2022-07-11,12,28.8,68.8,0.0,0.0,10.0
2022-07-11,15,29.8,69.8,0.0,0.0,10.0
2022-07-11,18,29.2,70.2,2.0,270.0,10.0
2022-07-11,21,25.3,82.0,0.0,0.0,10.0
2022-07-12,0,23.7,86.4,0.0,0.0,10.0
2022-07-12,3,23.5,88.6,1.0,90.0,10.0
2022-07-12,6,22.3,90.1,2.0,90.0,15.0
2022-07-12,9,23.4,82.8,2.0,50.0,15.0
2022-07-12,12,23.7,88.6,0.0,0.0,4.0
2022-07-12,15,27.3,85.2,0.0,0.0,10.0
2022-07-12,18,26.1,87.7,0.0,0.0,10.0
2022-07-12,21,25.4,89.2,2.0,90.0,10.0
2022-07-13,0,24.9,90.8,2.0,90.0,10.0
2022-07-13,3,24.7,95.9,3.0,90.0,4.0
2022-07-13,6,24.9,97.6,3.0,180.0,4.0
2022-07-13,9,25.0,97.6,8.0,180.0,4.0
2022-07-13,12,25.1,95.9,4.0,180.0,4.0
2022-07-13,15,25.8,90.9,0.0,0.0,10.0
2022-07-13,18,24.7,89.7,0.0,0.0,10.0
2022-07-13,21,23.3,95.9,3.0,200.0,10.0
2022-07-14,0,22.9,97.6,0.0,0.0,10.0
2022-07-14,3,22.7,94.1,4.0,320.0,10.0
2022-07-14,6,22.5,96.4,2.0,230.0,10.0
2022-07-14,9,24.0,85.4,1.0,320.0,10.0
2022-07-14,12,25.9,77.7,0.0,0.0,10.0
2022-07-14,15,27.6,77.0,4.0,230.0,20.0
2022-07-14,18,26.3,71.3,1.0,270.0,20.0
2022-07-14,21,22.9,87.4,2.0,230.0,15.0
2022-07-15,0,22.0,88.4,0.0,0.0,10.0
2022-07-15,3,20.8,90.0,0.0,0.0,10.0
2022-07-15,6,20.8,95.8,0.0,0.0,3.5
2022-07-15,9,22.0,94.6,0.0,0.0,4.0
2022-07-15,12,25.1,85.0,0.0,0.0,10.0
2022-07-15,15,28.4,69.6,2.0,230.0,20.0
2022-07-15,18,27.8,69.9,2.0,230.0,20.0
2022-07-15,21,24.1,79.3,3.0,270.0,10.0
2022-07-16,0,22.1,92.9,0.0,0.0,10.0
2022-07-16,3,22.0,92.3,0.0,0.0,10.0
2022-07-16,6,21.8,94.6,0.0,0.0,10.0
2022-07-16,9,24.5,77.5,2.0,320.0,10.0
2022-07-16,12,27.6,61.0,0.0,0.0,10.0
2022-07-16,15,28.6,62.0,4.0,230.0,10.0
2022-07-16,18,27.4,65.6,1.0,320.0,10.0
2022-07-16,21,23.1,77.7,1.0,270.0,10.0
2022-07-17,0,22.7,86.9,0.0,0.0,10.0
2022-07-17,3,21.2,88.9,0.0,0.0,10.0
2022-07-17,6,20.6,93.4,0.0,0.0,0.2
2022-07-17,9,24.2,82.8,0.0,0.0,10.0
2022-07-17,12,28.0,62.2,2.0,230.0,10.0
2022-07-17,15,28.8,54.8,2.0,270.0,20.0
2022-07-17,18,28.4,65.1,0.0,0.0,10.0
2022-07-17,21,24.9,87.6,3.0,270.0,10.0
2022-07-18,0,23.5,93.0,0.0,0.0,10.0
2022-07-18,3,22.3,95.2,0.0,0.0,10.0
2022-07-18,6,22.2,96.4,0.0,0.0,3.5
2022-07-18,9,24.9,84.5,3.0,140.0,10.0
2022-07-18,12,28.6,57.5,2.0,230.0,10.0
2022-07-18,15,30.4,55.5,2.0,230.0,10.0
2022-07-18,18,28.2,62.3,2.0,320.0,10.0
2022-07-18,21,24.5,79.4,2.0,230.0,10.0
2022-07-19,0,23.1,85.3,0.0,0.0,10.0
2022-07-19,3,22.7,91.3,0.0,0.0,10.0
2022-07-19,6,21.6,94.6,0.0,0.0,3.5
2022-07-19,9,24.2,89.7,0.0,0.0,3.5
2022-07-19,12,28.2,72.6,0.0,0.0,10.0
2022-07-19,15,31.0,51.4,2.0,320.0,20.0
2022-07-19,18,29.8,58.5,2.0,320.0,20.0
2022-07-19,21,25.4,76.6,3.0,270.0,10.0
2022-07-20,0,24.7,86.0,0.0,0.0,10.0
2022-07-20,3,22.9,91.8,1.0,140.0,10.0
2022-07-20,6,22.3,91.8,0.0,0.0,10.0
2022-07-20,9,25.9,80.1,0.0,0.0,10.0
2022-07-20,12,27.6,70.3,2.0,230.0,10.0
2022-07-20,15,28.4,63.9,1.0,230.0,10.0
2022-07-20,18,26.1,84.6,0.0,0.0,4.0
2022-07-20,21,24.9,90.8,2.0,320.0,4.0
2022-07-21,0,22.9,93.0,1.0,50.0,4.0
2022-07-21,3,20.8,95.8,2.0,90.0,4.0
2022-07-21,6,21.0,95.8,2.0,50.0,4.0
2022-07-21,9,23.3,83.3,2.0,270.0,10.0
2022-07-21,12,26.1,70.4,5.0,320.0,10.0
2022-07-21,15,28.3,55.3,4.0,270.0,10.0
2022-07-21,18,26.9,64.7,2.0,320.0,10.0
2022-07-21,21,23.5,80.2,3.0,320.0,10.0
2022-07-22,0,22.5,91.8,0.0,0.0,10.0
2022-07-22,3,22.9,93.5,4.0,270.0,10.0
2022-07-22,6,22.8,93.0,3.0,230.0,10.0
2022-07-22,9,25.0,84.5,2.0,270.0,10.0
2022-07-22,12,28.0,64.6,0.0,0.0,10.0
2022-07-22,15,29.1,61.7,3.0,230.0,10.0
2022-07-22,18,24.7,83.9,3.0,230.0,5.0
2022-07-22,21,23.9,88.1,0.0,0.0,10.0
2022-07-23,0,22.7,90.1,0.0,0.0,10.0
2022-07-23,3,21.6,94.6,2.0,90.0,10.0
2022-07-23,6,21.8,94.6,1.0,90.0,10.0
2022-07-23,9,23.5,90.2,2.0,90.0,10.0
2022-07-23,12,25.7,75.3,2.0,140.0,10.0
2022-07-23,15,24.7,79.4,2.0,140.0,4.0
2022-07-23,18,23.1,93.5,0.0,0.0,4.0
2022-07-23,21,21.4,95.2,5.0,70.0,10.0
2022-07-24,0,20.8,95.2,1.0,50.0,5.0
2022-07-24,3,21.2,92.3,5.0,50.0,5.0
2022-07-24,6,21.2,94.6,3.0,50.0,5.0
2022-07-24,9,22.3,93.5,0.0,0.0,4.0
2022-07-24,12,23.9,85.4,1.0,320.0,10.0
2022-07-24,15,26.9,73.2,1.0,360.0,10.0
2022-07-24,18,26.8,72.3,2.0,320.0,10.0
2022-07-24,21,23.5,78.8,1.0,270.0,20.0
2022-07-25,0,21.4,94.6,0.0,0.0,20.0
2022-07-25,3,20.2,95.2,0.0,0.0,10.0
2022-07-25,6,19.6,95.7,0.0,0.0,10.0
2022-07-25,9,23.5,83.3,0.0,0.0,20.0
2022-07-25,12,28.0,62.2,0.0,0.0,20.0
2022-07-25,15,30.2,60.8,0.0,0.0,20.0
2022-07-25,18,29.8,66.2,0.0,0.0,20.0
2022-07-25,21,25.1,83.0,1.0,270.0,10.0
2022-07-26,0,24.1,95.3,0.0,0.0,10.0
2022-07-26,3,23.1,93.5,0.0,0.0,10.0
2022-07-26,6,21.9,93.5,0.0,0.0,5.0
2022-07-26,9,25.7,83.0,0.0,0.0,10.0
2022-07-26,12,30.0,65.0,1.0,90.0,10.0
2022-07-26,15,31.0,68.0,2.0,230.0,10.0
2022-07-26,18,28.2,75.2,1.0,230.0,10.0
2022-07-26,21,25.9,80.6,0.0,0.0,10.0
2022-07-27,0,24.5,88.1,0.0,0.0,10.0
2022-07-27,3,23.7,89.7,2.0,90.0,10.0
2022-07-27,6,23.7,93.6,0.0,0.0,10.0
2022-07-27,9,25.9,87.7,0.0,0.0,10.0
2022-07-27,12,29.0,70.1,0.0,0.0,10.0
2022-07-27,15,31.8,61.9,0.0,0.0,10.0
2022-07-27,18,29.0,74.5,2.0,270.0,20.0
2022-07-27,21,26.9,81.7,0.0,0.0,10.0
2022-07-28,0,26.1,86.1,0.0,0.0,10.0
2022-07-28,3,24.4,89.7,0.0,0.0,10.0
2022-07-28,6,24.7,87.6,3.0,90.0,10.0
2022-07-28,9,26.3,78.7,2.0,90.0,10.0
2022-07-28,12,29.2,70.2,3.0,140.0,10.0
2022-07-28,15,30.8,59.5,3.0,140.0,10.0
2022-07-28,18,28.2,67.9,1.0,140.0,10.0
2022-07-28,21,26.7,78.7,0.0,0.0,10.0
2022-07-29,0,25.2,85.0,0.0,0.0,10.0
2022-07-29,3,24.9,89.2,3.0,90.0,10.0
2022-07-29,6,24.7,94.2,3.0,90.0,10.0
2022-07-29,9,27.7,77.9,3.0,90.0,10.0
2022-07-29,12,29.6,72.4,3.0,140.0,10.0
2022-07-29,15,30.2,71.6,2.0,230.0,10.0
2022-07-29,18,29.6,75.0,1.0,270.0,10.0
2022-07-29,21,27.9,80.8,0.0,0.0,10.0
2022-07-30,0,24.9,90.8,0.0,0.0,10.0
2022-07-30,3,25.5,93.7,0.0,0.0,10.0
2022-07-30,6,24.9,96.5,3.0,360.0,4.0
2022-07-30,9,24.5,92.5,0.0,0.0,10.0
2022-07-30,12,30.0,76.9,0.0,0.0,10.0
2022-07-30,15,33.0,64.5,1.0,90.0,10.0
2022-07-30,18,31.5,72.7,2.0,270.0,10.0
2022-07-30,21,28.1,82.3,0.0,0.0,10.0
2022-07-31,0,26.2,84.6,0.0,0.0,10.0
2022-07-31,3,25.1,94.8,2.0,50.0,4.0
2022-07-31,6,25.1,95.9,1.0,50.0,4.0
2022-07-31,9,26.2,94.2,0.0,0.0,4.0
2022-07-31,12,28.6,89.0,0.0,0.0,10.0
2022-07-31,15,26.9,94.8,0.0,0.0,3.5
2022-07-31,18,26.1,96.5,0.0,0.0,4.0
2022-07-31,21,25.1,97.6,0.0,0.0,4.0
2023-03-01,0,3.6,83.7,0.0,0.0,10.0
2023-03-01,3,2.9,97.2,0.0,0.0,10.0
2023-03-01,6,2.6,96.5,0.0,0.0,10.0
2023-03-01,9,2.9,87.9,0.0,0.0,4.0
2023-03-01,12,5.8,69.2,4.0,320.0,10.0
2023-03-01,15,7.4,57.2,4.0,320.0,10.0
2023-03-01,18,5.6,60.7,4.0,320.0,10.0
2023-03-01,21,3.4,75.6,4.0,320.0,10.0
2023-03-02,0,2.2,64.5,2.0,340.0,10.0
2023-03-02,3,1.4,54.8,5.0,320.0,10.0
2023-03-02,6,0.4,39.8,3.0,320.0,10.0
2023-03-02,9,0.6,45.6,2.0,360.0,15.0
2023-03-02,12,3.1,40.6,4.0,320.0,10.0
2023-03-02,15,5.8,40.2,4.0,270.0,20.0
2023-03-02,18,3.4,48.6,3.0,270.0,10.0
2023-03-02,21,-0.8,64.3,0.0,0.0,10.0
2023-03-03,0,-3.2,74.4,0.0,0.0,10.0
2023-03-03,3,-3.0,77.3,2.0,50.0,10.0
2023-03-03,6,-0.4,84.4,3.0,90.0,10.0
2023-03-03,9,2.2,82.3,0.0,0.0,10.0
2023-03-03,12,10.8,57.3,0.0,0.0,10.0
2023-03-03,15,12.2,53.3,2.0,270.0,10.0
2023-03-03,18,10.2,59.6,1.0,270.0,10.0
2023-03-03,21,4.0,69.8,0.0,0.0,10.0
2023-03-04,0,2.4,92.4,2.0,90.0,5.0
2023-03-04,3,2.8,95.1,4.0,90.0,5.0
2023-03-04,6,3.2,92.5,5.0,90.0,5.0
2023-03-04,9,4.2,91.9,2.0,90.0,4.0
2023-03-04,12,9.6,69.5,0.0,0.0,10.0
2023-03-04,15,14.4,54.7,0.0,0.0,10.0
2023-03-04,18,9.6,57.0,1.0,270.0,10.0
2023-03-04,21,3.6,76.2,0.0,0.0,10.0
2023-03-05,0,0.6,84.5,0.0,0.0,10.0
2023-03-05,3,-1.9,95.7,0.0,0.0,0.4
2023-03-05,6,-3.0,97.8,0.0,0.0,0.2
2023-03-05,9,-2.6,92.8,0.0,0.0,0.8
2023-03-05,12,11.4,66.5,0.0,0.0,10.0
2023-03-05,15,13.4,49.0,4.0,230.0,10.0
2023-03-05,18,10.0,55.5,1.0,270.0,10.0
2023-03-05,21,3.9,69.3,2.0,90.0,10.0
2023-03-06,0,1.0,79.2,0.0,0.0,10.0
2023-03-06,3,0.3,70.7,1.0,50.0,10.0
2023-03-06,6,0.0,65.4,0.0,0.0,10.0
2023-03-06,9,4.4,56.0,2.0,90.0,10.0
2023-03-06,12,12.6,48.7,4.0,140.0,10.0
2023-03-06,15,14.6,48.3,6.0,180.0,10.0
2023-03-06,18,10.4,61.0,2.0,140.0,10.0
2023-03-06,21,6.8,67.0,5.0,140.0,10.0
2023-03-07,0,6.2,79.4,6.0,90.0,10.0
2023-03-07,3,6.6,91.4,4.0,90.0,10.0
2023-03-07,6,7.0,89.5,3.0,90.0,10.0
2023-03-07,9,7.2,91.4,1.0,90.0,4.0
2023-03-07,12,10.6,78.4,5.0,90.0,10.0
2023-03-07,15,14.4,57.8,5.0,90.0,10.0
2023-03-07,18,12.8,62.4,5.0,90.0,10.0
2023-03-07,21,7.4,92.1,2.0,90.0,10.0
2023-03-08,0,6.0,95.3,5.0,90.0,5.0
2023-03-08,3,6.0,93.9,7.0,90.0,10.0
2023-03-08,6,6.2,94.0,8.0,90.0,10.0
2023-03-08,9,7.5,85.9,4.0,90.0,10.0
2023-03-08,12,12.0,74.9,3.0,120.0,10.0
2023-03-08,15,10.9,73.7,3.0,140.0,10.0
2023-03-08,18,11.4,75.9,4.0,140.0,10.0
2023-03-08,21,10.6,82.2,4.0,90.0,10.0
2023-03-09,0,9.5,86.7,3.0,90.0,10.0
2023-03-09,3,8.6,94.7,3.0,90.0,10.0
2023-03-09,6,8.1,94.7,2.0,270.0,10.0
2023-03-09,9,8.2,92.8,0.0,0.0,10.0
2023-03-09,12,10.6,80.6,2.0,270.0,10.0
2023-03-09,15,14.6,53.6,5.0,230.0,10.0
2023-03-09,18,13.8,60.1,1.0,270.0,10.0
2023-03-09,21,5.2,81.5,4.0,90.0,10.0
2023-03-10,0,4.6,95.2,4.0,90.0,10.0
2023-03-10,3,4.5,93.9,8.0,90.0,10.0
2023-03-10,6,3.2,92.5,8.0,90.0,10.0
2023-03-10,9,5.4,85.7,7.0,90.0,10.0
2023-03-10,12,12.8,65.5,4.0,90.0,10.0
2023-03-10,15,16.2,54.8,4.0,90.0,10.0
2023-03-10,18,13.2,60.8,7.0,90.0,10.0
2023-03-10,21,7.8,78.5,8.0,90.0,10.0
2023-03-11,0,6.8,77.8,0.0,0.0,10.0
2023-03-11,3,6.8,85.2,3.0,90.0,10.0
2023-03-11,6,7.8,91.5,8.0,90.0,10.0
2023-03-11,9,9.7,83.3,4.0,140.0,4.0
2023-03-11,12,15.8,49.6,2.0,140.0,10.0
2023-03-11,15,17.6,48.8,0.0,0.0,10.0
2023-03-11,18,10.7,76.3,3.0,270.0,10.0
2023-03-11,21,10.2,79.4,0.0,0.0,4.0
2023-03-12,0,6.8,88.3,0.0,0.0,4.0
2023-03-12,3,6.3,84.0,2.0,320.0,10.0
2023-03-12,6,5.7,86.3,3.0,320.0,4.0
2023-03-12,9,4.8,93.2,0.0,0.0,4.0
2023-03-12,12,5.4,77.0,6.0,320.0,10.0
2023-03-12,15,4.6,49.7,7.0,320.0,10.0
2023-03-12,18,3.4,52.5,7.0,320.0,10.0
2023-03-12,21,1.0,70.3,8.0,320.0,10.0
2023-03-13,0,0.6,61.2,10.0,320.0,10.0
2023-03-13,3,-0.6,61.4,4.0,320.0,10.0
2023-03-13,6,-2.6,69.5,0.0,0.0,10.0
2023-03-13,9,-0.8,62.3,0.0,0.0,10.0
2023-03-13,12,5.6,57.2,0.0,0.0,10.0
2023-03-13,15,7.0,53.1,4.0,230.0,10.0
2023-03-13,18,6.6,56.6,7.0,230.0,10.0
2023-03-13,21,5.9,63.5,6.0,180.0,10.0
2023-03-14,0,6.3,69.3,7.0,180.0,10.0
2023-03-14,3,6.0,77.1,7.0,140.0,10.0
2023-03-14,6,6.6,77.8,7.0,140.0,10.0
2023-03-14,9,7.4,69.0,2.0,140.0,10.0
2023-03-14,12,10.7,49.6,5.0,180.0,10.0
2023-03-14,15,11.2,47.3,7.0,140.0,10.0
2023-03-14,18,9.8,55.4,8.0,180.0,10.0
2023-03-14,21,8.5,56.7,5.0,140.0,10.0
2023-03-15,0,8.0,83.0,5.0,140.0,10.0
2023-03-15,3,9.4,81.5,8.0,180.0,10.0
2023-03-15,6,9.0,83.7,5.0,180.0,10.0
2023-03-15,9,8.2,87.2,4.0,230.0,10.0
2023-03-15,12,7.8,62.5,5.0,320.0,10.0
2023-03-15,15,6.8,33.4,3.0,320.0,10.0
2023-03-15,18,5.4,48.1,3.0,320.0,10.0
2023-03-15,21,3.0,39.6,2.0,320.0,10.0
2023-03-16,0,4.0,44.2,4.0,320.0,10.0
2023-03-16,3,1.8,50.4,3.0,270.0,10.0
2023-03-16,6,-1.3,72.0,0.0,0.0,10.0
2023-03-16,9,0.1,66.5,0.0,0.0,10.0
2023-03-16,12,7.7,49.5,2.0,320.0,10.0
2023-03-16,15,7.4,49.4,6.0,320.0,10.0
2023-03-16,18,5.7,56.8,3.0,320.0,10.0
2023-03-16,21,2.0,59.7,2.0,320.0,10.0
2023-03-17,0,0.0,55.7,0.0,0.0,10.0
2023-03-17,3,-1.9,69.7,0.0,0.0,10.0
2023-03-17,6,-2.8,82.2,0.0,0.0,10.0
2023-03-17,9,1.2,75.2,0.0,0.0,10.0
2023-03-17,12,9.1,60.6,2.0,50.0,10.0
2023-03-17,15,11.6,45.4,1.0,360.0,10.0
2023-03-17,18,8.1,48.2,3.0,360.0,10.0
2023-03-17,21,4.5,50.1,2.0,270.0,10.0
2023-03-18,0,2.4,59.4,4.0,270.0,10.0
2023-03-18,3,1.6,62.9,5.0,270.0,10.0
2023-03-18,6,0.8,69.7,0.0,0.0,10.0
2023-03-18,9,4.0,57.6,1.0,230.0,10.0
2023-03-18,12,10.6,49.2,3.0,320.0,10.0
2023-03-18,15,11.2,47.3,3.0,270.0,10.0
2023-03-18,18,8.8,54.7,3.0,270.0,10.0
2023-03-18,21,2.8,72.2,2.0,270.0,10.0
2023-03-19,0,1.8,81.6,1.0,360.0,10.0
2023-03-19,3,0.4,87.7,0.0,0.0,0.4
2023-03-19,6,-0.7,96.4,0.0,0.0,0.1
2023-03-19,9,-0.4,97.8,0.0,0.0,0.1
2023-03-19,12,11.1,82.3,0.0,0.0,10.0
2023-03-19,15,14.3,66.3,4.0,270.0,10.0
2023-03-19,18,10.8,51.1,4.0,230.0,10.0
2023-03-19,21,4.9,60.0,0.0,0.0,10.0
2023-03-20,0,-0.6,77.2,2.0,90.0,10.0
2023-03-20,3,-2.1,82.3,2.0,90.0,10.0
2023-03-20,6,-2.7,86.1,0.0,0.0,10.0
2023-03-20,9,2.0,66.4,0.0,0.0,10.0
2023-03-20,12,12.0,49.3,0.0,0.0,10.0
2023-03-20,15,14.6,43.4,4.0,270.0,10.0
2023-03-20,18,11.4,57.0,3.0,270.0,10.0
2023-03-20,21,5.7,66.7,0.0,0.0,10.0
2023-03-21,0,2.3,76.5,0.0,0.0,10.0
2023-03-21,3,1.9,72.6,1.0,120.0,10.0
2023-03-21,6,-0.3,78.4,0.0,0.0,10.0
2023-03-21,9,3.5,72.3,0.0,0.0,10.0
2023-03-21,12,15.8,48.6,0.0,0.0,10.0
2023-03-21,15,17.8,30.9,2.0,270.0,10.0
2023-03-21,18,13.9,35.8,1.0,270.0,10.0
2023-03-21,21,6.4,55.3,0.0,0.0,10.0
2023-03-22,0,3.4,64.3,0.0,0.0,10.0
2023-03-22,3,1.7,75.3,0.0,0.0,10.0
2023-03-22,6,5.0,79.2,1.0,90.0,10.0
2023-03-22,9,9.4,69.5,0.0,0.0,10.0
2023-03-22,12,16.0,50.0,1.0,360.0,10.0
2023-03-22,15,16.1,50.8,1.0,320.0,10.0
2023-03-22,18,11.5,79.1,0.0,0.0,10.0
2023-03-22,21,10.8,79.0,0.0,0.0,10.0
2023-03-23,0,9.8,81.6,0.0,0.0,4.0
2023-03-23,3,9.6,87.9,0.0,0.0,10.0
2023-03-23,6,8.6,88.4,2.0,230.0,10.0
2023-03-23,9,10.1,79.4,2.0,320.0,10.0
2023-03-23,12,12.6,59.8,2.0,360.0,10.0
2023-03-23,15,13.0,48.8,8.0,360.0,10.0
2023-03-23,18,12.0,43.6,5.0,320.0,4.5
2023-03-23,21,9.0,38.4,8.0,230.0,10.0
2023-03-24,0,5.6,34.1,2.0,50.0,10.0
2023-03-24,3,4.6,52.0,3.0,320.0,10.0
2023-03-24,6,3.8,57.6,6.0,320.0,10.0
2023-03-24,9,3.9,52.2,7.0,320.0,10.0
2023-03-24,12,5.8,48.9,6.0,320.0,10.0
2023-03-24,15,6.9,47.1,4.0,320.0,10.0
2023-03-24,18,6.1,52.0,2.0,320.0,10.0
2023-03-24,21,4.4,48.9,3.0,320.0,10.0
2023-03-25,0,3.5,54.9,0.0,0.0,10.0
2023-03-25,3,1.8,70.4,0.0,0.0,10.0
2023-03-25,6,-0.3,82.0,0.0,0.0,10.0
2023-03-25,9,3.6,70.8,0.0,0.0,10.0
2023-03-25,12,11.6,55.5,1.0,360.0,10.0
2023-03-25,15,11.6,49.1,5.0,180.0,10.0
2023-03-25,18,9.1,50.2,2.0,270.0,10.0
2023-03-25,21,7.4,49.4,2.0,360.0,10.0
2023-03-26,3,6.0,50.1,2.0,320.0,10.0
2023-03-26,6,4.4,66.9,3.0,320.0,10.0
2023-03-26,9,6.4,54.1,0.0,0.0,10.0
2023-03-26,12,9.6,42.6,4.0,320.0,10.0
2023-03-26,15,9.4,41.6,6.0,320.0,10.0
2023-03-26,18,7.7,50.6,7.0,320.0,10.0
2023-03-26,21,2.0,48.2,3.0,270.0,10.0
2023-03-27,0,-0.6,61.4,2.0,90.0,10.0
2023-03-27,3,-3.4,73.8,0.0,0.0,10.0
2023-03-27,6,-3.6,83.4,1.0,90.0,10.0
2023-03-27,9,2.4,80.0,0.0,0.0,10.0
2023-03-27,12,11.1,56.2,0.0,0.0,10.0
2023-03-27,15,12.0,45.5,3.0,270.0,10.0
2023-03-27,18,10.6,47.1,1.0,180.0,10.0
2023-03-27,21,5.8,69.2,3.0,140.0,10.0
2023-03-28,0,5.0,82.7,4.0,90.0,10.0
2023-03-28,3,3.9,83.1,4.0,90.0,10.0
2023-03-28,6,2.8,91.1,3.0,90.0,10.0
2023-03-28,9,6.2,73.9,2.0,90.0,10.0
2023-03-28,12,10.4,59.7,0.0,0.0,10.0
2023-03-28,15,14.8,47.0,0.0,0.0,10.0
2023-03-28,18,12.6,55.4,4.0,230.0,10.0
2023-03-28,21,6.0,73.9,2.0,270.0,10.0
2023-03-29,0,2.8,92.5,0.0,0.0,10.0
2023-03-29,3,0.2,95.0,0.0,0.0,0.1
2023-03-29,6,0.5,97.8,0.0,0.0,0.1
2023-03-29,9,4.0,94.5,0.0,0.0,4.0
2023-03-29,12,14.6,68.6,3.0,140.0,10.0
2023-03-29,15,16.4,53.0,2.0,230.0,10.0
2023-03-29,18,14.4,62.3,2.0,270.0,10.0
2023-03-29,21,7.4,59.3,2.0,90.0,10.0
2023-03-30,0,6.0,62.1,0.0,0.0,10.0
2023-03-30,3,3.6,73.4,0.0,0.0,10.0
2023-03-30,6,2.0,83.5,0.0,0.0,10.0
2023-03-30,9,5.4,74.8,0.0,0.0,10.0
2023-03-30,12,16.8,57.6,0.0,0.0,10.0
2023-03-30,15,18.8,54.7,3.0,270.0,10.0
2023-03-30,18,16.2,60.3,4.0,270.0,10.0
2023-03-30,21,9.2,70.4,0.0,0.0,10.0
2023-03-31,0,5.4,74.8,0.0,0.0,10.0
2023-03-31,3,3.8,79.6,0.0,0.0,10.0
2023-03-31,6,1.7,91.1,0.0,0.0,10.0
2023-03-31,9,7.0,61.0,0.0,0.0,10.0
2023-03-31,12,18.1,47.6,0.0,0.0,10.0
2023-03-31,15,22.0,43.4,3.0,270.0,10.0
2023-03-31,18,18.2,54.6,4.0,230.0,10.0
2023-03-31,21,9.8,55.4,2.0,270.0,10.0
2023-04-01,0,7.5,58.1,0.0,0.0,10.0
2023-04-01,3,4.4,75.2,0.0,0.0,10.0
2023-04-01,6,2.1,79.9,0.0,0.0,10.0
2023-04-01,9,6.8,71.9,0.0,0.0,10.0
2023-04-01,12,20.6,53.4,0.0,0.0,10.0
2023-04-01,15,22.5,43.0,4.0,270.0,10.0
2023-04-01,18,17.4,50.4,3.0,230.0,10.0
2023-04-01,21,11.0,52.6,0.0,0.0,10.0
2023-04-02,0,8.0,56.1,0.0,0.0,10.0
2023-04-02,3,4.6,65.0,0.0,0.0,10.0
2023-04-02,6,3.4,75.6,0.0,0.0,10.0
2023-04-02,9,11.4,68.4,0.0,0.0,10.0
2023-04-02,12,21.8,54.4,2.0,90.0,10.0
2023-04-02,15,24.0,48.2,1.0,230.0,10.0
2023-04-02,18,22.7,46.6,0.0,0.0,10.0
2023-04-02,21,13.4,65.2,0.0,0.0,10.0
2023-04-03,0,10.1,68.2,0.0,0.0,10.0
2023-04-03,3,6.6,67.9,3.0,90.0,10.0
2023-04-03,6,8.8,55.5,3.0,50.0,10.0
2023-04-03,9,14.6,52.9,0.0,0.0,10.0
2023-04-03,12,22.0,49.0,0.0,0.0,10.0
2023-04-03,15,23.8,47.6,2.0,140.0,10.0
2023-04-03,18,19.2,49.5,2.0,270.0,10.0
2023-04-03,21,14.6,52.9,1.0,270.0,10.0
2023-04-04,0,12.4,56.9,1.0,270.0,10.0
2023-04-04,3,12.6,61.1,1.0,50.0,10.0
2023-04-04,6,12.8,65.5,2.0,50.0,10.0
2023-04-04,9,16.0,54.3,1.0,140.0,10.0
2023-04-04,12,17.1,56.9,5.0,140.0,10.0
2023-04-04,15,16.0,54.3,2.0,90.0,10.0
2023-04-04,18,14.2,64.9,0.0,0.0,4.0
2023-04-04,21,12.2,85.3,4.0,90.0,5.0
2023-04-05,0,12.1,89.9,4.0,90.0,5.0
2023-04-05,3,11.8,95.5,9.0,90.0,5.0
2023-04-05,6,11.7,96.1,6.0,90.0,5.0
2023-04-05,9,12.4,94.9,2.0,90.0,4.0
2023-04-05,12,11.4,97.4,3.0,140.0,4.0
2023-04-05,15,11.0,97.4,2.0,140.0,10.0
2023-04-05,18,8.8,94.7,3.0,140.0,10.0
2023-04-05,21,8.5,95.4,3.0,140.0,10.0
2023-04-06,0,8.9,95.4,3.0,140.0,10.0
2023-04-06,3,8.4,97.3,1.0,90.0,10.0
2023-04-06,6,8.0,96.6,3.0,90.0,10.0
2023-04-06,9,7.6,90.8,1.0,270.0,0.5
2023-04-06,12,9.0,77.6,2.0,270.0,3.5
2023-04-06,15,10.8,67.8,4.0,270.0,10.0
2023-04-06,18,8.8,68.8,3.0,230.0,10.0
2023-04-06,21,6.4,83.4,1.0,230.0,10.0
2023-04-07,0,4.6,79.1,0.0,0.0,10.0
2023-04-07,3,5.0,81.5,0.0,0.0,10.0
2023-04-07,6,4.3,83.2,1.0,320.0,10.0
2023-04-07,9,8.2,64.4,1.0,320.0,10.0
2023-04-07,12,9.0,54.8,3.0,320.0,20.0
2023-04-07,15,8.2,49.6,5.0,320.0,20.0
2023-04-07,18,7.6,49.8,7.0,320.0,20.0
2023-04-07,21,4.8,65.1,5.0,270.0,10.0
2023-04-08,0,4.8,61.8,5.0,270.0,10.0
2023-04-08,3,3.6,76.2,1.0,320.0,10.0
2023-04-08,6,2.6,78.8,0.0,0.0,10.0
2023-04-08,9,6.7,73.5,0.0,0.0,10.0
2023-04-08,12,12.2,56.8,2.0,360.0,10.0
2023-04-08,15,13.8,50.1,3.0,270.0,10.0
2023-04-08,18,12.4,50.8,3.0,270.0,10.0
2023-04-08,21,6.6,58.3,0.0,0.0,10.0
2023-04-09,0,3.2,72.8,0.0,0.0,10.0
2023-04-09,3,1.7,78.1,0.0,0.0,10.0
2023-04-09,6,1.2,87.1,2.0,50.0,10.0
2023-04-09,9,6.0,66.3,3.0,90.0,10.0
2023-04-09,12,15.8,47.3,0.0,0.0,10.0
2023-04-09,15,17.4,43.3,4.0,230.0,10.0
2023-04-09,18,14.2,49.9,4.0,230.0,10.0
2023-04-09,21,10.8,62.4,6.0,230.0,10.0
2023-04-10,0,9.2,80.9,0.0,0.0,10.0
2023-04-10,3,9.2,80.9,5.0,140.0,10.0
2023-04-10,6,8.4,87.2,5.0,90.0,10.0
2023-04-10,9,10.6,65.0,5.0,180.0,10.0
2023-04-10,12,13.8,45.1,6.0,180.0,10.0
2023-04-10,15,15.0,43.5,7.0,180.0,10.0
2023-04-10,18,12.8,48.8,7.0,180.0,10.0
2023-04-10,21,11.4,80.1,7.0,140.0,10.0
2023-04-11,0,10.7,84.5,8.0,140.0,10.0
2023-04-11,3,12.0,72.9,9.0,180.0,10.0
2023-04-11,6,13.0,72.1,6.0,180.0,10.0
2023-04-11,9,12.2,88.2,3.0,270.0,5.0
2023-04-11,12,14.0,77.3,2.0,230.0,10.0
2023-04-11,15,15.2,63.0,3.0,320.0,10.0
2023-04-11,18,14.6,63.2,4.0,230.0,5.0
2023-04-11,21,11.0,61.1,2.0,230.0,4.0
2023-04-12,0,6.6,66.9,0.0,0.0,4.0
2023-04-12,3,2.4,78.2,0.0,0.0,4.0
2023-04-12,6,0.2,80.8,0.0,0.0,4.0
2023-04-12,9,4.6,69.5,0.0,0.0,4.0
2023-04-12,12,13.5,50.4,6.0,270.0,4.0
2023-04-12,15,15.8,45.6,4.0,270.0,4.0
2023-04-12,18,14.6,51.0,3.0,270.0,4.5
2023-04-12,21,9.3,49.6,1.0,180.0,5.0
2023-04-13,0,6.8,55.8,2.0,140.0,5.0
2023-04-13,3,5.1,64.7,0.0,0.0,5.0
2023-04-13,6,6.1,73.4,0.0,0.0,5.0
2023-04-13,9,11.6,73.3,0.0,0.0,10.0
2023-04-13,12,15.8,41.3,3.0,230.0,10.0
2023-04-13,15,14.4,31.7,0.0,0.0,10.0
2023-04-13,18,13.9,27.2,2.0,180.0,10.0
2023-04-13,21,12.0,42.9,0.0,0.0,10.0
2023-04-14,0,11.0,51.9,0.0,0.0,10.0
2023-04-14,3,9.2,53.3,3.0,140.0,10.0
2023-04-14,6,8.6,75.4,4.0,90.0,10.0
2023-04-14,9,10.6,89.8,2.0,90.0,10.0
2023-04-14,12,14.0,84.9,2.0,140.0,10.0
2023-04-14,15,13.9,84.9,0.0,0.0,10.0
2023-04-14,18,14.6,79.0,1.0,140.0,10.0
2023-04-14,21,13.4,88.3,0.0,0.0,10.0
2023-04-15,0,12.2,93.0,0.0,0.0,10.0
2023-04-15,3,11.4,94.8,1.0,230.0,5.0
2023-04-15,6,11.3,94.8,0.0,0.0,5.0
2023-04-15,9,9.1,90.9,2.0,230.0,4.5
2023-04-15,12,10.4,82.2,1.0,270.0,10.0
2023-04-15,15,10.8,63.2,4.0,270.0,10.0
2023-04-15,18,12.4,55.7,4.0,230.0,10.0
2023-04-15,21,8.2,67.3,0.0,0.0,4.0
2023-04-16,0,6.8,75.1,0.0,0.0,10.0
2023-04-16,3,7.8,86.0,0.0,0.0,10.0
2023-04-16,6,8.8,79.2,2.0,90.0,10.0
2023-04-16,9,10.4,76.2,3.0,230.0,10.0
2023-04-16,12,14.8,45.0,3.0,320.0,10.0
2023-04-16,15,15.8,46.9,5.0,230.0,15.0
2023-04-16,18,12.7,51.6,4.0,230.0,10.0
2023-04-16,21,8.8,65.5,4.0,230.0,10.0
2023-04-17,0,7.4,70.0,0.0,0.0,10.0
2023-04-17,3,3.6,84.9,0.0,0.0,10.0
2023-04-17,6,3.4,89.9,0.0,0.0,10.0
2023-04-17,9,8.0,81.9,0.0,0.0,10.0
2023-04-17,12,15.1,64.2,3.0,140.0,10.0
2023-04-17,15,15.2,56.0,4.0,140.0,10.0
2023-04-17,18,13.6,60.5,0.0,0.0,10.0
2023-04-17,21,12.4,64.1,3.0,90.0,10.0
2023-04-18,0,11.6,70.9,4.0,90.0,4.0
2023-04-18,3,11.7,81.3,4.0,50.0,10.0
2023-04-18,6,11.8,78.0,4.0,90.0,10.0
2023-04-18,9,12.0,67.6,2.0,50.0,10.0
2023-04-18,12,15.8,53.6,2.0,360.0,10.0
2023-04-18,15,20.4,52.3,2.0,270.0,10.0
2023-04-18,18,18.8,56.6,1.0,320.0,10.0
2023-04-18,21,11.2,70.8,2.0,230.0,10.0
2023-04-19,0,9.2,87.9,0.0,0.0,10.0
2023-04-19,3,6.8,87.1,0.0,0.0,10.0
2023-04-19,6,6.6,88.3,0.0,0.0,10.0
2023-04-19,9,14.4,69.5,0.0,0.0,10.0
2023-04-19,12,21.1,45.3,2.0,90.0,10.0
2023-04-19,15,20.3,51.9,5.0,230.0,10.0
2023-04-19,18,19.9,53.9,3.0,270.0,10.0
2023-04-19,21,14.2,67.2,0.0,0.0,10.0
2023-04-20,0,12.6,77.6,0.0,0.0,10.0
2023-04-20,3,13.6,88.3,0.0,0.0,10.0
2023-04-20,6,12.9,96.1,1.0,90.0,10.0
2023-04-20,9,13.6,91.8,0.0,0.0,3.5
2023-04-20,12,14.6,87.8,0.0,0.0,10.0
2023-04-20,15,15.6,75.6,2.0,320.0,10.0
2023-04-20,18,17.0,65.1,1.0,50.0,10.0
2023-04-20,21,13.6,65.7,3.0,360.0,10.0
2023-04-21,0,11.5,69.9,4.0,320.0,10.0
2023-04-21,3,10.5,59.7,2.0,360.0,10.0
2023-04-21,6,11.7,29.1,7.0,360.0,10.0
2023-04-21,9,13.2,21.1,7.0,360.0,10.0
2023-04-21,12,16.0,19.3,9.0,360.0,10.0
2023-04-21,15,16.5,18.7,8.0,360.0,10.0
2023-04-21,18,16.5,23.0,5.0,320.0,10.0
2023-04-21,21,15.0,39.9,2.0,360.0,10.0
2023-04-22,0,15.0,35.8,4.0,360.0,10.0
2023-04-22,3,11.6,44.1,2.0,140.0,10.0
2023-04-22,6,8.6,49.4,0.0,0.0,10.0
2023-04-22,9,11.8,42.0,0.0,0.0,10.0
2023-04-22,12,16.6,24.4,2.0,90.0,10.0
2023-04-22,15,19.8,16.9,3.0,360.0,20.0
2023-04-22,18,17.4,22.7,2.0,360.0,20.0
2023-04-22,21,12.8,32.4,0.0,0.0,10.0
2023-04-23,0,8.6,48.3,0.0,0.0,10.0
2023-04-23,3,5.4,63.3,0.0,0.0,10.0
2023-04-23,6,5.6,64.8,0.0,0.0,10.0
2023-04-23,9,11.4,67.5,0.0,0.0,10.0
2023-04-23,12,19.6,56.4,0.0,0.0,15.0
2023-04-23,15,19.4,47.9,3.0,320.0,10.0
2023-04-23,18,16.2,45.7,3.0,320.0,10.0
2023-04-23,21,13.4,40.9,2.0,320.0,10.0
2023-04-24,0,12.6,40.4,3.0,320.0,10.0
2023-04-24,3,11.3,57.4,3.0,320.0,10.0
2023-04-24,6,9.2,48.8,2.0,90.0,10.0
2023-04-24,9,11.4,56.2,0.0,0.0,10.0
2023-04-24,12,17.4,42.7,0.0,0.0,10.0
2023-04-24,15,18.8,34.2,4.0,270.0,10.0
2023-04-24,18,18.1,37.5,2.0,230.0,10.0
2023-04-24,21,11.8,63.0,0.0,0.0,10.0
2023-04-25,0,7.4,70.0,0.0,0.0,10.0
2023-04-25,3,6.2,79.9,0.0,0.0,10.0
2023-04-25,6,7.2,89.6,2.0,90.0,10.0
2023-04-25,9,9.6,73.0,0.0,0.0,10.0
2023-04-25,12,11.2,57.8,3.0,180.0,10.0
2023-04-25,15,11.6,68.9,2.0,230.0,10.0
2023-04-25,18,11.8,57.9,3.0,230.0,20.0
2023-04-25,21,9.8,70.0,4.0,270.0,10.0
2023-04-26,0,9.4,91.0,0.0,0.0,10.0
2023-04-26,3,8.6,88.4,6.0,270.0,10.0
2023-04-26,6,6.6,82.9,5.0,320.0,10.0
2023-04-26,9,7.1,68.5,4.0,320.0,10.0
2023-04-26,12,8.2,64.4,4.0,320.0,10.0
2023-04-26,15,12.6,55.4,3.0,320.0,10.0
2023-04-26,18,11.4,55.0,5.0,320.0,10.0
2023-04-26,21,7.1,66.5,1.0,270.0,10.0
2023-04-27,0,4.1,71.9,0.0,0.0,10.0
2023-04-27,3,1.6,84.7,0.0,0.0,10.0
2023-04-27,6,2.4,85.4,1.0,50.0,10.0
2023-04-27,9,10.3,65.4,1.0,140.0,10.0
2023-04-27,12,15.4,36.5,5.0,140.0,10.0
2023-04-27,15,16.8,32.4,4.0,180.0,10.0
2023-04-27,18,14.2,42.1,4.0,140.0,10.0
2023-04-27,21,9.6,57.8,4.0,140.0,10.0
2023-04-28,0,7.8,75.8,6.0,90.0,10.0
2023-04-28,3,6.2,83.4,5.0,90.0,10.0
2023-04-28,6,6.2,83.4,7.0,90.0,10.0
2023-04-28,9,10.2,70.6,1.0,140.0,10.0
2023-04-28,12,17.2,46.3,4.0,180.0,20.0
2023-04-28,15,16.2,42.9,5.0,180.0,20.0
2023-04-28,18,16.2,52.6,3.0,140.0,10.0
2023-04-28,21,14.1,76.3,3.0,140.0,10.0
2023-04-29,0,13.1,85.9,3.0,140.0,10.0
2023-04-29,3,12.6,93.6,4.0,90.0,10.0
2023-04-29,6,12.7,96.8,3.0,140.0,5.0
2023-04-29,9,12.2,94.9,0.0,0.0,5.0
2023-04-29,12,12.8,92.4,5.0,320.0,10.0
2023-04-29,15,12.4,76.6,9.0,320.0,10.0
2023-04-29,18,9.2,79.8,9.0,320.0,10.0
2023-04-29,21,9.2,89.1,5.0,270.0,10.0
2023-04-30,0,8.0,87.8,4.0,270.0,10.0
2023-04-30,3,6.8,90.1,0.0,0.0,10.0
2023-04-30,6,6.4,92.7,0.0,0.0,10.0
2023-04-30,9,11.3,71.8,1.0,90.0,10.0
2023-04-30,12,15.3,52.3,3.0,180.0,10.0
2023-04-30,15,15.7,57.7,0.0,0.0,10.0
2023-04-30,18,15.6,54.6,4.0,230.0,10.0
2023-04-30,21,10.1,75.1,3.0,270.0,10.0
2023-05-01,0,8.4,89.6,0.0,0.0,10.0
2023-05-01,3,6.3,91.4,0.0,0.0,10.0
2023-05-01,6,4.1,92.5,0.0,0.0,10.0
2023-05-01,9,9.6,83.8,0.0,0.0,10.0
2023-05-01,12,17.2,59.7,1.0,140.0,20.0
2023-05-01,15,20.0,33.3,5.0,270.0,20.0
2023-05-01,18,17.4,41.2,4.0,230.0,20.0
2023-05-01,21,13.2,48.9,0.0,0.0,10.0
2023-05-02,0,10.4,63.6,3.0,90.0,10.0
2023-05-02,3,8.6,71.8,2.0,90.0,10.0
2023-05-02,6,8.0,79.1,6.0,90.0,10.0
2023-05-02,9,14.0,67.6,1.0,90.0,10.0
2023-05-02,12,19.2,58.2,4.0,180.0,20.0
2023-05-02,15,19.1,55.2,5.0,140.0,10.0
2023-05-02,18,17.4,57.4,1.0,140.0,10.0
2023-05-02,21,15.0,64.6,2.0,140.0,10.0
2023-05-03,0,14.4,65.4,0.0,0.0,10.0
2023-05-03,3,10.6,75.7,4.0,90.0,10.0
2023-05-03,6,9.7,77.2,4.0,90.0,15.0
2023-05-03,9,16.9,53.1,1.0,50.0,10.0
2023-05-03,12,21.8,34.3,5.0,140.0,10.0
2023-05-03,15,22.9,36.6,5.0,140.0,10.0
2023-05-03,18,19.4,63.9,2.0,180.0,10.0
2023-05-03,21,16.8,82.5,3.0,180.0,10.0
2023-05-04,0,15.0,90.2,2.0,90.0,10.0
2023-05-04,3,13.4,91.8,3.0,90.0,10.0
2023-05-04,6,13.6,89.5,2.0,90.0,10.0
2023-05-04,9,18.0,83.7,2.0,90.0,10.0
2023-05-04,12,20.6,64.2,6.0,140.0,10.0
2023-05-04,15,21.2,66.0,4.0,140.0,10.0
2023-05-04,18,19.4,91.6,0.0,0.0,4.0
2023-05-04,21,17.4,96.9,1.0,90.0,4.0
2023-05-05,0,16.8,94.4,0.0,0.0,4.0
2023-05-05,3,16.8,96.9,4.0,90.0,3.5
2023-05-05,6,16.7,97.5,5.0,50.0,4.0
2023-05-05,9,17.0,96.9,2.0,140.0,4.0
2023-05-05,12,16.2,96.9,3.0,180.0,4.0
2023-05-05,15,16.6,88.5,2.0,90.0,10.0
2023-05-05,18,16.2,93.2,0.0,0.0,4.0
2023-05-05,21,15.4,96.8,0.0,0.0,4.0
2023-05-06,0,15.5,93.8,3.0,50.0,10.0
2023-05-06,3,15.0,95.6,6.0,90.0,10.0
2023-05-06,6,14.8,94.3,3.0,70.0,10.0
2023-05-06,9,14.8,85.5,3.0,50.0,20.0
2023-05-06,12,14.7,64.6,3.0,90.0,20.0
2023-05-06,15,15.6,46.2,4.0,90.0,20.0
2023-05-06,18,17.1,43.5,3.0,90.0,20.0
2023-05-06,21,13.0,63.3,2.0,50.0,10.0
2023-05-07,0,10.8,67.8,0.0,0.0,10.0
2023-05-07,3,10.1,64.9,0.0,0.0,10.0
2023-05-07,6,8.5,72.8,0.0,0.0,15.0
2023-05-07,9,13.0,66.9,1.0,50.0,20.0
2023-05-07,12,16.2,59.9,1.0,50.0,20.0
2023-05-07,15,18.4,43.6,0.0,0.0,20.0
2023-05-07,18,19.4,41.8,1.0,320.0,20.0
2023-05-07,21,12.0,64.0,0.0,0.0,10.0
2023-05-08,0,10.2,82.2,0.0,0.0,10.0
2023-05-08,3,9.2,86.7,2.0,50.0,10.0
2023-05-08,6,7.6,90.2,0.0,0.0,10.0
2023-05-08,9,14.8,80.1,0.0,0.0,10.0
2023-05-08,12,19.8,66.1,0.0,0.0,10.0
2023-05-08,15,20.9,50.0,2.0,230.0,20.0
2023-05-08,18,19.0,48.2,3.0,230.0,20.0
2023-05-08,21,12.4,56.9,1.0,270.0,10.0
2023-05-09,0,9.6,67.6,0.0,0.0,10.0
2023-05-09,3,7.1,88.3,0.0,0.0,10.0
2023-05-09,6,5.4,92.6,1.0,90.0,10.0
2023-05-09,9,15.3,66.0,0.0,0.0,10.0
2023-05-09,12,20.6,43.6,2.0,270.0,10.0
2023-05-09,15,22.1,38.7,4.0,230.0,10.0
2023-05-09,18,21.4,33.3,3.0,270.0,10.0
2023-05-09,21,14.8,66.4,0.0,0.0,10.0
2023-05-10,0,11.4,70.3,0.0,0.0,10.0
2023-05-10,3,8.6,82.5,0.0,0.0,10.0
2023-05-10,6,7.0,92.7,0.0,0.0,10.0
2023-05-10,9,13.0,83.6,0.0,0.0,10.0
2023-05-10,12,22.7,53.9,0.0,0.0,20.0
2023-05-10,15,24.9,33.4,6.0,270.0,20.0
2023-05-10,18,22.0,38.7,4.0,270.0,20.0
2023-05-10,21,14.6,55.5,0.0,0.0,15.0
2023-05-11,0,13.8,55.3,0.0,0.0,10.0
2023-05-11,3,9.2,72.9,0.0,0.0,10.0
2023-05-11,6,7.9,81.9,1.0,50.0,15.0
2023-05-11,9,15.2,60.0,0.0,0.0,10.0
2023-05-11,12,22.3,49.7,0.0,0.0,20.0
2023-05-11,15,23.7,40.0,4.0,270.0,20.0
2023-05-11,18,22.3,38.2,3.0,270.0,20.0
2023-05-11,21,13.8,68.4,0.0,0.0,10.0
2023-05-12,0,11.5,82.3,0.0,0.0,10.0
2023-05-12,3,9.8,91.6,2.0,360.0,10.0
2023-05-12,6,9.6,94.7,0.0,0.0,10.0
2023-05-12,9,15.5,70.2,1.0,20.0,10.0
2023-05-12,12,22.3,30.0,3.0,140.0,10.0
2023-05-12,15,22.7,37.1,3.0,230.0,10.0
2023-05-12,18,20.8,50.0,2.0,230.0,10.0
2023-05-12,21,14.1,88.9,0.0,0.0,10.0
2023-05-13,0,12.0,87.6,0.0,0.0,10.0
2023-05-13,3,12.0,90.5,4.0,140.0,10.0
2023-05-13,6,11.0,93.5,3.0,90.0,10.0
2023-05-13,9,15.0,74.0,1.0,140.0,10.0
2023-05-13,12,17.4,54.7,2.0,180.0,20.0
2023-05-13,15,15.6,67.9,0.0,0.0,4.0
2023-05-13,18,16.2,78.2,0.0,0.0,10.0
2023-05-13,21,14.0,89.5,2.0,90.0,10.0
2023-05-14,0,13.2,94.3,1.0,140.0,10.0
2023-05-14,3,11.2,94.8,2.0,50.0,10.0
2023-05-14,6,10.4,95.4,3.0,90.0,10.0
2023-05-14,9,14.6,85.5,0.0,0.0,10.0
2023-05-14,12,18.9,69.5,0.0,0.0,10.0
2023-05-14,15,21.2,54.6,2.0,140.0,10.0
2023-05-14,18,20.8,54.9,0.0,0.0,10.0
2023-05-14,21,15.0,79.0,2.0,90.0,10.0
2023-05-15,0,13.0,81.4,1.0,90.0,10.0
2023-05-15,3,12.9,84.8,5.0,90.0,10.0
2023-05-15,6,12.3,86.4,5.0,90.0,10.0
2023-05-15,9,16.8,64.2,4.0,90.0,10.0
2023-05-15,12,22.6,48.8,3.0,140.0,10.0
2023-05-15,15,23.0,54.4,4.0,180.0,10.0
2023-05-15,18,21.4,50.1,4.0,140.0,10.0
2023-05-15,21,17.4,78.9,4.0,140.0,10.0
2023-05-16,0,15.8,92.6,6.0,140.0,10.0
2023-05-16,3,15.1,95.6,6.0,140.0,10.0
2023-05-16,6,14.6,94.3,6.0,90.0,10.0
2023-05-16,9,19.0,81.7,4.0,140.0,4.0
2023-05-16,12,26.1,54.8,2.0,140.0,10.0
2023-05-16,15,27.4,46.4,6.0,140.0,10.0
2023-05-16,18,23.7,54.5,7.0,140.0,10.0
2023-05-16,21,20.0,64.5,7.0,140.0,10.0
2023-05-17,3,15.4,83.9,8.0,140.0,10.0
2023-05-17,6,17.2,91.5,8.0,140.0,4.0
2023-05-17,9,17.6,95.1,8.0,180.0,4.0
2023-05-17,12,19.9,78.2,3.0,180.0,10.0
2023-05-17,15,19.4,83.8,2.0,230.0,10.0
2023-05-17,18,21.6,68.7,4.0,230.0,10.0
2023-05-17,21,18.8,81.7,0.0,0.0,10.0
2023-05-18,0,16.6,88.5,0.0,0.0,10.0
2023-05-18,3,15.6,95.0,2.0,270.0,10.0
2023-05-18,6,15.1,95.6,0.0,0.0,10.0
2023-05-18,9,18.6,89.8,0.0,0.0,10.0
2023-05-18,12,23.0,65.1,0.0,0.0,10.0
2023-05-18,15,23.6,61.2,4.0,230.0,15.0
2023-05-18,18,21.0,70.8,3.0,230.0,15.0
2023-05-18,21,16.0,89.1,0.0,0.0,10.0
2023-05-19,0,14.6,90.7,0.0,0.0,10.0
2023-05-19,3,14.6,91.9,0.0,0.0,10.0
2023-05-19,6,13.5,93.1,0.0,0.0,5.0
2023-05-19,9,20.0,82.9,0.0,0.0,10.0
2023-05-19,12,24.5,56.9,0.0,0.0,20.0
2023-05-19,15,24.9,58.1,1.0,270.0,20.0
2023-05-19,18,23.7,60.5,3.0,270.0,20.0
2023-05-19,21,17.2,78.8,3.0,270.0,10.0
2023-05-20,0,15.2,91.9,0.0,0.0,10.0
2023-05-20,3,13.4,95.5,0.0,0.0,10.0
2023-05-20,6,13.2,95.5,0.0,0.0,10.0
2023-05-20,9,19.8,67.0,2.0,180.0,10.0
2023-05-20,12,23.3,50.3,4.0,230.0,10.0
2023-05-20,15,22.3,58.2,3.0,230.0,10.0
2023-05-20,18,19.2,66.4,6.0,270.0,10.0
2023-05-20,21,17.0,80.4,6.0,270.0,10.0
2023-05-21,0,16.0,87.9,1.0,270.0,10.0
2023-05-21,3,15.8,87.9,0.0,0.0,10.0
2023-05-21,6,13.6,86.0,0.0,0.0,10.0
2023-05-21,9,16.6,70.4,2.0,270.0,10.0
2023-05-21,12,21.4,42.7,2.0,290.0,4.0
2023-05-21,15,21.6,29.4,3.0,360.0,4.0
2023-05-21,18,18.9,42.5,3.0,320.0,6.0
2023-05-21,21,16.0,64.9,2.0,320.0,5.0
2023-05-22,0,14.8,72.0,2.0,230.0,5.0
2023-05-22,3,13.2,81.5,2.0,270.0,5.0
2023-05-22,6,13.4,81.5,0.0,0.0,5.0
2023-05-22,9,18.2,76.5,0.0,0.0,5.0
2023-05-22,12,23.1,58.4,1.0,360.0,5.0
2023-05-22,15,23.3,54.1,4.0,360.0,10.0
2023-05-22,18,22.7,61.4,3.0,320.0,20.0
2023-05-22,21,17.4,63.9,4.0,230.0,15.0
2023-05-23,0,14.8,63.7,0.0,0.0,10.0
2023-05-23,3,11.4,75.9,0.0,0.0,10.0
2023-05-23,6,9.6,81.0,0.0,0.0,10.0
2023-05-23,9,17.6,70.6,0.0,0.0,20.0
2023-05-23,12,25.2,58.2,1.0,50.0,20.0
2023-05-23,15,23.3,50.3,5.0,320.0,20.0
2023-05-23,18,24.1,49.2,2.0,320.0,20.0
2023-05-23,21,17.8,57.9,0.0,0.0,10.0
2023-05-24,0,11.6,70.9,0.0,0.0,10.0
2023-05-24,3,9.8,89.1,0.0,0.0,10.0
2023-05-24,6,8.4,87.2,1.0,50.0,10.0
2023-05-24,9,18.2,60.3,0.0,0.0,10.0
2023-05-24,12,23.5,33.4,3.0,140.0,20.0
2023-05-24,15,24.0,29.8,1.0,140.0,20.0
2023-05-24,18,21.7,33.8,2.0,230.0,20.0
2023-05-24,21,16.2,45.7,2.0,90.0,10.0
2023-05-25,0,13.8,70.8,2.0,90.0,10.0
2023-05-25,3,12.7,84.2,3.0,90.0,10.0
2023-05-25,6,11.1,93.5,4.0,90.0,10.0
2023-05-25,9,17.2,68.2,2.0,90.0,20.0
2023-05-25,12,22.5,55.3,3.0,180.0,20.0
2023-05-25,15,22.7,59.5,3.0,230.0,20.0
2023-05-25,18,19.2,70.9,3.0,230.0,20.0
2023-05-25,21,17.0,75.8,0.0,0.0,10.0
2023-05-26,0,14.9,80.1,0.0,0.0,10.0
2023-05-26,3,14.2,82.1,3.0,90.0,10.0
2023-05-26,6,14.6,82.7,0.0,0.0,10.0
2023-05-26,9,18.6,75.6,0.0,0.0,10.0
2023-05-26,12,22.0,61.6,2.0,180.0,10.0
2023-05-26,15,23.8,48.8,3.0,180.0,20.0
2023-05-26,18,21.6,62.8,4.0,180.0,15.0
2023-05-26,21,19.1,80.7,0.0,0.0,10.0
2023-05-27,0,16.5,86.3,1.0,90.0,10.0
2023-05-27,3,15.6,92.6,2.0,50.0,10.0
2023-05-27,6,14.8,94.3,2.0,90.0,10.0
2023-05-27,9,16.8,89.1,1.0,90.0,10.0
2023-05-27,12,17.1,96.9,3.0,90.0,4.0
2023-05-27,15,17.8,96.9,2.0,50.0,4.0
2023-05-27,18,18.1,95.1,2.0,160.0,4.0
2023-05-27,21,17.0,96.9,1.0,180.0,4.0
2023-05-28,0,18.8,96.9,3.0,180.0,4.0
2023-05-28,3,18.4,96.9,4.0,180.0,4.0
2023-05-28,6,18.0,95.7,4.0,180.0,4.0
2023-05-28,9,18.2,96.3,0.0,0.0,4.0
2023-05-28,12,18.8,95.7,0.0,0.0,4.0
2023-05-28,15,20.4,90.5,0.0,0.0,10.0
2023-05-28,18,20.0,96.3,0.0,0.0,4.0
2023-05-28,21,18.6,96.3,0.0,0.0,10.0
2023-05-29,0,18.0,95.7,0.0,0.0,10.0
2023-05-29,3,18.2,96.9,0.0,0.0,10.0
2023-05-29,6,18.4,97.5,1.0,320.0,5.0
2023-05-29,9,20.6,92.3,0.0,0.0,10.0
2023-05-29,12,24.7,77.5,0.0,0.0,10.0
2023-05-29,15,26.4,59.9,2.0,320.0,10.0
2023-05-29,18,26.1,57.7,1.0,320.0,10.0
2023-05-29,21,19.5,67.4,0.0,0.0,10.0
2023-05-30,0,18.6,85.4,0.0,0.0,10.0
2023-05-30,3,17.6,92.7,0.0,0.0,10.0
2023-05-30,6,16.4,96.9,0.0,0.0,10.0
2023-05-30,9,20.6,75.4,1.0,90.0,10.0
2023-05-30,12,25.5,64.8,2.0,50.0,10.0
2023-05-30,15,25.1,62.3,2.0,50.0,10.0
2023-05-30,18,24.1,59.4,3.0,50.0,10.0
2023-05-30,21,21.2,76.5,2.0,50.0,10.0
2023-05-31,0,18.2,88.7,1.0,360.0,10.0
2023-05-31,3,17.6,89.8,0.0,0.0,10.0
2023-05-31,6,16.0,90.2,0.0,0.0,10.0
2023-05-31,9,22.3,79.6,0.0,0.0,20.0
2023-05-31,12,25.3,62.0,0.0,0.0,20.0
2023-05-31,15,25.5,63.2,1.0,140.0,20.0
2023-05-31,18,24.3,66.6,1.0,270.0,10.0
2023-05-31,21,19.8,74.8,2.0,270.0,10.0
2023-06-01,0,18.6,87.0,0.0,0.0,10.0
2023-06-01,3,17.8,96.9,0.0,0.0,10.0
2023-06-01,6,17.8,94.5,0.0,0.0,10.0
2023-06-01,9,19.6,84.4,0.0,0.0,10.0
2023-06-01,12,22.3,66.7,1.0,270.0,10.0
2023-06-01,15,23.8,57.1,3.0,230.0,20.0
2023-06-01,18,23.5,58.5,2.0,230.0,20.0
2023-06-01,21,18.3,78.5,1.0,270.0,10.0
2023-06-02,0,16.3,77.2,0.0,0.0,10.0
2023-06-02,3,17.6,88.6,3.0,230.0,10.0
2023-06-02,6,17.5,93.9,2.0,230.0,10.0
2023-06-02,9,18.9,87.6,2.0,230.0,10.0
2023-06-02,12,22.1,58.9,3.0,360.0,15.0
2023-06-02,15,22.7,57.9,4.0,320.0,15.0
2023-06-02,18,22.5,56.8,5.0,320.0,15.0
2023-06-02,21,18.6,66.7,3.0,320.0,10.0
2023-06-03,0,16.8,77.3,2.0,320.0,10.0
2023-06-03,3,14.8,86.7,1.0,270.0,10.0
2023-06-03,6,13.0,93.0,0.0,0.0,10.0
2023-06-03,9,20.1,67.1,0.0,0.0,10.0
2023-06-03,12,25.7,34.3,6.0,320.0,10.0
2023-06-03,15,25.5,34.9,7.0,270.0,10.0
2023-06-03,18,23.9,50.5,4.0,270.0,10.0
2023-06-03,21,18.4,77.5,1.0,270.0,10.0
2023-06-04,0,16.7,80.3,0.0,0.0,10.0
2023-06-04,3,15.4,83.9,1.0,230.0,10.0
2023-06-04,6,12.1,94.8,0.0,0.0,10.0
2023-06-04,9,18.2,75.5,0.0,0.0,15.0
2023-06-04,12,22.6,65.0,0.0,0.0,15.0
2023-06-04,15,27.9,55.9,4.0,270.0,20.0
2023-06-04,18,24.1,50.5,4.0,270.0,20.0
2023-06-04,21,19.8,67.9,4.0,270.0,10.0
2023-06-05,0,16.6,81.4,0.0,0.0,10.0
2023-06-05,3,14.6,94.3,0.0,0.0,10.0
2023-06-05,6,15.0,90.7,0.0,0.0,10.0
2023-06-05,9,19.8,78.2,0.0,0.0,10.0
2023-06-05,12,24.4,57.6,3.0,270.0,10.0
2023-06-05,15,23.9,57.1,6.0,320.0,10.0
2023-06-05,18,23.1,51.6,5.0,270.0,10.0
2023-06-05,21,17.6,78.9,4.0,270.0,10.0
2023-06-06,0,17.6,81.0,5.0,230.0,10.0
2023-06-06,3,16.0,93.2,0.0,0.0,10.0
2023-06-06,6,16.2,90.8,0.0,0.0,10.0
2023-06-06,9,18.4,75.5,1.0,230.0,10.0
2023-06-06,12,22.5,61.0,5.0,270.0,10.0
2023-06-06,15,22.9,62.6,2.0,270.0,10.0
2023-06-06,18,22.5,68.4,1.0,230.0,10.0
2023-06-06,21,19.0,83.8,0.0,0.0,10.0
2023-06-07,0,18.6,85.4,0.0,0.0,10.0
2023-06-07,3,18.0,92.7,3.0,180.0,10.0
2023-06-07,6,17.8,96.9,4.0,90.0,10.0
2023-06-07,9,20.6,81.4,3.0,140.0,10.0
2023-06-07,12,21.8,78.0,3.0,140.0,10.0
2023-06-07,15,21.5,81.0,3.0,140.0,10.0
2023-06-07,18,20.2,88.8,4.0,140.0,3.5
2023-06-07,21,19.4,92.2,4.0,140.0,3.5
2023-06-08,0,18.8,90.4,4.0,360.0,10.0
2023-06-08,3,18.4,84.8,0.0,0.0,10.0
2023-06-08,6,17.8,96.9,3.0,140.0,4.0
2023-06-08,9,18.6,92.1,4.0,180.0,10.0
2023-06-08,12,18.7,92.2,2.0,140.0,10.0
2023-06-08,15,20.7,77.4,3.0,180.0,10.0
2023-06-08,18,21.0,81.9,2.0,230.0,10.0
2023-06-08,21,20.0,90.5,0.0,0.0,10.0
2023-06-09,0,18.4,92.1,0.0,0.0,10.0
2023-06-09,3,18.0,89.2,3.0,230.0,10.0
2023-06-09,6,16.6,92.6,1.0,50.0,5.0
2023-06-09,9,18.8,85.4,0.0,0.0,10.0
2023-06-09,12,21.6,70.0,3.0,140.0,10.0
2023-06-09,15,26.7,43.0,3.0,140.0,10.0
2023-06-09,18,23.7,60.5,2.0,140.0,20.0
2023-06-09,21,20.3,57.3,3.0,140.0,10.0
2023-06-10,0,16.8,81.4,4.0,90.0,10.0
2023-06-10,3,16.4,86.3,0.0,0.0,10.0
2023-06-10,6,16.2,90.8,0.0,0.0,10.0
2023-06-10,9,22.0,75.6,2.0,140.0,10.0
2023-06-10,12,24.7,64.3,1.0,180.0,10.0
2023-06-10,15,23.8,71.8,1.0,180.0,10.0
2023-06-10,18,19.3,89.3,0.0,0.0,4.0
2023-06-11,0,16.8,95.6,0.0,0.0,4.0
2023-06-11,3,16.4,95.0,2.0,50.0,10.0
2023-06-11,6,14.6,96.8,1.0,50.0,10.0
2023-06-11,9,19.2,86.0,1.0,50.0,10.0
2023-06-11,12,23.7,64.0,0.0,0.0,20.0
2023-06-11,15,26.1,42.8,0.0,0.0,20.0
2023-06-11,18,24.1,68.3,3.0,230.0,20.0
2023-06-11,21,19.6,69.6,0.0,0.0,15.0
2023-06-12,0,16.4,81.3,0.0,0.0,10.0
2023-06-12,3,14.6,90.7,2.0,50.0,10.0
2023-06-12,6,13.9,91.9,0.0,0.0,10.0
2023-06-12,9,18.9,78.6,0.0,0.0,10.0
2023-06-12,12,24.2,57.2,1.0,180.0,10.0
2023-06-12,15,25.9,47.5,1.0,270.0,10.0
2023-06-12,18,24.5,51.3,1.0,270.0,10.0
2023-06-12,21,20.6,76.4,0.0,0.0,10.0
2023-06-13,0,17.8,83.7,0.0,0.0,10.0
2023-06-13,3,15.8,90.2,0.0,0.0,10.0
2023-06-13,6,14.8,91.9,0.0,0.0,10.0
2023-06-13,9,19.2,78.1,0.0,0.0,10.0
2023-06-13,12,23.9,53.2,0.0,0.0,10.0
2023-06-13,15,24.9,58.1,4.0,270.0,10.0
2023-06-13,18,23.8,56.4,4.0,270.0,10.0
2023-06-13,21,19.6,69.6,1.0,230.0,10.0
2023-06-14,0,16.4,81.3,0.0,0.0,10.0
2023-06-14,3,15.1,91.9,0.0,0.0,10.0
2023-06-14,6,13.3,95.5,1.0,140.0,10.0
2023-06-14,9,19.6,78.2,0.0,0.0,15.0
2023-06-14,12,24.5,49.7,1.0,50.0,20.0
2023-06-14,15,22.8,66.3,2.0,270.0,15.0
2023-06-14,18,22.7,60.2,2.0,320.0,15.0
2023-06-14,21,20.2,67.5,0.0,0.0,10.0
2023-06-15,0,17.6,84.7,0.0,0.0,10.0
2023-06-15,3,15.6,95.0,0.0,0.0,10.0
2023-06-15,6,14.6,94.3,0.0,0.0,10.0
2023-06-15,9,20.6,74.4,0.0,0.0,10.0
2023-06-15,12,26.3,50.5,0.0,0.0,10.0
2023-06-15,15,27.6,48.9,4.0,180.0,10.0
2023-06-15,18,24.9,54.5,4.0,230.0,10.0
2023-06-15,21,20.2,75.8,0.0,0.0,10.0
2023-06-16,0,18.1,80.5,0.0,0.0,10.0
2023-06-16,3,15.4,94.4,0.0,0.0,10.0
2023-06-16,6,14.2,95.6,1.0,90.0,10.0
2023-06-16,9,20.9,85.1,0.0,0.0,10.0
2023-06-16,12,26.8,69.3,0.0,0.0,20.0
2023-06-16,15,29.4,54.9,1.0,230.0,20.0
2023-06-16,18,28.0,50.6,0.0,0.0,20.0
2023-06-16,21,22.3,63.3,2.0,270.0,20.0
2023-06-17,0,17.8,84.7,1.0,50.0,10.0
2023-06-17,3,16.4,89.7,1.0,90.0,10.0
2023-06-17,6,15.2,94.4,0.0,0.0,10.0
2023-06-17,9,22.9,78.2,0.0,0.0,20.0
2023-06-17,12,27.4,60.2,0.0,0.0,20.0
2023-06-17,15,28.0,56.7,3.0,270.0,20.0
2023-06-17,18,25.9,62.5,4.0,270.0,10.0
2023-06-17,21,21.0,73.1,0.0,0.0,10.0
2023-06-18,0,19.5,81.8,1.0,270.0,10.0
2023-06-18,3,19.6,90.5,0.0,0.0,10.0
2023-06-18,6,18.6,93.9,1.0,320.0,10.0
2023-06-18,9,21.0,79.9,0.0,0.0,10.0
2023-06-18,12,26.5,60.0,0.0,0.0,10.0
2023-06-18,15,27.4,57.6,2.0,230.0,10.0
2023-06-18,18,25.6,59.4,4.0,230.0,10.0
2023-06-18,21,21.2,83.5,3.0,230.0,10.0
2023-06-19,0,19.8,88.8,2.0,90.0,10.0
2023-06-19,3,19.0,93.9,2.0,90.0,10.0
2023-06-19,6,18.6,93.9,0.0,0.0,10.0
2023-06-19,9,25.3,72.0,0.0,0.0,10.0
2023-06-19,12,29.6,57.1,0.0,0.0,10.0
2023-06-19,15,31.2,55.0,0.0,0.0,10.0
2023-06-19,18,27.8,59.9,0.0,0.0,10.0
2023-06-19,21,24.7,70.2,1.0,270.0,10.0
2023-06-20,0,22.0,73.7,0.0,0.0,10.0
2023-06-20,3,21.6,68.7,2.0,50.0,10.0
2023-06-20,6,20.8,75.4,0.0,0.0,15.0
2023-06-20,9,19.2,92.8,1.0,180.0,40.0
2023-06-20,12,21.0,92.3,0.0,0.0,10.0
2023-06-20,15,24.3,83.9,0.0,0.0,10.0
2023-06-20,18,23.7,87.0,0.0,0.0,10.0
2023-06-20,21,20.6,90.6,3.0,270.0,4.0
2023-06-21,0,19.6,96.9,2.0,90.0,4.0
2023-06-21,3,18.8,95.7,2.0,50.0,4.0
2023-06-21,6,18.8,95.7,0.0,0.0,4.0
2023-06-21,9,19.8,94.6,0.0,0.0,10.0
2023-06-21,12,21.7,84.6,1.0,320.0,10.0
2023-06-21,15,22.3,78.1,4.0,320.0,10.0
2023-06-21,18,22.6,75.3,2.0,320.0,10.0
2023-06-21,21,19.6,87.7,2.0,270.0,10.0
2023-06-22,0,18.0,88.1,0.0,0.0,10.0
2023-06-22,3,18.0,95.1,2.0,230.0,10.0
2023-06-22,6,17.6,95.7,0.0,0.0,10.0
2023-06-22,9,21.8,82.0,0.0,0.0,10.0
2023-06-22,12,25.9,60.2,2.0,320.0,20.0
2023-06-22,15,25.1,60.0,3.0,320.0,10.0
2023-06-22,18,25.9,64.1,1.0,320.0,10.0
2023-06-22,21,22.5,83.2,4.0,270.0,10.0
2023-06-23,0,20.4,91.1,2.0,270.0,10.0
2023-06-23,3,19.2,95.1,0.0,0.0,10.0
2023-06-23,6,18.3,95.1,0.0,0.0,10.0
2023-06-23,9,25.3,78.1,0.0,0.0,10.0
2023-06-23,12,29.2,65.2,0.0,0.0,20.0
2023-06-23,15,30.4,56.6,3.0,230.0,20.0
2023-06-23,18,28.8,62.0,3.0,230.0,20.0
2023-06-23,21,23.7,85.4,1.0,270.0,10.0
2023-06-24,0,21.6,87.3,0.0,0.0,10.0
2023-06-24,3,20.0,92.2,0.0,0.0,10.0
2023-06-24,6,18.6,96.3,1.0,90.0,10.0
2023-06-24,9,26.1,64.6,1.0,90.0,10.0
2023-06-24,12,28.6,52.4,2.0,180.0,10.0
2023-06-24,15,30.2,48.7,2.0,180.0,10.0
2023-06-24,18,28.5,53.0,2.0,180.0,10.0
2023-06-24,21,23.9,74.1,0.0,0.0,10.0
2023-06-25,0,20.3,91.7,2.0,90.0,10.0
2023-06-25,3,18.8,92.2,1.0,90.0,10.0
2023-06-25,6,19.0,91.6,1.0,50.0,10.0
2023-06-25,9,24.8,75.6,0.0,0.0,10.0
2023-06-25,12,29.9,53.7,0.0,0.0,10.0
2023-06-25,15,32.3,43.2,1.0,50.0,10.0
2023-06-25,18,28.8,65.5,0.0,0.0,10.0
2023-06-25,21,24.9,78.0,0.0,0.0,10.0
2023-06-26,0,23.2,81.2,0.0,0.0,10.0
2023-06-26,3,23.9,81.3,2.0,50.0,10.0
2023-06-26,6,22.5,91.8,2.0,90.0,4.0
2023-06-26,9,22.0,96.4,3.0,90.0,4.0
2023-06-26,12,22.5,97.0,3.0,90.0,4.0
2023-06-26,15,23.2,93.0,4.0,180.0,4.0
2023-06-26,18,22.6,96.4,6.0,180.0,4.0
2023-06-26,21,22.5,97.0,5.0,180.0,4.0
2023-06-27,0,21.6,96.4,1.0,180.0,4.0
2023-06-27,3,20.6,96.4,6.0,140.0,10.0
2023-06-27,6,20.6,92.3,7.0,270.0,10.0
2023-06-27,9,23.5,82.8,3.0,270.0,10.0
2023-06-27,12,26.5,75.4,6.0,270.0,10.0
2023-06-27,15,27.9,69.5,3.0,230.0,10.0
2023-06-27,18,26.9,71.5,2.0,230.0,10.0
2023-06-27,21,23.5,75.4,0.0,0.0,10.0
2023-06-28,0,21.8,83.6,4.0,140.0,10.0
2023-06-28,3,21.0,92.3,4.0,90.0,10.0
2023-06-28,6,20.7,96.4,3.0,90.0,6.0
2023-06-28,9,23.3,88.5,0.0,0.0,10.0
2023-06-28,12,27.8,71.6,1.0,90.0,10.0
2023-06-28,15,27.7,73.4,2.0,140.0,10.0
2023-06-28,18,25.5,80.0,1.0,140.0,10.0
2023-06-28,21,23.7,88.0,2.0,90.0,10.0
2023-06-29,0,22.9,90.2,2.0,140.0,10.0
2023-06-29,3,22.9,93.5,4.0,90.0,10.0
2023-06-29,6,22.5,95.2,4.0,90.0,4.0
2023-06-29,9,22.5,94.1,3.0,120.0,4.0
2023-06-29,12,23.4,94.7,3.0,140.0,4.0
2023-06-29,15,22.9,96.4,2.0,90.0,4.0
2023-06-29,18,23.3,94.7,1.0,50.0,10.0
2023-06-29,21,23.1,90.7,1.0,90.0,10.0
2023-06-30,0,22.7,92.9,0.0,0.0,10.0
2023-06-30,3,22.5,96.4,3.0,50.0,10.0
2023-06-30,6,21.5,97.0,2.0,50.0,10.0
2023-06-30,9,23.9,88.1,1.0,50.0,10.0
2023-06-30,12,27.2,75.5,0.0,0.0,10.0
2023-06-30,15,29.2,66.0,1.0,90.0,10.0
2023-06-30,18,28.2,73.0,3.0,270.0,10.0
2023-06-30,21,25.7,84.6,2.0,230.0,10.0
2023-07-01,0,22.3,90.7,0.0,0.0,10.0
2023-07-01,3,21.0,95.8,0.0,0.0,3.5
2023-07-01,6,20.6,98.2,0.0,0.0,0.3
2023-07-01,9,22.3,95.2,0.0,0.0,0.5
2023-07-01,12,29.0,76.3,0.0,0.0,10.0
2023-07-01,15,29.4,69.8,2.0,270.0,10.0
2023-07-01,18,29.2,69.7,2.0,270.0,10.0
2023-07-01,21,24.3,80.8,2.0,270.0,10.0
2023-07-02,0,22.7,94.1,0.0,0.0,10.0
2023-07-02,3,21.6,96.4,1.0,50.0,6.0
2023-07-02,6,22.0,95.2,1.0,50.0,6.0
2023-07-02,9,23.7,88.6,0.0,0.0,4.0
2023-07-02,12,25.4,85.6,1.0,90.0,10.0
2023-07-02,15,27.5,75.6,1.0,140.0,10.0
2023-07-02,18,25.4,82.0,4.0,270.0,15.0
2023-07-02,21,21.0,86.2,1.0,230.0,10.0
2023-07-03,0,22.0,92.3,0.0,0.0,10.0
2023-07-03,3,21.2,97.0,0.0,0.0,3.5
2023-07-03,6,22.1,97.6,0.0,0.0,3.5
2023-07-03,9,26.3,82.6,0.0,0.0,10.0
2023-07-03,12,29.8,66.2,0.0,0.0,10.0
2023-07-03,15,31.0,63.3,2.0,230.0,10.0
2023-07-03,18,29.2,71.0,3.0,230.0,10.0
2023-07-03,21,25.7,81.5,2.0,230.0,10.0
2023-07-04,0,24.0,91.3,0.0,0.0,10.0
2023-07-04,3,23.8,94.1,1.0,50.0,10.0
2023-07-04,6,24.2,93.0,1.0,90.0,10.0
2023-07-04,9,24.3,94.2,2.0,140.0,4.0
2023-07-04,12,24.7,96.5,1.0,140.0,4.0
2023-07-04,15,24.3,94.2,2.0,140.0,4.0
2023-07-04,18,23.5,95.9,1.0,140.0,4.0
2023-07-04,21,22.3,97.0,6.0,180.0,4.0
2023-07-05,0,23.2,98.2,6.0,180.0,4.0
2023-07-05,3,21.9,96.4,7.0,270.0,4.0
2023-07-05,6,21.1,96.4,10.0,270.0,4.0
2023-07-05,9,22.7,81.6,5.0,270.0,10.0
2023-07-05,12,24.4,79.9,4.0,270.0,10.0
2023-07-05,15,27.4,67.7,5.0,270.0,10.0
2023-07-05,18,28.2,61.1,4.0,230.0,10.0
2023-07-05,21,23.3,86.9,0.0,0.0,10.0
2023-07-06,0,22.5,90.7,0.0,0.0,10.0
2023-07-06,3,22.8,93.0,6.0,140.0,10.0
2023-07-06,6,22.5,92.9,5.0,140.0,10.0
2023-07-06,9,25.7,81.0,3.0,160.0,10.0
2023-07-06,12,28.9,70.1,2.0,140.0,10.0
2023-07-06,15,30.8,53.6,5.0,230.0,10.0
2023-07-06,18,29.2,61.7,5.0,230.0,10.0
2023-07-06,21,25.1,86.0,6.0,180.0,10.0
2023-07-07,0,23.1,90.2,5.0,140.0,10.0
2023-07-07,3,23.7,91.9,6.0,140.0,10.0
2023-07-07,6,22.9,96.4,5.0,140.0,3.5
2023-07-07,9,23.2,93.0,2.0,90.0,3.5
2023-07-07,12,25.7,86.1,2.0,90.0,10.0
2023-07-07,15,29.4,63.7,1.0,140.0,10.0
2023-07-07,18,28.4,69.2,1.0,140.0,10.0
2023-07-07,21,24.3,87.0,3.0,270.0,10.0
2023-07-08,0,22.5,94.1,0.0,0.0,10.0
2023-07-08,3,20.9,98.2,0.0,0.0,6.0
2023-07-08,6,20.8,95.8,2.0,140.0,3.9
2023-07-08,9,24.3,80.8,1.0,90.0,10.0
2023-07-08,12,28.2,66.2,5.0,140.0,20.0
2023-07-08,15,27.4,73.3,4.0,140.0,20.0
2023-07-08,18,24.9,85.0,3.0,180.0,10.0
2023-07-08,21,24.5,87.6,1.0,180.0,10.0
2023-07-09,0,22.7,91.8,2.0,140.0,10.0
2023-07-09,3,20.4,98.2,1.0,90.0,4.0
2023-07-09,6,21.2,98.2,3.0,90.0,4.0
2023-07-09,9,22.7,91.3,2.0,90.0,10.0
2023-07-09,12,22.7,98.2,3.0,90.0,10.0
2023-07-09,15,27.4,74.2,3.0,140.0,10.0
2023-07-09,18,27.8,75.2,3.0,180.0,10.0
2023-07-09,21,25.1,90.9,3.0,140.0,10.0
2023-07-10,0,24.2,93.0,3.0,140.0,10.0
2023-07-10,3,23.7,91.3,3.0,90.0,10.0
2023-07-10,6,23.3,92.4,2.0,140.0,6.0
2023-07-10,9,25.7,86.1,0.0,0.0,6.0
2023-07-10,12,28.6,72.2,2.0,140.0,10.0
2023-07-10,15,29.4,68.5,2.0,140.0,10.0
2023-07-10,18,28.3,75.3,1.0,140.0,10.0
2023-07-10,21,25.1,87.1,1.0,140.0,10.0
2023-07-11,0,24.3,92.5,0.0,0.0,10.0
2023-07-11,3,24.7,92.5,3.0,140.0,10.0
2023-07-11,6,24.3,94.2,4.0,140.0,3.5
2023-07-11,9,24.1,98.2,3.0,90.0,3.5
2023-07-11,12,23.5,92.4,3.0,180.0,4.0
2023-07-11,15,26.5,87.2,2.0,140.0,15.0
2023-07-11,18,26.1,84.1,2.0,180.0,10.0
2023-07-11,21,24.7,94.2,2.0,90.0,10.0
2023-07-12,0,23.7,93.6,0.0,0.0,10.0
2023-07-12,3,23.7,95.3,2.0,90.0,10.0
2023-07-12,6,23.5,96.4,2.0,90.0,6.0
2023-07-12,9,24.9,93.1,0.0,0.0,10.0
2023-07-12,12,26.7,79.7,0.0,0.0,10.0
2023-07-12,15,28.4,75.7,0.0,0.0,10.0
2023-07-12,18,26.6,80.2,0.0,0.0,10.0
2023-07-12,21,25.1,87.1,0.0,0.0,10.0
2023-07-13,0,23.7,91.9,0.0,0.0,10.0
2023-07-13,3,23.7,95.3,3.0,90.0,4.0
2023-07-13,6,23.7,95.3,2.0,90.0,10.0
2023-07-13,9,24.9,92.5,1.0,140.0,4.0
2023-07-13,12,24.3,94.2,3.0,90.0,4.0
2023-07-13,15,24.5,95.3,3.0,140.0,4.0
2023-07-13,18,24.7,94.2,5.0,140.0,4.0
2023-07-13,21,23.9,97.6,5.0,90.0,4.0
2023-07-14,0,24.2,95.9,2.0,90.0,4.0
2023-07-14,3,24.1,94.7,5.0,230.0,10.0
2023-07-14,6,24.0,95.9,2.0,270.0,10.0
2023-07-14,9,24.7,95.9,3.0,230.0,4.0
2023-07-14,12,25.7,90.4,3.0,270.0,10.0
2023-07-14,15,25.1,90.9,2.0,230.0,10.0
2023-07-14,18,26.1,88.8,3.0,270.0,10.0
2023-07-14,21,25.1,92.5,0.0,0.0,10.0
2023-07-15,0,23.7,93.6,0.0,0.0,10.0
2023-07-15,3,23.9,95.9,0.0,0.0,10.0
2023-07-15,6,24.9,96.5,1.0,140.0,3.5
2023-07-15,9,26.9,82.7,1.0,180.0,3.5
2023-07-15,12,28.3,83.8,2.0,230.0,4.5
2023-07-15,15,29.6,66.1,5.0,270.0,10.0
2023-07-15,18,26.4,79.7,3.0,270.0,10.0
2023-07-15,21,23.4,79.7,0.0,0.0,10.0
2023-07-16,0,22.7,88.5,0.0,0.0,10.0
2023-07-16,3,22.4,91.2,0.0,0.0,10.0
2023-07-16,6,21.2,95.8,1.0,90.0,10.0
2023-07-16,9,23.7,87.0,0.0,0.0,10.0
2023-07-16,12,26.0,66.6,0.0,0.0,10.0
2023-07-16,15,28.4,58.6,0.0,0.0,10.0
2023-07-16,18,25.9,71.7,2.0,270.0,20.0
2023-07-16,21,24.3,83.4,0.0,0.0,10.0
2023-07-17,0,22.5,93.5,0.0,0.0,10.0
2023-07-17,3,20.8,95.8,0.0,0.0,10.0
2023-07-17,6,20.6,95.8,0.0,0.0,10.0
2023-07-17,9,23.3,89.6,0.0,0.0,10.0
2023-07-17,12,26.7,71.4,2.0,270.0,10.0
2023-07-17,15,28.4,67.5,3.0,270.0,20.0
2023-07-17,18,27.6,66.9,2.0,270.0,20.0
2023-07-17,21,23.3,76.3,0.0,0.0,15.0
2023-07-18,0,21.9,84.1,0.0,0.0,10.0
2023-07-18,3,21.2,92.3,1.0,50.0,10.0
2023-07-18,6,20.5,94.0,1.0,360.0,10.0
2023-07-18,9,22.9,90.2,0.0,0.0,10.0
2023-07-18,12,28.1,60.3,1.0,50.0,10.0
2023-07-18,15,29.6,54.6,2.0,50.0,10.0
2023-07-18,18,28.9,67.6,2.0,360.0,10.0
2023-07-18,21,24.3,82.4,1.0,270.0,10.0
2023-07-19,0,21.6,93.5,0.0,0.0,10.0
2023-07-19,3,20.6,93.4,0.0,0.0,10.0
2023-07-19,6,20.1,94.6,0.0,0.0,10.0
2023-07-19,9,23.9,85.4,0.0,0.0,10.0
2023-07-19,12,29.8,63.8,1.0,320.0,10.0
2023-07-19,15,31.4,57.5,1.0,320.0,10.0
2023-07-19,18,30.6,60.2,1.0,320.0,10.0
2023-07-19,21,24.5,86.0,0.0,0.0,10.0
2023-07-20,0,22.4,87.4,0.0,0.0,10.0
2023-07-20,3,20.3,91.7,0.0,0.0,75.0
2023-07-20,6,19.2,95.1,1.0,90.0,10.0
2023-07-20,9,24.4,83.4,0.0,0.0,10.0
2023-07-20,12,30.0,61.5,1.0,230.0,10.0
2023-07-20,15,32.0,53.9,2.0,270.0,10.0
2023-07-20,18,30.4,52.5,2.0,270.0,10.0
2023-07-20,21,25.1,83.0,0.0,0.0,10.0
2023-07-21,0,21.0,93.4,0.0,0.0,10.0
2023-07-21,3,20.0,92.2,1.0,50.0,10.0
2023-07-21,6,19.2,93.9,0.0,0.0,10.0
2023-07-21,9,26.3,72.7,0.0,0.0,10.0
2023-07-21,12,31.9,59.0,2.0,140.0,10.0
2023-07-21,15,32.5,57.8,0.0,0.0,10.0
2023-07-21,18,31.0,59.6,1.0,180.0,10.0
2023-07-21,21,26.9,76.0,0.0,0.0,10.0
2023-07-22,0,22.8,93.5,2.0,90.0,10.0
2023-07-22,3,23.3,92.4,1.0,50.0,10.0
2023-07-22,6,24.1,92.5,2.0,90.0,10.0
2023-07-22,9,26.7,81.7,4.0,140.0,10.0
2023-07-22,12,28.8,65.9,6.0,140.0,10.0
2023-07-22,15,26.7,75.9,7.0,140.0,4.0
2023-07-22,18,24.5,94.2,9.0,140.0,4.0
2023-07-22,21,24.7,95.9,2.0,140.0,10.0
2023-07-23,0,25.0,96.5,4.0,140.0,4.0
2023-07-23,3,24.9,97.6,2.0,230.0,4.0
2023-07-23,6,25.1,97.6,4.0,230.0,4.0
2023-07-23,9,25.4,94.8,1.0,250.0,3.5
2023-07-23,12,27.7,79.4,2.0,270.0,10.0
2023-07-23,15,28.8,81.4,3.0,270.0,10.0
2023-07-23,18,27.2,84.2,2.0,180.0,10.0
2023-07-23,21,25.9,89.8,0.0,0.0,10.0
2023-07-24,0,24.9,94.2,0.0,0.0,10.0
2023-07-24,3,24.7,95.9,2.0,90.0,10.0
2023-07-24,6,24.6,95.9,1.0,270.0,10.0
2023-07-24,9,25.3,90.9,0.0,0.0,10.0
2023-07-24,12,26.5,84.1,0.0,0.0,10.0
2023-07-24,15,27.6,87.3,0.0,0.0,10.0
2023-07-24,18,28.4,80.4,3.0,270.0,10.0
2023-07-24,21,25.7,89.3,2.0,230.0,10.0
2023-07-25,0,24.3,91.9,0.0,0.0,10.0
2023-07-25,3,24.1,94.2,3.0,90.0,10.0
2023-07-25,6,24.2,94.7,1.0,90.0,10.0
2023-07-25,9,25.1,95.9,0.0,0.0,4.0
2023-07-25,12,27.6,88.4,0.0,0.0,10.0
2023-07-25,15,29.3,78.2,3.0,230.0,10.0
2023-07-25,18,28.6,80.4,0.0,0.0,10.0
2023-07-25,21,25.9,87.7,0.0,0.0,10.0
2023-07-26,0,24.9,94.2,0.0,0.0,10.0
2023-07-26,3,24.7,94.2,3.0,90.0,5.0
2023-07-26,6,24.9,96.5,0.0,0.0,4.0
2023-07-26,9,26.7,87.2,1.0,230.0,10.0
2023-07-26,12,28.0,84.8,3.0,230.0,10.0
2023-07-26,15,29.5,75.9,4.0,230.0,15.0
2023-07-26,18,28.8,79.0,3.0,270.0,20.0
2023-07-26,21,26.3,90.4,0.0,0.0,10.0
2023-07-27,0,26.3,93.7,0.0,0.0,10.0
2023-07-27,3,25.9,92.6,1.0,140.0,10.0
2023-07-27,6,25.3,95.9,1.0,90.0,10.0
2023-07-27,9,27.7,85.8,0.0,0.0,10.0
2023-07-27,12,29.6,74.6,3.0,180.0,10.0
2023-07-27,15,29.4,73.2,4.0,180.0,10.0
2023-07-27,18,29.2,74.1,1.0,180.0,10.0
2023-07-27,21,26.8,91.0,0.0,0.0,10.0
2023-07-28,0,24.7,86.0,0.0,0.0,10.0
2023-07-28,3,25.1,94.2,0.0,0.0,10.0
2023-07-28,6,24.7,95.9,3.0,90.0,6.0
2023-07-28,9,26.9,89.9,0.0,0.0,10.0
2023-07-28,12,30.2,71.6,1.0,180.0,10.0
2023-07-28,15,31.2,65.6,1.0,180.0,10.0
2023-07-28,18,30.4,71.7,1.0,180.0,10.0
2023-07-28,21,27.2,84.2,0.0,0.0,10.0
2023-07-29,0,25.9,90.9,0.0,0.0,10.0
2023-07-29,3,25.3,95.9,3.0,90.0,10.0
2023-07-29,6,25.3,94.8,3.0,140.0,10.0
2023-07-29,9,25.2,94.8,0.0,0.0,4.0
2023-07-29,12,26.3,90.9,0.0,0.0,10.0
2023-07-29,15,28.2,76.6,0.0,0.0,15.0
2023-07-29,18,27.6,87.3,0.0,0.0,10.0
2023-07-29,21,26.5,92.6,0.0,0.0,10.0
2023-07-30,0,25.7,94.2,0.0,0.0,10.0
2023-07-30,3,25.3,94.2,2.0,50.0,10.0
2023-07-30,6,24.9,95.9,1.0,90.0,10.0
2023-07-30,9,26.1,92.6,0.0,0.0,10.0
2023-07-30,12,31.1,66.4,1.0,180.0,10.0
2023-07-30,15,32.7,63.6,0.0,0.0,10.0
2023-07-30,18,28.6,80.4,1.0,360.0,10.0
2023-07-30,21,27.4,85.8,0.0,0.0,10.0
2023-07-31,0,25.3,93.1,0.0,0.0,10.0
2023-07-31,3,24.5,94.2,0.0,0.0,10.0
2023-07-31,6,24.1,95.3,0.0,0.0,0.4
2023-07-31,9,27.1,87.8,0.0,0.0,10.0
2023-07-31,12,30.8,68.0,0.0,0.0,10.0
2023-07-31,15,30.9,63.6,1.0,230.0,10.0
2023-07-31,18,29.4,69.8,1.0,180.0,10.0
2023-07-31,21,26.2,82.1,2.0,270.0,10.0
2024-03-01,0,-1.8,69.2,7.0,320.0,10.0
2024-03-01,3,-3.8,56.4,7.0,320.0,10.0
2024-03-01,6,-5.0,52.6,7.0,290.0,10.0
2024-03-01,9,-6.0,61.5,5.0,320.0,15.0
2024-03-01,12,-4.8,53.9,5.0,320.0,20.0
2024-03-01,15,-4.4,56.7,7.0,320.0,20.0
2024-03-01,18,-4.8,58.4,5.0,320.0,20.0
2024-03-01,21,-6.4,55.7,0.0,0.0,10.0
2024-03-02,0,-8.4,74.0,1.0,90.0,10.0
2024-03-02,3,,82.7,2.0,50.0,10.0
2024-03-02,6,,91.7,0.0,0.0,10.0
2024-03-02,9,-4.6,75.9,0.0,0.0,10.0
2024-03-02,12,4.0,65.4,7.0,230.0,10.0
2024-03-02,15,4.4,66.9,7.0,270.0,10.0
2024-03-02,18,3.8,73.5,4.0,230.0,10.0
2024-03-02,21,1.2,82.8,1.0,320.0,10.0
2024-03-03,0,1.8,77.6,3.0,320.0,10.0
2024-03-03,3,-1.0,82.5,0.0,0.0,10.0
2024-03-03,6,-2.9,82.9,0.0,0.0,10.0
2024-03-03,9,-1.7,85.5,0.0,0.0,10.0
2024-03-03,12,6.0,50.1,1.0,140.0,10.0
2024-03-03,15,7.0,35.0,1.0,320.0,10.0
2024-03-03,18,4.6,52.0,3.0,320.0,10.0
2024-03-03,21,-0.4,63.9,1.0,320.0,10.0
2024-03-04,0,-3.2,80.9,0.0,0.0,10.0
2024-03-04,3,-5.0,83.2,0.0,0.0,10.0
2024-03-04,6,-5.8,85.7,0.0,0.0,10.0
2024-03-04,9,-1.8,78.7,0.0,0.0,10.0
2024-03-04,12,7.0,58.0,2.0,90.0,10.0
2024-03-04,15,9.8,47.9,1.0,90.0,10.0
2024-03-04,18,6.3,63.1,1.0,270.0,10.0
2024-03-04,21,2.6,81.8,0.0,0.0,10.0
2024-03-05,0,1.6,87.8,0.0,0.0,10.0
2024-03-05,3,2.2,78.2,1.0,50.0,10.0
2024-03-05,6,2.4,55.1,1.0,50.0,10.0
2024-03-05,9,3.5,48.3,1.0,90.0,10.0
2024-03-05,12,8.1,30.5,3.0,50.0,10.0
2024-03-05,15,10.6,25.0,3.0,360.0,10.0
2024-03-05,18,8.8,43.3,2.0,320.0,10.0
2024-03-05,21,4.4,59.9,1.0,230.0,10.0
2024-03-06,0,2.4,67.5,1.0,50.0,10.0
2024-03-06,3,2.6,72.2,2.0,320.0,10.0
2024-03-06,6,1.4,76.9,0.0,0.0,10.0
2024-03-06,9,1.7,79.9,0.0,0.0,10.0
2024-03-06,12,6.6,50.3,3.0,320.0,10.0
2024-03-06,15,7.8,41.7,4.0,320.0,10.0
2024-03-06,18,4.8,44.1,4.0,320.0,10.0
2024-03-06,21,0.0,66.9,0.0,0.0,10.0
2024-03-07,0,-1.4,81.8,0.0,0.0,10.0
2024-03-07,3,-1.2,82.5,0.0,0.0,10.0
2024-03-07,6,-2.8,76.2,0.0,0.0,10.0
2024-03-07,9,-1.4,80.0,0.0,0.0,10.0
2024-03-07,12,5.5,45.3,3.0,320.0,10.0
2024-03-07,15,6.8,19.4,4.0,270.0,15.0
2024-03-07,18,4.1,31.8,4.0,270.0,15.0
2024-03-07,21,0.7,65.6,2.0,230.0,10.0
2024-03-08,0,1.0,80.9,0.0,0.0,10.0
2024-03-08,3,2.2,57.1,3.0,320.0,10.0
2024-03-08,6,2.0,42.5,4.0,320.0,10.0
2024-03-08,9,2.3,40.4,3.0,320.0,10.0
2024-03-08,12,3.6,39.2,7.0,320.0,10.0
2024-03-08,15,3.3,41.3,7.0,320.0,10.0
2024-03-08,18,2.6,54.3,7.0,320.0,10.0
2024-03-08,21,0.2,63.0,2.0,320.0,10.0
2024-03-09,0,-0.4,72.7,3.0,320.0,10.0
2024-03-09,3,-0.8,69.4,4.0,320.0,10.0
2024-03-09,6,-2.4,74.0,2.0,320.0,10.0
2024-03-09,9,-0.4,78.9,0.0,0.0,10.0
2024-03-09,12,3.2,46.7,3.0,320.0,15.0
2024-03-09,15,5.9,19.4,4.0,290.0,20.0
2024-03-09,18,2.8,41.5,3.0,230.0,20.0
2024-03-09,21,-1.2,71.4,1.0,230.0,10.0
2024-03-10,0,-3.2,89.3,0.0,0.0,10.0
2024-03-10,3,-5.0,87.8,1.0,50.0,10.0
2024-03-10,6,-5.4,87.8,0.0,0.0,10.0
2024-03-10,9,-0.2,71.6,0.0,0.0,10.0
2024-03-10,12,8.8,40.8,3.0,230.0,10.0
2024-03-10,15,9.0,43.7,4.0,230.0,10.0
2024-03-10,18,7.8,53.7,4.0,180.0,10.0
2024-03-10,21,5.0,73.2,1.0,230.0,10.0
2024-03-11,0,4.6,74.2,2.0,90.0,10.0
2024-03-11,3,4.8,82.6,4.0,140.0,10.0
2024-03-11,6,5.4,79.3,6.0,140.0,10.0
2024-03-11,9,5.5,75.4,3.0,140.0,10.0
2024-03-11,12,8.3,51.1,3.0,140.0,10.0
2024-03-11,15,10.2,57.1,1.0,230.0,10.0
2024-03-11,18,8.4,66.4,2.0,230.0,10.0
2024-03-11,21,7.2,79.5,1.0,320.0,10.0
2024-03-12,0,6.2,92.7,1.0,90.0,4.0
2024-03-12,3,4.4,94.5,1.0,270.0,10.0
2024-03-12,6,4.4,94.5,3.0,270.0,10.0
2024-03-12,9,4.1,73.5,0.0,0.0,10.0
2024-03-12,12,6.0,50.1,7.0,320.0,10.0
2024-03-12,15,6.9,43.4,5.0,320.0,10.0
2024-03-12,18,6.5,54.9,5.0,320.0,10.0
2024-03-12,21,3.8,69.8,0.0,0.0,10.0
2024-03-13,0,3.0,87.3,0.0,0.0,10.0
2024-03-13,3,1.8,77.6,2.0,270.0,10.0
2024-03-13,6,0.8,80.3,1.0,270.0,10.0
2024-03-13,9,1.4,81.6,0.0,0.0,10.0
2024-03-13,12,10.0,53.1,5.0,270.0,10.0
2024-03-13,15,11.7,26.1,8.0,270.0,10.0
2024-03-13,18,10.2,36.3,6.0,270.0,10.0
2024-03-13,21,6.1,62.6,0.0,0.0,10.0
2024-03-14,0,2.0,79.3,0.0,0.0,10.0
2024-03-14,3,0.8,87.7,0.0,0.0,10.0
2024-03-14,6,-1.4,94.3,0.0,0.0,10.0
2024-03-14,9,1.6,84.7,0.0,0.0,10.0
2024-03-14,12,12.8,54.6,1.0,270.0,10.0
2024-03-14,15,15.4,37.8,4.0,230.0,10.0
2024-03-14,18,13.4,51.4,0.0,0.0,10.0
2024-03-14,21,7.2,79.5,0.0,0.0,10.0
2024-03-15,0,4.0,84.9,0.0,0.0,10.0
2024-03-15,3,3.4,84.9,2.0,90.0,10.0
2024-03-15,6,3.4,80.7,2.0,90.0,10.0
2024-03-15,9,5.5,78.7,1.0,140.0,10.0
2024-03-15,12,14.6,39.8,2.0,230.0,10.0
2024-03-15,15,16.6,39.8,5.0,270.0,10.0
2024-03-15,18,13.4,50.0,4.0,270.0,10.0
2024-03-15,21,7.4,70.0,2.0,140.0,10.0
2024-03-16,0,5.1,90.0,2.0,50.0,10.0
2024-03-16,3,3.4,95.2,2.0,90.0,10.0
2024-03-16,6,3.4,95.2,3.0,90.0,3.5
2024-03-16,9,5.3,87.5,4.0,90.0,4.0
2024-03-16,12,12.1,52.6,3.0,140.0,10.0
2024-03-16,15,12.6,50.1,2.0,180.0,10.0
2024-03-16,18,12.2,53.3,1.0,180.0,10.0
2024-03-16,21,7.2,79.5,0.0,0.0,10.0
2024-03-17,0,6.4,78.3,0.0,0.0,10.0
2024-03-17,3,8.7,79.2,6.0,270.0,10.0
2024-03-17,6,6.6,75.0,7.0,360.0,10.0
2024-03-17,9,4.8,55.7,6.0,320.0,10.0
2024-03-17,12,6.2,44.5,6.0,320.0,10.0
2024-03-17,15,7.4,39.7,7.0,320.0,10.0
2024-03-17,18,6.8,34.4,6.0,320.0,10.0
2024-03-17,21,4.5,47.5,4.0,320.0,10.0
2024-03-18,0,3.4,56.6,2.0,320.0,10.0
2024-03-18,3,0.6,64.1,0.0,0.0,10.0
2024-03-18,6,-3.2,84.7,2.0,140.0,10.0
2024-03-18,9,1.4,68.3,0.0,0.0,10.0
2024-03-18,12,10.0,50.5,1.0,320.0,10.0
2024-03-18,15,11.6,45.4,5.0,270.0,10.0
2024-03-18,18,8.8,63.7,4.0,270.0,10.0
2024-03-18,21,4.6,74.2,0.0,0.0,10.0
2024-03-19,0,4.2,83.8,0.0,0.0,10.0
2024-03-19,3,5.2,74.8,2.0,140.0,10.0
2024-03-19,6,5.3,79.8,3.0,90.0,10.0
2024-03-19,9,6.4,80.0,0.0,0.0,10.0
2024-03-19,12,9.8,61.2,5.0,230.0,10.0
2024-03-19,15,7.4,64.7,4.0,320.0,10.0
2024-03-19,18,4.8,73.1,5.0,320.0,10.0
2024-03-19,21,4.6,71.0,6.0,270.0,10.0
2024-03-20,0,4.4,51.6,6.0,320.0,10.0
2024-03-20,3,3.6,57.1,7.0,320.0,10.0
2024-03-20,6,2.8,61.8,7.0,320.0,10.0
2024-03-20,9,3.6,46.8,5.0,320.0,10.0
2024-03-20,12,4.8,40.8,6.0,320.0,10.0
2024-03-20,15,6.5,35.2,5.0,320.0,10.0
2024-03-20,18,5.4,34.5,4.0,320.0,10.0
2024-03-20,21,1.2,56.9,1.0,230.0,10.0
2024-03-21,0,-0.4,77.8,0.0,0.0,10.0
2024-03-21,3,-1.2,77.1,0.0,0.0,10.0
2024-03-21,6,-3.4,82.2,3.0,90.0,10.0
2024-03-21,9,1.2,75.2,0.0,0.0,10.0
2024-03-21,12,9.4,47.5,0.0,0.0,10.0
2024-03-21,15,11.4,33.5,2.0,270.0,15.0
2024-03-21,18,8.5,40.7,2.0,180.0,10.0
2024-03-21,21,4.8,65.1,2.0,140.0,10.0
2024-03-22,0,5.2,73.7,7.0,90.0,10.0
2024-03-22,3,3.6,79.6,4.0,90.0,10.0
2024-03-22,6,4.2,76.3,7.0,90.0,10.0
2024-03-22,9,6.8,49.6,2.0,90.0,10.0
2024-03-22,12,10.4,58.0,6.0,180.0,10.0
2024-03-22,15,10.0,61.7,6.0,180.0,10.0
2024-03-22,18,9.4,78.7,6.0,180.0,4.0
2024-03-22,21,10.4,87.4,1.0,180.0,10.0
2024-03-23,0,9.4,83.8,1.0,320.0,10.0
2024-03-23,3,7.4,89.6,2.0,320.0,10.0
2024-03-23,6,6.1,93.3,3.0,230.0,10.0
2024-03-23,9,7.1,87.1,1.0,360.0,6.0
2024-03-23,12,14.1,55.4,2.0,50.0,10.0
2024-03-23,15,16.8,45.6,2.0,230.0,10.0
2024-03-23,18,14.8,47.6,1.0,360.0,10.0
2024-03-23,21,9.8,65.3,0.0,0.0,10.0
2024-03-24,0,5.2,79.2,2.0,90.0,10.0
2024-03-24,3,5.2,75.9,1.0,50.0,10.0
2024-03-24,6,4.2,88.7,0.0,0.0,10.0
2024-03-24,9,8.4,84.3,0.0,0.0,10.0
2024-03-24,12,16.6,77.2,0.0,0.0,10.0
2024-03-24,15,21.0,61.4,0.0,0.0,10.0
2024-03-24,18,16.4,59.5,5.0,230.0,10.0
2024-03-24,21,11.2,73.8,1.0,270.0,10.0
2024-03-25,0,9.0,83.7,0.0,0.0,10.0
2024-03-25,3,9.6,75.0,0.0,0.0,10.0
2024-03-25,6,8.6,77.0,1.0,140.0,10.0
2024-03-25,9,9.9,73.0,0.0,0.0,10.0
2024-03-25,12,12.5,59.4,1.0,50.0,10.0
2024-03-25,15,13.6,67.5,1.0,50.0,10.0
2024-03-25,18,10.2,79.4,1.0,50.0,4.0
2024-03-25,21,8.4,94.1,2.0,50.0,4.0
2024-03-26,0,6.8,95.3,4.0,50.0,4.0
2024-03-26,3,5.6,95.9,6.0,50.0,4.0
2024-03-26,6,3.8,94.5,5.0,50.0,4.0
2024-03-26,9,5.4,82.7,0.0,0.0,10.0
2024-03-26,12,9.8,74.6,0.0,0.0,10.0
2024-03-26,15,10.7,67.8,1.0,270.0,10.0
2024-03-26,18,9.4,69.5,4.0,270.0,10.0
2024-03-26,21,5.6,82.7,0.0,0.0,10.0
2024-03-27,0,2.8,84.2,0.0,0.0,10.0
2024-03-27,3,2.1,91.7,0.0,0.0,10.0
2024-03-27,6,2.4,92.4,3.0,50.0,10.0
2024-03-27,9,7.6,78.5,2.0,140.0,20.0
2024-03-27,12,11.3,62.0,5.0,140.0,20.0
2024-03-27,15,12.5,53.8,6.0,140.0,20.0
2024-03-27,18,9.4,71.9,2.0,140.0,10.0
2024-03-27,21,7.4,84.7,3.0,140.0,10.0
2024-03-28,0,6.6,92.0,3.0,140.0,10.0
2024-03-28,3,7.4,92.1,6.0,140.0,10.0
2024-03-28,6,7.6,96.0,5.0,90.0,4.0
2024-03-28,9,8.8,94.7,2.0,180.0,10.0
2024-03-28,12,9.5,86.7,2.0,180.0,10.0
2024-03-28,15,9.8,92.2,4.0,230.0,10.0
2024-03-28,18,9.6,92.2,6.0,270.0,10.0
2024-03-28,21,5.0,82.7,0.0,0.0,10.0
2024-03-29,0,4.8,79.2,3.0,230.0,10.0
2024-03-29,3,2.4,84.1,3.0,90.0,10.0
2024-03-29,6,4.2,87.4,3.0,90.0,4.0
2024-03-29,9,2.6,92.4,1.0,50.0,10.0
2024-03-29,12,5.8,85.7,2.0,320.0,10.0
2024-03-29,15,11.6,63.0,4.0,270.0,10.0
2024-03-29,18,9.4,68.5,4.0,270.0,20.0
2024-03-29,21,5.0,82.7,5.0,230.0,10.0
2024-03-30,0,4.0,84.9,3.0,230.0,10.0
2024-03-30,3,1.2,88.4,1.0,230.0,10.0
2024-03-30,6,2.6,92.4,2.0,250.0,10.0
2024-03-30,9,7.8,86.0,0.0,0.0,4.0
2024-03-30,12,10.8,74.7,4.0,230.0,10.0
2024-03-30,15,11.0,54.9,4.0,50.0,10.0
2024-03-30,18,10.1,58.3,3.0,320.0,10.0
2024-03-30,21,6.0,68.3,1.0,320.0,10.0
2024-03-31,0,3.0,86.1,0.0,0.0,10.0
2024-03-31,3,0.8,74.0,1.0,50.0,10.0
2024-03-31,6,-0.4,80.7,1.0,50.0,10.0
2024-03-31,9,4.4,70.4,0.0,0.0,10.0
2024-03-31,12,12.4,60.6,0.0,0.0,10.0
2024-03-31,15,14.8,53.3,0.0,0.0,20.0
2024-03-31,18,13.4,60.0,0.0,0.0,10.0
2024-03-31,21,6.4,57.4,3.0,290.0,10.0
2024-04-01,0,2.4,74.3,2.0,90.0,10.0
2024-04-01,3,1.2,81.0,0.0,0.0,10.0
2024-04-01,6,-0.4,87.6,0.0,0.0,10.0
2024-04-01,9,5.9,66.8,0.0,0.0,10.0
2024-04-01,12,14.6,51.0,0.0,0.0,20.0
2024-04-01,15,15.6,27.7,3.0,230.0,20.0
2024-04-01,18,13.4,34.6,3.0,230.0,15.0
2024-04-01,21,8.0,65.3,1.0,50.0,10.0
2024-04-02,0,4.2,76.3,1.0,90.0,10.0
2024-04-02,3,3.6,78.4,1.0,50.0,10.0
2024-04-02,6,3.9,65.8,3.0,50.0,10.0
2024-04-02,9,10.1,46.0,3.0,50.0,10.0
2024-04-02,12,18.7,19.6,4.0,140.0,10.0
2024-04-02,15,18.6,46.1,3.0,180.0,10.0
2024-04-02,18,17.1,63.4,0.0,0.0,10.0
2024-04-02,21,12.8,81.4,0.0,0.0,10.0
2024-04-03,0,9.6,81.0,1.0,50.0,10.0
2024-04-03,3,10.4,81.6,2.0,140.0,10.0
2024-04-03,6,10.2,79.4,0.0,0.0,10.0
2024-04-03,9,11.6,76.9,0.0,0.0,10.0
2024-04-03,12,16.2,52.2,0.0,0.0,10.0
2024-04-03,15,16.2,41.2,3.0,320.0,10.0
2024-04-03,18,16.2,41.2,0.0,0.0,10.0
2024-04-03,21,12.0,64.9,0.0,0.0,10.0
2024-04-04,0,8.8,76.0,0.0,0.0,10.0
2024-04-04,3,8.8,73.3,2.0,270.0,10.0
2024-04-04,6,8.8,54.7,3.0,50.0,10.0
2024-04-04,9,9.8,59.5,0.0,0.0,10.0
2024-04-04,12,15.2,53.4,0.0,0.0,10.0
2024-04-04,15,16.2,50.1,4.0,320.0,10.0
2024-04-04,18,15.0,55.6,3.0,320.0,10.0
2024-04-04,21,7.6,67.1,4.0,270.0,10.0
2024-04-05,0,5.8,77.1,2.0,270.0,10.0
2024-04-05,3,5.8,80.4,0.0,0.0,10.0
2024-04-05,6,3.8,79.6,0.0,0.0,10.0
2024-04-05,9,9.0,68.9,0.0,0.0,10.0
2024-04-05,12,16.9,34.4,0.0,0.0,10.0
2024-04-05,15,16.7,25.8,5.0,270.0,10.0
2024-04-05,18,14.5,24.8,4.0,270.0,10.0
2024-04-05,21,8.0,45.7,2.0,270.0,10.0
2024-04-06,0,5.6,64.8,0.0,0.0,10.0
2024-04-06,3,3.2,79.5,0.0,0.0,10.0
2024-04-06,6,2.2,84.1,0.0,0.0,10.0
2024-04-06,9,7.9,67.7,0.0,0.0,10.0
2024-04-06,12,15.1,44.2,0.0,0.0,10.0
2024-04-06,15,18.4,41.5,3.0,270.0,10.0
2024-04-06,18,15.8,48.6,2.0,230.0,10.0
2024-04-06,21,10.0,49.1,0.0,0.0,10.0
2024-04-07,0,7.6,60.3,3.0,90.0,10.0
2024-04-07,3,6.0,71.8,2.0,90.0,10.0
2024-04-07,6,5.8,77.1,3.0,90.0,10.0
2024-04-07,9,11.6,65.2,0.0,0.0,10.0
2024-04-07,12,18.9,49.8,3.0,140.0,10.0
2024-04-07,15,19.6,43.0,3.0,270.0,10.0
2024-04-07,18,15.4,52.7,2.0,270.0,10.0
2024-04-07,21,10.0,67.7,0.0,0.0,10.0
2024-04-08,0,9.0,76.5,0.0,0.0,10.0
2024-04-08,3,8.5,90.3,0.0,0.0,10.0
2024-04-08,6,6.2,94.0,0.0,0.0,3.0
2024-04-08,9,9.0,94.1,0.0,0.0,2.0
2024-04-08,12,17.3,68.3,0.0,0.0,10.0
2024-04-08,15,17.8,54.1,3.0,320.0,10.0
2024-04-08,18,17.6,56.7,2.0,230.0,10.0
2024-04-08,21,9.4,81.5,4.0,270.0,10.0
2024-04-09,0,12.2,61.4,3.0,90.0,10.0
2024-04-09,3,7.4,64.3,3.0,90.0,10.0
2024-04-09,6,5.2,79.2,0.0,0.0,10.0
2024-04-09,9,10.8,59.4,0.0,0.0,10.0
2024-04-09,12,16.2,45.7,1.0,50.0,15.0
2024-04-09,15,18.6,45.8,5.0,230.0,15.0
2024-04-09,18,15.0,49.7,4.0,230.0,10.0
2024-04-09,21,10.0,65.3,3.0,270.0,10.0
2024-04-10,0,8.4,78.0,0.0,0.0,10.0
2024-04-10,3,6.8,76.2,1.0,50.0,10.0
2024-04-10,6,4.8,82.6,0.0,0.0,10.0
2024-04-10,9,10.4,78.4,1.0,90.0,10.0
2024-04-10,12,15.6,64.3,4.0,140.0,10.0
2024-04-10,15,14.6,52.9,3.0,140.0,10.0
2024-04-10,18,13.2,60.8,2.0,140.0,10.0
2024-04-10,21,11.0,74.8,2.0,140.0,10.0
2024-04-11,0,11.4,92.9,3.0,140.0,10.0
2024-04-11,3,10.9,93.5,2.0,140.0,10.0
2024-04-11,6,11.3,93.6,4.0,140.0,10.0
2024-04-11,9,12.9,83.1,5.0,140.0,10.0
2024-04-11,12,16.8,44.3,4.0,230.0,10.0
2024-04-11,15,19.0,40.0,4.0,180.0,20.0
2024-04-11,18,17.2,37.8,3.0,180.0,10.0
2024-04-11,21,11.8,57.1,3.0,90.0,10.0
2024-04-12,0,10.6,56.4,4.0,140.0,10.0
2024-04-12,3,8.8,68.8,5.0,90.0,10.0
2024-04-12,6,9.6,83.8,4.0,90.0,10.0
2024-04-12,9,14.0,75.3,2.0,140.0,15.0
2024-04-12,12,18.1,59.5,2.0,140.0,20.0
2024-04-12,15,20.8,52.4,2.0,140.0,20.0
2024-04-12,18,19.2,53.4,4.0,270.0,10.0
2024-04-12,21,12.4,60.6,3.0,270.0,10.0
2024-04-13,0,9.4,83.8,0.0,0.0,0.3
2024-04-13,3,9.0,94.1,0.0,0.0,0.5
2024-04-13,6,7.6,96.0,0.0,0.0,0.6
2024-04-13,9,12.0,87.6,0.0,0.0,10.0
2024-04-13,12,22.0,67.9,0.0,0.0,10.0
2024-04-13,15,22.7,63.0,2.0,230.0,10.0
2024-04-13,18,16.8,60.0,3.0,230.0,10.0
2024-04-13,21,11.8,68.5,1.0,230.0,10.0
2024-04-14,0,10.0,71.5,0.0,0.0,10.0
2024-04-14,3,7.2,89.6,2.0,90.0,10.0
2024-04-14,6,6.9,94.6,0.0,0.0,10.0
2024-04-14,9,15.0,83.3,2.0,50.0,10.0
2024-04-14,12,24.7,52.0,3.0,180.0,10.0
2024-04-14,15,25.9,32.1,3.0,180.0,15.0
2024-04-14,18,23.0,39.5,3.0,180.0,10.0
2024-04-14,21,18.2,49.6,3.0,90.0,10.0
2024-04-15,0,15.2,65.6,3.0,50.0,10.0
2024-04-15,3,17.9,61.5,5.0,140.0,4.0
2024-04-15,6,14.6,90.7,8.0,140.0,3.5
2024-04-15,9,14.6,94.3,5.0,140.0,3.5
2024-04-15,12,11.6,94.8,4.0,270.0,4.0
2024-04-15,15,11.8,92.3,3.0,270.0,10.0
2024-04-15,18,11.2,92.3,5.0,230.0,10.0
2024-04-15,21,9.8,95.4,1.0,230.0,10.0
2024-04-16,0,10.0,98.0,2.0,230.0,10.0
2024-04-16,3,10.4,97.4,2.0,230.0,4.0
2024-04-16,6,10.5,96.1,3.0,230.0,3.0
2024-04-16,9,10.9,96.1,0.0,0.0,4.0
2024-04-16,12,14.2,82.1,3.0,230.0,10.0
2024-04-16,15,17.9,57.1,4.0,320.0,10.0
2024-04-16,18,15.1,61.7,3.0,230.0,10.0
2024-04-16,21,11.2,75.3,2.0,50.0,10.0
2024-04-17,0,8.4,84.3,2.0,90.0,10.0
2024-04-17,3,7.0,82.9,0.0,0.0,10.0
2024-04-17,6,5.8,92.0,0.0,0.0,10.0
2024-04-17,9,10.6,82.2,0.0,0.0,10.0
2024-04-17,12,18.4,66.7,0.0,0.0,10.0
2024-04-17,15,20.4,57.4,0.0,0.0,10.0
2024-04-17,18,20.6,68.5,0.0,0.0,10.0
2024-04-17,21,11.0,80.1,0.0,0.0,10.0
2024-04-18,0,9.4,85.5,0.0,0.0,10.0
2024-04-18,3,8.1,86.0,0.0,0.0,10.0
2024-04-18,6,6.4,88.2,0.0,0.0,10.0
2024-04-18,9,11.7,79.1,0.0,0.0,15.0
2024-04-18,12,21.2,48.4,4.0,230.0,20.0
2024-04-18,15,23.3,44.1,4.0,230.0,20.0
2024-04-18,18,20.1,57.3,3.0,230.0,15.0
2024-04-18,21,15.4,66.1,0.0,0.0,10.0
2024-04-19,0,10.6,88.6,3.0,140.0,10.0
2024-04-19,3,8.6,88.4,2.0,360.0,10.0
2024-04-19,6,7.2,94.6,1.0,50.0,10.0
2024-04-19,9,14.6,79.0,0.0,0.0,10.0
2024-04-19,12,20.2,49.5,1.0,140.0,10.0
2024-04-19,15,23.3,46.2,3.0,180.0,10.0
2024-04-19,18,19.9,52.8,2.0,270.0,10.0
2024-04-19,21,14.2,79.5,2.0,270.0,10.0
2024-04-20,0,12.2,88.2,0.0,0.0,10.0
2024-04-20,3,12.6,90.6,4.0,140.0,10.0
2024-04-20,6,12.8,85.9,2.0,90.0,10.0
2024-04-20,9,14.0,84.9,1.0,140.0,10.0
2024-04-20,12,16.8,77.3,0.0,0.0,10.0
2024-04-20,15,16.6,79.3,0.0,0.0,10.0
2024-04-20,18,14.0,80.0,2.0,50.0,10.0
2024-04-20,21,12.5,73.0,2.0,50.0,10.0
2024-04-21,0,11.2,90.5,2.0,50.0,10.0
2024-04-21,3,9.6,92.2,2.0,50.0,10.0
2024-04-21,6,9.3,92.8,0.0,0.0,10.0
2024-04-21,9,12.2,88.2,0.0,0.0,10.0
2024-04-21,12,17.8,65.7,3.0,50.0,15.0
2024-04-21,15,19.0,63.8,2.0,50.0,15.0
2024-04-21,18,18.9,63.8,2.0,50.0,15.0
2024-04-21,21,17.2,71.0,3.0,50.0,10.0
2024-04-22,0,13.6,76.2,2.0,50.0,10.0
2024-04-22,3,14.8,73.4,3.0,50.0,10.0
2024-04-22,6,14.0,76.3,3.0,50.0,10.0
2024-04-22,9,14.2,82.1,1.0,50.0,15.0
2024-04-22,12,20.2,54.7,2.0,50.0,15.0
2024-04-22,15,21.9,51.6,2.0,50.0,15.0
2024-04-22,18,19.5,55.6,4.0,270.0,15.0
2024-04-22,21,14.6,73.9,1.0,230.0,10.0
2024-04-23,0,13.0,82.0,0.0,0.0,10.0
2024-04-23,3,10.4,89.8,2.0,50.0,10.0
2024-04-23,6,12.0,92.4,2.0,50.0,10.0
2024-04-23,9,14.6,88.9,0.0,0.0,10.0
2024-04-23,12,18.6,74.1,1.0,90.0,10.0
2024-04-23,15,18.4,64.5,2.0,180.0,10.0
2024-04-23,18,15.4,74.0,1.0,140.0,4.0
2024-04-23,21,13.2,93.0,0.0,0.0,4.0
2024-04-24,0,12.4,96.8,1.0,90.0,4.0
2024-04-24,3,11.2,94.8,0.0,0.0,4.0
2024-04-24,6,10.6,94.8,3.0,50.0,5.0
2024-04-24,9,11.8,88.7,0.0,0.0,10.0
2024-04-24,12,14.0,80.0,0.0,0.0,10.0
2024-04-24,15,15.2,75.0,2.0,230.0,10.0
2024-04-24,18,14.8,76.9,3.0,270.0,10.0
2024-04-24,21,10.0,87.4,2.0,230.0,10.0
2024-04-25,0,9.8,88.5,3.0,230.0,10.0
2024-04-25,3,9.2,87.9,0.0,0.0,10.0
2024-04-25,6,9.4,79.8,0.0,0.0,10.0
2024-04-25,9,12.0,86.4,3.0,90.0,10.0
2024-04-25,12,16.4,73.7,3.0,140.0,10.0
2024-04-25,15,17.0,66.8,4.0,180.0,10.0
2024-04-25,18,15.4,69.2,3.0,140.0,10.0
2024-04-25,21,12.2,76.0,4.0,140.0,10.0
2024-04-26,0,11.2,80.6,4.0,50.0,10.0
2024-04-26,3,9.6,89.7,3.0,90.0,10.0
2024-04-26,6,8.6,91.5,2.0,50.0,10.0
2024-04-26,9,14.4,85.5,0.0,0.0,10.0
2024-04-26,12,20.4,65.8,0.0,0.0,10.0
2024-04-26,15,22.8,49.5,1.0,270.0,10.0
2024-04-26,18,19.6,47.7,2.0,270.0,10.0
2024-04-26,21,13.4,69.8,0.0,0.0,10.0
2024-04-27,0,9.2,89.1,2.0,50.0,10.0
2024-04-27,3,7.4,89.6,1.0,90.0,10.0
2024-04-27,6,6.2,92.7,1.0,90.0,10.0
2024-04-27,9,12.6,77.6,0.0,0.0,10.0
2024-04-27,12,20.4,50.5,1.0,230.0,10.0
2024-04-27,15,22.7,41.3,4.0,270.0,10.0
2024-04-27,18,18.6,62.5,5.0,230.0,10.0
2024-04-27,21,13.8,70.8,2.0,270.0,10.0
2024-04-28,0,10.8,85.7,0.0,0.0,10.0
2024-04-28,3,9.0,91.6,0.0,0.0,10.0
2024-04-28,6,8.2,94.7,0.0,0.0,10.0
2024-04-28,9,12.2,81.3,0.0,0.0,10.0
2024-04-28,12,21.6,51.9,0.0,0.0,20.0
2024-04-28,15,24.1,48.0,3.0,230.0,20.0
2024-04-28,18,17.5,63.1,4.0,230.0,20.0
2024-04-28,21,14.9,75.9,2.0,230.0,10.0
2024-04-29,0,13.4,83.7,0.0,0.0,10.0
2024-04-29,3,11.2,92.3,1.0,360.0,10.0
2024-04-29,6,10.2,92.3,2.0,360.0,10.0
2024-04-29,9,17.4,83.1,0.0,0.0,10.0
2024-04-29,12,22.9,64.7,0.0,0.0,10.0
2024-04-29,15,23.7,52.4,2.0,270.0,10.0
2024-04-29,18,20.6,52.3,0.0,0.0,10.0
2024-04-29,21,13.0,59.9,1.0,270.0,10.0
2024-04-30,0,11.8,80.7,3.0,270.0,10.0
2024-04-30,3,10.2,86.8,5.0,230.0,10.0
2024-04-30,6,9.8,81.6,3.0,320.0,10.0
2024-04-30,9,11.9,77.0,2.0,270.0,10.0
2024-04-30,12,16.6,58.3,0.0,0.0,10.0
2024-04-30,15,17.2,43.2,4.0,320.0,10.0
2024-04-30,18,17.8,47.5,0.0,0.0,10.0
2024-04-30,21,13.2,71.2,3.0,320.0,10.0
2024-05-01,0,9.6,84.4,0.0,0.0,10.0
2024-05-01,3,7.0,82.9,0.0,0.0,10.0
2024-05-01,6,6.4,89.5,0.0,0.0,10.0
2024-05-01,9,15.4,75.5,2.0,50.0,15.0
2024-05-01,12,20.0,53.9,0.0,0.0,10.0
2024-05-01,15,22.4,45.0,0.0,0.0,20.0
2024-05-01,18,22.1,29.3,0.0,0.0,10.0
2024-05-01,21,14.2,43.9,0.0,0.0,10.0
2024-05-02,0,8.2,64.4,2.0,90.0,10.0
2024-05-02,3,6.8,87.1,1.0,320.0,10.0
2024-05-02,6,5.2,89.4,1.0,50.0,15.0
2024-05-02,9,14.0,69.0,0.0,0.0,10.0
2024-05-02,12,21.6,51.9,0.0,0.0,10.0
2024-05-02,15,22.0,43.4,3.0,230.0,20.0
2024-05-02,18,20.8,47.7,3.0,270.0,20.0
2024-05-02,21,13.6,62.2,0.0,0.0,10.0
2024-05-03,0,8.7,80.9,0.0,0.0,10.0
2024-05-03,3,5.6,88.8,1.0,90.0,10.0
2024-05-03,6,5.4,85.7,0.0,0.0,10.0
2024-05-03,9,13.2,70.7,0.0,0.0,10.0
2024-05-03,12,23.5,53.4,0.0,0.0,10.0
2024-05-03,15,25.7,43.3,2.0,320.0,10.0
2024-05-03,18,24.1,51.9,1.0,320.0,10.0
2024-05-03,21,15.8,68.4,2.0,270.0,10.0
2024-05-04,0,11.8,82.9,1.0,360.0,10.0
2024-05-04,3,8.4,84.3,0.0,0.0,10.0
2024-05-04,6,7.6,84.2,0.0,0.0,10.0
2024-05-04,9,15.2,66.0,0.0,0.0,10.0
2024-05-04,12,24.2,38.8,0.0,0.0,10.0
2024-05-04,15,25.7,35.7,4.0,270.0,10.0
2024-05-04,18,22.7,34.8,2.0,270.0,10.0
2024-05-04,21,17.4,63.0,2.0,230.0,10.0
2024-05-05,0,16.9,81.4,1.0,50.0,10.0
2024-05-05,3,15.4,90.2,3.0,90.0,4.0
2024-05-05,6,14.2,91.9,3.0,90.0,4.0
2024-05-05,9,15.2,93.1,1.0,90.0,4.0
2024-05-05,12,16.4,95.0,1.0,50.0,4.0
2024-05-05,15,17.6,93.9,1.0,90.0,4.0
2024-05-05,18,17.0,95.6,0.0,0.0,4.0
2024-05-05,21,13.8,95.5,3.0,230.0,4.0
2024-05-06,0,12.8,96.8,5.0,230.0,4.0
2024-05-06,3,12.1,96.1,4.0,230.0,1.0
2024-05-06,6,12.6,96.8,3.0,270.0,10.0
2024-05-06,9,12.3,89.9,0.0,0.0,10.0
2024-05-06,12,13.9,84.3,3.0,270.0,10.0
2024-05-06,15,13.1,83.7,1.0,180.0,10.0
2024-05-06,18,12.6,88.2,0.0,0.0,4.5
2024-05-06,21,12.8,92.4,2.0,140.0,4.0
2024-05-07,0,12.2,94.9,3.0,140.0,4.0
2024-05-07,3,12.4,94.9,3.0,140.0,4.0
2024-05-07,6,12.4,94.9,4.0,50.0,4.0
2024-05-07,9,12.9,94.3,3.0,50.0,4.0
2024-05-07,12,14.0,84.3,3.0,50.0,10.0
2024-05-07,15,15.0,78.0,2.0,90.0,20.0
2024-05-07,18,16.2,76.2,1.0,320.0,20.0
2024-05-07,21,13.2,85.4,3.0,230.0,10.0
2024-05-08,0,13.0,84.8,0.0,0.0,10.0
2024-05-08,3,12.2,93.0,0.0,0.0,10.0
2024-05-08,6,10.6,94.2,0.0,0.0,10.0
2024-05-08,9,15.4,87.9,2.0,360.0,10.0
2024-05-08,12,18.8,74.1,2.0,230.0,10.0
2024-05-08,15,19.4,60.2,7.0,270.0,10.0
2024-05-08,18,17.0,66.8,5.0,270.0,10.0
2024-05-08,21,12.0,78.6,2.0,230.0,10.0
2024-05-09,0,7.8,81.3,2.0,140.0,10.0
2024-05-09,3,6.0,92.0,2.0,90.0,10.0
2024-05-09,6,6.2,92.7,1.0,90.0,10.0
2024-05-09,9,14.2,82.1,0.0,0.0,10.0
2024-05-09,12,20.6,50.6,3.0,270.0,10.0
2024-05-09,15,20.6,52.3,3.0,270.0,10.0
2024-05-09,18,19.4,64.8,1.0,270.0,10.0
2024-05-09,21,14.4,72.4,1.0,90.0,10.0
2024-05-10,0,12.6,83.6,1.0,90.0,10.0
2024-05-10,3,12.0,92.4,3.0,70.0,10.0
2024-05-10,6,11.6,93.6,4.0,140.0,10.0
2024-05-10,9,16.6,69.5,4.0,140.0,20.0
2024-05-10,12,19.6,44.2,4.0,230.0,20.0
2024-05-10,15,20.2,44.4,5.0,180.0,20.0
2024-05-10,18,17.0,65.1,5.0,180.0,20.0
2024-05-10,21,14.1,78.9,6.0,140.0,10.0
2024-05-11,0,13.6,84.3,6.0,140.0,10.0
2024-05-11,3,14.6,88.9,3.0,180.0,10.0
2024-05-11,6,15.4,85.6,4.0,140.0,10.0
2024-05-11,9,15.5,90.2,6.0,230.0,4.0
2024-05-11,12,15.1,91.9,6.0,230.0,4.0
2024-05-11,15,14.6,89.5,3.0,180.0,4.0
2024-05-11,18,13.5,88.3,2.0,180.0,10.0
2024-05-11,21,11.8,86.9,1.0,320.0,10.0
2024-05-12,0,9.0,87.9,0.0,0.0,10.0
2024-05-12,3,6.6,95.3,0.0,0.0,10.0
2024-05-12,6,6.2,97.3,1.0,90.0,10.0
2024-05-12,9,13.5,85.4,0.0,0.0,10.0
2024-05-12,12,18.8,52.2,5.0,320.0,10.0
2024-05-12,15,19.0,46.9,4.0,320.0,10.0
2024-05-12,18,18.0,59.1,5.0,270.0,10.0
2024-05-12,21,13.2,77.2,2.0,50.0,10.0
2024-05-13,0,11.6,82.9,0.0,0.0,10.0
2024-05-13,3,9.2,84.3,0.0,0.0,10.0
2024-05-13,6,7.6,84.2,0.0,0.0,10.0
2024-05-13,9,15.4,70.2,0.0,0.0,20.0
2024-05-13,12,23.1,42.6,2.0,230.0,20.0
2024-05-13,15,23.3,33.8,4.0,270.0,20.0
2024-05-13,18,21.6,36.5,4.0,270.0,20.0
2024-05-13,21,15.2,61.3,0.0,0.0,10.0
2024-05-14,0,13.0,76.7,1.0,270.0,10.0
2024-05-14,3,12.0,76.5,2.0,90.0,10.0
2024-05-14,6,9.8,81.6,2.0,50.0,10.0
2024-05-14,9,18.2,69.8,2.0,50.0,10.0
2024-05-14,12,23.3,54.1,0.0,0.0,10.0
2024-05-14,15,23.9,50.5,0.0,0.0,10.0
2024-05-14,18,22.9,52.9,4.0,230.0,10.0
2024-05-14,21,15.2,64.7,0.0,0.0,10.0
2024-05-15,0,14.4,85.5,2.0,140.0,10.0
2024-05-15,3,14.0,87.7,1.0,50.0,10.0
2024-05-15,6,14.4,83.3,8.0,360.0,10.0
2024-05-15,9,10.6,88.6,2.0,320.0,4.0
2024-05-15,12,12.0,86.4,2.0,270.0,10.0
2024-05-15,15,15.4,61.3,4.0,320.0,10.0
2024-05-15,18,15.6,54.6,4.0,360.0,10.0
2024-05-15,21,10.0,76.7,1.0,50.0,10.0
2024-05-16,0,8.2,88.4,1.0,50.0,10.0
2024-05-16,3,6.7,90.8,1.0,50.0,10.0
2024-05-16,6,4.8,93.2,0.0,0.0,15.0
2024-05-16,9,12.8,69.7,0.0,0.0,20.0
2024-05-16,12,19.2,51.2,0.0,0.0,20.0
2024-05-16,15,20.6,38.8,3.0,270.0,20.0
2024-05-16,18,20.4,27.2,1.0,320.0,20.0
2024-05-16,21,13.2,49.9,2.0,140.0,10.0
2024-05-17,0,9.8,70.0,0.0,0.0,10.0
2024-05-17,3,8.8,86.7,2.0,360.0,10.0
2024-05-17,6,10.6,88.6,6.0,90.0,10.0
2024-05-17,9,15.6,85.6,3.0,90.0,10.0
2024-05-17,12,21.4,70.0,4.0,140.0,10.0
2024-05-17,15,23.3,57.0,3.0,140.0,20.0
2024-05-17,18,21.2,62.3,4.0,180.0,10.0
2024-05-17,21,16.2,73.7,1.0,90.0,10.0
2024-05-18,0,14.8,83.3,3.0,90.0,10.0
2024-05-18,3,15.4,87.9,0.0,0.0,10.0
2024-05-18,6,16.2,90.2,3.0,140.0,10.0
2024-05-18,9,16.9,89.1,3.0,140.0,10.0
2024-05-18,12,21.2,73.1,5.0,180.0,10.0
2024-05-18,15,22.5,66.7,3.0,180.0,10.0
2024-05-18,18,21.1,67.7,2.0,140.0,10.0
2024-05-18,21,18.4,82.1,0.0,0.0,10.0
2024-05-19,0,16.4,88.5,0.0,0.0,10.0
2024-05-19,3,14.6,89.5,3.0,90.0,10.0
2024-05-19,6,13.6,91.8,3.0,90.0,10.0
2024-05-19,9,19.6,74.3,2.0,140.0,15.0
2024-05-19,12,22.7,59.5,3.0,230.0,20.0
2024-05-19,15,23.9,55.3,3.0,230.0,20.0
2024-05-19,18,21.2,63.9,3.0,230.0,20.0
2024-05-19,21,17.4,81.5,0.0,0.0,10.0
2024-05-20,0,16.6,86.3,0.0,0.0,10.0
2024-05-20,3,17.2,86.3,0.0,0.0,10.0
2024-05-20,6,16.2,91.4,0.0,0.0,10.0
2024-05-20,9,17.4,84.7,1.0,270.0,10.0
2024-05-20,12,19.4,78.2,0.0,0.0,10.0
2024-05-20,15,19.6,78.2,3.0,270.0,10.0
2024-05-20,18,22.5,68.4,3.0,270.0,10.0
2024-05-20,21,14.4,83.3,3.0,230.0,10.0
2024-05-21,0,13.4,90.6,0.0,0.0,10.0
2024-05-21,3,12.4,93.0,1.0,360.0,10.0
2024-05-21,6,13.6,94.3,0.0,0.0,3.5
2024-05-21,9,18.8,83.2,0.0,0.0,4.5
2024-05-21,12,21.2,72.2,0.0,0.0,10.0
2024-05-21,15,22.7,67.2,3.0,270.0,10.0
2024-05-21,18,21.4,72.7,3.0,270.0,10.0
2024-05-21,21,15.2,82.8,2.0,230.0,10.0
2024-05-22,0,15.0,89.0,0.0,0.0,4.0
2024-05-22,3,14.4,91.9,2.0,230.0,5.0
2024-05-22,6,13.6,93.1,2.0,140.0,5.0
2024-05-22,9,15.2,87.8,1.0,140.0,10.0
2024-05-22,12,19.8,70.6,2.0,230.0,10.0
2024-05-22,15,20.4,66.7,4.0,270.0,20.0
2024-05-22,18,19.9,69.7,3.0,270.0,20.0
2024-05-22,21,15.6,85.6,0.0,0.0,10.0
2024-05-23,0,14.2,89.5,0.0,0.0,10.0
2024-05-23,3,14.1,94.3,0.0,0.0,10.0
2024-05-23,6,15.1,94.4,1.0,140.0,3.5
2024-05-23,9,17.4,86.4,0.0,0.0,10.0
2024-05-23,12,21.0,67.2,0.0,0.0,10.0
2024-05-23,15,23.3,61.5,3.0,270.0,10.0
2024-05-23,18,20.4,70.2,3.0,270.0,10.0
2024-05-23,21,16.6,80.3,2.0,230.0,10.0
2024-05-24,0,14.8,85.5,0.0,0.0,10.0
2024-05-24,3,15.6,89.0,1.0,320.0,10.0
2024-05-24,6,15.8,90.2,0.0,0.0,5.0
2024-05-24,9,18.0,82.6,0.0,0.0,5.0
2024-05-24,12,22.9,68.5,0.0,0.0,10.0
2024-05-24,15,24.5,62.2,0.0,0.0,10.0
2024-05-24,18,21.2,69.9,3.0,230.0,10.0
2024-05-24,21,17.8,78.9,2.0,230.0,10.0
2024-05-25,0,17.0,86.9,0.0,0.0,10.0
2024-05-25,3,15.4,92.6,0.0,0.0,10.0
2024-05-25,6,15.0,94.3,0.0,0.0,10.0
2024-05-25,9,18.2,82.1,0.0,0.0,10.0
2024-05-25,12,21.2,78.4,4.0,180.0,10.0
2024-05-25,15,23.3,70.3,4.0,180.0,4.0
2024-05-25,18,19.4,82.8,2.0,140.0,4.0
2024-05-25,21,17.6,88.1,1.0,140.0,4.0
2024-05-26,0,17.2,83.6,4.0,140.0,4.0
2024-05-26,3,16.8,87.4,2.0,140.0,4.0
2024-05-26,6,16.8,84.6,3.0,140.0,15.0
2024-05-26,9,18.6,78.0,4.0,180.0,10.0
2024-05-26,12,16.8,88.6,4.0,140.0,4.0
2024-05-26,15,17.8,94.5,5.0,230.0,4.0
2024-05-26,18,17.4,96.9,5.0,270.0,4.0
2024-05-26,21,14.6,94.3,2.0,230.0,4.0
2024-05-27,0,13.2,91.8,4.0,270.0,4.0
2024-05-27,3,11.3,94.8,0.0,0.0,10.0
2024-05-27,6,11.0,93.5,0.0,0.0,10.0
2024-05-27,9,16.9,62.5,4.0,320.0,10.0
2024-05-27,12,20.3,54.0,6.0,320.0,10.0
2024-05-27,15,21.6,41.9,7.0,320.0,20.0
2024-05-27,18,21.3,46.5,7.0,270.0,20.0
2024-05-27,21,17.0,75.8,1.0,270.0,10.0
2024-05-28,0,13.8,84.3,0.0,0.0,10.0
2024-05-28,3,12.2,88.2,0.0,0.0,10.0
2024-05-28,6,14.0,82.1,2.0,50.0,15.0
2024-05-28,9,19.4,54.1,0.0,0.0,20.0
2024-05-28,12,22.9,40.0,2.0,320.0,20.0
2024-05-28,15,25.3,38.3,3.0,320.0,20.0
2024-05-28,18,23.3,35.3,1.0,360.0,20.0
2024-05-28,21,15.3,72.5,3.0,230.0,10.0
2024-05-29,0,12.4,85.3,2.0,90.0,10.0
2024-05-29,3,9.6,92.2,1.0,50.0,10.0
2024-05-29,6,8.8,94.7,0.0,0.0,10.0
2024-05-29,9,17.2,74.8,0.0,0.0,10.0
2024-05-29,12,24.5,49.7,4.0,270.0,10.0
2024-05-29,15,26.2,47.3,4.0,270.0,10.0
2024-05-29,18,23.5,50.7,2.0,270.0,20.0
2024-05-29,21,17.6,63.1,1.0,270.0,10.0
2024-05-30,0,15.2,81.7,1.0,90.0,10.0
2024-05-30,3,15.4,83.9,2.0,50.0,10.0
2024-05-30,6,14.4,81.1,2.0,50.0,15.0
2024-05-30,9,17.5,76.9,1.0,90.0,10.0
2024-05-30,12,20.4,65.0,0.0,0.0,10.0
2024-05-30,15,21.0,59.0,2.0,180.0,10.0
2024-05-30,18,20.6,60.9,0.0,0.0,10.0
2024-05-30,21,17.2,74.8,1.0,140.0,10.0
2024-05-31,0,14.8,85.5,2.0,50.0,10.0
2024-05-31,3,12.2,93.0,1.0,50.0,10.0
2024-05-31,6,11.8,95.5,1.0,90.0,10.0
2024-05-31,9,19.2,75.7,2.0,230.0,10.0
2024-05-31,12,22.8,51.2,3.0,230.0,20.0
2024-05-31,15,22.0,44.9,4.0,230.0,20.0
2024-05-31,18,20.2,67.5,3.0,270.0,10.0
2024-05-31,21,16.6,89.7,3.0,270.0,10.0
2024-06-01,0,14.6,85.5,5.0,320.0,10.0
2024-06-01,3,14.4,85.5,3.0,270.0,10.0
2024-06-01,6,13.2,84.8,0.0,0.0,15.0
2024-06-01,9,19.2,70.0,2.0,270.0,20.0
2024-06-01,12,23.5,54.1,4.0,320.0,20.0
2024-06-01,15,23.5,49.4,3.0,320.0,20.0
2024-06-01,18,22.3,52.8,2.0,320.0,20.0
2024-06-01,21,16.0,68.0,3.0,230.0,10.0
2024-06-02,0,14.0,84.3,0.0,0.0,10.0
2024-06-02,3,14.0,84.9,2.0,320.0,10.0
2024-06-02,6,12.4,88.2,0.0,0.0,10.0
2024-06-02,9,18.0,73.5,0.0,0.0,10.0
2024-06-02,12,24.7,48.8,1.0,320.0,20.0
2024-06-02,15,25.1,33.9,3.0,360.0,10.0
2024-06-02,18,25.1,40.6,1.0,320.0,10.0
2024-06-02,21,18.2,61.1,1.0,230.0,10.0
2024-06-03,0,16.2,81.9,0.0,0.0,10.0
2024-06-03,3,19.2,80.2,0.0,0.0,10.0
2024-06-03,6,10.6,86.8,1.0,50.0,15.0
2024-06-03,9,20.7,60.9,0.0,0.0,20.0
2024-06-03,12,25.7,37.2,2.0,50.0,20.0
2024-06-03,15,24.7,43.9,4.0,230.0,20.0
2024-06-03,18,22.7,53.2,4.0,230.0,20.0
2024-06-03,21,17.2,69.1,2.0,230.0,10.0
2024-06-04,0,15.8,81.8,0.0,0.0,10.0
2024-06-04,3,13.2,93.0,0.0,0.0,10.0
2024-06-04,6,11.8,92.3,0.0,0.0,10.0
2024-06-04,9,21.6,68.7,0.0,0.0,10.0
2024-06-04,12,26.1,35.8,0.0,0.0,10.0
2024-06-04,15,27.6,33.2,5.0,270.0,10.0
2024-06-04,18,24.5,38.3,4.0,270.0,10.0
2024-06-04,21,18.8,68.6,1.0,230.0,10.0
2024-06-05,0,15.0,84.4,0.0,0.0,10.0
2024-06-05,3,12.8,81.4,1.0,50.0,10.0
2024-06-05,6,11.2,90.5,0.0,0.0,15.0
2024-06-05,9,22.3,65.0,0.0,0.0,15.0
2024-06-05,12,28.6,46.1,0.0,0.0,20.0
2024-06-05,15,27.8,51.5,4.0,270.0,20.0
2024-06-05,18,23.6,56.7,3.0,270.0,15.0
2024-06-05,21,18.8,74.1,2.0,270.0,10.0
2024-06-06,0,16.4,88.5,0.0,0.0,10.0
2024-06-06,3,13.4,86.0,0.0,0.0,10.0
2024-06-06,6,12.0,89.9,1.0,90.0,10.0
2024-06-06,9,21.2,73.6,0.0,0.0,10.0
2024-06-06,12,27.8,39.3,2.0,230.0,20.0
2024-06-06,15,27.4,35.2,4.0,230.0,20.0
2024-06-06,18,25.1,45.2,4.0,230.0,20.0
2024-06-06,21,18.8,76.1,1.0,270.0,10.0
2024-06-07,0,17.2,86.3,0.0,0.0,10.0
2024-06-07,3,14.9,86.7,1.0,90.0,10.0
2024-06-07,6,12.2,93.0,2.0,90.0,10.0
2024-06-07,9,19.2,72.8,0.0,0.0,10.0
2024-06-07,12,24.5,48.4,0.0,0.0,10.0
2024-06-07,15,25.7,43.3,0.0,0.0,10.0
2024-06-07,18,24.3,55.4,1.0,270.0,10.0
2024-06-07,21,20.6,76.4,1.0,90.0,10.0
2024-06-08,0,18.6,83.2,3.0,140.0,10.0
2024-06-08,3,17.6,86.9,4.0,140.0,10.0
2024-06-08,6,17.0,92.6,2.0,180.0,4.0
2024-06-08,9,17.8,95.7,0.0,0.0,4.0
2024-06-08,12,20.6,90.0,0.0,0.0,10.0
2024-06-08,15,24.7,70.2,0.0,0.0,15.0
2024-06-08,18,24.2,63.3,2.0,230.0,20.0
2024-06-08,21,19.0,77.1,0.0,0.0,10.0
2024-06-09,0,17.0,79.3,0.0,0.0,10.0
2024-06-09,3,16.0,92.6,0.0,0.0,10.0
2024-06-09,6,17.4,94.5,2.0,50.0,6.0
2024-06-09,9,21.0,79.9,2.0,140.0,10.0
2024-06-09,12,25.1,66.0,0.0,0.0,10.0
2024-06-09,15,26.9,56.8,2.0,180.0,10.0
2024-06-09,18,24.3,64.6,2.0,180.0,10.0
2024-06-09,21,20.2,85.0,1.0,140.0,10.0
2024-06-10,0,18.8,81.7,2.0,90.0,10.0
2024-06-10,3,18.4,87.0,3.0,90.0,10.0
2024-06-10,6,18.8,93.9,3.0,90.0,3.5
2024-06-10,9,20.0,90.5,0.0,0.0,3.5
2024-06-10,12,22.7,80.1,1.0,90.0,3.5
2024-06-10,15,26.3,65.4,1.0,140.0,10.0
2024-06-10,18,25.9,70.8,0.0,0.0,10.0
2024-06-10,21,21.2,83.5,2.0,90.0,10.0
2024-06-11,0,19.8,82.8,4.0,50.0,10.0
2024-06-11,3,19.2,92.8,5.0,90.0,10.0
2024-06-11,6,19.3,93.9,4.0,90.0,10.0
2024-06-11,9,24.2,75.1,3.0,140.0,10.0
2024-06-11,12,28.8,60.1,3.0,140.0,10.0
2024-06-11,15,28.0,58.1,5.0,180.0,10.0
2024-06-11,18,27.1,62.0,2.0,140.0,15.0
2024-06-11,21,22.3,71.5,4.0,160.0,10.0
2024-06-12,0,20.6,90.0,2.0,140.0,10.0
2024-06-12,3,19.6,90.5,1.0,140.0,10.0
2024-06-12,6,18.4,89.3,3.0,90.0,10.0
2024-06-12,9,24.1,66.6,1.0,180.0,10.0
2024-06-12,12,24.5,67.1,3.0,180.0,10.0
2024-06-12,15,24.5,64.2,2.0,140.0,20.0
2024-06-12,18,25.7,57.9,2.0,270.0,15.0
2024-06-12,21,21.2,76.5,0.0,0.0,10.0
2024-06-13,0,18.2,85.3,0.0,0.0,10.0
2024-06-13,3,15.5,92.6,0.0,0.0,10.0
2024-06-13,6,14.6,95.6,0.0,0.0,3.0
2024-06-13,9,22.0,75.6,0.0,0.0,10.0
2024-06-13,12,27.1,57.9,2.0,230.0,10.0
2024-06-13,15,28.4,49.7,5.0,270.0,10.0
2024-06-13,18,28.7,55.8,3.0,270.0,10.0
2024-06-13,21,21.8,83.6,0.0,0.0,10.0
2024-06-14,0,21.0,88.9,1.0,90.0,10.0
2024-06-14,3,20.6,88.9,3.0,50.0,10.0
2024-06-14,6,19.6,86.6,2.0,90.0,10.0
2024-06-14,9,25.2,78.0,3.0,90.0,10.0
2024-06-14,12,28.8,59.0,5.0,140.0,10.0
2024-06-14,15,24.7,70.2,0.0,0.0,4.0
2024-06-14,18,23.5,80.2,0.0,0.0,10.0
2024-06-14,21,20.4,82.4,1.0,230.0,10.0
2024-06-15,0,20.8,84.0,0.0,0.0,10.0
2024-06-15,3,20.4,92.8,0.0,0.0,10.0
2024-06-15,6,19.9,94.0,1.0,320.0,10.0
2024-06-15,9,21.6,88.4,0.0,0.0,10.0
2024-06-15,12,24.5,73.3,1.0,270.0,10.0
2024-06-15,15,25.9,61.0,4.0,270.0,20.0
2024-06-15,18,26.0,53.7,2.0,320.0,20.0
2024-06-15,21,21.0,69.9,2.0,320.0,10.0
2024-06-16,0,18.2,92.7,2.0,270.0,10.0
2024-06-16,3,17.6,92.7,1.0,270.0,10.0
2024-06-16,6,17.2,94.4,2.0,270.0,10.0
2024-06-16,9,21.6,81.5,2.0,270.0,10.0
2024-06-16,12,27.4,60.2,3.0,320.0,20.0
2024-06-16,15,30.0,42.3,4.0,230.0,20.0
2024-06-16,18,25.0,53.8,4.0,270.0,20.0
2024-06-16,21,21.9,72.3,0.0,0.0,10.0
2024-06-17,0,17.8,83.7,0.0,0.0,10.0
2024-06-17,3,15.3,87.9,0.0,0.0,10.0
2024-06-17,6,15.0,84.4,0.0,0.0,10.0
2024-06-17,9,24.3,62.6,0.0,0.0,10.0
2024-06-17,12,29.6,37.3,1.0,230.0,10.0
2024-06-17,15,29.6,37.5,5.0,270.0,10.0
2024-06-17,18,28.4,43.8,3.0,270.0,10.0
2024-06-17,21,23.5,67.8,0.0,0.0,10.0
2024-06-18,0,19.6,88.2,2.0,90.0,10.0
2024-06-18,3,17.4,88.6,1.0,90.0,10.0
2024-06-18,6,16.8,94.4,0.0,0.0,10.0
2024-06-18,9,24.7,62.7,2.0,140.0,20.0
2024-06-18,12,30.3,34.7,3.0,270.0,20.0
2024-06-18,15,32.3,30.0,3.0,270.0,20.0
2024-06-18,18,29.5,42.4,4.0,270.0,20.0
2024-06-18,21,24.9,60.0,0.0,0.0,10.0
2024-06-19,0,21.2,83.5,0.0,0.0,10.0
2024-06-19,3,18.2,92.7,1.0,360.0,10.0
2024-06-19,6,17.6,95.1,0.0,0.0,0.4
2024-06-19,9,24.7,77.5,1.0,140.0,10.0
2024-06-19,12,31.6,51.9,0.0,0.0,15.0
2024-06-19,15,32.7,40.7,5.0,230.0,20.0
2024-06-19,18,31.0,54.7,3.0,230.0,20.0
2024-06-19,21,23.9,74.1,0.0,0.0,10.0
2024-06-20,0,19.0,72.3,0.0,0.0,10.0
2024-06-20,3,16.8,84.6,2.0,50.0,10.0
2024-06-20,6,17.8,76.9,3.0,50.0,10.0
2024-06-20,9,26.5,56.3,2.0,140.0,10.0
2024-06-20,12,31.3,40.3,3.0,180.0,10.0
2024-06-20,15,32.2,31.7,1.0,180.0,10.0
2024-06-20,18,30.0,36.0,0.0,0.0,10.0
2024-06-20,21,24.9,59.2,1.0,270.0,10.0
2024-06-21,0,20.8,79.9,0.0,0.0,10.0
2024-06-21,3,18.0,89.2,1.0,140.0,10.0
2024-06-21,6,16.8,92.6,0.0,0.0,10.0
2024-06-21,9,25.3,64.8,0.0,0.0,15.0
2024-06-21,12,29.2,50.9,3.0,230.0,20.0
2024-06-21,15,29.4,52.3,4.0,270.0,20.0
2024-06-21,18,28.0,55.6,4.0,270.0,20.0
2024-06-21,21,24.1,78.4,2.0,270.0,10.0
2024-06-22,0,23.1,82.2,1.0,90.0,10.0
2024-06-22,3,22.6,91.2,2.0,50.0,10.0
2024-06-22,6,21.4,92.3,3.0,90.0,4.0
2024-06-22,9,22.4,96.4,0.0,0.0,4.0
2024-06-22,12,23.9,92.4,0.0,0.0,4.0
2024-06-22,15,25.0,85.0,4.0,140.0,10.0
2024-06-22,18,25.7,78.6,0.0,0.0,10.0
2024-06-22,21,22.0,82.6,1.0,230.0,10.0
2024-06-23,0,21.4,87.3,2.0,230.0,10.0
2024-06-23,3,21.6,92.3,2.0,320.0,10.0
2024-06-23,6,21.6,94.6,2.0,320.0,10.0
2024-06-23,9,22.7,85.8,0.0,0.0,5.0
2024-06-23,12,27.2,68.5,0.0,0.0,10.0
2024-06-23,15,29.0,59.1,4.0,270.0,10.0
2024-06-23,18,26.5,72.3,3.0,270.0,10.0
2024-06-23,21,20.6,94.6,0.0,0.0,4.0
2024-06-24,0,19.2,93.9,2.0,90.0,10.0
2024-06-24,3,19.2,93.9,0.0,0.0,10.0
2024-06-24,6,17.8,94.5,2.0,270.0,10.0
2024-06-24,9,21.3,79.4,3.0,320.0,10.0
2024-06-24,12,23.9,58.2,4.0,360.0,10.0
2024-06-24,15,24.4,55.8,2.0,230.0,10.0
2024-06-24,18,24.3,56.5,4.0,290.0,10.0
2024-06-24,21,20.6,72.1,2.0,270.0,10.0
2024-06-25,0,19.6,84.4,0.0,0.0,10.0
2024-06-25,3,17.3,85.8,0.0,0.0,10.0
2024-06-25,6,15.0,93.1,2.0,140.0,15.0
2024-06-25,9,20.1,76.8,0.0,0.0,20.0
2024-06-25,12,25.7,60.2,3.0,320.0,20.0
2024-06-25,15,26.9,50.0,6.0,320.0,20.0
2024-06-25,18,26.3,56.6,4.0,320.0,20.0
2024-06-25,21,21.0,73.1,2.0,270.0,10.0
2024-06-26,0,17.8,78.9,1.0,270.0,10.0
2024-06-26,3,15.2,83.9,1.0,270.0,10.0
2024-06-26,6,14.6,94.3,0.0,0.0,10.0
2024-06-26,9,24.1,62.1,0.0,0.0,10.0
2024-06-26,12,29.6,38.3,1.0,90.0,10.0
2024-06-26,15,30.6,36.4,2.0,270.0,10.0
2024-06-26,18,28.4,45.5,3.0,230.0,10.0
2024-06-26,21,24.5,71.5,1.0,270.0,10.0
2024-06-27,0,18.2,84.2,1.0,50.0,10.0
2024-06-27,3,16.7,91.4,1.0,50.0,10.0
2024-06-27,6,16.0,94.4,0.0,0.0,10.0
2024-06-27,9,23.1,67.2,0.0,0.0,20.0
2024-06-27,12,29.6,36.3,1.0,270.0,20.0
2024-06-27,15,30.6,32.3,3.0,270.0,20.0
2024-06-27,18,28.2,38.9,4.0,270.0,20.0
2024-06-27,21,22.9,63.9,3.0,230.0,10.0
2024-06-28,0,19.0,81.7,2.0,230.0,10.0
2024-06-28,3,16.8,80.3,0.0,0.0,10.0
2024-06-28,6,16.4,80.3,1.0,90.0,10.0
2024-06-28,9,23.2,65.2,0.0,0.0,10.0
2024-06-28,12,30.6,47.0,0.0,0.0,20.0
2024-06-28,15,30.4,38.5,3.0,270.0,20.0
2024-06-28,18,28.8,49.9,3.0,270.0,20.0
2024-06-28,21,23.4,69.9,0.0,0.0,10.0
2024-06-29,0,20.0,82.9,0.0,0.0,10.0
2024-06-29,3,18.6,85.4,1.0,50.0,10.0
2024-06-29,6,19.2,84.4,0.0,0.0,10.0
2024-06-29,9,24.5,67.1,2.0,90.0,10.0
2024-06-29,12,26.6,62.3,4.0,140.0,10.0
2024-06-29,15,28.7,57.2,3.0,140.0,10.0
2024-06-29,18,28.4,61.9,3.0,90.0,10.0
2024-06-29,21,23.5,83.8,1.0,90.0,10.0
2024-06-30,0,22.7,95.8,4.0,50.0,4.0
2024-06-30,3,22.5,97.0,4.0,90.0,4.0
2024-06-30,6,20.8,98.2,4.0,320.0,4.0
2024-06-30,9,21.8,92.3,3.0,320.0,10.0
2024-06-30,12,25.9,72.6,2.0,320.0,20.0
2024-06-30,15,27.1,71.9,5.0,270.0,20.0
2024-06-30,18,26.7,75.9,5.0,270.0,10.0
2024-06-30,21,23.3,82.7,2.0,270.0,10.0
2024-07-01,0,21.4,84.6,0.0,0.0,10.0
2024-07-01,3,20.6,94.6,0.0,0.0,10.0
2024-07-01,6,19.8,96.3,2.0,50.0,1.0
2024-07-01,9,24.7,79.4,1.0,50.0,10.0
2024-07-01,12,28.4,64.7,2.0,180.0,10.0
2024-07-01,15,28.6,63.1,4.0,180.0,10.0
2024-07-01,18,28.1,64.2,3.0,180.0,10.0
2024-07-01,21,24.5,71.5,0.0,0.0,10.0
2024-07-02,0,23.5,85.4,1.0,90.0,10.0
2024-07-02,3,22.3,91.8,2.0,90.0,10.0
2024-07-02,6,22.5,94.1,2.0,90.0,3.5
2024-07-02,9,22.8,91.8,0.0,0.0,4.5
2024-07-02,12,24.5,89.7,4.0,90.0,4.5
2024-07-02,15,21.8,96.4,3.0,90.0,4.5
2024-07-02,18,22.5,91.8,8.0,140.0,4.5
2024-07-02,21,22.7,96.4,9.0,140.0,4.0
2024-07-03,0,24.0,93.6,10.0,140.0,4.0
2024-07-03,3,22.9,83.2,11.0,230.0,10.0
2024-07-03,6,21.7,84.6,10.0,230.0,10.0
2024-07-03,9,21.2,87.3,4.0,230.0,15.0
2024-07-03,12,22.7,83.2,4.0,230.0,10.0
2024-07-03,15,23.2,78.7,4.0,270.0,10.0
2024-07-03,18,23.7,79.8,3.0,230.0,10.0
2024-07-03,21,21.4,92.3,1.0,320.0,10.0
2024-07-04,0,20.0,94.0,1.0,90.0,10.0
2024-07-04,3,19.7,96.9,2.0,90.0,10.0
2024-07-04,6,19.8,97.5,1.0,50.0,3.5
2024-07-04,9,23.3,86.9,2.0,140.0,4.0
2024-07-04,12,25.9,75.3,3.0,180.0,10.0
2024-07-04,15,25.7,78.6,4.0,140.0,10.0
2024-07-04,18,20.2,96.3,2.0,230.0,4.0
2024-07-04,21,22.7,91.3,7.0,140.0,10.0
2024-07-05,0,22.5,95.2,5.0,140.0,10.0
2024-07-05,3,21.0,94.6,5.0,320.0,10.0
2024-07-05,6,20.4,94.0,4.0,230.0,5.0
2024-07-05,9,20.4,92.8,0.0,0.0,5.0
2024-07-05,12,23.7,81.3,2.0,270.0,10.0
2024-07-05,15,26.5,68.8,0.0,0.0,10.0
2024-07-05,18,24.7,77.5,3.0,180.0,10.0
2024-07-05,21,22.7,85.3,3.0,140.0,10.0
2024-07-06,0,22.5,86.9,3.0,140.0,10.0
2024-07-06,3,21.5,94.0,0.0,0.0,10.0
2024-07-06,6,21.4,95.8,7.0,90.0,4.0
2024-07-06,9,22.0,96.4,6.0,90.0,4.0
2024-07-06,12,25.9,87.2,8.0,180.0,10.0
2024-07-06,15,26.7,79.2,9.0,230.0,10.0
2024-07-06,18,22.4,85.8,8.0,230.0,10.0
2024-07-06,21,21.0,88.9,7.0,230.0,10.0
2024-07-07,0,20.5,89.4,1.0,230.0,10.0
2024-07-07,3,20.2,94.0,2.0,140.0,10.0
2024-07-07,6,20.0,95.2,3.0,90.0,10.0
2024-07-07,9,23.9,83.8,0.0,0.0,10.0
2024-07-07,12,28.1,68.3,4.0,180.0,10.0
2024-07-07,15,27.8,66.1,3.0,140.0,10.0
2024-07-07,18,27.8,71.6,2.0,140.0,10.0
2024-07-07,21,24.3,87.0,0.0,0.0,10.0
2024-07-08,0,23.3,94.1,3.0,140.0,10.0
2024-07-08,3,23.1,95.3,2.0,140.0,10.0
2024-07-08,6,22.7,95.8,2.0,140.0,10.0
2024-07-08,9,24.0,73.6,0.0,0.0,10.0
2024-07-08,12,25.1,84.5,3.0,270.0,10.0
2024-07-08,15,27.6,74.2,2.0,140.0,10.0
2024-07-08,18,28.6,73.5,6.0,270.0,20.0
2024-07-08,21,23.5,82.8,0.0,0.0,10.0
2024-07-09,0,22.3,86.3,0.0,0.0,10.0
2024-07-09,3,22.5,94.1,0.0,0.0,10.0
2024-07-09,6,21.5,95.2,3.0,90.0,5.0
2024-07-09,9,22.7,94.1,2.0,90.0,4.0
2024-07-09,12,25.9,78.1,3.0,140.0,10.0
2024-07-09,15,26.1,56.9,3.0,180.0,10.0
2024-07-09,18,24.1,83.9,3.0,140.0,4.0
2024-07-09,21,22.7,94.1,1.0,140.0,10.0
2024-07-10,0,22.5,95.2,3.0,50.0,4.0
2024-07-10,3,22.3,95.2,2.0,50.0,10.0
2024-07-10,6,22.4,95.8,0.0,0.0,3.5
2024-07-10,9,24.7,86.0,0.0,0.0,4.0
2024-07-10,12,28.2,72.6,0.0,0.0,10.0
2024-07-10,15,28.2,76.2,3.0,230.0,10.0
2024-07-10,18,24.7,82.4,5.0,230.0,10.0
2024-07-10,21,21.8,88.4,3.0,230.0,10.0
2024-07-11,0,21.0,90.6,0.0,0.0,10.0
2024-07-11,3,20.6,96.4,1.0,230.0,1.0
2024-07-11,6,20.5,96.4,0.0,0.0,0.2
2024-07-11,9,23.3,88.5,0.0,0.0,5.0
2024-07-11,12,28.6,72.2,0.0,0.0,10.0
2024-07-11,15,30.0,67.4,3.0,230.0,10.0
2024-07-11,18,28.8,70.1,0.0,0.0,10.0
2024-07-11,21,24.1,85.4,1.0,250.0,10.0
2024-07-12,0,22.5,91.8,0.0,0.0,10.0
2024-07-12,3,21.2,95.8,0.0,0.0,10.0
2024-07-12,6,20.6,98.2,0.0,0.0,0.5
2024-07-12,9,21.9,97.6,0.0,0.0,0.5
2024-07-12,12,28.6,71.3,1.0,140.0,10.0
2024-07-12,15,28.6,70.0,5.0,270.0,10.0
2024-07-12,18,28.2,70.4,4.0,270.0,10.0
2024-07-12,21,23.5,86.9,1.0,230.0,10.0
2024-07-13,0,21.4,91.7,0.0,0.0,10.0
2024-07-13,3,21.2,92.3,0.0,0.0,10.0
2024-07-13,6,20.1,95.7,0.0,0.0,3.0
2024-07-13,9,24.2,86.0,1.0,50.0,4.0
2024-07-13,12,29.3,66.5,0.0,0.0,10.0
2024-07-13,15,29.8,68.6,4.0,270.0,10.0
2024-07-13,18,28.2,80.4,0.0,0.0,10.0
2024-07-13,21,25.3,85.0,0.0,0.0,10.0
2024-07-14,0,23.9,92.4,1.0,50.0,10.0
2024-07-14,3,22.7,94.1,2.0,50.0,10.0
2024-07-14,6,22.4,92.9,2.0,50.0,10.0
2024-07-14,9,26.5,79.2,0.0,0.0,10.0
2024-07-14,12,29.6,69.8,0.0,0.0,10.0
2024-07-14,15,31.7,61.9,1.0,140.0,10.0
2024-07-14,18,27.9,78.0,0.0,0.0,10.0
2024-07-14,21,24.7,87.6,0.0,0.0,10.0
2024-07-15,0,23.2,91.3,0.0,0.0,10.0
2024-07-15,3,23.9,93.0,0.0,0.0,10.0
2024-07-15,6,23.3,91.3,2.0,90.0,10.0
2024-07-15,9,26.7,75.9,3.0,90.0,10.0
2024-07-15,12,29.6,63.7,3.0,90.0,20.0
2024-07-15,15,30.1,61.9,5.0,90.0,10.0
2024-07-15,18,30.4,82.6,1.0,180.0,10.0
2024-07-15,21,26.5,87.2,0.0,0.0,10.0
2024-07-16,0,23.5,90.2,2.0,90.0,10.0
2024-07-16,3,23.3,83.3,3.0,90.0,10.0
2024-07-16,6,24.0,93.0,3.0,90.0,10.0
2024-07-16,9,24.7,91.9,3.0,140.0,4.0
2024-07-16,12,24.9,94.2,3.0,140.0,4.0
2024-07-16,15,26.1,86.1,4.0,140.0,10.0
2024-07-16,18,25.1,90.9,2.0,140.0,10.0
2024-07-16,21,24.3,97.6,5.0,230.0,4.0
2024-07-17,0,23.7,95.3,2.0,90.0,4.0
2024-07-17,3,23.5,94.1,4.0,90.0,4.0
2024-07-17,6,24.6,96.5,2.0,50.0,5.0
2024-07-17,9,26.5,88.3,0.0,0.0,10.0
2024-07-17,12,26.7,85.2,3.0,180.0,10.0
2024-07-17,15,26.7,80.7,5.0,180.0,10.0
2024-07-17,18,25.2,82.0,4.0,180.0,10.0
2024-07-17,21,25.2,86.1,5.0,180.0,10.0
2024-07-18,0,24.3,94.7,4.0,180.0,4.0
2024-07-18,3,25.3,95.9,6.0,180.0,4.0
2024-07-18,6,23.7,95.3,3.0,230.0,4.0
2024-07-18,9,24.3,97.6,3.0,270.0,10.0
2024-07-18,12,24.7,95.9,0.0,0.0,4.0
2024-07-18,15,28.0,81.8,1.0,230.0,10.0
2024-07-18,18,27.8,83.8,4.0,270.0,10.0
2024-07-18,21,24.3,94.2,3.0,270.0,4.0
2024-07-19,0,22.9,95.8,0.0,0.0,4.0
2024-07-19,3,21.2,92.3,2.0,90.0,3.5
2024-07-19,6,22.3,95.2,4.0,140.0,3.5
2024-07-19,9,24.5,87.6,3.0,140.0,5.0
2024-07-19,12,27.5,71.1,4.0,140.0,10.0
2024-07-19,15,29.2,66.4,3.0,140.0,10.0
2024-07-19,18,28.0,78.9,3.0,140.0,10.0
2024-07-19,21,25.2,88.2,2.0,140.0,10.0
2024-07-20,0,24.3,87.0,1.0,140.0,10.0
2024-07-20,3,24.7,94.2,6.0,180.0,10.0
2024-07-20,6,24.5,87.6,5.0,140.0,10.0
2024-07-20,9,23.5,94.1,1.0,140.0,4.5
2024-07-20,12,24.5,90.8,4.0,140.0,5.0
2024-07-20,15,24.5,89.2,5.0,90.0,5.0
2024-07-20,18,25.0,86.6,7.0,140.0,5.0
2024-07-20,21,25.1,79.5,9.0,180.0,5.0
2024-07-21,0,22.5,91.8,9.0,180.0,4.0
2024-07-21,3,22.3,95.2,7.0,270.0,10.0
2024-07-21,6,21.4,95.8,6.0,230.0,10.0
2024-07-21,9,24.4,83.4,0.0,0.0,15.0
2024-07-21,12,28.9,78.6,4.0,270.0,15.0
2024-07-21,15,29.6,75.0,2.0,180.0,15.0
2024-07-21,18,28.2,81.8,4.0,180.0,65.0
2024-07-21,21,26.1,92.6,4.0,140.0,10.0
2024-07-22,0,25.7,94.2,1.0,140.0,10.0
2024-07-22,3,25.3,95.9,3.0,140.0,10.0
2024-07-22,6,25.1,95.9,3.0,140.0,10.0
2024-07-22,9,25.9,94.2,3.0,140.0,4.0
2024-07-22,12,26.6,84.1,2.0,140.0,4.0
2024-07-22,15,26.3,90.9,2.0,140.0,4.0
2024-07-22,18,25.2,95.3,4.0,140.0,4.0
2024-07-22,21,24.5,91.4,6.0,230.0,5.0
2024-07-23,0,24.1,90.8,4.0,230.0,10.0
2024-07-23,3,23.3,95.9,3.0,230.0,10.0
2024-07-23,6,22.5,95.2,4.0,140.0,10.0
2024-07-23,9,24.5,91.4,0.0,0.0,10.0
2024-07-23,12,25.5,89.3,0.0,0.0,10.0
2024-07-23,15,28.4,74.8,1.0,230.0,10.0
2024-07-23,18,29.4,71.0,0.0,0.0,10.0
2024-07-23,21,25.7,84.6,0.0,0.0,10.0
2024-07-24,0,24.5,93.0,4.0,140.0,10.0
2024-07-24,3,24.5,91.4,3.0,140.0,10.0
2024-07-24,6,25.1,95.9,0.0,0.0,10.0
2024-07-24,9,25.9,94.2,0.0,0.0,10.0
2024-07-24,12,28.0,85.3,2.0,180.0,10.0
2024-07-24,15,28.8,84.9,3.0,180.0,10.0
2024-07-24,18,27.6,88.4,2.0,230.0,10.0
2024-07-24,21,26.3,92.6,4.0,230.0,10.0
2024-07-25,0,25.7,94.2,2.0,230.0,10.0
2024-07-25,3,25.7,95.9,2.0,230.0,10.0
2024-07-25,6,25.7,95.9,0.0,0.0,10.0
2024-07-25,9,26.9,92.6,1.0,230.0,4.0
2024-07-25,12,28.8,84.9,1.0,180.0,10.0
2024-07-25,15,28.9,84.9,4.0,180.0,10.0
2024-07-25,18,29.1,81.5,4.0,180.0,10.0
2024-07-25,21,27.2,90.5,2.0,140.0,10.0
2024-07-26,0,26.9,89.9,2.0,50.0,10.0
2024-07-26,3,25.8,93.1,4.0,90.0,10.0
2024-07-26,6,25.7,92.5,4.0,90.0,10.0
2024-07-26,9,27.8,85.8,3.0,140.0,10.0
2024-07-26,12,27.1,91.0,2.0,140.0,4.0
2024-07-26,15,28.1,83.8,3.0,180.0,4.0
2024-07-26,18,27.5,86.8,4.0,180.0,4.0
2024-07-26,21,27.6,84.3,4.0,140.0,10.0
2024-07-27,0,27.8,87.3,3.0,140.0,10.0
2024-07-27,3,26.9,89.9,5.0,180.0,5.0
2024-07-27,6,26.8,91.0,5.0,180.0,5.0
2024-07-27,9,27.4,93.7,6.0,180.0,4.0
2024-07-27,12,27.4,88.9,3.0,180.0,4.0
2024-07-27,15,27.6,85.8,7.0,230.0,10.0
2024-07-27,18,28.8,86.4,5.0,180.0,10.0
2024-07-27,21,28.5,83.4,6.0,180.0,10.0
2024-07-28,0,28.0,90.5,7.0,180.0,10.0
2024-07-28,3,27.8,93.8,7.0,180.0,10.0
2024-07-28,6,27.6,88.9,8.0,180.0,10.0
2024-07-28,9,28.0,82.8,7.0,180.0,10.0
2024-07-28,12,27.8,84.3,8.0,230.0,4.0
2024-07-28,15,28.8,80.5,8.0,180.0,10.0
2024-07-28,18,27.8,83.8,8.0,230.0,10.0
2024-07-28,21,27.1,84.2,5.0,230.0,10.0
2024-07-29,0,26.5,90.9,5.0,180.0,10.0
2024-07-29,3,26.5,88.3,8.0,230.0,10.0
2024-07-29,6,26.1,89.3,5.0,230.0,10.0
2024-07-29,9,26.1,92.0,4.0,270.0,10.0
2024-07-29,12,26.9,91.0,0.0,0.0,10.0
2024-07-29,15,27.4,88.9,4.0,270.0,10.0
2024-07-29,18,26.8,90.4,3.0,270.0,10.0
2024-07-29,21,25.2,95.9,1.0,270.0,4.0
2024-07-30,0,24.7,95.9,1.0,360.0,10.0
2024-07-30,3,24.7,95.9,1.0,90.0,10.0
2024-07-30,6,24.7,97.1,2.0,90.0,10.0
2024-07-30,9,27.4,88.9,0.0,0.0,10.0
2024-07-30,12,30.2,81.1,3.0,90.0,10.0
2024-07-30,15,31.3,76.6,2.0,180.0,10.0
2024-07-30,18,28.4,84.8,4.0,180.0,10.0
2024-07-30,21,26.3,92.6,4.0,140.0,10.0
2024-07-31,0,25.5,93.7,3.0,140.0,10.0
2024-07-31,3,25.3,94.8,3.0,90.0,10.0
2024-07-31,6,25.2,94.2,4.0,140.0,5.0
2024-07-31,9,26.7,87.2,4.0,140.0,10.0
2024-07-31,12,28.6,80.4,4.0,180.0,10.0
2024-07-31,15,29.4,76.3,5.0,180.0,20.0
2024-07-31,18,27.8,85.8,4.0,180.0,10.0
2024-07-31,21,27.4,87.3,6.0,180.0,10.0
2025-03-01,0,4.4,90.0,3.0,90.0,5.0
2025-03-01,3,4.3,93.9,3.0,90.0,5.0
2025-03-01,6,3.6,95.2,3.0,50.0,5.0
2025-03-01,9,3.0,87.3,0.0,0.0,4.0
2025-03-01,12,8.0,79.1,2.0,50.0,4.0
2025-03-01,15,11.5,70.8,2.0,90.0,10.0
2025-03-01,18,12.7,66.8,2.0,230.0,10.0
2025-03-01,21,4.6,78.0,1.0,320.0,10.0
2025-03-02,0,1.4,82.8,0.0,0.0,10.0
2025-03-02,3,0.8,85.2,0.0,0.0,10.0
2025-03-02,6,0.4,92.3,0.0,0.0,4.0
2025-03-02,9,0.0,98.6,0.0,0.0,0.2
2025-03-02,12,6.8,87.1,0.0,0.0,4.0
2025-03-02,15,11.2,71.3,2.0,50.0,4.0
2025-03-02,18,8.4,73.3,3.0,50.0,4.0
2025-03-02,21,5.0,93.9,4.0,50.0,4.0
2025-03-03,0,3.0,92.5,6.0,50.0,4.0
2025-03-03,3,2.1,87.2,4.0,50.0,10.0
2025-03-03,6,2.4,89.8,0.0,0.0,10.0
2025-03-03,9,2.6,68.0,3.0,50.0,20.0
2025-03-03,12,5.4,60.2,6.0,50.0,20.0
2025-03-03,15,6.2,52.9,7.0,90.0,20.0
2025-03-03,18,5.2,51.0,6.0,90.0,20.0
2025-03-03,21,1.2,55.6,8.0,50.0,10.0
2025-03-04,0,0.8,54.2,5.0,50.0,10.0
2025-03-04,3,0.8,54.2,8.0,50.0,10.0
2025-03-04,6,0.8,50.9,7.0,50.0,10.0
2025-03-04,9,1.4,45.8,5.0,50.0,10.0
2025-03-04,12,-0.2,76.6,4.0,50.0,4.0
2025-03-04,15,0.8,85.2,6.0,50.0,4.0
2025-03-04,18,0.8,85.2,4.0,50.0,4.0
2025-03-04,21,0.8,80.3,4.0,50.0,10.0
2025-03-05,0,1.0,77.4,4.0,50.0,10.0
2025-03-05,3,1.2,73.5,6.0,50.0,10.0
2025-03-05,6,0.7,82.7,5.0,50.0,10.0
2025-03-05,9,1.0,80.9,1.0,50.0,10.0
2025-03-05,12,4.0,63.9,1.0,50.0,10.0
2025-03-05,15,6.8,63.7,0.0,0.0,20.0
2025-03-05,18,4.6,56.5,4.0,320.0,20.0
2025-03-05,21,0.6,67.6,2.0,230.0,20.0
2025-03-06,0,0.3,73.9,2.0,230.0,20.0
2025-03-06,3,0.2,75.6,0.0,0.0,10.0
2025-03-06,6,0.0,75.5,0.0,0.0,10.0
2025-03-06,9,1.8,60.6,2.0,320.0,10.0
2025-03-06,12,5.4,42.3,5.0,320.0,10.0
2025-03-06,15,6.1,37.3,4.0,320.0,10.0
2025-03-06,18,5.6,34.1,5.0,320.0,10.0
2025-03-06,21,2.0,59.7,0.0,0.0,10.0
2025-03-07,0,1.2,66.2,2.0,320.0,10.0
2025-03-07,3,-0.6,78.9,0.0,0.0,10.0
2025-03-07,6,-2.7,79.8,1.0,140.0,10.0
2025-03-07,9,-1.4,78.2,0.0,0.0,10.0
2025-03-07,12,5.4,73.8,0.0,0.0,10.0
2025-03-07,15,9.0,68.9,2.0,230.0,10.0
2025-03-07,18,5.8,56.4,2.0,230.0,10.0
2025-03-07,21,2.4,60.8,0.0,0.0,10.0
2025-03-08,0,1.0,62.3,0.0,0.0,10.0
2025-03-08,3,-0.6,75.4,0.0,0.0,10.0
2025-03-08,6,-0.6,83.8,0.0,0.0,10.0
2025-03-08,9,1.6,74.2,0.0,0.0,10.0
2025-03-08,12,7.8,58.6,0.0,0.0,10.0
2025-03-08,15,8.0,58.6,3.0,230.0,10.0
2025-03-08,18,6.0,66.3,3.0,270.0,10.0
2025-03-08,21,3.0,81.8,0.0,0.0,10.0
2025-03-09,0,-0.4,90.9,0.0,0.0,10.0
2025-03-09,3,-1.2,90.9,0.0,0.0,10.0
2025-03-09,6,-1.9,92.2,0.0,0.0,10.0
2025-03-09,9,0.8,78.5,0.0,0.0,10.0
2025-03-09,12,9.2,54.9,3.0,90.0,10.0
2025-03-09,15,12.6,44.7,2.0,230.0,10.0
2025-03-09,18,10.4,61.0,2.0,180.0,10.0
2025-03-09,21,4.8,79.2,0.0,0.0,10.0
2025-03-10,0,1.6,89.1,0.0,0.0,10.0
2025-03-10,3,0.6,95.7,0.0,0.0,3.5
2025-03-10,6,0.2,95.0,0.0,0.0,0.1
2025-03-10,9,0.0,93.0,0.0,0.0,0.1
2025-03-10,12,9.2,78.2,4.0,140.0,4.0
2025-03-10,15,12.2,41.5,4.0,140.0,6.0
2025-03-10,18,9.9,42.6,4.0,180.0,10.0
2025-03-10,21,4.6,71.0,0.0,0.0,10.0
2025-03-11,0,0.6,84.5,0.0,0.0,3.5
2025-03-11,3,0.4,87.7,0.0,0.0,5.0
2025-03-11,6,0.9,85.8,0.0,0.0,5.0
2025-03-11,9,3.4,83.7,0.0,0.0,5.0
2025-03-11,12,12.8,79.3,2.0,140.0,5.0
2025-03-11,15,14.0,67.1,3.0,230.0,10.0
2025-03-11,18,12.0,61.3,4.0,230.0,10.0
2025-03-11,21,6.6,77.8,0.0,0.0,10.0
2025-03-12,0,5.8,78.2,1.0,320.0,10.0
2025-03-12,3,5.2,79.2,2.0,50.0,10.0
2025-03-12,6,5.6,80.4,0.0,0.0,10.0
2025-03-12,9,7.3,71.5,0.0,0.0,10.0
2025-03-12,12,10.0,67.7,1.0,270.0,10.0
2025-03-12,15,11.6,58.7,4.0,270.0,10.0
2025-03-12,18,10.5,59.3,2.0,270.0,10.0
2025-03-12,21,5.6,72.7,1.0,230.0,10.0
2025-03-13,0,1.8,84.7,1.0,140.0,10.0
2025-03-13,3,-0.6,83.8,0.0,0.0,10.0
2025-03-13,6,-1.4,88.8,0.0,0.0,10.0
2025-03-13,9,1.4,81.6,0.0,0.0,10.0
2025-03-13,12,13.0,56.6,1.0,270.0,20.0
2025-03-13,15,14.6,34.2,2.0,360.0,20.0
2025-03-13,18,13.4,39.2,2.0,320.0,20.0
2025-03-13,21,7.0,53.9,0.0,0.0,10.0
2025-03-14,0,3.4,65.2,0.0,0.0,10.0
2025-03-14,3,1.4,75.2,0.0,0.0,10.0
2025-03-14,6,0.1,79.6,0.0,0.0,10.0
2025-03-14,9,2.1,70.5,0.0,0.0,15.0
2025-03-14,12,12.8,36.5,2.0,90.0,20.0
2025-03-14,15,15.8,24.0,2.0,320.0,20.0
2025-03-14,18,11.1,27.2,5.0,320.0,15.0
2025-03-14,21,8.0,36.4,0.0,0.0,10.0
2025-03-15,0,6.4,44.9,0.0,0.0,10.0
2025-03-15,3,5.5,47.8,2.0,360.0,10.0
2025-03-15,6,3.8,61.1,3.0,90.0,10.0
2025-03-15,9,5.2,61.0,0.0,0.0,10.0
2025-03-15,12,13.4,61.7,1.0,50.0,10.0
2025-03-15,15,12.2,59.3,6.0,230.0,10.0
2025-03-15,18,8.8,51.3,2.0,230.0,10.0
2025-03-15,21,5.4,53.4,2.0,230.0,10.0
2025-03-16,0,4.4,64.5,2.0,320.0,10.0
2025-03-16,3,4.5,72.5,6.0,320.0,10.0
2025-03-16,6,2.7,66.1,6.0,320.0,10.0
2025-03-16,9,1.4,54.8,4.0,320.0,10.0
2025-03-16,12,2.9,46.6,6.0,320.0,10.0
2025-03-16,15,2.8,45.5,7.0,320.0,10.0
2025-03-16,18,3.0,43.5,8.0,320.0,10.0
2025-03-16,21,2.4,56.3,8.0,320.0,10.0
2025-03-17,0,1.4,59.1,8.0,320.0,10.0
2025-03-17,3,0.2,63.0,2.0,320.0,10.0
2025-03-17,6,-1.1,70.9,2.0,320.0,10.0
2025-03-17,9,1.0,70.3,0.0,0.0,10.0
2025-03-17,12,5.6,58.5,3.0,230.0,10.0
2025-03-17,15,6.2,37.0,5.0,230.0,10.0
2025-03-17,18,1.2,58.6,2.0,230.0,4.0
2025-03-17,21,0.5,89.7,2.0,50.0,4.5
2025-03-18,0,0.2,90.3,3.0,50.0,4.0
2025-03-18,3,0.0,88.3,4.0,50.0,4.0
2025-03-18,6,-1.0,86.3,8.0,360.0,10.0
2025-03-18,9,0.0,80.2,3.0,360.0,10.0
2025-03-18,12,0.8,72.4,6.0,320.0,10.0
2025-03-18,15,2.4,66.0,3.0,320.0,15.0
2025-03-18,18,2.7,68.6,8.0,320.0,15.0
2025-03-18,21,1.2,75.2,3.0,320.0,10.0
2025-03-19,0,1.2,81.0,4.0,320.0,10.0
2025-03-19,3,0.0,80.2,1.0,50.0,10.0
2025-03-19,6,-3.6,79.0,2.0,90.0,10.0
2025-03-19,9,-1.4,78.2,0.0,0.0,10.0
2025-03-19,12,5.4,67.1,0.0,0.0,10.0
2025-03-19,15,5.8,58.5,3.0,230.0,10.0
2025-03-19,18,6.2,62.1,2.0,230.0,10.0
2025-03-19,21,2.0,73.7,2.0,230.0,10.0
2025-03-20,0,1.8,77.6,4.0,50.0,10.0
2025-03-20,3,1.4,81.6,4.0,90.0,10.0
2025-03-20,6,1.7,85.3,5.0,90.0,10.0
2025-03-20,9,4.9,71.6,4.0,90.0,10.0
2025-03-20,12,10.8,53.3,4.0,140.0,10.0
2025-03-20,15,14.6,43.4,6.0,230.0,10.0
2025-03-20,18,12.3,50.4,5.0,230.0,10.0
2025-03-20,21,6.4,76.1,0.0,0.0,10.0
2025-03-21,0,3.4,91.2,0.0,0.0,10.0
2025-03-21,3,1.8,90.4,0.0,0.0,10.0
2025-03-21,6,1.8,95.1,0.0,0.0,0.3
2025-03-21,9,4.0,94.5,0.0,0.0,0.3
2025-03-21,12,11.8,74.4,2.0,140.0,4.0
2025-03-21,15,18.0,37.8,6.0,230.0,10.0
2025-03-21,18,14.2,42.1,4.0,270.0,10.0
2025-03-21,21,9.0,61.9,2.0,230.0,10.0
2025-03-22,0,5.2,78.1,0.0,0.0,10.0
2025-03-22,3,4.8,82.6,0.0,0.0,10.0
2025-03-22,6,2.8,85.4,1.0,50.0,10.0
2025-03-22,9,7.0,75.1,3.0,90.0,10.0
2025-03-22,12,16.0,40.2,7.0,230.0,15.0
2025-03-22,15,17.4,32.8,5.0,270.0,15.0
2025-03-22,18,16.4,35.0,5.0,270.0,15.0
2025-03-22,21,9.2,58.5,0.0,0.0,10.0
2025-03-23,0,7.4,75.7,0.0,0.0,10.0
2025-03-23,3,5.2,77.0,3.0,50.0,10.0
2025-03-23,6,4.6,79.1,4.0,90.0,10.0
2025-03-23,9,7.7,83.0,5.0,90.0,10.0
2025-03-23,12,17.2,59.7,3.0,180.0,10.0
2025-03-23,15,20.2,40.9,3.0,140.0,10.0
2025-03-23,18,17.1,42.0,3.0,90.0,10.0
2025-03-23,21,11.0,63.3,6.0,90.0,10.0
2025-03-24,0,10.2,65.8,6.0,50.0,10.0
2025-03-24,3,9.0,73.4,6.0,90.0,10.0
2025-03-24,6,8.4,75.4,7.0,90.0,10.0
2025-03-24,9,10.8,67.8,3.0,90.0,10.0
2025-03-24,12,17.5,47.1,3.0,50.0,15.0
2025-03-24,15,19.4,38.2,4.0,230.0,10.0
2025-03-24,18,14.1,42.9,3.0,270.0,10.0
2025-03-24,21,7.0,73.0,2.0,230.0,10.0
2025-03-25,0,6.0,73.9,1.0,90.0,10.0
2025-03-25,3,2.8,80.6,0.0,0.0,10.0
2025-03-25,6,3.9,71.9,4.0,90.0,10.0
2025-03-25,9,6.9,65.6,5.0,90.0,10.0
2025-03-25,12,11.2,50.5,2.0,90.0,10.0
2025-03-25,15,14.6,44.0,10.0,270.0,10.0
2025-03-25,18,12.2,46.6,10.0,270.0,10.0
2025-03-25,21,8.4,50.0,4.0,230.0,10.0
2025-03-26,0,5.2,56.6,0.0,0.0,10.0
2025-03-26,3,4.4,75.2,0.0,0.0,10.0
2025-03-26,6,1.4,81.6,0.0,0.0,10.0
2025-03-26,9,6.1,73.4,4.0,90.0,10.0
2025-03-26,12,13.8,46.4,6.0,140.0,10.0
2025-03-26,15,17.3,29.8,7.0,140.0,15.0
2025-03-26,18,17.0,27.8,6.0,140.0,15.0
2025-03-26,21,16.0,44.1,5.0,180.0,10.0
2025-03-27,0,11.2,68.4,2.0,140.0,10.0
2025-03-27,3,10.4,87.4,3.0,90.0,10.0
2025-03-27,6,9.6,92.2,4.0,270.0,5.0
2025-03-27,9,9.6,73.0,5.0,320.0,10.0
2025-03-27,12,11.6,59.1,5.0,320.0,10.0
2025-03-27,15,9.2,56.1,8.0,320.0,10.0
2025-03-27,18,5.8,53.1,5.0,320.0,10.0
2025-03-27,21,4.6,61.3,7.0,320.0,10.0
2025-03-28,0,5.2,47.7,6.0,320.0,10.0
2025-03-28,3,4.4,37.0,9.0,360.0,10.0
2025-03-28,6,4.0,38.1,8.0,320.0,10.0
2025-03-28,9,4.2,44.9,8.0,320.0,10.0
2025-03-28,12,5.4,60.2,8.0,320.0,10.0
2025-03-28,15,7.0,37.0,5.0,320.0,10.0
2025-03-28,18,5.6,39.5,6.0,320.0,10.0
2025-03-28,21,1.8,48.9,3.0,320.0,10.0
2025-03-29,0,-0.6,61.4,0.0,0.0,10.0
2025-03-29,3,-0.4,72.7,0.0,0.0,10.0
2025-03-29,6,-1.6,83.0,0.0,0.0,10.0
2025-03-29,9,1.0,88.4,3.0,320.0,10.0
2025-03-29,12,3.2,57.4,8.0,320.0,10.0
2025-03-29,15,4.8,40.8,8.0,320.0,10.0
2025-03-29,18,3.5,42.0,7.0,320.0,10.0
2025-03-29,21,-0.4,53.9,5.0,320.0,10.0
2025-03-30,0,-2.0,71.8,1.0,270.0,10.0
2025-03-30,3,-2.6,87.4,0.0,0.0,10.0
2025-03-30,6,-5.2,86.5,0.0,0.0,10.0
2025-03-30,9,-1.7,81.8,1.0,140.0,10.0
2025-03-30,12,7.0,53.9,7.0,270.0,20.0
2025-03-30,15,7.6,35.5,6.0,270.0,20.0
2025-03-30,18,7.0,35.0,5.0,270.0,20.0
2025-03-30,21,2.0,45.3,1.0,360.0,10.0
2025-03-31,0,-2.4,74.0,0.0,0.0,10.0
2025-03-31,3,-3.6,80.9,0.0,0.0,10.0
2025-03-31,6,-3.0,81.6,2.0,360.0,10.0
2025-03-31,9,4.0,74.0,2.0,50.0,10.0
2025-03-31,12,10.8,57.3,0.0,0.0,20.0
2025-03-31,15,12.0,39.9,2.0,140.0,20.0
2025-03-31,18,11.0,47.2,0.0,0.0,20.0
2025-03-31,21,7.0,72.0,1.0,50.0,10.0
2025-04-01,0,6.0,83.4,0.0,0.0,10.0
2025-04-01,3,5.1,87.5,3.0,140.0,10.0
2025-04-01,6,4.9,88.7,5.0,140.0,10.0
2025-04-01,9,8.6,74.3,2.0,140.0,10.0
2025-04-01,12,13.0,53.6,3.0,180.0,10.0
2025-04-01,15,14.4,38.3,5.0,180.0,10.0
2025-04-01,18,12.2,41.5,3.0,140.0,10.0
2025-04-01,21,7.6,66.2,3.0,140.0,10.0
2025-04-02,0,4.6,85.0,2.0,50.0,10.0
2025-04-02,3,2.8,84.2,4.0,50.0,10.0
2025-04-02,6,3.8,79.6,3.0,140.0,10.0
2025-04-02,9,4.4,91.9,2.0,140.0,5.0
2025-04-02,12,5.8,92.0,3.0,90.0,5.0
2025-04-02,15,5.8,92.0,3.0,140.0,5.0
2025-04-02,18,6.6,89.5,2.0,140.0,10.0
2025-04-02,21,4.2,88.7,1.0,50.0,10.0
2025-04-03,0,3.8,91.2,0.0,0.0,10.0
2025-04-03,3,3.8,91.2,0.0,0.0,10.0
2025-04-03,6,3.6,91.2,0.0,0.0,10.0
2025-04-03,9,6.2,86.4,0.0,0.0,10.0
2025-04-03,12,11.2,60.3,0.0,0.0,10.0
2025-04-03,15,12.3,54.5,4.0,270.0,10.0
2025-04-03,18,11.5,52.4,3.0,320.0,10.0
2025-04-03,21,5.6,61.5,0.0,0.0,10.0
2025-04-04,0,3.2,72.8,0.0,0.0,10.0
2025-04-04,3,0.8,87.7,0.0,0.0,10.0
2025-04-04,6,-0.2,91.6,0.0,0.0,5.0
2025-04-04,9,2.8,89.8,0.0,0.0,2.0
2025-04-04,12,12.2,53.3,4.0,140.0,10.0
2025-04-04,15,12.8,46.1,3.0,140.0,10.0
2025-04-04,18,9.6,52.6,1.0,140.0,10.0
2025-04-04,21,8.2,67.3,4.0,230.0,10.0
2025-04-05,0,7.2,77.9,2.0,140.0,5.0
2025-04-05,3,6.4,90.7,6.0,140.0,4.0
2025-04-05,6,6.2,92.7,5.0,90.0,5.0
2025-04-05,9,7.0,92.7,2.0,140.0,5.0
2025-04-05,12,7.8,78.5,2.0,140.0,10.0
2025-04-05,15,8.5,72.8,3.0,140.0,10.0
2025-04-05,18,7.8,87.2,4.0,180.0,5.0
2025-04-05,21,6.6,95.3,0.0,0.0,10.0
2025-04-06,0,5.6,95.9,1.0,230.0,10.0
2025-04-06,3,4.6,90.6,0.0,0.0,10.0
2025-04-06,6,4.0,91.2,0.0,0.0,5.0
2025-04-06,9,4.3,91.2,0.0,0.0,3.5
2025-04-06,12,11.2,74.3,1.0,270.0,10.0
2025-04-06,15,15.0,45.1,4.0,230.0,10.0
2025-04-06,18,14.0,36.9,4.0,270.0,10.0
2025-04-06,21,7.1,55.5,0.0,0.0,10.0
2025-04-07,0,4.0,81.4,0.0,0.0,10.0
2025-04-07,3,3.2,87.3,0.0,0.0,10.0
2025-04-07,6,2.2,91.1,0.0,0.0,10.0
2025-04-07,9,7.6,84.2,5.0,90.0,10.0
2025-04-07,12,15.0,56.8,6.0,180.0,15.0
2025-04-07,15,15.0,60.0,6.0,180.0,15.0
2025-04-07,18,14.0,62.7,6.0,180.0,15.0
2025-04-07,21,11.2,75.3,2.0,180.0,10.0
2025-04-08,0,8.6,90.3,0.0,0.0,10.0
2025-04-08,3,5.2,91.3,2.0,230.0,10.0
2025-04-08,6,6.4,92.7,2.0,320.0,10.0
2025-04-08,9,6.0,93.9,1.0,320.0,0.2
2025-04-08,12,14.9,71.0,4.0,320.0,20.0
2025-04-08,15,14.4,35.4,5.0,320.0,20.0
2025-04-08,18,14.8,40.5,2.0,320.0,20.0
2025-04-08,21,9.4,56.1,0.0,0.0,10.0
2025-04-09,0,7.8,62.5,0.0,0.0,10.0
2025-04-09,3,5.1,77.5,2.0,50.0,10.0
2025-04-09,6,4.2,79.1,2.0,50.0,10.0
2025-04-09,9,6.8,68.9,1.0,90.0,10.0
2025-04-09,12,13.6,62.2,0.0,0.0,10.0
2025-04-09,15,14.8,56.3,4.0,140.0,10.0
2025-04-09,18,12.4,65.4,3.0,140.0,10.0
2025-04-09,21,9.6,75.0,0.0,0.0,10.0
2025-04-10,0,8.0,81.9,0.0,0.0,10.0
2025-04-10,3,6.1,81.6,0.0,0.0,10.0
2025-04-10,6,3.0,86.1,0.0,0.0,10.0
2025-04-10,9,6.6,82.9,0.0,0.0,10.0
2025-04-10,12,15.8,55.0,1.0,360.0,10.0
2025-04-10,15,17.6,40.1,3.0,320.0,10.0
2025-04-10,18,13.4,41.5,5.0,140.0,10.0
2025-04-10,21,8.4,60.9,0.0,0.0,10.0
2025-04-11,0,6.0,73.9,0.0,0.0,10.0
2025-04-11,3,3.8,84.9,0.0,0.0,10.0
2025-04-11,6,2.4,95.1,0.0,0.0,4.0
2025-04-11,9,10.0,78.8,1.0,360.0,10.0
2025-04-11,12,19.0,47.8,2.0,180.0,15.0
2025-04-11,15,20.0,33.8,4.0,230.0,15.0
2025-04-11,18,18.2,36.3,4.0,180.0,15.0
2025-04-11,21,12.2,53.3,2.0,140.0,10.0
2025-04-12,0,11.6,59.1,2.0,90.0,10.0
2025-04-12,3,12.2,70.5,6.0,140.0,10.0
2025-04-12,6,12.1,61.8,4.0,50.0,10.0
2025-04-12,9,11.4,73.3,3.0,50.0,5.0
2025-04-12,12,12.0,71.4,0.0,0.0,5.0
2025-04-12,15,6.0,84.6,7.0,270.0,5.0
2025-04-12,18,3.2,89.9,4.0,270.0,5.0
2025-04-12,21,0.4,93.7,0.0,0.0,4.0
2025-04-13,0,1.0,94.4,2.0,90.0,10.0
2025-04-13,3,0.8,95.8,2.0,90.0,10.0
2025-04-13,6,0.4,95.7,0.0,0.0,10.0
2025-04-13,9,4.4,75.2,4.0,270.0,10.0
2025-04-13,12,6.1,65.8,7.0,270.0,10.0
2025-04-13,15,6.1,61.7,8.0,230.0,10.0
2025-04-13,18,3.8,73.5,4.0,230.0,10.0
2025-04-13,21,3.6,78.4,0.0,0.0,10.0
2025-04-14,0,3.2,79.5,0.0,0.0,10.0
2025-04-14,9,4.0,87.4,2.0,230.0,5.0
2025-04-14,12,4.9,97.2,4.0,90.0,5.0
2025-04-14,15,5.6,88.8,4.0,50.0,5.0
2025-04-14,18,6.5,84.6,5.0,90.0,5.0
2025-04-14,21,5.0,88.1,0.0,0.0,10.0
2025-04-15,0,3.0,89.9,0.0,0.0,10.0
2025-04-15,3,3.1,89.2,0.0,0.0,10.0
2025-04-15,6,2.8,91.1,0.0,0.0,10.0
2025-04-15,9,6.2,87.6,2.0,270.0,10.0
2025-04-15,12,10.9,53.7,5.0,230.0,10.0
2025-04-15,15,12.1,51.8,6.0,230.0,10.0
2025-04-15,18,11.0,61.1,5.0,230.0,10.0
2025-04-15,21,6.8,75.1,0.0,0.0,10.0
2025-04-16,0,4.6,88.7,0.0,0.0,10.0
2025-04-16,3,5.1,87.5,3.0,50.0,10.0
2025-04-16,6,5.7,82.8,5.0,90.0,10.0
2025-04-16,9,9.8,79.3,5.0,50.0,10.0
2025-04-16,12,13.8,75.2,6.0,50.0,10.0
2025-04-16,15,17.3,57.3,5.0,140.0,10.0
2025-04-16,18,17.0,50.6,6.0,140.0,10.0
2025-04-16,21,13.1,63.8,8.0,140.0,10.0
2025-04-17,0,12.4,76.6,5.0,140.0,10.0
2025-04-17,3,11.6,84.6,6.0,140.0,10.0
2025-04-17,6,12.0,90.5,8.0,140.0,10.0
2025-04-17,9,12.3,80.8,6.0,140.0,5.0
2025-04-17,12,14.9,80.1,4.0,90.0,5.0
2025-04-17,15,15.0,66.9,5.0,140.0,10.0
2025-04-17,18,14.5,81.1,3.0,50.0,10.0
2025-04-17,21,12.7,85.9,5.0,50.0,10.0
2025-04-18,0,12.0,87.0,4.0,140.0,10.0
2025-04-18,3,10.5,87.4,0.0,0.0,10.0
2025-04-18,6,10.4,91.0,0.0,0.0,5.0
2025-04-18,9,12.6,87.6,0.0,0.0,5.0
2025-04-18,12,15.2,66.0,3.0,320.0,10.0
2025-04-18,15,18.2,44.4,3.0,320.0,10.0
2025-04-18,18,16.2,57.5,2.0,230.0,10.0
2025-04-18,21,11.2,71.3,0.0,0.0,10.0
2025-04-19,0,11.2,82.9,0.0,0.0,10.0
2025-04-19,3,10.4,83.3,3.0,50.0,10.0
2025-04-19,6,11.4,89.9,4.0,140.0,5.0
2025-04-19,9,11.6,92.3,1.0,50.0,5.0
2025-04-19,12,11.5,96.7,2.0,270.0,5.0
2025-04-19,15,11.3,93.6,4.0,320.0,5.0
2025-04-19,18,13.5,66.5,4.0,320.0,10.0
2025-04-19,21,9.8,81.6,1.0,320.0,10.0
2025-04-20,0,7.8,94.7,0.0,0.0,10.0
2025-04-20,3,6.0,95.3,1.0,50.0,10.0
2025-04-20,6,5.0,95.2,0.0,0.0,10.0
2025-04-20,9,7.6,85.3,0.0,0.0,5.0
2025-04-20,12,16.1,67.1,2.0,50.0,20.0
2025-04-20,15,20.8,52.4,1.0,50.0,20.0
2025-04-20,18,19.6,53.5,2.0,230.0,20.0
2025-04-20,21,11.8,81.8,3.0,230.0,10.0
2025-04-21,0,10.2,77.8,0.0,0.0,10.0
2025-04-21,3,9.1,81.5,1.0,90.0,10.0
2025-04-21,6,9.6,77.7,2.0,50.0,10.0
2025-04-21,9,15.4,73.0,2.0,90.0,10.0
2025-04-21,12,19.4,57.1,3.0,180.0,15.0
2025-04-21,15,19.2,81.7,4.0,140.0,15.0
2025-04-21,18,17.3,92.7,3.0,180.0,5.0
2025-04-21,21,17.0,84.7,1.0,230.0,5.0
2025-04-22,0,14.8,98.1,2.0,230.0,5.0
2025-04-22,3,15.8,93.8,2.0,230.0,5.0
2025-04-22,6,13.2,97.4,2.0,230.0,5.0
2025-04-22,9,13.0,95.5,1.0,90.0,5.0
2025-04-22,12,14.1,94.3,2.0,50.0,5.0
2025-04-22,15,16.0,78.2,3.0,320.0,10.0
2025-04-22,18,17.6,66.1,4.0,320.0,20.0
2025-04-22,21,12.6,80.8,2.0,230.0,15.0
2025-04-23,0,10.2,86.8,2.0,230.0,10.0
2025-04-23,3,9.2,87.9,2.0,230.0,10.0
2025-04-23,6,7.8,92.7,0.0,0.0,10.0
2025-04-23,9,11.9,85.2,0.0,0.0,10.0
2025-04-23,12,17.8,67.5,3.0,270.0,20.0
2025-04-23,15,18.6,57.7,5.0,270.0,20.0
2025-04-23,18,18.8,56.6,4.0,230.0,20.0
2025-04-23,21,12.6,83.6,0.0,0.0,10.0
2025-04-24,0,10.0,89.8,0.0,0.0,10.0
2025-04-24,3,8.0,94.0,0.0,0.0,10.0
2025-04-24,6,6.9,94.6,0.0,0.0,10.0
2025-04-24,9,13.0,76.7,3.0,320.0,10.0
2025-04-24,12,14.6,53.6,6.0,320.0,10.0
2025-04-24,15,15.4,37.8,5.0,320.0,10.0
2025-04-24,18,13.9,27.2,5.0,270.0,10.0
2025-04-24,21,9.8,49.7,5.0,270.0,10.0
2025-04-25,0,8.0,52.2,2.0,230.0,10.0
2025-04-25,3,6.0,77.1,1.0,320.0,10.0
2025-04-25,6,4.6,80.3,0.0,0.0,10.0
2025-04-25,9,9.0,68.9,1.0,320.0,10.0
2025-04-25,12,14.6,41.6,3.0,320.0,15.0
2025-04-25,15,15.9,38.8,6.0,230.0,10.0
2025-04-25,18,14.8,24.3,5.0,230.0,10.0
2025-04-25,21,10.0,41.4,0.0,0.0,10.0
2025-04-26,0,6.6,54.6,0.0,0.0,10.0
2025-04-26,3,5.4,73.8,0.0,0.0,10.0
2025-04-26,6,4.8,82.6,0.0,0.0,10.0
2025-04-26,9,12.8,74.6,0.0,0.0,10.0
2025-04-26,12,17.8,50.5,0.0,0.0,20.0
2025-04-26,15,20.4,36.6,5.0,230.0,20.0
2025-04-26,18,19.0,50.2,5.0,230.0,20.0
2025-04-26,21,13.8,64.8,6.0,230.0,10.0
2025-04-27,0,11.2,77.4,3.0,320.0,10.0
2025-04-27,3,9.6,81.0,0.0,0.0,10.0
2025-04-27,6,11.0,88.1,0.0,0.0,10.0
2025-04-27,9,15.2,64.2,3.0,320.0,10.0
2025-04-27,12,18.0,57.1,3.0,270.0,10.0
2025-04-27,15,20.8,44.9,0.0,0.0,10.0
2025-04-27,18,16.6,62.0,5.0,320.0,10.0
2025-04-27,21,12.2,76.0,1.0,270.0,10.0
2025-04-28,0,11.0,88.1,0.0,0.0,10.0
2025-04-28,3,8.8,89.1,2.0,320.0,10.0
2025-04-28,6,6.1,92.6,0.0,0.0,10.0
2025-04-28,9,11.8,66.6,0.0,0.0,10.0
2025-04-28,12,14.6,32.5,7.0,360.0,20.0
2025-04-28,15,15.0,28.7,5.0,320.0,20.0
2025-04-28,18,15.0,31.6,6.0,320.0,20.0
2025-04-28,21,11.2,49.7,4.0,320.0,10.0
2025-04-29,0,7.0,70.0,0.0,0.0,10.0
2025-04-29,3,4.6,78.0,2.0,270.0,10.0
2025-04-29,6,2.4,85.4,3.0,90.0,10.0
2025-04-29,9,11.2,66.0,2.0,90.0,10.0
2025-04-29,12,18.2,36.3,2.0,230.0,20.0
2025-04-29,15,18.4,27.4,6.0,180.0,20.0
2025-04-29,18,15.8,30.1,4.0,140.0,20.0
2025-04-29,21,12.4,38.3,4.0,140.0,10.0
2025-04-30,0,11.8,60.0,4.0,140.0,10.0
2025-04-30,3,11.2,63.3,4.0,140.0,10.0
2025-04-30,6,10.6,66.4,3.0,90.0,10.0
2025-04-30,9,15.6,54.6,6.0,180.0,15.0
2025-04-30,12,20.0,43.7,4.0,140.0,15.0
2025-04-30,15,20.8,35.8,8.0,180.0,20.0
2025-04-30,18,18.2,36.3,7.0,180.0,20.0
2025-04-30,21,15.3,44.8,6.0,140.0,10.0
2025-05-01,0,16.0,45.0,2.0,140.0,10.0
2025-05-01,3,14.4,49.2,3.0,50.0,10.0
2025-05-01,6,13.4,74.7,10.0,140.0,5.0
2025-05-01,9,12.8,87.0,0.0,0.0,5.0
2025-05-01,12,12.6,92.4,5.0,230.0,5.0
2025-05-01,15,14.8,81.1,4.0,230.0,15.0
2025-05-01,18,14.0,73.3,5.0,230.0,10.0
2025-05-01,21,11.2,72.8,6.0,270.0,10.0
2025-05-02,0,9.8,79.3,6.0,320.0,10.0
2025-05-02,3,7.6,84.2,3.0,230.0,10.0
2025-05-02,6,8.2,73.8,0.0,0.0,10.0
2025-05-02,9,11.8,62.2,0.0,0.0,10.0
2025-05-02,12,16.0,48.0,0.0,0.0,10.0
2025-05-02,15,17.4,33.3,3.0,320.0,10.0
2025-05-02,18,13.8,48.0,1.0,320.0,10.0
2025-05-02,21,10.4,79.4,0.0,0.0,5.0
2025-05-03,0,9.6,93.5,0.0,0.0,5.0
2025-05-03,3,8.8,91.5,0.0,0.0,5.0
2025-05-03,6,8.4,94.1,1.0,50.0,4.0
2025-05-03,9,9.0,93.4,1.0,230.0,4.0
2025-05-03,12,12.0,80.8,4.0,320.0,10.0
2025-05-03,15,13.4,70.7,6.0,320.0,10.0
2025-05-03,18,14.4,57.4,6.0,230.0,10.0
2025-05-03,21,10.4,70.6,4.0,270.0,10.0
2025-05-04,0,8.5,86.6,0.0,0.0,10.0
2025-05-04,3,7.9,73.2,2.0,230.0,10.0
2025-05-04,6,8.2,73.8,2.0,230.0,10.0
2025-05-04,9,14.8,63.7,3.0,230.0,10.0
2025-05-04,12,16.4,45.2,14.0,270.0,20.0
2025-05-04,15,16.8,44.0,8.0,270.0,20.0
2025-05-04,18,15.2,46.8,6.0,270.0,20.0
2025-05-04,21,11.4,63.8,2.0,270.0,15.0
2025-05-05,0,7.6,90.8,0.0,0.0,10.0
2025-05-05,3,7.4,87.1,1.0,270.0,10.0
2025-05-05,6,7.0,75.1,1.0,50.0,10.0
2025-05-05,9,10.6,75.2,1.0,50.0,15.0
2025-05-05,12,12.8,76.6,0.0,0.0,15.0
2025-05-05,15,12.4,61.9,3.0,140.0,15.0
2025-05-05,18,12.2,74.0,2.0,140.0,15.0
2025-05-05,21,10.2,82.2,0.0,0.0,10.0
2025-05-06,0,6.6,89.5,1.0,90.0,10.0
2025-05-06,3,4.7,93.9,1.0,50.0,10.0
2025-05-06,6,4.5,93.9,1.0,90.0,10.0
2025-05-06,9,10.4,79.4,0.0,0.0,10.0
2025-05-06,12,14.8,61.6,0.0,0.0,10.0
2025-05-06,15,16.4,48.8,3.0,320.0,10.0
2025-05-06,18,15.6,45.6,3.0,320.0,10.0
2025-05-06,21,10.4,63.6,5.0,270.0,10.0
2025-05-07,0,8.4,86.0,0.0,0.0,10.0
2025-05-07,3,6.6,89.5,0.0,0.0,10.0
2025-05-07,6,5.8,88.8,0.0,0.0,10.0
2025-05-07,9,11.2,79.0,1.0,230.0,10.0
2025-05-07,12,18.4,54.2,3.0,230.0,10.0
2025-05-07,15,17.8,49.2,6.0,230.0,10.0
2025-05-07,18,17.4,50.4,4.0,320.0,10.0
2025-05-07,21,12.5,70.6,0.0,0.0,10.0
2025-05-08,0,8.8,89.1,0.0,0.0,10.0
2025-05-08,3,7.4,85.3,2.0,90.0,10.0
2025-05-08,6,8.8,91.5,0.0,0.0,4.5
2025-05-08,9,12.2,88.2,1.0,90.0,10.0
2025-05-08,12,18.6,57.7,2.0,180.0,20.0
2025-05-08,15,20.2,43.8,2.0,180.0,20.0
2025-05-08,18,18.6,49.4,2.0,180.0,20.0
2025-05-08,21,15.8,55.0,0.0,0.0,10.0
2025-05-09,0,13.6,72.7,0.0,0.0,10.0
2025-05-09,3,13.0,78.7,1.0,50.0,10.0
2025-05-09,6,12.2,85.8,1.0,50.0,10.0
2025-05-09,9,12.9,77.7,1.0,50.0,5.0
2025-05-09,12,13.2,86.5,2.0,50.0,5.0
2025-05-09,15,14.0,87.7,4.0,50.0,4.0
2025-05-09,18,14.0,91.9,6.0,50.0,4.0
2025-05-09,21,13.6,94.3,4.0,50.0,4.0
2025-05-10,0,12.6,92.4,3.0,360.0,4.0
2025-05-10,3,12.2,94.9,0.0,0.0,1.0
2025-05-10,6,11.8,95.5,3.0,320.0,1.0
2025-05-10,9,11.2,94.2,2.0,230.0,5.0
2025-05-10,12,13.0,93.0,3.0,270.0,5.0
2025-05-10,15,14.2,77.9,4.0,320.0,10.0
2025-05-10,18,16.4,71.3,2.0,320.0,10.0
2025-05-10,21,11.8,85.2,4.0,230.0,10.0
2025-05-11,0,10.8,87.4,0.0,0.0,10.0
2025-05-11,3,10.0,89.8,2.0,360.0,10.0
2025-05-11,6,8.0,94.0,2.0,50.0,10.0
2025-05-11,9,15.0,74.0,1.0,50.0,10.0
2025-05-11,12,18.4,62.4,2.0,140.0,10.0
2025-05-11,15,19.4,67.3,4.0,230.0,10.0
2025-05-11,18,19.1,55.2,3.0,230.0,10.0
2025-05-11,21,12.0,80.8,0.0,0.0,10.0
2025-05-12,0,9.8,92.2,0.0,0.0,10.0
2025-05-12,3,8.8,91.5,0.0,0.0,10.0
2025-05-12,6,8.0,93.4,0.0,0.0,10.0
2025-05-12,9,14.2,73.3,5.0,140.0,10.0
2025-05-12,12,20.6,52.3,3.0,140.0,10.0
2025-05-12,15,21.4,46.0,7.0,180.0,10.0
2025-05-12,18,19.2,55.2,3.0,140.0,10.0
2025-05-12,21,15.0,63.8,6.0,140.0,10.0
2025-05-13,0,13.0,81.4,7.0,140.0,10.0
2025-05-13,3,13.4,88.3,6.0,140.0,10.0
2025-05-13,6,14.8,76.9,4.0,140.0,10.0
2025-05-13,9,17.6,65.7,5.0,140.0,10.0
2025-05-13,12,21.6,53.3,4.0,180.0,15.0
2025-05-13,15,20.6,52.3,7.0,180.0,15.0
2025-05-13,18,20.0,48.4,6.0,180.0,15.0
2025-05-13,21,16.0,64.9,2.0,140.0,10.0
2025-05-14,0,14.6,77.9,8.0,90.0,10.0
2025-05-14,3,15.4,77.5,3.0,140.0,10.0
2025-05-14,6,15.0,81.7,4.0,90.0,10.0
2025-05-14,9,18.0,69.8,6.0,140.0,10.0
2025-05-14,12,20.6,62.5,6.0,140.0,10.0
2025-05-14,15,21.0,58.3,7.0,140.0,10.0
2025-05-14,18,18.8,74.1,5.0,140.0,10.0
2025-05-14,21,16.8,86.3,5.0,230.0,10.0
2025-05-15,0,15.1,94.4,0.0,0.0,4.0
2025-05-15,3,14.8,96.8,1.0,140.0,4.0
2025-05-15,6,13.8,96.2,0.0,0.0,4.0
2025-05-15,9,15.0,94.3,0.0,0.0,5.0
2025-05-15,12,17.4,84.7,0.0,0.0,10.0
2025-05-15,15,21.8,67.0,0.0,0.0,10.0
2025-05-15,18,19.6,72.8,1.0,230.0,10.0
2025-05-15,21,15.0,87.8,1.0,90.0,10.0
2025-05-16,0,13.6,96.2,2.0,90.0,10.0
2025-05-16,3,13.6,90.0,3.0,90.0,10.0
2025-05-16,6,14.6,94.3,0.0,0.0,5.0
2025-05-16,9,15.8,92.6,0.0,0.0,5.0
2025-05-16,12,20.0,86.6,4.0,90.0,10.0
2025-05-16,15,20.6,82.9,6.0,140.0,10.0
2025-05-16,18,19.6,84.4,5.0,140.0,20.0
2025-05-16,21,17.6,84.7,3.0,140.0,10.0
2025-05-17,0,15.8,91.4,1.0,50.0,10.0
2025-05-17,3,15.2,94.4,1.0,360.0,10.0
2025-05-17,6,13.4,94.3,0.0,0.0,0.2
2025-05-17,9,18.8,87.0,5.0,90.0,10.0
2025-05-17,12,18.2,85.3,3.0,230.0,15.0
2025-05-17,15,15.8,92.6,3.0,230.0,5.0
2025-05-17,18,15.5,80.7,5.0,320.0,10.0
2025-05-17,21,12.0,78.6,3.0,320.0,10.0
2025-05-18,0,10.6,90.4,3.0,320.0,10.0
2025-05-18,3,10.6,82.2,4.0,320.0,10.0
2025-05-18,6,8.4,79.1,0.0,0.0,10.0
2025-05-18,9,13.0,72.1,0.0,0.0,10.0
2025-05-18,12,17.6,41.9,4.0,270.0,10.0
2025-05-18,15,17.8,53.4,6.0,270.0,10.0
2025-05-18,18,17.8,54.4,5.0,230.0,10.0
2025-05-18,21,13.0,72.1,3.0,270.0,10.0
2025-05-19,0,11.0,75.3,0.0,0.0,10.0
2025-05-19,3,11.0,87.5,4.0,50.0,10.0
2025-05-19,6,11.6,70.4,3.0,50.0,10.0
2025-05-19,9,13.6,70.8,3.0,50.0,10.0
2025-05-19,12,18.1,53.1,3.0,180.0,10.0
2025-05-19,15,16.4,76.2,4.0,140.0,10.0
2025-05-19,18,15.4,93.8,4.0,140.0,10.0
2025-05-19,21,14.8,94.3,0.0,0.0,10.0
2025-05-20,0,14.8,94.3,2.0,90.0,10.0
2025-05-20,3,15.0,94.3,0.0,0.0,10.0
2025-05-20,6,15.4,95.6,3.0,180.0,10.0
2025-05-20,9,15.4,94.4,6.0,90.0,4.0
2025-05-20,12,17.0,90.9,3.0,90.0,4.0
2025-05-20,15,18.4,85.9,7.0,90.0,5.0
2025-05-20,18,19.4,84.9,5.0,90.0,10.0
2025-05-20,21,17.6,89.8,5.0,140.0,10.0
2025-05-21,0,19.4,93.9,7.0,180.0,10.0
2025-05-21,3,19.4,86.6,3.0,140.0,10.0
2025-05-21,6,18.4,95.7,3.0,140.0,5.0
2025-05-21,9,18.4,92.1,3.0,140.0,10.0
2025-05-21,12,21.0,90.6,3.0,140.0,10.0
2025-05-21,15,22.3,83.1,2.0,140.0,10.0
2025-05-21,18,20.6,90.6,3.0,230.0,10.0
2025-05-21,21,18.8,95.1,2.0,230.0,10.0
2025-05-22,0,17.8,95.7,0.0,0.0,10.0
2025-05-22,3,16.8,90.3,0.0,0.0,10.0
2025-05-22,6,15.5,93.8,1.0,50.0,10.0
2025-05-22,9,19.9,69.7,1.0,50.0,10.0
2025-05-22,12,23.5,50.7,1.0,50.0,10.0
2025-05-22,15,24.7,41.3,3.0,320.0,10.0
2025-05-22,18,22.7,44.5,3.0,320.0,10.0
2025-05-22,21,17.2,60.5,2.0,230.0,10.0
2025-05-23,0,16.4,69.0,0.0,0.0,10.0
2025-05-23,3,14.6,79.0,1.0,50.0,10.0
2025-05-23,6,15.2,74.0,1.0,50.0,10.0
2025-05-23,9,17.6,73.0,1.0,50.0,10.0
2025-05-23,12,18.8,68.6,1.0,50.0,10.0
2025-05-23,15,15.6,84.0,2.0,50.0,5.0
2025-05-23,18,13.2,93.0,1.0,50.0,5.0
2025-05-23,21,12.6,92.4,2.0,50.0,5.0
2025-05-24,0,12.8,92.4,2.0,50.0,10.0
2025-05-24,3,13.1,89.4,1.0,50.0,10.0
2025-05-24,6,12.4,93.0,2.0,50.0,10.0
2025-05-24,9,12.6,92.4,2.0,50.0,10.0
2025-05-24,12,14.0,84.3,3.0,50.0,10.0
2025-05-24,15,17.0,76.8,3.0,50.0,10.0
2025-05-24,18,16.9,75.8,1.0,360.0,20.0
2025-05-24,21,13.6,79.4,2.0,270.0,10.0
2025-05-25,0,11.2,92.3,1.0,230.0,10.0
2025-05-25,3,10.6,90.4,3.0,230.0,10.0
2025-05-25,6,10.2,92.9,0.0,0.0,10.0
2025-05-25,9,13.8,86.0,0.0,0.0,10.0
2025-05-25,12,19.4,63.9,3.0,270.0,10.0
2025-05-25,15,22.8,48.2,3.0,270.0,15.0
2025-05-25,18,21.1,53.5,5.0,230.0,15.0
2025-05-25,21,15.2,83.9,0.0,0.0,10.0
2025-05-26,0,11.4,94.8,0.0,0.0,10.0
2025-05-26,3,11.0,92.3,2.0,50.0,10.0
2025-05-26,6,13.1,95.5,1.0,90.0,0.4
2025-05-26,9,15.2,90.2,2.0,50.0,4.5
2025-05-26,12,21.4,66.5,2.0,90.0,10.0
2025-05-26,15,23.9,53.2,1.0,140.0,10.0
2025-05-26,18,21.6,55.1,1.0,270.0,10.0
2025-05-26,21,16.7,82.5,1.0,230.0,10.0
2025-05-27,0,12.0,92.4,0.0,0.0,10.0
2025-05-27,3,11.0,92.3,1.0,50.0,10.0
2025-05-27,6,11.1,96.1,2.0,50.0,1.0
2025-05-27,9,15.4,90.2,3.0,90.0,4.0
2025-05-27,12,20.8,67.2,0.0,0.0,10.0
2025-05-27,15,20.6,60.1,5.0,230.0,10.0
2025-05-27,18,21.6,61.1,1.0,320.0,10.0
2025-05-27,21,19.1,61.8,2.0,320.0,10.0
2025-05-28,0,16.0,73.6,0.0,0.0,10.0
2025-05-28,3,13.9,88.9,0.0,0.0,10.0
2025-05-28,6,12.3,93.6,0.0,0.0,10.0
2025-05-28,9,16.8,82.5,1.0,140.0,10.0
2025-05-28,12,24.5,59.5,1.0,50.0,10.0
2025-05-28,15,23.7,52.8,3.0,230.0,10.0
2025-05-28,18,21.8,51.9,3.0,270.0,10.0
2025-05-28,21,17.4,70.1,0.0,0.0,10.0
2025-05-29,0,14.2,89.5,1.0,230.0,10.0
2025-05-29,3,12.4,94.9,0.0,0.0,10.0
2025-05-29,6,10.6,94.8,0.0,0.0,10.0
2025-05-29,9,14.8,83.3,0.0,0.0,10.0
2025-05-29,12,23.3,59.2,1.0,230.0,10.0
2025-05-29,15,24.5,32.1,3.0,230.0,10.0
2025-05-29,18,22.5,32.7,2.0,230.0,10.0
2025-05-29,21,16.0,61.0,1.0,230.0,10.0
2025-05-30,0,12.8,76.6,1.0,360.0,10.0
2025-05-30,3,10.2,92.9,0.0,0.0,10.0
2025-05-30,6,9.6,93.5,0.0,0.0,10.0
2025-05-30,9,14.9,74.9,0.0,0.0,10.0
2025-05-30,12,24.5,49.0,0.0,0.0,10.0
2025-05-30,15,27.1,39.1,0.0,0.0,10.0
2025-05-30,18,23.5,41.0,3.0,230.0,10.0
2025-05-30,21,17.4,61.8,3.0,230.0,10.0
2025-05-31,0,14.4,76.9,1.0,90.0,10.0
2025-05-31,3,14.0,84.3,1.0,50.0,10.0
2025-05-31,6,13.6,84.3,0.0,0.0,10.0
2025-05-31,9,17.2,81.5,0.0,0.0,10.0
2025-05-31,12,21.6,59.6,1.0,50.0,10.0
2025-05-31,15,24.5,54.0,1.0,50.0,10.0
2025-05-31,18,23.3,55.5,1.0,180.0,10.0
2025-05-31,21,17.8,72.5,0.0,0.0,10.0
2025-06-01,0,16.8,80.3,0.0,0.0,10.0
2025-06-01,3,14.2,91.9,0.0,0.0,10.0
2025-06-01,6,13.6,90.0,1.0,50.0,10.0
2025-06-01,9,19.8,82.8,0.0,0.0,10.0
2025-06-01,12,25.1,53.2,0.0,0.0,20.0
2025-06-01,15,25.9,42.5,4.0,230.0,20.0
2025-06-01,18,22.7,53.9,4.0,230.0,20.0
2025-06-01,21,18.6,68.5,2.0,230.0,10.0
2025-06-02,0,15.8,79.7,0.0,0.0,10.0
2025-06-02,3,13.6,91.8,0.0,0.0,10.0
2025-06-02,6,14.0,87.7,0.0,0.0,10.0
2025-06-02,9,14.8,91.9,0.0,0.0,10.0
2025-06-02,12,20.8,64.6,0.0,0.0,10.0
2025-06-02,15,23.5,45.3,3.0,230.0,10.0
2025-06-02,18,21.6,44.5,3.0,230.0,10.0
2025-06-02,21,18.4,68.5,1.0,230.0,10.0
2025-06-03,0,15.6,85.6,0.0,0.0,10.0
2025-06-03,3,13.8,91.9,0.0,0.0,10.0
2025-06-03,6,11.8,92.3,1.0,90.0,10.0
2025-06-03,9,18.6,73.1,0.0,0.0,10.0
2025-06-03,12,22.3,56.7,5.0,270.0,10.0
2025-06-03,15,23.7,34.9,6.0,230.0,10.0
2025-06-03,18,22.3,36.7,5.0,230.0,10.0
2025-06-03,21,17.4,66.0,3.0,230.0,10.0
2025-06-04,0,16.2,76.2,3.0,230.0,10.0
2025-06-04,3,15.6,77.6,1.0,230.0,10.0
2025-06-04,6,12.4,90.0,0.0,0.0,10.0
2025-06-04,9,18.4,74.1,4.0,230.0,10.0
2025-06-04,12,22.5,46.6,6.0,320.0,10.0
2025-06-04,15,22.9,36.9,6.0,320.0,10.0
2025-06-04,18,21.0,51.4,6.0,270.0,10.0
2025-06-04,21,17.2,70.1,0.0,0.0,10.0
2025-06-05,0,13.4,90.6,0.0,0.0,10.0
2025-06-05,3,10.8,97.4,1.0,90.0,10.0
2025-06-05,6,10.4,95.4,0.0,0.0,10.0
2025-06-05,9,19.6,71.0,0.0,0.0,20.0
2025-06-05,12,26.1,44.6,4.0,230.0,20.0
2025-06-05,15,25.3,37.8,5.0,230.0,20.0
2025-06-05,18,25.1,42.0,2.0,230.0,20.0
2025-06-05,21,20.0,50.1,2.0,320.0,10.0
2025-06-06,0,19.1,53.0,1.0,140.0,10.0
2025-06-06,3,17.4,73.9,3.0,90.0,10.0
2025-06-06,9,21.6,62.8,6.0,90.0,10.0
2025-06-06,12,26.3,53.1,3.0,180.0,10.0
2025-06-06,15,26.5,54.9,3.0,180.0,10.0
2025-06-06,18,24.7,59.9,2.0,230.0,10.0
2025-06-06,21,21.4,70.0,0.0,0.0,10.0
2025-06-07,0,19.6,88.2,0.0,0.0,10.0
2025-06-07,3,19.6,84.4,1.0,140.0,10.0
2025-06-07,6,19.4,93.9,1.0,50.0,4.0
2025-06-07,9,21.1,84.0,0.0,0.0,10.0
2025-06-07,12,22.0,85.7,1.0,180.0,10.0
2025-06-07,15,21.8,85.7,2.0,90.0,10.0
2025-06-07,18,21.1,87.3,1.0,90.0,10.0
2025-06-07,21,19.2,96.3,1.0,140.0,10.0
2025-06-08,0,19.0,95.7,0.0,0.0,10.0
2025-06-08,3,18.8,93.9,0.0,0.0,10.0
2025-06-08,6,18.0,95.7,0.0,0.0,10.0
2025-06-08,9,21.6,82.0,1.0,50.0,10.0
2025-06-08,12,24.7,67.2,1.0,50.0,10.0
2025-06-08,15,25.8,65.7,4.0,230.0,10.0
2025-06-08,18,24.9,68.9,3.0,230.0,10.0
2025-06-08,21,19.6,86.6,0.0,0.0,10.0
2025-06-09,0,17.6,92.7,0.0,0.0,10.0
2025-06-09,3,16.2,96.9,0.0,0.0,10.0
2025-06-09,6,16.1,97.5,1.0,90.0,0.4
2025-06-09,9,18.2,93.9,1.0,90.0,4.0
2025-06-09,12,22.5,72.4,1.0,90.0,10.0
2025-06-09,15,26.9,52.6,2.0,140.0,20.0
2025-06-09,18,24.1,62.1,3.0,230.0,20.0
2025-06-09,21,19.4,86.6,2.0,140.0,10.0
2025-06-10,0,19.4,88.2,1.0,50.0,10.0
2025-06-10,3,19.2,93.9,0.0,0.0,10.0
2025-06-10,6,18.8,92.2,0.0,0.0,10.0
2025-06-10,9,19.8,85.0,3.0,270.0,10.0
2025-06-10,12,22.5,65.8,2.0,320.0,10.0
2025-06-10,15,24.7,40.2,3.0,320.0,10.0
2025-06-10,18,22.0,51.0,3.0,270.0,10.0
2025-06-10,21,17.6,74.9,3.0,270.0,10.0
2025-06-11,0,16.2,88.5,1.0,270.0,10.0
2025-06-11,3,15.4,93.2,0.0,0.0,10.0
2025-06-11,6,12.6,95.5,0.0,0.0,10.0
2025-06-11,9,18.0,79.5,0.0,0.0,10.0
2025-06-11,12,25.2,48.6,4.0,320.0,10.0
2025-06-11,15,26.7,39.0,4.0,320.0,10.0
2025-06-11,18,25.1,46.4,3.0,270.0,10.0
2025-06-11,21,19.8,73.4,1.0,230.0,10.0
2025-06-12,0,16.2,85.1,1.0,140.0,10.0
2025-06-12,3,14.4,89.5,0.0,0.0,10.0
2025-06-12,6,13.8,89.5,0.0,0.0,10.0
2025-06-12,9,22.0,67.5,0.0,0.0,10.0
2025-06-12,12,28.6,34.9,0.0,0.0,10.0
2025-06-12,15,29.4,32.6,3.0,230.0,20.0
2025-06-12,18,28.0,38.6,2.0,230.0,20.0
2025-06-12,21,22.1,67.0,0.0,0.0,10.0
2025-06-13,0,17.2,84.7,0.0,0.0,10.0
2025-06-13,3,15.0,87.8,0.0,0.0,10.0
2025-06-13,6,13.4,90.6,0.0,0.0,10.0
2025-06-13,9,21.6,65.2,0.0,0.0,20.0
2025-06-13,12,23.7,54.5,2.0,140.0,20.0
2025-06-13,15,22.5,60.6,2.0,140.0,20.0
2025-06-13,18,22.5,66.7,1.0,140.0,20.0
2025-06-13,21,20.3,80.3,0.0,0.0,10.0
2025-06-14,0,19.2,86.0,0.0,0.0,10.0
2025-06-14,3,17.4,91.5,0.0,0.0,10.0
2025-06-14,6,18.8,92.2,0.0,0.0,10.0
2025-06-14,9,22.9,75.3,1.0,320.0,10.0
2025-06-14,12,27.8,58.1,0.0,0.0,10.0
2025-06-14,15,28.6,53.7,1.0,320.0,10.0
2025-06-14,18,26.5,60.4,1.0,320.0,15.0
2025-06-14,21,19.4,80.2,3.0,230.0,10.0
2025-06-15,0,18.6,92.1,0.0,0.0,10.0
2025-06-15,3,17.4,95.1,0.0,0.0,10.0
2025-06-15,6,17.0,98.7,1.0,90.0,0.4
2025-06-15,9,20.3,87.7,2.0,140.0,10.0
2025-06-15,12,24.8,68.0,5.0,140.0,10.0
2025-06-15,15,22.7,79.1,4.0,140.0,10.0
2025-06-15,18,21.3,95.2,2.0,180.0,5.0
2025-06-15,21,21.0,95.8,1.0,270.0,5.0
2025-06-16,0,20.6,93.4,0.0,0.0,10.0
2025-06-16,3,20.8,95.2,0.0,0.0,10.0
2025-06-16,6,20.8,92.3,0.0,0.0,10.0
2025-06-16,9,21.8,94.6,3.0,90.0,4.0
2025-06-16,12,23.7,85.4,3.0,90.0,4.0
2025-06-16,15,23.9,85.4,2.0,140.0,10.0
2025-06-16,18,22.7,81.6,7.0,180.0,10.0
2025-06-16,21,19.6,89.3,0.0,0.0,10.0
2025-06-17,0,17.6,92.7,0.0,0.0,10.0
2025-06-17,3,16.8,96.9,2.0,360.0,10.0
2025-06-17,6,16.8,96.9,0.0,0.0,4.0
2025-06-17,9,21.2,87.3,0.0,0.0,4.0
2025-06-17,12,25.7,57.9,1.0,270.0,10.0
2025-06-17,15,27.6,45.3,2.0,230.0,20.0
2025-06-17,18,27.1,49.1,2.0,270.0,20.0
2025-06-17,21,20.2,77.8,0.0,0.0,10.0
2025-06-18,0,18.0,90.9,0.0,0.0,10.0
2025-06-18,3,16.6,94.4,0.0,0.0,10.0
2025-06-18,6,16.2,95.6,0.0,0.0,10.0
2025-06-18,9,21.0,83.5,1.0,90.0,10.0
2025-06-18,12,28.4,56.4,1.0,180.0,10.0
2025-06-18,15,28.4,44.9,3.0,140.0,10.0
2025-06-18,18,27.1,45.1,1.0,140.0,10.0
2025-06-18,21,23.7,60.5,5.0,140.0,10.0
2025-06-19,0,21.4,74.1,0.0,0.0,10.0
2025-06-19,3,20.0,72.9,5.0,90.0,10.0
2025-06-19,6,21.0,74.5,4.0,140.0,10.0
2025-06-19,9,21.8,71.9,2.0,140.0,10.0
2025-06-19,12,24.2,76.9,2.0,140.0,10.0
2025-06-19,15,26.7,73.2,3.0,140.0,10.0
2025-06-19,18,25.7,76.7,4.0,140.0,10.0
2025-06-19,21,23.7,93.6,6.0,180.0,5.0
2025-06-20,0,23.1,93.5,3.0,180.0,5.0
2025-06-20,3,22.0,94.6,1.0,180.0,5.0
2025-06-20,6,22.7,94.1,6.0,180.0,4.5
2025-06-20,9,22.5,95.2,1.0,230.0,5.0
2025-06-20,12,22.9,91.8,7.0,180.0,5.0
2025-06-20,15,21.6,96.4,2.0,230.0,5.0
2025-06-20,18,22.7,91.8,0.0,0.0,10.0
2025-06-20,21,22.6,91.8,2.0,230.0,10.0
2025-06-21,0,19.6,93.4,0.0,0.0,10.0
2025-06-21,3,19.2,93.9,0.0,0.0,10.0
2025-06-21,6,17.8,94.5,0.0,0.0,10.0
2025-06-21,9,19.4,84.9,0.0,0.0,10.0
2025-06-21,12,22.7,68.9,0.0,0.0,20.0
2025-06-21,15,27.4,46.7,2.0,320.0,20.0
2025-06-21,18,25.9,52.3,0.0,0.0,20.0
2025-06-21,21,21.0,73.1,0.0,0.0,10.0
2025-06-22,0,18.4,83.2,0.0,0.0,10.0
2025-06-22,3,15.4,91.4,0.0,0.0,10.0
2025-06-22,6,15.0,94.3,0.0,0.0,10.0
2025-06-22,9,19.8,82.8,0.0,0.0,10.0
2025-06-22,12,27.8,58.1,1.0,230.0,10.0
2025-06-22,15,29.0,35.7,3.0,230.0,10.0
2025-06-22,18,27.6,36.0,3.0,270.0,15.0
2025-06-22,21,22.3,63.3,2.0,270.0,10.0
2025-06-23,0,18.6,87.0,0.0,0.0,10.0
2025-06-23,3,17.2,93.8,0.0,0.0,10.0
2025-06-23,6,15.6,93.8,0.0,0.0,10.0
2025-06-23,9,23.3,72.1,0.0,0.0,10.0
2025-06-23,12,29.2,61.0,0.0,0.0,10.0
2025-06-23,15,30.2,57.6,2.0,230.0,10.0
2025-06-23,18,29.8,63.0,2.0,230.0,10.0
2025-06-23,21,25.1,49.2,2.0,230.0,10.0
2025-06-24,0,20.6,79.8,0.0,0.0,10.0
2025-06-24,3,19.1,83.8,0.0,0.0,10.0
2025-06-24,6,19.1,83.8,0.0,0.0,10.0
2025-06-24,9,23.3,76.3,0.0,0.0,10.0
2025-06-24,12,26.5,65.9,0.0,0.0,10.0
2025-06-24,15,26.9,66.0,2.0,50.0,10.0
2025-06-24,18,27.6,51.5,2.0,50.0,10.0
2025-06-24,21,23.9,74.1,0.0,0.0,10.0
2025-06-25,0,22.5,85.3,0.0,0.0,10.0
2025-06-25,3,20.4,91.1,4.0,90.0,5.0
2025-06-25,6,18.6,93.9,3.0,50.0,5.0
2025-06-25,9,19.0,93.9,3.0,50.0,5.0
2025-06-25,12,21.6,91.2,4.0,50.0,10.0
2025-06-25,15,21.2,92.3,3.0,50.0,4.0
2025-06-25,18,21.2,85.1,1.0,50.0,10.0
2025-06-25,21,20.8,88.9,0.0,0.0,10.0
2025-06-26,0,20.2,94.0,0.0,0.0,10.0
2025-06-26,3,19.2,96.3,0.0,0.0,10.0
2025-06-26,6,19.0,91.6,0.0,0.0,10.0
2025-06-26,9,21.6,85.7,0.0,0.0,10.0
2025-06-26,12,26.7,67.1,0.0,0.0,10.0
2025-06-26,15,23.7,73.1,3.0,230.0,10.0
2025-06-26,18,25.7,70.8,0.0,0.0,10.0
2025-06-26,21,21.6,82.0,0.0,0.0,10.0
2025-06-27,0,20.6,85.1,0.0,0.0,10.0
2025-06-27,3,19.6,89.3,0.0,0.0,10.0
2025-06-27,6,20.2,94.0,0.0,0.0,10.0
2025-06-27,9,20.8,94.6,0.0,0.0,5.0
2025-06-27,12,22.1,90.1,0.0,0.0,10.0
2025-06-27,15,24.3,84.9,2.0,140.0,10.0
2025-06-27,18,24.5,83.4,3.0,140.0,10.0
2025-06-27,21,23.5,82.3,2.0,140.0,10.0
2025-06-28,0,22.9,78.2,2.0,90.0,10.0
2025-06-28,3,21.2,93.4,3.0,140.0,4.0
2025-06-28,6,21.8,93.5,0.0,0.0,5.0
2025-06-28,9,23.5,84.3,2.0,140.0,5.0
2025-06-28,12,27.4,69.8,1.0,180.0,10.0
2025-06-28,15,28.8,65.5,1.0,180.0,10.0
2025-06-28,18,28.4,62.3,2.0,180.0,10.0
2025-06-28,21,24.7,77.5,0.0,0.0,10.0
2025-06-29,0,23.1,89.6,0.0,0.0,10.0
2025-06-29,3,23.3,92.4,2.0,90.0,10.0
2025-06-29,6,22.7,94.1,1.0,90.0,10.0
2025-06-29,9,23.7,93.6,1.0,90.0,10.0
2025-06-29,12,25.7,84.6,1.0,140.0,10.0
2025-06-29,15,25.1,89.2,1.0,180.0,10.0
2025-06-29,18,24.3,89.7,3.0,180.0,10.0
2025-06-29,21,23.9,95.9,0.0,0.0,10.0
2025-06-30,0,23.7,93.6,4.0,140.0,10.0
2025-06-30,3,23.3,95.9,0.0,0.0,10.0
2025-06-30,6,23.1,95.3,0.0,0.0,10.0
2025-06-30,9,23.5,94.1,2.0,140.0,10.0
2025-06-30,12,25.1,89.2,1.0,140.0,10.0
2025-06-30,15,24.9,94.2,2.0,140.0,10.0
2025-06-30,18,24.7,94.7,1.0,140.0,10.0
2025-06-30,21,24.7,92.5,3.0,180.0,10.0
2025-07-01,0,24.7,94.2,6.0,230.0,10.0
2025-07-01,3,24.7,92.5,3.0,180.0,10.0
2025-07-01,6,24.3,94.2,0.0,0.0,10.0
2025-07-01,9,25.5,84.5,0.0,0.0,10.0
2025-07-01,12,25.9,80.1,2.0,140.0,10.0
2025-07-01,15,26.7,77.3,2.0,140.0,10.0
2025-07-01,18,25.9,83.1,2.0,140.0,10.0
2025-07-01,21,24.7,89.7,0.0,0.0,10.0
2025-07-02,0,24.5,92.5,1.0,180.0,10.0
2025-07-02,3,24.7,90.8,1.0,140.0,10.0
2025-07-02,6,24.3,91.9,0.0,0.0,10.0
2025-07-02,9,24.5,92.5,3.0,180.0,10.0
2025-07-02,12,23.7,97.0,2.0,140.0,5.0
2025-07-02,15,25.5,90.9,3.0,90.0,10.0
2025-07-02,18,24.9,95.9,3.0,90.0,10.0
2025-07-02,21,24.5,92.5,0.0,0.0,10.0
2025-07-03,0,23.9,92.4,0.0,0.0,10.0
2025-07-03,3,24.1,94.7,3.0,140.0,10.0
2025-07-03,6,24.5,92.5,0.0,0.0,10.0
2025-07-03,9,24.9,92.5,1.0,180.0,10.0
2025-07-03,12,27.2,81.2,0.0,0.0,10.0
2025-07-03,15,26.3,87.7,5.0,140.0,10.0
2025-07-03,18,25.3,92.5,4.0,140.0,10.0
2025-07-03,21,25.3,90.9,0.0,0.0,10.0
2025-07-04,0,25.1,88.7,1.0,180.0,10.0
2025-07-04,3,24.7,92.5,0.0,0.0,10.0
2025-07-04,6,25.3,89.2,2.0,180.0,10.0
2025-07-04,9,25.1,94.8,2.0,140.0,4.0
2025-07-04,12,24.7,94.7,1.0,140.0,4.0
2025-07-04,15,26.9,88.8,1.0,140.0,4.0
2025-07-04,18,26.1,89.3,1.0,140.0,4.0
2025-07-04,21,24.9,94.2,4.0,140.0,4.0
2025-07-05,0,24.5,94.2,2.0,140.0,4.0
2025-07-05,3,24.5,92.5,3.0,140.0,4.0
2025-07-05,6,24.7,91.4,6.0,140.0,4.0
2025-07-05,9,25.7,86.1,1.0,180.0,10.0
2025-07-05,12,27.7,76.5,5.0,140.0,10.0
2025-07-05,15,27.1,79.8,4.0,140.0,10.0
2025-07-05,18,25.7,86.1,3.0,180.0,10.0
2025-07-05,21,24.9,94.2,3.0,140.0,4.0
2025-07-06,0,24.5,94.7,3.0,140.0,4.0
2025-07-06,3,24.7,89.2,2.0,140.0,4.0
2025-07-06,6,24.3,92.5,0.0,0.0,10.0
2025-07-06,9,26.1,84.6,3.0,140.0,10.0
2025-07-06,12,26.1,89.3,3.0,140.0,10.0
2025-07-06,15,29.0,80.5,3.0,140.0,10.0
2025-07-06,18,26.9,89.9,2.0,140.0,10.0
2025-07-06,21,25.7,91.4,2.0,140.0,10.0
2025-07-07,0,25.1,92.5,0.0,0.0,4.5
2025-07-07,3,24.5,95.3,3.0,90.0,5.0
2025-07-07,6,24.5,97.6,0.0,0.0,5.0
2025-07-07,9,25.3,95.9,1.0,140.0,5.0
2025-07-07,12,27.8,85.8,2.0,90.0,5.0
2025-07-07,15,31.4,74.9,5.0,180.0,10.0
2025-07-07,18,28.4,86.9,2.0,140.0,10.0
2025-07-07,21,26.9,91.0,2.0,90.0,10.0
2025-07-08,0,25.7,95.9,0.0,0.0,10.0
2025-07-08,3,24.9,94.8,0.0,0.0,10.0
2025-07-08,6,25.4,94.8,0.0,0.0,10.0
2025-07-08,9,26.5,94.3,0.0,0.0,4.0
2025-07-08,12,29.8,82.0,0.0,0.0,5.0
2025-07-08,15,34.1,67.0,3.0,230.0,5.0
2025-07-08,18,31.0,74.4,1.0,270.0,5.0
2025-07-08,21,26.7,89.3,3.0,270.0,5.0
2025-07-09,0,25.9,94.2,0.0,0.0,5.0
2025-07-09,3,24.9,95.9,0.0,0.0,5.0
2025-07-09,6,24.1,94.2,0.0,0.0,4.0
2025-07-09,9,29.0,84.9,0.0,0.0,10.0
2025-07-09,12,33.3,65.3,0.0,0.0,10.0
2025-07-09,15,34.4,63.3,2.0,270.0,10.0
2025-07-09,18,30.8,73.9,2.0,230.0,10.0
2025-07-09,21,27.6,85.3,1.0,230.0,10.0
2025-07-10,0,26.5,89.3,0.0,0.0,10.0
2025-07-10,3,25.5,92.5,0.0,0.0,10.0
2025-07-10,6,24.9,90.8,0.0,0.0,10.0
2025-07-10,9,29.3,71.5,3.0,90.0,15.0
2025-07-10,12,32.7,45.8,3.0,140.0,15.0
2025-07-10,15,34.1,41.3,0.0,0.0,15.0
2025-07-10,18,33.3,51.7,2.0,50.0,15.0
2025-07-10,21,29.6,68.6,0.0,0.0,10.0
2025-07-11,0,25.9,86.1,0.0,0.0,10.0
2025-07-11,3,24.3,90.3,0.0,0.0,10.0
2025-07-11,6,22.3,88.5,0.0,0.0,10.0
2025-07-11,9,27.4,56.5,1.0,50.0,20.0
2025-07-11,12,30.4,49.3,3.0,90.0,20.0
2025-07-11,15,32.5,52.1,4.0,50.0,20.0
2025-07-11,18,32.3,49.8,2.0,50.0,20.0
2025-07-11,21,27.8,68.6,0.0,0.0,10.0
2025-07-12,0,24.7,80.9,0.0,0.0,10.0
2025-07-12,3,22.9,91.8,0.0,0.0,10.0
2025-07-12,6,23.4,85.9,0.0,0.0,10.0
2025-07-12,9,27.6,72.0,1.0,50.0,15.0
2025-07-12,12,31.8,46.4,1.0,90.0,15.0
2025-07-12,15,31.4,53.8,3.0,230.0,15.0
2025-07-12,18,29.8,57.5,2.0,230.0,15.0
2025-07-12,21,24.7,70.2,3.0,270.0,10.0
2025-07-13,0,23.5,85.4,0.0,0.0,10.0
2025-07-13,3,22.3,91.8,0.0,0.0,10.0
2025-07-13,6,21.4,88.9,0.0,0.0,10.0
2025-07-13,9,24.7,77.5,0.0,0.0,10.0
2025-07-13,12,28.0,67.4,1.0,230.0,10.0
2025-07-13,15,31.2,64.5,0.0,0.0,10.0
2025-07-13,18,28.8,68.0,0.0,0.0,10.0
2025-07-13,21,24.5,73.3,0.0,0.0,10.0
2025-07-14,0,22.3,88.5,1.0,320.0,10.0
2025-07-14,3,22.3,81.6,0.0,0.0,10.0
2025-07-14,6,21.0,88.9,0.0,0.0,10.0
2025-07-14,9,24.9,72.0,3.0,320.0,10.0
2025-07-14,12,28.4,63.9,1.0,320.0,10.0
2025-07-14,15,25.7,78.6,3.0,50.0,5.0
2025-07-14,18,23.5,86.9,2.0,90.0,5.0
2025-07-14,21,22.8,91.3,0.0,0.0,10.0
2025-07-15,0,22.3,91.8,0.0,0.0,10.0
2025-07-15,3,21.6,94.6,0.0,0.0,10.0
2025-07-15,6,20.8,95.8,0.0,0.0,10.0
2025-07-15,9,23.9,89.1,1.0,90.0,20.0
2025-07-15,12,27.1,70.6,2.0,270.0,20.0
2025-07-15,15,23.3,86.9,6.0,50.0,10.0
2025-07-15,18,23.2,86.9,1.0,90.0,10.0
2025-07-15,21,22.9,91.8,3.0,90.0,10.0
2025-07-16,0,22.0,94.6,3.0,90.0,10.0
2025-07-16,3,21.8,94.6,1.0,140.0,10.0
2025-07-16,6,21.6,92.3,1.0,270.0,10.0
2025-07-16,9,21.2,92.3,1.0,90.0,10.0
2025-07-16,12,21.4,94.6,1.0,90.0,4.0
2025-07-16,15,21.2,95.2,1.0,50.0,4.0
2025-07-16,18,21.8,95.2,1.0,90.0,4.0
2025-07-16,21,22.5,95.2,7.0,90.0,10.0
2025-07-17,0,22.3,95.2,2.0,50.0,10.0
2025-07-17,3,22.9,93.5,1.0,90.0,10.0
2025-07-17,6,22.7,94.1,4.0,90.0,10.0
2025-07-17,9,24.1,90.8,2.0,90.0,4.0
2025-07-17,12,24.7,89.7,0.0,0.0,10.0
2025-07-17,15,25.9,84.6,2.0,230.0,10.0
2025-07-17,18,25.1,89.2,2.0,270.0,10.0
2025-07-17,21,23.3,90.7,1.0,270.0,10.0
2025-07-18,0,22.0,91.2,0.0,0.0,10.0
2025-07-18,3,21.8,92.3,0.0,0.0,10.0
2025-07-18,6,21.4,92.3,0.0,0.0,4.5
2025-07-18,9,23.7,89.7,0.0,0.0,5.0
2025-07-18,12,27.8,68.6,0.0,0.0,10.0
2025-07-18,15,28.4,73.5,2.0,320.0,10.0
2025-07-18,18,26.5,77.3,0.0,0.0,10.0
2025-07-18,21,24.1,89.1,0.0,0.0,10.0
2025-07-19,0,23.7,91.9,0.0,0.0,10.0
2025-07-19,3,23.3,94.1,0.0,0.0,5.0
2025-07-19,6,22.7,95.8,0.0,0.0,5.0
2025-07-19,9,23.9,95.9,2.0,90.0,5.0
2025-07-19,12,25.9,84.6,3.0,140.0,10.0
2025-07-19,15,27.6,75.6,2.0,140.0,10.0
2025-07-19,18,26.9,83.7,5.0,140.0,10.0
2025-07-19,21,24.7,83.9,2.0,180.0,10.0
2025-07-20,0,23.5,92.4,0.0,0.0,10.0
2025-07-20,3,23.3,95.9,2.0,90.0,10.0
2025-07-20,6,23.7,95.3,2.0,90.0,4.0
2025-07-20,9,27.1,89.9,1.0,230.0,5.0
2025-07-20,12,29.2,80.5,2.0,230.0,10.0
2025-07-20,15,28.8,73.6,2.0,230.0,10.0
2025-07-20,18,28.2,80.4,1.0,230.0,10.0
2025-07-20,21,26.9,84.7,3.0,230.0,10.0
2025-07-21,0,26.5,84.1,6.0,230.0,10.0
2025-07-21,3,26.0,85.1,7.0,230.0,10.0
2025-07-21,6,26.7,84.7,3.0,230.0,10.0
2025-07-21,9,27.8,80.8,1.0,180.0,10.0
2025-07-21,12,29.0,77.7,1.0,230.0,10.0
2025-07-21,15,28.8,79.0,2.0,230.0,10.0
2025-07-21,18,28.8,81.4,2.0,230.0,10.0
2025-07-21,21,26.7,91.0,1.0,230.0,10.0
2025-07-22,0,26.5,92.6,1.0,230.0,10.0
2025-07-22,3,25.9,93.1,1.0,230.0,10.0
2025-07-22,6,25.7,92.5,0.0,0.0,10.0
2025-07-22,9,27.6,88.9,0.0,0.0,10.0
2025-07-22,12,30.4,74.3,3.0,230.0,10.0
2025-07-22,15,30.0,75.5,3.0,230.0,10.0
2025-07-22,18,24.7,89.7,2.0,50.0,5.0
2025-07-22,21,23.9,92.4,0.0,0.0,10.0
2025-07-23,0,23.9,92.4,0.0,0.0,10.0
2025-07-23,3,23.9,94.1,0.0,0.0,10.0
2025-07-23,6,23.5,94.1,0.0,0.0,10.0
2025-07-23,9,25.7,92.5,0.0,0.0,10.0
2025-07-23,12,29.8,75.1,1.0,270.0,20.0
2025-07-23,15,30.4,60.1,2.0,270.0,20.0
2025-07-23,18,28.0,75.7,3.0,270.0,20.0
2025-07-23,21,26.1,89.3,0.0,0.0,10.0
2025-07-24,0,24.7,95.9,0.0,0.0,10.0
2025-07-24,3,23.7,95.3,0.0,0.0,10.0
2025-07-24,6,24.0,94.7,0.0,0.0,10.0
2025-07-24,9,24.9,92.5,0.0,0.0,4.0
2025-07-24,12,29.0,83.4,0.0,0.0,10.0
2025-07-24,15,31.2,65.6,1.0,230.0,15.0
2025-07-24,18,30.2,70.3,1.0,230.0,15.0
2025-07-24,21,26.5,88.3,1.0,230.0,10.0
2025-07-25,0,24.7,91.9,0.0,0.0,10.0
2025-07-25,3,23.7,93.6,0.0,0.0,10.0
2025-07-25,6,23.1,93.5,1.0,50.0,0.4
2025-07-25,9,26.2,84.6,0.0,0.0,10.0
2025-07-25,12,31.0,70.9,0.0,0.0,10.0
2025-07-25,15,33.5,61.6,0.0,0.0,10.0
2025-07-25,18,30.8,70.0,1.0,230.0,10.0
2025-07-25,21,27.4,85.8,0.0,0.0,10.0
2025-07-26,0,24.5,94.2,0.0,0.0,10.0
2025-07-26,3,23.3,94.1,0.0,0.0,0.4
2025-07-26,6,21.9,92.9,0.0,0.0,0.4
2025-07-26,9,25.7,92.5,0.0,0.0,5.0
2025-07-26,12,31.6,61.2,2.0,230.0,10.0
2025-07-26,15,33.5,50.5,0.0,0.0,10.0
2025-07-26,18,30.2,63.9,3.0,230.0,10.0
2025-07-26,21,25.7,82.5,0.0,0.0,10.0
2025-07-27,0,23.9,90.8,0.0,0.0,10.0
2025-07-27,3,23.1,90.2,0.0,0.0,10.0
2025-07-27,6,21.8,92.3,0.0,0.0,10.0
2025-07-27,9,28.8,74.9,0.0,0.0,10.0
2025-07-27,12,32.9,61.4,1.0,270.0,10.0
2025-07-27,15,33.5,61.9,1.0,230.0,20.0
2025-07-27,18,31.2,74.8,3.0,230.0,20.0
2025-07-27,21,26.7,85.2,0.0,0.0,10.0
2025-07-28,0,23.5,86.9,0.0,0.0,10.0
2025-07-28,3,22.7,94.1,3.0,360.0,10.0
2025-07-28,6,21.0,93.4,0.0,0.0,10.0
2025-07-28,9,25.9,78.1,0.0,0.0,15.0
2025-07-28,12,32.0,60.1,0.0,0.0,15.0
2025-07-28,15,33.1,59.3,2.0,230.0,15.0
2025-07-28,18,30.8,66.8,3.0,230.0,15.0
2025-07-28,21,26.7,82.6,0.0,0.0,10.0
2025-07-29,0,25.1,92.5,0.0,0.0,10.0
2025-07-29,3,23.3,93.0,0.0,0.0,10.0
2025-07-29,6,24.1,92.5,0.0,0.0,4.0
2025-07-29,9,25.7,86.1,0.0,0.0,5.0
2025-07-29,12,32.5,63.6,0.0,0.0,10.0
2025-07-29,15,33.3,56.9,2.0,270.0,10.0
2025-07-29,18,31.4,63.4,2.0,270.0,10.0
2025-07-29,21,27.8,79.9,0.0,0.0,10.0
2025-07-30,0,24.9,88.1,0.0,0.0,10.0
2025-07-30,3,23.5,91.3,0.0,0.0,10.0
2025-07-30,6,22.5,85.3,0.0,0.0,10.0
2025-07-30,9,24.9,92.5,0.0,0.0,10.0
2025-07-30,12,28.2,74.3,0.0,0.0,10.0
2025-07-30,15,30.0,70.3,0.0,0.0,20.0
2025-07-30,18,29.6,67.3,1.0,50.0,20.0
2025-07-30,21,27.8,79.9,0.0,0.0,10.0
2025-07-31,0,24.9,90.8,0.0,0.0,10.0
2025-07-31,3,24.7,94.2,0.0,0.0,10.0
2025-07-31,6,24.3,94.2,0.0,0.0,10.0
2025-07-31,9,28.6,80.4,0.0,0.0,10.0
2025-07-31,12,31.6,69.8,0.0,0.0,10.0
2025-07-31,15,30.8,72.2,1.0,140.0,10.0
2025-07-31,18,28.6,87.9,0.0,0.0,10.0
2025-07-31,21,27.6,87.3,0.0,0.0,10.0
