day,h,t,rh,ws,wd
2020-06-01,0,20.2,78,0.3,0
2020-06-01,1,20.6,77,0.5,250
2020-06-01,2,20.8,74,1.1,270
2020-06-01,3,21.1,73,2.2,290
2020-06-01,4,20.7,75,2.5,270
2020-06-01,5,20.2,76,2.7,290
2020-06-01,6,19.6,80,1.2,270
2020-06-01,7,20.5,76,2,250
2020-06-01,8,21.4,69,2.4,250
2020-06-01,9,22.7,61,3,290
2020-06-01,10,23.7,52,5.2,320
2020-06-01,11,24.4,45,5.1,250
2020-06-01,12,24.9,39,4.7,270
2020-06-01,13,25.9,39,4.8,250
2020-06-01,14,26.1,36,4.2,270
2020-06-01,15,27,32,4,290
2020-06-01,16,26.7,31,4.8,270
2020-06-01,17,26.3,26,4.3,290
2020-06-01,18,25.5,25,3.3,290
2020-06-01,19,24.3,25,3.2,290
2020-06-01,20,22,30,2.2,250
2020-06-01,21,17,50,0.7,50
2020-06-01,22,14.6,59,0.7,360
2020-06-01,23,13.4,64,0.7,20
2020-06-02,0,12.3,68,0.7,340
2020-06-02,1,12.1,70,0.4,0
2020-06-02,2,11.9,72,0.6,340
2020-06-02,3,11.7,74,0.3,0
2020-06-02,4,11.8,76,0.6,340
2020-06-02,5,10.6,81,0.9,340
2020-06-02,6,11.1,81,0.2,0
2020-06-02,7,14.4,69,0.8,360
2020-06-02,8,18,53,0.8,110
2020-06-02,9,21.4,42,0.6,360
2020-06-02,10,23.2,32,1.3,90
2020-06-02,11,25.5,26,0.9,270
2020-06-02,12,27.2,28,2.9,270
2020-06-02,13,26.5,27,2.8,270
2020-06-02,14,25.5,34,2.9,320
2020-06-02,15,24.6,30,0.8,180
2020-06-02,16,25.7,30,1,230
2020-06-02,17,24.8,30,1.2,230
2020-06-02,18,24,34,1.2,290
2020-06-02,19,22.4,46,1,340
2020-06-02,20,21.4,51,0.3,0
2020-06-02,21,20.5,53,0.3,0
2020-06-02,22,19.4,64,0.2,0
2020-06-02,23,17.9,65,0.4,0
2020-06-03,0,17,66,0.6,50
2020-06-03,1,16.4,72,0,0
2020-06-03,2,15.1,77,0.4,0
2020-06-03,3,14.7,77,0.3,0
2020-06-03,4,14.4,81,0.4,0
2020-06-03,5,13.9,83,0.6,360
2020-06-03,6,15,78,0.4,0
2020-06-03,7,15.8,76,0.7,270
2020-06-03,8,18.4,64,0.3,0
2020-06-03,9,21.4,58,1.2,270
2020-06-03,10,23.4,60,1.3,250
2020-06-03,11,24.7,59,1.6,230
2020-06-03,12,26.2,55,2.5,250
2020-06-03,13,27.2,48,2.1,250
2020-06-03,14,28.2,45,2.1,250
2020-06-03,15,28.7,42,2,270
2020-06-03,16,28.7,42,1.8,230
2020-06-03,17,29.4,41,1.9,230
2020-06-03,18,28.7,43,2.6,250
2020-06-03,19,27,52,0.9,290
2020-06-03,20,23.1,65,1.3,50
2020-06-03,21,21.5,73,0.5,20
2020-06-03,22,20.1,79,0.1,0
2020-06-03,23,18.8,85,0.6,360
2020-06-04,0,18.1,89,0.2,0
2020-06-04,1,17.1,93,0.3,0
2020-06-04,2,17.2,95,0.4,0
2020-06-04,3,17,95,0.2,0
2020-06-04,4,16.9,95,0.2,0
2020-06-04,5,16.8,95,0,0
2020-06-04,6,16.4,96,0.4,0
2020-06-04,7,18.6,89,0.1,0
2020-06-04,8,22.4,76,0.3,0
2020-06-04,9,26,60,2,270
2020-06-04,10,27,56,2.1,230
2020-06-04,11,29,50,1.8,250
2020-06-04,12,30.2,45,2.5,250
2020-06-04,13,31.1,40,2.5,250
2020-06-04,14,32.2,33,3.8,270
2020-06-04,15,33.2,29,2.6,250
2020-06-04,16,32.9,32,3.4,270
2020-06-04,17,33,32,2.5,290
2020-06-04,18,31.7,34,2.2,290
2020-06-04,19,29.8,39,2,320
2020-06-04,20,27.9,42,1.6,320
2020-06-04,21,25.4,51,0.7,140
2020-06-04,22,22.1,59,1.2,360
2020-06-04,23,20.4,66,0.5,20
2020-06-05,0,19.3,70,0.1,0
2020-06-05,1,18.6,76,0.1,0
2020-06-05,2,19.3,76,0.6,250
2020-06-05,3,20.9,76,0.3,0
2020-06-05,4,20.2,81,0.3,0
2020-06-05,5,20.8,80,0.1,0
2020-06-05,6,21.2,79,0.1,0
2020-06-05,7,22.1,77,0.1,0
2020-06-05,8,24.4,71,1.1,160
2020-06-05,9,25.8,65,1.7,270
2020-06-05,10,27.1,59,2,290
2020-06-05,11,28,54,1.7,250
2020-06-05,12,29.7,47,2.9,270
2020-06-05,13,31.1,44,1.3,270
2020-06-05,14,31.8,40,2.5,270
2020-06-05,15,31.5,41,1.9,230
2020-06-05,16,32.3,41,2.1,270
2020-06-05,17,31.4,41,2.1,320
2020-06-05,18,30.4,43,0.9,340
2020-06-05,19,26.3,56,2.5,180
2020-06-05,20,24.6,59,1.5,160
2020-06-05,21,23.5,62,1.1,160
2020-06-05,22,22.3,66,1.1,70
2020-06-05,23,22,64,1,90
2020-06-06,0,20.2,75,0.6,20
2020-06-06,1,19.5,77,0.1,0
2020-06-06,2,18.5,81,0.7,360
2020-06-06,3,18,83,0.6,20
2020-06-06,4,17.6,84,0.8,360
2020-06-06,5,17.1,86,0.3,0
2020-06-06,6,17.3,86,0.4,0
2020-06-06,7,18.6,81,0.5,20
2020-06-06,8,20.1,72,0.4,0
2020-06-06,9,21.7,65,0.6,360
2020-06-06,10,23.4,60,1.1,340
2020-06-06,11,25.3,53,1.1,160
2020-06-06,12,27.9,44,1.3,180
2020-06-06,13,28.2,44,1.7,160
2020-06-06,14,28,45,2.4,90
2020-06-06,15,28.8,42,1.7,70
2020-06-06,16,28.5,40,2,110
2020-06-06,17,26.8,38,2.4,180
2020-06-06,18,25.4,35,2.9,180
2020-06-06,19,23.9,34,1.5,160
2020-06-06,20,22.1,42,0.6,160
2020-06-06,21,19.2,57,0.9,20
2020-06-06,22,17.5,60,0.7,360
2020-06-06,23,15.9,66,0.9,360
2020-06-07,0,14.6,70,0.5,360
2020-06-07,1,13.9,71,0.5,340
2020-06-07,2,13.1,75,0.5,360
2020-06-07,3,12.3,79,0.3,0
2020-06-07,4,11.9,81,0.5,340
2020-06-07,5,11.6,83,1,360
2020-06-07,6,13,77,0,0
2020-06-07,7,15,71,0,0
2020-06-07,8,18,58,0.4,0
2020-06-07,9,20.7,46,0.9,230
2020-06-07,10,23.6,35,0.7,230
2020-06-07,11,25,32,1.2,270
2020-06-07,12,27.4,32,1.6,340
2020-06-07,13,28.8,37,1.4,320
2020-06-07,14,29.8,32,1.3,140
2020-06-07,15,30.9,32,1.9,290
2020-06-07,16,30.8,33,1.5,290
2020-06-07,17,30.6,36,1.9,290
2020-06-07,18,29.6,41,1.9,270
2020-06-07,19,28.5,44,1,320
2020-06-07,20,24.7,60,0.9,20
2020-06-07,21,24.4,52,0.6,200
2020-06-07,22,22.3,63,0.8,340
2020-06-07,23,20.9,68,0.5,340
2020-06-08,0,19.1,72,0.5,20
2020-06-08,1,17.8,74,0.6,360
2020-06-08,2,16.8,78,0.5,360
2020-06-08,3,15.8,80,0.4,0
2020-06-08,4,15.2,82,0.5,360
2020-06-08,5,14.9,83,0.6,340
2020-06-08,6,15.4,81,0.1,0
2020-06-08,7,17.6,74,0.5,340
2020-06-08,8,20.8,59,0.5,340
2020-06-08,9,24.4,56,0.8,20
2020-06-08,10,26.9,54,0.9,340
2020-06-08,11,29.1,49,1.4,200
2020-06-08,12,30.8,45,1,270
2020-06-08,13,31.4,41,2.1,200
2020-06-08,14,32.8,35,1.4,270
2020-06-08,15,33.8,29,2.2,270
2020-06-08,16,34.1,31,2.4,250
2020-06-08,17,33.9,32,2.5,290
2020-06-08,18,33.1,33,2.1,270
2020-06-08,19,31.5,39,0.9,320
2020-06-08,20,26.5,53,1.2,50
2020-06-08,21,24.5,61,0.4,0
2020-06-08,22,23,65,0.7,50
2020-06-08,23,21,73,0.6,340
2020-06-09,0,20.1,78,0.3,0
2020-06-09,1,19.3,82,0,0
2020-06-09,2,18.6,84,0.1,0
2020-06-09,3,18.1,87,0.1,0
2020-06-09,4,17.4,89,0.3,0
2020-06-09,5,16.8,92,0.4,0
2020-06-09,6,17.3,89,0.2,0
2020-06-09,7,19.9,78,0,0
2020-06-09,8,23.5,63,0.2,0
2020-06-09,9,26.5,56,0.8,230
2020-06-09,10,28.5,53,1.6,200
2020-06-09,11,30.7,46,1.4,180
2020-06-09,12,31.9,42,1.1,290
2020-06-09,13,34.1,36,2.2,250
2020-06-09,14,34.4,33,1.4,230
2020-06-09,15,35.6,30,1.6,270
2020-06-09,16,35.4,30,2,290
2020-06-09,17,35.3,29,2.5,270
2020-06-09,18,34.5,28,2.2,270
2020-06-09,19,32.6,34,1.3,230
2020-06-09,20,30.8,36,1.8,180
2020-06-09,21,25.4,56,1.2,360
2020-06-09,22,23.7,62,0.5,20
2020-06-09,23,22.2,66,0.3,0
2020-06-10,0,21.1,70,0.3,0
2020-06-10,1,20.6,73,0.3,0
2020-06-10,2,20,78,0,0
2020-06-10,3,19.1,80,0.4,0
2020-06-10,4,18.5,84,0.1,0
2020-06-10,5,18,86,0.1,0
2020-06-10,6,18.2,86,0.2,0
2020-06-10,7,20.5,78,0.3,0
2020-06-10,8,24.1,65,0.4,0
2020-06-10,9,28.9,51,0.7,90
2020-06-10,10,29.3,50,1,140
2020-06-10,11,30.8,43,0.9,230
2020-06-10,12,33.1,38,1.1,180
2020-06-10,13,33.5,38,2,270
2020-06-10,14,34.1,36,1.6,270
2020-06-10,15,34.8,35,1.9,290
2020-06-10,16,34.3,38,3.1,270
2020-06-10,17,33.7,38,1.8,250
2020-06-10,18,32.4,39,2.4,180
2020-06-10,19,30.7,47,2.2,200
2020-06-10,20,29,49,1.6,200
2020-06-10,21,26.6,62,1.6,200
2020-06-10,22,23.4,89,0.3,0
2020-06-10,23,22.8,95,0.9,360
2020-06-11,0,22.4,95,0.7,20
2020-06-11,1,21.8,92,2.3,20
2020-06-11,2,20.5,97,1.8,20
2020-06-11,3,20.1,97,0.6,360
2020-06-11,4,20.1,98,0.8,20
2020-06-11,5,20.1,97,0.9,20
2020-06-11,6,19.9,98,0.4,0
2020-06-11,7,20.4,97,0.8,20
2020-06-11,8,21,94,0.7,360
2020-06-11,9,22.9,87,0.8,230
2020-06-11,10,24.1,77,1.1,290
2020-06-11,11,26.1,72,1.6,270
2020-06-11,12,28.2,65,0.6,320
2020-06-11,13,29.2,60,2.2,270
2020-06-11,14,29.8,58,1.6,180
2020-06-11,15,30.7,57,1.9,250
2020-06-11,16,30.7,54,1.7,270
2020-06-11,17,31,54,1.9,250
2020-06-11,18,30.4,55,2.2,270
2020-06-11,19,29.4,60,1.2,270
2020-06-11,20,25.9,80,0.4,0
2020-06-11,21,24.9,85,0.3,0
2020-06-11,22,23.3,91,0.7,20
2020-06-11,23,22.6,94,0,0
2020-06-12,0,21.8,96,0.4,0
2020-06-12,1,21.5,96,0.2,0
2020-06-12,2,21.3,97,0,0
2020-06-12,3,21.1,95,0.6,50
2020-06-12,4,20.5,97,0.4,0
2020-06-12,5,20.3,97,0.1,0
2020-06-12,6,20.5,96,0.1,0
2020-06-12,7,22.3,89,0.6,340
2020-06-12,8,24.7,79,0.5,250
2020-06-12,9,26,76,0.8,360
2020-06-12,10,27.5,71,1.1,290
2020-06-12,11,28.1,69,1.3,200
2020-06-12,12,28.1,71,1.4,320
2020-06-12,13,27.4,76,1.8,320
2020-06-12,14,27.3,76,1,360
2020-06-12,15,25.6,90,1,50
2020-06-12,16,25.7,91,1.3,340
2020-06-12,17,25.7,91,0.5,70
2020-06-12,18,25.3,93,0.6,90
2020-06-12,19,24.6,96,0.7,20
2020-06-12,20,24.3,97,0.5,70
2020-06-12,21,24.1,98,1.4,160
2020-06-12,22,21.1,87,1.1,110
2020-06-12,23,20,93,1.2,180
2020-06-13,0,19.5,97,0.6,110
2020-06-13,1,19.6,98,0.4,0
2020-06-13,2,19.7,98,0.6,160
2020-06-13,3,19.6,98,0.4,0
2020-06-13,4,19.6,97,0.2,0
2020-06-13,5,19.5,98,0.3,0
2020-06-13,6,19.6,98,0.9,200
2020-06-13,7,20.1,95,0.4,0
2020-06-13,8,20.5,93,0.5,180
2020-06-13,9,21.5,88,0.4,0
2020-06-13,10,23.3,77,0.7,70
2020-06-13,11,25.3,72,0.9,270
2020-06-13,12,26.8,69,0.9,340
2020-06-13,13,28,63,1.4,230
2020-06-13,14,29.1,58,2.1,270
2020-06-13,15,29.3,56,1.5,270
2020-06-13,16,29.8,55,1.6,230
2020-06-13,17,29.2,59,1.6,200
2020-06-13,18,28.3,65,1.5,230
2020-06-13,19,27.7,64,1.1,180
2020-06-13,20,26.6,72,0.6,200
2020-06-13,21,25.2,82,0.1,0
2020-06-13,22,24.9,85,0,0
2020-06-13,23,24.8,85,0.1,0
2020-06-14,0,24.6,84,0.9,200
2020-06-14,1,23.3,96,0.2,0
2020-06-14,2,23.2,96,0.1,0
2020-06-14,3,22.9,97,0.6,200
2020-06-14,4,23.1,98,0.1,0
2020-06-14,5,22.9,99,0.4,0
2020-06-14,6,23,99,0.4,0
2020-06-14,7,23,98,1,180
2020-06-14,8,23.3,98,0.8,230
2020-06-14,9,23.4,98,0.8,140
2020-06-14,10,24.1,96,1.6,230
2020-06-14,11,25.1,89,1.6,250
2020-06-14,12,26.5,83,2.6,250
2020-06-14,13,27.6,75,2.5,250
2020-06-14,14,28.3,71,3.6,270
2020-06-14,15,28.7,68,2.6,270
2020-06-14,16,29.1,63,4.7,270
2020-06-14,17,28.8,61,4.1,270
2020-06-14,18,28,64,3.4,270
2020-06-14,19,27,64,3.2,290
2020-06-14,20,25.2,58,2.3,270
2020-06-14,21,23.5,66,0.6,230
2020-06-14,22,23,63,2.6,270
2020-06-14,23,21.8,68,1,250
2020-06-15,0,20.1,80,0.3,0
2020-06-15,1,18.9,88,0.3,0
2020-06-15,2,17.3,96,0.2,0
2020-06-15,3,16.5,97,0.2,0
2020-06-15,4,15.7,98,0.5,360
2020-06-15,5,15.5,98,0.1,0
2020-06-15,6,16,98,0.1,0
2020-06-15,7,18,91,0.1,0
2020-06-15,8,21.6,75,0.4,0
2020-06-15,9,22.7,64,2.2,250
2020-06-15,10,24.7,59,2.1,250
2020-06-15,11,25.6,56,2.1,290
2020-06-15,12,27.1,53,2.6,250
2020-06-15,13,29,47,2.1,320
2020-06-15,14,28.9,47,2.5,270
2020-06-15,15,28.8,47,3.5,250
2020-06-15,16,29.3,43,3.4,270
2020-06-15,17,28.8,42,3.8,250
2020-06-15,18,28.5,45,1.9,270
2020-06-15,19,26.9,53,2.1,270
2020-06-15,20,23.3,73,0.9,20
2020-06-15,21,21.8,77,1,90
2020-06-15,22,21,81,0.2,0
2020-06-15,23,20.2,85,0.7,50
2020-06-16,0,20.3,79,0.5,70
2020-06-16,1,19.4,78,0.3,0
2020-06-16,2,18.5,79,0.9,90
2020-06-16,3,17.1,84,0.3,0
2020-06-16,4,16,88,0.6,20
2020-06-16,5,15.1,92,0,0
2020-06-16,6,15.5,89,0.6,50
2020-06-16,7,17.8,81,0.3,0
2020-06-16,8,21,70,0.6,20
2020-06-16,9,22.9,62,1,360
2020-06-16,10,24.3,58,1.5,230
2020-06-16,11,25.2,57,1.8,250
2020-06-16,12,26.6,54,1.3,70
2020-06-16,13,28.2,48,1.6,200
2020-06-16,14,28.4,47,1.6,250
2020-06-16,15,30.1,40,1.8,230
2020-06-16,16,29.7,32,2.1,250
2020-06-16,17,29.5,36,1.8,250
2020-06-16,18,28.6,45,1.3,270
2020-06-16,19,25.5,54,2,160
2020-06-16,20,23.3,55,1.7,180
2020-06-16,21,22.5,53,1.4,160
2020-06-16,22,20.8,66,0.8,90
2020-06-16,23,19.6,70,0.6,70
2020-06-17,0,18.5,75,0.9,50
2020-06-17,1,17.9,79,0.6,50
2020-06-17,2,17.1,82,0.7,20
2020-06-17,3,16.6,81,0.7,70
2020-06-17,4,16.1,87,0.1,0
2020-06-17,5,15.4,86,0.6,50
2020-06-17,6,15.9,88,0.4,0
2020-06-17,7,17.5,78,0.4,0
2020-06-17,8,20.1,64,0.5,340
2020-06-17,9,21.5,62,1,320
2020-06-17,10,23.4,54,1.1,290
2020-06-17,11,24.9,49,1,360
2020-06-17,12,25.5,47,1.2,230
2020-06-17,13,26.5,50,1.4,230
2020-06-17,14,27.2,50,2.1,290
2020-06-17,15,27.6,51,1.6,290
2020-06-17,16,27,52,1.3,200
2020-06-17,17,27,54,1.4,290
2020-06-17,18,25.8,61,0.8,250
2020-06-17,19,24.7,61,0.6,200
2020-06-17,20,22,76,1,50
2020-06-17,21,20.7,78,0.9,50
2020-06-17,22,20.2,81,0.3,0
2020-06-17,23,19.8,86,0.3,0
2020-06-18,0,19.5,88,0.5,340
2020-06-18,1,19.1,89,0.8,360
2020-06-18,2,19.4,89,0.2,0
2020-06-18,3,19.5,88,0.5,270
2020-06-18,4,18.9,92,0.2,0
2020-06-18,5,18.7,93,0.1,0
2020-06-18,6,18.7,94,0.6,20
2020-06-18,7,19.1,92,0.1,0
2020-06-18,8,20,87,1.1,200
2020-06-18,9,20.3,83,1.2,200
2020-06-18,10,21.4,67,1.7,230
2020-06-18,11,22.1,64,1,360
2020-06-18,12,21.6,72,1,230
2020-06-18,13,20.9,81,0.8,230
2020-06-18,14,20.7,83,1,230
2020-06-18,15,20.3,90,1.1,230
2020-06-18,16,20.9,81,0.6,110
2020-06-18,17,21.2,75,1.1,50
2020-06-18,18,21.2,74,1.1,70
2020-06-18,19,20.6,74,1,70
2020-06-18,20,20,76,1.4,50
2020-06-18,21,18.7,86,0.9,50
2020-06-18,22,18.6,84,1.4,70
2020-06-18,23,18,85,0.2,0
2020-06-19,0,16.6,93,0.1,0
2020-06-19,1,16.4,93,0.7,90
2020-06-19,2,16.3,95,0.4,0
2020-06-19,3,16.4,94,0,0
2020-06-19,4,16.3,96,0.2,0
2020-06-19,5,16.1,96,0.1,0
2020-06-19,6,16.3,96,0,0
2020-06-19,7,17.2,92,0,0
2020-06-19,8,18.4,87,0.5,180
2020-06-19,9,19.8,80,0.5,230
2020-06-19,10,23.2,65,1,360
2020-06-19,11,24.6,57,1.7,360
2020-06-19,12,26.1,55,0.8,320
2020-06-19,13,27.1,51,1.2,340
2020-06-19,14,26.9,49,1.2,340
2020-06-19,15,29,45,1.6,320
2020-06-19,16,28.8,43,1.1,200
2020-06-19,17,29.1,45,2.4,270
2020-06-19,18,28.8,48,1.8,270
2020-06-19,19,26.1,62,1.9,200
2020-06-19,20,24.4,68,1.9,160
2020-06-19,21,23.3,69,0.9,180
2020-06-19,22,22.4,69,1.2,180
2020-06-19,23,21.7,70,1.3,160
2020-06-20,0,20.5,76,0.6,140
2020-06-20,1,18.5,89,0.7,20
2020-06-20,2,19.4,84,0.4,0
2020-06-20,3,19.8,79,0,0
2020-06-20,4,19.3,83,0.5,20
2020-06-20,5,19.4,82,0.7,20
2020-06-20,6,19.3,84,0.6,20
2020-06-20,7,20.9,74,1.2,50
2020-06-20,8,21.7,70,1.1,340
2020-06-20,9,22.2,69,0.6,20
2020-06-20,10,22.8,65,1.1,230
2020-06-20,11,24.1,62,1.1,290
2020-06-20,12,26,60,1.1,230
2020-06-20,13,27.1,56,1.3,140
2020-06-20,14,26.4,58,1.1,230
2020-06-20,15,27.6,54,1.7,290
2020-06-20,16,28.2,52,1.5,200
2020-06-20,17,28.1,51,1.2,230
2020-06-20,18,27.9,52,1.6,230
2020-06-20,19,26.6,60,1.2,200
2020-06-20,20,23.3,76,1,50
2020-06-20,21,23,77,0.4,0
2020-06-20,22,21,87,0.5,50
2020-06-20,23,20.2,90,0.3,0
2020-06-21,0,19.5,92,0.3,0
2020-06-21,1,20.2,85,0.5,110
2020-06-21,2,20,86,1,70
2020-06-21,3,18.8,93,0.5,360
2020-06-21,4,17.9,96,0.3,0
2020-06-21,5,17.6,96,0,0
2020-06-21,6,17.3,95,1.2,70
2020-06-21,7,19,87,0.3,0
2020-06-21,8,20.8,79,0.7,290
2020-06-21,9,23.1,70,0.8,320
2020-06-21,10,25.8,63,1.1,320
2020-06-21,11,27.3,59,1.5,340
2020-06-21,12,28.6,52,1.6,70
2020-06-21,13,29.7,51,1.1,290
2020-06-21,14,30.4,47,1.5,160
2020-06-21,15,30.7,49,0.9,160
2020-06-21,16,30.5,52,3.9,250
2020-06-21,17,28.3,55,2.5,230
2020-06-21,18,27.8,54,1.5,180
2020-06-21,19,26.7,54,1.1,200
2020-06-21,20,23.8,63,0.6,290
2020-06-21,21,21.2,76,0.6,50
2020-06-21,22,19.1,86,0.8,20
2020-06-21,23,18,87,0.5,360
2020-06-22,0,17,91,0.6,360
2020-06-22,1,16.2,94,0.5,360
2020-06-22,2,15.6,92,0.9,20
2020-06-22,3,15.2,93,0.8,50
2020-06-22,4,14.6,93,0.7,50
2020-06-22,5,14.1,93,0.9,50
2020-06-22,6,14.5,94,0.5,360
2020-06-22,7,16.8,83,0.1,0
2020-06-22,8,19.4,74,1,320
2020-06-22,9,22.8,61,0.5,360
2020-06-22,10,24.9,54,1.3,230
2020-06-22,11,27.5,51,0.8,160
2020-06-22,12,30.1,46,1.1,320
2020-06-22,13,31.1,44,1.3,230
2020-06-22,14,33.2,32,1.3,160
2020-06-22,15,33.4,36,2,230
2020-06-22,16,33.1,35,2.1,200
2020-06-22,17,33.2,39,1.8,270
2020-06-22,18,32.4,37,1.4,200
2020-06-22,19,30.8,39,0.8,230
2020-06-22,20,25.6,66,0.7,50
2020-06-22,21,23.2,73,0.3,0
2020-06-22,22,21.5,77,0.5,20
2020-06-22,23,20.2,81,0.5,20
2020-06-23,0,19.1,85,0.7,360
2020-06-23,1,18.5,87,0.4,0
2020-06-23,2,17.9,89,0.6,360
2020-06-23,3,17.2,91,0.5,360
2020-06-23,4,16.7,92,0.3,0
2020-06-23,5,16.4,93,0.6,360
2020-06-23,6,16.7,92,0.5,20
2020-06-23,7,17.7,88,0,0
2020-06-23,8,21.4,72,0.4,0
2020-06-23,9,23.1,66,0.8,320
2020-06-23,10,27.4,59,1,290
2020-06-23,11,28.8,59,1.8,270
2020-06-23,12,31.2,47,2,230
2020-06-23,13,32.3,40,1.1,320
2020-06-23,14,32.7,32,1.7,200
2020-06-23,15,33.4,33,1.4,230
2020-06-23,16,32.3,37,1.4,180
2020-06-23,17,32.5,40,1.9,230
2020-06-23,18,30.4,45,1.5,200
2020-06-23,19,29.3,45,1.2,200
2020-06-23,20,27,54,0.6,270
2020-06-23,21,24.6,71,0.6,360
2020-06-23,22,23.5,74,0.5,20
2020-06-23,23,23,76,0.7,340
2020-06-24,0,22.1,79,0.5,20
2020-06-24,1,21.3,82,0.3,0
2020-06-24,2,20.5,83,1,50
2020-06-24,3,20.5,82,1.6,50
2020-06-24,4,20.7,81,0.6,70
2020-06-24,5,20.2,84,0.2,0
2020-06-24,6,19.9,85,0.6,20
2020-06-24,7,21,77,0.3,0
2020-06-24,8,22.4,69,0.8,50
2020-06-24,9,23.6,69,0.7,360
2020-06-24,10,25,60,0.4,0
2020-06-24,11,24.4,65,0.9,250
2020-06-24,12,23.6,78,0.9,320
2020-06-24,13,24.2,74,0.5,320
2020-06-24,14,25.2,64,1.2,230
2020-06-24,15,25.1,63,1,180
2020-06-24,16,24.1,74,1,200
2020-06-24,17,22.9,83,0.8,180
2020-06-24,18,22,91,0.4,0
2020-06-24,19,21.2,93,1,70
2020-06-24,20,20.8,92,0.4,0
2020-06-24,21,20.3,91,0.4,0
2020-06-24,22,19.8,95,1.2,50
2020-06-24,23,19.9,95,0.6,360
2020-06-25,0,19.9,96,0.9,20
2020-06-25,1,19.8,96,0.6,50
2020-06-25,2,19.8,96,1,50
2020-06-25,3,19.8,95,0.6,20
2020-06-25,4,19.8,96,0.4,0
2020-06-25,5,19.8,96,0.7,360
2020-06-25,6,19.9,95,0.5,50
2020-06-25,7,20.3,95,0.7,360
2020-06-25,8,21.1,92,1.2,20
2020-06-25,9,21.1,92,0.2,0
2020-06-25,10,21.7,93,0.6,20
2020-06-25,11,22.5,88,0.9,340
2020-06-25,12,23.4,86,0.4,0
2020-06-25,13,23.9,86,1,320
2020-06-25,14,24.3,85,0.4,0
2020-06-25,15,24.5,84,0.5,340
2020-06-25,16,24.8,86,0.9,340
2020-06-25,17,24.6,87,0.7,320
2020-06-25,18,24.2,90,1.5,20
2020-06-25,19,23.3,95,0.6,340
2020-06-25,20,23.1,96,0.6,20
2020-06-25,21,22.9,97,0.2,0
2020-06-25,22,22.7,91,0.8,250
2020-06-25,23,22.2,88,1.1,270
2020-06-26,0,21.7,92,0.1,0
2020-06-26,1,21.4,94,0.3,0
2020-06-26,2,21.1,94,0.1,0
2020-06-26,3,20.5,94,0.4,0
2020-06-26,4,19.7,96,0.6,340
2020-06-26,5,20.2,93,0.2,0
2020-06-26,6,20.1,96,0,0
2020-06-26,7,20.5,94,0.1,0
2020-06-26,8,21.5,81,1.1,230
2020-06-26,9,22.6,76,2.1,250
2020-06-26,10,24.3,68,2.8,270
2020-06-26,11,24.2,66,3.2,250
2020-06-26,12,25.3,63,2.2,320
2020-06-26,13,27.6,57,3.1,290
2020-06-26,14,28.1,54,2.8,290
2020-06-26,15,27.2,55,2.7,250
2020-06-26,16,27.8,54,2,270
2020-06-26,17,28,52,2.8,250
2020-06-26,18,27.7,53,2.2,270
2020-06-26,19,26.2,61,1.4,270
2020-06-26,20,23.8,73,1.2,270
2020-06-26,21,21.6,84,0.6,50
2020-06-26,22,20.6,87,0.8,70
2020-06-26,23,20.2,92,0,0
2020-06-27,0,19.7,92,0.6,50
2020-06-27,1,19.3,95,0.1,0
2020-06-27,2,18.5,96,0.3,0
2020-06-27,3,18.2,97,0.2,0
2020-06-27,4,18,97,0.5,360
2020-06-27,5,17.8,97,0,0
2020-06-27,6,17.8,98,0.3,0
2020-06-27,7,18.8,96,0.1,0
2020-06-27,8,19.9,91,0,0
2020-06-27,9,21.2,87,0.6,340
2020-06-27,10,22.8,79,0.5,290
2020-06-27,11,23.9,74,0.4,0
2020-06-27,12,25.4,68,0.6,50
2020-06-27,13,26.5,59,0.8,20
2020-06-27,14,27.6,56,1.4,250
2020-06-27,15,28.5,53,1.2,270
2020-06-27,16,29.2,46,2.4,250
2020-06-27,17,29.6,50,2,320
2020-06-27,18,28.4,55,0.9,320
2020-06-27,19,26.8,70,0.6,360
2020-06-27,20,24.4,78,1.6,50
2020-06-27,21,23,82,1.4,50
2020-06-27,22,21.5,88,0.9,50
2020-06-27,23,20.4,93,0.5,360
2020-06-28,0,19.6,95,0.4,0
2020-06-28,1,19.2,96,0.2,0
2020-06-28,2,18.5,98,0.3,0
2020-06-28,3,18.1,98,0.4,0
2020-06-28,4,18,97,0.3,0
2020-06-28,5,17.8,99,0.1,0
2020-06-28,6,17.9,100,0,0
2020-06-28,7,18.6,100,0.7,340
2020-06-28,8,21.2,90,1.1,320
2020-06-28,9,24.3,75,0.7,230
2020-06-28,10,25.6,69,1.4,230
2020-06-28,11,26.9,62,1.1,200
2020-06-28,12,28.4,55,1.2,200
2020-06-28,13,29.2,51,1.7,290
2020-06-28,14,30.5,48,2.2,270
2020-06-28,15,30.8,47,2.4,270
2020-06-28,16,30.6,46,3.5,250
2020-06-28,17,30.5,47,2.4,290
2020-06-28,18,29.8,49,2.1,250
2020-06-28,19,28.9,55,1.6,250
2020-06-28,20,26.1,65,1.2,140
2020-06-28,21,24.6,69,0.8,200
2020-06-28,22,23.8,70,1,160
2020-06-28,23,20.8,86,0.8,20
2020-06-29,0,,,,
2020-06-29,2,18.5,94,0.4,0
2020-06-29,3,18,95,0.1,0
2020-06-29,4,17.6,96,0.2,0
2020-06-29,5,17.1,97,0.6,20
2020-06-29,6,17.6,96,1,20
2020-06-29,7,19.4,88,0.1,0
2020-06-29,8,21.4,81,0.6,360
2020-06-29,9,22.9,77,1.2,320
2020-06-29,10,24.1,73,0.7,360
2020-06-29,11,24.5,73,0.7,270
2020-06-29,12,24.9,72,0.9,230
2020-06-29,13,25.8,69,2.1,180
2020-06-29,14,26.5,63,2.2,110
2020-06-29,15,26.4,64,1.4,160
2020-06-29,16,26.6,62,1.4,160
2020-06-29,17,24.7,75,1.3,200
2020-06-29,18,22.4,93,0.6,180
2020-06-29,19,21.2,94,0.7,180
2020-06-29,20,20.5,95,1.7,70
2020-06-29,21,20.5,90,0.8,160
2020-06-29,22,19.6,97,0.7,20
2020-06-29,23,19.6,97,1.1,90
2020-06-30,0,20.2,96,0.4,0
2020-06-30,1,20.2,96,1.3,70
2020-06-30,2,20.3,97,0.9,360
2020-06-30,3,20.5,98,0.3,0
2020-06-30,4,21.3,92,1,90
2020-06-30,5,21.4,94,1,360
2020-06-30,6,21.1,99,0.7,230
2020-06-30,7,21.3,98,0,0
2020-06-30,8,21.5,97,0.4,0
2020-06-30,9,21.8,94,0.7,200
2020-06-30,10,22,94,1.1,250
2020-06-30,11,22.7,89,1.3,250
2020-06-30,12,23.7,88,1,290
2020-06-30,13,23.6,85,2.1,270
2020-06-30,14,23.8,73,4.2,270
2020-06-30,15,24.5,72,2.7,270
2020-06-30,16,24.2,69,3.1,290
2020-06-30,17,23.1,72,1.2,270
2020-06-30,18,21,86,2.8,290
2020-06-30,19,19.9,95,2.8,250
2020-06-30,20,19.6,96,0.8,200
2020-06-30,21,19.6,96,1,200
2020-06-30,22,19.6,97,0.7,200
2020-06-30,23,19.5,96,1.1,180
2020-07-01,0,19.4,98,0.8,230
2020-07-01,1,18.7,95,0.3,0
2020-07-01,2,18.6,97,0,0
2020-07-01,3,18.3,94,0.6,320
2020-07-01,4,17.7,97,0.5,160
2020-07-01,5,17.7,96,0.5,200
2020-07-01,6,17.8,96,0.6,180
2020-07-01,7,18.1,93,0.5,180
2020-07-01,8,18.9,87,0.8,180
2020-07-01,9,20,82,1.1,180
2020-07-01,10,20.7,78,1.7,250
2020-07-01,11,22.2,72,2.7,250
2020-07-01,12,23.6,66,2.3,270
2020-07-01,13,23.3,64,2.1,320
2020-07-01,14,23.4,68,1.1,340
2020-07-01,15,23.6,65,1.1,340
2020-07-01,16,23.6,68,1.4,20
2020-07-01,17,22.7,73,1.1,360
2020-07-01,18,22.7,75,0.7,70
2020-07-01,19,22.2,74,0.1,0
2020-07-01,20,21,87,0.8,70
2020-07-01,21,19.6,93,0.6,20
2020-07-01,22,18.6,96,1.1,50
2020-07-01,23,17.7,97,0.8,20
2020-07-02,0,17.1,98,0.1,0
2020-07-02,1,16.6,98,0.5,50
2020-07-02,2,16,99,0.3,0
2020-07-02,3,15.7,99,0.4,0
2020-07-02,4,15.5,99,0.4,0
2020-07-02,5,15.3,100,0.1,0
2020-07-02,6,15.6,100,0.5,360
2020-07-02,7,15.9,100,0,0
2020-07-02,8,17.7,95,0.2,0
2020-07-02,9,21.1,83,0.5,70
2020-07-02,10,22.7,75,0.9,250
2020-07-02,11,24.9,67,1.2,230
2020-07-02,12,26.6,61,1.3,20
2020-07-02,13,28.3,56,2.4,250
2020-07-02,14,28.3,56,1,200
2020-07-02,15,27.5,53,0.8,180
2020-07-02,16,27.4,51,1.7,160
2020-07-02,17,26.8,56,1.2,200
2020-07-02,18,26.1,59,1.4,160
2020-07-02,19,24.7,67,0.8,230
2020-07-02,20,23.1,78,0.6,110
2020-07-02,21,20.7,86,0.4,0
2020-07-02,22,19.7,89,0.8,20
2020-07-02,23,19.2,92,0.8,20
2020-07-03,0,18.8,93,0.4,0
2020-07-03,1,18.4,92,0.6,20
2020-07-03,2,18,95,0.6,20
2020-07-03,3,17.6,96,0.4,0
2020-07-03,4,17.1,96,0.5,360
2020-07-03,5,16.6,96,0.6,50
2020-07-03,6,16.7,97,0.1,0
2020-07-03,7,18,89,0.5,20
2020-07-03,8,19.2,85,0.2,0
2020-07-03,9,20.7,76,0.5,360
2020-07-03,10,22,72,0.9,270
2020-07-03,11,22.5,67,0.8,290
2020-07-03,12,22.9,67,1.3,90
2020-07-03,13,22.6,68,1.8,70
2020-07-03,14,23.3,67,0.6,90
2020-07-03,15,23.5,63,1.7,90
2020-07-03,16,23,64,2.1,70
2020-07-03,17,22,69,1.9,70
2020-07-03,18,21.3,70,1.3,70
2020-07-03,19,20.6,76,1.1,50
2020-07-03,20,19.6,84,0.7,90
2020-07-03,21,19.1,89,1.2,70
2020-07-03,22,18.4,92,0.4,0
2020-07-03,23,18.1,97,0.1,0
2020-07-04,0,17.8,98,0.3,0
2020-07-04,1,17.7,98,0.5,340
2020-07-04,2,17.7,98,0.3,0
2020-07-04,3,17.8,97,0.1,0
2020-07-04,4,17.7,98,0,0
2020-07-04,5,17.8,98,0.3,0
2020-07-04,6,17.9,98,0.2,0
2020-07-04,7,18.4,95,0.4,0
2020-07-04,8,19.2,91,0.7,320
2020-07-04,9,20.2,85,0.2,0
2020-07-04,10,21,83,0.5,90
2020-07-04,11,21.8,78,0.7,180
2020-07-04,12,23.1,72,1.1,200
2020-07-04,13,24,65,0.9,290
2020-07-04,14,25.2,61,1.5,250
2020-07-04,15,25.7,57,1.2,180
2020-07-04,16,25.4,59,1.4,230
2020-07-04,17,24.8,64,1.6,180
2020-07-04,18,24.6,67,1.1,180
2020-07-04,19,23.2,73,1.3,200
2020-07-04,20,21.9,80,1.1,180
2020-07-04,21,20.2,90,0.5,90
2020-07-04,22,19,94,0.9,50
2020-07-04,23,18.6,96,0.3,0
2020-07-05,0,18.1,97,0.5,50
2020-07-05,1,17.5,98,0.2,0
2020-07-05,2,16.9,98,0.2,0
2020-07-05,3,16.5,98,0.2,0
2020-07-05,4,16,99,0.4,0
2020-07-05,5,16,99,0.3,0
2020-07-05,6,16.4,98,0.1,0
2020-07-05,7,17.6,97,0.4,0
2020-07-05,8,18.7,92,0.4,0
2020-07-05,9,21.1,82,0.4,0
2020-07-05,10,23.6,74,0.6,340
2020-07-05,11,25.2,65,1,50
2020-07-05,12,26.4,62,1.1,360
2020-07-05,13,27.1,57,1.2,230
2020-07-05,14,27,60,2.3,230
2020-07-05,15,27.1,59,1.1,230
2020-07-05,16,27.2,57,1.9,230
2020-07-05,17,26.8,61,2.4,250
2020-07-05,18,26.3,65,1.1,250
2020-07-05,19,25.1,75,0.9,340
2020-07-05,20,22.8,85,0.7,20
2020-07-05,21,21.1,92,1.3,50
2020-07-05,22,20.5,95,0.1,0
2020-07-05,23,19.6,97,0.4,0
2020-07-06,0,19.1,97,0.4,0
2020-07-06,1,18.6,98,0.4,0
2020-07-06,2,18.2,98,0.7,360
2020-07-06,3,18.1,98,0,0
2020-07-06,4,17.5,98,0.7,360
2020-07-06,5,17.3,99,0.2,0
2020-07-06,6,17.8,98,0.2,0
2020-07-06,7,18.4,98,0.7,340
2020-07-06,8,19.8,95,0.5,20
2020-07-06,9,20.3,93,0.1,0
2020-07-06,10,21.8,86,0.5,20
2020-07-06,11,24.7,77,0.9,360
2020-07-06,12,26.9,66,1,360
2020-07-06,13,28.6,61,1.2,250
2020-07-06,14,28.7,59,1.5,250
2020-07-06,15,28.3,61,1.3,290
2020-07-06,16,27.7,66,1.3,230
2020-07-06,17,27.5,68,1.1,230
2020-07-06,18,26.5,73,1.1,200
2020-07-06,19,24.8,84,1.6,20
2020-07-06,20,23.3,96,1,360
2020-07-06,21,22.4,98,1,320
2020-07-06,22,22.2,98,1,360
2020-07-06,23,21.9,97,1.1,50
2020-07-07,0,21.8,97,0.3,0
2020-07-07,1,21,99,0.1,0
2020-07-07,2,20.8,100,0.1,0
2020-07-07,3,21.2,99,0.5,360
2020-07-07,4,21.3,99,0.1,0
2020-07-07,5,21.3,99,0.1,0
2020-07-07,6,21.2,99,0.2,0
2020-07-07,7,22,97,0,0
2020-07-07,8,23,93,0.3,0
2020-07-07,9,25,83,1.6,230
2020-07-07,10,27,70,2.2,270
2020-07-07,11,26.7,70,1.7,270
2020-07-07,12,27.3,69,0.9,270
2020-07-07,13,28,65,2,270
2020-07-07,14,29.5,61,2.1,270
2020-07-07,15,29.8,56,2.5,250
2020-07-07,16,29.7,61,2.6,320
2020-07-07,17,29.6,58,2.6,290
2020-07-07,18,28.5,61,2.3,340
2020-07-07,19,27,66,1.6,340
2020-07-07,20,24,83,1,360
2020-07-07,21,22.4,91,0.5,20
2020-07-07,22,21.5,94,0.6,360
2020-07-07,23,20.7,95,0.6,50
2020-07-08,0,20.1,97,0.2,0
2020-07-08,1,19.4,98,0.4,0
2020-07-08,2,19.2,98,0.3,0
2020-07-08,3,18.7,98,0.6,340
2020-07-08,4,18.6,98,0.4,0
2020-07-08,5,18.8,100,0.1,0
2020-07-08,6,18.6,100,0.2,0
2020-07-08,7,18.8,100,0.2,0
2020-07-08,8,20.1,100,0.4,0
2020-07-08,9,23.6,78,0.4,0
2020-07-08,10,26,69,0.8,230
2020-07-08,11,27.4,61,1.5,290
2020-07-08,12,28.9,58,1.3,250
2020-07-08,13,29,53,1.3,320
2020-07-08,14,30.7,47,1.6,290
2020-07-08,15,30.5,49,1.9,250
2020-07-08,16,30.2,51,1.6,270
2020-07-08,17,30.3,53,1.6,290
2020-07-08,18,28.4,62,1.4,180
2020-07-08,19,26.9,68,1,200
2020-07-08,20,25.9,70,1.2,160
2020-07-08,21,23.6,83,1.1,70
2020-07-08,22,22.8,86,1,50
2020-07-08,23,22,90,0.9,360
2020-07-09,0,21.9,90,0.4,0
2020-07-09,1,21.5,90,1,50
2020-07-09,2,21.3,93,0.3,0
2020-07-09,3,20.8,94,0.2,0
2020-07-09,4,20.1,95,0.6,50
2020-07-09,5,19.4,97,0.1,0
2020-07-09,6,19.3,96,1,70
2020-07-09,7,20.5,91,0.5,20
2020-07-09,8,22.5,85,1.1,290
2020-07-09,9,24.8,77,0.9,340
2020-07-09,10,26.4,69,0.8,320
2020-07-09,11,28.2,63,2,90
2020-07-09,12,28.8,59,1.8,180
2020-07-09,13,29.9,57,1.9,200
2020-07-09,14,30.3,53,1.3,140
2020-07-09,15,30.9,53,3.1,230
2020-07-09,16,30.2,55,2.1,160
2020-07-09,17,29.5,56,2,160
2020-07-09,18,28.8,59,1.3,140
2020-07-09,19,27.5,62,1.6,140
2020-07-09,20,26.1,67,1,160
2020-07-09,21,25.5,70,1.2,90
2020-07-09,22,24.6,74,1.2,70
2020-07-09,23,24.3,76,0.6,50
2020-07-10,0,24.3,74,1.4,70
2020-07-10,1,23.8,76,1.8,90
2020-07-10,2,23.4,79,0.8,70
2020-07-10,3,23,81,0.9,20
2020-07-10,4,23,82,0.1,0
2020-07-10,5,22.1,90,0.5,70
2020-07-10,6,21.4,96,0.8,230
2020-07-10,7,21.1,99,0.9,70
2020-07-10,8,21.4,98,0.4,0
2020-07-10,9,21.5,99,0.8,230
2020-07-10,10,22.1,97,0.8,20
2020-07-10,11,22.9,93,1.5,90
2020-07-10,12,24.2,86,0.7,320
2020-07-10,13,23.8,92,1.9,70
2020-07-10,14,25.2,84,1.4,50
2020-07-10,15,26.6,75,1.6,90
2020-07-10,16,26.5,74,0.6,270
2020-07-10,17,26,81,2.5,270
2020-07-10,18,26.6,79,1.7,230
2020-07-10,19,26.5,80,0.8,200
2020-07-10,20,24.8,89,0.3,0
2020-07-10,21,23.6,97,0.6,360
2020-07-10,22,23.2,97,0.2,0
2020-07-10,23,22.9,98,0.2,0
2020-07-11,0,22.2,98,0.2,0
2020-07-11,1,22.2,98,0.4,0
2020-07-11,2,22.1,99,0,0
2020-07-11,3,22.1,98,0.3,0
2020-07-11,4,22.3,98,0.4,0
2020-07-11,5,22.1,99,0.2,0
2020-07-11,6,22.2,99,0,0
2020-07-11,7,22.7,97,0,0
2020-07-11,8,24,91,0.4,0
2020-07-11,9,26.6,76,0.6,180
2020-07-11,10,27.4,69,1.7,270
2020-07-11,11,29.3,58,2.1,270
2020-07-11,12,29.5,59,1.5,270
2020-07-11,13,29.5,58,1.5,250
2020-07-11,14,29.3,58,0.3,0
2020-07-11,15,28.3,65,2,50
2020-07-11,16,27.7,66,2.7,70
2020-07-11,17,28.1,63,2.3,50
2020-07-11,18,27.4,68,1.6,70
2020-07-11,19,26.3,73,0.9,180
2020-07-11,20,24.7,83,1.1,70
2020-07-11,21,23.6,90,0.1,0
2020-07-11,22,22.9,85,1.7,250
2020-07-11,23,22,85,1.7,250
2020-07-12,0,21.2,88,1,250
2020-07-12,1,20.4,91,1.1,230
2020-07-12,2,20.1,93,0.4,0
2020-07-12,3,20.3,94,0.4,0
2020-07-12,4,20.3,93,0.9,50
2020-07-12,5,20.2,95,0.6,50
2020-07-12,6,20.6,92,0.2,0
2020-07-12,7,21.4,86,0.7,50
2020-07-12,8,22,78,0.6,110
2020-07-12,9,22.5,76,1.2,200
2020-07-12,10,22.8,78,1.5,250
2020-07-12,11,23,77,1,200
2020-07-12,12,22.3,78,1.1,200
2020-07-12,13,22.2,78,1.6,140
2020-07-12,14,22.7,78,0.9,110
2020-07-12,15,22.2,81,1.8,70
2020-07-12,16,21.1,89,1.3,90
2020-07-12,17,20.7,90,0.9,70
2020-07-12,18,20.1,92,0.7,70
2020-07-12,19,19.6,94,1,70
2020-07-12,20,19.1,94,0.6,70
2020-07-12,21,18.7,96,0.3,0
2020-07-12,22,18.3,97,0.3,0
2020-07-12,23,18.2,98,0.4,0
2020-07-13,0,18.1,98,0.2,0
2020-07-13,1,18,98,0.6,360
2020-07-13,2,17.7,99,1.2,20
2020-07-13,3,17.6,99,0.8,360
2020-07-13,4,17.7,98,0.8,50
2020-07-13,5,17.7,98,0.5,270
2020-07-13,6,17.6,98,0.6,320
2020-07-13,7,17.6,99,0.7,290
2020-07-13,8,17.7,99,0.2,0
2020-07-13,9,17.7,100,0.4,0
2020-07-13,10,18.3,97,1.4,50
2020-07-13,11,18.5,96,1.9,20
2020-07-13,12,19.4,93,0.6,70
2020-07-13,13,20.2,91,2.2,50
2020-07-13,14,20.7,87,1.4,50
2020-07-13,15,20.6,87,1.8,50
2020-07-13,16,20.8,84,2.1,50
2020-07-13,17,20.5,83,2.3,50
2020-07-13,18,20.4,82,1.8,50
2020-07-13,19,20.2,83,1.4,20
2020-07-13,20,19.9,86,0.6,20
2020-07-13,21,19.4,93,0.3,0
2020-07-13,22,19,96,0,0
2020-07-13,23,18.8,97,0,0
2020-07-14,0,18.7,98,0,0
2020-07-14,1,18.6,98,0.5,340
2020-07-14,2,18.5,98,0,0
2020-07-14,3,18.5,99,0.2,0
2020-07-14,4,18.6,99,0.5,360
2020-07-14,5,18.5,97,0.3,0
2020-07-14,6,18.3,97,0.8,360
2020-07-14,7,18.5,97,1,360
2020-07-14,8,19.4,89,0.4,0
2020-07-14,9,20.1,85,0.2,0
2020-07-14,10,20.8,78,1,50
2020-07-14,11,21,79,1.5,90
2020-07-14,12,20.7,82,1.2,90
2020-07-14,13,20.6,84,0.5,360
2020-07-14,14,20.8,83,1,70
2020-07-14,15,20.2,92,1,360
2020-07-14,16,20.5,91,0.5,50
2020-07-14,17,20.8,92,0,0
2020-07-14,18,21.2,89,0.3,0
2020-07-14,19,20.6,92,0.5,200
2020-07-14,20,20.2,95,0.3,0
2020-07-14,21,19.8,97,0.1,0
2020-07-14,22,19.7,98,0.2,0
2020-07-14,23,19.4,97,0.5,70
2020-07-15,0,19.1,96,0.2,0
2020-07-15,1,18.6,96,0.7,70
2020-07-15,2,18.4,96,0.7,70
2020-07-15,3,18.3,98,0.5,70
2020-07-15,4,18.2,98,0,0
2020-07-15,5,18.1,99,0.4,0
2020-07-15,6,18.1,98,0.3,0
2020-07-15,7,18.5,96,0,0
2020-07-15,8,19.2,89,0.3,0
2020-07-15,9,19.5,91,0.8,70
2020-07-15,10,19.3,89,1.1,140
2020-07-15,11,20,91,0.4,0
2020-07-15,12,20.9,83,2,90
2020-07-15,13,21.6,84,1.5,230
2020-07-15,14,22.6,75,1.8,230
2020-07-15,15,23.1,73,1.7,230
2020-07-15,16,21.9,77,0.7,200
2020-07-15,17,21.4,85,0.4,0
2020-07-15,18,20.5,92,0.4,0
2020-07-15,19,20.1,90,1.1,200
2020-07-15,20,19.4,92,0.5,230
2020-07-15,21,18.4,96,0.3,0
2020-07-15,22,17.3,98,0.2,0
2020-07-15,23,16.5,99,0.5,20
2020-07-16,0,16.7,99,0.1,0
2020-07-16,1,17.1,98,0,0
2020-07-16,2,17,98,0.5,290
2020-07-16,3,16.9,99,0.2,0
2020-07-16,4,16.9,99,0.1,0
2020-07-16,5,16.4,100,0.6,20
2020-07-16,6,16.9,99,0.2,0
2020-07-16,7,17.4,96,0.1,0
2020-07-16,8,18.6,89,0.2,0
2020-07-16,9,20,82,0.9,110
2020-07-16,10,22,76,1,250
2020-07-16,11,24.1,65,1.2,50
2020-07-16,12,25.7,60,1.5,200
2020-07-16,13,26.9,57,1.4,50
2020-07-16,14,27.9,52,1.6,230
2020-07-16,15,27.3,54,1.6,270
2020-07-16,16,28.6,51,1.8,270
2020-07-16,17,28.4,54,2,230
2020-07-16,18,28.2,55,0.9,290
2020-07-16,19,26.9,63,1.5,230
2020-07-16,20,24.4,66,1.1,200
2020-07-16,21,22.7,71,1,140
2020-07-16,22,21.8,66,1.4,140
2020-07-16,23,19.1,91,0.9,20
2020-07-17,0,18.2,93,0.9,50
2020-07-17,1,17.3,95,0.8,50
2020-07-17,2,16.9,96,0.8,50
2020-07-17,3,16.3,97,0.5,50
2020-07-17,4,16.4,97,0.8,50
2020-07-17,5,16.8,96,0.3,0
2020-07-17,6,17.5,95,0.2,0
2020-07-17,7,18.6,87,0.7,20
2020-07-17,8,20.6,76,0.8,20
2020-07-17,9,22.2,71,0.7,290
2020-07-17,10,23.6,61,0.6,360
2020-07-17,11,26,58,1.4,340
2020-07-17,12,27.2,55,1,320
2020-07-17,13,28.3,49,1.3,250
2020-07-17,14,29.7,40,1.1,70
2020-07-17,15,30.2,42,1.3,230
2020-07-17,16,30.2,43,1.2,250
2020-07-17,17,29.4,47,1.5,230
2020-07-17,18,29.8,48,0.7,320
2020-07-17,19,27.1,52,0.8,160
2020-07-17,20,24.7,53,1.3,180
2020-07-17,21,21.6,67,1,90
2020-07-17,22,18.8,84,1.1,50
2020-07-17,23,17.5,89,0.6,20
2020-07-18,0,16.9,94,0.6,20
2020-07-18,1,16.3,95,0.3,0
2020-07-18,2,15.6,97,0.6,360
2020-07-18,3,15.2,97,0.7,20
2020-07-18,4,14.7,98,0.6,360
2020-07-18,5,14.6,97,0.8,20
2020-07-18,6,14.4,98,0.4,0
2020-07-18,7,17.1,91,0.9,70
2020-07-18,8,19,81,0.5,340
2020-07-18,9,21.5,70,0.7,230
2020-07-18,10,23.4,60,1.1,290
2020-07-18,11,24.6,64,1,270
2020-07-18,12,25.3,60,1.6,270
2020-07-18,13,25.7,61,1.6,250
2020-07-18,14,25.9,62,0.9,250
2020-07-18,15,26,64,1.7,250
2020-07-18,16,26.7,60,1.5,200
2020-07-18,17,27,58,1.9,230
2020-07-18,18,26.6,58,1.9,230
2020-07-18,19,25.6,63,1.3,230
2020-07-18,20,22.4,79,0.3,0
2020-07-18,21,20.6,89,1,50
2020-07-18,22,19.6,94,0.3,0
2020-07-18,23,18.9,96,0.4,0
2020-07-19,0,18.4,96,0.6,340
2020-07-19,1,18,97,0.3,0
2020-07-19,2,18.4,96,0.5,360
2020-07-19,3,18.3,97,0.6,360
2020-07-19,4,18.3,96,0.1,0
2020-07-19,5,18.6,94,0.3,0
2020-07-19,6,19,94,0.8,20
2020-07-19,7,19.4,94,0.8,360
2020-07-19,8,20,93,1.5,50
2020-07-19,9,21.3,88,1,340
2020-07-19,10,22.7,81,1.3,320
2020-07-19,11,24.2,77,1.2,340
2020-07-19,12,23.9,79,1.6,20
2020-07-19,13,24.7,78,1.2,360
2020-07-19,14,24.8,77,0.6,20
2020-07-19,15,25,79,1.2,340
2020-07-19,16,25.4,81,1,360
2020-07-19,17,25.7,82,1,20
2020-07-19,18,25.9,82,0.8,20
2020-07-19,19,25.3,85,0.7,360
2020-07-19,20,24.6,88,0.3,0
2020-07-19,21,24.1,92,0.5,360
2020-07-19,22,23.9,92,0.4,0
2020-07-19,23,23.9,93,0.2,0
2020-07-20,0,23.6,96,0.1,0
2020-07-20,1,23.5,95,0.2,0
2020-07-20,2,24.4,92,0.7,360
2020-07-20,3,24.7,91,0.1,0
2020-07-20,4,27.5,76,1.1,180
2020-07-20,5,27.1,77,1.4,200
2020-07-20,6,27.5,76,1.6,230
2020-07-20,7,27.8,76,1.6,200
2020-07-20,8,27.8,76,2.2,200
2020-07-20,9,28,78,1.6,200
2020-07-20,10,25.4,96,0.4,0
2020-07-20,11,27,89,0.6,160
2020-07-20,12,29.1,80,2.3,250
2020-07-20,13,30,75,2.3,230
2020-07-20,14,27.8,90,1.6,230
2020-07-20,15,30.7,68,2.8,270
2020-07-20,16,31,65,3.1,290
2020-07-20,17,29.6,66,4.4,290
2020-07-20,18,27.3,72,4.2,290
2020-07-20,19,26.1,76,2.6,290
2020-07-20,20,25.4,79,1.6,320
2020-07-20,21,24.6,80,0.9,250
2020-07-20,22,23.2,90,0.4,0
2020-07-20,23,22.9,92,0.5,110
2020-07-21,0,23.1,85,0.6,200
2020-07-21,1,22.8,89,0.5,140
2020-07-21,2,22.9,87,1,140
2020-07-21,3,21.9,95,0.5,50
2020-07-21,4,21.8,96,0.4,0
2020-07-21,5,21.8,95,0.4,0
2020-07-21,6,22,94,0.2,0
2020-07-21,7,23,85,0.6,180
2020-07-21,8,24.8,76,0.6,290
2020-07-21,9,26.5,69,1.5,290
2020-07-21,10,27,63,1.2,250
2020-07-21,11,28.3,62,2.3,230
2020-07-21,12,29.2,60,1.7,230
2020-07-21,13,29.7,57,1.2,270
2020-07-21,14,30.4,56,1.7,320
2020-07-21,15,30.8,55,2.1,250
2020-07-21,16,30.7,58,2,270
2020-07-21,17,31,58,1.3,320
2020-07-21,18,30.7,58,1.2,320
2020-07-21,19,29.2,67,1.2,320
2020-07-21,20,28.2,67,0.9,180
2020-07-21,21,25.7,85,0.5,50
2020-07-21,22,24.5,87,0.2,0
2020-07-21,23,23.8,90,0.4,0
2020-07-22,0,24,85,0.1,0
2020-07-22,1,23.7,88,0.3,0
2020-07-22,2,23.6,89,0.1,0
2020-07-22,3,23.5,88,0.6,250
2020-07-22,4,22.1,95,1,180
2020-07-22,5,21.9,98,0.5,340
2020-07-22,6,21.9,98,0.4,0
2020-07-22,7,21.8,98,0.6,180
2020-07-22,8,22,96,0.4,0
2020-07-22,9,22.2,98,0.5,50
2020-07-22,10,22.7,95,0.6,20
2020-07-22,11,23,95,0.7,290
2020-07-22,12,23,92,1.1,250
2020-07-22,13,23.1,94,0.4,0
2020-07-22,14,23.6,89,0.6,270
2020-07-22,15,23.7,93,0.2,0
2020-07-22,16,24.3,90,0.6,50
2020-07-22,17,23.9,92,0.6,320
2020-07-22,18,23.4,96,0.3,0
2020-07-22,19,23.2,98,0.3,0
2020-07-22,20,22,98,1,160
2020-07-22,21,22,99,0.3,0
2020-07-22,22,21.9,99,0,0
2020-07-22,23,21.8,99,0.6,50
2020-07-23,0,21.8,99,0.2,0
2020-07-23,1,21.6,99,0.2,0
2020-07-23,2,21.6,99,0.6,340
2020-07-23,3,21.6,98,0.1,0
2020-07-23,4,21.4,99,0.3,0
2020-07-23,5,21.3,99,0.1,0
2020-07-23,6,21.3,99,0.1,0
2020-07-23,7,21.5,98,0.1,0
2020-07-23,8,21.4,98,0.5,20
2020-07-23,9,21.4,97,1.1,70
2020-07-23,10,21.5,91,1,70
2020-07-23,11,21.6,91,1.2,70
2020-07-23,12,21.8,95,0.8,70
2020-07-23,13,21.9,95,0.6,360
2020-07-23,14,22.3,91,1.3,50
2020-07-23,15,21.9,92,1.4,90
2020-07-23,16,21.3,96,1.4,70
2020-07-23,17,21.1,97,0.5,250
2020-07-23,18,20.8,98,1,70
2020-07-23,19,21.3,97,0,0
2020-07-23,20,21.1,96,0.4,0
2020-07-23,21,20.8,97,0.6,360
2020-07-23,22,21.1,93,2.6,70
2020-07-23,23,20.6,94,2.3,70
2020-07-24,0,20.6,93,1.3,320
2020-07-24,1,20.8,91,1.6,50
2020-07-24,2,21.1,87,1.7,70
2020-07-24,3,20.9,86,0.9,70
2020-07-24,4,20.9,86,1.3,70
2020-07-24,5,20.9,87,1.1,50
2020-07-24,6,19.8,99,0.2,0
2020-07-24,7,20.1,98,0.2,0
2020-07-24,8,20.7,98,0,0
2020-07-24,9,21.6,96,0.4,0
2020-07-24,10,23.4,84,0.3,0
2020-07-24,11,23,84,1.6,110
2020-07-24,12,23.6,82,0.8,160
2020-07-24,13,23.7,77,2.1,140
2020-07-24,14,23.6,78,1.3,140
2020-07-24,15,22.4,91,0.4,0
2020-07-24,16,21.6,94,0.6,110
2020-07-24,17,21.2,97,1,20
2020-07-24,18,21.1,97,0.7,50
2020-07-24,19,21.2,97,0.4,0
2020-07-24,20,20.9,99,0.4,0
2020-07-24,21,20.8,99,0.4,0
2020-07-24,22,20.8,99,0,0
2020-07-24,23,20.5,99,0.3,0
2020-07-25,0,20.6,98,0.4,0
2020-07-25,1,20.5,98,0.1,0
2020-07-25,2,20.3,99,0.6,20
2020-07-25,3,20.3,98,0.3,0
2020-07-25,4,20.2,99,0.6,360
2020-07-25,5,20.2,99,0.6,20
2020-07-25,6,20.3,98,0.2,0
2020-07-25,7,20.7,98,0.1,0
2020-07-25,8,21.1,95,0.3,0
2020-07-25,9,21.8,91,1,360
2020-07-25,10,21.6,96,1.4,20
2020-07-25,11,22.6,91,1,360
2020-07-25,12,23.2,88,1.5,340
2020-07-25,13,21.8,95,0.4,0
2020-07-25,14,21.5,98,0.1,0
2020-07-25,15,22,97,0,0
2020-07-25,16,22.4,94,0.6,50
2020-07-25,17,23.6,91,0.4,0
2020-07-25,18,23.9,90,0.5,20
2020-07-25,19,23.5,88,0.9,50
2020-07-25,20,22.3,95,0,0
2020-07-25,21,21.7,97,0.1,0
2020-07-25,22,21.7,98,0,0
2020-07-25,23,21.4,99,0.2,0
2020-07-26,0,21.3,100,0,0
2020-07-26,1,21.2,100,0,0
2020-07-26,2,21.1,99,0.1,0
2020-07-26,3,21,99,0,0
2020-07-26,4,21,100,0,0
2020-07-26,5,21,100,0,0
2020-07-26,6,21,99,0,0
2020-07-26,7,21.1,99,0,0
2020-07-26,8,21.3,99,0,0
2020-07-26,9,22,98,0,0
2020-07-26,10,23.4,92,0.4,0
2020-07-26,11,23.6,88,0.4,0
2020-07-26,12,24.4,83,0.9,200
2020-07-26,13,27,73,1,360
2020-07-26,14,27.8,69,1.1,50
2020-07-26,15,29,65,0.8,20
2020-07-26,16,27.2,75,0.4,0
2020-07-26,17,26,82,1.6,360
2020-07-26,18,25.5,86,1.2,340
2020-07-26,19,24.8,86,0.3,0
2020-07-26,20,23.8,89,1.1,20
2020-07-26,21,23,91,1,70
2020-07-26,22,22,97,0.6,360
2020-07-26,23,21.5,98,0.6,360
2020-07-27,0,21.4,98,0.7,50
2020-07-27,1,21,98,0.2,0
2020-07-27,2,20.7,98,0.5,20
2020-07-27,3,20.5,99,0.4,0
2020-07-27,4,20.5,99,0.8,20
2020-07-27,5,20.5,99,0.3,0
2020-07-27,6,20.5,99,0.5,70
2020-07-27,7,20.8,99,0.8,20
2020-07-27,8,21.6,96,1,360
2020-07-27,9,23.3,87,1.1,230
2020-07-27,10,24.1,83,0.4,0
2020-07-27,11,25.2,80,0.9,50
2020-07-27,12,25.1,81,0.4,0
2020-07-27,13,25.5,82,0.7,270
2020-07-27,14,25,89,0.1,0
2020-07-27,15,25.1,86,0.5,140
2020-07-27,16,25.5,85,0.9,110
2020-07-27,17,24.7,82,1.6,90
2020-07-27,18,23.5,93,0.1,0
2020-07-27,19,22.7,95,0.3,0
2020-07-27,20,22.4,97,0.4,0
2020-07-27,21,22.2,98,0,0
2020-07-27,22,22.1,97,0.2,0
2020-07-27,23,21.8,99,0.5,70
2020-07-28,0,21.7,99,0,0
2020-07-28,1,21.5,99,0.2,0
2020-07-28,2,21.4,99,0.1,0
2020-07-28,3,21.4,99,0,0
2020-07-28,4,21.4,99,0.1,0
2020-07-28,5,21.4,99,0.1,0
2020-07-28,6,21.4,99,0,0
2020-07-28,7,21.7,99,0.3,0
2020-07-28,8,22.4,95,0,0
2020-07-28,9,23,92,0.7,340
2020-07-28,10,24.5,84,0.9,320
2020-07-28,11,24.9,83,0.6,70
2020-07-28,12,24.7,82,1.1,160
2020-07-28,13,25,80,0.9,200
2020-07-28,14,24.9,83,1.2,200
2020-07-28,15,24.6,83,0.8,160
2020-07-28,16,23.9,90,0.4,0
2020-07-28,17,23.1,96,0.5,160
2020-07-28,18,23.3,96,0.5,200
2020-07-28,19,23,96,0.6,160
2020-07-28,20,22.7,97,0.9,200
2020-07-28,21,22.4,99,0,0
2020-07-28,22,22.4,99,0.2,0
2020-07-28,23,22.4,99,0.4,0
2020-07-29,0,22.4,99,0,0
2020-07-29,1,22.3,99,0,0
2020-07-29,2,22.3,100,0.5,50
2020-07-29,3,22.2,99,0.1,0
2020-07-29,4,21.9,99,0.7,50
2020-07-29,5,22,100,0,0
2020-07-29,6,22,100,0,0
2020-07-29,7,22,99,0.3,0
2020-07-29,8,22.2,99,0.3,0
2020-07-29,9,22.5,98,0.5,360
2020-07-29,10,23,98,0.6,360
2020-07-29,11,23.4,96,0,0
2020-07-29,12,23,95,1.1,360
2020-07-29,13,23.1,93,0.5,360
2020-07-29,14,24.1,88,0.3,0
2020-07-29,15,24.7,86,0.9,340
2020-07-29,16,24.5,89,0.2,0
2020-07-29,17,24.7,91,0.5,20
2020-07-29,18,24.6,92,0.6,360
2020-07-29,19,24.5,93,0.5,340
2020-07-29,20,23.7,97,0.3,0
2020-07-29,21,23.6,97,0.1,0
2020-07-29,22,23.4,98,0.1,0
2020-07-29,23,23.3,99,0,0
2020-07-30,0,23.2,99,0,0
2020-07-30,1,23.1,99,0.3,0
2020-07-30,2,23.2,99,0.8,160
2020-07-30,3,23.1,99,0.4,0
2020-07-30,4,23,100,0.3,0
2020-07-30,5,22.9,100,0.3,0
2020-07-30,6,22.9,100,0.2,0
2020-07-30,7,23,100,0.6,50
2020-07-30,8,23,100,1.2,140
2020-07-30,9,23.2,100,0.5,20
2020-07-30,10,23,99,0.9,110
2020-07-30,16,24.4,82,1,320
2020-07-30,17,24.2,87,0.7,230
2020-07-30,18,24.4,86,1.5,230
2020-07-30,19,23.9,92,0.1,0
2020-07-30,20,22.9,97,0.1,0
2020-07-30,21,22.6,99,0.1,0
2020-07-30,22,22.2,99,0,0
2020-07-30,23,22,100,0.1,0
2020-07-31,0,21.6,100,0.5,290
2020-07-31,1,21.6,100,0,0
2020-07-31,2,21.5,100,0,0
2020-07-31,3,21.4,100,0,0
2020-07-31,4,21.5,100,0,0
2020-07-31,5,21.5,100,0,0
2020-07-31,6,21.4,100,0,0
2020-07-31,7,21.6,100,0,0
2020-07-31,8,22.2,100,0.3,0
2020-07-31,9,25.1,89,0.3,0
2020-07-31,10,26.8,83,0.9,250
2020-07-31,11,26.8,84,0.6,200
2020-07-31,12,27.3,77,1.3,250
2020-07-31,13,29.3,72,1.9,270
2020-07-31,14,29.8,68,1.9,270
2020-07-31,15,29.8,68,1,250
2020-07-31,16,29.8,67,1.4,320
2020-07-31,17,30.1,68,1,320
2020-07-31,18,28.6,80,0.9,320
2020-07-31,19,27.6,87,0.3,0
2020-07-31,20,26,94,0.3,0
2020-07-31,21,25.3,97,0.3,0
2020-07-31,22,24.6,98,0.3,0
2020-07-31,23,24.4,98,0,0
2020-08-01,0,24,98,0.2,0
2020-08-01,1,23.8,99,0.3,0
2020-08-01,2,23.5,99,0.3,0
2020-08-01,3,23.4,99,0,0
2020-08-01,4,23.2,100,0,0
2020-08-01,5,23,100,0,0
2020-08-01,6,23,100,0,0
2020-08-01,7,23.4,99,0.1,0
2020-08-01,8,24.2,98,0.8,270
2020-08-01,9,26.5,83,1.1,180
2020-08-01,10,29,70,1.6,250
2020-08-01,11,29.6,65,1.4,230
2020-08-01,12,29.9,67,0.7,180
2020-08-01,13,31,61,1.7,230
2020-08-01,14,31.5,58,1.7,230
2020-08-01,15,30.5,65,1.1,230
2020-08-01,16,30.2,65,0.8,180
2020-08-01,17,29.6,71,0.7,180
2020-08-01,18,27.5,85,1.5,160
2020-08-01,19,27.3,84,0.9,230
2020-08-01,20,26.6,84,0.2,0
2020-08-01,21,25.8,91,0.2,0
2020-08-01,22,25.4,92,0.4,0
2020-08-01,23,25,95,0.4,0
2020-08-02,0,24.6,95,0.1,0
2020-08-02,1,24.6,96,0.6,230
2020-08-02,2,24.8,93,0.4,0
2020-08-02,3,24.8,93,0.7,230
2020-08-02,4,24.6,92,0.6,250
2020-08-02,5,24.3,94,0.2,0
2020-08-02,6,23.7,98,0,0
2020-08-02,7,24.2,96,0.3,0
2020-08-02,8,25.2,92,0.1,0
2020-08-02,9,26.6,84,0.1,0
2020-08-02,10,28.6,78,0.9,320
2020-08-02,11,29,73,2,250
2020-08-02,12,30,70,1.9,250
2020-08-02,13,30.6,66,2.5,230
2020-08-02,14,31.5,66,2,250
2020-08-02,15,31.6,63,2.5,250
2020-08-02,16,30.5,71,1.7,230
2020-08-02,17,29.7,76,0.9,200
2020-08-02,18,29.2,80,0.4,0
2020-08-02,19,28.4,81,0.3,0
2020-08-02,20,27.1,93,0.5,320
2020-08-02,21,26.5,92,0.2,0
2020-08-02,22,26.8,86,1.4,200
2020-08-02,23,25.9,91,0.7,270
2020-08-03,0,25.2,94,0.1,0
2020-08-03,1,25.6,86,0.2,0
2020-08-03,2,24.9,89,0,0
2020-08-03,3,23.8,96,0,0
2020-08-03,4,23.6,97,0.1,0
2020-08-03,5,23.3,98,0.1,0
2020-08-03,6,23.1,98,0.6,20
2020-08-03,7,24,96,0,0
2020-08-03,8,25.5,90,0.6,340
2020-08-03,9,28.1,78,0.7,290
2020-08-03,10,29.8,67,2.9,250
2020-08-03,11,30.5,65,2.1,230
2020-08-03,12,30.3,64,2,270
2020-08-03,13,30.5,64,2.3,250
2020-08-03,14,30.8,65,2.5,250
2020-08-03,15,30.6,68,2.2,250
2020-08-03,16,30.3,73,1.6,290
2020-08-03,17,28,76,2.7,340
2020-08-03,18,26.9,87,1,180
2020-08-03,19,26.3,91,0.4,0
2020-08-03,20,25.5,94,0.9,160
2020-08-03,21,25.1,96,0.7,160
2020-08-03,22,24.6,96,0.5,50
2020-08-03,23,24.1,97,0.3,0
2020-08-04,0,23.9,98,0,0
2020-08-04,1,23.7,98,0,0
2020-08-04,2,23.7,98,0.3,0
2020-08-04,3,23.4,100,0.4,0
2020-08-04,4,23,100,0.7,340
2020-08-04,5,23.1,100,0,0
2020-08-04,6,22.6,100,0.7,360
2020-08-04,7,23.9,99,0.8,160
2020-08-04,8,25.7,89,0.4,0
2020-08-04,9,27.4,80,0.9,320
2020-08-04,10,27.8,78,0.7,230
2020-08-04,11,30,72,0.6,250
2020-08-04,12,30,70,1,230
2020-08-04,13,31.7,63,2.4,230
2020-08-04,14,32,63,1.8,180
2020-08-04,15,32.8,61,2.5,230
2020-08-04,16,32.4,61,2.3,230
2020-08-04,17,32.7,61,2.2,250
2020-08-04,18,31.2,68,1.5,230
2020-08-04,19,29.1,76,0.7,230
2020-08-04,20,28.7,75,0.8,160
2020-08-04,21,28,80,0.4,0
2020-08-04,22,27.7,80,0.5,200
2020-08-04,23,26.2,89,0.6,340
2020-08-05,0,24.9,96,0.1,0
2020-08-05,1,24.4,96,0.1,0
2020-08-05,2,24.1,97,0,0
2020-08-05,3,23.7,98,0.7,360
2020-08-05,4,23.4,98,0.5,360
2020-08-05,5,23.3,98,0.6,360
2020-08-05,6,23.3,98,0.2,0
2020-08-05,7,24.8,94,0.1,0
2020-08-05,8,27.8,80,0.4,0
2020-08-05,9,28.8,73,2.1,200
2020-08-05,10,29.6,68,2.9,230
2020-08-05,11,30.3,67,2.5,200
2020-08-05,12,30.9,67,2.1,230
2020-08-05,13,30.7,66,2.7,230
2020-08-05,14,29.3,72,1.9,230
2020-08-05,15,28.3,78,1.1,180
2020-08-05,16,28.3,80,0.6,200
2020-08-05,17,28.9,78,0.8,200
2020-08-05,18,28.9,76,1.7,180
2020-08-05,19,27.9,82,0.5,180
2020-08-05,20,26.5,92,0.5,20
2020-08-05,21,26,94,0.6,360
2020-08-05,22,26,94,0.4,0
2020-08-05,23,25.6,96,0.3,0
2020-08-06,0,25.3,97,0.6,360
2020-08-06,1,25,98,0.3,0
2020-08-06,2,24.8,98,0.7,290
2020-08-06,3,24.6,99,0.4,0
2020-08-06,4,24.5,99,0.2,0
2020-08-06,5,25.1,96,1.4,230
2020-08-06,6,25.2,94,1.1,200
2020-08-06,7,25.6,90,2.4,180
2020-08-06,8,26.1,87,1.9,200
2020-08-06,9,27.1,82,2.9,230
2020-08-06,10,27.4,82,2.2,200
2020-08-06,11,25.7,95,1,200
2020-08-06,12,26.9,89,1.9,200
2020-08-06,13,27.4,85,1.7,230
2020-08-06,14,28,81,2,230
2020-08-06,15,29.1,78,2,250
2020-08-06,16,28.8,80,1.6,200
2020-08-06,17,29.5,77,1.6,230
2020-08-06,18,28.2,82,2.8,230
2020-08-06,19,26.6,90,1.3,320
2020-08-06,20,26.3,89,0.5,290
2020-08-06,21,25.7,92,0.3,0
2020-08-06,22,25.2,96,0.2,0
2020-08-06,23,24.7,98,0.6,70
2020-08-07,0,24.3,99,0,0
2020-08-07,1,24.2,99,0,0
2020-08-07,2,24.2,99,0,0
2020-08-07,3,24.1,99,0.2,0
2020-08-07,4,24,96,0.3,0
2020-08-07,5,23.4,97,0.3,0
2020-08-07,6,23.2,96,0.3,0
2020-08-07,7,23.5,94,0.7,70
2020-08-07,8,24.2,89,0.4,0
2020-08-07,9,24.6,90,0.5,230
2020-08-07,10,24.6,94,0.9,250
2020-08-07,11,24.8,94,0.8,20
2020-08-07,12,24.4,94,0.8,360
2020-08-07,13,23.1,88,2.3,50
2020-08-07,14,23.4,89,1.3,50
2020-08-07,15,22.6,98,1.1,270
2020-08-07,16,22.2,99,1.3,50
2020-08-07,17,21.4,98,1.8,340
2020-08-07,18,21.8,99,1.5,270
2020-08-07,19,21.9,99,0.5,340
2020-08-07,20,21.7,99,0.6,50
2020-08-07,21,21.4,98,0.4,0
2020-08-07,22,21.5,98,0.1,0
2020-08-07,23,21.5,99,0.3,0
2020-08-08,0,21.5,99,0.3,0
2020-08-08,1,21.6,99,0,0
2020-08-08,2,21.7,100,0.1,0
2020-08-08,3,21.9,99,0.3,0
2020-08-08,4,21.9,100,0,0
2020-08-08,5,22,99,0,0
2020-08-08,6,21.8,100,0.5,50
2020-08-08,7,22,100,0,0
2020-08-08,8,22.1,100,0,0
2020-08-08,9,22.4,100,0,0
2020-08-08,10,22.8,99,0.1,0
2020-08-08,11,23.3,98,0,0
2020-08-08,12,23.2,99,0.2,0
2020-08-08,13,23.7,99,0,0
2020-08-08,14,24.2,99,0.5,360
2020-08-08,15,24.5,98,0,0
2020-08-08,16,24.8,98,1.1,160
2020-08-08,17,24.9,97,0.5,200
2020-08-08,18,24.7,97,0.5,230
2020-08-08,19,24.2,98,0,0
2020-08-08,20,23.7,100,0.9,70
2020-08-08,21,23.7,98,0.1,0
2020-08-08,22,23.4,100,0,0
2020-08-08,23,23.4,100,0,0
2020-08-09,0,23.2,100,0.1,0
2020-08-09,1,23.1,100,0,0
2020-08-09,2,23,100,0,0
2020-08-09,3,23,100,0,0
2020-08-09,4,22.9,100,0.1,0
2020-08-09,5,22.9,100,0,0
2020-08-09,6,22.9,100,0.2,0
2020-08-09,7,23.3,100,0.1,0
2020-08-09,8,25.3,94,0.7,360
2020-08-09,9,28,80,0.9,230
2020-08-09,10,29,74,1.9,230
2020-08-09,11,30.4,67,3.5,200
2020-08-09,12,31,67,2.3,200
2020-08-09,13,31.7,62,3.4,200
2020-08-09,14,32.4,56,3.8,230
2020-08-09,15,31.5,60,3.3,200
2020-08-09,16,32,58,4,200
2020-08-09,17,31.5,60,3,200
2020-08-09,18,30.1,64,1.4,200
2020-08-09,19,28.6,71,1,200
2020-08-09,20,28,74,1.8,180
2020-08-09,21,25.3,89,0.4,0
2020-08-09,22,25.2,91,0.6,20
2020-08-09,23,24.8,93,0.2,0
2020-08-10,0,27,80,2.1,200
2020-08-10,1,27.1,79,1.8,180
2020-08-10,2,26.4,83,1.2,200
2020-08-10,3,27.1,81,2.1,200
2020-08-10,4,26.2,86,2.2,180
2020-08-10,5,25.6,91,1.2,250
2020-08-10,6,25.1,96,0.2,0
2020-08-10,7,25,98,0.2,0
2020-08-10,8,25.2,97,0.1,0
2020-08-10,9,25.1,99,0,0
2020-08-10,10,25.1,100,0.9,290
2020-08-10,11,26.5,93,1.4,90
2020-08-10,12,26.9,93,0.7,360
2020-08-10,13,27.7,85,1.1,20
2020-08-10,14,26.3,96,0.4,0
2020-08-10,15,28,89,0.7,340
2020-08-10,16,27.3,91,0.9,20
2020-08-10,17,26.4,95,2,20
2020-08-10,18,26,96,1.1,340
2020-08-10,19,25,97,2.6,290
2020-08-10,20,24.3,96,1.9,250
2020-08-10,21,24.1,98,0.9,180
2020-08-10,22,23.8,98,0.1,0
2020-08-10,23,23.7,99,0.3,0
2020-08-11,0,23.7,100,0.6,160
2020-08-11,1,23.7,100,0,0
2020-08-11,2,23.6,100,0.1,0
2020-08-11,3,23.2,100,0,0
2020-08-11,4,23,100,0,0
2020-08-11,5,23.1,100,0.1,0
2020-08-11,6,23.1,100,0.2,0
2020-08-11,7,23.8,100,0,0
2020-08-11,8,24.9,97,0.5,320
2020-08-11,9,27.9,85,0.7,50
2020-08-11,10,29.7,77,1.7,200
2020-08-11,11,30.7,72,2,230
2020-08-11,12,29.5,74,1.6,230
2020-08-11,13,30,73,2.3,250
2020-08-11,14,24.4,96,1,160
2020-08-11,15,24.9,93,1.3,180
2020-08-11,16,26.7,82,1.4,160
2020-08-11,17,26,86,1.2,230
2020-08-11,18,25.6,92,0.3,0
2020-08-11,19,25.4,91,0.4,0
2020-08-11,20,25,96,0.6,230
2020-08-11,21,24.7,97,0.7,230
2020-08-11,22,24.2,99,0.4,0
2020-08-11,23,24.2,99,0,0
2020-08-12,0,24.1,99,0.1,0
2020-08-12,1,24.1,99,0,0
2020-08-12,2,24.1,100,0.2,0
2020-08-12,3,24.2,100,0,0
2020-08-12,4,24.2,100,0,0
2020-08-12,5,24.2,100,0,0
2020-08-12,6,24,100,0.4,0
2020-08-12,7,24.3,100,0.1,0
2020-08-12,8,25.1,98,0.3,0
2020-08-12,9,26.5,91,0.5,230
2020-08-12,10,28.2,82,0.9,160
2020-08-12,11,29.2,79,1.1,230
2020-08-12,12,29.8,76,0.8,200
2020-08-12,13,30.4,75,0.7,20
2020-08-12,14,28.9,79,0.9,160
2020-08-12,15,28.1,92,0.5,20
2020-08-12,16,29.3,84,0.4,0
2020-08-12,17,29.2,86,0.7,360
2020-08-12,18,29.3,81,0.6,360
2020-08-12,19,27.9,95,0.2,0
2020-08-12,20,27.3,96,0,0
2020-08-12,21,26.5,98,0.2,0
2020-08-12,22,26.5,99,0,0
2020-08-12,23,26.3,99,0.1,0
2020-08-13,0,26.1,99,0,0
2020-08-13,1,26.1,99,0,0
2020-08-13,2,25.9,100,0,0
2020-08-13,3,25.7,100,0,0
2020-08-13,4,25.5,100,0.1,0
2020-08-13,5,25.3,100,0,0
2020-08-13,6,25.1,100,0,0
2020-08-13,7,25.3,100,0,0
2020-08-13,8,26.4,97,0.6,340
2020-08-13,9,28.6,80,1,180
2020-08-13,10,29.4,72,1,250
2020-08-13,11,30.6,69,2.5,250
2020-08-13,12,31.5,66,1.4,250
2020-08-13,13,31.9,65,1.5,250
2020-08-13,14,32.4,63,1.2,290
2020-08-13,15,32.3,66,1.3,200
2020-08-13,16,33.4,59,2.2,250
2020-08-13,17,32.9,63,1.5,230
2020-08-13,18,31.6,71,0.7,200
2020-08-13,19,30.5,77,0.6,180
2020-08-13,20,28.2,92,0.2,0
2020-08-13,21,27.1,94,0,0
2020-08-13,22,26.4,96,0.9,50
2020-08-13,23,26,98,0.1,0
2020-08-14,0,25.6,98,0.1,0
2020-08-14,1,25.2,99,0,0
2020-08-14,2,24.9,99,0.1,0
2020-08-14,3,24.4,99,0.2,0
2020-08-14,4,24,99,0.3,0
2020-08-14,5,24,99,0.5,290
2020-08-14,6,23.6,99,0.1,0
2020-08-14,7,24.7,97,0,0
2020-08-14,8,27.2,85,0.5,290
2020-08-14,9,29.2,74,1.9,250
2020-08-14,10,29.9,71,1.6,230
2020-08-14,11,31.6,63,2.5,250
2020-08-14,12,31.7,64,2.1,250
2020-08-14,13,31.9,67,2.4,250
2020-08-14,14,32.5,68,2.8,230
2020-08-14,15,32.8,69,2.1,290
2020-08-14,16,33.6,58,3.6,270
2020-08-14,17,33.5,60,2.4,270
2020-08-14,18,31.7,68,0.9,320
2020-08-14,19,28.9,87,0.5,360
2020-08-14,20,27.4,92,0.9,50
2020-08-14,21,26.8,93,0.2,0
2020-08-14,22,26,96,0.4,0
2020-08-14,23,25.7,96,0.5,20
2020-08-15,0,25.4,97,0.4,0
2020-08-15,1,25.3,98,0.4,0
2020-08-15,2,25.3,98,0.2,0
2020-08-15,3,25.3,98,0.1,0
2020-08-15,4,24.9,98,0.2,0
2020-08-15,5,24.6,99,0,0
2020-08-15,6,24.2,99,0.2,0
2020-08-15,7,25.2,98,0.1,0
2020-08-15,8,27.3,88,0.3,0
2020-08-15,9,29.4,75,1,230
2020-08-15,10,31.4,66,1.3,230
2020-08-15,11,32.5,63,2.4,290
2020-08-15,12,32.5,62,2.5,250
2020-08-15,13,33,60,2.5,270
2020-08-15,14,34,58,2.7,270
2020-08-15,15,33.6,59,2.2,320
2020-08-15,16,33.6,62,2.1,320
2020-08-15,17,32.7,64,1.1,290
2020-08-15,18,32.3,68,0.4,0
2020-08-15,19,30.4,80,0.8,50
2020-08-15,20,28.6,83,0.6,340
2020-08-15,21,27.4,86,0.2,0
2020-08-15,22,26.4,92,0.7,340
2020-08-15,23,25.5,96,0.1,0
2020-08-16,0,24.9,97,0.1,0
2020-08-16,1,24.6,98,0.1,0
2020-08-16,2,24.1,98,0.2,0
2020-08-16,3,24,98,0.1,0
2020-08-16,4,23.8,98,0.3,0
2020-08-16,5,24.2,98,0.4,0
2020-08-16,6,24.1,100,0.1,0
2020-08-16,7,24.2,100,0.1,0
2020-08-16,8,24.5,100,0.4,0
2020-08-16,9,27.2,86,0.4,0
2020-08-16,10,30,70,1,200
2020-08-16,11,31.6,60,1.8,250
2020-08-16,12,32,57,2.5,270
2020-08-16,13,32.5,57,1.6,320
2020-08-16,14,33.5,56,1.5,290
2020-08-16,15,34.1,54,2.8,320
2020-08-16,16,33.5,54,2.8,290
2020-08-16,17,33.3,55,2.2,290
2020-08-16,18,32.2,58,1.6,320
2020-08-16,19,29.1,76,0.6,340
2020-08-16,20,26.8,87,0.6,20
2020-08-16,21,25.7,90,0.3,0
2020-08-16,22,24.9,93,0.4,0
2020-08-16,23,24,96,0.6,20
2020-08-17,0,23.7,97,0.1,0
2020-08-17,1,23.2,98,0.6,50
2020-08-17,2,22.9,98,0.2,0
2020-08-17,3,22.6,98,0.1,0
2020-08-17,4,22.4,100,0,0
2020-08-17,5,22.3,100,0.3,0
2020-08-17,6,22.1,100,0.2,0
2020-08-17,7,22.6,100,0,0
2020-08-17,8,24,95,0.3,0
2020-08-17,9,25.9,89,0.6,320
2020-08-17,10,28.5,71,1,250
2020-08-17,11,29.7,66,1.5,340
2020-08-17,12,29.8,66,1.5,340
2020-08-17,13,30.3,65,1.7,270
2020-08-17,14,30.9,66,0.9,250
2020-08-17,15,31.8,63,1.9,270
2020-08-17,16,31.9,63,1.5,250
2020-08-17,17,31,63,0.8,320
2020-08-17,18,30.6,67,0.3,0
2020-08-17,19,27.7,85,1,50
2020-08-17,20,26.1,91,1.2,50
2020-08-17,21,25.2,94,0.5,20
2020-08-17,22,24.4,97,0.3,0
2020-08-17,23,23.8,98,0,0
2020-08-18,0,23.3,98,0.1,0
2020-08-18,1,22.8,98,0.2,0
2020-08-18,2,22.6,98,0.2,0
2020-08-18,3,22.4,99,0.4,0
2020-08-18,4,22.5,100,0,0
2020-08-18,5,22.5,100,0.2,0
2020-08-18,6,22.2,100,0.6,70
2020-08-18,7,22.7,100,0.2,0
2020-08-18,8,23.2,100,0.1,0
2020-08-18,9,25.3,91,0.2,0
2020-08-18,10,26.9,81,0.7,200
2020-08-18,11,29.4,74,1.3,180
2020-08-18,12,31.5,63,1.2,320
2020-08-18,13,32.8,61,1,20
2020-08-18,14,33.3,58,1.2,290
2020-08-18,15,33.2,57,1.7,250
2020-08-18,16,33.2,55,2.3,250
2020-08-18,17,33.2,55,2.2,270
2020-08-18,18,32.3,60,1.6,270
2020-08-18,19,28.6,81,0.9,360
2020-08-18,20,26.6,89,1,50
2020-08-18,21,25.5,93,0.7,50
2020-08-18,22,24.7,97,0.2,0
2020-08-18,23,24.1,97,0.4,0
2020-08-19,0,23.4,98,0,0
2020-08-19,1,23.4,98,0.5,20
2020-08-19,2,23.3,100,0,0
2020-08-19,3,23.1,100,0.2,0
2020-08-19,4,22.9,100,0.6,160
2020-08-19,5,22.4,100,0.6,230
2020-08-19,6,22.2,100,0.5,160
2020-08-19,7,22.2,100,0.2,0
2020-08-19,8,22.7,100,0.2,0
2020-08-19,9,26.7,83,1,250
2020-08-19,10,29.4,69,1.9,270
2020-08-19,11,30.7,63,2.5,250
2020-08-19,12,31.7,60,1.5,230
2020-08-19,13,32.2,57,1.6,230
2020-08-19,14,33.3,51,2.5,250
2020-08-19,15,34.1,48,2.1,290
2020-08-19,16,33.9,49,2.4,270
2020-08-19,17,33.9,53,1.9,290
2020-08-19,18,32.5,61,1.8,270
2020-08-19,19,29.7,72,0.5,270
2020-08-19,20,26.8,88,0.4,0
2020-08-19,21,25.6,91,0.5,20
2020-08-19,22,24.7,94,0.3,0
2020-08-19,23,23.9,96,0.2,0
2020-08-20,0,23.4,97,0.1,0
2020-08-20,1,22.9,97,0.3,0
2020-08-20,2,22.6,98,0,0
2020-08-20,3,22.4,98,0.3,0
2020-08-20,4,22.4,100,0.1,0
2020-08-20,5,22.2,100,0.5,70
2020-08-20,6,21.7,100,0.8,70
2020-08-20,7,22.1,100,0.3,0
2020-08-20,8,23.1,100,0.6,320
2020-08-20,9,26.3,85,0.8,320
2020-08-20,10,28.8,73,0.7,360
2020-08-20,11,30.5,65,0.9,180
2020-08-20,12,31.5,59,1.2,340
2020-08-20,13,32.7,55,1.1,250
2020-08-20,14,33.4,50,0.7,230
2020-08-20,15,34.4,48,1.9,290
2020-08-20,16,34.6,44,1.3,250
2020-08-20,17,34.3,45,1.5,270
2020-08-20,18,32.7,56,0.7,320
2020-08-20,19,28.2,74,1.4,50
2020-08-20,20,26.1,84,0.8,340
2020-08-20,21,25.4,89,0.9,360
2020-08-20,22,24.6,92,0.5,20
2020-08-20,23,24.2,92,0.4,0
2020-08-21,0,23.7,93,1,20
2020-08-21,1,23.7,90,0.9,70
2020-08-21,2,23,92,0.8,70
2020-08-21,3,22.3,94,0.7,50
2020-08-21,4,21.8,96,0.4,0
2020-08-21,5,21.4,97,0.1,0
2020-08-21,6,21.1,98,0.1,0
2020-08-21,7,21.8,96,0.4,0
2020-08-21,8,23.2,90,0.5,340
2020-08-21,9,24.5,84,0.4,0
2020-08-21,10,25.5,80,0.6,230
2020-08-21,11,27.4,74,0.6,200
2020-08-21,12,29.2,68,1,200
2020-08-21,13,30.4,65,1.6,270
2020-08-21,14,31.6,60,1.7,200
2020-08-21,15,31.9,56,1.8,250
2020-08-21,16,32.5,54,1.2,290
2020-08-21,17,32.1,55,0.7,320
2020-08-21,18,31.4,59,0.9,200
2020-08-21,19,28.6,76,1.2,140
2020-08-21,20,27.2,79,1.1,140
2020-08-21,21,25.9,83,1.9,70
2020-08-21,22,25.1,84,1.4,90
2020-08-21,23,24.6,87,0.6,140
2020-08-22,0,23.5,93,1,50
2020-08-22,1,23.5,91,0.8,70
2020-08-22,2,23.9,89,1,70
2020-08-22,3,23.9,91,0.2,0
2020-08-22,4,23.9,91,0.4,0
2020-08-22,5,23.8,91,0.9,50
2020-08-22,6,23.9,91,0.5,70
2020-08-22,7,24.3,89,0.5,50
2020-08-22,8,25.8,78,1.5,70
2020-08-22,9,27.8,69,1.6,140
2020-08-22,10,27.2,72,0.5,250
2020-08-22,11,28.8,66,1.9,230
2020-08-22,12,29.9,61,1.2,50
2020-08-22,13,30,63,1.5,270
2020-08-22,14,30.3,63,1.9,230
2020-08-22,15,29.9,60,2,200
2020-08-22,16,28,71,0.8,230
2020-08-22,17,27.1,79,1,90
2020-08-22,18,27.7,73,0.6,250
2020-08-22,19,26.9,77,0.5,230
2020-08-22,20,25.9,83,0.7,290
2020-08-22,21,25,87,1.1,50
2020-08-22,22,25.1,86,0.6,160
2020-08-22,23,24.4,89,0.7,20
2020-08-23,0,24.8,81,1.9,360
2020-08-23,1,22.8,94,0.4,0
2020-08-23,2,22.4,97,0.8,20
2020-08-23,3,22.5,96,0.4,0
2020-08-23,4,22.3,97,0.9,70
2020-08-23,5,22.5,98,0.4,0
2020-08-23,6,22.3,98,0.3,0
2020-08-23,7,22.5,97,0.3,0
2020-08-23,8,23.3,92,0.3,0
2020-08-23,9,24.7,87,0.6,70
2020-08-23,10,25.6,79,0.7,250
2020-08-23,11,27.5,74,0.9,140
2020-08-23,12,28.4,67,1.2,270
2020-08-23,13,29.2,66,0.8,50
2020-08-23,14,29.9,60,1.1,180
2020-08-23,15,31.3,53,2.3,340
2020-08-23,16,31.6,51,1.6,270
2020-08-23,17,31.4,53,2,320
2020-08-23,18,30.4,59,0.7,360
2020-08-23,19,26.3,80,1,50
2020-08-23,20,24.4,87,1.3,50
2020-08-23,21,23.8,92,0.4,0
2020-08-23,22,23.3,94,0.5,320
2020-08-23,23,22.8,95,0.1,0
2020-08-24,0,22.4,96,0.7,340
2020-08-24,1,22.1,97,0.4,0
2020-08-24,2,21.7,98,0.5,20
2020-08-24,3,21.3,98,0.5,360
2020-08-24,4,21,98,0.2,0
2020-08-24,5,20.8,99,0.2,0
2020-08-24,6,20.8,99,0.3,0
2020-08-24,7,21.5,95,0.3,0
2020-08-24,8,23.3,89,0.2,0
2020-08-24,9,25.6,81,0.7,340
2020-08-24,10,27.8,74,0.8,230
2020-08-24,11,29.6,68,1.9,180
2020-08-24,12,30.9,66,1.7,250
2020-08-24,13,31.4,59,2.5,270
2020-08-24,14,32.8,56,1.5,270
2020-08-24,15,32.6,56,1.3,200
2020-08-24,16,33.2,49,2.6,250
2020-08-24,17,32.4,52,1.3,200
2020-08-24,18,31.6,56,0.5,200
2020-08-24,19,27.8,78,1.3,50
2020-08-24,20,26.3,86,0.5,20
2020-08-24,21,25.7,88,0.4,0
2020-08-24,22,24.6,94,0.4,0
2020-08-24,23,24.1,95,0.6,360
2020-08-25,0,23.6,96,0.2,0
2020-08-25,1,23.4,97,0.1,0
2020-08-25,2,22.9,98,0.1,0
2020-08-25,3,22.5,98,0.2,0
2020-08-25,4,22.3,98,0.1,0
2020-08-25,5,22,99,0,0
2020-08-25,6,21.8,99,0,0
2020-08-25,7,22.5,97,0,0
2020-08-25,8,24.5,91,0.7,270
2020-08-25,9,27.1,79,0.5,20
2020-08-25,10,29.4,66,1,360
2020-08-25,11,31.1,57,1.4,250
2020-08-25,12,32.9,54,1.6,200
2020-08-25,13,33.3,53,1.6,200
2020-08-25,14,33.6,54,1.7,320
2020-08-25,15,33.5,56,1.7,160
2020-08-25,16,34.1,53,2,290
2020-08-25,17,33.9,57,1.8,270
2020-08-25,18,30.7,72,1.9,70
2020-08-25,19,28.8,80,1.5,70
2020-08-25,20,27.4,87,1.1,70
2020-08-25,21,26.6,90,1.1,50
2020-08-25,22,26.2,92,0.7,70
2020-08-25,23,25.2,95,0.8,360
2020-08-26,0,25,96,0.6,360
2020-08-26,1,24.6,96,0.9,50
2020-08-26,2,24.3,97,0.6,50
2020-08-26,3,24.3,95,0.9,290
2020-08-26,4,24.2,96,0.3,0
2020-08-26,5,23.8,96,1,20
2020-08-26,6,24.4,96,0.7,320
2020-08-26,7,25.2,92,0.4,0
2020-08-26,8,27.7,84,0.5,20
2020-08-26,9,30.6,67,2.7,110
2020-08-26,10,31.2,65,2.3,140
2020-08-26,11,31.8,62,2.7,110
2020-08-26,12,33.7,57,2.9,110
2020-08-26,13,31.8,68,3.1,110
2020-08-26,14,32.7,58,2.9,110
2020-08-26,15,32.9,57,4.1,110
2020-08-26,16,32,59,3.7,90
2020-08-26,17,30.7,64,2.6,110
2020-08-26,18,29.6,67,1.7,140
2020-08-26,19,29.3,67,1.6,110
2020-08-26,20,25.8,93,0.8,70
2020-08-26,21,25.6,95,1.5,70
2020-08-26,22,25.1,97,0.9,20
2020-08-26,23,25.2,94,0.5,50
2020-08-27,0,28.4,72,1.9,160
2020-08-27,1,28.7,70,2,140
2020-08-27,2,28.5,72,2.1,140
2020-08-27,3,28.3,74,1.1,140
2020-08-27,4,25.8,92,0.4,0
2020-08-27,5,25.3,97,0.4,0
2020-08-27,6,25.7,94,0.3,0
2020-08-27,7,27,83,1.8,200
2020-08-27,8,27.8,81,1.2,230
2020-08-27,9,27.7,81,1.4,250
2020-08-27,10,28.3,79,1.6,200
2020-08-27,11,29.8,73,1.9,230
2020-08-27,12,30.4,70,2.3,180
2020-08-27,13,31.1,70,2.4,200
2020-08-27,14,31.8,68,2.1,200
2020-08-27,15,30.9,69,2.1,200
2020-08-27,16,31.4,68,2,230
2020-08-27,17,30.4,72,1.8,180
2020-08-27,18,29.7,73,1.9,180
2020-08-27,19,28.3,78,1.2,200
2020-08-27,20,27.3,83,1.3,230
2020-08-27,21,26.1,90,0.3,0
2020-08-27,22,25.4,93,0.8,70
2020-08-27,23,25.3,95,0.5,360
2020-08-28,0,25.2,95,0.8,50
2020-08-28,1,24.7,97,0.6,360
2020-08-28,2,24.5,98,0.5,340
2020-08-28,3,24.5,97,0.8,50
2020-08-28,4,24.5,97,0.4,0
2020-08-28,5,24.7,96,0.3,0
2020-08-28,6,24.4,97,0.3,0
2020-08-28,7,25.6,92,0.2,0
2020-08-28,8,27.2,84,0.6,340
2020-08-28,9,28.2,80,0.4,0
2020-08-28,10,29.3,78,0.7,320
2020-08-28,11,30.2,74,1.4,230
2020-08-28,12,31,68,1.4,250
2020-08-28,13,25.3,94,2.2,320
2020-08-28,14,28.5,80,0.4,0
2020-08-28,15,30.8,69,0.6,340
2020-08-28,16,31.3,69,1.4,230
2020-08-28,17,31.8,67,1.2,200
2020-08-28,18,30.4,76,1,270
2020-08-28,19,28.8,83,0.6,50
2020-08-28,20,27.3,91,0.3,0
2020-08-28,21,26.7,94,0.2,0
2020-08-28,22,26.5,96,0,0
2020-08-28,23,26.3,96,0.5,90
2020-08-29,0,26,96,0.6,70
2020-08-29,1,25.8,97,0.3,0
2020-08-29,2,25.2,98,0.1,0
2020-08-29,3,25.1,98,0.1,0
2020-08-29,4,24.8,99,0.1,0
2020-08-29,5,24.4,99,0.1,0
2020-08-29,6,24.2,100,0.6,90
2020-08-29,7,24.8,98,0.2,0
2020-08-29,8,26.2,90,0.3,0
2020-08-29,9,27.7,80,0.9,180
2020-08-29,10,30.1,71,1.6,230
2020-08-29,11,29.7,72,1.1,200
2020-08-29,12,30.2,68,1.2,200
2020-08-29,13,31.8,63,2.3,200
2020-08-29,14,32.7,59,2.1,250
2020-08-29,15,30.6,69,0.9,200
2020-08-29,16,31.6,67,1.4,290
2020-08-29,17,30.4,70,1.4,200
2020-08-29,18,30,73,0.5,250
2020-08-29,19,28.1,87,0.5,20
2020-08-29,20,27.2,90,0.8,20
2020-08-29,21,26.9,92,0.4,0
2020-08-29,22,26.6,95,0.6,340
2020-08-29,23,26.5,91,0.6,360
2020-08-30,0,26.1,93,0.5,360
2020-08-30,1,25.5,98,0.5,340
2020-08-30,2,25.3,97,0,0
2020-08-30,3,25.1,98,0.2,0
2020-08-30,4,24.8,98,0.6,20
2020-08-30,5,24.8,99,0.1,0
2020-08-30,6,24.6,98,0.6,70
2020-08-30,7,24.7,98,0,0
2020-08-30,8,25.3,97,0.2,0
2020-08-30,9,26.8,89,0.9,200
2020-08-30,10,27.9,81,0.6,250
2020-08-30,11,29.1,74,0.9,340
2020-08-30,12,30.9,67,0.9,50
2020-08-30,13,30.7,67,1.2,230
2020-08-30,14,32,61,1.7,270
2020-08-30,15,32.8,63,1.8,230
2020-08-30,16,31.9,64,0.8,340
2020-08-30,17,31.2,69,1.5,50
2020-08-30,18,28.5,77,2.9,50
2020-08-30,19,27.2,83,2.1,70
2020-08-30,20,26,88,1.2,180
2020-08-30,21,25.5,93,0.6,230
2020-08-30,22,25.4,90,0.7,230
2020-08-30,23,25.3,92,0.7,20
2020-08-31,0,24.8,91,0.2,0
2020-08-31,1,24.8,89,0.9,180
2020-08-31,2,24.5,91,0.4,0
2020-08-31,3,24.1,96,0,0
2020-08-31,4,23.8,96,0.6,340
2020-08-31,5,23.8,94,0.3,0
2020-08-31,6,23.7,97,0.5,290
2020-08-31,7,24,94,0.7,50
2020-08-31,8,24.7,89,0.5,360
2020-08-31,9,25.9,80,1.3,20
2020-08-31,10,26.7,75,1.7,70
2020-08-31,11,27.3,69,1.7,110
2020-08-31,12,28,67,2.5,110
2020-08-31,13,26.1,76,1.9,160
2020-08-31,14,26.6,72,3.8,90
2020-08-31,15,26.4,72,1.8,90
2020-08-31,16,25.9,73,2.4,70
2020-08-31,17,26,71,2.8,90
2020-08-31,18,25.6,71,2,70
2020-08-31,19,24.7,74,1.8,70
2020-08-31,20,24.4,77,0.7,90
2020-08-31,21,23.9,77,1.1,70
2020-08-31,22,22.4,86,1,70
2020-08-31,23,21.4,90,0.2,0
2020-09-01,0,21,91,0.5,20
2020-09-01,1,20.7,93,0.2,0
2020-09-01,2,20.7,93,0.2,0
2020-09-01,3,20.4,94,0.2,0
2020-09-01,4,19.8,96,0.6,50
2020-09-01,5,19.7,96,0.3,0
2020-09-01,6,19.7,97,0,0
2020-09-01,7,20.3,95,0.6,20
2020-09-01,8,22.1,88,0.4,0
2020-09-01,9,24.4,78,1,360
2020-09-01,10,26.3,71,0.5,360
2020-09-01,11,26.7,72,1.9,340
2020-09-01,12,27.5,69,1.2,70
2020-09-01,13,27.9,69,0.9,20
2020-09-01,14,27.8,72,0.7,50
2020-09-01,15,27.2,77,0.4,0
2020-09-01,16,28.1,73,1.5,70
2020-09-01,17,27.5,74,0.7,20
2020-09-01,18,26.7,81,1.1,50
2020-09-01,19,25.7,86,0.7,20
2020-09-01,20,25.2,88,0.1,0
2020-09-01,21,24.4,92,0.5,20
2020-09-01,22,23.9,96,0.4,0
2020-09-01,23,23.6,97,0.5,360
2020-09-02,0,23.6,97,0.3,0
2020-09-02,1,23.5,97,0.3,0
2020-09-02,2,23.6,97,0.4,0
2020-09-02,3,23.3,98,0.4,0
2020-09-02,4,23,99,0.2,0
2020-09-02,5,23.1,98,0.1,0
2020-09-02,6,22.7,99,0.4,0
2020-09-02,7,23.2,97,0.5,50
2020-09-02,8,23.5,97,0.7,340
2020-09-02,9,23.4,99,0.7,70
2020-09-02,10,24.2,95,1.9,50
2020-09-02,11,24.2,95,1.5,50
2020-09-02,12,25.3,93,1.5,20
2020-09-02,13,26.3,88,2.3,20
2020-09-02,14,27.8,81,2.5,70
2020-09-02,15,27,87,1.9,70
2020-09-02,16,26.7,86,2,70
2020-09-02,17,26.3,86,1.8,90
2020-09-02,18,26,83,1.5,50
2020-09-02,19,26.1,83,3,70
2020-09-02,20,26.3,82,2.5,70
2020-09-02,21,26.2,82,4.2,70
2020-09-02,22,25.9,88,3.1,50
2020-09-02,23,26,91,2.9,50
2020-09-03,0,26.2,87,2.8,70
2020-09-03,1,25.9,86,5.6,70
2020-09-03,2,25.5,89,5.9,50
2020-09-03,3,25,92,5.9,50
2020-09-03,4,25.1,92,5.7,20
2020-09-03,5,25,92,5.7,290
2020-09-03,6,23.9,92,7.9,250
2020-09-03,7,23.3,86,6.9,250
2020-09-03,8,23.5,78,6.2,250
2020-09-03,9,23.8,77,6.1,250
2020-09-03,10,25.4,70,6,250
2020-09-03,11,26.2,63,5.1,250
2020-09-03,12,26.6,58,6,250
2020-09-03,13,27.1,55,5.3,250
2020-09-03,14,28.1,53,4.8,250
2020-09-03,15,27.4,53,4,250
2020-09-03,16,28.1,50,4,270
2020-09-03,17,27.6,56,1.9,270
2020-09-03,18,26.6,62,1.4,290
2020-09-03,19,23.6,76,0.3,0
2020-09-03,20,21,91,0.9,50
2020-09-03,21,20,95,0.3,0
2020-09-03,22,19,98,0,0
2020-09-03,23,18.5,98,0.2,0
2020-09-04,0,17.8,99,0.1,0
2020-09-04,1,17.2,98,0.4,0
2020-09-04,2,17.2,100,0.1,0
2020-09-04,3,16.5,100,0.4,0
2020-09-04,4,15.8,100,0,0
2020-09-04,5,15.5,100,0.5,360
2020-09-04,6,15.3,100,0.1,0
2020-09-04,7,15.5,100,0,0
2020-09-04,8,16.6,100,0.1,0
2020-09-04,9,20.9,80,0.6,270
2020-09-04,10,24.4,67,1.2,320
2020-09-04,11,25.9,56,1.7,270
2020-09-04,12,26.9,51,1.8,230
2020-09-04,13,27.7,49,2.7,230
2020-09-04,14,28,49,1.7,180
2020-09-04,15,28.3,49,1.3,270
2020-09-04,16,28.6,46,1.4,290
2020-09-04,17,28.4,45,1.3,270
2020-09-04,18,25.4,67,0.5,70
2020-09-04,19,21.7,83,1.5,50
2020-09-04,20,20.4,89,0.4,0
2020-09-04,21,19.3,94,0.4,0
2020-09-04,22,18.6,96,0.6,340
2020-09-04,23,18,97,0.4,0
2020-09-05,0,18.1,96,0.3,0
2020-09-05,1,17.9,97,0.3,0
2020-09-05,2,17.9,95,0.3,0
2020-09-05,3,17.8,97,0.2,0
2020-09-05,4,17.8,96,0.4,0
2020-09-05,5,17.8,97,0.1,0
2020-09-05,6,17.5,97,0.6,70
2020-09-05,7,18.6,93,0.4,0
2020-09-05,8,19.7,90,0.7,20
2020-09-05,9,20.2,89,0.5,20
2020-09-05,10,20.9,88,0.3,0
2020-09-05,11,21,87,1,180
2020-09-05,12,21.7,84,0.8,290
2020-09-05,13,22,83,0.5,90
2020-09-05,14,22.3,83,0.9,320
2020-09-05,15,22.3,84,0.7,250
2020-09-05,16,21.6,90,0.3,0
2020-09-05,17,21.6,91,0.4,0
2020-09-05,18,20.8,95,0.8,70
2020-09-05,19,20.6,93,0.7,180
2020-09-05,20,19.6,79,1.4,200
2020-09-05,21,18.6,92,0.7,160
2020-09-05,22,18,95,0.8,160
2020-09-05,23,18,97,0.8,290
2020-09-06,0,18.1,98,0.6,200
2020-09-06,1,18,99,0.5,20
2020-09-06,2,18.1,99,0.3,0
2020-09-06,3,18.1,99,0,0
2020-09-06,4,18.2,99,0.2,0
2020-09-06,5,18.2,98,0.4,0
2020-09-06,6,18.3,98,0,0
2020-09-06,7,18.6,98,0.3,0
2020-09-06,8,19.4,92,0.4,0
2020-09-06,9,20.2,88,0.7,340
2020-09-06,10,21.9,83,0.3,0
2020-09-06,11,22.8,78,2,70
2020-09-06,12,21.8,86,1.5,50
2020-09-06,13,21.4,88,1.5,50
2020-09-06,14,21.3,87,1.9,50
2020-09-06,15,21.7,85,1.6,20
2020-09-06,16,21.3,85,1.6,50
2020-09-06,17,21.7,77,2.3,70
2020-09-06,18,20.8,79,2.4,50
2020-09-06,19,20,80,1.5,20
2020-09-06,20,19.5,85,0.9,360
2020-09-06,21,18.7,96,0.9,340
2020-09-06,22,18.1,92,1.6,20
2020-09-06,23,17.4,97,1.6,360
2020-09-07,0,17.9,97,0.6,340
2020-09-07,1,18.5,94,1.5,20
2020-09-07,2,19,93,1.8,360
2020-09-07,3,20,90,2.1,20
2020-09-07,4,21.6,84,4.5,50
2020-09-07,5,21.2,88,4.9,50
2020-09-07,6,21,93,3.7,50
2020-09-07,7,21.8,92,4.5,50
2020-09-07,8,20.9,97,3.2,360
2020-09-07,9,21.8,97,4.4,20
2020-09-07,10,23.3,96,5.2,360
2020-09-07,11,24.1,93,4.3,290
2020-09-07,12,21.5,93,5.3,250
2020-09-07,13,20.5,84,4.6,230
2020-09-07,14,21.5,77,3.9,250
2020-09-07,15,22,76,3.9,230
2020-09-07,16,22,75,3.4,230
2020-09-07,17,22.1,75,4,230
2020-09-07,18,21.4,81,2.4,230
2020-09-07,19,20.4,93,1.1,160
2020-09-07,20,21.6,86,1.6,200
2020-09-07,21,22.2,78,3.7,230
2020-09-07,22,22.4,73,2.1,230
2020-09-07,23,21.3,75,1.2,200
2020-09-08,0,21.1,75,1.6,230
2020-09-08,1,20.8,77,1.3,230
2020-09-08,2,19,89,1.2,140
2020-09-08,3,18.7,87,0.6,200
2020-09-08,4,17,98,0.1,0
2020-09-08,5,16.9,99,0.7,340
2020-09-08,6,16.4,99,0.2,0
2020-09-08,7,16.9,100,0,0
2020-09-08,8,20.4,88,0.3,0
2020-09-08,9,24,69,2.2,230
2020-09-08,10,25.8,62,2.9,250
2020-09-08,11,26.9,58,4.6,230
2020-09-08,12,26.5,59,3.2,250
2020-09-08,13,28.4,52,3.5,270
2020-09-08,14,28.1,53,3.1,270
2020-09-08,15,27.3,56,2.3,270
2020-09-08,16,28.6,51,2.7,250
2020-09-08,17,27.9,51,3.1,270
2020-09-08,18,26.1,58,1.7,270
2020-09-08,19,22.6,80,1,70
2020-09-08,20,20.7,88,0.5,50
2020-09-08,21,19.5,94,0.4,0
2020-09-08,22,18.6,96,0.6,20
2020-09-08,23,18.5,98,0.2,0
2020-09-09,0,18,98,0.8,360
2020-09-09,1,18,99,0,0
2020-09-09,2,17.8,99,0.4,0
2020-09-09,3,17.7,98,0.3,0
2020-09-09,4,18.6,98,1.1,140
2020-09-09,5,18.7,99,0.2,0
2020-09-09,6,18,100,0.3,0
2020-09-09,7,18,100,0.2,0
2020-09-09,8,19.4,99,0.8,140
2020-09-09,9,21.4,85,0.5,320
2020-09-09,10,22,83,0.2,0
2020-09-09,11,24.3,71,0.8,340
2020-09-09,12,25.3,67,1.7,250
2020-09-09,13,24.7,67,1.8,160
2020-09-09,14,26.8,62,1,270
2020-09-09,15,27.1,53,2.6,250
2020-09-09,16,26.8,56,2.5,230
2020-09-09,17,26.3,59,2,230
2020-09-09,18,24.7,67,1,200
2020-09-09,19,22.3,83,0,0
2020-09-09,20,20.2,93,0.2,0
2020-09-09,21,19.4,96,0.2,0
2020-09-09,22,19.8,94,0.2,0
2020-09-09,23,19.6,98,0.2,0
2020-09-10,0,19.9,98,1,160
2020-09-10,1,19.6,99,0.1,0
2020-09-10,2,19.2,100,0.2,0
2020-09-10,3,19.1,100,0.3,0
2020-09-10,4,19.1,100,0.1,0
2020-09-10,5,19.2,100,0.7,340
2020-09-10,6,19,100,0.4,0
2020-09-10,7,19.3,100,0.3,0
2020-09-10,8,19.8,96,0.2,0
2020-09-10,9,20.6,92,0.4,0
2020-09-10,10,22.7,80,0.8,90
2020-09-10,11,23.2,79,1.1,200
2020-09-10,12,24.4,71,0.7,320
2020-09-10,13,25.2,67,0.8,320
2020-09-10,14,25.7,63,0.6,110
2020-09-10,15,25.7,62,1.1,290
2020-09-10,16,25.7,63,0.5,340
2020-09-10,17,26,60,0.6,290
2020-09-10,18,24.8,72,0.3,0
2020-09-10,19,20.9,89,1.1,50
2020-09-10,20,19.9,93,0.4,0
2020-09-10,21,19.4,96,0.2,0
2020-09-10,22,19.4,96,0.4,0
2020-09-10,23,19.2,97,0.2,0
2020-09-11,0,19.4,96,0.4,0
2020-09-11,1,19.4,94,1.2,180
2020-09-11,2,19.1,96,0.7,50
2020-09-11,3,18.9,97,0.7,50
2020-09-11,4,18.9,97,0.7,20
2020-09-11,5,19.1,95,0.5,50
2020-09-11,6,19,96,0.8,50
2020-09-11,7,19.3,94,0.6,290
2020-09-11,8,19.5,92,0.2,0
2020-09-11,9,19.9,91,0.6,320
2020-09-11,10,20.8,91,0.7,270
2020-09-11,11,22.4,80,0.4,0
2020-09-11,12,23.4,76,0.9,320
2020-09-11,13,25,67,2.2,70
2020-09-11,14,25.5,65,3.2,50
2020-09-11,15,24.7,64,2.1,50
2020-09-11,16,23.9,71,1.1,90
2020-09-11,17,23.6,70,2,70
2020-09-11,18,22.5,72,1.9,50
2020-09-11,19,21.9,71,2,50
2020-09-11,20,21.6,71,1.6,70
2020-09-11,21,20.1,86,1,70
2020-09-11,22,19.9,75,1.6,90
2020-09-11,23,18.9,86,0.2,0
2020-09-12,0,18.1,97,0.1,0
2020-09-12,1,17.9,96,0.8,50
2020-09-12,2,18,95,1,320
2020-09-12,3,17.7,97,1.7,50
2020-09-12,4,17.8,97,0.9,360
2020-09-12,5,17.9,98,0.2,0
2020-09-12,6,18,97,0.2,0
2020-09-12,7,17.9,99,0.3,0
2020-09-12,8,18.2,96,0.2,0
2020-09-12,9,18.7,93,1.4,340
2020-09-12,10,19.6,90,1.6,360
2020-09-12,11,20.3,90,1.6,360
2020-09-12,12,21.4,85,1.2,340
2020-09-12,13,21.8,87,1.3,70
2020-09-12,14,22.9,76,1.8,90
2020-09-12,15,24.6,62,2.9,70
2020-09-12,16,23.2,64,2.4,70
2020-09-12,17,22.6,67,1.2,70
2020-09-12,18,21.5,76,1.4,20
2020-09-12,19,20.3,84,0.7,90
2020-09-12,20,19.6,88,1.1,50
2020-09-12,21,19.2,89,0,0
2020-09-12,22,18.7,89,0.4,0
2020-09-12,23,18.6,89,0.3,0
2020-09-13,0,18.2,94,0.1,0
2020-09-13,1,18,95,0.1,0
2020-09-13,2,17.9,96,0,0
2020-09-13,3,17.9,95,0.4,0
2020-09-13,4,17.9,96,0.1,0
2020-09-13,5,17.9,98,0.2,0
2020-09-13,6,17.7,97,0.1,0
2020-09-13,7,18.1,96,0.2,0
2020-09-13,8,18.5,91,0.1,0
2020-09-13,9,19.6,87,0.5,320
2020-09-13,10,21.5,73,0.6,360
2020-09-13,11,21.7,70,0.9,320
2020-09-13,12,23,67,0.8,340
2020-09-13,13,24,64,0.7,90
2020-09-13,14,24,61,1.5,250
2020-09-13,15,23.9,62,0.5,160
2020-09-13,16,25.7,55,1.2,250
2020-09-13,17,24.9,57,0.6,290
2020-09-13,18,22.5,78,1.2,50
2020-09-13,19,21.3,85,0.2,0
2020-09-13,20,20.2,90,0,0
2020-09-13,21,19.2,93,0.1,0
2020-09-13,22,18.4,97,0,0
2020-09-13,23,18.3,96,0,0
2020-09-14,0,17.8,98,0,0
2020-09-14,1,16.8,98,0.9,70
2020-09-14,2,16.7,98,0.6,70
2020-09-14,3,17.3,97,0.1,0
2020-09-14,4,17.7,96,0.1,0
2020-09-14,5,17.7,96,0.2,0
2020-09-14,6,17.8,96,0.2,0
2020-09-14,7,18.2,95,0.3,0
2020-09-14,8,18.6,92,0.2,0
2020-09-14,9,19.9,84,0.7,230
2020-09-14,10,21.5,77,1.7,180
2020-09-14,11,23.5,68,1,160
2020-09-14,12,25,63,1.9,200
2020-09-14,13,25.1,58,1.2,250
2020-09-14,14,26.9,52,2.2,270
2020-09-14,15,26.9,52,2.8,290
2020-09-14,16,26.3,53,1.5,290
2020-09-14,17,26.2,55,1.9,270
2020-09-14,18,23.7,69,0.9,320
2020-09-14,19,20.7,85,1,70
2020-09-14,20,19.2,89,1.1,20
2020-09-14,21,18.1,96,0.5,360
2020-09-14,22,17.3,97,0.1,0
2020-09-14,23,16.7,98,0.4,0
2020-09-15,0,16.6,98,0.5,50
2020-09-15,1,16.1,98,0.1,0
2020-09-15,2,16.1,98,0.1,0
2020-09-15,3,16,98,0.1,0
2020-09-15,4,16.1,98,0.1,0
2020-09-15,5,16.1,98,0.5,360
2020-09-15,6,16.1,99,0.3,0
2020-09-15,7,16,98,0,0
2020-09-15,8,17.4,96,0.1,0
2020-09-15,9,20.3,82,0.4,0
2020-09-15,10,22.8,74,0.6,230
2020-09-15,11,25,64,1,250
2020-09-15,12,26.5,59,1.3,320
2020-09-15,13,27.3,52,1.7,110
2020-09-15,14,27.9,48,1.3,140
2020-09-15,15,27.7,47,1.6,230
2020-09-15,16,27.4,52,1.3,230
2020-09-15,17,27.5,52,1,290
2020-09-15,18,25.7,63,1.5,110
2020-09-15,19,23.6,73,0.7,180
2020-09-15,20,22.4,77,0.6,110
2020-09-15,21,20.8,88,1,50
2020-09-15,22,20.5,89,0.9,20
2020-09-15,23,20.5,90,0.5,20
2020-09-16,0,20.1,91,0.1,0
2020-09-16,1,19.8,91,0.7,50
2020-09-16,2,19.4,94,0.5,360
2020-09-16,3,19.4,94,0.3,0
2020-09-16,4,19.3,94,0,0
2020-09-16,5,19.3,92,0.6,360
2020-09-16,6,18.9,95,0.1,0
2020-09-16,7,18.7,97,0.5,50
2020-09-16,8,19.5,94,0.4,0
2020-09-16,9,21.1,85,0.3,0
2020-09-16,10,22.3,81,0.5,250
2020-09-16,11,23.8,73,1,180
2020-09-16,12,21.6,83,0.6,230
2020-09-16,13,22,77,1,50
2020-09-16,14,22.4,79,0.9,360
2020-09-16,15,23.4,75,0.9,340
2020-09-16,16,23,77,0.9,360
2020-09-16,17,22.7,79,0.6,20
2020-09-16,18,22.2,84,0.7,20
2020-09-16,19,21.6,88,0.5,340
2020-09-16,20,21.3,90,0.4,0
2020-09-16,21,20.9,93,0,0
2020-09-16,22,20.7,95,0,0
2020-09-16,23,20.6,94,0.2,0
2020-09-17,0,20.4,95,0.3,0
2020-09-17,1,20.4,97,0.3,0
2020-09-17,2,20.4,97,0,0
2020-09-17,3,20.1,98,0.1,0
2020-09-17,4,19.8,98,0.1,0
2020-09-17,5,19.8,98,0.1,0
2020-09-17,6,19.9,98,0.5,200
2020-09-17,7,20,98,0.5,250
2020-09-17,8,20.3,95,0.2,0
2020-09-17,9,20.6,93,0.4,0
2020-09-17,10,21.4,91,0.2,0
2020-09-17,11,22,85,0.5,320
2020-09-17,12,23.2,78,1.2,230
2020-09-17,13,23.9,73,1.9,290
2020-09-17,14,24.6,69,1.8,250
2020-09-17,15,24.1,69,1.2,230
2020-09-17,16,23.1,78,0.8,200
2020-09-17,17,22.1,91,0.2,0
2020-09-17,18,21,94,0.6,160
2020-09-17,19,20.7,97,0.2,0
2020-09-17,20,20.4,97,1.1,160
2020-09-17,21,20,98,0.6,70
2020-09-17,22,20,96,1,230
2020-09-17,23,19.7,96,0.1,0
2020-09-18,0,19.6,97,0.8,200
2020-09-18,1,18.3,90,1.5,200
2020-09-18,2,17.7,89,1.4,200
2020-09-18,3,17.2,93,0.1,0
2020-09-18,4,16.8,98,0.1,0
2020-09-18,5,16.8,98,0,0
2020-09-18,6,16.7,98,0,0
2020-09-18,7,16.8,99,0,0
2020-09-18,8,17.7,97,0,0
2020-09-18,9,19.2,88,1.2,230
2020-09-18,10,20.5,82,1,230
2020-09-18,11,21.8,75,1.7,250
2020-09-18,12,23.8,58,3,270
2020-09-18,13,23.6,56,2.5,290
2020-09-18,14,24.3,50,2.3,290
2020-09-18,15,24.8,50,2.6,320
2020-09-18,16,24.1,49,2,270
2020-09-18,17,23.4,52,2,270
2020-09-18,18,21.5,69,0.3,0
2020-09-18,19,17.7,86,0.5,20
2020-09-18,20,16,92,0.5,20
2020-09-18,21,14.9,93,0.6,50
2020-09-18,22,13.8,98,0,0
2020-09-18,23,13.2,98,0.3,0
2020-09-19,0,12.5,99,0.4,0
2020-09-19,1,11.9,99,0,0
2020-09-19,2,11.4,99,0.1,0
2020-09-19,3,11,99,0.1,0
2020-09-19,4,10.8,99,0.1,0
2020-09-19,5,10.6,99,0,0
2020-09-19,6,10.7,100,0.1,0
2020-09-19,7,10.8,100,0,0
2020-09-19,8,12.7,100,0.2,0
2020-09-19,9,16.6,84,0.2,0
2020-09-19,10,20.8,68,0.7,250
2020-09-19,11,22.6,62,2.5,290
2020-09-19,12,24.8,53,3.7,250
2020-09-19,13,25.4,51,1.9,290
2020-09-19,14,26.2,46,2.5,270
2020-09-19,15,26,43,3.5,250
2020-09-19,16,25.7,43,3.2,250
2020-09-19,17,22.5,64,2.6,360
2020-09-19,18,21.3,71,1.3,340
2020-09-19,19,19.1,85,0.7,20
2020-09-19,20,18.1,88,0.9,20
2020-09-19,21,17.5,92,0,0
2020-09-19,22,16.1,97,0,0
2020-09-19,23,15,98,0,0
2020-09-20,0,14.1,99,0,0
2020-09-20,1,13.2,99,0.2,0
2020-09-20,2,12.4,99,0.2,0
2020-09-20,3,11.8,100,0.1,0
2020-09-20,4,11.2,100,0.1,0
2020-09-20,5,11.1,100,0,0
2020-09-20,6,11.2,100,0.2,0
2020-09-20,7,11.2,100,0.1,0
2020-09-20,8,11.8,100,0.4,0
2020-09-20,9,14.9,89,0.4,0
2020-09-20,10,20.1,66,1.2,180
2020-09-20,11,23.1,41,3.5,320
2020-09-20,12,24,39,3.4,340
2020-09-20,13,24.6,32,4.4,290
2020-09-20,14,25.3,31,2.6,320
2020-09-20,15,25.2,33,3.8,320
2020-09-20,16,25.3,35,2.3,320
2020-09-20,17,24.1,38,2.2,320
2020-09-20,18,21.5,51,1.3,290
2020-09-20,19,16.7,76,1.3,50
2020-09-20,20,14.7,85,0.5,360
2020-09-20,21,13.5,90,0.6,50
2020-09-20,22,12.5,93,0.3,0
2020-09-20,23,11.7,95,0.4,0
2020-09-21,0,11,97,0.6,20
2020-09-21,1,10.6,98,0.2,0
2020-09-21,2,10,98,0.3,0
2020-09-21,3,9.6,98,0,0
2020-09-21,4,9.2,98,0.5,340
2020-09-21,5,8.8,99,0,0
2020-09-21,6,8.3,99,0.3,0
2020-09-21,7,8.6,99,0.2,0
2020-09-21,8,10.9,93,0.3,0
2020-09-21,9,14.5,80,0.2,0
2020-09-21,10,18.1,68,0.4,0
2020-09-21,11,19.8,62,1.1,180
2020-09-21,12,21,54,0.9,230
2020-09-21,13,22.2,49,1.2,270
2020-09-21,14,22.1,51,0.9,340
2020-09-21,15,22.3,48,1.1,230
2020-09-21,16,23.7,46,0.7,360
2020-09-21,17,22,55,1.4,70
2020-09-21,18,18.9,70,1,20
2020-09-21,19,16.4,81,0.3,0
2020-09-21,20,15.7,86,0.3,0
2020-09-21,21,14.5,88,0.4,0
2020-09-21,22,13.6,91,0.2,0
2020-09-21,23,12.6,94,0,0
2020-09-22,0,12,97,0.2,0
2020-09-22,1,11.6,97,0,0
2020-09-22,2,11.6,97,0,0
2020-09-22,3,11.6,98,0.1,0
2020-09-22,4,11.3,98,0.1,0
2020-09-22,5,10.9,99,0.2,0
2020-09-22,6,10.8,99,0,0
2020-09-22,7,11.2,98,0,0
2020-09-22,8,12.4,96,0.7,270
2020-09-22,9,14.3,92,0.8,270
2020-09-22,10,16.2,88,0.2,0
2020-09-22,11,18.7,75,0.8,250
2020-09-22,12,20.2,73,1,230
2020-09-22,13,21.4,60,2,70
2020-09-22,14,23.7,50,3.5,90
2020-09-22,15,22.9,51,3.7,90
2020-09-22,16,22.8,48,3.4,70
2020-09-22,17,21.8,49,3.3,90
2020-09-22,18,19.9,54,1.9,90
2020-09-22,19,18,58,2.2,70
2020-09-22,20,15.1,74,0.8,320
2020-09-22,21,13.1,87,0.4,0
2020-09-22,22,12.1,91,0.8,50
2020-09-22,23,11.5,94,0.1,0
2020-09-23,0,11,97,0,0
2020-09-23,1,10.4,97,0.1,0
2020-09-23,2,10.2,98,0.5,360
2020-09-23,3,10.3,98,0,0
2020-09-23,4,10,98,0.1,0
2020-09-23,5,10,98,0.3,0
2020-09-23,6,10.3,97,0.3,0
2020-09-23,7,10.8,97,0.3,0
2020-09-23,8,11.9,94,0.3,0
2020-09-23,9,12.9,90,0.5,320
2020-09-23,10,15.8,82,0.4,0
2020-09-23,11,19.8,69,1.2,250
2020-09-23,12,22.6,55,3,90
2020-09-23,13,22.4,54,3.1,90
2020-09-23,14,22.1,55,3,90
2020-09-23,15,22,55,2.3,90
2020-09-23,16,21.4,57,1.9,90
2020-09-23,17,21.1,61,1.9,70
2020-09-23,18,19.8,66,1.4,90
2020-09-23,19,18.9,71,1.2,70
2020-09-23,20,18.5,71,2.3,50
2020-09-23,21,18.1,75,1.5,50
2020-09-23,22,17.2,81,1.7,50
2020-09-23,23,17,83,1.1,50
2020-09-24,0,17.7,79,2.4,70
2020-09-24,1,17.8,78,1.7,70
2020-09-24,2,15.9,88,0.1,0
2020-09-24,3,15,93,0.2,0
2020-09-24,4,14.4,95,0.2,0
2020-09-24,5,13.6,98,0.1,0
2020-09-24,6,13.1,99,0.1,0
2020-09-24,7,13.1,98,0.2,0
2020-09-24,8,16,88,0.1,0
2020-09-24,9,20.7,68,1.4,360
2020-09-24,10,21.4,64,2.8,70
2020-09-24,11,22.5,63,2.9,50
2020-09-24,12,22.7,63,2.5,70
2020-09-24,13,23.7,55,3.2,90
2020-09-24,14,23.4,59,2.3,50
2020-09-24,15,22.9,61,2.5,50
2020-09-24,16,22.5,60,2.1,70
2020-09-24,17,22.3,59,2.2,90
2020-09-24,18,20.7,63,1.8,70
2020-09-24,19,19,70,0.2,0
2020-09-24,20,18.7,69,1.9,20
2020-09-24,21,15.8,84,0.5,340
2020-09-24,22,14.3,93,0,0
2020-09-24,23,13.6,96,0.1,0
2020-09-25,0,13.2,97,0.2,0
2020-09-25,1,13.4,96,0,0
2020-09-25,2,12.7,98,0.1,0
2020-09-25,3,12.6,98,0,0
2020-09-25,4,13.1,97,0.2,0
2020-09-25,5,13.1,97,0,0
2020-09-25,6,13.4,97,0.1,0
2020-09-25,7,13.8,96,0.1,0
2020-09-25,8,15.5,89,0,0
2020-09-25,9,17.5,81,0.2,0
2020-09-25,10,20.7,71,1,160
2020-09-25,11,22.3,66,2.4,20
2020-09-25,12,23.9,57,3.2,90
2020-09-25,13,24.5,56,3.5,50
2020-09-25,14,24,57,2.6,70
2020-09-25,15,23.8,55,3,50
2020-09-25,16,23.2,57,2.7,20
2020-09-25,17,23.2,53,2.7,50
2020-09-25,18,21.3,59,2.9,50
2020-09-25,19,19.9,56,2.9,50
2020-09-25,20,18.2,63,1.4,20
2020-09-25,21,15.1,81,1,320
2020-09-25,22,13.6,89,0.6,340
2020-09-25,23,12.7,92,0.4,0
2020-09-26,0,12.1,95,0,0
2020-09-26,1,11.4,97,0.3,0
2020-09-26,2,11.3,97,0.1,0
2020-09-26,3,11.2,97,0,0
2020-09-26,4,11.1,98,0.1,0
2020-09-26,5,10.9,98,0.6,20
2020-09-26,6,10.8,98,0,0
2020-09-26,7,11.1,98,0.1,0
2020-09-26,8,12.3,94,0,0
2020-09-26,9,14.5,87,0,0
2020-09-26,10,18.3,72,0.5,140
2020-09-26,11,20.5,62,1.2,320
2020-09-26,12,22.3,57,2.6,50
2020-09-26,13,22.8,55,1.9,70
2020-09-26,14,23.4,51,2.1,20
2020-09-26,15,24.8,44,3,70
2020-09-26,16,24.4,44,1.9,20
2020-09-26,17,23.8,48,2.7,50
2020-09-26,18,21.4,56,1.4,50
2020-09-26,19,17.5,78,0.5,360
2020-09-26,20,19.4,68,1.7,110
2020-09-26,21,17.2,81,0.2,0
2020-09-26,22,16.3,84,0.9,70
2020-09-26,23,14.7,92,0.1,0
2020-09-27,0,15,91,0.3,0
2020-09-27,1,14.1,95,0.8,360
2020-09-27,2,14,96,0.1,0
2020-09-27,3,13,98,0.6,20
2020-09-27,4,12.4,98,0,0
2020-09-27,5,11.8,99,0,0
2020-09-27,6,11.1,99,0,0
2020-09-27,7,11.3,99,0,0
2020-09-27,8,13.5,98,0.5,230
2020-09-27,9,17,80,0.2,0
2020-09-27,10,20.6,64,1,320
2020-09-27,11,22.8,55,1.6,50
2020-09-27,12,22.6,52,1.8,70
2020-09-27,13,23.4,46,2.8,90
2020-09-27,14,24.6,40,2.1,90
2020-09-27,15,24.9,40,2.2,90
2020-09-27,16,24.3,44,1.8,70
2020-09-27,17,23.2,47,2.7,90
2020-09-27,18,20.7,59,1.2,140
2020-09-27,19,17.7,72,0.7,230
2020-09-27,20,15.6,82,0.8,70
2020-09-27,21,14.1,87,0.7,50
2020-09-27,22,12.7,93,0.7,20
2020-09-27,23,12,94,0.6,360
2020-09-28,0,11.4,97,0.4,0
2020-09-28,1,10.6,97,0.3,0
2020-09-28,2,10.1,98,0.1,0
2020-09-28,3,9.6,98,0,0
2020-09-28,4,9,99,0,0
2020-09-28,5,8.7,99,0,0
2020-09-28,6,8.3,99,0,0
2020-09-28,7,8.6,99,0,0
2020-09-28,8,10.5,99,1,360
2020-09-28,9,13.1,90,0.5,340
2020-09-28,10,17.1,76,0.4,0
2020-09-28,11,20.4,59,1,250
2020-09-28,12,22.4,53,1.6,230
2020-09-28,13,22.8,49,0.7,250
2020-09-28,14,24,45,1.2,290
2020-09-28,15,24.3,44,1.6,320
2020-09-28,16,24.1,48,2.2,250
2020-09-28,17,23.6,49,1.2,270
2020-09-28,18,20,70,0.7,340
2020-09-28,19,16.9,84,1.3,50
2020-09-28,20,15.3,91,0.1,0
2020-09-28,21,13.9,95,0.3,0
2020-09-28,22,13,97,0.4,0
2020-09-28,23,12.3,97,0,0
2020-09-29,0,11.7,98,0.3,0
2020-09-29,1,11.2,98,0.3,0
2020-09-29,2,10.9,98,0.2,0
2020-09-29,3,10.2,99,0.1,0
2020-09-29,4,9.7,99,0.3,0
2020-09-29,5,9.8,99,0,0
2020-09-29,6,10,100,0.1,0
2020-09-29,7,10.2,100,0.4,0
2020-09-29,8,10.6,100,0.8,340
2020-09-29,9,11.7,100,0.3,0
2020-09-29,10,15.7,83,0.3,0
2020-09-29,11,19.6,68,1,180
2020-09-29,12,21.3,66,0.9,270
2020-09-29,13,23.5,57,1.5,200
2020-09-29,14,23.6,46,1.2,360
2020-09-29,15,24.9,42,1,20
2020-09-29,16,23.8,48,1.8,290
2020-09-29,17,22.6,59,1,270
2020-09-29,18,19.8,76,0.8,70
2020-09-29,19,16.9,85,0.6,360
2020-09-29,20,15.7,88,0.6,360
2020-09-29,21,14.5,93,0.3,0
2020-09-29,22,13.4,96,0.2,0
2020-09-29,23,12.6,97,0.4,0
2020-09-30,0,12.6,97,0.3,0
2020-09-30,1,12.5,97,0.2,0
2020-09-30,2,11.8,98,0,0
2020-09-30,3,11.5,98,0.3,0
2020-09-30,4,10.9,99,0.2,0
2020-09-30,5,10.6,99,0.1,0
2020-09-30,6,10.6,98,0.3,0
2020-09-30,7,11.1,98,0.1,0
2020-09-30,8,12.1,97,0.2,0
2020-09-30,9,15.3,79,0.3,0
2020-09-30,10,18.6,69,0.4,0
2020-09-30,11,21.8,62,0.8,200
2020-09-30,12,22.2,54,0.7,20
2020-09-30,13,24.2,44,0.9,140
2020-09-30,14,25.1,40,1.9,320
2020-09-30,15,24.7,41,0.9,320
2020-09-30,16,24.5,42,0.9,70
2020-09-30,17,24,45,1,50
2020-09-30,18,20.6,65,0.7,50
2020-09-30,19,19.5,69,0.9,90
2020-09-30,20,17.3,82,0.6,320
2020-09-30,21,15.3,89,0.7,20
2020-09-30,22,14,93,0.1,0
2020-09-30,23,13,95,0.1,0
2021-06-01,0,16.5,92,0.6,50
2021-06-01,1,15.4,96,1,20
2021-06-01,2,14.5,98,1,50
2021-06-01,3,13.9,99,0,0
2021-06-01,4,13.4,99,0,0
2021-06-01,5,13,99,0.4,0
2021-06-01,6,13.1,99,0.1,0
2021-06-01,7,14.3,98,0.3,0
2021-06-01,8,16.2,93,0.1,0
2021-06-01,9,19.2,79,1,90
2021-06-01,10,21,65,0.8,90
2021-06-01,11,22.9,59,1.4,320
2021-06-01,12,24,56,1,320
2021-06-01,13,25.5,52,1.7,290
2021-06-01,14,26.3,50,1.8,340
2021-06-01,15,27.4,48,2.1,320
2021-06-01,16,27.7,46,2.1,290
2021-06-01,17,27.5,44,1.3,270
2021-06-01,18,26.5,47,1.3,270
2021-06-01,19,23.5,69,1,340
2021-06-01,20,21.6,76,0.6,50
2021-06-01,21,20.3,83,0.6,20
2021-06-01,22,19.5,86,0.3,0
2021-06-01,23,18.9,87,0.3,0
2021-06-02,0,18.5,90,0.1,0
2021-06-02,1,18,89,0.6,360
2021-06-02,2,17.5,90,0.3,0
2021-06-02,3,16.5,93,0.6,90
2021-06-02,4,16,95,0.1,0
2021-06-02,5,15.2,98,0.5,360
2021-06-02,6,15,98,0.3,0
2021-06-02,7,16.3,93,0.3,0
2021-06-02,8,19.8,74,0.2,0
2021-06-02,9,22.5,67,1.5,320
2021-06-02,10,25.5,59,1,290
2021-06-02,11,28.4,47,1.5,290
2021-06-02,12,29.2,35,1.4,250
2021-06-02,13,30.2,25,0.8,320
2021-06-02,14,30.3,28,1,340
2021-06-02,15,30.1,29,1.4,250
2021-06-02,16,29.7,32,1.5,320
2021-06-02,17,28.9,40,1.2,180
2021-06-02,18,28.4,43,2.7,230
2021-06-02,19,26.4,43,0.9,200
2021-06-02,20,21.3,69,0.6,20
2021-06-02,21,19.3,79,0.2,0
2021-06-02,22,18,81,0.2,0
2021-06-02,23,16.8,90,0.4,0
2021-06-03,0,16,93,0.4,0
2021-06-03,1,15.4,95,0.3,0
2021-06-03,2,14.9,96,0.7,360
2021-06-03,3,14.7,97,0.2,0
2021-06-03,4,14.1,97,0.2,0
2021-06-03,5,13.6,98,0.5,360
2021-06-03,6,14.2,98,0.3,0
2021-06-03,7,16.3,92,0.6,340
2021-06-03,8,18.2,80,0.4,0
2021-06-03,9,19.9,72,0.4,0
2021-06-03,10,19.5,83,0.6,230
2021-06-03,11,20.1,84,1.2,320
2021-06-03,12,19.3,91,0.7,230
2021-06-03,13,18.9,93,0.6,270
2021-06-03,14,19.3,95,0.5,50
2021-06-03,15,19.2,97,0.8,340
2021-06-03,16,19.2,98,0.7,20
2021-06-03,17,19,99,0.4,0
2021-06-03,18,19,99,0.9,360
2021-06-03,19,18.9,100,0.5,340
2021-06-03,20,18.7,100,0,0
2021-06-03,21,18.8,100,0.3,0
2021-06-03,22,19,98,0.3,0
2021-06-03,23,18.5,99,0.6,200
2021-06-04,0,18.4,98,1.7,250
2021-06-04,1,18,97,1,230
2021-06-04,2,17.7,97,0.5,230
2021-06-04,3,17.5,96,1.1,270
2021-06-04,4,17,95,2,250
2021-06-04,5,16.1,89,1.6,270
2021-06-04,6,15,97,0.7,20
2021-06-04,7,15.9,92,0.3,0
2021-06-04,8,17.6,74,1.6,270
2021-06-04,9,18.1,71,2.8,250
2021-06-04,10,19.8,62,2.6,250
2021-06-04,11,20.5,61,2.4,250
2021-06-04,12,21.1,57,2.1,250
2021-06-04,13,22.8,54,1.8,250
2021-06-04,14,24.4,48,2.9,270
2021-06-04,15,24.8,45,3.3,270
2021-06-04,16,25.3,38,4,270
2021-06-04,17,25.3,38,3.3,290
2021-06-04,18,24.8,38,3.2,270
2021-06-04,19,23.2,44,1.8,270
2021-06-04,20,18.7,68,0.2,0
2021-06-04,21,16,78,1,70
2021-06-04,22,14.4,80,0.5,50
2021-06-04,23,13.5,87,0.4,0
2021-06-05,0,12.5,93,0.5,360
2021-06-05,1,11.3,97,0.2,0
2021-06-05,2,10.6,98,0.1,0
2021-06-05,3,10.1,97,0.4,0
2021-06-05,4,9.4,98,0.5,20
2021-06-05,5,9,98,0.5,340
2021-06-05,6,9.2,98,0.4,0
2021-06-05,7,11.2,92,0.1,0
2021-06-05,8,14.5,79,0.1,0
2021-06-05,9,18.3,62,0.4,0
2021-06-05,10,21.2,52,1.6,340
2021-06-05,11,23.8,46,1.3,230
2021-06-05,12,24.4,46,1.4,180
2021-06-05,13,26.8,46,3,230
2021-06-05,14,27.5,45,2.3,230
2021-06-05,15,29,42,2.8,250
2021-06-05,16,28.4,45,2.6,230
2021-06-05,17,28.8,42,3.2,270
2021-06-05,18,27.9,45,2.5,270
2021-06-05,19,26,51,1.7,290
2021-06-05,20,22.6,70,1.2,110
2021-06-05,21,19.6,82,1,20
2021-06-05,22,18.2,90,0.3,0
2021-06-05,23,17.3,93,0.1,0
2021-06-06,0,16.4,96,0.3,0
2021-06-06,1,15.7,97,0.3,0
2021-06-06,2,15.2,97,0.1,0
2021-06-06,3,14.7,98,0.1,0
2021-06-06,4,14.5,99,0,0
2021-06-06,5,14.4,98,0,0
2021-06-06,6,14.5,98,0.2,0
2021-06-06,7,16.5,93,0.2,0
2021-06-06,8,19.4,86,0.2,0
2021-06-06,9,22.5,72,0.6,340
2021-06-06,10,24.3,59,0.8,20
2021-06-06,11,24.4,55,1.4,270
2021-06-06,12,23,68,0.8,110
2021-06-06,13,25.6,52,1.6,200
2021-06-06,14,26.8,46,2.7,230
2021-06-06,15,26.2,51,0.9,250
2021-06-06,16,28.3,48,2.5,270
2021-06-06,17,28.1,49,1.7,250
2021-06-06,18,27.4,53,1.5,250
2021-06-06,19,25.3,70,0.6,340
2021-06-06,20,22.4,80,0.9,20
2021-06-06,21,20.4,88,0.7,50
2021-06-06,22,19.3,94,0.6,360
2021-06-06,23,18.5,96,0.1,0
2021-06-07,0,17.7,97,0.2,0
2021-06-07,1,17.3,98,0.3,0
2021-06-07,2,16.6,98,0.2,0
2021-06-07,3,15.9,99,0.4,0
2021-06-07,4,15.4,99,0.5,320
2021-06-07,5,15,99,0.3,0
2021-06-07,6,15.8,100,0.2,0
2021-06-07,7,16.1,100,0.2,0
2021-06-07,8,17.4,100,0.5,360
2021-06-07,9,22.6,82,0.6,360
2021-06-07,10,25.4,56,1,290
2021-06-07,11,28.1,38,2.4,320
2021-06-07,12,27.8,36,2.7,320
2021-06-07,13,27.8,37,1.5,270
2021-06-07,14,26.8,43,0.7,320
2021-06-07,15,25.4,61,1,70
2021-06-07,16,27.4,47,0.8,50
2021-06-07,17,28.2,44,0.9,290
2021-06-07,18,27.6,45,0.4,0
2021-06-07,19,24.2,66,1.2,50
2021-06-07,20,21.6,81,0.6,20
2021-06-07,21,20,82,0.8,70
2021-06-07,22,19.2,89,0.1,0
2021-06-07,23,18.4,92,0.1,0
2021-06-08,0,18,93,0.7,340
2021-06-08,1,17.7,93,0.3,0
2021-06-08,2,17.3,95,0.4,0
2021-06-08,3,17.1,96,0.1,0
2021-06-08,4,17.3,95,0,0
2021-06-08,5,17.1,96,0.3,0
2021-06-08,6,16.8,97,0.2,0
2021-06-08,7,17.9,93,0.3,0
2021-06-08,8,20.1,82,0,0
2021-06-08,9,23,74,0.9,340
2021-06-08,10,25.6,59,1.2,320
2021-06-08,11,27.8,50,0.7,90
2021-06-08,12,28.8,44,1.1,250
2021-06-08,13,29.1,42,1,250
2021-06-08,14,30.6,34,1.1,230
2021-06-08,15,31.1,33,1.8,230
2021-06-08,16,31.6,23,2.1,250
2021-06-08,17,31.4,28,1.5,250
2021-06-08,18,29.8,43,0.7,340
2021-06-08,19,26.7,55,1.3,180
2021-06-08,20,24.8,57,1.1,160
2021-06-08,21,23.2,63,0.4,0
2021-06-08,22,20.9,78,0.6,360
2021-06-08,23,20.8,78,0.1,0
2021-06-09,0,20.4,81,0.6,340
2021-06-09,1,19.8,85,0.5,360
2021-06-09,2,19.4,80,1,50
2021-06-09,3,18.9,83,0.6,90
2021-06-09,4,17.7,88,0.8,50
2021-06-09,5,16.9,94,0.5,360
2021-06-09,6,16.9,94,0.5,20
2021-06-09,7,18.4,83,0.1,0
2021-06-09,8,20.5,73,0.3,0
2021-06-09,9,23.7,59,0.5,20
2021-06-09,10,25.7,51,1.2,290
2021-06-09,11,27.9,48,0.7,340
2021-06-09,12,28.9,47,1.3,320
2021-06-09,13,29.7,43,1.3,70
2021-06-09,14,31.2,43,1.4,140
2021-06-09,15,31.6,39,1.5,320
2021-06-09,16,32.1,37,1.4,290
2021-06-09,17,31.8,38,1.1,200
2021-06-09,18,30.9,42,1.4,200
2021-06-09,19,28.5,51,1,230
2021-06-09,20,24.8,72,0.3,0
2021-06-09,21,23,80,0.5,360
2021-06-09,22,21.5,84,0.4,0
2021-06-09,23,20.4,86,0.2,0
2021-06-10,0,18.8,91,0.7,20
2021-06-10,1,18.2,92,0.5,20
2021-06-10,2,17.8,93,0.4,0
2021-06-10,3,17,95,0.7,20
2021-06-10,4,16.7,97,0.4,0
2021-06-10,5,16.1,97,0.4,0
2021-06-10,6,16.4,95,0.8,50
2021-06-10,7,17.7,90,0.2,0
2021-06-10,8,19.7,79,0.4,0
2021-06-10,9,22.1,68,0.8,290
2021-06-10,10,25.6,50,0.9,20
2021-06-10,11,27.8,43,1.1,270
2021-06-10,12,29.4,39,1.6,250
2021-06-10,13,29.7,39,1.7,230
2021-06-10,14,30.3,41,1,230
2021-06-10,15,29.3,43,2,200
2021-06-10,16,29.1,48,1.3,230
2021-06-10,17,28.5,50,2,230
2021-06-10,18,27.1,56,1,200
2021-06-10,19,25.9,58,0.9,200
2021-06-10,20,25.1,58,1,230
2021-06-10,21,23.8,69,0.4,0
2021-06-10,22,21.9,81,0.5,360
2021-06-10,23,20.6,92,0.6,320
2021-06-11,0,20.2,97,0.4,0
2021-06-11,1,20.4,98,0.4,0
2021-06-11,2,20.2,99,0.6,340
2021-06-11,3,20.2,99,0.3,0
2021-06-11,4,20.1,100,0.5,360
2021-06-11,5,20.1,100,0.4,0
2021-06-11,6,20.1,99,0.5,20
2021-06-11,7,19.7,98,0.8,360
2021-06-11,8,19.5,97,0.6,140
2021-06-11,9,20,93,0.1,0
2021-06-11,10,20.3,94,0.5,20
2021-06-11,11,20.8,90,0.4,0
2021-06-11,12,21.5,90,0.4,0
2021-06-11,13,22.5,84,0.5,250
2021-06-11,14,23.6,80,0.6,160
2021-06-11,15,25.6,74,1.4,200
2021-06-11,16,26.5,70,1.3,200
2021-06-11,17,25.6,72,1.6,230
2021-06-11,18,26,72,1.2,180
2021-06-11,19,25,77,1.1,200
2021-06-11,20,23.3,84,1,230
2021-06-11,21,21.4,96,0.2,0
2021-06-11,22,20.8,96,0.8,90
2021-06-11,23,19.9,98,0.4,0
2021-06-12,0,19.3,99,0.1,0
2021-06-12,1,18.8,99,0.4,0
2021-06-12,2,18.7,99,0.3,0
2021-06-12,3,18.8,100,0.3,0
2021-06-12,4,19,99,0.1,0
2021-06-12,5,19.2,99,0.1,0
2021-06-12,6,19.7,98,0.6,290
2021-06-12,7,20.5,96,0.2,0
2021-06-12,8,21.9,91,0.3,0
2021-06-12,9,24.3,81,0.7,290
2021-06-12,10,26.5,68,1,340
2021-06-12,11,27.1,64,0.8,360
2021-06-12,12,27.6,65,1.3,20
2021-06-12,13,28.1,64,0.5,110
2021-06-12,14,29.4,58,1.6,160
2021-06-12,15,29.9,55,1.3,90
2021-06-12,16,29.4,55,0.9,110
2021-06-12,17,28.7,62,2.2,200
2021-06-12,18,27.7,66,2.1,230
2021-06-12,19,26.1,72,1.8,230
2021-06-12,20,24.6,77,0.9,250
2021-06-12,21,23,88,0.7,360
2021-06-12,22,21.9,90,1.1,50
2021-06-12,23,21,95,0.4,0
2021-06-13,0,20,96,0.5,20
2021-06-13,1,19.2,97,0.4,0
2021-06-13,2,18.7,98,0.2,0
2021-06-13,3,18.1,98,0.2,0
2021-06-13,4,17.8,98,0.3,0
2021-06-13,5,17.6,98,0.3,0
2021-06-13,6,17.9,98,0.6,360
2021-06-13,7,19.7,93,0.3,0
2021-06-13,8,22,84,0.5,360
2021-06-13,9,24.6,73,0.6,340
2021-06-13,10,26,68,0.9,320
2021-06-13,11,27.6,64,1.5,200
2021-06-13,12,28.9,58,0.7,340
2021-06-13,13,30.9,48,1.6,290
2021-06-13,14,29.9,48,0.7,180
2021-06-13,15,29.5,54,1.2,180
2021-06-13,16,30,50,1,250
2021-06-13,17,29.6,56,2.2,90
2021-06-13,18,28.3,57,1.3,140
2021-06-13,19,27.3,55,0.7,140
2021-06-13,20,23.7,76,1.2,70
2021-06-13,21,22.1,82,0.7,50
2021-06-13,22,21,89,0.7,20
2021-06-13,23,19.8,91,0.7,50
2021-06-14,0,19.4,94,1.2,50
2021-06-14,1,19.1,95,0.6,20
2021-06-14,2,19.2,95,0.6,50
2021-06-14,3,18.9,94,0.6,360
2021-06-14,4,19.2,93,0.8,50
2021-06-14,5,19.6,92,0.2,0
2021-06-14,6,19.4,94,0.6,360
2021-06-14,7,20.7,88,0.3,0
2021-06-14,8,21.5,86,0.5,360
2021-06-14,9,22.5,80,0.5,340
2021-06-14,10,24.3,75,0.8,320
2021-06-14,11,25.4,70,1,250
2021-06-14,12,25.7,69,1.1,230
2021-06-14,13,27.1,64,1,270
2021-06-14,14,28.5,57,1.4,250
2021-06-14,15,28,60,1.2,200
2021-06-14,16,26.9,63,1.9,90
2021-06-14,17,26.4,70,0.9,70
2021-06-14,18,26.3,64,1.4,160
2021-06-14,19,25,69,0.9,180
2021-06-14,20,23.4,76,0.6,160
2021-06-14,21,22.4,79,0.4,0
2021-06-14,22,20.5,90,0.7,50
2021-06-14,23,20.9,85,0.9,90
2021-06-15,0,19.7,92,0.5,50
2021-06-15,1,19,95,0.7,50
2021-06-15,2,18.3,96,0.5,340
2021-06-15,3,18.6,94,0.2,0
2021-06-15,4,18.6,95,0.5,20
2021-06-15,5,18.2,96,0,0
2021-06-15,6,18.1,97,0.4,0
2021-06-15,7,19.6,91,0.3,0
2021-06-15,8,21.3,83,0.7,20
2021-06-15,9,22.2,79,0.3,0
2021-06-15,10,22.8,77,0.2,0
2021-06-15,11,22.9,79,1.3,230
2021-06-15,12,23,76,0.8,340
2021-06-15,13,22.9,82,1,50
2021-06-15,14,22.5,88,1.2,70
2021-06-15,15,23.2,80,1.5,50
2021-06-15,16,23.9,77,1.7,70
2021-06-15,17,23.4,77,1.7,70
2021-06-15,18,22.6,80,1.2,70
2021-06-15,19,21.7,82,1.5,50
2021-06-15,20,20.2,92,0.7,110
2021-06-15,21,20.1,92,0.8,90
2021-06-15,22,19.9,94,0.4,0
2021-06-15,23,19.7,94,1,20
2021-06-16,0,19.5,96,0.5,360
2021-06-16,1,19.3,97,0.9,20
2021-06-16,2,19.2,98,0.5,20
2021-06-16,3,19.1,96,0.7,20
2021-06-16,4,19.1,93,1,70
2021-06-16,5,18.2,98,0.3,0
2021-06-16,6,18.2,97,0.9,360
2021-06-16,7,18.5,97,1,20
2021-06-16,8,19.7,94,1,360
2021-06-16,9,21.4,81,2,50
2021-06-16,10,21,79,2.8,70
2021-06-16,11,22.3,73,3,70
2021-06-16,12,22.5,72,2.9,70
2021-06-16,13,23.4,68,4.3,50
2021-06-16,14,24.1,64,4,90
2021-06-16,15,23.8,66,2.7,110
2021-06-16,16,23.1,68,2.3,70
2021-06-16,17,22.6,71,1.6,70
2021-06-16,18,20.8,77,3.6,90
2021-06-16,19,20.1,81,2.9,90
2021-06-16,20,19.9,79,2.5,70
2021-06-16,21,19.8,79,1.2,90
2021-06-16,22,19.6,79,1.4,70
2021-06-16,23,19.4,77,1.9,50
2021-06-17,0,19.1,79,0.7,50
2021-06-17,1,18.8,80,1.3,90
2021-06-17,2,18.7,80,0.8,50
2021-06-17,3,18.4,83,0.6,360
2021-06-17,4,18.2,84,1.1,50
2021-06-17,5,18,85,0.9,70
2021-06-17,6,18,86,0.4,0
2021-06-17,7,18.3,83,0.4,0
2021-06-17,8,18.9,79,1.1,70
2021-06-17,9,19.3,78,1.4,90
2021-06-17,10,19.1,77,0.6,50
2021-06-17,11,19.8,75,1.3,70
2021-06-17,12,20.2,76,1.8,50
2021-06-17,13,21.9,72,1.7,110
2021-06-17,14,22.2,67,1.4,230
2021-06-17,15,22.1,68,1.3,250
2021-06-17,16,22,71,1.1,360
2021-06-17,17,22.1,70,1,50
2021-06-17,18,21.4,75,0.7,20
2021-06-17,19,20.9,82,0.7,360
2021-06-17,20,20.1,88,0.5,50
2021-06-17,21,19.7,91,0.1,0
2021-06-17,22,19.2,93,0.3,0
2021-06-17,23,18.8,95,0.2,0
2021-06-18,0,18.5,96,0.2,0
2021-06-18,1,18.4,97,0.5,50
2021-06-18,2,18.2,98,0.3,0
2021-06-18,3,18,97,0.1,0
2021-06-18,4,18,99,0,0
2021-06-18,5,18,99,0.2,0
2021-06-18,6,18,99,0.6,200
2021-06-18,7,18.3,98,0.7,250
2021-06-18,8,18.7,98,0.1,0
2021-06-18,9,19.4,94,0.3,0
2021-06-18,10,20.2,92,0.8,200
2021-06-18,11,21.8,84,0.6,200
2021-06-18,12,22.7,81,1.3,200
2021-06-18,13,23.8,76,1.3,200
2021-06-18,14,24.3,73,1.4,230
2021-06-18,15,24.3,74,0.8,200
2021-06-18,16,25.3,69,1,270
2021-06-18,17,24.6,73,1.3,320
2021-06-18,18,24.3,74,1.3,290
2021-06-18,19,23.7,77,0.6,320
2021-06-18,20,21.8,85,0.1,0
2021-06-18,21,20.2,96,1,20
2021-06-18,22,19.3,98,0.3,0
2021-06-18,23,18.3,99,0.1,0
2021-06-19,0,17.6,99,0.5,340
2021-06-19,1,16.9,99,0,0
2021-06-19,2,17.1,100,0.2,0
2021-06-19,3,17.4,100,0,0
2021-06-19,4,16.9,100,0.2,0
2021-06-19,5,16.5,100,0.2,0
2021-06-19,6,16.5,100,0,0
2021-06-19,7,16.9,100,0.1,0
2021-06-19,8,17.8,100,0.5,290
2021-06-19,9,21.2,82,0.8,180
2021-06-19,10,23,72,0.8,90
2021-06-19,11,24.2,64,1.6,270
2021-06-19,12,25.4,55,1.5,250
2021-06-19,13,27.6,47,1.5,270
2021-06-19,14,28.2,44,1.6,250
2021-06-19,15,27.9,44,2.4,290
2021-06-19,16,28.7,42,1.4,290
2021-06-19,17,29.3,38,1.8,290
2021-06-19,18,28.9,39,1.5,270
2021-06-19,19,26,56,1,320
2021-06-19,20,21.8,72,1.2,50
2021-06-19,21,19.9,79,0.8,50
2021-06-19,22,18.6,86,0.7,50
2021-06-19,23,17.4,92,0.5,360
2021-06-20,0,16.6,95,0.1,0
2021-06-20,1,15.7,97,0.1,0
2021-06-20,2,15.4,97,0.2,0
2021-06-20,3,15.1,98,0.4,0
2021-06-20,4,14.9,98,0.3,0
2021-06-20,5,14.6,98,0.4,0
2021-06-20,6,15.1,98,0,0
2021-06-20,7,16.5,92,0.1,0
2021-06-20,8,19.2,82,0.1,0
2021-06-20,9,22.8,70,0.9,270
2021-06-20,10,24.7,61,1.2,200
2021-06-20,11,27.2,52,1.3,250
2021-06-20,12,28.4,44,1.4,180
2021-06-20,13,30.6,35,2.6,270
2021-06-20,14,30.9,30,2,250
2021-06-20,15,30.8,32,2.3,270
2021-06-20,16,30.7,34,2.5,320
2021-06-20,17,31.6,32,2.2,290
2021-06-20,18,30.7,33,2.1,270
2021-06-20,19,28.2,49,0.9,290
2021-06-20,20,23.6,63,0.8,70
2021-06-20,21,20.9,72,0.7,20
2021-06-20,22,19.2,75,0.7,20
2021-06-20,23,17.7,81,0.6,20
2021-06-21,0,17.1,84,0.3,0
2021-06-21,1,16.8,86,0.1,0
2021-06-21,2,16.3,89,0.2,0
2021-06-21,3,15.3,92,0.3,0
2021-06-21,4,14.7,95,0.2,0
2021-06-21,5,14.6,95,0.5,360
2021-06-21,6,15,93,0.4,0
2021-06-21,7,16.5,88,0.2,0
2021-06-21,8,18.4,82,0.2,0
2021-06-21,9,22.6,75,0.8,270
2021-06-21,10,23.5,67,1.4,180
2021-06-21,11,24.9,60,1.6,180
2021-06-21,12,28.5,46,2,320
2021-06-21,13,27.7,47,1.9,290
2021-06-21,14,27.9,45,1.9,250
2021-06-21,15,30.2,38,3.4,320
2021-06-21,16,30.1,37,3,290
2021-06-21,17,29.2,40,2.8,250
2021-06-21,18,28.9,40,2.3,290
2021-06-21,19,24.5,63,2.5,90
2021-06-21,20,22.5,69,1.3,160
2021-06-21,21,21.3,72,1.7,140
2021-06-21,22,20,77,1,70
2021-06-21,23,18,89,1.5,50
2021-06-22,0,17.8,90,0.3,0
2021-06-22,1,17.1,93,0.4,0
2021-06-22,2,16.6,94,0.1,0
2021-06-22,3,15.7,97,0.6,20
2021-06-22,4,15.3,97,0.4,0
2021-06-22,5,15,97,0.4,0
2021-06-22,6,16,95,0.7,50
2021-06-22,7,17.3,90,0.1,0
2021-06-22,8,19.2,81,0.7,70
2021-06-22,9,20.9,74,0.5,360
2021-06-22,10,21.7,71,1.1,250
2021-06-22,11,21.4,71,0.9,230
2021-06-22,12,22.2,68,0.9,140
2021-06-22,13,23.7,66,1.5,70
2021-06-22,14,24.4,64,1.6,90
2021-06-22,15,24.6,63,1.8,50
2021-06-22,16,24.6,62,0.6,360
2021-06-22,17,25,63,1.6,70
2021-06-22,18,24.2,65,1.5,140
2021-06-22,19,22.6,70,1.3,160
2021-06-22,20,21.5,74,0.9,180
2021-06-22,21,20.8,77,0.7,160
2021-06-22,22,18.9,95,1.3,70
2021-06-22,23,18.3,95,0.7,90
2021-06-23,0,18,94,1.5,50
2021-06-23,1,17.5,95,0.5,250
2021-06-23,2,17.4,92,0.6,50
2021-06-23,3,16.7,97,0.6,360
2021-06-23,4,16.3,98,0.2,0
2021-06-23,5,15.7,99,0.3,0
2021-06-23,6,15.7,99,0.5,50
2021-06-23,7,17.4,95,0.7,20
2021-06-23,8,18.7,83,1.3,70
2021-06-23,9,19,83,0.6,70
2021-06-23,10,19.7,82,0.5,320
2021-06-23,11,20.8,75,0.4,0
2021-06-23,12,21.2,71,0.9,160
2021-06-23,13,21.3,72,1.3,160
2021-06-23,14,21.9,71,1.1,90
2021-06-23,15,22,69,1.4,70
2021-06-23,16,23.3,68,1.3,90
2021-06-23,17,22.7,68,1.2,70
2021-06-23,18,22.6,70,1.6,50
2021-06-23,19,20.9,82,1,70
2021-06-23,20,20,88,0.4,0
2021-06-23,21,19.5,83,0.7,160
2021-06-23,22,18.1,96,1.1,20
2021-06-23,23,18.2,93,0.4,0
2021-06-24,0,18.1,92,0.5,70
2021-06-24,1,17.8,95,0.3,0
2021-06-24,2,17.5,95,0.8,70
2021-06-24,3,17.1,98,0.7,50
2021-06-24,4,17.1,98,0.1,0
2021-06-24,5,17.1,98,0.5,90
2021-06-24,6,17.3,98,0.5,50
2021-06-24,7,17.5,96,0.1,0
2021-06-24,8,18.3,93,0.6,70
2021-06-24,9,20.1,82,1.5,250
2021-06-24,10,22.3,71,1,290
2021-06-24,11,23.4,70,0.9,270
2021-06-24,12,25,59,1.9,290
2021-06-24,13,26,56,1.2,360
2021-06-24,14,27.3,53,2.3,320
2021-06-24,15,27.3,52,1.2,320
2021-06-24,16,27.6,50,1.6,250
2021-06-24,17,27.9,48,1.9,270
2021-06-24,18,27.1,50,1.6,270
2021-06-24,19,25.7,61,0.7,250
2021-06-24,20,22.2,78,0.9,70
2021-06-24,21,20.7,87,0.6,20
2021-06-24,22,19.6,92,0.5,50
2021-06-24,23,18.6,95,0.5,340
2021-06-25,0,18,96,0.6,340
2021-06-25,1,17.5,98,0.2,0
2021-06-25,2,17.1,98,0.3,0
2021-06-25,3,16.6,99,0.1,0
2021-06-25,4,16.2,99,0.3,0
2021-06-25,5,16,99,0.2,0
2021-06-25,6,16,99,0.6,360
2021-06-25,7,17.6,96,0.2,0
2021-06-25,8,20.1,86,0.3,0
2021-06-25,9,23,76,1,70
2021-06-25,10,24.6,68,0.7,50
2021-06-25,11,26.3,63,1.1,340
2021-06-25,12,27.5,54,1.3,200
2021-06-25,13,28.6,48,2,250
2021-06-25,14,29.9,40,2,320
2021-06-25,15,30.4,41,1.1,340
2021-06-25,16,29.8,39,1.5,250
2021-06-25,17,28.4,56,1.6,70
2021-06-25,18,27.3,63,0.8,140
2021-06-25,19,26.3,66,1.9,180
2021-06-25,20,23,88,0.7,270
2021-06-25,21,22,96,0.7,50
2021-06-25,22,21.8,98,0.1,0
2021-06-25,23,21.3,99,0.2,0
2021-06-26,0,20.9,99,0.2,0
2021-06-26,1,20.4,99,0.4,0
2021-06-26,2,20.2,99,0.6,90
2021-06-26,3,20.5,98,0.1,0
2021-06-26,4,20.3,98,0.1,0
2021-06-26,5,20.3,98,0.1,0
2021-06-26,6,20.3,99,0.5,110
2021-06-26,7,20.2,99,0.1,0
2021-06-26,8,20.7,97,0.4,0
2021-06-26,9,21,98,0.8,200
2021-06-26,10,21.4,94,0.7,200
2021-06-26,11,22.5,86,0.4,0
2021-06-26,12,23.9,75,0.8,90
2021-06-26,13,25,59,0.8,250
2021-06-26,14,26.1,55,1,200
2021-06-26,15,27.3,52,0.7,360
2021-06-26,16,26.1,56,0.5,200
2021-06-26,17,25.8,62,1.1,200
2021-06-26,18,25.7,60,0.9,200
2021-06-26,19,24.8,60,0.8,140
2021-06-26,20,23.1,75,0.8,70
2021-06-26,21,22.1,80,0.7,50
2021-06-26,22,21.2,85,0.8,20
2021-06-26,23,20.6,87,0.8,20
2021-06-27,0,19.5,94,0.5,20
2021-06-27,1,19,95,0.7,20
2021-06-27,2,18.3,97,0.3,0
2021-06-27,3,17.6,98,0.4,0
2021-06-27,4,17.7,97,0.5,50
2021-06-27,5,18.2,96,0.4,0
2021-06-27,6,18.7,95,0.1,0
2021-06-27,7,19.3,93,0.5,340
2021-06-27,8,21.7,79,0.4,0
2021-06-27,9,24,69,0.3,0
2021-06-27,10,25.9,63,1,140
2021-06-27,11,26.4,56,1.2,50
2021-06-27,12,26.8,54,1.9,180
2021-06-27,13,28,52,1.4,50
2021-06-27,14,27.4,52,1.4,160
2021-06-27,15,26.4,56,1.9,160
2021-06-27,16,26.3,55,1.3,110
2021-06-27,17,25.8,66,1,20
2021-06-27,18,26.8,60,1.9,70
2021-06-27,19,25,64,1.5,70
2021-06-27,20,23.7,68,1.6,70
2021-06-27,21,21.8,76,0.5,20
2021-06-27,22,19.8,87,0.6,360
2021-06-27,23,19,91,0.3,0
2021-06-28,0,18.4,93,0.5,360
2021-06-28,1,18.3,93,0.1,0
2021-06-28,2,18.1,94,0.5,70
2021-06-28,3,18,94,0.6,50
2021-06-28,4,18,95,0,0
2021-06-28,5,17.9,96,0.4,0
2021-06-28,6,18.1,95,0.5,50
2021-06-28,7,19.3,92,0.4,0
2021-06-28,8,21,85,0.3,0
2021-06-28,9,22.7,76,0.3,0
2021-06-28,10,24.9,67,0.8,50
2021-06-28,11,25.1,65,0.6,320
2021-06-28,12,25.9,64,1.1,50
2021-06-28,13,26.6,58,1.5,70
2021-06-28,14,26.6,59,1.1,90
2021-06-28,15,26.7,58,1.3,160
2021-06-28,16,27.5,55,1.5,110
2021-06-28,17,24.2,70,1.8,200
2021-06-28,18,22.7,80,0.9,290
2021-06-28,19,23,80,0.8,250
2021-06-28,20,21.9,91,0.8,270
2021-06-28,21,20.8,94,0,0
2021-06-28,22,19.7,92,0.1,0
2021-06-28,23,19,91,0.5,20
2021-06-29,0,19,90,0.7,70
2021-06-29,1,18.6,95,0.5,340
2021-06-29,2,18.6,94,0.2,0
2021-06-29,3,18.1,94,0,0
2021-06-29,4,17.3,97,0.5,50
2021-06-29,5,16.7,98,0.4,0
2021-06-29,6,16.9,99,0.2,0
2021-06-29,7,18.7,90,0.1,0
2021-06-29,8,20.8,79,0.4,0
2021-06-29,9,23.4,69,0.7,20
2021-06-29,10,24.3,68,1.7,230
2021-06-29,11,26.3,60,1.3,340
2021-06-29,12,26.7,58,1.1,230
2021-06-29,13,27.3,56,1.4,320
2021-06-29,14,29.2,49,1.5,50
2021-06-29,15,29.5,45,1.4,290
2021-06-29,16,29.7,45,1.2,180
2021-06-29,17,29.4,46,1.4,250
2021-06-29,18,28.5,52,1.3,180
2021-06-29,19,26.9,61,1.1,200
2021-06-29,20,25.7,66,1.4,140
2021-06-29,21,23.9,72,1,160
2021-06-29,22,22.9,74,0.6,200
2021-06-29,23,22.7,74,1.4,160
2021-06-30,0,22.5,74,0.8,160
2021-06-30,1,21.2,89,0.1,0
2021-06-30,2,20.5,94,0.7,50
2021-06-30,3,20.3,93,0.4,0
2021-06-30,4,20.4,93,0.4,0
2021-06-30,5,20.4,92,0.4,0
2021-06-30,6,20.8,92,0.6,90
2021-06-30,7,20.9,91,0.5,50
2021-06-30,8,21.3,88,0.6,50
2021-06-30,9,22.2,82,0.7,290
2021-06-30,10,22.9,81,1.3,50
2021-06-30,11,23.2,80,1,360
2021-06-30,12,24.6,75,0.7,340
2021-06-30,13,25.9,69,1.1,50
2021-06-30,14,26.1,70,2,360
2021-06-30,15,26.5,69,2.6,340
2021-06-30,16,28.5,60,1.6,110
2021-06-30,17,28.4,61,1.3,50
2021-06-30,18,28.1,61,2.1,70
2021-06-30,19,24.2,84,0.5,140
2021-06-30,20,23,96,0.5,70
2021-06-30,21,22.3,97,0.4,0
2021-06-30,22,21.1,96,0.8,90
2021-06-30,23,20.5,98,0.4,0
2021-07-01,0,19.8,99,0.5,20
2021-07-01,1,19.2,99,0.7,50
2021-07-01,2,18.8,99,0.3,0
2021-07-01,3,18.4,98,0.5,70
2021-07-01,4,18.3,99,0.4,0
2021-07-01,5,17.8,99,0.3,0
2021-07-01,6,17.7,100,0.3,0
2021-07-01,7,19.3,97,0.6,20
2021-07-01,8,21.5,88,0.3,0
2021-07-01,9,23.1,76,0.7,20
2021-07-01,10,25.9,69,1,230
2021-07-01,11,27.3,63,1.5,290
2021-07-01,12,28.7,57,1.7,340
2021-07-01,13,30.4,55,1.1,140
2021-07-01,14,30.7,49,1,340
2021-07-01,15,31.7,47,1.5,340
2021-07-01,16,30.9,50,1.3,20
2021-07-01,17,31.4,45,1.9,70
2021-07-01,18,30.5,44,2.7,70
2021-07-01,19,29.3,45,1.5,110
2021-07-01,20,27.1,47,1.2,110
2021-07-01,21,22.9,65,1,50
2021-07-01,22,20.9,73,0.4,0
2021-07-01,23,19.8,80,0.5,360
2021-07-02,0,19.1,84,0.2,0
2021-07-02,1,18.4,89,0.5,50
2021-07-02,2,17.8,91,0.5,50
2021-07-02,3,17.1,95,0.6,20
2021-07-02,4,16.9,96,0.3,0
2021-07-02,5,16.5,96,0.2,0
2021-07-02,6,17,96,0.2,0
2021-07-02,7,18.8,87,0.2,0
2021-07-02,8,21,77,0.1,0
2021-07-02,9,22.7,70,0.6,20
2021-07-02,10,24.1,61,0.3,0
2021-07-02,11,25.1,63,0.7,70
2021-07-02,12,27.2,58,1.2,360
2021-07-02,13,27.7,56,1.7,180
2021-07-02,14,29.9,53,1.7,180
2021-07-02,15,28.9,55,1.7,110
2021-07-02,16,28.7,56,2.3,90
2021-07-02,17,28.5,57,3.2,70
2021-07-02,18,27.5,59,3.5,90
2021-07-02,19,26.5,63,2.2,90
2021-07-02,20,24.9,70,1.4,70
2021-07-02,21,23.5,76,0.7,70
2021-07-02,22,21.6,86,0.4,0
2021-07-02,23,20.4,89,1.1,50
2021-07-03,0,19.8,93,0.6,50
2021-07-03,1,19,96,0.3,0
2021-07-03,2,18.3,97,0.5,360
2021-07-03,3,18,97,0.5,20
2021-07-03,4,17.8,98,0.1,0
2021-07-03,5,18.4,97,0.2,0
2021-07-03,6,19.4,94,0.1,0
2021-07-03,7,20.8,88,0,0
2021-07-03,8,22.1,86,0.2,0
2021-07-03,9,23.9,76,0.2,0
2021-07-03,10,24.9,71,1,90
2021-07-03,11,25,72,2.3,70
2021-07-03,12,24.2,74,2.3,70
2021-07-03,13,23.7,77,2.3,70
2021-07-03,14,22.9,83,1.7,70
2021-07-03,15,22.7,86,1.1,70
2021-07-03,16,21.7,92,0.8,50
2021-07-03,17,21.4,96,0.9,50
2021-07-03,18,21.2,98,0.5,340
2021-07-03,19,21.1,98,0.2,0
2021-07-03,20,21,98,0.3,0
2021-07-03,21,20.8,99,0.3,0
2021-07-03,22,20.6,100,0.6,340
2021-07-03,23,20.7,100,1.2,270
2021-07-04,0,20.8,100,1,50
2021-07-04,1,21.1,100,0.4,0
2021-07-04,2,21.2,100,0.3,0
2021-07-04,3,22.7,100,1,200
2021-07-04,4,22.6,98,1,230
2021-07-04,5,22.4,99,0.3,0
2021-07-04,6,22.4,99,0.6,340
2021-07-04,7,24.1,96,0,0
2021-07-04,8,26.5,88,0.2,0
2021-07-04,9,27.8,83,2,270
2021-07-04,10,28.9,72,3.2,290
2021-07-04,11,30.1,59,3.5,250
2021-07-04,12,30.4,57,3.2,250
2021-07-04,13,30.4,56,2.7,230
2021-07-04,14,30.3,55,1.8,270
2021-07-04,15,30.5,59,1.9,320
2021-07-04,16,31,55,3.3,290
2021-07-04,17,29,61,3.1,290
2021-07-04,18,27.8,64,3.3,290
2021-07-04,19,26.9,66,3.3,270
2021-07-04,20,25.6,69,1.4,270
2021-07-04,21,24.3,75,1.1,360
2021-07-04,22,23.1,83,1,90
2021-07-04,23,22.2,88,0.4,0
2021-07-05,0,22,89,0.2,0
2021-07-05,1,21.1,93,0.1,0
2021-07-05,2,21.1,93,0.4,0
2021-07-05,3,20.6,95,0.7,50
2021-07-05,4,20.7,94,0.4,0
2021-07-05,5,20.4,94,0.3,0
2021-07-05,6,20.2,96,0.1,0
2021-07-05,7,20.7,94,0.7,50
2021-07-05,8,21.6,91,0,0
2021-07-05,9,22.4,83,0.5,250
2021-07-05,10,23.7,79,1.1,230
2021-07-05,11,24,75,1.3,230
2021-07-05,12,24.6,73,0.8,180
2021-07-05,13,25.1,72,1.1,250
2021-07-05,14,25.7,71,1.6,250
2021-07-05,15,25.3,71,1.3,250
2021-07-05,16,24.9,76,1.1,200
2021-07-05,17,24.9,77,0.9,230
2021-07-05,18,24,84,1.3,230
2021-07-05,19,23.6,87,1.1,180
2021-07-05,20,23,94,0.2,0
2021-07-05,21,22.3,97,1.1,160
2021-07-05,22,21.8,97,0.5,250
2021-07-05,23,21.1,99,0.4,0
2021-07-06,0,21.1,99,0.5,20
2021-07-06,1,21,100,0.6,360
2021-07-06,2,21.1,100,0.2,0
2021-07-06,3,21.1,100,0.1,0
2021-07-06,4,21.2,100,0.3,0
2021-07-06,5,21.2,100,0.3,0
2021-07-06,6,21.1,100,0.3,0
2021-07-06,7,21.5,99,0.1,0
2021-07-06,8,21.9,98,0.2,0
2021-07-06,9,22.5,96,0.5,200
2021-07-06,10,22.6,95,0.6,200
2021-07-06,11,23.5,95,1.3,200
2021-07-06,12,23.7,90,0.8,180
2021-07-06,13,25,84,0.6,140
2021-07-06,14,25.9,81,1,200
2021-07-06,15,25.9,83,1.4,230
2021-07-06,16,25,88,1,200
2021-07-06,17,24.9,88,1.1,230
2021-07-06,18,24.5,89,0.7,250
2021-07-06,19,23.5,97,0.5,140
2021-07-06,20,23.2,97,0.1,0
2021-07-06,21,22.8,98,0.3,0
2021-07-06,22,22.5,99,0.2,0
2021-07-06,23,22.6,99,0.2,0
2021-07-07,0,22.5,99,0.2,0
2021-07-07,1,22.6,99,1.2,140
2021-07-07,2,22.5,99,0.3,0
2021-07-07,3,22.3,100,0.3,0
2021-07-07,4,22.3,100,0.5,320
2021-07-07,5,22.4,100,0,0
2021-07-07,6,22.4,100,0.6,340
2021-07-07,7,22.6,100,0.9,50
2021-07-07,8,22.9,99,0.4,0
2021-07-07,9,24.1,93,0.8,290
2021-07-07,10,24.7,89,0.7,250
2021-07-07,11,24.7,91,1,230
2021-07-07,12,25.7,86,1.6,250
2021-07-07,13,25.7,88,0.5,140
2021-07-07,14,25.9,87,1.1,250
2021-07-07,15,26.7,82,0.6,20
2021-07-07,16,27.3,81,0.7,340
2021-07-07,17,27,83,0.8,70
2021-07-07,18,25.5,96,0.7,180
2021-07-07,19,25.6,96,0.5,180
2021-07-07,20,25.2,99,0,0
2021-07-07,21,24.9,100,0,0
2021-07-07,22,24.5,99,0.2,0
2021-07-07,23,24.3,100,0.4,0
2021-07-08,0,24.2,99,0.1,0
2021-07-08,1,24.1,100,0.7,200
2021-07-08,2,24.1,98,0.4,0
2021-07-08,3,23.6,100,0.7,50
2021-07-08,4,22.2,97,1.2,20
2021-07-08,5,21.6,97,1.1,50
2021-07-08,6,21.5,99,0.7,230
2021-07-08,7,21.8,99,0.9,250
2021-07-08,8,23.4,92,0.2,0
2021-07-08,9,23.9,87,0.6,20
2021-07-08,10,24.4,86,0.7,50
2021-07-08,11,25.2,83,1.3,20
2021-07-08,12,25.1,86,1.6,50
2021-07-08,13,25.2,85,0.9,140
2021-07-08,14,26.8,75,1.1,110
2021-07-08,15,27.6,72,1.7,70
2021-07-08,16,27.3,75,1.1,140
2021-07-08,17,28.2,71,1.5,180
2021-07-08,18,27.1,72,1.6,160
2021-07-08,19,25.9,76,1.4,200
2021-07-08,20,25.2,81,0.9,200
2021-07-08,21,24.4,88,0.3,0
2021-07-08,22,24.2,91,0.1,0
2021-07-08,23,23.8,87,0.4,0
2021-07-09,0,23.1,96,0.2,0
2021-07-09,1,22.4,98,0.1,0
2021-07-09,2,22.3,98,0.2,0
2021-07-09,3,22.1,99,0.9,360
2021-07-09,4,21.9,99,0.9,20
2021-07-09,5,21.7,99,0.8,20
2021-07-09,6,21.4,100,0.3,0
2021-07-09,7,21.9,99,0.4,0
2021-07-09,8,22.4,96,0.6,200
2021-07-09,9,23.3,91,0.9,360
2021-07-09,10,23.7,92,1.1,360
2021-07-09,11,24.3,86,0.9,360
2021-07-09,12,24.3,86,0.7,160
2021-07-09,13,25,83,0.7,180
2021-07-09,14,27,74,0.9,140
2021-07-09,15,28.5,68,1.4,180
2021-07-09,16,29.2,63,1.1,230
2021-07-09,17,29.3,64,0.8,230
2021-07-09,18,28.9,66,0.9,180
2021-07-09,19,27.5,79,0.5,360
2021-07-09,20,25.4,91,0.1,0
2021-07-09,21,25,94,0.8,270
2021-07-09,22,23.9,97,0.1,0
2021-07-09,23,23.8,95,0.3,0
2021-07-10,0,22.8,98,0.2,0
2021-07-10,1,23,98,0.2,0
2021-07-10,2,22.3,99,0.1,0
2021-07-10,3,22,99,0.5,340
2021-07-10,4,22.2,100,0.2,0
2021-07-10,5,22.1,100,0.3,0
2021-07-10,6,22.1,100,0.6,70
2021-07-10,7,23.1,97,0.8,250
2021-07-10,8,23.3,96,1.4,320
2021-07-10,9,25.6,83,0.5,180
2021-07-10,10,27.6,72,1.3,200
2021-07-10,11,28.3,68,1,20
2021-07-10,12,29.1,61,1.3,200
2021-07-10,13,30.7,62,2,250
2021-07-10,14,31.3,57,3,250
2021-07-10,15,31.3,55,2.4,230
2021-07-10,16,30.6,59,1.8,270
2021-07-10,17,23.2,90,1.7,70
2021-07-10,18,22.8,92,2.1,230
2021-07-10,19,22.5,95,0.8,140
2021-07-10,20,22.2,95,0.7,200
2021-07-10,21,21.5,97,0.8,290
2021-07-10,22,21.3,97,1.6,160
2021-07-10,23,21.2,98,1,250
2021-07-11,0,21,99,0.3,0
2021-07-11,1,21,99,0.5,360
2021-07-11,2,20.7,100,0.6,250
2021-07-11,3,20.6,100,0.5,200
2021-07-11,4,20.8,100,0.1,0
2021-07-11,5,20.5,99,0.7,50
2021-07-11,6,20.7,100,0,0
2021-07-11,7,21.1,99,0.2,0
2021-07-11,8,21.4,99,0.3,0
2021-07-11,9,22.4,93,0.1,0
2021-07-11,10,25,82,0.8,20
2021-07-11,11,26.9,78,1.7,230
2021-07-11,12,29,69,1.8,290
2021-07-11,13,29.9,66,1.2,250
2021-07-11,14,30.5,64,1.5,270
2021-07-11,15,30.5,66,1.7,270
2021-07-11,16,31.1,63,1.4,250
2021-07-11,17,31.5,63,1.5,320
2021-07-11,18,30.3,65,1.6,320
2021-07-11,19,27.7,84,0.6,360
2021-07-11,20,23.9,81,3.4,340
2021-07-11,21,22.6,95,0.7,200
2021-07-11,22,22.3,96,0.9,140
2021-07-11,23,21.9,98,0.4,0
2021-07-12,0,21.5,98,0.5,20
2021-07-12,1,21.4,99,0.3,0
2021-07-12,2,21.3,99,0.3,0
2021-07-12,3,21.2,99,0.5,340
2021-07-12,4,21.1,99,0.3,0
2021-07-12,5,20.9,100,0.4,0
2021-07-12,6,20.5,100,0.5,50
2021-07-12,7,21.4,99,0.1,0
2021-07-12,8,22.5,94,0.3,0
2021-07-12,9,24.3,86,0.7,270
2021-07-12,10,26.3,78,1.2,230
2021-07-12,11,28.5,72,0.6,360
2021-07-12,12,29.8,67,1,50
2021-07-12,13,32,63,1,270
2021-07-12,14,32.1,58,1.4,270
2021-07-12,15,32.2,58,0.7,340
2021-07-12,16,32.9,56,1.2,230
2021-07-12,17,33.2,54,1.4,270
2021-07-12,18,32.7,55,0.5,270
2021-07-12,19,29.2,76,1.1,50
2021-07-12,20,27,87,1,50
2021-07-12,21,25.8,92,0.8,50
2021-07-12,22,25.3,96,0.2,0
2021-07-12,23,24.6,97,0.5,340
2021-07-13,0,24,98,0.3,0
2021-07-13,1,23.5,99,0.5,340
2021-07-13,2,23.1,99,0.4,0
2021-07-13,3,22.7,99,0.2,0
2021-07-13,4,22.4,99,0.4,0
2021-07-13,5,22.3,99,0.5,360
2021-07-13,6,22.7,98,0.2,0
2021-07-13,7,23.4,96,0.1,0
2021-07-13,8,24.3,93,0.6,290
2021-07-13,9,26.9,80,0.5,20
2021-07-13,10,28.8,72,0.5,20
2021-07-13,11,30.8,66,1,50
2021-07-13,12,30.6,61,1.2,200
2021-07-13,13,32.5,56,0.9,160
2021-07-13,14,33,53,1.4,200
2021-07-13,15,32.9,56,0.9,160
2021-07-13,16,33.6,54,0.8,200
2021-07-13,17,33.3,52,1.4,250
2021-07-13,18,33.2,56,1.6,270
2021-07-13,19,30,76,0.7,20
2021-07-13,20,27.7,85,1.1,50
2021-07-13,21,26.8,88,0.7,20
2021-07-13,22,25.9,94,0.3,0
2021-07-13,23,25.5,94,0.6,70
2021-07-14,0,25,97,0.3,0
2021-07-14,1,24.4,98,0.5,360
2021-07-14,2,24,98,0.7,20
2021-07-14,3,23.6,98,0.7,50
2021-07-14,4,23,99,0.3,0
2021-07-14,5,22.6,99,0.3,0
2021-07-14,6,22.5,99,0.3,0
2021-07-14,7,24,95,0.3,0
2021-07-14,8,26.3,84,0.4,0
2021-07-14,9,28.3,77,1.2,200
2021-07-14,10,29.9,69,1,20
2021-07-14,11,30.8,65,1.1,360
2021-07-14,12,31,64,1.3,290
2021-07-14,13,33,60,2.1,250
2021-07-14,14,33.5,54,1,290
2021-07-14,15,33,49,1,200
2021-07-14,16,34.4,51,1.2,250
2021-07-14,17,33.9,50,0.7,200
2021-07-14,18,33.5,49,0.6,230
2021-07-14,19,30.6,66,0.9,20
2021-07-14,20,27.5,80,1.4,50
2021-07-14,21,26.5,89,0,0
2021-07-14,22,25.7,93,0,0
2021-07-14,23,25.5,93,0,0
2021-07-15,0,25.2,94,0,0
2021-07-15,1,25.1,95,0,0
2021-07-15,2,24.7,96,0,0
2021-07-15,3,24.2,98,0,0
2021-07-15,4,23.9,98,0,0
2021-07-15,5,23.5,99,0,0
2021-07-15,6,23.5,98,0,0
2021-07-15,7,24.8,94,0,0
2021-07-15,8,26.3,91,0.9,320
2021-07-15,9,28.9,79,1,320
2021-07-15,10,29.9,72,0.3,0
2021-07-15,11,31.3,66,1.1,50
2021-07-15,12,33.1,60,1.7,320
2021-07-15,13,33.1,60,1.5,290
2021-07-15,14,22.8,95,1.9,50
2021-07-15,15,22.8,93,0.7,340
2021-07-15,16,23.6,94,0.8,200
2021-07-15,17,24.1,90,0.9,360
2021-07-15,18,24.6,88,1.6,320
2021-07-15,19,24.9,85,0.5,270
2021-07-15,20,23.8,95,0.6,360
2021-07-15,21,23.3,97,0.8,250
2021-07-15,22,23.1,97,0.3,0
2021-07-15,23,22.6,98,0.2,0
2021-07-16,0,22.1,99,0.4,0
2021-07-16,1,21.7,100,0.6,340
2021-07-16,2,21.6,100,0.1,0
2021-07-16,3,21.9,99,0.4,0
2021-07-16,4,21.8,99,0.1,0
2021-07-16,5,22,99,0.3,0
2021-07-16,6,21.8,99,0.3,0
2021-07-16,7,22.3,99,0.5,320
2021-07-16,8,24.5,90,0.6,360
2021-07-16,9,26.1,83,0.6,340
2021-07-16,10,28.3,75,0.7,320
2021-07-16,11,29.6,67,0.7,200
2021-07-16,12,31.1,59,1.1,360
2021-07-16,13,32.1,52,1.8,50
2021-07-16,14,32.1,54,1.7,140
2021-07-16,15,33,49,2.1,70
2021-07-16,16,32.3,50,2.1,90
2021-07-16,17,31.3,52,3.8,90
2021-07-16,18,29.7,57,2.9,90
2021-07-16,19,28.3,64,1.8,70
2021-07-16,20,25.3,82,1.2,20
2021-07-16,21,23.9,88,0.3,0
2021-07-16,22,22.8,91,0.9,70
2021-07-16,23,22.4,94,0.5,50
2021-07-17,0,22,97,0.3,0
2021-07-17,1,22,96,0.2,0
2021-07-17,2,22.4,96,0.2,0
2021-07-17,3,22.3,96,0.4,0
2021-07-17,4,22.5,96,0.4,0
2021-07-17,5,22.2,96,0.2,0
2021-07-17,6,22.4,96,0.3,0
2021-07-17,7,23.3,92,0.6,320
2021-07-17,8,24.4,87,0.3,0
2021-07-17,9,27.1,74,0.6,20
2021-07-17,10,26.3,78,0.7,160
2021-07-17,11,27.8,72,0.9,50
2021-07-17,12,26.8,76,1.2,200
2021-07-17,13,28.6,68,1.6,200
2021-07-17,14,27.3,75,1.4,180
2021-07-17,15,29.6,60,2.3,160
2021-07-17,16,30.2,58,2.3,160
2021-07-17,17,29.7,61,1.9,110
2021-07-17,18,28.8,65,1.6,140
2021-07-17,19,27.6,70,1.2,160
2021-07-17,20,26.9,71,0.9,160
2021-07-17,21,25.2,84,1.1,70
2021-07-17,22,24.6,88,0.6,70
2021-07-17,23,23.4,91,0.7,20
2021-07-18,0,23.1,94,0.3,0
2021-07-18,1,23.2,91,0.7,70
2021-07-18,2,22.3,97,0.6,360
2021-07-18,3,21.6,98,0.3,0
2021-07-18,4,21.3,96,0.6,70
2021-07-18,5,20.9,99,0.3,0
2021-07-18,6,21.2,98,0.5,50
2021-07-18,7,22.5,93,0.6,360
2021-07-18,8,25.4,80,0.6,340
2021-07-18,9,28.3,67,0.8,90
2021-07-18,10,29.5,63,1.3,50
2021-07-18,11,29.7,59,1.2,160
2021-07-18,12,30.5,63,1.1,230
2021-07-18,13,30.9,64,2.2,230
2021-07-18,14,30.5,60,1.3,180
2021-07-18,15,31.9,55,1.6,110
2021-07-18,16,32,56,2.2,140
2021-07-18,17,30.9,58,2,140
2021-07-18,18,29.4,64,1.4,140
2021-07-18,19,28.2,70,0.7,160
2021-07-18,20,26.8,75,1.1,110
2021-07-18,21,25,86,0.4,0
2021-07-18,22,24,89,0.4,0
2021-07-18,23,23.2,94,0.3,0
2021-07-19,0,22.4,96,0.4,0
2021-07-19,1,22.4,96,0.3,0
2021-07-19,2,22.5,96,0.4,0
2021-07-19,3,22.5,96,0.5,340
2021-07-19,4,22.6,96,0.4,0
2021-07-19,5,22.5,96,0.1,0
2021-07-19,6,22.4,97,0.4,0
2021-07-19,7,23.2,93,0.3,0
2021-07-19,8,24.1,87,0.5,360
2021-07-19,9,25.5,82,0.7,340
2021-07-19,10,26.8,76,0.8,320
2021-07-19,11,28.3,67,1,270
2021-07-19,12,29.8,62,1.3,360
2021-07-19,13,29.8,61,1.6,250
2021-07-19,14,30,67,1.2,200
2021-07-19,15,30.3,62,1.4,200
2021-07-19,16,30.6,64,1.6,290
2021-07-19,17,30.1,66,1,270
2021-07-19,18,30.1,66,1,270
2021-07-19,19,29.3,72,0.6,180
2021-07-19,20,27.4,85,0.6,50
2021-07-19,21,25.9,92,0.3,0
2021-07-19,22,24.9,95,0.5,360
2021-07-19,23,24.6,96,0.5,20
2021-07-20,0,24.4,96,0.8,360
2021-07-20,1,23.9,97,0.4,0
2021-07-20,2,23.5,98,0.3,0
2021-07-20,3,23.3,97,0.6,20
2021-07-20,4,23,97,0.7,50
2021-07-20,5,22.8,98,0.2,0
2021-07-20,6,23,97,0.1,0
2021-07-20,7,23.8,94,0.2,0
2021-07-20,8,25.2,86,0.6,20
2021-07-20,9,28.5,71,0.8,360
2021-07-20,10,29,68,0.7,340
2021-07-20,11,31.1,61,1.1,360
2021-07-20,12,31.5,59,1.2,360
2021-07-20,13,32.4,57,1.4,200
2021-07-20,14,32.4,52,1.2,200
2021-07-20,15,32.5,50,1.4,200
2021-07-20,16,33.8,50,1.3,180
2021-07-20,17,32.8,52,0.7,250
2021-07-20,18,31.1,64,0.9,50
2021-07-20,19,29.7,66,0.4,0
2021-07-20,20,26.3,83,1.3,50
2021-07-20,21,24.9,86,0.7,90
2021-07-20,22,24,91,0.5,50
2021-07-20,23,23.1,93,0.9,50
2021-07-21,0,22.6,95,0.7,20
2021-07-21,1,22.3,96,0.2,0
2021-07-21,2,21.9,96,0.6,360
2021-07-21,3,21.8,95,0.3,0
2021-07-21,4,21.2,96,0.7,50
2021-07-21,5,21,96,0.6,70
2021-07-21,6,20.6,97,0.7,70
2021-07-21,7,21.8,94,0.2,0
2021-07-21,8,23.6,85,0.5,340
2021-07-21,9,25.8,77,0.7,70
2021-07-21,10,28,70,1,160
2021-07-21,11,30.3,62,1.4,20
2021-07-21,12,31.6,55,1.8,70
2021-07-21,13,32.9,53,2.3,70
2021-07-21,14,33.6,47,2.3,70
2021-07-21,15,33.2,51,1.8,140
2021-07-21,16,32.8,50,3,50
2021-07-21,17,33,48,2.9,70
2021-07-21,18,31.1,51,2.8,50
2021-07-21,19,29.1,59,1.4,20
2021-07-21,20,26.3,71,0.6,50
2021-07-21,21,24.5,77,1.1,70
2021-07-21,22,23.2,85,0.4,0
2021-07-21,23,22.3,90,0.3,0
2021-07-22,0,21.7,93,0.4,0
2021-07-22,1,21.4,94,0.7,20
2021-07-22,2,21.1,96,0.3,0
2021-07-22,3,21,95,0.7,70
2021-07-22,4,20.7,96,0.5,50
2021-07-22,5,20.2,98,0.2,0
2021-07-22,6,20.4,98,0.3,0
2021-07-22,7,22.3,90,0.4,0
2021-07-22,8,24.7,82,0.3,0
2021-07-22,9,26.3,76,0.6,180
2021-07-22,10,28.9,68,1.5,20
2021-07-22,11,30.7,64,1.3,340
2021-07-22,12,31.3,59,1.7,50
2021-07-22,13,32.7,51,1.9,110
2021-07-22,14,32.6,50,2.1,90
2021-07-22,15,33.1,50,2.1,90
2021-07-22,16,32.7,49,3,70
2021-07-22,17,32.2,54,1.6,90
2021-07-22,18,30.9,57,1.9,70
2021-07-22,19,29.6,66,1.2,70
2021-07-22,20,26.9,81,0.6,360
2021-07-22,21,25.1,88,0.5,360
2021-07-22,22,24,93,0.2,0
2021-07-22,23,23,95,0.9,20
2021-07-23,0,22.6,96,0.9,20
2021-07-23,1,21.9,97,0.6,20
2021-07-23,2,21.6,98,0.7,20
2021-07-23,3,21.2,98,0.1,0
2021-07-23,4,21,98,0.1,0
2021-07-23,5,20.7,99,0.5,20
2021-07-23,6,20.9,98,0.3,0
2021-07-23,7,22.1,95,0.2,0
2021-07-23,8,24.5,86,0.7,340
2021-07-23,9,26,81,0.5,320
2021-07-23,10,28.6,71,0.6,270
2021-07-23,11,31,61,0.8,340
2021-07-23,12,32.3,56,1.4,20
2021-07-23,13,33.3,47,1.9,180
2021-07-23,14,32.9,49,2.1,180
2021-07-23,15,33.6,46,1.7,180
2021-07-23,16,33.2,46,1.7,180
2021-07-23,17,32.5,51,1.3,180
2021-07-23,18,31.8,52,0.6,180
2021-07-23,19,29.8,64,0.9,230
2021-07-23,20,27.2,79,0.6,50
2021-07-23,21,25.5,85,0.7,20
2021-07-23,22,24.7,90,0.3,0
2021-07-23,23,23.6,95,0.5,20
2021-07-24,0,23.3,95,0.4,0
2021-07-24,1,22.6,97,0.2,0
2021-07-24,2,22.2,97,0.7,20
2021-07-24,3,22,98,0.2,0
2021-07-24,4,21.7,98,0.4,0
2021-07-24,5,21.8,98,0.3,0
2021-07-24,6,21.8,97,0.6,50
2021-07-24,7,23.3,91,0.7,50
2021-07-24,8,24.4,84,0.3,0
2021-07-24,9,26.9,70,0.6,70
2021-07-24,10,28.4,67,1.1,340
2021-07-24,11,30.1,54,0.7,50
2021-07-24,12,31.3,56,1.3,290
2021-07-24,13,33,53,1.5,250
2021-07-24,14,33.1,51,1.3,140
2021-07-24,15,34.1,48,1.8,180
2021-07-24,16,33.6,54,1.9,230
2021-07-24,17,33.8,49,2,140
2021-07-24,18,32.6,52,1.7,140
2021-07-24,19,31.4,58,1.3,160
2021-07-24,20,29.5,66,1.3,110
2021-07-24,21,26.2,82,0.8,50
2021-07-24,22,24.6,87,0.8,50
2021-07-24,23,23.4,91,0.5,340
2021-07-25,0,22.6,93,0.6,20
2021-07-25,1,21.8,95,0.6,20
2021-07-25,2,21.5,95,0.3,0
2021-07-25,3,21.1,94,1,50
2021-07-25,4,20.6,97,0.5,360
2021-07-25,5,20.6,97,0.6,360
2021-07-25,6,21,97,0.7,360
2021-07-25,7,22.2,92,0.7,20
2021-07-25,8,23.9,84,0.4,0
2021-07-25,9,27.5,74,0.8,20
2021-07-25,10,29.8,63,0.8,340
2021-07-25,11,30.7,62,1.4,290
2021-07-25,12,31,60,1.8,180
2021-07-25,13,32,56,0.9,360
2021-07-25,14,31.8,56,1.2,160
2021-07-25,15,31.8,57,1.7,140
2021-07-25,16,31.4,58,2.1,140
2021-07-25,17,30.9,59,1.8,140
2021-07-25,18,30.3,63,1.6,140
2021-07-25,19,29.4,67,1.9,140
2021-07-25,20,28,73,1.2,90
2021-07-25,21,25.3,85,1,50
2021-07-25,22,23.7,92,1,340
2021-07-25,23,23.1,94,0.3,0
2021-07-26,0,22.4,96,0.4,0
2021-07-26,1,21.8,97,0.4,0
2021-07-26,2,21.2,98,0.4,0
2021-07-26,3,20.8,98,0.2,0
2021-07-26,4,20.6,99,0,0
2021-07-26,5,20.3,99,0.2,0
2021-07-26,6,20.4,99,0,0
2021-07-26,7,22.6,92,0.2,0
2021-07-26,8,26,80,0.4,0
2021-07-26,9,28.2,70,0.7,20
2021-07-26,10,29.5,64,0.9,340
2021-07-26,11,31.3,56,1.8,140
2021-07-26,12,32.3,52,1.3,200
2021-07-26,13,31.9,53,1.4,140
2021-07-26,14,32.9,47,2,140
2021-07-26,15,33.9,46,2,110
2021-07-26,16,34.5,44,1.1,140
2021-07-26,17,33.2,44,2.2,180
2021-07-26,18,32.6,47,1.6,180
2021-07-26,19,31.1,55,1.8,140
2021-07-26,20,29.4,60,1.4,110
2021-07-26,21,25.9,78,0.9,50
2021-07-26,22,24.2,86,0.5,20
2021-07-26,23,23.1,91,0.7,360
2021-07-27,0,22.4,94,1,20
2021-07-27,1,22.1,95,0,0
2021-07-27,2,21.4,96,0.2,0
2021-07-27,3,20.8,97,0.7,20
2021-07-27,4,20.5,98,0.5,360
2021-07-27,5,20,98,0.4,0
2021-07-27,6,19.9,98,0.1,0
2021-07-27,7,22,92,0,0
2021-07-27,8,24.8,80,0.5,50
2021-07-27,9,27.7,70,0.4,0
2021-07-27,10,29.3,64,1.2,360
2021-07-27,11,31.2,60,0.8,360
2021-07-27,12,32,55,1,20
2021-07-27,13,34.7,46,1.5,70
2021-07-27,14,33.5,45,1.6,340
2021-07-27,15,34.7,45,1.9,20
2021-07-27,16,34.4,46,0.9,200
2021-07-27,17,32.4,54,1.8,160
2021-07-27,18,31.8,57,1.6,180
2021-07-27,19,29.9,61,1.4,140
2021-07-27,20,28.4,65,0.8,110
2021-07-27,21,25.7,80,0.4,0
2021-07-27,22,24.3,84,0.5,50
2021-07-27,23,23.2,90,0.4,0
2021-07-28,0,22.2,92,1.3,50
2021-07-28,1,22.3,92,1,70
2021-07-28,2,21.9,94,0.7,50
2021-07-28,3,21.3,96,0.2,0
2021-07-28,4,20.9,97,0.4,0
2021-07-28,5,20.9,98,0.4,0
2021-07-28,6,20.8,97,0.4,0
2021-07-28,7,22.6,90,0.5,340
2021-07-28,8,25.2,80,0.5,250
2021-07-28,9,27.4,72,0.7,360
2021-07-28,10,29.3,62,1.1,340
2021-07-28,11,31.2,57,1.1,360
2021-07-28,12,31.9,52,0.8,90
2021-07-28,13,34,45,1.2,110
2021-07-28,14,32.9,49,1.6,360
2021-07-28,15,34.4,48,0.7,70
2021-07-28,16,32.7,51,1.7,110
2021-07-28,17,30.8,62,1.3,230
2021-07-28,18,28.9,80,1.7,70
2021-07-28,19,29.6,65,0.9,110
2021-07-28,20,26.1,88,1.4,70
2021-07-28,21,24.8,91,0.5,50
2021-07-28,22,24.2,91,1,70
2021-07-28,23,23.8,91,0.2,0
2021-07-29,0,23.3,92,1.3,70
2021-07-29,1,22.7,95,0.4,0
2021-07-29,2,22.4,96,0.6,70
2021-07-29,3,21.9,97,0.2,0
2021-07-29,4,21.3,98,0.4,0
2021-07-29,5,21,98,0.2,0
2021-07-29,6,21,98,0.4,0
2021-07-29,7,22.7,93,0.1,0
2021-07-29,8,24.9,82,0.5,70
2021-07-29,9,26.8,74,0.3,0
2021-07-29,10,29.4,65,1,340
2021-07-29,11,30.2,64,0.6,250
2021-07-29,12,31.9,58,0.9,320
2021-07-29,13,33.2,52,1.2,50
2021-07-29,14,34.2,50,1.3,70
2021-07-29,15,34.5,46,2.1,290
2021-07-29,16,34.7,44,1.9,270
2021-07-29,17,34.4,45,1.3,250
2021-07-29,18,33,52,1,250
2021-07-29,19,30.5,65,0.4,0
2021-07-29,20,27.8,78,0.8,20
2021-07-29,21,26.4,83,0.7,50
2021-07-29,22,25.2,89,0.5,360
2021-07-29,23,24.5,92,0.4,0
2021-07-30,0,24,94,0.4,0
2021-07-30,1,23.6,96,0.4,0
2021-07-30,2,23.3,96,0.3,0
2021-07-30,3,23,97,0.2,0
2021-07-30,4,22.7,97,0.1,0
2021-07-30,5,22.4,98,0.4,0
2021-07-30,6,22.2,98,0.3,0
2021-07-30,7,23.8,93,0.3,0
2021-07-30,8,26.1,82,0.4,0
2021-07-30,9,28.9,71,0.8,290
2021-07-30,10,29.9,67,0.6,110
2021-07-30,11,32,59,0.9,20
2021-07-30,12,32.8,54,1.5,230
2021-07-30,13,34.7,47,1.8,320
2021-07-30,14,34.3,49,1.8,270
2021-07-30,15,34.7,49,1.8,290
2021-07-30,16,33.9,53,2.3,270
2021-07-30,17,33.4,54,1.2,200
2021-07-30,18,33.5,50,1.2,180
2021-07-30,19,32.9,56,0.7,180
2021-07-30,20,30.9,67,0.6,160
2021-07-30,21,27.7,83,1.1,50
2021-07-30,22,26.3,89,0.8,20
2021-07-30,23,25.4,90,0.7,50
2021-07-31,0,24.6,94,0.2,0
2021-07-31,1,23.9,95,0.4,0
2021-07-31,2,23.3,96,0.3,0
2021-07-31,3,23.1,97,0.4,0
2021-07-31,4,22.6,97,0.4,0
2021-07-31,5,22.3,97,0.6,360
2021-07-31,6,22.7,96,0.5,50
2021-07-31,7,23.6,92,0.4,0
2021-07-31,8,25.7,83,0.3,0
2021-07-31,9,27.3,77,0.7,200
2021-07-31,10,29.2,71,0.8,200
2021-07-31,11,32,61,1.1,160
2021-07-31,12,32.1,58,1.6,320
2021-07-31,13,33.7,54,1.5,340
2021-07-31,14,35.2,49,1.5,320
2021-07-31,15,35.6,46,1.9,270
2021-07-31,16,35.6,48,2.4,340
2021-07-31,17,36.1,44,2.1,250
2021-07-31,18,35.5,44,2.1,270
2021-07-31,19,33.8,50,1.7,270
2021-07-31,20,30.2,69,0.9,360
2021-07-31,21,28.3,76,0.7,360
2021-07-31,22,27.5,79,0.5,50
2021-07-31,23,26.6,83,0.1,0
2021-08-01,0,25.9,87,0.5,20
2021-08-01,1,25.7,89,0.1,0
2021-08-01,2,25.2,92,0.2,0
2021-08-01,3,25,92,0.6,360
2021-08-01,4,25.1,92,0.5,340
2021-08-01,5,24.9,94,0.5,20
2021-08-01,6,24.8,94,0.3,0
2021-08-01,7,26,89,0.4,0
2021-08-01,8,27.6,83,0.6,290
2021-08-01,9,30.2,70,0.7,360
2021-08-01,10,31.4,66,1.1,360
2021-08-01,11,32.8,63,1.6,290
2021-08-01,12,33.1,60,1.5,290
2021-08-01,13,31.6,63,2.3,110
2021-08-01,14,29,81,1.7,110
2021-08-01,15,28.2,82,1.7,20
2021-08-01,16,25.5,86,1.8,250
2021-08-01,17,24.7,97,0.1,0
2021-08-01,18,24.7,98,0.4,0
2021-08-01,19,24.6,99,0.1,0
2021-08-01,20,24.5,99,0.3,0
2021-08-01,21,24.4,98,0.8,200
2021-08-01,22,24.5,99,0.1,0
2021-08-01,23,24.6,99,0.5,200
2021-08-02,0,24.5,99,0.3,0
2021-08-02,1,24.6,98,1,180
2021-08-02,2,24.4,99,0.8,180
2021-08-02,3,24.6,98,0.2,0
2021-08-02,4,24.5,98,0.2,0
2021-08-02,5,24.5,98,0.3,0
2021-08-02,6,24.5,98,0.6,360
2021-08-02,7,24.8,97,0.5,230
2021-08-02,8,25,96,0.9,230
2021-08-02,9,25.5,92,0.5,180
2021-08-02,10,26.7,87,0.3,0
2021-08-02,11,28,80,0.8,340
2021-08-02,12,29.3,74,0.9,290
2021-08-02,13,31.7,66,1.3,270
2021-08-02,14,32.3,63,1.9,270
2021-08-02,15,31.6,67,1.6,200
2021-08-02,16,29,77,1.3,70
2021-08-02,17,30.6,69,0.8,340
2021-08-02,18,29.7,71,0.7,290
2021-08-02,19,25.9,95,1.7,200
2021-08-02,20,25.3,98,0.5,180
2021-08-02,21,24.8,99,0.2,0
2021-08-02,22,24.7,99,0.3,0
2021-08-02,23,24.3,100,0.5,250
2021-08-03,0,24.3,100,0.1,0
2021-08-03,1,24.3,100,0,0
2021-08-03,2,24,99,1.3,90
2021-08-03,3,24,98,0.9,90
2021-08-03,4,23.8,98,0.8,180
2021-08-03,5,23.7,99,1,160
2021-08-03,6,23.6,99,0.6,200
2021-08-03,7,24,97,0.2,0
2021-08-03,8,25,91,0.4,0
2021-08-03,9,25.9,87,0.9,50
2021-08-03,10,27.4,82,1.1,320
2021-08-03,11,28.2,77,0.4,0
2021-08-03,12,29.8,67,1.2,320
2021-08-03,13,31.4,64,1.8,290
2021-08-03,14,32.1,59,1.7,250
2021-08-03,15,32.5,60,1.3,200
2021-08-03,16,32.3,62,1.4,290
2021-08-03,17,32.1,61,1.4,290
2021-08-03,18,31.9,65,1.1,270
2021-08-03,19,30.7,73,0.9,270
2021-08-03,20,28.2,87,0.8,70
2021-08-03,21,26.9,93,0.7,20
2021-08-03,22,26.4,95,0.6,50
2021-08-03,23,25.7,98,0.4,0
2021-08-04,0,25.4,98,0.4,0
2021-08-04,1,25,98,0.3,0
2021-08-04,2,24.6,99,0.1,0
2021-08-04,3,24.2,99,0.4,0
2021-08-04,4,23.8,99,0.5,20
2021-08-04,5,23.7,99,0.1,0
2021-08-04,6,23.4,99,0.5,70
2021-08-04,7,23.5,100,0.4,0
2021-08-04,8,24.5,98,0.4,0
2021-08-04,9,27.2,83,0.6,230
2021-08-04,10,29.4,72,0.8,230
2021-08-04,11,31.3,62,1.4,230
2021-08-04,12,32.8,53,1.9,250
2021-08-04,13,32.7,56,1.3,20
2021-08-04,14,33.1,53,1.8,290
2021-08-04,15,34.3,48,2.3,290
2021-08-04,16,34.8,48,1.6,290
2021-08-04,17,34.2,48,1.2,250
2021-08-04,18,33.6,50,1.2,270
2021-08-04,19,30.5,71,0.5,360
2021-08-04,20,28.2,80,0.9,50
2021-08-04,21,27,85,0.6,50
2021-08-04,22,26.5,89,0.3,0
2021-08-04,23,26.5,88,0.5,50
2021-08-05,0,26,93,0,0
2021-08-05,1,25.3,93,0.5,20
2021-08-05,2,24.7,97,0.3,0
2021-08-05,3,24.4,98,0.2,0
2021-08-05,4,23.8,98,0.1,0
2021-08-05,5,23.6,98,0.5,20
2021-08-05,6,23.5,98,0.5,50
2021-08-05,7,24.5,94,0.2,0
2021-08-05,8,26.8,86,0.4,0
2021-08-05,9,29,77,0.8,250
2021-08-05,10,30.2,69,0.9,360
2021-08-05,11,32.1,60,0.9,70
2021-08-05,12,33.5,57,1.6,290
2021-08-05,13,34.4,50,1.6,250
2021-08-05,14,35,47,1.8,200
2021-08-05,15,35.5,46,1.3,320
2021-08-05,16,35.3,47,2,270
2021-08-05,17,35.5,48,2.2,250
2021-08-05,18,34.6,51,1.5,290
2021-08-05,19,33,59,0.5,110
2021-08-05,20,29.7,70,2,70
2021-08-05,21,28.8,72,0.9,70
2021-08-05,22,27.5,79,0.8,50
2021-08-05,23,26.4,87,0.5,50
2021-08-06,0,26.6,85,0.7,50
2021-08-06,1,26.4,88,0.2,0
2021-08-06,2,25.4,93,0.5,20
2021-08-06,3,25,95,0.3,0
2021-08-06,4,24.7,96,0.1,0
2021-08-06,5,24.2,97,0.3,0
2021-08-06,6,24.1,97,0.3,0
2021-08-06,7,25.1,91,0.2,0
2021-08-06,8,27.3,80,0.6,360
2021-08-06,9,29.2,73,0.6,340
2021-08-06,10,30.7,67,0.9,50
2021-08-06,11,32.9,58,1.3,270
2021-08-06,12,34.8,44,2.2,160
2021-08-06,13,34.9,50,1.7,250
2021-08-06,14,35.4,43,1.5,200
2021-08-06,15,37,42,1.7,200
2021-08-06,16,36.5,40,2.1,200
2021-08-06,17,35,47,1.4,200
2021-08-06,18,33.3,54,0.9,200
2021-08-06,19,26.7,67,2.4,20
2021-08-06,20,25.5,83,1.9,50
2021-08-06,21,24.4,91,1.9,140
2021-08-06,22,24,96,0.8,340
2021-08-06,23,23.8,96,0.6,70
2021-08-07,0,23.5,97,0.4,0
2021-08-07,1,23.2,98,0.1,0
2021-08-07,2,22.8,99,0.5,20
2021-08-07,3,22.6,99,0.7,320
2021-08-07,4,22.3,99,0.3,0
2021-08-07,5,22.2,99,0.2,0
2021-08-07,6,22.4,99,0.3,0
2021-08-07,7,22.4,100,0.4,0
2021-08-07,8,23.6,97,0.8,160
2021-08-07,9,25.9,83,1,270
2021-08-07,10,28,71,0.8,180
2021-08-07,11,30.8,68,0.9,200
2021-08-07,12,31.8,60,1.1,320
2021-08-07,13,33.7,56,1.3,250
2021-08-07,14,35.1,45,2,270
2021-08-07,15,35.3,44,2.4,250
2021-08-07,16,34.5,45,2.3,320
2021-08-07,17,33.9,48,1.6,320
2021-08-07,18,32.4,58,0.9,110
2021-08-07,19,30.8,65,1.2,230
2021-08-07,20,29.6,70,0.6,160
2021-08-07,21,27.5,81,0.5,360
2021-08-07,22,27.1,84,0.9,340
2021-08-07,23,25.1,83,3.5,230
2021-08-08,0,23.5,95,0.7,50
2021-08-08,1,23.4,97,0.7,50
2021-08-08,2,23.4,98,0.6,320
2021-08-08,3,23.1,98,0.3,0
2021-08-08,4,23.1,99,0.1,0
2021-08-08,5,22.8,100,0.9,20
2021-08-08,6,22.9,98,0.5,340
2021-08-08,7,23.7,97,0.5,20
2021-08-08,8,25.5,88,0.6,320
2021-08-08,9,27.2,84,0.8,320
2021-08-08,10,28.6,79,1.3,250
2021-08-08,11,30,68,1.1,230
2021-08-08,12,29.4,71,2.2,90
2021-08-08,13,29.9,61,1.7,90
2021-08-08,14,29,66,1.9,50
2021-08-08,15,27.7,72,2,70
2021-08-08,16,27.1,73,0.6,140
2021-08-08,17,25.7,79,1.2,50
2021-08-08,18,24.8,86,0.7,50
2021-08-08,19,23.9,94,0.8,70
2021-08-08,20,23.5,97,0.4,0
2021-08-08,21,23.4,96,0.8,70
2021-08-08,22,23,98,0.4,0
2021-08-08,23,23,97,0.5,20
2021-08-09,0,23.2,96,0.7,250
2021-08-09,1,22.8,97,0.7,20
2021-08-09,2,22.8,99,0.6,20
2021-08-09,3,22.7,98,0.3,0
2021-08-09,4,22.5,98,0.4,0
2021-08-09,5,22.2,99,0.3,0
2021-08-09,6,21.8,99,0.3,0
2021-08-09,7,22,98,0.6,70
2021-08-09,8,22.6,96,0.2,0
2021-08-09,9,24.7,83,0.4,0
2021-08-09,10,27.3,65,1.8,340
2021-08-09,11,28.8,59,1.7,290
2021-08-09,12,30.5,56,1.9,320
2021-08-09,13,30.1,57,1.3,340
2021-08-09,14,30.4,52,1.8,360
2021-08-09,15,31.8,48,3.5,340
2021-08-09,16,32,50,1.8,360
2021-08-09,17,29.7,60,1.9,90
2021-08-09,18,30.1,56,2.2,70
2021-08-09,19,27.2,70,1.5,70
2021-08-09,20,25.2,78,0.7,50
2021-08-09,21,23.7,87,0.6,50
2021-08-09,22,22.7,91,0.1,0
2021-08-09,23,22.9,90,0.3,0
2021-08-10,0,22.9,91,0.6,20
2021-08-10,1,22.5,91,1,50
2021-08-10,2,22.8,90,0.2,0
2021-08-10,3,22.2,91,0.5,360
2021-08-10,4,22.1,92,0.7,360
2021-08-10,5,22.2,88,0.6,20
2021-08-10,6,22.4,88,0.4,0
2021-08-10,7,22.5,86,0,0
2021-08-10,8,23.9,83,0.4,0
2021-08-10,9,24,83,1.5,230
2021-08-10,10,24.5,80,0.9,230
2021-08-10,11,21.9,96,1.2,250
2021-08-10,12,21.8,98,1.5,110
2021-08-10,13,25.4,78,0.7,70
2021-08-10,14,26,80,1.3,360
2021-08-10,15,26.9,75,1,50
2021-08-10,16,27.3,76,1.4,340
2021-08-10,17,27.8,75,0.9,230
2021-08-10,18,27.6,76,1.1,270
2021-08-10,19,26.6,81,1.3,270
2021-08-10,20,25.3,89,0.3,0
2021-08-10,21,24.6,92,0.4,0
2021-08-10,22,24.3,92,0.2,0
2021-08-10,23,23.9,94,0.4,0
2021-08-11,0,23.3,95,0.9,340
2021-08-11,1,23.2,91,0.2,0
2021-08-11,2,22.8,95,0.5,250
2021-08-11,3,22.2,96,0.2,0
2021-08-11,4,22.3,96,0.3,0
2021-08-11,5,22.3,98,0.4,0
2021-08-11,6,22.3,97,0.1,0
2021-08-11,7,22.5,95,0.3,0
2021-08-11,8,24.3,86,0.5,230
2021-08-11,9,25.6,80,0.8,230
2021-08-11,10,26.7,72,0.7,180
2021-08-11,11,28.3,68,1.3,230
2021-08-11,12,29.1,63,1.2,290
2021-08-11,13,30.4,60,1.4,250
2021-08-11,14,29.6,61,2.2,230
2021-08-11,15,30.5,60,1.5,140
2021-08-11,16,30.6,58,1.7,160
2021-08-11,17,30.3,64,1.1,180
2021-08-11,18,27.7,82,1.1,20
2021-08-11,19,26.3,86,1.2,20
2021-08-11,20,24.7,91,0.9,340
2021-08-11,21,24.3,93,0.6,360
2021-08-11,22,24,95,0.7,290
2021-08-11,23,23.6,98,0.2,0
2021-08-12,0,23.4,98,0.3,0
2021-08-12,1,23,99,0.2,0
2021-08-12,2,22.6,99,0.6,360
2021-08-12,3,22.3,99,0.6,340
2021-08-12,4,22.2,99,0.1,0
2021-08-12,5,22.2,99,0.4,0
2021-08-12,6,22.2,99,0.1,0
2021-08-12,7,22.7,99,0.2,0
2021-08-12,8,23.6,91,0.5,90
2021-08-12,9,25.4,82,0.8,250
2021-08-12,10,27,74,1,270
2021-08-12,11,28.1,73,1.1,360
2021-08-12,12,29.3,64,1.1,320
2021-08-12,13,30.8,60,1.3,290
2021-08-12,14,31.1,53,0.9,160
2021-08-12,15,31.2,56,1.2,180
2021-08-12,16,24.3,90,2,140
2021-08-12,17,24.4,85,1,180
2021-08-12,18,23.8,92,0.2,0
2021-08-12,19,23.5,97,0.7,340
2021-08-12,20,23.4,98,0.8,20
2021-08-12,21,23.5,96,0.2,0
2021-08-12,22,23.1,98,0.8,320
2021-08-12,23,22.7,98,0.4,0
2021-08-13,0,22.2,99,0.4,0
2021-08-13,1,21.8,99,0.9,50
2021-08-13,2,21.6,99,0.8,50
2021-08-13,3,21.6,99,0.5,70
2021-08-13,4,21.6,99,0.4,0
2021-08-13,5,21.2,99,0.2,0
2021-08-13,6,20.8,100,0.8,20
2021-08-13,7,21.1,100,0.2,0
2021-08-13,8,22.3,96,0.3,0
2021-08-13,9,23.6,89,0.2,0
2021-08-13,10,24.6,84,0.8,320
2021-08-13,11,27.4,72,0.7,50
2021-08-13,12,28,65,1.5,70
2021-08-13,13,29.6,59,2.1,70
2021-08-13,14,29.6,57,1.6,70
2021-08-13,15,29.5,57,2.4,50
2021-08-13,16,29.1,61,2.2,50
2021-08-13,17,28.2,62,2.7,50
2021-08-13,18,26.8,68,1.9,50
2021-08-13,19,25.5,74,0.9,20
2021-08-13,20,24.6,79,0.8,90
2021-08-13,21,23.5,86,0.9,20
2021-08-13,22,23.3,87,0.1,0
2021-08-13,23,22.8,89,0.7,20
2021-08-14,0,22.6,89,0.3,0
2021-08-14,1,22.1,94,0.7,50
2021-08-14,2,22,95,0.1,0
2021-08-14,3,21.9,98,0.4,0
2021-08-14,4,21.8,99,0,0
2021-08-14,5,21.8,99,0,0
2021-08-14,6,21.8,99,0.3,0
2021-08-14,7,21.7,100,0.2,0
2021-08-14,8,22.1,99,0.5,360
2021-08-14,9,22.5,97,0.8,340
2021-08-14,10,22.8,97,0.6,360
2021-08-14,11,23.4,92,1.2,340
2021-08-14,12,24.7,85,0.9,70
2021-08-14,13,24.8,82,1.7,20
2021-08-14,14,26.2,74,2,50
2021-08-14,15,27,67,1.9,70
2021-08-14,16,27,69,1.6,70
2021-08-14,17,25.5,78,1.6,20
2021-08-14,18,22.5,89,1.9,90
2021-08-14,19,22.6,88,0.5,140
2021-08-14,20,22.1,92,0.8,20
2021-08-14,21,21.1,98,0.5,50
2021-08-14,22,20.5,98,0.6,50
2021-08-14,23,20,100,0.7,360
2021-08-15,0,19.6,100,0.2,0
2021-08-15,1,19.2,100,0.5,20
2021-08-15,2,18.9,100,0.1,0
2021-08-15,3,18.7,100,0.6,360
2021-08-15,4,18.5,100,0.2,0
2021-08-15,5,18.2,100,0.6,340
2021-08-15,6,18.1,100,0.2,0
2021-08-15,7,18.2,100,0.6,360
2021-08-15,8,18.7,100,0.4,0
2021-08-15,9,19.5,100,0.4,0
2021-08-15,10,23.7,84,0.8,230
2021-08-15,11,26,68,2.3,90
2021-08-15,12,26.4,70,1.1,20
2021-08-15,13,26.6,68,3.1,90
2021-08-15,14,27.7,63,3,70
2021-08-15,15,28,60,2.3,110
2021-08-15,16,27,66,2.6,90
2021-08-15,17,26.3,66,2.9,90
2021-08-15,18,26,70,1.2,110
2021-08-15,19,24.6,75,1.2,160
2021-08-15,20,23.9,78,0.9,110
2021-08-15,21,23.5,80,0.3,0
2021-08-15,22,22.6,86,0.3,0
2021-08-15,23,22.3,86,0.1,0
2021-08-16,0,21.6,91,0.3,0
2021-08-16,1,21.4,92,0.2,0
2021-08-16,2,21.4,94,0,0
2021-08-16,3,20.8,96,0.2,0
2021-08-16,4,20.7,95,0.1,0
2021-08-16,5,19.9,97,0.2,0
2021-08-16,6,19.6,97,0.1,0
2021-08-16,7,20.6,93,0.4,0
2021-08-16,8,23,76,0.4,0
2021-08-16,9,25.3,68,1.8,90
2021-08-16,10,25.9,64,2.1,70
2021-08-16,11,26.9,60,2.1,70
2021-08-16,12,26.6,61,1.8,140
2021-08-16,13,27.4,59,2.3,110
2021-08-16,14,27.6,58,3,90
2021-08-16,15,27.9,58,2.4,110
2021-08-16,16,26.8,61,2.1,90
2021-08-16,17,26.6,61,1.2,110
2021-08-16,18,27.2,58,1.6,90
2021-08-16,19,24.6,68,0.9,160
2021-08-16,20,22.1,82,0.9,70
2021-08-16,21,20.5,89,0.6,360
2021-08-16,22,20.1,90,0.5,340
2021-08-16,23,19.8,92,0.3,0
2021-08-17,0,19.8,93,0.2,0
2021-08-17,1,20.1,90,0.6,70
2021-08-17,2,20.9,85,0.9,20
2021-08-17,3,20.5,93,0.6,230
2021-08-17,4,20.1,97,0.4,0
2021-08-17,5,19.8,98,0.4,0
2021-08-17,6,19.7,97,0.4,0
2021-08-17,7,19.8,97,0.4,0
2021-08-17,8,21.5,88,0.7,70
2021-08-17,9,22.3,86,0.5,320
2021-08-17,10,23.7,78,0.3,0
2021-08-17,11,26,70,2.2,50
2021-08-17,12,27.5,64,3,70
2021-08-17,13,28.7,55,4.3,70
2021-08-17,14,29,55,3.2,90
2021-08-17,15,27.9,56,4,50
2021-08-17,16,28,57,2.3,70
2021-08-17,17,26.8,58,2.7,70
2021-08-17,18,26.5,58,2.8,50
2021-08-17,19,25.5,60,2.6,70
2021-08-17,20,24.5,62,2.1,70
2021-08-17,21,23.8,67,1.2,70
2021-08-17,22,22.2,80,0.3,0
2021-08-17,23,22.1,81,0.9,340
2021-08-18,0,22,83,0.6,340
2021-08-18,1,21.2,93,0.5,50
2021-08-18,2,20.6,98,0.4,0
2021-08-18,3,20.2,98,0.1,0
2021-08-18,4,20.1,99,0.2,0
2021-08-18,5,19.4,100,0.5,360
2021-08-18,6,19.4,100,0.4,0
2021-08-18,7,20.1,98,0.3,0
2021-08-18,8,20.9,95,0.3,0
2021-08-18,9,22.8,87,0.1,0
2021-08-18,10,25.7,74,1.4,90
2021-08-18,11,25.4,71,2.2,50
2021-08-18,12,24.6,77,2.1,50
2021-08-18,13,25.8,69,2.7,50
2021-08-18,14,26.6,64,2.4,90
2021-08-18,15,26.4,65,2.8,90
2021-08-18,16,25.7,70,1.8,90
2021-08-18,17,25.6,69,2.3,90
2021-08-18,18,24.4,75,1.5,70
2021-08-18,19,22.9,82,2.1,50
2021-08-18,20,21.8,93,0.7,90
2021-08-18,21,21.3,97,0.5,320
2021-08-18,22,21.1,98,0.1,0
2021-08-18,23,20.6,99,0.3,0
2021-08-19,0,20.1,99,0.5,360
2021-08-19,1,19.8,100,0,0
2021-08-19,2,19.6,100,0.2,0
2021-08-19,3,19.3,100,0.7,340
2021-08-19,4,19.3,100,0.1,0
2021-08-19,5,19.1,100,0.5,70
2021-08-19,6,19.2,100,0.4,0
2021-08-19,7,19.6,99,0.1,0
2021-08-19,8,20.3,97,0.3,0
2021-08-19,9,21.9,88,0.3,0
2021-08-19,10,24.2,76,1.4,290
2021-08-19,11,24.7,74,1.5,320
2021-08-19,12,25.3,71,0.5,250
2021-08-19,13,25.4,72,0.8,320
2021-08-19,14,25.3,74,1.1,20
2021-08-19,15,26.4,74,1.1,250
2021-08-19,16,25.4,77,1.5,160
2021-08-19,17,21.5,97,2.4,320
2021-08-19,18,22.7,92,0.4,0
2021-08-19,19,22,97,0.5,320
2021-08-19,20,21.7,99,0.4,0
2021-08-19,21,21.8,99,0.3,0
2021-08-19,22,21.6,100,0.3,0
2021-08-19,23,21.7,100,0.3,0
2021-08-20,0,21.6,100,0.6,360
2021-08-20,1,21.3,100,0.1,0
2021-08-20,2,20.7,100,0.5,70
2021-08-20,3,20.2,100,0.4,0
2021-08-20,4,20.2,100,0.8,70
2021-08-20,5,19.9,100,0.8,90
2021-08-20,6,20.1,100,0.3,0
2021-08-20,7,20.4,99,0.4,0
2021-08-20,8,21.3,95,0.2,0
2021-08-20,9,22.1,89,0.5,320
2021-08-20,10,24.4,81,0.9,360
2021-08-20,11,26.8,68,0.7,20
2021-08-20,12,26.7,69,1.3,290
2021-08-20,13,28.1,62,1.4,270
2021-08-20,14,28.9,59,1.2,180
2021-08-20,15,29.5,56,1.2,200
2021-08-20,16,29.1,57,0.8,200
2021-08-20,17,30,53,1.4,200
2021-08-20,18,28,64,1.5,180
2021-08-20,19,26.3,73,0.5,180
2021-08-20,20,23.9,89,0.4,0
2021-08-20,21,22.8,94,0.4,0
2021-08-20,22,22.1,96,0.1,0
2021-08-20,23,21.3,97,0.3,0
2021-08-21,0,20.8,99,0.2,0
2021-08-21,1,20.3,99,0.7,20
2021-08-21,2,20.5,99,0.5,360
2021-08-21,3,20.7,99,0.2,0
2021-08-21,4,20.8,97,0.2,0
2021-08-21,5,20.8,98,0.3,0
2021-08-21,6,20.9,98,0.5,340
2021-08-21,7,21.3,98,0.4,0
2021-08-21,8,21.9,97,0.6,360
2021-08-21,9,22.6,97,0.2,0
2021-08-21,10,23,98,0.6,320
2021-08-21,11,23.2,95,0.4,0
2021-08-21,12,23.1,98,0.9,110
2021-08-21,13,24.7,90,1.9,200
2021-08-21,14,25.4,88,0.6,200
2021-08-21,15,24.2,93,1.8,200
2021-08-21,16,24.2,89,1.8,200
2021-08-21,17,23.4,95,0.8,230
2021-08-21,18,22.9,96,1.7,180
2021-08-21,19,22.8,96,0.7,200
2021-08-21,20,22.6,96,1.3,180
2021-08-21,21,22.5,98,1.3,200
2021-08-21,22,21.9,99,0.8,180
2021-08-21,23,22.1,100,0.1,0
2021-08-22,0,22,100,0.2,0
2021-08-22,1,21.8,100,0,0
2021-08-22,2,21.9,100,0.6,180
2021-08-22,3,20.9,100,0.1,0
2021-08-22,4,20.7,100,0.3,0
2021-08-22,5,20.7,100,0.2,0
2021-08-22,6,20.5,100,0.2,0
2021-08-22,7,20.8,100,0.2,0
2021-08-22,8,21,100,0.5,320
2021-08-22,9,22.5,100,0.7,20
2021-08-22,10,25.3,83,0.6,20
2021-08-22,11,27.2,71,1.7,250
2021-08-22,12,28,65,2.1,270
2021-08-22,13,27.8,64,2,290
2021-08-22,14,30,57,2.5,250
2021-08-22,15,29.2,58,2.7,250
2021-08-22,16,28.7,61,2.6,230
2021-08-22,17,28.3,63,1.9,230
2021-08-22,18,27.2,71,0.7,270
2021-08-22,19,25,86,0.5,340
2021-08-22,20,23.7,92,0.2,0
2021-08-22,21,23.2,95,0.2,0
2021-08-22,22,22.4,97,0.3,0
2021-08-22,23,21.8,98,0.5,20
2021-08-23,0,21.4,99,0.1,0
2021-08-23,1,21.3,99,0.1,0
2021-08-23,2,21.1,99,0.2,0
2021-08-23,3,21.3,99,0.1,0
2021-08-23,4,21.2,99,0,0
2021-08-23,5,21.2,99,0.3,0
2021-08-23,6,21.2,99,0.6,50
2021-08-23,7,21.4,99,0.3,0
2021-08-23,8,21.8,99,0.2,0
2021-08-23,9,22.6,97,0.5,270
2021-08-23,10,23.2,95,0.3,0
2021-08-23,11,23.5,94,0.7,160
2021-08-23,12,23.8,93,0.7,70
2021-08-23,13,24.2,86,0.2,0
2021-08-23,14,23.9,94,0.8,360
2021-08-23,15,23.9,95,0.9,360
2021-08-23,16,23.2,98,1.1,20
2021-08-23,17,22.3,97,1.5,50
2021-08-23,18,21.9,98,0.9,360
2021-08-23,19,21.8,99,0.5,360
2021-08-23,20,21.7,99,0.8,360
2021-08-23,21,21.8,99,0.1,0
2021-08-23,22,21.4,100,0.4,0
2021-08-23,23,21.3,100,0.5,50
2021-08-24,0,21.4,99,0.7,50
2021-08-24,1,21.5,95,1.9,20
2021-08-24,2,21.1,99,1.4,50
2021-08-24,3,21.3,97,0.9,270
2021-08-24,4,21.3,99,0.7,230
2021-08-24,5,21.2,99,0.6,200
2021-08-24,6,21.1,100,0.4,0
2021-08-24,7,21.4,99,0.3,0
2021-08-24,8,21.6,99,0.4,0
2021-08-24,9,21.5,99,0.6,140
2021-08-24,10,21.6,99,0.4,0
2021-08-24,11,21.7,100,0.4,0
2021-08-24,12,21.9,100,0.1,0
2021-08-24,13,22.3,100,0.6,50
2021-08-24,14,24.7,97,0.8,360
2021-08-24,15,27,87,1,180
2021-08-24,16,27.8,82,1.3,230
2021-08-24,17,27.4,85,0.9,200
2021-08-24,18,26.8,91,0.5,160
2021-08-24,19,25.5,97,0,0
2021-08-24,20,25.4,99,1,160
2021-08-24,21,24.7,100,0.4,0
2021-08-24,22,24.4,100,0.2,0
2021-08-24,23,23.7,100,0.1,0
2021-08-25,0,23.4,100,0.5,90
2021-08-25,1,22.6,100,0.1,0
2021-08-25,2,22.4,100,0.1,0
2021-08-25,3,22.2,100,0,0
2021-08-25,4,22.2,100,0.2,0
2021-08-25,5,22.1,100,0.1,0
2021-08-25,6,22,100,0.1,0
2021-08-25,7,22.1,100,0,0
2021-08-25,8,22.5,100,0.3,0
2021-08-25,9,23.7,97,0.5,230
2021-08-25,10,25.1,95,0.5,320
2021-08-25,11,25.3,91,0.6,270
2021-08-25,12,25.4,97,0.2,0
2021-08-25,13,25.8,91,0.8,160
2021-08-25,14,26.1,86,0.6,160
2021-08-25,15,26,90,0.1,0
2021-08-25,16,25.8,95,0.2,0
2021-08-25,17,26.3,90,0.1,0
2021-08-25,18,26.4,91,0.2,0
2021-08-25,19,22.6,90,2.6,360
2021-08-25,20,21.9,93,1.1,50
2021-08-25,21,22,93,0.4,0
2021-08-25,22,22,94,0.5,50
2021-08-25,23,21.8,97,0.4,0
2021-08-26,0,21.8,97,0.6,340
2021-08-26,1,21.7,97,0.1,0
2021-08-26,2,21.4,99,0.2,0
2021-08-26,3,21.5,99,0.2,0
2021-08-26,4,20.9,100,0.4,0
2021-08-26,5,20.5,100,0,0
2021-08-26,6,20.5,100,0.6,290
2021-08-26,7,20.4,100,0.2,0
2021-08-26,8,21,100,0.3,0
2021-08-26,9,22.6,94,0.6,200
2021-08-26,10,24.1,84,0.6,250
2021-08-26,11,26.2,76,1.3,250
2021-08-26,12,27.8,72,1.4,110
2021-08-26,13,29.5,59,1.4,230
2021-08-26,14,29.6,57,1.4,290
2021-08-26,15,30.3,54,1.1,200
2021-08-26,16,29.9,55,0.9,340
2021-08-26,17,29.6,60,1.3,340
2021-08-26,18,27.2,79,0.5,50
2021-08-26,19,25.3,85,1,70
2021-08-26,20,24.2,91,0.9,50
2021-08-26,21,23.8,95,0,0
2021-08-26,22,23.1,98,0.4,0
2021-08-26,23,22.4,98,0.5,50
2021-08-27,0,21.8,99,0.4,0
2021-08-27,1,21.2,100,0.2,0
2021-08-27,2,20.7,100,0.2,0
2021-08-27,3,20.8,100,0.1,0
2021-08-27,4,20.6,100,0.2,0
2021-08-27,5,20.3,100,0.2,0
2021-08-27,6,20,100,0.5,90
2021-08-27,7,20.2,100,0.1,0
2021-08-27,8,21,100,0.2,0
2021-08-27,9,23,92,1.3,270
2021-08-27,10,23.6,93,0.4,0
2021-08-27,11,22.3,92,1,230
2021-08-27,12,22.7,90,0.4,0
2021-08-27,13,23.8,87,0.3,0
2021-08-27,14,24,83,1.4,340
2021-08-27,15,24.5,83,1.4,360
2021-08-27,16,22.9,94,1.5,360
2021-08-27,17,21.8,97,1.5,360
2021-08-27,18,21.8,97,0.5,20
2021-08-27,19,21.5,99,0.2,0
2021-08-27,20,21.3,99,1,180
2021-08-27,21,20.8,99,1,250
2021-08-27,22,20.9,99,0.1,0
2021-08-27,23,20.9,99,0.1,0
2021-08-28,0,20.6,100,0.4,0
2021-08-28,1,20.5,100,0.5,200
2021-08-28,2,20.2,99,0.4,0
2021-08-28,3,20.3,99,0.1,0
2021-08-28,4,20.2,100,0.1,0
2021-08-28,5,20.3,100,0,0
2021-08-28,6,20,100,0.3,0
2021-08-28,7,20.3,99,0.6,250
2021-08-28,8,21.3,91,1.1,270
2021-08-28,9,22.6,82,0.2,0
2021-08-28,10,23.7,75,0.9,180
2021-08-28,11,25.2,72,0.5,140
2021-08-28,12,26.8,69,0.5,90
2021-08-28,13,27.8,59,1.7,270
2021-08-28,14,28.8,59,1.2,180
2021-08-28,15,29.3,54,2.1,250
2021-08-28,16,28.2,55,1.7,290
2021-08-28,17,27.2,65,0.8,360
2021-08-28,18,26.2,76,0.6,340
2021-08-28,19,23.7,86,0.8,50
2021-08-28,20,22.5,92,0.4,0
2021-08-28,21,21.8,95,0.4,0
2021-08-28,22,21.5,97,0,0
2021-08-28,23,20.9,98,0.3,0
2021-08-29,0,21.1,97,0.2,0
2021-08-29,1,21.1,98,0.2,0
2021-08-29,2,20.8,98,0.5,70
2021-08-29,3,20.8,98,0.1,0
2021-08-29,4,20.9,97,0.1,0
2021-08-29,5,20.9,97,0.5,50
2021-08-29,6,21,98,0.2,0
2021-08-29,7,21.4,97,0.6,360
2021-08-29,8,21.9,96,0.2,0
2021-08-29,9,21.7,96,1.4,20
2021-08-29,10,20.5,96,1.1,360
2021-08-29,11,19.8,98,0.3,0
2021-08-29,12,20,98,0.2,0
2021-08-29,13,20.6,94,0.4,0
2021-08-29,14,22.8,83,0.5,90
2021-08-29,15,23.2,79,0.7,20
2021-08-29,16,23,84,0.3,0
2021-08-29,17,23,85,0.5,200
2021-08-29,18,23,88,0.5,180
2021-08-29,19,22.1,95,0.3,0
2021-08-29,20,21.9,97,0.1,0
2021-08-29,21,21.7,99,0.2,0
2021-08-29,22,21.4,99,0.1,0
2021-08-29,23,21,100,0.1,0
2021-08-30,0,20.8,100,0.3,0
2021-08-30,1,20.6,99,0.3,0
2021-08-30,2,20.2,100,0.4,0
2021-08-30,3,20.1,100,0.7,90
2021-08-30,4,19.9,100,0.6,90
2021-08-30,5,20,100,0.2,0
2021-08-30,6,19.8,99,0.2,0
2021-08-30,7,20.1,99,0.3,0
2021-08-30,8,20.7,98,0.4,0
2021-08-30,9,21.8,95,0.5,340
2021-08-30,10,23.8,85,0.7,70
2021-08-30,11,24.6,76,0.5,50
2021-08-30,12,25.7,70,0.8,320
2021-08-30,13,27.3,68,1,230
2021-08-30,14,26.5,72,1.2,230
2021-08-30,15,25.5,75,0.3,0
2021-08-30,16,26.1,73,0.8,230
2021-08-30,17,25.9,74,0.7,320
2021-08-30,18,24.8,79,0.5,20
2021-08-30,19,23.4,86,0.2,0
2021-08-30,20,22,89,0.2,0
2021-08-30,21,21.6,90,0.2,0
2021-08-30,22,21.3,96,0.3,0
2021-08-30,23,21,97,0.3,0
2021-08-31,0,20.8,97,0.5,360
2021-08-31,1,20.7,97,0.3,0
2021-08-31,2,20.5,98,0,0
2021-08-31,3,20.2,99,0,0
2021-08-31,4,20.3,99,0,0
2021-08-31,5,20.3,99,0.1,0
2021-08-31,6,20,99,0.3,0
2021-08-31,7,20.4,98,0.1,0
2021-08-31,8,21.4,92,0.3,0
2021-08-31,9,21.6,95,0.2,0
2021-08-31,10,23.4,86,0.6,160
2021-08-31,11,22.7,92,1.1,250
2021-08-31,12,22.7,91,0.9,180
2021-08-31,13,23.5,83,0.2,0
2021-08-31,14,25,73,1.3,70
2021-08-31,15,25.5,70,1.2,90
2021-08-31,16,25.4,71,0.8,50
2021-08-31,17,24.3,85,0.6,20
2021-08-31,18,23.6,89,0.8,50
2021-08-31,19,23.1,88,2,20
2021-08-31,20,22.1,96,0.8,70
2021-08-31,21,21.4,96,1.7,110
2021-08-31,22,21.2,99,0.5,140
2021-08-31,23,21.3,96,0.5,90
2021-09-01,0,21,88,0.8,110
2021-09-01,1,20.5,96,0.1,0
2021-09-01,2,20.2,97,0.2,0
2021-09-01,3,20.3,98,0,0
2021-09-01,4,20.2,99,0.1,0
2021-09-01,5,19.9,100,0.4,0
2021-09-01,6,19.9,100,0.5,20
2021-09-01,7,19.9,100,0.6,20
2021-09-01,8,19.9,100,0.6,20
2021-09-01,9,20.4,100,0.1,0
2021-09-01,10,21.4,100,0.2,0
2021-09-01,11,22.1,100,0.6,320
2021-09-01,12,21.2,98,1.7,340
2021-09-01,13,21.6,95,0.9,360
2021-09-01,14,21.7,94,1.1,360
2021-09-01,15,21.3,95,1.4,20
2021-09-01,16,21.5,94,1.5,20
2021-09-01,17,21.5,91,0.8,20
2021-09-01,18,21.5,91,0.9,20
2021-09-01,19,20.6,97,0.1,0
2021-09-01,20,20.4,99,0.3,0
2021-09-01,21,20.4,99,0.2,0
2021-09-01,22,20.3,100,0.1,0
2021-09-01,23,20.2,100,0,0
2021-09-02,0,20.2,100,0,0
2021-09-02,1,20.2,100,0.3,0
2021-09-02,2,20.1,100,0.1,0
2021-09-02,3,20.1,100,0.4,0
2021-09-02,4,20,100,0,0
2021-09-02,5,19.4,97,0.5,50
2021-09-02,6,19,99,0.7,20
2021-09-02,7,19,99,0.7,50
2021-09-02,8,20.2,93,0.3,0
2021-09-02,9,22.1,78,0.7,230
2021-09-02,10,23,76,0.9,230
2021-09-02,11,23.6,74,0.8,290
2021-09-02,12,24,71,0.7,360
2021-09-02,13,23.5,74,0.8,320
2021-09-02,14,23.2,80,1,50
2021-09-02,15,23.5,74,1.2,70
2021-09-02,16,23.3,73,0.6,110
2021-09-02,17,22.6,80,0.6,180
2021-09-02,18,22,83,0.4,0
2021-09-02,19,20.7,93,0.8,70
2021-09-02,20,20.6,95,0.1,0
2021-09-02,21,20.1,98,0.3,0
2021-09-02,22,19.9,97,0.7,50
2021-09-02,23,19.6,98,0.4,0
2021-09-03,0,19.6,97,0.1,0
2021-09-03,1,19.4,98,0.5,50
2021-09-03,2,19.2,98,0.2,0
2021-09-03,3,19.1,98,0,0
2021-09-03,4,19,98,0.9,50
2021-09-03,5,18.9,98,0.2,0
2021-09-03,6,18.8,98,0,0
2021-09-03,7,19.1,97,0.2,0
2021-09-03,8,19.9,91,0.1,0
2021-09-03,9,21.1,82,0.3,0
2021-09-03,10,21.9,79,1.1,20
2021-09-03,11,22.5,74,1.5,50
2021-09-03,12,24.2,66,1.4,90
2021-09-03,13,24.3,66,1.9,90
2021-09-03,14,25.8,61,1.8,90
2021-09-03,15,25,62,1,140
2021-09-03,16,23.6,70,1.4,180
2021-09-03,17,23.3,70,0.8,200
2021-09-03,18,22.7,70,0.8,180
2021-09-03,19,20.7,84,0.5,50
2021-09-03,20,19.4,89,0.2,0
2021-09-03,21,18.6,93,0.7,50
2021-09-03,22,18.4,93,0.4,0
2021-09-03,23,17.7,96,0.4,0
2021-09-04,0,16.8,99,0.1,0
2021-09-04,1,16.5,98,0.1,0
2021-09-04,2,15.9,99,0.1,0
2021-09-04,3,15.4,99,0.4,0
2021-09-04,4,15.8,100,0.1,0
2021-09-04,5,15.7,100,0.3,0
2021-09-04,6,15.3,100,0.1,0
2021-09-04,7,15.4,100,0.2,0
2021-09-04,8,17.2,96,0.1,0
2021-09-04,9,20.1,80,0.4,0
2021-09-04,10,22.7,73,0.4,0
2021-09-04,11,24,64,0.8,160
2021-09-04,12,25.2,63,2.4,20
2021-09-04,13,26.4,54,3.3,50
2021-09-04,14,27.2,49,2.9,70
2021-09-04,15,26.3,55,2.9,70
2021-09-04,16,26,58,2.8,70
2021-09-04,17,25.4,55,2.3,90
2021-09-04,18,23.9,59,1.3,50
2021-09-04,19,21,78,0.5,20
2021-09-04,20,19.6,87,0.2,0
2021-09-04,21,18.9,90,0.3,0
2021-09-04,22,18.6,91,0.6,90
2021-09-04,23,17.9,94,0.4,0
2021-09-05,0,17.2,96,0.5,20
2021-09-05,1,16.7,97,0.1,0
2021-09-05,2,16.3,97,0.2,0
2021-09-05,3,15.7,98,0.5,20
2021-09-05,4,15.2,99,0,0
2021-09-05,5,14.8,99,0.1,0
2021-09-05,6,14.7,99,0.6,70
2021-09-05,7,15.3,99,0.2,0
2021-09-05,8,17.2,91,0.4,0
2021-09-05,9,19.5,83,0.5,200
2021-09-05,10,22.5,71,1.7,250
2021-09-05,11,23.7,68,0.6,140
2021-09-05,12,24.9,62,2.4,70
2021-09-05,13,25.6,58,1.9,90
2021-09-05,14,24.1,65,3.4,50
2021-09-05,15,24.7,61,1.4,70
2021-09-05,16,24.6,63,0.9,70
2021-09-05,17,24.8,63,0.5,70
2021-09-05,18,23.3,69,0.9,110
2021-09-05,19,20.6,90,0.5,20
2021-09-05,20,19.9,94,0.8,50
2021-09-05,21,19.9,93,0.2,0
2021-09-05,22,19.3,95,0.1,0
2021-09-05,23,19,96,0.7,70
2021-09-06,0,18.6,98,0.5,50
2021-09-06,1,18.4,99,0.3,0
2021-09-06,2,18.2,100,0.4,0
2021-09-06,3,18.1,100,0.2,0
2021-09-06,4,17.9,99,0.2,0
2021-09-06,5,17.8,100,0.3,0
2021-09-06,6,18.1,99,0.2,0
2021-09-06,7,18.6,98,0.1,0
2021-09-06,8,21.3,83,1,90
2021-09-06,9,21.8,81,1.5,70
2021-09-06,10,22.6,74,1.4,70
2021-09-06,11,23,71,2.4,90
2021-09-06,12,24.6,64,3.6,90
2021-09-06,13,24.5,65,2.3,70
2021-09-06,14,23.6,63,2.7,90
2021-09-06,15,24,63,2.4,110
2021-09-06,16,24.5,58,2.8,90
2021-09-06,17,23.7,61,2.1,90
2021-09-06,18,22.7,67,1.4,70
2021-09-06,19,20.9,81,0.7,70
2021-09-06,20,19.8,89,0.8,70
2021-09-06,21,19.4,91,0.5,50
2021-09-06,22,19,95,0.1,0
2021-09-06,23,18.8,98,0.1,0
2021-09-07,0,18.7,99,0.7,290
2021-09-07,1,18.7,100,0.1,0
2021-09-07,2,18.6,100,0.2,0
2021-09-07,3,18.9,100,0.2,0
2021-09-07,4,18.9,100,0.4,0
2021-09-07,5,18.8,100,0.3,0
2021-09-07,6,18.9,100,0.1,0
2021-09-07,7,19,100,0.4,0
2021-09-07,8,19.3,99,0.2,0
2021-09-07,9,19.7,98,0.3,0
2021-09-07,10,19.8,98,0.1,0
2021-09-07,11,20.6,94,0.4,0
2021-09-07,12,22.1,87,0.9,340
2021-09-07,13,23,85,0.6,360
2021-09-07,14,22.2,96,0.5,360
2021-09-07,15,22.9,93,0.2,0
2021-09-07,16,22.6,96,1.1,360
2021-09-07,17,22.8,97,0.2,0
2021-09-07,18,22.6,98,0.3,0
2021-09-07,19,22.2,99,0.5,70
2021-09-07,20,22.1,99,0.1,0
2021-09-07,21,22,100,0.1,0
2021-09-07,22,22,100,0.3,0
2021-09-07,23,21.5,99,0.2,0
2021-09-08,0,21,100,0.6,180
2021-09-08,1,20.8,100,0.3,0
2021-09-08,2,20.8,100,0.1,0
2021-09-08,3,20.7,100,0.6,200
2021-09-08,4,20.6,100,0.2,0
2021-09-08,5,20.5,100,0,0
2021-09-08,6,20.3,100,0.2,0
2021-09-08,7,20.4,99,0.8,180
2021-09-08,8,21.3,91,0.5,200
2021-09-08,9,22.9,83,1.8,270
2021-09-08,10,23.7,76,1.9,270
2021-09-08,11,24,77,1.2,230
2021-09-08,12,25.2,70,1.6,320
2021-09-08,13,27,61,1.4,250
2021-09-08,14,27.8,58,2.5,290
2021-09-08,15,27,60,3.1,320
2021-09-08,16,27.6,59,3.1,270
2021-09-08,17,26.4,60,2.5,320
2021-09-08,18,25.5,63,1.3,270
2021-09-08,19,21.5,86,1.2,20
2021-09-08,20,20,94,0.2,0
2021-09-08,21,19,97,0.3,0
2021-09-08,22,18.3,99,0.4,0
2021-09-08,23,17.7,99,0.2,0
2021-09-09,0,17.1,99,0,0
2021-09-09,1,16.7,100,0.1,0
2021-09-09,2,16.4,100,0.1,0
2021-09-09,3,16.5,100,0.4,0
2021-09-09,4,16.1,100,0.2,0
2021-09-09,5,16.2,100,0.1,0
2021-09-09,6,16.2,100,0.2,0
2021-09-09,7,16.3,100,0.5,360
2021-09-09,8,17.1,100,0.3,0
2021-09-09,9,18.2,100,0.1,0
2021-09-09,10,21,88,1.1,290
2021-09-09,11,22.2,82,0.9,250
2021-09-09,12,24.7,69,0.8,320
2021-09-09,13,26.2,63,1,140
2021-09-09,14,26.8,54,1.3,320
2021-09-09,15,28.2,53,1.3,270
2021-09-09,16,27.3,55,1.1,290
2021-09-09,17,27.3,57,0.9,290
2021-09-09,18,25.4,71,0.4,0
2021-09-09,19,22.8,86,1.3,70
2021-09-09,20,21.7,91,0.1,0
2021-09-09,21,21,95,0.3,0
2021-09-09,22,20.7,97,0,0
2021-09-09,23,20.3,98,0.2,0
2021-09-10,0,20,99,0,0
2021-09-10,1,19.7,99,0.1,0
2021-09-10,2,19.1,99,0.3,0
2021-09-10,3,19,99,0.1,0
2021-09-10,4,18.8,99,0.1,0
2021-09-10,5,18.6,100,0.3,0
2021-09-10,6,18.7,100,0.1,0
2021-09-10,7,18.8,99,0,0
2021-09-10,8,19.4,99,0.4,0
2021-09-10,9,19.7,98,0.7,340
2021-09-10,10,21.5,90,0.5,250
2021-09-10,11,22.6,86,0.9,200
2021-09-10,12,23.9,80,1.1,200
2021-09-10,13,25.6,73,0.4,0
2021-09-10,14,25.4,72,1.5,250
2021-09-10,15,27.1,66,1.3,270
2021-09-10,16,26.1,70,1.2,230
2021-09-10,17,26.5,65,1.4,230
2021-09-10,18,25.2,75,0.8,230
2021-09-10,19,23.1,82,0.8,200
2021-09-10,20,21.5,88,0.1,0
2021-09-10,21,20.1,96,0.6,20
2021-09-10,22,19.4,98,0,0
2021-09-10,23,19,99,0.1,0
2021-09-11,0,19.3,98,0.1,0
2021-09-11,1,18.8,99,0.1,0
2021-09-11,2,18.1,99,0.5,20
2021-09-11,3,17.7,100,0.1,0
2021-09-11,4,17.4,100,0,0
2021-09-11,5,17.5,100,0.2,0
2021-09-11,6,17.1,100,0.3,0
2021-09-11,7,17.3,100,0.3,0
2021-09-11,8,17.6,100,0.3,0
2021-09-11,9,18.7,100,0.4,0
2021-09-11,10,23.1,81,0.6,320
2021-09-11,11,25.1,69,0.9,320
2021-09-11,12,27.4,61,0.9,290
2021-09-11,13,28,53,1.4,320
2021-09-11,14,28.8,42,1.2,290
2021-09-11,15,29.5,47,1.7,320
2021-09-11,16,29.7,45,1.1,250
2021-09-11,17,29.6,43,1.3,290
2021-09-11,18,25.8,65,1,340
2021-09-11,19,22.2,83,1.3,50
2021-09-11,20,20.6,89,0.6,20
2021-09-11,21,19.4,95,0.2,0
2021-09-11,22,18.5,97,0.7,360
2021-09-11,23,18,98,0,0
2021-09-12,0,17.1,98,0.7,340
2021-09-12,1,16.8,99,0.5,360
2021-09-12,2,16.4,99,0.2,0
2021-09-12,3,16.1,99,0.3,0
2021-09-12,4,15.8,100,0.3,0
2021-09-12,5,15.4,100,0,0
2021-09-12,6,15.2,100,0,0
2021-09-12,7,15.6,99,0.3,0
2021-09-12,8,17.8,96,0.1,0
2021-09-12,9,21,87,0.8,340
2021-09-12,10,24.1,70,0.8,200
2021-09-12,11,26.5,64,0.9,250
2021-09-12,12,28,60,0.9,70
2021-09-12,13,28.3,55,1.2,340
2021-09-12,14,29.3,54,1.1,270
2021-09-12,15,29,52,0.9,340
2021-09-12,16,29.1,53,1.5,250
2021-09-12,17,28.9,55,0.7,200
2021-09-12,18,26.7,65,1.4,180
2021-09-12,19,24,78,0.2,0
2021-09-12,20,22.2,86,0.8,50
2021-09-12,21,21.4,92,0.1,0
2021-09-12,22,20.4,95,0.4,0
2021-09-12,23,19.8,95,0.4,0
2021-09-13,0,19.4,95,0.6,50
2021-09-13,1,18.9,97,0.2,0
2021-09-13,2,19.2,95,0.3,0
2021-09-13,3,18.7,97,0,0
2021-09-13,4,18.2,98,0.1,0
2021-09-13,5,17.9,99,0.3,0
2021-09-13,6,17.5,99,0.3,0
2021-09-13,7,17.8,99,0.1,0
2021-09-13,8,18.9,97,0.1,0
2021-09-13,9,21.6,85,0.1,0
2021-09-13,10,23.9,72,0.4,0
2021-09-13,11,25,62,2.1,180
2021-09-13,12,25.8,59,1.8,110
2021-09-13,13,26.5,55,1.5,110
2021-09-13,14,26.6,53,2.2,90
2021-09-13,15,26.6,56,2,90
2021-09-13,16,25.5,55,2,140
2021-09-13,17,24.4,59,1.9,70
2021-09-13,18,22.8,66,1.7,70
2021-09-13,19,21.1,76,1.1,90
2021-09-13,20,19.7,84,0.7,70
2021-09-13,21,18.8,88,0.2,0
2021-09-13,22,18.1,93,0.3,0
2021-09-13,23,17.4,96,0.6,360
2021-09-14,0,16.9,96,0.4,0
2021-09-14,1,16.8,98,0,0
2021-09-14,2,16.9,97,0.1,0
2021-09-14,3,16.9,97,0.4,0
2021-09-14,4,17.1,97,0.1,0
2021-09-14,5,16.9,97,0.9,270
2021-09-14,6,16.9,98,0.1,0
2021-09-14,7,17.4,97,0.1,0
2021-09-14,8,19.9,86,0.1,0
2021-09-14,9,22.2,76,1.2,320
2021-09-14,10,23.8,65,2.1,90
2021-09-14,11,23.5,67,1.2,70
2021-09-14,12,23.3,65,1.7,70
2021-09-14,13,24.2,64,2.5,90
2021-09-14,14,24.3,60,2.1,70
2021-09-14,15,23.7,60,2.1,70
2021-09-14,16,23.8,63,1.7,90
2021-09-14,17,23.8,67,1,70
2021-09-14,18,22.8,67,2.3,70
2021-09-14,19,21.9,70,1.6,70
2021-09-14,20,20.7,75,1.7,50
2021-09-14,21,19,84,0.8,70
2021-09-14,22,17.5,92,0.7,70
2021-09-14,23,16.7,94,0.5,70
2021-09-15,0,16.3,96,0.8,70
2021-09-15,1,16.4,97,0.3,0
2021-09-15,2,15.9,98,0.3,0
2021-09-15,3,16.1,98,0.2,0
2021-09-15,4,15.5,99,0.1,0
2021-09-15,5,15.2,99,0.1,0
2021-09-15,6,14.8,99,0,0
2021-09-15,7,15.2,99,0,0
2021-09-15,8,18.1,92,0.2,0
2021-09-15,9,24,61,1.9,70
2021-09-15,10,25.2,57,2.6,90
2021-09-15,11,24.9,62,3.8,50
2021-09-15,12,27,51,2.9,70
2021-09-15,13,26.7,51,3.8,70
2021-09-15,14,26.9,46,2.5,90
2021-09-15,15,25.1,55,4.4,70
2021-09-15,16,24.4,56,2.4,70
2021-09-15,17,24.8,51,2.7,90
2021-09-15,18,23.4,54,2.5,70
2021-09-15,19,21,66,1.2,70
2021-09-15,20,19,78,1,90
2021-09-15,21,17.1,85,1.1,70
2021-09-15,22,16.8,88,0.2,0
2021-09-15,23,16.6,89,0.2,0
2021-09-16,0,15.6,94,0.1,0
2021-09-16,1,14.7,97,0.2,0
2021-09-16,2,14.2,98,0,0
2021-09-16,3,13.7,99,0.2,0
2021-09-16,4,13.9,99,0.1,0
2021-09-16,5,13.7,99,0.1,0
2021-09-16,6,13.8,99,0,0
2021-09-16,7,14.2,99,0.1,0
2021-09-16,8,16.8,91,0.1,0
2021-09-16,9,20,79,0.5,340
2021-09-16,10,23.2,69,0.5,200
2021-09-16,11,24.6,59,1.4,110
2021-09-16,12,24.3,62,2.2,90
2021-09-16,13,25.8,57,1.9,140
2021-09-16,14,26.4,54,2.3,90
2021-09-16,15,25.6,55,2,90
2021-09-16,16,25.2,57,2.7,70
2021-09-16,17,24.4,60,2.4,90
2021-09-16,18,23.6,63,2.1,90
2021-09-16,19,22.7,71,0.8,70
2021-09-16,20,22.1,76,0.6,70
2021-09-16,21,21.7,78,0.2,0
2021-09-16,22,21.1,84,0.2,0
2021-09-16,23,20.5,88,0.4,0
2021-09-17,0,20.5,88,0.1,0
2021-09-17,1,20.4,89,0,0
2021-09-17,2,20.5,87,0.5,70
2021-09-17,3,21,80,1,70
2021-09-17,4,21.2,72,1.5,70
2021-09-17,5,18.9,89,0.7,160
2021-09-17,6,18.2,99,0.3,0
2021-09-17,7,18.3,99,0.4,0
2021-09-17,8,18.5,97,0.9,360
2021-09-17,9,18.2,98,2.5,50
2021-09-17,10,17.8,96,1,360
2021-09-17,11,18.3,94,1.8,20
2021-09-17,12,18.7,90,2.9,50
2021-09-17,13,19.1,89,1.4,20
2021-09-17,14,19.2,90,1.2,50
2021-09-17,15,20.2,81,2,50
2021-09-17,16,21,78,2,50
2021-09-17,17,20.7,80,1.3,50
2021-09-17,18,20.6,80,1.4,20
2021-09-17,19,20.4,77,1.7,70
2021-09-17,20,19.5,85,0.6,360
2021-09-17,21,18.7,93,0.3,0
2021-09-17,22,18.6,96,0.2,0
2021-09-17,23,18.1,97,0.2,0
2021-09-18,0,17.4,98,0.2,0
2021-09-18,1,16.4,100,0.3,0
2021-09-18,2,15.6,100,0.3,0
2021-09-18,3,15.6,100,0.1,0
2021-09-18,4,15.4,100,0.3,0
2021-09-18,5,15.1,100,0.5,20
2021-09-18,6,15.2,100,0.1,0
2021-09-18,7,15.4,100,0.4,0
2021-09-18,8,15.7,100,0.4,0
2021-09-18,9,16.7,100,0.5,70
2021-09-18,10,18,92,0.4,0
2021-09-18,11,20.2,81,1,340
2021-09-18,12,23.1,68,0.9,230
2021-09-18,13,23.7,65,1.2,340
2021-09-18,14,24.2,68,1.9,360
2021-09-18,15,25.8,59,1.8,360
2021-09-18,16,26.2,57,0.6,110
2021-09-18,17,26.5,58,0.9,110
2021-09-18,18,24.6,68,1,140
2021-09-18,19,21.8,84,0.4,0
2021-09-18,20,20.5,92,0.7,50
2021-09-18,21,19.2,97,0.1,0
2021-09-18,22,18.2,98,0.2,0
2021-09-18,23,17.3,99,0.7,50
2021-09-19,0,16.8,99,0.9,50
2021-09-19,1,16.3,100,0.6,50
2021-09-19,2,15.8,100,0,0
2021-09-19,3,15.5,100,0,0
2021-09-19,4,15.3,100,0.1,0
2021-09-19,5,15,100,0.1,0
2021-09-19,6,14.9,100,0.1,0
2021-09-19,7,15,100,0.8,50
2021-09-19,8,15.6,100,0.2,0
2021-09-19,9,17.5,100,0.6,290
2021-09-19,10,21.6,77,0.8,230
2021-09-19,11,24,63,0.4,0
2021-09-19,12,25.7,53,1,140
2021-09-19,13,25.5,52,1,110
2021-09-19,14,26.6,48,1.6,70
2021-09-19,15,27.4,49,0.9,140
2021-09-19,16,26.8,50,1.5,70
2021-09-19,17,26.5,54,1.8,90
2021-09-19,18,23.1,72,1.2,70
2021-09-19,19,20.5,85,0.3,0
2021-09-19,20,19.1,92,0.5,360
2021-09-19,21,18.1,95,0.5,20
2021-09-19,22,17.3,97,0.6,50
2021-09-19,23,16.7,98,0.4,0
2021-09-20,0,16,98,0.7,50
2021-09-20,1,15.6,99,0.3,0
2021-09-20,2,15.3,99,0.2,0
2021-09-20,3,14.8,100,0.1,0
2021-09-20,4,14.2,100,0,0
2021-09-20,5,14.2,100,0,0
2021-09-20,6,14,100,0,0
2021-09-20,7,14.9,100,0,0
2021-09-20,8,17,98,0,0
2021-09-20,9,19.9,83,0,0
2021-09-20,10,23.9,62,2.1,140
2021-09-20,11,24.9,62,0,0
2021-09-20,12,25.2,58,1.4,160
2021-09-20,13,26.3,55,1.7,200
2021-09-20,14,26.2,56,2.6,160
2021-09-20,15,26,59,2,160
2021-09-20,16,25.9,60,2.1,110
2021-09-20,17,25.7,61,2,110
2021-09-20,18,23.7,68,1.6,160
2021-09-20,19,21.6,79,0.4,0
2021-09-20,20,19.9,92,0.6,340
2021-09-20,21,20.2,90,0.5,20
2021-09-20,22,19.9,92,0.2,0
2021-09-20,23,19.9,92,0.4,0
2021-09-21,0,19.1,96,0.5,290
2021-09-21,1,19,96,0.4,0
2021-09-21,2,18.6,97,0.4,0
2021-09-21,3,18,98,0.3,0
2021-09-21,4,17.9,99,0.3,0
2021-09-21,5,18.7,98,0.2,0
2021-09-21,6,18.7,97,0.3,0
2021-09-21,7,19.4,97,0.4,0
2021-09-21,8,20.1,96,0.3,0
2021-09-21,9,20.7,99,0.3,0
2021-09-21,10,21.1,100,0.4,0
2021-09-21,11,22.1,95,0.5,140
2021-09-21,12,22.2,96,0,0
2021-09-21,13,21.7,96,1.9,320
2021-09-21,14,22.4,91,0.3,0
2021-09-21,15,22.5,94,0.7,110
2021-09-21,16,23.3,89,1.2,160
2021-09-21,17,24.1,85,0.9,160
2021-09-21,18,22.8,91,0.4,0
2021-09-21,19,20.9,99,0.4,0
2021-09-21,20,20.4,100,0.5,70
2021-09-21,21,20.4,100,0.1,0
2021-09-21,22,20.2,100,0,0
2021-09-21,23,20.3,100,0.1,0
2021-09-22,0,20.4,100,0.1,0
2021-09-22,1,19.9,100,0.2,0
2021-09-22,2,19.4,100,0.5,340
2021-09-22,3,19.5,100,0.4,0
2021-09-22,4,19.4,100,0.4,0
2021-09-22,5,19.3,100,0.6,200
2021-09-22,6,19.2,100,1.1,340
2021-09-22,7,19,100,0.8,250
2021-09-22,8,18.9,100,0.6,200
2021-09-22,9,20.7,92,1,230
2021-09-22,10,23.3,79,1.7,200
2021-09-22,11,25.7,63,3.3,250
2021-09-22,12,26.4,61,2.9,250
2021-09-22,13,25.3,68,1.7,50
2021-09-22,14,26.3,63,1.5,270
2021-09-22,15,28,53,3.1,270
2021-09-22,16,26.5,56,2.4,290
2021-09-22,17,26.4,57,1.8,290
2021-09-22,18,23.2,77,1.1,320
2021-09-22,19,20.6,88,0.7,360
2021-09-22,20,18.9,94,0.6,20
2021-09-22,21,17.7,96,0.1,0
2021-09-22,22,17.1,98,0.2,0
2021-09-22,23,16.9,98,0.2,0
2021-09-23,0,16.3,98,0.5,70
2021-09-23,1,15.5,99,0.1,0
2021-09-23,2,14.8,99,0.1,0
2021-09-23,3,14.4,100,0.7,50
2021-09-23,4,13.6,100,0.2,0
2021-09-23,5,13.1,100,0.2,0
2021-09-23,6,13.2,100,0,0
2021-09-23,7,12.9,100,0.3,0
2021-09-23,8,15.9,100,0.1,0
2021-09-23,9,20.3,72,1.7,250
2021-09-23,10,22.4,65,3.2,270
2021-09-23,11,23,58,3.1,270
2021-09-23,12,24.7,48,4.2,290
2021-09-23,13,24.7,51,2.9,340
2021-09-23,14,24.5,48,3.3,290
2021-09-23,15,24.1,51,2,320
2021-09-23,16,24.5,49,2,340
2021-09-23,17,23.6,55,1.5,340
2021-09-23,18,21.3,74,0.6,360
2021-09-23,19,19,84,1.1,70
2021-09-23,20,17.7,90,0.4,0
2021-09-23,21,17.5,93,0.2,0
2021-09-23,22,17.7,93,0.5,340
2021-09-23,23,18,91,0.2,0
2021-09-24,0,17.6,93,0.4,0
2021-09-24,1,16.4,96,0.8,50
2021-09-24,2,15.4,98,0.4,0
2021-09-24,3,14.8,99,0.4,0
2021-09-24,4,14.2,99,0.3,0
2021-09-24,5,13.8,100,0.5,20
2021-09-24,6,13.4,100,0.3,0
2021-09-24,7,13.7,100,0.6,320
2021-09-24,8,14.8,100,0.6,360
2021-09-24,9,17.3,89,0.8,320
2021-09-24,10,20.7,73,0.5,340
2021-09-24,11,22.6,66,0.8,340
2021-09-24,12,24.4,59,1.4,290
2021-09-24,13,25.2,55,0.7,70
2021-09-24,14,24.7,60,2.5,90
2021-09-24,15,24.7,58,2.3,70
2021-09-24,16,23.6,63,2.4,70
2021-09-24,17,22.2,72,1.5,20
2021-09-24,18,21.6,77,1.1,50
2021-09-24,19,19.1,89,0.7,20
2021-09-24,20,17.7,93,1,20
2021-09-24,21,16.7,96,0.4,0
2021-09-24,22,16.2,97,0.6,20
2021-09-24,23,15.5,98,0.5,360
2021-09-25,0,15,99,0.2,0
2021-09-25,1,14.9,99,0,0
2021-09-25,2,14.6,99,0.2,0
2021-09-25,3,14.3,99,0,0
2021-09-25,4,14.7,99,0.5,250
2021-09-25,5,15.5,100,0.6,230
2021-09-25,6,15.7,100,0.1,0
2021-09-25,7,16.8,99,0.5,290
2021-09-25,8,18.9,94,1.1,20
2021-09-25,9,19.7,88,1.4,360
2021-09-25,10,20.9,81,2.9,70
2021-09-25,11,22.2,74,2.3,70
2021-09-25,12,21.6,79,2.6,70
2021-09-25,13,23.4,71,2.3,70
2021-09-25,14,24,65,2.4,110
2021-09-25,15,23.7,65,1.5,70
2021-09-25,16,22.9,68,1.6,70
2021-09-25,17,21.9,72,0.8,70
2021-09-25,18,20.9,77,0.9,20
2021-09-25,19,19.4,88,0.6,50
2021-09-25,20,18.2,93,0.2,0
2021-09-25,21,17.2,96,0.7,50
2021-09-25,22,16.7,97,0.6,50
2021-09-25,23,16.5,98,0.3,0
2021-09-26,0,16,99,0.1,0
2021-09-26,1,15.7,99,0.3,0
2021-09-26,2,15.4,99,0.2,0
2021-09-26,3,15.5,99,0.4,0
2021-09-26,4,15.5,99,0.6,270
2021-09-26,5,15.7,99,0.1,0
2021-09-26,6,15.5,99,0.1,0
2021-09-26,7,15.7,100,0.1,0
2021-09-26,8,16.9,96,0,0
2021-09-26,9,19.4,86,0.6,250
2021-09-26,10,22.3,67,2.3,50
2021-09-26,11,24.5,54,2.4,110
2021-09-26,12,23.8,56,2.1,90
2021-09-26,13,24.1,57,2.8,70
2021-09-26,14,24.8,53,3.2,70
2021-09-26,15,24.5,56,2.1,70
2021-09-26,16,24.4,51,2.2,90
2021-09-26,17,23.7,53,2.2,70
2021-09-26,18,21.6,57,1.8,90
2021-09-26,19,19.9,66,1.2,70
2021-09-26,20,18.1,79,0.7,70
2021-09-26,21,17.3,84,0.5,50
2021-09-26,22,16.7,88,0.3,0
2021-09-26,23,16.4,91,0.3,0
2021-09-27,0,16.1,92,0.9,50
2021-09-27,1,15.9,94,0.1,0
2021-09-27,2,16,93,0.6,270
2021-09-27,3,16,95,0.1,0
2021-09-27,4,15.5,96,0.4,0
2021-09-27,5,15.7,97,0.2,0
2021-09-27,6,15.4,96,0.6,50
2021-09-27,7,15.8,96,0.3,0
2021-09-27,8,18.1,87,0.2,0
2021-09-27,9,21.6,63,2.9,70
2021-09-27,10,22.2,62,1.7,70
2021-09-27,11,23.1,61,1.5,180
2021-09-27,12,23.1,63,1.3,200
2021-09-27,13,23.7,61,1.4,110
2021-09-27,14,24.2,60,1.8,230
2021-09-27,15,24.5,59,1.1,180
2021-09-27,16,23.7,65,1.5,70
2021-09-27,17,23.8,65,0.4,0
2021-09-27,18,22.5,69,0.9,110
2021-09-27,19,21.3,72,1,110
2021-09-27,20,20.3,76,0.5,90
2021-09-27,21,19.3,86,0.3,0
2021-09-27,22,19,88,0.1,0
2021-09-27,23,18.6,90,0.6,340
2021-09-28,0,18.4,92,0.5,50
2021-09-28,1,18.2,91,0.4,0
2021-09-28,2,18,92,0.3,0
2021-09-28,3,17.6,94,0.6,50
2021-09-28,4,17.4,95,0.5,360
2021-09-28,5,17.2,95,0.2,0
2021-09-28,6,17,97,0,0
2021-09-28,7,16.8,98,0.2,0
2021-09-28,8,18.1,93,1,20
2021-09-28,9,19.4,81,0.6,20
2021-09-28,10,20.5,75,0.4,0
2021-09-28,11,21.9,70,0.6,360
2021-09-28,12,22.8,69,0.5,320
2021-09-28,13,24.9,66,1,230
2021-09-28,14,25.2,64,1.2,180
2021-09-28,15,25.2,63,1.6,180
2021-09-28,16,23.6,71,1.5,200
2021-09-28,17,23.1,73,0.7,140
2021-09-28,18,22.3,77,0.6,180
2021-09-28,19,20.6,94,0.7,70
2021-09-28,20,20.3,95,0.9,70
2021-09-28,21,20.2,93,0.8,70
2021-09-28,22,19.9,95,1,50
2021-09-28,23,19.8,95,0.6,70
2021-09-29,0,19.6,96,0.9,70
2021-09-29,1,19.6,95,0.2,0
2021-09-29,2,19.3,99,0.3,0
2021-09-29,3,19.4,98,0.3,0
2021-09-29,4,19.3,98,0.4,0
2021-09-29,5,19.3,99,0.2,0
2021-09-29,6,19.4,98,0.1,0
2021-09-29,7,19.5,98,0.1,0
2021-09-29,8,19.8,97,0.2,0
2021-09-29,9,20.2,94,0.2,0
2021-09-29,10,21.5,88,0.7,340
2021-09-29,11,23.7,82,1,290
2021-09-29,12,25.6,77,1.3,250
2021-09-29,13,26.4,72,3.1,250
2021-09-29,14,26.5,73,1.6,250
2021-09-29,15,23.4,88,3.5,290
2021-09-29,16,22,91,0.2,0
2021-09-29,17,21.8,95,0.8,180
2021-09-29,18,21.7,97,0.3,0
2021-09-29,19,21.4,99,0.3,0
2021-09-29,20,21.3,99,0.3,0
2021-09-29,21,21.1,99,0,0
2021-09-29,22,20.9,100,0.1,0
2021-09-29,23,20.9,100,0.2,0
2021-09-30,0,20.8,100,0.1,0
2021-09-30,1,20.8,100,0.4,0
2021-09-30,2,20.1,99,0.4,0
2021-09-30,3,19.9,99,0.2,0
2021-09-30,4,19.6,99,0.2,0
2021-09-30,5,19.3,100,0.2,0
2021-09-30,6,18.9,100,0.5,320
2021-09-30,7,18.3,100,1.1,320
2021-09-30,8,19.1,98,0.4,0
2021-09-30,9,20.6,82,0.3,0
2021-09-30,10,22.8,79,0.7,360
2021-09-30,11,24.2,67,0.8,140
2021-09-30,12,25.9,58,1.6,50
2021-09-30,13,26.7,55,2.2,360
2021-09-30,14,27.5,53,1.8,20
2021-09-30,15,27.9,49,0.8,160
2021-09-30,16,27.4,48,1.1,70
2021-09-30,17,24.7,68,0.3,0
2021-09-30,18,23.7,67,0.6,110
2021-09-30,19,20.2,87,0.9,340
2021-09-30,20,18.9,94,0.6,50
2021-09-30,21,17.7,97,0.5,20
2021-09-30,22,17.2,97,0.5,50
2021-09-30,23,16.4,99,0.4,0
2022-06-01,0,16.4,59,0.5,20
2022-06-01,1,15.2,63,0.3,0
2022-06-01,2,14.2,66,0.2,0
2022-06-01,3,13.6,69,0,0
2022-06-01,4,13.3,69,0.4,0
2022-06-01,5,13.1,71,0.2,0
2022-06-01,6,13.2,71,0.5,360
2022-06-01,7,14.8,65,0.7,360
2022-06-01,8,17.6,52,0.4,0
2022-06-01,9,21.1,45,0.4,0
2022-06-01,10,24.1,34,1,140
2022-06-01,11,26.8,27,1.6,200
2022-06-01,12,28.9,24,2.2,230
2022-06-01,13,30.1,23,1.7,290
2022-06-01,14,30.7,20,3.3,230
2022-06-01,15,31.2,21,3.5,270
2022-06-01,16,31.5,22,3.2,270
2022-06-01,17,31.1,23,3.5,290
2022-06-01,18,30.9,23,2.5,270
2022-06-01,19,29.7,24,1.4,290
2022-06-01,20,25.9,30,0.5,250
2022-06-01,21,20.7,44,0.6,340
2022-06-01,22,18.5,51,0.2,0
2022-06-01,23,16.8,53,0.6,360
2022-06-02,0,15.3,58,0.4,0
2022-06-02,1,14.1,63,0.1,0
2022-06-02,2,13.1,67,0.5,360
2022-06-02,3,12,72,0.3,0
2022-06-02,4,11,76,0.2,0
2022-06-02,5,10.5,78,0.2,0
2022-06-02,6,10.9,77,0.1,0
2022-06-02,7,14.2,66,0.2,0
2022-06-02,8,18.5,54,0.5,340
2022-06-02,9,22.4,40,0.7,250
2022-06-02,10,26,31,1.5,200
2022-06-02,11,27.5,26,1.4,200
2022-06-02,12,28.9,19,2.9,250
2022-06-02,13,30.5,22,3.3,270
2022-06-02,14,30.2,22,3.5,320
2022-06-02,15,31.2,22,3.1,320
2022-06-02,16,31.6,22,3.6,290
2022-06-02,17,31.5,25,2.9,290
2022-06-02,18,30.5,25,2.7,320
2022-06-02,19,28.7,30,2.2,290
2022-06-02,20,24.2,42,1.2,340
2022-06-02,21,21.7,51,0.6,20
2022-06-02,22,19.4,59,0.4,0
2022-06-02,23,18.2,62,0.6,70
2022-06-03,0,17.2,68,0.1,0
2022-06-03,1,16.3,71,0.3,0
2022-06-03,2,15.6,75,0.1,0
2022-06-03,3,14.6,80,0.4,0
2022-06-03,4,14.1,84,0.1,0
2022-06-03,5,13.4,88,0.2,0
2022-06-03,6,13.9,87,0.4,0
2022-06-03,7,16.6,77,0.6,320
2022-06-03,8,21,65,0.4,0
2022-06-03,9,23.1,58,0.8,360
2022-06-03,10,25.9,50,0.7,360
2022-06-03,11,29.4,38,1.8,270
2022-06-03,12,30,32,1.7,340
2022-06-03,13,31.9,25,1.1,290
2022-06-03,14,32.7,24,1.4,140
2022-06-03,15,30.6,38,3.3,160
2022-06-03,16,30.2,37,3.4,110
2022-06-03,17,28.8,38,3.6,110
2022-06-03,18,26.9,40,3.1,160
2022-06-03,19,24.3,44,2.4,140
2022-06-03,20,22.1,49,1.6,160
2022-06-03,21,20.8,54,1.6,140
2022-06-03,22,19.4,63,1.4,90
2022-06-03,23,18.7,66,0.4,0
2022-06-04,0,16.7,76,0.7,360
2022-06-04,1,15.9,78,1,70
2022-06-04,2,15.3,81,1,70
2022-06-04,3,14.5,86,1.1,50
2022-06-04,4,14.4,89,0.6,360
2022-06-04,5,13.6,91,0.4,0
2022-06-04,6,13.4,92,0.4,0
2022-06-04,7,15.8,81,0.3,0
2022-06-04,8,19.1,68,0.7,20
2022-06-04,9,21.5,60,1.2,20
2022-06-04,10,22.3,55,1.7,320
2022-06-04,11,25.8,47,0.9,180
2022-06-04,12,27.2,44,1.7,200
2022-06-04,13,28.4,40,1.2,110
2022-06-04,14,29.1,38,2.4,200
2022-06-04,15,28.9,40,2.2,230
2022-06-04,16,28.6,41,2.2,200
2022-06-04,17,28.2,42,1.6,200
2022-06-04,18,27.3,47,1.8,200
2022-06-04,19,25.5,52,1.6,140
2022-06-04,20,23.1,59,1.6,160
2022-06-04,21,21.9,63,1,200
2022-06-04,22,20.6,68,1.9,110
2022-06-04,23,19.5,71,1,90
2022-06-05,0,19,66,1.2,140
2022-06-05,1,17.2,77,1.3,70
2022-06-05,2,16.6,79,0.5,70
2022-06-05,3,16.1,81,1.2,20
2022-06-05,4,16.4,80,0.6,70
2022-06-05,5,16.1,81,0.6,20
2022-06-05,6,16.5,79,0.5,70
2022-06-05,7,16.4,85,0.5,70
2022-06-05,8,16,95,1,50
2022-06-05,9,16.3,94,0.3,0
2022-06-05,10,16.5,94,0.8,50
2022-06-05,11,17.9,88,0.8,50
2022-06-05,12,18.3,84,0.6,340
2022-06-05,13,18.5,88,1.2,360
2022-06-05,14,18.6,89,1.5,50
2022-06-05,15,18.2,94,1.4,20
2022-06-05,16,17.8,95,1.1,50
2022-06-05,17,17.7,97,0.8,360
2022-06-05,18,17.6,97,0.7,50
2022-06-05,19,17.5,98,0.5,360
2022-06-05,20,17.4,99,0.8,70
2022-06-05,21,17,97,0.8,160
2022-06-05,22,18,89,1.1,360
2022-06-05,23,17.4,93,0.4,0
2022-06-06,0,17.2,96,0.6,50
2022-06-06,1,17.1,96,0.9,70
2022-06-06,2,16.6,98,0.6,360
2022-06-06,3,16.5,99,1,20
2022-06-06,4,16.3,98,0.7,70
2022-06-06,5,15.9,100,0.1,0
2022-06-06,6,16.2,99,0.4,0
2022-06-06,7,16.8,96,0.5,360
2022-06-06,8,18.2,89,1.2,20
2022-06-06,9,19.1,84,0.8,290
2022-06-06,10,20,77,1.7,320
2022-06-06,11,20.3,77,0.8,360
2022-06-06,12,19.1,87,1.5,320
2022-06-06,13,18.2,94,1.4,90
2022-06-06,14,18.6,96,0.6,340
2022-06-06,15,21,68,3.5,50
2022-06-06,16,19.2,71,1.8,110
2022-06-06,17,18.6,78,0.8,50
2022-06-06,18,19.5,66,2.1,90
2022-06-06,19,18.8,67,2.2,90
2022-06-06,20,17.4,72,1.8,90
2022-06-06,21,14.8,92,0.5,290
2022-06-06,22,13.7,95,0.4,0
2022-06-06,23,13,98,0.6,360
2022-06-07,0,12.8,96,0.7,70
2022-06-07,1,12.8,96,1,360
2022-06-07,2,12,98,0.9,360
2022-06-07,3,11.3,99,0.5,360
2022-06-07,4,10.7,100,0.4,0
2022-06-07,5,10,100,0.6,360
2022-06-07,6,10.1,100,0.5,320
2022-06-07,7,12.4,92,0.2,0
2022-06-07,8,15,79,0.2,0
2022-06-07,9,17.9,68,1.3,320
2022-06-07,10,19.3,62,1.6,230
2022-06-07,11,20.8,57,1.6,230
2022-06-07,12,21.6,54,1.9,230
2022-06-07,13,21.1,55,1.3,200
2022-06-07,14,20.1,63,2.3,230
2022-06-07,15,19.1,68,2.1,200
2022-06-07,16,17.3,76,1.7,110
2022-06-07,17,17.9,72,1.3,140
2022-06-07,18,17.3,72,1.6,140
2022-06-07,19,16.6,74,1.2,160
2022-06-07,20,15.9,79,1.6,110
2022-06-07,21,14.8,91,0.7,50
2022-06-07,22,14.3,96,0.8,50
2022-06-07,23,14.3,95,0.2,0
2022-06-08,0,14.2,97,0.3,0
2022-06-08,1,14,97,0.2,0
2022-06-08,2,14.1,94,0.3,0
2022-06-08,3,13.9,95,0.7,70
2022-06-08,4,13.8,96,0.4,0
2022-06-08,5,13.7,96,0.8,20
2022-06-08,6,14,89,0.1,0
2022-06-08,7,14.5,85,0.3,0
2022-06-08,8,15,79,1,50
2022-06-08,9,16.1,75,0.6,360
2022-06-08,10,17.4,67,1,340
2022-06-08,11,19.2,66,0.7,320
2022-06-08,12,19.9,61,0.9,250
2022-06-08,13,19.9,61,1.6,320
2022-06-08,14,20.9,57,1,230
2022-06-08,15,21.4,56,0.8,320
2022-06-08,16,22.1,53,0.8,160
2022-06-08,17,22,55,1.4,230
2022-06-08,18,22,58,1.7,230
2022-06-08,19,21,61,1.5,230
2022-06-08,20,19.1,70,0.9,200
2022-06-08,21,17.5,74,1.2,160
2022-06-08,22,15.3,86,0.9,50
2022-06-08,23,13.8,95,0.5,360
2022-06-09,0,13,97,0.6,20
2022-06-09,1,12.2,98,0.7,20
2022-06-09,2,11.7,98,0.3,0
2022-06-09,3,11.5,99,0.7,20
2022-06-09,4,12.4,97,0.4,0
2022-06-09,5,12.5,97,0.6,50
2022-06-09,6,12.8,96,0.1,0
2022-06-09,7,13.6,93,0.5,340
2022-06-09,8,15.3,85,0.4,0
2022-06-09,9,18.5,72,0.5,110
2022-06-09,10,19.7,66,1.1,180
2022-06-09,11,21.7,59,1.2,320
2022-06-09,12,23.5,53,1.5,70
2022-06-09,13,24.7,47,1.1,340
2022-06-09,14,26.1,46,1.2,230
2022-06-09,15,26,46,2.3,290
2022-06-09,16,26.8,45,1.8,270
2022-06-09,17,26.9,45,1.4,230
2022-06-09,18,25.7,49,1.5,290
2022-06-09,19,24.4,52,1.5,250
2022-06-09,20,22.6,61,0.7,180
2022-06-09,21,20.5,74,0.8,70
2022-06-09,22,18.6,82,0.9,20
2022-06-09,23,17.5,89,0.8,50
2022-06-10,0,16.2,94,0.6,20
2022-06-10,1,15.4,95,0.5,360
2022-06-10,2,14.7,97,0.5,20
2022-06-10,3,14,98,0.5,360
2022-06-10,4,13.6,98,0.7,360
2022-06-10,5,13.2,98,0.6,20
2022-06-10,6,13.6,98,0.5,340
2022-06-10,7,15,92,0.6,50
2022-06-10,8,17.9,78,0.2,0
2022-06-10,9,20.6,63,0.7,360
2022-06-10,10,23.6,48,0.8,160
2022-06-10,11,25.1,47,1.5,270
2022-06-10,12,26.8,45,1.4,270
2022-06-10,13,28.3,43,1.3,320
2022-06-10,14,28.9,40,1.2,270
2022-06-10,15,29.1,40,1.6,230
2022-06-10,16,29,43,2.2,270
2022-06-10,17,28,43,2.4,250
2022-06-10,18,27.3,43,1.4,250
2022-06-10,19,26,48,0.7,200
2022-06-10,20,23,65,0.3,0
2022-06-10,21,21.4,70,0.2,0
2022-06-10,22,20.2,75,0.6,360
2022-06-10,23,19.5,77,0.3,0
2022-06-11,0,19.2,79,0.1,0
2022-06-11,1,18.1,84,0.4,0
2022-06-11,2,17.1,89,0.5,340
2022-06-11,3,16.7,90,0.3,0
2022-06-11,4,16.2,94,0.2,0
2022-06-11,5,15.7,96,0.3,0
2022-06-11,6,16,94,0.4,0
2022-06-11,7,17.1,91,0.5,340
2022-06-11,8,19.2,80,0.6,360
2022-06-11,9,21.7,68,0.6,340
2022-06-11,10,24,61,0.6,20
2022-06-11,11,25.1,58,1.3,20
2022-06-11,12,26.8,49,2.1,90
2022-06-11,13,27.1,50,2.9,50
2022-06-11,14,27.7,45,2.7,90
2022-06-11,15,27.9,46,3.5,70
2022-06-11,16,27.1,45,2.6,140
2022-06-11,17,25.7,52,2.8,90
2022-06-11,18,24.5,53,2.3,70
2022-06-11,19,23.3,54,2,90
2022-06-11,20,21.2,63,1.1,70
2022-06-11,21,20.3,67,0.9,70
2022-06-11,22,19.5,66,1.2,180
2022-06-11,23,17.2,80,0.3,0
2022-06-12,0,17.6,77,0.2,0
2022-06-12,1,17.1,80,0.7,20
2022-06-12,2,15.9,86,0.6,20
2022-06-12,3,15,90,0.7,50
2022-06-12,4,14.1,93,0.7,20
2022-06-12,5,13.4,96,0.8,360
2022-06-12,6,13.9,94,0.4,0
2022-06-12,7,15.6,86,0.5,20
2022-06-12,8,18.5,73,0.7,20
2022-06-12,9,21.5,62,1.4,50
2022-06-12,10,22.7,59,1.3,160
2022-06-12,11,24.5,56,1,50
2022-06-12,12,25.5,50,1.7,160
2022-06-12,13,25.9,48,1.1,90
2022-06-12,14,26,49,1.6,230
2022-06-12,15,26.4,49,2.1,230
2022-06-12,16,26.6,48,3,200
2022-06-12,17,25.7,51,2,160
2022-06-12,18,24.9,53,1.6,200
2022-06-12,19,23.2,57,1.4,200
2022-06-12,20,21.9,62,1.3,180
2022-06-12,21,20.8,65,1.4,180
2022-06-12,22,19.7,70,1,160
2022-06-12,23,18.8,72,0.8,160
2022-06-13,0,17.3,82,0.9,20
2022-06-13,1,16.4,86,0.4,0
2022-06-13,2,16.2,87,0.8,70
2022-06-13,3,15.5,90,0.6,360
2022-06-13,4,15.4,92,0.6,50
2022-06-13,5,15.2,92,0.8,70
2022-06-13,6,15.7,91,0.3,0
2022-06-13,7,17.3,82,0.4,0
2022-06-13,8,18.9,72,0.5,320
2022-06-13,9,20.2,68,0.5,180
2022-06-13,10,21.1,63,1.9,90
2022-06-13,11,22,58,2.8,90
2022-06-13,12,23.3,52,3.1,70
2022-06-13,13,23.7,46,2.8,110
2022-06-13,14,24.1,40,2.8,90
2022-06-13,15,24.7,42,3.1,70
2022-06-13,16,23.3,47,4.2,70
2022-06-13,17,23.3,48,3.9,70
2022-06-13,18,21.9,52,4.6,90
2022-06-13,19,20.9,57,2.8,90
2022-06-13,20,19.8,61,1.9,70
2022-06-13,21,18.7,66,1.6,50
2022-06-13,22,18.6,66,1.5,50
2022-06-13,23,18.2,68,1.5,50
2022-06-14,0,16.8,75,1.1,70
2022-06-14,1,17.7,73,1.8,50
2022-06-14,2,18.4,71,1.9,50
2022-06-14,3,18.6,69,2.5,70
2022-06-14,4,18.5,69,1.8,50
2022-06-14,5,17.2,83,0.7,50
2022-06-14,6,16.2,93,0.9,70
2022-06-14,7,17.3,82,2.3,50
2022-06-14,8,17.5,85,1.9,50
2022-06-14,9,18.2,79,1.5,50
2022-06-14,10,18,78,2,50
2022-06-14,11,18.7,73,2.1,70
2022-06-14,12,17.8,81,1.9,70
2022-06-14,13,17.1,84,2.3,50
2022-06-14,14,16.4,86,2.7,50
2022-06-14,15,16.7,84,2.8,50
2022-06-14,16,16.1,92,1.7,70
2022-06-14,17,16.7,89,1.7,50
2022-06-14,18,16.6,88,1.4,50
2022-06-14,19,16.4,89,1,360
2022-06-14,20,16.1,89,1.4,20
2022-06-14,21,16.2,86,1.6,20
2022-06-14,22,16,87,1.4,20
2022-06-14,23,15.7,87,1.4,50
2022-06-15,0,15.7,89,0.4,0
2022-06-15,1,15.2,95,0.8,50
2022-06-15,2,15.3,95,0.5,200
2022-06-15,3,15.2,95,0.3,0
2022-06-15,4,15.1,98,0.2,0
2022-06-15,5,15.1,98,0,0
2022-06-15,6,15.1,99,0.2,0
2022-06-15,7,15.2,98,0.2,0
2022-06-15,8,15.9,94,0.6,50
2022-06-15,9,17.1,90,1.3,320
2022-06-15,10,17.7,83,0.8,320
2022-06-15,11,19.6,79,0.6,200
2022-06-15,12,19,88,1.5,290
2022-06-15,13,22.1,73,1.7,200
2022-06-15,14,23.1,65,1.4,180
2022-06-15,15,22.8,68,1.3,250
2022-06-15,16,24.1,60,1.6,250
2022-06-15,17,23.9,60,1.3,320
2022-06-15,18,24,63,0.7,200
2022-06-15,19,20.7,87,0.9,200
2022-06-15,20,19.9,96,0.3,0
2022-06-15,21,19,99,0.3,0
2022-06-15,22,18.7,99,0.6,50
2022-06-15,23,18.5,100,0.6,340
2022-06-16,0,17.8,99,0.8,50
2022-06-16,1,17.6,99,0.8,50
2022-06-16,2,18.2,99,0.5,160
2022-06-16,3,18,100,0.4,0
2022-06-16,4,17.8,100,0.3,0
2022-06-16,5,17.6,100,0.1,0
2022-06-16,6,17.7,100,0.4,0
2022-06-16,7,18.2,98,0.8,140
2022-06-16,8,20.4,86,1.6,230
2022-06-16,9,21.8,69,3.1,290
2022-06-16,10,22.8,58,4.5,320
2022-06-16,11,23.6,55,3.2,290
2022-06-16,12,24.7,50,3.6,250
2022-06-16,13,23.8,51,2.2,270
2022-06-16,14,26,50,2.5,290
2022-06-16,15,26.7,46,2.9,290
2022-06-16,16,26.3,44,2,290
2022-06-16,17,25.9,45,2.4,320
2022-06-16,18,25.9,45,2.8,340
2022-06-16,19,24.8,49,1.6,340
2022-06-16,20,21.5,65,0.9,320
2022-06-16,21,19.1,77,0.7,360
2022-06-16,22,17.5,83,0.6,360
2022-06-16,23,16.3,89,0.3,0
2022-06-17,0,15.3,93,0.5,360
2022-06-17,1,14.7,95,0.4,0
2022-06-17,2,14.2,97,0.5,360
2022-06-17,3,13.9,97,0.3,0
2022-06-17,4,13.4,98,0,0
2022-06-17,5,13.2,98,0.4,0
2022-06-17,6,13.4,98,0.1,0
2022-06-17,7,15.5,88,0.2,0
2022-06-17,8,19,76,0.9,360
2022-06-17,9,22.9,64,0.6,110
2022-06-17,10,24.9,58,0.7,70
2022-06-17,11,27.9,49,1.2,250
2022-06-17,12,28.7,47,2.6,270
2022-06-17,13,30.6,40,2.5,230
2022-06-17,14,31.6,41,1.8,250
2022-06-17,15,31.1,42,1.4,70
2022-06-17,16,31.6,41,2.5,230
2022-06-17,17,31,41,1.6,290
2022-06-17,18,31.3,42,1.5,270
2022-06-17,19,29.8,49,1,320
2022-06-17,20,26.4,62,0.9,50
2022-06-17,21,24.4,71,0.3,0
2022-06-17,22,23.3,74,0.5,50
2022-06-17,23,23,78,0.7,50
2022-06-18,0,22.8,80,0.3,0
2022-06-18,1,23,80,0.3,0
2022-06-18,2,22.2,84,0.2,0
2022-06-18,3,21.7,87,0.9,360
2022-06-18,4,21.9,88,0.4,0
2022-06-18,5,21.9,89,0.8,160
2022-06-18,6,20.6,95,0.2,0
2022-06-18,7,22.4,86,0.5,90
2022-06-18,8,23.9,78,0.8,200
2022-06-18,9,26.4,66,1.8,320
2022-06-18,10,27.5,61,1.6,250
2022-06-18,11,29.7,49,2,250
2022-06-18,12,30.5,44,2.2,250
2022-06-18,13,30.9,45,2.2,230
2022-06-18,14,32.1,44,2.4,270
2022-06-18,15,32.3,45,2.4,250
2022-06-18,16,32.1,44,3.5,320
2022-06-18,17,31.3,48,3.5,290
2022-06-18,18,30.3,52,1.9,290
2022-06-18,19,28.9,55,2.5,270
2022-06-18,20,27.4,61,0.9,270
2022-06-18,21,25.3,71,0.5,340
2022-06-18,22,24.1,76,0.5,20
2022-06-18,23,23.3,79,0.3,0
2022-06-19,0,22.6,82,0.2,0
2022-06-19,1,21.5,89,0.6,20
2022-06-19,2,20.9,90,0.3,0
2022-06-19,3,20.7,91,0.5,50
2022-06-19,4,20.6,92,0.5,20
2022-06-19,5,20.2,93,0.5,70
2022-06-19,6,20,94,0.4,0
2022-06-19,7,21.5,87,0.4,0
2022-06-19,8,24,74,0.6,360
2022-06-19,9,26.5,65,0.6,230
2022-06-19,10,27.4,60,1.4,270
2022-06-19,11,29,54,2.7,270
2022-06-19,12,29.9,50,2.2,250
2022-06-19,13,31.7,47,2.3,230
2022-06-19,14,32.2,46,3.1,250
2022-06-19,15,32.5,46,2.2,250
2022-06-19,16,32.9,46,2.2,270
2022-06-19,17,32.1,48,2.7,270
2022-06-19,18,31.3,50,2.9,290
2022-06-19,19,29.8,56,2.9,290
2022-06-19,20,28,61,1.8,290
2022-06-19,21,26.7,67,0.7,20
2022-06-19,22,26.1,68,0.1,0
2022-06-19,23,24.2,75,0.6,50
2022-06-20,0,23.2,79,0.6,50
2022-06-20,1,22.2,83,0.5,20
2022-06-20,2,21.2,89,0.3,0
2022-06-20,3,20.2,92,0.4,0
2022-06-20,4,19.5,95,0.4,0
2022-06-20,5,19.1,96,0.5,20
2022-06-20,6,19.2,96,0.3,0
2022-06-20,7,21.1,88,0.4,0
2022-06-20,8,24.5,75,0.4,0
2022-06-20,9,27,65,0.8,230
2022-06-20,10,28.5,58,1.1,70
2022-06-20,11,29.6,55,1.9,250
2022-06-20,12,31,51,1.7,340
2022-06-20,13,32.2,46,1.6,270
2022-06-20,14,33.2,43,1.4,320
2022-06-20,15,33.3,42,1.1,320
2022-06-20,16,33.5,42,2.2,270
2022-06-20,17,34,39,2.3,270
2022-06-20,18,33.4,42,2.1,270
2022-06-20,19,32.6,43,1,290
2022-06-20,20,30.1,58,1.4,180
2022-06-20,21,28.6,63,1.7,180
2022-06-20,22,27.5,66,0.7,180
2022-06-20,23,24.9,77,0.6,70
2022-06-21,0,23.4,82,1,360
2022-06-21,1,22.8,86,0.5,50
2022-06-21,2,22.5,85,0.3,0
2022-06-21,3,22.2,86,0.3,0
2022-06-21,4,21.2,91,0.5,340
2022-06-21,5,20.6,93,0.4,0
2022-06-21,6,20.3,95,0.2,0
2022-06-21,7,22,87,0.4,0
2022-06-21,8,24.6,77,0.8,50
2022-06-21,9,27.1,68,0.6,250
2022-06-21,10,28.8,63,0.6,250
2022-06-21,11,31.3,55,1.5,270
2022-06-21,12,33.2,47,1.9,270
2022-06-21,13,35.2,39,1.3,180
2022-06-21,14,35.1,39,1,50
2022-06-21,15,35.6,38,2.5,200
2022-06-21,16,33.5,46,2.8,180
2022-06-21,17,32.5,48,1.2,180
2022-06-21,18,32.2,45,2.8,140
2022-06-21,19,31,50,2.1,160
2022-06-21,20,29.3,57,1.2,140
2022-06-21,21,27.7,65,1,200
2022-06-21,22,25.1,74,0.9,340
2022-06-21,23,24.2,80,0.9,20
2022-06-22,0,23.2,83,0.4,0
2022-06-22,1,22.6,86,0.6,20
2022-06-22,2,22,89,0.5,20
2022-06-22,3,21.3,92,0.4,0
2022-06-22,4,20.9,94,0.2,0
2022-06-22,5,20.4,95,0.4,0
2022-06-22,6,20.7,94,0.3,0
2022-06-22,7,22.5,87,0.2,0
2022-06-22,8,25.8,74,0.3,0
2022-06-22,9,27.7,66,0.9,70
2022-06-22,10,30.3,51,1.4,290
2022-06-22,11,32.1,44,1.8,230
2022-06-22,12,33.6,42,2.5,270
2022-06-22,13,34.7,39,1.6,200
2022-06-22,14,36,36,1.9,290
2022-06-22,15,35.9,35,2.1,290
2022-06-22,16,36.1,33,3.2,320
2022-06-22,17,35.3,35,3.1,290
2022-06-22,18,34.8,35,3.3,290
2022-06-22,19,33.3,39,2.1,270
2022-06-22,20,31.6,44,0.8,250
2022-06-22,21,29.1,53,0.5,360
2022-06-22,22,27.5,61,0.3,0
2022-06-22,23,25.7,67,0.4,0
2022-06-23,0,24.4,72,0.1,0
2022-06-23,1,23.2,76,0.3,0
2022-06-23,2,22.3,80,0.3,0
2022-06-23,3,21.7,82,0.7,360
2022-06-23,4,21.4,84,0.3,0
2022-06-23,5,20.6,90,0.2,0
2022-06-23,6,20.3,93,0.2,0
2022-06-23,7,23.2,82,0.8,320
2022-06-23,8,26.7,71,1.4,200
2022-06-23,9,28.5,65,2,200
2022-06-23,10,28.9,64,2,200
2022-06-23,11,28.3,66,3.4,230
2022-06-23,12,28.6,66,3.1,230
2022-06-23,13,28.9,65,3.1,200
2022-06-23,14,28.8,67,1.8,230
2022-06-23,15,29.5,64,3.2,230
2022-06-23,16,29.8,64,3.9,230
2022-06-23,17,30.1,63,3.8,230
2022-06-23,18,29.1,67,3.1,230
2022-06-23,19,26.8,79,2,230
2022-06-23,20,27.3,75,2.1,200
2022-06-23,21,27.7,72,2.6,230
2022-06-23,22,27.1,76,2.3,230
2022-06-23,23,24.4,96,0.8,200
2022-06-24,0,24.2,97,0.9,200
2022-06-24,1,24.1,96,0.8,230
2022-06-24,2,23.8,98,0.5,200
2022-06-24,3,23.3,96,2.5,200
2022-06-24,4,23.2,98,1.7,180
2022-06-24,5,23,99,0.7,230
2022-06-24,6,23.3,99,0.8,180
2022-06-24,7,23.4,100,0.9,290
2022-06-24,8,24.4,96,2,250
2022-06-24,9,25.6,88,2.3,230
2022-06-24,10,27.3,79,0.7,340
2022-06-24,11,28.4,68,2.8,290
2022-06-24,12,29.6,60,3.2,290
2022-06-24,13,29.1,60,2.6,270
2022-06-24,14,29.4,56,3.1,290
2022-06-24,15,30.1,54,3.2,290
2022-06-24,16,30.8,52,3.3,270
2022-06-24,17,31.5,52,2.8,290
2022-06-24,18,30.4,54,3.3,290
2022-06-24,19,29.2,58,2.4,290
2022-06-24,20,27.4,64,1.8,290
2022-06-24,21,25,79,0.4,0
2022-06-24,22,22.8,89,0.9,20
2022-06-24,23,21.8,93,0.6,70
2022-06-25,0,21.7,93,0.4,0
2022-06-25,1,23.6,76,1.2,270
2022-06-25,2,22,86,0.5,200
2022-06-25,3,20.6,94,0.5,50
2022-06-25,4,19.7,97,0.1,0
2022-06-25,5,19.1,99,0.3,0
2022-06-25,6,19,99,0.4,0
2022-06-25,7,20.8,93,0.1,0
2022-06-25,8,23.2,81,0.8,20
2022-06-25,9,26.6,67,1.6,180
2022-06-25,10,28.4,62,1.4,230
2022-06-25,11,30.3,54,1.8,230
2022-06-25,12,30.7,53,1.7,230
2022-06-25,13,32.2,49,1.7,250
2022-06-25,14,32,51,0.9,340
2022-06-25,15,32.9,47,1.6,200
2022-06-25,16,32.2,50,2.2,200
2022-06-25,17,31.8,53,2.3,230
2022-06-25,18,29.2,67,1.9,180
2022-06-25,19,27.7,79,2.1,230
2022-06-25,20,26,81,1.5,200
2022-06-25,21,26,81,1.5,200
2022-06-25,22,25.5,81,1.2,200
2022-06-25,23,24.8,83,0.5,90
2022-06-26,0,23.6,89,0.4,0
2022-06-26,1,22.9,94,0.2,0
2022-06-26,2,21.7,97,0.3,0
2022-06-26,3,21.2,98,0.7,360
2022-06-26,4,20.9,99,1,360
2022-06-26,5,21.9,96,0.4,0
2022-06-26,6,22.3,96,0.1,0
2022-06-26,7,23.6,87,0.8,340
2022-06-26,8,25.1,81,0.8,20
2022-06-26,9,26,76,0.6,20
2022-06-26,10,27.2,73,0.9,320
2022-06-26,11,29.3,68,2.4,250
2022-06-26,12,29.3,68,2.1,230
2022-06-26,13,29.3,67,1.3,200
2022-06-26,14,28.3,76,0.8,50
2022-06-26,15,26.2,93,1.1,160
2022-06-26,16,26.6,91,1.4,250
2022-06-26,17,26.8,86,0.5,340
2022-06-26,18,28.6,77,0.9,200
2022-06-26,19,28.1,83,0.5,200
2022-06-26,20,26.1,97,0.3,0
2022-06-26,21,25.1,99,0.6,340
2022-06-26,22,24.7,99,0.3,0
2022-06-26,23,24.6,96,0.7,270
2022-06-27,0,24,98,0.3,0
2022-06-27,1,23.5,98,0.7,360
2022-06-27,2,22.8,99,0.5,360
2022-06-27,3,22.7,100,0.2,0
2022-06-27,4,22.4,100,0.2,0
2022-06-27,5,22.4,100,0.3,0
2022-06-27,6,22.8,100,0.2,0
2022-06-27,7,24.2,97,0.1,0
2022-06-27,8,25.7,94,0.2,0
2022-06-27,9,28.3,78,0.8,250
2022-06-27,10,28.7,77,1.9,200
2022-06-27,11,28.7,75,2.2,200
2022-06-27,12,29.9,72,2.3,230
2022-06-27,13,30.4,68,3.3,200
2022-06-27,14,28.4,71,4.5,200
2022-06-27,15,27.2,81,1.2,200
2022-06-27,16,28.1,75,2.4,200
2022-06-27,17,27.8,77,2.8,200
2022-06-27,18,27.1,80,2.4,200
2022-06-27,19,27.3,77,3,200
2022-06-27,20,27,78,1.3,230
2022-06-27,21,27.1,75,1.3,200
2022-06-27,22,27.2,74,2.1,180
2022-06-27,23,26.7,75,0.9,160
2022-06-28,0,27.5,71,2.7,230
2022-06-28,1,27.2,73,3.1,200
2022-06-28,2,26.4,78,2.5,200
2022-06-28,3,26.9,74,2.5,230
2022-06-28,4,26.9,72,3.2,230
2022-06-28,5,26.8,72,3,230
2022-06-28,6,26.9,73,2.8,200
2022-06-28,7,27.6,71,1.5,230
2022-06-28,8,28,71,2.2,230
2022-06-28,9,29.8,65,4.3,200
2022-06-28,10,29.8,66,4,200
2022-06-28,11,30,65,3.6,200
2022-06-28,12,30.3,63,4.3,200
2022-06-28,13,30.9,61,4.1,200
2022-06-28,14,31.7,60,4.1,200
2022-06-28,15,32.5,56,5.6,230
2022-06-28,16,31.4,58,5.5,200
2022-06-28,17,30.7,60,4.1,200
2022-06-28,18,29.9,63,3.5,200
2022-06-28,19,28.9,66,3.7,200
2022-06-28,20,28,69,3,230
2022-06-28,21,27.8,70,2.9,230
2022-06-28,22,27.6,71,3.1,230
2022-06-28,23,27.5,71,3.9,200
2022-06-29,0,27.5,71,3.2,200
2022-06-29,1,27.7,70,3.6,230
2022-06-29,2,27.5,71,2.2,200
2022-06-29,3,27.3,71,2.4,200
2022-06-29,4,27.2,71,2.4,200
2022-06-29,5,27.1,72,2.8,200
2022-06-29,6,26.9,74,1.3,230
2022-06-29,7,27.2,73,2.2,200
2022-06-29,8,27.9,72,2.6,200
2022-06-29,9,28.4,70,3.1,200
2022-06-29,10,29.5,67,2.8,200
2022-06-29,11,29.9,66,2.1,230
2022-06-29,12,29.2,72,2.9,250
2022-06-29,13,30.1,68,1.7,290
2022-06-29,14,31.7,64,2.1,270
2022-06-29,15,31.9,61,2,250
2022-06-29,16,31.9,60,2.1,230
2022-06-29,17,31.4,61,4.3,200
2022-06-29,18,30.4,65,2.3,230
2022-06-29,19,29.4,68,1.7,200
2022-06-29,20,28.1,72,2.4,200
2022-06-29,21,27.4,75,0.8,200
2022-06-29,22,27.1,76,1.1,180
2022-06-29,23,26.9,77,0.8,200
2022-06-30,0,26.8,77,1.2,200
2022-06-30,1,27.1,77,1.6,200
2022-06-30,2,26.9,78,1.1,180
2022-06-30,3,26.4,79,1.9,200
2022-06-30,4,25.9,82,0.9,200
2022-06-30,5,25.7,83,0.9,180
2022-06-30,6,24.7,91,0.1,0
2022-06-30,7,26.8,82,0.3,0
2022-06-30,8,28.6,74,0.8,270
2022-06-30,9,28.4,74,1.7,250
2022-06-30,10,29.3,70,2.2,230
2022-06-30,11,31.1,65,1.8,270
2022-06-30,12,30.8,64,2,250
2022-06-30,13,28.7,83,2.5,320
2022-06-30,14,32.4,63,2.5,250
2022-06-30,15,29.5,76,2,290
2022-06-30,16,29.4,78,1.1,290
2022-06-30,17,30.7,67,1.9,230
2022-06-30,18,30.1,68,0.7,290
2022-06-30,19,29.5,73,0.4,0
2022-06-30,20,27.4,89,0.8,70
2022-06-30,21,26.2,94,0.8,50
2022-06-30,22,25.3,96,0.6,50
2022-06-30,23,24.3,95,1.2,50
2022-07-01,0,23.5,97,0.4,0
2022-07-01,1,23,99,0.1,0
2022-07-01,2,22.4,99,0.2,0
2022-07-01,3,22,100,0.2,0
2022-07-01,4,21.4,100,0,0
2022-07-01,5,21.4,100,0.2,0
2022-07-01,6,21.5,99,0.4,0
2022-07-01,7,23.1,93,0.3,0
2022-07-01,8,25.8,82,0.7,20
2022-07-01,9,27.9,71,1.2,320
2022-07-01,10,29.3,64,0.9,360
2022-07-01,11,31.5,57,1.1,90
2022-07-01,12,33.1,50,2,250
2022-07-01,13,33.1,50,1.2,270
2022-07-01,14,35.4,42,2,270
2022-07-01,15,34.7,46,3,290
2022-07-01,16,34.5,43,2.1,290
2022-07-01,17,34.9,42,1.5,270
2022-07-01,18,34.1,47,1.9,290
2022-07-01,19,31.8,56,1.1,290
2022-07-01,20,29.7,66,1,200
2022-07-01,21,27.1,77,0.5,20
2022-07-01,22,25.5,86,0.5,360
2022-07-01,23,24.5,91,0.2,0
2022-07-02,0,23.6,94,0.4,0
2022-07-02,1,23.1,96,0.4,0
2022-07-02,2,22.4,97,0.4,0
2022-07-02,3,21.9,98,0.5,340
2022-07-02,4,21.4,98,0.3,0
2022-07-02,5,20.9,99,0.2,0
2022-07-02,6,20.9,99,0.4,0
2022-07-02,7,22.8,91,0.4,0
2022-07-02,8,25.8,80,0.6,20
2022-07-02,9,28.6,67,0.4,0
2022-07-02,10,31.3,60,0.9,140
2022-07-02,11,33.6,48,1.3,290
2022-07-02,12,34.4,46,2,290
2022-07-02,13,36.5,35,2.5,270
2022-07-02,14,36.7,30,3.1,230
2022-07-02,15,36.4,32,2.4,230
2022-07-02,16,36.3,35,1.9,200
2022-07-02,17,35.7,37,2.4,200
2022-07-02,18,35.2,39,1.9,200
2022-07-02,19,33.6,47,1.5,180
2022-07-02,20,31.9,55,0.9,230
2022-07-02,21,30.6,60,1,180
2022-07-02,22,28.5,71,0.1,0
2022-07-02,23,27.2,77,0.5,360
2022-07-03,0,26.5,77,0.7,50
2022-07-03,1,25.9,81,0.2,0
2022-07-03,2,25.2,85,0.6,340
2022-07-03,3,24.6,87,0.5,20
2022-07-03,4,24.6,82,0.3,0
2022-07-03,5,23.4,88,0.3,0
2022-07-03,6,23,92,0.6,20
2022-07-03,7,24.3,84,0.5,340
2022-07-03,8,26.7,74,0.5,50
2022-07-03,9,29.1,60,0.6,180
2022-07-03,10,31.5,51,0.5,140
2022-07-03,11,31.5,52,1.1,320
2022-07-03,12,33.2,49,2.1,250
2022-07-03,13,34.1,47,2.1,290
2022-07-03,14,34.6,45,2.3,290
2022-07-03,15,35.7,44,1.6,290
2022-07-03,16,35.3,41,2.7,290
2022-07-03,17,34.9,41,2.2,270
2022-07-03,18,32.4,52,2.2,110
2022-07-03,19,27.9,70,2.9,180
2022-07-03,20,25.5,91,0.4,0
2022-07-03,21,25,96,0.2,0
2022-07-03,22,24.4,99,0.3,0
2022-07-03,23,24.3,99,0.5,50
2022-07-04,0,23.9,99,0.4,0
2022-07-04,1,23.4,99,0.8,50
2022-07-04,2,23.2,99,0.4,0
2022-07-04,3,22.8,99,0.3,0
2022-07-04,4,22.6,99,0.8,50
2022-07-04,5,22.4,99,0.7,50
2022-07-04,6,22.5,99,0.3,0
2022-07-04,7,24.1,91,0.3,0
2022-07-04,8,26.1,79,0.5,360
2022-07-04,9,28.8,68,0.6,70
2022-07-04,10,30,61,0.9,160
2022-07-04,11,30.3,60,1,270
2022-07-04,12,31.4,58,1.2,20
2022-07-04,13,33.1,52,1.5,180
2022-07-04,14,32.9,52,1.1,200
2022-07-04,15,31.4,58,2.7,140
2022-07-04,16,29.7,66,2,160
2022-07-04,17,32.7,58,1.2,200
2022-07-04,18,31.4,59,1.5,140
2022-07-04,19,30.7,65,0.7,200
2022-07-04,20,29.4,73,0.6,110
2022-07-04,21,27.4,81,0.6,340
2022-07-04,22,26.5,83,0.1,0
2022-07-04,23,26,85,0.8,50
2022-07-05,0,25.3,90,0.2,0
2022-07-05,1,24.6,91,0.7,50
2022-07-05,2,24.2,95,0.3,0
2022-07-05,3,23.8,95,0.8,20
2022-07-05,4,23.5,96,0.7,50
2022-07-05,5,23.3,96,0.3,0
2022-07-05,6,23.5,97,0.2,0
2022-07-05,7,25.4,85,0.5,50
2022-07-05,8,27.1,77,0.5,200
2022-07-05,9,27.6,75,0.5,320
2022-07-05,10,28.8,72,0.6,250
2022-07-05,11,30.3,63,1.1,110
2022-07-05,12,32.1,56,1.6,110
2022-07-05,13,32,55,1,360
2022-07-05,14,34.3,49,1.3,140
2022-07-05,15,33.3,53,1,360
2022-07-05,16,33.6,49,1.2,360
2022-07-05,17,31.6,59,2.7,200
2022-07-05,18,30.5,64,1.2,180
2022-07-05,19,30.5,65,1.1,180
2022-07-05,20,29.5,69,0.6,200
2022-07-05,21,28.8,69,0.7,160
2022-07-05,22,28.3,70,1.1,180
2022-07-05,23,27.8,69,1.2,140
2022-07-06,0,26,78,1.7,160
2022-07-06,1,25.8,81,0.9,160
2022-07-06,2,25.7,83,0.8,180
2022-07-06,3,25.7,81,0.1,0
2022-07-06,4,25.4,84,0.5,200
2022-07-06,5,25.2,85,0.6,110
2022-07-06,6,24.9,87,0.3,0
2022-07-06,7,25.4,87,0.7,20
2022-07-06,8,26.1,83,0.5,230
2022-07-06,9,26.6,81,0.4,0
2022-07-06,10,27.5,77,1,340
2022-07-06,11,29.5,70,0.7,110
2022-07-06,12,30.4,66,0.8,340
2022-07-06,13,30.7,62,0.4,0
2022-07-06,14,31.4,63,1,90
2022-07-06,15,32.4,57,1.4,50
2022-07-06,16,33.6,55,1.1,230
2022-07-06,17,33.3,57,1.4,180
2022-07-06,18,32.4,59,1,110
2022-07-06,19,31.2,65,1.2,180
2022-07-06,20,29.9,70,1,160
2022-07-06,21,28.9,73,0.9,140
2022-07-06,22,28,75,1.1,160
2022-07-06,23,27.5,78,0.8,160
2022-07-07,0,26.2,86,0.3,0
2022-07-07,1,25.4,90,0.2,0
2022-07-07,2,24.7,93,0.5,360
2022-07-07,3,24.4,95,0.6,20
2022-07-07,4,24,95,0.6,340
2022-07-07,5,23.8,98,0.4,0
2022-07-07,6,24.4,94,0.1,0
2022-07-07,7,25.6,88,0.2,0
2022-07-07,8,28.5,74,0.5,360
2022-07-07,9,29.4,69,2.1,200
2022-07-07,10,30.7,64,2.2,200
2022-07-07,11,31.5,61,1.2,200
2022-07-07,12,33.1,55,2.8,200
2022-07-07,13,33.6,54,2.3,200
2022-07-07,14,34.4,50,2.7,230
2022-07-07,15,33.5,51,3.8,200
2022-07-07,16,33.5,51,2.6,200
2022-07-07,17,33.1,51,2.9,200
2022-07-07,18,32.6,53,2.6,200
2022-07-07,19,31.7,56,2.6,230
2022-07-07,20,30.5,61,2,230
2022-07-07,21,29.1,67,0.7,200
2022-07-07,22,28.2,70,0.4,0
2022-07-07,23,28.2,71,0.6,230
2022-07-08,0,28.1,72,1.1,200
2022-07-08,1,27.7,75,0.7,180
2022-07-08,2,27.7,76,0.6,230
2022-07-08,3,27.7,77,1,160
2022-07-08,4,27.3,80,0.7,160
2022-07-08,5,26.4,86,0,0
2022-07-08,6,26.5,87,0.2,0
2022-07-08,7,27.2,84,0.3,0
2022-07-08,8,27.7,82,0.9,230
2022-07-08,9,28.2,81,1.1,250
2022-07-08,10,28.9,77,1.9,230
2022-07-08,11,28.3,84,1.4,200
2022-07-08,12,29.1,76,0.8,320
2022-07-08,13,32.5,58,3.3,270
2022-07-08,14,33.2,53,4.3,270
2022-07-08,15,33.2,52,3,290
2022-07-08,16,32.4,51,3.7,270
2022-07-08,17,32.2,50,1.8,270
2022-07-08,18,32.8,46,3.1,270
2022-07-08,19,31.6,52,2.3,270
2022-07-08,20,29.1,62,0.8,290
2022-07-08,21,26.4,76,0.3,0
2022-07-08,22,25,81,0.6,70
2022-07-08,23,24.2,85,1,50
2022-07-09,0,23.1,90,0.6,360
2022-07-09,1,22.9,92,0.6,50
2022-07-09,2,22.9,93,0.4,0
2022-07-09,3,23.4,90,0.1,0
2022-07-09,4,23.6,90,0.1,0
2022-07-09,5,23.7,90,0.1,0
2022-07-09,6,23.7,90,0.1,0
2022-07-09,7,25.8,79,0.6,320
2022-07-09,8,26.5,73,1.5,320
2022-07-09,9,27,71,0.7,340
2022-07-09,10,28.4,65,1.5,340
2022-07-09,11,30.8,60,0.9,90
2022-07-09,12,32,57,1.3,230
2022-07-09,13,32,56,1.7,270
2022-07-09,14,31.9,57,2.7,290
2022-07-09,15,32.3,56,2.7,290
2022-07-09,16,33.1,54,2.9,250
2022-07-09,17,33.3,53,2.9,270
2022-07-09,18,32.2,54,2.7,270
2022-07-09,19,31,58,2.1,270
2022-07-09,20,29.5,67,1.1,250
2022-07-09,21,27.4,76,0.5,320
2022-07-09,22,26.4,81,0.4,0
2022-07-09,23,25.5,85,0.1,0
2022-07-10,0,24.8,88,0.4,0
2022-07-10,1,24.6,89,0.2,0
2022-07-10,2,23.9,92,0.2,0
2022-07-10,3,23.4,94,0.3,0
2022-07-10,4,22.9,96,0.5,20
2022-07-10,5,23.2,95,0.3,0
2022-07-10,6,23.4,93,0.4,0
2022-07-10,7,24.2,89,0.4,0
2022-07-10,8,26.8,78,0.4,0
2022-07-10,9,28.3,70,1.1,360
2022-07-10,10,29.8,66,1.8,270
2022-07-10,11,31.1,60,1.7,290
2022-07-10,12,32.3,58,2.3,290
2022-07-10,13,33,55,1.8,290
2022-07-10,14,35.4,46,1.4,160
2022-07-10,15,33.8,55,2.7,140
2022-07-10,16,33.4,56,3.2,140
2022-07-10,17,32.4,59,2.7,140
2022-07-10,18,31.6,60,3.1,160
2022-07-10,19,29.5,65,2,140
2022-07-10,20,27.5,70,1.3,180
2022-07-10,21,26.8,71,2,160
2022-07-10,22,26.6,72,1.3,140
2022-07-10,23,26.3,73,1.1,180
2022-07-11,0,25.9,76,1.3,160
2022-07-11,1,25.7,77,0.9,180
2022-07-11,2,25.7,78,0.2,0
2022-07-11,3,24.1,95,0.6,360
2022-07-11,4,23.8,97,0.2,0
2022-07-11,5,23.7,98,0.9,50
2022-07-11,6,23.8,98,0.5,360
2022-07-11,7,24.2,95,0.1,0
2022-07-11,8,24.7,91,0.7,250
2022-07-11,9,24.4,95,1.1,230
2022-07-11,10,24.7,96,0.6,230
2022-07-11,11,25.1,96,0.9,200
2022-07-11,12,26,90,1,200
2022-07-11,13,26.6,80,1.3,250
2022-07-11,14,26.8,79,0.9,360
2022-07-11,15,27.5,78,0.9,50
2022-07-11,16,27.8,76,0.8,360
2022-07-11,17,28.3,73,1.5,320
2022-07-11,18,27.7,75,1.1,360
2022-07-11,19,27.6,77,0.9,70
2022-07-11,20,26.8,84,0.8,70
2022-07-11,21,26,90,0.4,0
2022-07-11,22,24.9,94,0.8,50
2022-07-11,23,24.2,96,0.7,70
2022-07-12,0,23.6,98,0.9,70
2022-07-12,1,23,99,0.4,0
2022-07-12,2,22.7,100,0.3,0
2022-07-12,3,23,99,0.3,0
2022-07-12,4,22.8,99,0,0
2022-07-12,5,22.5,100,0.2,0
2022-07-12,6,22.8,100,0.2,0
2022-07-12,7,23.9,94,0.1,0
2022-07-12,8,25.9,79,1.1,70
2022-07-12,9,27.5,68,0.9,110
2022-07-12,10,27.9,64,1.6,320
2022-07-12,11,27.8,69,1.3,200
2022-07-12,12,28.4,66,0.8,20
2022-07-12,13,28.4,65,1.1,320
2022-07-12,14,28.2,66,2,160
2022-07-12,15,28.4,65,1.9,180
2022-07-12,16,29.2,62,1.6,110
2022-07-12,17,28.3,66,2.4,200
2022-07-12,18,27.5,68,1.9,200
2022-07-12,19,26.8,69,1.4,200
2022-07-12,20,25.4,73,1.6,160
2022-07-12,21,24.8,73,1,160
2022-07-12,22,24.1,74,1.2,180
2022-07-12,23,23.7,75,0.9,180
2022-07-13,0,23.4,75,1.2,160
2022-07-13,1,23.4,75,0.9,160
2022-07-13,2,23.1,78,0.3,0
2022-07-13,3,22.8,81,0.6,360
2022-07-13,4,22.9,78,0.1,0
2022-07-13,5,22.7,81,0.4,0
2022-07-13,6,22.6,81,0.9,50
2022-07-13,7,23,79,0.7,200
2022-07-13,8,24.2,73,0.8,110
2022-07-13,9,25.5,69,1.3,140
2022-07-13,10,25.6,71,0.6,320
2022-07-13,11,26.5,69,0.9,230
2022-07-13,12,27,69,1,250
2022-07-13,13,27.5,67,1.2,200
2022-07-13,14,28.2,66,1.6,160
2022-07-13,15,26.3,78,1.8,230
2022-07-13,16,24.7,88,1,230
2022-07-13,17,24.1,95,0.4,0
2022-07-13,18,23.8,96,0.7,250
2022-07-13,19,23.4,99,1.2,180
2022-07-13,20,23.3,98,1.2,250
2022-07-13,21,23,99,1.7,200
2022-07-13,22,23.2,98,1.3,250
2022-07-13,23,23.2,97,0.9,230
2022-07-14,0,23.2,96,0.7,200
2022-07-14,1,23.2,97,0.3,0
2022-07-14,2,22.9,99,0.3,0
2022-07-14,3,22.9,99,0.5,20
2022-07-14,4,23,100,0,0
2022-07-14,5,22.9,100,0.5,20
2022-07-14,6,23.2,99,1.1,180
2022-07-14,7,23.5,99,0.1,0
2022-07-14,8,24.3,95,0.2,0
2022-07-14,9,26.8,84,0.5,110
2022-07-14,10,27.7,81,0.9,230
2022-07-14,11,29.4,70,1.8,250
2022-07-14,12,30.2,63,4.5,270
2022-07-14,13,29.6,66,2,290
2022-07-14,14,29.2,67,3.1,290
2022-07-14,15,29.7,66,2.6,320
2022-07-14,16,30.1,65,1.5,320
2022-07-14,17,30.7,62,2.2,320
2022-07-14,18,30.7,58,1.8,290
2022-07-14,19,29.1,65,1.2,290
2022-07-14,20,26.3,82,0.7,360
2022-07-14,21,25.1,88,0.7,20
2022-07-14,22,24.5,93,0.2,0
2022-07-14,23,23.4,96,0.5,340
2022-07-15,0,22.9,98,0.2,0
2022-07-15,1,22.1,99,0.7,360
2022-07-15,2,21.8,99,0.2,0
2022-07-15,3,21.2,100,0.3,0
2022-07-15,4,20.9,100,0.1,0
2022-07-15,5,20.3,100,0.1,0
2022-07-15,6,20.2,100,0.2,0
2022-07-15,7,22.5,95,0,0
2022-07-15,8,24.3,84,0.8,200
2022-07-15,9,26.5,72,1.6,230
2022-07-15,10,27.5,63,1.9,270
2022-07-15,11,28.3,58,2,270
2022-07-15,12,29,58,2.4,270
2022-07-15,13,30.7,52,3.2,250
2022-07-15,14,30.9,49,2.4,250
2022-07-15,15,32.2,45,2.8,250
2022-07-15,16,31.7,46,2.1,290
2022-07-15,17,32.3,44,2.3,290
2022-07-15,18,30.8,52,2.1,270
2022-07-15,19,30,53,2.3,270
2022-07-15,20,26.2,72,0.6,20
2022-07-15,21,23.8,80,1,360
2022-07-15,22,22.8,84,0.5,360
2022-07-15,23,21.7,89,0.5,50
2022-07-16,0,20.9,93,0.5,340
2022-07-16,1,20.2,95,0.6,360
2022-07-16,2,19.8,97,0.1,0
2022-07-16,3,19.3,98,0.5,20
2022-07-16,4,19,98,0.1,0
2022-07-16,5,18.5,99,0.3,0
2022-07-16,6,18.5,99,0.4,0
2022-07-16,7,20.2,93,0.4,0
2022-07-16,8,23.3,82,0.4,0
2022-07-16,9,26,73,0.9,230
2022-07-16,10,28.3,62,1.7,250
2022-07-16,11,29.7,54,2.5,320
2022-07-16,12,31,49,2.2,290
2022-07-16,13,31.6,46,2,250
2022-07-16,14,31.8,47,2.3,290
2022-07-16,15,32.4,45,2.6,270
2022-07-16,16,31,49,2.2,320
2022-07-16,17,28.9,58,3.7,320
2022-07-16,18,26.3,68,0.3,0
2022-07-16,19,26.3,71,0.9,290
2022-07-16,20,25.2,73,1.4,320
2022-07-16,21,24.4,80,1,270
2022-07-16,22,23.8,80,0.8,200
2022-07-16,23,23.2,84,0.4,0
2022-07-17,0,22.3,90,0.4,0
2022-07-17,1,21.5,93,0.6,50
2022-07-17,2,21.6,93,0.5,20
2022-07-17,3,21.2,96,0.5,340
2022-07-17,4,20.6,98,0.1,0
2022-07-17,5,20.1,99,0.4,0
2022-07-17,6,20.2,97,0.1,0
2022-07-17,7,21.1,95,0.5,290
2022-07-17,8,23.3,87,0.9,250
2022-07-17,9,25.2,75,1.7,230
2022-07-17,10,26.2,70,1.9,290
2022-07-17,11,27.2,64,2.9,290
2022-07-17,12,27.1,65,2.6,290
2022-07-17,13,29.3,56,2.8,320
2022-07-17,14,29.6,54,3.2,320
2022-07-17,15,30.6,51,3.5,290
2022-07-17,16,30.8,51,2.6,320
2022-07-17,17,30.2,55,3.1,270
2022-07-17,18,29.6,55,1.9,270
2022-07-17,19,28.7,59,1.4,270
2022-07-17,20,26.2,74,0.7,340
2022-07-17,21,24.6,80,0.4,0
2022-07-17,22,23.5,87,0.5,360
2022-07-17,23,22.6,90,0.1,0
2022-07-18,0,22,92,0.6,360
2022-07-18,1,21.8,94,0.3,0
2022-07-18,2,21.9,93,0.2,0
2022-07-18,3,21.6,95,0.5,360
2022-07-18,4,21.5,95,0.2,0
2022-07-18,5,21.6,94,0.5,320
2022-07-18,6,21.8,95,0.2,0
2022-07-18,7,21.8,96,0.3,0
2022-07-18,8,22.6,96,0.5,110
2022-07-18,9,22.8,96,0.6,110
2022-07-18,10,22.9,97,1.1,270
2022-07-18,11,22.6,99,1.1,200
2022-07-18,12,22.5,97,1,180
2022-07-18,13,22.2,99,1.1,230
2022-07-18,14,22.6,92,0.5,140
2022-07-18,15,22.6,95,0.4,0
2022-07-18,16,22.8,91,0.6,110
2022-07-18,17,22.6,94,0.1,0
2022-07-18,18,22.7,96,0.9,340
2022-07-18,19,22.5,98,0.6,340
2022-07-18,20,22.3,99,0.2,0
2022-07-18,21,22,99,0.1,0
2022-07-18,22,21.9,99,0,0
2022-07-18,23,21.8,100,0.6,180
2022-07-19,0,21.9,100,0.6,20
2022-07-19,1,22,100,0.2,0
2022-07-19,2,22,100,0.4,0
2022-07-19,3,21.9,100,0.2,0
2022-07-19,4,22,100,0.5,320
2022-07-19,5,22,99,0,0
2022-07-19,6,22,99,0.2,0
2022-07-19,7,22.3,97,0.6,360
2022-07-19,8,23,91,0.2,0
2022-07-19,9,23.7,87,0.3,0
2022-07-19,10,25,84,0.8,180
2022-07-19,11,26.2,75,1.1,180
2022-07-19,12,27.7,68,0.8,290
2022-07-19,13,29.5,67,1.5,200
2022-07-19,14,30.6,59,1.8,320
2022-07-19,15,31.8,59,1.6,250
2022-07-19,16,32.1,56,3.1,250
2022-07-19,17,31.8,51,3.3,270
2022-07-19,18,30.6,58,1.5,270
2022-07-19,19,29.2,65,2,290
2022-07-19,20,26.2,83,0.6,320
2022-07-19,21,25.5,85,0.4,0
2022-07-19,22,23.7,92,0.8,20
2022-07-19,23,23.3,94,0.4,0
2022-07-20,0,23.2,95,0.3,0
2022-07-20,1,22.8,96,0.5,50
2022-07-20,2,22.6,97,0.6,320
2022-07-20,3,22.3,98,0.4,0
2022-07-20,4,22.2,98,0.7,50
2022-07-20,5,22,98,0.2,0
2022-07-20,6,22,98,0.3,0
2022-07-20,7,22.8,96,0.2,0
2022-07-20,8,24.6,84,0.3,0
2022-07-20,9,26.6,75,1.8,180
2022-07-20,10,28.2,68,1,230
2022-07-20,11,29.4,63,1.7,250
2022-07-20,12,30.7,59,1.7,290
2022-07-20,13,32,54,1.5,250
2022-07-20,14,32.6,51,2.1,290
2022-07-20,15,32.8,50,2.6,320
2022-07-20,16,32.9,48,1.8,290
2022-07-20,17,32.2,46,2.4,290
2022-07-20,18,31.8,50,1.6,290
2022-07-20,19,28.6,67,1.1,320
2022-07-20,20,26.9,77,0.6,360
2022-07-20,21,25.5,83,0.7,20
2022-07-20,22,25.1,84,0.6,340
2022-07-20,23,25.2,85,0,0
2022-07-21,0,24.8,87,0.2,0
2022-07-21,1,24.6,88,0.5,50
2022-07-21,2,24.2,95,0.8,250
2022-07-21,3,23.4,99,0.7,70
2022-07-21,4,23.4,100,0.7,110
2022-07-21,5,21.9,98,0.1,0
2022-07-21,6,21.8,99,0.7,50
2022-07-21,7,21.9,98,0.3,0
2022-07-21,8,22.7,96,0.8,360
2022-07-21,9,23.6,91,1.4,340
2022-07-21,10,24.6,88,1.5,360
2022-07-21,11,24.6,90,1.2,360
2022-07-21,12,24.9,93,1.1,340
2022-07-21,13,26.3,86,0.6,20
2022-07-21,14,27,84,1,360
2022-07-21,15,27.3,84,1.1,50
2022-07-21,16,26.5,83,4,290
2022-07-21,17,25.3,79,4.6,270
2022-07-21,18,24.7,78,4.2,270
2022-07-21,19,24.3,80,2.3,270
2022-07-21,20,24,81,1.9,270
2022-07-21,21,24,81,2,270
2022-07-21,22,23.8,82,1.7,270
2022-07-21,23,23.7,83,1.9,270
2022-07-22,0,23.6,84,1,290
2022-07-22,1,23.2,86,0.9,200
2022-07-22,2,22.5,92,0,0
2022-07-22,3,22.6,93,0,0
2022-07-22,4,22.5,93,0.3,0
2022-07-22,5,22,96,0.4,0
2022-07-22,6,22.4,93,0.4,0
2022-07-22,7,22.9,88,0.2,0
2022-07-22,8,23.2,85,1.7,250
2022-07-22,9,23.8,81,1.5,270
2022-07-22,10,24.4,77,1.4,270
2022-07-22,11,25.6,69,1.7,290
2022-07-22,12,27.8,63,2.9,290
2022-07-22,13,28.5,60,2.1,290
2022-07-22,14,28.1,59,1.2,340
2022-07-22,15,28.6,61,1.6,290
2022-07-22,16,29.2,61,2,250
2022-07-22,17,29.6,59,2.4,270
2022-07-22,18,27.7,67,1,290
2022-07-22,19,25.1,76,1.8,90
2022-07-22,20,23.5,80,1.6,160
2022-07-22,21,22.9,83,0.5,140
2022-07-22,22,22.2,91,0.7,360
2022-07-22,23,21.6,95,0.7,20
2022-07-23,0,21.4,97,0.4,0
2022-07-23,1,20.7,98,0.7,20
2022-07-23,2,20.4,98,0.2,0
2022-07-23,3,20.5,98,0.3,0
2022-07-23,4,20.1,99,0.2,0
2022-07-23,5,19.9,99,0.1,0
2022-07-23,6,19.9,99,0.7,360
2022-07-23,7,20.8,97,0.5,340
2022-07-23,8,22,91,0.2,0
2022-07-23,9,24.7,76,1.1,160
2022-07-23,10,26.1,72,1.5,270
2022-07-23,11,26.9,69,0.8,180
2022-07-23,12,27.4,67,1.7,290
2022-07-23,13,26.8,72,1.4,250
2022-07-23,14,28.5,66,1.7,230
2022-07-23,15,28.6,64,2.1,200
2022-07-23,16,27.6,68,1.4,200
2022-07-23,17,27,72,1.6,230
2022-07-23,18,26.6,73,1.2,140
2022-07-23,19,25.8,77,0.5,200
2022-07-23,20,25.3,79,0.4,0
2022-07-23,21,24.6,83,0.6,180
2022-07-23,22,24.7,80,0.4,0
2022-07-23,23,24.2,83,0.5,70
2022-07-24,0,24.3,81,1.1,230
2022-07-24,1,22.5,96,0.7,20
2022-07-24,2,22.1,98,0.6,20
2022-07-24,3,21.8,100,0.5,50
2022-07-24,4,21.9,100,0.3,0
2022-07-24,5,21.8,99,0.3,0
2022-07-24,6,21.8,100,0.4,0
2022-07-24,7,22.2,99,0.4,0
2022-07-24,8,24,91,0.6,340
2022-07-24,9,25.2,86,1.4,360
2022-07-24,10,26,85,1.5,360
2022-07-24,11,26.7,78,1.1,20
2022-07-24,12,28.9,71,1.2,290
2022-07-24,13,28.8,69,1.3,320
2022-07-24,14,29.8,67,1.6,290
2022-07-24,15,30.3,67,1.9,320
2022-07-24,16,30,68,1.6,290
2022-07-24,17,29.4,68,1.4,290
2022-07-24,18,28.5,74,1.6,270
2022-07-24,19,27.5,79,0.8,20
2022-07-24,20,26.8,81,0.5,20
2022-07-24,21,26,89,0.3,0
2022-07-24,22,25.5,91,0.4,0
2022-07-24,23,24.8,96,0.4,0
2022-07-25,0,24.5,99,0.2,0
2022-07-25,1,24.6,99,0.4,0
2022-07-25,2,24.4,99,0.1,0
2022-07-25,3,24.2,100,0.4,0
2022-07-25,4,24.1,100,0.1,0
2022-07-25,5,24.2,100,0,0
2022-07-25,6,24.2,100,0,0
2022-07-25,7,24.8,98,0.6,160
2022-07-25,8,25.5,89,0.8,180
2022-07-25,9,26.2,85,0.8,290
2022-07-25,10,28.3,75,1.5,230
2022-07-25,11,29.6,72,0.5,90
2022-07-25,12,30,64,1.3,200
2022-07-25,13,30.6,60,0.9,340
2022-07-25,14,31.6,57,1.3,20
2022-07-25,15,32.1,55,1.3,340
2022-07-25,16,33.5,49,2.4,270
2022-07-25,17,33.5,49,2.2,270
2022-07-25,18,32.5,51,1.9,290
2022-07-25,19,29.8,66,0.9,340
2022-07-25,20,26.8,79,0.8,50
2022-07-25,21,25.4,90,0.6,360
2022-07-25,22,24.6,93,0.4,0
2022-07-25,23,23.8,96,0.6,360
2022-07-26,0,23.1,98,0.6,20
2022-07-26,1,22.8,98,0.4,0
2022-07-26,2,22.5,99,0.4,0
2022-07-26,3,22.4,99,0.2,0
2022-07-26,4,22,99,0.5,50
2022-07-26,5,21.7,100,0.2,0
2022-07-26,6,21.5,100,0,0
2022-07-26,7,22.4,97,0.2,0
2022-07-26,8,24.2,90,0.8,320
2022-07-26,9,27.2,80,0.7,270
2022-07-26,10,28.5,74,0.7,230
2022-07-26,11,29.5,66,1.2,340
2022-07-26,12,31.5,60,1.2,270
2022-07-26,13,32.1,55,1.6,270
2022-07-26,14,32.7,54,1.4,270
2022-07-26,15,32.6,56,0.8,230
2022-07-26,16,33.4,54,1.6,250
2022-07-26,17,27,85,1.7,90
2022-07-26,18,26.4,87,0.9,70
2022-07-26,19,24.8,94,0.6,320
2022-07-26,20,24.2,95,1,50
2022-07-26,21,23,99,0.4,0
2022-07-26,22,22.2,97,1.1,70
2022-07-26,23,21.4,99,0.5,360
2022-07-27,0,21,99,0.6,70
2022-07-27,1,20.3,100,1,50
2022-07-27,2,19.8,100,0.5,20
2022-07-27,3,19.5,100,0.5,360
2022-07-27,4,19,100,0.5,20
2022-07-27,5,18.8,100,0.8,20
2022-07-27,6,18.6,100,0.4,0
2022-07-27,7,20.4,94,0.4,0
2022-07-27,8,22.9,88,0.4,0
2022-07-27,9,24.8,75,1,360
2022-07-27,10,26.5,68,1,340
2022-07-27,11,27.5,65,0.8,20
2022-07-27,12,28.4,65,1.1,270
2022-07-27,13,29.5,61,1.5,230
2022-07-27,14,28.5,65,1.4,180
2022-07-27,15,28.8,64,1.6,140
2022-07-27,16,29.1,64,1.6,160
2022-07-27,17,28.8,63,2.5,140
2022-07-27,18,28.4,64,2.3,160
2022-07-27,19,27.5,67,1.3,110
2022-07-27,20,24.8,83,0.4,0
2022-07-27,21,23.4,90,0.4,0
2022-07-27,22,22.5,94,0.6,340
2022-07-27,23,22.6,94,0.3,0
2022-07-28,0,21.6,97,0.5,340
2022-07-28,1,21.2,98,0.2,0
2022-07-28,2,20.8,99,0.3,0
2022-07-28,3,21.4,97,0,0
2022-07-28,4,21.4,97,0.3,0
2022-07-28,5,21.8,98,0.1,0
2022-07-28,6,21.7,98,0.4,0
2022-07-28,7,22.3,96,0.2,0
2022-07-28,8,24.1,88,0.4,0
2022-07-28,9,26,81,0.4,0
2022-07-28,10,26.9,74,0.7,340
2022-07-28,11,27.5,72,0.7,340
2022-07-28,12,28.3,70,1.3,110
2022-07-28,13,28.4,71,1,50
2022-07-28,14,29,70,1.9,70
2022-07-28,15,29.5,70,1.1,70
2022-07-28,16,29,71,1.2,160
2022-07-28,17,26.7,93,0.6,70
2022-07-28,18,26.7,93,0.5,360
2022-07-28,19,26.4,94,0.6,340
2022-07-28,20,25.4,98,0.5,70
2022-07-28,21,25,98,0.8,70
2022-07-28,22,24.8,99,0.4,0
2022-07-28,23,24.1,99,0.7,70
2022-07-29,0,23.7,100,0.5,50
2022-07-29,1,23.2,100,0.1,0
2022-07-29,2,22.8,100,0.4,0
2022-07-29,3,22.5,100,0.6,20
2022-07-29,4,22.2,100,0.4,0
2022-07-29,5,21.9,100,0.2,0
2022-07-29,6,22,100,0.3,0
2022-07-29,7,23.5,98,0.2,0
2022-07-29,8,25.9,87,0.5,340
2022-07-29,9,27.9,77,0.9,50
2022-07-29,10,30.6,66,1,320
2022-07-29,11,31.9,62,1.4,200
2022-07-29,12,32.5,59,0.8,50
2022-07-29,13,33,57,0.6,90
2022-07-29,14,33.9,57,1.1,230
2022-07-29,15,34.2,59,1,200
2022-07-29,16,34.7,48,2.2,140
2022-07-29,17,34.2,49,1.9,180
2022-07-29,18,33.2,53,2.6,110
2022-07-29,19,31.6,59,1.8,110
2022-07-29,20,28.4,72,1.3,50
2022-07-29,21,26.4,82,0.6,360
2022-07-29,22,25.3,87,0.6,360
2022-07-29,23,24.4,91,0.5,360
2022-07-30,0,23.9,93,0.2,0
2022-07-30,1,23.4,95,0.2,0
2022-07-30,2,23.1,97,0.4,0
2022-07-30,3,22.8,98,0.2,0
2022-07-30,4,22.6,98,0.1,0
2022-07-30,5,22.5,98,0.5,90
2022-07-30,6,22.3,99,0.4,0
2022-07-30,7,24.3,92,0.3,0
2022-07-30,8,27.1,78,0.8,50
2022-07-30,9,27.5,76,0.7,360
2022-07-30,10,29.4,70,1.2,70
2022-07-30,11,30.2,65,2.9,110
2022-07-30,12,30.4,65,1.3,110
2022-07-30,13,31,63,1.7,110
2022-07-30,14,30.8,65,1.5,160
2022-07-30,15,30.3,67,1.5,160
2022-07-30,16,30.4,65,2.3,140
2022-07-30,17,30.7,65,0.9,140
2022-07-30,18,30.2,65,1.3,110
2022-07-30,19,29.5,67,1.2,110
2022-07-30,20,27.3,83,0.8,360
2022-07-30,21,26.8,83,0.5,320
2022-07-30,22,25.7,87,0.3,0
2022-07-30,23,26.3,81,0.4,0
2022-07-31,0,26.1,82,0.5,340
2022-07-31,1,26.1,83,0.2,0
2022-07-31,2,26.2,83,0.2,0
2022-07-31,3,26.1,84,0.8,50
2022-07-31,4,26.3,83,0.8,70
2022-07-31,5,25,96,0.5,320
2022-07-31,6,24.7,99,0.3,0
2022-07-31,7,25,98,0.5,70
2022-07-31,8,25.6,97,0.2,0
2022-07-31,9,26,95,0.2,0
2022-07-31,10,27.7,88,1.1,340
2022-07-31,11,30,74,1.6,140
2022-07-31,12,29.4,71,1.4,180
2022-07-31,13,27.5,81,1,200
2022-07-31,14,26.7,87,0.6,180
2022-07-31,15,27.1,91,0.9,340
2022-07-31,16,28.3,83,0.5,200
2022-07-31,17,28.8,77,0.6,230
2022-07-31,18,28.6,76,1,110
2022-07-31,19,28.3,75,0.4,0
2022-07-31,20,26.4,88,1,50
2022-07-31,21,25.6,93,0.3,0
2022-07-31,22,25,96,0.7,70
2022-07-31,23,25,96,0.7,340
2022-08-01,0,24.9,97,0.7,20
2022-08-01,1,25,98,0.4,0
2022-08-01,2,24.8,100,0.6,360
2022-08-01,3,25.2,99,0.1,0
2022-08-01,4,25.1,100,0.5,340
2022-08-01,5,24.9,99,0.7,340
2022-08-01,6,24.7,100,0.6,340
2022-08-01,7,24.9,100,0.5,360
2022-08-01,8,25.2,99,0.3,0
2022-08-01,9,28.2,76,1.4,200
2022-08-01,10,29.7,69,2,200
2022-08-01,11,30.4,67,1.3,180
2022-08-01,12,30.3,67,1.5,200
2022-08-01,13,30.2,67,0.8,180
2022-08-01,14,30.4,68,1.2,160
2022-08-01,15,30.4,68,1.3,110
2022-08-01,16,29.1,75,0.7,140
2022-08-01,17,28.5,82,0.8,20
2022-08-01,18,29.3,72,1.2,110
2022-08-01,19,29.5,70,1.4,160
2022-08-01,20,29.8,67,2,180
2022-08-01,21,29.5,67,2.9,180
2022-08-01,22,29.4,69,2.5,200
2022-08-01,23,28.8,72,2.2,200
2022-08-02,0,28.5,73,1.3,200
2022-08-02,1,27.6,78,1.1,200
2022-08-02,2,27.1,82,1.2,180
2022-08-02,3,26.1,90,0.8,180
2022-08-02,4,25.7,94,1.2,160
2022-08-02,5,25.6,96,0.5,250
2022-08-02,6,25.2,99,0.4,0
2022-08-02,7,25.7,97,0.2,0
2022-08-02,8,27.8,83,1.2,200
2022-08-02,9,27.3,86,1.3,180
2022-08-02,10,27.9,84,1.8,200
2022-08-02,11,28.5,82,1.4,200
2022-08-02,12,28.4,81,2.7,200
2022-08-02,13,31,72,3.2,180
2022-08-02,14,31.2,70,3.7,200
2022-08-02,15,30.8,69,2.6,230
2022-08-02,16,31.3,70,2.9,200
2022-08-02,17,30.6,71,1.8,230
2022-08-02,18,30.9,69,1.8,230
2022-08-02,19,29.9,74,1.6,200
2022-08-02,20,28.4,82,1,200
2022-08-02,21,28.1,82,1.1,200
2022-08-02,22,26.2,94,0.4,0
2022-08-02,23,25.7,96,0.1,0
2022-08-03,0,25.2,98,0,0
2022-08-03,1,24.5,99,0.3,0
2022-08-03,2,24.1,100,0.2,0
2022-08-03,3,23.7,100,0.1,0
2022-08-03,4,23.4,100,0.2,0
2022-08-03,5,23.1,100,0.2,0
2022-08-03,6,22.9,100,0.2,0
2022-08-03,7,24.3,98,0.1,0
2022-08-03,8,27.4,86,0.5,200
2022-08-03,9,28.4,79,0.5,270
2022-08-03,10,31.3,68,2.8,270
2022-08-03,11,32.1,63,2.9,270
2022-08-03,12,32.7,60,3.3,270
2022-08-03,13,32.9,59,3.2,270
2022-08-03,14,32.6,61,2.4,320
2022-08-03,15,32.2,66,2.8,360
2022-08-03,16,32.4,64,3,20
2022-08-03,17,32.3,64,1.8,360
2022-08-03,18,32,64,1.5,340
2022-08-03,19,30.9,71,0.7,340
2022-08-03,20,28.3,85,0.3,0
2022-08-03,21,27.1,89,0.1,0
2022-08-03,22,26.3,94,0.4,0
2022-08-03,23,25.8,95,0.3,0
2022-08-04,0,25.2,97,0.2,0
2022-08-04,1,24.5,99,0.1,0
2022-08-04,2,24.2,99,0,0
2022-08-04,3,23.8,100,0.1,0
2022-08-04,4,23.6,100,0.3,0
2022-08-04,5,23.1,100,0.3,0
2022-08-04,6,23,100,0.3,0
2022-08-04,7,24.8,95,0.6,90
2022-08-04,8,25.9,94,0.3,0
2022-08-04,9,27.9,80,0.9,140
2022-08-04,10,31,65,2.5,290
2022-08-04,11,32,60,2.1,320
2022-08-04,12,33,58,2.4,290
2022-08-04,13,32.7,56,2.7,290
2022-08-04,14,34.5,50,2.5,270
2022-08-04,15,33.6,54,2.3,320
2022-08-04,16,34.4,53,1.9,320
2022-08-04,17,33.7,54,2.5,290
2022-08-04,18,33,57,1.8,270
2022-08-04,19,31.2,64,1,290
2022-08-04,20,28.4,78,0.6,340
2022-08-04,21,27.2,82,0.2,0
2022-08-04,22,26.4,85,0.1,0
2022-08-04,23,25.4,91,0.6,360
2022-08-05,0,25.1,94,0.3,0
2022-08-05,1,24.8,95,0.5,320
2022-08-05,2,24.3,97,0.3,0
2022-08-05,3,24,98,0,0
2022-08-05,4,24,98,0.2,0
2022-08-05,5,23.3,99,0.4,0
2022-08-05,6,23.2,99,0.2,0
2022-08-05,7,23.8,98,0.1,0
2022-08-05,8,27.1,85,0.4,0
2022-08-05,9,29.4,69,2.7,290
2022-08-05,10,30.6,64,2.3,230
2022-08-05,11,31.7,61,2.2,250
2022-08-05,12,31.8,64,2.6,230
2022-08-05,13,29.1,76,3.1,270
2022-08-05,14,28.7,80,0.5,230
2022-08-05,15,31.8,68,1.6,180
2022-08-05,16,33.3,60,1.6,250
2022-08-05,17,32.8,62,1.4,230
2022-08-05,18,32.3,64,1,290
2022-08-05,19,31.9,65,1.6,270
2022-08-05,20,28.7,82,0.3,0
2022-08-05,21,27.5,88,0.1,0
2022-08-05,22,26.5,93,0.5,20
2022-08-05,23,26,95,0.3,0
2022-08-06,0,25.7,96,0.1,0
2022-08-06,1,25.4,97,0.2,0
2022-08-06,2,24.9,98,0.4,0
2022-08-06,3,24.7,98,0.1,0
2022-08-06,4,24.3,99,0.3,0
2022-08-06,5,24,99,0.3,0
2022-08-06,6,23.7,99,0.2,0
2022-08-06,7,25.1,96,0.2,0
2022-08-06,8,28.3,80,0.4,0
2022-08-06,9,30,71,1.5,270
2022-08-06,10,30.9,65,2,290
2022-08-06,11,31.9,62,1.4,270
2022-08-06,12,32.6,60,1,250
2022-08-06,13,33.7,57,3,270
2022-08-06,14,33.8,54,2.7,290
2022-08-06,15,35,50,2.7,270
2022-08-06,16,35.5,50,2.5,270
2022-08-06,17,34.5,54,2.8,320
2022-08-06,18,33.7,56,2.1,290
2022-08-06,19,32.2,63,1.3,320
2022-08-06,20,29.2,78,0.5,360
2022-08-06,21,27.6,84,0.7,340
2022-08-06,22,26.7,88,0.2,0
2022-08-06,23,26.4,89,0.1,0
2022-08-07,0,25.9,92,0.1,0
2022-08-07,1,25.7,93,0.3,0
2022-08-07,2,25,95,0.1,0
2022-08-07,3,24.5,97,0,0
2022-08-07,4,24.1,98,0.2,0
2022-08-07,5,23.7,99,0.2,0
2022-08-07,6,23.7,98,0.1,0
2022-08-07,7,24.7,95,0.2,0
2022-08-07,8,26.9,86,0.3,0
2022-08-07,9,29.2,78,0.7,360
2022-08-07,10,30.9,71,1,290
2022-08-07,11,32.7,66,1.4,290
2022-08-07,12,34,59,1.8,290
2022-08-07,13,34.9,56,2.4,290
2022-08-07,14,35.3,52,2.2,290
2022-08-07,15,32.7,52,4.8,250
2022-08-07,16,29.9,56,0.9,180
2022-08-07,17,30.1,59,0.7,160
2022-08-07,18,30.1,64,0.8,230
2022-08-07,19,28.9,73,1.1,270
2022-08-07,20,28,76,0.7,270
2022-08-07,21,27.2,83,0.4,0
2022-08-07,22,27.3,84,0.6,270
2022-08-07,23,26.1,88,0.3,0
2022-08-08,0,25.5,93,0.6,340
2022-08-08,1,25.1,94,0.5,340
2022-08-08,2,24.7,96,0.3,0
2022-08-08,3,24.5,97,0.4,0
2022-08-08,4,24.3,97,0.1,0
2022-08-08,5,24.3,97,0,0
2022-08-08,6,24.2,97,0.7,340
2022-08-08,7,25.2,96,0.5,320
2022-08-08,8,26.1,92,0.1,0
2022-08-08,9,27.9,82,0.5,270
2022-08-08,10,28.5,78,0.8,270
2022-08-08,11,30,69,1.6,250
2022-08-08,12,32,59,3,250
2022-08-08,13,31.4,61,2.2,250
2022-08-08,14,31.3,61,2.6,270
2022-08-08,15,31.8,61,2.3,250
2022-08-08,16,31.8,62,2.3,250
2022-08-08,17,31.2,68,1.7,270
2022-08-08,18,30.8,65,1.1,270
2022-08-08,19,29.7,71,0.6,270
2022-08-08,20,27.7,81,0.5,340
2022-08-08,21,27.1,83,0.2,0
2022-08-08,22,26.2,88,0.3,0
2022-08-08,23,25.8,90,0.1,0
2022-08-09,0,25.4,92,0.3,0
2022-08-09,1,25.1,93,0.4,0
2022-08-09,2,24.9,95,0.1,0
2022-08-09,3,24.7,98,0.2,0
2022-08-09,4,24.6,100,0.4,0
2022-08-09,5,24.5,100,0.2,0
2022-08-09,6,24.3,100,0.1,0
2022-08-09,7,24.3,100,0,0
2022-08-09,8,24.7,100,0.1,0
2022-08-09,9,25.5,94,0.2,0
2022-08-09,10,26.4,87,0.5,180
2022-08-09,11,28.4,82,1,200
2022-08-09,12,31,63,2.7,270
2022-08-09,13,31.2,61,2.2,250
2022-08-09,14,31.6,59,2.7,270
2022-08-09,15,31.6,62,1.6,270
2022-08-09,16,30.8,65,1.9,200
2022-08-09,17,30.6,67,1.4,200
2022-08-09,18,30.5,67,1.8,200
2022-08-09,19,29.7,72,0.6,230
2022-08-09,20,27.6,85,0.4,0
2022-08-09,21,26.6,91,0.3,0
2022-08-09,22,26,94,0.1,0
2022-08-09,23,25.7,95,0.1,0
2022-08-10,0,27.4,78,0.7,200
2022-08-10,1,27.2,77,1.3,230
2022-08-10,2,26.8,78,1,200
2022-08-10,3,27.1,76,0.9,230
2022-08-10,4,26.5,81,0.2,0
2022-08-10,5,24.5,96,0.7,270
2022-08-10,6,24,100,0.3,0
2022-08-10,7,24.4,99,0.4,0
2022-08-10,8,24.6,99,0,0
2022-08-10,9,24.9,98,0.3,0
2022-08-10,10,25.5,97,0.2,0
2022-08-10,11,26.3,93,0.3,0
2022-08-10,12,27.2,85,0.6,200
2022-08-10,13,27,90,0.3,0
2022-08-10,14,27.4,89,0.5,340
2022-08-10,15,27.5,89,0.4,0
2022-08-10,16,27.7,86,1.3,180
2022-08-10,17,26.9,91,0.4,0
2022-08-10,18,26.5,96,0.6,140
2022-08-10,19,26.2,96,0.1,0
2022-08-10,20,25.4,99,0.3,0
2022-08-10,21,25.3,99,0.5,110
2022-08-10,22,25,100,0.2,0
2022-08-10,23,24.9,100,0.7,160
2022-08-11,0,25,100,0.5,160
2022-08-11,1,24.8,100,0.2,0
2022-08-11,2,24.7,100,0,0
2022-08-11,3,24.6,100,0.2,0
2022-08-11,4,24.2,100,0.3,0
2022-08-11,5,24.2,100,0.7,140
2022-08-11,6,24,100,0.8,140
2022-08-11,7,23.9,100,0.4,0
2022-08-11,8,24,100,0.2,0
2022-08-11,9,24.4,100,0.7,140
2022-08-11,10,24.6,99,0.6,180
2022-08-11,11,24.7,100,0.8,200
2022-08-11,12,24.7,100,0.6,200
2022-08-11,13,25.2,97,1.6,200
2022-08-11,14,25.2,97,1.2,200
2022-08-11,15,25,98,0.6,180
2022-08-11,16,25,98,1,180
2022-08-11,17,25.1,98,1.2,200
2022-08-11,18,24.9,99,0.2,0
2022-08-11,19,24.7,99,0.4,0
2022-08-11,20,24.6,100,0.1,0
2022-08-11,21,24.6,100,0.3,0
2022-08-11,22,24.5,100,0.2,0
2022-08-11,23,24.4,100,0.1,0
2022-08-12,0,24.5,100,0.2,0
2022-08-12,1,24.5,100,0,0
2022-08-12,2,24.4,100,0.3,0
2022-08-12,3,24.5,100,0.2,0
2022-08-12,4,24.5,100,0,0
2022-08-12,5,24.4,100,0.4,0
2022-08-12,6,24.5,100,0.3,0
2022-08-12,7,24.9,100,0,0
2022-08-12,8,26,94,0.6,270
2022-08-12,9,27.6,82,1.4,290
2022-08-12,10,28.6,78,1.9,270
2022-08-12,11,29.6,68,2.5,270
2022-08-12,12,31.3,64,2,290
2022-08-12,13,32.1,58,2.6,270
2022-08-12,14,32.6,57,2.3,250
2022-08-12,15,33.2,55,2,250
2022-08-12,16,33.2,53,0.7,290
2022-08-12,17,32.5,56,1.9,230
2022-08-12,18,32,59,1.9,270
2022-08-12,19,28.9,77,0.6,340
2022-08-12,20,26.5,90,1.2,50
2022-08-12,21,25.3,94,0.6,50
2022-08-12,22,24.5,97,0.4,0
2022-08-12,23,23.6,99,0.9,360
2022-08-13,0,23.3,99,0.3,0
2022-08-13,1,23,100,0.2,0
2022-08-13,2,22.2,100,0.3,0
2022-08-13,3,22.2,100,0.6,320
2022-08-13,4,21.8,100,0.4,0
2022-08-13,5,21.7,100,0.2,0
2022-08-13,6,21.8,100,0.3,0
2022-08-13,7,22.3,100,0.9,360
2022-08-13,8,24.3,93,1,250
2022-08-13,9,25.2,91,1,200
2022-08-13,10,26.6,85,0.7,360
2022-08-13,11,27.2,79,0.5,70
2022-08-13,12,28.8,73,0.7,270
2022-08-13,13,29.5,71,0.7,320
2022-08-13,14,29.9,70,0.2,0
2022-08-13,15,27.4,88,2.4,250
2022-08-13,16,25.4,95,1.2,110
2022-08-13,17,24.7,99,1.2,360
2022-08-13,18,24.9,99,0.8,320
2022-08-13,19,25,99,1,320
2022-08-13,20,24.8,100,0.9,360
2022-08-13,21,24.6,100,0.6,70
2022-08-13,22,24.7,100,0.1,0
2022-08-13,23,24.6,100,0.2,0
2022-08-14,0,24.4,100,0.6,70
2022-08-14,1,24.6,100,0.5,160
2022-08-14,2,24.5,100,0.7,140
2022-08-14,3,24.5,100,0.1,0
2022-08-14,4,24.6,100,0.9,160
2022-08-14,5,24.5,100,0.1,0
2022-08-14,6,24.5,100,0,0
2022-08-14,7,24.8,100,0.2,0
2022-08-14,8,25.7,96,0.4,0
2022-08-14,9,26.2,92,0.1,0
2022-08-14,10,27.2,87,0.5,200
2022-08-14,11,29.1,80,0.3,0
2022-08-14,12,29.6,78,1.1,320
2022-08-14,13,30,79,0.8,140
2022-08-14,14,30.6,76,0.8,160
2022-08-14,15,31.3,73,0.6,250
2022-08-14,16,31.1,75,1.6,200
2022-08-14,17,31.2,76,0.8,230
2022-08-14,18,29.7,87,0.1,0
2022-08-14,19,28.5,93,0.5,20
2022-08-14,20,27.7,97,0.4,0
2022-08-14,21,27.2,98,0.3,0
2022-08-14,22,26.8,99,0.3,0
2022-08-14,23,26.3,100,0.3,0
2022-08-15,0,26.1,100,0.3,0
2022-08-15,1,25.8,100,0.2,0
2022-08-15,2,25.7,100,0.1,0
2022-08-15,3,25.3,100,0.3,0
2022-08-15,4,25.1,100,0.2,0
2022-08-15,5,24.9,100,0,0
2022-08-15,6,24.6,100,0,0
2022-08-15,7,25.1,100,0.1,0
2022-08-15,8,28.7,76,1.1,180
2022-08-15,9,29.9,71,1.9,230
2022-08-15,10,30.6,67,2.1,250
2022-08-15,11,31.3,65,2.1,230
2022-08-15,12,32.1,60,3.3,200
2022-08-15,13,32.7,60,2.3,250
2022-08-15,14,32.6,62,2.5,230
2022-08-15,15,33.2,58,2.5,230
2022-08-15,16,32.2,58,2.1,200
2022-08-15,17,32,58,2.6,230
2022-08-15,18,31.1,63,1.6,200
2022-08-15,19,30.1,68,2.1,230
2022-08-15,20,28.9,74,1.6,200
2022-08-15,21,28.9,72,1.6,230
2022-08-15,22,28.7,71,1.7,230
2022-08-15,23,28,74,1.4,230
2022-08-16,0,28.2,74,1.2,230
2022-08-16,1,27.8,75,0.9,200
2022-08-16,2,24.8,98,3.2,320
2022-08-16,3,23.7,97,1.5,180
2022-08-16,4,23.3,98,1.7,200
2022-08-16,5,23.8,98,1.1,180
2022-08-16,6,23.7,99,1.3,200
2022-08-16,7,23.1,98,1.8,180
2022-08-16,8,23.3,99,1.1,270
2022-08-16,9,23.6,97,0.7,200
2022-08-16,10,24,93,0.8,180
2022-08-16,11,24.8,90,0.4,0
2022-08-16,12,25.1,91,1.3,200
2022-08-16,13,27.6,77,1.5,230
2022-08-16,14,26.6,79,2,230
2022-08-16,15,26.6,82,1.4,180
2022-08-16,16,28.2,73,1.6,250
2022-08-16,17,28.6,76,2.1,200
2022-08-16,18,27.2,79,1.5,200
2022-08-16,19,26.7,82,1.5,200
2022-08-16,20,24.8,93,0.6,230
2022-08-16,21,23.8,98,0.8,20
2022-08-16,22,23.3,100,0.3,0
2022-08-16,23,22.8,100,0.4,0
2022-08-17,0,22.8,100,0.1,0
2022-08-17,1,22.9,100,0.3,0
2022-08-17,2,22.8,100,0.3,0
2022-08-17,3,23.1,100,0.5,70
2022-08-17,4,23,100,0.2,0
2022-08-17,5,22.8,100,0.4,0
2022-08-17,6,22.4,100,0.5,290
2022-08-17,7,23.3,99,0,0
2022-08-17,8,25.4,84,0.3,0
2022-08-17,9,26.2,77,0.7,320
2022-08-17,10,27,75,0.6,200
2022-08-17,11,26.7,79,0.8,230
2022-08-17,12,27.9,71,1.6,230
2022-08-17,13,29.3,65,1.4,340
2022-08-17,14,29.3,63,1.4,230
2022-08-17,15,30.2,61,1.7,250
2022-08-17,16,30.6,59,1.3,270
2022-08-17,17,29.9,62,1.7,200
2022-08-17,18,28.7,69,1.6,230
2022-08-17,19,27.1,74,1.7,230
2022-08-17,20,23.7,87,3.4,360
2022-08-17,21,22.7,95,0.8,360
2022-08-17,22,22.7,94,0.2,0
2022-08-17,23,22,99,0.3,0
2022-08-18,0,22.1,98,0.1,0
2022-08-18,1,21.6,100,0.5,20
2022-08-18,2,21.4,100,0.8,20
2022-08-18,3,21.5,98,0.7,20
2022-08-18,4,21.5,98,0.3,0
2022-08-18,5,21.3,99,0.2,0
2022-08-18,6,21,100,0.3,0
2022-08-18,7,21.3,100,0.6,90
2022-08-18,8,22.5,94,0.7,110
2022-08-18,9,23.6,85,1.2,50
2022-08-18,10,24.8,76,0.9,50
2022-08-18,11,26.5,66,1.1,360
2022-08-18,12,27.1,63,1.1,290
2022-08-18,13,28.5,57,1.4,290
2022-08-18,14,30.2,49,1.6,290
2022-08-18,15,30.2,51,1.9,270
2022-08-18,16,30.1,53,1.9,270
2022-08-18,17,28.8,58,1.4,270
2022-08-18,18,27.1,72,0.6,360
2022-08-18,19,25.6,80,0.7,70
2022-08-18,20,23.8,87,1.1,20
2022-08-18,21,23.2,90,0.5,50
2022-08-18,22,22.1,97,0.5,20
2022-08-18,23,21.7,98,0.4,0
2022-08-19,0,21.2,99,0.2,0
2022-08-19,1,20.7,100,0.1,0
2022-08-19,2,20.6,99,0.4,0
2022-08-19,3,20.4,99,0.3,0
2022-08-19,4,20,100,0.4,0
2022-08-19,5,19.7,100,0.4,0
2022-08-19,6,19.8,100,0.3,0
2022-08-19,7,20.3,100,0.3,0
2022-08-19,8,21.7,94,0.1,0
2022-08-19,9,23.5,88,0.6,360
2022-08-19,10,25.3,81,1.4,230
2022-08-19,11,26.8,72,1.1,320
2022-08-19,12,28.4,65,1.3,270
2022-08-19,13,29,65,0.7,290
2022-08-19,14,29.7,63,1.4,230
2022-08-19,15,30.8,59,1.3,250
2022-08-19,16,29.6,67,1.1,200
2022-08-19,17,29.1,72,0.6,180
2022-08-19,18,27.6,83,0.8,70
2022-08-19,19,27.1,85,0.5,270
2022-08-19,20,26.1,92,0.4,0
2022-08-19,21,25.7,95,0.6,360
2022-08-19,22,25.5,96,0.6,20
2022-08-19,23,24.9,98,0.3,0
2022-08-20,0,24.5,99,0.2,0
2022-08-20,1,24.3,100,0.6,50
2022-08-20,2,23.9,100,0.1,0
2022-08-20,3,23.9,99,0.4,0
2022-08-20,4,24.4,100,0.4,0
2022-08-20,5,24.2,100,0.1,0
2022-08-20,6,24.4,100,0.1,0
2022-08-20,7,24.6,100,0.2,0
2022-08-20,8,24.8,100,1.3,160
2022-08-20,9,25,92,1.9,230
2022-08-20,10,25.4,95,1.1,200
2022-08-20,11,25.9,95,0.8,200
2022-08-20,12,26.8,90,0.4,0
2022-08-20,13,27,94,0.4,0
2022-08-20,14,26.7,98,0.7,180
2022-08-20,15,28.1,86,1.4,160
2022-08-20,16,29.3,76,2.3,230
2022-08-20,17,29.5,75,1.7,230
2022-08-20,18,28.5,81,1.7,180
2022-08-20,19,27.5,86,1,160
2022-08-20,20,26,83,0.9,160
2022-08-20,21,25.3,86,1.4,180
2022-08-20,22,25.2,86,0.7,140
2022-08-20,23,24.1,89,0.8,110
2022-08-21,0,23,98,0.4,0
2022-08-21,1,22.9,99,0,0
2022-08-21,2,22.9,98,0.2,0
2022-08-21,3,22.8,98,0.6,360
2022-08-21,4,22.8,98,0.5,20
2022-08-21,5,22.8,97,0.2,0
2022-08-21,6,22.2,99,0.4,0
2022-08-21,7,23,96,0.3,0
2022-08-21,8,25.1,78,0.3,0
2022-08-21,9,26,69,0.8,340
2022-08-21,10,27,63,0.8,110
2022-08-21,11,28.7,64,1.2,320
2022-08-21,12,29.9,53,1.4,90
2022-08-21,13,31,50,1,140
2022-08-21,14,30.3,48,1.6,340
2022-08-21,15,31.4,45,0.7,20
2022-08-21,16,30.1,56,0.9,70
2022-08-21,17,30.1,49,1.5,200
2022-08-21,18,29.8,48,0.9,200
2022-08-21,19,25.8,70,0.9,340
2022-08-21,20,23.4,82,0.3,0
2022-08-21,21,21.8,89,0.5,20
2022-08-21,22,20.7,93,0.4,0
2022-08-21,23,19.8,95,0.9,50
2022-08-22,0,19.2,96,0.8,50
2022-08-22,1,18.7,98,0.5,20
2022-08-22,2,18,97,0.8,50
2022-08-22,3,17.7,98,0.6,70
2022-08-22,4,17.1,98,0.5,50
2022-08-22,5,16.6,99,0.2,0
2022-08-22,6,16.2,99,0.2,0
2022-08-22,7,17.2,94,0.7,50
2022-08-22,8,19.3,82,0.3,0
2022-08-22,9,22.4,72,0.9,320
2022-08-22,10,25.2,64,1.2,320
2022-08-22,11,27.1,58,1.3,230
2022-08-22,12,29.4,58,1.3,180
2022-08-22,13,30.3,56,2.2,230
2022-08-22,14,30.6,58,1.3,270
2022-08-22,15,31.2,53,1.1,270
2022-08-22,16,31.2,52,1.3,290
2022-08-22,17,30.8,53,1.3,270
2022-08-22,18,29.1,71,0.8,360
2022-08-22,19,27.8,77,0.6,50
2022-08-22,20,25.5,87,0.9,50
2022-08-22,21,25,90,0.5,20
2022-08-22,22,24.7,91,0.7,50
2022-08-22,23,24.5,93,0.4,0
2022-08-23,0,24.2,96,0.6,20
2022-08-23,1,24.2,95,0.3,0
2022-08-23,2,23.9,97,0.5,20
2022-08-23,3,23.5,99,0.3,0
2022-08-23,4,23.5,99,0.3,0
2022-08-23,5,23.5,98,0.2,0
2022-08-23,6,23.6,98,0.3,0
2022-08-23,7,24,97,0,0
2022-08-23,8,24.7,94,0.7,320
2022-08-23,9,25.6,89,0.5,360
2022-08-23,10,26.5,82,0.5,180
2022-08-23,11,23.4,93,0.5,160
2022-08-23,12,23.4,96,0.9,50
2022-08-23,13,23.5,93,1,50
2022-08-23,14,23.5,98,0.8,360
2022-08-23,15,23.3,99,0.2,0
2022-08-23,16,23.4,100,0.6,360
2022-08-23,17,23.5,100,0.7,340
2022-08-23,18,23.6,98,0.6,50
2022-08-23,19,23.5,99,0.3,0
2022-08-23,20,23.4,100,0.1,0
2022-08-23,21,23.5,100,0,0
2022-08-23,22,23,97,0.9,70
2022-08-23,23,22.5,97,0.7,50
2022-08-24,0,22.1,99,0.6,360
2022-08-24,1,22.1,100,0.2,0
2022-08-24,2,21.8,100,0.5,290
2022-08-24,3,21.6,100,0.5,360
2022-08-24,4,21.4,100,0.7,20
2022-08-24,5,21.5,99,1,50
2022-08-24,6,21.7,95,1.8,50
2022-08-24,7,21.2,93,1.1,50
2022-08-24,8,20.8,96,1.3,20
2022-08-24,9,20.8,95,0.9,20
2022-08-24,10,21.6,90,1.2,20
2022-08-24,11,23.7,74,1.1,70
2022-08-24,12,24.4,62,2.2,110
2022-08-24,13,24.8,59,1.9,110
2022-08-24,14,25,56,1.4,90
2022-08-24,15,24.4,66,1.3,230
2022-08-24,16,24.3,66,1,320
2022-08-24,17,23.3,75,0.7,360
2022-08-24,18,23,79,0.8,200
2022-08-24,19,22.4,85,0.7,200
2022-08-24,20,22,86,0.3,0
2022-08-24,21,21.3,91,0.5,70
2022-08-24,22,21.2,94,0.1,0
2022-08-24,23,21,94,0.3,0
2022-08-25,0,20.5,95,0.4,0
2022-08-25,1,19.8,99,0.3,0
2022-08-25,2,19.1,100,0.5,50
2022-08-25,3,18.9,100,0.5,20
2022-08-25,4,18.8,100,0.5,70
2022-08-25,5,18.7,99,0.8,70
2022-08-25,6,18.3,100,0.6,90
2022-08-25,7,18.6,100,0.1,0
2022-08-25,8,19.3,100,0.3,0
2022-08-25,9,20.1,96,0.5,290
2022-08-25,10,23,81,0.8,160
2022-08-25,11,24.8,74,1.2,230
2022-08-25,12,26.1,70,2.3,250
2022-08-25,13,27.4,67,1.3,250
2022-08-25,14,27.7,62,1.6,230
2022-08-25,15,27.5,61,0.7,230
2022-08-25,16,27.3,64,1.4,320
2022-08-25,17,25.7,80,0.7,20
2022-08-25,18,25.6,80,0.2,0
2022-08-25,19,24.2,91,0.5,20
2022-08-25,20,23.5,93,0.7,50
2022-08-25,21,23.2,89,0.6,50
2022-08-25,22,22.2,96,0.7,20
2022-08-25,23,21.8,98,0.2,0
2022-08-26,0,21.3,98,0.1,0
2022-08-26,1,20.7,97,0.6,270
2022-08-26,2,19.8,98,0.6,320
2022-08-26,3,19.3,96,0.2,0
2022-08-26,4,18.7,98,0.5,50
2022-08-26,5,17.8,99,0.5,360
2022-08-26,6,17.2,99,0.5,70
2022-08-26,7,17.6,98,0.5,20
2022-08-26,8,20,85,0.3,0
2022-08-26,9,22.4,77,0.8,200
2022-08-26,10,24.5,66,0.8,160
2022-08-26,11,25.9,65,0.9,50
2022-08-26,12,26.4,57,1.5,70
2022-08-26,13,27.3,55,1,50
2022-08-26,14,27.4,51,1.9,270
2022-08-26,15,28.9,49,1.4,290
2022-08-26,16,28.5,52,1,320
2022-08-26,17,28.5,48,2.1,250
2022-08-26,18,27.4,56,1.1,290
2022-08-26,19,23.3,81,0.5,360
2022-08-26,20,21.4,87,0.7,50
2022-08-26,21,20.6,90,0.4,0
2022-08-26,22,19.9,96,0.5,340
2022-08-26,23,19.2,98,0.3,0
2022-08-27,0,18.8,98,0.6,20
2022-08-27,1,18.2,99,0.3,0
2022-08-27,2,17.9,99,0.3,0
2022-08-27,3,17.8,99,0.2,0
2022-08-27,4,17.9,99,0.4,0
2022-08-27,5,18.1,99,0.3,0
2022-08-27,6,18.7,99,0.4,0
2022-08-27,7,19,99,0.1,0
2022-08-27,8,19.4,97,0.3,0
2022-08-27,9,20.9,92,0.6,290
2022-08-27,10,22.6,83,1.3,250
2022-08-27,11,23.7,73,1.5,270
2022-08-27,12,26,49,2.4,270
2022-08-27,13,26.6,37,2.6,270
2022-08-27,14,26.9,28,3.7,290
2022-08-27,15,27.6,33,2.9,320
2022-08-27,16,27.2,29,3.3,290
2022-08-27,17,26.2,38,2,290
2022-08-27,18,25.6,42,1.6,290
2022-08-27,19,21,71,0.8,340
2022-08-27,20,18.2,81,1.1,50
2022-08-27,21,16.9,89,0.2,0
2022-08-27,22,15.7,94,0.5,20
2022-08-27,23,15,96,0.5,360
2022-08-28,0,14.5,97,0.2,0
2022-08-28,1,14.1,98,0.3,0
2022-08-28,2,13.6,99,0.5,360
2022-08-28,3,13.2,99,0.6,360
2022-08-28,4,12.8,100,0.4,0
2022-08-28,5,12.5,99,0.2,0
2022-08-28,6,12.1,100,0.2,0
2022-08-28,7,13.7,98,0.1,0
2022-08-28,8,16.7,86,0.2,0
2022-08-28,9,19.4,74,0.8,200
2022-08-28,10,22.1,64,1,250
2022-08-28,11,24.5,49,1.3,230
2022-08-28,12,26.1,43,1.8,180
2022-08-28,13,27,41,1.5,200
2022-08-28,14,28.1,38,2.7,230
2022-08-28,15,28.4,38,2,180
2022-08-28,16,28.2,38,2.3,140
2022-08-28,17,27.8,42,1.9,110
2022-08-28,18,26.3,46,2.8,90
2022-08-28,19,23.9,54,2.1,90
2022-08-28,20,20.5,71,0.3,0
2022-08-28,21,18.5,79,0.5,90
2022-08-28,22,16.7,85,0.9,50
2022-08-28,23,15.7,90,0.5,20
2022-08-29,0,15.5,91,0.4,0
2022-08-29,1,15.9,89,0.5,360
2022-08-29,2,15.5,92,0.3,0
2022-08-29,3,15.8,92,0.5,360
2022-08-29,4,16,92,0.2,0
2022-08-29,5,16.2,93,0.2,0
2022-08-29,6,16.4,93,0.2,0
2022-08-29,7,17.2,90,0.2,0
2022-08-29,8,18.2,87,0.1,0
2022-08-29,9,19.4,83,0.1,0
2022-08-29,10,20.6,79,1.1,360
2022-08-29,11,21.5,80,1,360
2022-08-29,12,22.3,73,1.3,360
2022-08-29,13,22.4,77,1,360
2022-08-29,14,20.7,91,1.7,360
2022-08-29,15,20.7,97,0.6,50
2022-08-29,16,20.7,97,1,360
2022-08-29,17,19.6,97,1.4,360
2022-08-29,18,19.4,97,0.3,0
2022-08-29,19,19.1,97,0.7,50
2022-08-29,20,19,97,0.3,0
2022-08-29,21,18.5,97,0.7,20
2022-08-29,22,18.2,95,0.2,0
2022-08-29,23,18.1,98,0.3,0
2022-08-30,0,18,99,0.2,0
2022-08-30,1,17.9,98,0.4,0
2022-08-30,2,17.8,98,0.4,0
2022-08-30,3,17.7,99,0.6,20
2022-08-30,4,17.6,99,0.2,0
2022-08-30,5,17.5,99,0.6,50
2022-08-30,6,17.7,99,0.2,0
2022-08-30,7,18.1,99,0.2,0
2022-08-30,8,18.1,99,0.6,320
2022-08-30,9,18.4,99,0.6,50
2022-08-30,10,19,99,0.6,50
2022-08-30,11,19.7,94,0.6,290
2022-08-30,12,21.1,90,0.7,50
2022-08-30,13,22,87,1.3,50
2022-08-30,14,21.2,95,0.7,340
2022-08-30,15,20.7,99,0.6,340
2022-08-30,16,20.4,100,0.9,50
2022-08-30,17,20.4,100,0.4,0
2022-08-30,18,20.6,100,0.1,0
2022-08-30,19,20.7,100,0.1,0
2022-08-30,20,20.7,100,0.1,0
2022-08-30,21,20.5,100,0.8,340
2022-08-30,22,20.3,100,0.2,0
2022-08-30,23,20.3,100,0.2,0
2022-08-31,0,20.3,100,0.2,0
2022-08-31,1,20.2,100,0.3,0
2022-08-31,2,20.1,100,0.2,0
2022-08-31,3,20.1,100,0,0
2022-08-31,4,20.2,100,0.1,0
2022-08-31,5,20.1,100,0,0
2022-08-31,6,20.2,100,0.3,0
2022-08-31,7,20.2,100,0.2,0
2022-08-31,8,20.2,100,0,0
2022-08-31,9,20.5,100,0.3,0
2022-08-31,10,20.9,100,0.8,20
2022-08-31,11,20.7,100,1,340
2022-08-31,12,20.7,100,0.3,0
2022-08-31,13,21,99,1,340
2022-08-31,14,22.2,89,1.2,340
2022-08-31,15,23.4,87,0.9,360
2022-08-31,16,23.2,84,1.2,360
2022-08-31,17,23.7,82,0.4,0
2022-08-31,18,22.8,88,0.6,200
2022-08-31,19,22,94,0.5,180
2022-08-31,20,21.3,98,0.5,70
2022-08-31,21,20.4,100,0.3,0
2022-08-31,22,20.1,99,0.7,70
2022-08-31,23,19.9,100,0.4,0
2022-09-01,0,19.8,100,0.6,20
2022-09-01,1,19.1,100,0.5,50
2022-09-01,2,18.3,100,0.4,0
2022-09-01,3,18.1,100,0,0
2022-09-01,4,17.9,100,0.5,50
2022-09-01,5,17.7,100,0.2,0
2022-09-01,6,17.6,100,0.6,70
2022-09-01,7,18.3,99,0.4,0
2022-09-01,8,19.2,96,0.5,230
2022-09-01,9,20.2,93,0.6,180
2022-09-01,10,21.6,86,0.4,0
2022-09-01,11,23.5,79,0.6,230
2022-09-01,12,24,79,1.3,360
2022-09-01,13,24.4,74,0.8,320
2022-09-01,14,23.9,80,0.9,360
2022-09-01,15,23.8,81,0.4,0
2022-09-01,16,24.4,79,1.4,50
2022-09-01,17,24.6,75,1.1,360
2022-09-01,18,23.7,78,0.6,230
2022-09-01,19,22.2,87,0.3,0
2022-09-01,20,20.6,97,0.7,50
2022-09-01,21,19.9,99,0.1,0
2022-09-01,22,18.8,100,0.4,0
2022-09-01,23,18.1,100,0.7,20
2022-09-02,0,17.5,100,0,0
2022-09-02,1,16.7,100,0.7,20
2022-09-02,2,16.9,100,0.5,110
2022-09-02,3,16.7,100,0.2,0
2022-09-02,4,16.5,100,0.7,70
2022-09-02,5,17.1,100,0.8,340
2022-09-02,6,17.2,100,1.2,50
2022-09-02,7,17.9,100,0.8,20
2022-09-02,8,19.1,97,1,360
2022-09-02,9,20.2,92,1.9,50
2022-09-02,10,21.8,87,1.6,20
2022-09-02,11,24.8,70,2,70
2022-09-02,12,26.2,59,2.9,90
2022-09-02,13,24.8,67,1.5,70
2022-09-02,14,25.1,64,3.2,90
2022-09-02,15,24.7,62,2.6,70
2022-09-02,16,24.5,66,1.9,70
2022-09-02,17,23.7,72,1.5,50
2022-09-02,18,22.5,78,2.7,70
2022-09-02,19,22.2,78,1,70
2022-09-02,20,21.7,80,0.3,0
2022-09-02,21,21.3,84,0.2,0
2022-09-02,22,21.4,84,1.2,50
2022-09-02,23,21.6,82,1.2,50
2022-09-03,0,21.6,81,1.8,50
2022-09-03,1,21.7,79,2.4,70
2022-09-03,2,21.5,79,1.9,70
2022-09-03,3,21.3,80,1.3,50
2022-09-03,4,20.5,83,1.3,50
2022-09-03,5,20,88,0.2,0
2022-09-03,6,20.2,89,0.2,0
2022-09-03,7,20.3,88,0.2,0
2022-09-03,8,20.9,89,0.8,200
2022-09-03,9,22,85,0.6,250
2022-09-03,10,23.2,78,2,70
2022-09-03,11,22,88,1.2,70
2022-09-03,12,23.2,82,2.9,50
2022-09-03,13,24,76,2.4,50
2022-09-03,14,24.4,73,1.8,90
2022-09-03,15,25,68,1.5,70
2022-09-03,16,23.6,73,3.3,50
2022-09-03,17,22.6,78,2.6,50
2022-09-03,18,22.6,77,2.5,50
2022-09-03,19,21.9,80,1.9,70
2022-09-03,20,21.8,79,3.2,50
2022-09-03,21,21.3,83,2.4,70
2022-09-03,22,21.4,83,1.3,50
2022-09-03,23,22,78,2.3,70
2022-09-04,0,21.6,80,0.4,0
2022-09-04,1,20.4,90,0.3,0
2022-09-04,2,20.7,89,0.1,0
2022-09-04,3,20.3,91,0.6,200
2022-09-04,4,20.1,93,0.6,110
2022-09-04,5,20,95,0.3,0
2022-09-04,6,20.2,94,0.2,0
2022-09-04,7,20.5,94,0.3,0
2022-09-04,8,22.2,86,0.2,0
2022-09-04,9,23.9,82,0.1,0
2022-09-04,10,24.6,79,0.8,20
2022-09-04,11,25.6,77,0.7,20
2022-09-04,12,26.5,75,1,360
2022-09-04,13,27.6,73,0.8,340
2022-09-04,14,28.1,74,0.6,200
2022-09-04,15,28.4,71,1.2,70
2022-09-04,16,27.5,79,1.4,360
2022-09-04,17,27.5,78,1.3,20
2022-09-04,18,26.6,84,0.9,360
2022-09-04,19,25.5,91,0.6,340
2022-09-04,20,24.6,97,0.3,0
2022-09-04,21,24.1,99,0.3,0
2022-09-04,22,23.8,100,0.1,0
2022-09-04,23,23.6,100,0.1,0
2022-09-05,0,23.4,100,0,0
2022-09-05,1,23.1,100,0.3,0
2022-09-05,2,22.9,100,0,0
2022-09-05,3,22.7,100,0.2,0
2022-09-05,4,22.7,100,0,0
2022-09-05,5,22.8,100,0.1,0
2022-09-05,6,22.8,100,0,0
2022-09-05,7,22.7,100,0.2,0
2022-09-05,8,23.2,100,0.3,0
2022-09-05,9,24.4,97,0.2,0
2022-09-05,10,25.2,95,0.7,360
2022-09-05,11,26.6,87,0.9,340
2022-09-05,12,28.6,72,1.4,140
2022-09-05,13,28.2,76,0.5,180
2022-09-05,14,27.6,80,0.3,0
2022-09-05,15,26.1,96,0.4,0
2022-09-05,16,25.7,98,0.4,0
2022-09-05,17,25.1,99,0.7,360
2022-09-05,18,24.5,100,0.3,0
2022-09-05,19,24.2,100,0.4,0
2022-09-05,20,24,100,0.5,20
2022-09-05,21,23.8,96,1.5,70
2022-09-05,22,23.6,91,1.6,70
2022-09-05,23,23.2,93,2.5,50
2022-09-06,0,22.7,98,2.1,50
2022-09-06,1,23.1,93,3.1,50
2022-09-06,2,22.6,91,2.8,70
2022-09-06,3,21.8,90,4.1,50
2022-09-06,4,21.1,92,3.4,50
2022-09-06,5,20,94,3.4,20
2022-09-06,6,19.2,93,3.4,20
2022-09-06,7,19,94,4.3,20
2022-09-06,8,19.4,91,2.7,290
2022-09-06,9,19.2,91,3.2,290
2022-09-06,10,20.4,88,1.1,250
2022-09-06,11,22.1,80,2.3,250
2022-09-06,12,24.6,65,4.6,290
2022-09-06,13,22.9,70,3.8,270
2022-09-06,14,23.1,69,3.3,270
2022-09-06,15,25.2,64,2.9,250
2022-09-06,16,25,63,2.2,270
2022-09-06,17,24.4,64,2.1,250
2022-09-06,18,23.4,73,0.7,230
2022-09-06,19,21.6,79,1.2,270
2022-09-06,20,18.6,97,0.9,340
2022-09-06,21,18.4,96,0.5,250
2022-09-06,22,16.9,100,0.1,0
2022-09-06,23,15.7,100,0.5,360
2022-09-07,0,15.4,100,0.2,0
2022-09-07,1,14.9,100,0.2,0
2022-09-07,2,13.8,100,0.4,0
2022-09-07,3,13.7,100,0.2,0
2022-09-07,4,14.1,100,0.2,0
2022-09-07,5,13.8,100,0.3,0
2022-09-07,6,13.5,100,0.3,0
2022-09-07,7,13.4,100,0.2,0
2022-09-07,8,14.8,100,0.4,0
2022-09-07,9,17.9,91,0.8,340
2022-09-07,10,22.4,74,1,290
2022-09-07,11,24.9,62,0.7,140
2022-09-07,12,26.3,40,2.2,340
2022-09-07,13,27.3,36,2.5,320
2022-09-07,14,27.8,36,2.7,340
2022-09-07,15,28.6,39,2.6,270
2022-09-07,16,28.1,38,1.9,320
2022-09-07,17,27.3,44,1.6,290
2022-09-07,18,23.5,67,0.9,50
2022-09-07,19,20.7,79,0.7,360
2022-09-07,20,18.4,85,1,20
2022-09-07,21,17,93,0.5,360
2022-09-07,22,15.9,96,0.4,0
2022-09-07,23,15.2,98,0.4,0
2022-09-08,0,14.6,99,0.3,0
2022-09-08,1,14,99,0.2,0
2022-09-08,2,13.8,99,0.4,0
2022-09-08,3,13.4,100,0,0
2022-09-08,4,13,100,0.4,0
2022-09-08,5,12.4,100,0.2,0
2022-09-08,6,12,100,0,0
2022-09-08,7,12.7,100,0.3,0
2022-09-08,8,15.4,92,0.3,0
2022-09-08,9,18.3,80,0.6,320
2022-09-08,10,22,68,0.4,0
2022-09-08,11,24.7,58,0.9,180
2022-09-08,12,26.5,47,0.9,290
2022-09-08,13,27.9,44,1.6,140
2022-09-08,14,28.5,40,1.8,290
2022-09-08,15,29.3,36,1.7,70
2022-09-08,16,29.1,33,2.4,90
2022-09-08,17,28.2,39,1.4,70
2022-09-08,18,24.8,61,1.1,70
2022-09-08,19,21.2,79,0.4,0
2022-09-08,20,19.3,88,0.3,0
2022-09-08,21,18,93,0.5,20
2022-09-08,22,17.6,95,0.2,0
2022-09-08,23,17,97,0.9,20
2022-09-09,0,16.7,97,0.3,0
2022-09-09,1,16.1,99,0.3,0
2022-09-09,2,15.3,99,0.4,0
2022-09-09,3,14.4,100,0.3,0
2022-09-09,4,14,100,0.4,0
2022-09-09,5,13.8,99,0.2,0
2022-09-09,6,13.4,100,0.5,340
2022-09-09,7,14.2,99,0,0
2022-09-09,8,16.3,91,0.2,0
2022-09-09,9,17.8,85,0.3,0
2022-09-09,10,22.3,71,0.5,320
2022-09-09,11,24,62,1.4,320
2022-09-09,12,25.3,56,1,320
2022-09-09,13,26.9,52,1.4,20
2022-09-09,14,28.2,44,2.4,90
2022-09-09,15,28.7,34,2.9,70
2022-09-09,16,28.5,38,2.6,70
2022-09-09,17,27.8,43,2.1,90
2022-09-09,18,25.4,51,3.1,90
2022-09-09,19,23.3,57,2.5,90
2022-09-09,20,19.8,76,1.5,70
2022-09-09,21,18.2,83,1,50
2022-09-09,22,16.9,89,0.9,50
2022-09-09,23,16.3,92,1.2,50
2022-09-10,0,16.5,93,0.3,0
2022-09-10,1,16.6,95,0.2,0
2022-09-10,2,16.3,96,0.3,0
2022-09-10,3,15.9,97,0.5,230
2022-09-10,4,15.8,99,0,0
2022-09-10,5,15.7,98,0.3,0
2022-09-10,6,16,98,0.3,0
2022-09-10,7,16.2,98,0.1,0
2022-09-10,8,17.2,94,0.2,0
2022-09-10,9,18.9,88,0.4,0
2022-09-10,10,21.6,72,0.7,360
2022-09-10,11,23.7,64,1.1,230
2022-09-10,12,23.2,63,0.9,290
2022-09-10,13,22,78,0.6,70
2022-09-10,14,25.4,54,1.4,90
2022-09-10,15,25.3,50,2.3,70
2022-09-10,16,24.4,58,1.4,200
2022-09-10,17,23.7,60,1.3,200
2022-09-10,18,22.8,65,1.3,200
2022-09-10,19,20.5,80,0.9,50
2022-09-10,20,19.4,85,0.4,0
2022-09-10,21,18.8,89,0.4,0
2022-09-10,22,18.3,92,0.5,360
2022-09-10,23,17.8,94,0.2,0
2022-09-11,0,17.4,95,0.3,0
2022-09-11,1,17.8,94,0.1,0
2022-09-11,2,18,91,0.1,0
2022-09-11,3,18.3,90,0.1,0
2022-09-11,4,18.2,93,0.4,0
2022-09-11,5,18.2,92,0.3,0
2022-09-11,6,17.9,97,0.3,0
2022-09-11,7,18.5,95,0.3,0
2022-09-11,8,19.2,90,0.5,250
2022-09-11,9,20.4,84,0.6,340
2022-09-11,10,23.5,72,0.7,70
2022-09-11,11,24.5,69,0.7,360
2022-09-11,12,25.5,67,0.6,90
2022-09-11,13,26.1,63,0.9,360
2022-09-11,14,26.3,61,1.7,90
2022-09-11,15,27.2,59,2.3,70
2022-09-11,16,26.9,61,1.5,110
2022-09-11,17,25.7,65,2,140
2022-09-11,18,25,69,0.8,140
2022-09-11,19,23.2,83,1.3,70
2022-09-11,20,22.6,84,0.2,0
2022-09-11,21,20.7,93,0.4,0
2022-09-11,22,19.7,97,0.5,360
2022-09-11,23,19,99,0.2,0
2022-09-12,0,18.6,98,0.6,70
2022-09-12,1,18.6,99,0.2,0
2022-09-12,2,18.4,99,0.4,0
2022-09-12,3,18.3,99,0.1,0
2022-09-12,4,17.9,100,0.3,0
2022-09-12,5,17.6,100,0,0
2022-09-12,6,17.5,100,0.3,0
2022-09-12,7,17.6,100,0.4,0
2022-09-12,8,19.2,95,0.3,0
2022-09-12,9,21.1,85,0.1,0
2022-09-12,10,22.3,78,0.4,0
2022-09-12,11,23.7,70,0.9,110
2022-09-12,12,24.1,67,0.4,0
2022-09-12,13,24.6,67,1.3,230
2022-09-12,14,24.8,66,0.9,250
2022-09-12,15,24.3,74,0.8,270
2022-09-12,16,24.2,75,0.3,0
2022-09-12,17,24.2,73,0.6,290
2022-09-12,18,23.5,81,0.4,0
2022-09-12,19,22.5,90,0.2,0
2022-09-12,20,21.6,95,0.3,0
2022-09-12,21,21,98,0.2,0
2022-09-12,22,20.6,98,0.6,50
2022-09-12,23,20.3,99,0,0
2022-09-13,0,19.9,100,0.1,0
2022-09-13,1,19.6,100,0.2,0
2022-09-13,2,19.4,100,0.3,0
2022-09-13,3,19.1,100,0.1,0
2022-09-13,4,19.2,100,0,0
2022-09-13,5,19.1,100,0,0
2022-09-13,6,18.6,100,0.1,0
2022-09-13,7,19.2,100,0.5,340
2022-09-13,8,20.3,97,0.3,0
2022-09-13,9,21.8,91,0,0
2022-09-13,10,23.6,77,0.5,50
2022-09-13,11,26.4,69,0.8,200
2022-09-13,12,27.4,64,1,180
2022-09-13,13,28.9,53,3,70
2022-09-13,14,29.1,53,2.9,70
2022-09-13,15,29,50,2.5,70
2022-09-13,16,28.8,51,1.6,70
2022-09-13,17,26.8,54,2.9,50
2022-09-13,18,25.6,60,1.1,70
2022-09-13,19,24.4,65,1.2,70
2022-09-13,20,23.8,60,1.5,70
2022-09-13,21,22,70,0.9,70
2022-09-13,22,20.6,75,0.4,0
2022-09-13,23,19.3,80,0.2,0
2022-09-14,0,18.7,79,0.4,0
2022-09-14,1,18.6,81,0.1,0
2022-09-14,2,18.5,81,0.4,0
2022-09-14,3,18.5,84,0,0
2022-09-14,4,19.2,81,0.1,0
2022-09-14,5,20.5,67,0.4,0
2022-09-14,6,19.1,77,0.1,0
2022-09-14,7,18.8,78,0.2,0
2022-09-14,8,21.3,68,0.1,0
2022-09-14,9,23.5,61,0.7,320
2022-09-14,10,26.4,55,2.4,90
2022-09-14,11,27.9,50,3.5,70
2022-09-14,12,29,43,3.8,110
2022-09-14,13,27.9,45,3.1,90
2022-09-14,14,27.9,44,3.3,70
2022-09-14,15,27.6,42,4,70
2022-09-14,16,26.8,47,2.1,70
2022-09-14,17,26.1,53,2.5,70
2022-09-14,18,24.6,58,2.3,70
2022-09-14,19,22.9,66,2,50
2022-09-14,20,21.7,74,1,70
2022-09-14,21,21,79,0.7,90
2022-09-14,22,19.7,85,0.5,90
2022-09-14,23,18.8,91,0,0
2022-09-15,0,18.2,94,0.5,70
2022-09-15,1,18,96,0.2,0
2022-09-15,2,17.5,97,0.4,0
2022-09-15,3,17.3,99,0.1,0
2022-09-15,4,17.2,99,0.1,0
2022-09-15,5,17,99,0.3,0
2022-09-15,6,16.6,99,0.1,0
2022-09-15,7,17.5,97,0.3,0
2022-09-15,8,20.2,83,0.4,0
2022-09-15,9,24.4,63,2.4,70
2022-09-15,10,25.7,57,1.9,110
2022-09-15,11,27.2,56,2,140
2022-09-15,12,28,55,2.1,110
2022-09-15,13,27.5,58,2.3,70
2022-09-15,14,28.1,57,2.6,70
2022-09-15,15,28,57,3.3,70
2022-09-15,16,27.9,58,3.4,70
2022-09-15,17,27,60,2.9,90
2022-09-15,18,25.3,64,1.7,160
2022-09-15,19,23.5,67,2.3,90
2022-09-15,20,21.9,72,1.1,70
2022-09-15,21,21,77,0.2,0
2022-09-15,22,19.8,84,0.4,0
2022-09-15,23,18.7,91,0.7,20
2022-09-16,0,18.1,93,0.3,0
2022-09-16,1,17.9,95,0.4,0
2022-09-16,2,18.7,90,0.3,0
2022-09-16,3,19.4,87,0.5,90
2022-09-16,4,19.6,86,0.6,50
2022-09-16,5,19.8,87,0.4,0
2022-09-16,6,19.9,85,0.6,20
2022-09-16,7,20.3,85,0.5,50
2022-09-16,8,21.1,83,0.7,360
2022-09-16,9,22.4,80,0.3,0
2022-09-16,10,23.1,78,0.5,320
2022-09-16,11,24.1,76,0.9,320
2022-09-16,12,24.7,75,1,360
2022-09-16,13,25.6,74,0.5,340
2022-09-16,14,28.6,66,1.6,90
2022-09-16,15,28.3,68,1.4,230
2022-09-16,16,28,71,1.1,250
2022-09-16,17,28.5,69,1.2,160
2022-09-16,18,27.1,79,0.5,250
2022-09-16,19,25.7,87,0.2,0
2022-09-16,20,24.9,91,0.2,0
2022-09-16,21,24.4,94,0.4,0
2022-09-16,22,24,95,0.3,0
2022-09-16,23,22.8,99,0.5,290
2022-09-17,0,21.9,100,0.2,0
2022-09-17,1,21.2,100,0.3,0
2022-09-17,2,20.6,100,0.1,0
2022-09-17,3,20.2,100,0.2,0
2022-09-17,4,20.4,100,0.5,50
2022-09-17,5,20.5,100,0.6,70
2022-09-17,6,20.2,100,0.6,70
2022-09-17,7,20.3,98,0.6,50
2022-09-17,8,21.2,100,0.5,360
2022-09-17,9,23.7,91,0.6,250
2022-09-17,10,26.4,78,0.6,320
2022-09-17,11,29.5,65,0.6,110
2022-09-17,12,30.9,60,1.2,270
2022-09-17,13,31.2,52,1,230
2022-09-17,14,31,54,1.4,20
2022-09-17,15,31.3,54,0.4,0
2022-09-17,16,32.1,50,1.4,180
2022-09-17,17,31.8,56,0.8,200
2022-09-17,18,29.2,64,0.9,180
2022-09-17,19,27.6,76,0.4,0
2022-09-17,20,25.3,91,0.7,200
2022-09-17,21,24.6,96,0.2,0
2022-09-17,22,24.1,99,0.7,320
2022-09-17,23,24,99,0.6,140
2022-09-18,0,23.7,99,0.1,0
2022-09-18,1,23.6,100,0.4,0
2022-09-18,2,23.5,100,0.2,0
2022-09-18,3,23.2,100,0.5,20
2022-09-18,4,23,100,0.4,0
2022-09-18,5,22.6,100,0.6,90
2022-09-18,6,22.3,100,0.3,0
2022-09-18,7,22.4,100,0,0
2022-09-18,8,23.1,98,0.6,70
2022-09-18,9,25.2,81,1.2,110
2022-09-18,10,26.8,74,1.3,20
2022-09-18,11,27.8,70,2.9,50
2022-09-18,12,29.3,65,2.6,50
2022-09-18,13,30.7,62,3.8,70
2022-09-18,14,30.1,61,4,90
2022-09-18,15,29.9,63,2.6,50
2022-09-18,16,29.5,64,3.7,70
2022-09-18,17,28.5,68,2.5,50
2022-09-18,18,27.2,69,3,50
2022-09-18,19,26.4,71,2.9,50
2022-09-18,20,26,73,2.4,70
2022-09-18,21,26.4,74,2.3,50
2022-09-18,22,26.7,73,4.6,50
2022-09-18,23,26.7,73,2.7,50
2022-09-19,0,26.5,74,2.4,50
2022-09-19,1,26.3,76,3.3,70
2022-09-19,2,26.2,72,4.4,70
2022-09-19,3,26.2,71,3.5,50
2022-09-19,4,26.2,71,4.1,20
2022-09-19,5,24.8,79,4.3,50
2022-09-19,6,23.7,89,1.7,20
2022-09-19,7,23.8,88,2.2,20
2022-09-19,8,24.2,86,2.4,50
2022-09-19,9,24.4,90,1.9,20
2022-09-19,10,26.9,70,4.8,50
2022-09-19,11,28.1,60,5.1,50
2022-09-19,12,27.5,58,6.3,50
2022-09-19,13,28,53,4.4,50
2022-09-19,14,26.3,56,4.2,360
2022-09-19,15,26.3,53,4.1,360
2022-09-19,16,25.7,53,4,360
2022-09-19,17,25.2,55,3.7,360
2022-09-19,18,22.9,56,3.7,20
2022-09-19,19,20.5,62,2.1,20
2022-09-19,20,18.8,71,1.3,20
2022-09-19,21,18.2,73,1.5,20
2022-09-19,22,16,85,0.4,0
2022-09-19,23,15.3,88,0.7,50
2022-09-20,0,14.2,94,0.3,0
2022-09-20,1,13.3,96,0.5,20
2022-09-20,2,13.7,96,0.3,0
2022-09-20,3,13.8,95,0.7,340
2022-09-20,4,14.2,92,0.1,0
2022-09-20,5,13.5,96,0.4,0
2022-09-20,6,13.2,98,0.3,0
2022-09-20,7,13.5,97,0.7,20
2022-09-20,8,15.2,88,0.4,0
2022-09-20,9,19.7,60,0.7,20
2022-09-20,10,20.6,52,2.2,70
2022-09-20,11,20.3,50,2.6,70
2022-09-20,12,21,50,2.8,70
2022-09-20,13,21.1,50,2.9,70
2022-09-20,14,22,45,3.1,70
2022-09-20,15,21.3,53,3.5,90
2022-09-20,16,21,53,2.2,70
2022-09-20,17,20.8,54,1.1,90
2022-09-20,18,19.5,60,1.5,110
2022-09-20,19,18.1,72,0.4,0
2022-09-20,20,17.6,66,0.9,110
2022-09-20,21,16.4,72,0.7,140
2022-09-20,22,13.6,89,0.3,0
2022-09-20,23,12.5,93,0.9,20
2022-09-21,0,11.7,96,0.3,0
2022-09-21,1,11.1,98,0.3,0
2022-09-21,2,10.7,98,0.8,50
2022-09-21,3,10.3,99,0.2,0
2022-09-21,4,9.6,99,0.3,0
2022-09-21,5,9.2,99,0.4,0
2022-09-21,6,8.9,99,0.3,0
2022-09-21,7,9.7,100,0.1,0
2022-09-21,8,12.1,91,0.8,340
2022-09-21,9,15.3,78,0.6,20
2022-09-21,10,19.2,65,0.9,160
2022-09-21,11,21,58,1.5,230
2022-09-21,12,21.4,46,1.5,140
2022-09-21,13,23,44,1.8,70
2022-09-21,14,23.8,40,2.2,110
2022-09-21,15,23.8,36,2.5,90
2022-09-21,16,23.7,36,2.6,90
2022-09-21,17,22.3,40,2.9,90
2022-09-21,18,20.5,45,2.5,90
2022-09-21,19,17.2,59,0.4,0
2022-09-21,20,14.3,76,0.6,340
2022-09-21,21,12.2,85,0.6,360
2022-09-21,22,11.4,90,0.3,0
2022-09-21,23,10.8,93,0.2,0
2022-09-22,0,10.1,96,0.2,0
2022-09-22,1,9.5,97,0.2,0
2022-09-22,2,9,98,0.1,0
2022-09-22,3,9.3,98,0.2,0
2022-09-22,4,9.4,97,0.2,0
2022-09-22,5,9.3,97,0.5,290
2022-09-22,6,8.6,99,0.3,0
2022-09-22,7,9,98,0.6,340
2022-09-22,8,10.9,92,0.2,0
2022-09-22,9,14.5,80,0.2,0
2022-09-22,10,18.3,68,0.7,290
2022-09-22,11,21.1,57,0.8,160
2022-09-22,12,22.3,54,1.8,230
2022-09-22,13,23.6,48,1.4,160
2022-09-22,14,24.3,49,1.8,360
2022-09-22,15,23.2,50,1.4,340
2022-09-22,16,23.8,50,0.4,0
2022-09-22,17,23.4,53,1.2,320
2022-09-22,18,22,61,0.9,340
2022-09-22,19,20.1,73,0.7,360
2022-09-22,20,18.5,82,0.5,20
2022-09-22,21,17.4,84,0.4,0
2022-09-22,22,16.4,89,0.4,0
2022-09-22,23,16.2,89,0.3,0
2022-09-23,0,16.3,90,0.1,0
2022-09-23,1,15.8,93,0.5,320
2022-09-23,2,15.4,96,0.5,320
2022-09-23,3,15,97,0.3,0
2022-09-23,4,14.4,98,0.2,0
2022-09-23,5,13.7,99,0.5,320
2022-09-23,6,13,99,0.4,0
2022-09-23,7,13.2,100,0.5,340
2022-09-23,8,14.7,98,0.3,0
2022-09-23,9,17.4,89,0.9,250
2022-09-23,10,19.9,75,0.9,230
2022-09-23,11,22.8,65,1.5,230
2022-09-23,12,23.8,56,3,270
2022-09-23,13,25.9,46,2.4,250
2022-09-23,14,26.9,38,3.4,270
2022-09-23,15,25.5,46,2.3,290
2022-09-23,16,25,52,4,290
2022-09-23,17,24,53,3.6,270
2022-09-23,18,20.7,57,1.6,290
2022-09-23,19,19.5,54,1.5,270
2022-09-23,20,18,55,2.7,270
2022-09-23,21,16.8,55,2.5,270
2022-09-23,22,13.7,73,0.8,360
2022-09-23,23,11.8,84,0.6,360
2022-09-24,0,10.8,90,0.6,50
2022-09-24,1,10,92,0.4,0
2022-09-24,2,9.2,96,0.2,0
2022-09-24,3,8.6,97,0,0
2022-09-24,4,8.2,98,0.3,0
2022-09-24,5,8.3,98,0.2,0
2022-09-24,6,8,98,0.2,0
2022-09-24,7,8.8,99,0.1,0
2022-09-24,8,11.4,88,0.2,0
2022-09-24,9,16.1,68,0.4,0
2022-09-24,10,17.9,56,0.9,160
2022-09-24,11,19.9,50,1.3,160
2022-09-24,12,21.8,43,1.7,250
2022-09-24,13,23.1,37,2.5,320
2022-09-24,14,23.8,34,2.5,290
2022-09-24,15,24.8,32,1.9,320
2022-09-24,16,23.8,33,2.9,320
2022-09-24,17,22.3,40,1.9,320
2022-09-24,18,20.5,51,1,320
2022-09-24,19,17.3,69,0.9,50
2022-09-24,20,16.1,72,0.6,50
2022-09-24,21,15.2,79,0.3,0
2022-09-24,22,14.4,80,0.4,0
2022-09-24,23,13.8,85,0.2,0
2022-09-25,0,12.8,89,0.4,0
2022-09-25,1,12.7,89,0.5,360
2022-09-25,2,12.7,90,0.2,0
2022-09-25,3,12.3,93,0.3,0
2022-09-25,4,12.5,91,0.3,0
2022-09-25,5,12.5,92,0.5,320
2022-09-25,6,12.5,92,0.6,290
2022-09-25,7,12.4,93,0.5,270
2022-09-25,8,14.2,84,1.3,250
2022-09-25,9,15.9,76,0.6,270
2022-09-25,10,17.5,67,0.6,110
2022-09-25,11,19,64,0.5,360
2022-09-25,12,20.7,59,0.4,0
2022-09-25,13,21.3,59,0.9,200
2022-09-25,14,21.7,57,0.5,320
2022-09-25,15,22.2,54,0.6,110
2022-09-25,16,22,55,0.4,0
2022-09-25,17,21.7,58,0.4,0
2022-09-25,18,19.8,75,0.7,340
2022-09-25,19,17.9,83,0.4,0
2022-09-25,20,16.8,87,0.2,0
2022-09-25,21,15.8,92,0.2,0
2022-09-25,22,15,95,0.3,0
2022-09-25,23,14.6,96,0.4,0
2022-09-26,0,14,98,0.5,360
2022-09-26,1,13.7,98,0.4,0
2022-09-26,2,13.4,99,0.2,0
2022-09-26,3,13.4,98,0.1,0
2022-09-26,4,13,99,0.3,0
2022-09-26,5,12.9,99,0.5,320
2022-09-26,6,13,99,0.4,0
2022-09-26,7,13.2,99,0.2,0
2022-09-26,8,14.2,94,0.4,0
2022-09-26,9,15.6,89,0.2,0
2022-09-26,10,17.5,80,0.5,110
2022-09-26,11,18.2,79,1,160
2022-09-26,12,19.4,74,0.9,250
2022-09-26,13,20,70,0.6,340
2022-09-26,14,20.7,65,0.5,340
2022-09-26,15,21.5,65,0.2,0
2022-09-26,16,21.2,68,0.9,200
2022-09-26,17,20.9,70,0.8,200
2022-09-26,18,19.8,75,0.8,180
2022-09-26,19,17.2,93,0.5,20
2022-09-26,20,15.9,97,0.4,0
2022-09-26,21,15.2,99,0.4,0
2022-09-26,22,14.5,99,0.3,0
2022-09-26,23,14.4,99,0.1,0
2022-09-27,0,14,99,1,360
2022-09-27,1,14,100,0,0
2022-09-27,2,13.1,100,0.4,0
2022-09-27,3,12.7,100,0.2,0
2022-09-27,4,12.7,100,0.3,0
2022-09-27,5,12.8,100,0.3,0
2022-09-27,6,12.8,100,0.4,0
2022-09-27,7,12.9,100,0.2,0
2022-09-27,8,13.3,100,0.5,360
2022-09-27,9,14,100,0.4,0
2022-09-27,10,16.8,92,0.4,0
2022-09-27,11,21.4,71,1,290
2022-09-27,12,25.1,56,1.2,290
2022-09-27,13,25.1,52,0.7,340
2022-09-27,14,26.6,43,1.1,70
2022-09-27,15,27,40,1.3,160
2022-09-27,16,27,40,1.4,110
2022-09-27,17,26.2,45,2.4,90
2022-09-27,18,23.5,56,1.2,70
2022-09-27,19,19.1,74,0.3,0
2022-09-27,20,16.7,84,0.3,0
2022-09-27,21,15.4,89,0.6,20
2022-09-27,22,14,93,0.7,360
2022-09-27,23,13,92,0.8,20
2022-09-28,0,12.2,94,0.7,20
2022-09-28,1,11.6,94,0.6,50
2022-09-28,2,11.3,95,0.1,0
2022-09-28,3,10.7,98,0.1,0
2022-09-28,4,10,99,0.2,0
2022-09-28,5,10,99,0.2,0
2022-09-28,6,10.1,99,0.2,0
2022-09-28,7,10.4,98,0.4,0
2022-09-28,8,12,93,0,0
2022-09-28,9,14.8,84,0.5,290
2022-09-28,10,17.9,73,0.7,320
2022-09-28,11,21,65,1,340
2022-09-28,12,23.5,56,1,230
2022-09-28,13,23.2,58,1.4,290
2022-09-28,14,24.5,47,0.9,90
2022-09-28,15,23.5,53,1.8,230
2022-09-28,16,24.1,54,0.6,250
2022-09-28,17,24.1,52,1,250
2022-09-28,18,20.8,70,0.7,320
2022-09-28,19,18.2,83,0.4,0
2022-09-28,20,16.7,90,0.4,0
2022-09-28,21,15.4,95,0.3,0
2022-09-28,22,14.2,98,0.1,0
2022-09-28,23,13.3,99,0.1,0
2022-09-29,0,12.8,99,0,0
2022-09-29,1,11.9,99,0.4,0
2022-09-29,2,11.5,100,0.2,0
2022-09-29,3,10.9,100,0.2,0
2022-09-29,4,10.3,100,0.2,0
2022-09-29,5,10,100,0,0
2022-09-29,6,10.2,100,0,0
2022-09-29,7,10.2,100,0.7,320
2022-09-29,8,11.3,100,0.1,0
2022-09-29,9,14.8,89,0.4,0
2022-09-29,10,19,78,0.5,320
2022-09-29,11,21.7,69,0.9,50
2022-09-29,12,24,61,1.2,230
2022-09-29,13,24.9,53,1.2,180
2022-09-29,14,26.5,48,1.1,250
2022-09-29,15,27.3,44,1.2,200
2022-09-29,16,27.5,41,1.2,250
2022-09-29,17,27,41,1.2,250
2022-09-29,18,21.8,68,0.8,20
2022-09-29,19,18.9,78,1,50
2022-09-29,20,17.2,82,0.4,0
2022-09-29,21,15.8,91,0.3,0
2022-09-29,22,14.6,96,0.3,0
2022-09-29,23,13.9,98,0.2,0
2022-09-30,0,13.1,99,0.3,0
2022-09-30,1,12.3,99,0.2,0
2022-09-30,2,12,99,0.2,0
2022-09-30,3,11.4,100,0.1,0
2022-09-30,4,10.7,99,0.4,0
2022-09-30,5,10.4,99,0.1,0
2022-09-30,6,9.8,100,0.2,0
2022-09-30,7,10,100,0,0
2022-09-30,8,12.8,94,0.1,0
2022-09-30,9,16.5,81,0.5,200
2022-09-30,10,19.4,74,0.8,320
2022-09-30,11,22.9,64,1,270
2022-09-30,12,25.2,53,1.5,290
2022-09-30,13,27.1,46,0.9,200
2022-09-30,14,27.6,37,1.5,250
2022-09-30,15,28.8,33,1.7,270
2022-09-30,16,28.5,26,1.6,290
2022-09-30,17,27.7,25,1,340
2022-09-30,18,20.9,50,1.4,50
2022-09-30,19,17.4,65,0.8,20
2022-09-30,20,15.4,75,0.1,0
2022-09-30,21,14,79,0.3,0
2022-09-30,22,12.7,85,0,0
2022-09-30,23,11.9,88,0,0
2023-06-01,0,13.3,82,0.7,360
2023-06-01,1,12.6,86,0.7,360
2023-06-01,2,12.2,86,0.1,0
2023-06-01,3,12.4,82,0.2,0
2023-06-01,4,12.1,85,0.7,20
2023-06-01,5,11.7,91,0.4,0
2023-06-01,6,11.8,90,0.2,0
2023-06-01,7,13.7,80,0.5,290
2023-06-01,8,14.8,77,0.2,0
2023-06-01,9,17.4,62,1,270
2023-06-01,10,19.3,56,0.7,320
2023-06-01,11,21.2,47,0.7,20
2023-06-01,12,21.5,50,0.8,160
2023-06-01,13,22.2,54,1.1,230
2023-06-01,14,21.9,61,1,200
2023-06-01,15,24,52,1.6,250
2023-06-01,16,24,53,1.2,230
2023-06-01,17,23.9,58,1.1,180
2023-06-01,18,23,62,1.6,180
2023-06-01,19,21.6,70,0.7,230
2023-06-01,20,20.3,76,0.8,230
2023-06-01,21,18.7,87,0.4,0
2023-06-01,22,17.9,93,0,0
2023-06-01,23,18.1,90,0.3,0
2023-06-02,0,18,94,0.4,0
2023-06-02,1,18,99,0.4,0
2023-06-02,2,18,100,0.2,0
2023-06-02,3,17.8,100,0.5,160
2023-06-02,4,17.8,100,0.2,0
2023-06-02,5,17.8,100,0.6,160
2023-06-02,6,17.9,100,0.8,160
2023-06-02,7,18.5,97,0,0
2023-06-02,8,19.9,90,0.7,250
2023-06-02,9,22.5,81,1,160
2023-06-02,10,24.4,70,1.2,250
2023-06-02,11,25.5,62,0.9,250
2023-06-02,12,27.8,55,2.3,270
2023-06-02,13,29.1,43,3.3,270
2023-06-02,14,29.4,38,3,320
2023-06-02,15,29,38,3.8,290
2023-06-02,16,28.8,35,3.6,290
2023-06-02,17,28.3,39,2.4,290
2023-06-02,18,27.2,42,2.5,290
2023-06-02,19,25.5,49,2,290
2023-06-02,20,23.3,59,1.5,340
2023-06-02,21,20.1,75,1.3,70
2023-06-02,22,18.6,81,1.1,50
2023-06-02,23,17.5,88,0.5,360
2023-06-03,0,16.5,92,0.4,0
2023-06-03,1,16,95,0,0
2023-06-03,2,15.8,96,0.4,0
2023-06-03,3,15.3,98,0,0
2023-06-03,4,14.6,99,0.2,0
2023-06-03,5,14.2,100,0,0
2023-06-03,6,14,100,0.5,360
2023-06-03,7,16.2,92,0.1,0
2023-06-03,8,19.1,81,0.8,340
2023-06-03,9,21.6,72,1.4,160
2023-06-03,10,23.2,64,1.3,230
2023-06-03,11,25.4,59,1.8,230
2023-06-03,12,25.9,49,3.7,270
2023-06-03,13,27.1,44,3.4,290
2023-06-03,14,28.1,31,3.3,320
2023-06-03,15,28.9,29,3.2,290
2023-06-03,16,28.2,28,3.2,340
2023-06-03,17,28,31,3,320
2023-06-03,18,26.9,35,3.2,290
2023-06-03,19,25.2,35,2.3,290
2023-06-03,20,23.3,38,0.9,290
2023-06-03,21,19.6,55,1.3,90
2023-06-03,22,17.2,60,1.1,90
2023-06-03,23,16.6,66,0.7,50
2023-06-04,0,15.7,74,0.2,0
2023-06-04,1,14.8,76,0.2,0
2023-06-04,2,13.8,81,0.5,360
2023-06-04,3,13.1,83,0.4,0
2023-06-04,4,12.2,85,0.3,0
2023-06-04,5,11.7,89,0.3,0
2023-06-04,6,12.3,86,0.4,0
2023-06-04,7,15.1,76,0.1,0
2023-06-04,8,18.8,64,0.2,0
2023-06-04,9,22.4,49,1.9,250
2023-06-04,10,24.4,45,2.1,230
2023-06-04,11,26,38,2.3,320
2023-06-04,12,27.5,33,3.5,290
2023-06-04,13,28.7,32,2.1,270
2023-06-04,14,29.3,31,2.5,290
2023-06-04,15,29,26,4,320
2023-06-04,16,28.9,30,3.7,320
2023-06-04,17,28.6,27,3.4,290
2023-06-04,18,27.9,30,1.8,320
2023-06-04,19,25.6,42,0.8,320
2023-06-04,20,21.4,59,0.7,360
2023-06-04,21,20.1,60,0.9,50
2023-06-04,22,18.3,69,0.6,20
2023-06-04,23,17.8,72,0.3,0
2023-06-05,0,16.8,76,0.3,0
2023-06-05,1,16.4,78,0.4,0
2023-06-05,2,15.6,82,0.5,360
2023-06-05,3,15.1,84,0.3,0
2023-06-05,4,14.1,88,0.1,0
2023-06-05,5,13.2,92,0.3,0
2023-06-05,6,13.3,91,0.2,0
2023-06-05,7,16.9,76,0,0
2023-06-05,8,20,67,0.3,0
2023-06-05,9,22.6,55,0.8,180
2023-06-05,10,24.6,46,1.4,270
2023-06-05,11,25.6,45,2.3,250
2023-06-05,12,27.3,42,3.6,250
2023-06-05,13,27.9,41,3.3,270
2023-06-05,14,28,42,3.5,250
2023-06-05,15,28.1,43,3.7,250
2023-06-05,16,27.7,45,3.7,270
2023-06-05,17,27.5,44,3.4,270
2023-06-05,18,26.3,48,3.1,270
2023-06-05,19,25.4,49,2.1,270
2023-06-05,20,22.3,64,0.3,0
2023-06-05,21,19.7,75,0.6,20
2023-06-05,22,18.8,79,0.7,20
2023-06-05,23,17.7,83,0.4,0
2023-06-06,0,17.3,84,0.5,360
2023-06-06,1,16.5,88,0.4,0
2023-06-06,2,15.7,92,0.7,360
2023-06-06,3,15.1,95,0.4,0
2023-06-06,4,14.8,96,0.3,0
2023-06-06,5,14.2,97,0.4,0
2023-06-06,6,14.1,97,0.2,0
2023-06-06,7,15.1,93,0.1,0
2023-06-06,8,18.3,81,0.3,0
2023-06-06,9,20.5,68,0.8,180
2023-06-06,10,22.2,59,1.1,160
2023-06-06,11,24.7,53,1.4,200
2023-06-06,12,25.8,47,1.8,230
2023-06-06,13,27,46,2.1,230
2023-06-06,14,27.7,44,2.3,230
2023-06-06,15,28.2,42,1.8,230
2023-06-06,16,28.8,39,2.9,270
2023-06-06,17,28.7,40,2.6,270
2023-06-06,18,28.2,42,2.3,270
2023-06-06,19,26.3,46,2.4,320
2023-06-06,20,23.8,54,1,290
2023-06-06,21,20.4,72,0.8,20
2023-06-06,22,18.7,78,0.7,20
2023-06-06,23,18,81,0.3,0
2023-06-07,0,17.3,84,0.9,50
2023-06-07,1,16,90,0.5,20
2023-06-07,2,15.3,93,0.6,20
2023-06-07,3,14.6,97,0.4,0
2023-06-07,4,14.3,98,0.2,0
2023-06-07,5,14,98,0.4,0
2023-06-07,6,14.2,98,0.2,0
2023-06-07,7,16.5,90,0.1,0
2023-06-07,8,19.3,74,0.6,250
2023-06-07,9,20.8,67,0.4,0
2023-06-07,10,22.6,60,2.4,320
2023-06-07,11,24.1,58,1.8,250
2023-06-07,12,25,55,2.7,250
2023-06-07,13,25,55,1.3,250
2023-06-07,14,26.5,54,2.4,250
2023-06-07,15,26.6,56,1.9,250
2023-06-07,16,27.1,55,1.7,230
2023-06-07,17,27,56,1.6,250
2023-06-07,18,26.6,57,1.1,230
2023-06-07,19,26.4,60,1.2,270
2023-06-07,20,23.5,77,0.6,360
2023-06-07,21,21.9,82,0.9,50
2023-06-07,22,20.8,86,0.6,50
2023-06-07,23,20,91,0.3,0
2023-06-08,0,19.2,94,0.5,360
2023-06-08,1,19.1,94,0.4,0
2023-06-08,2,18.8,96,0.4,0
2023-06-08,3,18.6,97,0.1,0
2023-06-08,4,18,98,0.5,360
2023-06-08,5,17.8,99,0.3,0
2023-06-08,6,17.7,99,0,0
2023-06-08,7,18.5,95,0.3,0
2023-06-08,8,20,87,0.3,0
2023-06-08,9,22.9,68,0.7,250
2023-06-08,10,24.7,59,0.9,180
2023-06-08,11,26.6,49,0.9,160
2023-06-08,12,27.2,47,1.9,290
2023-06-08,13,29.8,34,2.7,250
2023-06-08,14,29.5,29,3.6,230
2023-06-08,15,30.7,33,3,250
2023-06-08,16,30.2,36,2.6,200
2023-06-08,17,28.3,36,2.7,250
2023-06-08,18,26.8,44,1.4,200
2023-06-08,19,24.4,59,0.8,200
2023-06-08,20,20.6,80,0.9,20
2023-06-08,21,19.1,92,0.5,20
2023-06-08,22,18.3,92,0.4,0
2023-06-08,23,17.4,95,0.1,0
2023-06-09,0,16.8,96,0.3,0
2023-06-09,1,16.3,97,0.6,360
2023-06-09,2,16.2,97,0.3,0
2023-06-09,3,15.6,99,0.3,0
2023-06-09,4,16.9,95,1,110
2023-06-09,5,16.7,94,0.1,0
2023-06-09,6,16.4,96,0.2,0
2023-06-09,7,17.7,90,0.7,360
2023-06-09,8,21.4,75,0.3,0
2023-06-09,9,22.9,68,1.3,270
2023-06-09,10,25,57,2.5,270
2023-06-09,11,25.3,53,2,270
2023-06-09,12,27.8,43,3.2,250
2023-06-09,13,27.8,39,2.4,340
2023-06-09,14,29.2,32,3,270
2023-06-09,15,29.3,30,2.5,320
2023-06-09,16,29.7,28,2.1,320
2023-06-09,17,28.9,27,1.2,290
2023-06-09,18,28.6,28,1.3,290
2023-06-09,19,26,45,0.9,320
2023-06-09,20,22.1,55,1.5,50
2023-06-09,21,19.7,66,0.5,360
2023-06-09,22,17.8,72,0.3,0
2023-06-09,23,16.5,76,0.6,360
2023-06-10,0,16.1,78,0.2,0
2023-06-10,1,15.5,81,0.5,360
2023-06-10,2,15.3,81,0.9,50
2023-06-10,3,14.7,86,0.3,0
2023-06-10,4,14.6,87,0.6,360
2023-06-10,5,14.1,90,0.3,0
2023-06-10,6,14.4,90,0.8,340
2023-06-10,7,16.6,80,0.8,250
2023-06-10,8,19.5,71,0.6,360
2023-06-10,9,21.9,68,1.1,230
2023-06-10,10,23,64,0.5,20
2023-06-10,11,26.2,53,0.8,230
2023-06-10,12,27.3,48,1.1,290
2023-06-10,13,29,43,1.4,180
2023-06-10,14,30.5,32,1.1,70
2023-06-10,15,31.6,31,2.1,320
2023-06-10,16,31.8,34,1.6,160
2023-06-10,17,29.4,44,1.9,180
2023-06-10,18,20.6,82,3.4,270
2023-06-10,19,19.2,94,1.9,160
2023-06-10,20,19.7,93,0.3,0
2023-06-10,21,18.8,99,0.4,0
2023-06-10,22,18,100,0.5,340
2023-06-10,23,17.5,100,0.7,360
2023-06-11,0,17.7,100,0.1,0
2023-06-11,1,17.7,100,1.2,20
2023-06-11,2,17.7,100,0.6,70
2023-06-11,3,17.3,100,0.4,0
2023-06-11,4,17.1,100,0.7,90
2023-06-11,5,17.1,100,0.6,70
2023-06-11,6,17.8,99,0.5,110
2023-06-11,7,18.3,100,0.2,0
2023-06-11,8,19.2,98,1,50
2023-06-11,9,20.8,85,0.5,340
2023-06-11,10,23.4,77,1.3,320
2023-06-11,11,25.5,65,1.3,230
2023-06-11,12,26.4,60,1,270
2023-06-11,13,27.5,57,1.8,320
2023-06-11,14,29,53,1.5,200
2023-06-11,15,29.1,51,1.6,230
2023-06-11,16,28.6,54,1.8,230
2023-06-11,17,28.6,53,1.4,230
2023-06-11,18,26.7,65,1.1,250
2023-06-11,19,19.3,94,3.2,340
2023-06-11,20,19.7,99,1.1,290
2023-06-11,21,19.8,98,1.2,90
2023-06-11,22,19.4,100,0.3,0
2023-06-11,23,19.1,100,0.4,0
2023-06-12,0,18.6,100,0.8,90
2023-06-12,1,18.4,100,0.3,0
2023-06-12,2,18.5,100,0.7,90
2023-06-12,3,18.2,100,1.2,110
2023-06-12,4,18.4,100,0.4,0
2023-06-12,5,18.7,100,0.2,0
2023-06-12,6,18.5,100,0.6,50
2023-06-12,7,18.7,100,0.2,0
2023-06-12,8,19.2,100,0.6,290
2023-06-12,9,20.2,90,1,290
2023-06-12,10,21.7,80,0.9,360
2023-06-12,11,24.5,72,1.1,160
2023-06-12,12,24.9,64,0.6,50
2023-06-12,13,26.2,61,1.5,360
2023-06-12,14,27.5,53,1.6,320
2023-06-12,15,27.8,53,1.2,340
2023-06-12,16,29.2,46,1.4,270
2023-06-12,17,29,42,0.9,340
2023-06-12,18,26.9,60,2,160
2023-06-12,19,25.4,68,1.2,200
2023-06-12,20,23.9,73,1.2,160
2023-06-12,21,22.7,76,1.4,200
2023-06-12,22,22.6,76,1.1,270
2023-06-12,23,21.5,82,0.7,70
2023-06-13,0,20.5,88,1,270
2023-06-13,1,19.2,97,0.5,340
2023-06-13,2,18.6,98,0.4,0
2023-06-13,3,17.9,99,0.8,50
2023-06-13,4,17.5,100,0.2,0
2023-06-13,5,17,100,0.6,20
2023-06-13,6,16.7,100,0.6,340
2023-06-13,7,17.9,98,0.6,360
2023-06-13,8,18.6,97,0.6,340
2023-06-13,9,21.5,79,0.4,0
2023-06-13,10,23.2,73,0.9,20
2023-06-13,11,25.1,65,1.4,230
2023-06-13,12,26.1,60,1.9,160
2023-06-13,13,26.5,55,1.1,290
2023-06-13,14,28.2,45,1.7,230
2023-06-13,15,28.5,44,1.1,270
2023-06-13,16,29.1,39,2.2,200
2023-06-13,17,29.1,38,2,250
2023-06-13,18,28.3,42,1.7,290
2023-06-13,19,25.2,61,1.2,340
2023-06-13,20,23.4,68,0.5,50
2023-06-13,21,23.2,65,1.2,140
2023-06-13,22,21.8,73,0.6,110
2023-06-13,23,19.9,83,0.3,0
2023-06-14,0,18.4,90,0.8,50
2023-06-14,1,17.4,95,0.6,20
2023-06-14,2,16.6,99,0.5,20
2023-06-14,3,15.9,100,0.2,0
2023-06-14,4,15.5,100,0.3,0
2023-06-14,5,15.3,100,0.5,360
2023-06-14,6,15.1,100,0,0
2023-06-14,7,16.9,93,0.2,0
2023-06-14,8,18.7,87,0.7,270
2023-06-14,9,21.5,81,1.3,270
2023-06-14,10,23.3,67,1,290
2023-06-14,11,24.8,57,1.2,250
2023-06-14,12,26.4,51,0.6,340
2023-06-14,13,27.9,41,1.3,230
2023-06-14,14,28.8,43,2.2,250
2023-06-14,15,27.4,42,1.9,250
2023-06-14,16,26.7,51,2.1,320
2023-06-14,17,26.8,54,1.8,320
2023-06-14,18,22.3,65,2.9,160
2023-06-14,19,17.7,90,2.8,90
2023-06-14,20,17,96,0.8,200
2023-06-14,21,17.3,97,0.5,20
2023-06-14,22,16.9,96,0.7,360
2023-06-14,23,16.7,99,0.4,0
2023-06-15,0,16.3,99,0.2,0
2023-06-15,1,15.8,100,0.3,0
2023-06-15,2,15.2,100,0.1,0
2023-06-15,3,15.3,100,0.7,90
2023-06-15,4,15.6,98,0.4,0
2023-06-15,5,15.4,98,0.3,0
2023-06-15,6,15.4,96,0.9,90
2023-06-15,7,15.8,96,0.7,50
2023-06-15,8,16.9,91,0.6,360
2023-06-15,9,18.8,81,0.4,0
2023-06-15,10,19.7,77,0.8,320
2023-06-15,11,21.6,73,1.1,290
2023-06-15,12,23.3,71,1.2,50
2023-06-15,13,24.8,61,1,230
2023-06-15,14,25.8,56,1,70
2023-06-15,15,25.8,54,1.4,320
2023-06-15,16,22.5,76,1.1,20
2023-06-15,17,21,73,4.5,50
2023-06-15,18,20.5,77,0.3,0
2023-06-15,19,20.6,84,1,320
2023-06-15,20,18.6,97,0.8,70
2023-06-15,21,17.8,99,1.1,70
2023-06-15,22,17.2,100,0.5,70
2023-06-15,23,16.7,100,0.6,20
2023-06-16,0,15.9,100,0.2,0
2023-06-16,1,15.5,100,0.6,360
2023-06-16,2,15.2,100,0.4,0
2023-06-16,3,14.8,100,0.1,0
2023-06-16,4,14.8,100,0.6,360
2023-06-16,5,14.8,100,0.4,0
2023-06-16,6,14.5,100,0.2,0
2023-06-16,7,14.8,100,0.3,0
2023-06-16,8,16.2,100,0.3,0
2023-06-16,9,19.9,90,0.6,20
2023-06-16,10,24.5,66,1.2,180
2023-06-16,11,26.1,54,1.7,230
2023-06-16,12,26.6,54,1.3,290
2023-06-16,13,28.5,51,1.6,290
2023-06-16,14,29.1,50,0.9,20
2023-06-16,15,30.5,47,2.4,290
2023-06-16,16,31,46,1.9,270
2023-06-16,17,30.3,44,1.8,320
2023-06-16,18,30.5,45,1.9,270
2023-06-16,19,27.8,63,0.8,320
2023-06-16,20,24,77,0.7,20
2023-06-16,21,21.8,86,1,70
2023-06-16,22,20.9,93,0.5,340
2023-06-16,23,19.9,97,0.5,360
2023-06-17,0,18.9,99,0.7,360
2023-06-17,1,18.2,100,0.5,360
2023-06-17,2,17.7,100,0.2,0
2023-06-17,3,16.9,100,0.2,0
2023-06-17,4,16.4,100,0.5,340
2023-06-17,5,16,100,0.1,0
2023-06-17,6,15.7,100,0.3,0
2023-06-17,7,18.2,96,0.3,0
2023-06-17,8,20.8,83,0.6,50
2023-06-17,9,24.9,64,1.4,180
2023-06-17,10,27.1,48,1.3,230
2023-06-17,11,29.2,42,1.9,250
2023-06-17,12,30.1,44,1.1,200
2023-06-17,13,31.9,38,2.3,230
2023-06-17,14,31.8,38,1.9,230
2023-06-17,15,33.2,36,2.1,270
2023-06-17,16,32.9,36,2.2,270
2023-06-17,17,32.5,38,2,290
2023-06-17,18,30.9,46,0.8,290
2023-06-17,19,27.1,69,0.6,360
2023-06-17,20,24.7,75,1,50
2023-06-17,21,23.3,79,0.5,20
2023-06-17,22,22.2,86,0.5,360
2023-06-17,23,21.3,89,0.4,0
2023-06-18,0,20.6,91,0.2,0
2023-06-18,1,20,94,0.6,360
2023-06-18,2,19.6,96,0.2,0
2023-06-18,3,19.3,97,0.2,0
2023-06-18,4,19,99,0.3,0
2023-06-18,5,18.5,99,0.5,360
2023-06-18,6,18.5,97,0.5,20
2023-06-18,7,19.5,88,0.4,0
2023-06-18,8,21.7,81,0.7,360
2023-06-18,9,24.4,60,0.9,230
2023-06-18,10,26,52,0.8,200
2023-06-18,11,26.8,50,1.2,230
2023-06-18,12,28.6,47,1.3,360
2023-06-18,13,30.1,46,1.4,290
2023-06-18,14,31.5,45,1.7,270
2023-06-18,15,32.9,42,1.8,70
2023-06-18,16,33.1,43,2,340
2023-06-18,17,33,40,0.6,160
2023-06-18,18,32.2,43,2.4,110
2023-06-18,19,30.4,47,1.9,110
2023-06-18,20,25.8,69,0.9,360
2023-06-18,21,23.1,77,0.4,0
2023-06-18,22,21.4,85,0.3,0
2023-06-18,23,20.4,83,1,50
2023-06-19,0,19.4,91,0.5,20
2023-06-19,1,19,90,0.1,0
2023-06-19,2,18.1,94,0.3,0
2023-06-19,3,17.6,97,0.4,0
2023-06-19,4,17,97,0.4,0
2023-06-19,5,16.8,98,0,0
2023-06-19,6,16.7,98,0.5,20
2023-06-19,7,18.8,86,0.3,0
2023-06-19,8,21.8,75,0.7,290
2023-06-19,9,24.8,64,1,290
2023-06-19,10,27,53,1.3,290
2023-06-19,11,28.2,52,1.2,320
2023-06-19,12,30,47,1.7,230
2023-06-19,13,31.6,44,2,160
2023-06-19,14,32,36,2.6,160
2023-06-19,15,31.4,37,2.4,160
2023-06-19,16,30.5,36,3.1,90
2023-06-19,17,29.2,38,2.9,90
2023-06-19,18,28.3,43,2.1,140
2023-06-19,19,25.6,52,1.7,160
2023-06-19,20,24.4,58,1.7,110
2023-06-19,21,22,71,1.6,50
2023-06-19,22,20.9,78,0.6,20
2023-06-19,23,20,80,0.7,50
2023-06-20,0,19.2,85,0.2,0
2023-06-20,1,18.6,87,0.7,70
2023-06-20,2,17.8,93,0.4,0
2023-06-20,3,17.3,93,0.9,70
2023-06-20,4,16.7,97,0.4,0
2023-06-20,5,16.1,96,1.1,50
2023-06-20,6,16.4,95,0.5,20
2023-06-20,7,18.7,86,0.4,0
2023-06-20,8,20.6,76,0.7,360
2023-06-20,9,23,63,1.7,50
2023-06-20,10,25.2,55,1.5,110
2023-06-20,11,27.1,49,2.3,110
2023-06-20,12,27.6,44,2,140
2023-06-20,13,27.3,47,1.8,200
2023-06-20,14,27,47,0.9,250
2023-06-20,15,25.8,58,1.6,70
2023-06-20,16,25.5,56,1.3,90
2023-06-20,17,25.3,55,1.1,160
2023-06-20,18,25,56,1.5,110
2023-06-20,19,23.8,64,1.4,90
2023-06-20,20,22.7,68,1.4,200
2023-06-20,21,22.2,68,1.2,110
2023-06-20,22,21.2,74,0.8,110
2023-06-20,23,21.3,71,0.7,140
2023-06-21,0,21.6,68,0.9,180
2023-06-21,1,20.3,79,0.5,360
2023-06-21,2,18.8,95,1.3,340
2023-06-21,3,18,100,1.2,50
2023-06-21,4,18,100,0.7,50
2023-06-21,5,18.1,100,0.8,50
2023-06-21,6,18.4,100,0.6,50
2023-06-21,7,18.5,100,0.7,340
2023-06-21,8,18.8,100,0.8,360
2023-06-21,9,19.6,97,0.7,360
2023-06-21,10,20.1,95,1.1,360
2023-06-21,11,20,98,1,50
2023-06-21,12,20.7,98,1.4,360
2023-06-21,13,21.4,92,0.4,0
2023-06-21,14,22.4,86,0.4,0
2023-06-21,15,22.6,90,0.6,360
2023-06-21,16,22.8,86,0.5,340
2023-06-21,17,22.6,91,0.4,0
2023-06-21,18,23.1,89,0.1,0
2023-06-21,19,22.9,92,0,0
2023-06-21,20,22.5,97,0.2,0
2023-06-21,21,21.8,100,0.4,0
2023-06-21,22,21.2,100,0.1,0
2023-06-21,23,21,100,0.3,0
2023-06-22,0,20.8,100,0.9,250
2023-06-22,1,19.9,100,0.1,0
2023-06-22,2,19.4,100,0,0
2023-06-22,3,19.4,100,0.3,0
2023-06-22,4,19.2,100,0.6,200
2023-06-22,5,19,100,0.3,0
2023-06-22,6,18.8,100,0.7,230
2023-06-22,7,19.2,100,0.2,0
2023-06-22,8,21.8,83,1.4,250
2023-06-22,9,21.8,83,2.1,270
2023-06-22,10,22.2,81,2.2,250
2023-06-22,11,22.9,79,2.5,250
2023-06-22,12,25.6,66,2.4,250
2023-06-22,13,25.1,69,1.9,230
2023-06-22,14,27.2,56,3.4,290
2023-06-22,15,26.4,59,2.9,290
2023-06-22,16,26.9,58,2.6,270
2023-06-22,17,25.8,62,0.8,320
2023-06-22,18,25.6,67,0,0
2023-06-22,19,24,78,0.8,50
2023-06-22,20,23.1,82,1.3,360
2023-06-22,21,21.9,88,0.7,230
2023-06-22,22,21,93,0.5,320
2023-06-22,23,20,96,0.2,0
2023-06-23,0,19.3,99,0.3,0
2023-06-23,1,19,99,0.1,0
2023-06-23,2,18,100,0.3,0
2023-06-23,3,17.4,100,0.2,0
2023-06-23,4,16.8,100,0.5,340
2023-06-23,5,16.4,100,0.1,0
2023-06-23,6,16.7,100,0.2,0
2023-06-23,7,18.7,95,0.7,230
2023-06-23,8,21.3,86,0.3,0
2023-06-23,9,23.2,71,0.7,320
2023-06-23,10,24.8,61,0.9,50
2023-06-23,11,26.8,59,1.4,290
2023-06-23,12,28.5,52,1.5,270
2023-06-23,13,28.1,51,1,320
2023-06-23,14,29.4,50,0.7,230
2023-06-23,15,30.4,44,1.9,270
2023-06-23,16,30.4,45,0.9,360
2023-06-23,17,29.8,45,1.3,320
2023-06-23,18,30.1,45,1.5,290
2023-06-23,19,27.9,59,1.7,230
2023-06-23,20,25.1,69,1.6,180
2023-06-23,21,23.4,72,1.9,140
2023-06-23,22,22.9,73,0.9,160
2023-06-23,23,22.2,77,0.4,0
2023-06-24,0,22,80,0.1,0
2023-06-24,1,21.8,81,0.5,270
2023-06-24,2,20.7,87,0.2,0
2023-06-24,3,19.4,95,0.2,0
2023-06-24,4,18.4,98,0.2,0
2023-06-24,5,17.7,100,0.2,0
2023-06-24,6,18,99,0.2,0
2023-06-24,7,19,94,0.5,360
2023-06-24,8,20.9,87,0.5,320
2023-06-24,9,24.4,72,0.5,320
2023-06-24,10,26.2,65,1,200
2023-06-24,11,27.4,56,0.7,140
2023-06-24,12,29,52,1.8,270
2023-06-24,13,29.3,50,1.1,290
2023-06-24,14,30,48,1.5,290
2023-06-24,15,31,45,2.1,320
2023-06-24,16,31.5,43,1.1,230
2023-06-24,17,31.5,46,1.7,180
2023-06-24,18,30.6,48,2.1,200
2023-06-24,19,28.1,58,2.4,200
2023-06-24,20,26.2,62,0.8,200
2023-06-24,21,24.4,69,0.6,360
2023-06-24,22,22.7,78,0.5,360
2023-06-24,23,21.6,83,0.6,20
2023-06-25,0,21.2,86,0.6,340
2023-06-25,1,20.2,89,0.5,20
2023-06-25,2,19.4,90,0.9,50
2023-06-25,3,18.5,95,0.2,0
2023-06-25,4,18.1,96,0.8,50
2023-06-25,5,17.8,99,0.3,0
2023-06-25,6,17.9,97,0.3,0
2023-06-25,7,19.8,86,0.2,0
2023-06-25,8,22,77,0.5,20
2023-06-25,9,25.3,67,0.7,230
2023-06-25,10,25.7,67,0.7,290
2023-06-25,11,26.7,66,1.2,270
2023-06-25,12,28,65,1.3,340
2023-06-25,13,29.6,56,1.5,250
2023-06-25,14,30.2,54,1,140
2023-06-25,15,30.9,50,1.7,200
2023-06-25,16,30.8,48,1.2,180
2023-06-25,17,29.9,48,1.6,200
2023-06-25,18,28.4,52,1.7,140
2023-06-25,19,27.3,59,0.9,140
2023-06-25,20,25.2,73,0.8,70
2023-06-25,21,24.5,72,0.3,0
2023-06-25,22,24.5,68,1,230
2023-06-25,23,23.1,78,1.8,200
2023-06-26,0,22,89,0.4,0
2023-06-26,1,21.8,89,1.1,250
2023-06-26,2,21.6,91,0.4,0
2023-06-26,3,21.2,96,0.3,0
2023-06-26,4,20.8,100,0.3,0
2023-06-26,5,20.8,100,0.2,0
2023-06-26,6,20.9,100,0.5,360
2023-06-26,7,21,100,0.6,20
2023-06-26,8,21.4,100,0.2,0
2023-06-26,9,21.9,100,0.4,0
2023-06-26,10,22.6,99,0.3,0
2023-06-26,11,23.5,93,0.7,50
2023-06-26,12,25.1,89,0.4,0
2023-06-26,13,25,92,0.9,360
2023-06-26,14,25.3,92,0.6,360
2023-06-26,15,27.2,87,0.7,200
2023-06-26,16,26.9,82,1.5,230
2023-06-26,17,26.6,87,0.7,230
2023-06-26,18,26.7,85,1,230
2023-06-26,19,26,91,0.4,0
2023-06-26,20,25.8,86,1.1,230
2023-06-26,21,24.3,98,0.7,250
2023-06-26,22,24,100,0.1,0
2023-06-26,23,23.7,100,0.2,0
2023-06-27,0,23.6,100,0.7,180
2023-06-27,1,23.5,100,0.8,290
2023-06-27,2,23.7,100,0.7,180
2023-06-27,3,23.5,100,1,230
2023-06-27,4,23.6,100,0.4,0
2023-06-27,5,23.7,100,1.2,250
2023-06-27,6,23.7,100,0.6,270
2023-06-27,7,24.2,100,0.5,230
2023-06-27,8,25.7,90,2.1,230
2023-06-27,9,26.2,83,1.7,200
2023-06-27,10,28.7,64,3.6,270
2023-06-27,11,28.7,63,3.5,290
2023-06-27,12,29.9,59,2.5,290
2023-06-27,13,30.3,54,1.7,320
2023-06-27,14,30.8,52,2.3,290
2023-06-27,15,31.4,51,2.6,290
2023-06-27,16,31,53,2.4,320
2023-06-27,17,30.5,54,1.7,290
2023-06-27,18,30.5,56,1.7,340
2023-06-27,19,29.1,63,1,320
2023-06-27,20,25.7,81,0.4,0
2023-06-27,21,24.3,87,0.9,50
2023-06-27,22,24,88,0.2,0
2023-06-27,23,23.6,91,0.9,50
2023-06-28,0,24.4,94,0.5,200
2023-06-28,1,23.3,100,0.3,0
2023-06-28,2,22.9,89,2.6,230
2023-06-28,3,21.5,96,0.7,200
2023-06-28,4,20.8,93,2.8,250
2023-06-28,5,20.7,99,1.7,160
2023-06-28,6,20.6,100,0.3,0
2023-06-28,7,20.8,97,0.5,290
2023-06-28,8,21.4,92,0.9,290
2023-06-28,9,23.4,81,1,180
2023-06-28,10,24.7,77,1.4,250
2023-06-28,11,26,69,1.4,270
2023-06-28,12,27.3,66,2.1,230
2023-06-28,13,27.5,65,2.2,200
2023-06-28,14,28.1,63,2.3,270
2023-06-28,15,28.1,65,1.1,290
2023-06-28,16,28.7,64,1.4,270
2023-06-28,17,29,65,2.7,270
2023-06-28,18,28.3,71,1.6,230
2023-06-28,19,27.1,76,1,230
2023-06-28,20,25.9,87,0.3,0
2023-06-28,21,24.7,97,0.2,0
2023-06-28,22,23.9,98,0.3,0
2023-06-28,23,23.3,100,0.4,0
2023-06-29,0,23.2,100,0.5,290
2023-06-29,1,22.8,100,0.2,0
2023-06-29,2,22.4,100,0,0
2023-06-29,3,22.6,100,0.1,0
2023-06-29,4,22.5,100,0,0
2023-06-29,5,22.7,100,0.6,200
2023-06-29,6,22.8,100,0.3,0
2023-06-29,7,23.8,94,0.5,200
2023-06-29,8,24.3,91,0.7,250
2023-06-29,9,25.7,85,0.5,320
2023-06-29,10,27,78,1.1,290
2023-06-29,11,27.1,80,0.5,230
2023-06-29,12,27.9,76,1.1,200
2023-06-29,13,27.6,78,1.6,230
2023-06-29,14,25.6,92,1.4,180
2023-06-29,15,26.3,89,1.6,180
2023-06-29,16,25.4,95,0.9,180
2023-06-29,17,24.7,96,1.3,230
2023-06-29,18,25,97,1.6,230
2023-06-29,19,25,97,0.8,180
2023-06-29,20,24.6,98,0.3,0
2023-06-29,21,24.5,99,0.7,160
2023-06-29,22,24.2,100,0.7,160
2023-06-29,23,24.2,100,0.4,0
2023-06-30,0,24.3,100,0.5,200
2023-06-30,1,24.4,100,2.4,180
2023-06-30,2,23.6,100,0.4,0
2023-06-30,3,23.5,100,0.3,0
2023-06-30,4,23.4,100,0.4,0
2023-06-30,5,23.6,100,0.3,0
2023-06-30,6,23.6,100,0.3,0
2023-06-30,7,23.8,100,0,0
2023-06-30,8,24.1,100,0.2,0
2023-06-30,9,24.6,96,0.1,0
2023-06-30,10,24.4,97,1,180
2023-06-30,11,24.6,95,0.8,180
2023-06-30,12,24.5,97,1.3,200
2023-06-30,13,24.9,97,0.7,200
2023-06-30,14,24.3,99,1.9,230
2023-06-30,15,24.4,100,0.5,160
2023-06-30,16,24.5,100,0.6,200
2023-06-30,17,24.3,100,0.5,200
2023-06-30,18,24.3,100,0.4,0
2023-06-30,19,24.3,99,0.8,160
2023-06-30,20,24,100,0.2,0
2023-06-30,21,23.6,100,0.4,0
2023-06-30,22,23.7,100,0.4,0
2023-06-30,23,23.3,97,0.6,90
2023-07-01,0,22.8,95,0.5,140
2023-07-01,1,22.5,95,0.8,160
2023-07-01,2,22.3,99,0,0
2023-07-01,3,22.3,100,0.1,0
2023-07-01,4,21.7,100,0.1,0
2023-07-01,5,21.4,100,0.6,70
2023-07-01,6,21.6,100,0.3,0
2023-07-01,7,22,99,0.4,0
2023-07-01,8,22.7,92,0.5,20
2023-07-01,9,24,87,0.2,0
2023-07-01,10,24.7,84,1.3,320
2023-07-01,11,27.2,76,1.3,250
2023-07-01,12,29.1,64,1,200
2023-07-01,13,28.8,67,1.4,340
2023-07-01,14,30.6,58,1,230
2023-07-01,15,31.1,55,1.6,320
2023-07-01,16,31.1,54,1,250
2023-07-01,17,31.5,53,1,140
2023-07-01,18,31,54,1.2,200
2023-07-01,19,28.5,70,0.4,0
2023-07-01,20,24.9,86,1,50
2023-07-01,21,23.6,91,0.4,0
2023-07-01,22,22.8,97,0.4,0
2023-07-01,23,22.2,99,0.2,0
2023-07-02,0,21.5,100,0.8,340
2023-07-02,1,21.3,100,0.1,0
2023-07-02,2,21,100,0.2,0
2023-07-02,3,20.7,100,0.1,0
2023-07-02,4,21,100,0.4,0
2023-07-02,5,21.3,100,0.5,230
2023-07-02,6,21.4,100,0.2,0
2023-07-02,7,22.3,100,0.2,0
2023-07-02,8,23.2,98,0.4,0
2023-07-02,9,26,84,0.5,290
2023-07-02,10,28.4,78,0.8,160
2023-07-02,11,29.4,69,0.7,180
2023-07-02,12,29.8,68,1.1,320
2023-07-02,13,30.8,62,1,140
2023-07-02,14,31.6,57,1.2,90
2023-07-02,15,32.7,57,1.9,290
2023-07-02,16,32.1,59,1.3,200
2023-07-02,17,32,59,1,320
2023-07-02,18,31.5,65,1,320
2023-07-02,19,30,76,0.7,340
2023-07-02,20,28.6,83,0.8,140
2023-07-02,21,26.8,93,0.2,0
2023-07-02,22,25.6,92,0.8,20
2023-07-02,23,24.8,90,0.5,90
2023-07-03,0,23.6,93,0.8,70
2023-07-03,1,23.4,95,0.1,0
2023-07-03,2,22.3,95,0.7,50
2023-07-03,3,21.7,96,0.1,0
2023-07-03,4,21,99,0.5,50
2023-07-03,5,20.8,98,0.5,70
2023-07-03,6,20.9,95,0.2,0
2023-07-03,7,21.6,91,0.5,360
2023-07-03,8,22.9,86,0.5,20
2023-07-03,9,24.6,76,0.4,0
2023-07-03,10,27.1,68,0.7,50
2023-07-03,11,29.3,60,1.2,250
2023-07-03,12,30.8,54,1.5,160
2023-07-03,13,32.3,47,2.4,200
2023-07-03,14,33.3,45,1.8,180
2023-07-03,15,33,47,1.5,230
2023-07-03,16,33.2,49,2,230
2023-07-03,17,33,48,2.1,230
2023-07-03,18,32,49,1.7,200
2023-07-03,19,30.2,57,0.6,200
2023-07-03,20,26.1,77,0.8,20
2023-07-03,21,24.6,85,0.4,0
2023-07-03,22,25.6,77,2,110
2023-07-03,23,24.1,84,0.9,70
2023-07-04,0,22.4,97,0.4,0
2023-07-04,1,21.8,99,0.5,340
2023-07-04,2,22.1,98,0.5,360
2023-07-04,3,22.4,96,0.4,0
2023-07-04,4,22.4,95,0.2,0
2023-07-04,5,22.2,94,0.6,70
2023-07-04,6,22.1,94,0.6,110
2023-07-04,7,23.2,89,1.4,50
2023-07-04,8,25.7,77,0.8,250
2023-07-04,9,26.7,75,1.1,180
2023-07-04,10,27.4,70,1.3,160
2023-07-04,11,27.8,69,1.3,200
2023-07-04,12,28.4,68,1,200
2023-07-04,13,28.1,69,2,200
2023-07-04,14,27.3,76,1.3,200
2023-07-04,15,26.3,81,1,200
2023-07-04,16,25.2,89,0.6,200
2023-07-04,17,24.4,97,0.8,230
2023-07-04,18,24.3,97,0.8,230
2023-07-04,19,24,100,0,0
2023-07-04,20,23.9,99,0,0
2023-07-04,21,23.6,100,0.3,0
2023-07-04,22,23.4,100,0.4,0
2023-07-04,23,23.2,100,0.5,230
2023-07-05,0,23.2,100,0,0
2023-07-05,1,23.3,100,0.2,0
2023-07-05,2,23.6,100,0.8,200
2023-07-05,3,23.8,100,1.1,230
2023-07-05,4,23.9,100,0.8,180
2023-07-05,5,23.9,100,1.3,250
2023-07-05,6,24.4,100,0.8,230
2023-07-05,7,24.9,100,0.6,250
2023-07-05,8,26.3,88,2.1,250
2023-07-05,9,26.4,80,2.9,270
2023-07-05,10,26,76,3.8,270
2023-07-05,11,27.5,71,4.1,290
2023-07-05,12,27.6,64,4.8,270
2023-07-05,13,27.6,63,4.1,290
2023-07-05,14,28.6,59,4,270
2023-07-05,15,28.9,57,4.2,270
2023-07-05,16,29.7,56,3.1,270
2023-07-05,17,29.7,55,3.4,270
2023-07-05,18,29.4,57,2.6,290
2023-07-05,19,28.1,64,1.6,250
2023-07-05,20,25.8,73,0.8,230
2023-07-05,21,23.8,84,1.2,270
2023-07-05,22,23,87,0.2,0
2023-07-05,23,21.5,94,0.5,70
2023-07-06,0,20.8,99,0.1,0
2023-07-06,1,20.1,100,0.3,0
2023-07-06,2,19.4,100,0.3,0
2023-07-06,3,19.1,100,0.1,0
2023-07-06,4,18.8,100,0.1,0
2023-07-06,5,18.6,100,0.1,0
2023-07-06,6,18.8,100,0.1,0
2023-07-06,7,19.4,100,0.2,0
2023-07-06,8,21.3,91,0.4,0
2023-07-06,9,24.7,77,0.1,0
2023-07-06,10,27.8,69,0.5,160
2023-07-06,11,29.1,60,0.8,200
2023-07-06,12,31.8,47,2.4,270
2023-07-06,13,31.9,44,2.1,270
2023-07-06,14,32,49,2.1,320
2023-07-06,15,32.2,44,2.3,320
2023-07-06,16,31.9,43,2,270
2023-07-06,17,30.1,60,0.5,250
2023-07-06,18,28.3,70,0.9,180
2023-07-06,19,26.4,77,1.3,50
2023-07-06,20,24.4,83,0.8,70
2023-07-06,21,23.6,83,1,70
2023-07-06,22,23.1,85,0.7,70
2023-07-06,23,22.6,92,0.4,0
2023-07-07,0,22.6,88,0.3,0
2023-07-07,1,22.1,93,0.3,0
2023-07-07,2,22.5,89,1.6,160
2023-07-07,3,21.9,93,0.1,0
2023-07-07,4,21.4,93,1.2,360
2023-07-07,5,21.2,93,1.3,360
2023-07-07,6,21.8,89,1,70
2023-07-07,7,22.1,90,0.7,360
2023-07-07,8,22.5,90,0.6,290
2023-07-07,9,23.6,82,0.5,160
2023-07-07,10,24,81,0.2,0
2023-07-07,11,24.7,82,0.9,230
2023-07-07,12,24.5,84,0.4,0
2023-07-07,13,24.3,85,0.4,0
2023-07-07,14,21.1,90,0.8,340
2023-07-07,15,19.3,92,2,110
2023-07-07,16,18.2,100,0.5,360
2023-07-07,17,18.2,100,0.6,110
2023-07-07,18,18.5,100,1.2,290
2023-07-07,19,18.8,100,0.6,20
2023-07-07,20,18.3,100,1.8,360
2023-07-07,21,18.3,100,0.3,0
2023-07-07,22,18.4,100,0.2,0
2023-07-07,23,18.5,100,0.3,0
2023-07-08,0,18.6,100,0.3,0
2023-07-08,1,18.8,100,0.2,0
2023-07-08,2,19,100,0.2,0
2023-07-08,3,19,100,0.4,0
2023-07-08,4,19,100,0,0
2023-07-08,5,19,100,0,0
2023-07-08,6,19.2,100,0.1,0
2023-07-08,7,19.6,100,0.3,0
2023-07-08,8,20.4,97,0.3,0
2023-07-08,9,22.1,89,0.6,20
2023-07-08,10,23.1,84,0.9,270
2023-07-08,11,24.4,79,0.8,70
2023-07-08,12,26,79,1.2,250
2023-07-08,13,27.6,74,1,320
2023-07-08,14,28.8,71,0.8,360
2023-07-08,15,29.4,68,1.7,290
2023-07-08,16,27.9,78,2.3,200
2023-07-08,17,28.2,79,1.9,200
2023-07-08,18,27.6,76,1.5,230
2023-07-08,19,26.9,80,1.2,230
2023-07-08,20,25.6,85,0.9,200
2023-07-08,21,24.8,86,0.9,160
2023-07-08,22,24.4,89,0.9,250
2023-07-08,23,23.9,89,0.4,0
2023-07-09,0,23.6,88,0.6,180
2023-07-09,1,23.2,89,0.2,0
2023-07-09,2,23.1,89,0.3,0
2023-07-09,3,22.9,91,0.5,200
2023-07-09,4,22.3,97,0.6,50
2023-07-09,5,22,99,0.3,0
2023-07-09,6,22.2,99,0.4,0
2023-07-09,7,22.5,96,0.3,0
2023-07-09,8,23.7,90,0.2,0
2023-07-09,9,25.4,84,0.6,320
2023-07-09,10,28.3,74,1.9,270
2023-07-09,11,28.8,71,0.8,320
2023-07-09,12,30.2,69,1.2,290
2023-07-09,13,30.1,70,1.2,250
2023-07-09,14,30.4,69,2.3,230
2023-07-09,15,31,67,2.4,230
2023-07-09,16,31.5,68,2.5,270
2023-07-09,17,27.1,74,1.3,50
2023-07-09,18,26.7,80,1.4,360
2023-07-09,19,26.4,85,1.2,340
2023-07-09,20,25.7,92,0.5,360
2023-07-09,21,24.8,98,0.7,360
2023-07-09,22,24.5,99,0.4,0
2023-07-09,23,24.2,100,0.2,0
2023-07-10,0,23.9,100,0.4,0
2023-07-10,1,24,100,0.2,0
2023-07-10,2,23.4,100,0.6,320
2023-07-10,3,23.1,100,0.1,0
2023-07-10,4,23.2,100,0.2,0
2023-07-10,5,23.1,100,0.1,0
2023-07-10,6,23.2,100,0.3,0
2023-07-10,7,23.6,100,0.2,0
2023-07-10,8,24.7,100,0.7,340
2023-07-10,9,23.6,92,0.8,360
2023-07-10,10,25.3,84,0.8,360
2023-07-10,11,27.1,74,1.2,50
2023-07-10,12,28.6,70,1.6,20
2023-07-10,13,30,65,0.9,290
2023-07-10,14,31.3,64,1.6,320
2023-07-10,15,32.6,61,1.5,250
2023-07-10,16,31.9,65,2,230
2023-07-10,17,31.7,62,1.7,270
2023-07-10,18,31.6,65,1.6,250
2023-07-10,19,29.9,72,0.9,200
2023-07-10,20,28.5,78,0.4,0
2023-07-10,21,26.5,93,0.4,0
2023-07-10,22,26.3,93,0.1,0
2023-07-10,23,25.3,98,0.4,0
2023-07-11,0,25,99,0.2,0
2023-07-11,1,24,99,0.3,0
2023-07-11,2,24,98,0.5,360
2023-07-11,3,23.6,99,0.9,320
2023-07-11,4,23.5,100,0.5,320
2023-07-11,5,23.1,100,0.6,250
2023-07-11,6,22.9,100,0.2,0
2023-07-11,7,23.7,98,0,0
2023-07-11,8,25.4,89,0.5,180
2023-07-11,9,25.2,93,0.7,290
2023-07-11,10,26,90,0.7,320
2023-07-11,11,26.3,91,0.2,0
2023-07-11,12,27.2,92,1.4,90
2023-07-11,13,28.3,82,0.9,200
2023-07-11,14,26.8,88,0.8,230
2023-07-11,15,22.3,98,0.9,160
2023-07-11,16,22.7,99,1.5,110
2023-07-11,17,23.5,97,0.5,290
2023-07-11,18,23.6,98,0.5,200
2023-07-11,19,22.9,98,1.7,200
2023-07-11,20,22.4,100,0.6,160
2023-07-11,21,22.4,100,0.1,0
2023-07-11,22,22.4,100,1.3,360
2023-07-11,23,22.5,100,0.5,90
2023-07-12,0,22.4,100,0.4,0
2023-07-12,1,22.3,100,0.5,340
2023-07-12,2,22.2,100,0.1,0
2023-07-12,3,22.4,100,0.2,0
2023-07-12,4,22.2,100,0.1,0
2023-07-12,5,22,100,0.2,0
2023-07-12,6,22.3,100,0.4,0
2023-07-12,7,22.8,100,0,0
2023-07-12,8,23.9,98,0,0
2023-07-12,9,25,92,0.2,0
2023-07-12,10,26.1,88,1.4,200
2023-07-12,11,27.2,82,0.9,270
2023-07-12,12,29.2,69,1.6,290
2023-07-12,13,29.2,70,1.7,250
2023-07-12,14,30.3,66,1.6,230
2023-07-12,15,30.7,65,1.2,250
2023-07-12,16,30.9,64,1.4,230
2023-07-12,17,30.2,72,1,270
2023-07-12,18,28.2,71,2,20
2023-07-12,19,26.7,80,0.9,340
2023-07-12,20,25.6,89,0.9,340
2023-07-12,21,24.7,97,0.8,360
2023-07-12,22,24.9,100,0.1,0
2023-07-12,23,24.1,100,0.5,340
2023-07-13,0,23.7,100,0.6,360
2023-07-13,1,23.7,100,0.2,0
2023-07-13,2,23.9,100,0.1,0
2023-07-13,3,23.8,100,0.1,0
2023-07-13,4,23.7,100,0.2,0
2023-07-13,5,23.9,100,0.6,290
2023-07-13,6,24.2,100,0,0
2023-07-13,7,24.5,100,0.5,360
2023-07-13,8,24.8,100,0.1,0
2023-07-13,9,26,97,0.1,0
2023-07-13,10,26.6,94,0.2,0
2023-07-13,11,27.2,91,0.8,200
2023-07-13,12,25.5,99,0.3,0
2023-07-13,13,25.9,99,0.1,0
2023-07-13,14,26.8,94,0.4,0
2023-07-13,15,26.5,95,0.4,0
2023-07-13,16,26.8,94,0.6,200
2023-07-13,17,26.5,96,0.6,200
2023-07-13,18,26.2,95,0.2,0
2023-07-13,19,25.6,100,0.6,290
2023-07-13,20,24.8,100,0.3,0
2023-07-13,21,24.5,100,0.2,0
2023-07-13,22,24.3,100,0.3,0
2023-07-13,23,24.3,100,0.5,320
2023-07-14,0,24,100,0.8,90
2023-07-14,1,24.2,100,0.7,140
2023-07-14,2,24.2,100,0.3,0
2023-07-14,3,24.3,100,0.9,140
2023-07-14,4,24.1,100,0.7,110
2023-07-14,5,24.7,99,1.4,180
2023-07-14,6,25.2,95,3.1,180
2023-07-14,7,24.5,98,1.4,180
2023-07-14,8,24.7,97,1.4,180
2023-07-14,9,24.9,96,1.7,180
2023-07-14,10,24.8,98,1.3,180
2023-07-14,11,24.9,97,1,200
2023-07-14,12,25.2,97,1.1,200
2023-07-14,13,25.4,96,2.4,230
2023-07-14,14,24.7,100,1.9,200
2023-07-14,15,24.7,99,2,180
2023-07-14,16,25,97,2.6,180
2023-07-14,17,25.2,97,1.1,200
2023-07-14,18,25.3,96,1.8,200
2023-07-14,19,24.9,100,0.7,200
2023-07-14,20,24.8,100,0.8,160
2023-07-14,21,24.8,100,0.7,180
2023-07-14,22,24.9,100,0.8,180
2023-07-14,23,24.9,99,0.6,180
2023-07-15,0,25.2,99,1.4,180
2023-07-15,1,25.3,95,2,180
2023-07-15,2,25.1,94,1.4,180
2023-07-15,3,25.4,89,1.4,200
2023-07-15,4,25.2,90,1,200
2023-07-15,5,24.8,93,1,200
2023-07-15,6,24,100,0.6,290
2023-07-15,7,24.4,100,0.1,0
2023-07-15,8,24.9,97,0.5,180
2023-07-15,9,26,90,0.5,110
2023-07-15,10,25.8,94,0.3,0
2023-07-15,11,24.9,100,0.8,180
2023-07-15,12,26.3,93,0.7,180
2023-07-15,13,27.1,89,0.8,230
2023-07-15,14,26.8,95,1.1,230
2023-07-15,15,25.9,99,1.3,200
2023-07-15,16,25.2,100,0.9,200
2023-07-15,17,24.5,100,1.2,200
2023-07-15,18,24.7,100,0.7,140
2023-07-15,19,24.6,100,0.8,290
2023-07-15,20,24.1,100,0.7,250
2023-07-15,21,23.6,100,1,250
2023-07-15,22,22.4,100,0.2,0
2023-07-15,23,22.2,100,0.4,0
2023-07-16,0,22,100,0.1,0
2023-07-16,1,22.1,100,0,0
2023-07-16,2,22,100,0.4,0
2023-07-16,3,21.9,100,0.1,0
2023-07-16,4,21.9,100,0.1,0
2023-07-16,5,21.9,100,0.8,360
2023-07-16,6,21.9,100,0.3,0
2023-07-16,7,22.1,100,0.5,320
2023-07-16,8,23,100,0.2,0
2023-07-16,9,24.8,94,0.5,250
2023-07-16,10,24.8,95,0.7,160
2023-07-16,11,25.7,93,2,200
2023-07-16,12,26.9,82,2.3,230
2023-07-16,13,27.9,74,2.3,250
2023-07-16,14,27.4,74,1.9,250
2023-07-16,15,26.4,87,1,270
2023-07-16,16,26.9,84,0.9,270
2023-07-16,17,27.4,81,1.9,270
2023-07-16,18,26.1,89,0.5,230
2023-07-16,19,26.3,86,1.1,200
2023-07-16,20,24.6,94,0,0
2023-07-16,21,23.9,100,0,0
2023-07-16,22,23.6,100,0.1,0
2023-07-16,23,23.1,100,0,0
2023-07-17,0,23.1,100,0.2,0
2023-07-17,1,23,100,0,0
2023-07-17,2,23.3,100,0.7,140
2023-07-17,3,23,100,0.3,0
2023-07-17,4,22.8,100,0.4,0
2023-07-17,5,22.8,100,0.2,0
2023-07-17,6,22.9,100,0.2,0
2023-07-17,7,23.4,100,0.3,0
2023-07-17,8,25.2,91,0.2,0
2023-07-17,9,26.9,83,1.4,250
2023-07-17,10,28.4,78,1.1,230
2023-07-17,11,30,72,1.7,230
2023-07-17,12,30.6,69,1.7,290
2023-07-17,13,31.7,65,2.3,270
2023-07-17,14,32.4,62,1.8,270
2023-07-17,15,31.7,65,1.7,290
2023-07-17,16,25,93,0.6,360
2023-07-17,17,24,99,0.6,110
2023-07-17,18,23.8,100,1.6,140
2023-07-17,19,23.9,100,0.4,0
2023-07-17,20,23.6,100,0.7,230
2023-07-17,21,23.5,100,1,160
2023-07-17,22,23.3,100,0,0
2023-07-17,23,23.3,100,0.3,0
2023-07-18,0,23.5,100,0.5,90
2023-07-18,1,23.5,100,0.1,0
2023-07-18,2,23.2,100,0,0
2023-07-18,3,23.2,100,0.1,0
2023-07-18,4,23.2,100,0.1,0
2023-07-18,5,23.2,100,0,0
2023-07-18,6,23.2,100,0.2,0
2023-07-18,7,23.5,100,0,0
2023-07-18,8,23.8,100,0.4,0
2023-07-18,9,24.1,100,0,0
2023-07-18,10,24.5,100,0.6,230
2023-07-18,11,25.7,96,0.4,0
2023-07-18,12,24.3,92,0.7,50
2023-07-18,13,23.3,95,1.5,50
2023-07-18,14,22.6,99,1.7,20
2023-07-18,15,22.7,99,1.5,50
2023-07-18,16,22.4,100,1.3,340
2023-07-18,17,22.3,100,1.7,20
2023-07-18,18,22.1,100,1.2,20
2023-07-18,19,22.1,100,0.5,360
2023-07-18,20,22.8,97,0.9,160
2023-07-18,21,22.1,100,1.1,290
2023-07-18,22,22.4,100,0.6,140
2023-07-18,23,22.4,100,0.4,0
2023-07-19,0,21.9,100,0.5,70
2023-07-19,1,21.7,100,0.4,0
2023-07-19,2,21.6,100,0.2,0
2023-07-19,3,21.4,100,0.2,0
2023-07-19,4,21.3,100,0.1,0
2023-07-19,5,21.1,100,0,0
2023-07-19,6,20.9,100,0.2,0
2023-07-19,7,21.3,100,0.1,0
2023-07-19,8,22.7,95,0.3,0
2023-07-19,9,25.4,83,0.7,200
2023-07-19,10,26.3,79,1.3,230
2023-07-19,11,28,68,0.8,90
2023-07-19,12,29.1,69,1.3,340
2023-07-19,13,30.2,63,1.4,250
2023-07-19,14,31.2,59,1.6,270
2023-07-19,15,31.4,59,1.4,230
2023-07-19,16,32.2,56,1.2,270
2023-07-19,17,31.7,54,1.2,230
2023-07-19,18,30.3,67,1.6,200
2023-07-19,19,28.9,73,1.1,180
2023-07-19,20,26.7,80,0.6,200
2023-07-19,21,25.1,92,0.4,0
2023-07-19,22,24.1,98,0.3,0
2023-07-19,23,23.8,97,0.6,180
2023-07-20,0,23.5,98,0.1,0
2023-07-20,1,22.9,100,0.6,340
2023-07-20,2,22.3,100,0.3,0
2023-07-20,3,22.2,100,0.2,0
2023-07-20,4,22.5,100,0.4,0
2023-07-20,5,22.6,100,0.3,0
2023-07-20,6,22.8,100,0.2,0
2023-07-20,7,23.3,98,0.4,0
2023-07-20,8,23.9,94,0.2,0
2023-07-20,9,24.9,89,0.3,0
2023-07-20,10,26.5,79,0.4,0
2023-07-20,11,28.1,74,0.9,360
2023-07-20,12,29.3,70,1,50
2023-07-20,13,30.9,65,1.2,290
2023-07-20,14,31.9,64,1.2,160
2023-07-20,15,32.3,60,1.5,250
2023-07-20,16,32.8,51,1.9,230
2023-07-20,17,32.2,52,1.2,200
2023-07-20,18,31.5,60,1.2,230
2023-07-20,19,28.5,76,1,70
2023-07-20,20,26.4,88,1,70
2023-07-20,21,25.7,92,0.9,50
2023-07-20,22,25.3,96,0.5,360
2023-07-20,23,24.5,99,0.6,50
2023-07-21,0,24,100,0.5,20
2023-07-21,1,23.4,100,0.5,20
2023-07-21,2,23,100,0.4,0
2023-07-21,3,22.7,100,0.1,0
2023-07-21,4,23,100,0.3,0
2023-07-21,5,23.4,100,0.1,0
2023-07-21,6,23.8,100,0,0
2023-07-21,7,24.1,99,0.4,0
2023-07-21,8,24.6,95,0.7,290
2023-07-21,9,25.3,93,0.4,0
2023-07-21,10,27.1,81,1.1,340
2023-07-21,11,29.6,73,1,320
2023-07-21,12,31.3,66,1.3,250
2023-07-21,13,31.8,60,1.6,320
2023-07-21,14,32.9,56,1.6,290
2023-07-21,15,30.3,66,3,160
2023-07-21,16,24.6,87,2.2,50
2023-07-21,17,26.2,81,1,110
2023-07-21,18,27.3,82,1.4,70
2023-07-21,19,26.9,88,1.3,50
2023-07-21,20,25.8,95,1.3,70
2023-07-21,21,24.8,98,0.9,70
2023-07-21,22,24.3,98,0.3,0
2023-07-21,23,23.5,100,0.4,0
2023-07-22,0,22.5,100,1,70
2023-07-22,1,22.2,97,0.9,110
2023-07-22,2,21.2,100,1,50
2023-07-22,3,20.8,100,0.4,0
2023-07-22,4,20,100,0.3,0
2023-07-22,5,19.8,100,0.3,0
2023-07-22,6,19.4,100,0.6,70
2023-07-22,7,20.6,96,0.5,340
2023-07-22,8,22.8,85,0.9,360
2023-07-22,9,25.4,75,0.7,70
2023-07-22,10,27.4,68,0.9,290
2023-07-22,11,29.3,60,1,270
2023-07-22,12,29.2,61,2.3,200
2023-07-22,13,28.1,69,1.9,200
2023-07-22,14,29.2,66,1.8,180
2023-07-22,15,28.4,66,2.6,200
2023-07-22,16,28.8,67,2.1,230
2023-07-22,17,27.6,72,0.9,230
2023-07-22,18,27.3,74,0.9,200
2023-07-22,19,26.5,79,0.5,200
2023-07-22,20,25.4,88,0.6,340
2023-07-22,21,24.8,91,0.3,0
2023-07-22,22,24.4,94,0.6,360
2023-07-22,23,24.2,94,0.5,360
2023-07-23,0,23.9,96,0.6,360
2023-07-23,1,23.7,97,0.3,0
2023-07-23,2,23.6,97,1,340
2023-07-23,3,23.5,98,0.5,360
2023-07-23,4,23.6,98,0.6,340
2023-07-23,5,23.5,98,0.5,360
2023-07-23,6,23.6,98,0.4,0
2023-07-23,7,24.3,95,0.1,0
2023-07-23,8,25.4,90,0.2,0
2023-07-23,9,26.4,85,0.3,0
2023-07-23,10,28.4,75,1.7,180
2023-07-23,11,28.9,75,1.2,200
2023-07-23,12,28.4,77,1,200
2023-07-23,13,28.6,78,1.3,180
2023-07-23,14,28.5,76,1.8,180
2023-07-23,15,29.2,75,0.5,160
2023-07-23,16,29.2,76,1.2,200
2023-07-23,17,29.3,74,1.4,200
2023-07-23,18,27.5,87,0.7,200
2023-07-23,19,27.3,87,1,200
2023-07-23,20,26.7,89,0.8,200
2023-07-23,21,26.4,87,0.3,0
2023-07-23,22,26,89,0.6,200
2023-07-23,23,25.4,95,0.3,0
2023-07-24,0,25.2,98,0.1,0
2023-07-24,1,25.8,91,0.8,180
2023-07-24,2,26.6,84,1,200
2023-07-24,3,26.4,85,1.3,160
2023-07-24,4,24.8,98,0.5,200
2023-07-24,5,24.5,100,0.5,50
2023-07-24,6,24.4,100,0,0
2023-07-24,7,24.5,100,0.6,90
2023-07-24,8,24.8,100,0,0
2023-07-24,9,25,100,0.1,0
2023-07-24,10,26.7,94,0.8,230
2023-07-24,11,27.5,86,0.7,230
2023-07-24,12,29.6,76,2,270
2023-07-24,13,30.1,72,1.9,290
2023-07-24,14,30.9,69,1.8,270
2023-07-24,15,29.4,78,1.5,230
2023-07-24,16,30,71,1.9,250
2023-07-24,17,28.1,82,1.3,200
2023-07-24,18,28,79,0.9,200
2023-07-24,19,27.3,80,1.8,200
2023-07-24,20,26.2,85,0.9,230
2023-07-24,21,25.4,92,0.1,0
2023-07-24,22,24.6,100,0.4,0
2023-07-24,23,24.3,99,0.5,50
2023-07-25,0,24.1,100,0.3,0
2023-07-25,1,23.9,100,0.5,360
2023-07-25,2,23.8,100,0.2,0
2023-07-25,3,23.7,100,0.7,290
2023-07-25,4,24.1,100,0.2,0
2023-07-25,5,24,100,0.3,0
2023-07-25,6,23.9,100,0,0
2023-07-25,7,24.7,97,0,0
2023-07-25,8,25.8,92,0.7,270
2023-07-25,9,27.3,85,0.9,110
2023-07-25,10,28.5,77,0.9,250
2023-07-25,11,30.1,72,1.8,250
2023-07-25,12,30.6,69,1.4,180
2023-07-25,13,30.1,64,3.8,270
2023-07-25,14,26.6,88,1.4,50
2023-07-25,15,25,99,1.5,290
2023-07-25,16,25.3,89,1.7,340
2023-07-25,17,25.4,88,0,0
2023-07-25,18,25,96,1.1,230
2023-07-25,19,24.6,98,0.5,200
2023-07-25,20,24.3,100,0,0
2023-07-25,21,23.9,100,0,0
2023-07-25,22,23.6,100,0.6,70
2023-07-25,23,23.2,100,0.3,0
2023-07-26,0,23.1,100,0.7,70
2023-07-26,1,23,100,0.3,0
2023-07-26,2,22.8,100,0.4,0
2023-07-26,3,22.7,100,0.5,90
2023-07-26,4,22.4,100,0.6,70
2023-07-26,5,22.2,100,0.2,0
2023-07-26,6,22.4,100,0.5,50
2023-07-26,7,23.1,99,0,0
2023-07-26,8,23.6,99,0,0
2023-07-26,9,24.5,97,0.3,0
2023-07-26,10,25.4,91,0.8,340
2023-07-26,11,27.3,85,0.8,160
2023-07-26,12,28,80,1.3,340
2023-07-26,13,29,75,0.7,160
2023-07-26,14,31,71,0.8,20
2023-07-26,15,31.7,64,1,140
2023-07-26,16,32.5,60,1,200
2023-07-26,17,32,62,1.4,340
2023-07-26,18,29.5,78,1.3,340
2023-07-26,19,24.9,85,4.2,270
2023-07-26,20,22.9,99,1.5,230
2023-07-26,21,23.1,100,0.1,0
2023-07-26,22,22.8,100,0.6,340
2023-07-26,23,22.7,100,0.5,20
2023-07-27,0,22.6,100,0.3,0
2023-07-27,1,22.3,100,0.6,360
2023-07-27,2,21.9,100,0.4,0
2023-07-27,3,21.8,100,0.7,360
2023-07-27,4,21.8,100,0.5,20
2023-07-27,5,21.9,100,0.1,0
2023-07-27,6,21.9,100,0.4,0
2023-07-27,7,21.6,100,0.9,360
2023-07-27,8,22.4,100,0.4,0
2023-07-27,9,24.7,86,0.8,320
2023-07-27,10,26.8,80,0.8,160
2023-07-27,11,27.9,77,1,270
2023-07-27,12,29.9,72,1.1,230
2023-07-27,13,31.4,67,1.4,200
2023-07-27,14,32.7,59,2.1,270
2023-07-27,15,33.1,53,1.8,270
2023-07-27,16,32.6,56,1.4,270
2023-07-27,17,33.4,56,1.3,270
2023-07-27,18,32.3,60,0.9,270
2023-07-27,19,28.8,81,0.9,50
2023-07-27,20,26.9,91,1.1,50
2023-07-27,21,26.1,95,0.6,50
2023-07-27,22,25.7,96,0.8,50
2023-07-27,23,25.2,100,0.4,0
2023-07-28,0,24.7,100,0.3,0
2023-07-28,1,24.4,100,0.5,360
2023-07-28,2,24.2,100,0,0
2023-07-28,3,24.2,100,0,0
2023-07-28,4,23.6,100,0.1,0
2023-07-28,5,23.2,100,0.4,0
2023-07-28,6,23.1,100,0.2,0
2023-07-28,7,23.4,100,0.2,0
2023-07-28,8,24.6,100,0.7,360
2023-07-28,9,27.9,83,0.6,340
2023-07-28,10,29.5,74,0.6,20
2023-07-28,11,31.1,63,1,270
2023-07-28,12,32.3,61,1,320
2023-07-28,13,33.3,61,1.4,250
2023-07-28,14,33.9,58,2.3,270
2023-07-28,15,34,59,1.7,270
2023-07-28,16,34.2,54,1.1,250
2023-07-28,17,34.2,52,1.5,320
2023-07-28,18,34,55,1,290
2023-07-28,19,29.4,81,0.5,20
2023-07-28,20,27.4,89,1,50
2023-07-28,21,26.5,93,0.7,70
2023-07-28,22,25.7,98,0.6,340
2023-07-28,23,25.2,100,0.4,0
2023-07-29,0,24.6,100,0.5,340
2023-07-29,1,24.3,100,0.3,0
2023-07-29,2,23.9,100,0.4,0
2023-07-29,3,23.7,100,0,0
2023-07-29,4,23.5,100,0.2,0
2023-07-29,5,23.2,100,0.2,0
2023-07-29,6,23.4,100,0.6,20
2023-07-29,7,23.6,100,0.3,0
2023-07-29,8,25.4,99,0.4,0
2023-07-29,9,28.1,80,0.7,320
2023-07-29,10,30.3,73,0.8,360
2023-07-29,11,31.5,66,1,340
2023-07-29,12,32.5,62,1.3,320
2023-07-29,13,33.6,56,1.1,90
2023-07-29,14,34.6,45,1.8,270
2023-07-29,15,34.8,46,1.3,180
2023-07-29,16,35.4,41,2.1,270
2023-07-29,17,34.6,46,1.5,320
2023-07-29,18,33.6,58,1.2,340
2023-07-29,19,29.8,73,1.2,50
2023-07-29,20,27.7,80,1.1,50
2023-07-29,21,26.6,89,0.5,20
2023-07-29,22,25.8,90,0.2,0
2023-07-29,23,25.7,92,0.4,0
2023-07-30,0,25,97,0.4,0
2023-07-30,1,24.7,97,0.6,50
2023-07-30,2,24.3,99,0.3,0
2023-07-30,3,23.9,100,0.4,0
2023-07-30,4,23.5,100,0.7,20
2023-07-30,5,23.6,100,0.1,0
2023-07-30,6,23.1,100,0.5,360
2023-07-30,7,24.6,95,0.1,0
2023-07-30,8,27.1,84,0.5,250
2023-07-30,9,29.1,72,0.6,20
2023-07-30,10,30.7,66,0.7,360
2023-07-30,11,32.7,62,0.9,50
2023-07-30,12,33.3,55,1.3,200
2023-07-30,13,34.5,52,1.5,270
2023-07-30,14,34.6,53,1.7,250
2023-07-30,15,34.7,51,1.5,230
2023-07-30,16,35.1,49,1.7,200
2023-07-30,17,34.3,52,1.2,200
2023-07-30,18,33.3,58,1.5,200
2023-07-30,19,31.3,67,0.6,230
2023-07-30,20,28.9,82,0,0
2023-07-30,21,27.5,86,1.1,70
2023-07-30,22,26.7,89,0.8,70
2023-07-30,23,25.9,94,0.5,50
2023-07-31,0,25.4,95,0.4,0
2023-07-31,1,24.9,97,0.1,0
2023-07-31,2,24.2,99,0.8,50
2023-07-31,3,23.9,100,0.2,0
2023-07-31,4,23.5,100,0.3,0
2023-07-31,5,23.2,100,0.1,0
2023-07-31,6,23,100,0.5,340
2023-07-31,7,24.2,100,0.2,0
2023-07-31,8,25.7,89,0.3,0
2023-07-31,9,28.3,77,0.7,110
2023-07-31,10,29.1,73,0.3,0
2023-07-31,11,30.6,68,1.2,90
2023-07-31,12,32,65,1.6,200
2023-07-31,13,32.3,63,1.4,180
2023-07-31,14,33.4,58,1.6,180
2023-07-31,15,33.5,55,0.7,230
2023-07-31,16,33.2,57,0.5,90
2023-07-31,17,33.5,57,1.1,290
2023-07-31,18,32,60,1.9,110
2023-07-31,19,30.3,67,0.9,90
2023-07-31,20,28.5,78,0.6,50
2023-07-31,21,26.8,87,0.6,20
2023-07-31,22,26,93,0.8,20
2023-07-31,23,25.4,95,0.4,0
2023-08-01,0,25.2,97,0.3,0
2023-08-01,1,24.7,98,0.5,50
2023-08-01,2,24.3,99,0.4,0
2023-08-01,3,23.8,99,0.3,0
2023-08-01,4,23.5,100,0.6,360
2023-08-01,5,23.7,100,0.1,0
2023-08-01,6,23.8,98,0.5,50
2023-08-01,7,24.5,93,0.3,0
2023-08-01,8,26.3,83,0.6,50
2023-08-01,9,28.3,72,0.8,320
2023-08-01,10,30.6,67,1,50
2023-08-01,11,31.8,63,0.6,180
2023-08-01,12,33.1,59,1.7,230
2023-08-01,13,33.8,58,1.4,290
2023-08-01,14,34.2,54,1,230
2023-08-01,15,33.9,52,1.9,290
2023-08-01,16,34.2,51,1.7,290
2023-08-01,17,34.2,50,1.5,290
2023-08-01,18,33.9,51,1.6,270
2023-08-01,19,30.7,72,0.7,360
2023-08-01,20,28.1,82,1.1,20
2023-08-01,21,27,88,0.9,50
2023-08-01,22,26.3,94,0.4,0
2023-08-01,23,25.7,96,0.5,50
2023-08-02,0,25.1,98,0.6,360
2023-08-02,1,24.7,99,0.4,0
2023-08-02,2,24.4,99,0.2,0
2023-08-02,3,24,100,0.2,0
2023-08-02,4,23.5,100,0.5,360
2023-08-02,5,23.2,100,0.2,0
2023-08-02,6,23,100,0.3,0
2023-08-02,7,24.1,95,0.3,0
2023-08-02,8,25.6,87,0.5,320
2023-08-02,9,28.3,77,0.7,200
2023-08-02,10,30.2,68,1,270
2023-08-02,11,31.2,62,1.6,230
2023-08-02,12,32.6,61,0.9,180
2023-08-02,13,33,59,1.7,200
2023-08-02,14,33.1,60,1.2,290
2023-08-02,15,33.9,53,1.5,320
2023-08-02,16,34.7,53,1.7,250
2023-08-02,17,34.4,53,1.4,250
2023-08-02,18,33,62,0.8,200
2023-08-02,19,30.2,77,1.1,50
2023-08-02,20,28.5,84,0.9,70
2023-08-02,21,28.2,89,0.8,340
2023-08-02,22,28.5,77,0.6,180
2023-08-02,23,27.6,84,0.2,0
2023-08-03,0,26.7,94,0.1,0
2023-08-03,1,26.1,100,0.5,360
2023-08-03,2,25.8,100,0.7,250
2023-08-03,3,25.8,100,0.1,0
2023-08-03,4,25.4,100,0.3,0
2023-08-03,5,25.1,100,0.2,0
2023-08-03,6,24.9,100,0.4,0
2023-08-03,7,25.4,100,0.4,0
2023-08-03,8,26.7,94,0.4,0
2023-08-03,9,29.7,78,0.7,270
2023-08-03,10,31.1,68,1.2,320
2023-08-03,11,33.3,58,2.1,250
2023-08-03,12,33.7,55,2,290
2023-08-03,13,33.9,52,2,290
2023-08-03,14,35.1,50,2.4,250
2023-08-03,15,35.7,47,1.9,250
2023-08-03,16,35.4,48,1.9,270
2023-08-03,17,34.7,51,2.3,270
2023-08-03,18,34,57,1.4,340
2023-08-03,19,31.7,71,1,20
2023-08-03,20,29.1,82,1,50
2023-08-03,21,28.9,83,0.4,0
2023-08-03,22,28.4,89,0.7,360
2023-08-03,23,27.8,89,0.8,50
2023-08-04,0,26.8,94,1,50
2023-08-04,1,26.1,94,0.5,70
2023-08-04,2,25.7,99,0.3,0
2023-08-04,3,25.4,100,0.4,0
2023-08-04,4,24.9,100,0.5,360
2023-08-04,5,24.6,100,0.3,0
2023-08-04,6,24.7,99,0.9,70
2023-08-04,7,25,100,0.9,20
2023-08-04,8,26.1,96,0.2,0
2023-08-04,9,29.3,80,0.5,140
2023-08-04,10,30.4,72,0.7,230
2023-08-04,11,32,67,1,230
2023-08-04,12,32.2,65,1.9,290
2023-08-04,13,34.1,57,1.8,230
2023-08-04,14,35.5,51,1.8,250
2023-08-04,15,34.5,54,1.9,270
2023-08-04,16,34.4,53,1.8,320
2023-08-04,17,34.8,53,1.6,290
2023-08-04,18,34.1,59,1,250
2023-08-04,19,31.6,73,0.7,20
2023-08-04,20,29,84,1,20
2023-08-04,21,27.9,89,1,50
2023-08-04,22,27.1,95,0.4,0
2023-08-04,23,26.6,97,0.3,0
2023-08-05,0,26.1,97,0,0
2023-08-05,1,25.7,100,0.2,0
2023-08-05,2,25.1,100,0.1,0
2023-08-05,3,24.8,100,0.4,0
2023-08-05,4,24.4,100,0.4,0
2023-08-05,5,24.3,100,0.2,0
2023-08-05,6,24,100,0.1,0
2023-08-05,7,25.2,95,0.1,0
2023-08-05,8,26.4,90,0.4,0
2023-08-05,9,30,74,0.8,200
2023-08-05,10,31.7,70,0.9,110
2023-08-05,11,33.1,63,0.8,360
2023-08-05,12,33.9,59,0.9,340
2023-08-05,13,35,53,1.5,320
2023-08-05,14,35.1,51,1.1,290
2023-08-05,15,35.8,50,1.5,360
2023-08-05,16,36.5,49,1.9,320
2023-08-05,17,35.8,50,2.1,270
2023-08-05,18,35,52,1.5,290
2023-08-05,19,31.7,70,0.6,360
2023-08-05,20,29.2,81,0.8,50
2023-08-05,21,27.9,88,0.6,20
2023-08-05,22,26.9,94,0.4,0
2023-08-05,23,26.5,95,0.6,50
2023-08-06,0,25.9,97,0.6,360
2023-08-06,1,25.6,99,0.2,0
2023-08-06,2,25.4,99,0.2,0
2023-08-06,3,25,100,0.6,20
2023-08-06,4,25,100,0.6,340
2023-08-06,5,24.6,100,0.8,360
2023-08-06,6,24.4,100,0.3,0
2023-08-06,7,25.7,94,0.1,0
2023-08-06,8,28,84,0.7,320
2023-08-06,9,30.7,69,0.4,0
2023-08-06,10,32.5,61,1.2,270
2023-08-06,11,32.6,60,0.9,20
2023-08-06,12,33.8,58,1,20
2023-08-06,13,34.8,55,0.8,20
2023-08-06,14,36.3,49,1.2,50
2023-08-06,15,36.7,47,1.1,160
2023-08-06,16,32.4,68,1.4,340
2023-08-06,17,31.8,69,1.5,230
2023-08-06,18,31.4,69,1.1,250
2023-08-06,19,31,71,0.9,50
2023-08-06,20,29.3,74,1.2,50
2023-08-06,21,28.9,74,1.1,70
2023-08-06,22,26.7,89,0.6,360
2023-08-06,23,25.8,94,0.3,0
2023-08-07,0,25.6,94,0.2,0
2023-08-07,1,25.3,96,0.2,0
2023-08-07,2,25,96,0.6,50
2023-08-07,3,24.9,98,0.1,0
2023-08-07,4,24.4,100,0.2,0
2023-08-07,5,23.9,100,0.5,360
2023-08-07,6,23.9,100,0.4,0
2023-08-07,7,25.5,93,0.3,0
2023-08-07,8,26.6,90,0.6,270
2023-08-07,9,29.7,72,1,360
2023-08-07,10,32.3,61,2.6,90
2023-08-07,11,33,59,2.7,70
2023-08-07,12,34.5,54,2.3,70
2023-08-07,13,35.1,52,2,90
2023-08-07,14,34.6,50,2.5,90
2023-08-07,15,34.2,53,3.1,90
2023-08-07,16,34.4,52,3,90
2023-08-07,17,34.2,54,2.2,110
2023-08-07,18,33.4,56,2.5,70
2023-08-07,19,31.3,64,1.4,110
2023-08-07,20,29.8,70,1.4,70
2023-08-07,21,27.9,81,0.5,340
2023-08-07,22,27,85,0.1,0
2023-08-07,23,26.6,86,0.5,360
2023-08-08,0,28,78,0.8,70
2023-08-08,1,26.8,85,0.6,230
2023-08-08,2,26.7,86,0.7,250
2023-08-08,3,26.1,91,1,50
2023-08-08,4,25.4,94,0.3,0
2023-08-08,5,24.6,98,0.4,0
2023-08-08,6,24.4,98,0.5,340
2023-08-08,7,26.3,87,0.4,0
2023-08-08,8,28.1,77,0.6,340
2023-08-08,9,30.5,71,1.1,230
2023-08-08,10,30.5,70,0.8,180
2023-08-08,11,31.5,65,0.9,340
2023-08-08,12,33.5,61,2.3,110
2023-08-08,13,34,55,2.3,90
2023-08-08,14,34.1,56,3,70
2023-08-08,15,32.5,60,4.2,110
2023-08-08,16,33.7,57,2.5,90
2023-08-08,17,33.1,57,2,70
2023-08-08,18,31.7,62,2.8,70
2023-08-08,19,29.8,68,3,90
2023-08-08,20,28.5,72,2,70
2023-08-08,21,27.7,75,2.5,50
2023-08-08,22,27.2,76,2.2,50
2023-08-08,23,26.9,76,2.3,50
2023-08-09,0,26.1,80,1.6,20
2023-08-09,1,26.6,77,1.6,50
2023-08-09,2,26.5,77,1.6,50
2023-08-09,3,26.1,78,1.5,20
2023-08-09,4,25.8,80,1.4,50
2023-08-09,5,25.2,83,0.6,20
2023-08-09,6,25.7,81,1.3,20
2023-08-09,7,26.5,78,0.7,50
2023-08-09,8,27.4,76,1.3,360
2023-08-09,9,29,72,1.6,70
2023-08-09,10,29.1,71,2.6,90
2023-08-09,11,28.5,73,2.1,70
2023-08-09,12,28,77,2.1,70
2023-08-09,13,26.4,90,2.6,70
2023-08-09,14,26.1,91,1.9,70
2023-08-09,15,25.6,96,1.8,50
2023-08-09,16,25.6,100,1.3,20
2023-08-09,17,25.1,100,1.3,20
2023-08-09,18,24.9,100,1.8,50
2023-08-09,19,25.2,96,1.6,50
2023-08-09,20,24.9,98,0.8,360
2023-08-09,21,24.8,98,0.7,360
2023-08-09,22,24.3,100,1,360
2023-08-09,23,23.8,100,1.5,360
2023-08-10,0,23.6,99,1.8,20
2023-08-10,1,23.6,100,1,20
2023-08-10,2,23.9,100,2.3,20
2023-08-10,3,24.2,100,2.3,20
2023-08-10,4,24.2,100,3.7,20
2023-08-10,5,24.3,99,2.7,20
2023-08-10,6,23.4,98,3.4,20
2023-08-10,7,23.1,100,2.4,20
2023-08-10,8,23.4,99,2.9,20
2023-08-10,9,23.2,94,4.6,50
2023-08-10,10,22.9,93,5.1,50
2023-08-10,11,22.3,98,5.4,20
2023-08-10,12,22.9,98,5.6,50
2023-08-10,13,24.7,100,1.9,20
2023-08-10,14,25.6,92,2,110
2023-08-10,15,23.6,90,3.9,200
2023-08-10,16,23.1,95,3.1,180
2023-08-10,17,23.6,89,2.4,200
2023-08-10,18,22.5,98,1.4,230
2023-08-10,19,22.7,98,1.4,230
2023-08-10,20,22.6,97,0.7,250
2023-08-10,21,22.6,96,1,230
2023-08-10,22,21.8,100,0.7,160
2023-08-10,23,22.2,99,0.4,0
2023-08-11,0,22.5,98,1.1,180
2023-08-11,1,22.6,95,1.4,200
2023-08-11,2,22.3,95,0.8,230
2023-08-11,3,21.9,100,0.3,0
2023-08-11,4,21.5,100,0.9,340
2023-08-11,5,21.8,100,0.7,250
2023-08-11,6,21.8,100,0.3,0
2023-08-11,7,23,96,0.5,250
2023-08-11,8,25.2,80,1.1,230
2023-08-11,9,27.5,68,2.3,230
2023-08-11,10,27.7,68,2.4,200
2023-08-11,11,30.4,64,1.9,200
2023-08-11,12,30.8,58,2.2,200
2023-08-11,13,31.6,53,2.4,230
2023-08-11,14,31.9,52,3.2,200
2023-08-11,15,32.3,51,2.5,200
2023-08-11,16,32.7,49,2.2,200
2023-08-11,17,32.3,49,2,200
2023-08-11,18,31.5,53,1.6,200
2023-08-11,19,27.7,72,0.7,230
2023-08-11,20,24.8,90,0.4,0
2023-08-11,21,23.8,95,0.5,360
2023-08-11,22,23.4,97,0.4,0
2023-08-11,23,23.1,98,0.2,0
2023-08-12,0,23.5,95,0.3,0
2023-08-12,1,23,99,0.6,340
2023-08-12,2,22.9,100,0.5,360
2023-08-12,3,22.6,100,0.1,0
2023-08-12,4,22.4,100,0.5,340
2023-08-12,5,22.4,99,0.4,0
2023-08-12,6,22.3,100,0.1,0
2023-08-12,7,22.8,99,0,0
2023-08-12,8,23.8,93,0.1,0
2023-08-12,9,26.3,75,0.6,320
2023-08-12,10,27.4,73,0.6,230
2023-08-12,11,28.7,70,1.9,290
2023-08-12,12,28.6,71,1.4,320
2023-08-12,13,28,72,1.3,290
2023-08-12,14,28.9,68,1.3,360
2023-08-12,15,29.9,55,1.6,320
2023-08-12,16,28.4,67,1.7,290
2023-08-12,17,28.4,64,1.2,320
2023-08-12,18,27.4,72,0.7,20
2023-08-12,19,26.8,78,0.5,360
2023-08-12,20,24.8,90,0.6,360
2023-08-12,21,23.6,93,0.8,50
2023-08-12,22,22.8,99,0.2,0
2023-08-12,23,22.4,100,0,0
2023-08-13,0,22.6,98,0.4,0
2023-08-13,1,22.4,99,0.3,0
2023-08-13,2,22.4,99,0.3,0
2023-08-13,3,22,100,0.3,0
2023-08-13,4,21.5,100,0.5,20
2023-08-13,5,21.5,100,0.4,0
2023-08-13,6,21.4,100,0.3,0
2023-08-13,7,21.8,100,0.2,0
2023-08-13,8,23.3,91,0.3,0
2023-08-13,9,25.5,81,0.5,140
2023-08-13,10,27.7,71,1,270
2023-08-13,11,29.1,68,0.6,290
2023-08-13,12,30.4,63,1,320
2023-08-13,13,31,62,1.1,340
2023-08-13,14,32.2,57,1.6,270
2023-08-13,15,31.2,61,1.2,360
2023-08-13,16,31.2,59,1.1,320
2023-08-13,17,30.6,69,1.3,290
2023-08-13,18,29.8,75,0.8,90
2023-08-13,19,28.7,77,0.7,90
2023-08-13,20,27.8,80,1,90
2023-08-13,21,26.8,81,0.9,70
2023-08-13,22,26.4,81,1.2,180
2023-08-13,23,25.1,90,0.7,20
2023-08-14,0,24.9,88,0.1,0
2023-08-14,1,24.2,92,0.6,90
2023-08-14,2,23.1,97,0.7,70
2023-08-14,3,23,97,0.1,0
2023-08-14,4,22.6,98,0.4,0
2023-08-14,5,22.4,99,0.8,50
2023-08-14,6,22.4,100,0,0
2023-08-14,7,23,96,0.4,0
2023-08-14,8,25,83,0.1,0
2023-08-14,9,26.9,77,0.4,0
2023-08-14,10,28.2,69,0.8,290
2023-08-14,11,29.4,64,0.8,360
2023-08-14,12,30.3,60,1.1,140
2023-08-14,13,32.1,55,1,110
2023-08-14,14,32,58,0.8,180
2023-08-14,15,31.5,56,1.3,230
2023-08-14,16,32.2,54,0.7,20
2023-08-14,17,31.8,59,1.5,70
2023-08-14,18,31.3,61,1.5,110
2023-08-14,19,29.1,69,1.8,90
2023-08-14,20,27.8,73,0.6,110
2023-08-14,21,26.3,80,0.4,0
2023-08-14,22,24.4,91,0.1,0
2023-08-14,23,23.5,93,0.7,70
2023-08-15,0,22.9,95,0.2,0
2023-08-15,1,22.5,99,0.2,0
2023-08-15,2,22.2,100,0,0
2023-08-15,3,22.2,99,0.2,0
2023-08-15,4,22.6,96,0.3,0
2023-08-15,5,22.7,95,0.1,0
2023-08-15,6,21.9,98,0.1,0
2023-08-15,7,22.6,93,0.3,0
2023-08-15,8,25.2,81,0.6,360
2023-08-15,9,27.4,70,0.8,360
2023-08-15,10,28.5,64,1.5,360
2023-08-15,11,29.4,63,1.7,340
2023-08-15,12,30.7,56,1.5,360
2023-08-15,13,30.8,58,1.7,340
2023-08-15,14,32.7,53,1.5,50
2023-08-15,15,32.2,50,1.6,360
2023-08-15,16,33,49,1,360
2023-08-15,17,33,50,1.1,360
2023-08-15,18,32.7,54,1,270
2023-08-15,19,29,76,1,360
2023-08-15,20,27.6,82,0,0
2023-08-15,21,26.1,90,0,0
2023-08-15,22,25.8,90,0,0
2023-08-15,23,24.4,92,0,0
2023-08-16,0,23.5,90,0.1,0
2023-08-16,1,22.6,93,0.8,50
2023-08-16,2,22.3,96,0.5,20
2023-08-16,3,22.8,91,0.1,0
2023-08-16,4,23.2,91,0.4,0
2023-08-16,5,23.1,91,0.3,0
2023-08-16,6,22.6,95,0.6,270
2023-08-16,7,23.1,89,0.3,0
2023-08-16,8,24.8,81,0.2,0
2023-08-16,9,26.9,70,0.5,340
2023-08-16,10,28.4,64,1,360
2023-08-16,11,29.3,64,0.8,50
2023-08-16,12,30.3,62,1.2,320
2023-08-16,13,31.5,58,1.5,290
2023-08-16,14,32.1,57,1.3,200
2023-08-16,15,32.9,54,1.9,250
2023-08-16,16,32.8,54,1.4,290
2023-08-16,17,32,54,1.1,290
2023-08-16,18,30.4,69,0.6,50
2023-08-16,19,29.2,75,1.4,200
2023-08-16,20,27.8,76,1.5,200
2023-08-16,21,26.6,78,1,200
2023-08-16,22,24.5,96,1,200
2023-08-16,23,24.4,94,0.8,180
2023-08-17,0,24.4,92,0.7,160
2023-08-17,1,23.8,100,0.6,340
2023-08-17,2,23.9,99,0.5,200
2023-08-17,3,23.8,100,0.5,340
2023-08-17,4,23.4,100,0.9,50
2023-08-17,5,23.3,100,0,0
2023-08-17,6,23.2,100,0.6,20
2023-08-17,7,23.7,99,1.2,50
2023-08-17,8,24.2,94,0.6,360
2023-08-17,9,24.9,89,0.9,20
2023-08-17,10,26.1,83,0.2,0
2023-08-17,11,26.4,80,0.8,340
2023-08-17,12,26.3,80,1.9,90
2023-08-17,13,26.9,80,0.6,90
2023-08-17,14,26.9,77,1.4,110
2023-08-17,15,27.8,77,0.8,160
2023-08-17,16,28.1,73,0.3,0
2023-08-17,17,29.2,70,0.8,320
2023-08-17,18,29.4,71,0.5,70
2023-08-17,19,27.4,84,0.1,0
2023-08-17,20,25.7,95,0.7,340
2023-08-17,21,25.1,96,0.4,0
2023-08-17,22,24.2,100,0.3,0
2023-08-17,23,24.1,100,0.5,340
2023-08-18,0,23.9,100,0.1,0
2023-08-18,1,23.6,100,0.3,0
2023-08-18,2,23.5,100,0.1,0
2023-08-18,3,23.3,100,0.3,0
2023-08-18,4,22.9,100,0.7,70
2023-08-18,5,22.9,100,0,0
2023-08-18,6,22.9,100,0,0
2023-08-18,7,23,100,0.7,20
2023-08-18,8,24,96,0.3,0
2023-08-18,9,24.6,95,0.4,0
2023-08-18,10,26.3,83,0.9,250
2023-08-18,11,28.3,74,0.8,20
2023-08-18,12,30.4,68,1.3,180
2023-08-18,13,30,69,0.4,0
2023-08-18,14,29.5,72,0.8,90
2023-08-18,15,25.5,100,0.6,230
2023-08-18,16,25.2,100,0.5,320
2023-08-18,17,25.7,99,0.6,340
2023-08-18,18,25.4,100,0.4,0
2023-08-18,19,25.3,99,0.5,180
2023-08-18,20,24.9,100,0.4,0
2023-08-18,21,24.8,100,0.3,0
2023-08-18,22,24.7,100,0.1,0
2023-08-18,23,24.7,100,0.2,0
2023-08-19,0,24.6,100,0.1,0
2023-08-19,1,24.4,100,0.3,0
2023-08-19,2,24.4,100,0,0
2023-08-19,3,24.1,100,0.7,50
2023-08-19,4,24,100,0,0
2023-08-19,5,23.6,100,0.4,0
2023-08-19,6,23.4,100,0.3,0
2023-08-19,7,24,100,0.3,0
2023-08-19,8,24.7,98,0.2,0
2023-08-19,9,25.1,95,1,270
2023-08-19,10,27,84,0.6,20
2023-08-19,11,28.3,78,1.2,270
2023-08-19,12,29.7,73,1.3,250
2023-08-19,13,30.8,67,1.2,250
2023-08-19,14,31.7,62,1.7,180
2023-08-19,15,31.9,61,1.4,250
2023-08-19,16,32.4,63,1.2,230
2023-08-19,17,32.3,62,1.5,230
2023-08-19,18,31.6,69,1.1,200
2023-08-19,19,30,74,0.9,180
2023-08-19,20,27.6,91,0.5,50
2023-08-19,21,26.6,97,0.3,0
2023-08-19,22,26.3,99,0.2,0
2023-08-19,23,25.6,100,0.3,0
2023-08-20,0,25.2,100,0,0
2023-08-20,1,24.9,100,0.3,0
2023-08-20,2,24.8,100,0.1,0
2023-08-20,3,24.7,100,0,0
2023-08-20,4,24.6,100,0,0
2023-08-20,5,24.4,100,0.2,0
2023-08-20,6,24.4,100,0.3,0
2023-08-20,7,24.7,100,0,0
2023-08-20,8,25.7,98,0.1,0
2023-08-20,9,26.7,92,0.3,0
2023-08-20,10,27.5,89,0.4,0
2023-08-20,11,29.1,81,0.7,200
2023-08-20,12,30.8,74,1.5,270
2023-08-20,13,32.6,64,0.7,180
2023-08-20,14,33.6,60,1.1,270
2023-08-20,15,34,59,1,200
2023-08-20,16,32.7,67,1.3,270
2023-08-20,17,30.1,79,0.4,0
2023-08-20,18,28.7,94,1.4,270
2023-08-20,19,28.5,89,1.4,250
2023-08-20,20,26.5,89,2.3,90
2023-08-20,21,25.6,95,0.9,70
2023-08-20,22,25,100,0.4,0
2023-08-20,23,24.6,100,0.5,360
2023-08-21,0,24.7,100,0.6,360
2023-08-21,1,24.8,99,0.9,70
2023-08-21,2,24.6,100,0.2,0
2023-08-21,3,24.7,100,0.1,0
2023-08-21,4,24.8,98,0,0
2023-08-21,5,24.6,100,0.5,50
2023-08-21,6,24.5,100,0.3,0
2023-08-21,7,24.8,100,0.4,0
2023-08-21,8,25.6,94,0.2,0
2023-08-21,9,27.1,86,0.8,340
2023-08-21,10,29.4,77,0.8,290
2023-08-21,11,31.1,66,1.6,200
2023-08-21,12,32.6,58,2.4,230
2023-08-21,13,33,58,1.1,160
2023-08-21,14,33.6,56,1.9,270
2023-08-21,15,32.9,61,1.3,200
2023-08-21,16,33.7,54,2.2,200
2023-08-21,17,33.9,56,1.4,230
2023-08-21,18,31.7,63,1.2,200
2023-08-21,19,28.7,81,0.9,20
2023-08-21,20,26.9,91,0.6,340
2023-08-21,21,26,95,0.5,20
2023-08-21,22,25.4,98,0.4,0
2023-08-21,23,24.6,100,0.5,360
2023-08-22,0,24.3,100,0.7,340
2023-08-22,1,24.1,100,0.3,0
2023-08-22,2,23.8,100,0.1,0
2023-08-22,3,23.4,100,0,0
2023-08-22,4,23,100,0.2,0
2023-08-22,5,22.9,100,0.6,340
2023-08-22,6,22.8,100,0.3,0
2023-08-22,7,23.6,100,0,0
2023-08-22,8,25,91,0.3,0
2023-08-22,9,27.1,84,0.5,290
2023-08-22,10,29.1,75,1,270
2023-08-22,11,30.4,68,2,200
2023-08-22,12,31.3,65,1.6,200
2023-08-22,13,32.8,61,2.3,200
2023-08-22,14,33.9,55,2.5,230
2023-08-22,15,33.6,57,1.8,230
2023-08-22,16,33.9,55,2,200
2023-08-22,17,33.2,56,2,230
2023-08-22,18,31.5,64,1.9,200
2023-08-22,19,29.6,70,1.5,200
2023-08-22,20,27.4,85,0.5,320
2023-08-22,21,26.2,91,0.1,0
2023-08-22,22,25.3,95,0.6,20
2023-08-22,23,24.8,94,0.6,70
2023-08-23,0,24.5,97,0.2,0
2023-08-23,1,23.8,98,0.1,0
2023-08-23,2,23.2,100,0.6,340
2023-08-23,3,23.1,99,0.6,340
2023-08-23,4,22.4,100,0.4,0
2023-08-23,5,22.5,100,0.2,0
2023-08-23,6,22.3,100,0.4,0
2023-08-23,7,23.5,97,0.3,0
2023-08-23,8,26.3,82,0.8,290
2023-08-23,9,29.4,70,1.1,200
2023-08-23,10,29.8,69,1.2,200
2023-08-23,11,31,62,2.1,230
2023-08-23,12,32.2,59,2.4,200
2023-08-23,13,32.5,60,1.7,200
2023-08-23,14,32.8,57,1.4,180
2023-08-23,15,34.2,55,2.4,230
2023-08-23,16,33.6,54,2.3,230
2023-08-23,17,33,53,1.1,180
2023-08-23,18,31.6,59,1.3,200
2023-08-23,19,29.3,70,0.1,0
2023-08-23,20,26.7,83,0.9,70
2023-08-23,21,26.5,86,0.2,0
2023-08-23,22,26.2,89,0.5,20
2023-08-23,23,26,89,0.9,360
2023-08-24,0,25.2,97,0.4,0
2023-08-24,1,25.2,100,0,0
2023-08-24,2,25.2,96,0.6,140
2023-08-24,3,24.6,100,0.3,0
2023-08-24,4,24.5,97,0.4,0
2023-08-24,5,23.9,100,0.4,0
2023-08-24,6,24.2,96,0.8,110
2023-08-24,7,24.2,98,0.3,0
2023-08-24,8,24.3,99,0.1,0
2023-08-24,9,25,92,0.7,20
2023-08-24,10,25.3,93,0.5,20
2023-08-24,11,26.4,87,1.1,50
2023-08-24,12,28.8,77,0.6,70
2023-08-24,13,29.2,74,1.1,160
2023-08-24,14,30.2,70,1.7,140
2023-08-24,15,30.4,69,1.4,180
2023-08-24,16,28.4,77,1.2,180
2023-08-24,17,28,80,1,230
2023-08-24,18,26.6,93,1.2,230
2023-08-24,19,24.6,99,0.8,50
2023-08-24,20,24.4,100,0.6,360
2023-08-24,21,24.4,100,0.5,360
2023-08-24,22,24.4,100,0.7,360
2023-08-24,23,24.1,100,0.8,20
2023-08-25,0,24,100,1.2,360
2023-08-25,1,23.9,100,0.9,270
2023-08-25,2,23.8,100,1.3,250
2023-08-25,3,23.8,100,0.7,230
2023-08-25,4,23.7,100,0.2,0
2023-08-25,5,23.3,100,0.3,0
2023-08-25,6,23,100,0.1,0
2023-08-25,7,23.2,100,0.1,0
2023-08-25,8,24.6,98,0.4,0
2023-08-25,9,26,82,1.5,270
2023-08-25,10,28.4,72,2.3,270
2023-08-25,11,29.7,63,2.4,250
2023-08-25,12,30.7,56,2.4,270
2023-08-25,13,31.1,53,3.2,250
2023-08-25,14,31.7,49,3.5,270
2023-08-25,15,32.2,48,2.9,270
2023-08-25,16,32.2,47,2.3,270
2023-08-25,17,31.2,49,2.9,270
2023-08-25,18,30.1,53,1.5,270
2023-08-25,19,25.5,80,0.5,360
2023-08-25,20,23.6,89,0.9,50
2023-08-25,21,22.7,95,0.6,50
2023-08-25,22,21.9,99,0.6,20
2023-08-25,23,21.5,100,0.3,0
2023-08-26,0,21.1,100,0.1,0
2023-08-26,1,20.4,100,0,0
2023-08-26,2,20.1,100,0.2,0
2023-08-26,3,19.9,100,0.3,0
2023-08-26,4,19.4,100,0.4,0
2023-08-26,5,19.4,100,0.1,0
2023-08-26,6,19,100,0,0
2023-08-26,7,19.2,100,0.3,0
2023-08-26,8,20,100,0.3,0
2023-08-26,9,22.7,94,1.1,270
2023-08-26,10,25.6,76,1,290
2023-08-26,11,27.2,68,1,20
2023-08-26,12,29.3,66,1.1,360
2023-08-26,13,31,58,1.4,250
2023-08-26,14,31.1,54,1.2,340
2023-08-26,15,30.9,55,1,270
2023-08-26,16,31.7,56,2,320
2023-08-26,17,31.4,54,1.2,320
2023-08-26,18,30,64,1.3,270
2023-08-26,19,27.9,75,1.1,90
2023-08-26,20,26.4,81,0.7,70
2023-08-26,21,25.2,90,0.2,0
2023-08-26,22,24,96,0.2,0
2023-08-26,23,23.3,97,0.4,0
2023-08-27,0,22.8,97,0.4,0
2023-08-27,1,22.1,100,0.6,20
2023-08-27,2,21.8,100,0.3,0
2023-08-27,3,21.3,100,0.5,20
2023-08-27,4,21,100,0.2,0
2023-08-27,5,20.7,100,0.7,50
2023-08-27,6,20.3,100,0.8,50
2023-08-27,7,20.4,100,0.9,20
2023-08-27,8,22.6,91,0.4,0
2023-08-27,9,24.5,81,0.7,340
2023-08-27,10,26.7,69,0.8,360
2023-08-27,11,28.5,65,1,20
2023-08-27,12,30.3,58,0.8,270
2023-08-27,13,30.2,57,0.7,360
2023-08-27,14,30.7,57,1,290
2023-08-27,15,30.7,54,0.8,160
2023-08-27,16,30.3,62,2,90
2023-08-27,17,28.8,69,1.9,70
2023-08-27,18,27.3,71,1.6,70
2023-08-27,19,25.6,75,1.4,160
2023-08-27,20,24.9,79,0.2,0
2023-08-27,21,24.5,81,0.6,180
2023-08-27,22,24.4,84,0.6,110
2023-08-27,23,23.5,93,0.3,0
2023-08-28,0,23.1,95,1.1,320
2023-08-28,1,23.2,93,0,0
2023-08-28,2,23,96,0.1,0
2023-08-28,3,23,97,0.5,340
2023-08-28,4,22.6,99,0.8,50
2023-08-28,5,22,100,0.9,50
2023-08-28,6,22,100,0.3,0
2023-08-28,7,22.3,100,0.2,0
2023-08-28,8,23.5,89,0.3,0
2023-08-28,9,26,78,0.5,230
2023-08-28,10,27.1,72,1.2,290
2023-08-28,11,28.4,68,0.9,270
2023-08-28,12,28.8,66,0.8,160
2023-08-28,13,28.8,64,2.1,140
2023-08-28,14,29.1,65,1.4,90
2023-08-28,15,28.7,67,1.4,110
2023-08-28,16,28.2,70,1.8,70
2023-08-28,17,27.4,76,0.9,50
2023-08-28,18,27.8,75,0.3,0
2023-08-28,19,26.3,84,0.4,0
2023-08-28,20,25.1,92,0.2,0
2023-08-28,21,24.1,96,0.4,0
2023-08-28,22,23.5,98,0.7,50
2023-08-28,23,23.3,100,0.3,0
2023-08-29,0,23.2,99,0.2,0
2023-08-29,1,22.5,100,0.5,360
2023-08-29,2,22.3,100,0.5,340
2023-08-29,3,22.1,100,0.4,0
2023-08-29,4,22,100,0.5,340
2023-08-29,5,22.2,100,0.2,0
2023-08-29,6,22,100,0.1,0
2023-08-29,7,23.4,96,0.3,0
2023-08-29,8,28.1,74,1.1,160
2023-08-29,9,28.5,71,1.3,200
2023-08-29,10,27.6,78,1.9,200
2023-08-29,11,28.9,71,2.4,200
2023-08-29,12,29.3,71,1.8,200
2023-08-29,13,28.7,75,1.8,200
2023-08-29,14,27.4,84,1.4,230
2023-08-29,15,27.2,86,1.1,200
2023-08-29,16,25.7,100,0.9,230
2023-08-29,17,26.7,96,0.7,230
2023-08-29,18,26.3,93,1.9,180
2023-08-29,19,25.8,99,1,230
2023-08-29,20,25.2,100,0,0
2023-08-29,21,25.2,100,0.2,0
2023-08-29,22,25.2,100,0.1,0
2023-08-29,23,24.9,100,0.4,0
2023-08-30,0,24.7,100,0.1,0
2023-08-30,1,24.8,100,0.2,0
2023-08-30,2,24.6,100,0,0
2023-08-30,3,24.6,100,0.3,0
2023-08-30,4,24.4,100,0,0
2023-08-30,5,24.5,100,0.4,0
2023-08-30,6,23.2,100,1.3,270
2023-08-30,7,22.4,100,0.8,250
2023-08-30,8,22.6,100,0,0
2023-08-30,9,22.9,100,0.7,230
2023-08-30,10,22.7,100,0.5,250
2023-08-30,11,23.5,99,0.4,0
2023-08-30,12,23.3,100,0,0
2023-08-30,13,24.2,100,0.2,0
2023-08-30,14,24,100,0.1,0
2023-08-30,15,24.4,100,0.5,320
2023-08-30,16,25.2,97,0.6,250
2023-08-30,17,25.2,97,0.4,0
2023-08-30,18,25.4,98,0,0
2023-08-30,19,25.1,100,0.9,250
2023-08-30,20,23.4,100,0.6,180
2023-08-30,21,22.6,100,0.4,0
2023-08-30,22,22,100,1,180
2023-08-30,23,21.6,100,1,270
2023-08-31,0,21.4,100,0.6,230
2023-08-31,1,21.3,100,0.3,0
2023-08-31,2,21.3,100,1,270
2023-08-31,3,21,100,0.5,200
2023-08-31,4,21,100,1,160
2023-08-31,5,21.1,100,0.4,0
2023-08-31,6,21.1,100,0.4,0
2023-08-31,7,21.2,100,0.4,0
2023-08-31,8,21.6,100,0.2,0
2023-08-31,9,22.6,93,0.1,0
2023-08-31,10,23.3,82,0.3,0
2023-08-31,11,25.4,75,0.8,320
2023-08-31,12,26.4,70,0.5,160
2023-08-31,13,26.5,70,0.5,90
2023-08-31,14,26.6,71,1.1,200
2023-08-31,15,27.9,67,1.1,180
2023-08-31,16,27.6,69,1.1,200
2023-08-31,17,26.6,76,0.8,200
2023-08-31,18,25.7,80,0.5,230
2023-08-31,19,24.4,91,0.5,70
2023-08-31,20,23.4,98,0.4,0
2023-08-31,21,23.2,98,0.3,0
2023-08-31,22,23.2,100,0.1,0
2023-08-31,23,23.2,100,0.3,0
2023-09-01,0,23.2,100,0,0
2023-09-01,1,23.1,100,0.2,0
2023-09-01,2,22.9,100,0.5,340
2023-09-01,3,22.7,100,0,0
2023-09-01,4,22.4,100,0.6,20
2023-09-01,5,22.6,98,0.9,320
2023-09-01,6,22.5,98,0.9,320
2023-09-01,7,22.5,98,0.5,290
2023-09-01,8,22.5,96,1.2,250
2023-09-01,9,23.4,90,0.8,200
2023-09-01,10,23.8,81,0.6,50
2023-09-01,11,24.8,75,0.8,290
2023-09-01,12,26.1,69,0.6,340
2023-09-01,13,27.1,66,1,140
2023-09-01,14,27.6,63,1.3,340
2023-09-01,15,29,59,0.8,70
2023-09-01,16,29.1,54,1.3,290
2023-09-01,17,29.4,55,0.9,230
2023-09-01,18,28.1,66,1.1,290
2023-09-01,19,23.9,85,1.1,50
2023-09-01,20,22.2,95,0.8,50
2023-09-01,21,21.3,100,0.1,0
2023-09-01,22,20.4,100,0.4,0
2023-09-01,23,19.8,100,0.1,0
2023-09-02,0,19.7,100,0.2,0
2023-09-02,1,19.1,100,0.3,0
2023-09-02,2,18.6,100,0.3,0
2023-09-02,3,18.9,100,0.3,0
2023-09-02,4,19.4,100,0.4,0
2023-09-02,5,19.5,100,0.5,340
2023-09-02,6,19.7,100,0.4,0
2023-09-02,7,19.9,100,0.8,20
2023-09-02,8,20.7,100,0,0
2023-09-02,9,21.4,96,0.7,20
2023-09-02,10,22.2,93,0.5,90
2023-09-02,11,24.4,85,2,290
2023-09-02,12,26.9,73,0.3,0
2023-09-02,13,28.9,65,1.3,340
2023-09-02,14,30.3,54,1.4,230
2023-09-02,15,30.2,56,0.9,160
2023-09-02,16,29.4,63,1.5,110
2023-09-02,17,27.9,69,1.5,140
2023-09-02,18,27.1,69,1.3,90
2023-09-02,19,25.8,75,0.8,160
2023-09-02,20,25.1,75,1.6,180
2023-09-02,21,23.9,90,0.6,340
2023-09-02,22,23.1,96,0.6,360
2023-09-02,23,22.8,98,0.5,320
2023-09-03,0,22.5,97,0.6,70
2023-09-03,1,22.7,98,0.2,0
2023-09-03,2,22.6,98,0.4,0
2023-09-03,3,22.6,98,0.6,250
2023-09-03,4,22.5,100,0,0
2023-09-03,5,22.4,100,0.1,0
2023-09-03,6,22.3,100,0.3,0
2023-09-03,7,22.7,100,0.7,360
2023-09-03,8,23.8,91,0.5,250
2023-09-03,9,25.5,83,0.8,200
2023-09-03,10,26.9,78,1.2,230
2023-09-03,11,27.2,74,1.1,270
2023-09-03,12,28.6,72,1.3,320
2023-09-03,13,30,65,1.8,230
2023-09-03,14,30.3,64,0.9,230
2023-09-03,15,32,57,1.5,180
2023-09-03,16,29.5,67,2,140
2023-09-03,17,29,68,2.2,90
2023-09-03,18,28.5,68,1.3,70
2023-09-03,19,25.8,85,0.4,0
2023-09-03,20,24.7,92,0.5,360
2023-09-03,21,24.2,95,0.7,360
2023-09-03,22,24.1,98,0.4,0
2023-09-03,23,23.6,100,0.6,360
2023-09-04,0,23.4,100,0.6,360
2023-09-04,1,23.1,100,0.6,360
2023-09-04,2,23.2,100,0.3,0
2023-09-04,3,22.8,100,0,0
2023-09-04,4,22.4,100,0.1,0
2023-09-04,5,21.7,100,0.3,0
2023-09-04,6,21.6,100,0.1,0
2023-09-04,7,21.9,100,0.5,50
2023-09-04,8,24.4,89,0.3,0
2023-09-04,9,26.1,78,0.9,320
2023-09-04,10,27.8,73,0.6,140
2023-09-04,11,30.2,62,2,70
2023-09-04,12,29.8,63,1.9,70
2023-09-04,13,30.2,62,2,50
2023-09-04,14,31.2,58,3.2,50
2023-09-04,15,31.8,53,3,70
2023-09-04,16,31.5,56,2.4,90
2023-09-04,17,30.3,61,2.3,70
2023-09-04,18,29,66,1.7,90
2023-09-04,19,26.4,77,1.4,20
2023-09-04,20,25,86,0.2,0
2023-09-04,21,24.1,89,0.5,70
2023-09-04,22,23,93,0.9,50
2023-09-04,23,22.7,95,0.4,0
2023-09-05,0,22.5,96,0.1,0
2023-09-05,1,22.6,95,0.5,360
2023-09-05,2,22.6,96,0.2,0
2023-09-05,3,22.3,98,0.2,0
2023-09-05,4,22.1,99,0,0
2023-09-05,5,21.7,99,0.3,0
2023-09-05,6,21,100,0.3,0
2023-09-05,7,21.6,98,0.3,0
2023-09-05,8,24.2,84,0.2,0
2023-09-05,9,26.5,66,2.1,90
2023-09-05,10,27.6,54,2.4,70
2023-09-05,11,28.9,52,2,70
2023-09-05,12,30.1,49,1.9,70
2023-09-05,13,30.5,41,3.5,50
2023-09-05,14,30.2,45,3,20
2023-09-05,15,30.6,41,1.4,70
2023-09-05,16,30.8,43,1.8,70
2023-09-05,17,30.2,41,2.2,70
2023-09-05,18,28.2,51,1.6,70
2023-09-05,19,24.7,68,1.3,20
2023-09-05,20,23.4,76,0.8,50
2023-09-05,21,22.6,82,0.5,20
2023-09-05,22,22,85,0,0
2023-09-05,23,21.4,87,0.5,20
2023-09-06,0,20.6,90,0.3,0
2023-09-06,1,19.8,92,0.3,0
2023-09-06,2,19.5,95,0.1,0
2023-09-06,3,19,98,0.2,0
2023-09-06,4,18.5,100,0.3,0
2023-09-06,5,18.3,100,0.6,340
2023-09-06,6,18,100,0.4,0
2023-09-06,7,18.6,100,0.1,0
2023-09-06,8,21,87,0.5,340
2023-09-06,9,24.3,73,0.6,140
2023-09-06,10,27.3,64,1,320
2023-09-06,11,28.4,60,1.9,50
2023-09-06,12,30.1,52,2.3,70
2023-09-06,13,30.4,51,1.6,70
2023-09-06,14,30.4,50,2.9,50
2023-09-06,15,30.9,47,2.2,90
2023-09-06,16,30.8,47,2.4,90
2023-09-06,17,30,50,2.7,70
2023-09-06,18,28.4,58,2.1,70
2023-09-06,19,25.9,67,1.3,50
2023-09-06,20,24.4,73,0.5,70
2023-09-06,21,22,86,0.3,0
2023-09-06,22,21.1,87,0.6,340
2023-09-06,23,20.3,93,0,0
2023-09-07,0,19.2,96,0.3,0
2023-09-07,1,18.3,99,0.2,0
2023-09-07,2,17.7,100,0.4,0
2023-09-07,3,16.9,100,0.2,0
2023-09-07,4,16.2,100,0.1,0
2023-09-07,5,15.9,100,0,0
2023-09-07,6,15.5,100,0,0
2023-09-07,7,15.7,100,0,0
2023-09-07,8,16.7,100,0,0
2023-09-07,9,22.4,66,0.3,0
2023-09-07,10,25.8,59,1.5,110
2023-09-07,11,26.6,56,3.1,50
2023-09-07,12,28.1,52,2.6,70
2023-09-07,13,29.6,48,2.7,50
2023-09-07,14,30,45,2.9,50
2023-09-07,15,30.1,45,2.8,50
2023-09-07,16,29.2,44,3.8,50
2023-09-07,17,28.4,44,3.8,70
2023-09-07,18,27,51,1.8,70
2023-09-07,19,23.2,72,1.4,70
2023-09-07,20,20.8,81,0.8,90
2023-09-07,21,19.4,86,0.9,50
2023-09-07,22,18.6,91,0.8,50
2023-09-07,23,18.1,94,0.3,0
2023-09-08,0,17.4,97,0.9,20
2023-09-08,1,16.9,98,0.4,0
2023-09-08,2,16.3,100,0.2,0
2023-09-08,3,15.8,100,0.2,0
2023-09-08,4,15.8,100,0.1,0
2023-09-08,5,15.6,100,0.2,0
2023-09-08,6,15.3,100,0.3,0
2023-09-08,7,16.1,100,0,0
2023-09-08,8,18.7,88,0.3,0
2023-09-08,9,21.2,77,0.2,0
2023-09-08,10,24.2,68,0.9,180
2023-09-08,11,27,54,2.7,90
2023-09-08,12,27.7,51,1.7,140
2023-09-08,13,28.3,45,1.3,110
2023-09-08,14,28.7,45,1.4,70
2023-09-08,15,29.4,45,1.3,50
2023-09-08,16,28.6,46,1.1,50
2023-09-08,17,29.1,44,1.1,90
2023-09-08,18,26.5,59,1.2,340
2023-09-08,19,23,76,0.6,70
2023-09-08,20,21.5,85,0.6,360
2023-09-08,21,20.2,91,0.6,20
2023-09-08,22,19.2,95,0.4,0
2023-09-08,23,18.4,98,0.2,0
2023-09-09,0,17.9,99,0.3,0
2023-09-09,1,17.5,100,0.6,20
2023-09-09,2,17.2,100,0.1,0
2023-09-09,3,16.7,100,0.3,0
2023-09-09,4,16.2,100,0.6,340
2023-09-09,5,15.8,100,0.2,0
2023-09-09,6,15.4,100,0.5,340
2023-09-09,7,16,100,0.1,0
2023-09-09,8,17.7,95,0.9,230
2023-09-09,9,20.1,85,0.6,270
2023-09-09,10,23.8,72,1,290
2023-09-09,11,25.5,64,0.7,290
2023-09-09,12,27.2,53,1.2,360
2023-09-09,13,28.4,45,1.5,250
2023-09-09,14,29.2,42,1.6,90
2023-09-09,15,29.4,40,0.9,340
2023-09-09,16,29.5,42,1.2,50
2023-09-09,17,29.8,42,1.3,270
2023-09-09,18,28.2,55,0.7,270
2023-09-09,19,23.3,77,0.2,0
2023-09-09,20,21.3,86,0.3,0
2023-09-09,21,19.9,92,0.6,360
2023-09-09,22,19,95,0.8,360
2023-09-09,23,18.5,97,0.5,360
2023-09-10,0,18,99,0.5,340
2023-09-10,1,17.7,100,0.4,0
2023-09-10,2,17.3,100,0.3,0
2023-09-10,3,17.2,100,0.1,0
2023-09-10,4,16.6,100,0.1,0
2023-09-10,5,16.4,100,0.4,0
2023-09-10,6,16.5,100,0.2,0
2023-09-10,7,16.8,100,0.3,0
2023-09-10,8,18.6,95,0.7,50
2023-09-10,9,21.7,83,0.5,340
2023-09-10,10,24.4,66,0.9,340
2023-09-10,11,26.1,62,0.8,340
2023-09-10,12,28.3,58,1.2,250
2023-09-10,13,28.9,53,0.8,20
2023-09-10,14,29.1,55,1.5,200
2023-09-10,15,29,56,1.4,200
2023-09-10,16,29.9,54,1.2,200
2023-09-10,17,29.6,51,1,230
2023-09-10,18,28.2,59,0.9,20
2023-09-10,19,25.7,70,0.9,140
2023-09-10,20,23.1,86,0.7,50
2023-09-10,21,22,93,0.5,360
2023-09-10,22,21.3,96,0.8,20
2023-09-10,23,20.6,98,0.8,360
2023-09-11,0,19.9,100,0.3,0
2023-09-11,1,19.4,99,0.6,20
2023-09-11,2,19.1,99,0.7,50
2023-09-11,3,19,99,0.4,0
2023-09-11,4,19.2,99,0.1,0
2023-09-11,5,19.2,98,0.2,0
2023-09-11,6,19.1,99,0.5,50
2023-09-11,7,19,100,0.3,0
2023-09-11,8,20.5,90,0.2,0
2023-09-11,9,22.9,78,0.6,50
2023-09-11,10,25.3,68,1.1,340
2023-09-11,11,27.5,64,1.4,160
2023-09-11,12,28.4,63,0.9,360
2023-09-11,13,29.7,55,2.1,340
2023-09-11,14,30,54,0.9,340
2023-09-11,15,30.9,46,2.2,250
2023-09-11,16,30.8,45,1.5,270
2023-09-11,17,30.6,45,1.4,270
2023-09-11,18,27.4,65,0.9,340
2023-09-11,19,24,78,1.3,50
2023-09-11,20,22.8,86,0.6,340
2023-09-11,21,21.5,92,0.4,0
2023-09-11,22,21.3,92,0.8,50
2023-09-11,23,20.6,95,0.6,360
2023-09-12,0,20.4,97,0.2,0
2023-09-12,1,20.6,97,0.4,0
2023-09-12,2,20.5,98,0.4,0
2023-09-12,3,20.2,99,0.2,0
2023-09-12,4,20,100,0.2,0
2023-09-12,5,19.9,100,0.3,0
2023-09-12,6,19.8,100,0.5,340
2023-09-12,7,20.4,99,0.4,0
2023-09-12,8,21.6,93,0.2,0
2023-09-12,9,23.6,87,0.6,270
2023-09-12,10,26.7,73,0.4,0
2023-09-12,11,27.1,70,0.4,0
2023-09-12,12,28.6,62,1.3,320
2023-09-12,13,29.9,57,1.2,270
2023-09-12,14,30.8,54,1.6,160
2023-09-12,15,30.6,53,1.1,200
2023-09-12,16,30.5,55,1,180
2023-09-12,17,29.4,60,1.1,200
2023-09-12,18,28.2,68,0.5,230
2023-09-12,19,25.9,82,0.2,0
2023-09-12,20,24.5,87,0.9,50
2023-09-12,21,24,91,0.2,0
2023-09-12,22,23.4,92,0.6,50
2023-09-12,23,23.1,94,0.6,50
2023-09-13,0,22.9,96,0.3,0
2023-09-13,1,22.6,97,0.2,0
2023-09-13,2,22.3,98,0.4,0
2023-09-13,3,22.2,97,0.4,0
2023-09-13,4,22,99,0.4,0
2023-09-13,5,21.8,100,0,0
2023-09-13,6,21.9,99,0.3,0
2023-09-13,7,22,99,0.3,0
2023-09-13,8,22.8,94,0.3,0
2023-09-13,9,23.6,89,0.2,0
2023-09-13,10,25.3,82,0.1,0
2023-09-13,11,26.3,76,0.7,360
2023-09-13,12,27,69,0.9,20
2023-09-13,13,26.9,74,0.9,360
2023-09-13,14,27.1,74,0.8,360
2023-09-13,15,27.1,74,1.3,320
2023-09-13,16,25.4,88,0.5,50
2023-09-13,17,23.5,96,1.1,360
2023-09-13,18,23,99,0.7,20
2023-09-13,19,22.9,100,0.9,70
2023-09-13,20,22.8,100,1.5,110
2023-09-13,21,22.6,100,0.1,0
2023-09-13,22,22.4,100,0.6,20
2023-09-13,23,22.2,100,0.3,0
2023-09-14,0,21.8,100,0.6,20
2023-09-14,1,21.7,100,0.8,20
2023-09-14,2,21.6,99,0.7,360
2023-09-14,3,21.3,99,0.3,0
2023-09-14,4,21,100,0.2,0
2023-09-14,5,20.8,100,0.5,20
2023-09-14,6,20.9,100,0.4,0
2023-09-14,7,20.8,100,0.3,0
2023-09-14,8,21.3,100,0.5,50
2023-09-14,9,21.8,100,0.8,360
2023-09-14,10,22.2,100,0.9,360
2023-09-14,11,23.4,91,1.1,20
2023-09-14,12,23.8,87,0.2,0
2023-09-14,13,23.7,95,0.7,200
2023-09-14,14,23.8,88,1.3,20
2023-09-14,15,24.2,85,1.3,20
2023-09-14,16,24.2,86,0.6,360
2023-09-14,17,23.6,91,1,70
2023-09-14,18,22.8,99,0.5,20
2023-09-14,19,22.3,100,0.5,50
2023-09-14,20,22.2,100,0.4,0
2023-09-14,21,21.9,100,0.6,360
2023-09-14,22,21.7,100,0.3,0
2023-09-14,23,21.4,100,0,0
2023-09-15,0,21.3,100,0.3,0
2023-09-15,1,21.4,100,0.8,50
2023-09-15,2,21.3,100,0.3,0
2023-09-15,3,21.4,100,0.8,50
2023-09-15,4,21.3,100,0,0
2023-09-15,5,21.2,100,0.4,0
2023-09-15,6,21.1,100,0.3,0
2023-09-15,7,21.2,100,0.3,0
2023-09-15,8,21.6,99,0.4,0
2023-09-15,9,21.4,100,0.8,360
2023-09-15,10,21.4,100,0.7,20
2023-09-15,11,21.8,100,1,360
2023-09-15,12,22.2,100,1.1,20
2023-09-15,13,22.8,97,0,0
2023-09-15,14,22.3,100,1.1,360
2023-09-15,15,22.9,99,0.4,0
2023-09-15,16,22.6,99,0.2,0
2023-09-15,17,22.7,100,0.2,0
2023-09-15,18,22.6,100,0.5,20
2023-09-15,19,22.4,100,0.3,0
2023-09-15,20,22.2,100,0.3,0
2023-09-15,21,22.1,100,0.1,0
2023-09-15,22,21.9,100,0.1,0
2023-09-15,23,21.8,100,0.1,0
2023-09-16,0,21.9,100,0.1,0
2023-09-16,1,21.7,100,0.5,70
2023-09-16,2,21.4,100,0,0
2023-09-16,3,21,100,0.3,0
2023-09-16,4,21.2,100,0,0
2023-09-16,5,21.3,100,0.2,0
2023-09-16,6,21.4,100,0.1,0
2023-09-16,7,21.5,100,0.1,0
2023-09-16,8,22.6,98,0.5,70
2023-09-16,9,23.7,93,0.5,360
2023-09-16,10,24.9,87,0.6,20
2023-09-16,11,26,82,1.3,180
2023-09-16,12,26.6,79,1.1,230
2023-09-16,13,26.2,82,1,230
2023-09-16,14,25.4,93,1.1,230
2023-09-16,15,24.4,97,0.5,230
2023-09-16,16,23.9,100,0.5,160
2023-09-16,17,23.5,100,1,270
2023-09-16,18,23.2,100,0.2,0
2023-09-16,19,23,100,0.7,110
2023-09-16,20,22.4,100,0.3,0
2023-09-16,21,22.2,100,0.4,0
2023-09-16,22,22.3,100,0.2,0
2023-09-16,23,22.2,100,0.5,340
2023-09-17,0,22.3,100,0.2,0
2023-09-17,1,22.3,100,0.1,0
2023-09-17,2,22.3,100,0.3,0
2023-09-17,3,22.4,100,0.7,160
2023-09-17,4,22.2,100,0.4,0
2023-09-17,5,22,100,0.3,0
2023-09-17,6,21.9,100,0,0
2023-09-17,7,22.1,100,0,0
2023-09-17,8,22.5,100,0.1,0
2023-09-17,9,23.1,100,0.7,160
2023-09-17,10,25.3,89,0.7,230
2023-09-17,11,26.6,78,0.7,230
2023-09-17,12,27.2,73,0.9,340
2023-09-17,13,28.8,67,0.6,160
2023-09-17,14,28.3,68,1.1,290
2023-09-17,15,28.6,68,1,290
2023-09-17,16,27.9,71,1.1,200
2023-09-17,17,27.1,79,0.8,180
2023-09-17,18,26.1,89,0.7,160
2023-09-17,19,24.6,98,0.6,20
2023-09-17,20,24.1,100,0.2,0
2023-09-17,21,23.4,100,0.2,0
2023-09-17,22,23.2,100,0.4,0
2023-09-17,23,23.4,100,0.2,0
2023-09-18,0,23.2,100,0.1,0
2023-09-18,1,23,100,0.2,0
2023-09-18,2,22.8,100,0.1,0
2023-09-18,3,22.6,100,0.6,110
2023-09-18,4,22.5,100,0,0
2023-09-18,5,22.5,100,0,0
2023-09-18,6,22.5,100,0.3,0
2023-09-18,7,22.7,100,0.4,0
2023-09-18,8,23.2,100,0.4,0
2023-09-18,9,23.9,98,0.7,20
2023-09-18,10,26,84,0.9,320
2023-09-18,11,28.1,69,0.6,340
2023-09-18,12,28.3,66,1.2,320
2023-09-18,13,29.7,63,1.5,290
2023-09-18,14,29.9,61,2.1,270
2023-09-18,15,31,56,1.7,290
2023-09-18,16,30.6,57,1.3,270
2023-09-18,17,30.1,60,1.6,320
2023-09-18,18,27.6,77,0.5,340
2023-09-18,19,25.3,90,0.5,360
2023-09-18,20,24.6,93,0.5,160
2023-09-18,21,23.5,99,0.1,0
2023-09-18,22,22.9,100,0.1,0
2023-09-18,23,22.3,100,0.2,0
2023-09-19,0,22.1,100,0.2,0
2023-09-19,1,21.8,100,0,0
2023-09-19,2,21.9,100,0.1,0
2023-09-19,3,21.5,100,0.1,0
2023-09-19,4,21.5,100,0.1,0
2023-09-19,5,21,100,0.4,0
2023-09-19,6,20.8,100,0,0
2023-09-19,7,20.5,100,0.3,0
2023-09-19,8,20.7,100,0.1,0
2023-09-19,9,23.4,89,0.7,180
2023-09-19,10,25.8,72,2,250
2023-09-19,11,27.5,62,1.6,250
2023-09-19,12,27.7,56,2,320
2023-09-19,13,28.6,57,1.8,250
2023-09-19,14,28.6,57,2.3,270
2023-09-19,15,28.4,58,2.7,250
2023-09-19,16,27.9,60,1.8,270
2023-09-19,17,27.4,65,1,290
2023-09-19,18,25.1,80,0.9,70
2023-09-19,19,23.3,90,0.7,50
2023-09-19,20,22.3,94,0.3,0
2023-09-19,21,21.8,97,0.2,0
2023-09-19,22,21.2,97,0.3,0
2023-09-19,23,21,100,0.1,0
2023-09-20,0,20.6,100,0.5,20
2023-09-20,1,20.4,100,0.1,0
2023-09-20,2,20.5,100,0.5,90
2023-09-20,3,20.4,99,0.9,250
2023-09-20,4,20.4,100,0.7,50
2023-09-20,5,20.4,100,0.1,0
2023-09-20,6,20.2,100,0,0
2023-09-20,7,20.5,100,0.2,0
2023-09-20,8,21.4,94,0.5,320
2023-09-20,9,21.8,95,0,0
2023-09-20,10,22.6,91,0.1,0
2023-09-20,11,23,89,0.7,360
2023-09-20,12,22.7,98,0.6,20
2023-09-20,13,22.5,94,0.6,70
2023-09-20,14,22.2,91,1,180
2023-09-20,15,21.5,100,0.7,70
2023-09-20,16,21.6,100,0.7,360
2023-09-20,17,21.3,95,1.1,50
2023-09-20,18,20.8,100,0.1,0
2023-09-20,19,20.6,100,0.8,50
2023-09-20,20,20.6,100,0.5,320
2023-09-20,21,20.3,100,0.8,360
2023-09-20,22,20.3,100,2,50
2023-09-20,23,20.2,100,1.3,360
2023-09-21,0,20.1,100,1.2,20
2023-09-21,1,20.3,100,0.6,270
2023-09-21,2,20.2,100,2,50
2023-09-21,3,20.2,100,0.5,20
2023-09-21,4,19.9,88,1.8,50
2023-09-21,5,19.5,91,0.9,340
2023-09-21,6,19,99,0.4,0
2023-09-21,7,18.7,100,0,0
2023-09-21,8,18.8,100,1.1,360
2023-09-21,9,19.1,96,0.8,90
2023-09-21,10,19.8,86,0.9,70
2023-09-21,11,21.2,76,1.6,90
2023-09-21,12,20.3,79,1.4,50
2023-09-21,13,19.8,85,1,90
2023-09-21,14,19.2,95,0.4,0
2023-09-21,15,20.6,84,0.5,360
2023-09-21,16,20.7,81,0.5,230
2023-09-21,17,20.6,87,0.9,230
2023-09-21,18,20.3,88,0.4,0
2023-09-21,19,19.2,96,1.1,200
2023-09-21,20,19.1,97,0.6,230
2023-09-21,21,18.6,97,1.2,180
2023-09-21,22,18.6,91,0.2,0
2023-09-21,23,18.5,94,0.7,70
2023-09-22,0,18.3,97,0,0
2023-09-22,1,18.2,97,0.1,0
2023-09-22,2,18.1,99,0,0
2023-09-22,3,17.2,100,0.2,0
2023-09-22,4,17.5,100,0.1,0
2023-09-22,5,17.2,100,0.8,50
2023-09-22,6,16.9,100,0.6,70
2023-09-22,7,16.9,100,0.7,90
2023-09-22,8,17.5,97,0.2,0
2023-09-22,9,18.3,89,0.8,340
2023-09-22,10,20.6,77,1.5,340
2023-09-22,11,22,68,1.4,20
2023-09-22,12,23,58,0.8,70
2023-09-22,13,23.7,57,0.6,250
2023-09-22,14,24.7,55,1.3,320
2023-09-22,15,24.5,54,1.8,20
2023-09-22,16,24.8,56,1.9,340
2023-09-22,17,23.1,66,1.3,340
2023-09-22,18,21,76,1,360
2023-09-22,19,18.3,90,1,50
2023-09-22,20,17.2,98,0.5,360
2023-09-22,21,16.4,100,0.4,0
2023-09-22,22,15.8,100,0.2,0
2023-09-22,23,15.5,100,0.3,0
2023-09-23,0,15.2,100,0.2,0
2023-09-23,1,14.8,100,0.2,0
2023-09-23,2,14.1,100,0.2,0
2023-09-23,3,13.8,100,0.5,340
2023-09-23,4,13.6,100,0.6,340
2023-09-23,5,13.6,100,0.5,340
2023-09-23,6,13.6,100,0.5,340
2023-09-23,7,13.8,100,0.8,50
2023-09-23,8,14.6,100,0.8,360
2023-09-23,9,15.8,100,0.6,200
2023-09-23,10,18.7,87,0.3,0
2023-09-23,11,22.9,76,0.9,250
2023-09-23,12,25,52,2.8,90
2023-09-23,13,25.1,51,2.1,90
2023-09-23,14,25.1,52,2.6,90
2023-09-23,15,25.6,48,2.6,70
2023-09-23,16,24.5,48,3,70
2023-09-23,17,24.1,53,1.8,90
2023-09-23,18,22.2,60,1.3,70
2023-09-23,19,19.6,80,0.4,0
2023-09-23,20,17.6,90,0.8,50
2023-09-23,21,16.9,94,0.8,50
2023-09-23,22,16.7,96,0.2,0
2023-09-23,23,16.4,98,0.2,0
2023-09-24,0,15.7,100,0.5,340
2023-09-24,1,15.4,100,0.1,0
2023-09-24,2,15.1,100,1.1,230
2023-09-24,3,14.9,100,0.4,0
2023-09-24,4,14.3,100,0.1,0
2023-09-24,5,13.9,100,0,0
2023-09-24,6,13.3,100,0.1,0
2023-09-24,7,13.7,100,0,0
2023-09-24,8,16.7,92,0.5,200
2023-09-24,9,21.1,58,2.2,70
2023-09-24,10,22.9,53,2.1,90
2023-09-24,11,23.9,48,3,70
2023-09-24,12,24.4,45,3.9,90
2023-09-24,13,25.3,41,3.4,110
2023-09-24,14,24.2,49,3.1,70
2023-09-24,15,24.3,48,3.6,70
2023-09-24,16,23.5,51,3.1,90
2023-09-24,17,22.6,53,2.7,90
2023-09-24,18,20.4,69,0.6,20
2023-09-24,19,18.3,80,0.8,50
2023-09-24,20,19.6,69,1.2,70
2023-09-24,21,17.2,85,0.6,70
2023-09-24,22,16.6,89,0.4,0
2023-09-24,23,16.5,91,0.5,50
2023-09-25,0,16.6,92,0.2,0
2023-09-25,1,16.4,93,0.3,0
2023-09-25,2,16.7,91,0,0
2023-09-25,3,16.5,94,0.3,0
2023-09-25,4,16.4,95,0.4,0
2023-09-25,5,17.1,91,0,0
2023-09-25,6,16.7,95,0,0
2023-09-25,7,16.8,96,0.5,270
2023-09-25,8,17.3,96,0.2,0
2023-09-25,9,18.8,87,0.2,0
2023-09-25,10,21.7,75,0.4,0
2023-09-25,11,22.8,68,0.7,230
2023-09-25,12,24,66,1.1,160
2023-09-25,13,24.3,65,1.6,50
2023-09-25,14,25.6,62,0.9,360
2023-09-25,15,26,62,1.3,110
2023-09-25,16,24.8,67,1.2,70
2023-09-25,17,23.6,75,0.7,70
2023-09-25,18,23.2,76,0.4,0
2023-09-25,19,21.9,81,0,0
2023-09-25,20,20.9,93,0.7,50
2023-09-25,21,20.4,97,0.4,0
2023-09-25,22,20.1,100,0.3,0
2023-09-25,23,19.8,100,1,20
2023-09-26,0,19.7,100,0.3,0
2023-09-26,1,19.5,100,0.5,360
2023-09-26,2,19.5,100,0.4,0
2023-09-26,3,19.6,100,0.5,50
2023-09-26,4,19.5,100,0.2,0
2023-09-26,5,19.5,100,0.3,0
2023-09-26,6,19.4,100,0.4,0
2023-09-26,7,19.5,100,0.5,20
2023-09-26,8,19.6,100,0.9,50
2023-09-26,9,19.8,100,0.2,0
2023-09-26,10,20.2,100,0.5,360
2023-09-26,11,20.7,100,1,340
2023-09-26,12,20.6,100,0.4,0
2023-09-26,13,20.7,100,0,0
2023-09-26,14,20.8,100,0.7,180
2023-09-26,15,21.2,97,0.3,0
2023-09-26,16,21,100,0.4,0
2023-09-26,17,20.9,100,0.1,0
2023-09-26,18,20.8,100,0.1,0
2023-09-26,19,20.6,100,0.1,0
2023-09-26,20,20.6,100,0,0
2023-09-26,21,20.6,100,0,0
2023-09-26,22,20.5,100,0.3,0
2023-09-26,23,20.5,100,0,0
2023-09-27,0,20.4,100,0,0
2023-09-27,1,20.3,100,0.3,0
2023-09-27,2,20.3,100,0,0
2023-09-27,3,20.2,100,0.1,0
2023-09-27,4,20.2,100,0,0
2023-09-27,5,20.2,100,0,0
2023-09-27,6,20.3,100,0.3,0
2023-09-27,7,20.4,100,0,0
2023-09-27,8,20.5,100,0,0
2023-09-27,9,20.7,100,0,0
2023-09-27,10,21.6,100,0.2,0
2023-09-27,11,22.4,94,0.8,230
2023-09-27,12,22.7,92,0.7,250
2023-09-27,13,23.6,86,0.6,360
2023-09-27,14,24.3,81,0.7,50
2023-09-27,15,24.8,77,1.5,340
2023-09-27,16,24.5,79,0.4,0
2023-09-27,17,24.6,78,0.5,320
2023-09-27,18,23.9,86,0.5,290
2023-09-27,19,22.2,98,0.3,0
2023-09-27,20,21.6,100,0.5,50
2023-09-27,21,22,96,0.8,270
2023-09-27,22,21.7,95,0.1,0
2023-09-27,23,21.7,94,0.3,0
2023-09-28,0,21.6,91,0.5,200
2023-09-28,1,21,97,0.5,320
2023-09-28,2,20.6,99,0.2,0
2023-09-28,3,20.9,97,0.2,0
2023-09-28,4,21.1,90,0.8,230
2023-09-28,5,20.6,94,0.5,200
2023-09-28,6,19.7,96,0,0
2023-09-28,7,18.9,100,0.3,0
2023-09-28,8,21.1,89,0.6,230
2023-09-28,9,22.8,81,0.9,200
2023-09-28,10,23.5,75,1.3,230
2023-09-28,11,25.5,66,2.1,270
2023-09-28,12,26.4,61,2.7,290
2023-09-28,13,25.9,62,2.2,290
2023-09-28,14,27.8,57,2.2,270
2023-09-28,15,27.2,56,2.7,290
2023-09-28,16,27.1,54,3.1,290
2023-09-28,17,26.2,59,2.1,290
2023-09-28,18,22.7,80,0.8,340
2023-09-28,19,20.6,92,0.8,50
2023-09-28,20,19.4,97,0.5,50
2023-09-28,21,18.5,100,0.2,0
2023-09-28,22,17.6,100,0.4,0
2023-09-28,23,17.2,100,0.1,0
2023-09-29,0,16.7,100,0.1,0
2023-09-29,1,16.9,100,0.6,340
2023-09-29,2,16.6,100,0.4,0
2023-09-29,3,16.2,100,0,0
2023-09-29,4,16.2,100,0,0
2023-09-29,5,16.3,100,0.8,140
2023-09-29,6,15.6,100,0.6,70
2023-09-29,7,15.7,100,0.7,70
2023-09-29,8,16.1,100,0.5,50
2023-09-29,9,16.6,100,0.6,90
2023-09-29,10,18.9,100,0.7,320
2023-09-29,11,21.1,81,0.9,290
2023-09-29,12,22.5,70,0.6,230
2023-09-29,13,23.6,67,0.5,340
2023-09-29,14,24,60,1.1,360
2023-09-29,15,24.2,64,0.7,230
2023-09-29,16,24.2,64,0.7,200
2023-09-29,17,22.9,74,0.7,70
2023-09-29,18,21.3,84,0.6,90
2023-09-29,19,20.5,88,0.8,70
2023-09-29,20,19.8,94,0,0
2023-09-29,21,19.5,95,0.1,0
2023-09-29,22,18.6,100,0.6,90
2023-09-29,23,18,100,0.2,0
2023-09-30,0,17.9,99,0.3,0
2023-09-30,1,17.9,100,0,0
2023-09-30,2,17.7,100,0.5,50
2023-09-30,3,17.7,100,0.3,0
2023-09-30,4,17.9,100,0.2,0
2023-09-30,5,17.9,87,2.1,290
2023-09-30,6,16.1,98,0.1,0
2023-09-30,7,15.8,100,0.4,0
2023-09-30,8,15.8,100,0.7,200
2023-09-30,9,16.4,91,0.4,0
2023-09-30,10,16.8,83,0.4,0
2023-09-30,11,18.8,75,0.5,360
2023-09-30,12,20.2,66,0.8,160
2023-09-30,13,22.3,59,1.6,270
2023-09-30,14,23.6,54,1.5,270
2023-09-30,15,24.2,54,2.9,290
2023-09-30,16,24.3,55,2.5,290
2023-09-30,17,23.7,58,1.6,290
2023-09-30,18,20.9,76,1,320
2023-09-30,19,18.7,89,0.2,0
2023-09-30,20,17.4,96,0.4,0
2023-09-30,21,16.5,99,0,0
2023-09-30,22,15.9,100,0,0
2023-09-30,23,15.3,100,0.3,0
2024-06-01,0,16.7,76,0.2,0
2024-06-01,1,16,76,0.3,0
2024-06-01,2,16,79,0.1,0
2024-06-01,3,14.2,86,0.6,20
2024-06-01,4,13.7,88,0.1,0
2024-06-01,5,14.4,85,0.5,340
2024-06-01,6,14.5,86,0.4,0
2024-06-01,7,16.4,78,0.4,0
2024-06-01,8,18.7,64,0.9,20
2024-06-01,9,20.7,60,2.8,320
2024-06-01,10,21.5,59,1.6,320
2024-06-01,11,22.5,58,1.3,360
2024-06-01,12,23.3,54,1.5,360
2024-06-01,13,23.2,53,1.3,320
2024-06-01,14,23.6,52,2.4,320
2024-06-01,15,25.1,46,2.6,270
2024-06-01,16,26.2,40,3.3,290
2024-06-01,17,25.8,43,2.4,290
2024-06-01,18,24.9,46,2.3,290
2024-06-01,19,23.6,52,1.1,340
2024-06-01,20,20.7,69,1.2,160
2024-06-01,21,19.4,75,1.3,140
2024-06-01,22,18.4,79,0.5,160
2024-06-01,23,16.1,91,0.6,360
2024-06-02,0,15.4,94,0,0
2024-06-02,1,14.7,96,0.3,0
2024-06-02,2,13.7,98,0.6,360
2024-06-02,3,12.8,100,0.6,360
2024-06-02,4,12.1,100,0.7,340
2024-06-02,5,11.7,100,0.1,0
2024-06-02,6,11.6,100,0.3,0
2024-06-02,7,13.7,92,0.3,0
2024-06-02,8,17.3,73,0.7,180
2024-06-02,9,19.6,63,1,140
2024-06-02,10,21.4,58,1,20
2024-06-02,11,23.6,43,2.5,360
2024-06-02,12,24.3,39,2.3,320
2024-06-02,13,24.3,38,2.4,340
2024-06-02,14,25,37,2.6,290
2024-06-02,15,25.2,36,1.9,320
2024-06-02,16,25.7,34,3,340
2024-06-02,17,24.4,39,1.6,20
2024-06-02,18,22.1,60,2.7,90
2024-06-02,19,20.5,65,2.1,140
2024-06-02,20,19.2,67,1.4,90
2024-06-02,21,18.4,69,1.5,160
2024-06-02,22,16.5,87,1,290
2024-06-02,23,15.7,96,0.5,70
2024-06-03,0,15.6,96,0,0
2024-06-03,1,14.8,100,0.9,50
2024-06-03,2,14.3,99,1.1,50
2024-06-03,3,13.6,100,0.8,50
2024-06-03,4,13.5,100,0.4,0
2024-06-03,5,14,100,0.2,0
2024-06-03,6,14.3,98,0.1,0
2024-06-03,7,14.9,93,0.7,340
2024-06-03,8,16.1,86,0.7,320
2024-06-03,9,18.1,76,0.6,20
2024-06-03,10,20.2,64,0.8,70
2024-06-03,11,22.2,54,1.8,90
2024-06-03,12,23.6,48,1.4,360
2024-06-03,13,24.1,45,1,180
2024-06-03,14,24.7,39,1.4,50
2024-06-03,15,25.2,36,1.6,90
2024-06-03,16,24.8,39,2.3,70
2024-06-03,17,24.8,46,2.7,90
2024-06-03,18,22.7,53,3,160
2024-06-03,19,21.2,58,3,90
2024-06-03,20,19.5,64,1.4,70
2024-06-03,21,18.6,67,1.2,110
2024-06-03,22,17.9,67,0.8,200
2024-06-03,23,17.3,70,0.6,180
2024-06-04,0,16.8,71,1.1,110
2024-06-04,1,14.3,86,0.5,20
2024-06-04,2,12.5,93,0.6,20
2024-06-04,3,11.5,97,0.7,50
2024-06-04,4,10.8,98,0.4,0
2024-06-04,5,10,99,0.5,340
2024-06-04,6,10.3,98,0,0
2024-06-04,7,12.9,87,0.3,0
2024-06-04,8,16.2,73,0.5,20
2024-06-04,9,20.4,51,2.6,70
2024-06-04,10,21.4,46,2.5,110
2024-06-04,11,22.1,44,2.6,90
2024-06-04,12,22.9,44,1.1,230
2024-06-04,13,24.5,38,2.2,20
2024-06-04,14,25.7,37,2.5,50
2024-06-04,15,26.3,35,1.1,200
2024-06-04,16,26.3,34,1.5,270
2024-06-04,17,26.6,30,1.3,320
2024-06-04,18,26.8,32,1.6,270
2024-06-04,19,24.9,43,0.9,160
2024-06-04,20,22.1,48,1.6,160
2024-06-04,21,20.2,52,0.7,90
2024-06-04,22,16.7,74,0.6,360
2024-06-04,23,14.9,79,0.5,20
2024-06-05,0,13.5,85,0.5,360
2024-06-05,1,12.9,86,0.2,0
2024-06-05,2,12,91,0.4,0
2024-06-05,3,11.5,93,0.2,0
2024-06-05,4,10.5,97,0.2,0
2024-06-05,5,10.2,97,0.4,0
2024-06-05,6,10.7,96,0.1,0
2024-06-05,7,13.4,81,0.1,0
2024-06-05,8,16.3,68,0.8,360
2024-06-05,9,19.7,56,0.7,20
2024-06-05,10,23.1,47,0.7,180
2024-06-05,11,25.1,40,0.9,340
2024-06-05,12,27.1,38,1.7,230
2024-06-05,13,27.8,35,1.6,180
2024-06-05,14,29.3,33,1.4,340
2024-06-05,15,29.4,33,2.4,230
2024-06-05,16,29.9,32,2.1,230
2024-06-05,17,29,32,2.7,230
2024-06-05,18,27.3,33,1.7,230
2024-06-05,19,25.7,34,1.4,200
2024-06-05,20,23.1,41,0.7,200
2024-06-05,21,20.5,56,0.4,0
2024-06-05,22,18.7,64,0.3,0
2024-06-05,23,17.7,66,0.6,20
2024-06-06,0,16.6,69,0.9,20
2024-06-06,1,16,73,0.6,20
2024-06-06,2,15.4,76,0.8,360
2024-06-06,3,14.8,77,0.2,0
2024-06-06,4,14,82,0.3,0
2024-06-06,5,12.7,88,0.3,0
2024-06-06,6,13,86,0.6,20
2024-06-06,7,14.4,78,0.1,0
2024-06-06,8,18.5,62,0.2,0
2024-06-06,9,20.8,55,0.5,360
2024-06-06,10,23.7,46,0.6,110
2024-06-06,11,24.9,41,1.2,250
2024-06-06,12,24.6,43,1.3,200
2024-06-06,13,24.9,45,1.2,290
2024-06-06,14,25.5,44,1.3,320
2024-06-06,15,26.2,43,1.3,360
2024-06-06,16,27.4,41,1.1,20
2024-06-06,17,27.8,39,1.6,340
2024-06-06,18,27.9,36,1.7,320
2024-06-06,19,25.8,46,0.9,340
2024-06-06,20,21.3,65,0.5,360
2024-06-06,21,19.3,71,0.3,0
2024-06-06,22,18.4,74,0.4,0
2024-06-06,23,17.5,77,0.4,0
2024-06-07,0,15.9,84,0.3,0
2024-06-07,1,15,87,0.6,360
2024-06-07,2,14.1,93,0,0
2024-06-07,3,13.6,95,0.3,0
2024-06-07,4,12.9,97,0.5,360
2024-06-07,5,12.3,98,0.5,340
2024-06-07,6,12.7,97,0.2,0
2024-06-07,7,15.1,87,0.1,0
2024-06-07,8,18.2,76,0.5,50
2024-06-07,9,21.9,62,0.9,320
2024-06-07,10,24.2,58,1.9,270
2024-06-07,11,25.1,51,0.8,110
2024-06-07,12,27.4,46,1.1,20
2024-06-07,13,28.9,39,1.9,250
2024-06-07,14,29.6,37,2,250
2024-06-07,15,29.8,34,2.1,270
2024-06-07,16,29,39,3.4,270
2024-06-07,17,28.5,41,1.6,290
2024-06-07,18,27.9,41,1.3,250
2024-06-07,19,27,42,1.6,230
2024-06-07,20,25.7,52,1.2,200
2024-06-07,21,25,53,1.6,200
2024-06-07,22,24.2,55,0.7,160
2024-06-07,23,21.8,69,0.3,0
2024-06-08,0,22.4,56,0.7,180
2024-06-08,1,21,65,0.3,0
2024-06-08,2,20.8,69,0.2,0
2024-06-08,3,20.7,66,0.7,250
2024-06-08,4,20.8,65,1.1,160
2024-06-08,5,20.9,64,0.8,200
2024-06-08,6,20,72,1.5,160
2024-06-08,7,20.7,69,0.4,0
2024-06-08,8,21.8,68,1,200
2024-06-08,9,23,65,1.5,200
2024-06-08,10,22.7,68,1.5,230
2024-06-08,11,22.6,71,3.3,250
2024-06-08,12,19.9,92,0.7,320
2024-06-08,13,19.6,100,0.7,200
2024-06-08,14,20,97,0.5,160
2024-06-08,15,19.6,100,1.3,250
2024-06-08,16,19.7,100,0.4,0
2024-06-08,17,20.4,96,1,200
2024-06-08,18,20.6,89,1.2,200
2024-06-08,19,20,93,1.1,230
2024-06-08,20,19.2,98,0.6,200
2024-06-08,21,19,98,0.9,180
2024-06-08,22,18.5,100,0.2,0
2024-06-08,23,18,100,0.1,0
2024-06-09,0,18,100,0.6,360
2024-06-09,1,18.2,100,0.5,20
2024-06-09,2,18.3,100,0.2,0
2024-06-09,3,18.4,100,0.2,0
2024-06-09,4,18.5,100,0,0
2024-06-09,5,18.3,100,0.1,0
2024-06-09,6,18.4,100,0,0
2024-06-09,7,18.9,99,0.3,0
2024-06-09,8,20.2,90,0.2,0
2024-06-09,9,21,85,0.4,0
2024-06-09,10,23,72,1,320
2024-06-09,11,24.4,66,1.2,250
2024-06-09,12,24.6,64,1.3,290
2024-06-09,13,25.9,58,1.6,20
2024-06-09,14,26.6,55,1.5,360
2024-06-09,15,27.7,54,1.3,180
2024-06-09,16,29,49,1.6,200
2024-06-09,17,29,49,1.5,250
2024-06-09,18,28.6,52,1.2,290
2024-06-09,19,27.4,56,1,270
2024-06-09,20,22.7,81,0.9,50
2024-06-09,21,21,91,0.3,0
2024-06-09,22,19.6,94,0.5,50
2024-06-09,23,18.7,99,0,0
2024-06-10,0,18,100,0.3,0
2024-06-10,1,17.3,100,0.3,0
2024-06-10,2,16.7,100,0,0
2024-06-10,3,16.3,100,0.1,0
2024-06-10,4,15.9,100,0.1,0
2024-06-10,5,15.6,100,0.2,0
2024-06-10,6,15.9,100,0,0
2024-06-10,7,17.9,96,0,0
2024-06-10,8,20.1,86,0.5,340
2024-06-10,9,24.6,70,1.5,200
2024-06-10,10,27,58,2.5,250
2024-06-10,11,28.3,49,3.1,320
2024-06-10,12,29.5,44,2.6,290
2024-06-10,13,30.1,39,2.7,290
2024-06-10,14,31.2,39,2.5,250
2024-06-10,15,31.8,38,1.5,270
2024-06-10,16,31.7,36,1.3,270
2024-06-10,17,31.7,37,2,270
2024-06-10,18,31.2,40,1.5,290
2024-06-10,19,28.8,53,0.9,320
2024-06-10,20,25.4,66,0.8,50
2024-06-10,21,23.5,73,0.7,50
2024-06-10,22,22.3,77,0.6,20
2024-06-10,23,20.9,83,0.6,340
2024-06-11,0,20,86,0.1,0
2024-06-11,1,19.2,90,0.4,0
2024-06-11,2,18.5,94,0.2,0
2024-06-11,3,17.8,97,0.4,0
2024-06-11,4,17.1,99,0.2,0
2024-06-11,5,16.7,100,0.1,0
2024-06-11,6,16.7,100,0.1,0
2024-06-11,7,18.9,89,0.4,0
2024-06-11,8,22.3,78,0.3,0
2024-06-11,9,26.7,55,2,270
2024-06-11,10,27.7,53,2.5,270
2024-06-11,11,28.9,49,2.3,270
2024-06-11,12,30.6,43,2.4,270
2024-06-11,13,31.3,40,1.8,320
2024-06-11,14,32.1,37,1.6,320
2024-06-11,15,32.8,34,1.8,270
2024-06-11,16,33.1,35,2.3,320
2024-06-11,17,33.3,37,3,250
2024-06-11,18,32.1,39,2.2,270
2024-06-11,19,30.4,45,2.1,270
2024-06-11,20,26.5,63,1,20
2024-06-11,21,23.8,72,1.3,50
2024-06-11,22,22.5,79,0.5,360
2024-06-11,23,21.4,84,0.5,20
2024-06-12,0,20.3,88,0.7,360
2024-06-12,1,19.5,92,0.2,0
2024-06-12,2,18.8,96,0.2,0
2024-06-12,3,18.1,98,0.4,0
2024-06-12,4,17.8,100,0.3,0
2024-06-12,5,17.6,100,0.3,0
2024-06-12,6,17.6,99,0.1,0
2024-06-12,7,19.4,91,0.4,0
2024-06-12,8,22.7,78,0.4,0
2024-06-12,9,26.5,59,0.8,160
2024-06-12,10,28.3,48,1.6,250
2024-06-12,11,30.1,34,2.4,320
2024-06-12,12,30.9,33,2.8,270
2024-06-12,13,32.2,30,2.9,320
2024-06-12,14,33.1,26,1.9,90
2024-06-12,15,33.6,27,1.5,250
2024-06-12,16,33.6,26,2.3,320
2024-06-12,17,33.4,25,1.4,290
2024-06-12,18,33,25,2.4,270
2024-06-12,19,29.8,39,1.1,320
2024-06-12,20,25,54,0.9,360
2024-06-12,21,22.4,63,0.2,0
2024-06-12,22,21.2,63,0.3,0
2024-06-12,23,20,71,0.4,0
2024-06-13,0,18.9,76,0.4,0
2024-06-13,1,18.2,80,0.3,0
2024-06-13,2,17.7,84,0.5,360
2024-06-13,3,17.3,87,0.6,340
2024-06-13,4,16.8,90,0.4,0
2024-06-13,5,16.2,94,0.4,0
2024-06-13,6,16.5,94,0.3,0
2024-06-13,7,17.6,89,0.4,0
2024-06-13,8,20.6,75,0.4,0
2024-06-13,9,25.1,59,0.7,140
2024-06-13,10,27.1,53,0.8,230
2024-06-13,11,29,46,0.8,200
2024-06-13,12,31.3,33,1.3,70
2024-06-13,13,32.6,30,1.3,90
2024-06-13,14,33.2,28,1.5,270
2024-06-13,15,34,23,1.2,90
2024-06-13,16,35,20,1.5,340
2024-06-13,17,34.6,21,1.6,250
2024-06-13,18,34.2,23,1.5,290
2024-06-13,19,30.8,36,1,20
2024-06-13,20,26.9,52,0.6,340
2024-06-13,21,25.4,60,0.5,20
2024-06-13,22,23.5,67,0.6,20
2024-06-13,23,22.1,73,0.6,20
2024-06-14,0,21,78,0.1,0
2024-06-14,1,20.2,82,0.4,0
2024-06-14,2,19.5,85,0.3,0
2024-06-14,3,18.4,89,0.6,360
2024-06-14,4,17.7,93,0.8,360
2024-06-14,5,17.5,93,0.1,0
2024-06-14,6,18.2,90,0.1,0
2024-06-14,7,20.4,82,0.8,270
2024-06-14,8,23.1,70,0.7,320
2024-06-14,9,26.9,58,0.9,320
2024-06-14,10,28.9,50,1.5,290
2024-06-14,11,30.6,45,1.5,230
2024-06-14,12,32.1,43,1.5,290
2024-06-14,13,33.1,35,1.4,320
2024-06-14,14,33.6,34,1.4,180
2024-06-14,15,34.1,34,2.5,290
2024-06-14,16,34.5,30,2.3,270
2024-06-14,17,33.6,34,2.3,270
2024-06-14,18,33.4,29,2.6,270
2024-06-14,19,32.5,32,0.9,250
2024-06-14,20,28.4,46,0.5,250
2024-06-14,21,24.7,59,1,340
2024-06-14,22,23.2,69,0.4,0
2024-06-14,23,22.6,72,0.4,0
2024-06-15,0,21.4,74,0.6,20
2024-06-15,1,20.6,78,0.5,340
2024-06-15,2,19.9,81,0.5,360
2024-06-15,3,19.5,84,0.4,0
2024-06-15,4,19,88,0.6,20
2024-06-15,5,18.6,90,0.2,0
2024-06-15,6,18.7,92,0.2,0
2024-06-15,7,20.9,83,0.5,320
2024-06-15,8,24.3,70,0.7,290
2024-06-15,9,26.2,64,1.2,200
2024-06-15,10,28.2,58,1,340
2024-06-15,11,29.8,52,1.3,180
2024-06-15,12,31.6,46,2.5,230
2024-06-15,13,31.8,44,2.7,270
2024-06-15,14,31.2,44,2.6,290
2024-06-15,15,24.9,80,3.6,290
2024-06-15,16,23.2,82,0.7,20
2024-06-15,17,23.3,84,0.4,0
2024-06-15,18,23.1,91,0.1,0
2024-06-15,19,22.2,95,0.8,360
2024-06-15,20,21.8,99,0.7,360
2024-06-15,21,21.4,100,0.3,0
2024-06-15,22,21.1,100,0.1,0
2024-06-15,23,20.6,100,0.8,340
2024-06-16,0,20.8,100,0.4,0
2024-06-16,1,21,100,0.5,270
2024-06-16,2,21,100,0.1,0
2024-06-16,3,20.9,100,0.8,200
2024-06-16,4,20.6,100,0.5,230
2024-06-16,5,19.3,100,0.3,0
2024-06-16,6,19.4,100,0.1,0
2024-06-16,7,20.8,93,0.5,200
2024-06-16,8,23.1,80,1.2,250
2024-06-16,9,24.3,72,2,250
2024-06-16,10,25.6,65,2.4,270
2024-06-16,11,26.6,56,2,250
2024-06-16,12,28.3,46,3.3,290
2024-06-16,13,29,39,2.9,270
2024-06-16,14,30,38,2.7,320
2024-06-16,15,29.7,35,2.6,320
2024-06-16,16,30.3,35,3.4,290
2024-06-16,17,29.3,36,1.9,290
2024-06-16,18,29.6,33,2.7,270
2024-06-16,19,27.9,36,1.5,270
2024-06-16,20,23.5,56,0.7,360
2024-06-16,21,20.8,64,0.9,50
2024-06-16,22,19.3,74,0.5,50
2024-06-16,23,18,73,1.2,50
2024-06-17,0,16.8,82,0.4,0
2024-06-17,1,16.3,84,0.4,0
2024-06-17,2,15.5,87,0.4,0
2024-06-17,3,15.6,87,0.3,0
2024-06-17,4,14.7,91,0.3,0
2024-06-17,5,14.2,95,0.4,0
2024-06-17,6,14.2,95,0.2,0
2024-06-17,7,17.1,83,0,0
2024-06-17,8,19.6,71,0.2,0
2024-06-17,9,23.7,63,0.8,110
2024-06-17,10,25.1,53,0.6,70
2024-06-17,11,27.5,43,1.1,200
2024-06-17,12,28.3,37,2.2,290
2024-06-17,13,29.2,39,2,230
2024-06-17,14,28.9,34,2.5,270
2024-06-17,15,27.9,37,2.4,270
2024-06-17,16,27.8,40,1.4,290
2024-06-17,17,28,44,1.8,270
2024-06-17,18,27.4,45,1.8,270
2024-06-17,19,26.9,46,2,270
2024-06-17,20,24.5,57,0.1,0
2024-06-17,21,21.9,71,0.4,0
2024-06-17,22,20.4,76,0.4,0
2024-06-17,23,19.6,80,0.3,0
2024-06-18,0,18.7,84,0.5,360
2024-06-18,1,17.9,88,0.1,0
2024-06-18,2,17,92,0.3,0
2024-06-18,3,15.9,96,0.5,360
2024-06-18,4,15.2,99,0.3,0
2024-06-18,5,14.6,100,0.1,0
2024-06-18,6,14.8,98,0.2,0
2024-06-18,7,17.4,86,0.1,0
2024-06-18,8,21.6,67,0.6,70
2024-06-18,9,25.8,47,1.3,230
2024-06-18,10,27.6,42,0.8,110
2024-06-18,11,29.8,40,0.9,200
2024-06-18,12,31.9,34,2,360
2024-06-18,13,32.7,33,2.6,20
2024-06-18,14,33.9,33,3,290
2024-06-18,15,34.5,31,2.8,290
2024-06-18,16,34.7,28,2.8,270
2024-06-18,17,34.2,28,2.8,290
2024-06-18,18,33.3,29,3,290
2024-06-18,19,31.8,35,2.3,290
2024-06-18,20,27.6,50,0.9,320
2024-06-18,21,24.2,64,0.3,0
2024-06-18,22,22.7,67,0.2,0
2024-06-18,23,21,73,0.1,0
2024-06-19,0,19.8,77,0.4,0
2024-06-19,1,18.6,79,0.6,360
2024-06-19,2,17.7,82,0.7,360
2024-06-19,3,17.2,85,0.1,0
2024-06-19,4,16.5,87,0.3,0
2024-06-19,5,16,90,0.4,0
2024-06-19,6,16.5,89,0.2,0
2024-06-19,7,18.9,79,0.2,0
2024-06-19,8,22.6,65,0.4,0
2024-06-19,9,25.4,59,0.6,360
2024-06-19,10,28.4,50,1,50
2024-06-19,11,31,43,1.2,20
2024-06-19,12,33.7,36,1,70
2024-06-19,13,35,31,1,20
2024-06-19,14,36.3,28,1.2,320
2024-06-19,15,36.6,26,2.8,290
2024-06-19,16,35.8,28,2.5,270
2024-06-19,17,35.6,32,2.5,270
2024-06-19,18,34.4,32,1.8,320
2024-06-19,19,31.7,45,0.6,340
2024-06-19,20,28.6,54,0.7,20
2024-06-19,21,26.4,61,0.5,20
2024-06-19,22,24.5,67,0.3,0
2024-06-19,23,23,73,0.2,0
2024-06-20,0,21.6,77,0.5,340
2024-06-20,1,20.6,80,0.6,20
2024-06-20,2,19.8,83,0.5,360
2024-06-20,3,18.7,87,0.3,0
2024-06-20,4,18,90,0.1,0
2024-06-20,5,17.4,92,0.3,0
2024-06-20,6,17.5,92,0.6,360
2024-06-20,7,20.6,77,0,0
2024-06-20,8,24.1,66,0.4,0
2024-06-20,9,26.9,50,0.6,290
2024-06-20,10,28.7,48,1.4,250
2024-06-20,11,29.5,41,2.2,270
2024-06-20,12,30.2,35,2.4,270
2024-06-20,13,31.6,32,1.9,270
2024-06-20,14,31.2,35,1.7,290
2024-06-20,15,30.7,35,2.2,230
2024-06-20,16,29.9,41,2,230
2024-06-20,17,29.2,41,2.1,140
2024-06-20,18,28.6,46,1.3,200
2024-06-20,19,27.3,46,1.2,200
2024-06-20,20,25.5,51,0.5,200
2024-06-20,21,23.1,61,0.4,0
2024-06-20,22,21.4,70,0.2,0
2024-06-20,23,19.8,74,0.3,0
2024-06-21,0,18.8,78,0.6,360
2024-06-21,1,18,83,0.6,340
2024-06-21,2,17.5,85,0.2,0
2024-06-21,3,17.1,87,0.2,0
2024-06-21,4,16.7,91,0.6,340
2024-06-21,5,16.5,93,0.1,0
2024-06-21,6,17.3,90,0,0
2024-06-21,7,18.9,83,0,0
2024-06-21,8,21.5,74,0.5,340
2024-06-21,9,24.6,64,1.1,320
2024-06-21,10,27,59,1.7,290
2024-06-21,11,28.8,55,1.4,290
2024-06-21,12,30.1,51,1.8,360
2024-06-21,13,30,50,1.5,20
2024-06-21,14,30.2,50,1.6,180
2024-06-21,15,30.8,49,1,180
2024-06-21,16,30.5,49,1.5,180
2024-06-21,17,30.9,48,1.4,160
2024-06-21,18,30.9,48,1.6,200
2024-06-21,19,29.6,54,1.4,200
2024-06-21,20,27.8,60,0.7,200
2024-06-21,21,25.5,71,0.2,0
2024-06-21,22,23.7,78,0.2,0
2024-06-21,23,22.8,84,0.2,0
2024-06-22,0,22.1,86,0.1,0
2024-06-22,1,21.9,86,0.5,20
2024-06-22,2,21.4,89,0.3,0
2024-06-22,3,21.4,89,0.1,0
2024-06-22,4,21.5,88,0,0
2024-06-22,5,21.2,90,0.5,360
2024-06-22,6,21.2,91,0.2,0
2024-06-22,7,21.4,91,0.9,360
2024-06-22,8,22.3,88,0.5,360
2024-06-22,9,23.3,81,0.1,0
2024-06-22,10,23.8,82,0.4,0
2024-06-22,11,23.6,87,0.3,0
2024-06-22,12,23.1,96,0.4,0
2024-06-22,13,23.6,94,0.4,0
2024-06-22,14,23.1,99,0.7,290
2024-06-22,15,23.3,100,0.1,0
2024-06-22,16,23.8,100,0.3,0
2024-06-22,17,23.8,100,1.1,360
2024-06-22,18,23.6,100,0.4,0
2024-06-22,19,23.5,100,0.4,0
2024-06-22,20,23.3,100,0.3,0
2024-06-22,21,23.2,100,0,0
2024-06-22,22,23.2,100,0.2,0
2024-06-22,23,23.2,100,0.2,0
2024-06-23,0,23.1,100,0.2,0
2024-06-23,1,23,100,0.6,360
2024-06-23,2,23,100,0.3,0
2024-06-23,3,22.8,100,0.4,0
2024-06-23,4,22.8,100,0.1,0
2024-06-23,5,22.8,100,0.1,0
2024-06-23,6,22.8,100,0.3,0
2024-06-23,7,23.2,100,0.4,0
2024-06-23,8,23.6,100,0.2,0
2024-06-23,9,24.3,100,0,0
2024-06-23,10,25.2,95,1,180
2024-06-23,11,25.6,87,1.9,230
2024-06-23,12,25.7,86,1.7,230
2024-06-23,13,25.7,94,2.1,250
2024-06-23,14,27.9,77,2.3,250
2024-06-23,15,25.7,86,1.9,250
2024-06-23,16,27.7,72,1.4,250
2024-06-23,17,28.9,65,2.4,270
2024-06-23,18,28,67,3.1,270
2024-06-23,19,27.3,73,0.8,250
2024-06-23,20,24.5,88,0,0
2024-06-23,21,23.2,98,0.1,0
2024-06-23,22,22.4,100,0.2,0
2024-06-23,23,22.3,100,0.4,0
2024-06-24,0,21.7,100,0.7,20
2024-06-24,1,21.1,100,0,0
2024-06-24,2,20.7,100,0.3,0
2024-06-24,3,20.8,100,0.4,0
2024-06-24,4,21.2,100,0.3,0
2024-06-24,5,21.2,100,0.4,0
2024-06-24,6,21,100,0.4,0
2024-06-24,7,21.6,99,0.2,0
2024-06-24,8,23.5,86,0.3,0
2024-06-24,9,25.3,79,0.4,0
2024-06-24,10,26.8,69,0.8,180
2024-06-24,11,28.3,65,1.9,230
2024-06-24,12,29.6,56,1.4,250
2024-06-24,13,30.2,54,2.2,250
2024-06-24,14,31,53,2.7,250
2024-06-24,15,24.8,86,2.1,20
2024-06-24,16,28.3,71,1.2,160
2024-06-24,17,29.9,65,1.1,200
2024-06-24,18,29.2,49,3,270
2024-06-24,19,27.3,56,1.6,320
2024-06-24,20,26.8,60,2.8,290
2024-06-24,21,26.1,60,1.8,290
2024-06-24,22,24.1,72,0.4,0
2024-06-24,23,24,70,1.1,290
2024-06-25,0,23,65,1,290
2024-06-25,1,21.4,73,0.7,250
2024-06-25,2,19.8,84,0.8,290
2024-06-25,3,18.8,85,1,290
2024-06-25,4,17.7,97,0.3,0
2024-06-25,5,17.4,94,0.5,50
2024-06-25,6,16.9,98,0.6,20
2024-06-25,7,18.8,87,0.1,0
2024-06-25,8,22.2,64,1.8,270
2024-06-25,9,22.8,61,2.9,270
2024-06-25,10,24.3,55,3,290
2024-06-25,11,25.9,45,3.4,320
2024-06-25,12,26.7,42,3.2,290
2024-06-25,13,27.6,41,2.8,290
2024-06-25,14,27.8,42,4.3,270
2024-06-25,15,27.1,44,3.8,320
2024-06-25,16,28.2,44,2.9,270
2024-06-25,17,27.2,47,2.6,270
2024-06-25,18,27,49,2.1,270
2024-06-25,19,26.3,45,1.1,290
2024-06-25,20,22.6,67,0.8,360
2024-06-25,21,20.5,72,1.2,70
2024-06-25,22,19.6,78,0.7,20
2024-06-25,23,18.7,79,0.3,0
2024-06-26,0,17.8,83,0.4,0
2024-06-26,1,16.7,88,0.3,0
2024-06-26,2,15.9,93,0.4,0
2024-06-26,3,15.3,94,0.5,20
2024-06-26,4,15.1,97,0.2,0
2024-06-26,5,14.7,98,0.4,0
2024-06-26,6,14.8,99,0.3,0
2024-06-26,7,16.5,92,0.4,0
2024-06-26,8,18.8,83,0.2,0
2024-06-26,9,21.9,71,0.5,50
2024-06-26,10,23.9,61,1.4,340
2024-06-26,11,25.2,59,1.1,320
2024-06-26,12,27.4,49,1.1,160
2024-06-26,13,27.9,46,1.9,360
2024-06-26,14,28.4,43,1.2,360
2024-06-26,15,29.6,39,1.8,290
2024-06-26,16,30,38,1.8,20
2024-06-26,17,30.3,37,1.2,320
2024-06-26,18,29.8,37,0.7,160
2024-06-26,19,29,42,1.2,270
2024-06-26,20,25.9,53,1.4,230
2024-06-26,21,22.3,72,1.1,70
2024-06-26,22,20.6,81,0.4,0
2024-06-26,23,19.2,87,0.2,0
2024-06-27,0,18.2,90,0.7,340
2024-06-27,1,17.4,94,0.2,0
2024-06-27,2,17,94,0.6,50
2024-06-27,3,16.1,98,0.3,0
2024-06-27,4,15.9,98,0.3,0
2024-06-27,5,15.6,99,0.3,0
2024-06-27,6,15.7,99,0.3,0
2024-06-27,7,17.3,89,0.3,0
2024-06-27,8,19.3,82,0.5,360
2024-06-27,9,21.6,70,0.4,0
2024-06-27,10,23.9,59,1.2,230
2024-06-27,11,24.7,58,1.4,290
2024-06-27,12,25.6,59,1.4,290
2024-06-27,13,26.4,58,1.5,320
2024-06-27,14,26.5,59,1.3,320
2024-06-27,15,26.8,58,1.1,290
2024-06-27,16,26.7,59,1.1,250
2024-06-27,17,26.6,60,1,230
2024-06-27,18,26.2,63,1.1,250
2024-06-27,19,25.5,66,0.7,250
2024-06-27,20,23.4,77,0,0
2024-06-27,21,21.2,86,0.9,50
2024-06-27,22,19.9,91,0.8,50
2024-06-27,23,18.7,98,0.5,360
2024-06-28,0,18.8,96,0.7,270
2024-06-28,1,18.6,98,0.3,0
2024-06-28,2,17.7,100,0,0
2024-06-28,3,17.3,100,0.2,0
2024-06-28,4,16.6,100,0.2,0
2024-06-28,5,16.1,100,0.5,360
2024-06-28,6,16.5,100,0,0
2024-06-28,7,18.5,92,0.2,0
2024-06-28,8,21.3,82,0.2,0
2024-06-28,9,23.7,69,0.8,320
2024-06-28,10,25.4,61,0.9,290
2024-06-28,11,28.5,49,1.4,230
2024-06-28,12,29.3,43,1.7,290
2024-06-28,13,31.3,34,1.1,180
2024-06-28,14,31.6,27,1.5,250
2024-06-28,15,32.7,29,1,230
2024-06-28,16,33.1,25,1.8,270
2024-06-28,17,32.7,29,1.8,200
2024-06-28,18,32.4,32,1.7,290
2024-06-28,19,29.8,43,1,340
2024-06-28,20,25.6,55,1.5,50
2024-06-28,21,23.7,67,0.3,0
2024-06-28,22,22.7,66,1,70
2024-06-28,23,21.5,73,0.8,360
2024-06-29,0,21.2,76,0.2,0
2024-06-29,1,20.4,81,0.3,0
2024-06-29,2,19.9,85,0.1,0
2024-06-29,3,20.2,89,0.2,0
2024-06-29,4,20.2,90,0,0
2024-06-29,5,19.3,95,0.3,0
2024-06-29,6,19.6,97,0.3,0
2024-06-29,7,21.9,87,0,0
2024-06-29,8,24.5,77,0.8,20
2024-06-29,9,26.7,67,0.7,20
2024-06-29,10,28.8,58,0.9,230
2024-06-29,11,30,55,2.1,230
2024-06-29,12,29.8,55,3.5,270
2024-06-29,13,31.6,49,2.8,250
2024-06-29,14,30.3,52,2.5,200
2024-06-29,15,29.2,60,2.6,250
2024-06-29,16,28.6,63,2.8,200
2024-06-29,17,27.4,68,2.1,200
2024-06-29,18,25.4,81,1.3,180
2024-06-29,19,24.1,92,1.1,230
2024-06-29,20,23.5,99,0.5,160
2024-06-29,21,23.6,99,0.2,0
2024-06-29,22,23.5,99,0.4,0
2024-06-29,23,23.4,100,1.5,250
2024-06-30,0,23.5,100,0.7,180
2024-06-30,1,23.7,100,0.7,230
2024-06-30,2,24.3,99,1.5,200
2024-06-30,3,24.4,98,1,180
2024-06-30,4,24.6,95,2.1,180
2024-06-30,5,24.8,93,1.8,180
2024-06-30,6,24.9,93,1.5,180
2024-06-30,7,25.2,94,0.6,200
2024-06-30,8,24.5,100,1.9,200
2024-06-30,9,24.8,100,1.2,180
2024-06-30,10,25,99,0.9,250
2024-06-30,11,26.9,92,1.1,230
2024-06-30,12,25.2,100,1.7,290
2024-06-30,13,25.3,96,2.3,250
2024-06-30,14,25.7,91,1.7,250
2024-06-30,15,26.3,91,0.9,230
2024-06-30,16,27.5,80,2.6,290
2024-06-30,17,26.7,79,1.8,290
2024-06-30,18,26.8,77,2,270
2024-06-30,19,26.6,76,0.8,250
2024-06-30,20,25.1,87,0.9,160
2024-06-30,21,23.8,97,0.3,0
2024-06-30,22,23.1,100,0.1,0
2024-06-30,23,22.6,100,0.6,70
2024-07-01,0,22.6,100,0.2,0
2024-07-01,1,22.2,100,0.1,0
2024-07-01,2,22,100,0,0
2024-07-01,3,21.9,100,0.1,0
2024-07-01,4,21.5,100,0.5,50
2024-07-01,5,21.6,100,0.2,0
2024-07-01,6,21.3,100,0.4,0
2024-07-01,7,21.5,100,0.2,0
2024-07-01,8,23.6,98,0.3,0
2024-07-01,9,27,70,0.9,180
2024-07-01,10,28.2,60,1.4,340
2024-07-01,11,29.2,56,2.2,290
2024-07-01,12,30.1,53,2.4,230
2024-07-01,13,31,50,2.4,230
2024-07-01,14,31.6,42,1.6,250
2024-07-01,15,31.6,44,1.4,270
2024-07-01,16,31.2,47,1.7,250
2024-07-01,17,31,48,1.2,290
2024-07-01,18,31.2,48,1.8,270
2024-07-01,19,29.7,57,1.2,290
2024-07-01,20,25.9,76,1.2,50
2024-07-01,21,24.4,85,0.6,20
2024-07-01,22,23.5,90,0.4,0
2024-07-01,23,23.4,90,0.5,360
2024-07-02,0,23.2,91,0.8,340
2024-07-02,1,23,92,0.6,340
2024-07-02,2,22.4,96,0.5,340
2024-07-02,3,22.4,96,0.1,0
2024-07-02,4,22.4,96,0.1,0
2024-07-02,5,22.5,93,1,50
2024-07-02,6,22.1,100,0.4,0
2024-07-02,7,22.3,100,0.2,0
2024-07-02,8,22.1,100,1.1,20
2024-07-02,9,22.3,100,1,90
2024-07-02,10,22.4,100,2.3,290
2024-07-02,11,22,100,0.5,20
2024-07-02,12,22.3,100,0.5,20
2024-07-02,13,23.3,97,0.5,20
2024-07-02,14,24,93,0.9,360
2024-07-02,15,25,89,1.6,360
2024-07-02,16,25.3,89,1.9,360
2024-07-02,17,25.9,87,1.5,360
2024-07-02,18,25.5,89,1.4,360
2024-07-02,19,25,93,0.6,340
2024-07-02,20,24.5,97,0.3,0
2024-07-02,21,23.9,100,0.9,340
2024-07-02,22,23.9,100,0.4,0
2024-07-02,23,24,100,0.6,20
2024-07-03,0,23.6,100,1.1,320
2024-07-03,1,23.8,100,0.1,0
2024-07-03,2,24.6,96,0.1,0
2024-07-03,3,26.5,82,2,180
2024-07-03,4,26.9,81,2.7,200
2024-07-03,5,27.1,80,2.2,200
2024-07-03,6,25.6,93,1.5,230
2024-07-03,7,25,100,0.6,160
2024-07-03,8,25.4,100,1,200
2024-07-03,9,24.9,94,2.2,290
2024-07-03,10,27,85,1.7,270
2024-07-03,11,29.7,70,2.8,270
2024-07-03,12,30.9,61,3.2,270
2024-07-03,13,30.8,61,2.5,270
2024-07-03,14,31.7,56,3.7,270
2024-07-03,15,32.4,54,4,290
2024-07-03,16,31.1,57,3.9,320
2024-07-03,17,30.6,61,2.5,320
2024-07-03,18,29.9,61,2.3,290
2024-07-03,19,28.4,65,2,320
2024-07-03,20,25.6,80,1.2,340
2024-07-03,21,24.4,86,0.2,0
2024-07-03,22,23.3,91,0.8,50
2024-07-03,23,22.4,96,0.2,0
2024-07-04,0,21.7,100,0.4,0
2024-07-04,1,21.2,100,0.2,0
2024-07-04,2,20.8,100,0.2,0
2024-07-04,3,20.6,100,0.1,0
2024-07-04,4,20.1,100,0.2,0
2024-07-04,5,20.2,100,0.2,0
2024-07-04,6,19.9,100,0.2,0
2024-07-04,7,20.9,100,0.1,0
2024-07-04,8,23,93,0.4,0
2024-07-04,9,26.7,72,1.4,320
2024-07-04,10,28.7,61,2.8,250
2024-07-04,11,29.7,61,2.2,230
2024-07-04,12,30.5,55,1.9,270
2024-07-04,13,31.7,51,2,250
2024-07-04,14,32.6,47,2.4,250
2024-07-04,15,33.3,47,1.8,290
2024-07-04,16,33,48,1.6,230
2024-07-04,17,32.1,53,1.2,290
2024-07-04,18,30.8,65,0.3,0
2024-07-04,19,29.6,72,0.9,70
2024-07-04,20,27.4,80,0.6,50
2024-07-04,21,26,89,0.1,0
2024-07-04,22,25.3,96,0.5,360
2024-07-04,23,25,96,0.1,0
2024-07-05,0,24.4,98,0.3,0
2024-07-05,1,26.8,82,1,200
2024-07-05,2,26.5,83,1.2,200
2024-07-05,3,26.5,81,1,200
2024-07-05,4,24.6,100,1.3,180
2024-07-05,5,24.6,100,0.7,180
2024-07-05,6,24.6,100,0.1,0
2024-07-05,7,25.3,96,1.5,230
2024-07-05,8,27,77,2.3,230
2024-07-05,9,27.9,65,3,270
2024-07-05,10,27.6,64,3.8,290
2024-07-05,11,29.2,59,3.9,270
2024-07-05,12,29.9,54,3.8,290
2024-07-05,13,29.9,54,3.6,290
2024-07-05,14,30.5,52,3.5,290
2024-07-05,15,30.8,50,4,290
2024-07-05,16,31.1,50,2.7,290
2024-07-05,17,30.5,50,3,290
2024-07-05,18,29.7,52,2.7,320
2024-07-05,19,28,60,1.7,340
2024-07-05,20,25.7,74,0.6,340
2024-07-05,21,23.9,80,0.7,20
2024-07-05,22,22.8,85,0.8,50
2024-07-05,23,22.1,88,0.6,20
2024-07-06,0,21.6,93,0.4,0
2024-07-06,1,21.3,94,0.3,0
2024-07-06,2,21,96,0.5,20
2024-07-06,3,21.5,94,0.3,0
2024-07-06,4,21.9,92,0,0
2024-07-06,5,22,94,0.1,0
2024-07-06,6,21.9,96,0,0
2024-07-06,7,22.8,90,0.6,20
2024-07-06,8,25.5,78,0.3,0
2024-07-06,9,27.2,70,0.4,0
2024-07-06,10,28,72,0.9,270
2024-07-06,11,29.3,72,1,230
2024-07-06,12,30.4,69,1.6,250
2024-07-06,13,32.5,60,2.5,230
2024-07-06,14,32.3,60,3.1,230
2024-07-06,15,33,59,3.1,230
2024-07-06,16,31.9,64,2.8,200
2024-07-06,17,32.8,63,2.7,230
2024-07-06,18,30.8,67,3.1,230
2024-07-06,19,29.7,71,2.2,230
2024-07-06,20,28.7,75,1.6,230
2024-07-06,21,28,78,1.7,230
2024-07-06,22,27.5,79,1.7,230
2024-07-06,23,27.3,80,1.9,230
2024-07-07,0,26.9,82,1.4,230
2024-07-07,1,26.7,83,1.5,200
2024-07-07,2,26.3,84,1.4,200
2024-07-07,3,26.4,84,0.8,180
2024-07-07,4,25.5,89,0.5,200
2024-07-07,5,25,94,0.4,0
2024-07-07,6,26,89,0.1,0
2024-07-07,7,26.1,91,0.3,0
2024-07-07,8,27,85,0.6,340
2024-07-07,9,27,88,0.7,340
2024-07-07,10,26.2,88,1.3,20
2024-07-07,11,25.9,87,1.6,50
2024-07-07,12,24.8,97,0.3,0
2024-07-07,13,25.5,97,0.4,0
2024-07-07,14,27.4,87,0.7,180
2024-07-07,15,28.2,77,1.6,290
2024-07-07,16,28.4,78,1.2,250
2024-07-07,17,28.5,78,0.9,200
2024-07-07,18,28.1,83,0.2,0
2024-07-07,19,27.4,91,0.7,20
2024-07-07,20,26.5,97,0.1,0
2024-07-07,21,26.1,99,0,0
2024-07-07,22,25.6,100,0.1,0
2024-07-07,23,25.9,100,0.8,160
2024-07-08,0,24.5,100,1.3,340
2024-07-08,1,24.4,100,0.5,290
2024-07-08,2,24.3,100,1.4,160
2024-07-08,3,24.2,100,0.4,0
2024-07-08,4,24.2,100,0.3,0
2024-07-08,5,24.2,100,1,180
2024-07-08,6,23.9,100,1,160
2024-07-08,7,24,100,0.4,0
2024-07-08,8,24,100,0.4,0
2024-07-08,9,24,95,0.6,200
2024-07-08,10,24.1,98,0.5,360
2024-07-08,11,24.1,100,0.2,0
2024-07-08,12,24.1,100,0.7,360
2024-07-08,13,24.4,99,0.7,200
2024-07-08,14,24.8,94,0.4,0
2024-07-08,15,24.8,97,1,290
2024-07-08,16,24.6,100,0.6,20
2024-07-08,17,25,99,1,320
2024-07-08,18,25,100,0.2,0
2024-07-08,19,24.8,100,0.2,0
2024-07-08,20,24.5,100,0.8,290
2024-07-08,21,24.7,100,0.1,0
2024-07-08,22,24.9,100,1.3,160
2024-07-08,23,25.3,99,3.6,320
2024-07-09,0,24.1,98,1.3,270
2024-07-09,1,23.5,100,0.5,250
2024-07-09,2,23.4,100,1,160
2024-07-09,3,23.4,100,0.1,0
2024-07-09,4,23.2,100,0.2,0
2024-07-09,5,23.2,100,0,0
2024-07-09,6,23.1,100,0.3,0
2024-07-09,7,23.6,100,0.3,0
2024-07-09,8,23.5,100,0.5,230
2024-07-09,9,23.6,100,0.5,360
2024-07-09,10,24.1,100,0.4,0
2024-07-09,11,24.9,96,0.4,0
2024-07-09,12,25,100,0.6,160
2024-07-09,13,25.3,100,0.9,200
2024-07-09,14,24.8,95,1.5,180
2024-07-09,15,24.4,98,1.4,180
2024-07-09,16,24.6,93,1.5,180
2024-07-09,17,24.4,96,0.4,0
2024-07-09,18,24.5,97,0.4,0
2024-07-09,19,23.8,100,0.5,230
2024-07-09,20,23.4,100,0.4,0
2024-07-09,21,23.4,100,0.4,0
2024-07-09,22,23.1,100,0.8,180
2024-07-09,23,22.8,100,1.3,160
2024-07-10,0,22.4,100,0.7,90
2024-07-10,1,22.2,100,0.3,0
2024-07-10,2,22,100,0.7,70
2024-07-10,3,22,100,0.8,50
2024-07-10,4,22.5,100,0.8,90
2024-07-10,5,22.8,100,1.1,70
2024-07-10,6,22.7,100,0.6,20
2024-07-10,7,21.2,100,1.9,360
2024-07-10,8,21.5,100,0.7,50
2024-07-10,9,22.2,100,1.8,230
2024-07-10,10,22.7,95,0.8,360
2024-07-10,11,22.6,97,1.1,320
2024-07-10,12,23.5,95,1.1,250
2024-07-10,13,24.1,93,1.8,230
2024-07-10,14,24.9,88,1.3,230
2024-07-10,15,25.5,82,1.2,290
2024-07-10,16,26,79,1.4,230
2024-07-10,17,26.3,82,1.3,230
2024-07-10,18,25.8,84,0.8,230
2024-07-10,19,25.6,87,1,200
2024-07-10,20,24.4,91,1.1,230
2024-07-10,21,23.3,99,0.7,180
2024-07-10,22,22.8,96,0.5,230
2024-07-10,23,22.4,100,0.7,340
2024-07-11,0,21.8,100,0.4,0
2024-07-11,1,21.7,100,0.4,0
2024-07-11,2,21.7,100,0.2,0
2024-07-11,3,21.5,100,0.5,320
2024-07-11,4,21.8,100,0,0
2024-07-11,5,21.9,100,0.1,0
2024-07-11,6,21.9,100,0,0
2024-07-11,7,22.2,100,0.3,0
2024-07-11,8,23,96,0.2,0
2024-07-11,9,23.6,92,1.2,180
2024-07-11,10,24.8,87,0.5,160
2024-07-11,11,27.4,71,1,200
2024-07-11,12,28.2,68,1.1,290
2024-07-11,13,28.3,69,1.4,230
2024-07-11,14,29.1,64,1,230
2024-07-11,15,29.9,61,1.3,230
2024-07-11,16,29.2,65,1.5,230
2024-07-11,17,28.6,73,1.2,200
2024-07-11,18,27.8,77,1,200
2024-07-11,19,26.8,84,0.5,230
2024-07-11,20,25.3,94,0.3,0
2024-07-11,21,24.4,99,0.4,0
2024-07-11,22,23.9,100,0.2,0
2024-07-11,23,23.4,100,0.1,0
2024-07-12,0,23.2,100,0.1,0
2024-07-12,1,23.2,100,0.1,0
2024-07-12,2,22.8,100,0.1,0
2024-07-12,3,22.6,100,0.2,0
2024-07-12,4,22.3,100,0.6,70
2024-07-12,5,22.3,100,0.7,270
2024-07-12,6,22.1,100,0.2,0
2024-07-12,7,22.9,100,0.3,0
2024-07-12,8,23.6,95,0.3,0
2024-07-12,9,25,90,0.4,0
2024-07-12,10,26.8,77,0.9,270
2024-07-12,11,28.5,69,1,230
2024-07-12,12,29.3,66,1.4,320
2024-07-12,13,30.7,64,1.1,360
2024-07-12,14,31.5,57,1.4,270
2024-07-12,15,31.9,56,1.5,250
2024-07-12,16,31.2,60,1.7,180
2024-07-12,17,29,72,1.7,360
2024-07-12,18,28.8,72,1.4,360
2024-07-12,19,27,82,1.7,20
2024-07-12,20,25.7,92,0.8,360
2024-07-12,21,24.8,98,0.4,0
2024-07-12,22,23.9,100,0.5,20
2024-07-12,23,23.4,100,0.3,0
2024-07-13,0,22.9,100,0.6,20
2024-07-13,1,22.7,100,0.3,0
2024-07-13,2,22,100,0.2,0
2024-07-13,3,21.4,100,0.5,20
2024-07-13,4,21.2,100,0.2,0
2024-07-13,5,20.7,100,0.5,70
2024-07-13,6,20.3,100,0.3,0
2024-07-13,7,21.3,97,0.6,50
2024-07-13,8,22.6,94,0.5,360
2024-07-13,9,24.7,82,0.3,0
2024-07-13,10,26.7,74,1,340
2024-07-13,11,29,66,0.8,230
2024-07-13,12,30.1,60,1.2,160
2024-07-13,13,30.2,60,1.6,230
2024-07-13,14,31.5,54,1.7,250
2024-07-13,15,31.7,54,1.7,230
2024-07-13,16,31.6,53,2.2,200
2024-07-13,17,30.6,59,2.4,200
2024-07-13,18,30.2,63,1.6,230
2024-07-13,19,28.4,68,1.6,230
2024-07-13,20,27.1,72,1,200
2024-07-13,21,25.4,84,0.3,0
2024-07-13,22,24.6,88,1.2,50
2024-07-13,23,24.1,90,0.8,20
2024-07-14,0,23.7,91,0.9,20
2024-07-14,1,23.8,89,1.6,50
2024-07-14,2,23.8,89,0.5,20
2024-07-14,3,23.5,91,0.6,50
2024-07-14,4,23.5,89,0.3,0
2024-07-14,5,22.6,97,0.4,0
2024-07-14,6,23,92,0.3,0
2024-07-14,7,23.4,92,0.5,20
2024-07-14,8,24.8,82,0.3,0
2024-07-14,9,25.6,75,1,140
2024-07-14,10,26.6,69,1.7,70
2024-07-14,11,26.5,74,1.2,70
2024-07-14,12,26,77,1.4,70
2024-07-14,13,26.5,75,1.7,70
2024-07-14,14,26.1,77,2.7,90
2024-07-14,15,26.1,78,0.7,90
2024-07-14,16,24.6,87,0.5,70
2024-07-14,17,25.8,83,0.9,200
2024-07-14,18,26,78,1.1,70
2024-07-14,19,25.1,83,1.2,50
2024-07-14,20,24.5,85,0.5,110
2024-07-14,21,24.4,82,0.7,140
2024-07-14,22,23.4,88,0.1,0
2024-07-14,23,22.9,97,0.2,0
2024-07-15,0,22.8,95,0.4,0
2024-07-15,1,23.2,88,0.4,0
2024-07-15,2,22.6,95,0.3,0
2024-07-15,3,22.5,94,0.6,70
2024-07-15,4,22.4,95,0.2,0
2024-07-15,5,22.4,95,0,0
2024-07-15,6,22.5,95,0,0
2024-07-15,7,23.2,89,0.1,0
2024-07-15,8,24.3,78,0.3,0
2024-07-15,9,25.5,75,1.1,230
2024-07-15,10,26.6,71,1.1,340
2024-07-15,11,26.9,70,1.7,90
2024-07-15,12,28,70,1.1,90
2024-07-15,13,28.3,67,1.1,180
2024-07-15,14,28.2,69,1.1,20
2024-07-15,15,28.5,69,1.3,200
2024-07-15,16,28,73,2.2,200
2024-07-15,17,28.9,67,1.5,140
2024-07-15,18,27.4,75,2.1,230
2024-07-15,19,27.2,76,1.4,230
2024-07-15,20,25.5,84,1.4,230
2024-07-15,21,24.9,86,0.7,230
2024-07-15,22,24.7,86,0.5,230
2024-07-15,23,24.8,85,0.3,0
2024-07-16,0,23.8,97,0.4,0
2024-07-16,1,22.8,100,0.4,0
2024-07-16,2,22.5,100,0.1,0
2024-07-16,3,22.5,100,0,0
2024-07-16,4,22.8,99,0.2,0
2024-07-16,5,22.8,100,0.2,0
2024-07-16,6,22.9,99,0.4,0
2024-07-16,7,23.6,92,0.4,0
2024-07-16,8,24.6,86,0.6,290
2024-07-16,9,24.9,87,0.9,250
2024-07-16,10,27.1,74,1,250
2024-07-16,11,28.6,68,1.2,200
2024-07-16,12,29.2,67,1.6,250
2024-07-16,13,29.4,67,0.8,200
2024-07-16,14,29,70,1.4,200
2024-07-16,15,28.2,76,1.2,200
2024-07-16,16,27.5,80,1.2,200
2024-07-16,17,25.1,99,1,230
2024-07-16,18,24,100,1.7,200
2024-07-16,19,23.8,100,0.4,0
2024-07-16,20,23.7,100,0.2,0
2024-07-16,21,23.6,100,0.5,320
2024-07-16,22,23.5,100,0,0
2024-07-16,23,23.4,100,0.9,110
2024-07-17,0,23.4,100,0.6,160
2024-07-17,1,23.1,100,0.1,0
2024-07-17,2,23.1,100,0.1,0
2024-07-17,3,23,100,0.8,90
2024-07-17,4,22.7,100,0.3,0
2024-07-17,5,22.5,100,0.2,0
2024-07-17,6,22.6,100,0.4,0
2024-07-17,7,22.8,100,0.6,180
2024-07-17,8,23.4,100,0.3,0
2024-07-17,9,24.7,91,0.7,340
2024-07-17,10,26.1,87,1.2,250
2024-07-17,11,27.7,82,1,230
2024-07-17,12,28.9,76,1.4,250
2024-07-17,13,30.8,68,2.7,250
2024-07-17,14,31,66,2.2,270
2024-07-17,15,30.5,69,1.9,230
2024-07-17,16,29.8,74,1.8,200
2024-07-17,17,29.1,76,1.5,200
2024-07-17,18,28.7,79,0.7,200
2024-07-17,19,27.7,85,0.5,160
2024-07-17,20,27,90,0.1,0
2024-07-17,21,26.7,91,0.3,0
2024-07-17,22,25.6,96,0.5,50
2024-07-17,23,25.4,99,0.7,360
2024-07-18,0,26.3,88,0.9,160
2024-07-18,1,26.5,84,0.6,180
2024-07-18,2,24.7,100,0.2,0
2024-07-18,3,24.5,100,0.2,0
2024-07-18,4,24.3,100,0.2,0
2024-07-18,5,24,100,0.1,0
2024-07-18,6,25.6,91,1.1,140
2024-07-18,7,27.3,79,1.3,200
2024-07-18,8,27.9,75,2.1,200
2024-07-18,9,28.7,73,1.9,200
2024-07-18,10,29.7,68,3.3,200
2024-07-18,11,28.9,72,2.4,230
2024-07-18,12,26.8,89,1,200
2024-07-18,13,26.8,92,1,180
2024-07-18,14,26.6,95,1,200
2024-07-18,15,26.1,95,2.8,200
2024-07-18,16,27.1,91,2.4,200
2024-07-18,17,28.5,82,3.6,230
2024-07-18,18,29.4,76,2.1,250
2024-07-18,19,27.7,85,1.1,160
2024-07-18,20,26.2,97,0.4,0
2024-07-18,21,25.4,100,1,70
2024-07-18,22,25.2,100,0.6,50
2024-07-18,23,25,100,0.2,0
2024-07-19,0,25,100,0.1,0
2024-07-19,1,25,100,0,0
2024-07-19,2,24.9,100,0.4,0
2024-07-19,3,24.6,100,0.2,0
2024-07-19,4,24.4,100,0.4,0
2024-07-19,5,24.6,100,0.2,0
2024-07-19,6,24.7,100,0.3,0
2024-07-19,7,24.8,100,0,0
2024-07-19,8,25.5,98,0.8,200
2024-07-19,9,26.6,92,1.5,250
2024-07-19,10,26.5,84,1.5,250
2024-07-19,11,26.4,88,0.5,320
2024-07-19,12,27.9,80,1.3,270
2024-07-19,13,28.3,77,1.2,290
2024-07-19,14,28.5,75,1.1,290
2024-07-19,15,28.5,76,1.7,230
2024-07-19,16,28.7,78,1.6,230
2024-07-19,17,29.4,74,1.5,230
2024-07-19,18,29.7,70,1,250
2024-07-19,19,28.4,77,0.7,270
2024-07-19,20,25.6,96,0.4,0
2024-07-19,21,24.6,100,0.4,0
2024-07-19,22,23.9,100,0.2,0
2024-07-19,23,23.3,100,0.2,0
2024-07-20,0,23,100,0.6,50
2024-07-20,1,23.2,100,0,0
2024-07-20,2,23.1,100,0,0
2024-07-20,3,23.1,100,0.2,0
2024-07-20,4,23,100,0,0
2024-07-20,5,22.9,100,0.1,0
2024-07-20,6,22.8,100,0,0
2024-07-20,7,23.1,100,0,0
2024-07-20,8,24.5,100,0.3,0
2024-07-20,9,26.2,85,0.9,290
2024-07-20,10,28.1,76,0.9,160
2024-07-20,11,28,78,1.2,270
2024-07-20,12,25,99,0.6,160
2024-07-20,13,25.3,97,0.6,230
2024-07-20,14,26.2,91,1.2,270
2024-07-20,15,28.5,77,2,250
2024-07-20,16,29,74,1.6,270
2024-07-20,17,29.9,74,1.2,160
2024-07-20,18,30.2,71,2.4,230
2024-07-20,19,29.2,76,0.9,200
2024-07-20,20,28.2,79,1.1,200
2024-07-20,21,26.2,92,0.2,0
2024-07-20,22,27.3,82,1.3,180
2024-07-20,23,26.7,85,0.5,200
2024-07-21,0,26.9,82,1.5,230
2024-07-21,1,26.1,86,1,230
2024-07-21,2,27.5,78,2.5,180
2024-07-21,3,26,86,0.5,230
2024-07-21,4,25.5,98,1.6,290
2024-07-21,5,24.7,100,0.5,200
2024-07-21,6,25.6,97,1.7,250
2024-07-21,7,25.4,98,1.1,250
2024-07-21,8,25.9,98,1,270
2024-07-21,9,28.8,73,2.6,270
2024-07-21,10,29.4,68,3.3,270
2024-07-21,11,30.2,67,3.1,290
2024-07-21,12,31.3,65,2.6,270
2024-07-21,13,32.2,63,2.9,290
2024-07-21,14,32.7,60,3.4,270
2024-07-21,15,33.6,59,2.5,270
2024-07-21,16,33.2,61,2.5,290
2024-07-21,17,33,60,1.9,290
2024-07-21,18,32.6,61,1.9,270
2024-07-21,19,31.1,71,1.1,320
2024-07-21,20,28.3,86,0.5,50
2024-07-21,21,27,94,0.7,50
2024-07-21,22,26,97,0.6,50
2024-07-21,23,25.5,100,0.5,20
2024-07-22,0,25,100,0.1,0
2024-07-22,1,24.6,100,0.5,340
2024-07-22,2,24.7,100,0.1,0
2024-07-22,3,24.4,100,0.3,0
2024-07-22,4,24,100,0.3,0
2024-07-22,5,23.8,100,0.3,0
2024-07-22,6,23.6,100,0.1,0
2024-07-22,7,25.1,100,0.2,0
2024-07-22,8,27.9,84,1,250
2024-07-22,9,30.4,73,2.1,250
2024-07-22,10,31.1,68,2.6,230
2024-07-22,11,32.4,62,2.2,250
2024-07-22,12,33.2,58,3,270
2024-07-22,13,32.6,60,2.1,230
2024-07-22,14,33.1,62,2.1,180
2024-07-22,15,32.6,62,1.1,230
2024-07-22,16,32.6,62,1.2,200
2024-07-22,17,31.8,70,0.9,340
2024-07-22,18,32.3,66,1.9,230
2024-07-22,19,30.1,74,1.1,200
2024-07-22,20,28.8,79,0.3,0
2024-07-22,21,28.5,78,1,230
2024-07-22,22,28.1,79,0.7,200
2024-07-22,23,27.7,79,0.7,200
2024-07-23,0,28.1,77,1.6,200
2024-07-23,1,28.5,76,2.5,230
2024-07-23,2,27.8,78,1,200
2024-07-23,3,27.4,81,0.8,200
2024-07-23,4,27.5,79,1,230
2024-07-23,5,26.9,81,0.8,200
2024-07-23,6,25.8,92,0.1,0
2024-07-23,7,27.8,80,0.4,0
2024-07-23,8,29.4,71,2.2,250
2024-07-23,9,30.2,70,2.3,200
2024-07-23,10,31.5,65,1.9,230
2024-07-23,11,31.7,64,2.1,250
2024-07-23,12,30.8,66,2.3,290
2024-07-23,13,30.6,68,1.6,320
2024-07-23,14,29.9,70,2,320
2024-07-23,15,29.8,72,1.1,320
2024-07-23,16,29.8,73,1.7,270
2024-07-23,17,28.7,82,1,200
2024-07-23,18,29,80,0.5,200
2024-07-23,19,28.3,87,0.8,340
2024-07-23,20,27.4,92,0.3,0
2024-07-23,21,26.7,92,0.9,20
2024-07-23,22,26.3,95,0.5,50
2024-07-23,23,26.4,94,0.6,290
2024-07-24,0,25.7,98,0.4,0
2024-07-24,1,25.5,100,0.2,0
2024-07-24,2,25.6,97,0.4,0
2024-07-24,3,25.2,100,0.2,0
2024-07-24,4,25,100,0,0
2024-07-24,5,24.8,100,0,0
2024-07-24,6,24.6,100,0.2,0
2024-07-24,7,25.8,95,0.3,0
2024-07-24,8,28.2,85,0.8,200
2024-07-24,9,29.8,76,1.7,250
2024-07-24,10,30.3,74,1.3,250
2024-07-24,11,29.5,76,2.6,270
2024-07-24,12,28.6,83,1.2,230
2024-07-24,13,29.2,78,1.3,230
2024-07-24,14,30.8,71,1.6,200
2024-07-24,15,31.8,64,2.2,200
2024-07-24,16,32,64,1.9,250
2024-07-24,17,30,72,1,290
2024-07-24,18,31.1,72,1.7,230
2024-07-24,19,29.8,77,0.8,200
2024-07-24,20,28.5,85,0.5,230
2024-07-24,21,27.6,91,0.8,230
2024-07-24,22,26.8,97,0.4,0
2024-07-24,23,26,100,0.1,0
2024-07-25,0,25.7,100,0.2,0
2024-07-25,1,25.2,100,0.1,0
2024-07-25,2,25,100,0.3,0
2024-07-25,3,25.1,100,0.6,70
2024-07-25,4,25.2,100,0,0
2024-07-25,5,25.2,100,0.4,0
2024-07-25,6,25.2,100,0.2,0
2024-07-25,7,25.6,100,0.1,0
2024-07-25,8,28.2,86,0.8,110
2024-07-25,9,29.6,77,1.3,270
2024-07-25,10,30.2,73,1.3,320
2024-07-25,11,31.6,64,1.6,270
2024-07-25,12,32.4,63,2,230
2024-07-25,13,33.1,59,1.6,230
2024-07-25,14,33.3,59,1,340
2024-07-25,15,34.4,56,1.2,180
2024-07-25,16,34.1,58,0.9,230
2024-07-25,17,32.6,64,1.2,200
2024-07-25,18,31,72,1.4,180
2024-07-25,19,29.8,70,0.9,250
2024-07-25,20,28.8,75,0.5,200
2024-07-25,21,27.2,88,0.6,20
2024-07-25,22,26.7,92,0,0
2024-07-25,23,26.2,95,0.2,0
2024-07-26,0,25.9,97,0.1,0
2024-07-26,1,25.4,100,0.3,0
2024-07-26,2,25.2,100,0.3,0
2024-07-26,3,25,100,0.4,0
2024-07-26,4,25,100,0.5,20
2024-07-26,5,24.8,100,0.3,0
2024-07-26,6,24.8,100,0.3,0
2024-07-26,7,25.8,96,0.3,0
2024-07-26,8,28.4,81,0.5,20
2024-07-26,9,30.6,70,1.5,200
2024-07-26,10,31.1,67,1.1,200
2024-07-26,11,32.8,60,2.1,200
2024-07-26,12,33.4,56,1.9,180
2024-07-26,13,33.7,57,2.9,200
2024-07-26,14,33.5,57,3,160
2024-07-26,15,33.9,57,2.6,200
2024-07-26,16,32.6,59,2.3,200
2024-07-26,17,30.2,69,2,200
2024-07-26,18,30.5,69,1.9,230
2024-07-26,19,29.7,74,0.8,250
2024-07-26,20,28.4,83,0.5,340
2024-07-26,21,27.4,87,0.9,20
2024-07-26,22,27,87,0.6,50
2024-07-26,23,26.4,95,0.6,340
2024-07-27,0,26.2,95,0.6,20
2024-07-27,1,25.9,97,0.7,340
2024-07-27,2,25.6,100,0.2,0
2024-07-27,3,25.5,100,0.2,0
2024-07-27,4,25.7,97,0.4,0
2024-07-27,5,25.5,100,0,0
2024-07-27,6,25.6,100,0.1,0
2024-07-27,7,26.3,95,0.1,0
2024-07-27,8,27.9,85,0.5,230
2024-07-27,9,28.7,82,0.9,200
2024-07-27,10,31.3,73,1.2,200
2024-07-27,11,30.9,69,2.8,230
2024-07-27,12,31.7,68,2.7,230
2024-07-27,13,32,65,2.5,230
2024-07-27,14,33.3,62,2.6,200
2024-07-27,15,31.9,68,1.9,180
2024-07-27,16,32.2,66,1.7,250
2024-07-27,17,31.2,71,1.9,250
2024-07-27,18,30.1,76,0.7,200
2024-07-27,19,29.6,78,0.9,200
2024-07-27,20,29,80,0.6,200
2024-07-27,21,27.9,87,0.1,0
2024-07-27,22,27.2,93,0,0
2024-07-27,23,26.5,97,0.2,0
2024-07-28,0,26.3,98,0.3,0
2024-07-28,1,26.2,98,0.5,360
2024-07-28,2,26.3,98,0,0
2024-07-28,3,25.9,100,0.3,0
2024-07-28,4,25.5,100,0.4,0
2024-07-28,5,24.9,100,0.3,0
2024-07-28,6,24.8,100,0.3,0
2024-07-28,7,26.6,91,0.1,0
2024-07-28,8,29,79,0.8,340
2024-07-28,9,31,69,2.4,200
2024-07-28,10,31.5,65,2.7,250
2024-07-28,11,31.9,63,2.3,230
2024-07-28,12,33.6,56,2.8,230
2024-07-28,13,33.2,58,2.2,230
2024-07-28,14,34.1,55,2.5,270
2024-07-28,15,33.3,59,2.2,270
2024-07-28,16,34.7,57,2.2,230
2024-07-28,17,34.2,57,2.4,230
2024-07-28,18,33.3,62,1.8,200
2024-07-28,19,31.3,69,1.2,200
2024-07-28,20,29.9,74,0.8,180
2024-07-28,21,27.7,88,0.6,360
2024-07-28,22,27,92,0.2,0
2024-07-28,23,26,97,0.4,0
2024-07-29,0,25.4,100,0.7,360
2024-07-29,1,25,100,0.5,360
2024-07-29,2,24.8,100,0.4,0
2024-07-29,3,24.4,100,0.5,360
2024-07-29,4,24.2,100,0,0
2024-07-29,5,23.8,100,0.3,0
2024-07-29,6,23.6,100,0.3,0
2024-07-29,7,25.5,95,0.2,0
2024-07-29,8,28.3,80,0.7,140
2024-07-29,9,30.1,68,2.2,270
2024-07-29,10,30.5,65,2.9,290
2024-07-29,11,31.8,61,3.8,270
2024-07-29,12,32.8,59,3.4,270
2024-07-29,13,33.6,56,4.3,290
2024-07-29,14,32.8,58,2.7,290
2024-07-29,15,34.7,53,3.3,270
2024-07-29,16,33.9,55,3.2,290
2024-07-29,17,33.7,55,3.5,270
2024-07-29,18,32.5,58,3,290
2024-07-29,19,31.2,63,2.3,290
2024-07-29,20,29.6,70,2.1,270
2024-07-29,21,29,72,1.6,290
2024-07-29,22,28.4,74,1.9,290
2024-07-29,23,28.1,72,1.9,270
2024-07-30,0,27.3,77,1.8,230
2024-07-30,1,27,77,1.6,270
2024-07-30,2,25.1,89,0.3,0
2024-07-30,3,24.5,93,0.6,360
2024-07-30,4,25.1,88,0.6,140
2024-07-30,5,25.1,89,0.3,0
2024-07-30,6,24.8,93,0.4,0
2024-07-30,7,25.6,89,0.3,0
2024-07-30,8,28.2,75,0.4,0
2024-07-30,9,29.2,70,1.4,250
2024-07-30,10,29.6,68,1.7,270
2024-07-30,11,29.9,69,1.4,250
2024-07-30,12,31,65,1.7,230
2024-07-30,13,31.6,64,2,290
2024-07-30,14,32.1,62,2.8,270
2024-07-30,15,32.5,60,2.4,290
2024-07-30,16,33.2,58,2.6,320
2024-07-30,17,33.2,58,2.5,290
2024-07-30,18,32.2,62,1.9,270
2024-07-30,19,31.3,66,1.1,290
2024-07-30,20,28.1,84,0.9,50
2024-07-30,21,26.6,92,0.5,20
2024-07-30,22,25.8,95,0.5,50
2024-07-30,23,25.2,99,0.3,0
2024-07-31,0,24.5,100,0.2,0
2024-07-31,1,24.2,100,0.3,0
2024-07-31,2,23.8,100,0,0
2024-07-31,3,23.3,100,0.2,0
2024-07-31,4,23.1,100,0.1,0
2024-07-31,5,22.8,100,0.1,0
2024-07-31,6,22.5,100,0.2,0
2024-07-31,7,24.5,94,0.3,0
2024-07-31,8,28.1,78,0.6,180
2024-07-31,9,30.2,61,2.3,290
2024-07-31,10,31,59,2.6,270
2024-07-31,11,31.8,60,2.4,290
2024-07-31,12,32.6,57,3,270
2024-07-31,13,33,55,2.1,320
2024-07-31,14,33.8,55,2.6,290
2024-07-31,15,34.2,54,2.4,270
2024-07-31,16,34.2,53,1.5,320
2024-07-31,17,34,54,1.8,290
2024-07-31,18,33.7,55,2.1,290
2024-07-31,19,32.5,60,1.3,290
2024-07-31,20,28.7,79,1,50
2024-07-31,21,27.5,85,1,50
2024-07-31,22,26.6,90,0.3,0
2024-07-31,23,25.7,95,0.3,0
2024-08-01,0,25.2,97,0.3,0
2024-08-01,1,25.2,98,0.4,0
2024-08-01,2,24.6,99,0.4,0
2024-08-01,3,24.7,99,0,0
2024-08-01,4,24.4,100,0.1,0
2024-08-01,5,23.9,100,0.1,0
2024-08-01,6,23.5,100,0.1,0
2024-08-01,7,25.3,93,0.4,0
2024-08-01,8,27.9,84,1.3,320
2024-08-01,9,30.7,70,1,160
2024-08-01,10,31.4,63,2,320
2024-08-01,11,32.6,59,1.9,270
2024-08-01,12,32.5,60,2.2,290
2024-08-01,13,33.4,56,2.6,290
2024-08-01,14,33.6,55,2.4,320
2024-08-01,15,34.8,52,2.5,270
2024-08-01,16,34.3,52,1.6,320
2024-08-01,17,34.6,54,1.7,270
2024-08-01,18,34.1,55,1.7,290
2024-08-01,19,32.1,66,1,340
2024-08-01,20,28.9,80,1.2,50
2024-08-01,21,27.8,84,1,50
2024-08-01,22,26.9,90,0.8,20
2024-08-01,23,26.6,91,0.5,50
2024-08-02,0,26.3,92,0.5,340
2024-08-02,1,26.3,94,0.3,0
2024-08-02,2,26,96,0.3,0
2024-08-02,3,25.8,97,0.1,0
2024-08-02,4,25.2,100,0.1,0
2024-08-02,5,24.8,100,0.1,0
2024-08-02,6,25.2,98,0.7,290
2024-08-02,7,26.6,92,0.5,160
2024-08-02,8,28.5,85,0.4,0
2024-08-02,9,30.5,77,0.6,110
2024-08-02,10,31,73,0.5,160
2024-08-02,11,33.5,62,2,250
2024-08-02,12,33.7,63,2.3,320
2024-08-02,13,34.9,59,2.2,270
2024-08-02,14,35.7,56,2.1,270
2024-08-02,15,35.7,55,2.1,270
2024-08-02,16,35.8,54,3.2,290
2024-08-02,17,35.5,51,2.3,270
2024-08-02,18,34.8,55,2.7,270
2024-08-02,19,33.3,62,1.3,270
2024-08-02,20,30.1,78,0.8,70
2024-08-02,21,28.8,83,1,50
2024-08-02,22,28.3,87,0.6,50
2024-08-02,23,27.6,92,0.2,0
2024-08-03,0,27.1,94,0.1,0
2024-08-03,1,26.8,96,0.4,0
2024-08-03,2,26.3,98,0.2,0
2024-08-03,3,26.1,99,0.1,0
2024-08-03,4,25.8,100,0.3,0
2024-08-03,5,25.5,100,0,0
2024-08-03,6,25.3,100,0.1,0
2024-08-03,7,26.8,96,0.1,0
2024-08-03,8,28.5,89,0.9,320
2024-08-03,9,31.2,72,1.5,230
2024-08-03,10,32.3,67,2.1,250
2024-08-03,11,33.7,61,2.3,250
2024-08-03,12,34.6,60,2.2,270
2024-08-03,13,35.5,54,2,270
2024-08-03,14,36.2,52,2.3,270
2024-08-03,15,35.6,53,2.5,290
2024-08-03,16,36.1,52,1.8,320
2024-08-03,17,36.1,52,2.1,290
2024-08-03,18,35.2,55,1.8,320
2024-08-03,19,33.7,63,1.2,270
2024-08-03,20,30,79,1.1,50
2024-08-03,21,29,83,0.5,70
2024-08-03,22,27.8,90,0.3,0
2024-08-03,23,27.1,93,0.7,360
2024-08-04,0,26.7,95,0.4,0
2024-08-04,1,26.1,98,0.6,360
2024-08-04,2,25.7,100,0.3,0
2024-08-04,3,25.4,100,0.1,0
2024-08-04,4,25.1,100,0.2,0
2024-08-04,5,24.8,100,0.1,0
2024-08-04,6,24.6,100,0.5,340
2024-08-04,7,25.8,96,0.2,0
2024-08-04,8,28.2,85,0.4,0
2024-08-04,9,30.3,77,0.5,360
2024-08-04,10,32.2,69,0.7,320
2024-08-04,11,34,63,1.8,320
2024-08-04,12,34.4,57,0.8,110
2024-08-04,13,35.3,55,0.9,340
2024-08-04,14,35.2,58,1.2,140
2024-08-04,15,29.3,86,3.4,340
2024-08-04,16,30.7,76,2.4,200
2024-08-04,17,28.5,81,1.4,180
2024-08-04,18,28.8,82,1,90
2024-08-04,19,28,92,0.7,340
2024-08-04,20,27.2,98,0.6,340
2024-08-04,21,27,90,0.8,50
2024-08-04,22,26.5,99,0.7,20
2024-08-04,23,26.1,95,0.6,50
2024-08-05,0,25.5,100,0.5,360
2024-08-05,1,25.2,97,0.3,0
2024-08-05,2,25.2,95,0.7,50
2024-08-05,3,25.1,98,0.2,0
2024-08-05,4,24.7,100,0.2,0
2024-08-05,5,24.3,100,0.8,340
2024-08-05,6,24.4,100,0.1,0
2024-08-05,7,25.3,94,0.3,0
2024-08-05,8,27.2,83,0.4,0
2024-08-05,9,29.2,75,0.8,290
2024-08-05,10,31.6,66,0.6,180
2024-08-05,11,32.1,65,1.3,320
2024-08-05,12,33.4,62,2.4,290
2024-08-05,13,33.1,61,2,290
2024-08-05,14,33.6,62,1.7,360
2024-08-05,15,34.1,61,0.7,290
2024-08-05,16,25.1,99,3.1,140
2024-08-05,17,25.6,100,0.9,70
2024-08-05,18,25.9,98,1,270
2024-08-05,19,26.1,97,1.1,250
2024-08-05,20,24.4,93,1.5,50
2024-08-05,21,23.5,100,0.2,0
2024-08-05,22,23.4,100,0.9,230
2024-08-05,23,23.2,100,0.1,0
2024-08-06,0,22.8,100,0.3,0
2024-08-06,1,22.5,100,0.2,0
2024-08-06,2,22.6,100,0.4,0
2024-08-06,3,22.5,100,0.9,70
2024-08-06,4,22.3,100,1.3,20
2024-08-06,5,22.3,100,0.4,0
2024-08-06,6,22.5,100,0.5,70
2024-08-06,7,22.6,100,0.9,340
2024-08-06,8,23.8,99,0.8,270
2024-08-06,9,24.4,95,1.5,270
2024-08-06,10,26.4,86,0.8,290
2024-08-06,11,28.1,77,1,50
2024-08-06,12,30.6,67,0.8,70
2024-08-06,13,32.4,64,1,320
2024-08-06,14,32.8,61,0.7,200
2024-08-06,15,33.6,61,2.3,290
2024-08-06,16,33.4,62,0.6,140
2024-08-06,17,29.4,73,1.6,20
2024-08-06,18,31.1,69,1.3,360
2024-08-06,19,29.6,75,1.5,50
2024-08-06,20,27.4,89,0.7,20
2024-08-06,21,26.1,93,1.1,50
2024-08-06,22,25.9,97,0.3,0
2024-08-06,23,25,99,1,50
2024-08-07,0,24.6,100,0.8,360
2024-08-07,1,24.3,100,0.4,0
2024-08-07,2,24,100,0.6,360
2024-08-07,3,23.9,100,0.5,50
2024-08-07,4,23.7,100,0,0
2024-08-07,5,23.7,100,0.2,0
2024-08-07,6,23.5,100,0.7,360
2024-08-07,7,23.9,100,0.5,360
2024-08-07,8,25.3,95,0.2,0
2024-08-07,9,27.1,89,0.4,0
2024-08-07,10,29.3,76,0.8,290
2024-08-07,11,30.5,70,1,50
2024-08-07,12,33,65,1,270
2024-08-07,13,33.6,58,1.4,290
2024-08-07,14,33.3,61,1.1,320
2024-08-07,15,34.8,54,1.2,250
2024-08-07,16,35.6,50,1.3,270
2024-08-07,17,33.7,54,1.4,270
2024-08-07,18,31.9,69,0.8,360
2024-08-07,19,30.3,80,0.5,20
2024-08-07,20,28.8,85,1.2,70
2024-08-07,21,27.8,91,1.2,50
2024-08-07,22,27.1,95,0.5,20
2024-08-07,23,26.5,97,0.9,50
2024-08-08,0,26.1,100,0.1,0
2024-08-08,1,26.1,98,0.2,0
2024-08-08,2,25.6,100,0.1,0
2024-08-08,3,25.6,100,0,0
2024-08-08,4,25.5,100,0.1,0
2024-08-08,5,24.9,100,0.7,50
2024-08-08,6,24.6,100,0.2,0
2024-08-08,7,25.2,100,0,0
2024-08-08,8,27.4,87,0.8,230
2024-08-08,9,29.7,78,0.6,70
2024-08-08,10,30.8,69,1.7,270
2024-08-08,11,32.5,63,1.7,250
2024-08-08,12,32.5,59,2.7,290
2024-08-08,13,32.8,58,1.9,290
2024-08-08,14,32.2,60,2.8,320
2024-08-08,15,31.7,65,2.1,290
2024-08-08,16,31.5,65,1.8,290
2024-08-08,17,30.7,65,1.6,320
2024-08-08,18,29.9,71,1.2,290
2024-08-08,19,28.7,77,0.7,200
2024-08-08,20,27.4,87,0.5,50
2024-08-08,21,26.2,93,0.6,50
2024-08-08,22,25.5,99,0.3,0
2024-08-08,23,25.1,99,0.3,0
2024-08-09,0,24.5,100,0.5,20
2024-08-09,1,24.2,100,0.5,340
2024-08-09,2,23.9,100,0.2,0
2024-08-09,3,23.6,100,0.1,0
2024-08-09,4,23.8,100,0.1,0
2024-08-09,5,24,100,0.2,0
2024-08-09,6,23.8,100,0.4,0
2024-08-09,7,24,100,0.4,0
2024-08-09,8,24.7,98,0.7,50
2024-08-09,9,26.1,89,1,290
2024-08-09,10,28.1,76,0.8,360
2024-08-09,11,30.5,68,0.9,290
2024-08-09,12,31.4,61,1.9,320
2024-08-09,13,33,56,2.1,290
2024-08-09,14,33.4,53,1.5,180
2024-08-09,15,34,51,1.4,270
2024-08-09,16,34.1,49,1.5,270
2024-08-09,17,34,50,1.8,270
2024-08-09,18,33.6,53,1.6,290
2024-08-09,19,31.1,66,1.1,160
2024-08-09,20,29.3,72,0.3,0
2024-08-09,21,27,90,0.7,360
2024-08-09,22,26.2,93,0.4,0
2024-08-09,23,25.3,95,1,50
2024-08-10,0,24.6,98,0.7,20
2024-08-10,1,24,98,1,50
2024-08-10,2,23.6,99,0.3,0
2024-08-10,3,23.1,100,0.4,0
2024-08-10,4,22.7,100,0.3,0
2024-08-10,5,22.6,100,0.3,0
2024-08-10,6,22.3,100,0.5,360
2024-08-10,7,23,98,0.1,0
2024-08-10,8,24.5,89,0.4,0
2024-08-10,9,27.4,76,0.9,250
2024-08-10,10,29.6,70,0.6,340
2024-08-10,11,30.7,66,1.1,270
2024-08-10,12,32.5,59,1.9,320
2024-08-10,13,33.4,55,1.2,20
2024-08-10,14,34.4,51,1.9,180
2024-08-10,15,34.6,49,1.5,230
2024-08-10,16,34.9,47,1.4,200
2024-08-10,17,34.8,49,1.3,180
2024-08-10,18,33.3,53,1.7,180
2024-08-10,19,31.7,59,0.7,140
2024-08-10,20,29.8,65,0.9,160
2024-08-10,21,27.1,74,1,50
2024-08-10,22,25.4,82,0.9,20
2024-08-10,23,24.5,88,0.3,0
2024-08-11,0,23.8,88,1.1,70
2024-08-11,1,23,94,0.2,0
2024-08-11,2,22.4,96,0.6,360
2024-08-11,3,22.4,96,0.3,0
2024-08-11,4,22.4,96,0.4,0
2024-08-11,5,21.8,99,0.2,0
2024-08-11,6,22.3,97,0.4,0
2024-08-11,7,23.3,91,0.7,50
2024-08-11,8,25.9,82,0.7,360
2024-08-11,9,28,71,0.4,0
2024-08-11,10,29.4,65,0.7,320
2024-08-11,11,31.2,61,1.3,360
2024-08-11,12,32.3,57,1.2,50
2024-08-11,13,33,56,1.8,270
2024-08-11,14,34,51,2.2,270
2024-08-11,15,34.2,51,1.9,270
2024-08-11,16,34.1,52,1.6,320
2024-08-11,17,34.1,51,1.1,270
2024-08-11,18,33.8,53,1.6,290
2024-08-11,19,30.6,70,1.3,340
2024-08-11,20,29.1,79,0.5,360
2024-08-11,21,29.2,72,1,180
2024-08-11,22,27.2,80,0.7,70
2024-08-11,23,25.8,91,0.5,20
2024-08-12,0,24.8,95,0.7,50
2024-08-12,1,24.4,97,0.6,360
2024-08-12,2,24.1,97,0.5,340
2024-08-12,3,23.8,97,0.1,0
2024-08-12,4,23.2,99,0.3,0
2024-08-12,5,22.8,100,0.4,0
2024-08-12,6,22.4,99,0.9,50
2024-08-12,7,23.3,96,0.6,20
2024-08-12,8,25.4,80,0.4,0
2024-08-12,9,27.9,68,0.7,340
2024-08-12,10,29.2,62,1.2,320
2024-08-12,11,31,60,1,360
2024-08-12,12,32.7,58,1.3,50
2024-08-12,13,33.5,54,0.6,200
2024-08-12,14,34.9,49,1.6,200
2024-08-12,15,35.8,48,1.4,250
2024-08-12,16,35.4,49,1.7,270
2024-08-12,17,34.9,49,1.6,320
2024-08-12,18,33.1,50,1.9,180
2024-08-12,19,31.2,55,0.9,90
2024-08-12,20,29.7,57,0.7,200
2024-08-12,21,28.5,62,1,160
2024-08-12,22,26.7,74,0.7,70
2024-08-12,23,24.8,80,1.1,50
2024-08-13,0,24.1,83,0.6,70
2024-08-13,1,23.3,88,0.8,50
2024-08-13,2,22.5,94,0.9,50
2024-08-13,3,21.9,95,1,50
2024-08-13,4,21.8,97,0.3,0
2024-08-13,5,21.4,100,0.2,0
2024-08-13,6,21.3,100,0.2,0
2024-08-13,7,22.7,92,0.4,0
2024-08-13,8,25.1,82,0.4,0
2024-08-13,9,27.7,72,0.6,20
2024-08-13,10,29.7,63,1,180
2024-08-13,11,31.3,54,1.2,320
2024-08-13,12,32.5,50,1.2,290
2024-08-13,13,33.7,41,2.2,50
2024-08-13,14,34.4,41,1.7,320
2024-08-13,15,35.1,42,1.7,50
2024-08-13,16,35.7,40,2.3,20
2024-08-13,17,35.4,39,1.9,140
2024-08-13,18,32.5,56,2.5,200
2024-08-13,19,31,52,1.7,200
2024-08-13,20,29.4,57,1.2,180
2024-08-13,21,27.8,66,0.6,160
2024-08-13,22,25.7,76,1,70
2024-08-13,23,24.6,81,0.8,90
2024-08-14,0,23.7,86,0.9,70
2024-08-14,1,22.9,93,0.5,360
2024-08-14,2,22.3,95,0.2,0
2024-08-14,3,21.5,98,0.4,0
2024-08-14,4,21.3,99,0.5,360
2024-08-14,5,21,100,0.1,0
2024-08-14,6,20.8,100,0.6,360
2024-08-14,7,22.3,90,0.8,90
2024-08-14,8,24.6,81,0.4,0
2024-08-14,9,27.4,70,1.1,320
2024-08-14,10,30,58,1,360
2024-08-14,11,32.4,48,1.6,270
2024-08-14,12,33.4,43,1.4,290
2024-08-14,13,34.5,39,1.4,360
2024-08-14,14,35.2,40,1.6,110
2024-08-14,15,34.3,45,1.2,70
2024-08-14,16,35,44,2.2,110
2024-08-14,17,34.1,50,0.9,180
2024-08-14,18,33.3,47,1.5,110
2024-08-14,19,31.2,53,1.2,140
2024-08-14,20,28.4,67,1.1,70
2024-08-14,21,26.4,78,0.5,20
2024-08-14,22,25.6,81,1.1,20
2024-08-14,23,24.4,87,0.6,360
2024-08-15,0,23.9,91,0.6,20
2024-08-15,1,24,89,0.8,50
2024-08-15,2,23.9,91,0.3,0
2024-08-15,3,23.2,94,0.2,0
2024-08-15,4,22.7,96,0.2,0
2024-08-15,5,22.2,99,0.7,20
2024-08-15,6,21.8,100,0.4,0
2024-08-15,7,23.1,92,0.4,0
2024-08-15,8,25.4,81,0.3,0
2024-08-15,9,27.8,73,0.5,340
2024-08-15,10,29.2,64,0.8,270
2024-08-15,11,32.3,55,1.8,230
2024-08-15,12,32.4,51,1.1,340
2024-08-15,13,32.2,52,0.8,180
2024-08-15,14,34,48,1.5,290
2024-08-15,15,32.7,55,2.2,140
2024-08-15,16,30.5,64,1.5,180
2024-08-15,17,29.7,69,1.7,140
2024-08-15,18,29.5,69,1.1,230
2024-08-15,19,28.2,76,0.8,200
2024-08-15,20,26.9,85,0.3,0
2024-08-15,21,25.9,87,0.6,20
2024-08-15,22,25.2,91,0.2,0
2024-08-15,23,24,94,0.7,360
2024-08-16,0,23.6,94,0,0
2024-08-16,1,22.8,95,0.8,50
2024-08-16,2,22.8,95,0.8,50
2024-08-16,3,22.2,97,0.4,0
2024-08-16,4,22,99,0.1,0
2024-08-16,5,21.5,100,0.6,20
2024-08-16,6,21.2,100,0.2,0
2024-08-16,7,22.4,95,0.2,0
2024-08-16,8,24.4,86,0.5,20
2024-08-16,9,26.4,79,0.3,0
2024-08-16,10,29.7,65,0.9,70
2024-08-16,11,29.7,64,2.4,70
2024-08-16,12,29.8,62,2.4,50
2024-08-16,13,30.9,61,1.7,20
2024-08-16,14,31.6,59,2.6,20
2024-08-16,15,31.1,59,1.9,50
2024-08-16,16,32.6,55,2.7,20
2024-08-16,17,33.1,51,3.2,20
2024-08-16,18,32,56,2.3,110
2024-08-16,19,28.6,69,1.5,200
2024-08-16,20,26.7,79,0.5,230
2024-08-16,21,25.5,86,0.5,360
2024-08-16,22,24.8,90,0.4,0
2024-08-16,23,23.9,93,0.3,0
2024-08-17,0,23.5,93,0.3,0
2024-08-17,1,23,96,0.5,50
2024-08-17,2,22.7,97,0.5,20
2024-08-17,3,22.2,99,0.4,0
2024-08-17,4,22,100,0.5,20
2024-08-17,5,22,100,0.4,0
2024-08-17,6,21.7,100,0.5,340
2024-08-17,7,22.6,97,0.2,0
2024-08-17,8,25.7,82,0.2,0
2024-08-17,9,28.3,72,0.5,50
2024-08-17,10,30.1,65,1.5,360
2024-08-17,11,31.7,57,0.9,290
2024-08-17,12,32.9,51,0.9,90
2024-08-17,13,32.5,53,1.4,90
2024-08-17,14,32.3,53,0.6,20
2024-08-17,15,33.2,51,0.8,50
2024-08-17,16,32.1,56,2,160
2024-08-17,17,30.3,68,1.4,50
2024-08-17,18,30.2,68,2.2,90
2024-08-17,19,28.8,74,0.9,50
2024-08-17,20,27.5,77,1.5,70
2024-08-17,21,25.9,85,0.6,20
2024-08-17,22,24.9,89,0.7,360
2024-08-17,23,24.1,93,0.5,20
2024-08-18,0,23.4,97,0.5,360
2024-08-18,1,23.1,97,0.8,20
2024-08-18,2,22.8,99,0.2,0
2024-08-18,3,22.2,100,0.5,340
2024-08-18,4,22,100,0.2,0
2024-08-18,5,21.6,100,0.3,0
2024-08-18,6,21.4,100,0.3,0
2024-08-18,7,22.7,96,0.3,0
2024-08-18,8,25.1,84,0.5,360
2024-08-18,9,27.9,75,0.8,290
2024-08-18,10,29.1,68,0.7,200
2024-08-18,11,30.7,62,1.4,250
2024-08-18,12,32.3,53,1,340
2024-08-18,13,34.3,50,0.9,50
2024-08-18,14,35.1,44,2.1,200
2024-08-18,15,33.9,47,1.7,180
2024-08-18,16,35.4,43,2.1,200
2024-08-18,17,34.6,46,1.6,230
2024-08-18,18,33.9,44,2.4,270
2024-08-18,19,31.8,47,1.7,200
2024-08-18,20,28.1,68,0.5,340
2024-08-18,21,28,66,0.9,180
2024-08-18,22,25.1,79,0.1,0
2024-08-18,23,24,84,0.9,340
2024-08-19,0,23.4,88,0.6,20
2024-08-19,1,23,90,1,340
2024-08-19,2,23.2,93,0.3,0
2024-08-19,3,22.3,98,0.4,0
2024-08-19,4,21.9,99,0.2,0
2024-08-19,5,21.6,100,0,0
2024-08-19,6,21.2,100,0.1,0
2024-08-19,7,22.7,92,0.2,0
2024-08-19,8,25.4,80,0.2,0
2024-08-19,9,28.1,69,0.6,360
2024-08-19,10,30.3,61,1.1,320
2024-08-19,11,31.8,56,1.9,230
2024-08-19,12,31.9,56,1.4,290
2024-08-19,13,33.5,51,1.1,20
2024-08-19,14,35.9,45,2.2,230
2024-08-19,15,35.2,46,2.1,270
2024-08-19,16,35.3,47,1.9,230
2024-08-19,17,35.1,48,1.5,250
2024-08-19,18,34.2,50,1.7,250
2024-08-19,19,32.4,59,0.8,230
2024-08-19,20,29.7,71,1.3,50
2024-08-19,21,29.2,75,0.1,0
2024-08-19,22,29.6,75,1,140
2024-08-19,23,27.2,85,0.8,20
2024-08-20,0,26.5,88,0.9,50
2024-08-20,1,26.1,91,0.4,0
2024-08-20,2,25.7,93,0.8,50
2024-08-20,3,25.4,96,0.5,20
2024-08-20,4,24.9,98,0.4,0
2024-08-20,5,25.2,96,0.2,0
2024-08-20,6,25,98,0.2,0
2024-08-20,7,26.3,92,0.6,340
2024-08-20,8,30.4,72,1,90
2024-08-20,9,31.5,66,1.3,180
2024-08-20,10,31.3,68,1.5,200
2024-08-20,11,30.6,66,2.5,230
2024-08-20,12,31.8,66,1.2,200
2024-08-20,13,32,65,1.7,200
2024-08-20,14,34.6,58,2.1,200
2024-08-20,15,31.4,69,2.3,200
2024-08-20,16,28.4,82,0.9,140
2024-08-20,17,27.9,93,0.9,70
2024-08-20,18,28,93,0.5,90
2024-08-20,19,27.6,96,0.7,50
2024-08-20,20,27.1,100,0.2,0
2024-08-20,21,27,99,0.5,20
2024-08-20,22,27.1,97,0.5,70
2024-08-20,23,27.1,95,0.4,0
2024-08-21,0,28.6,79,1.2,110
2024-08-21,1,26.3,90,0.3,0
2024-08-21,2,26.2,91,0.1,0
2024-08-21,3,25.7,94,0.8,70
2024-08-21,4,25.6,97,0.1,0
2024-08-21,5,25.3,99,0.6,20
2024-08-21,6,25.4,100,0.1,0
2024-08-21,7,25.3,100,0.1,0
2024-08-21,8,26,100,0.2,0
2024-08-21,9,27.6,92,0.7,230
2024-08-21,10,29.9,80,0.9,200
2024-08-21,11,30,77,1.9,180
2024-08-21,12,30.5,75,1.2,180
2024-08-21,13,31.6,69,1.9,200
2024-08-21,14,31.3,68,2.4,200
2024-08-21,15,31.4,69,2.4,200
2024-08-21,16,31.2,71,1.7,200
2024-08-21,17,31.2,72,2.1,200
2024-08-21,18,30.4,74,1.2,200
2024-08-21,19,29.5,79,1.6,230
2024-08-21,20,28.5,85,1.3,230
2024-08-21,21,27.5,93,0.8,230
2024-08-21,22,27.2,94,0.6,230
2024-08-21,23,26.4,98,0,0
2024-08-22,0,26.2,100,0.3,0
2024-08-22,1,25.7,100,0.3,0
2024-08-22,2,25.3,100,0,0
2024-08-22,3,24.8,100,0.3,0
2024-08-22,4,24.4,100,0,0
2024-08-22,5,24.2,100,0.1,0
2024-08-22,6,23.9,100,0.2,0
2024-08-22,7,25,100,0.3,0
2024-08-22,8,27.3,85,0.3,0
2024-08-22,9,28.2,84,0.5,320
2024-08-22,10,30,74,1.1,90
2024-08-22,11,32.9,62,3.1,230
2024-08-22,12,32.7,60,3.3,200
2024-08-22,13,34.4,56,2.5,200
2024-08-22,14,34,58,3.4,200
2024-08-22,15,33.9,60,3,200
2024-08-22,16,31.4,68,3.2,250
2024-08-22,17,31.2,68,3,230
2024-08-22,18,30.9,67,2.4,230
2024-08-22,19,29.7,72,1.4,230
2024-08-22,20,29.3,75,1.9,230
2024-08-22,21,29.1,78,0.7,250
2024-08-22,22,28.5,82,0.8,270
2024-08-22,23,28.3,84,1.2,230
2024-08-23,0,27,96,0.1,0
2024-08-23,1,26.6,88,0.2,0
2024-08-23,2,24.5,96,0.4,0
2024-08-23,3,23.8,100,0.2,0
2024-08-23,4,23.2,100,0.2,0
2024-08-23,5,22.8,100,0.3,0
2024-08-23,6,22.4,100,0.2,0
2024-08-23,7,23.5,99,0.2,0
2024-08-23,8,25.9,85,0.3,0
2024-08-23,9,28.8,70,2,250
2024-08-23,10,30.2,62,2.1,250
2024-08-23,11,30.9,59,1.3,290
2024-08-23,12,31.5,57,1,270
2024-08-23,13,32.1,52,2.5,270
2024-08-23,14,34.5,46,2.9,270
2024-08-23,15,34.4,46,3.9,270
2024-08-23,16,33.5,50,2.8,320
2024-08-23,17,32.8,55,2.6,320
2024-08-23,18,31.7,55,1.6,360
2024-08-23,19,29.9,64,0.6,340
2024-08-23,20,27.3,77,0.6,360
2024-08-23,21,26,83,0.6,360
2024-08-23,22,25.4,85,0.2,0
2024-08-23,23,24.6,90,0.2,0
2024-08-24,0,23.9,93,0.6,360
2024-08-24,1,23.2,98,0.1,0
2024-08-24,2,22.9,99,0,0
2024-08-24,3,22.3,100,0.1,0
2024-08-24,4,22.1,100,0.1,0
2024-08-24,5,21.6,100,0.2,0
2024-08-24,6,21.4,100,0.3,0
2024-08-24,7,22.1,100,0.4,0
2024-08-24,8,24.2,90,0.4,0
2024-08-24,9,27.9,77,0.6,90
2024-08-24,10,30,68,1,180
2024-08-24,11,32.2,61,1.7,230
2024-08-24,12,33.3,51,2.4,250
2024-08-24,13,33.1,54,1.7,320
2024-08-24,14,34.5,45,1.9,320
2024-08-24,15,35.7,44,2.1,250
2024-08-24,16,35.2,44,2.8,250
2024-08-24,17,34.6,46,2.3,270
2024-08-24,18,33.6,48,1.6,290
2024-08-24,19,31.2,60,0.9,320
2024-08-24,20,28.5,71,0.7,50
2024-08-24,21,27,80,0.5,360
2024-08-24,22,25.9,85,0.5,360
2024-08-24,23,25.7,85,0.3,0
2024-08-25,0,25.9,85,0.6,110
2024-08-25,1,25.3,99,1.4,110
2024-08-25,2,25.1,100,0.1,0
2024-08-25,3,24.8,100,0.3,0
2024-08-25,4,24.5,98,1,140
2024-08-25,5,23.9,100,0,0
2024-08-25,6,23.6,100,0.1,0
2024-08-25,7,23.7,100,0.4,0
2024-08-25,8,25.2,92,0.3,0
2024-08-25,9,27,82,0.9,200
2024-08-25,10,28.6,72,1,290
2024-08-25,11,30.9,63,1,70
2024-08-25,12,32.7,56,1.2,290
2024-08-25,13,34.2,48,1,360
2024-08-25,14,35.1,46,1.9,250
2024-08-25,15,35.4,44,2.2,270
2024-08-25,16,35.1,45,2.6,270
2024-08-25,17,34.2,47,2.5,320
2024-08-25,18,33.8,48,1.5,290
2024-08-25,19,31.1,64,1.2,140
2024-08-25,20,28.9,73,1.5,140
2024-08-25,21,27.5,81,1.2,70
2024-08-25,22,27.1,84,0.2,0
2024-08-25,23,26.1,90,0.3,0
2024-08-26,0,25.5,95,0.9,50
2024-08-26,1,25,96,0.5,340
2024-08-26,2,25.2,95,0.2,0
2024-08-26,3,25.1,95,0.3,0
2024-08-26,4,25.1,96,0.1,0
2024-08-26,5,24.6,98,0.7,360
2024-08-26,6,24.5,98,0.4,0
2024-08-26,7,24.7,97,0.2,0
2024-08-26,8,26,90,0.7,250
2024-08-26,9,27.5,82,0.7,250
2024-08-26,10,29.5,74,0.9,360
2024-08-26,11,29.8,69,1.3,340
2024-08-26,12,31.3,64,1.6,250
2024-08-26,13,32.3,59,1.5,250
2024-08-26,14,33.1,53,0.9,270
2024-08-26,15,34,49,2.3,290
2024-08-26,16,33.1,52,1.1,290
2024-08-26,17,32.3,57,1.2,320
2024-08-26,18,30.9,65,1.3,340
2024-08-26,19,29.7,73,0.7,340
2024-08-26,20,26.8,82,1.8,180
2024-08-26,21,25.5,83,1.3,90
2024-08-26,22,24.6,92,0.7,70
2024-08-26,23,24.5,94,0.7,270
2024-08-27,0,24.2,100,0.8,90
2024-08-27,1,24,100,1.1,50
2024-08-27,2,24.1,100,0.3,0
2024-08-27,3,24,100,0.2,0
2024-08-27,4,23.8,100,0.4,0
2024-08-27,5,23.5,100,0.2,0
2024-08-27,6,23.4,100,0.4,0
2024-08-27,7,23.9,100,0,0
2024-08-27,8,25,96,0.2,0
2024-08-27,9,26.4,90,0.7,360
2024-08-27,10,28.3,81,0.9,90
2024-08-27,11,29.9,71,0.7,180
2024-08-27,12,31,60,0.9,290
2024-08-27,13,31.2,65,2,270
2024-08-27,14,28.7,71,2.6,290
2024-08-27,15,26.5,83,3,70
2024-08-27,16,27.1,78,2,90
2024-08-27,17,25.9,80,1.9,50
2024-08-27,18,24.8,84,1,70
2024-08-27,19,24.2,86,1,360
2024-08-27,20,23.9,87,0.6,250
2024-08-27,21,23.7,86,0.4,0
2024-08-27,22,23.4,88,0.8,50
2024-08-27,23,23,91,0.9,50
2024-08-28,0,22.1,93,1.2,50
2024-08-28,1,21.7,94,0.3,0
2024-08-28,2,20.8,100,0.3,0
2024-08-28,3,20.7,100,0.5,20
2024-08-28,4,20.4,100,0.3,0
2024-08-28,5,20.1,100,0.6,20
2024-08-28,6,19.9,100,0.3,0
2024-08-28,7,21.3,96,0.6,50
2024-08-28,8,25.1,77,1.2,360
2024-08-28,9,26.3,72,1.6,90
2024-08-28,10,27.8,68,1.5,70
2024-08-28,11,28.2,64,2.1,90
2024-08-28,12,29.4,59,3.4,70
2024-08-28,13,30.1,54,3.5,90
2024-08-28,14,30.6,54,3.3,90
2024-08-28,15,29.5,59,3.3,90
2024-08-28,16,29.4,60,2,110
2024-08-28,17,29.3,60,3.1,70
2024-08-28,18,28.4,62,3.5,90
2024-08-28,19,26.9,67,1.9,70
2024-08-28,20,25.7,71,1.6,50
2024-08-28,21,25.4,74,1.1,70
2024-08-28,22,24.9,76,1.5,50
2024-08-28,23,24.3,79,0.9,50
2024-08-29,0,24.2,78,1,50
2024-08-29,1,24.5,78,1.5,50
2024-08-29,2,24.5,79,1.6,50
2024-08-29,3,24,84,1.1,50
2024-08-29,4,23.9,81,1.6,20
2024-08-29,5,23.6,82,0.8,50
2024-08-29,6,22.8,88,0.2,0
2024-08-29,7,24.2,84,0.2,0
2024-08-29,8,26.3,79,1.8,20
2024-08-29,9,28.1,73,2.6,50
2024-08-29,10,27.6,80,2.9,70
2024-08-29,11,27.9,75,3.9,50
2024-08-29,12,30.4,66,4.5,70
2024-08-29,13,31.2,62,4.3,70
2024-08-29,14,32,55,4.9,70
2024-08-29,15,32.3,57,4.1,50
2024-08-29,16,31.5,58,4.4,70
2024-08-29,17,29.6,67,2.1,90
2024-08-29,18,29.4,64,3.4,70
2024-08-29,19,27.1,74,1.6,360
2024-08-29,20,26.6,75,1.9,50
2024-08-29,21,26.4,76,1.1,50
2024-08-29,22,25.9,78,0.7,20
2024-08-29,23,25.3,82,0.7,360
2024-08-30,0,25.4,81,0.6,290
2024-08-30,1,24.7,85,0.6,360
2024-08-30,2,23.8,89,0.3,0
2024-08-30,3,23.4,90,1,20
2024-08-30,4,23.3,93,0.9,340
2024-08-30,5,23.1,93,0.8,320
2024-08-30,6,22.3,97,0.2,0
2024-08-30,7,23.1,92,0.7,340
2024-08-30,8,27,74,0.2,0
2024-08-30,9,29.1,63,1.9,360
2024-08-30,10,30.3,59,2.5,20
2024-08-30,11,31.1,54,3.4,50
2024-08-30,12,31.6,55,2.1,70
2024-08-30,13,32.7,51,2.5,50
2024-08-30,14,33.2,50,2.9,50
2024-08-30,15,33.6,49,3,50
2024-08-30,16,33.7,47,3.1,50
2024-08-30,17,33,50,1.7,50
2024-08-30,18,32.2,54,1.5,70
2024-08-30,19,29.5,68,0.7,20
2024-08-30,20,28,74,0.4,0
2024-08-30,21,26.1,80,0.9,50
2024-08-30,22,25.3,81,0.6,360
2024-08-30,23,24.1,86,0.6,340
2024-08-31,0,23,92,0.3,0
2024-08-31,1,22.2,96,0.3,0
2024-08-31,2,21.6,99,0.3,0
2024-08-31,3,20.8,100,0.2,0
2024-08-31,4,20.3,100,0.4,0
2024-08-31,5,19.8,100,0.3,0
2024-08-31,6,19.6,100,0.2,0
2024-08-31,7,20.3,100,0.2,0
2024-08-31,8,23.7,85,0.6,20
2024-08-31,9,25.9,74,0.6,50
2024-08-31,10,27.9,64,1.1,90
2024-08-31,11,30.1,56,1.2,140
2024-08-31,12,31.4,50,1.5,140
2024-08-31,13,32.5,44,1.8,110
2024-08-31,14,33.5,39,1.1,290
2024-08-31,15,32.9,40,1.2,70
2024-08-31,16,32.9,40,1,360
2024-08-31,17,33.7,42,1.3,270
2024-08-31,18,29.8,61,2.5,160
2024-08-31,19,28.3,66,1.5,160
2024-08-31,20,27,72,1.4,70
2024-08-31,21,26,75,0.9,70
2024-08-31,22,25,78,0.4,0
2024-08-31,23,23.2,87,0.8,50
2024-09-01,0,22.7,87,1,50
2024-09-01,1,21.8,94,0.5,20
2024-09-01,2,21.3,94,0.5,360
2024-09-01,3,20.8,97,0.3,0
2024-09-01,4,21.2,93,0.2,0
2024-09-01,5,21,96,0.4,0
2024-09-01,6,20.9,97,0.3,0
2024-09-01,7,21.3,95,0.2,0
2024-09-01,8,23.3,85,0.2,0
2024-09-01,9,26.3,70,0.9,140
2024-09-01,10,27.9,65,1.2,250
2024-09-01,11,29.5,59,1.5,230
2024-09-01,12,32,47,2.4,290
2024-09-01,13,32.3,41,2.6,320
2024-09-01,14,33.3,41,2.9,270
2024-09-01,15,32.8,43,1.5,290
2024-09-01,16,33.7,40,2.4,270
2024-09-01,17,33,40,2.6,270
2024-09-01,18,31.9,44,1.9,290
2024-09-01,19,27.7,61,1,340
2024-09-01,20,25.4,70,0.9,50
2024-09-01,21,23.6,78,0.5,360
2024-09-01,22,22.5,83,0.3,0
2024-09-01,23,21.9,86,0.3,0
2024-09-02,0,21.4,89,0.4,0
2024-09-02,1,20.8,92,0.3,0
2024-09-02,2,20.2,95,0.4,0
2024-09-02,3,19.7,98,0.3,0
2024-09-02,4,19.6,98,0.5,340
2024-09-02,5,19.3,99,0.1,0
2024-09-02,6,19,99,0.2,0
2024-09-02,7,19.4,99,0.2,0
2024-09-02,8,22.1,85,0.2,0
2024-09-02,9,25.8,72,0.5,320
2024-09-02,10,27.9,65,0.5,340
2024-09-02,11,29,59,0.8,290
2024-09-02,12,30.9,53,1.2,250
2024-09-02,13,30.6,49,0.7,250
2024-09-02,14,30.1,60,1.8,360
2024-09-02,15,30.5,56,1.6,360
2024-09-02,16,29.7,58,1.7,360
2024-09-02,17,29.4,59,1.4,20
2024-09-02,18,29.1,61,1.6,70
2024-09-02,19,27.9,62,1.1,90
2024-09-02,20,27.3,65,0.6,70
2024-09-02,21,26.5,70,1.1,50
2024-09-02,22,26.1,72,2.3,50
2024-09-02,23,25.7,72,1.7,70
2024-09-03,0,25,76,1.1,70
2024-09-03,1,24.8,76,1.4,70
2024-09-03,2,24.6,75,1.8,90
2024-09-03,3,24.3,73,1.7,50
2024-09-03,4,24,75,0.5,20
2024-09-03,5,23.4,76,1,50
2024-09-03,6,22.6,80,0.9,70
2024-09-03,7,23,79,0.2,0
2024-09-03,8,25.1,65,2.4,70
2024-09-03,9,25.7,62,2.1,70
2024-09-03,12,28.9,47,2.5,50
2024-09-03,13,28.4,47,1.9,50
2024-09-03,14,29.6,44,1.8,70
2024-09-03,15,30.6,43,1.7,20
2024-09-03,16,29.9,42,1.9,90
2024-09-03,17,29,46,1.5,140
2024-09-03,18,28.6,49,1.6,110
2024-09-03,19,26.2,54,2,90
2024-09-03,20,24.9,55,2,110
2024-09-03,21,22.9,65,0.1,0
2024-09-03,22,21,75,0.7,70
2024-09-03,23,19.8,82,0.3,0
2024-09-04,0,18.9,86,0.8,50
2024-09-04,1,18.4,90,0.2,0
2024-09-04,2,18,93,0.2,0
2024-09-04,3,17.4,96,0.5,360
2024-09-04,4,17,98,0.1,0
2024-09-04,5,16.9,100,0,0
2024-09-04,6,16.9,99,0.4,0
2024-09-04,7,17.7,96,0.1,0
2024-09-04,8,20.9,82,1,50
2024-09-04,9,23.9,70,0.8,20
2024-09-04,10,25.9,61,1.2,50
2024-09-04,11,28.3,53,1.1,140
2024-09-04,12,30,49,1.2,90
2024-09-04,13,30.8,44,1.8,70
2024-09-04,14,31.8,40,1.3,290
2024-09-04,15,32.7,38,2.1,110
2024-09-04,16,32.4,39,2.5,230
2024-09-04,17,32.2,40,2.2,230
2024-09-04,18,30.2,45,2.3,200
2024-09-04,19,28.2,52,1.3,200
2024-09-04,20,25.6,63,0.5,70
2024-09-04,21,23.3,74,0.8,340
2024-09-04,22,22.2,76,0.6,50
2024-09-04,23,20.8,81,0.6,360
2024-09-05,0,20.1,84,0.4,0
2024-09-05,1,19.6,85,0.6,20
2024-09-05,2,18.8,90,0.1,0
2024-09-05,3,18.5,91,0.2,0
2024-09-05,4,18.1,94,0.5,360
2024-09-05,5,17.7,96,0.3,0
2024-09-05,6,17.5,97,0.6,360
2024-09-05,7,18.3,91,0.2,0
2024-09-05,8,21.4,76,0.2,0
2024-09-05,9,25.4,68,0.9,180
2024-09-05,10,28.3,60,1.3,230
2024-09-05,11,30.5,55,1.6,270
2024-09-05,12,31.9,50,1.5,230
2024-09-05,13,33.1,46,2.8,290
2024-09-05,14,34.2,41,2.9,270
2024-09-05,15,33.8,43,2.6,320
2024-09-05,16,33.2,43,3,290
2024-09-05,17,33.9,39,3.4,320
2024-09-05,18,32.2,44,2.2,290
2024-09-05,19,30.8,53,2.3,290
2024-09-05,20,29.8,58,1.6,290
2024-09-05,21,29.4,61,1.9,320
2024-09-05,22,28.7,65,0.8,320
2024-09-05,23,28.3,68,0.4,0
2024-09-06,0,26.4,77,0.2,0
2024-09-06,1,26.4,77,0,0
2024-09-06,2,26.2,79,0.4,0
2024-09-06,3,25.5,83,0.6,50
2024-09-06,4,25.5,82,0.3,0
2024-09-06,5,24.9,86,0.2,0
2024-09-06,6,24.5,90,0.6,320
2024-09-06,7,24.5,90,0.5,360
2024-09-06,8,25.6,82,0.4,0
2024-09-06,9,26.7,75,0.7,20
2024-09-06,10,26.9,74,0.7,340
2024-09-06,11,27.3,72,1.1,360
2024-09-06,12,28.5,66,2.7,70
2024-09-06,13,27.6,66,2.1,90
2024-09-06,14,27.1,69,1.7,70
2024-09-06,15,26.5,71,2,50
2024-09-06,16,26.5,72,1.7,50
2024-09-06,17,26.6,73,1.7,50
2024-09-06,18,26.2,74,1.7,70
2024-09-06,19,25.1,79,1.3,90
2024-09-06,20,23.5,93,0.7,340
2024-09-06,21,23.2,93,0.4,0
2024-09-06,22,22.3,100,0.5,90
2024-09-06,23,22,100,0.1,0
2024-09-07,0,22.1,100,0.4,0
2024-09-07,1,22.2,100,0.4,0
2024-09-07,2,22.1,100,0.4,0
2024-09-07,3,22,100,0.6,360
2024-09-07,4,21.7,100,0.6,20
2024-09-07,5,21.4,100,0.8,360
2024-09-07,6,21.4,100,0.6,360
2024-09-07,7,21.6,100,0.7,360
2024-09-07,8,21.8,100,0.3,0
2024-09-07,9,22.3,97,0.6,20
2024-09-07,10,23,95,0.9,360
2024-09-07,11,23.4,91,1.2,20
2024-09-07,12,24.2,87,1.1,360
2024-09-07,13,24.8,84,1.1,340
2024-09-07,14,25.4,87,0.5,290
2024-09-07,15,25.6,85,0.8,360
2024-09-07,16,27,80,0.4,0
2024-09-07,17,27.9,77,0.7,140
2024-09-07,18,27.4,79,0.6,320
2024-09-07,19,25.3,94,0.3,0
2024-09-07,20,24.3,100,0.6,20
2024-09-07,21,24.3,100,0.1,0
2024-09-07,22,24.3,100,0,0
2024-09-07,23,24.2,100,0.1,0
2024-09-08,0,24.1,100,0.6,360
2024-09-08,1,24.2,100,0.4,0
2024-09-08,2,24.3,100,0.3,0
2024-09-08,3,24.2,99,0.4,0
2024-09-08,4,24.1,100,0.2,0
2024-09-08,5,23.9,100,0.2,0
2024-09-08,6,23.8,100,0.3,0
2024-09-08,7,24,99,0.2,0
2024-09-08,8,24.8,94,0.5,20
2024-09-08,9,26.6,86,0.7,360
2024-09-08,10,28,76,0.9,340
2024-09-08,11,29.1,71,0.9,340
2024-09-08,12,31,63,0.9,90
2024-09-08,13,31.5,59,1.1,20
2024-09-08,14,32.9,54,1.7,140
2024-09-08,15,32.7,57,1.7,180
2024-09-08,16,31.7,60,2.2,140
2024-09-08,17,30.8,62,2.1,160
2024-09-08,18,29.7,66,1.4,160
2024-09-08,19,28.4,70,1.1,110
2024-09-08,20,26.3,79,1.3,70
2024-09-08,21,25.7,80,0.8,70
2024-09-08,22,24.8,87,0.5,20
2024-09-08,23,24.4,89,0.2,0
2024-09-09,0,24.2,91,0.3,0
2024-09-09,1,24.3,89,0.3,0
2024-09-09,2,24,92,0.7,50
2024-09-09,3,24.2,92,0.5,70
2024-09-09,4,23.9,92,0.7,50
2024-09-09,5,24,90,0.4,0
2024-09-09,6,23.3,94,0.3,0
2024-09-09,7,23.5,93,0.3,0
2024-09-09,8,24.8,82,0.4,0
2024-09-09,9,27,73,0.7,20
2024-09-09,10,28.3,68,1.3,360
2024-09-09,11,30.7,61,1.2,320
2024-09-09,12,32.2,53,2.1,290
2024-09-09,13,32.7,52,1.4,270
2024-09-09,14,32.3,53,0.7,250
2024-09-09,15,32.3,56,1.5,200
2024-09-09,16,32.4,54,1.8,200
2024-09-09,17,31.6,56,2,160
2024-09-09,18,30.8,58,2.4,110
2024-09-09,19,29,64,1.4,160
2024-09-09,20,27.2,73,1.1,70
2024-09-09,21,26,77,0.3,0
2024-09-09,22,24.5,85,0.2,0
2024-09-09,23,23.2,93,0,0
2024-09-10,0,22.4,96,0.5,360
2024-09-10,1,22,98,0.2,0
2024-09-10,2,21.7,100,0.4,0
2024-09-10,3,21.2,100,0.4,0
2024-09-10,4,21,100,0,0
2024-09-10,5,20.8,100,0.1,0
2024-09-10,6,20.5,100,0.3,0
2024-09-10,7,20.8,100,0,0
2024-09-10,8,23.7,89,0.1,0
2024-09-10,9,26.7,75,0.4,0
2024-09-10,10,28.3,63,1,20
2024-09-10,11,31.2,55,0.7,90
2024-09-10,12,32.2,48,1,320
2024-09-10,13,34.4,44,1.9,290
2024-09-10,14,35.4,40,2,270
2024-09-10,15,35.9,38,1,360
2024-09-10,16,35.9,36,1.9,320
2024-09-10,17,35.4,41,2.2,290
2024-09-10,18,34.1,47,1.8,270
2024-09-10,19,30.8,60,0.3,0
2024-09-10,20,28.7,70,0.8,290
2024-09-10,21,27,76,0.1,0
2024-09-10,22,25.4,82,0.7,360
2024-09-10,23,24.7,85,0.4,0
2024-09-11,0,24.2,89,0.3,0
2024-09-11,1,23.9,92,0,0
2024-09-11,2,23.5,93,0.4,0
2024-09-11,3,23.3,95,0.5,360
2024-09-11,4,23.5,94,0,0
2024-09-11,5,23.7,93,0.3,0
2024-09-11,6,23.9,93,0.7,360
2024-09-11,7,24.3,91,0.3,0
2024-09-11,8,25.4,87,0.4,0
2024-09-11,9,26.7,81,0.3,0
2024-09-11,10,26.5,87,0.8,230
2024-09-11,11,27.8,78,0.8,320
2024-09-11,12,30.3,69,0.9,320
2024-09-11,13,32.9,59,1.8,320
2024-09-11,14,33.9,53,1.3,290
2024-09-11,15,34,54,2.1,270
2024-09-11,16,27.8,86,2.1,90
2024-09-11,17,25.5,96,1.7,20
2024-09-11,18,24.9,99,1.4,270
2024-09-11,19,24.6,100,0.6,250
2024-09-11,20,24.4,100,0.9,20
2024-09-11,21,24.4,100,0.6,360
2024-09-11,22,24.4,100,0.4,0
2024-09-11,23,24.3,100,0.3,0
2024-09-12,0,24.2,100,0.3,0
2024-09-12,1,24.2,100,0.1,0
2024-09-12,2,24.2,100,0.5,70
2024-09-12,3,24.1,100,0.1,0
2024-09-12,4,24.2,100,0.5,50
2024-09-12,5,24.2,100,0,0
2024-09-12,6,24.1,100,0,0
2024-09-12,7,24.2,100,0.3,0
2024-09-12,8,24.8,100,0.3,0
2024-09-12,9,26,93,0.4,0
2024-09-12,10,27.6,84,0.6,20
2024-09-12,11,29.2,76,1,50
2024-09-12,12,29.6,74,0.9,320
2024-09-12,13,30.1,74,1,340
2024-09-12,14,29.6,77,1.9,20
2024-09-12,15,29.2,78,1.9,20
2024-09-12,16,29.2,78,1.7,360
2024-09-12,17,28.7,81,1.3,360
2024-09-12,18,28.1,85,1,360
2024-09-12,19,27.2,92,0,0
2024-09-12,20,26.5,98,0.1,0
2024-09-12,21,25.9,100,0,0
2024-09-12,22,25.7,100,0.6,360
2024-09-12,23,25.5,100,0.1,0
2024-09-13,0,25.1,100,0.4,0
2024-09-13,1,25.1,100,0.6,340
2024-09-13,2,25.1,100,0.7,340
2024-09-13,3,25.3,100,0,0
2024-09-13,4,25.2,100,0.3,0
2024-09-13,5,25.2,100,0.5,160
2024-09-13,6,25.3,99,0.1,0
2024-09-13,7,25.2,99,0.1,0
2024-09-13,8,25.9,94,0.1,0
2024-09-13,9,26.6,91,0.4,0
2024-09-13,10,28,78,1.4,340
2024-09-13,11,29.3,73,1.2,340
2024-09-13,12,30.4,67,1.4,290
2024-09-13,13,31.8,60,1.4,200
2024-09-13,14,33.3,53,1.6,270
2024-09-13,15,32.9,55,1.5,320
2024-09-13,16,33.4,54,0.6,250
2024-09-13,17,32.6,58,1.3,360
2024-09-13,18,30,73,0.9,360
2024-09-13,19,27.9,83,1,70
2024-09-13,20,26.9,88,1,50
2024-09-13,21,26.3,93,0.6,340
2024-09-13,22,26.1,95,0.5,20
2024-09-13,23,26.7,92,0.3,0
2024-09-14,0,26.1,97,0.8,290
2024-09-14,1,25.6,99,0.4,0
2024-09-14,2,25.6,98,0.1,0
2024-09-14,3,25,100,0,0
2024-09-14,4,24.5,100,0.1,0
2024-09-14,5,24.1,100,0.2,0
2024-09-14,6,24,100,0.4,0
2024-09-14,7,23.8,100,0.2,0
2024-09-14,8,25.5,97,0.6,320
2024-09-14,9,28.4,78,1.5,290
2024-09-14,10,29.4,68,1.1,180
2024-09-14,11,31.8,60,2.2,250
2024-09-14,12,32.4,58,1.9,320
2024-09-14,13,33.5,54,1.2,360
2024-09-14,14,34,52,1.1,270
2024-09-14,15,35.2,47,1.4,270
2024-09-14,16,34.6,48,1.6,320
2024-09-14,17,34.3,50,1.5,320
2024-09-14,18,31.3,68,1.5,180
2024-09-14,19,29.6,72,1.3,180
2024-09-14,20,28.4,75,1.6,160
2024-09-14,21,28,75,1.1,160
2024-09-14,22,26.5,84,0.6,20
2024-09-14,23,25.4,92,0.5,340
2024-09-15,0,25,94,0.4,0
2024-09-15,1,24.4,98,0,0
2024-09-15,2,24.2,98,0.1,0
2024-09-15,3,23.6,100,0.4,0
2024-09-15,4,23.4,99,0.6,50
2024-09-15,5,23,100,0.5,20
2024-09-15,6,22.8,100,0.2,0
2024-09-15,7,23.2,100,0.3,0
2024-09-15,8,24.4,96,1,360
2024-09-15,9,26.5,83,0.5,270
2024-09-15,10,27.3,80,0.3,0
2024-09-15,11,30,71,0.5,290
2024-09-15,12,30.3,69,1.6,70
2024-09-15,13,30.8,68,2,110
2024-09-15,14,32.3,63,3.1,90
2024-09-15,15,31.7,62,3,90
2024-09-15,16,31.7,60,2.5,90
2024-09-15,17,29.6,65,3.1,70
2024-09-15,18,28.1,69,2.5,70
2024-09-15,19,26.9,74,2,50
2024-09-15,20,26.8,74,2.2,70
2024-09-15,21,26.2,76,1.8,50
2024-09-15,22,26.4,75,1.7,70
2024-09-15,23,26.1,75,2.2,70
2024-09-16,0,25.9,75,2.1,70
2024-09-16,1,25.3,78,1.6,50
2024-09-16,2,25.2,78,2.3,50
2024-09-16,3,24.9,78,3.3,70
2024-09-16,4,24.7,78,3,50
2024-09-16,5,24.5,79,2,50
2024-09-16,6,24.5,79,1.9,50
2024-09-16,7,24.6,78,1.2,50
2024-09-16,8,25,76,0.4,0
2024-09-16,9,25.7,75,1,70
2024-09-16,10,26.3,73,1,90
2024-09-16,11,27.4,72,1.3,110
2024-09-16,12,28.1,69,1.1,110
2024-09-16,13,28.2,71,1.8,340
2024-09-16,14,28.8,71,1.4,360
2024-09-16,15,28.8,71,1.8,70
2024-09-16,16,28.5,73,1.4,70
2024-09-16,17,27.9,76,1.6,50
2024-09-16,18,27.7,79,0.6,50
2024-09-16,19,27,84,0.3,0
2024-09-16,20,26.9,82,0.3,0
2024-09-16,21,25.8,92,0.4,0
2024-09-16,22,25.1,95,0.8,50
2024-09-16,23,24.9,96,0.5,50
2024-09-17,0,24.6,98,0,0
2024-09-17,1,24.2,100,0.2,0
2024-09-17,2,24.2,100,0.1,0
2024-09-17,3,24,100,0.2,0
2024-09-17,4,23.7,100,0.7,50
2024-09-17,5,23.7,100,0.3,0
2024-09-17,6,23.6,100,0,0
2024-09-17,7,23.8,100,0.1,0
2024-09-17,8,25,95,0.2,0
2024-09-17,9,26.8,84,0.3,0
2024-09-17,10,28.8,77,0.6,20
2024-09-17,11,30.8,67,1.6,320
2024-09-17,12,32.8,61,1.1,230
2024-09-17,13,34.2,55,1.8,230
2024-09-17,14,34.9,50,2,360
2024-09-17,15,35.3,46,1.4,340
2024-09-17,16,35.7,49,2,270
2024-09-17,17,35,50,1.3,320
2024-09-17,18,32.5,61,1.6,90
2024-09-17,19,31,67,0.7,90
2024-09-17,20,28.6,80,0.5,20
2024-09-17,21,27.2,85,0.8,20
2024-09-17,22,26.5,87,0.5,20
2024-09-17,23,25.7,92,0.4,0
2024-09-18,0,25.6,91,0.4,0
2024-09-18,1,25.5,93,0.3,0
2024-09-18,2,24.9,96,0.3,0
2024-09-18,3,24.7,95,0.2,0
2024-09-18,4,24.3,98,0.3,0
2024-09-18,5,24.6,95,0.3,0
2024-09-18,6,24.4,98,0.1,0
2024-09-18,7,24.9,95,0.1,0
2024-09-18,8,26.7,84,0.4,0
2024-09-18,9,29.1,74,0.4,0
2024-09-18,10,30.2,72,0.9,340
2024-09-18,11,33,62,0.9,250
2024-09-18,12,32.8,60,0.9,340
2024-09-18,13,34.3,55,1.2,90
2024-09-18,14,34.9,51,1.4,250
2024-09-18,15,34.3,52,0.6,270
2024-09-18,16,31.3,74,0.7,250
2024-09-18,17,27.8,93,0.6,180
2024-09-18,18,27.3,100,1.7,70
2024-09-18,19,26.1,90,1.7,70
2024-09-18,20,24.9,97,0.6,70
2024-09-18,21,24,96,1.1,230
2024-09-18,22,24,98,0.8,250
2024-09-18,23,23.6,100,1.7,340
2024-09-19,0,23.5,100,0.3,0
2024-09-19,1,23.2,100,0.5,20
2024-09-19,2,23.4,100,0.4,0
2024-09-19,3,23.7,100,0.5,110
2024-09-19,4,23.8,100,0.4,0
2024-09-19,5,23.8,100,0,0
2024-09-19,6,23.9,100,0.1,0
2024-09-19,7,24.1,100,0.6,180
2024-09-19,8,24.8,94,0.4,0
2024-09-19,9,25.6,91,0.8,230
2024-09-19,10,25.8,89,0.6,340
2024-09-19,11,27.6,83,0.7,320
2024-09-19,12,29.2,76,1.1,340
2024-09-19,13,30.9,68,1.1,290
2024-09-19,14,32.4,58,1.5,320
2024-09-19,15,32.1,65,1.8,340
2024-09-19,16,31.4,68,1.2,340
2024-09-19,17,31.1,72,1.1,50
2024-09-19,18,29.6,84,1.1,50
2024-09-19,19,27.9,90,0.8,70
2024-09-19,20,27.3,94,0.6,70
2024-09-19,21,26.9,96,0.2,0
2024-09-19,22,26.6,100,0.3,0
2024-09-19,23,26.4,100,0.2,0
2024-09-20,0,26.2,100,0.2,0
2024-09-20,1,25.7,100,0.2,0
2024-09-20,2,25.4,100,0.6,360
2024-09-20,3,25.5,100,0.6,70
2024-09-20,4,25.4,100,0.1,0
2024-09-20,5,25.4,100,0,0
2024-09-20,6,25.2,100,0.2,0
2024-09-20,7,25.4,100,0.3,0
2024-09-20,8,26.1,97,0.1,0
2024-09-20,9,27,96,0.7,270
2024-09-20,10,27.4,92,0.7,290
2024-09-20,11,28.2,84,0.5,270
2024-09-20,12,26.1,100,0.8,250
2024-09-20,13,26.2,100,0.1,0
2024-09-20,14,26.7,97,0.5,250
2024-09-20,15,26.4,99,1.4,180
2024-09-20,16,26.1,100,1.2,180
2024-09-20,17,25.6,99,0.7,230
2024-09-20,18,25.5,100,0.2,0
2024-09-20,19,25.2,100,0.6,110
2024-09-20,20,25,100,0,0
2024-09-20,21,25.1,100,0.1,0
2024-09-20,22,25.1,100,0.2,0
2024-09-20,23,25,100,0.2,0
2024-09-21,0,24.9,100,0,0
2024-09-21,1,24.8,100,0.3,0
2024-09-21,2,24.8,100,0.4,0
2024-09-21,3,21.6,96,2.7,70
2024-09-21,4,19.8,96,1.9,70
2024-09-21,5,19.7,100,1.2,70
2024-09-21,6,19.8,100,1.2,70
2024-09-21,7,19.4,100,0.9,340
2024-09-21,8,19.9,100,0.3,0
2024-09-21,9,19.9,100,0.5,140
2024-09-21,10,20.3,100,0.8,270
2024-09-21,11,20.5,100,0.8,290
2024-09-21,12,20.7,100,0.8,290
2024-09-21,13,20.7,100,1,360
2024-09-21,14,20.9,100,1.3,340
2024-09-21,15,21.2,100,0.9,20
2024-09-21,16,21.4,97,0.2,0
2024-09-21,17,21.4,100,1.2,340
2024-09-21,18,21.1,100,1.2,50
2024-09-21,19,20.7,100,0.8,50
2024-09-21,20,20.8,97,1,360
2024-09-21,21,20.9,93,1.6,360
2024-09-21,22,20.6,99,0.3,0
2024-09-21,23,20.3,100,0.4,0
2024-09-22,0,20.3,100,0,0
2024-09-22,1,20.2,100,0.2,0
2024-09-22,2,20.3,100,0.1,0
2024-09-22,3,20,100,0.3,0
2024-09-22,4,20.1,100,0.1,0
2024-09-22,5,19.8,100,0.1,0
2024-09-22,6,19.8,100,0,0
2024-09-22,7,20.4,92,1.3,90
2024-09-22,8,21.2,84,1.2,90
2024-09-22,9,22.3,80,1.6,50
2024-09-22,10,23.6,71,3,90
2024-09-22,11,23.9,66,2.8,90
2024-09-22,12,24.5,64,2.4,70
2024-09-22,13,24.4,64,2.8,90
2024-09-22,14,24.5,66,2.9,50
2024-09-22,15,24.3,63,2.8,70
2024-09-22,16,23.3,68,2.5,70
2024-09-22,17,22.6,71,3,50
2024-09-22,18,21.8,71,2,70
2024-09-22,19,20.6,74,1.9,70
2024-09-22,20,20.2,74,2.1,70
2024-09-22,21,20,73,2.3,70
2024-09-22,22,19.7,74,1.7,50
2024-09-22,23,19.6,75,1.5,50
2024-09-23,0,19.4,72,3.1,70
2024-09-23,1,19,69,1.9,70
2024-09-23,2,18.1,74,0.5,20
2024-09-23,3,17.7,79,0.1,0
2024-09-23,4,17.6,79,0.3,0
2024-09-23,5,18.3,71,1.4,70
2024-09-23,6,17,76,1.1,20
2024-09-23,7,16.4,80,0.2,0
2024-09-23,8,19,66,1.3,90
2024-09-23,9,20.3,58,3.3,90
2024-09-23,10,21.6,55,3.1,70
2024-09-23,11,22.2,52,2.5,90
2024-09-23,12,23,50,2.4,50
2024-09-23,13,23.9,52,2.1,70
2024-09-23,14,24.1,49,2.4,70
2024-09-23,15,24.8,42,1.9,50
2024-09-23,16,23.4,47,2.1,70
2024-09-23,17,22.8,47,3.1,70
2024-09-23,18,20.9,52,2.4,90
2024-09-23,19,18.9,62,1.7,90
2024-09-23,20,16.2,78,1.8,50
2024-09-23,21,14.5,87,1,360
2024-09-23,22,14,89,0.6,360
2024-09-23,23,13.1,95,0.2,0
2024-09-24,0,12.6,96,0.2,0
2024-09-24,1,12.1,100,0.4,0
2024-09-24,2,12.2,99,0.3,0
2024-09-24,3,12.1,99,0,0
2024-09-24,4,11.8,100,0.3,0
2024-09-24,5,11.5,100,0.1,0
2024-09-24,6,11.6,100,0.2,0
2024-09-24,7,11.9,100,0.3,0
2024-09-24,8,13.4,96,0.6,360
2024-09-24,9,16.7,78,0.8,230
2024-09-24,10,19.3,69,0.1,0
2024-09-24,11,21.1,64,1,320
2024-09-24,12,24.1,59,1.3,290
2024-09-24,13,25.5,57,1,320
2024-09-24,14,26.3,53,0.7,250
2024-09-24,15,26.1,56,1.9,200
2024-09-24,16,25.7,60,1.2,230
2024-09-24,17,25,62,0.7,200
2024-09-24,18,24.4,65,1,140
2024-09-24,19,22.2,79,0.2,0
2024-09-24,20,20.3,87,0.9,50
2024-09-24,21,19.1,92,0.7,50
2024-09-24,22,18.6,94,0.5,360
2024-09-24,23,17.8,99,0.4,0
2024-09-25,0,17.5,99,0.5,360
2024-09-25,1,17.3,100,0.4,0
2024-09-25,2,17.3,98,0.4,0
2024-09-25,3,17.1,99,0.5,70
2024-09-25,4,17.4,99,0.2,0
2024-09-25,5,17.3,99,0.3,0
2024-09-25,6,16.6,100,0.4,0
2024-09-25,7,16.5,100,0.4,0
2024-09-25,8,18.3,92,0.4,0
2024-09-25,9,21.4,80,0.3,0
2024-09-25,10,23.5,71,0.9,110
2024-09-25,11,24.3,69,0.2,0
2024-09-25,12,25.9,64,1.6,290
2024-09-25,13,26.9,61,1.2,270
2024-09-25,14,28,58,1.3,290
2024-09-25,15,28.6,55,1.6,290
2024-09-25,16,28,57,1.2,230
2024-09-25,17,27.7,56,1.5,250
2024-09-25,18,26.1,64,1.2,230
2024-09-25,19,24.2,81,0.4,0
2024-09-25,20,22.3,94,0.3,0
2024-09-25,21,21.6,100,0.3,0
2024-09-25,22,20.6,100,0.3,0
2024-09-25,23,19.9,100,0.5,50
2024-09-26,0,19.3,100,0.3,0
2024-09-26,1,18.8,100,0,0
2024-09-26,2,18.3,100,0.3,0
2024-09-26,3,17.9,100,0,0
2024-09-26,4,17.9,100,0.7,20
2024-09-26,5,17.5,100,0.2,0
2024-09-26,6,17.8,100,0.4,0
2024-09-26,7,18,100,0.6,50
2024-09-26,8,18.8,100,0.2,0
2024-09-26,9,20.4,97,0.4,0
2024-09-26,10,24,76,0.3,0
2024-09-26,11,24.6,67,1.1,290
2024-09-26,12,26.6,61,1,230
2024-09-26,13,27.4,57,1.6,360
2024-09-26,14,29.1,55,1.6,200
2024-09-26,15,29.4,54,1.9,230
2024-09-26,16,29.3,51,1.4,230
2024-09-26,17,28.4,56,1.2,360
2024-09-26,18,25.4,73,0.9,360
2024-09-26,19,22.9,84,1.3,50
2024-09-26,20,21.6,91,0.7,20
2024-09-26,21,20.9,94,0.4,0
2024-09-26,22,20.5,96,0.4,0
2024-09-26,23,20.4,97,0.6,360
2024-09-27,0,20.3,98,0.2,0
2024-09-27,1,20,100,0.5,340
2024-09-27,2,19.3,100,0.3,0
2024-09-27,3,19,100,0.6,360
2024-09-27,4,19,100,0.6,70
2024-09-27,5,19.2,100,0.3,0
2024-09-27,6,19.2,100,0.1,0
2024-09-27,7,19.4,100,0,0
2024-09-27,8,20.2,95,0.2,0
2024-09-27,9,22,86,0.4,0
2024-09-27,10,22.7,85,0.6,320
2024-09-27,11,24.7,74,1,340
2024-09-27,12,26.4,67,1.3,200
2024-09-27,13,27.4,61,1.1,250
2024-09-27,14,28,56,0.7,360
2024-09-27,15,28.6,52,1.3,360
2024-09-27,16,29,48,1.2,360
2024-09-27,17,26.8,64,2,90
2024-09-27,18,25,68,1.9,90
2024-09-27,19,23.9,73,0.8,90
2024-09-27,20,22.1,83,0.6,70
2024-09-27,21,20.7,89,0.5,50
2024-09-27,22,20,93,0.6,70
2024-09-27,23,19.2,97,0.2,0
2024-09-28,0,18.7,99,0.3,0
2024-09-28,1,18.3,100,0.6,20
2024-09-28,2,18,100,0.3,0
2024-09-28,3,17.6,100,0.1,0
2024-09-28,4,17.4,100,0,0
2024-09-28,5,17.2,100,0.1,0
2024-09-28,6,16.9,100,0,0
2024-09-28,7,17.2,100,0.1,0
2024-09-28,8,18.4,98,0.1,0
2024-09-28,9,21.5,86,0.2,0
2024-09-28,10,24.6,68,3.4,70
2024-09-28,11,24,70,2.7,50
2024-09-28,12,23.7,71,2.4,70
2024-09-28,13,25.7,64,2.8,50
2024-09-28,14,25.4,64,2.9,110
2024-09-28,15,25,62,2.7,110
2024-09-28,16,24,65,3.5,70
2024-09-28,17,23.4,69,2.4,70
2024-09-28,18,22.2,75,1.5,70
2024-09-28,19,21.6,79,1.2,50
2024-09-28,20,21.3,81,0.5,20
2024-09-28,21,21.1,75,1.7,50
2024-09-28,22,20.4,79,1.6,50
2024-09-28,23,19.5,84,1.3,70
2024-09-29,0,18.5,90,0.4,0
2024-09-29,1,17.5,97,0.2,0
2024-09-29,2,17,99,0.3,0
2024-09-29,3,17.1,100,0,0
2024-09-29,4,17,99,0.1,0
2024-09-29,5,16.7,100,0,0
2024-09-29,6,16.1,100,0.1,0
2024-09-29,7,16.5,100,0.1,0
2024-09-29,8,18.4,94,0,0
2024-09-29,9,22.7,70,2.1,90
2024-09-29,10,24.2,62,2.8,70
2024-09-29,11,24.6,59,2.5,70
2024-09-29,12,25,56,2.4,70
2024-09-29,13,26.1,53,2.1,70
2024-09-29,14,26.4,51,2.2,90
2024-09-29,15,26.7,48,2.6,110
2024-09-29,16,26.2,42,2.6,110
2024-09-29,17,25.2,47,2.1,70
2024-09-29,18,23,47,2,50
2024-09-29,19,18.8,71,0.9,20
2024-09-29,20,16.9,81,1.5,50
2024-09-29,21,15.9,85,0.1,0
2024-09-29,22,15.4,87,0.1,0
2024-09-29,23,14.8,92,0.5,20
2024-09-30,0,14.4,95,0.6,20
2024-09-30,1,13.7,99,0.2,0
2024-09-30,2,13.3,100,0.3,0
2024-09-30,3,12.8,100,0.5,360
2024-09-30,4,12.7,100,0,0
2024-09-30,5,12.1,100,0,0
2024-09-30,6,11.9,100,0.4,0
2024-09-30,7,12,100,0.1,0
2024-09-30,8,14.6,93,0,0
2024-09-30,9,17.6,82,0.9,270
2024-09-30,10,21,67,0.9,180
2024-09-30,11,23.4,55,1.3,320
2024-09-30,12,24.5,49,1.5,320
2024-09-30,13,26.8,47,1.3,340
2024-09-30,14,26.8,45,1.2,320
2024-09-30,15,27.2,46,2.2,250
2024-09-30,16,27.4,44,2.3,290
2024-09-30,17,26.5,46,1.3,290
2024-09-30,18,22.3,69,1.2,360
2024-09-30,19,19.6,80,1.3,50
2024-09-30,20,18.6,86,0.2,0
2024-09-30,21,17.8,89,0.4,0
2024-09-30,22,16.7,94,0.1,0
2024-09-30,23,16.1,96,0.4,0
2025-06-01,0,15,90,0,0
2025-06-01,1,14,87,0.8,50
2025-06-01,2,13.2,96,0.1,0
2025-06-01,3,12.7,97,0.5,20
2025-06-01,4,12,99,0.3,0
2025-06-01,5,11.7,99,0,0
2025-06-01,6,12,98,0.1,0
2025-06-01,7,12.9,95,0.1,0
2025-06-01,8,15.7,81,0.5,20
2025-06-01,9,19.8,64,0.5,50
2025-06-01,10,22.9,55,0.9,200
2025-06-01,11,25.1,50,1.4,230
2025-06-01,12,26.8,46,0.9,340
2025-06-01,13,28.6,38,1.2,180
2025-06-01,14,29.6,34,1.8,200
2025-06-01,15,29.9,30,2,270
2025-06-01,16,30.1,27,1.8,270
2025-06-01,17,30.2,25,2.2,270
2025-06-01,18,28.9,34,1.6,250
2025-06-01,19,26.3,45,0.1,0
2025-06-01,20,24.2,57,1.2,160
2025-06-01,21,21.4,72,0.1,0
2025-06-01,22,20.6,74,0.7,110
2025-06-01,23,19.3,81,0.1,0
2025-06-02,0,18.2,87,0.3,0
2025-06-02,1,17.5,93,0.3,0
2025-06-02,2,17.4,93,0,0
2025-06-02,3,16.8,95,0.4,0
2025-06-02,4,16.7,96,0,0
2025-06-02,5,16.3,98,0.2,0
2025-06-02,6,16.5,95,0.2,0
2025-06-02,7,17.4,91,0.2,0
2025-06-02,8,18.8,83,0.4,0
2025-06-02,9,19.5,82,0.3,0
2025-06-02,10,20.8,77,1.2,230
2025-06-02,11,21.8,69,0.5,20
2025-06-02,12,23.8,63,0.8,90
2025-06-02,13,24.9,60,1.4,270
2025-06-02,14,25.1,60,1.2,270
2025-06-02,15,24.1,56,2.5,270
2025-06-02,16,23.9,54,1.2,250
2025-06-02,17,23.4,56,1.3,270
2025-06-02,18,22.6,59,1.4,230
2025-06-02,19,21.5,66,1.4,230
2025-06-02,20,20.6,70,0.5,230
2025-06-02,21,19.9,74,0.5,230
2025-06-02,22,19.4,75,0.3,0
2025-06-02,23,18.7,84,0.1,0
2025-06-03,0,18.6,84,0.3,0
2025-06-03,1,18.3,81,0.7,230
2025-06-03,2,18.1,79,0.4,0
2025-06-03,3,17.9,80,0.4,0
2025-06-03,4,17.7,81,0.5,180
2025-06-03,5,17.4,86,0.4,0
2025-06-03,6,17.6,86,0,0
2025-06-03,7,18,82,0.6,230
2025-06-03,8,20.4,71,0.2,0
2025-06-03,9,21.9,63,1,110
2025-06-03,10,23.1,55,1.9,50
2025-06-03,11,23.7,55,2.9,270
2025-06-03,12,25.3,53,1.6,200
2025-06-03,13,27,43,3.4,270
2025-06-03,14,27.8,40,3.8,250
2025-06-03,15,28.3,37,4.4,270
2025-06-03,16,27.5,37,5.4,270
2025-06-03,17,27.2,37,4.2,290
2025-06-03,18,25.9,40,3.9,270
2025-06-03,19,24.4,44,3.3,270
2025-06-03,20,23.1,37,4.7,290
2025-06-03,21,22.1,25,3,290
2025-06-03,22,18.4,40,0.5,50
2025-06-03,23,17.5,43,0.7,110
2025-06-04,0,14.5,60,0.5,50
2025-06-04,1,12.9,69,0.2,0
2025-06-04,2,11.5,77,0,0
2025-06-04,3,10.7,82,0.3,0
2025-06-04,4,10.1,84,0.3,0
2025-06-04,5,9.5,89,0.2,0
2025-06-04,6,10.2,87,0.4,0
2025-06-04,7,13,75,0.3,0
2025-06-04,8,16.8,62,0.4,0
2025-06-04,9,21.4,41,1.7,230
2025-06-04,10,23.7,33,3,270
2025-06-04,11,25.8,27,3.6,270
2025-06-04,12,27.3,24,4.3,250
2025-06-04,13,28.1,21,4.9,290
2025-06-04,14,28,24,5.9,290
2025-06-04,15,28.2,24,5.3,270
2025-06-04,16,28,23,4.9,290
2025-06-04,17,26.9,25,5.5,320
2025-06-04,18,25.9,27,5.7,270
2025-06-04,19,24.8,29,2.7,270
2025-06-04,20,23,33,1.8,290
2025-06-04,21,21.9,34,2.2,290
2025-06-04,22,20.9,40,3,290
2025-06-04,23,19.8,45,1.5,290
2025-06-05,0,15.5,64,0.5,20
2025-06-05,1,14.6,70,0.7,70
2025-06-05,2,13.1,79,0.3,0
2025-06-05,3,12.1,84,0.4,0
2025-06-05,4,11.3,87,0.1,0
2025-06-05,5,10.4,91,0.2,0
2025-06-05,6,10.8,90,0.1,0
2025-06-05,7,13.6,79,0.2,0
2025-06-05,8,17.4,67,0.4,0
2025-06-05,9,21,51,1.9,230
2025-06-05,10,23.4,45,2.2,250
2025-06-05,11,25.1,39,2.8,270
2025-06-05,12,26.2,36,3.5,290
2025-06-05,13,27.3,34,3.1,270
2025-06-05,14,27.9,34,3.5,250
2025-06-05,15,28.2,33,2.6,270
2025-06-05,16,28.6,31,2.8,250
2025-06-05,17,28,33,3,250
2025-06-05,18,27,34,3,270
2025-06-05,19,26.1,37,2.1,270
2025-06-05,20,23.7,47,0.6,340
2025-06-05,21,20.3,60,0.5,50
2025-06-05,22,19,67,0.4,0
2025-06-05,23,17.4,75,0.4,0
2025-06-06,0,16.4,78,0.3,0
2025-06-06,1,15.7,82,0.3,0
2025-06-06,2,15.1,84,0.2,0
2025-06-06,3,14.6,88,0,0
2025-06-06,4,14.3,89,0,0
2025-06-06,5,13.6,93,0.2,0
2025-06-06,6,14.2,90,0.1,0
2025-06-06,7,15.5,83,0.2,0
2025-06-06,8,17.1,77,0.6,90
2025-06-06,9,20.1,64,0.6,20
2025-06-06,10,23.7,53,0.6,230
2025-06-06,11,25.6,42,0.6,140
2025-06-06,12,27.7,32,1.1,20
2025-06-06,13,30.4,28,2.7,250
2025-06-06,14,30.3,31,3,270
2025-06-06,15,30.3,34,2.3,250
2025-06-06,16,29.7,34,2.2,270
2025-06-06,17,29.1,37,1.9,230
2025-06-06,18,28.3,40,2.1,230
2025-06-06,19,26.9,46,1.2,230
2025-06-06,20,23.1,63,0.6,20
2025-06-06,21,20.7,72,0.1,0
2025-06-06,22,18.9,75,0.6,50
2025-06-06,23,17.6,83,0.3,0
2025-06-07,0,16.9,86,0.4,0
2025-06-07,1,16,89,0,0
2025-06-07,2,15,94,0,0
2025-06-07,3,14.4,96,0,0
2025-06-07,4,14,98,0.1,0
2025-06-07,5,13.8,98,0.2,0
2025-06-07,6,14.1,96,0,0
2025-06-07,7,15,91,0,0
2025-06-07,8,17.7,75,0,0
2025-06-07,9,22.5,56,0.6,50
2025-06-07,10,25.9,47,0.9,160
2025-06-07,11,27.5,44,1.2,230
2025-06-07,12,29,37,1.6,270
2025-06-07,13,29.9,35,1.6,290
2025-06-07,14,30.5,35,1.6,270
2025-06-07,15,32.1,31,2.3,320
2025-06-07,16,31.6,30,3.2,320
2025-06-07,17,31.8,30,2,250
2025-06-07,18,30.6,31,2.4,320
2025-06-07,19,29.4,34,1.4,290
2025-06-07,20,25.7,51,0.1,0
2025-06-07,21,23.4,56,0.6,50
2025-06-07,22,22.3,61,0.5,290
2025-06-07,23,21.1,68,0.5,20
2025-06-08,0,20.4,70,0.1,0
2025-06-08,1,19.8,75,0.3,0
2025-06-08,2,19.1,77,0,0
2025-06-08,3,18.3,80,0.1,0
2025-06-08,4,18,83,0,0
2025-06-08,5,17.8,85,0.1,0
2025-06-08,6,17.7,85,0.2,0
2025-06-08,7,18.9,80,0.3,0
2025-06-08,8,21.8,68,0.5,50
2025-06-08,9,25,61,0.7,250
2025-06-08,10,26.2,57,1.2,20
2025-06-08,11,27.5,52,0.9,360
2025-06-08,12,28.8,50,1.2,290
2025-06-08,13,30.3,44,2,250
2025-06-08,14,30.7,43,1.4,290
2025-06-08,15,31.3,41,1.7,270
2025-06-08,16,31.7,40,2.8,270
2025-06-08,17,31.6,41,1.7,230
2025-06-08,18,31.2,41,1.3,230
2025-06-08,19,29.8,43,1.2,230
2025-06-08,20,26.3,58,0.6,320
2025-06-08,21,24.3,67,0.5,70
2025-06-08,22,22.5,74,0.1,0
2025-06-08,23,21.3,78,0,0
2025-06-09,0,20.7,80,0.1,0
2025-06-09,1,19.8,86,0.3,0
2025-06-09,2,19.3,88,0.3,0
2025-06-09,3,19,90,0,0
2025-06-09,4,18.7,91,0,0
2025-06-09,5,18.6,93,0,0
2025-06-09,6,18.6,93,0,0
2025-06-09,7,19.8,87,0.2,0
2025-06-09,8,21.9,78,0.2,0
2025-06-09,9,23.8,71,0.3,0
2025-06-09,10,26,62,1.1,70
2025-06-09,11,27.7,55,1.1,230
2025-06-09,12,28.9,53,2,200
2025-06-09,13,30.2,50,2.5,250
2025-06-09,14,31,48,2.8,290
2025-06-09,15,32.3,43,2.2,290
2025-06-09,16,32.3,40,2.8,270
2025-06-09,17,32.7,39,2.6,250
2025-06-09,18,31.9,38,2.3,270
2025-06-09,19,30.4,45,1.5,250
2025-06-09,20,27.8,54,0.9,180
2025-06-09,21,24.8,70,0.5,20
2025-06-09,22,23.4,75,0,0
2025-06-09,23,22.1,78,0,0
2025-06-10,0,21,84,0,0
2025-06-10,1,20.2,87,0,0
2025-06-10,2,19.4,91,0,0
2025-06-10,3,18.7,93,0,0
2025-06-10,4,18.3,96,0,0
2025-06-10,5,18.4,93,0,0
2025-06-10,6,18.3,93,0.6,50
2025-06-10,7,20.3,85,0.1,0
2025-06-10,8,23,74,0.4,0
2025-06-10,9,26.3,62,1.5,200
2025-06-10,10,27.5,56,2.2,230
2025-06-10,11,29.8,46,2.5,250
2025-06-10,12,30.6,43,3.2,250
2025-06-10,13,30.9,39,3.4,320
2025-06-10,14,31.3,39,3.2,270
2025-06-10,15,30.9,39,3.6,290
2025-06-10,16,30,42,3.9,320
2025-06-10,17,29.2,45,3.4,290
2025-06-10,18,28.2,49,3.1,290
2025-06-10,19,27.4,52,2,290
2025-06-10,20,26.3,51,1.3,270
2025-06-10,21,25,55,0.9,250
2025-06-10,22,24.7,60,2.1,290
2025-06-10,23,23.8,66,2.1,270
2025-06-11,0,23.1,66,2.2,290
2025-06-11,1,21.5,67,1.8,270
2025-06-11,2,21,68,1.7,290
2025-06-11,3,18.3,78,0.9,340
2025-06-11,4,18,79,0.4,0
2025-06-11,5,17.1,81,0,0
2025-06-11,6,16.8,82,0.4,0
2025-06-11,7,18.8,67,0.9,180
2025-06-11,8,20.8,59,0.7,230
2025-06-11,9,22.9,53,1.7,180
2025-06-11,10,24.6,48,1.5,180
2025-06-11,11,26.9,38,2.4,340
2025-06-11,12,27.9,34,3.8,320
2025-06-11,13,29.6,31,2.7,250
2025-06-11,14,29.8,28,3.4,320
2025-06-11,15,30.6,28,4,270
2025-06-11,16,30.7,29,3.5,290
2025-06-11,17,30.1,30,3.2,290
2025-06-11,18,29.5,31,3,290
2025-06-11,19,28,36,1.8,320
2025-06-11,20,25.8,43,0.9,320
2025-06-11,21,23.3,51,0.7,90
2025-06-11,22,21.8,60,0.4,0
2025-06-11,23,20.4,63,0.2,0
2025-06-12,0,20,64,0.4,0
2025-06-12,1,18.3,72,0.6,360
2025-06-12,2,17.5,76,0.2,0
2025-06-12,3,16.9,77,0.3,0
2025-06-12,4,16.7,77,0,0
2025-06-12,5,16.3,80,0.2,0
2025-06-12,6,16.1,82,0.4,0
2025-06-12,7,18,75,0.1,0
2025-06-12,8,22.6,53,0.3,0
2025-06-12,9,25,45,0.9,20
2025-06-12,10,26,43,0.8,290
2025-06-12,11,27.8,41,0.9,290
2025-06-12,12,29.5,35,1.2,50
2025-06-12,13,30.5,33,2,270
2025-06-12,14,30.8,30,2.1,230
2025-06-12,15,30.3,32,1.7,290
2025-06-12,16,31.4,32,1.8,290
2025-06-12,17,31.9,28,2.3,250
2025-06-12,18,30.6,31,1.5,250
2025-06-12,19,28.6,42,1.7,200
2025-06-12,20,26.7,48,1.7,200
2025-06-12,21,25,54,0.3,0
2025-06-12,22,23.2,65,0.1,0
2025-06-12,23,22,69,0.2,0
2025-06-13,0,21,73,0.2,0
2025-06-13,1,19.6,77,0.5,340
2025-06-13,2,18.3,83,0.4,0
2025-06-13,3,17.9,84,0,0
2025-06-13,4,17.5,86,0.1,0
2025-06-13,5,17.3,88,0.1,0
2025-06-13,6,17.4,88,0.2,0
2025-06-13,7,18.3,83,0.3,0
2025-06-13,8,19.9,76,0.5,270
2025-06-13,9,20.7,69,0.8,290
2025-06-13,10,22.5,62,1.2,230
2025-06-13,11,23.4,61,1.2,230
2025-06-13,12,24.4,55,0.4,0
2025-06-13,13,24,61,1.2,200
2025-06-13,14,25.6,49,0.5,160
2025-06-13,15,25.8,47,1.4,270
2025-06-13,16,25.4,50,1.7,270
2025-06-13,17,22,78,0.9,230
2025-06-13,18,19.9,90,1.5,200
2025-06-13,19,18.6,96,1.6,200
2025-06-13,20,18.5,99,1,50
2025-06-13,21,18.5,100,0.3,0
2025-06-13,22,18.4,100,0.3,0
2025-06-13,23,18.1,100,0.8,320
2025-06-14,0,18,100,0.8,320
2025-06-14,1,18.1,100,0.3,0
2025-06-14,2,18,100,0.5,20
2025-06-14,3,18.1,100,0,0
2025-06-14,4,18.1,100,0.1,0
2025-06-14,5,18.2,100,0.7,360
2025-06-14,6,18.2,100,0.7,340
2025-06-14,7,18.4,100,0.2,0
2025-06-14,8,18.5,100,0.4,0
2025-06-14,9,18.8,100,0.8,250
2025-06-14,10,20.1,100,1.2,250
2025-06-14,11,21.7,94,0.5,270
2025-06-14,12,22.6,90,1.1,200
2025-06-14,13,23.5,87,0.8,200
2025-06-14,14,25.5,75,0.7,360
2025-06-14,15,28.5,64,0.7,320
2025-06-14,16,28.7,65,0.8,20
2025-06-14,17,29.6,59,0.9,290
2025-06-14,18,28.9,65,2.2,250
2025-06-14,19,27.6,71,1.9,230
2025-06-14,20,25.5,81,0.5,200
2025-06-14,21,24.4,84,1.2,230
2025-06-14,22,23.3,90,0.2,0
2025-06-14,23,22.3,97,0.1,0
2025-06-15,0,21.8,100,0,0
2025-06-15,1,21.4,100,0.2,0
2025-06-15,2,20.8,100,0,0
2025-06-15,3,20.2,100,0.1,0
2025-06-15,4,20,100,0.1,0
2025-06-15,5,19.6,100,0.1,0
2025-06-15,6,19.6,100,0.1,0
2025-06-15,7,19.9,100,0.3,0
2025-06-15,8,22.2,100,0.5,360
2025-06-15,9,25.6,78,0.9,50
2025-06-15,10,27.2,65,1,270
2025-06-15,11,28.1,64,1.2,340
2025-06-15,12,30.3,60,1.6,230
2025-06-15,13,31.7,54,1.6,250
2025-06-15,14,31.9,52,1.9,230
2025-06-15,15,32.9,49,2,200
2025-06-15,16,32.1,54,2.6,230
2025-06-15,17,32.1,53,2.2,250
2025-06-15,18,30.5,62,0.9,230
2025-06-15,19,29.9,66,1.1,200
2025-06-15,20,28.6,66,1.6,200
2025-06-15,21,27.4,71,1.1,230
2025-06-15,22,27.1,72,1,230
2025-06-15,23,26.6,75,1.2,200
2025-06-16,0,25.3,85,1.4,200
2025-06-16,1,24.4,93,0.4,0
2025-06-16,2,24.7,90,0.8,200
2025-06-16,3,24.4,91,0.3,0
2025-06-16,4,24,94,0.3,0
2025-06-16,5,23.7,96,0.8,200
2025-06-16,6,23.7,97,1.1,250
2025-06-16,7,24.2,97,0.5,180
2025-06-16,8,25.1,90,1,250
2025-06-16,9,25,84,1.8,270
2025-06-16,10,24.4,88,1.5,270
2025-06-16,11,24.3,93,0.2,0
2025-06-16,12,24.1,97,0.8,360
2025-06-16,13,25,92,0.9,340
2025-06-16,14,27.2,81,2,230
2025-06-16,15,29.5,63,1.8,250
2025-06-16,16,29,64,2.3,200
2025-06-16,17,29.6,63,2.3,230
2025-06-16,18,27.3,72,1.9,200
2025-06-16,19,27,73,1,200
2025-06-16,20,25.4,77,1.8,200
2025-06-16,21,24.1,82,0.8,200
2025-06-16,22,22.6,92,0,0
2025-06-16,23,21.6,99,0.2,0
2025-06-17,0,21,100,0,0
2025-06-17,1,20.4,100,0.2,0
2025-06-17,2,19.9,100,0,0
2025-06-17,3,19.4,100,0.4,0
2025-06-17,4,19.1,100,0.6,360
2025-06-17,5,18.9,100,0.2,0
2025-06-17,6,19.2,100,0.5,50
2025-06-17,7,20.2,100,0.6,230
2025-06-17,8,22.6,80,1,290
2025-06-17,9,24.4,73,1.7,250
2025-06-17,10,26.3,68,1.6,230
2025-06-17,11,26.9,66,1.2,270
2025-06-17,12,28.6,61,2.4,250
2025-06-17,13,29.3,60,2.6,250
2025-06-17,14,29.2,60,2.7,230
2025-06-17,15,29.2,60,2.1,270
2025-06-17,16,29.5,62,1.5,230
2025-06-17,17,29,63,1.6,250
2025-06-17,18,29,62,1.4,290
2025-06-17,19,27.9,71,0.5,200
2025-06-17,20,25.8,84,0.5,360
2025-06-17,21,24.5,89,0.1,0
2025-06-17,22,23.3,97,0.1,0
2025-06-17,23,22.6,100,0.2,0
2025-06-18,0,22.5,99,0.4,0
2025-06-18,1,21.8,100,0.1,0
2025-06-18,2,22.3,99,0.2,0
2025-06-18,3,22.4,99,0.5,110
2025-06-18,4,22.1,99,0.2,0
2025-06-18,5,21.5,100,0.1,0
2025-06-18,6,20.9,100,0.6,340
2025-06-18,7,22.4,95,0.5,160
2025-06-18,8,24.8,81,0.4,0
2025-06-18,9,25.9,69,2,270
2025-06-18,10,27,63,1.3,200
2025-06-18,11,28.3,56,2,270
2025-06-18,12,30,45,2.5,230
2025-06-18,13,30.8,45,2.9,270
2025-06-18,14,31.4,45,3.2,250
2025-06-18,15,32.2,41,2.9,250
2025-06-18,16,32.2,41,3.1,250
2025-06-18,17,31.4,43,3.3,250
2025-06-18,18,30.8,44,2.2,270
2025-06-18,19,29.6,50,1.8,270
2025-06-18,20,26,70,0.7,340
2025-06-18,21,23.8,78,0.8,20
2025-06-18,22,22.5,85,0.1,0
2025-06-18,23,21.5,88,0.1,0
2025-06-19,0,20.8,94,0.2,0
2025-06-19,1,20.1,97,0.1,0
2025-06-19,2,19.9,98,0.2,0
2025-06-19,3,19.4,99,0.3,0
2025-06-19,4,19.2,100,0.1,0
2025-06-19,5,18.7,100,0.5,70
2025-06-19,6,18.6,100,0,0
2025-06-19,7,19.9,96,0,0
2025-06-19,8,23.2,82,0.3,0
2025-06-19,9,26.4,71,0.4,0
2025-06-19,10,27.9,61,0.8,180
2025-06-19,11,30.3,52,1.5,200
2025-06-19,12,31.1,48,1.5,230
2025-06-19,13,31.7,41,1.5,250
2025-06-19,14,33.3,43,1.3,200
2025-06-19,15,33.3,45,1.9,200
2025-06-19,16,32.9,38,2.6,270
2025-06-19,17,31.5,48,1.8,230
2025-06-19,18,30.8,53,1.5,230
2025-06-19,19,29.6,60,0.9,200
2025-06-19,20,27.3,72,0.4,0
2025-06-19,21,26.1,77,0.4,0
2025-06-19,22,24.5,81,0.3,0
2025-06-19,23,24.7,83,1.5,160
2025-06-20,0,23.5,90,0.1,0
2025-06-20,1,23.1,93,0.3,0
2025-06-20,2,23.1,93,0.5,360
2025-06-20,3,24.2,87,1.1,160
2025-06-20,4,24.2,85,1,160
2025-06-20,5,24,90,0.1,0
2025-06-20,6,24.2,87,0.9,140
2025-06-20,7,24.6,85,0.8,160
2025-06-20,8,26.5,77,1,200
2025-06-20,9,28,72,1.5,200
2025-06-20,10,28,74,1.5,200
2025-06-20,11,28.1,74,1.4,230
2025-06-20,12,27.5,78,1.6,200
2025-06-20,13,27.3,78,1.5,200
2025-06-20,14,27.4,76,1.2,230
2025-06-20,15,26.8,79,1.4,200
2025-06-20,16,27.5,72,2.2,200
2025-06-20,17,26,81,1.9,200
2025-06-20,18,24.6,93,1,180
2025-06-20,19,24.4,94,1.5,200
2025-06-20,20,24.2,94,1.8,200
2025-06-20,21,24.4,93,2.7,180
2025-06-20,22,24,94,1.6,180
2025-06-20,23,23.9,92,1.6,180
2025-06-21,0,23.7,93,1.2,200
2025-06-21,1,23.6,94,0.7,200
2025-06-21,2,24,91,1.3,200
2025-06-21,3,24.1,89,1.1,200
2025-06-21,4,24.5,87,1.5,200
2025-06-21,5,24.6,87,1.1,180
2025-06-21,6,25.1,84,1.7,200
2025-06-21,7,24.1,95,1.4,230
2025-06-21,8,23.7,100,0.5,200
2025-06-21,9,23.9,100,0.6,230
2025-06-21,10,23.9,100,0.8,250
2025-06-21,11,24,100,1.3,230
2025-06-21,12,22.5,96,2.6,290
2025-06-21,13,21.7,99,1.4,70
2025-06-21,14,21.2,100,0.8,360
2025-06-21,15,21.5,100,1,180
2025-06-21,16,21.9,100,0.7,250
2025-06-21,17,21.5,100,0.9,200
2025-06-21,18,21.3,100,0.6,230
2025-06-21,19,21.1,100,0.3,0
2025-06-21,20,19.5,93,0.8,340
2025-06-21,21,18.8,100,1.5,160
2025-06-21,22,18.4,100,0.8,270
2025-06-21,23,18,100,1.2,180
2025-06-22,0,18,100,0.5,200
2025-06-22,1,18.1,100,0.4,0
2025-06-22,2,17.9,100,0.6,200
2025-06-22,3,17.9,100,0.7,200
2025-06-22,4,17.8,100,0.9,180
2025-06-22,5,18,100,1.2,160
2025-06-22,6,18.1,100,0.5,180
2025-06-22,7,18.4,100,0.2,0
2025-06-22,8,19.1,97,0.4,0
2025-06-22,9,19.9,91,0.9,200
2025-06-22,10,21.8,81,1.3,180
2025-06-22,11,23,73,0.7,140
2025-06-22,12,25,68,1.9,250
2025-06-22,13,26.1,60,2.5,270
2025-06-22,14,25.8,57,2.6,270
2025-06-22,15,27.5,53,2.3,230
2025-06-22,16,28.7,51,2.8,270
2025-06-22,17,29,49,2.7,270
2025-06-22,18,28.5,49,2.5,270
2025-06-22,19,27.4,50,2.2,270
2025-06-22,20,23.2,75,0.5,20
2025-06-22,21,21.4,84,0.1,0
2025-06-22,22,19.8,92,0.3,0
2025-06-22,23,19.1,96,0.3,0
2025-06-23,0,18.5,100,0.3,0
2025-06-23,1,18.1,100,0.1,0
2025-06-23,2,17.5,100,0.2,0
2025-06-23,3,17.2,100,0,0
2025-06-23,4,16.9,100,0.1,0
2025-06-23,5,16.5,100,0.2,0
2025-06-23,6,16.8,100,0,0
2025-06-23,7,18,100,0.7,320
2025-06-23,8,20.5,85,0.3,0
2025-06-23,9,24.4,71,0.5,230
2025-06-23,10,25.8,64,1.1,320
2025-06-23,11,27.5,56,1.4,200
2025-06-23,12,29.1,53,1.3,230
2025-06-23,13,30,49,2,250
2025-06-23,14,30.4,50,1,340
2025-06-23,15,31.5,48,1.3,230
2025-06-23,16,31.4,45,1.4,230
2025-06-23,17,30.2,48,0.9,180
2025-06-23,18,30.2,50,1,230
2025-06-23,19,28.8,51,0.4,0
2025-06-23,20,24,71,1.3,50
2025-06-23,21,22,83,0.4,0
2025-06-23,22,20.4,82,0.6,20
2025-06-23,23,19.4,83,0.4,0
2025-06-24,0,18.6,90,0,0
2025-06-24,1,18,93,0.2,0
2025-06-24,2,17.3,95,0.2,0
2025-06-24,3,17.2,96,0.2,0
2025-06-24,4,17.1,98,0.2,0
2025-06-24,5,16.8,98,0,0
2025-06-24,6,17,98,0,0
2025-06-24,7,18.3,92,0.1,0
2025-06-24,8,20.9,82,0.3,0
2025-06-24,9,23,71,0.3,0
2025-06-24,10,25.6,63,0.9,230
2025-06-24,11,27.6,47,1.4,140
2025-06-24,12,26.9,51,1.5,140
2025-06-24,13,26.2,46,1.1,90
2025-06-24,14,24.9,53,1.4,160
2025-06-24,15,24.4,57,1.3,140
2025-06-24,16,21.2,84,1.3,200
2025-06-24,17,20.3,94,0.9,250
2025-06-24,18,19.8,98,0.3,0
2025-06-24,19,19.4,96,0.3,0
2025-06-24,20,19,100,0.6,20
2025-06-24,21,18.5,100,1.1,20
2025-06-24,22,18.8,99,0.6,320
2025-06-24,23,18.9,100,0.1,0
2025-06-25,0,18.8,100,0.7,20
2025-06-25,1,18.7,100,0.6,70
2025-06-25,2,18.8,100,0.4,0
2025-06-25,3,18.8,100,0.2,0
2025-06-25,4,19,100,0.3,0
2025-06-25,5,19,100,0.2,0
2025-06-25,6,19.2,100,0.5,290
2025-06-25,7,20,99,0.2,0
2025-06-25,8,20.6,94,0.9,270
2025-06-25,9,21.7,90,0.5,320
2025-06-25,10,23.3,86,0.8,250
2025-06-25,11,23.9,87,0.9,250
2025-06-25,12,22.5,98,1.7,250
2025-06-25,13,23.7,91,0.9,230
2025-06-25,14,24.5,82,1.8,180
2025-06-25,15,24.1,88,1.9,270
2025-06-25,16,26.2,71,1.7,270
2025-06-25,17,26.4,60,2.9,290
2025-06-25,18,26,61,1.7,340
2025-06-25,19,24.6,69,1.5,320
2025-06-25,20,21.9,83,0,0
2025-06-25,21,20.4,93,0.3,0
2025-06-25,22,19.9,98,0.3,0
2025-06-25,23,20.1,96,0.2,0
2025-06-26,0,20.3,96,0,0
2025-06-26,1,20.3,95,0,0
2025-06-26,2,20.3,99,0,0
2025-06-26,3,20.4,99,0,0
2025-06-26,4,20.3,99,0.1,0
2025-06-26,5,20.5,97,0.5,140
2025-06-26,6,20.6,97,0.3,0
2025-06-26,7,20.9,95,0.1,0
2025-06-26,8,22.1,87,0.3,0
2025-06-26,9,23.1,79,1.7,290
2025-06-26,10,23.4,77,1.8,270
2025-06-26,11,24.4,74,1.8,290
2025-06-26,12,24.3,72,2.3,320
2025-06-26,13,25.7,68,1.9,270
2025-06-26,14,27.2,63,2.3,320
2025-06-26,15,26.9,64,2.6,290
2025-06-26,16,27.3,61,2.6,290
2025-06-26,17,27.5,60,3.8,290
2025-06-26,18,26.4,64,2.9,340
2025-06-26,19,25.8,67,2.1,320
2025-06-26,20,24.9,71,0.8,320
2025-06-26,21,22.9,85,0.4,0
2025-06-26,22,21.8,89,0.1,0
2025-06-26,23,20.7,95,0.5,50
2025-06-27,0,19.9,100,0.5,360
2025-06-27,1,19.5,100,0.1,0
2025-06-27,2,19.2,100,0.4,0
2025-06-27,3,19.4,100,0,0
2025-06-27,4,19.1,100,0,0
2025-06-27,5,18.7,100,0,0
2025-06-27,6,18.9,100,0.2,0
2025-06-27,7,19.4,100,0.1,0
2025-06-27,8,21.1,94,0.6,290
2025-06-27,9,24,82,0.8,180
2025-06-27,10,25.9,72,1.4,180
2025-06-27,11,26.7,70,0.8,160
2025-06-27,12,28,64,0.9,160
2025-06-27,13,29.9,60,1.3,290
2025-06-27,14,30.2,59,1.7,200
2025-06-27,15,31.2,57,1.9,230
2025-06-27,16,31,56,1.7,230
2025-06-27,17,31.2,55,1.7,230
2025-06-27,18,31.2,53,1.7,270
2025-06-27,19,29.9,62,1.1,270
2025-06-27,20,26.5,77,1,50
2025-06-27,21,24.9,87,0.4,0
2025-06-27,22,23.8,94,0.7,360
2025-06-27,23,23.2,98,0,0
2025-06-28,0,22.7,99,0.1,0
2025-06-28,1,22.4,100,0,0
2025-06-28,2,22.3,100,0.4,0
2025-06-28,3,22,100,0,0
2025-06-28,4,21.8,100,0,0
2025-06-28,5,21.5,100,0,0
2025-06-28,6,21.6,100,0,0
2025-06-28,7,22.7,97,0,0
2025-06-28,8,24.6,87,0,0
2025-06-28,9,26.8,77,0.9,200
2025-06-28,10,28.1,72,0.5,180
2025-06-28,11,29.6,65,1.1,340
2025-06-28,12,31.2,58,0.8,360
2025-06-28,13,32.9,53,1.4,200
2025-06-28,14,31.9,60,1.4,200
2025-06-28,15,32.8,57,1.2,340
2025-06-28,16,33.9,53,1.2,200
2025-06-28,17,31.4,66,1,230
2025-06-28,18,29.5,74,1,290
2025-06-28,19,28.1,85,0.8,230
2025-06-28,20,27.3,84,0.4,0
2025-06-28,21,26.2,87,0.4,0
2025-06-28,22,25.4,94,0.2,0
2025-06-28,23,24.6,97,0.5,230
2025-06-29,0,24.4,99,0.4,0
2025-06-29,1,23.7,100,0.1,0
2025-06-29,2,23.4,100,0.1,0
2025-06-29,3,23.2,100,0.4,0
2025-06-29,4,23.2,100,0,0
2025-06-29,5,23.2,100,0,0
2025-06-29,6,23.1,100,0.9,230
2025-06-29,7,23.2,100,0.9,250
2025-06-29,8,23.9,100,0.5,180
2025-06-29,9,25.5,95,0.6,250
2025-06-29,10,27.9,81,1.1,290
2025-06-29,11,30.5,72,1.2,200
2025-06-29,12,32.1,65,1.7,270
2025-06-29,13,33,60,2,250
2025-06-29,14,33.6,59,2.5,230
2025-06-29,15,34.5,44,1.5,230
2025-06-29,16,34.6,46,2,270
2025-06-29,17,34.3,52,2.1,230
2025-06-29,18,33.5,54,1.8,290
2025-06-29,19,32.6,61,1.2,250
2025-06-29,20,29.6,76,0.5,50
2025-06-29,21,28.2,82,0.3,0
2025-06-29,22,27.3,87,0.2,0
2025-06-29,23,27.5,88,0.2,0
2025-06-30,0,26.6,91,0.1,0
2025-06-30,1,26.6,92,0.3,0
2025-06-30,2,26.2,95,0,0
2025-06-30,3,25.4,99,0,0
2025-06-30,4,24.8,100,0.1,0
2025-06-30,5,24.3,100,0,0
2025-06-30,6,24.4,100,0.1,0
2025-06-30,7,26.3,89,0.1,0
2025-06-30,8,28.7,75,0.9,290
2025-06-30,9,30.2,64,2.3,290
2025-06-30,10,30.4,63,2.2,290
2025-06-30,11,32.2,55,2.4,230
2025-06-30,12,33.1,54,2.5,250
2025-06-30,13,33.2,55,1.9,230
2025-06-30,14,33.5,54,1.1,290
2025-06-30,15,34.6,48,2.4,250
2025-06-30,16,34.6,51,1.9,250
2025-06-30,17,34.2,52,1.9,250
2025-06-30,18,33.8,56,1.5,230
2025-06-30,19,32.6,60,1.1,250
2025-06-30,20,29.7,75,0.4,0
2025-06-30,21,28.1,82,0.4,0
2025-06-30,22,27.7,84,0.2,0
2025-06-30,23,26.5,92,0.3,0
2025-07-01,0,25.8,96,0.3,0
2025-07-01,1,25.5,97,0.5,20
2025-07-01,2,25,99,0,0
2025-07-01,3,24.5,100,0.7,360
2025-07-01,4,24.3,100,0.5,20
2025-07-01,5,24,100,0,0
2025-07-01,6,24.4,100,0,0
2025-07-01,7,26.3,89,0.2,0
2025-07-01,8,28.8,78,0.9,250
2025-07-01,9,30.5,70,1.7,250
2025-07-01,10,31.4,65,1.6,270
2025-07-01,11,32.6,60,2.8,230
2025-07-01,12,33.9,57,2.7,270
2025-07-01,13,33.8,56,2.2,270
2025-07-01,14,34.6,53,2.9,250
2025-07-01,15,34.8,55,2.4,230
2025-07-01,16,34.8,53,1.8,230
2025-07-01,17,34.5,53,2,270
2025-07-01,18,33.2,58,1.7,270
2025-07-01,19,32,68,0.6,340
2025-07-01,20,29.4,80,0.7,360
2025-07-01,21,28.4,83,0.9,20
2025-07-01,22,28,87,0.2,0
2025-07-01,23,27.6,89,0.2,0
2025-07-02,0,26.7,94,0.3,0
2025-07-02,1,26.4,94,0.2,0
2025-07-02,2,25.7,97,0.1,0
2025-07-02,3,25.1,100,0.3,0
2025-07-02,4,24.6,100,0.1,0
2025-07-02,5,24.2,100,0.2,0
2025-07-02,6,24.2,100,0.1,0
2025-07-02,7,26.1,90,0.3,0
2025-07-02,8,29.2,75,0.9,160
2025-07-02,9,30.6,65,2.3,320
2025-07-02,10,31.6,62,2.5,320
2025-07-02,11,33.6,55,2.5,270
2025-07-02,12,32.8,56,2.1,290
2025-07-02,13,34.5,52,3.3,270
2025-07-02,14,34.4,50,3.7,290
2025-07-02,15,35,50,2.8,290
2025-07-02,16,35,50,2.9,290
2025-07-02,17,34.8,50,2.2,270
2025-07-02,18,34,54,1.7,320
2025-07-02,19,32.5,60,1.2,250
2025-07-02,20,30.5,67,0.3,0
2025-07-02,21,28.3,80,0.5,20
2025-07-02,22,27.2,85,0.4,0
2025-07-02,23,26.4,90,0.3,0
2025-07-03,0,26.3,91,0.1,0
2025-07-03,1,26.1,91,0.3,0
2025-07-03,2,25.5,96,0,0
2025-07-03,3,25,97,0.3,0
2025-07-03,4,25.2,97,0.5,360
2025-07-03,5,24.9,98,0,0
2025-07-03,6,25.2,97,0.1,0
2025-07-03,7,26.9,87,0.5,250
2025-07-03,8,28.3,82,0.8,140
2025-07-03,9,29.6,71,1.2,230
2025-07-03,10,30.7,64,2.4,320
2025-07-03,11,32.8,60,2.1,270
2025-07-03,12,34.1,54,2.8,250
2025-07-03,13,34.1,52,3.5,250
2025-07-03,14,34.5,48,2.7,290
2025-07-03,15,33.9,46,2.5,320
2025-07-03,16,33.7,47,3,320
2025-07-03,17,32.8,52,1.8,320
2025-07-03,18,32.5,51,2,320
2025-07-03,19,32,52,1.6,290
2025-07-03,20,30.1,59,0.6,250
2025-07-03,21,27.3,74,0.6,50
2025-07-03,22,25.6,80,0.4,0
2025-07-03,23,24.6,86,0.7,340
2025-07-04,0,24,90,0.1,0
2025-07-04,1,23.5,92,0.1,0
2025-07-04,2,23.2,95,0,0
2025-07-04,3,23,97,0.2,0
2025-07-04,4,22.6,99,0.3,0
2025-07-04,5,22.4,100,0,0
2025-07-04,6,22.5,100,0,0
2025-07-04,7,23.8,93,0.3,0
2025-07-04,8,27.1,77,0.9,200
2025-07-04,9,29.5,56,2.2,320
2025-07-04,10,30.1,53,2.9,320
2025-07-04,11,31.5,47,3.9,250
2025-07-04,12,32.6,48,3.3,250
2025-07-04,13,33.4,45,3.9,250
2025-07-04,14,31.8,49,3.8,320
2025-07-04,15,32.3,50,2.7,270
2025-07-04,16,31.4,54,2.7,320
2025-07-04,17,30.7,56,2.3,320
2025-07-04,18,30.6,59,2,320
2025-07-04,19,30.4,61,1.9,250
2025-07-04,20,28.7,69,0.6,200
2025-07-04,21,26.7,78,0.5,360
2025-07-04,22,25.6,84,0.2,0
2025-07-04,23,25.1,87,0.1,0
2025-07-05,0,24.6,90,0.2,0
2025-07-05,1,23.9,94,0.5,360
2025-07-05,2,23.4,97,0.1,0
2025-07-05,3,23.2,98,0.1,0
2025-07-05,4,22.8,99,0.1,0
2025-07-05,5,22.4,100,0.4,0
2025-07-05,6,22.7,100,0.5,360
2025-07-05,7,24.4,91,0.2,0
2025-07-05,8,27.9,71,1,200
2025-07-05,9,29.2,64,1.8,320
2025-07-05,10,29.9,58,2.6,270
2025-07-05,11,30.6,57,2.8,290
2025-07-05,12,32,54,2.8,250
2025-07-05,13,33,51,3,250
2025-07-05,14,33.4,50,3.3,250
2025-07-05,15,34.1,49,3.3,250
2025-07-05,16,34,49,2.6,290
2025-07-05,17,33.8,51,3.3,270
2025-07-05,18,32.7,55,2.5,250
2025-07-05,19,31.3,59,2,290
2025-07-05,20,29.8,65,0.6,270
2025-07-05,21,27.1,78,0.3,0
2025-07-05,22,25.7,84,0.5,360
2025-07-05,23,24.6,89,0.4,0
2025-07-06,0,24,93,0.3,0
2025-07-06,1,23.8,95,0.1,0
2025-07-06,2,23.2,98,0.1,0
2025-07-06,3,22.6,99,0.4,0
2025-07-06,4,22.1,100,0.3,0
2025-07-06,5,22,100,0,0
2025-07-06,6,22,100,0,0
2025-07-06,7,23.5,94,0.1,0
2025-07-06,8,27.1,79,0.8,180
2025-07-06,9,28.9,65,2.6,320
2025-07-06,10,29.4,64,2.9,290
2025-07-06,11,30.1,62,2.9,290
2025-07-06,12,31.6,60,2.1,290
2025-07-06,13,32,57,1.9,270
2025-07-06,14,33.6,53,2.6,270
2025-07-06,15,33.7,53,2.5,270
2025-07-06,16,33.9,55,2.7,270
2025-07-06,17,33.3,58,2.4,250
2025-07-06,18,33.1,58,2.2,290
2025-07-06,19,32.1,62,1.8,290
2025-07-06,20,30.2,72,0.4,0
2025-07-06,21,28.3,79,0.4,0
2025-07-06,22,27.3,84,0.2,0
2025-07-06,23,26.4,89,0.5,360
2025-07-07,0,25.8,93,0.1,0
2025-07-07,1,25.2,96,0.4,0
2025-07-07,2,25,98,0.3,0
2025-07-07,3,24.5,100,0,0
2025-07-07,4,24.2,100,0.5,360
2025-07-07,5,23.8,100,0.4,0
2025-07-07,6,23.9,100,0.3,0
2025-07-07,7,25.2,95,0.4,0
2025-07-07,8,28.2,80,0.9,250
2025-07-07,9,30.1,72,1.4,110
2025-07-07,10,31.7,64,1,290
2025-07-07,11,33.9,59,1.1,180
2025-07-07,12,34.9,55,0.7,90
2025-07-07,13,36.6,52,1.6,230
2025-07-07,14,37.1,47,1.6,250
2025-07-07,15,38,46,1.2,270
2025-07-07,16,37.2,48,1.4,230
2025-07-07,17,34.9,57,1.6,200
2025-07-07,18,26.9,85,3.4,360
2025-07-07,19,26.7,92,1.3,70
2025-07-07,20,26.2,99,0.7,20
2025-07-07,21,26.7,99,0.2,0
2025-07-07,22,26.6,100,0.1,0
2025-07-07,23,26.2,99,0.8,20
2025-07-08,0,25.6,99,0.4,0
2025-07-08,1,24.9,100,0.5,360
2025-07-08,2,24.2,98,0.9,50
2025-07-08,3,23.8,100,0.1,0
2025-07-08,4,23.7,100,0.6,110
2025-07-08,5,23.4,100,0.4,0
2025-07-08,6,23.4,100,0.4,0
2025-07-08,7,24.8,90,0.1,0
2025-07-08,8,27.4,79,0.3,0
2025-07-08,9,29.1,71,1.1,200
2025-07-08,10,31,67,1.1,290
2025-07-08,11,32.5,62,0.5,270
2025-07-08,12,32.8,58,1.7,140
2025-07-08,13,34.2,57,1.5,180
2025-07-08,14,33.4,58,2.2,200
2025-07-08,15,33.9,55,2.3,160
2025-07-08,16,33.4,56,2.4,200
2025-07-08,17,32.7,57,2.5,140
2025-07-08,18,32.2,58,1.9,160
2025-07-08,19,31.1,61,1.3,180
2025-07-08,20,28.9,73,0.7,70
2025-07-08,21,26.8,86,0.6,340
2025-07-08,22,26,85,0.1,0
2025-07-08,23,25.2,88,0.2,0
2025-07-09,0,24.6,91,0.2,0
2025-07-09,1,23.7,89,0.3,0
2025-07-09,2,22.9,92,0.8,20
2025-07-09,3,22.1,99,0.6,20
2025-07-09,4,21.9,100,0.6,20
2025-07-09,5,21.5,98,0.6,20
2025-07-09,6,21.7,99,0.4,0
2025-07-09,7,23.7,87,0.5,50
2025-07-09,8,26.7,66,0.6,160
2025-07-09,9,28.8,59,1,200
2025-07-09,10,30.3,52,1.2,200
2025-07-09,11,32.3,37,1,20
2025-07-09,12,33.4,36,2.5,50
2025-07-09,13,34.5,34,2.6,90
2025-07-09,14,35.1,30,1.7,70
2025-07-09,15,35.2,30,3.2,110
2025-07-09,16,35.2,29,2.3,160
2025-07-09,17,34.4,31,2.2,140
2025-07-09,18,33.5,34,1.9,110
2025-07-09,19,31.8,37,2,110
2025-07-09,20,28.5,43,1.4,200
2025-07-09,21,26.1,59,0.4,0
2025-07-09,22,24,69,0.4,0
2025-07-09,23,22.5,71,0.4,0
2025-07-10,0,21.6,72,0.5,20
2025-07-10,1,21,70,0.8,50
2025-07-10,2,20.1,76,0.4,0
2025-07-10,3,19.8,77,0.3,0
2025-07-10,4,19.4,79,0.5,340
2025-07-10,5,19.2,83,0.1,0
2025-07-10,6,20.2,80,0.4,0
2025-07-10,7,22.4,70,0,0
2025-07-10,8,24.5,68,0.3,0
2025-07-10,9,26.5,59,1.3,270
2025-07-10,10,27.6,55,0.7,270
2025-07-10,11,30.6,48,0.8,250
2025-07-10,12,33.5,35,3.3,70
2025-07-10,13,33.6,33,3.6,110
2025-07-10,14,34,33,2.9,90
2025-07-10,15,33.9,36,3.3,90
2025-07-10,16,33.5,35,3,110
2025-07-10,17,32.9,35,2.9,70
2025-07-10,18,31.3,36,3.9,70
2025-07-10,19,29.7,36,3,90
2025-07-10,20,27.9,45,2.2,70
2025-07-10,21,26.9,53,1.7,70
2025-07-10,22,25.7,56,1,70
2025-07-10,23,24.8,58,0.7,70
2025-07-11,0,23.4,66,0.2,0
2025-07-11,1,22.1,74,0.2,0
2025-07-11,2,20.9,80,0.1,0
2025-07-11,3,20.4,82,0.3,0
2025-07-11,4,19.8,86,0.3,0
2025-07-11,5,19.4,88,0.7,50
2025-07-11,6,19.7,88,0,0
2025-07-11,7,22,80,0.1,0
2025-07-11,8,26.3,61,2.3,70
2025-07-11,9,28.3,52,2.1,50
2025-07-11,10,30.1,43,2.9,70
2025-07-11,11,31.5,39,3,90
2025-07-11,12,31.7,37,3.5,110
2025-07-11,13,32.2,38,3,110
2025-07-11,14,33,40,2.8,70
2025-07-11,15,33,35,2.9,90
2025-07-11,16,32.6,34,3.1,90
2025-07-11,17,31.7,36,2.8,90
2025-07-11,18,30.8,38,2.8,140
2025-07-11,19,29.4,40,1.8,70
2025-07-11,20,27.1,45,1.6,70
2025-07-11,21,25.2,59,0.5,180
2025-07-11,22,23.3,64,0.4,0
2025-07-11,23,22,71,1,70
2025-07-12,0,21.1,77,0.3,0
2025-07-12,1,20.1,82,0.4,0
2025-07-12,2,19.5,86,0.2,0
2025-07-12,3,19,91,0.4,0
2025-07-12,4,18.5,96,0.3,0
2025-07-12,5,18,96,0.3,0
2025-07-12,6,18.3,96,0.2,0
2025-07-12,7,20.4,86,0.3,0
2025-07-12,8,23.7,74,0.6,250
2025-07-12,9,26.2,65,1,270
2025-07-12,10,27.8,58,1.9,200
2025-07-12,11,29.8,51,2.1,200
2025-07-12,12,30.8,47,2.6,160
2025-07-12,13,31.6,44,1.7,180
2025-07-12,14,32.8,40,2.2,180
2025-07-12,15,32.7,42,1.5,180
2025-07-12,16,33.4,40,1.9,200
2025-07-12,17,33.6,40,1.8,200
2025-07-12,18,32.8,40,2.2,250
2025-07-12,19,31.5,43,1.3,230
2025-07-12,20,28.4,50,1.6,230
2025-07-12,21,25.4,65,0.4,0
2025-07-12,22,23.5,72,0.2,0
2025-07-12,23,21.7,78,0.5,50
2025-07-13,0,20.6,84,0.5,360
2025-07-13,1,19.9,86,0.4,0
2025-07-13,2,19.6,86,0.2,0
2025-07-13,3,19.3,86,0.3,0
2025-07-13,4,18.8,90,0.1,0
2025-07-13,5,18.2,94,0.5,340
2025-07-13,6,18.5,89,0.3,0
2025-07-13,7,19.9,85,0.3,0
2025-07-13,8,23.5,61,0.2,0
2025-07-13,9,25.7,54,0.5,200
2025-07-13,10,28.1,49,0.7,360
2025-07-13,11,30.8,42,1,270
2025-07-13,12,33.3,38,2.1,320
2025-07-13,13,32.4,44,1.7,250
2025-07-13,14,32.4,43,1.6,250
2025-07-13,15,29.2,61,2.3,270
2025-07-13,16,30,46,3.5,320
2025-07-13,17,26.5,74,0.9,320
2025-07-13,18,25.8,82,0.4,0
2025-07-13,19,24.8,93,0.4,0
2025-07-13,20,24.3,99,1.2,160
2025-07-13,21,22.9,100,0.7,230
2025-07-13,22,20.9,98,1,50
2025-07-13,23,20.5,100,1.7,250
2025-07-14,0,20.4,100,0.2,0
2025-07-14,1,20.3,100,0.1,0
2025-07-14,2,20.4,100,0.7,250
2025-07-14,3,20.2,100,0.4,0
2025-07-14,4,20.4,100,0.1,0
2025-07-14,5,20.6,100,0.9,270
2025-07-14,6,20.4,100,0.7,180
2025-07-14,7,20.3,100,0.7,200
2025-07-14,8,21.9,92,0.7,200
2025-07-14,9,23.6,83,0.4,0
2025-07-14,10,25.3,75,0.5,180
2025-07-14,11,26.6,70,1.3,230
2025-07-14,12,28.2,64,1.5,290
2025-07-14,13,28.8,60,2,320
2025-07-14,14,28.6,61,3.5,250
2025-07-14,15,24.6,74,2.4,50
2025-07-14,16,23.4,91,1,90
2025-07-14,17,23.8,89,1.2,340
2025-07-14,18,22.8,96,0.5,360
2025-07-14,19,22.3,94,1.1,230
2025-07-14,20,22,100,0.8,200
2025-07-14,21,21.2,98,1.6,200
2025-07-14,22,20.4,100,0.7,160
2025-07-14,23,20.4,100,0.4,0
2025-07-15,0,20.5,100,0.8,250
2025-07-15,1,20.3,100,0.1,0
2025-07-15,2,20,100,0.1,0
2025-07-15,3,20.3,100,0,0
2025-07-15,4,20.5,100,0.4,0
2025-07-15,5,20.1,100,0,0
2025-07-15,6,20.4,100,0.5,290
2025-07-15,7,21.2,98,0.2,0
2025-07-15,8,22.1,94,0.9,230
2025-07-15,9,23.7,83,1.9,250
2025-07-15,10,23.2,84,2,230
2025-07-15,11,23.5,83,2.1,230
2025-07-15,12,24.2,80,1.5,200
2025-07-15,13,24.5,77,1.7,200
2025-07-15,14,25.7,72,1.7,250
2025-07-15,15,25,77,1.7,290
2025-07-15,16,22.5,94,1.2,180
2025-07-15,17,23.7,89,0.9,200
2025-07-15,18,23.8,86,1.3,200
2025-07-15,19,23.6,86,0.9,200
2025-07-15,20,22.8,93,0.3,0
2025-07-15,21,22.8,97,0.8,140
2025-07-15,22,22.4,98,0.1,0
2025-07-15,23,21.7,100,0.2,0
2025-07-16,0,21.2,100,0.1,0
2025-07-16,1,20.7,100,0.7,50
2025-07-16,2,20.5,100,0.5,70
2025-07-16,3,20.4,100,0.2,0
2025-07-16,4,20.2,100,0.4,0
2025-07-16,5,20,100,0.4,0
2025-07-16,6,20.2,100,0.6,50
2025-07-16,7,20.7,100,0.3,0
2025-07-16,8,21.6,99,0.4,0
2025-07-16,9,22.7,92,0.6,340
2025-07-16,10,24,83,0.5,270
2025-07-16,11,26,78,1,180
2025-07-16,12,25.8,82,0.7,200
2025-07-16,13,24.3,83,1.2,230
2025-07-16,14,23.9,90,0.9,200
2025-07-16,15,23.8,95,0.4,0
2025-07-16,16,23.3,92,0.8,200
2025-07-16,17,23,100,0.4,0
2025-07-16,18,23,100,0.4,0
2025-07-16,19,22.9,100,0.1,0
2025-07-16,20,22.8,100,0.6,160
2025-07-16,21,22.5,100,0.8,180
2025-07-16,22,22,100,0.2,0
2025-07-16,23,21.6,100,0.4,0
2025-07-17,0,21.4,100,0.8,110
2025-07-17,1,21.4,100,0.7,360
2025-07-17,2,21.2,100,0.8,50
2025-07-17,3,21.3,100,0.3,0
2025-07-17,4,21.3,100,0.5,20
2025-07-17,5,21.4,100,0.4,0
2025-07-17,6,21.6,100,0.2,0
2025-07-17,7,22.4,100,0.4,0
2025-07-17,8,22.5,100,0.7,360
2025-07-17,9,23,98,1.1,360
2025-07-17,10,22.9,97,1.1,110
2025-07-17,11,23.5,95,2.2,20
2025-07-17,12,23.5,92,2,90
2025-07-17,13,23.4,93,1.1,360
2025-07-17,14,21.9,100,2,360
2025-07-17,15,21.9,100,0.6,50
2025-07-17,16,22,100,0.6,180
2025-07-17,17,22,100,0.6,250
2025-07-17,18,22,100,0.6,200
2025-07-17,19,22,100,0.6,230
2025-07-17,20,22.1,100,0.7,250
2025-07-17,21,21.7,100,0.2,0
2025-07-17,22,21.9,100,1,200
2025-07-17,23,21.6,100,1.1,230
2025-07-18,0,21.8,100,0.6,110
2025-07-18,1,21.6,100,0.9,160
2025-07-18,2,21.2,100,0.7,180
2025-07-18,3,21.2,100,0.9,90
2025-07-18,4,21.2,100,0.6,290
2025-07-18,5,21,100,0.6,230
2025-07-18,6,21.1,100,0.1,0
2025-07-18,7,21.5,100,0,0
2025-07-18,8,23.6,91,0.3,0
2025-07-18,9,25.2,81,0.4,0
2025-07-18,10,27.2,76,0.9,270
2025-07-18,11,28.9,70,0.8,50
2025-07-18,12,29,68,1.1,200
2025-07-18,13,29.6,70,2.1,230
2025-07-18,14,30.6,67,2,230
2025-07-18,15,30.2,67,0.9,230
2025-07-18,16,31.7,62,1.4,290
2025-07-18,17,25.1,100,1,340
2025-07-18,18,25.4,100,0.1,0
2025-07-18,19,25.5,100,0.5,270
2025-07-18,20,25.4,100,0.4,0
2025-07-18,21,24.8,100,0.4,0
2025-07-18,22,24.7,100,0.4,0
2025-07-18,23,24.1,100,1.5,200
2025-07-19,0,23.8,100,1.2,200
2025-07-19,1,23.5,100,0.2,0
2025-07-19,2,23.2,100,0.3,0
2025-07-19,3,23,100,0.1,0
2025-07-19,4,22.8,100,0.1,0
2025-07-19,5,22.6,100,0.4,0
2025-07-19,6,22.6,100,0.3,0
2025-07-19,7,22.6,100,0.6,320
2025-07-19,8,22.8,100,0.8,250
2025-07-19,9,23,100,1.7,250
2025-07-19,10,23.2,100,0.7,230
2025-07-19,11,22.9,100,0.6,230
2025-07-19,12,22.4,98,0.5,250
2025-07-19,13,22.1,100,0.9,180
2025-07-19,14,22.5,98,1.6,290
2025-07-19,15,22.4,100,0.4,0
2025-07-19,16,23.2,98,1.3,270
2025-07-19,17,24.1,89,1.7,230
2025-07-19,18,23.7,91,1,230
2025-07-19,19,23.5,94,0.4,0
2025-07-19,20,23,98,1.2,160
2025-07-19,21,22.4,100,0.2,0
2025-07-19,22,22.2,100,0.3,0
2025-07-19,23,22.2,100,0.2,0
2025-07-20,0,22,100,0.3,0
2025-07-20,1,21.8,100,0.1,0
2025-07-20,2,21.4,100,0.4,0
2025-07-20,3,21.2,100,0,0
2025-07-20,4,20.8,100,0.2,0
2025-07-20,5,20.8,100,0,0
2025-07-20,6,20.9,100,0.5,340
2025-07-20,7,21.5,100,0.3,0
2025-07-20,8,22,100,0.1,0
2025-07-20,9,23.7,96,0.6,320
2025-07-20,10,25.6,87,1.1,320
2025-07-20,11,27.5,80,1.1,230
2025-07-20,12,28.3,79,0.5,50
2025-07-20,13,28.8,76,0.7,360
2025-07-20,14,29.4,75,0.7,250
2025-07-20,15,29.3,73,0.9,340
2025-07-20,16,29.1,79,1.2,20
2025-07-20,17,28.8,80,1.6,20
2025-07-20,18,28.1,84,1,360
2025-07-20,19,27.4,87,0.6,20
2025-07-20,20,26.1,97,0,0
2025-07-20,21,25,100,0.3,0
2025-07-20,22,25,100,0.1,0
2025-07-20,23,24,100,0.2,0
2025-07-21,0,23.7,100,0,0
2025-07-21,1,23.5,100,0,0
2025-07-21,2,23.1,100,0.2,0
2025-07-21,3,22.9,100,0.4,0
2025-07-21,4,22.5,100,0,0
2025-07-21,5,22.4,100,0,0
2025-07-21,6,22.2,100,0.4,0
2025-07-21,7,23,100,0.2,0
2025-07-21,8,25,99,0,0
2025-07-21,9,27.9,78,0.5,20
2025-07-21,10,29.9,73,1.4,230
2025-07-21,11,30.3,71,2.1,290
2025-07-21,12,28.9,78,1.8,200
2025-07-21,13,31.1,71,1.2,140
2025-07-21,14,32,64,1.5,200
2025-07-21,15,31.3,68,2,200
2025-07-21,16,31.3,69,1.8,230
2025-07-21,17,30.7,72,1.4,200
2025-07-21,18,30.4,73,1.5,200
2025-07-21,19,28.3,77,1.3,230
2025-07-21,20,26.8,86,0.7,200
2025-07-21,21,25.5,98,0.1,0
2025-07-21,22,25.5,96,0.4,0
2025-07-21,23,24.7,100,0.2,0
2025-07-22,0,24.2,100,0.3,0
2025-07-22,1,23.9,100,0,0
2025-07-22,2,23.7,100,0.2,0
2025-07-22,3,23.5,100,0.4,0
2025-07-22,4,23.5,100,0,0
2025-07-22,5,23.4,100,0.2,0
2025-07-22,6,23.5,100,0.4,0
2025-07-22,7,24.1,100,0.5,340
2025-07-22,8,25.8,94,1.2,340
2025-07-22,9,28.2,80,1,200
2025-07-22,10,30.3,71,1.5,230
2025-07-22,11,30.8,66,2.1,230
2025-07-22,12,32,62,2.1,250
2025-07-22,13,33.1,58,1.8,200
2025-07-22,14,33.9,58,2,180
2025-07-22,15,34.6,52,2,250
2025-07-22,16,34.2,55,2.2,230
2025-07-22,17,33.9,56,1.5,250
2025-07-22,18,32.8,60,1.4,270
2025-07-22,19,31.9,65,1.6,270
2025-07-22,20,28.4,84,0.8,50
2025-07-22,21,27.9,87,0.3,0
2025-07-22,22,26.8,94,0.1,0
2025-07-22,23,25.7,98,0.2,0
2025-07-23,0,25.2,100,0.1,0
2025-07-23,1,24.9,100,0.3,0
2025-07-23,2,24.4,100,0.3,0
2025-07-23,3,23.9,100,0.4,0
2025-07-23,4,23.6,100,0,0
2025-07-23,5,23.4,100,0.2,0
2025-07-23,6,23.7,100,0.3,0
2025-07-23,7,24,100,0.4,0
2025-07-23,8,24.7,100,0.7,340
2025-07-23,9,28.4,77,0.4,0
2025-07-23,10,29.9,71,1.3,270
2025-07-23,11,31.8,65,1.5,200
2025-07-23,12,32.7,62,1.5,200
2025-07-23,13,33.7,59,2,250
2025-07-23,14,34.2,53,1.9,230
2025-07-23,15,34.8,52,2.1,230
2025-07-23,16,34.8,49,1.8,270
2025-07-23,17,34.4,48,1.5,250
2025-07-23,18,32.9,57,1.1,230
2025-07-23,19,31.4,70,0.3,0
2025-07-23,20,28.9,78,0.7,160
2025-07-23,21,27.2,86,0.4,0
2025-07-23,22,26.2,94,0.4,0
2025-07-23,23,25.6,97,0.3,0
2025-07-24,0,25.3,99,0,0
2025-07-24,1,24.6,100,0.2,0
2025-07-24,2,24.4,100,0.2,0
2025-07-24,3,23.9,100,0.1,0
2025-07-24,4,23.7,100,0.1,0
2025-07-24,5,23.6,100,0,0
2025-07-24,6,23.5,100,0.4,0
2025-07-24,7,24.5,100,0.7,270
2025-07-24,8,26,95,0.6,270
2025-07-24,9,28.1,83,1.2,270
2025-07-24,10,30.5,69,1.6,250
2025-07-24,11,32.6,66,1.4,180
2025-07-24,12,32.9,56,1.3,200
2025-07-24,13,34.4,52,1.5,200
2025-07-24,14,35.1,53,1.5,250
2025-07-24,15,35.7,48,1.6,250
2025-07-24,16,35.6,50,2.1,250
2025-07-24,17,34.9,52,2.3,200
2025-07-24,18,34.1,47,1.4,200
2025-07-24,19,32.4,57,0.7,160
2025-07-24,20,28.1,75,1,50
2025-07-24,21,26.5,81,0.5,50
2025-07-24,22,24.7,92,0.5,20
2025-07-24,23,23.6,98,0,0
2025-07-25,0,23.2,98,0.2,0
2025-07-25,1,22.8,100,0.3,0
2025-07-25,2,22.4,98,0.4,0
2025-07-25,3,21.9,97,0.2,0
2025-07-25,4,21.5,97,0.6,50
2025-07-25,5,21.2,98,0.4,0
2025-07-25,6,21.2,100,0.1,0
2025-07-25,7,23,88,0.3,0
2025-07-25,8,25.7,77,0.4,0
2025-07-25,9,29,67,0.7,180
2025-07-25,10,30.3,64,1.1,320
2025-07-25,11,32.5,57,2.1,180
2025-07-25,12,33.9,56,0.7,160
2025-07-25,13,35.3,49,1.4,140
2025-07-25,14,34.6,49,2,180
2025-07-25,15,35.3,52,1.7,230
2025-07-25,16,35,49,2,200
2025-07-25,17,34.8,48,1.9,160
2025-07-25,18,33.9,49,1.8,200
2025-07-25,19,32.3,52,1.6,200
2025-07-25,20,29.6,64,0.9,90
2025-07-25,21,26.4,82,0.8,340
2025-07-25,22,25.4,86,0.1,0
2025-07-25,23,24.5,91,0.4,0
2025-07-26,0,24,92,0.2,0
2025-07-26,1,23.3,96,0.2,0
2025-07-26,2,22.7,98,0.4,0
2025-07-26,3,22.3,100,0.4,0
2025-07-26,4,22.1,100,0.3,0
2025-07-26,5,21.8,100,0,0
2025-07-26,6,21.7,100,0,0
2025-07-26,7,23.4,90,0.1,0
2025-07-26,8,25.9,79,0.5,360
2025-07-26,9,28.8,68,0.7,50
2025-07-26,10,32.1,58,1.4,140
2025-07-26,11,32.7,55,2.7,110
2025-07-26,12,33,54,2.3,180
2025-07-26,13,33.6,56,1.4,200
2025-07-26,14,34.3,55,1.7,250
2025-07-26,15,34,51,2.4,180
2025-07-26,16,33.9,54,1.9,200
2025-07-26,17,34.5,53,1.5,200
2025-07-26,18,33.7,53,1.2,180
2025-07-26,19,32.5,58,0.7,200
2025-07-26,20,30.2,69,0.5,140
2025-07-26,21,28,79,0.5,90
2025-07-26,22,26.7,84,0.3,0
2025-07-26,23,25.6,92,0.4,0
2025-07-27,0,24.9,94,0.4,0
2025-07-27,1,24.3,96,0.3,0
2025-07-27,2,23.7,98,0.4,0
2025-07-27,3,23.3,99,0.2,0
2025-07-27,4,23.2,99,0.7,50
2025-07-27,5,22.7,100,0,0
2025-07-27,6,22.6,100,0,0
2025-07-27,7,24.7,88,0.1,0
2025-07-27,8,26.8,77,0.7,340
2025-07-27,9,30.4,64,0.7,230
2025-07-27,10,31.9,57,1.3,230
2025-07-27,11,33,58,1.3,270
2025-07-27,12,33.7,54,1.7,270
2025-07-27,13,34.7,52,2.2,230
2025-07-27,14,35.1,51,1.4,230
2025-07-27,15,35,50,1.3,180
2025-07-27,16,36,46,1.9,230
2025-07-27,17,35.7,50,1.4,230
2025-07-27,18,34.7,51,1.7,200
2025-07-27,19,33,56,1.3,230
2025-07-27,20,30.9,62,1.3,200
2025-07-27,21,29.3,69,0.7,200
2025-07-27,22,27.3,80,0.6,320
2025-07-27,23,26.7,81,0.6,180
2025-07-28,0,25.2,86,0.5,50
2025-07-28,1,24.4,88,0.3,0
2025-07-28,2,24.3,89,0.2,0
2025-07-28,3,23,93,0.5,20
2025-07-28,4,22.6,93,0.4,0
2025-07-28,5,22.3,98,0.1,0
2025-07-28,6,21.9,99,0.3,0
2025-07-28,7,23.9,86,0.2,0
2025-07-28,8,26.9,76,0.5,180
2025-07-28,9,29.2,64,1,250
2025-07-28,10,30.8,62,1.3,180
2025-07-28,11,32.2,59,1.4,110
2025-07-28,12,33.8,57,1.3,250
2025-07-28,13,35.1,51,1.4,230
2025-07-28,14,36,53,1.6,290
2025-07-28,15,36.6,51,2.2,230
2025-07-28,16,36.9,51,2.1,230
2025-07-28,17,36.3,52,2.2,230
2025-07-28,18,35.6,51,2.2,250
2025-07-28,19,34.3,59,1.3,270
2025-07-28,20,31.1,73,0.2,0
2025-07-28,21,30.5,75,0.4,0
2025-07-28,22,28.9,83,0.5,340
2025-07-28,23,27.9,88,0.3,0
2025-07-29,0,26.9,93,0.2,0
2025-07-29,1,26.2,96,0.5,50
2025-07-29,2,25.8,95,0.3,0
2025-07-29,3,25.3,97,0.4,0
2025-07-29,4,24.8,100,0,0
2025-07-29,5,24.4,100,0.1,0
2025-07-29,6,24.3,100,0.1,0
2025-07-29,7,25.4,93,0.3,0
2025-07-29,8,27.7,81,1,290
2025-07-29,9,29.8,72,1.1,180
2025-07-29,10,31.9,60,1.3,250
2025-07-29,11,32.9,56,1.5,250
2025-07-29,12,34.4,55,1.5,140
2025-07-29,13,34.7,48,1.4,230
2025-07-29,14,36.3,41,1.4,230
2025-07-29,15,36.8,39,2.2,230
2025-07-29,16,37,41,2.1,230
2025-07-29,17,35.9,43,2,180
2025-07-29,18,34.9,46,1.7,200
2025-07-29,19,33.1,54,1.7,160
2025-07-29,20,30.9,60,1.1,160
2025-07-29,21,29,67,0.5,90
2025-07-29,22,26,75,0.8,50
2025-07-29,23,24.4,83,0.6,20
2025-07-30,0,23.6,86,0.9,50
2025-07-30,1,22.6,91,0.1,0
2025-07-30,2,21.9,94,0.2,0
2025-07-30,3,21.5,97,0.4,0
2025-07-30,4,21.1,98,0.4,0
2025-07-30,5,20.7,100,0,0
2025-07-30,6,20.6,100,0.2,0
2025-07-30,7,22.5,91,0.1,0
2025-07-30,8,25.6,76,0.3,0
2025-07-30,9,28.9,63,0.4,0
2025-07-30,10,31.4,57,0.8,160
2025-07-30,11,32.8,48,1.1,90
2025-07-30,12,34.4,48,1.7,230
2025-07-30,13,35.2,45,1.3,200
2025-07-30,14,36.3,40,1.9,180
2025-07-30,15,36,41,2.3,160
2025-07-30,16,36.4,38,1.4,140
2025-07-30,17,35.5,41,1.6,110
2025-07-30,18,34.4,46,2.3,140
2025-07-30,19,32.4,54,1.1,140
2025-07-30,20,29.1,67,0.3,0
2025-07-30,21,27.2,75,0.9,50
2025-07-30,22,26.2,81,0.2,0
2025-07-30,23,24.6,90,0.4,0
2025-07-31,0,23.9,93,0.7,360
2025-07-31,1,23.5,95,0.6,360
2025-07-31,2,23.4,95,0.5,20
2025-07-31,3,23.5,93,0.4,0
2025-07-31,4,23.3,96,0.3,0
2025-07-31,5,23,95,0.6,50
2025-07-31,6,23,98,0.2,0
2025-07-31,7,23.6,94,0.3,0
2025-07-31,8,25.4,87,0.2,0
2025-07-31,9,26.7,78,0.4,0
2025-07-31,10,29.2,73,1,200
2025-07-31,11,31.3,56,1,90
2025-07-31,12,31.7,58,1.4,200
2025-07-31,13,33.5,53,1.7,230
2025-07-31,14,35.3,46,2.1,200
2025-07-31,15,35.1,48,1.7,110
2025-07-31,16,35.8,45,1.4,230
2025-07-31,17,35.2,47,1.7,200
2025-07-31,18,34.3,51,1.5,200
2025-07-31,19,32,58,0.9,230
2025-07-31,20,29.2,72,0.4,0
2025-07-31,21,27.6,79,0.3,0
2025-07-31,22,25.8,87,0.7,360
2025-07-31,23,24.9,91,0.4,0
2025-08-01,0,23.8,92,0.5,20
2025-08-01,1,22.9,94,0.9,50
2025-08-01,2,22.5,99,0.4,0
2025-08-01,3,22,95,0.7,50
2025-08-01,4,21.3,96,0.3,0
2025-08-01,5,21,96,0.2,0
2025-08-01,6,20.8,95,0.6,20
2025-08-01,7,22.3,88,0.2,0
2025-08-01,8,25,73,0.3,0
2025-08-01,9,28,61,0.9,250
2025-08-01,10,30.8,56,1.2,250
2025-08-01,11,33.1,48,1.1,230
2025-08-01,12,34.4,40,1.2,180
2025-08-01,13,35.1,39,1.8,290
2025-08-01,14,36.4,40,1.3,270
2025-08-01,15,36.4,37,2.1,290
2025-08-01,16,37.2,35,1.9,250
2025-08-01,17,36.5,36,2.3,230
2025-08-01,18,35.6,44,1.9,270
2025-08-01,19,33.6,46,0.8,200
2025-08-01,20,29.3,66,1,50
2025-08-01,21,27.3,72,0.7,20
2025-08-01,22,26,78,0.3,0
2025-08-01,23,25.4,79,0.4,0
2025-08-02,0,24.9,83,0.1,0
2025-08-02,1,24.4,88,0,0
2025-08-02,2,24.3,89,0.1,0
2025-08-02,3,23.7,93,0,0
2025-08-02,4,23.3,95,0.6,360
2025-08-02,5,23.1,96,0,0
2025-08-02,6,23,97,0,0
2025-08-02,7,24,90,0.4,0
2025-08-02,8,26.5,77,0.5,50
2025-08-02,9,29,72,1,290
2025-08-02,10,31.5,65,0.5,160
2025-08-02,11,33,61,0.9,180
2025-08-02,12,35,54,1.7,250
2025-08-02,13,35.1,52,1.9,270
2025-08-02,14,35.8,49,2.2,200
2025-08-02,15,36.7,46,1.7,270
2025-08-02,16,36.9,44,1.9,270
2025-08-02,17,36.3,48,2.1,290
2025-08-02,18,33.2,55,1.6,20
2025-08-02,19,32,66,0.5,20
2025-08-02,20,29.5,81,0.7,360
2025-08-02,21,28.5,85,0.4,0
2025-08-02,22,27.6,89,0.4,0
2025-08-02,23,27.3,90,0.2,0
2025-08-03,0,26.9,90,0,0
2025-08-03,1,26.5,91,0.3,0
2025-08-03,2,26.1,95,0.4,0
2025-08-03,3,26.2,93,0.4,0
2025-08-03,4,26.2,93,0.1,0
2025-08-03,5,26,93,0.4,0
2025-08-03,6,25.9,93,0.1,0
2025-08-03,7,26.5,89,0.5,20
2025-08-03,8,28.3,79,0.8,160
2025-08-03,9,29.7,75,0.5,360
2025-08-03,10,30,75,0,0
2025-08-03,11,31.2,71,1.3,230
2025-08-03,12,31.6,71,1.6,230
2025-08-03,13,32.4,70,2,270
2025-08-03,14,32.4,69,1.6,230
2025-08-03,15,31.8,68,1.5,270
2025-08-03,16,31.4,71,0.9,250
2025-08-03,17,31,72,1.2,270
2025-08-03,18,30.1,77,0.9,200
2025-08-03,19,29.2,81,0.4,0
2025-08-03,20,28.5,85,0.5,230
2025-08-03,21,26.9,100,1.6,160
2025-08-03,22,25.9,99,1,140
2025-08-03,23,23.2,100,0.9,70
2025-08-04,0,23,100,0,0
2025-08-04,1,23,100,1.4,360
2025-08-04,2,23.8,100,1.9,90
2025-08-04,3,24.5,100,0.6,250
2025-08-04,4,25.3,100,0.8,250
2025-08-04,5,25,100,0.3,0
2025-08-04,6,25.1,100,0.3,0
2025-08-04,7,25.6,100,0.1,0
2025-08-04,8,27.5,89,1.1,230
2025-08-04,9,29.2,79,1.7,270
2025-08-04,10,30.8,75,2,230
2025-08-04,11,31.4,71,2.6,250
2025-08-04,12,31.5,71,1.9,290
2025-08-04,13,31.8,70,1.6,290
2025-08-04,14,32.3,69,2.3,270
2025-08-04,15,30.8,77,1.7,200
2025-08-04,16,31.1,76,1.7,200
2025-08-04,17,31.5,75,1.6,180
2025-08-04,18,30.9,78,1.7,180
2025-08-04,19,29.6,81,0.9,200
2025-08-04,20,28.8,84,0.9,180
2025-08-04,21,28.4,87,0.3,0
2025-08-04,22,28.2,85,0.3,0
2025-08-04,23,27.7,94,0.4,0
2025-08-05,0,27.3,97,0.4,0
2025-08-05,1,26.8,100,0.2,0
2025-08-05,2,26.8,100,0.1,0
2025-08-05,3,26.6,100,0.1,0
2025-08-05,4,26.6,100,0.1,0
2025-08-05,5,26.6,100,0.1,0
2025-08-05,6,26.4,100,0.4,0
2025-08-05,7,26.5,100,0.3,0
2025-08-05,8,27.8,93,1.1,230
2025-08-05,9,29.3,78,1,250
2025-08-05,10,30.4,74,1.6,180
2025-08-05,11,32.2,65,2.2,250
2025-08-05,12,32.8,61,2.3,250
2025-08-05,13,33.5,59,1.9,230
2025-08-05,14,32.9,60,2.2,290
2025-08-05,15,34.6,55,2.1,320
2025-08-05,16,33.6,55,2.3,340
2025-08-05,17,33.9,54,3.2,320
2025-08-05,18,33.4,56,1.8,270
2025-08-05,19,29.8,75,2.1,200
2025-08-05,20,28.7,81,0.8,200
2025-08-05,21,28,85,0.5,250
2025-08-05,22,27.9,88,0.1,0
2025-08-05,23,27.6,91,0.4,0
2025-08-06,0,26.7,100,0.8,200
2025-08-06,1,26.6,100,0.3,0
2025-08-06,2,26.3,100,0.6,160
2025-08-06,3,26,100,0.2,0
2025-08-06,4,25.9,100,0.3,0
2025-08-06,5,25.6,100,0.3,0
2025-08-06,6,25.7,100,0.6,360
2025-08-06,7,25.6,100,1.6,160
2025-08-06,8,26.6,95,0.4,0
2025-08-06,9,28.7,86,1,180
2025-08-06,10,30,76,1.5,230
2025-08-06,11,30.3,75,1.8,230
2025-08-06,12,31.7,71,1.6,200
2025-08-06,13,28.9,84,1.1,200
2025-08-06,14,31.1,72,2,230
2025-08-06,15,30.2,75,1.7,230
2025-08-06,16,29.7,77,2,200
2025-08-06,17,29.2,79,1.4,230
2025-08-06,18,28.6,86,0.7,360
2025-08-06,19,28.6,87,0.8,250
2025-08-06,20,26.4,100,0.5,360
2025-08-06,21,26.3,100,0.3,0
2025-08-06,22,26,100,0.2,0
2025-08-06,23,26.1,100,0.8,180
2025-08-07,0,25.7,100,0.9,180
2025-08-07,1,25.3,100,0.4,0
2025-08-07,2,24.8,100,0.3,0
2025-08-07,3,24.6,100,0.1,0
2025-08-07,4,24.3,100,0,0
2025-08-07,5,23.9,100,0.1,0
2025-08-07,6,23.6,100,0.4,0
2025-08-07,7,24.9,100,0.2,0
2025-08-07,8,27,83,2.1,230
2025-08-07,9,28.9,69,2.7,250
2025-08-07,10,28.7,67,3.5,270
2025-08-07,11,29.5,68,2.2,270
2025-08-07,12,29.8,66,2,270
2025-08-07,13,30.9,61,2,270
2025-08-07,14,31.5,61,1.7,230
2025-08-07,15,30.6,63,1.4,230
2025-08-07,16,31.6,62,2.4,200
2025-08-07,17,31.8,60,2.2,230
2025-08-07,18,30.9,66,1.2,230
2025-08-07,19,29.3,71,0.6,200
2025-08-07,20,27.8,75,0.7,230
2025-08-07,21,25.9,90,0.2,0
2025-08-07,22,24.8,96,0.5,20
2025-08-07,23,24.4,98,0.2,0
2025-08-08,0,23.7,100,0.2,0
2025-08-08,1,23.1,100,0.2,0
2025-08-08,2,22.9,100,0.3,0
2025-08-08,3,22.4,100,0.7,50
2025-08-08,4,22.2,100,0.3,0
2025-08-08,5,22,100,0,0
2025-08-08,6,21.9,100,0.6,250
2025-08-08,7,21.9,100,0.2,0
2025-08-08,8,23.1,99,1.2,320
2025-08-08,9,26,76,0.8,270
2025-08-08,10,27.9,68,0.7,140
2025-08-08,11,28.9,66,1.5,250
2025-08-08,12,29.5,62,1.8,250
2025-08-08,13,30.6,58,1.1,200
2025-08-08,14,31.4,55,2,290
2025-08-08,15,31.7,54,2.6,270
2025-08-08,16,31.2,54,1.9,270
2025-08-08,17,30.5,55,1.9,270
2025-08-08,18,30.1,59,0.7,230
2025-08-08,19,27.3,76,0.8,360
2025-08-08,20,25.9,84,0.3,0
2025-08-08,21,24.7,90,0.3,0
2025-08-08,22,24.2,93,0.1,0
2025-08-08,23,23.8,96,0.2,0
2025-08-09,0,23.5,98,0.4,0
2025-08-09,1,23.4,98,0.3,0
2025-08-09,2,23.3,100,0,0
2025-08-09,3,23.3,100,0.4,0
2025-08-09,4,23.2,100,0.4,0
2025-08-09,5,23.2,100,0.4,0
2025-08-09,6,23.3,100,0.1,0
2025-08-09,7,23.4,100,0.3,0
2025-08-09,8,23.7,100,0.6,230
2025-08-09,9,24.4,98,1,290
2025-08-09,10,24.6,95,1,230
2025-08-09,11,25,93,0.4,0
2025-08-09,12,26.2,85,1.1,360
2025-08-09,13,26.2,82,0.7,320
2025-08-09,14,26.5,80,0.2,0
2025-08-09,15,26.1,89,0.8,200
2025-08-09,16,26.3,85,0.2,0
2025-08-09,17,26.1,87,0.6,290
2025-08-09,18,25.3,98,0.6,230
2025-08-09,19,24.9,100,0.6,230
2025-08-09,20,23.8,99,1.5,320
2025-08-09,21,23.2,96,0.8,160
2025-08-09,22,22.8,97,0.5,110
2025-08-09,23,22.6,99,0,0
2025-08-10,0,22.3,100,0.3,0
2025-08-10,1,22,100,0.4,0
2025-08-10,2,21.7,100,0.1,0
2025-08-10,3,21.5,100,0,0
2025-08-10,4,21.8,100,0.6,230
2025-08-10,5,21.6,100,0.6,140
2025-08-10,6,21.6,100,0.4,0
2025-08-10,7,21.9,100,0.8,180
2025-08-10,8,22.7,95,0.1,0
2025-08-10,9,24.5,80,0.7,90
2025-08-10,10,25.5,76,1.3,360
2025-08-10,11,26.2,72,1.2,340
2025-08-10,12,28.8,65,1,290
2025-08-10,13,29.6,60,1,230
2025-08-10,14,30.8,56,1,200
2025-08-10,15,31.5,53,1.5,140
2025-08-10,16,31.5,55,1.4,20
2025-08-10,17,29.4,65,1.4,160
2025-08-10,18,28.4,73,1.2,160
2025-08-10,19,27.5,76,1,160
2025-08-10,20,25.9,82,0.6,200
2025-08-10,21,24.7,80,0.4,0
2025-08-10,22,23.7,87,0.4,0
2025-08-10,23,22.6,91,0.5,70
2025-08-11,0,21.8,97,0.1,0
2025-08-11,1,22,96,0.3,0
2025-08-11,2,21.6,97,0.4,0
2025-08-11,3,21.7,94,0.3,0
2025-08-11,4,21.1,98,0.5,90
2025-08-11,5,20.7,100,0.4,0
2025-08-11,6,20.2,100,0.4,0
2025-08-11,7,21,95,0.1,0
2025-08-11,8,22.4,84,0.4,0
2025-08-11,9,24.7,72,0.6,50
2025-08-11,10,26.7,64,0.7,320
2025-08-11,11,27.3,64,0.4,0
2025-08-11,12,28.6,59,1.1,320
2025-08-11,13,29.2,57,1.2,200
2025-08-11,14,29.2,57,1.1,230
2025-08-11,15,28.5,62,1.2,340
2025-08-11,16,27.5,71,0.7,340
2025-08-11,17,25.5,90,1.3,180
2025-08-11,18,23.8,96,1.1,270
2025-08-11,19,23.4,98,0.7,140
2025-08-11,20,22.5,100,0.7,290
2025-08-11,21,22.7,100,0.9,180
2025-08-11,22,22.5,95,0.9,140
2025-08-11,23,21.6,99,0.6,140
2025-08-12,0,21.3,100,0,0
2025-08-12,1,21,100,0.4,0
2025-08-12,2,20.8,100,0.1,0
2025-08-12,3,20.7,100,0.3,0
2025-08-12,4,20.5,100,0.4,0
2025-08-12,5,20.2,100,0.2,0
2025-08-12,6,20.3,100,0.1,0
2025-08-12,7,20.6,100,0.3,0
2025-08-12,8,21.2,98,0.5,160
2025-08-12,9,22.6,86,0.8,290
2025-08-12,10,25,73,1.2,250
2025-08-12,11,25.9,72,0.7,160
2025-08-12,12,25.7,76,0.8,250
2025-08-12,13,25.6,79,0.7,200
2025-08-12,14,25.6,83,0.5,320
2025-08-12,15,25.5,83,0.8,110
2025-08-12,16,26.2,82,0.6,90
2025-08-12,17,26.3,79,0.7,160
2025-08-12,18,25.4,86,1.6,200
2025-08-12,19,24,100,0.4,0
2025-08-12,20,24,100,0,0
2025-08-12,21,23.9,100,0.2,0
2025-08-12,22,23.9,100,1,180
2025-08-12,23,24,100,0.5,290
2025-08-13,0,23.7,100,0.1,0
2025-08-13,1,23.7,100,0.2,0
2025-08-13,2,23.6,100,0.2,0
2025-08-13,3,23.5,100,0,0
2025-08-13,4,23.5,100,0.3,0
2025-08-13,5,23.4,100,0.1,0
2025-08-13,6,23.2,100,0.8,160
2025-08-13,7,23.6,100,0.1,0
2025-08-13,8,24.6,97,0.4,0
2025-08-13,9,25.8,92,0.6,340
2025-08-13,10,27.1,85,0.5,340
2025-08-13,11,29.2,77,0.9,20
2025-08-13,12,31.3,68,2.4,230
2025-08-13,13,32,63,2.1,200
2025-08-13,14,32.6,62,2.8,230
2025-08-13,15,32.4,64,1.6,200
2025-08-13,16,31.8,66,1.8,180
2025-08-13,17,27.1,89,0.7,360
2025-08-13,18,27.4,87,0.5,360
2025-08-13,19,26.6,96,0.7,360
2025-08-13,20,25.9,100,0.3,0
2025-08-13,21,25.5,100,0,0
2025-08-13,22,25,100,0.6,360
2025-08-13,23,24.9,100,0,0
2025-08-14,0,24.3,100,0.6,340
2025-08-14,1,23.9,100,0.2,0
2025-08-14,2,23.7,100,0.1,0
2025-08-14,3,23.3,100,0.1,0
2025-08-14,4,23,100,0.1,0
2025-08-14,5,22.8,100,0.2,0
2025-08-14,6,22.8,100,0,0
2025-08-14,7,24.2,100,0,0
2025-08-14,8,27.1,83,0.8,90
2025-08-14,9,28.7,77,0.7,180
2025-08-14,10,29.9,66,2.1,290
2025-08-14,11,32.1,59,2.8,250
2025-08-14,12,32.3,57,3.3,270
2025-08-14,13,32.7,57,2.5,230
2025-08-14,14,33.7,52,2.8,250
2025-08-14,15,33.6,53,2.3,250
2025-08-14,16,34.6,50,2.5,250
2025-08-14,17,33.9,53,3.2,290
2025-08-14,18,32.3,59,2.4,320
2025-08-14,19,31.1,62,1.6,270
2025-08-14,20,28.7,73,0.6,270
2025-08-14,21,26.6,86,0.3,0
2025-08-14,22,25.4,94,0.7,360
2025-08-14,23,25,96,0.1,0
2025-08-15,0,24.4,99,0.4,0
2025-08-15,1,24,100,0.2,0
2025-08-15,2,23.8,100,0,0
2025-08-15,3,23.6,100,0,0
2025-08-15,4,23.4,100,0.1,0
2025-08-15,5,23.2,100,0.1,0
2025-08-15,6,22.9,100,0,0
2025-08-15,7,24,100,0.2,0
2025-08-15,8,26.1,88,0.2,0
2025-08-15,9,28.8,75,0.8,180
2025-08-15,10,29.7,70,1,20
2025-08-15,11,31.2,64,1.2,140
2025-08-15,12,32.4,57,2,270
2025-08-15,13,32.9,55,2,320
2025-08-15,14,32.3,59,2,290
2025-08-15,15,33.2,56,2.3,320
2025-08-15,16,33.7,54,2.4,270
2025-08-15,17,32.4,59,2.4,320
2025-08-15,18,31.3,65,2.5,320
2025-08-15,19,30,69,1.2,250
2025-08-15,20,27.9,78,0.4,0
2025-08-15,21,26.6,90,0.5,340
2025-08-15,22,26,94,0.3,0
2025-08-15,23,25.2,96,0.1,0
2025-08-16,0,24.7,100,0.1,0
2025-08-16,1,24.1,100,0.3,0
2025-08-16,2,23.7,100,0.5,360
2025-08-16,3,23.4,100,0.1,0
2025-08-16,4,23.1,100,0.1,0
2025-08-16,5,22.9,100,0.2,0
2025-08-16,6,22.7,100,0.2,0
2025-08-16,7,23.6,100,0.4,0
2025-08-16,8,25.5,91,0.3,0
2025-08-16,9,28.5,77,0.9,200
2025-08-16,10,29.7,68,2.5,250
2025-08-16,11,31.7,60,1.9,250
2025-08-16,12,31.9,57,1.9,270
2025-08-16,13,33.3,53,2.1,270
2025-08-16,14,32.6,56,2.2,320
2025-08-16,15,34.2,48,2.2,290
2025-08-16,16,33.7,46,2.7,290
2025-08-16,17,34.2,44,2.6,270
2025-08-16,18,33.3,49,2.2,250
2025-08-16,19,31.6,55,1.6,290
2025-08-16,20,27.4,76,0.8,20
2025-08-16,21,25.7,84,0.6,360
2025-08-16,22,24.5,90,0.2,0
2025-08-16,23,23.7,95,0.3,0
2025-08-17,0,22.8,98,0.2,0
2025-08-17,1,22.3,100,0.3,0
2025-08-17,2,21.9,100,0.4,0
2025-08-17,3,21.5,100,0.2,0
2025-08-17,4,21.1,100,0,0
2025-08-17,5,20.7,100,0.1,0
2025-08-17,6,20.4,100,0.2,0
2025-08-17,7,22,99,0.1,0
2025-08-17,8,25.3,86,0.3,0
2025-08-17,9,28.6,68,1.8,270
2025-08-17,10,29.9,63,1.7,250
2025-08-17,11,30.7,58,2.6,290
2025-08-17,12,31.1,56,2.8,290
2025-08-17,13,32.7,53,2.2,270
2025-08-17,14,33.2,51,2.7,270
2025-08-17,15,32.5,51,1.9,320
2025-08-17,16,33.6,50,2.9,250
2025-08-17,17,32.4,53,1.6,290
2025-08-17,18,32.3,53,1.9,250
2025-08-17,19,30,62,0.6,230
2025-08-17,20,27,78,0.9,50
2025-08-17,21,25.6,84,0.2,0
2025-08-17,22,24.7,89,0.3,0
2025-08-17,23,23.9,94,0.3,0
2025-08-18,0,23.7,94,0.4,0
2025-08-18,1,23.7,96,0.2,0
2025-08-18,2,23.3,98,0.2,0
2025-08-18,3,22.9,99,0.2,0
2025-08-18,4,22.6,100,0.3,0
2025-08-18,5,22.4,100,0,0
2025-08-18,6,22.4,100,0,0
2025-08-18,7,22.9,98,0.2,0
2025-08-18,8,23.8,93,0.2,0
2025-08-18,9,25.1,86,0.4,0
2025-08-18,10,27.4,78,0.3,0
2025-08-18,11,30.6,66,1.1,230
2025-08-18,12,31.9,54,2.7,320
2025-08-18,13,32.7,53,2.8,320
2025-08-18,14,33.1,53,2.5,290
2025-08-18,15,33.1,52,2.3,320
2025-08-18,16,33,50,1.7,270
2025-08-18,17,33.2,50,2.3,270
2025-08-18,18,32.8,52,1.3,290
2025-08-18,19,30.6,61,0.5,230
2025-08-18,20,27.9,76,0.4,0
2025-08-18,21,26.9,79,0,0
2025-08-18,22,26.5,82,0,0
2025-08-18,23,26,86,0,0
2025-08-19,0,25.2,90,0,0
2025-08-19,1,25,93,0,0
2025-08-19,2,24.6,94,0,0
2025-08-19,3,24.5,95,0,0
2025-08-19,4,24.1,97,0,0
2025-08-19,5,23.7,100,0,0
2025-08-19,6,23.5,100,0,0
2025-08-19,7,24.5,96,0,0
2025-08-19,8,25.7,90,0,0
2025-08-19,9,28.8,76,1.1,230
2025-08-19,10,31,62,3,270
2025-08-19,11,32.6,55,2.8,250
2025-08-19,12,32.9,53,2.6,250
2025-08-19,13,33.7,50,3,250
2025-08-19,14,34.3,50,2.9,250
2025-08-19,15,34.2,48,3,290
2025-08-19,16,34.8,48,2.3,250
2025-08-19,17,34.7,47,2.5,270
2025-08-19,18,33.7,51,2.1,270
2025-08-19,19,31.9,57,1.3,320
2025-08-19,20,28.7,73,0.4,0
2025-08-19,21,27.3,80,0.3,0
2025-08-19,22,26.8,84,0,0
2025-08-19,23,26.2,88,0.2,0
2025-08-20,0,26,90,0.2,0
2025-08-20,1,25.2,94,0.4,0
2025-08-20,2,25,95,0.2,0
2025-08-20,3,25.4,92,0.7,160
2025-08-20,4,25,95,0.2,0
2025-08-20,5,24.7,97,0.1,0
2025-08-20,6,24,99,0.3,0
2025-08-20,7,24.9,94,0.1,0
2025-08-20,8,28,76,0.9,200
2025-08-20,9,30.1,67,2,200
2025-08-20,10,30.7,62,1.7,270
2025-08-20,11,32.2,55,2.6,250
2025-08-20,12,32.7,54,2.2,250
2025-08-20,13,34,51,2.3,230
2025-08-20,14,34.9,48,2.7,270
2025-08-20,15,35.1,46,2.7,270
2025-08-20,16,35,45,2.4,250
2025-08-20,17,34.6,48,2.4,270
2025-08-20,18,32.9,55,1.6,270
2025-08-20,19,31.5,63,0.9,230
2025-08-20,20,28.9,76,0.3,0
2025-08-20,21,27.9,81,0.4,0
2025-08-20,22,26.9,85,0,0
2025-08-20,23,26.5,87,0.5,90
2025-08-21,0,26.2,90,0.3,0
2025-08-21,1,26.1,91,0,0
2025-08-21,2,25.9,91,0.6,90
2025-08-21,3,25.4,94,0.1,0
2025-08-21,4,24.5,99,0.4,0
2025-08-21,5,24,100,0.6,360
2025-08-21,6,24,100,0.1,0
2025-08-21,7,24.7,98,0.6,20
2025-08-21,8,27.5,81,1,140
2025-08-21,9,29.3,74,0.8,160
2025-08-21,10,31.3,66,0.6,70
2025-08-21,11,32.8,55,1.7,290
2025-08-21,12,33.9,48,1.5,290
2025-08-21,13,34.1,50,2.1,250
2025-08-21,14,34.8,47,2.7,270
2025-08-21,15,35.7,43,2.1,270
2025-08-21,16,35.6,44,2.3,250
2025-08-21,17,35.3,44,2,290
2025-08-21,18,34.4,46,1.6,290
2025-08-21,19,31.7,60,0.5,250
2025-08-21,20,28.4,71,1.1,50
2025-08-21,21,27.4,78,0.1,0
2025-08-21,22,26.1,82,0.5,360
2025-08-21,23,25.4,86,0.2,0
2025-08-22,0,25,89,0,0
2025-08-22,1,24.5,92,0.5,360
2025-08-22,2,24.2,94,0,0
2025-08-22,3,23.8,96,0.4,0
2025-08-22,4,23.4,98,0.3,0
2025-08-22,5,23.3,99,0,0
2025-08-22,6,23.4,100,0.2,0
2025-08-22,7,23.6,99,0.1,0
2025-08-22,8,25.1,90,0.5,20
2025-08-22,9,28.5,75,1.1,110
2025-08-22,10,30.3,68,0.8,250
2025-08-22,11,31.4,62,0.9,50
2025-08-22,12,34.3,56,1.9,200
2025-08-22,13,35,50,3.1,250
2025-08-22,14,34,50,1.9,320
2025-08-22,15,35.4,47,2.1,270
2025-08-22,16,35.4,49,2.9,290
2025-08-22,17,35.3,44,2.8,290
2025-08-22,18,34.3,47,2.5,290
2025-08-22,19,32.6,53,1.7,320
2025-08-22,20,29,70,0.6,20
2025-08-22,21,27.4,75,0.3,0
2025-08-22,22,26.4,80,0.6,20
2025-08-22,23,25.6,85,0.2,0
2025-08-23,0,24.9,88,0.2,0
2025-08-23,1,24.2,92,0,0
2025-08-23,2,23.8,95,0,0
2025-08-23,3,23.2,97,0,0
2025-08-23,4,22.8,99,0.1,0
2025-08-23,5,22.2,100,0.4,0
2025-08-23,6,22,100,0.1,0
2025-08-23,7,23.1,98,0.1,0
2025-08-23,8,26.4,85,0.8,200
2025-08-23,9,29.8,68,1.9,250
2025-08-23,10,30.2,64,1.7,250
2025-08-23,11,31.9,59,2.2,270
2025-08-23,12,33.3,56,2,230
2025-08-23,13,34.8,52,2.9,230
2025-08-23,14,34.6,49,2,290
2025-08-23,15,35.4,48,2.1,290
2025-08-23,16,35.5,49,3,270
2025-08-23,17,34.9,52,2.3,270
2025-08-23,18,34.4,53,1.7,250
2025-08-23,19,32.8,61,1.6,270
2025-08-23,20,30.6,70,0.4,0
2025-08-23,21,28.9,79,0.5,360
2025-08-23,22,27.5,84,0.6,340
2025-08-23,23,26.9,87,0.5,340
2025-08-24,0,26.3,90,0.2,0
2025-08-24,1,25.7,93,0.4,0
2025-08-24,2,25.3,95,0.1,0
2025-08-24,3,24.8,98,0.2,0
2025-08-24,4,24.6,95,0.3,0
2025-08-24,5,24.1,99,0.3,0
2025-08-24,6,24,99,0.1,0
2025-08-24,7,24.4,97,0.2,0
2025-08-24,8,26.6,85,0.3,0
2025-08-24,9,29.7,74,0.6,270
2025-08-24,10,31.8,67,1.4,90
2025-08-24,11,33.3,59,1.7,230
2025-08-24,12,34.9,53,1.7,230
2025-08-24,13,35.1,48,1.2,290
2025-08-24,14,36.6,45,2.2,290
2025-08-24,15,37,45,2,250
2025-08-24,16,36.8,44,2.6,270
2025-08-24,17,36.3,46,2.1,270
2025-08-24,18,35.2,49,2.1,270
2025-08-24,19,33.4,56,0.7,320
2025-08-24,20,30.2,71,0.3,0
2025-08-24,21,28.8,77,0.2,0
2025-08-24,22,27.8,81,0.7,340
2025-08-24,23,27.1,84,0.2,0
2025-08-25,0,26.4,87,0.4,0
2025-08-25,1,25.8,91,0.2,0
2025-08-25,2,25.3,94,0.2,0
2025-08-25,3,25,96,0,0
2025-08-25,4,24.6,98,0.4,0
2025-08-25,5,24.1,99,0.4,0
2025-08-25,6,24,100,0.1,0
2025-08-25,7,24.9,95,0.1,0
2025-08-25,8,27.5,81,0.6,90
2025-08-25,9,29.8,75,1.5,200
2025-08-25,10,31.9,67,1.3,250
2025-08-25,11,33.3,58,1.6,250
2025-08-25,12,34.4,54,2.1,230
2025-08-25,13,34.5,53,2.2,250
2025-08-25,14,35.9,44,3,290
2025-08-25,15,36.1,44,2.8,250
2025-08-25,16,36,46,2.8,270
2025-08-25,17,34.5,52,2.5,250
2025-08-25,18,34,55,1.7,230
2025-08-25,19,32.4,61,1.3,180
2025-08-25,20,31.3,66,1.4,200
2025-08-25,21,27.4,93,0.4,0
2025-08-25,22,27.3,95,0.1,0
2025-08-25,23,26.9,94,0.1,0
2025-08-26,0,26.6,95,0,0
2025-08-26,1,26,95,0.6,360
2025-08-26,2,25.8,96,0.2,0
2025-08-26,3,25.6,98,0.1,0
2025-08-26,4,25.6,97,0.5,290
2025-08-26,5,24.8,99,0,0
2025-08-26,6,24.7,97,0.5,70
2025-08-26,7,26.1,89,0.5,200
2025-08-26,8,29.2,71,2.2,270
2025-08-26,9,27.3,81,2,230
2025-08-26,10,29,72,2,250
2025-08-26,11,31,63,2.7,250
2025-08-26,12,32.2,58,2.4,270
2025-08-26,13,29.2,73,2.6,270
2025-08-26,14,29.6,69,1.6,270
2025-08-26,15,29.4,69,2.6,250
2025-08-26,16,28.9,72,1.9,270
2025-08-26,17,29.1,72,1.4,270
2025-08-26,18,29,72,1.4,270
2025-08-26,19,28.3,75,1.4,270
2025-08-26,20,26.5,84,0.4,0
2025-08-26,21,25.3,92,0.1,0
2025-08-26,22,24.7,96,0.1,0
2025-08-26,23,24,98,0.3,0
2025-08-27,0,23.4,100,0.2,0
2025-08-27,1,23.2,100,0.2,0
2025-08-27,2,22.8,100,0.2,0
2025-08-27,3,22.3,100,0.2,0
2025-08-27,4,21.9,100,0.1,0
2025-08-27,5,21.8,100,0.2,0
2025-08-27,6,22,100,0,0
2025-08-27,7,22.1,100,0.2,0
2025-08-27,8,23.5,100,0.2,0
2025-08-27,9,27.1,80,0.4,0
2025-08-27,10,29.5,63,0.8,140
2025-08-27,11,31.4,55,1.4,360
2025-08-27,12,31.9,50,1,50
2025-08-27,13,33,48,1.6,70
2025-08-27,14,33.8,42,2.3,270
2025-08-27,15,33.5,40,0.9,320
2025-08-27,16,33.6,43,2.4,230
2025-08-27,17,31.5,53,1.8,180
2025-08-27,18,30.5,57,1.8,140
2025-08-27,19,29.1,64,1.6,160
2025-08-27,20,27.8,67,1.2,140
2025-08-27,21,27,71,1.2,180
2025-08-27,22,26.5,73,1,90
2025-08-27,23,26.3,72,1,140
2025-08-28,0,25.9,72,0.4,0
2025-08-28,1,24.6,80,0.5,360
2025-08-28,2,24.2,81,0.2,0
2025-08-28,3,24.1,82,0,0
2025-08-28,4,22.9,88,0.5,50
2025-08-28,5,22.5,88,0.5,90
2025-08-28,6,21.7,93,0.4,0
2025-08-28,7,23,86,0.3,0
2025-08-28,8,24.2,81,0.8,320
2025-08-28,9,25.4,76,0.2,0
2025-08-28,10,28.4,66,1.1,110
2025-08-28,11,30.3,59,1.9,110
2025-08-28,12,31.9,54,2.2,200
2025-08-28,13,32.8,51,1.9,290
2025-08-28,14,32.9,50,2.9,270
2025-08-28,15,33.6,48,2.3,270
2025-08-28,16,33.5,45,2.7,270
2025-08-28,17,33,48,2,270
2025-08-28,18,32.4,51,1.5,290
2025-08-28,19,31,56,0.8,200
2025-08-28,20,28.3,70,0.6,50
2025-08-28,21,27.3,74,0.2,0
2025-08-28,22,26.7,78,0.1,0
2025-08-28,23,26.2,79,0.5,70
2025-08-29,0,25.5,82,0.2,0
2025-08-29,1,24.7,87,0.2,0
2025-08-29,2,24.4,89,0,0
2025-08-29,3,23.8,93,0,0
2025-08-29,4,23.3,96,0.3,0
2025-08-29,5,23,98,0.1,0
2025-08-29,6,22.5,100,0,0
2025-08-29,7,22.9,98,0.1,0
2025-08-29,8,25.2,87,0.3,0
2025-08-29,9,29,73,1.1,230
2025-08-29,10,30.4,65,2.3,250
2025-08-29,11,31.4,60,2.3,250
2025-08-29,12,32.7,56,2.5,250
2025-08-29,13,34.4,49,2.9,270
2025-08-29,14,34.5,47,3.7,290
2025-08-29,15,35.1,45,1.8,270
2025-08-29,16,35.3,46,2.7,270
2025-08-29,17,34.5,49,2.7,270
2025-08-29,18,33.5,52,1.9,270
2025-08-29,19,32,57,1.2,290
2025-08-29,20,28.7,74,0.7,340
2025-08-29,21,27.2,77,0.4,0
2025-08-29,22,26,82,0.5,360
2025-08-29,23,25.2,86,0.2,0
2025-08-30,0,24.6,90,0.4,0
2025-08-30,1,23.8,93,0.2,0
2025-08-30,2,23.4,95,0.6,290
2025-08-30,3,22.8,98,0.2,0
2025-08-30,4,22.4,100,0.3,0
2025-08-30,5,22.3,100,0.1,0
2025-08-30,6,21.9,100,0.2,0
2025-08-30,7,22.4,100,0,0
2025-08-30,8,25.3,86,0.2,0
2025-08-30,9,29.2,71,0.6,270
2025-08-30,10,30.2,65,1,180
2025-08-30,11,31.4,61,1.3,200
2025-08-30,12,33.7,54,1.2,230
2025-08-30,13,33.6,53,1.6,20
2025-08-30,14,34.1,49,2,270
2025-08-30,15,36.2,43,2,270
2025-08-30,16,36.1,39,2.3,230
2025-08-30,17,35.2,41,2.5,250
2025-08-30,18,34.8,42,1.5,270
2025-08-30,19,31.5,54,0.6,290
2025-08-30,20,28.1,66,0.9,50
2025-08-30,21,26.6,73,0.3,0
2025-08-30,22,25.5,77,0.6,340
2025-08-30,23,24.9,79,0.2,0
2025-08-31,0,24.5,81,0.5,20
2025-08-31,1,24,84,0.2,0
2025-08-31,2,23.5,87,0.4,0
2025-08-31,3,23.2,89,0.3,0
2025-08-31,4,22.8,92,0.3,0
2025-08-31,5,22.3,94,0.3,0
2025-08-31,6,22.4,95,0,0
2025-08-31,7,23.3,91,0.3,0
2025-08-31,8,25.5,79,0.9,290
2025-08-31,9,28.9,70,0.3,0
2025-08-31,10,31.3,62,1.2,290
2025-08-31,11,33,54,2.5,270
2025-08-31,12,33.6,52,3.1,270
2025-08-31,13,34.6,44,3.7,250
2025-08-31,14,30.7,58,4.6,290
2025-08-31,15,29.1,64,1.9,320
2025-08-31,16,28.4,70,1.9,230
2025-08-31,17,28.6,71,0.7,320
2025-08-31,18,27.1,82,1.1,230
2025-08-31,19,26.4,86,1,200
2025-08-31,20,26.2,87,0.5,180
2025-08-31,21,25.7,91,0.4,0
2025-08-31,22,25.3,95,0.2,0
2025-08-31,23,25,98,0.4,0
2025-09-01,0,24.8,97,0.3,0
2025-09-01,1,24.8,97,0.1,0
2025-09-01,2,24.9,97,0.3,0
2025-09-01,3,24.7,98,0.6,180
2025-09-01,4,24.4,100,0.6,290
2025-09-01,5,24.5,100,0.2,0
2025-09-01,6,24.4,100,0.4,0
2025-09-01,7,24.6,100,0.3,0
2025-09-01,8,26.2,91,0.5,270
2025-09-01,9,28.7,75,1.8,230
2025-09-01,10,30.8,63,1.7,250
2025-09-01,11,31.8,58,3,250
2025-09-01,12,32.3,55,2.1,250
2025-09-01,13,33.2,51,3.4,230
2025-09-01,14,32.8,55,3,200
2025-09-01,15,32.1,56,2.9,200
2025-09-01,16,32,58,2.5,200
2025-09-01,17,31.3,61,2.6,200
2025-09-01,18,30.2,66,2.2,250
2025-09-01,19,26,87,0.8,340
2025-09-01,20,25.9,86,1,230
2025-09-01,21,25.5,92,0.8,320
2025-09-01,22,25.1,95,0.1,0
2025-09-01,23,24.9,96,0.4,0
2025-09-02,0,24.6,97,0.3,0
2025-09-02,1,24.2,100,0,0
2025-09-02,2,23.8,100,0.3,0
2025-09-02,3,23.8,100,0.4,0
2025-09-02,4,24,100,0.1,0
2025-09-02,5,24,100,0.5,270
2025-09-02,6,24.2,100,0.2,0
2025-09-02,7,24.5,99,0.2,0
2025-09-02,8,25.2,96,0.5,160
2025-09-02,9,25.2,100,0.4,0
2025-09-02,10,25.9,95,0.7,230
2025-09-02,11,28.7,76,1.6,250
2025-09-02,12,29.4,68,1.9,250
2025-09-02,13,30,62,2.7,270
2025-09-02,14,30.6,58,2.3,250
2025-09-02,15,30.2,58,1.8,270
2025-09-02,16,30.5,48,2.1,290
2025-09-02,17,30.7,45,2.5,270
2025-09-02,18,29.9,49,1.7,270
2025-09-02,19,26.8,65,0.5,270
2025-09-02,20,23.9,78,0.4,0
2025-09-02,21,22,84,0.4,0
2025-09-02,22,20.8,91,0.5,320
2025-09-02,23,20,94,0.5,360
2025-09-03,0,19.6,96,0,0
2025-09-03,1,19.4,98,0.2,0
2025-09-03,2,19.3,99,0.2,0
2025-09-03,3,19.4,99,0.1,0
2025-09-03,4,19.2,100,0.2,0
2025-09-03,5,19,100,0.3,0
2025-09-03,6,18.9,100,0.1,0
2025-09-03,7,19.5,99,0.2,0
2025-09-03,8,22.3,88,0.2,0
2025-09-03,9,25.5,75,0.5,250
2025-09-03,10,28.9,64,0.8,230
2025-09-03,11,30.6,56,1.3,230
2025-09-03,12,31.1,57,1.5,290
2025-09-03,13,31.7,54,1.7,320
2025-09-03,14,31.2,55,2.2,70
2025-09-03,15,30.6,57,2.3,90
2025-09-03,16,30.7,60,2.4,70
2025-09-03,17,32,53,2.2,70
2025-09-03,18,30.6,55,2,90
2025-09-03,19,29,59,1.2,140
2025-09-03,20,26.7,68,0.3,0
2025-09-03,21,24.7,78,0.8,50
2025-09-03,22,24.2,80,0.5,50
2025-09-03,23,23.9,81,0.2,0
2025-09-04,0,23.2,83,0.1,0
2025-09-04,1,22.9,81,0.2,0
2025-09-04,2,22.6,83,0.1,0
2025-09-04,3,21.7,87,0.4,0
2025-09-04,4,21.4,90,0.6,320
2025-09-04,5,21.3,93,0.1,0
2025-09-04,6,21.1,94,0.2,0
2025-09-04,7,21.9,91,0,0
2025-09-04,8,24.9,81,0.6,360
2025-09-04,9,28.1,70,0.4,0
2025-09-04,10,30,63,1.1,180
2025-09-04,11,30,63,0.7,320
2025-09-04,12,31.5,55,1.3,360
2025-09-04,13,32.5,53,1.5,320
2025-09-04,14,31.3,57,2.9,20
2025-09-04,15,28.2,79,1.6,50
2025-09-04,16,30.3,67,3.2,90
2025-09-04,17,29.1,69,2.6,70
2025-09-04,18,28.3,68,2.5,70
2025-09-04,19,27.1,74,1.5,70
2025-09-04,20,26.8,75,1.6,50
2025-09-04,21,26.2,78,0.9,50
2025-09-04,22,25.7,79,1.8,50
2025-09-04,23,25.3,81,1.4,50
2025-09-05,0,24.9,83,0.9,50
2025-09-05,1,24.8,82,1.2,50
2025-09-05,2,24,87,0.2,0
2025-09-05,3,23.6,89,0.1,0
2025-09-05,4,23.1,93,0.5,290
2025-09-05,5,22.7,95,0,0
2025-09-05,6,22.3,96,0.1,0
2025-09-05,7,23.1,92,0.1,0
2025-09-05,8,25.9,71,0.7,340
2025-09-05,9,28.1,63,0.7,270
2025-09-05,10,30.2,55,1.3,110
2025-09-05,11,30.9,52,1.2,340
2025-09-05,12,32.2,49,1.5,320
2025-09-05,13,32.2,52,2,290
2025-09-05,14,33,50,1.8,20
2025-09-05,15,34.1,47,1.6,320
2025-09-05,16,34.4,46,1.8,250
2025-09-05,17,33.7,48,3.2,230
2025-09-05,18,31.7,54,2.1,200
2025-09-05,19,29.4,59,1.4,180
2025-09-05,20,27.9,63,1.1,200
2025-09-05,21,27.2,66,1.1,180
2025-09-05,22,26.9,63,1.2,160
2025-09-05,23,26.5,62,0.8,230
2025-09-06,0,26.2,63,0.7,200
2025-09-06,1,25.7,67,0.3,0
2025-09-06,2,24.2,80,0.7,160
2025-09-06,3,23.7,82,0.4,0
2025-09-06,4,23.8,81,0,0
2025-09-06,5,23.9,82,0.4,0
2025-09-06,6,23.5,86,0.4,0
2025-09-06,7,23.9,85,0.1,0
2025-09-06,8,24.7,81,0.4,0
2025-09-06,9,26.1,77,0.7,20
2025-09-06,10,28.9,69,1.3,290
2025-09-06,11,31.8,59,2.5,270
2025-09-06,12,32.4,56,2.7,250
2025-09-06,13,33.4,51,3.5,230
2025-09-06,14,34,50,3.4,250
2025-09-06,15,27.5,82,1,200
2025-09-06,16,32.2,59,2.7,250
2025-09-06,17,32.2,54,1.8,250
2025-09-06,18,31.2,58,2.2,270
2025-09-06,19,29.8,65,1,230
2025-09-06,20,28.7,71,0.5,200
2025-09-06,21,27.1,80,0.8,200
2025-09-06,22,26.1,85,0.3,0
2025-09-06,23,26.3,87,0.7,290
2025-09-07,0,26.5,86,0.6,230
2025-09-07,1,26.5,85,0.8,200
2025-09-07,2,25.9,93,1,230
2025-09-07,3,26,88,1.5,270
2025-09-07,4,24.1,99,0.7,360
2025-09-07,5,23.9,100,0.7,320
2025-09-07,6,23.6,100,0.4,0
2025-09-07,7,23.5,100,0.8,160
2025-09-07,8,23.6,100,0.6,230
2025-09-07,9,24.4,99,1,160
2025-09-07,10,24.8,95,0.9,200
2025-09-07,11,25.7,91,0.7,200
2025-09-07,12,27.2,83,1.8,200
2025-09-07,13,27.9,79,1.5,250
2025-09-07,14,28.5,77,1.8,230
2025-09-07,15,28.7,75,1.7,230
2025-09-07,16,28.6,77,1.8,250
2025-09-07,17,29,73,1.1,230
2025-09-07,18,28.4,77,1.2,250
2025-09-07,19,27.1,85,0.4,0
2025-09-07,20,26.2,90,0.6,160
2025-09-07,21,25.2,98,0,0
2025-09-07,22,24,100,0.2,0
2025-09-07,23,22.8,100,0.2,0
2025-09-08,0,22.2,100,0.3,0
2025-09-08,1,21.6,100,0.1,0
2025-09-08,2,22,100,0.5,250
2025-09-08,3,21.7,100,0.2,0
2025-09-08,4,21.1,100,0.2,0
2025-09-08,5,20.6,100,0.6,20
2025-09-08,6,20.1,100,0.5,270
2025-09-08,7,20.4,100,0.5,200
2025-09-08,8,21.1,95,0.8,290
2025-09-08,9,22.4,84,1,290
2025-09-08,10,24.4,69,0.8,160
2025-09-08,11,25.6,65,0.8,230
2025-09-08,12,25.9,61,0.8,270
2025-09-08,13,25.8,64,1.7,250
2025-09-08,14,26.1,63,1.6,270
2025-09-08,15,26,56,1.7,270
2025-09-08,16,25.9,64,1.3,270
2025-09-08,17,25.3,69,1.3,270
2025-09-08,18,24.8,70,1,270
2025-09-08,19,23.7,75,0.6,230
2025-09-08,20,23.2,81,1,200
2025-09-08,21,22.1,96,0.5,110
2025-09-08,22,19.9,93,0.8,20
2025-09-08,23,19.9,99,0.1,0
2025-09-09,0,20.4,96,0.5,20
2025-09-09,1,20.5,95,0.4,0
2025-09-09,2,20,91,0.7,290
2025-09-09,3,19.9,89,0.2,0
2025-09-09,4,19.5,90,0.4,0
2025-09-09,5,19.6,87,0.7,200
2025-09-09,6,19.4,95,0.5,270
2025-09-09,7,19.4,98,1,230
2025-09-09,8,18.7,95,1.4,180
2025-09-09,9,19.1,94,1,230
2025-09-09,10,19.9,92,0.6,320
2025-09-09,11,20.6,90,1.3,50
2025-09-09,12,21.1,87,1,200
2025-09-09,13,20.4,93,0.5,230
2025-09-09,14,20.4,100,0.7,200
2025-09-09,15,20.2,95,0.5,290
2025-09-09,16,20.1,97,0.5,200
2025-09-09,17,20.4,97,0.8,320
2025-09-09,18,20,100,1,20
2025-09-09,19,19.7,100,0.5,20
2025-09-09,20,19.6,100,0.7,340
2025-09-09,21,19.8,100,0.4,0
2025-09-09,22,19.7,100,0.4,0
2025-09-09,23,19.6,100,0.5,20
2025-09-10,0,19.4,100,0.6,340
2025-09-10,1,19.5,100,0.6,20
2025-09-10,2,19.4,100,0.9,20
2025-09-10,3,19.3,100,1.3,360
2025-09-10,4,19.4,100,0.5,340
2025-09-10,5,19.3,100,0.6,50
2025-09-10,6,19.3,100,0.5,20
2025-09-10,7,19.6,100,0.2,0
2025-09-10,8,20.4,99,1.3,360
2025-09-10,9,22,88,1.2,20
2025-09-10,10,23.5,79,0.7,20
2025-09-10,11,26.2,71,1.2,160
2025-09-10,12,26.4,65,2.4,50
2025-09-10,13,26.6,63,2.6,50
2025-09-10,14,27.4,60,2,90
2025-09-10,15,28.5,56,2.2,110
2025-09-10,16,29.5,53,1.4,110
2025-09-10,17,28.8,52,1.7,70
2025-09-10,18,26.7,66,1.2,180
2025-09-10,19,25.1,72,0.7,160
2025-09-10,20,22.9,85,0.4,0
2025-09-10,21,21,92,0.7,50
2025-09-10,22,20,95,1,70
2025-09-10,23,19.2,96,0.8,90
2025-09-11,0,18.3,100,0.5,50
2025-09-11,1,17.6,100,0.4,0
2025-09-11,2,17.1,100,0,0
2025-09-11,3,16.8,100,0.2,0
2025-09-11,4,16.3,100,0.3,0
2025-09-11,5,16.1,100,0,0
2025-09-11,6,15.9,100,0.1,0
2025-09-11,7,16.5,100,0.5,230
2025-09-11,8,18,100,0.4,0
2025-09-11,9,21.8,84,1,250
2025-09-11,10,26.7,60,2.1,110
2025-09-11,11,27.8,56,2.5,90
2025-09-11,12,29.6,50,3.2,70
2025-09-11,13,29.3,49,3,110
2025-09-11,14,30,47,3.2,90
2025-09-11,15,29.5,46,2.7,70
2025-09-11,16,30.4,45,1.6,70
2025-09-11,17,28.6,50,1.8,90
2025-09-11,18,27.4,54,2.3,90
2025-09-11,19,25.1,62,1.2,90
2025-09-11,20,22,78,0.8,70
2025-09-11,21,21.3,77,1.3,70
2025-09-11,22,20.4,81,0.2,0
2025-09-11,23,19.8,87,0.3,0
2025-09-12,0,18.9,93,0.1,0
2025-09-12,1,18.6,95,0.3,0
2025-09-12,2,18.4,98,0.2,0
2025-09-12,3,18.6,98,0.1,0
2025-09-12,4,18.8,97,0.2,0
2025-09-12,5,18.8,97,0.3,0
2025-09-12,6,18.7,98,0.2,0
2025-09-12,7,19.2,97,0,0
2025-09-12,8,19.9,95,0.5,200
2025-09-12,9,21,87,0.7,290
2025-09-12,10,24.8,74,1.6,270
2025-09-12,11,25.9,69,0.8,90
2025-09-12,12,26,70,2.1,50
2025-09-12,13,25.9,70,1.8,70
2025-09-12,14,26.4,69,1.5,90
2025-09-12,15,26.5,68,2.6,70
2025-09-12,16,25.7,70,2,50
2025-09-12,17,22.8,97,1,70
2025-09-12,18,22.3,99,0.6,340
2025-09-12,19,21.9,100,1.1,50
2025-09-12,20,21.9,100,0.7,270
2025-09-12,21,21.7,100,0.2,0
2025-09-12,22,21.6,100,0.7,20
2025-09-12,23,21.5,100,0.1,0
2025-09-13,0,21.4,100,0.1,0
2025-09-13,1,21.4,100,0.1,0
2025-09-13,2,21.5,100,0,0
2025-09-13,3,21.6,100,0,0
2025-09-13,4,21.5,100,0.4,0
2025-09-13,5,21.6,100,0.7,360
2025-09-13,6,21.6,100,0.4,0
2025-09-13,7,21.7,100,0.1,0
2025-09-13,8,22,100,0.7,230
2025-09-13,9,22.6,100,0.5,200
2025-09-13,10,25.3,98,2,250
2025-09-13,11,26.5,88,1.6,230
2025-09-13,12,26.5,91,1.3,320
2025-09-13,13,25.8,95,1.6,290
2025-09-13,14,26.4,93,1.1,180
2025-09-13,15,26.8,91,0.7,180
2025-09-13,16,29.2,75,1.7,200
2025-09-13,17,28.6,77,1,200
2025-09-13,18,26.8,86,0,0
2025-09-13,19,26,96,1.2,320
2025-09-13,20,24.6,93,1.4,200
2025-09-13,21,23.5,96,1.5,290
2025-09-13,22,22.5,92,0.7,140
2025-09-13,23,21,99,2,180
2025-09-14,0,20.8,100,0.8,180
2025-09-14,1,20.8,100,0.8,270
2025-09-14,2,20.7,100,0.5,340
2025-09-14,3,20.7,100,0,0
2025-09-14,4,20.6,100,0.7,20
2025-09-14,5,20.6,100,0.3,0
2025-09-14,6,20.6,100,0.4,0
2025-09-14,7,20.7,100,0.5,90
2025-09-14,8,21.6,95,0.6,250
2025-09-14,9,22.1,90,0.5,20
2025-09-14,10,22.9,85,0.3,0
2025-09-14,11,24.2,81,0.9,340
2025-09-14,12,25.4,76,1.5,340
2025-09-14,13,26.8,68,2,320
2025-09-14,14,27.7,67,1.7,250
2025-09-14,15,26.9,67,1.5,270
2025-09-14,16,27.7,67,1.3,250
2025-09-14,17,27.3,69,1.1,230
2025-09-14,18,25.7,75,0.3,0
2025-09-14,19,24.3,87,0.2,0
2025-09-14,20,23.2,95,0.4,0
2025-09-14,21,22.7,99,0.1,0
2025-09-14,22,22.2,100,0.2,0
2025-09-14,23,21.9,100,0,0
2025-09-15,0,21.3,100,0.2,0
2025-09-15,1,21.2,100,0.1,0
2025-09-15,2,20.9,100,0.2,0
2025-09-15,3,20.8,100,0.1,0
2025-09-15,4,20.9,100,0.2,0
2025-09-15,5,20.8,100,0.3,0
2025-09-15,6,20.6,100,0.1,0
2025-09-15,7,20.5,100,0.5,160
2025-09-15,8,21.1,100,0.5,320
2025-09-15,9,22.1,100,0.3,0
2025-09-15,10,24,92,0.5,50
2025-09-15,11,26.8,74,0.3,0
2025-09-15,12,27.6,67,0.9,110
2025-09-15,13,29.1,59,1,320
2025-09-15,14,30,55,1,200
2025-09-15,15,30.4,48,1.2,320
2025-09-15,16,30.1,54,1,250
2025-09-15,17,28.7,67,1.4,200
2025-09-15,18,27.7,73,0.5,200
2025-09-15,19,26,83,0.7,90
2025-09-15,20,25.7,85,0.5,180
2025-09-15,21,24.1,96,0.1,0
2025-09-15,22,23.6,97,0.5,50
2025-09-15,23,23,100,0.6,340
2025-09-16,0,22.6,100,0,0
2025-09-16,1,22.4,100,0.2,0
2025-09-16,2,22.6,100,0.5,290
2025-09-16,3,22.6,100,0.5,180
2025-09-16,4,22.1,100,0.1,0
2025-09-16,5,22,100,0.5,360
2025-09-16,6,22.2,100,0.1,0
2025-09-16,7,22.7,100,0.8,180
2025-09-16,8,24.3,93,0.3,0
2025-09-16,9,26.4,84,0.9,180
2025-09-16,10,27.8,76,1,250
2025-09-16,11,29.6,68,1.5,200
2025-09-16,12,30.1,67,1.9,250
2025-09-16,13,30.9,64,1.9,320
2025-09-16,14,31.9,60,2.3,270
2025-09-16,15,32.4,57,2.1,230
2025-09-16,16,32.5,56,2.7,230
2025-09-16,17,28.4,78,0.7,70
2025-09-16,18,27.5,89,0.7,360
2025-09-16,19,26,97,0.5,20
2025-09-16,20,25.5,90,0.6,50
2025-09-16,21,24.4,97,0.4,0
2025-09-16,22,24.1,99,0.4,0
2025-09-16,23,23.7,100,0.3,0
2025-09-17,0,23.7,100,0.5,320
2025-09-17,1,23.4,100,0.5,340
2025-09-17,2,23,100,0.1,0
2025-09-17,3,22.6,100,0.2,0
2025-09-17,4,22.3,100,0.4,0
2025-09-17,5,22.2,100,0.1,0
2025-09-17,6,22.4,100,0.1,0
2025-09-17,7,22.7,100,0.5,250
2025-09-17,8,23.4,100,0.4,0
2025-09-17,9,26.7,85,0.6,340
2025-09-17,10,29.1,72,1.4,270
2025-09-17,11,30.6,64,1.7,200
2025-09-17,12,30.9,64,1.5,270
2025-09-17,13,30.2,67,1.9,290
2025-09-17,14,25.8,75,3.2,320
2025-09-17,15,23,98,1.4,180
2025-09-17,16,23.6,93,0.7,230
2025-09-17,17,23.8,93,1.2,340
2025-09-17,18,23.7,94,0.7,230
2025-09-17,19,23.2,99,0.7,200
2025-09-17,20,23.3,99,0.6,180
2025-09-17,21,22.9,100,0.5,230
2025-09-17,22,22.3,100,0.4,0
2025-09-17,23,22.5,100,0,0
2025-09-18,0,23.2,89,2.1,270
2025-09-18,1,22.1,96,0.8,230
2025-09-18,2,21.5,100,0,0
2025-09-18,3,21.6,100,0.7,320
2025-09-18,4,21.8,100,0.2,0
2025-09-18,5,21,95,1,90
2025-09-18,6,20.7,95,0.3,0
2025-09-18,7,21.1,90,0.1,0
2025-09-18,8,21.5,89,0.6,70
2025-09-18,9,22,86,1,20
2025-09-18,10,22.1,77,2.8,70
2025-09-18,11,22.1,75,1.4,70
2025-09-18,12,21.9,72,2.8,90
2025-09-18,13,21.8,70,2.1,70
2025-09-18,14,22.8,65,2.1,70
2025-09-18,15,22.8,64,2.6,70
2025-09-18,16,22.9,61,2.2,70
2025-09-18,17,22.7,63,1.5,90
2025-09-18,18,22.1,63,1,90
2025-09-18,19,19.5,79,0.4,0
2025-09-18,20,18.1,87,0.9,50
2025-09-18,21,17.4,91,0.3,0
2025-09-18,22,16.7,94,0.4,0
2025-09-18,23,16.7,97,0.3,0
2025-09-19,0,16.4,98,0.7,50
2025-09-19,1,16.5,99,0,0
2025-09-19,2,16.7,98,0,0
2025-09-19,3,17.1,96,0.4,0
2025-09-19,4,17.3,95,0.3,0
2025-09-19,5,17.4,97,0.1,0
2025-09-19,6,17.6,96,0.1,0
2025-09-19,7,17.7,97,0.4,0
2025-09-19,8,18.8,90,0.3,0
2025-09-19,9,20.3,77,0.1,0
2025-09-19,10,21.4,70,0.9,340
2025-09-19,11,22.6,58,1.8,70
2025-09-19,12,23.3,59,1.5,180
2025-09-19,13,23.4,60,1.2,200
2025-09-19,14,23.6,56,1.5,70
2025-09-19,15,23.4,59,1.5,70
2025-09-19,16,22.7,64,1.6,90
2025-09-19,17,22.3,67,1.8,90
2025-09-19,18,21.7,69,1.4,90
2025-09-19,19,21.3,71,0.9,90
2025-09-19,20,20.5,79,0.1,0
2025-09-19,21,20,82,0.5,50
2025-09-19,22,19.8,85,0.4,0
2025-09-19,23,19.7,84,0.3,0
2025-09-20,0,19.6,87,0.4,0
2025-09-20,1,18.8,99,0.5,340
2025-09-20,2,18.4,100,0.1,0
2025-09-20,3,18.2,100,0.2,0
2025-09-20,4,18.6,100,0.4,0
2025-09-20,5,18.6,100,0.6,140
2025-09-20,6,18.6,100,0.3,0
2025-09-20,7,19,100,1.6,340
2025-09-20,8,18.8,100,3.6,340
2025-09-20,9,19.3,100,0.7,250
2025-09-20,10,20.8,96,0.9,230
2025-09-20,11,22.6,88,1.3,230
2025-09-20,12,23.4,79,3,320
2025-09-20,13,23.6,79,2.4,320
2025-09-20,14,24,74,2.7,270
2025-09-20,15,24.6,69,2.4,270
2025-09-20,16,24.1,67,2.9,290
2025-09-20,17,23.6,70,1.8,320
2025-09-20,18,22.8,73,1.5,320
2025-09-20,19,20.3,93,0.1,0
2025-09-20,20,19.2,99,0,0
2025-09-20,21,18.8,100,0.3,0
2025-09-20,22,18.2,100,0.5,340
2025-09-20,23,17.7,100,0.2,0
2025-09-21,0,17.5,100,0.3,0
2025-09-21,1,17.4,100,0.4,0
2025-09-21,2,17.7,100,0.1,0
2025-09-21,3,17.6,100,0.2,0
2025-09-21,4,17.7,100,0,0
2025-09-21,5,17.4,100,0,0
2025-09-21,6,17.3,100,0.3,0
2025-09-21,7,17.9,100,0.2,0
2025-09-21,8,20.8,81,0.5,50
2025-09-21,9,22.5,65,1.7,70
2025-09-21,10,23.3,58,3.2,70
2025-09-21,11,24.2,56,3.1,50
2025-09-21,12,25.4,51,2.3,90
2025-09-21,13,24.9,54,2.8,70
2025-09-21,14,24.6,53,2.1,90
2025-09-21,15,25,53,3.8,90
2025-09-21,16,25.1,51,3.4,90
2025-09-21,17,24.4,55,2.9,70
2025-09-21,18,22.5,60,3.1,50
2025-09-21,19,21.1,65,1.7,70
2025-09-21,20,19.6,69,0.7,20
2025-09-21,21,17.9,79,0.4,0
2025-09-21,22,16.9,88,0,0
2025-09-21,23,15.9,94,0,0
2025-09-22,0,15.4,97,0.7,50
2025-09-22,1,15.3,99,0.1,0
2025-09-22,2,15.4,98,0.2,0
2025-09-22,3,15.2,99,0.1,0
2025-09-22,4,15.3,100,0.3,0
2025-09-22,5,15.4,100,0.4,0
2025-09-22,6,15.7,98,0.4,0
2025-09-22,7,15.5,99,0,0
2025-09-22,8,16.4,95,0.5,340
2025-09-22,9,19,82,0.1,0
2025-09-22,10,21.3,74,0.9,200
2025-09-22,11,22.4,70,0.9,230
2025-09-22,12,24.3,54,2,110
2025-09-22,13,25.3,48,2.8,110
2025-09-22,14,25,48,2.2,110
2025-09-22,15,24.2,49,2.4,110
2025-09-22,16,23.4,53,2.1,110
2025-09-22,17,22.6,57,1.3,110
2025-09-22,18,21.8,59,1.5,110
2025-09-22,19,19.6,76,0.4,0
2025-09-22,20,18,83,0.1,0
2025-09-22,21,17.3,88,0.4,0
2025-09-22,22,17.1,89,0.6,50
2025-09-22,23,16.9,93,0,0
2025-09-23,0,16.5,95,0.2,0
2025-09-23,1,16.1,97,0.3,0
2025-09-23,2,16.3,96,0.1,0
2025-09-23,3,16.3,97,0,0
2025-09-23,4,16.3,99,0,0
2025-09-23,5,16.2,99,0.3,0
2025-09-23,6,16.4,96,0.4,0
2025-09-23,7,16.6,98,0.2,0
2025-09-23,8,17.9,90,0.2,0
2025-09-23,9,19.2,82,0.7,270
2025-09-23,10,21,73,0.9,230
2025-09-23,11,22.9,65,0.8,180
2025-09-23,12,24.5,57,1.3,110
2025-09-23,13,26.1,52,2.6,90
2025-09-23,14,25.3,53,2.4,90
2025-09-23,15,26.2,50,1.7,110
2025-09-23,16,26.2,45,2.9,90
2025-09-23,17,25.5,50,2,110
2025-09-23,18,23.6,56,2.1,110
2025-09-23,19,22,64,1.1,70
2025-09-23,20,19.9,76,0.1,0
2025-09-23,21,18.2,87,0.1,0
2025-09-23,22,17.6,90,0.4,0
2025-09-23,23,16.9,94,0.2,0
2025-09-24,0,17.1,93,0.6,360
2025-09-24,1,16.9,96,0.1,0
2025-09-24,2,17.3,95,0.1,0
2025-09-24,3,17.7,94,0.4,0
2025-09-24,4,18.2,92,0.3,0
2025-09-24,5,17.9,95,0.5,270
2025-09-24,6,18.1,94,0,0
2025-09-24,7,18.3,93,0.1,0
2025-09-24,8,19.7,88,0.3,0
2025-09-24,9,21.1,81,0.2,0
2025-09-24,10,22.3,77,0.3,0
2025-09-24,11,23.1,76,0.5,250
2025-09-24,12,24.5,74,0.6,200
2025-09-24,13,25.4,70,1.2,320
2025-09-24,14,26.8,70,1.7,250
2025-09-24,15,27.7,70,1.6,230
2025-09-24,16,27,74,1.2,270
2025-09-24,17,26.8,77,0.7,250
2025-09-24,18,25.8,81,0.3,0
2025-09-24,19,25.1,84,0.3,0
2025-09-24,20,24.3,89,0.8,200
2025-09-24,21,23.2,99,0.9,340
2025-09-24,22,22.9,100,0.3,0
2025-09-24,23,22.5,100,0.3,0
2025-09-25,0,22.4,100,0,0
2025-09-25,1,21.9,100,0.5,320
2025-09-25,2,21.7,100,0.5,360
2025-09-25,3,21.6,100,0,0
2025-09-25,4,21.8,100,0,0
2025-09-25,5,21.7,100,0.2,0
2025-09-25,6,21.8,100,0.7,180
2025-09-25,7,22,100,0.8,140
2025-09-25,8,22.3,100,0,0
2025-09-25,9,22.6,100,0.4,0
2025-09-25,10,23.1,100,1.1,200
2025-09-25,11,23.9,97,1.2,230
2025-09-25,12,24.4,95,1.3,200
2025-09-25,13,25.8,84,1,230
2025-09-25,14,25.9,78,1.7,250
2025-09-25,15,25.7,79,0.9,270
2025-09-25,16,25.3,83,1.3,200
2025-09-25,17,25.4,85,0.6,200
2025-09-25,18,24.1,96,1.1,360
2025-09-25,19,23.5,100,0.1,0
2025-09-25,20,23.3,100,0.3,0
2025-09-25,21,23,100,0.4,0
2025-09-25,22,22.8,100,0.4,0
2025-09-25,23,22.4,100,0.2,0
2025-09-26,0,21.3,100,0,0
2025-09-26,1,21,100,0.5,200
2025-09-26,2,19.9,100,0.2,0
2025-09-26,3,19.6,100,0.1,0
2025-09-26,4,19.4,100,0.3,0
2025-09-26,5,18.6,100,0.3,0
2025-09-26,6,18.2,100,0.4,0
2025-09-26,7,18.3,100,0.5,20
2025-09-26,8,18.3,100,0.6,360
2025-09-26,9,18.7,100,0.2,0
2025-09-26,10,21.7,89,0.5,250
2025-09-26,11,23.8,68,1,270
2025-09-26,12,25.6,64,0.9,50
2025-09-26,13,25.5,60,1.5,290
2025-09-26,14,26.7,58,2,270
2025-09-26,15,26.2,58,1.5,250
2025-09-26,16,26.4,50,1.3,290
2025-09-26,17,24.6,67,0.8,230
2025-09-26,18,22.6,80,0.5,90
2025-09-26,19,20,93,0.2,0
2025-09-26,20,18.5,99,0.3,0
2025-09-26,21,17.8,100,0.4,0
2025-09-26,22,17.3,100,0.2,0
2025-09-26,23,17.1,100,0,0
2025-09-27,0,17,100,0.4,0
2025-09-27,1,17.1,100,0.4,0
2025-09-27,2,17.7,100,0.5,70
2025-09-27,3,17.6,100,0.3,0
2025-09-27,4,17.7,100,0.3,0
2025-09-27,5,17.7,100,0.4,0
2025-09-27,6,16.8,100,0.3,0
2025-09-27,7,16.5,100,0.1,0
2025-09-27,8,18.5,99,0.8,20
2025-09-27,9,21.8,79,0.3,0
2025-09-27,10,24.1,64,0.9,20
2025-09-27,11,26,52,1.4,140
2025-09-27,12,27.1,52,1.7,160
2025-09-27,13,27.9,53,1.7,230
2025-09-27,14,28.7,48,1.6,230
2025-09-27,15,27.8,51,2.3,230
2025-09-27,16,26.8,56,1.2,200
2025-09-27,17,25.6,59,0.9,200
2025-09-27,18,24,68,0.3,0
2025-09-27,19,22.5,77,0.3,0
2025-09-27,20,20.2,90,0.4,0
2025-09-27,21,19,95,0.1,0
2025-09-27,22,18.3,97,0.2,0
2025-09-27,23,18.2,98,0.2,0
2025-09-28,0,18.5,96,0.3,0
2025-09-28,1,18.5,97,0.3,0
2025-09-28,2,18.3,100,0,0
2025-09-28,3,18,100,0.1,0
2025-09-28,4,18.5,99,0.2,0
2025-09-28,5,18.6,99,0.2,0
2025-09-28,6,18.9,98,0.2,0
2025-09-28,7,19.1,99,0,0
2025-09-28,8,19.6,96,0.6,320
2025-09-28,9,20.6,89,0,0
2025-09-28,10,21.4,84,0.7,320
2025-09-28,11,21.6,91,0.6,230
2025-09-28,12,21.9,95,0.6,180
2025-09-28,13,20.8,97,1,200
2025-09-28,14,20.8,98,0.6,340
2025-09-28,15,20.9,99,0.4,0
2025-09-28,16,21.5,100,0.4,0
2025-09-28,17,21.4,98,1.4,250
2025-09-28,18,21.1,100,0.5,230
2025-09-28,19,20.9,100,0.4,0
2025-09-28,20,20.1,100,0.3,0
2025-09-28,21,19.9,100,0.2,0
2025-09-28,22,19.5,100,0.2,0
2025-09-28,23,19.3,100,0.2,0
2025-09-29,0,19.3,100,0.8,340
2025-09-29,1,19,100,0.2,0
2025-09-29,2,18.6,100,0.1,0
2025-09-29,3,18.7,100,0.4,0
2025-09-29,4,18.4,100,0.1,0
2025-09-29,5,18.4,100,0.1,0
2025-09-29,6,18.2,100,0.8,140
2025-09-29,7,18.1,100,0,0
2025-09-29,8,18.7,100,0.6,230
2025-09-29,9,20.3,89,0.5,200
2025-09-29,10,21.6,73,0.5,180
2025-09-29,11,23.1,70,0.9,50
2025-09-29,12,23.3,62,1.2,20
2025-09-29,13,24.5,60,1.1,320
2025-09-29,14,24.8,56,1.5,290
2025-09-29,15,25.3,51,1.8,270
2025-09-29,16,25.6,49,1.7,250
2025-09-29,17,24.9,51,1.9,250
2025-09-29,18,22.6,65,0.8,230
2025-09-29,19,20,81,0.6,160
2025-09-29,20,18.7,90,0.4,0
2025-09-29,21,17.7,98,0,0
2025-09-29,22,17,100,0.5,50
2025-09-29,23,16.3,100,0.4,0
2025-09-30,0,15.8,100,0.5,50
2025-09-30,1,15.5,100,0.7,50
2025-09-30,2,15.1,100,0,0
2025-09-30,3,14.6,100,0,0
2025-09-30,4,14.1,100,0.1,0
2025-09-30,5,13.8,100,0.3,0
2025-09-30,6,13.7,100,0,0
2025-09-30,7,14.1,100,0.1,0
2025-09-30,8,14.9,100,0.4,0
2025-09-30,9,17.3,88,0.5,270
2025-09-30,10,19.8,76,0.5,340
2025-09-30,11,21.4,69,0.8,290
2025-09-30,12,23.5,62,1,270
2025-09-30,13,24.8,60,0.9,90
2025-09-30,14,25.4,56,1.7,230
2025-09-30,15,24.8,56,1.1,270
2025-09-30,16,25.5,55,2.1,230
2025-09-30,17,24.4,57,1.4,320
2025-09-30,18,21.7,76,0.6,360
2025-09-30,19,20.6,81,0.5,70
2025-09-30,20,19.1,92,0.1,0
2025-09-30,21,18,97,0.4,0
2025-09-30,22,17.8,98,0,0
2025-09-30,23,17.3,100,0.4,0