DATES:2025-05-01,2025-05-02,2025-05-03,2025-05-04,2025-05-05,2025-05-06,2025-05-07,2025-05-08,2025-05-09,2025-05-10,2025-05-11,2025-05-12,2025-05-13,2025-05-14,2025-05-15,2025-05-16,2025-05-17,2025-05-18,2025-05-19,2025-05-20,2025-05-21,2025-05-22,2025-05-23,2025-05-24,2025-05-25,2025-05-26,2025-05-27,2025-05-28,2025-05-29,2025-05-30,2025-05-31,2025-06-01,2025-06-02,2025-06-03,2025-06-04,2025-06-05,2025-06-06,2025-06-07,2025-06-08,2025-06-09,2025-06-10,2025-06-11,2025-06-12,2025-06-13,2025-06-14,2025-06-15,2025-06-16,2025-06-17,2025-06-18,2025-06-19,2025-06-20,2025-06-21,2025-06-22,2025-06-23,2025-06-24,2025-06-25,2025-06-26,2025-06-27,2025-06-28,2025-06-29,2025-06-30,2025-07-01,2025-07-02,2025-07-03,2025-07-04,2025-07-05,2025-07-06,2025-07-07,2025-07-08,2025-07-09,2025-07-10,2025-07-11,2025-07-12,2025-07-13,2025-07-14,2025-07-15,2025-07-16,2025-07-17,2025-07-18,2025-07-19,2025-07-20,2025-07-21,2025-07-22,2025-07-23,2025-07-24,2025-07-25,2025-07-26,2025-07-27,2025-07-28,2025-07-29,2025-07-30,2025-07-31,2025-08-01,2025-08-02,2025-08-03,2025-08-04,2025-08-05,2025-08-06,2025-08-07,2025-08-08,2025-08-09,2025-08-10,2025-08-11,2025-08-12,2025-08-13,2025-08-14,2025-08-15,2025-08-16,2025-08-17,2025-08-18,2025-08-19,2025-08-20,2025-08-21,2025-08-22,2025-08-23,2025-08-24,2025-08-25,2025-08-26,2025-08-27,2025-08-28,2025-08-29,2025-08-30,2025-08-31,2025-09-01,2025-09-02,2025-09-03,2025-09-04,2025-09-05,2025-09-06,2025-09-07,2025-09-08,2025-09-09,2025-09-10,2025-09-11,2025-09-12,2025-09-13,2025-09-14,2025-09-15,2025-09-16,2025-09-17,2025-09-18,2025-09-19,2025-09-20,2025-09-21,2025-09-22,2025-09-23,2025-09-24,2025-09-25,2025-09-26,2025-09-27,2025-09-28,2025-09-29,2025-09-30
d,s,mx,mn,ng,hm,ws,pr,hw,tn,er,pw
0,130,19.8,12.7,11,64.3,2.6,7.3,,,0,SW
0,138,24.2,15.1,11.4,58.3,3.8,19.4,,,0,SW
0,143,23.6,11,10.5,63.3,1.9,28.1,,,0.2,S
0,152,22.5,12.9,10.2,72.9,3.3,12.6,,,0,S
0,159,20.6,13.2,10.4,81.1,4.9,18.9,,,0,SW
0,162,20.3,11.3,9.1,88.3,3.7,25,,,0.1,S
0,257,23.7,10,9.6,81.1,2.4,22.7,,,0,SW
0,271,21.3,3.4,4.2,80.6,1.2,22.2,,,0.1,S
0,278,24.3,5.4,6.9,76,1.6,30.2,,,0,SW
0,285,23.5,7.8,7.5,86.4,1,41,,,0.1,SW
0,288,23.3,8.9,8.6,74.7,1.8,14,,,0.1,S
0,311,18.1,5,2.8,79.4,0.6,31.5,,,0.2,S
0,800,20.6,9.6,11.3,73.4,4.2,13.5,,,0.1,S
0,804,25.3,14,10.9,59.9,4.9,22.5,,,0,SW
0,808,22,12.9,11.2,73.1,3.9,16.5,,,0,S
0,828,23.3,12.6,7.8,79.9,3,36.5,,,0,S
0,830,26,5.4,10.3,65.7,2.3,28,,,0.1,SW
0,843,24.3,11.5,9.2,57,2.2,11,,,0.1,W
0,845,24.3,8.5,7.2,68.9,1.2,37,,,0.3,S
0,846,22.9,11.6,8.3,68.7,2.1,32,,,0.1,SW
0,852,19,12.4,10.7,69.4,3.8,6.5,,,0,S
0,860,23.7,12.8,10.6,62.5,1.5,31,,,0.2,NW
0,905,22.2,9.8,7.4,76.3,2.4,22.5,,,0.1,S
0,915,22.6,6.1,5.1,91.7,2.1,35,,,0,W
0,922,20.8,7.8,6.5,80.7,1.4,31.5,,,0.4,SE
0,927,23.1,6.9,6.6,78.7,2.3,29.5,,,0.2,SW
0,935,22.5,6.4,5.9,80,1.8,30.5,,,0.3,SW
0,991,23.3,11.2,7.1,74.2,3.3,40,,,0.1,W
0,992,22.8,8,6.2,78.3,2.2,33.5,,,0.2,SW
0,995,22.8,13.7,10,65.5,2.4,15,,,0,SW
1,130,18.2,10.7,9.6,59.4,2.4,7.3,,,0.4,SW
1,138,21.1,11.4,12,55,3.1,19.4,,,0.2,W
1,143,20.9,10.5,10.7,44.2,3.5,28.1,,,0,W
1,152,20.9,10.2,11.4,52.9,3,12.6,,,0.1,NW
1,159,21.2,10.4,14.2,54.8,3.3,19,,,0.1,SW
1,162,20,9.1,13.2,61,2.8,25,,,0.1,NE
1,257,23.2,9.6,13.2,60.1,1.9,22.7,,,0.1,W
1,271,17.5,4.2,7.5,66.5,1.7,22.2,,,0,NW
1,278,20.3,6.9,9.8,58.2,2.2,30.2,,,0,W
1,285,22.9,7.5,10.9,54.8,1.5,41,,,0,SW
1,288,23.6,8.6,12.1,52.4,2.1,14,,,0.1,NW
1,311,16.5,2.8,7.2,61.2,1.3,31.5,,,0.3,S
1,800,19.4,10.7,10.5,58.4,3.1,13.5,,,0.3,E
1,804,20.5,10.9,10.4,58.6,3.8,22.5,,,0.2,W
1,808,20.6,11.2,11.3,61.7,3.2,16.5,,,0.2,W
1,828,22,7.8,10.4,62.5,1.7,36.5,,,0.1,N
1,830,21.2,10.3,10.2,50.9,3.4,28,,,0.1,W
1,843,17.6,8.4,8.4,60.2,2.8,11,,,0.3,W
1,845,21.2,7.2,10.2,50.6,1.7,37,,,0,NW
1,846,20.5,8.3,9.4,48.9,2.6,32,,,0,W
1,852,16.9,10.7,9.9,58.7,2.4,6.5,,,0.4,SW
1,860,21.2,10.6,10.6,43.7,1.6,31,,,0.2,NW
1,905,22.5,7.4,10.7,53.7,2.1,22.5,,,0,W
1,915,21.8,5.1,10.6,60.1,3,35,,,0.2,NW
1,922,21.6,6.5,10.3,58,1.5,31.5,,,0.2,NW
1,927,21.1,6.6,9.7,59.9,1.7,29.5,,,0.2,W
1,935,22.4,5.9,10.3,57.1,1.8,30.5,,,0.2,SW
1,991,21.1,7.1,10.3,55.2,2.1,40,,,0.2,NW
1,992,20.7,6.2,9.9,61.6,2.3,33.5,,,0.1,NW
1,995,20.7,10,10,60.8,2.9,15,,,0.1,SW
2,130,17.4,9.6,9.9,74.5,2.1,11,,,0,W
2,138,14.5,10.8,9.9,70.1,1.9,10.9,,,0,SW
2,143,15.6,9.8,6.9,71.7,2.1,13.9,,,0.2,W
2,152,13,9.5,9.2,76.2,2.1,9.5,,,0.1,NW
2,159,16.7,11.5,9.6,73.6,2.8,2.4,,,0.2,SW
2,162,17.4,10.7,9.6,76.8,2.8,2.2,,,0.1,NE
2,257,16.3,10.6,7.3,79.1,1.3,2.6,,,0.2,S
2,271,10.6,7.5,3.4,87.8,1,19.9,,,0.1,N
2,278,13.1,9.2,4.2,87.1,0.9,14.2,,,0.1,W
2,285,13.5,8,5.9,90,0.8,12.7,,,0.4,SW
2,288,15.6,8.4,5.3,77.5,1.3,7.8,,,0.3,NW
2,311,10.1,3.7,3.4,89.3,0.6,20.5,,,0.2,S
2,800,15.4,9.8,9.5,76.6,1.9,13.5,,,0.1,W
2,804,14.6,10,9,77.4,2.2,9,,,0.1,S
2,808,14.4,9.9,10.4,75.2,2.4,10.5,,,0,W
2,828,14.4,8.7,4.6,93.1,1.6,11.5,,,0,N
2,830,14.6,9.9,4.7,70.6,2.3,11,,,0,W
2,843,13.8,8.5,6.1,76.3,1.9,15.5,,,0.2,W
2,845,14,8.2,5.8,78.6,0.8,14,,,0.1,W
2,846,14,9,5.5,76,1.4,12.5,,,0.1,W
2,852,17.5,9.8,10.3,73,2.5,13,,,0.1,SW
2,860,15.8,9.7,8.1,70.2,0.9,14.5,,,0.3,NW
2,905,14,10,4.7,77.8,1.5,9.5,,,0.1,NW
2,915,14.2,6.9,2.6,93.4,1.5,6.5,,,0.7,E
2,922,12.5,7.6,3.8,82.8,1.2,10.5,,,0.1,NW
2,927,12.7,6.7,3.4,85.4,1.1,12.5,,,0.2,N
2,935,14.1,7.4,4.8,88.7,1.1,12.5,,,0.1,W
2,991,13.7,7.2,5,86.1,1.2,14.5,,,0.1,NW
2,992,13.8,7.4,4,85.5,1.2,15,,,0.2,NW
2,995,12.9,9.3,8.9,82.3,1.8,9,,,0.1,SW
3,130,23.7,9.9,6.7,38.3,2.8,11,,,0,W
3,138,22.8,9.9,9.9,41,3.6,10.9,,,0,W
3,143,22.6,6.9,6.6,44.8,3,13.9,,,0.1,W
3,152,22,9.2,8.3,44.8,2.7,9.5,,,0,NW
3,159,20.7,9.6,12.4,54.8,2.8,2.4,,,0,S
3,162,20.9,9.6,9.1,58.1,2.7,2.2,,,0,W
3,257,23.7,7.3,7.2,59.5,2,2.6,,,0,SW
3,271,19.4,3.4,0.6,58.7,1.9,19.9,,,0.1,W
3,278,22.2,4.2,3,58.3,2,14.2,,,0.1,W
3,285,23,5.9,4.5,56,1.5,12.7,,,0,SW
3,288,24,5.3,6,56.8,1.7,7.8,,,0.2,W
3,311,18.2,3.4,3,54.1,1.2,20.5,,,0.3,S
3,800,22.8,9.5,6,38.1,3.7,13.5,,,0,W
3,804,21.7,9,6.4,45.9,3.9,9,,,0,W
3,808,22.9,10.4,7.8,45.3,4,10.5,,,0,W
3,828,23.5,4.6,4.8,68.1,1.3,11.5,,,0.2,NW
3,830,22.7,4.7,2.9,47.3,2.9,11,,,0.2,W
3,843,20.6,6.1,4.2,44.1,2.8,15.5,,,0.1,W
3,845,23.1,5.8,5.1,54.7,1.5,14,,,0,W
3,846,22.2,5.5,6.9,50.9,2.2,12.5,,,0,W
3,852,22.5,10.6,9.7,34.1,3.8,13,,,0.1,W
3,860,22.7,8.1,8.2,44.2,1.2,14.5,,,0.4,E
3,905,22.4,4.7,4.9,57.3,2,9.5,,,0.1,NW
3,915,22.3,2.6,2.2,63.7,2.5,6.5,,,0.4,E
3,922,22.1,3.8,3.8,61.7,1.1,10.5,,,0.3,E
3,927,22.3,3.4,2.9,58.6,1.8,12.5,,,0.2,W
3,935,22.7,4.8,3.9,57.5,2.4,0,,,0.2,W
3,991,22.8,5,4.7,61.6,2.3,14.5,,,0,SW
3,992,22.2,4,3,62.5,1.9,15,,,0.1,W
3,995,21.8,8.9,5.9,45.7,3.3,9,,,0,W
4,130,15.3,6.7,9.7,64.7,1.6,0,,,0.1,W
4,138,16.7,9.9,11.7,56,2.2,0.8,,,0.4,NE
4,143,19.5,6.6,10.2,54.5,1.5,2.4,,,0.5,SE
4,152,18.7,8.3,10.1,51.9,1.9,0.8,,,0.4,E
4,159,20,12.3,11.7,48.5,2.3,2.6,,,0.7,E
4,162,19.5,9.1,10.6,65.6,1.6,3.3,,,0.3,NE
4,257,21.9,7.2,10.4,63.2,1.4,1.9,,,0.6,E
4,271,16,0.6,6.2,64.2,0.9,0,,,0.1,NW
4,278,18.4,3,10.3,70.9,0.6,1.4,,,0.2,N
4,285,19.6,4.5,10.3,70.5,0.7,2.7,,,0.2,SW
4,288,21.6,6,11.2,56.6,1.3,1,,,0.3,NE
4,311,15.1,3,6.8,65.6,0.6,3.5,,,0,S
4,800,16.1,6,10.4,66.2,1.9,0.5,,,0.1,S
4,804,17.5,6.4,10.7,65.8,2,1.5,,,0.3,W
4,808,16.6,7.8,12,66.9,1.7,0.5,,,0.3,E
4,828,19.2,4.8,10.7,78.6,0.8,2,,,0,NW
4,830,20.2,2.9,10.5,60.9,1.4,1.5,,,0.4,SE
4,843,16,4.2,7.8,63.8,1.4,0,,,0.3,NW
4,845,20.4,5.1,10.5,61.4,0.6,3,,,0.4,NE
4,846,20.8,6.9,10,57.6,1.4,3,,,0.2,NE
4,852,15.2,9.7,10.5,57,2.5,0,,,0,S
4,860,20.3,8.2,10.8,50.8,1.1,3,,,0.3,NW
4,905,20.1,4.9,9.3,58.2,1.7,3,,,0.4,NW
4,915,18.8,2.2,9.4,79.1,1.3,3,,,0.4,NE
4,922,20.3,3.8,8.9,62.9,1.1,2.5,,,0.3,SE
4,927,20.9,2.9,8.9,62.6,1.1,1.5,,,0.2,S
4,935,19.2,3.9,10.3,70.4,1,3.5,,,0.1,W
4,991,20.6,4.7,10.7,70.4,1.2,2.5,,,0.2,W
4,992,19.2,3,10.3,73.8,1,1.5,,,0.3,SE
4,995,18.5,5.9,9.9,59,1.3,2,,,0.3,SW
5,130,18.2,9.4,5.7,74.6,1.8,0,,,0.2,NW
5,138,14.3,10.9,8.5,74.5,2.1,0.8,,,0.3,NE
5,143,14.1,10.2,9.9,87,1,3.2,,,0.3,SE
5,152,14.8,9.1,6.9,83.4,1.9,9.5,,,0.1,NW
5,159,16.4,11,9.7,78.4,2.3,5.5,,,0.4,NE
5,162,16.4,10.6,9.6,86.2,,3.6,,,0.5,NE
5,257,16.2,9.4,8.2,83.3,2.1,7.3,,,0.8,NE
5,271,16.8,6.2,2.2,64,1.3,0,,,0.2,NW
5,278,15.4,9.4,7,82.2,0.6,1.4,,,0.1,SW
5,285,13.7,10.3,9.4,94.8,0.4,7.3,,,0.4,E
5,288,16.5,9.8,8.6,81.4,1,10.5,,,0.1,NW
5,311,9.2,5.1,3.7,97.7,0.2,3.5,,,0.2,SE
5,800,15.1,9.4,5.6,73.8,2,0.5,,,0.1,NE
5,804,14.4,8.4,6,81,2.5,1.5,,,0.2,NE
5,808,14.1,10.2,9.4,82.8,3,0.5,,,0,N
5,828,14.6,9.5,9.1,99.7,1.3,6.5,,,0,NW
5,830,15.2,6.4,3,77.8,1.2,1.5,,,0.3,NW
5,843,17.6,7.3,6.1,63.5,1.5,0,,,0.2,SE
5,845,14.3,10.4,10.3,89.1,0.5,3,,,0.2,NE
5,846,13.2,10,9.5,88.7,1.5,3,,,0.2,NW
5,852,14.8,10.5,9.1,81.4,3.1,0,,,0.5,NE
5,860,14.1,10.8,10.1,85.2,0.7,3,,,0.5,SE
5,905,15.7,8.4,5.1,86,1.4,5,,,0.4,NW
5,915,12.6,8.6,7.5,98.1,1.1,3,,,0.6,NE
5,922,14.9,8.3,6.3,90.9,0.5,6.5,,,0.2,NW
5,927,15.2,7.6,5.4,91.2,0.9,9,,,0.3,NE
5,935,13.3,9.2,8.6,92.9,1.7,9,,,0,W
5,991,13.8,9,9,92.2,1.4,6,,,0.2,NW
5,992,13.4,9.4,9.4,94.4,0.7,1.5,,,0.3,SE
5,995,13.4,8.5,6.4,90.6,1.8,2,,,0.5,NE
6,130,16.7,5.7,8.4,78.6,1.8,0,,,0.2,W
6,138,19.8,8.5,12.8,65.5,2.5,0,,,0.3,W
6,143,23.7,9.9,11.1,65,1.4,3.2,,,0.3,SE
6,152,19.8,6.9,10.2,74.2,1.6,9.5,,,0.1,S
6,159,19.5,9.7,12.4,73.7,2.3,5.5,,,0,S
6,162,18.4,9.6,10.6,84.2,1.9,3.5,,,0,S
6,257,22.8,8.2,9.3,75.9,1.6,7.3,,,0.1,SW
6,271,20.8,2.2,3.7,66.3,1.4,0,,,0.2,NW
6,278,23.1,7,8.4,71.7,1,0,,,0.3,SE
6,285,22,9.4,8.7,76.3,0.9,7.3,,,0.2,SW
6,288,23.3,8.6,9.2,70.9,1.4,10.5,,,0.2,S
6,311,16.1,3.7,6,85.3,0.5,3,,,0,SE
6,800,17.9,5.6,8.3,75.5,2.3,0,,,0.2,S
6,804,19.4,6,9.3,70.1,2.6,0.5,,,0.4,SW
6,808,18.3,9.4,10.5,75.8,3.3,0,,,0,S
6,828,22.4,9.1,9.1,83.1,1,6.5,,,0.1,S
6,830,22.5,3,7.8,65.9,1.5,0,,,0.5,SE
6,843,18.5,6.1,7.4,66.3,1.9,0,,,0.4,SE
6,845,23.3,10.3,10.1,67.2,1,2,,,0.1,W
6,846,22.2,9.5,10.7,70.1,1.4,1,,,0,W
6,852,16.2,9.1,10,72.2,2.2,0,,,0,S
6,860,22.8,10.1,12.4,64.7,0.9,3,,,0.4,SE
6,905,22.4,5.1,7.3,73.4,1.8,5,,,0.2,NW
6,915,22,7.5,6.4,80.8,1.3,0,,,0.1,W
6,922,21.5,6.3,7.5,72.6,1.1,6.5,,,0.4,SE
6,927,22,5.4,7,74.7,1.4,9,,,0.1,SW
6,935,21.3,8.6,8.3,73.2,1.8,9,,,0.3,SE
6,991,22.2,9.3,8.9,76,1.6,6,,,0,SW
6,992,22.1,9.8,8.8,75.1,1.6,0.5,,,0,SW
6,995,20.5,6.4,9.4,74.9,1.3,0,,,0.2,SW
7,130,19.1,8.4,13.8,71.5,2.1,0,,,0.1,W
7,138,22.7,12.8,13.8,53.1,2.7,0,,,0.2,SW
7,143,25.3,11.1,12.2,53.4,1.6,0,,,0.6,E
7,152,21.1,10.2,12.5,64.2,1.3,0,,,0.1,S
7,159,21.7,12.4,14.7,56.4,1.6,0,,,0.7,E
7,162,22.1,10.6,13.7,68.5,1.4,0,,,0.2,NE
7,257,24.5,9.3,12.2,61.1,1.2,0,,,0.2,SW
7,271,22.8,3.7,10.7,65.7,1.1,0,,,0.2,NW
7,278,25.3,8.4,12,63.9,0.9,0,,,0.1,N
7,285,25,8.7,11.7,68.3,0.9,0,,,0.1,S
7,288,24.6,9.2,13,58.1,1.5,0,,,0.1,S
7,311,19.9,6,9.3,73.3,0.6,0,,,0,SE
7,800,20.2,8.3,12.5,72.9,3.5,0,,,0,S
7,804,22.8,9.3,12,63.4,2.6,0,,,0.2,SW
7,808,20.1,10.5,13.3,67.9,3.1,0,,,0.1,S
7,828,24.4,9.1,11.7,68.8,1.4,0,,,0.1,S
7,830,25.1,7.8,11.4,61.5,1.7,0,,,0.3,SE
7,843,24.9,7.4,12,54.3,1.6,0,,,0.3,SE
7,845,25.2,10.1,12.4,56.8,0.9,0,,,0.3,NE
7,846,24.3,10.7,11.9,54,1.5,0,,,0.1,SW
7,852,18.2,10,13.7,70.4,3.8,0,,,0,S
7,860,25.2,12.4,12.7,50.6,1.1,0,,,0.3,SE
7,905,24,7.3,11.3,61.7,1.5,0,,,0.2,NW
7,915,24.3,6.4,11,74.7,1.6,0,,,0.1,NE
7,922,22.7,7.5,11.5,61.9,1.4,0,,,0.4,SE
7,927,23.7,7,11.1,66.4,1.8,0,,,0.2,SW
7,935,23.9,8.3,11.5,61.5,1.6,0,,,0.3,E
7,991,24.2,8.9,12.1,62.5,1.9,0,,,0,SW
7,992,24.4,8.8,11.8,65.3,1.6,0,,,0.1,SW
7,995,22.5,9.4,11,64.8,1.3,0,,,0.2,SW
8,130,15.9,12.5,12,83.9,1.7,29.9,,,0.1,S
8,138,16.8,13.3,14.3,80,1.8,26,,,0.4,NE
8,143,17.1,12.2,15.1,81.8,2.1,10.2,,,0.6,SE
8,152,16.9,12.5,15.5,89.6,1.6,31.7,,,0.2,SE
8,159,16.7,14.7,14.7,84.7,3.2,38.8,,,0.6,NE
8,162,16.7,13.7,13.9,91.9,2.2,43.5,,,0.4,NE
8,257,18,12.2,15.5,86.4,1.7,24.3,,,0.6,NE
8,271,14.3,10.7,12.3,91.9,0.7,22.4,,,0.1,NW
8,278,16.3,12,14.3,92.3,0.4,18.4,,,0.2,N
8,285,15.9,11.7,15.5,95.1,0.5,28.8,,,0.3,SW
8,288,17,13,15,84.2,0.8,20.8,,,0.2,NW
8,311,13.5,9.3,10.4,94.7,0.3,44.5,,,0.1,N
8,800,15.3,12.5,13.2,86.1,1.5,36.5,,,0.1,S
8,804,14.5,12,13.7,87.5,1.4,27,,,0.4,SW
8,808,16.3,13,13.3,85.1,1.7,31.5,,,0.2,SE
8,828,16.2,11.7,15.1,96.1,1.2,18.5,,,0,NW
8,830,15.3,11.4,14.1,89.8,1.4,23.5,,,0.3,NW
8,843,14.7,12,12.1,85.1,1,30,,,0.4,NW
8,845,16.2,12.4,14.8,85.7,0.8,12.5,,,0.7,NE
8,846,18.3,11.9,14.9,83.7,1.6,12.5,,,0.6,SE
8,852,15,12.4,11.6,85.2,2.6,24.5,,,0,S
8,860,18.3,12.7,15.3,79.6,1.2,10,,,0.9,E
8,905,16.7,11.3,14.9,88.4,0.9,29.5,,,0.1,NW
8,915,16.2,11,13.1,98.3,0.9,38.5,,,0.2,NE
8,922,17.7,11.5,14.5,86.2,1.4,16.5,,,0.3,SE
8,927,18,11.1,15,91.4,1,16.5,,,0.2,NW
8,935,16.5,11.5,14.7,91,1,23.5,,,0.2,NE
8,991,16,12.1,15,92.2,1.2,15.5,,,0,SW
8,992,15.8,11.8,14,94,0.9,16,,,0.3,SW
8,995,14.8,11,13.1,87.8,0.8,23.5,,,0.2,SW
9,130,20.2,11.8,11.9,83.7,2,29.9,,,0.2,W
9,138,20.4,14.7,13.6,66.5,4.1,26,,,0,W
9,143,19.5,14.7,12.7,67.6,3.6,10.2,,,0,W
9,152,20.4,14.3,11.9,61.4,4,31.7,,,0,SW
9,159,18.8,14.7,13.4,71.3,7.4,38.8,,,0,SW
9,162,16.5,13.9,13,75.2,4.7,43.5,,,0,W
9,257,21.5,15.4,13.5,72.8,3.4,24.3,,,0,SW
9,271,13.8,10.4,10.4,93.3,1.6,22.5,,,0,S
9,278,18.1,13,12.1,79.3,2.2,18.4,,,0.1,W
9,285,18.5,14.1,12.1,72.4,2.7,28.8,,,0,W
9,288,20.8,15,11.9,69.3,2.7,20.8,,,0,W
9,311,13.6,8.8,7.9,88.2,0.6,44.5,,,0.3,S
9,800,18.6,13.2,13.1,71.4,4,36.5,,,0.1,SW
9,804,20.2,14.1,13.4,67.3,4.9,27,,,0,SW
9,808,20.9,13.3,13.6,72.3,3.7,31.5,,,0,W
9,828,19.8,14.1,11.5,82,2.4,18.5,,,0,SW
9,830,20.5,13.9,13,69.1,4.4,23.5,,,0,W
9,843,17.5,11.6,11.6,78.6,3.4,30,,,0.1,W
9,845,18.7,14.5,12.4,69.1,2.4,12.5,,,0,W
9,846,20.5,13.8,11.7,71.4,2.5,12.5,,,0,W
9,852,19.7,11,11,86.9,2.9,24.5,,,0.4,NE
9,860,19.2,14.8,13.1,68.2,1.3,10,,,0.7,SE
9,905,20.2,13.7,12.4,67.3,2.5,29.5,,,0,W
9,915,19.3,12.7,10.5,79.8,2.7,38.5,,,0.1,W
9,922,18.6,13.4,9.5,71.2,2.2,16.5,,,0.5,NE
9,927,18.7,13.9,9.8,69,3.8,16.5,,,0,SW
9,935,19.4,14.3,11,66.7,5.1,23.5,,,0,SW
9,991,18.8,14.2,11.2,71.4,4.2,15.5,,,0,SW
9,992,19.2,13.6,11.2,76.4,2.9,0,,,0,SW
9,995,20.1,13.1,13.7,68.9,3.7,23.5,,,0,W
10,130,19.1,12,11.2,78.5,1.9,0,,,0.1,W
10,138,22,13.6,13.9,59.4,2.8,0,,,0,SW
10,143,21.4,12.5,9.4,66.4,1.8,0.3,,,0.2,W
10,152,20.8,11.9,11,66.1,1.8,0,,,0.2,W
10,159,18.9,13.4,13.4,71.3,3.4,0.6,,,0,SW
10,162,19.3,12.7,10.9,76.2,2.5,0,,,0,W
10,257,20.6,10.9,9.8,78,2,3.5,,,0,SW
10,271,17.6,8.5,6.3,87.2,1.1,9.1,,,0.1,S
10,278,21.7,9.2,6.8,76.1,1.1,3.5,,,0.1,SW
10,285,21.2,11.2,7.9,72.2,1.2,0,,,0,SW
10,288,22.7,10.4,8.3,74.9,1.2,3,,,0.1,W
10,311,17,7,5.6,86.1,0.5,1,,,0.2,S
10,800,19.6,12.5,12.5,71.7,3.1,0,,,0,S
10,804,21.7,12.7,12.2,64,2.8,0,,,0.3,W
10,808,21,13.6,13.9,68.3,3.3,0.5,,,0,W
10,828,20.5,10.8,7.9,92.9,1.2,1.5,,,0.1,S
10,830,21.9,9,7.5,65.1,2.9,0.5,,,0,W
10,843,19.7,11,9.4,73.6,2.7,1,,,0,W
10,845,21.5,10.8,8.1,69,0.9,0,,,0.1,W
10,846,20.6,11.7,8.4,70.7,1.5,0.5,,,0,W
10,852,18.8,12.4,12.4,75.8,2.1,0,,,0,W
10,860,21.1,13,10.8,65.9,0.8,0.5,,,0.3,NW
10,905,21.3,9.3,7.5,73.3,2,0,,,0.1,S
10,915,21.3,8.4,5.1,80.4,1.6,0,,,0.3,W
10,922,20.3,8.6,7.9,80.6,0.8,2.5,,,0.2,NE
10,927,21.6,8.7,6.8,76.7,1.5,0,,,0.2,SW
10,935,21,9.5,7.7,75.1,1.8,0,,,0.3,SW
10,991,20.7,11.2,7.9,76.2,1.9,0,,,0,SW
10,992,20.6,9.9,6.6,80.1,1.4,0,,,0.1,S
10,995,21,13.7,14.3,64.1,2.8,0.5,,,0,SW
11,130,26.9,11.2,15.7,45.4,2.4,0,,,0.1,W
11,138,26.1,13.9,15.9,39.6,3,0,,,0,W
11,143,26.5,9.4,11.3,53.9,1.8,0,,,0.1,W
11,152,25.2,11,11,43.7,2.3,0,,,0.1,W
11,159,22.6,13.4,14.8,59,3.4,0.6,,,0,S
11,162,22.1,10.9,13.6,71.9,2.3,0,,,0,S
11,257,24.9,9.8,10.7,67.5,2.4,3.5,,,0,SW
11,271,22.8,6.3,5,69,1.6,1.1,,,0,NW
11,278,25.7,6.8,7,67.1,1.2,3.5,,,0.2,W
11,285,26.7,7.9,9.2,60.6,1.1,0,,,0.1,SW
11,288,26.5,8.3,9,66.2,1.4,3,,,0.1,W
11,311,21.4,5.6,8.2,62.1,0.8,0,,,0.3,S
11,800,26,12.5,10.2,46.9,3.2,0,,,0,W
11,804,25.5,12.2,11.6,42.3,3.4,0,,,0,W
11,808,26.1,13.9,15.6,50.6,3.4,0,,,0,W
11,828,25.2,7.9,10.5,70.5,1.5,1.5,,,0.1,S
11,830,26.2,7.5,7.2,55.9,2.5,0,,,0.2,NW
11,843,24.3,9.4,14.6,49.8,2.5,0,,,0,W
11,845,26.4,8.1,9.7,58.4,1,0,,,0.1,SW
11,846,25.2,8.4,10.8,56.7,1.5,0.5,,,0.1,W
11,852,24.9,13.4,16.2,44,2.5,0,,,0.1,W
11,860,26.3,10.8,13.1,51.5,1,0,,,0.2,NW
11,905,25.1,7.5,8.8,62.5,1.8,0,,,0.1,NW
11,915,25,5.1,6.9,72.2,1.7,0,,,0.2,NE
11,922,24.5,7.9,7.5,68.2,1.1,2.5,,,0.5,E
11,927,25.2,6.8,7,68,1.5,0,,,0.2,SW
11,935,26,7.7,8.3,63.5,1.9,0,,,0.3,SW
11,991,26,7.9,9.8,61.9,1.8,0,,,0.1,SW
11,992,26.1,6.6,8.4,66.8,1,0,,,0.2,SW
11,995,25.1,14.3,11.6,44.6,3.6,0,,,0,W
12,130,30.2,15.7,14.6,35.6,2.6,0,,,0,SW
12,138,29,15.9,17.6,41.8,3.2,0,,,0,SW
12,143,28,11.3,14,55.2,1.4,0,,,0.2,NW
12,152,26,11,13.5,59.8,1.2,0,,,0.2,S
12,159,21.6,14.8,15.3,76,3.7,0,,,0,SW
12,162,20.1,13.6,13.9,85.2,2.5,0,,,0,S
12,257,24.3,10.7,12.1,76.4,2.3,0,,,0,SW
12,271,26.3,5,6.6,66.3,1.3,0,,,0.1,NW
12,278,28.7,7,8.8,61.8,1.1,0,,,0.1,N
12,285,27.5,9.2,11.5,70.8,1.1,0,,,0,SW
12,288,28,9,11.4,66.6,1.2,0,,,0,W
12,311,24.7,8.2,8.7,60.3,0.5,0,,,0.2,S
12,800,28.8,10.2,11.8,54.5,2.1,0,,,0.1,SW
12,804,28.9,11.6,14.7,46.9,3.2,0,,,0,S
12,808,30.2,16.8,18.1,43.9,3.2,0,,,0,W
12,828,26.6,10.5,12.4,76.9,1.8,0,,,0.2,S
12,830,29.5,7.2,11.8,58.6,2.1,0,,,0.1,W
12,843,27.7,17.4,16.1,34.2,3.1,0,,,0,W
12,845,27.8,9.7,12.6,62,0.9,0,,,0.1,W
12,846,26.8,10.8,13.3,59,1.5,0,,,0,W
12,852,27.4,16.2,17.6,37.5,1.7,0,,,0.1,W
12,860,27.8,13.1,16.2,51.7,0.9,0,,,0.2,NW
12,905,26.6,8.8,10.6,71.3,2.3,0,,,0.1,NW
12,915,25.5,6.9,10.5,81.2,1.5,0,,,0,NE
12,922,26.1,7.5,9.8,69.1,1.1,0,,,0.4,E
12,927,26.9,7,9.7,69.9,1.5,0,,,0.2,SW
12,935,27,8.3,10.5,69.9,1.5,0,,,0.3,SW
12,991,27.3,9.8,12.3,65.6,1.8,0,,,0,W
12,992,26.9,8.4,11.2,71.5,1.1,0,,,0.1,S
12,995,28.1,11.6,14.7,55.4,1.7,0,,,0.2,SW
13,130,27.4,14.6,16.4,52,2,0,,,0,SW
13,138,28.3,17.6,19,44.8,3.2,0,,,0.1,SW
13,143,29,14,17.6,53.4,1.5,0,,,0.1,NW
13,152,25.4,13.5,17.3,57,2.1,0,,,0.1,SW
13,159,21.4,15.3,17.5,73.1,3.8,0,,,0,SW
13,162,20.9,13.9,17.5,83.1,2.2,0,,,0.1,S
13,257,24.3,12.1,16.4,74.1,2.5,0,,,0,SW
13,271,26.5,6.6,13.7,60.2,1.3,0,,,0.1,N
13,278,29.2,8.8,15.5,57.3,1.1,0,,,0,SW
13,285,27.1,11.5,16.1,69.3,1.4,0,,,0,SW
13,288,27,11.4,16.2,63.7,1.7,0,,,0.1,S
13,311,23.3,8.7,12.6,67.5,0.7,0,,,0,S
13,800,27.4,11.8,15.1,63.6,2.8,0,,,0,S
13,804,27.9,14.7,17.8,48,3.7,0,,,0.1,SW
13,808,25.3,15.7,15.7,54.1,3.5,0,,,0,W
13,828,27.3,12.4,17.4,71.2,2.3,0,,,0.1,S
13,830,30.2,11.8,17.4,45.9,2.1,0,,,0.2,NW
13,843,29,15.4,15.4,34.5,2,0,,,0.1,W
13,845,28.8,12.6,17,57.3,1.3,0,,,0,SW
13,846,27.6,13.3,17.8,56.1,2,0,,,0,W
13,852,23.5,15.7,15.7,48.9,2.7,0,,,0,SW
13,860,29.1,16.2,18.7,50.5,1.1,0,,,0.2,NW
13,905,25.9,10.6,14.5,68,2.1,0,,,0.1,NW
13,915,25.4,10.5,14,77.7,2,0,,,0,S
13,922,26.5,9.8,14,63.5,1.3,0,,,0.4,SE
13,927,26.6,9.7,14.3,65,2.2,0,,,0.1,SW
13,935,26.7,10.5,15.3,63.9,2.5,0,,,0.2,SW
13,991,27.2,12.3,18.2,61.3,2.7,0,,,0,SW
13,992,27.7,11.2,16,64.7,2.3,0,,,0,SW
13,995,28.4,14.7,16,47.9,2.4,0,,,0.1,SW
14,130,27.6,17.4,21.4,62.7,1.9,0,,,0,W
14,138,25.3,19,20.9,63.8,3.2,0,,,0,SW
14,143,26.6,17.6,19.3,68.1,1.3,0.9,,,0.3,E
14,152,21.9,17.3,18.3,77.6,2.7,0,,,0.1,SW
14,159,19.6,17,17,88.4,4.5,1.4,,,0,SW
14,162,19,17.5,17.7,93.5,2.6,7.2,,,0,S
14,257,20.1,16.4,19,91.5,2.4,0,,,0,SW
14,271,22,13.7,14.3,85.8,0.8,1,,,0.1,N
14,278,26.9,15.5,17.3,77.6,1.1,1.7,,,0.1,SW
14,285,23.9,16.1,18.6,83.8,1.1,0.1,,,0.1,SW
14,288,22.3,16.3,18.7,80.8,1.9,0,,,0,S
14,311,21.8,12.7,14.7,88,0.6,0,,,0.2,S
14,800,27.1,15.1,20,70.9,2.6,0,,,0.2,S
14,804,25.3,17.8,19.6,68.6,4.8,0,,,0,SW
14,808,25.7,15.9,16.4,68.4,2.7,0,,,0,S
14,828,23.2,17.8,19.5,97,2.9,0,,,0,S
14,830,26.3,17.4,20.1,56.3,2.6,0,,,0.2,W
14,843,23.7,16.2,19.3,67,2.8,0.5,,,0.1,W
14,845,26.8,17,18.8,70.2,1.3,1,,,0.3,SW
14,846,25.1,17.8,18.8,74.3,2.3,0,,,0,SW
14,852,25.8,16.8,20.7,62.2,2.4,0,,,0,SW
14,860,26.6,18.7,19.9,66.2,0.9,1,,,0.3,NE
14,905,20.7,15.4,18.9,86.7,2.6,0,,,0,S
14,915,22,14.5,17.8,91.4,1.6,1,,,0,S
14,922,20.6,14.3,16.5,85.1,1,0,,,0.5,E
14,927,21.3,14.3,17.5,84.9,1.8,0,,,0.2,SW
14,935,22.9,15.3,17.2,84.4,2.6,0,,,0.4,SE
14,991,25.2,18.2,19.6,78,3.2,0,,,0,SW
14,992,25,16,18,80.3,2.9,0,,,0,SW
14,995,23.9,16,19.4,72.8,2.7,0,,,0,SW
15,130,26.1,16.2,15.9,78.5,2.3,11.6,,,0,SW
15,138,24.5,16.6,15.9,75.8,2.7,18.3,,,0.2,SW
15,143,23.8,17.5,16.9,82.6,1.2,18.6,,,0.4,NW
15,152,22.8,16.3,16.3,86.8,1.3,34.5,,,0.4,SE
15,159,21,16.9,16.4,93,2.7,57.8,,,0.3,SW
15,162,20.1,17.2,15.3,95.2,1.5,79.2,,,0.2,S
15,257,22.1,17.3,17.1,95,2.2,34.3,,,0.2,SW
15,271,22.1,14.3,14.6,91.9,1.1,20.3,,,0,N
15,278,23.4,17.3,16.6,92.1,0.7,21.1,,,0.1,SW
15,285,21.9,17.5,17,95.6,0.6,42.3,,,0.3,NE
15,288,23,17.4,17.2,88,0.9,30.5,,,0.1,SE
15,311,19.2,14.5,13.7,97.3,0.5,45,,,0.1,S
15,800,24.8,16.8,16.6,81.1,2.5,18,,,0.1,S
15,804,24.3,16.4,15.9,80.2,2.9,23,,,0.1,SW
15,808,23.9,14.8,14.8,83.5,1.9,17.5,,,0.1,S
15,828,22.5,17.9,17.3,99.9,1.8,33,,,0,S
15,830,25.2,16.8,16.7,67.4,2.3,27,,,0.1,NW
15,843,24.9,16.1,15.7,76,2,15.5,,,0.1,W
15,845,23.7,17.3,16.9,86.4,0.7,23,,,0.2,NE
15,846,23.5,17,16.5,88.3,1.6,29,,,0.2,NE
15,852,25.5,15.6,15.2,78.7,2,9,,,0,SW
15,860,23.7,17.6,17,83.1,0.8,21,,,0.3,NW
15,905,22.3,16.9,16.5,90.3,2.3,36.5,,,0.3,SE
15,915,20.7,16.8,15.8,99.9,1.3,48.5,,,0.2,W
15,922,22,16.5,16,89.9,0.9,22,,,0.3,SE
15,927,22.5,16.4,16.3,91.4,1.3,28,,,0.1,SW
15,935,22.2,17.2,16.6,93.9,1.4,31.5,,,0.5,E
15,991,23.3,17.6,17.2,90.8,2.2,32,,,0,SW
15,992,23,17.4,17,94,1.5,29,,,0.3,NE
15,995,24,16.4,15.4,83,1.4,18.5,,,0.1,SW
16,130,23.3,15.9,15.3,85.3,2.3,17,,,0.2,S
16,138,28.2,15.9,17.2,71.1,2.8,20.4,,,0.1,SW
16,143,28.7,16.9,16.2,70.7,2.4,18.8,,,0,W
16,152,26.2,16.5,16.2,80.4,1.6,35.4,,,0.2,S
16,159,24.1,16,16,86.7,3.3,58,,,0,S
16,162,22.3,15.3,15.8,86.6,2.5,79.2,,,0,W
16,257,27.2,17.1,16.3,85.6,2.4,34.5,,,0,SW
16,271,24.3,14.6,11.6,79.1,1.6,21.6,,,0.1,W
16,278,27.7,16.6,15.1,75.3,1.8,21.5,,,0,W
16,285,29.1,17,15.1,77.5,1.3,42.5,,,0,S
16,288,28.3,17.2,15.1,77.1,1.5,30.7,,,0.1,SE
16,311,23.4,13.7,9,88.6,0.8,45,,,0.1,S
16,800,25.9,16.6,16.9,79.8,4.1,29.5,,,0.2,S
16,804,27.2,15.9,15.5,74.5,3.2,25,,,0.2,NE
16,808,24.5,14.9,16.4,83.5,3,19.5,,,0.2,S
16,828,27.3,17.3,15.9,88,1.8,33,,,0.1,S
16,830,28.7,16.7,14.2,60.6,2.5,28.5,,,0.1,W
16,843,26.3,15.7,14.5,71.9,2.6,23.5,,,0.2,W
16,845,28,16.9,15.3,73.6,1,23,,,0,W
16,846,28,16.5,14.6,76,1.8,29.5,,,0,W
16,852,23.8,15.2,14.7,85.3,3.1,15.5,,,0.1,S
16,860,28.1,17,16.2,72.4,0.9,21,,,0.4,SE
16,905,27.7,16.4,14.1,80.2,2.2,37,,,0.1,SE
16,915,27.4,15.8,13.4,87.1,1.5,48.5,,,0.2,SW
16,922,26.7,16,12.9,82.1,1,22,,,0.3,NW
16,927,27.4,16.3,13.4,81.3,1.5,28,,,0.2,SW
16,935,27.3,16.6,13.7,76.2,2.4,31.5,,,0.1,W
16,991,27.9,17.2,15,77.4,1.9,32.5,,,0.1,SW
16,992,27.6,17,14.1,79.3,1.6,29,,,0.1,SW
16,995,27.2,15.4,16.2,79.2,1.7,20.5,,,0.1,SW
17,130,21.5,11.5,10.4,69.8,2,17,,,0.3,W
17,138,23.1,15.4,14.1,55.2,2.8,5.7,,,0.4,W
17,143,24.4,14.5,12.2,45.7,2.8,0.5,,,0,W
17,152,20.4,12.5,11.9,59.3,2.2,2.2,,,0.3,E
17,159,21.9,15.1,14.9,64,2.8,0.3,,,0.4,E
17,162,23,13.9,13.5,70.8,2.1,0,,,0.1,S
17,257,25.5,13.1,12.7,69,1.6,0.4,,,0.1,SW
17,271,20.6,7.7,4.2,63.4,1.6,11.6,,,0,NW
17,278,22.8,10.4,8,61.1,1.8,4.8,,,0,W
17,285,25.5,13.8,12.2,55.7,1.1,0.3,,,0.4,E
17,288,26.4,14.4,12.1,60.9,1.6,0.1,,,0.1,S
17,311,20.2,8,7.6,59.5,1,1.5,,,0.2,S
17,800,22.4,11.7,10.7,62.4,2.9,29.5,,,0.3,NE
17,804,22.5,13.1,11.5,59.9,3,9,,,0.4,W
17,808,22.6,14,12.5,59.1,2.6,8,,,0.1,W
17,828,24.7,14.1,12.2,59.9,2,0.5,,,0,N
17,830,22.4,10.3,8.7,55.6,2.5,0.5,,,0.4,NW
17,843,19.8,12,8.9,59.7,2.7,23.5,,,0.4,W
17,845,24.3,12.5,11.1,48.2,1.6,0.5,,,0,W
17,846,23.3,14.6,11.8,48.3,2.6,0.5,,,0.1,NW
17,852,21.3,12.9,11.2,67.7,3,15.5,,,0.3,S
17,860,24.2,16.1,13.3,45.6,1.4,0.5,,,0.1,NW
17,905,24.4,11.6,11,68.1,1.7,0.5,,,0.3,NW
17,915,25.5,12.7,10.8,63.1,2.3,0.5,,,0.3,NE
17,922,24.1,11.5,10.1,70.7,1.2,0.5,,,0.3,SE
17,927,25.3,11.8,9.9,67,1.7,0,,,0.2,NE
17,935,23.6,11.9,10.9,55,2.4,0,,,0.3,NE
17,991,23.6,12.8,12,55.5,2.3,0.5,,,0.1,NW
17,992,24.1,11.3,9.9,57.7,2,1.5,,,0.1,NW
17,995,22.6,11.6,11.3,61.9,2.3,4,,,0.1,SW
18,130,25.2,10.4,19.3,66.1,2.1,0,,,0.1,S
18,138,28.6,14.1,19.6,50.6,3.5,0,,,0,SW
18,143,28.3,12.2,18,56.2,2,0,,,0.4,SW
18,152,25.7,11.9,18.5,58.9,4.3,0,,,0,SW
18,159,21.8,14.9,17.7,72.5,4.7,0,,,0,S
18,162,21.2,13.5,17.8,78.3,3.4,0,,,0,SW
18,257,24.4,12.7,19.6,71.7,3,0,,,0,SW
18,271,23.6,4.2,18.6,68.6,2.1,0,,,0.1,S
18,278,27.8,8,15.2,68.6,1.3,0,,,0.1,W
18,285,27,12.2,16.1,70.8,1.6,0,,,0.1,S
18,288,27,12.1,17.8,65.7,2.2,0,,,0,S
18,311,23.5,7.6,13.9,70.4,0.9,0,,,0.2,S
18,800,26.4,10.7,19.7,67.4,3.5,0,,,0,S
18,804,27.4,11.5,19.5,56.9,4.9,0,,,0,SW
18,808,27.6,12.5,14,66.1,2.9,0,,,0.1,S
18,828,27.4,12.2,18.6,76.4,2.8,0,,,0.1,S
18,830,28.5,8.7,17.7,55.5,2.6,0,,,0.1,W
18,843,25.1,8.9,18.8,53.7,3,0,,,0,W
18,845,28,11.1,17.6,56.8,2.2,0,,,0.3,SW
18,846,27.2,11.8,18.7,58.2,2.3,0,,,0.1,SW
18,852,24.8,11.2,17.3,61.5,3.2,0,,,0,SW
18,860,28.7,13.3,19.7,53.6,1.4,0,,,0.4,SE
18,905,26.1,11,18.5,66.9,2.4,0,,,0,S
18,915,25.5,10.8,17,76.8,2.4,0,,,0.1,W
18,922,25,10.1,17.4,67.3,1.5,0,,,0.7,E
18,927,25.6,9.9,17.6,69,3,0,,,0.1,SW
18,935,27.3,10.9,15.5,66.2,2.3,0,,,0.3,S
18,991,26.5,12,19.1,65.6,3.1,0,,,0,SW
18,992,27.7,9.9,18.5,69.3,3.2,0,,,0.1,S
18,995,27.2,11.3,16.3,60,2.5,0,,,0.1,SW
19,130,31.6,19.3,22.1,65.6,2.8,0,,,0,SW
19,138,33.6,19.6,23.8,56,3.1,0,1,,0,SW
19,143,33.5,18,21.2,63,1.5,0,1,,0.3,NE
19,152,30.2,18.5,19.9,67.1,2.7,0,,,0.1,SW
19,159,25.7,17.7,18.7,85.8,4.4,0,,,0,SW
19,162,21.8,17.8,18.7,93.5,2.1,0.3,,,0.1,S
19,257,27.8,19.6,20.2,81.9,3.7,0,,,0,SW
19,271,29.6,18,15.9,72.9,1.6,0,,,0.1,W
19,278,32.8,15.2,18.7,72.1,1,0,,,0,SW
19,285,31,16.1,19.6,76.2,1.6,0,,,0,S
19,288,30.3,17.8,20.2,74.1,2.4,0,,,0,S
19,311,28.7,13.9,15.9,81.4,0.9,0,,,0.1,S
19,800,31.9,19.7,20.4,61.9,4.7,0,,,0,S
19,804,32.9,19.5,22.6,60.6,4.2,0,,,0,SW
19,808,33,14,17.4,68.2,2.5,0,1,,0.1,SW
19,828,30.6,18.6,20,85.4,3.6,0,,,0,S
19,830,33.7,17.7,23.3,56.2,3.2,0,1,,0,W
19,843,31.8,18.8,21.8,59.9,3.3,0,,,0,W
19,845,33.1,17.6,20.3,64.4,1.6,0,1,,0,W
19,846,32.2,18.7,20.4,65.6,2.3,0,,,0,W
19,852,31,17.3,19.3,68.6,2.7,0,,,0,SW
19,860,33.5,19.7,22.2,60.6,1,0,1,,0.3,SE
19,905,28.7,18.5,19.6,76.7,3.4,0,,,0.1,SE
19,915,30,17,18.9,81.2,2.1,0,,,0,W
19,922,29.4,17.4,18.6,71.8,1.4,0,,,0.6,E
19,927,29.9,17.6,18.8,72.2,3.2,0,,,0.1,SW
19,935,30.9,15.5,18.9,75.9,3.4,0,,,0.3,SE
19,991,31.4,19.1,20.5,70.9,3.2,0,,,0,SW
19,992,31.5,18.5,18.9,73.6,3.1,0,,,0,SW
19,995,33,16.3,21.2,63.5,2.1,0,1,,0.1,SW
20,130,27,14.4,13.7,73.9,2.5,0,,,0.3,W
20,138,29.7,15.8,14.8,72,3,0,,,0.5,NE
20,143,29.8,20,16.1,70.2,2,0,,,0.5,E
20,152,27.8,17.6,15,78.1,1.6,0,,,0.3,NE
20,159,25.1,18.7,16.9,84.2,2.4,0,,,0.4,NE
20,162,24.8,18.7,18.2,89.6,1,0.3,,,0.4,NE
20,257,28.9,20.2,17.4,80,1.9,0,,,0.3,SW
20,271,29,15.9,15.9,81.4,1.1,3.4,,,0.3,N
20,278,30.2,18.7,17.7,76.9,0.9,0,,,0.1,S
20,285,28.1,19.6,18.4,82,0.6,0,,,0.2,S
20,288,29.4,20.2,18.7,73.4,1.3,0,,,0.1,S
20,311,24.6,15.9,16.2,88,0.7,0,,,0,S
20,800,27.9,15.5,14.6,77.8,2.9,0,,,0.3,NE
20,804,29.9,15.3,14.5,77.2,3.2,0,,,0.5,NE
20,808,28.9,14.8,14.3,79.5,2.5,0,,,0.1,N
20,828,28.9,20,18.8,89.2,1.1,0,,,0,S
20,830,31.1,16.3,15.1,67.1,2.5,0,,,0.4,SE
20,843,27.8,15,13.1,72.6,2.6,0,,,0.7,SE
20,845,30.6,20.3,17.2,72.4,1.1,0,,,0.5,W
20,846,29.5,20.4,17,73.6,1.9,0,,,0.3,W
20,852,25.3,13.7,13.1,78.4,4.9,0,,,0.4,NE
20,860,30.4,20.8,16.6,69.5,1.4,0,,,0.5,NW
20,905,29.1,19.4,16.4,75.5,2,0,,,0.4,S
20,915,27.6,18.9,17.6,87.1,1.1,0,,,0.1,W
20,922,28.4,18.6,16.7,76,1,0,,,0.5,SE
20,927,28.7,18.8,16.3,75.9,1.6,0,,,0.2,SW
20,935,28.4,18.9,18,84.2,1.4,0,,,0.2,SE
20,991,29.1,20.5,18,77.9,2.4,0,,,0.3,SW
20,992,29,18.9,17.7,79.6,1.4,0,,,0.3,E
20,995,29.4,14.6,14,78.9,2.3,0,,,0.5,NE
21,130,18.3,10.7,8.4,77.9,2.5,0.3,,,0.3,W
21,138,15.9,14.4,12.3,82.2,3.8,0,,,0.9,NE
21,143,19.9,15.3,13.7,73,4.4,0,,,1,E
21,152,17.5,13.1,11.8,78.7,2.5,0,,,0.4,NE
21,159,23.7,15.9,14.5,75.3,2.6,0,,,0.9,NE
21,162,20.8,15.8,14.8,89.4,1.3,0.2,,,0.2,S
21,257,21.6,16.3,14.7,75.4,3.6,0,,,1,NE
21,271,20.9,9.9,6.3,76.5,1.5,3.4,,,0.6,E
21,278,22,15.3,11.5,77.5,1.1,0,,,0,S
21,285,27.1,17.7,14.4,81.4,1.3,0,,,0.7,E
21,288,24,17.1,15,69.6,2.3,0,,,0.8,NE
21,311,22.9,11,9.4,90.9,0.8,0,,,0.1,NW
21,800,17.8,11.2,9,76.3,3.7,0,,,0,NE
21,804,16.3,11.6,9.2,80,4.2,0,,,0.8,NE
21,808,16.2,13.3,11.4,84.8,4,0,,,0.2,NE
21,828,25.9,16.5,14.5,86.6,1.2,0,,,0,NW
21,830,17.7,11.6,8.8,73.7,2,0,,,0.7,SE
21,843,17.3,9.3,7.2,83.7,1.6,0,,,0.6,SE
21,845,20.8,15,13.4,73.1,2.5,0,,,1,E
21,846,21.4,15.7,13.9,69.8,3.2,0,,,1,E
21,852,16.2,12.5,11.3,81,5.8,0,,,0.6,NE
21,860,20.6,15.5,14.4,70.4,2.9,0,,,1,E
21,905,19.6,12.6,11.5,75.3,2.1,0,,,0.5,NE
21,915,27.2,15.5,12.4,92.3,1.7,1,,,0.2,NE
21,922,20.4,14.2,11.9,78,1.9,0,,,0.3,SE
21,927,22.1,14.6,11.6,78.5,2.2,0,,,0.2,NE
21,935,25.4,15.2,13.3,89.2,1.4,0.5,,,0.5,NE
21,991,22.8,15.9,14.7,74.2,3.8,0,,,0.9,NE
21,992,21.2,15.5,12.1,75.4,3.2,0,,,0.9,E
21,995,15,10.5,10.1,90.8,3.4,0,,,0.6,NE
22,130,18.6,8.4,13.6,81.1,1.6,0.3,,,0.4,NE
22,138,16.9,12.3,14.3,81.5,3,0,,,0.8,NE
22,143,20.4,13.7,15.2,57,3.8,0,,,0.8,E
22,152,19.2,11.8,13.3,60.5,2.2,0,,,0.5,NE
22,159,21.6,14.5,13.9,52.8,3.2,0,,,0.9,NE
22,162,20.4,14.8,13.2,56.5,2,0,,,0.9,NE
22,257,21.6,14.7,13.6,52,2.9,0,,,1,E
22,271,20.2,6.3,11.1,64.6,1.5,0,,,0.4,SE
22,278,23.9,11.5,15.5,54.2,1.5,0,,,0.7,E
22,285,22.8,14.4,16.4,59.4,1.3,0,,,0.8,NE
22,288,23.5,15,16.7,52.8,1.5,0,,,0.6,NE
22,311,17.2,9.4,11.2,72.4,0.7,0,,,0,S
22,800,18.1,9,14.7,77.7,2.3,0,,,0.3,NE
22,804,17.9,9.2,13.8,78.9,3.3,0,,,0.4,NE
22,808,17.3,11.4,14,85.6,2.3,0,,,0,N
22,828,23.1,14.5,15.7,62.9,1.3,0,,,0,NW
22,830,20.1,8.8,14.4,66.8,1.9,0,,,0.6,E
22,843,18.6,7.2,11.6,71.9,2,0,,,0.4,SE
22,845,22.4,13.4,15.8,59,1.8,0,,,0.8,E
22,846,21.7,13.9,15.4,53.4,,0,,,1,E
22,852,17.4,11.3,13.5,80,2.2,0,,,0.5,NE
22,860,21.4,14.4,15.5,53.8,2.3,0,,,1,E
22,905,20.5,11.5,13.4,59.2,1.8,0,,,0.3,NE
22,915,21.9,12.4,15,75.9,1.6,1,,,0.6,NE
22,922,20.6,11.9,13.5,55.1,1.2,0,,,0.2,S
22,927,22.5,11.6,15.2,55.5,2.2,0,,,0.5,NE
22,935,22.2,13.3,15.1,67.7,1.2,0.5,,,0.3,NE
22,991,21.2,14.7,15.9,60.2,4.3,0,,,0.9,NE
22,992,21.2,12.1,14.4,61.4,,0,,,0.9,E
22,995,15.9,10.1,13.5,88.8,2.3,0,,,0.2,NE
23,130,15.5,11.1,10.5,89.3,2.1,12.9,,,0.2,NW
23,138,15.2,12.4,12.2,87.9,4.6,5.5,,,0.8,NE
23,143,15.9,11.9,12.1,80.3,2.9,1.7,,,0.8,SE
23,152,16.2,11.8,11.6,83.6,3.2,4.6,,,0.3,NE
23,159,16.8,13,12.6,79.6,3.1,3.1,,,0.6,NE
23,162,17.1,13.2,12.6,78.5,3.4,1.9,,,0.5,NE
23,257,17.4,13.1,12.7,80.8,3.8,2.5,,,1,NE
23,271,14.1,9.9,7.6,73,1.5,3.3,,,0.3,N
23,278,17.2,12.5,11.9,69.3,1.5,0.3,,,0.7,NE
23,285,17.2,13.2,12.6,75.3,1.7,0.4,,,0.6,NE
23,288,17.6,13.5,12.9,72,2.7,0.7,,,0.5,NE
23,311,12.5,9.6,9,79,0.9,0.5,,,0,S
23,800,15.6,12.1,11.9,83.1,3.1,10.5,,,0.1,NE
23,804,15.1,11.7,11.8,85,5.4,3,,,0.1,NE
23,808,14.7,11.9,12,89.2,5.5,4,,,0.1,NE
23,828,17.2,12.7,12.5,89.4,2.4,0,,,0,N
23,830,15.8,12.1,11.8,73.7,1.7,2,,,0.8,NE
23,843,14,10,8.7,89.8,1.3,11,,,0.3,SE
23,845,16.8,12,12,83.8,1.5,2.5,,,0.7,E
23,846,16.2,11.4,11.3,79.8,2.2,3,,,0.7,E
23,852,14.7,11.2,11.2,86.8,4.1,8,,,0.5,NE
23,860,16.5,12.2,12.1,77.1,1.8,1,,,0.9,E
23,905,16.3,12,11.9,78.9,2.5,3,,,0.3,NW
23,915,16.3,12.4,11.9,80.8,1.9,0.5,,,0.9,NE
23,922,17.3,11.9,11.3,73.1,1.2,0.5,,,0.2,S
23,927,17.6,12,11.4,75.2,3.6,0.5,,,0.1,NE
23,935,16.5,12.2,12,83.2,1.5,0.5,,,0,N
23,991,16.2,12.2,12,82,3.6,2,,,0.8,NE
23,992,16.6,12.2,11.8,82.1,1.1,1.5,,,0.6,E
23,995,14.5,11.4,11.1,94,4.5,9,,,0.8,NE
24,130,16.7,10.5,9.9,83.8,2,12.9,,,0.3,NW
24,138,18.1,12.2,13,76.4,2.6,5.5,,,0.5,NE
24,143,24.5,12.2,12.1,64.2,2.1,1.7,,,0.2,W
24,152,20.9,11.6,11.4,74.5,2,4.6,,,0.2,SE
24,159,19.4,12.6,13.6,76.1,2.7,3.1,,,0,S
24,162,20.5,12.6,13,76.3,2.4,1.9,,,0.2,S
24,257,24,12.7,11.5,74.9,1.6,2.5,,,0.2,SW
24,271,22,7.6,7.5,75.4,1.3,3.3,,,0.1,NW
24,278,24.7,11.9,9.6,69.7,1.2,0.3,,,0,S
24,285,25.2,12.6,12.3,70.1,0.9,0.4,,,0.5,E
24,288,26.1,12.9,11.5,66.5,1.6,0.7,,,0.3,S
24,311,21.1,9,8.7,70.7,1.1,0.5,,,0.1,S
24,800,17.3,11.8,10.3,79.6,2,10.5,,,0.5,E
24,804,17.6,11.5,10.5,78.2,2.3,3,,,0.5,E
24,808,18.4,12.4,11.5,77.8,2.4,4,,,0.2,NW
24,828,25.3,12.5,12.1,74.1,1.7,0.5,,,0.1,NW
24,830,22.4,10.9,8.6,70,1.8,2,,,0.3,NW
24,843,19.2,8.7,10.3,81.3,1.5,11,,,0.3,SE
24,845,25.2,12,11.8,71.9,1.1,2.5,,,0.1,W
24,846,24.3,11.3,12.4,65.5,1.6,3,,,,
24,852,17.9,12,11.4,78.6,3,8,,,0.3,S
24,860,24.1,12.1,13,62.5,1.3,1,,,0.2,NW
24,905,23.7,11.1,9.7,73.2,1.6,3,,,0.3,S
24,915,25.5,11.9,10.4,75.7,1.3,0.5,,,0.3,E
24,922,23.9,11.3,9.6,70.6,1.2,0.5,,,0.2,NW
24,927,24.6,11.3,9.4,72.1,1.3,0.5,,,0.2,NE
24,935,24.9,12,11.2,71.2,2.1,0.5,,,0.3,W
24,991,25,12,12.1,69.6,1.4,2,,,0.2,SE
24,992,24.9,11.8,11,70.4,1.1,1.5,,,0.2,NE
24,995,19.6,10.9,10.2,80,1.5,9,,,0.2,SW
25,130,19.2,9.9,13.9,86.8,1.9,1.2,,,0.1,SE
25,138,24.5,13,15.4,65.1,2.7,0.6,,,0.3,W
25,143,26.8,12.1,13.7,60.8,1.4,0.6,,,0.5,E
25,152,23.5,11.4,12.5,74.4,1.4,0.8,,,0.2,S
25,159,21.6,13.6,15,74.2,3.1,0.3,,,0,S
25,162,22.2,13,13.6,81.8,2.1,0.1,,,0.1,S
25,257,25.9,11.5,11.9,73.9,1.8,0,,,0.1,SW
25,271,24.8,7.5,7.6,68.9,1.2,0.1,,,0.1,NW
25,278,27.2,9.6,11,64.2,0.8,0.2,,,0.1,N
25,285,26.7,12.3,13.3,71.1,0.9,0,,,0.2,SW
25,288,27,11.5,11.9,63.7,1.5,0,,,0.1,S
25,311,20.3,8.7,8.5,80.2,0.8,0,,,0,S
25,800,22.7,10.3,12,78.8,2.7,1,,,0.1,S
25,804,23.4,10.5,13.6,69.8,2.3,0.5,,,0.3,SW
25,808,22.1,11.5,11.8,77.8,2.9,1.5,,,0,S
25,828,27,12.1,13.1,74.3,1.5,0.5,,,0.1,S
25,830,26.9,8.6,9.6,62.1,1.7,1.5,,,0.4,SE
25,843,24.5,10.3,12,69.8,1.5,0.5,,,0.3,SE
25,845,26.7,11.8,12.8,67.6,0.8,0,,,0.1,W
25,846,26.2,12.4,13.8,60.7,1.6,0.5,,,0.1,NW
25,852,18.8,11.4,13.9,83.8,2.5,1,,,0.1,S
25,860,26.7,13,15,57.9,1.1,0,,,0.3,NW
25,905,26.1,9.7,10.6,69.3,2,0,,,0.2,NW
25,915,26.7,10.4,11.7,77.4,1.5,0,,,0.1,W
25,922,25.5,9.6,10.3,68.5,1,0,,,0.3,S
25,927,27,9.4,9.9,68.6,1.4,0.5,,,0.2,SW
25,935,26,11.2,12.1,70.9,2.1,0,,,0.3,SE
25,991,26.7,12.1,13.6,66.2,1.9,1,,,0.1,SW
25,992,26.7,11,12.3,67,1.5,0,,,0.1,S
25,995,24.3,10.2,11.6,73.7,1.1,1.5,,,0.2,SW
26,130,19.4,14.1,12.5,85,1.9,0,,,0.1,S
26,138,25.4,15.4,14.3,61.1,2.7,0,,,0.3,SW
26,143,28.3,13.7,14.6,53.6,1.6,0,,,0.5,E
26,152,23.4,12.5,13.2,68.4,1.4,0,,,0.2,SE
26,159,23.4,15,15.9,66.4,2.4,0,,,0.1,S
26,162,21.3,13.6,13.5,82.6,1.7,0,,,0,S
26,257,26.2,11.9,13.1,65.8,1.6,0,,,0,SW
26,271,24.8,7.6,9.1,70,1.1,0,,,0.2,NW
26,278,27.7,11,11.5,62.9,0.9,0,,,0.1,N
26,285,27.2,13.3,12.9,73.9,0.9,0,,,0.2,SW
26,288,28.6,11.9,13.6,63.3,1.5,0,,,0.1,NW
26,311,22.6,8.5,9.8,75.6,0.8,0,,,0.1,S
26,800,22.1,12,13.3,83,2.5,0,,,0,S
26,804,24.8,13.6,12.2,72.1,2.5,0,,,0.2,NE
26,808,21.1,11.8,13.1,76.9,2.7,0,,,0.1,S
26,828,27.8,13.1,13.6,75.9,1.4,0,,,0.1,S
26,830,28.6,9.6,10.7,66.2,1.2,0,,,0.4,NE
26,843,25,12,11.7,78.5,1.1,6,,,0.2,NW
26,845,29,12.8,14.2,64.4,0.7,0,,,0.1,W
26,846,27.9,13.8,15,59.5,1.5,0,,,0.1,W
26,852,18.6,13.9,13.7,86.5,2.5,0,,,0,S
26,860,28,15,16.1,52.3,1,0,,,0.3,N
26,905,26.7,10.6,11.3,70.2,2.2,1,,,0.1,NW
26,915,26.6,11.7,12.1,85.7,1.5,1.5,,,0.1,NE
26,922,26.7,10.3,11.5,63.6,1.4,0,,,0.3,S
26,927,27.4,9.9,11.4,67.8,1.6,0,,,0.2,SW
26,935,26.8,12.1,13.2,73.7,2.3,0,,,0.3,SE
26,991,28,13.6,13.8,65.6,1.5,0,,,0.1,SW
26,992,28.5,12.3,13,68.5,1.2,0,,,0.1,NW
26,995,25.1,11.6,11.8,73,1.3,0,,,0.3,SW
27,130,18.2,12.5,14.4,92.3,1.3,0,,,0.3,SE
27,138,23.2,14.3,13.8,77.2,2,0.4,,,0.5,NE
27,143,29.5,14.6,13.8,64.8,1.9,22.5,,,0.5,SE
27,152,24.6,13.2,12.8,67.6,1.3,0,,,0.2,S
27,159,24.5,15.9,15.5,66.9,1.8,0,,,0.5,E
27,162,24.3,13.5,14.7,72.4,1.6,0,,,0.2,S
27,257,27.4,13.1,13.1,66.3,1.5,0,,,0.4,NE
27,271,25.7,9.1,10,79.5,1.2,5.6,,,0.2,NW
27,278,28.7,11.5,12.6,69.3,1.2,17.5,,,0.2,N
27,285,28.6,12.9,12.2,78.7,0.8,0,,,0.3,SW
27,288,28.5,13.6,13.8,71.8,1.4,3.5,,,0.1,NW
27,311,22.9,9.8,9.5,80.1,0.7,24,,,0,S
27,800,19.8,13.3,13,86.5,1.8,0,,,0.4,E
27,804,20.3,12.2,11.6,84.3,2.2,1.5,,,0.4,NE
27,808,21.1,13.1,13.3,85.8,1.6,0,,,0.3,SE
27,828,29.3,13.6,13.8,75.5,1,0,,,0.1,NW
27,830,27.1,10.7,10.3,71.2,1.3,0,,,0.6,E
27,843,21.6,11.7,12.4,85.7,1.7,6,,,0.4,SE
27,845,29.7,14.2,14.4,68.8,1.3,1,,,0.4,NE
27,846,28.7,15,13.9,62.3,1.7,2,,,0.3,NE
27,852,18.3,13.7,15,91.1,1.4,0,,,0.2,SW
27,860,29.3,16.1,14.5,60.9,1.3,25,,,0.7,E
27,905,27,11.3,10.7,81.8,1.4,12.5,,,0.2,NW
27,915,27.6,12.1,10.7,75.7,1.8,1.5,,,0.1,NE
27,922,26.6,11.5,10.5,72.5,1.3,3,,,0.3,SE
27,927,28,11.4,12,71.8,1.4,6.5,,,0.2,SW
27,935,28.6,13.2,11.7,66,1.3,0,,,0.2,SW
27,991,28.9,13.8,13.1,71.6,1.7,0.5,,,0.2,SW
27,992,28.7,13,12.7,72.7,1.2,1.5,,,0.2,SW
27,995,24.4,11.8,11.6,78.5,1.3,7,,,0.3,NE
28,130,19,14.4,10.7,84.4,1.4,0,,,0.4,W
28,138,19.2,13.8,13.3,79,2.6,0.4,,,0.6,NE
28,143,25.8,13.8,13.2,72.3,2.1,22.5,,,0.8,E
28,152,22.9,12.8,11.9,73.7,2,0,,,0.5,E
28,159,23.6,15.5,14.6,65.5,2.6,0,,,0.8,E
28,162,25.4,14.7,14.2,65.2,1.9,0,,,0.3,NE
28,257,27.2,13.1,14.2,67.4,1.5,0,,,0.7,E
28,271,24,9.3,4.7,86.5,1.1,5.6,,,0.2,N
28,278,26.4,12.6,11.3,85,0.8,17.5,,,0.3,NE
28,285,27.3,12.2,11.7,75.3,0.9,0,,,0.3,SW
28,288,28.8,13.8,13.2,74.4,1.5,3.5,,,0.2,NW
28,311,21.6,9.5,9.3,91.7,0.7,24,,,0,S
28,800,19.2,13,12.1,82.4,1.9,0,,,0.5,E
28,804,18.4,11.6,10,84.6,2.5,1.5,,,0.5,E
28,808,20.6,13.3,15.1,80.8,1.9,0,,,0.3,NE
28,828,28,13.8,14.6,76.1,1.5,0,,,0,NW
28,830,24.8,10.3,9,72.7,1.6,0,,,0.5,E
28,843,21,12.4,6.7,81.9,2,0.5,,,0.5,SE
28,845,28.9,14.4,12.6,72.7,1.4,1,,,0.5,NE
28,846,27.5,13.9,13.9,68,1.9,2,,,0.4,SE
28,852,20.2,15,13.3,83.1,1.5,0,,,0.4,NE
28,860,26.5,14.5,13.9,69.1,1.7,25,,,0.7,SE
28,905,26.5,10.7,11.1,74.4,1.6,12.5,,,0.3,NW
28,915,27.6,10.7,10.2,79.7,1.6,0,,,0.5,NE
28,922,25.7,10.5,11.3,81.7,0.9,21,,,0.3,SE
28,927,27.5,12,11.9,81.9,1.1,,,,0.2,N
28,935,26.8,11.7,12,66,1.7,0,,,0.3,W
28,991,27.7,13.1,13.2,72,1.4,0.5,,,0.2,W
28,992,27.8,12.7,12,74.4,1.5,1.5,,,0.3,SE
28,995,20.3,11.6,12.7,82.8,1.9,7,,,0.2,NE
29,130,19.5,10.7,8.7,78.9,1.9,0,,,0.3,NW
29,138,19.7,13.3,12.4,74.8,3.1,0,,,0.5,NE
29,143,24.6,13.2,11.1,63.4,3,0.4,,,0.8,SE
29,152,22.1,11.9,11.7,72.9,2.3,0,,,0.5,NE
29,159,22.9,14.6,14.9,66.8,2.4,0,,,0.8,E
29,162,23,14.2,14,74.8,2.1,0,,,0.3,S
29,257,26.8,14.2,12.1,61.6,2.7,0,,,1,NE
29,271,22.7,4.7,5.8,72.2,1.6,0,,,0.3,N
29,278,25.7,11.3,8.6,69,1,1.6,,,0.4,NE
29,285,26.6,11.7,10.7,66.1,1.2,0,,,0.4,NE
29,288,27,13.2,11.9,60.6,1.8,0,,,0.5,NE
29,311,21.1,9.3,7.6,78.7,0.9,14,,,0.1,S
29,800,19.6,11.9,9.2,77.6,2.5,0,,,0.1,NE
29,804,20.3,10,9.5,77.9,3.7,0,,,0.4,NE
29,808,19.2,15.1,12.5,75.8,4.2,0,,,0,N
29,828,26.5,14.6,11.6,71.5,1.8,0,,,0,N
29,830,23.7,9,7.1,70.5,2.1,0,,,0.5,E
29,843,20.4,6.7,7.7,73.6,2.1,0,,,0.3,SE
29,845,26.4,12.6,11.5,66.1,1.6,0,,,0.7,E
29,846,25.8,13.9,12.5,57.9,2.3,0,,,0.8,E
29,852,19.8,13.3,12.7,77.6,3.3,0,,,0.6,NE
29,860,25.3,13.9,12.4,60.7,2.3,0,,,0.9,SE
29,905,24.3,11.1,9.2,67.2,2.1,0,,,0.4,NW
29,915,26,10.2,10.6,71.6,2,0,,,0.5,NE
29,922,25.2,10.8,8.6,72.4,1,21,,,0.3,SE
29,927,24.4,10.7,8.2,73.4,1.9,,,,0.3,NE
29,935,26.4,12,10.5,57.1,1.9,0,,,0.2,W
29,991,25.7,13.2,10.8,64.3,2.2,0,,,0.4,NE
29,992,25.9,12,9.8,66.4,1.9,0,,,0.4,NW
29,995,18.8,12.4,9.2,83.5,2.8,0,,,0.3,NE
30,130,22.3,8.7,11,64.3,1.8,0,,,0.3,W
30,138,25.2,12.4,14.4,58.6,2,0,,,0.3,W
30,143,27.8,11.1,13.2,52.9,1.9,0,,,0.5,SE
30,152,25.5,11.7,12.3,56.5,1.7,0,,,0.3,NW
30,159,25.8,14.9,16.6,58.9,2.1,0,,,0.2,S
30,162,23.4,14,14.6,75.2,1.8,0,,,0.2,S
30,257,28.5,12.1,13.1,57.1,1.4,0,,,0.4,SE
30,271,25.8,5.8,8.2,69.2,1.2,0,,,0.1,NW
30,278,27,8.6,11.5,68.3,0.9,0,,,0.2,NE
30,285,28.5,10.7,13,67.3,0.7,0,,,0.3,SW
30,288,28.5,11.9,13.4,57.4,1.6,0,,,0.4,NE
30,311,22.5,7.6,10.4,75.5,0.9,0,,,0.1,S
30,800,22.8,9.2,11.4,61.5,2.1,0,,,0.3,S
30,804,24.4,9.5,11.6,61.5,2.3,0,,,0.4,SW
30,808,25,12.5,14.6,64.1,2.1,0,,,0.1,W
30,828,27.8,11.6,13,68.5,1.2,0,,,0,N
30,830,27.3,7.1,9.6,58.3,1.5,0,,,0.3,E
30,843,24.7,7.7,10.5,58.5,1.7,0,,,0.3,NW
30,845,28.4,11.5,12.6,57.8,1.2,0,,,0.3,NE
30,846,27.2,12.5,13.6,50.8,2.1,0,,,0.3,NE
30,852,20.4,12.7,14.6,64.4,2.7,0,,,0.5,NE
30,860,27.5,12.4,15.2,50.3,1.4,0,,,0.5,SE
30,905,27.5,9.2,10.4,59.8,1.7,0,,,0.4,NW
30,915,27,10.6,11.2,74.8,1.6,0,,,0.3,NE
30,922,25.9,8.6,10.2,64.3,1.1,0,,,0.2,S
30,927,27.4,8.2,10.1,67.6,1.2,0,,,0.3,NE
30,935,27.7,10.5,12.3,58,1.6,0,,,0.3,W
30,991,27.8,10.8,13.3,62.8,1.4,0,,,0.3,NE
30,992,28.1,9.8,11.4,63,1.3,0,,,0.3,NE
30,995,25.9,9.2,10.5,61,1.6,0,,,0.2,SW
31,130,19.8,11,15.2,82.9,1.7,0,,,0.4,W
31,138,19.4,14.4,17.3,75.1,2.4,0,,,0.5,NE
31,143,31.2,13.2,17.8,53.1,1.5,0,,,0.5,SE
31,152,24.8,12.3,15.9,63,1.4,0,,,0.1,S
31,159,23.7,16.6,17.3,62.2,2.4,0,,,0.2,S
31,162,23.1,14.6,16.6,77.4,1.5,0,,,0,S
31,257,28.2,13.1,16.6,64.3,1.5,0,,,0.2,SW
31,271,28.2,8.2,13.9,67.7,1,0,,,0.2,NW
31,278,30.7,11.5,16.1,65.8,0.8,0,,,0.1,W
31,285,30.5,13,16.6,66.4,0.9,0,,,0.2,SW
31,288,30.8,13.4,17.8,60.1,1.6,0,,,0.3,S
31,311,24.2,10.4,13.7,80.2,0.7,0,,,0,S
31,800,19.6,11.4,15.2,81.6,2.3,0,,,0.3,S
31,804,19.6,11.6,14.9,81.1,2.2,0,,,0.5,E
31,808,20.4,14.6,16.4,79,2,0,,,0.3,SE
31,828,31.4,13,17.3,67.4,1.1,0,,,0.1,S
31,830,29.1,9.6,14.5,68.7,1.3,0,,,0.5,E
31,843,23.1,10.5,16.7,70,2.1,0,,,0.4,SE
31,845,31.7,12.6,18.2,55.9,1,0,,,0.4,NE
31,846,30.6,13.6,18.7,48.9,1.4,0,,,0,W
31,852,19,14.6,15.9,83.2,3,0,,,0.4,NE
31,860,30.8,15.2,19.3,49.1,1.1,0,,,0.5,SE
31,905,29.1,10.4,15.1,64.3,1.8,0,,,0.2,SE
31,915,29.4,11.2,15.4,73.4,1.5,0,,,0.2,NE
31,922,28.7,10.2,15.1,64.7,1.2,0,,,0.3,SE
31,927,30,10.1,15,67.4,1.2,0,,,0.2,S
31,935,30.3,12.3,15.9,58.8,1.5,0,,,0.1,W
31,991,30.9,13.3,17.9,61.2,1.4,0,,,0.1,W
31,992,30.8,11.4,17.1,58.3,1.2,0,,,0.2,S
31,995,25.2,10.5,15.2,75.5,1.4,0,,,0.3,S
32,130,20.2,15.2,16.2,94.1,1.3,0.1,,,0.1,S
32,138,24.5,17.8,16.6,68.5,1.9,0,,,0.1,SW
32,143,24.2,17.8,17.1,70.3,1.4,0,,,0.4,SE
32,152,22,15.9,15.4,80.4,0.9,1.4,,,0.1,SW
32,159,21.6,17,16.6,80.9,1.9,1,,,0.3,S
32,162,20.7,16.2,16.2,86.2,1.3,4.4,,,0.3,S
32,257,22.8,16.3,16.1,80.2,1.4,0.9,,,0.2,SW
32,271,22.9,13.9,14.9,84.4,0.6,0.5,,,0.2,NW
32,278,25.2,16.1,17.3,76.7,0.7,0,,,0.1,SW
32,285,22.3,16.6,16.1,85.5,0.7,1,,,0.1,SW
32,288,23.4,17.6,17.1,74.7,0.9,1.5,,,0.1,SW
32,311,18.9,13.1,12.5,92,0.5,0.5,,,0,S
32,800,21.1,15.2,16.5,86.8,1.5,0,,,0.3,S
32,804,24.8,14.9,16.1,77.5,1.4,0,,,0.2,S
32,808,25.4,16.5,16,82.6,2,0,,,0,S
32,828,22.8,16.8,16.5,91.7,0.9,0,,,0.1,S
32,830,25.8,14.5,16.2,69.9,1,0,,,0.3,SE
32,843,24.1,16.7,15.4,73.3,0.8,0,,,0.1,NW
32,845,25,17.4,16.9,72.3,0.7,0,,,0.1,W
32,846,23.2,17.1,16.6,69.8,1.5,0,,,0,W
32,852,20.4,15.9,15.8,93.4,1.4,0,,,0,SW
32,860,24,18.4,17.7,67.8,0.8,0,,,0.5,NW
32,905,22.8,15.1,15.5,80.6,1.2,2,,,0.1,NW
32,915,21.4,15.4,15,91.9,1,1.5,,,0.1,NE
32,922,22.2,15.1,15.1,80.4,0.8,2.5,,,0.2,S
32,927,22.3,15,15.5,83.3,1.3,1,,,0.1,SW
32,935,21.9,15.9,16,82,1.1,1,,,0.1,SW
32,991,24,17.2,16.6,74.6,1.7,0,,,0,SW
32,992,23.4,16.9,16.4,77.8,1.4,0,,,0.1,SW
32,995,24.9,15.2,15.5,83.5,0.8,0,,,0.1,S
33,130,20.7,16.2,14.2,84.3,1.6,1.3,,,0.4,SE
33,138,23.6,16.6,18.1,73.5,2.3,4.1,,,0.6,NE
33,143,28.5,17.1,13.4,52.8,3.1,0.1,,,0.2,W
33,152,24.9,15.4,14.9,74.3,1.8,5.4,,,0.2,NW
33,159,22.6,16.6,17.3,75.5,2.4,4.3,,,0.1,S
33,162,26.7,16.3,17.4,66.2,2.5,4.4,,,0.1,NE
33,257,26.2,16.1,13,71.5,2,3.5,,,0.4,SW
33,271,25.7,12,6.3,67.8,1.6,0.5,,,0.1,W
33,278,28.4,14.9,9.5,56.4,1.9,0,,,0.1,W
33,285,28.7,16.1,11.3,63.8,1.3,1,,,0.1,SW
33,288,29.7,17.1,12.1,58.6,2.1,1.5,,,0.1,NW
33,311,23.2,12.5,8.7,61.3,1.5,0.5,,,0.6,E
33,800,22.6,16.5,13.2,74.8,2.2,0.5,,,0.2,S
33,804,25,16.1,17.3,74.9,2.5,0.5,,,0.4,NE
33,808,22.7,16,17.3,79.6,2.3,6,,,0.1,S
33,828,29.3,16.5,10.4,62.6,2.1,0,,,0,NW
33,830,28.8,16.2,17.8,58.9,2.2,1,,,0.2,W
33,843,25.9,15.4,11.9,66.8,1.6,0.5,,,0.3,W
33,845,29.5,16.9,11.8,58.2,1.6,0,,,0,W
33,846,29.3,16.6,15,56,1.9,0,,,0,W
33,852,21.7,15.8,14.8,87.1,2.6,1.5,,,0.1,S
33,860,28.5,17.7,16.4,51.9,1.4,0,,,0.3,NW
33,905,28,15.5,10.6,74.5,1.3,3.5,,,0.1,NW
33,915,28.2,15,9.8,65,2.7,1.5,,,0.1,NW
33,922,27.2,15.1,9.1,66.4,1.3,2.5,,,0.2,NW
33,927,28,15.5,9,63.6,1.9,1.5,,,0.1,NW
33,935,28.6,16,10.6,54.2,3,1,,,0,W
33,991,29,16.6,12.2,60.2,2.4,0,,,0.1,W
33,992,28.8,16.4,9.5,61.8,2.1,0,,,0.2,W
33,995,25.5,15.5,18.3,75.1,1.3,4.5,,,0.3,NE
34,130,28.5,14.2,13.3,43.7,2.3,1.3,,,0,W
34,138,29.1,18.1,17.8,27.3,3.4,4.1,,,0,W
34,143,29.1,13.4,15.6,29.8,3.8,0.1,,,0.1,W
34,152,28.8,14.9,15.7,28.7,2.3,5.4,,,0,W
34,159,25.4,17.3,18.3,38,4.1,4.3,,,0,W
34,162,25.9,17.4,15.3,41.3,2.7,1.2,,,0,NW
34,257,29.1,13,15.4,39,2.5,3.5,,,0,SW
34,271,24.8,6.3,7.4,54.9,2,0,,,0,W
34,278,28.5,9.5,10.3,47.4,2.4,0,,,0.1,W
34,285,29.7,11.3,11.3,42.5,1.7,0,,,0,S
34,288,30.4,12.1,13.2,37.3,2.2,1.1,,,0.1,W
34,311,23.7,8.7,10.1,42.3,1.3,0.5,,,0.4,S
34,800,28.2,13.2,12.7,38.8,3.7,0.5,,,0,W
34,804,28,17.3,15.5,31.7,4.1,0.5,,,0,W
34,808,29.2,16.7,16.4,36.9,3.7,6,,,0,W
34,828,29.6,10.4,11.8,45.9,2.3,0,,,0,NW
34,830,29.7,17.7,13.5,23.2,4.9,1,,,0,W
34,843,26,11.9,12.6,39.2,2.7,0.5,,,0.1,W
34,845,30,11.8,12.7,39.1,2,0,,,0,W
34,846,29.3,15,15,30,2.6,0,,,0,W
34,852,27.4,14.8,15.6,44.6,3.1,1.5,,,0.1,W
34,860,29.2,16.4,17,28.6,1.4,0,,,0.4,E
34,905,29.4,10.6,12.3,39.5,2,3.5,,,0.1,W
34,915,28.6,9.8,8.8,47.9,2.8,0,,,0.1,NW
34,922,28.2,9.1,10.6,45.4,1.3,2,,,0.3,NE
34,927,28.6,9,10.4,42.6,2.5,1.5,,,0.2,W
34,935,29.2,10.6,10.4,34.5,3.3,0.5,,,0.2,W
34,991,29.8,12.2,11.7,38.6,3.4,0,,,0,W
34,992,29.3,9.5,11.1,44.9,2.6,0,,,0.1,W
34,995,28.2,17.9,15.5,29,3,4.5,,,0,SW
35,130,26,13.3,18.5,57.6,2.2,0,,,0.1,W
35,138,30.1,17.8,20.4,37,2.9,0,,,0,W
35,143,29.9,15.6,17.5,39.2,2.2,0,,,0.1,W
35,152,25.9,15.7,15.6,45.2,1.7,0,,,0.1,NW
35,159,25.8,18.3,18.1,47.3,3.4,0,,,0.1,S
35,162,25.8,15.3,16.1,54,2.3,0,,,0.1,S
35,257,29,15.4,16.1,49.3,2.1,0,,,0.1,SW
35,271,26.7,7.4,11.2,63.8,1.4,0,,,0.1,W
35,278,29,10.3,13.6,56.9,1.4,0,,,0.1,W
35,285,30.3,11.3,15.5,53,1.2,0,,,0,SW
35,288,30.9,13.2,15.8,46.4,1.5,0,,,0.1,W
35,311,24.9,10.1,12.6,60.5,0.9,0,,,0.1,S
35,800,27.9,12.7,16.1,56.9,3.2,0,,,0.1,S
35,804,29.4,15.5,19.2,42.7,2.8,0,,,0,W
35,808,27.8,16.4,21.1,45.6,3.5,0,,,0,W
35,828,30.2,11.8,16.3,57.6,1.1,0,,,0.1,NW
35,830,31.1,13.5,13.2,42.8,2.4,0,,,0.1,W
35,843,28.4,12.6,20.2,47.8,2.7,0,,,0,W
35,845,30.4,12.7,16.3,48.1,1.1,0,,,0.1,W
35,846,29.5,15,17.5,41.2,2,0,,,0,W
35,852,26,15.6,20.2,53.2,2.6,0,,,0,W
35,860,29.7,17,19.6,38.2,1.2,0,,,0.1,NW
35,905,28.7,12.3,13.8,50.7,2,0,,,0.2,NW
35,915,30.4,8.8,13.5,61.6,1.9,0,,,0.2,NE
35,922,28,10.6,12.7,53.6,1.1,0,,,0.3,E
35,927,28.7,10.4,12.4,53.9,1.3,0,,,0.2,SE
35,935,30.1,10.4,14.7,45.9,1.3,0,,,0.1,W
35,991,29.7,11.7,16.8,52.8,1.4,0,,,0.1,SW
35,992,29.8,11.1,14.8,52.2,1.4,0,,,0.1,SW
35,995,28.9,15.5,16,48.1,2.2,0,,,0,SW
36,130,31.2,18.5,21.9,37,2,0,,,0,W
36,138,30.2,20.4,21.1,39,2.9,0,,,0,SW
36,143,30.3,17.5,15.9,48.8,1.4,0,,,0.2,NW
36,152,29.7,15.6,17.1,50.6,1.7,0,,,0.1,SW
36,159,25.6,18.1,19.6,59,3.2,0,,,0,SW
36,162,23.4,16.1,16.5,74.6,1.6,0,,,0,S
36,257,28.1,16.1,15.7,62.4,2.1,0,,,0,SW
36,271,28.1,11.2,10,64.9,1.1,0,,,0.1,NW
36,278,30.9,13.6,13.7,62.2,1,0,,,0.1,N
36,285,29,15.5,13.9,65.8,0.9,0,,,0.1,SW
36,288,29.7,15.8,14.7,61.2,1.1,0,,,0.1,NW
36,311,25.3,12.8,13,65.2,0.6,0,,,0.1,S
36,800,30.6,16.1,15.3,47.7,2.4,0,,,0.2,SW
36,804,31.2,19.2,19.3,38.9,3.4,0,,,0,SW
36,808,31.2,21.1,18.3,38.9,3.4,0,,,0,W
36,828,28.7,16.3,14.5,68.4,1.5,0,,,0.2,S
36,830,32.3,13.2,14.9,44.4,2.4,0,,,0,W
36,843,28.7,16.8,16.5,37.8,3,0,,,0,W
36,845,30.7,16.3,14.6,56.6,0.9,0,,,0,SW
36,846,29.6,17.5,16.2,53.1,1.4,0,,,0,W
36,852,30.4,20.2,19.7,36.6,1.8,0,,,0,SW
36,860,29.9,19.6,17.7,46.7,1,0,,,0.1,NW
36,905,29.2,13.8,14.1,63.1,1.8,0,,,0.2,NW
36,915,27.9,13.5,11.8,77.2,1.5,0,,,0.1,NE
36,922,28,12.7,12.9,66,0.9,0,,,0.2,NW
36,927,28.8,12.4,12.1,68.5,1.1,0,,,0.2,SW
36,935,28,14.7,12.7,62.9,1.5,0,,,0.3,SE
36,991,29.2,16.8,15.1,60.8,1.7,0,,,0,SW
36,992,29.4,14.8,13.4,66.4,1.3,0,,,0.1,W
36,995,29,16,16.6,51.2,1.9,0,,,0.2,W
37,130,29.2,21,19.1,53.5,2.1,0,,,0.1,W
37,138,32,21.1,22.6,38.6,3.2,0,,,0.1,SW
37,143,33,15.9,20.5,45.7,1.5,0,1,,0.1,NW
37,152,29,17.1,20.3,48.3,1.4,0,,,0.2,SE
37,159,26,19.6,21,58.3,3.7,0,,,0,SW
37,162,25.8,16.5,19.7,78.7,1.9,0,,,0,S
37,257,29,15.7,19.1,61.3,2.6,0,,,0,SW
37,271,29.4,10,13.7,62.3,1.2,0,,,0.1,NW
37,278,32.4,13.7,17.6,60.9,0.9,0,,,0.1,N
37,285,31.9,13.9,18.1,64.3,1.4,0,,,0.1,SW
37,288,31.5,14.7,19.1,54.2,1.5,0,,,0.1,S
37,311,27.4,13,15.4,65.5,0.9,0,,,0,S
37,800,30,15.3,19.4,60.6,2.5,0,,,0.1,S
37,804,30.5,19.3,20.3,45.7,3.1,0,,,0.3,SW
37,808,30.4,18.3,19.1,50.6,2.5,0,,,0.1,S
37,828,31.5,14.5,18.7,60.7,2,0,,,0.1,S
37,830,34.3,14.9,19.1,35.4,2.1,0,1,,0.1,W
37,843,30.8,16.5,16.8,47.7,1.9,0,,,0.2,W
37,845,32.9,14.6,19.7,52.4,1.1,0,,,0,SW
37,846,32.3,16.2,19.5,47.5,1.8,0,,,0,W
37,852,25.7,19.7,19.8,54.1,2,0,,,0.1,SW
37,860,33.2,17.7,21.5,43.7,1.1,0,1,,0.2,NW
37,905,30.6,14.1,18,55.1,2.4,0,,,0,NW
37,915,30.1,11.8,17.3,71.7,1.8,0,,,0,NE
37,922,30,12.9,15.7,57.1,1.2,0,,,0.3,S
37,927,30.6,12.1,15.8,59.5,1.7,0,,,0.2,SW
37,935,31.1,12.7,17.3,54.8,2.2,0,,,0.2,SE
37,991,31.9,15.1,18.7,53.3,2.4,0,,,0,SW
37,992,32.2,13.4,17.8,57.1,1.8,0,,,0.1,S
37,995,32,16.6,19.5,44.9,2,0,,,0.2,SW
38,130,26,19.1,18.6,69,1.5,0,,,0.4,SE
38,138,29.7,20.8,20.4,53.8,2.5,0,,,0.3,W
38,143,31.4,20.5,21.5,51,1.5,0,,,0.2,S
38,152,29.6,19,17.9,59.4,1.3,0,,,0.1,S
38,159,25.7,20.4,19.8,81,3.3,0,,,0,S
38,162,25.8,18.7,17.8,87.2,1.7,0,,,0,S
38,257,30.5,19.1,19.2,69.6,1.8,0,,,0,SW
38,271,29.2,13.7,15.3,69.1,1.1,0,,,0,NW
38,278,32.2,17.6,18.4,62.1,0.9,0,,,0.1,N
38,285,30.5,18.1,18.6,70.9,1,0,,,0.2,SW
38,288,31.5,19.1,19.6,59.8,1.5,0,,,0.1,S
38,311,24.5,15.4,15.6,81.2,0.8,0,,,0,S
38,800,26.5,19.4,17.4,66.2,2.2,0,,,0.4,S
38,804,28.5,18.7,18.3,62.5,2.2,0,,,0.4,NE
38,808,29,18.6,17.8,61,3.1,0,,,0,W
38,828,30.8,18.7,19.7,71.1,1.8,0,,,0,S
38,830,32.2,18,16.7,47.4,1.6,0,,,0.5,SE
38,843,28,16.8,17.2,66.8,1.7,0,,,0.4,SE
38,845,32.6,19.7,21,55.7,1.1,0,,,0.1,SW
38,846,31.5,19.5,20.7,56,1.6,0,,,0,W
38,852,24.7,19.3,18.9,66.4,1.6,0,,,0.3,SW
38,860,31.9,21.5,22.2,50.9,1.4,0,,,0.2,SE
38,905,30.9,18,17,64.8,1.6,0,,,0.1,SE
38,915,29.8,17.3,17.5,77.5,1.6,0,,,0.1,S
38,922,29.4,15.7,16.1,64.9,0.9,0,,,0.4,SE
38,927,30.1,15.8,16.4,63.4,1.7,0,,,0.2,SW
38,935,30.8,17.3,17.9,61.4,2,0,,,0.2,S
38,991,31.2,18.7,20.2,62,2.2,0,,,0,SW
38,992,31.1,17.8,20.3,62.3,1.7,0,,,0.1,SW
38,995,29.3,18.2,17.5,59,1.4,0,,,0.1,SW
39,130,24.5,18.6,19.2,78.6,2,0,,,0,S
39,138,29.7,20.4,20.5,60.7,2.6,0,,,0.2,W
39,143,31.1,21.5,20,60.6,1.4,0,,,0.5,E
39,152,26.7,17.9,17.1,77.3,1.4,0,,,0.2,S
39,159,26.3,19.8,19.1,80.7,2,0,,,0.7,E
39,162,27.7,17.8,18,79.9,1.4,0,,,0.3,NE
39,257,29.4,19,17.9,74.9,1.2,0,,,0,SW
39,271,29.6,15.3,14.2,69.8,1.1,0,,,0.1,NW
39,278,33.4,18.4,18.1,66.8,1,0,1,,0.1,W
39,285,30.6,18.6,17.4,75.2,0.9,0,,,0.1,SW
39,288,30.5,19.6,18,66.1,1.5,0,,,0.2,S
39,311,26.2,15.6,16.3,84.8,0.7,0,,,0,S
39,800,27.2,17.4,17.6,74.6,2.8,0,,,0,S
39,804,28.9,18.3,18.8,68.3,2.4,0,,,0.3,SW
39,808,27.7,17.8,16.5,72.3,3.3,0,,,0,S
39,828,30.9,19.7,18.6,75,1.7,0,,,0,S
39,830,31.5,16.7,16,62.7,1.6,0,,,0.3,SE
39,843,32.6,17.2,17.7,64,1.3,0,,,0.1,W
39,845,31.8,21,19.2,65.4,1,0,,,0.1,SW
39,846,31.6,20.7,19.8,62.3,1.6,0,,,0,W
39,852,23.8,18.5,18.5,78.1,2.6,0,,,0,SW
39,860,31.3,22.2,21.8,60.2,1.3,0,,,0.1,NW
39,905,29.5,16.9,15.2,73.6,1.4,0,,,0.1,NW
39,915,29.9,17.5,16.1,82.6,1.6,0,,,0.2,NE
39,922,28.6,16.1,14.1,71.8,1.1,0,,,0.2,S
39,927,30.1,16.4,14.3,73.2,1.5,0,,,0.2,SW
39,935,30.6,17.9,16.9,67.7,2.1,0,,,0.3,SE
39,991,31.1,20.2,18.6,67,1.8,0,,,0,SW
39,992,31.3,20.3,17.6,69.2,1.7,0,,,0.1,SW
39,995,29.4,17.5,16.8,70.7,1.3,0,,,0.2,SW
40,130,31.6,20.4,17.9,59.9,2.3,0,,,0,W
40,138,33.7,20.5,21.5,50.3,2.9,0,1,,0,SW
40,143,33.5,20,20.6,50.8,2.1,0,1,,0.2,W
40,152,29.2,17.1,20.6,69.5,1.8,0,,,0.1,S
40,159,25.8,19.1,20.7,79.9,2.6,0,,,0.2,S
40,162,24.6,18,18.9,84.2,2,0,,,0.1,S
40,257,30.4,17.9,21.1,73.2,2.3,0,,,0,SW
40,271,29.4,14.2,15.5,68.8,1.5,0,,,0.1,NW
40,278,31.6,18.1,16.7,63.8,2.1,0,,,0,W
40,285,33.1,17.4,17.4,62,1.1,0,1,,0.1,W
40,288,33.4,18,20,64.9,1.5,0,1,,0.2,S
40,311,27.1,16.3,13.1,74.1,0.8,0,,,0.1,S
40,800,32.7,17.6,21.8,61.1,2.8,0,,,0,S
40,804,32.7,18.8,20.8,53.9,3.1,0,,,0,W
40,808,31.2,16.5,20.6,67,2.2,0,,,0,S
40,828,32.6,18.6,20.1,67.5,1.1,0,,,0,W
40,830,34.2,16,18.4,50.3,2.5,0,1,,0.1,W
40,843,31.7,17.7,16.6,56.2,2.5,0,,,0.1,W
40,845,33.9,19.2,20.1,56,1.4,0,1,,0,W
40,846,32.8,19.8,18.4,52.6,2.3,0,,,0,W
40,852,29.6,18.9,19.7,61.6,2.4,0,,,0.1,W
40,860,33.8,21.8,20.7,49.1,1.4,0,1,,0.2,NW
40,905,32.3,15.2,18.3,69.8,1.9,0,,,0.2,SE
40,915,31.3,16.1,15.6,73.6,1.9,0,,,0.1,NE
40,922,31.5,14.1,17.4,67.4,1.1,0,,,0.4,E
40,927,32.1,14.3,18.5,67.8,1.8,0,,,0.2,SW
40,935,32.3,16.9,17,58.3,2.5,0,,,0.2,W
40,991,33.1,18.6,18.9,58.9,2.1,0,1,,0.1,W
40,992,32.4,17.6,17.5,62.2,1.8,0,,,0.1,NW
40,995,33.2,16.8,20.2,57.5,1.9,0,1,,0.1,SW
41,130,27.2,17.9,16.5,56.9,1.7,0,,,0.2,SE
41,138,29,20.2,18.8,43.2,2.9,0,,,0.5,W
41,143,31.5,20.6,19.1,39.7,3.2,0,,,0,W
41,152,29.2,19.2,18.9,47.7,1.8,0,,,0.1,NE
41,159,30.1,20.6,20.5,55.5,2.5,0,,,0,S
41,162,29.3,18.8,18.7,65.3,1.7,0,,,0.2,S
41,257,33,20.1,19.4,51.9,1.8,0,1,,0,SW
41,271,28.7,15.5,12.8,48.9,2.2,0,,,0.1,NW
41,278,30.9,16.7,16,51.8,1.8,0,,,0.1,W
41,285,32.1,17.4,17,53.5,0.9,0,,,0.2,SW
41,288,32.9,20,19.1,44.5,1.8,0,,,0.1,NW
41,311,26.1,13.1,13.9,52.4,1.4,0,,,0.2,S
41,800,27.5,18,16,51.2,2.6,0,,,0.2,S
41,804,28.7,18.9,16.4,46.4,2.8,0,,,0.3,NE
41,808,27.5,18.6,18,50.3,3.3,0,,,0.1,S
41,828,31.2,20.1,17.9,49.7,2.1,0,,,0,N
41,830,32.1,18.4,15.8,35.5,2.9,0,,,0,NW
41,843,29.1,16.6,15.9,44.7,2.5,0,,,0.2,W
41,845,31.7,20.1,18.8,44.1,1.6,0,,,0,W
41,846,30.8,18.4,19.3,41.7,2.4,0,,,0,NW
41,852,26.1,18.7,17.9,53,2.2,0,,,0.1,S
41,860,31.2,20.7,20.5,40.4,1.5,0,,,0.2,NW
41,905,31.2,18.3,16.6,49.9,1.7,0,,,0.1,W
41,915,31.8,15.6,15.8,60,2,0,,,0.3,NE
41,922,30.8,17.4,15.7,52.1,1.3,0,,,0.1,NW
41,927,31.3,17.6,15.6,50.3,2,0,,,0.2,NE
41,935,31.5,17,16.3,48.6,1.9,0,,,0.1,N
41,991,31.2,18.9,17.6,48.1,1.9,0,,,0.1,NW
41,992,31.2,17.5,16.5,49.6,2.1,0,,,0.1,NW
41,995,30.7,17.8,15.9,47,2.1,0,,,0.2,SW
42,130,25.4,16.5,17.1,72.4,1.8,0,,,0.2,S
42,138,22.9,18.8,18,75.1,1.9,0,,,0.6,NE
42,143,31.5,19.1,19.3,42.4,1.6,0,,,0.5,SE
42,152,27.3,17.6,17,61.3,1.4,0,,,0.1,S
42,159,24.9,19.1,19,69.4,2.2,0,,,0.4,S
42,162,23.9,17.8,17.6,76.5,1.6,0,,,0.1,S
42,257,28.3,17.9,16.8,63.1,1.3,0,,,0.1,SW
42,271,29.2,12.8,13.6,59.4,1.2,0,,,0.3,NW
42,278,31.9,16,17.2,53.4,1,0,,,0.1,N
42,285,30.4,17,17.4,60.3,0.8,0,,,0.2,SW
42,288,30.1,19.1,16.8,54.9,1.4,0,,,0.3,S
42,311,24.5,13.9,13.9,65.2,0.8,0,,,0,S
42,800,23.9,16,16.6,76.8,2.1,0,,,0.5,E
42,804,23.7,16.4,15.2,78.7,2.1,0,,,0.5,NE
42,808,23.1,16.8,16.4,79.8,1.9,0,,,0.3,NW
42,828,30.1,17.9,18,58.7,1.4,0,,,0,S
42,830,31.2,15.8,14.8,58,1.1,0,,,0.5,SE
42,843,26.8,15.9,17.7,56.2,2,0,,,0.4,SE
42,845,31.8,18.8,19.1,46.5,0.9,0,,,0.2,SW
42,846,31,19.3,19.1,42.7,1.7,0,,,0.1,W
42,852,23.9,17.9,17.2,70.8,2.4,0,,,0.1,S
42,860,30.9,20.5,20.8,40.1,1.2,0,,,0.3,NW
42,905,28.6,16.2,14,58.9,1.2,0,,,0.1,NW
42,915,29.2,15.8,15.4,68.8,1.5,0,,,0.2,NE
42,922,28.2,15.7,13,59.5,1,0,,,0.2,S
42,927,28.7,15.6,14.4,62.8,1.4,0,,,0.2,SW
42,935,29.3,16.3,16.4,49.4,1.8,0,,,0.3,SE
42,991,30.4,17.6,19.1,52.7,1.9,0,,,0.1,SW
42,992,30.8,16.5,17.1,53.2,1.6,0,,,0.2,SW
42,995,27.8,15.9,14.5,69.5,1.3,0,,,0.2,NE
43,130,22.3,17.1,16.2,85.9,2.6,4.5,,,0,S
43,138,25.9,18,18.9,70.9,1.8,12.1,,,0.1,SW
43,143,24.7,17.8,17.8,69.8,1.6,30.8,,,0.7,SE
43,152,22.8,17,18.9,82.2,0.9,8.2,,,0.1,NW
43,159,24.5,19,20.2,83.8,1.4,10.9,,,0.5,NE
43,162,24.8,17.6,19.6,83.7,1.9,46.8,,,0.4,NE
43,257,25.9,16.8,19.9,75.4,1,24.6,,,0.5,NE
43,271,25.5,13.6,15.9,75.3,0.7,7.5,,,0.1,NW
43,278,26,17.2,17.9,77.2,0.6,21.5,,,0.1,N
43,285,22.1,17.4,18.5,88.8,0.5,37.1,,,0.3,SW
43,288,24,16.8,19.5,74.9,0.8,28.7,,,0.3,W
43,311,18.8,13.9,16.5,81.5,0.5,33.5,,,0,S
43,800,23.5,16.6,18.4,83,2.5,12.5,,,0,SW
43,804,26.5,15.2,17.8,75.8,1.8,12,,,0.1,S
43,808,24.4,16.4,17.9,81.9,1.7,8.5,,,0.1,S
43,828,22.6,18,18.3,94.3,1,32.5,,,0.1,NW
43,830,27.3,14.8,18.9,77.7,0.9,15.5,,,0.2,NW
43,843,28.2,17.3,17.3,61.8,1.4,4,,,0,W
43,845,25.5,18.7,18.3,76.6,0.4,33.5,,,0.1,W
43,846,24.3,17.7,18,74.4,1.5,34,,,0,W
43,852,21.5,17.2,16,88,3,3,,,0,S
43,860,25.7,18.4,18.4,69.2,1,30,,,0.6,E
43,905,23.4,14,19.1,74,0.9,25,,,0.1,NW
43,915,22.1,15.4,18.1,94.3,1,32.5,,,0.3,NE
43,922,21.2,13,18.3,79.7,0.6,16.5,,,0.1,S
43,927,23.2,14.4,19,84.5,0.7,18,,,0.1,SW
43,935,22.2,16.4,18.1,85.4,0.9,34.5,,,0.2,W
43,991,23.6,18.2,18.2,80.6,1.7,31,,,0,SW
43,992,24,17.1,18.1,80.7,1.2,31.5,,,0.2,SW
43,995,24.7,14.5,17.7,77.8,0.8,11,,,0.2,SW
44,130,24.4,16.2,15.5,93.5,1.6,27.6,,,0.4,S
44,138,25.2,18.9,19.9,88.9,1.3,59,,,0.4,NE
44,143,27.1,18,20.1,86.6,1.6,32.7,,,0.7,SE
44,152,22.5,18.9,18.6,94.9,1.2,68.7,,,0.3,NE
44,159,22.7,19.7,19.2,96,3.2,166.7,,,0.1,SW
44,162,23.2,19.7,19,95.3,2.9,83.7,,,0.1,SW
44,257,,,21.8,99.6,1.6,96.5,,,0.3,SW
44,271,29,16.1,19.2,88,0.9,29.1,,,0.1,SE
44,278,29.6,18,19.6,88.5,0.8,81.2,,,0.1,SW
44,285,27.2,18.6,20.4,93.6,0.6,38.2,,,0.4,E
44,288,27.3,19.6,22.2,91,0.8,61,,,0.2,NW
44,311,24.1,16.8,17,96.4,0.6,51.5,,,0.1,S
44,800,26.1,18.4,17.5,88.7,2.2,83,,,0.5,E
44,804,27.4,17.8,18.2,89.8,1.4,71.5,,,0.5,NE
44,808,26.2,17.9,17.9,89.4,1.4,72.5,,,0.1,NW
44,828,26.5,18.6,21.2,98.4,1,38.5,,,0,NW
44,830,27.6,18.9,18.3,89,1,73,,,0.3,SE
44,843,29,17.3,18,86.7,1.1,28,,,0.4,SE
44,845,28.4,18.3,19.9,90.5,0.8,44,,,0.5,NE
44,846,27.1,18.2,20.3,89.7,1.7,42,,,0.2,NE
44,852,21.9,16,14.9,95.2,2.1,16.5,,,0.2,NE
44,860,27.7,18.4,21,86,1,40,,,0.7,E
44,905,24.2,19.2,20.3,95.7,1,83.5,,,0.2,SE
44,915,26.6,18.1,21.3,98.2,1.3,44.5,,,0.5,NE
44,922,24.6,18.6,20.6,97.1,0.6,68,,,0.1,NW
44,927,26.4,19,20.5,95.8,0.7,56.5,,,0.2,W
44,935,26.9,18.2,21.1,90.1,1,38.5,,,0.2,W
44,991,28.2,18.4,20.7,92.6,1.2,42,,,0.2,NW
44,992,26.8,18.5,20.1,94.2,1,48,,,0.2,NE
44,995,25.2,17.7,17.1,93.4,0.9,58.5,,,0.3,SW
45,130,20.7,15.5,18.8,96.7,1.4,27.6,,,0.3,S
45,138,27.4,19.9,24,79,2.3,59,,,0.4,NE
45,143,32.6,20.1,23.6,73.7,1.5,32.7,,,0.4,SE
45,152,30.1,18.6,21.3,81.2,1.4,68.7,,,0.1,S
45,159,25,19.2,20,92.9,3,166.7,,,0,S
45,162,24,19,20.2,93.1,2.2,83.7,,,0,S
45,257,29.1,21.8,21.9,90,2.3,96.5,,,0,SW
45,271,29.8,19.2,20.9,80.1,1,29.1,,,0.1,NW
45,278,33.2,19.6,23.6,76.5,1,81.2,1,,0.1,SW
45,285,31.5,20.4,23,83.4,1.3,35,,,0.1,SW
45,288,31.4,22.2,23.8,80.6,1.8,61,,,0.3,S
45,311,26.4,17,18.5,91.1,0.7,51.5,,,0.1,S
45,800,26.2,17.5,21.4,91.2,2.1,83,,,0.3,S
45,804,26.5,18.2,23.4,85.2,2,71.5,,,0.6,NE
45,808,27.6,17.9,19.2,83.5,2.1,72.5,,,0.1,S
45,828,31.5,21.4,23.1,90,2.2,38.5,,,0,S
45,830,32.9,18.3,24.5,74,1.4,73,,,0.4,SE
45,843,28,18,22.6,84,1.7,28,,,0.5,SE
45,845,33.5,19.9,23.5,75.8,1.3,44,1,,0.2,SW
45,846,31.5,20.3,23.4,75.3,1.8,42,,,0.1,SW
45,852,20.3,14.9,17.6,97.4,1.8,16.5,,,0.1,S
45,860,33.1,21,23.9,71.7,1.2,40,1,,0.3,SE
45,905,29.7,20.3,22.1,85.6,2.5,83.5,,,0.1,S
45,915,30.7,21.3,22.5,86.8,1.7,44.5,,,0.1,W
45,922,29.9,20.6,22.3,82.2,1.1,68,,,0.3,SE
45,927,30.9,20.5,22.9,81.4,2.3,56.5,,,0,SW
45,935,31.5,21.1,22.6,78.8,2.2,31.5,,,0.3,S
45,991,32.1,20.7,24,81.6,2.3,42,,,0.1,S
45,992,31.9,20.1,23.5,83.1,2.2,48,,,0.2,S
45,995,30.8,17.1,22.3,79.8,1.2,58.5,,,0.4,NE
46,130,25.4,19.7,20,89.1,1.9,2.2,,,0.2,S
46,138,28.1,22.9,22.4,75.5,2.7,14.3,,,0,SW
46,143,29,22.1,19.9,79.4,1.6,8.5,,,0.3,NE
46,152,26.9,18.8,18.7,83.8,1.8,6.4,,,0.1,SW
46,159,26.4,19.3,19.3,89.8,4.2,9.8,,,0,SW
46,162,25.2,20.1,20.1,88.5,2.5,13.4,,,0,W
46,257,28.2,21,20.9,91.1,2.7,6,,,0,SW
46,271,25.8,19.1,19,86.9,1.1,8.5,,,0,S
46,278,29.6,21,18.9,85.8,1,3.2,,,0,SW
46,285,28.3,20.9,20.5,90.3,1,3.1,,,0,SW
46,288,27.3,22.5,21.2,85.3,1.8,7,,,0.3,SE
46,311,23.8,16.3,15.7,96,0.5,3,,,0.1,S
46,800,26.3,21.6,19.9,87.6,2.6,2,,,0.3,S
46,804,27.4,23.4,21.9,79.2,4.3,7,,,0,SW
46,808,28.8,19.2,19.5,83.5,2.1,11,,,0,SW
46,828,26.4,22.5,21.1,99.3,2.5,8,,,0,S
46,830,28.4,20.9,20.3,78.9,1.9,6.5,,,0.1,SW
46,843,28.1,22.1,20.5,74.7,2,1.5,,,0.2,W
46,845,28.9,23.4,20.1,83.3,1.6,4.5,,,0,W
46,846,27.6,23.4,21.6,81,2.2,4,,,0,W
46,852,24.8,17.6,19.5,90.7,2.1,1.5,,,0.1,SW
46,860,28.7,23.9,20.9,79.3,0.9,5,,,0.3,SE
46,905,27.5,19.2,18.8,90.2,2.2,6,,,0,S
46,915,28,19.3,19.3,95,1.6,11.5,,,0.1,W
46,922,24.8,18.5,18.2,93.9,0.7,12,,,0.3,NW
46,927,26,19.1,18.6,90.4,1.9,9.5,,,0.1,SW
46,935,28.7,20.7,19.5,89.8,3,13.5,,,0.2,SE
46,991,27.7,23.7,22.2,83.4,2.8,3,,,0,SW
46,992,27.7,23.2,20.9,86.7,2.8,2,,,0,S
46,995,27.1,20,18.8,86.1,1.6,5.5,,,0.1,SW
47,130,27,19.9,21,79.1,2,2.2,,,0,S
47,138,31.3,22.4,22.6,63.2,3.1,14.3,,,0,SW
47,143,29.9,19.9,21.8,71.3,1.4,8.5,,,0.4,SE
47,152,29.3,18.7,19.4,72.6,2.9,6.4,,,0,SW
47,159,25.6,19.9,19.9,87,5.3,9.8,,,0,SW
47,162,22.7,19.9,19.1,91,2.9,13.4,,,0,S
47,257,28.4,20.9,21,84.5,2.9,6,,,0,SW
47,271,27.4,19,18.1,80.6,1.3,8.5,,,0.1,S
47,278,30.2,18.9,20.9,81.2,1,3.2,,,0.1,W
47,285,29.4,20.5,19.9,79.5,1.3,3.1,,,0,SW
47,288,29.7,21.2,20.7,76.1,2.5,7,,,0.2,S
47,311,23.6,15.7,15.3,93.8,0.7,3,,,0,S
47,800,28.3,19.9,21.1,79.9,1.8,2,,,0.2,S
47,804,30.2,21.9,22,69.2,4.3,7,,,0,SW
47,808,27.9,19.5,19.7,74.1,2.2,11,,,0.1,S
47,828,28.9,21.1,20.2,90.6,3.3,8,,,0,S
47,830,31.2,20.3,20.8,69.3,2.1,6.5,,,0,SW
47,843,29.4,20.5,19.4,68.2,2.1,1.5,,,0,W
47,845,30.9,20.1,21.9,72.8,1.5,4.5,,,0.2,SW
47,846,28.9,21.6,20.8,70.4,2.4,4,,,0,W
47,852,27.3,19.5,20.1,75.9,2.6,1.5,,,0,SW
47,860,30.8,20.9,22.2,68,1.2,5,,,0.4,SE
47,905,28,18.8,18.9,81.4,3,6,,,0,S
47,915,28.3,19.7,19.4,85,2.2,11.5,,,0,SW
47,922,28.4,18.2,17.9,81,1,12,,,0.4,E
47,927,28.6,18.6,18.5,79.7,2.7,9.5,,,0.2,SW
47,935,29,19.5,19.4,79,2.8,13.5,,,0.2,SE
47,991,29.2,22.2,20.8,73.8,3.4,3,,,0,S
47,992,29.6,20.9,21.5,76.4,3.5,2,,,0,S
47,995,30.6,18.8,20,74.8,1.7,5.5,,,0.1,SW
48,130,26.9,21.6,21.6,75.4,1.7,0,,,0.2,W
48,138,33.1,22.6,23.8,56.2,3,0,1,,0,SW
48,143,32.7,21.8,21,61.5,1.6,0,,,0.2,W
48,152,29.5,19.4,20.3,69.2,1.3,0,,,0.1,S
48,159,22.7,18.8,18.7,88,3.7,0,,,0,S
48,162,23,18.2,18.2,88.7,2.2,0,,,0,S
48,257,29.7,21,19.2,77.1,2.4,0,,,0,SW
48,271,29.8,17.5,15.8,78.2,1.2,6.8,,,0.1,N
48,278,32.4,20.9,18.6,72,1.3,0.1,,,0.1,W
48,285,32.8,19.9,18.5,72.5,1.2,0,,,0,SW
48,288,33.2,20.7,19.8,68.8,1.5,0,1,,0.1,SE
48,311,26.6,15.3,15.3,87.6,0.7,0,,,0,S
48,800,29.5,21.1,20.2,74.2,2,0,,,0.2,S
48,804,32.4,22,21,63.1,2.8,0,,,0.1,W
48,808,30.2,20.3,21.1,67.7,2.9,0,,,0,W
48,828,32.6,20.2,19.7,77.9,1.5,0,,,0.1,S
48,830,33,20.8,18.8,66.6,2.5,0,1,,0.1,W
48,843,30.8,19.4,20.1,70.6,2.1,0.5,,,0.2,W
48,845,33.4,21.9,20.1,65.1,1.1,0,1,,0,W
48,846,31.8,20.8,20.6,65.5,1.8,0,,,0,W
48,852,26.9,20.4,21.2,71.1,2.1,0,,,0.1,S
48,860,33,22.2,22.7,60.1,1.2,0,1,,0.1,NW
48,905,31.8,18.9,17.6,74.8,2,0,,,0,SE
48,915,31.8,19.4,17.3,78.9,1.8,0,,,0.1,S
48,922,31,17.9,17.3,75.2,0.8,0,,,0.4,SE
48,927,31.9,18.5,17.6,74.9,1.4,0,,,0.2,SW
48,935,32,19.4,18.7,69.6,1.8,0,,,0.4,SE
48,991,33,20.8,19.6,68.1,2,0,1,,0,SW
48,992,32.9,21.5,18.9,72.8,1.5,0,,,0,SW
48,995,32.4,20,20.7,68,1.8,0,,,0,SW
49,130,31.4,22,22,63.8,1.9,0,,,0,W
49,138,33.7,23.8,26.4,53.2,2.4,0,1,1,0.1,SW
49,143,33.8,21,25.7,61.3,1.3,0,1,1,0.3,S
49,152,32.7,20.3,24.8,59.1,1.8,0,,,0,SW
49,159,27.6,18.7,22.8,78.1,3.2,0,,,0,S
49,162,25.1,18.6,21.9,87.1,1.5,0,,,0.1,S
49,257,32.3,19.2,24.1,74.8,2.3,0,,,0,SW
49,271,31.6,15.8,19.6,73.1,1,6.8,,,0.1,NW
49,278,34,18.6,23.1,72.2,0.8,0,1,,0.1,SW
49,285,31.2,18.5,25.1,77.9,1.2,0,,1,0,SW
49,288,33.6,19.8,25.1,70.1,1.4,0,1,1,0.1,S
49,311,27.2,15.3,19.4,84.5,0.8,0,,,0,S
49,800,31.6,20.2,22.8,68.7,1.8,0,,,0.1,S
49,804,33.4,21,25.5,59.9,2.3,0,1,1,0.1,SW
49,808,31.3,21.2,20.3,65.7,2.3,0,,,0,W
49,828,31.9,19.7,25.2,81.4,2.2,0,,1,0,S
49,830,34.8,18.8,24.2,64,1.5,0,1,,0.1,W
49,843,33.4,20.1,21.3,56.5,2.3,0.5,1,,0.2,W
49,845,34.3,20.1,25.8,66.6,0.9,0,1,1,0.1,SW
49,846,32.5,20.6,25.9,65.6,1.8,0,,1,0,W
49,852,29.2,21.4,21,61.2,2.5,0,,,0,SW
49,860,33.7,22.7,26.3,59.2,1.4,0,1,1,0.1,NW
49,905,32.6,17.6,22.7,73.5,1.7,0,,,0.1,NW
49,915,29.9,17.3,24.3,84.8,2,0,,,0,S
49,922,32.2,17.3,23,73.5,0.8,0,,,0.4,E
49,927,32.4,17.6,23.7,73.4,1.8,0,,,0.1,SW
49,935,30.6,18.7,24.9,73.6,2.2,0,,,0.2,S
49,991,32.4,19.6,26.3,69.7,2.4,0,,1,0,SW
49,992,32.8,18.9,25.5,74.2,2,0,,1,0.1,S
49,995,34.1,20.7,23.3,67.4,1.3,0,1,,0.2,SW
50,130,26.6,17.8,17.8,82.4,2.4,0.1,,,0,S
50,138,30.6,25.8,25.2,65.5,3.6,0.3,,1,0,SW
50,143,29.4,24.1,23.8,70.2,1.8,1.5,,,0.2,S
50,152,28.4,24.8,24.7,74.5,3.9,0,,,0,SW
50,159,24.1,22.8,23,94.6,6.3,2.7,,,0,SW
50,162,25.4,21.9,22.9,92.2,4.2,1.3,,,0,SW
50,257,26.9,23.6,23.4,95.3,3.4,1.1,,,0,SW
50,271,24.9,19.6,21.4,88.1,1,13.7,,,0,S
50,278,28.1,23.1,23.6,84.5,1.2,4.7,,,0,S
50,285,27.6,24.4,23.7,84.8,2,0.8,,,0,SW
50,288,29,25.1,25.1,80,2.9,0.8,,1,0,S
50,311,24.1,19.4,20.3,89.7,0.8,1,,,0.1,S
50,800,28.2,22,22,79.9,4.2,0.5,,,0,S
50,804,29.2,24.7,24.7,70.9,4.5,0.5,,,0,SW
50,808,29.3,20.3,22.5,79.7,3,1.5,,,0,S
50,828,28,24.2,23.6,96.2,3.6,0.5,,,0,S
50,830,30.3,25.2,25.8,66.7,3,1,,1,0,SW
50,843,28.7,21.3,22.6,72.5,2.5,3,,,0,W
50,845,29.6,23.9,23.3,72.3,2.6,3,,,0.1,SW
50,846,28.2,24,23.2,74.5,2.8,2.5,,,0,SW
50,852,26.6,17.1,16.8,84.4,3.2,0,,,0,SW
50,860,29.8,24.5,23.8,67.5,1.7,2,,,0.1,SE
50,905,27.2,23,23.2,88.3,2.6,3,,,0,SE
50,915,26.7,24,23.5,89.1,2.7,1,,,0,S
50,922,28.1,23.3,23.3,80.8,1.5,3.5,,,0.6,SE
50,927,27.8,24.3,25,78,4.2,0.5,,1,0,S
50,935,27.7,24.3,23.8,85.8,3.3,2,,,0.1,S
50,991,28.4,25.3,24.1,77.8,4.8,2,,,0,S
50,992,28.4,24.4,23.9,82.1,3,5,,,0,S
50,995,29.2,23.3,23,76,1.8,0.5,,,0.1,SW
51,130,25.7,17.9,17.2,88.7,2.8,17,,,0,S
51,138,27.9,19.8,18.3,77.8,2.7,16.6,,,0,SW
51,143,26.9,18.3,18,87.3,1.8,73.1,,,0.2,NE
51,152,26.5,19.7,17.4,81.5,3.5,18.6,,,0.1,SW
51,159,23.7,22.1,18.7,94.6,8.9,7.1,,,0,SW
51,162,24.7,22.6,18.3,90.4,6.4,15,,,0,SW
51,257,24.8,21.2,18.9,98.1,3.2,9.2,,,0.1,SW
51,271,24.3,16.6,16.4,93.6,1.1,48.5,,,0.1,S
51,278,25.3,18,17.8,96.1,1.1,89.7,,,0.1,SW
51,285,25.9,18.5,18,93.7,1.6,74.5,,,0.1,SW
51,288,26.5,20.3,18,85.9,3.1,29.9,,,0.1,S
51,311,22.2,16.2,13.8,96.7,0.7,101.5,,,0.2,NW
51,800,25.4,19.9,18.7,89.3,3.6,23,,,0.1,S
51,804,26.7,19,17.9,82.4,3.7,24,,,0,SW
51,808,25.1,19.1,17.6,88.2,2.7,15.5,,,0,S
51,828,25.2,18.6,17.2,99.9,2.7,72.5,,,0,S
51,830,28,18.4,17.7,80.1,2.9,26.5,,,0,SW
51,843,26.6,17.4,17.4,83.2,2.3,16.5,,,0.1,W
51,845,26.9,18.1,17.8,94.3,1.4,70,,,0.1,SW
51,846,26.1,17.6,17.1,90.7,2.3,88.5,,,0,SW
51,852,23.5,16.8,14.6,91.4,2.9,15,,,0,SW
51,860,28,18.3,18.1,86.5,1.2,89,,,0.3,SE
51,905,26.7,20.4,18.7,89.8,2.3,26.5,,,0,S
51,915,25.4,18.2,17.6,96.3,2.9,70,,,0.2,S
51,922,25,19.3,17.3,87.4,2,42.5,,,0.6,SE
51,927,26,18.3,17.3,84.6,4.7,33,,,0.1,S
51,935,25.9,18.2,17.2,90.9,3.2,50,,,0.2,SE
51,991,26.8,18.2,17.1,89.4,3.8,100.5,,,0.1,S
51,992,25.7,18.2,17.9,94.5,2.2,107.5,,,0.1,S
51,995,27.4,18.9,16.8,85,1.6,13.5,,,0.1,S
52,130,28.2,17.2,19.1,73.6,2,17,,,0,W
52,138,27.9,18.3,21,68.6,2.8,17.7,,,0,SW
52,143,27.3,18,17.8,71.9,1.6,74.1,,,0.1,W
52,152,27.4,17.4,19.1,76.5,1.5,18.7,,,0.1,NW
52,159,23,18.7,20.4,85.7,2.2,35.8,,,0,S
52,162,24,18.3,18.1,80.1,2.1,34,,,0.2,NE
52,257,29.1,18.9,17.5,83.9,1.5,17.2,,,0,SW
52,271,27.6,16.4,14.8,80.8,1.5,48.7,,,0.1,SE
52,278,29.2,17.8,16.5,80.1,1.2,89.9,,,0.1,S
52,285,27.3,18,17.1,84.3,0.5,77.5,,,0.3,SW
52,288,28.9,18,17.6,75.4,1.2,30.2,,,0.2,NW
52,311,23.7,13.8,13.4,88.3,0.7,102.5,,,0.1,S
52,800,28.8,18.7,19.3,72.9,2.6,23.5,,,0.1,W
52,804,27.9,17.9,18.7,70.5,2.8,26.5,,,0,SW
52,808,26.7,17.6,20.2,76,3.2,17.5,,,0,W
52,828,27.4,17.2,17.5,89,0.9,73.5,,,0,N
52,830,28.8,17.7,16.2,75.7,2.1,29,,,0,W
52,843,29.5,18.3,18.8,66.3,3.2,16.5,,,0.1,W
52,845,27.6,17.8,17.1,81.8,0.9,,,,0,W
52,846,26,17.1,18,77.3,1.5,90,,,0,W
52,852,27.6,14.6,18.5,73.6,2.3,15,,,0,SW
52,860,27.6,18.1,18.8,71.4,0.8,90,,,0.2,NW
52,905,28.7,17.4,15.8,81.9,1.2,29,,,0.3,SE
52,915,28.2,17.6,16.3,86.5,1.4,72.5,,,0.4,NE
52,922,27.7,16.6,14.6,83.1,0.7,43,,,0.2,NW
52,927,27.2,17,15,80.6,1.2,33,,,0.2,NE
52,935,27.9,17.2,17.5,81,1,53,,,0.1,SW
52,991,27.6,17.1,17.6,81,1,102,,,0.2,SW
52,992,26.9,17.9,17.2,83.3,1.1,109,,,0.2,S
52,995,27.4,16.8,18.9,75.1,1.6,14.5,,,0.2,SW
53,130,29.2,19.7,17.1,68.4,1.6,0.2,,,0.1,W
53,138,28.2,21,19,66,2.4,16.6,,,0.4,NE
53,143,31.6,17.8,18.5,62.1,1.4,8.4,,,0.6,E
53,152,29.6,19.1,18,62,1.5,15.8,,,0.3,SE
53,159,28.3,20.4,20.9,71.4,2,35.8,,,0.4,S
53,162,27.8,18.1,19.8,72.6,1.4,34,,,0.1,S
53,257,31.8,17.5,19.2,69.2,1.6,17.2,,,0.3,SW
53,271,29.6,14.8,14.7,75.9,0.9,0.5,,,0.3,NW
53,278,31.5,16.5,16.7,74.3,0.7,1.3,,,0.2,NE
53,285,31.6,17.1,17.6,73.5,0.7,12.2,,,0.4,SW
53,288,32.4,17.6,17.3,69,1.5,7.6,,,0.4,NE
53,311,26.6,13.4,14,82.7,0.8,1,,,0,S
53,800,28.8,19.3,17.5,67.3,1.7,3,,,0.3,S
53,804,28.6,18.6,16.7,68.4,2.1,10.5,,,0.5,NE
53,808,26.9,18.9,17.6,69.6,2.6,17,,,0.1,W
53,828,32.1,17.5,18.2,77.2,0.8,0,,,0.1,NW
53,830,31.8,16.2,15.9,69.3,1.2,10.5,,,0.6,SE
53,843,29.5,18.6,16.7,64.9,1.9,1,,,0.3,SE
53,845,32.7,17.1,18.8,68.8,1,0,,,0.6,NE
53,846,31.1,18,18.8,63.4,1.6,6.5,,,0.4,SE
53,852,28.6,19.8,17.8,63.1,1.4,0.5,,,0.2,W
53,860,32.4,18.8,19.5,59.2,1.2,7,,,0.5,E
53,905,31.6,15.8,17.2,68.7,1.6,12,,,0.3,NW
53,915,31.4,16.3,16.3,77.1,1.7,5,,,0.4,NE
53,922,30.4,14.6,13.7,71.5,0.8,14.5,,,0.4,SE
53,927,31.3,15,13.7,75,0.8,8,,,0.3,E
53,935,32,17.5,17.6,67,1.5,9.5,,,0.3,W
53,991,31.9,17.6,17.7,74.8,1.1,6.5,,,0.2,W
53,992,32.3,17.2,16.6,70.6,1.2,4.5,,,0.4,E
53,995,29.9,17.7,16,66.1,1.4,13,,,0.3,SW
54,130,23,17.1,18.6,85.8,1.2,0.1,,,0.3,W
54,138,22.4,19,19,89.6,1.9,22.2,,,0.6,NE
54,143,24.7,18.5,19.8,82,2.7,6.7,,,0.9,SE
54,152,22.7,18,19.1,86.1,1.2,33.1,,,0.2,NE
54,159,22.8,20.2,20.5,85.4,2.3,44.3,,,0.4,NE
54,162,21.9,19.4,20.1,84.1,2.2,18,,,0.4,NE
54,257,24.5,19.2,20.7,88.7,2.7,30.9,,,0.9,NE
54,271,25.6,14.7,16.4,78.3,1,1.2,,,0.3,SE
54,278,27.6,16.7,18.5,83.7,0.6,8.6,,,0.1,N
54,285,23.2,17.6,20,94.6,0.5,11.9,,,0.5,SW
54,288,22.7,17.3,20.8,85.6,0.9,21.7,,,0.4,NE
54,311,19.1,14,16.9,95.8,0.5,18,,,0,S
54,800,23.4,17.5,19.3,86.8,1.7,2,,,0.4,E
54,804,22.7,16.7,18.6,89.9,2.3,18.5,,,0.5,NE
54,808,22.3,17.6,18.7,91.9,1.9,21.5,,,0.1,N
54,828,23.8,18.2,19.7,98.5,0.6,13.5,,,0,NW
54,830,24.4,15.9,19.1,86.4,1.1,19.5,,,0.4,E
54,843,25.4,16.7,17.6,74.6,1.5,0.5,,,0.4,SE
54,845,26.4,18.8,20,87,1,12.5,,,0.5,NE
54,846,24.4,18.8,19.5,81.6,2.2,10,,,0.7,E
54,852,22.6,17.2,16.2,83.7,1.7,0,,,0.2,NE
54,860,25.9,19.5,20,78.9,1.5,9.5,,,1,E
54,905,23.2,17.2,19.8,88.4,1.3,50,,,0,NW
54,915,23.1,16.3,19.7,97.9,1.3,13,,,0.5,NE
54,922,23.3,13.7,20,90.8,0.6,34,,,0.2,NW
54,927,22.3,13.7,20.3,91.9,0.6,24,,,0.1,SW
54,935,23,17.6,19.7,90.7,0.9,15.5,,,0.2,W
54,991,24.7,17.7,19.1,90.6,2.1,6,,,0.6,NE
54,992,25,16.6,18.9,90.6,1,15,,,0.4,NE
54,995,22.6,16,18,92.1,1.8,32.5,,,0.3,NE
55,130,22.8,17.4,17.5,92.8,1.4,2.9,,,0.2,NW
55,138,21,19.3,19.9,93.2,1.8,22.2,,,0.8,NE
55,143,29,19.9,22.1,77.8,2.5,6.7,,,0.2,SE
55,152,26.5,19.1,20.3,84.9,1.7,33.1,,,0.2,S
55,159,23.9,20.5,20.1,87.7,3.5,44.8,,,0.1,SW
55,162,25.2,20.1,19,80.9,2.6,18,,,0,S
55,257,27.4,20.7,18.9,86.5,2.4,30.9,,,0.3,SW
55,271,24.2,17.1,18,91.9,0.7,2.3,,,0.1,N
55,278,26.8,18.7,19.8,89.4,0.8,8.7,,,0.1,NE
55,285,29.1,20,20.4,85.3,0.9,11.9,,,0.1,SW
55,288,28.2,20.8,19.4,81.6,1.5,21.7,,,0.1,S
55,311,22.8,16,15.7,93.8,0.6,18,,,0.1,S
55,800,22,18.7,18.7,90.9,1.5,2.5,,,0.4,NE
55,804,22,19.1,19.1,93.9,1.4,19.5,,,0.7,E
55,808,20.9,18.8,18.8,93.4,1.5,21.5,,,0.3,N
55,828,28.5,19.7,20.9,92.9,1.8,13.5,,,0,S
55,830,23.1,19.2,19.2,91.8,1,19.5,,,0.5,SE
55,843,23.6,17.6,18.1,93.9,1.2,5,,,0.5,SE
55,845,29.4,20.1,22.2,81.8,1.4,12.5,,,0.3,SW
55,846,27.7,19.8,21.3,79.9,1.8,10,,,0.3,SW
55,852,19,16.2,16.8,95.2,3.3,3.5,,,0.3,NE
55,860,28.5,20.3,22.4,76.1,1.7,9.5,,,0.6,SE
55,905,26.8,18.9,17.8,87.4,1.7,50,,,0.1,S
55,915,29.3,19.7,18.9,87.8,1.7,13,,,0.2,S
55,922,26.5,18.6,17.1,84.7,0.9,34,,,0.5,E
55,927,27.3,19.7,17.9,84,2,24,,,0.1,SW
55,935,28.5,19.7,19.6,82.6,2.5,15.5,,,0.3,SE
55,991,28.7,19.1,21,83.4,2,6,,,0,SW
55,992,28.8,18.9,20.7,85.3,2,15,,,0.1,S
55,995,21,18.2,18.7,96.4,1,32.5,,,0.2,NE
56,130,24,17.6,18.4,86,1.6,2.9,,,0.4,S
56,138,29.6,20,22.1,71.9,2.2,0.5,,,0.1,W
56,143,30.1,22.1,20.6,64.7,2.2,0.1,,,0,NW
56,152,30,20.3,20.6,66.1,1.6,2.2,,,0.2,NW
56,159,26.6,20.1,20.9,75.7,3.9,1.6,,,0,S
56,162,27.6,19,19.2,73,2.4,0.3,,,0,S
56,257,31.7,18.9,21.1,73.8,2.1,8,,,0,SW
56,271,23.8,17.3,16.1,86.4,1.1,2.3,,,0.1,N
56,278,28.1,20,18.6,81.2,1.2,0.9,,,0.1,NW
56,285,31.6,20.4,19.9,70.9,1.2,0.9,,,0.1,SW
56,288,33,19.4,21.2,69.5,1.1,1.4,1,,0.2,W
56,311,26.6,15.7,15.9,82.4,0.8,2,,,0.3,S
56,800,29,18.8,19.5,82.4,2.3,2.5,,,0.5,E
56,804,28.9,19.1,20,78,2.3,1,,,0.2,W
56,808,28.9,18.8,20,80,2,0.5,,,0.1,W
56,828,30.8,20.9,20.6,81,1.7,0,,,0,S
56,830,30,19.4,19.7,74.4,2.7,1.5,,,0.1,W
56,843,27.6,18.1,20.3,72.4,2.9,5,,,0.1,W
56,845,30.9,22,19.9,71.7,1.4,0,,,0,W
56,846,29.2,21.3,20.8,69.7,2.1,0,,,0,W
56,852,23.2,16.8,18.4,90.5,1.7,3.5,,,0.2,NE
56,860,30,22.4,21.8,64.7,1.3,0,,,0.1,NW
56,905,30.9,17.8,19.2,73.1,1.6,2.5,,,0,NW
56,915,31.1,18.9,18.8,78.7,1.9,2,,,0,NW
56,922,30.8,17.1,18.3,76.6,0.9,0.5,,,0.3,NE
56,927,30.8,17.9,18.6,76.1,1.3,1.5,,,0.2,SE
56,935,31.7,19.6,20.2,67.8,1.9,3,,,0.2,W
56,991,30.2,21,20,72.8,1.9,0.5,,,0.1,NE
56,992,29.4,20.7,19.2,78.4,1.4,0.5,,,0.2,SW
56,995,28.7,18.7,20.1,80.5,1.7,1,,,0.1,SW
57,130,27.9,18.4,20.8,80.9,1.6,0,,,0,S
57,138,31,22.5,24.3,65.4,2.1,0,,,0.3,SW
57,143,32.9,20.6,23.5,65.2,1.1,0,,,0.3,NW
57,152,30.4,20.6,23.2,68.4,1.3,0,,,0.1,NW
57,159,27.8,20.9,21.8,75,2.4,0,,,0,SW
57,162,26.8,19.2,21.3,75.6,1.6,0,,,0.1,SE
57,257,32.4,21.1,21.6,75.2,1.7,0,,,0,SW
57,271,30.1,16.1,20.6,83.7,0.9,0,,,0.2,N
57,278,31.7,18.6,21.4,80.9,0.8,0,,,0.1,SW
57,285,33.1,19.9,21.9,74.9,0.7,0,1,,0.2,SW
57,288,34.7,21.2,23.5,67.8,1.3,0,1,,0.3,NE
57,311,27.4,15.9,18.3,88.2,0.8,0,,,0,S
57,800,30.5,19.5,21.7,75.4,1.7,0,,,0.1,S
57,804,30.6,20,21.6,70.3,1.9,0,,,0.3,NE
57,808,29.3,22.2,21.5,71,2.8,0,,,0,W
57,828,32.5,20.6,22.6,84.1,0.7,0,,,0.1,NW
57,830,33.1,19.7,21.1,72.4,1.8,0,1,,0.2,NW
57,843,31.4,20.3,22.2,70.5,2.3,0,,,0.3,W
57,845,33.1,19.9,22.7,74.2,0.8,0,1,,0.1,W
57,846,31.4,20.8,23,71.4,1.6,0,,,0,W
57,852,26.1,18.7,19.7,78.7,1.9,0.5,,,0,SW
57,860,32.7,21.8,24.6,64.4,1.1,0,,,0.1,NW
57,905,33.2,19.2,21,76,1.4,0,1,,0.2,SE
57,915,33.4,18.8,20.5,80.5,1.4,0,1,,0.2,NE
57,922,32.1,18.3,20.9,76.7,0.6,0,,,0.3,NE
57,927,32.7,18.6,20.8,76.7,0.8,0,,,0.2,W
57,935,33,20.2,22,72.5,1.3,0,1,,0.4,W
57,991,32.5,20,23,77.7,1,0,,,0.2,W
57,992,32.2,19.2,21.8,79.9,0.9,0,,,0.2,NE
57,995,31.2,20.7,21.5,73.8,1.6,0,,,0.2,SW
58,130,26.5,20.8,22.3,89,1.2,0.1,,,0.2,SE
58,138,33,24.3,26.2,68.5,1.9,0,1,1,0.3,SW
58,143,34.4,23.5,24.5,69.2,1.2,0,1,,0.4,E
58,152,33.1,23.2,24.1,69.8,1.3,0,1,,0.2,S
58,159,28.7,22.3,22.3,82.7,3.2,0,,,0,S
58,162,28,21.7,21.7,83.6,1.7,0,,,0,S
58,257,33.2,21.6,23.2,79.9,2,0,1,,0,SW
58,271,29.8,20.6,20.3,84.6,0.6,2.1,,,0.1,NW
58,278,33.9,21.4,23.1,81.9,0.6,0,1,,0.1,SW
58,285,35.3,21.9,23.3,81.4,0.8,14.3,1,,0.1,SW
58,288,36.9,23.5,25.2,69.5,1.4,0,1,1,0.1,S
58,311,30.1,18.3,20,88.1,0.8,0,,,0,S
58,800,28.5,21.7,22.8,83.6,1.6,0,,,0.3,S
58,804,31.6,21.6,23.5,79.6,1.7,0,,,0.4,NE
58,808,29.8,21.5,21.1,81.9,1.5,0,,,0.1,SE
58,828,34.3,22.6,23.8,85.3,1,0,1,,0,NW
58,830,35.6,21.1,23.3,75.7,0.8,0,1,,0.3,SE
58,843,31.4,22.2,22.8,77.9,1.1,0.5,,,0.2,W
58,845,36.1,22.7,23.7,78.2,0.9,0,1,,0.1,SW
58,846,34.7,23,23.7,75.1,1.4,0,1,,0,W
58,852,26.1,19.7,20.6,88.6,1.5,0,,,0,SW
58,860,35.6,24.6,25.5,67,1,0,1,1,0.2,NW
58,905,34.2,21,22.5,77.2,1.8,0,1,,0.1,SE
58,915,34.2,20.5,22.4,85.9,1.5,19,1,,0.1,NE
58,922,34.4,20.9,21.9,74.2,0.9,0,1,,0.3,S
58,927,35.3,20.8,23.2,75.2,1.4,0,1,,0.2,SW
58,935,35,22,23.6,81.1,1.5,0,1,,0.4,W
58,991,35.4,23,23.8,81,1.7,23,1,,0.1,W
58,992,35,21.8,23.8,84.7,1,2.5,1,,0.2,NW
58,995,34.2,21.5,23.4,80.6,1.2,0,1,,0.2,SW
59,130,29.3,22.3,23.8,82.3,1.9,0.1,,,0.3,SE
59,138,35.1,26.2,27.4,66.8,2.4,0,1,1,0.2,W
59,143,36.5,24.5,25.9,68.3,1.2,0,1,1,0.2,W
59,152,33.2,24.1,25.1,70.9,1.4,0,1,1,0.1,S
59,159,29.4,22.4,24.4,82.5,3.5,0,,,0,S
59,162,29,21.7,22.2,82,1.9,0,,,0,S
59,257,,,,80.2,2.4,0,,,0,SW
59,271,32.5,20.3,20.6,83,1.1,2.1,,,0.1,NW
59,278,35,23.1,24,80,0.9,0,1,,0.1,SW
59,285,34.9,23.3,23.1,81.3,0.9,14.3,1,,0.1,SW
59,288,36.4,25.2,24.5,70.8,1.4,0,1,,0.1,S
59,311,30.7,20,19,87,0.8,0,,,0.1,S
59,800,33.7,22.8,23.5,79.4,2.6,0,1,,0.2,S
59,804,35.2,23.5,25.2,76.9,1.8,0,1,1,0.4,NE
59,808,32.5,21.1,22.7,81.6,2.1,0,,,0.1,SE
59,828,34.8,23.8,23.7,85.5,1.2,0,1,,0,S
59,830,36.6,23.3,23.8,71.4,1.8,0,1,,0,W
59,843,35.5,22.8,22.7,69.1,1.6,0.5,1,,0.1,W
59,845,35.9,23.7,24.7,76.5,1.2,0,1,,0,W
59,846,34.1,23.7,24.9,75.7,1.8,0,1,,0,W
59,852,28.3,20.8,23,83.8,1.6,0,,,0.1,S
59,860,36.1,25.5,26.5,68.3,1.1,0,1,1,0.2,NW
59,905,35.5,22.5,22.5,76.2,1.6,0,1,,0.1,SE
59,915,34.2,22.4,21.7,85.8,1.4,19,1,,0,W
59,922,34.8,21.9,21.7,75.2,0.7,0,1,,0.3,NE
59,927,35.7,23.2,22.4,74.1,1.6,0,1,,0.1,SW
59,935,35.2,23.6,23.4,83.4,1.8,0,1,,0.2,SE
59,991,35.2,23.8,24.8,81.1,1.6,23,1,,0,W
59,992,34.9,23.8,23.4,84,1.4,2.5,1,,0.1,SW
59,995,35.2,23.4,24.9,79.2,1.2,0,1,,0.1,SW
60,130,36.8,23.8,26.3,66,1.7,0,1,1,0,W
60,138,35.9,27.4,27.4,58,2.6,0,1,1,0,SW
60,143,36.3,25.9,25.7,61.7,1.6,0,1,1,0.1,W
60,152,34.6,25.1,24.9,66.4,2,0,1,,0.1,W
60,159,30.8,24.4,24.7,81.2,,0,,,0,S
60,162,28.9,22.2,23.2,81.6,1.8,0,,,0,S
60,257,,,23.7,78.2,2.5,0,,,0,SW
60,271,31.8,20.6,21.3,78.8,1.1,0,,,0.1,NW
60,278,34.9,24,24,74.4,1,0,1,,0,N
60,285,34.4,23.1,25.4,75.2,1.1,0,1,1,0,SW
60,288,35.6,24.5,24.5,69.9,1.5,0,1,,0.1,S
60,311,30,19,20.1,85.8,0.6,0,,,0.1,S
60,800,33.9,23.5,23.9,74.4,2.5,0,1,,0.1,S
60,804,34.3,25.2,25.2,68,1.9,0,1,1,0.1,SW
60,808,34,23.9,23,69.9,2.9,0,1,,0,W
60,828,34.4,23.7,25.2,81.6,1.5,0,1,1,0.1,S
60,830,35.9,23.8,24.9,70.1,1.5,0,1,,0,W
60,843,34.4,22.7,22.6,67.7,1.9,0,1,,0,W
60,845,35.8,24.7,25,68.4,1.3,0,1,1,0,W
60,846,34.6,24.9,24.5,67.8,2,0,1,,0,W
60,852,35.1,23,26.3,69.2,1.8,0,1,1,0.2,SW
60,860,35.8,26.5,26,61.7,1.2,0,1,1,0.2,NW
60,905,34.7,22.5,22.2,77.1,1.7,0,1,,0.1,W
60,915,32.9,21.7,23.8,83.6,1.6,0,,,0,S
60,922,33.8,21.7,21.2,75.6,0.8,0,1,,0.4,E
60,927,34.7,22.4,21.9,74.5,1.6,0,1,,0.2,SW
60,935,35,23.4,23.5,78.6,1.9,0,1,,0.2,SE
60,991,34.9,24.8,24.9,72.2,2.3,0,1,,0,SW
60,992,34.8,23.4,23.9,75.2,1.6,0,1,,0.1,SW
60,995,34.7,24.9,24.8,71.1,1.5,0,1,,0.2,SW
61,130,34.8,26.3,26.8,68.5,1.9,0,1,1,0,SW
61,138,35.8,27.4,28.2,60.4,2.6,0,1,1,0.1,SW
61,143,35.5,25.7,26.9,64,1.6,0,1,1,0,W
61,152,34.1,24.9,26,65.6,1.7,0,1,1,0.1,SW
61,159,29.6,24.7,25.9,81.4,4.2,0,,1,0,S
61,162,30.6,23.2,23.5,78.1,1.8,0,,,0,S
61,257,33.3,23.7,25.8,80.9,2.2,0,1,1,0,SW
61,271,31.9,21.3,21.5,80.6,1,0,,,0,NW
61,278,35.2,24,24.1,76.6,1.2,0,1,,0,W
61,285,34.4,25.4,24.6,76.8,1.2,0,1,,0,SW
61,288,36.2,24.5,26.7,70.4,1.5,0,1,1,0.1,W
61,311,30.2,20.1,20.2,87.4,0.6,0,,,0.1,S
61,800,33.9,23.9,24.7,75.3,2.8,0,1,,0,S
61,804,33.4,25.2,27.1,72.1,2.1,0,1,1,0.3,SW
61,808,32.5,23,24.4,70.8,2.5,0,,,0,W
61,828,35.1,25.2,25.5,84.6,1.6,0,1,1,0,S
61,830,36.2,24.9,24.7,70.5,2.4,0,1,,0,W
61,843,34.4,22.6,24.7,71.3,1.7,0,1,,0,W
61,845,35.8,25,26.1,71.3,1.3,0,1,1,0,W
61,846,34.3,24.5,25.6,71.3,1.9,0,1,1,0,W
61,852,33.3,25.4,25.7,67.7,1.9,0,1,1,0,SW
61,860,35.8,26,27.1,64.6,1.4,0,1,1,0.3,NW
61,905,33.7,22.2,23.9,77.5,1.5,0,1,,0.1,W
61,915,33.1,23.8,25.4,84.9,1.5,0,1,1,0.1,SW
61,922,33.6,21.2,24.3,78.2,0.8,0,1,,0.5,E
61,927,34.3,21.9,24.2,76.7,1.5,0,1,,0.2,S
61,935,34.9,23.5,24.7,82.3,1.7,0,1,,0.3,SW
61,991,35.1,24.9,25.7,75.3,2.3,0,1,1,0,SW
61,992,34.6,23.9,24.7,77.2,1.9,0,1,,0,SW
61,995,35.4,24.8,25.7,70.1,1.6,0,1,1,0.1,SW
62,130,36.1,27.9,28.2,60.6,1.7,0,1,1,0.3,SW
62,138,36.3,28.2,28.1,57.8,2.4,0,1,1,0,W
62,143,36.2,26.9,27.1,63.7,1.6,0,1,1,0.1,NW
62,152,36.2,26,25.9,65.8,1.6,0,1,1,0.1,W
62,159,30.6,24.9,24.9,81.3,3.5,0,,,0,S
62,162,31.3,23.5,23.3,78.3,1.8,0,,,0,S
62,257,35.1,25.8,25.5,78,2,0,1,1,0,SW
62,271,32.9,21.5,22,78.5,1,0,,,0.1,W
62,278,35.6,24.1,24.8,73.9,1.3,0,1,,0,N
62,285,37.4,24.6,25.2,76.8,0.8,0,1,1,0.2,SW
62,288,38.2,26.7,26.5,68.6,1.4,0,1,1,0.1,S
62,311,30.5,20.2,21.8,87.9,0.7,0,,,0.1,S
62,800,36.2,24.7,24.5,70.9,2.1,0,1,,0.1,S
62,804,34.9,26.3,25.6,65.5,2.8,0,1,1,0,SW
62,808,35,22.5,22.5,70.7,2.5,0,1,,0,W
62,828,36.5,25.5,26.3,85.2,1,0,1,1,0.1,S
62,830,36.3,24.7,23.8,69.4,2,0,1,,0,NW
62,843,34.5,24.7,24.4,63.7,2.6,0,1,,0,W
62,845,36.9,26.1,26.1,71.2,1.1,0,1,1,0,W
62,846,35.1,25.6,26.5,69.7,1.8,0,1,1,0,W
62,852,32.2,25.7,26,64.6,1.7,0,,1,0.1,SW
62,860,36.6,27.1,27.7,64.1,1.5,0,1,1,0.1,NW
62,905,36.4,23.9,23.8,75.1,1.5,0,1,,0,W
62,915,35,25.4,24.3,82.9,1.6,0,1,,0,W
62,922,35.4,24.3,23.4,75,0.8,0,1,,0.3,NE
62,927,36.2,24.2,24.3,75.6,1,0,1,,0.1,S
62,935,37.2,24.7,25.4,83.6,1.3,0,1,1,0.4,SE
62,991,36.3,25.7,26.9,77.9,1.7,0,1,1,0,W
62,992,35.5,24.7,25,80.1,1.1,0,1,1,0.1,SW
62,995,35.5,25.7,25,70.5,1.8,0,1,1,0.1,SW
63,130,37.6,26.8,28.3,61.8,1.8,0,1,1,0.2,SW
63,138,36.6,28.1,27.5,58.7,2.4,0,1,1,0,SW
63,143,35.8,27.1,25.7,62.6,1.6,0,1,1,0.1,NW
63,152,35,25.9,24.7,65.5,1.7,0,1,,0.1,W
63,159,31.2,25.8,25.7,74.7,3.9,0,,1,0,S
63,162,31.5,23.3,23.6,72.5,2.2,0,,,0,S
63,257,36,25.5,24.3,75.1,2.3,0,1,,0,SW
63,271,32,21.6,20.7,76.6,1.1,0,,,0,NW
63,278,34.7,24,22.3,72.1,1.2,0,1,,0,NW
63,285,36.8,25.2,23.8,70.3,1.2,0,1,,0,SW
63,288,36.7,26.5,24.4,69.5,1.6,0,1,,0,S
63,311,32.1,21.2,18,80.7,0.6,0,,,0.2,S
63,800,35.5,24.5,24.3,72.7,2.1,0,1,,0,S
63,804,35.1,25.6,25.5,66.1,2,0,1,1,0.1,W
63,808,34.9,23,24.9,69.7,2.6,0,1,,0,W
63,828,36.6,26.3,24.6,80.6,1.2,0,1,,0.1,S
63,830,36.7,23.8,23.1,70.6,2.1,0,1,,0,W
63,843,34.6,24.4,26.1,63.3,2.2,0,1,1,0.1,W
63,845,36.5,26.1,25.4,70.8,1.1,0,1,1,0,W
63,846,34.8,26.5,24.7,69,2,0,1,,0,W
63,852,32.2,24.9,24.9,69.1,2,0,,,0.1,SW
63,860,35.9,27.7,25.9,62.8,1.5,0,1,1,0.1,NW
63,905,36.1,23.8,22.7,74.7,1.6,0,1,,0.1,W
63,915,35.4,24.3,21.9,81.8,1.4,0,1,,0.1,SW
63,922,35.1,23.4,21.5,76.8,0.8,0,1,,0.3,N
63,927,35.9,24.3,22.2,75.7,1.3,0,1,,0.1,SW
63,935,36.1,25.4,23.4,78.4,1.8,0,1,,0.2,SW
63,991,36.7,26.9,24.8,74.1,1.6,0,1,,0,W
63,992,35.8,25,23.6,79,1.2,0,1,,0.1,SW
63,995,35.8,25,25.3,72.7,1.7,0,1,1,0,SW
64,130,33.5,28.3,27.5,53.3,2.5,0,1,1,0,W
64,138,35.6,27.5,27.6,54,3.3,0,1,1,0,W
64,143,35.4,25.7,25.5,57.2,2.1,0,1,1,0,W
64,152,34.7,24.7,25.8,58.7,2.3,0,1,1,0,W
64,159,30.7,25.7,25.2,72.6,5.2,0,,1,0,W
64,162,30.6,23.6,23.2,71.4,2.7,0,,,0,SW
64,257,33.3,24.3,24.5,74.9,2.8,0,1,,0,SW
64,271,30.8,20.7,21.2,73.7,1.1,0,,,0,NW
64,278,33.6,22.3,22.4,72.2,1.4,0,1,,0,W
64,285,35.9,23.8,23.2,68.6,1.3,0,1,,0,SW
64,288,36.1,24.4,24.5,66.7,1.5,0,1,,0.1,S
64,311,31.2,18,17.3,76.9,0.6,0,,,0.1,S
64,800,33.4,24.3,24.5,62.4,1.8,0,1,,0.1,SW
64,804,34.1,25.5,27.2,58.6,2.7,0,1,1,0,W
64,808,35.1,26.3,26.6,65,3,0,1,1,0,W
64,828,35.2,24.6,23.9,71.2,1.6,0,1,,0,S
64,830,35.8,23.1,25.8,64.7,2.3,0,1,1,0,W
64,843,32.2,26.1,26.4,57.2,2.5,0,,1,0.1,W
64,845,35.1,25.4,24.9,65.6,1.2,0,1,,0,W
64,846,34.2,24.7,24.3,63.7,2,0,1,,0,W
64,852,34.5,26.2,26.5,52.6,1.7,0,1,1,0,SW
64,860,35.6,25.9,25.6,58,1.5,0,1,1,0.2,NW
64,905,34.4,22.7,25,68.4,2.1,0,1,1,0,S
64,915,34.3,21.9,22.5,81.9,1.5,0,1,,0,SW
64,922,33.7,21.5,22.3,71.2,0.8,0,1,,0.3,NE
64,927,35,22.2,22.4,69.9,1.8,0,1,,0.1,S
64,935,35.3,23.4,23.1,73.7,2,0,1,,0.1,SW
64,991,35.4,24.8,24.3,66.7,2.2,0,1,,0,SW
64,992,34.7,23.6,22.1,76.3,1.2,0,1,,0.1,N
64,995,34.7,25.3,26.8,66,1.8,0,1,1,0,SW
65,130,36.8,27.5,27.4,60.9,1.9,0,1,1,0.2,W
65,138,36.3,27.6,27.2,51.9,3,0,1,1,0,W
65,143,36.3,25.5,26.6,59.1,2.2,0,1,1,0,W
65,152,35,25.8,25,59.3,2.2,0,1,1,0,W
65,159,31.7,25.2,25.1,72.8,5.2,0,,1,0,SW
65,162,30.6,23.2,24.8,70.6,2.7,0,,,0,W
65,257,33.9,24.5,25.3,73.9,2.7,0,1,1,0,SW
65,271,32,21.2,20.8,73.2,1.9,0,,,0,NW
65,278,34.3,22.4,21.9,73.2,1.5,0,1,,0,W
65,285,36.6,23.2,23.2,71.1,1,0,1,,0.1,SW
65,288,37,24.5,24.7,68,1.5,0,1,,0,W
65,311,31.1,17.3,18.3,77.5,0.8,0,,,0,S
65,800,36.6,24.5,22.6,61.6,2.5,0,1,,0.1,W
65,804,35.2,27.2,25.2,56.4,3.6,0,1,1,0,W
65,808,37.2,27.4,27.2,55,3.7,0,1,1,0,W
65,828,36,23.9,24.3,,1,0,1,,0.2,S
65,830,36,24.4,23.4,60.7,3.1,0,1,,0,W
65,843,35.3,26.4,26.3,56.8,4.1,0,1,1,0,W
65,845,36.1,24.9,24.3,67.6,1.4,0,1,,0,W
65,846,34.6,24.3,25.1,65.9,2.1,0,1,1,0,W
65,852,32.2,26.5,26,62.1,1.9,0,,1,0.2,W
65,860,35.7,25.6,26.6,60.8,1.5,0,1,1,0.1,NW
65,905,36,25,23.8,68.5,2,0,1,,0,S
65,915,34.2,22.5,22,81.8,1.9,0,1,,0.1,SW
65,922,34.4,22.3,22.2,71.7,0.9,0,1,,0.4,NE
65,927,35.2,22.4,22.5,72.8,1.6,0,1,,0.2,SW
65,935,35.6,23.1,23.1,77.3,1.5,0,1,,0.1,SW
65,991,35.9,24.3,24.4,73.6,1.4,0,1,,0,W
65,992,35.6,22.1,22.9,76.3,1.1,0,1,,0.1,W
65,995,35.1,26.8,26.7,61.8,2.3,0,1,1,0,W
66,130,38.6,26.2,26.2,61.4,2.1,0,1,1,0,W
66,138,35.4,27.2,28.2,56.1,2.8,0,1,1,0,W
66,143,34.8,26.6,26.5,60,2.4,0,1,1,0,W
66,152,34.6,25,27.1,62.1,2,0,1,1,0,NW
66,159,31.9,24.6,24.6,75.3,4.1,0,,,0,SW
66,162,31.4,24.5,24.2,71.2,2.8,0,,,0,W
66,257,36.9,25.3,25.9,73.5,2.2,0,1,1,0,SW
66,271,31.9,20.8,21.7,78.2,1.5,0,,,0,NW
66,278,34,21.9,23.7,76,1.3,0,1,,0,W
66,285,36.1,23.2,23.9,74.5,0.9,0,1,,0.1,SW
66,288,37.4,24.7,25.6,66.3,1.4,0,1,1,0.1,W
66,311,30.9,18.3,20.7,83.7,0.8,0,,,0.1,S
66,800,35,22.6,25.6,71.8,1.8,0,1,1,0.1,S
66,804,35.3,25.2,25.5,62.2,2.4,0,1,1,0.1,W
66,808,34.5,27.2,27.7,64.7,2.9,0,1,1,0.1,W
66,828,35,24.3,25.5,,0.9,0,1,1,0.1,NW
66,830,35.1,23.4,26.1,67.5,2.6,0,1,1,0,NW
66,843,35.7,26.3,25.6,61.4,3.7,0,1,1,0,W
66,845,35.3,24.3,26.2,69.9,1.2,0,1,1,0,W
66,846,34.1,25.1,25.9,65.8,2.1,0,1,1,0,NW
66,852,35.3,25,25,62,2.2,0,1,1,0,SW
66,860,34.4,26.6,27.9,61.2,1.3,0,1,1,0.2,NW
66,905,35.7,23.8,23.7,69.2,1.9,0,1,,0,W
66,915,35.6,22,22.9,80.5,1.8,0,1,,0.2,NE
66,922,34.4,22.2,22.1,75,0.9,0,1,,0.1,NW
66,927,35.4,22.5,22.9,73.5,1.3,0,1,,0.1,W
66,935,36.6,23.1,24.3,78.1,1.4,0,1,,0,W
66,991,34.4,24.4,24.9,76.7,1.2,0,1,,0.1,W
66,992,34.7,22.9,24.1,77.6,1.2,0,1,,0.1,NW
66,995,34.5,26.7,26.5,62.9,2.5,0,1,1,0,SW
67,130,32.6,24.9,23.8,75.1,1.7,0,,,0.5,E
67,138,33.7,25.9,24.9,70.3,2.7,0,1,,0.6,E
67,143,37.4,26.5,25.8,58.7,2,0,1,1,0.6,E
67,152,34.6,25.7,24.4,66,2.1,0,1,,0.5,E
67,159,34,27.2,26.4,70.6,2.5,0,1,1,0.3,S
67,162,32.8,24.2,24.9,70.9,1.4,0,,,0,S
67,257,37.6,25.9,26.3,70.8,1.6,0,1,1,0.3,SW
67,271,34.5,21.7,22.1,76.9,1.1,0,1,,0.4,SE
67,278,38.1,23.7,23.2,81.3,0.9,42.4,1,,0.2,N
67,285,37.7,23.9,24.5,75.4,0.8,0,1,,0.3,SW
67,288,38.9,25.6,25.3,69.6,1.5,0,1,1,0.3,NE
67,311,31.9,20.7,21.4,84.5,0.7,0,,,0,S
67,800,32.8,25.6,24.3,77,2,0,,,0.6,E
67,804,32.7,24.3,23.8,75.7,2.1,0,,,0.6,E
67,808,33.1,25,23.8,75.4,2.2,0,1,,0.2,W
67,828,38.1,25.5,24.6,80.7,1.6,0,1,,0,NW
67,830,36.4,24.7,23.6,66.9,2.4,0,1,,0.4,NW
67,843,34.1,24.8,23.7,69.6,2.4,0,1,,0.4,SE
67,845,37.4,26.2,26.5,65.8,1.5,0,1,1,0.4,E
67,846,37.4,25.9,26.1,64.9,2.1,0,1,1,0.3,W
67,852,31.9,24.1,23.7,75.1,2.4,0,,,0.6,NE
67,860,38.5,27.9,26.3,58.6,1.5,0,1,1,0.5,E
67,905,38,23.7,23.3,70.8,1.7,0,1,,0.4,NW
67,915,37.4,22.9,24.2,80.4,1.7,0,1,,0.3,NE
67,922,36.4,22.1,21.9,74.1,0.9,0,1,,0.5,SE
67,927,38.1,22.9,22.9,76.9,1.1,0,1,,0.3,SE
67,935,38.2,24.3,24.2,78.7,2,0,1,,0.1,W
67,991,38.1,24.9,26,78.9,1.5,5.5,1,1,0.1,W
67,992,37.2,24.1,25.9,74.1,1.6,0,1,1,0.3,N
67,995,34,24.7,23.9,71.9,2,0,1,,0.1,NE
68,130,29.8,23.8,22.7,76.1,1.9,0,,,0.5,NE
68,138,28.8,24.7,24.4,76.8,3.3,0,,,0.8,NE
68,143,32.1,25.6,23.7,65.3,3.5,0,,,1,E
68,152,31.1,24.3,22.9,72.6,2.3,0,,,0.6,NE
68,159,34.7,26.4,25.3,64.9,2.7,0,1,1,1,E
68,162,34.2,24.9,24.5,62.3,2.1,0,1,,0.5,NE
68,257,33.8,26.3,25.5,68.8,2.6,0,1,1,1,E
68,271,32.7,22.1,20.1,75.3,1.5,0,,,0.4,NW
68,278,34.3,23.2,21.3,76.8,1,42.4,1,,0.3,NE
68,285,34.4,24.5,22.1,79,0.9,0,1,,0.6,NE
68,288,34.9,25.3,23.7,67.5,1.8,0,1,,0.5,NE
68,311,30,21.2,17.5,83.6,0.7,0,,,0.1,S
68,800,29.2,24.3,22,76.3,2.9,0,,,0.2,NE
68,804,28.6,23.6,22.1,80.2,3.6,0,,,0.8,NE
68,808,27.4,23.6,23.4,86.9,2.9,0,,,0,N
68,828,34.2,24.6,24.1,78.8,1,0,1,,0.1,NW
68,830,31.6,23.6,20.9,74.9,1.9,0,,,0.7,E
68,843,30.4,22.2,20.5,73.8,1.9,0,,,0.6,SE
68,845,34.3,26.4,23,66.7,2.3,0,1,,1,E
68,846,33.9,26.1,23.7,63.4,3.2,0,1,,1,E
68,852,27.7,23.7,23.9,79.4,4.7,0,,,1,NE
68,860,34,26.3,24.4,63.1,2.8,0,1,,1,E
68,905,32.3,23.3,21.8,73.4,1.8,0,,,0.5,NE
68,915,34.1,24.2,21.2,83.9,1.8,0,1,,0.6,NE
68,922,32.2,21.9,19.5,73,1,0,,,0.3,S
68,927,34,22.9,20.7,73.9,1.6,0,1,,0.4,NE
68,935,34.2,24.2,22.2,80.5,1.7,0,1,,0.3,NW
68,991,33.2,26,24.4,70.9,3.4,5.5,1,,1,NE
68,992,33.7,25.9,21.8,68.7,2.3,0,1,,0.7,E
68,995,27,23.5,22.4,87.1,3.2,0,,,0.4,NE
69,130,30.6,21.4,20.6,72.5,1.9,0,,,0.4,NW
69,138,27.9,24.4,24.4,76.6,3.6,0,,,0.8,NE
69,143,33.4,23.7,23.6,56.1,3.2,0,1,,0.9,E
69,152,30.8,22.9,23.3,66,2.5,0,,,0.5,NE
69,159,32.4,25.3,25.3,60.8,3.2,0,,1,1,NE
69,162,32.5,24.5,25.3,55.7,2.4,0,,1,0.6,NE
69,257,34.6,25.5,25.5,59.8,2.8,0,1,1,1,E
69,271,33.4,20.1,16.9,64.8,1.8,0,1,,0.5,SE
69,278,35.9,21.3,19.1,60.5,1.2,0,1,,0.5,NE
69,285,35.4,22.1,21.9,63.2,1.3,0,1,,0.3,NE
69,288,36.2,23.7,25.8,54.6,2.1,0,1,1,0.5,NE
69,311,29.5,17.5,19.6,63.5,0.9,0,,,0,S
69,800,28.9,20.6,19.5,67.4,2.5,0,,,0.3,NE
69,804,28.6,22.1,23,75.2,3.8,0,,,0.6,NE
69,808,27.3,23.4,23.2,85.4,3.2,0,,,0.1,N
69,828,35.3,24.1,24.6,58.4,1.6,0,1,,0.1,NW
69,830,32.7,20.9,20.3,65.1,2.4,0,,,0.6,E
69,843,31.4,19.1,17.9,64.3,2.1,0,,,0.4,SE
69,845,35.9,23,23.7,58.6,2,0,1,,0.7,E
69,846,35,23.7,23.9,53.4,3.1,0,1,,0.9,E
69,852,27.5,23.5,23.3,75.9,3.7,0,,,0.8,NE
69,860,35.2,24.4,24.6,53.7,2.4,0,1,,1,E
69,905,33.6,21.8,23.8,61.8,2.2,0,1,,0.4,NE
69,915,34.4,21.2,22,70.2,1.9,0,1,,0.5,NE
69,922,33.3,19.5,21.7,60.1,1.4,0,1,,0.3,SE
69,927,35.7,20.7,23.4,62,1.8,0,1,,0.4,NE
69,935,35,22.2,22.8,64.4,2.2,0,1,,0.4,NE
69,991,33.6,24.4,24.2,57.5,4.2,0,1,,0.8,NE
69,992,35.2,21.8,20.2,60.4,2.3,0,1,,0.6,E
69,995,27.1,22.4,23.5,83.8,3.3,0,,,0.4,NE
70,130,29.1,20.6,22.2,74.4,2.5,0,,,0.4,W
70,138,27.5,24.3,23.6,75.7,4.7,0,,,0.8,NE
70,143,31.3,23.6,22.9,62.3,3.7,0,,,1,E
70,152,28.7,23.3,23.1,68.7,3.3,0,,,0.6,NE
70,159,31.6,25.3,24.4,61.5,3.5,0,,,1,NE
70,162,32.5,25.3,24.7,54.2,2.3,0,,,0.8,NE
70,257,32.7,25.5,24.8,62.1,3.1,0,,,1,E
70,271,32.1,16.9,21.5,56.9,1.9,0,,,0.4,NW
70,278,34.4,19.1,19.4,55,1.6,0,1,,0.5,NE
70,285,33.9,21.9,23,61.4,1.7,0,1,,0.5,NE
70,288,33,25.8,25.4,60.8,2.4,0,1,1,0.4,NE
70,311,28.2,19.6,19.6,64.7,0.9,0,,,0,S
70,800,27.4,19.5,23.8,76.4,3.9,0,,,0,NE
70,804,27.6,23,23.1,75.7,5.5,0,,,0.1,NE
70,808,26.4,22.9,22.4,84.6,4.6,0,,,0,N
70,828,33.8,24.6,24.1,61,2.1,0,1,,0.2,NW
70,830,29.7,20.3,23.5,72.7,2.5,0,,,0.6,E
70,843,28.9,17.9,17.4,64.4,2.5,0,,,0.2,SE
70,845,33.4,23.7,21.4,62.5,2.2,0,1,,0.9,E
70,846,32.3,23.9,22.8,58.9,3.5,0,,,1,E
70,852,27,23.3,23.1,77.9,5,0,,,0.8,NE
70,860,32.6,24.6,23.8,59.4,2.6,0,,,1,E
70,905,31,23.8,23.8,65.9,2.8,0,,,0.6,NE
70,915,32.9,22,23.1,67.4,2.1,0,,,0.7,NE
70,922,31.5,21.7,21.5,56,1.5,0,,,0.2,S
70,927,32.9,23.4,21.4,61.2,3.2,0,,,0.1,NE
70,935,33.5,22.8,20.9,64.5,2.4,0,1,,0.4,E
70,991,32.1,24.2,23.1,62.4,4.7,0,,,0.9,NE
70,992,32.6,20.2,19,67.2,2.2,0,,,0.7,SE
70,995,25.1,23.3,22.8,86.3,4.6,0,,,0.9,NE
71,130,28.7,22.2,20.7,79.1,2.3,0,,,0.4,W
71,138,27.3,23.6,23.2,79.9,4.5,0,,,0.9,NE
71,143,30.6,22.9,21.8,60.2,4.2,0,,,1,E
71,152,28.1,23.1,23,68.7,3.8,0,,,0.8,NE
71,159,32.2,24.4,23.8,58.5,3.8,0,,,1,NE
71,162,31.8,24.6,23.2,49.2,2.6,0,,,0.5,NE
71,257,32.4,24.8,24,61,3.3,0,,,1,E
71,271,31.1,19.4,14.5,52.7,2.4,0,,,0.7,E
71,278,33.2,19.4,17.9,57.4,1.6,0,1,,0.7,E
71,285,33.4,23,21.1,55.2,2,0,1,,0.6,NE
71,288,32.6,25.2,23.1,57.7,3.2,0,,,0.5,NE
71,311,27.8,19.4,16,59.8,1.1,0,,,0,S
71,800,27.1,23.5,21.8,79.5,4.1,0,,,0.1,NE
71,804,27.5,22.6,21.9,80.2,6.6,0,,,0.2,NE
71,808,26.1,22.4,22.5,86.5,4.5,0,,,0,NE
71,828,33.4,24.1,22.5,55.2,2.7,0,1,,0.1,N
71,830,29.5,23.5,22.4,69.8,2.7,0,,,0.9,E
71,843,28.4,17.4,18.8,74.3,2.8,0,,,0.4,SE
71,845,32.9,21.4,21.4,62,2.2,0,,,0.9,E
71,846,32.4,22.8,21.7,57.6,3.7,0,,,0.9,E
71,852,26.7,23.1,21.4,80.6,4.2,0,,,0.8,NE
71,860,32.6,23.8,22.9,57.6,2.7,0,,,1,E
71,905,30.8,23.6,22.9,63.3,3.1,0,,,0.5,NE
71,915,33.1,23,20.5,62.6,2.4,0,1,,0.8,NE
71,922,30.5,21.1,18.5,53.7,1.8,0,,,0.2,SE
71,927,31.7,21.4,20,59.1,3.4,0,,,0.3,NE
71,935,32.7,20.9,20.3,66.5,2.4,0,,,0.5,NE
71,991,31.2,23.1,22,61.2,4.9,0,,,0.9,E
71,992,32.2,19,19.2,67,2.6,0,,,0.7,SE
71,995,25.4,22.8,22.4,88.7,5.1,0,,,0.5,NE
72,130,28.5,20.7,18.7,80.4,1.9,0,,,0.3,S
72,138,26.9,23.2,22.2,78.6,3.5,0,,,0.9,NE
72,143,31.4,21.8,21.6,59.5,2.8,0,,,0.8,E
72,152,28,21.5,20.5,71.5,2.5,0,,,0.7,NE
72,159,31.4,23.8,24,64.9,3.3,0,,,1,NE
72,162,32.1,23.2,23.6,54.8,2.5,0,,,0.6,NE
72,257,32.1,24,23.2,62.5,2.9,0,,,1,E
72,271,32.9,14.5,15.7,63,1.8,0,,,0.1,N
72,278,33.7,17.9,18.2,64.9,1,0,1,,0.2,SW
72,285,32.8,21.1,21.7,67.2,1.3,0,,,0.4,NE
72,288,34.5,23.1,23.1,57.5,1.8,0,1,,0.5,NE
72,311,27.9,16,18.8,78.7,0.8,0,,,0.1,S
72,800,26.9,20.3,17.2,79.8,2.2,0,,,0.4,E
72,804,26.8,19.8,18.2,81,3.3,0,,,0.4,NE
72,808,27.9,21.1,20.5,83.3,2.8,0,,,0.2,NE
72,828,33.7,22.5,22.6,68.8,1.7,0,1,,0,NW
72,830,29.9,19.9,18.4,72.6,1.7,0,,,0.8,E
72,843,30.8,18.8,19.4,72.5,1.9,0,,,0.5,SE
72,845,33.1,21.4,22.5,59.5,1.7,0,1,,0.8,E
72,846,32.1,21.7,22.3,58,2.7,0,,,0.8,E
72,852,28.2,21.4,20.3,77.9,2.9,0,,,0.2,S
72,860,32.7,22.9,22.5,56.1,2.1,0,,,0.9,E
72,905,32.1,22.5,20,63.7,2.2,0,,,0.4,W
72,915,32.8,20.5,21.1,74.2,2,0,,,0.7,NE
72,922,31.8,18.5,19.3,64,1.4,0,,,0.2,S
72,927,34.6,20,19.5,60,2.1,0,1,,0.3,NE
72,935,33.8,20.3,21.9,72.5,1.5,0,1,,0.3,NE
72,991,32.1,22,21.5,65.4,3.1,0,,,0.7,NE
72,992,32.6,19.2,20.6,66.3,1.7,0,,,0.7,NE
72,995,26.9,19.8,18.7,84.2,2.9,0,,,0.3,NE
73,130,27.8,18.7,19.7,79.8,1.8,14.5,,,0.1,S
73,138,31.4,22.1,21,75.3,1.9,59.6,,,0.4,W
73,143,32.5,20.2,20.1,70.8,2.4,31.1,,,0.5,SE
73,152,30.9,20.5,20.2,77,1.6,60.7,,,0.1,NW
73,159,31.5,22.4,20.4,78.9,2.2,107.5,,,0.8,NE
73,162,29.4,21.5,20.2,,2.7,60.9,,,0.4,NE
73,257,32.8,22,21,75.5,1.5,110.9,,,0.6,E
73,271,32.8,15.7,18.6,73.7,1.2,17.2,,,0.1,NW
73,278,33.6,18.2,20.2,74.5,0.8,23.7,1,,0.1,N
73,285,31.6,20.6,20.1,84.1,0.6,36.6,,,0.3,E
73,288,33.7,22,21.1,71.8,1.6,99.8,1,,0.3,NW
73,311,28.9,18,17.7,87.3,0.8,23,,,0.1,S
73,800,27.8,17.2,20.7,85.7,2.5,33,,,0.1,S
73,804,31.2,18.2,20.7,80.2,2,42.5,,,0.2,SW
73,808,28.8,20.5,20.6,86.2,2.1,59,,,0.1,SE
73,828,31.4,20.5,20.5,86.3,1.4,40.5,,,0,N
73,830,33.8,18.4,20.8,72.7,2.2,72,1,,0.2,NW
73,843,35.9,19.4,19.3,62,1.8,23,1,,0.1,W
73,845,33.1,19.9,19.9,75.7,1.3,33.5,1,,0.4,W
73,846,34,19,19,73.1,1.8,34,1,,0.4,W
73,852,28.1,20.3,19.4,81.3,3.1,14,,,0,S
73,860,32.7,20.2,20.2,70.3,1.3,36.5,,,0.7,SE
73,905,31.9,20,20.6,73.8,1.5,92.5,,,0.2,NW
73,915,30.1,20.3,19.2,91,1.5,40,,,0.4,NE
73,922,32.4,19.3,19.4,73.6,0.9,128.5,,,0.2,SE
73,927,31.9,19.5,19.8,75.9,1.5,99.5,,,0.1,SW
73,935,30.8,20.5,20,90,1.2,41.5,,,0.1,W
73,991,32.5,20,20,80.6,1.5,38,,,0.3,W
73,992,32.8,19.7,19.7,78.8,1.3,35.5,,,0.1,W
73,995,31.1,18.7,20.1,80.3,1.3,68.5,,,0.3,SW
74,130,25.5,19.7,21.3,90.3,2.1,69.7,,,0.2,W
74,138,25.3,20.4,20.1,86.3,2.2,64.8,,,0.4,NE
74,143,31,20.1,20,75.1,2.4,33.3,,,0.1,W
74,152,28.1,18.7,18.1,85.1,2.1,72.4,,,0.4,NE
74,159,29,20.4,21.5,81,2.6,111,,,0.3,NW
74,162,30.1,20.2,21.6,,2.8,62,,,0.1,NE
74,257,32.8,19.6,19.1,83.2,1.5,114.3,,,0.3,NW
74,271,26,18.6,18.8,84.6,1,23,,,0.1,NW
74,278,29.3,20.2,19.8,89.5,1,27.2,,,0.1,W
74,285,32,20.1,19.6,79.6,0.8,37.2,,,0.4,E
74,288,32.6,20.5,19.7,76.1,1.5,100,,,0.2,NW
74,311,26.9,17.1,16.6,82.3,1.1,23.5,,,0.3,S
74,800,24.9,20.7,20.3,88.8,2.7,71,,,0,NE
74,804,25.4,19.8,19,90,2.4,43,,,0.5,NE
74,808,24.6,19.9,19.2,87.7,3.6,59.5,,,0,N
74,828,31.1,20.1,19.9,87.8,1.7,41,,,0,N
74,830,28.3,20,18.4,85.3,1.8,78,,,0.3,SE
74,843,25.3,19.3,19.3,89.9,1.1,56.5,,,0.5,SE
74,845,31.3,20.1,20.2,81.2,1.4,34,,,0,W
74,846,30.2,19.7,20,81.6,1.9,35,,,0,W
74,852,22.7,19.4,20.9,91.7,5.3,66,,,0.6,NE
74,860,30.8,20.4,21.1,74.6,1.1,37.5,,,0.4,SE
74,905,30.9,19.1,17.8,81.2,1.6,95,,,0.1,W
74,915,31,19.2,19.3,81.6,2,40.5,,,0.4,NE
74,922,30.3,18.2,17.6,82.6,1.1,133.5,,,0.2,NW
74,927,30.6,18.7,18.2,82.8,1.6,101,,,0.2,NE
74,935,30.8,20,19.6,87.1,2,41.5,,,0.2,NE
74,991,30.3,20.1,19.9,86.4,1.3,38,,,0.3,NE
74,992,30.5,20.1,19.6,85.9,1.6,36.5,,,0.2,NW
74,995,25,19,18.4,91.6,1.7,69,,,0.3,NE
75,130,26.3,21.5,22.6,84.7,1.8,69.7,,,0.3,SW
75,138,28.8,20.1,22.8,77.3,2.4,64.8,,,0,SW
75,143,28,20,21.1,80.9,1.4,16.7,,,0.5,SE
75,152,28.2,18.1,21.5,82.1,1.8,72.4,,,0.1,SW
75,159,27.5,21.5,24.2,79.7,4,49.3,,,0,SW
75,162,27.8,21.6,24.1,,2.6,3.6,,,0.1,SW
75,257,28.4,19.1,22.5,87.7,1.7,39.3,,,0.1,SW
75,271,23.1,18.8,19.4,91.9,0.8,23,,,0.2,SE
75,278,26,19.8,20,91.1,0.9,27.2,,,0,SW
75,285,28.9,19.6,21.1,82.2,0.8,17,,,0.1,SW
75,288,29.3,19.7,22.5,81.3,1.2,44.5,,,0.3,SE
75,311,22.7,16.6,17.6,92.8,0.5,5.5,,,0.1,S
75,800,27.6,20.3,22.7,79.4,2.4,71,,,0.1,SW
75,804,27.8,19,21.6,80.1,2.8,32.5,,,0,SW
75,808,27.5,19.2,21.4,80.9,2.4,49.5,,,0,SW
75,828,27.1,19.9,21.9,94.1,1.1,29.5,,,0,S
75,830,28.5,18.4,20.5,81.9,1.9,38.5,,,0.1,W
75,843,25.7,19.3,20.8,84.6,1.6,56.5,,,0.3,W
75,845,28.9,20.2,20.8,90,0.6,14.5,,,0.3,NE
75,846,27.9,20,21,84.2,1.4,14.5,,,0,W
75,852,25.4,20.9,22.5,84.6,1.8,66,,,0.3,SW
75,860,28.5,21.1,22.1,78.8,1,14.5,,,0.3,N
75,905,28.9,17.8,20.8,86.3,1.3,40,,,0,W
75,915,27.1,19.3,21.2,89.4,1.5,9.5,,,0.1,NE
75,922,28,17.6,20.3,87.9,0.8,69.5,,,0.3,NE
75,927,27,18.2,21.3,87.7,1.1,69.5,,,0.2,S
75,935,28.1,19.6,21.1,87.9,1.7,15,,,0.4,SW
75,991,27.1,19.9,21.7,90,1.5,22.5,,,0.1,SW
75,992,27.4,19.6,20.2,92.8,1,14,,,0.4,E
75,995,28.5,18.4,19.7,86,1.3,59,,,0.1,SW
76,130,27.7,21.8,21.8,85,1.9,14.4,,,0,S
76,138,27.8,22.8,23.7,77.8,2.2,0.7,,,0,SW
76,143,26.4,21.1,22.3,87.5,1.2,7.4,,,0.6,E
76,152,26.1,21.5,23.7,82.5,2,2.5,,,0,SW
76,159,26.9,24.2,25.1,82.1,4,6,,1,0,SW
76,162,26.3,23.8,23.8,,3.5,0.3,,,0,S
76,257,27.2,22.5,23,90.3,1.7,0.6,,,0.1,SW
76,271,23.4,19.4,19.9,94.7,0.5,26.5,,,0.2,N
76,278,26,20,21.1,95.5,0.5,4.9,,,0.3,NE
76,285,25.5,21.1,22.2,95.9,0.2,14.5,,,0.3,S
76,288,27,22.5,22.4,88.4,1.1,6.5,,,0.2,SE
76,311,21.3,17.6,18.6,97.3,0.5,5,,,0.1,S
76,800,26.8,22.2,22.2,85,2.8,7.5,,,0,S
76,804,26.8,21.6,21.8,86.6,2.6,2.5,,,0,SW
76,808,28.3,21.4,23.3,81.7,2.2,2,,,0,S
76,828,25.5,21.9,22.4,99.4,1.8,15,,,0,S
76,830,28.1,20.5,21.1,90.1,1.1,5,,,0.2,NW
76,843,26.2,20.3,20.1,82.2,1.5,12.5,,,0.1,W
76,845,26.9,20.8,21.4,96.9,0.5,9,,,0.4,NE
76,846,27,21,21.5,91.7,0.8,7.5,,,0.1,N
76,852,26,21.8,21.8,84.3,3.3,12.5,,,0,S
76,860,26.9,22.1,22.9,86.6,0.6,8.5,,,0.4,NE
76,905,26.1,20.8,21.6,89.8,1,4.5,,,0,NW
76,915,24.3,21.4,21.9,99.3,1.1,19.5,,,0,NW
76,922,25.2,20.3,20.9,92.3,0.6,3,,,0.2,NW
76,927,25.4,21.2,21.2,91.4,1.1,3,,,0.1,NW
76,935,25.4,21.1,22.2,99.3,1.2,12,,,0.4,SE
76,991,25.9,21.7,22.8,88.3,2.4,6.5,,,0,SW
76,992,26.3,20.2,21.8,96.3,1.2,9,,,0.3,S
76,995,27.5,19.7,20.9,90.3,0.8,2,,,0.1,SW
77,130,26.9,21.9,22.4,86.1,2.2,19.3,,,0,SW
77,138,25.1,22,22,88.2,1.9,71.6,,,0,SW
77,143,24.4,21.3,21.3,91.7,2.3,102.3,,,0.9,SE
77,152,29,21.1,21.1,84.3,2.2,12.1,,,0,SW
77,159,28.2,24.3,22.7,85.8,4.3,0.2,,,0.1,SW
77,162,28.4,22.5,22.5,,6.3,7.4,,,0.1,S
77,257,29.3,22.5,22.1,94.7,2,21.3,,,0.1,SW
77,271,21.5,19.9,19.4,98.3,0.7,53.8,,,0.1,N
77,278,23.6,21.1,20.9,98.9,0.7,44.9,,,0.3,NE
77,285,24.8,21.5,21,98.9,0.4,164.4,,,0.2,S
77,288,24.6,22,21.9,94.4,1,138.8,,,0.2,NW
77,311,21.8,18.7,17.8,99.2,0.6,92.5,,,0.1,NW
77,800,26.3,22.2,22.2,88.5,2.3,30.5,,,0.1,S
77,804,24.7,21.6,21.8,90.7,2.7,56.5,,,0.1,SW
77,808,26,21.4,21.4,88.2,2.6,44,,,0,S
77,828,26.6,21.9,21.7,99.9,2,170.5,,,0,S
77,830,24.2,21.1,21.7,94.5,1.4,85,,,0.1,NW
77,843,24.7,20.1,20.9,91.1,1.5,33.5,,,0.2,W
77,845,25.3,21.4,21.5,99.3,1.1,117,,,0.8,NE
77,846,24.8,21.5,21.4,96.7,1.3,131,,,0.4,NE
77,852,26.1,21.8,21.7,86.8,2.6,21,,,0,SW
77,860,25,21.6,21.6,91.3,1.2,104,,,0.8,E
77,905,28.3,21.6,21.6,91.6,1.4,65.5,,,0.2,S
77,915,25.6,21.1,20.9,99.8,1.6,271,,,0.3,W
77,922,27,20.7,20.7,93.6,0.9,55,,,0.2,W
77,927,24.1,20.9,20.8,95.3,1.1,119.5,,,0.2,NW
77,935,25.5,21.5,21.1,99.9,2.2,171.5,,,0.6,SE
77,991,26,21.8,21.8,94.6,1.8,119,,,0.3,E
77,992,25.4,21.8,21.6,98.8,1.3,96.5,,,0.5,NE
77,995,26.2,20.9,20.9,92.5,1.1,77.5,,,0.3,SW
78,130,25.9,22.5,21,87.5,2,19.3,,,0.1,S
78,138,29.9,22.6,22.2,84.9,2.2,71.6,,,0.1,S
78,143,31.6,21.3,21.5,85.8,1.4,102.3,,,0.5,SE
78,152,26.6,21.2,21.1,93.7,2,27.2,,,0.1,S
78,159,26.1,22.7,24.2,92.6,3.2,27.8,,,0.1,S
78,162,27.9,22.5,24.5,91.1,3.2,7.4,,,0.1,S
78,257,28.2,22.1,24,97.5,1.3,30.2,,,0.1,SW
78,271,29.5,19.4,21.8,86.3,0.9,53.8,,,0.1,N
78,278,31.7,20.9,22.5,89.5,0.8,44.9,,,0.2,SW
78,285,29.9,21,22,92.9,0.6,164.7,,,0.1,SW
78,288,29.6,21.9,22.4,90.5,1.6,138.8,,,0.2,SE
78,311,26.2,17.8,19.9,95,0.7,94.5,,,0.1,NW
78,800,28.2,22.2,22.3,86.7,3.5,30.5,,,0.1,S
78,804,28.8,22.5,21.8,87,2.7,56.5,,,0,SW
78,808,28.3,23.4,21.9,88.4,3.9,44,,,0,S
78,828,30.3,21.7,21.8,97.8,1.5,171,,,0.1,S
78,830,31,21.7,22,87.8,1.9,85,,,0.4,SE
78,843,31.9,21,22.2,79.9,1.5,33.5,,,0.1,W
78,845,31.5,21.5,21.9,91.4,0.8,117,,,0.4,NE
78,846,30,21.4,21.7,90.5,0.4,131,,,0.2,SW
78,852,25.6,21.7,20.5,87.3,3.5,21,,,0,S
78,860,31.4,21.6,21.9,85,0.9,104,,,0.5,SE
78,905,29,21.6,21.9,92.9,1.3,65.5,,,0.4,SE
78,915,29.5,20.9,21.2,96.6,1.4,271,,,0.2,W
78,922,28,20.7,21,91.5,1.1,55,,,0.3,SE
78,927,28.6,20.8,21.2,92.3,1.3,119.5,,,0.2,SW
78,935,29.5,21.1,21.7,98.8,1.5,171.5,,,0.3,SE
78,991,30.4,21.8,22,91.7,1.7,119,,,0.1,SW
78,992,31.4,21.6,22,92.7,1.5,97,,,0.2,S
78,995,28.6,21.5,21.1,91.9,1.4,77.5,,,0.3,SW
79,130,25.5,21,21.3,91.5,2.1,21.7,,,0.1,S
79,138,24.2,22.1,22.9,91.9,1.9,40.7,,,0,SW
79,143,23.2,21.2,21.5,95.1,2.1,68.1,,,0.7,SE
79,152,24.2,21.1,21.5,95.8,1.3,101.9,,,0.2,S
79,159,27.4,21.7,22.8,89.5,2.9,47.5,,,0.2,SW
79,162,26.9,22.8,22.5,89,4.3,4.8,,,0.1,S
79,257,27,21.5,21.2,99.1,1.4,127.9,,,0.1,SW
79,271,23.9,21.1,20.8,96.5,0.6,33.5,,,0.1,N
79,278,24.7,22,20.6,98.2,0.7,37.4,,,0.1,SW
79,285,24.2,21.3,22.1,98.9,0.7,280.1,,,0.2,SW
79,288,24,21.9,21.6,94.9,1,136.5,,,0.2,NW
79,311,21.4,18.7,18.4,99.4,0.6,99,,,0.1,NW
79,800,27.3,22.3,22.6,88.4,3.5,25.5,,,0,S
79,804,24.6,21.4,22.6,91.4,2.9,59.5,,,0,SW
79,808,25,21.6,22.2,90.4,2.7,51.5,,,0,SW
79,828,24.4,21.6,21.9,99.9,1.9,97.5,,,0,S
79,830,25,22,21.4,91.9,1.2,57.5,,,0.2,NW
79,843,26.3,22,21.9,89.3,1.6,23.5,,,0.1,W
79,845,23.4,21.4,21.8,99.7,1.2,69.5,,,0.7,NE
79,846,22.7,21.3,21.6,97.7,1,59.5,,,0.5,NE
79,852,26.2,20.5,21,91.5,2.8,20,,,0,S
79,860,23.1,21.4,22,94.6,1.1,65,,,0.8,E
79,905,24.5,21.2,21.1,96.1,1.1,249.5,,,0.2,SE
79,915,25.3,20.9,21.1,100,1.9,329,,,0.2,W
79,922,23.8,20.7,20.7,97.4,0.7,100.5,,,0.2,S
79,927,23.4,21,21.3,97.4,0.9,100,,,0.3,E
79,935,24.6,21.2,21.4,99.9,2.3,200.5,,,0.7,E
79,991,24.2,22,21.9,99.3,1.5,66,,,0.3,NE
79,992,23.6,21.8,21.8,99,1.6,71.5,,,0.6,E
79,995,24.1,21.1,20.8,95.5,1,50.5,,,0.1,SW
80,130,27.6,21.3,24.6,85.3,1.9,21.7,,,0,S
80,138,31.7,22.9,25.4,75.5,2,40.7,,1,0,SW
80,143,32,21.5,23.4,80,1,68.1,,,0.4,SE
80,152,30.6,21.7,23.3,82.4,0.9,101.9,,,0.2,SE
80,159,31.3,23.9,25.9,77.1,1,47.5,,1,0.2,S
80,162,30.9,22.5,24.5,82.1,1.3,4.7,,,0.1,S
80,257,32.5,21.2,24.2,85,1,127.9,,,0,SW
80,271,27.6,20.8,21.1,90.5,0.7,33.5,,,0,NW
80,278,29.5,20.6,22,91.2,0.5,37.4,,,0.1,N
80,285,32.4,22.1,23,86.4,0.7,280.1,,,0.1,S
80,288,32.7,21.6,24.3,82.9,0.8,136.5,,,0,SW
80,311,27.2,18.4,19.6,94.6,0.6,99,,,0.1,S
80,800,29.3,22.6,24.1,84.9,2.6,25.5,,,0,S
80,804,31,22.6,23.2,80.6,2.8,59.5,,,0,SW
80,808,31.8,22.2,23.1,79.7,2.2,51.5,,,0,S
80,828,31.7,21.9,23.7,91.9,1.3,97.5,,,0,S
80,830,32.7,21.4,22.1,82.3,0.9,57.5,,,0.1,NW
80,843,30.6,21.9,22.8,77.9,1.9,23.5,,,0,W
80,845,32.4,21.8,23.3,85.1,0.9,69.5,,,0.3,SW
80,846,31.4,21.6,23.6,81.6,0.5,59.5,,,0,SW
80,852,25.3,21,22.2,86.5,2.5,20,,,0,S
80,860,32.3,22,24.2,77.9,0.7,65,,,0.3,S
80,905,32.5,21.1,23.1,83.9,1.5,249.5,,,0.1,NW
80,915,31.2,21.1,22.1,89,1.7,329,,,0.1,W
80,922,30.7,20.8,21.8,86.2,0.7,100.5,,,0.3,SE
80,927,31.7,21.3,22.3,85.4,1.4,100,,,0.1,SW
80,935,31.8,21.4,22.8,91.8,1.6,200.5,,,0.3,SW
80,991,32,21.9,23.4,86.3,1.5,66,,,0.1,SW
80,992,32.4,21.8,23.1,87.5,1.4,71.5,,,0.1,S
80,995,,,,89.7,1.1,50.5,,,0.1,SW
81,130,32.9,24.6,25.7,76.1,1.8,0,,1,0.1,SW
81,138,32.2,25.4,26.1,70.5,2.6,0,,1,0,SW
81,143,30.8,23.4,25,83.6,0.9,5.6,,1,0.5,SE
81,152,31.4,23.3,23.6,76.8,2,0,,,0.1,SW
81,159,31.1,25.9,25.6,78.7,3.3,0,,1,0,SW
81,162,30.2,24.5,24.2,86.1,2.1,0.8,,,0.1,S
81,257,31.8,24.2,23.7,90.2,1.7,4.5,,,0,SW
81,271,30.8,21.1,21.9,86.7,0.9,1,,,0,S
81,278,32.3,22,23.3,86.4,0.8,0,,,0.1,SW
81,285,30.5,23,22.5,90,0.6,0.3,,,0,SW
81,288,30.4,24.3,24.9,87.3,0.9,6.9,,,0.1,NW
81,311,26.8,19.6,19.3,96.1,0.6,3.5,,,0.1,S
81,800,31.7,24.1,24.6,78.5,3.1,0,,,0,S
81,804,32.1,23.2,24.1,78.7,3.2,0,,,0,SW
81,808,32.5,23.1,26.5,76.4,1.8,0,,1,0.1,SW
81,828,30.1,23.7,23.9,98,1.7,0,,,0,S
81,830,32.3,22.1,23.3,81.8,1.6,0,,,0.1,W
81,843,33,22.8,24.4,72.2,2,0,1,,0,W
81,845,31.1,23.3,24.8,88.1,0.5,0,,,0.4,W
81,846,31.5,23.6,24.2,83.2,0.6,0,,,0,W
81,852,32.5,22.6,23.5,77.6,2.3,0,,,0,SW
81,860,31.3,24.2,25.6,79.5,0.8,1.5,,1,0.2,NW
81,905,30.6,23.1,22.8,88.4,1.4,6.5,,,0.1,NW
81,915,29.5,22.1,21.7,96.6,1.3,8,,,0.1,W
81,922,29.1,21.8,22.4,90.6,0.6,2.5,,,0.2,NW
81,927,30.1,22.3,23.2,89.8,0.9,2.5,,,0.2,SW
81,935,29.4,22.8,22.9,99.1,1.6,0,,,0.3,SE
81,991,31.9,23.4,23.5,88.3,1.6,0,,,0.1,SW
81,992,31,23.1,23.4,93.5,1.1,1.5,,,0.3,N
81,995,,,,90.3,1,21,,,0.2,SW
82,130,32.8,26,24.9,74.8,1.9,0,,,0,W
82,138,34.9,26.1,26.7,64.5,2.5,0,1,1,0,SW
82,143,34.2,25,24.8,70.2,0.8,5.6,1,,0.2,NW
82,152,32.8,23.6,24.1,72.9,1.3,0,,,0.1,W
82,159,32.2,25.6,26.4,75.1,3.1,0,,1,0,S
82,162,31.7,24.2,23.7,80.6,1.6,0.8,,,0.1,S
82,257,34.4,23.7,24,79.3,1.7,4.5,1,,0,SW
82,271,31.9,21.9,19.9,82.8,1,1,,,0.1,N
82,278,34.6,23.3,23.4,80.6,1,0,1,,0.1,SW
82,285,33.9,22.5,23.7,81.3,0.6,0.3,1,,0.1,SW
82,288,35.3,24.9,24.7,75.9,1,6.9,1,,0.1,W
82,311,28.3,19.3,20.3,94.1,0.6,0,,,0.1,S
82,800,33.4,24.6,23.4,75.6,2.2,0,1,,0.1,S
82,804,33.9,24.1,23.9,75.5,2.2,0,1,,0.1,SW
82,808,33.7,25.2,25.2,71.4,2.7,0,1,1,0,W
82,828,34.1,23.9,23.7,85.8,0.7,0,1,,0,S
82,830,34.9,23.3,23.3,74.4,1.8,0,1,,0,W
82,843,34.5,24.4,23.2,68.7,2.2,0,1,,0,W
82,845,35.5,24.8,24.3,76.4,0.8,0,1,,0,W
82,846,34,24.2,24.6,73.3,0.5,0,1,,0,W
82,852,31.7,25,24.9,73.4,2,0,,,0,SW
82,860,34.8,25.6,25.8,68,0.9,1.5,1,1,0.2,NW
82,905,34.5,22.8,22.8,77.9,1.4,6.5,1,,0.1,NW
82,915,33.5,21.7,22.4,87.1,1,8,1,,0,W
82,922,32.9,22.4,21.8,81,0.7,2.5,,,0.3,NE
82,927,34,23.2,22.8,81,1,2.5,1,,0.2,SW
82,935,34,22.9,23.9,87,1.2,0,1,,0.3,W
82,991,34.4,23.5,24,82,1.4,0,1,,0,W
82,992,34.7,23.4,23.5,85.1,0.9,1.5,1,,0,W
82,995,,,23.9,79.4,1.6,21,,,0.2,SW
83,130,31.2,24.9,24.9,75.4,1.4,0,,,0.2,SE
83,138,32.4,26.7,25.4,68.2,2.3,0,,1,0.4,NE
83,143,35.2,24.8,24.9,67.9,0.8,0,1,,0.5,E
83,152,32.8,24.1,22.1,73.1,1.2,0,,,0.2,S
83,159,32.3,26.4,24.7,70.5,2.3,0,,,0.3,S
83,162,32,23.7,23.5,79.7,1.3,0,,,0.1,S
83,257,35.3,24,21.8,79.6,1.2,0,1,,0.1,SW
83,271,32.4,19.9,21.1,82,0.9,0,,,0,SE
83,278,35.2,23.4,23.5,79.8,0.7,0,1,,0,SW
83,285,35.2,23.7,23.4,80.4,0.6,0,1,,0.2,SW
83,288,36.3,24.7,24.6,74.1,1.2,0,1,,0.2,S
83,311,29.9,20.3,19.8,91.8,0.6,0,,,0.1,S
83,800,31,23.4,23.2,78.9,1.7,0,,,0.4,S
83,804,31.8,23.9,22.4,76.4,1.9,0,,,0.4,SW
83,808,32.8,24.7,21.9,70.5,2.2,0,,,0,S
83,828,35.3,23.7,23.3,84,0.7,0,1,,0.1,NW
83,830,35.3,23.3,22.2,74,1.2,0,1,,0.3,W
83,843,32.8,23.2,23,72.1,1.6,0,,,0.3,SE
83,845,35.9,24.3,24.4,77,0.6,0,1,,0.2,NW
83,846,34.6,24.6,24.4,72,0.4,0,1,,0,NW
83,852,29.8,24.8,24,74.4,1.7,0,,,0.2,SW
83,860,36.2,25.8,25.8,66.4,1,0,1,1,0.2,NW
83,905,35.1,22.8,20.4,78,1.3,0,1,,0.3,NW
83,915,34.6,22.4,22.5,85.4,1.2,0,1,,0.3,NE
83,922,34.4,21.8,20.6,79.7,0.8,0,1,,0.3,SE
83,927,35,22.8,22,82,0.9,0,1,,0.1,NE
83,935,34.8,23.9,23.8,84,1.1,0,1,,0.3,SW
83,991,35.4,24,23.7,79,1.1,0,1,,0.1,SW
83,992,35.4,23.5,23.7,81.4,0.8,0,1,,0.3,N
83,995,33.8,23.4,20.4,78.4,1.1,0,1,,0.3,SW
84,130,30.3,24.9,23.6,79.3,1.7,0,,,0,S
84,138,33.6,25.4,24.7,63,2.2,0,1,,0.4,SW
84,143,35.2,24.9,23.4,65.7,1.2,0,1,,0.8,SE
84,152,32.4,22.1,23.9,68.8,1.1,0,,,0.2,S
84,159,31.7,24.7,26.9,68.6,1.9,0,,1,0.8,E
84,162,34,23.5,26,74,1.8,0,1,1,0.5,NE
84,257,34.7,21.8,25.7,70.8,1.3,0,1,1,0.6,SE
84,271,33.6,21.1,19.4,78.8,0.8,0,1,,0,NW
84,278,35.7,23.4,21.1,78.1,0.8,0,1,,0,N
84,285,35.1,23.4,22.5,80.5,0.5,0,1,,0.2,SW
84,288,36.7,24.6,23.5,70.6,1.3,0,1,,0.2,S
84,311,30.2,19.8,19.2,87.8,0.7,0,,,0,S
84,800,30.4,23,21.7,79.2,2.9,0,,,0,S
84,804,32.9,22.4,22,78,1.6,0,,,0.3,SE
84,808,30.3,21.9,22.3,75,1.6,0,,,0.1,S
84,828,36,23.3,23.1,83.4,,0,1,,0.1,NW
84,830,36,22.2,21.1,73.2,1,0,1,,0.5,SE
84,843,34.6,23,22.2,74.7,1.2,0,1,,0.3,NW
84,845,36.2,24.4,23.5,71.2,0.9,0,1,,0.5,NE
84,846,35.5,24.4,24.1,67.1,0.4,0,1,,0.3,SE
84,852,27.9,23.7,23.1,79.8,2.1,0,,,0,SW
84,860,36.3,25.8,24.4,62.7,1.2,0,1,,0.6,E
84,905,34.9,20.4,22.4,70.8,1.7,0,1,,0.3,NW
84,915,35.4,22.5,21.4,83.8,1.6,0,1,,0.3,NE
84,922,34,20.6,20.5,69.7,1.5,0,1,,0.2,S
84,927,36,21.9,20.7,75.8,1,0,1,,0.1,W
84,935,35.2,23.8,22.6,82.1,1,0,1,,0.3,SW
84,991,36.4,23.7,22.6,78.4,1,0,1,,0.1,W
84,992,36.5,23.7,21.7,80.7,0.8,0,1,,0.2,N
84,995,33.7,20.4,21.5,75.4,1.3,0,1,,0.2,SW
85,130,29.2,23.6,24.2,77.1,2,0,,,0,S
85,138,34,24.7,25.5,61.1,2,0,1,1,0.1,S
85,143,35.1,23.4,23.8,63,1.7,0,1,,0.9,SE
85,152,32.3,23.9,24.2,68.8,1.3,0,,,0.2,SE
85,159,32.2,26.9,27.1,68.7,2.6,0,,1,0.9,E
85,162,32.3,26,25.8,72.1,2.4,0,,1,0.8,NE
85,257,33.9,26,25.4,69.4,2.1,0,1,1,0.7,NE
85,271,33.6,19.4,19.7,77.1,0.9,0,1,,0.2,NW
85,278,35.4,21.1,21.6,73.4,1,0,1,,0.1,NE
85,285,34.4,22.5,22.8,77.6,0.8,0,1,,0.3,SW
85,288,34.9,23.5,24,67.5,1.5,0,1,,0.2,S
85,311,30,19.2,19.2,88.2,0.8,0,,,0,S
85,800,31.3,21.7,21.8,80.3,2.6,0,,,0,S
85,804,32.7,22,22.1,75.6,2.2,0,,,0.2,SW
85,808,29.8,22.3,24.7,85.2,1.4,0,,,0.2,SE
85,828,34.4,23.1,23.2,80.8,1,0,1,,0,S
85,830,35.2,21.1,21.4,71.8,1.4,0,1,,0.2,SE
85,843,35.5,22.2,23.2,68,1.2,0,1,,0.1,NW
85,845,36.1,23.5,23.9,66.7,1.1,0,1,,0.8,NE
85,846,35.6,24.1,24.2,64.1,0.6,0,1,,0.3,NE
85,852,28.5,23.1,23.6,79.4,3.3,0,,,0,S
85,860,35.9,24.4,25.1,59.6,1.6,0,1,1,0.8,E
85,905,33.7,22.4,22.8,73,1.8,0,1,,0.2,NW
85,915,33.8,21.4,21.5,83.4,1.6,0,1,,0.4,NE
85,922,32,20.5,21,75.9,1.1,0,,,0.3,SE
85,927,34,20.7,21.3,75.8,1.3,0,1,,0.1,S
85,935,34,22.6,22.8,78.4,1.2,0,1,,0.2,W
85,991,35.5,22.6,23.2,75.7,1.5,0,1,,0.1,SW
85,992,35.4,21.7,22.1,78.4,1.1,0,1,,0.2,N
85,995,32.9,21.5,22.1,76.1,1.3,0,,,0.1,SW
86,130,29.3,24.2,24.9,74.9,2.2,0,,,0,S
86,138,34.2,25.5,25.9,62.5,2.2,0,1,1,0.1,SW
86,143,34.4,23.8,24.4,65.7,1.4,0,1,,0.7,SE
86,152,32.6,24.2,24.4,71.1,1.4,0,,,0.2,S
86,159,33,27.1,27.2,69.3,2.7,0,1,1,1,NE
86,162,32.7,25.8,26.7,72.5,2.1,0,,1,0.7,NE
86,257,34.3,25.4,26,69.5,1.9,0,1,1,0.6,NE
86,271,33.7,19.7,20.8,78,1,0,1,,0.1,NW
86,278,35,21.6,22.5,74.6,0.8,0,1,,0.1,N
86,285,34.1,22.8,23.3,77.5,0.7,0,1,,0.4,SW
86,288,35.5,24,24.4,68.2,1.6,0,1,,0.4,NE
86,311,29.1,19.2,20,88.9,0.7,0,,,0,S
86,800,31.6,21.8,22.8,79.4,2.6,0,,,0,S
86,804,32.3,22.1,23.1,77.9,2,0,,,0.4,SW
86,808,30.4,24.7,25,83.3,1.6,0,,1,0.2,SE
86,828,34,23.2,24,82.1,1,0,1,,0,NW
86,830,35.5,21.4,22.3,74,1.2,0,1,,0.2,SE
86,843,36,23.2,23.6,68.1,1.3,0,1,,0,W
86,845,35.3,23.9,24.1,69.9,0.8,0,1,,0.8,NE
86,846,34.8,24.2,24.4,64.1,0.6,0,1,,0.3,SE
86,852,28,23.6,23.6,78.3,2.9,0,,,0,S
86,860,35.7,25.1,25.4,61.7,1.5,0,1,1,0.8,E
86,905,33.7,22.8,23.5,74.1,1.7,0,1,,0.1,SE
86,915,33.1,21.5,22.1,84.8,1.8,0,1,,0.5,NE
86,922,32.4,21,21.5,76.6,1.2,0,,,0.3,SE
86,927,33.9,21.3,21.8,76.7,1.2,0,1,,0.2,SE
86,935,34,22.8,23.3,79.7,1.2,0,1,,0.2,W
86,991,35.1,23.2,23.3,76.3,1.2,0,1,,0.1,W
86,992,35.1,22.1,22.6,78.9,1,0,1,,0.2,N
86,995,33.3,22.1,22.6,76.5,1.3,0,1,,0.1,SW
87,130,30.7,24.9,25.5,69.7,2.2,0,,1,0,S
87,138,34.3,25.9,25.7,59.1,2.4,0,1,1,0.1,SW
87,143,35.9,24.4,23.9,62.7,1.3,0,1,,0.8,SE
87,152,32.3,24.4,23.5,67.8,1.3,0,,,0.1,S
87,159,32.8,27.2,26.9,65.2,2.6,0,,1,1,E
87,162,33.5,26.7,25.6,68.1,2.2,0,1,1,0.6,NE
87,257,34.2,26,24.1,67.3,2,0,1,,0.7,NE
87,271,34,20.8,21.3,75.2,1.1,0,1,,0.1,NW
87,278,36,22.5,21.8,72,0.9,0,1,,0.1,SW
87,285,34.3,23.3,22.6,77.2,0.7,0,1,,0.2,SW
87,288,35.4,24.4,23.9,66.8,1.6,0,1,,0.1,S
87,311,29.6,20,19.5,87.8,0.7,0,,,0,S
87,800,31.5,22.8,22,75.7,3.2,0,,,0,S
87,804,33.6,23.1,22.6,71.6,2.5,0,1,,0.1,SW
87,808,33.3,24.7,23.7,70.3,1.8,0,1,,0.1,S
87,828,35.3,24,23,79.2,1.4,0,1,,0,S
87,830,35.2,22.3,21.1,69.8,1.8,0,1,,0.3,SE
87,843,36.8,23.6,25.3,63.6,1.4,0,1,1,0,W
87,845,36.3,24.1,23.7,67.7,0.8,0,1,,0.7,NE
87,846,35.4,24.4,23.6,64.5,0.4,0,1,,0.1,NE
87,852,28.4,23.9,23.9,73.7,3,0,,,0,SW
87,860,36.1,25.4,25,60.3,1.5,0,1,1,0.7,SE
87,905,33.9,23.5,21.9,70.1,1.9,0,1,,0.1,NW
87,915,33.9,22.1,21.4,83.2,1.7,0,1,,0.4,NE
87,922,32.9,21.5,21,72.4,1.3,0,,,0.2,SE
87,927,34.9,21.8,20.9,73.8,1.5,0,1,,0.2,S
87,935,34.5,23.3,22.4,78,1.2,0,1,,0.1,W
87,991,35.6,23.3,23.1,74,1.6,0,1,,0,SW
87,992,35.5,22.6,22.2,77.2,1.3,0,1,,0.2,W
87,995,33.2,22.6,22.2,71.5,1.4,0,1,,0.2,SW
88,130,29.9,25.3,23.4,71.8,2.3,0,,,0,S
88,138,34.2,25.7,25,59.9,2.2,0,1,1,0.3,SW
88,143,36.6,23.9,24.4,60.8,1.2,0,1,,0.6,SE
88,152,32.5,23.5,22.5,68.3,1.2,0,,,0.1,S
88,159,32.6,26.9,26.2,67.3,2.1,0,,1,0.9,E
88,162,34.1,25.6,25,68.3,2.4,0,1,1,0.4,NE
88,257,36.1,24.1,23,69.5,1.1,0,1,,0.3,SE
88,271,35.1,21.3,20.9,78.4,1.2,0,1,,0.2,NW
88,278,36.9,21.8,24.1,72.5,0.9,0,1,,0.1,SW
88,285,36.2,22.6,22.1,74.7,0.8,0,1,,0.2,SW
88,288,37.7,23.9,23.1,66.4,1.3,0,1,,0.2,W
88,311,31.1,19.5,18,87.2,0.6,0,,,0,S
88,800,32,22,21.9,78,2.2,0,,,0,S
88,804,34,22.6,21.7,72.7,2.1,0,1,,0.2,SW
88,808,33,23.7,23.3,66.9,2.6,0,1,,0,S
88,828,36.8,23,22.5,79,1,0,1,,0.1,NW
88,830,36.7,21.1,20.6,71.5,1.2,0,1,,0.3,S
88,843,35,25.2,23.9,64.4,2.4,0,1,,0.3,W
88,845,37,23.7,25.3,66.8,0.6,0,1,1,0.3,NE
88,846,36.2,23.6,24.5,64.1,0.5,0,1,,0,NW
88,852,28.4,23.9,23.2,74.8,2.4,0,,,0,SW
88,860,37.6,25,25.8,58.5,1.2,0,1,1,0.5,E
88,905,36.1,21.9,20.2,72.2,1.4,0,1,,0.2,NW
88,915,35.5,21.4,20.8,80.5,1.5,0,1,,0.4,NE
88,922,35.7,21,19.3,72.8,0.9,0,1,,0.3,SE
88,927,36.1,20.9,19.4,74.7,1.2,0,1,,0.2,SW
88,935,37.1,22.4,22.1,74,1.2,0,1,,0.3,NE
88,991,37,23.1,23.4,72.8,1.3,0,1,,0.1,W
88,992,36.7,22.2,22.7,77.2,0.9,0,1,,0.3,N
88,995,35.8,22.2,20.6,73.6,1.1,0,1,,0.1,SW
89,130,29.4,23.4,22.9,81.1,1.7,0,,,0.4,S
89,138,33.8,25,25.1,63.8,2.3,0,1,1,0.5,E
89,143,35.8,24.4,23,60.2,1.8,0,1,,0.8,SE
89,152,33.1,22.5,23.4,68.5,1.1,0,1,,0.2,SE
89,159,32.8,26.2,26.2,67.7,2.3,0,,1,0.8,E
89,162,34.4,25,25,69.4,2.6,0,1,1,0.5,NE
89,257,35.2,23,24,66.4,1.6,0,1,,0.5,SE
89,271,34.4,20.9,17.6,75.9,1.2,0,1,,0.1,NW
89,278,37,23.8,20.5,70.4,1,0,1,,0.2,NE
89,285,35.3,22.1,21,72.8,0.7,0,1,,0.1,SW
89,288,36.8,23.1,22.7,67,1.5,0,1,,0.2,S
89,311,30.6,18,17.4,81.2,0.7,0,,,0,S
89,800,31.9,21.9,22,81.1,2.2,0,,,0.2,S
89,804,33.3,21.7,22.1,75.2,2.2,0,1,,0.3,SW
89,808,31.5,23.3,23.7,78.1,1.6,0,,,0.1,S
89,828,36,22.5,21.4,76,0.9,0,1,,0.1,W
89,830,35.9,20.6,21.5,71.2,1.4,0,1,,0.4,SE
89,843,33.2,23.1,20.9,72,1.7,0,1,,0.4,SE
89,845,37.1,25.3,22.7,65.3,1.3,0,1,,0.7,NE
89,846,36.1,24.5,23.2,61,0.5,0,1,,0.3,SE
89,852,28.7,23.2,22.9,84.2,2.3,0,,,0.3,S
89,860,37.2,25.8,24.2,57.4,1.6,0,1,,0.9,E
89,905,35.6,20.2,22.5,69.9,1.5,0,1,,0.4,NW
89,915,35.1,20.8,19.4,78.2,1.4,0,1,,0.3,NE
89,922,33.4,19.3,19.4,70.6,1.2,0,1,,0.3,SE
89,927,35.5,19.4,19.5,74.6,0.9,0,1,,0.2,SE
89,935,35.6,22.1,21.2,72.6,1.2,0,1,,0.3,SW
89,991,36,23.4,21.8,71.4,1.4,0,1,,0,W
89,992,36,22.7,21.3,74.4,1,0,1,,0.2,W
89,995,34.4,20.6,22.3,72.9,1.2,0,1,,0.2,S
90,130,29.9,22.9,24.2,82.1,1.7,0,,,0.1,SW
90,138,29.6,25.1,26.1,81.6,2,0,,1,0.7,NE
90,143,35.1,23,24.6,62.9,1.9,0,1,,0.9,SE
90,152,32.5,23.4,23.6,72.6,1.6,0,,,0.5,NE
90,159,32.5,26.2,26.8,66.6,2.5,0,,1,0.7,E
90,162,33.3,25,25.1,70.5,2.3,0,1,1,0.5,NE
90,257,34.2,24,23.9,69,1.7,0,1,,0.7,E
90,271,34,17.6,19.4,72.3,1.3,0,1,,0.2,NW
90,278,36.5,20.5,22.9,69.5,0.9,0,1,,0.3,N
90,285,35.2,21,22.2,71.4,1,0,1,,0.3,SW
90,288,36.1,22.7,22.7,65.2,1.8,0,1,,0.4,NE
90,311,29.8,17.4,18.9,82.5,0.8,0,,,0,S
90,800,32.6,22,24.1,83,1.8,0,,,0.2,S
90,804,30.9,22.1,23.5,83.7,2.1,0,,,0.5,NE
90,808,30.7,23.7,25.6,86.6,1.3,0,,1,0.5,NW
90,828,34.8,21.4,23.3,75,1.2,0,1,,0,S
90,830,35.3,21.5,23.4,75.7,1.5,0,1,,0.4,NW
90,843,33,20.9,22,72.3,1.7,0,1,,0.5,SE
90,845,36.6,22.7,25,66.6,1.5,0,1,1,0.8,NE
90,846,35.6,23.2,24.6,61,0.9,0,1,,0.4,SE
90,852,29.3,22.9,24.5,81,1.9,0,,,0.2,SW
90,860,36.4,24.2,26,59.7,1.8,0,1,1,0.9,E
90,905,34.1,22.5,22.4,70.1,2,0,1,,0.4,NW
90,915,33.7,19.4,20.9,79.2,1.8,0,1,,0.3,NE
90,922,32.8,19.4,19.3,73.5,1,0,,,0.3,SE
90,927,35.9,19.5,19.2,72.8,0.9,0,1,,0.3,SE
90,935,34.9,21.2,22.4,71.6,1.2,0,1,,0.2,SW
90,991,36,21.8,22.8,70.5,1.3,0,1,,0,W
90,992,35.9,21.3,22.4,74.5,1,0,1,,0.4,SE
90,995,33.1,22.3,23.4,81.5,1.2,0,1,,0.4,SW
91,130,29.9,24.2,21.5,84.9,1.6,0,,,0,W
91,138,30.1,26.1,26,82.8,2.4,0,,1,0.6,NE
91,143,35.9,24.6,23.6,62.9,1.7,0,1,,0.8,E
91,152,32.6,23.6,23.6,71.8,1.6,0,,,0.5,E
91,159,32.9,26.8,26.3,71.2,2.6,0,,1,0.8,E
91,162,34.3,25.1,25.2,68.3,2.4,0,1,1,0.4,NE
91,257,34.9,23.9,23.9,68.3,1.7,0,1,,0.8,E
91,271,33.6,19.4,17.5,76,1,0,1,,0.1,NW
91,278,36,22.9,20.8,74.3,0.7,0,1,,0.2,NE
91,285,35.3,22.2,21.4,72.2,0.8,0,1,,0.3,SW
91,288,36.5,22.7,23.2,65.5,1.6,0,1,,0.3,NE
91,311,30.1,18.9,17.3,81,0.8,0,,,0,S
91,800,31.7,24,21.8,82.6,1.4,0,,,0,S
91,804,30.9,23.5,22.9,84.3,2,0,,,0.5,NE
91,808,31.5,25.6,25.4,85.7,1.2,0,,1,0.3,NW
91,828,35.3,23.3,22.7,78.4,1,0,1,,0,NW
91,830,34.5,23.4,22.7,75.2,1.8,0,1,,0.4,NW
91,843,33.9,22,20.4,73.7,1.3,0,1,,0.3,NW
91,845,37.5,25,23.9,67.6,1.2,0,1,,0.7,NE
91,846,36.1,24.6,24,61.3,0.5,0,1,,0.3,SE
91,852,30,24.5,23.6,83,1.8,0,,,0,S
91,860,37.1,26,24.9,60.6,1.7,0,1,,0.9,E
91,905,34.9,22.4,21.5,70.1,2,0,1,,0.4,NW
91,915,34.3,20.9,19.9,80.4,1.6,0,1,,0.3,NE
91,922,33.4,19.3,18.9,73.5,1,0,1,,0.2,S
91,927,36.2,19.2,19.3,71.6,1,0,1,,0.2,SE
91,935,35.4,22.4,21.9,71.4,1.4,0,1,,0,W
91,991,36.4,22.8,22.6,71.8,1.3,0,1,,0,SW
91,992,36.7,22.4,22,74.3,0.9,0,1,,0.2,W
91,995,33.3,23,22.8,80,1.4,0,1,,0.3,NE
92,130,30,21.5,24.1,81.4,1.5,0,,,0.2,W
92,138,30.6,26,25.4,79.5,2.2,0,,1,0.6,NE
92,143,36.9,23.6,25.2,59.6,1.4,0,1,1,0.7,SE
92,152,32.5,23.6,24.1,75.8,1.5,0,,,0.5,E
92,159,33.5,26.3,27.4,75.9,2.3,0,1,1,0.8,SE
92,162,33.7,25.2,25.7,74.9,2.3,0,1,1,0.4,NE
92,257,37.1,23.9,27,74.5,1.4,0,1,1,0.2,SE
92,271,35.1,17.5,20.6,69.5,1.1,0,1,,0.1,NW
92,278,37.2,20.8,22.8,66.7,0.9,0,1,,0.1,NE
92,285,36.7,21.4,24,71.9,0.6,0,1,,0.2,SW
92,288,38.3,23.2,27,66.2,1.6,0,1,1,0.3,S
92,311,30.7,17.3,20.4,84.9,0.7,0,,,0,S
92,800,31.2,21.8,23.1,80.7,1.6,0,,,0.2,S
92,804,30.9,22.9,22.5,83.6,1.9,0,,,0.5,E
92,808,31.3,25.4,24.8,83.7,1.4,0,,,0.3,NW
92,828,36.7,22.7,24.6,77.2,0.7,0,1,,0,NW
92,830,35.7,22.7,21.7,74.1,1.7,0,1,,0.3,NW
92,843,33.8,20.4,23.4,70.4,1.8,0,1,,0.4,SE
92,845,37.7,23.9,25.2,64.7,1,0,1,1,0.2,NE
92,846,36.5,24,25.1,60.8,0.4,0,1,1,0.2,NW
92,852,30.1,23.6,24.6,77.8,1.8,0,,,0.2,SW
92,860,38.3,24.9,26.3,58,1.5,0,1,1,0.6,E
92,905,36.2,21.5,24.1,73.4,1.5,0,1,,0.3,NW
92,915,36.6,19.9,23.9,78.7,1.3,0,1,,0.2,NE
92,922,35.6,18.9,24.2,73.5,0.7,0,1,,0.3,N
92,927,36.9,19.3,24.7,74.7,0.9,0,1,,0.2,W
92,935,37,21.9,23.7,69.9,1,0,1,,0.1,SW
92,991,37,22.6,24.7,71.3,1.2,0,1,,0.1,W
92,992,36.9,22,23.3,72.9,0.8,0,1,,0.2,N
92,995,33.1,22.8,21.8,80.6,1.1,0,1,,0.3,S
93,130,30.8,24.1,24.8,85.3,1.5,0,,,0.1,SE
93,138,34.2,25.4,27.6,72.5,2,0,1,1,0.4,W
93,143,37,25.2,27.3,62.8,1.5,0,1,1,0.5,SE
93,152,34,24.1,25.9,76.5,1.2,0,1,1,0.1,NW
93,159,32.1,27.4,27.7,75.8,2.7,0,,1,0.2,S
93,162,33.1,25.7,26.1,79.8,1.6,0,1,1,0.1,S
93,257,37.2,27,26.1,76.8,1.5,0,1,1,0.5,NE
93,271,35.4,20.6,21.5,72.5,1.3,0,1,,0.1,NW
93,278,37.2,22.8,25.9,73.5,0.9,0,1,1,0,N
93,285,36.8,24,25.5,79,0.6,0,1,1,0.4,E
93,288,38.5,27,26.5,73.7,1.3,0.5,1,1,0.1,W
93,311,30.4,20.4,21.9,91.4,0.7,21.5,,,0,S
93,800,32.7,23.1,24.3,83.7,1.6,1,,,0.1,S
93,804,33.6,22.5,24.5,79.1,1.8,0,1,,0.4,SW
93,808,31.8,24.8,26.8,82.5,2,0,,1,0.1,S
93,828,37.1,24.6,26.1,83.8,0.8,0,1,1,0,NW
93,830,37.2,21.7,24.8,72.4,1.8,0,1,,0.2,NW
93,843,33.8,23.4,23.8,73,1.3,0,1,,0.3,NW
93,845,37.3,25.2,27.1,68.9,0.9,0,1,1,0.2,NE
93,846,36.1,25.1,26.9,66,0.3,0,1,1,0,NW
93,852,30,24.6,25.6,84.8,2.1,0,,1,0,S
93,860,36.9,26.3,28.4,62.1,1.5,0,1,1,0.5,SE
93,905,36.8,24.1,24.5,83.7,1,21,1,,0.2,NW
93,915,36.4,23.9,25,83.4,1,0,1,1,0.1,NE
93,922,35.1,24.2,24.1,77.4,0.9,0,1,,0.3,SE
93,927,36.8,24.7,25,77.4,1.1,0,1,1,0.1,SE
93,935,37.1,23.7,25.7,75.6,0.9,0,1,1,0.2,SW
93,991,37.5,24.7,26.4,77.7,1.3,0,1,1,0.1,W
93,992,36.8,23.3,25.8,79.4,0.8,0,1,1,0.1,W
93,995,35.9,21.8,24.1,82.1,1.4,1,1,,0.1,SW
94,130,30.8,24.8,22.5,85.8,1.4,0.8,,,0,S
94,138,33.2,26.1,25.5,72.3,1.9,10.3,1,1,0.1,SW
94,143,32.8,24.3,24.3,72.9,1.4,24,,,0.5,SE
94,152,31.8,24.8,24.8,75.6,1.5,80.4,,,0.1,SW
94,159,32.4,27.4,26.2,80.3,3.7,7.8,,1,0,S
94,162,31.6,26.1,27.3,83.6,3.4,4.3,,1,0,S
94,257,34.5,26.1,26.3,80.8,1.4,9.9,1,1,0.2,SW
94,271,31.7,21.5,20.9,86.2,0.9,8.3,,,0.1,NW
94,278,32.5,22.8,22.8,83.2,0.8,9.7,,,0.1,SW
94,285,30.8,25.1,24.7,87.8,0.5,68.8,,,0.3,SW
94,288,34,26.1,26.1,78.2,1.4,46.8,1,1,0.1,S
94,311,26,21.9,20.8,96.8,0.5,62,,,0.1,S
94,800,31.2,24.3,22.8,86.7,1.5,1,,,0.1,S
94,804,31.9,24.5,24.2,84.6,1,7.5,,,0.2,SW
94,808,31.8,24.8,24.4,78.6,2.4,5,,,0,S
94,828,31.1,24.6,24.6,92.9,0.8,37.5,,,0.1,S
94,830,33.6,24.8,25,80.4,1,10.5,1,1,0.2,SE
94,843,31.8,22.8,21.5,79.1,0.7,3,,,0.1,N
94,845,33.5,24.1,24.1,79.2,0.9,27,1,,0.3,N
94,846,32,23.9,23.9,77.9,0.4,28.5,,,0.1,W
94,852,29.4,25.5,22.8,84.9,2,0.5,,,0,SW
94,860,33.4,24.5,24.5,70,1.3,25,1,,0.5,SE
94,905,33,24.5,24.9,85.5,1.1,37.5,1,,0.1,SE
94,915,30.3,25,25,92,1.4,48.5,,1,0.2,W
94,922,32.5,24.1,24.2,80.3,0.8,44,,,0.3,SE
94,927,33.4,24.7,24.7,82.2,1.2,31,1,,0.1,SE
94,935,31.6,24.6,24.6,83.5,1.2,54,,,0.3,SW
94,991,32.2,24.5,24.5,84.2,1.6,33.5,,,0.1,SW
94,992,31.8,24.2,24.2,87.2,1.4,23,,,0.2,S
94,995,33,24.1,24.4,85,0.8,17.5,1,,0.1,SW
95,130,28.5,22.5,23.7,89.2,1.6,6.2,,,0.3,SW
95,138,33.8,25.3,24.5,79.1,2.2,32,1,,0.2,SW
95,143,33.1,24.8,25.9,84.1,1.3,91,1,1,0.4,SE
95,152,31.9,24.8,26.4,81.3,3.1,82,,1,0,SW
95,159,30.8,26.2,26.7,84.9,6.9,12.9,,1,0,SW
95,162,30,26.7,26,85,6.2,4.6,,1,0,SW
95,257,32.9,26.9,27,88.2,3.4,17.1,,1,0,SW
95,271,29.2,20.9,23.6,93.4,0.8,29.3,,,0,N
95,278,32.9,23,26.3,85.8,1.2,35.5,,1,0.1,S
95,285,32.6,24.7,25.4,93.3,0.8,136.8,,1,0.1,SW
95,288,33,26.1,26.9,84.6,2.1,120.2,1,1,0.1,S
95,311,26.7,20.8,21.6,97.5,0.5,70.5,,,0.2,S
95,800,33.7,22.8,23.8,87.5,2.6,21,1,,0.1,S
95,804,32.7,23.6,23.3,86.3,2.8,33,,,0.1,SW
95,808,34.7,24.4,24.2,85,2.5,49,1,,0,S
95,828,31.7,25.4,25.7,98.1,2,133,,1,0,S
95,830,34.6,24.4,23.9,84.3,1.6,32.5,1,,0.2,W
95,843,31.8,21.5,22.9,87.1,1.4,5,,,0.4,SE
95,845,33,25,25.8,92,1.1,59.5,1,1,0.2,NE
95,846,32.5,24.8,25.6,88.7,0.5,67.5,,1,0.1,SW
95,852,27.1,22.8,23.6,90.4,2.8,6.5,,,0.4,NE
95,860,33.6,25.1,26.5,83.4,1,80,1,1,0.5,E
95,905,32.7,25.8,25.7,85.1,2.1,49.5,,1,0,S
95,915,32.4,25,24.8,95.1,1.7,125.5,,,0.1,SW
95,922,30.9,24.6,25,86.2,1.3,78,,1,0.5,SE
95,927,31,24.8,25.7,86.7,2.3,82.5,,1,0.1,S
95,935,31.4,25,25,93.8,2.1,89.5,,1,0.3,SE
95,991,32.6,25.1,25.8,90,2,91.5,,1,0.2,S
95,992,32.7,24.9,25.8,93.6,1.9,68.5,,1,0.3,S
95,995,33.1,24.1,23.8,86.6,1.3,42.5,1,,0.2,SW
96,130,30.2,23.7,26.8,85.7,1.3,6.2,,1,0.5,E
96,138,34.3,24.5,28,76.2,1.9,32,1,1,0.1,SW
96,143,35,25.9,27,77,1.1,91,1,1,0.4,NE
96,152,31.4,26.4,27.6,79.7,2.2,31.8,,1,0,SW
96,159,30.8,26.7,27.5,83.7,5.2,12.9,,1,0,SW
96,162,31,26,27.5,85.3,3.5,5.1,,1,0,SW
96,257,32.2,27,26.8,89.7,2.6,17.1,,1,0,SW
96,271,31.5,22.7,22.7,84.9,0.8,29.3,,,0,NW
96,278,34.6,26.3,25.5,80.6,1.1,35.5,1,1,0,SW
96,285,33.1,25.4,25.5,88.5,0.9,136.8,1,1,0,S
96,288,32.5,26.9,26.2,84.9,1.6,120.2,,1,0.1,SE
96,311,30.6,21.6,21.5,92.9,0.6,65,,,0.2,S
96,800,32.4,23.8,25.8,86,2.1,21,,1,0.1,S
96,804,34.2,23.3,26.3,83,2.1,33,1,1,0.1,SW
96,808,34.5,24.2,25.9,80.6,2.1,49,1,1,0,S
96,828,33.1,25.7,26.3,95.2,1.8,133.5,1,1,0,S
96,830,34.8,23.9,26.7,85.1,1.1,32.5,1,1,0.1,W
96,843,34,22.9,24.7,76.8,1.4,5,1,,0.1,W
96,845,35.5,25.8,27,84.5,1.1,59.5,1,1,0.1,W
96,846,34.4,25.6,26.8,77.8,0.9,67.5,1,1,0,W
96,852,29.6,23.6,26.4,88.6,1.4,6.5,,1,0.4,SW
96,860,35.6,26.5,28.1,74.8,0.9,80,1,1,0.3,NE
96,905,31.1,25.7,25.9,87.5,2,49.5,,1,0.1,S
96,915,31.8,24.8,24.8,94.8,1.3,125.5,,,0.1,W
96,922,30.7,25,24.6,88.9,0.8,78,,,0.4,E
96,927,30.8,25.6,25.6,87.7,1.5,82.5,,1,0.2,S
96,935,32,25,25.2,98,1.6,0.5,,1,0.3,SE
96,991,34.6,25.8,26.3,82.8,2.2,91.5,1,1,0,SW
96,992,34.6,25.8,26.1,87.6,1.8,68.5,1,1,0.1,S
96,995,33.4,23.8,24.7,83.4,1.2,42.5,1,,0.1,SW
97,130,31.5,24.2,24.2,82.5,1.7,4.4,,,0.1,S
97,138,33.5,27.3,25.5,70.4,2.9,9.3,1,1,0,SW
97,143,32.5,24,23.4,76.7,1.6,12.1,,,0.3,W
97,152,31.8,27.6,24.4,72.6,3.7,2.7,,,0,SW
97,159,30.5,27.5,27.4,82.1,6.1,4.9,,1,0,SW
97,162,29.8,27.5,27.3,84.3,5.3,0.2,,1,0,SW
97,257,32.7,26.8,25.5,85.3,3.3,6.8,,1,0,SW
97,271,28.3,22.1,21.6,91.5,0.9,8.9,,,0.1,S
97,278,31.8,25.5,23.6,89.7,1,4.1,,,0,SW
97,285,31,25.5,24.6,90.6,0.8,6.4,,,0,SW
97,288,32.6,26.2,25.4,82.3,1.6,4.7,,1,0,S
97,311,26.2,21.5,20.6,96.7,0.6,10,,,0.2,S
97,800,32.7,24.8,23.7,82.4,2.7,4.5,,,0.1,SW
97,804,31.6,25.6,25.6,80.4,4.1,8,,1,0,SW
97,808,34.1,25.1,24.1,75.1,2.4,7.5,1,,0,S
97,828,30.9,26.3,24.9,98.2,2.1,6,,,0,S
97,830,32.7,26.6,24.3,78.3,2.6,18.5,,,0,W
97,843,30.1,23.1,22.3,79.5,2.1,4.5,,,0.2,W
97,845,32.5,24.1,23.6,84.1,1.9,16.5,,,0,W
97,846,31.6,23.6,23.6,82.5,1.1,8.5,,,0,W
97,852,30.6,23.4,23.7,82.7,2.3,10.5,,,0.1,SW
97,860,33.3,23.9,23.8,73.3,1.2,16.5,1,,0.5,SE
97,905,32.1,25.9,24.5,78.8,1.8,3.5,,,0,S
97,915,29.8,24.8,24.2,95.9,1.5,10.5,,,0,W
97,922,30.6,24.6,23.8,85.5,1.5,3.5,,,0.5,E
97,927,31.6,25.6,24,83.4,3.2,25,,,0.1,SW
97,935,30.4,25.2,24.6,98.5,1.8,20,,,0.3,SE
97,991,31.6,24.9,23.8,85.3,2.8,3,,,0,SW
97,992,31.8,25.9,23.4,88.9,2.7,8,,,0,SW
97,995,32.5,24.7,24.2,83.3,1.5,5,,,0.1,SW
98,130,30,23.7,21.3,77.5,1.8,4.4,,,0.4,W
98,138,31.3,24.9,23.4,73.2,2.9,5.5,,,0.2,W
98,143,31.9,23.4,22.7,74.6,1.2,17,,,0.3,NW
98,152,31.9,23.9,22.6,71.9,1.8,0,,,0.1,NW
98,159,33.8,26.8,25.2,72.4,3.4,2.4,1,1,0,W
98,162,32.5,26.9,23.9,75.9,3,0,,,0,W
98,257,34.6,25.5,23.5,79.7,1.5,3,1,,0.1,W
98,271,30.3,21.1,19.7,83.4,1,8.9,,,0.1,NW
98,278,32.3,23.6,21.7,81.4,1.1,1.7,,,0.1,SW
98,285,32.4,23.6,20.9,80.8,0.7,6.4,,,0.1,SW
98,288,33.7,25.4,23.9,74.7,1.5,0,1,,0.1,NW
98,311,26,17.5,15.8,94.9,0.6,5.5,,,0.1,S
98,800,30.6,23,20.4,76.5,2.2,4.5,,,0.1,NE
98,804,30.4,22.3,21,76.7,2.8,8,,,0.2,W
98,808,32.3,23.9,23.2,79.7,2.1,7.5,,,0,W
98,828,31.8,24.5,22.4,92,0.7,6,,,0,NW
98,830,31.5,23,20.9,79.4,1.8,8.5,,,0.2,W
98,843,29.1,20.5,19.3,84.3,1.8,10.5,,,0.2,NW
98,845,31.8,23.6,21.8,83.9,0.7,16.5,,,0.1,W
98,846,31,23.6,22,80,0.2,8.5,,,0.1,NW
98,852,27.9,23.8,21.5,77.8,2,10.5,,,0.4,NE
98,860,31.9,23.8,23.5,73.8,1,16.5,,,0.2,NW
98,905,32.6,23.1,21.8,78.3,1.3,1,,,0,W
98,915,31.7,21.2,19.3,85.2,1.6,3.5,,,0.2,NW
98,922,31.8,22.6,20.5,84,0.6,1.5,,,0.2,NW
98,927,32.3,23,21.6,84.1,1.1,3,,,0.2,N
98,935,31.7,23.7,21.1,90.8,1.5,20,,,0.2,SW
98,991,31.8,23.8,21.7,85.6,0.9,3.5,,,0.2,S
98,992,32.4,23.3,21.2,87.4,0.8,8,,,0.3,S
98,995,31.6,22.9,21.4,80.5,2.4,15,,,0.1,SW
99,130,28.5,21.3,22.9,80.9,1.5,0.1,,,0.2,SE
99,138,29,23.4,24.8,78.5,2.1,3,,,0.5,NE
99,143,31,22.7,23.3,69.4,1,0.3,,,0.5,SE
99,152,30.1,22.6,23.7,77.9,1.3,0,,,0.3,NW
99,159,30.7,25.2,25.6,76.5,2.4,0,,1,0.2,S
99,162,30.1,23.9,24.5,77.3,1.5,0,,,0.1,S
99,257,32.4,23.5,24.3,80.2,1.4,2,,,0.3,SW
99,271,29,19.7,21.1,81.7,1,0,,,0.3,SE
99,278,31.9,21.7,23.1,80.8,0.8,0,,,0.1,W
99,285,30.5,20.9,22.5,82,0.5,0,,,0.1,SW
99,288,31.7,23.9,23.3,72.6,1.2,0,,,0.2,W
99,311,26.4,15.8,18.6,91,0.6,0,,,0.1,S
99,800,29,20.4,23.2,82,1.5,0,,,0.1,S
99,804,28.5,21,23.1,84,1.9,0,,,0.5,NE
99,808,29.2,23.2,24.4,83.2,1.4,4,,,0.3,SE
99,828,31.1,22.4,23.1,86.2,0.8,0,,,0,NW
99,830,31.6,20.9,23.2,79.8,1.2,3,,,0.5,SE
99,843,28.9,19.3,20.6,81.9,1.4,10.5,,,0.3,SE
99,845,31.8,21.8,23.7,77.4,0.7,0.5,,,0.2,W
99,846,31.5,22,23.5,71.7,0.4,0,,,0,W
99,852,27.6,21.5,23,79.1,1.8,0.5,,,0,S
99,860,31.4,23.5,24.5,67.5,1,0.5,,,0.4,NW
99,905,31.8,21.8,22.5,78.1,1.5,1,,,0.1,NW
99,915,30.7,19.3,22,86.9,1.1,0,,,0.2,NE
99,922,30.3,20.5,21,79.4,0.6,0,,,0.3,NW
99,927,31,20.8,20.7,81.1,1.2,1,,,0.2,SW
99,935,30.3,21.1,22.6,90.5,1,0,,,0.1,W
99,991,31.6,21.7,23.1,80.7,1.1,0,,,0.1,SW
99,992,31.8,21.2,22.6,83.5,0.9,0,,,0.1,SW
99,995,29.9,21.4,22.6,84.8,1,15,,,0.3,SW
100,130,27.2,22.4,19,81.5,1.3,0,,,0,W
100,138,27.2,23.1,22.2,87.2,1.4,3,,,0.3,NE
100,143,27.2,22.5,21.2,83.1,0.9,1.1,,,0.6,SE
100,152,28.3,21.3,20.3,86.7,1.1,2.1,,,0.1,NW
100,159,29.4,22.3,22,85.3,2,5.1,,,0.3,S
100,162,28,21.7,21.6,90,1.6,,,,0.3,NE
100,257,29.6,21.9,20.6,89.7,0.9,3.2,,,0.2,SW
100,271,25,17.3,14.6,90.9,0.7,0.6,,,0.1,N
100,278,26.5,22.3,21.4,95.1,0.5,1.9,,,0.1,N
100,285,27.8,22.5,21.6,92.9,0.3,13.6,,,0.2,SW
100,288,29,22.9,21.6,82.3,1.1,2.4,,,0.3,NE
100,311,23.4,18.6,19,96.8,0.4,2.5,,,0,S
100,800,27.7,22.5,20.5,85.7,1.3,0,,,0,SW
100,804,27.3,21.5,21.1,91.1,1.2,1,,,0.1,SW
100,808,26.6,21.8,21.8,90.1,1.1,1.5,,,0.2,S
100,828,27.8,22.6,21.9,98.8,0.6,3,,,0.1,S
100,830,28,22.2,21.3,89.6,0.9,3,,,0.1,NW
100,843,27.3,20,17.9,85.9,0.9,0.5,,,0.1,W
100,845,27.6,21.9,21.5,90.4,0.5,1.5,,,0.4,NE
100,846,26.7,22.3,21,87,0.1,2.5,,,,
100,852,26.9,22.1,21.2,77.8,1.6,0,,,0,SW
100,860,27.5,22.8,21.5,80.3,0.8,1.5,,,0.6,E
100,905,29,21.8,20.2,89,0.9,4.5,,,0.2,NW
100,915,27.3,21.7,21.2,96.1,0.9,18,,,0.2,NE
100,922,28.2,20.7,19.7,90.4,0.4,3.5,,,0.3,NE
100,927,27.5,20.7,20.2,91.5,0.5,2.5,,,0.1,W
100,935,27.4,22.3,21.5,99.4,1,8.5,,,0.2,SW
100,991,27.4,22.8,21.8,93.3,1,2,,,0.1,SW
100,992,26.8,22.6,21.8,95.3,0.6,2,,,0.4,E
100,995,27.6,21.6,21,93.1,0.6,3,,,0.2,SW
101,130,29.2,19,20.5,75.2,1.6,0,,,0.3,NW
101,138,27.5,22.2,21.8,81.1,2,5.6,,,0.4,NE
101,143,29.4,21.2,20.5,75.2,1.6,13.9,,,0.7,E
101,152,27.6,20.3,20.7,83.5,1.3,32,,,0.4,E
101,159,26.4,22,22.3,86.9,1.6,39.3,,,0.7,NE
101,162,26.5,21.6,21.5,93.2,2.2,80.4,,,0.3,NE
101,257,28.9,20.6,19.7,92.6,1.4,42.2,,,0.7,NE
101,271,29.5,14.6,18.2,78.6,1,0.6,,,0.2,NW
101,278,32.1,21.4,20.1,81.4,0.8,1.9,,,0.2,S
101,285,30.7,21.6,23.1,87.4,0.5,41.9,,,0.5,E
101,288,29.2,21.6,20.2,85.3,1.1,25.3,,,0.2,S
101,311,25.9,19,19.1,94.1,0.5,18.5,,,0.1,S
101,800,28.3,20.5,20.5,79.6,1.8,0,,,0.3,NE
101,804,28,20.4,19.5,83.9,2.1,2,,,0.4,NE
101,808,28.9,21.9,22,82,1.7,4,,,0,NE
101,828,30.9,21.9,21,92.1,0.8,26.5,,,0.1,N
101,830,30,20.8,18.7,78.2,1.6,5.5,,,0.4,NW
101,843,28.9,17.9,19.5,73.1,1.8,0.5,,,0.2,SE
101,845,30.5,21.5,20.8,81.3,0.8,14,,,0.6,NE
101,846,30.4,21,21,77.8,0.5,13.5,,,0.7,E
101,852,28.3,21.2,21.8,67.9,2.1,0,,,0.4,NE
101,860,30.9,21.5,21.4,74.1,1.3,15,,,0.7,E
101,905,26.9,20.2,18.7,89.7,1.2,37.5,,,0.1,NW
101,915,30.4,21.2,22.6,92.9,1.2,37,,,0.4,NE
101,922,27,19,16.8,91,0.5,31,,,0.2,N
101,927,28.7,19.6,17.3,89.5,1,16,,,0.2,SW
101,935,30.3,21.5,22.8,96.4,1.4,35,,,0.3,SE
101,991,30.8,21.8,21.3,85,1.3,17,,,0.3,NE
101,992,30.9,21.4,20.1,82.3,1.3,15.5,,,0.4,NE
101,995,27.6,21,19.7,85.2,1.2,8,,,0.3,NE
102,130,27.2,20.5,18.8,83.7,1.2,1.5,,,0.2,W
102,138,27.1,21.7,21,79.5,2.2,5.6,,,0.5,NE
102,143,29.9,20.5,20.2,77.2,1.6,13.9,,,0.8,SE
102,152,28.8,20.1,20,82.1,1.7,32,,,0.3,NW
102,159,29.7,20.6,20.4,82.2,2.1,39.3,,,0.7,NE
102,162,29.4,19.6,19.6,90.6,2.6,0,,,0.3,NE
102,257,31.5,19.7,20.3,87.6,1.5,42.2,,,0.6,NE
102,271,27,18.2,16.4,89.6,0.5,3.1,,,0.1,NW
102,278,29.7,20.1,20.1,85,0.7,3.2,,,0.3,NE
102,285,29.6,21,21,89.9,0.5,41.9,,,0.4,E
102,288,31,20.2,21.2,83.7,1.3,41.7,,,0.4,NE
102,311,24.3,17,17,95.3,0.5,18.5,,,0.1,S
102,800,28.3,20.5,20,81.1,1.2,2,,,0.2,SW
102,804,27.6,19.5,20.4,84.9,1.7,2.5,,,0.4,SW
102,808,28.9,22,21.1,79.9,1.6,4,,,0.3,W
102,828,30.2,21,21.3,95.6,0.5,26.5,,,0.1,NW
102,830,30.8,18.7,20.6,81.2,1.2,5.5,,,0.3,NW
102,843,27.2,18.9,17.7,84,1,2.5,,,0.3,NW
102,845,30.2,20.8,21.2,85.9,0.9,14,,,0.5,NE
102,846,29.5,21,21.2,82.5,0.2,13.5,,,0.3,NE
102,852,26.4,21.2,19.9,77.9,1.3,1.5,,,0.1,SW
102,860,30.9,21.4,20.8,75.4,1.2,15,,,0.7,E
102,905,30.8,18.7,20,83.9,1.6,9.5,,,0.3,NW
102,915,28.8,20.3,20.2,95.8,1,37,,,0.3,SE
102,922,30,16.8,19.1,85.8,0.9,31,,,0.3,SE
102,927,30.6,17.3,19.6,89.3,0.7,16,,,0.2,NE
102,935,29,20.9,20.9,97,1.2,35,,,0.4,NE
102,991,29.1,21.3,21.6,90.3,1.1,17,,,0.2,W
102,992,29.5,20.1,21.2,91.5,0.9,15.5,,,0.2,NE
102,995,28.7,19.7,20.2,85.9,0.8,8,,,0.3,NE
103,130,27.6,18.8,23.7,84.7,1.3,1.5,,,0.1,S
103,138,23.7,21,23.4,93.7,1.3,22,,,0.2,NW
103,143,24.3,20.2,23.2,90.3,1.6,5.9,,,0.7,SE
103,152,23.8,20,23.2,94.7,0.8,43.1,,,0.1,NW
103,159,24.9,20.4,24.1,94.8,1.2,74.1,,,0.4,NE
103,162,23.9,19.7,23.1,96.9,2.1,77.5,,,0.2,NE
103,257,24.6,20.4,23.6,99.5,1,46.9,,,0.5,NE
103,271,26.7,16.4,22,88.4,0.6,3.1,,,0.1,NW
103,278,26.4,20.1,23.2,91.7,0.6,3.2,,,0.2,SW
103,285,24.3,21,23.3,96.1,0.2,7.5,,,0.4,NE
103,288,24.6,21.2,23.8,91.7,0.7,41.7,,,0.3,NW
103,311,21.7,17.2,19.6,98.1,0.4,14,,,0.1,S
103,800,26.9,20,23.4,86,1.3,2,,,0,S
103,804,24.4,20.4,22.8,93.1,0.7,6.5,,,0.2,SW
103,808,24.2,21.1,23.5,93.8,1.3,17,,,0.2,NW
103,828,24.3,21.4,23.3,99.9,0.4,11,,,0.1,NW
103,830,24.7,20.6,23.1,90.8,0.6,11,,,0.2,NW
103,843,27.5,17.7,22.5,82.6,0.9,2.5,,,0.3,SE
103,845,25.3,21.2,23.3,94.5,0.7,8.5,,,0.8,NE
103,846,25,21.2,23.1,89.1,0.1,7.5,,,0.8,E
103,852,26.5,19.9,23.6,80.3,2.5,1.5,,,0,S
103,860,24.9,20.8,23.7,87.3,1.2,5,,,0.9,SE
103,905,24,20.1,22.9,95.9,0.4,36.5,,,0.1,NW
103,915,24,20.2,22.8,99.9,0.7,18,,,0.2,NE
103,922,23.1,19.4,22.3,97.8,0.3,31.5,,,0.2,NW
103,927,23.4,19.8,23,96.7,0.5,23,,,0.2,NW
103,935,24.2,20.9,23.2,99.9,1.1,10.5,,,0.2,SW
103,991,25.5,21.6,23.2,95,0.9,6,,,0.1,W
103,992,25.4,21.2,23,96.4,0.7,19.5,,,0.3,NE
103,995,23.3,20.3,22.7,96,0.4,17,,,0.2,SW
104,130,28.8,23.7,26.1,86.8,1.6,0.3,,1,0,S
104,138,32.3,23.6,25.9,77.8,2,22,,1,0,SW
104,143,32.1,23.3,24.1,79.2,0.9,5.9,,,0.3,S
104,152,31.1,23.2,24.3,80.6,1.9,43.1,,,0,SW
104,159,30.6,24.9,26.1,86.7,3.8,74.1,,1,0,SW
104,162,30.8,23.1,26,89,2.3,4.1,,1,0.1,SW
104,257,32.3,23.6,24.1,89,1.9,46.9,,,0,SW
104,271,29.3,22,23.8,90.7,0.5,1.4,,,0.1,SE
104,278,32.8,23.2,22.7,89.3,0.8,1.2,,,0.1,N
104,285,31.6,23.3,23.3,88.3,0.8,7.5,,,0.1,SW
104,288,32.4,23.8,24.4,83.1,1.5,37.7,,,0.1,S
104,311,27.1,19.7,19.5,95.4,0.5,14,,,0.2,S
104,800,31,23.4,24.6,86.6,2,0.5,,,0.1,S
104,804,31.8,23.1,24.1,82.6,2.8,6.5,,,0,SW
104,808,32.3,23.6,23.9,83.6,1.7,17,,,0.1,S
104,828,30.9,23.5,24.9,95.5,1.7,7.5,,,0,S
104,830,33,23.1,24.9,80.9,1.1,11,1,,0.1,NW
104,843,31.6,22.5,23.3,80.9,0.9,0,,,0.1,NW
104,845,33.5,23.3,24.5,83.7,1,8.5,1,,0.1,SW
104,846,31.7,23.2,25.2,81.9,,7.5,,1,0,SW
104,852,28.2,23.6,25.8,88.2,2.1,1,,1,0,S
104,860,33,23.7,25.3,77.7,0.8,5,1,1,0.4,S
104,905,32.1,22.9,23,87.2,1,36.5,,,0.1,S
104,915,31.2,22.8,24.4,91.9,1.7,18,,,0,W
104,922,30.6,22.3,22.4,87.1,0.8,31.5,,,0.4,E
104,927,31.5,23,23.2,86.1,1.7,23,,,0.1,S
104,935,32.3,23.2,23.2,94.9,2.1,10.5,,,0.1,SE
104,991,31.8,23.4,25.3,85,2,6,,1,0.1,S
104,992,31.7,23.2,24.1,88.5,1.8,19.5,,,0.1,S
104,995,32.2,22.7,23.1,88.8,0.9,17,,,0,SW
105,130,30.6,25.5,24.4,71.6,1.6,0.3,,,0,SW
105,138,34.7,25.9,26.8,63.7,2.4,0,1,1,0,W
105,143,34.9,24.1,24.8,68.4,1.5,0,1,,0.2,W
105,152,33.7,24.3,25.3,70.8,1.9,0.1,1,1,0,SW
105,159,31.8,26.1,26.7,79.6,3.7,0,,1,0,S
105,162,32.1,25.7,24.4,82.6,2.2,0.2,,,0,W
105,257,34.1,24.1,24.9,83.8,1.9,1.6,1,,0,SW
105,271,29.5,21.1,20.3,84.4,1.1,1.5,,,0.1,S
105,278,34.8,22.7,22.9,78.3,1.2,0,1,,0.1,N
105,285,35,23.3,23.4,79.5,0.9,0,1,,0,SW
105,288,35.1,24.4,25.4,77.2,1.1,0.4,1,1,0,W
105,311,29.6,19.5,19.5,90.4,0.7,1.5,,,0.2,S
105,800,34.2,24.6,23.4,72.6,2.5,0.5,1,,0.1,SW
105,804,34.1,24.1,24.4,73.1,2.7,0.5,1,,0,SW
105,808,35.5,23.9,27.2,68.1,2,0,1,1,0.1,W
105,828,35,24.9,23.9,85.4,1.4,0,1,,0,S
105,830,34.5,24.5,23.3,66.2,2.2,0.5,1,,0.1,W
105,843,30.8,23.5,21.9,70.5,2.5,0,,,0,W
105,845,35.4,24.5,24.1,76.3,1.1,0,1,,0.1,W
105,846,34.1,25.2,24.9,71,0.7,0,1,,0,W
105,852,30,25.8,24.7,71.2,1.8,1,,,0,SW
105,860,34.9,25.3,26.2,67.9,0.9,0,1,1,0.3,NW
105,905,33.8,23,23,81.1,1.4,3,1,,0.1,W
105,915,33.8,24.2,22.7,87.7,1.4,0,1,,0,W
105,922,32.6,22.4,23.5,83.5,0.7,0,,,0.3,E
105,927,33.7,23.2,23.5,82.2,1.5,0.5,1,,0.1,SW
105,935,34.5,23.2,23.5,88.5,1.6,0,1,,0.2,SW
105,991,35,25.2,23.7,78,2.2,0,1,,0,SW
105,992,35.2,24.1,23.2,82,1.7,0,1,,0.1,SW
105,995,34.5,23.1,24.7,79.6,1.5,0,1,,0.1,SW
106,130,32.7,24.4,23.2,75.4,1.6,0,,,0.2,W
106,138,32,26.8,26.1,69.1,2.1,0,,1,0.3,NE
106,143,34.6,24.8,25.6,68.4,1.2,0,1,1,0.2,NW
106,152,32.2,25.3,24.4,72.8,1.3,0,,,0.2,NW
106,159,33.2,26.7,26.4,73.1,2.4,0,1,1,0,S
106,162,32.2,24.4,24.2,82.1,1.2,0,,,0.1,S
106,257,36.1,24.9,24.4,80,1.5,0,1,,0,SW
106,271,32.2,20.3,19.8,81.6,1.1,0.4,,,0.1,NW
106,278,33.9,22.9,22.6,80.4,0.9,0,1,,0,N
106,285,34.8,23.4,24.3,82.3,0.5,0,1,,0.4,SW
106,288,35.9,25.4,25.4,74.2,1.1,0,1,1,0.2,W
106,311,28.4,19.5,19.9,94.2,0.5,0,,,0.1,S
106,800,32,23.4,22.5,72.9,1.9,0,,,0.3,S
106,804,32.1,23.6,23.3,72.9,2,0,,,0.5,E
106,808,32.5,26.2,25,71.9,2.2,0,,1,0.2,W
106,828,34.7,23.9,24.5,83.9,0.9,0,1,,0,NW
106,830,35.1,23.3,22.6,67.2,1.2,0,1,,0.2,NW
106,843,32.7,21.9,22.1,70.1,1.8,0,,,0.3,W
106,845,36,24.1,24.8,76.2,0.8,0,1,,0,W
106,846,34,24.9,25,71.4,0.4,0,1,1,0.1,NW
106,852,30.3,24.7,23.6,71.5,1.8,0,,,0.2,S
106,860,35.5,26.2,26.3,65,1.2,0,1,1,0,NW
106,905,34.5,23,23.4,79.8,1.2,0,1,,0.2,NW
106,915,34.8,22.7,23.5,85,1.3,0,1,,0.2,NE
106,922,33.5,23.5,22.4,81.7,0.6,0,1,,0.3,NW
106,927,34.5,23.5,23.3,82.3,0.8,0,1,,0.2,NW
106,935,34.3,23.5,24.7,89.1,1.1,0,1,,0.4,W
106,991,35.2,23.7,24.9,82.1,1.2,0,1,,0.2,W
106,992,35.5,23.2,23.9,82.4,0.9,0,1,,0.2,NE
106,995,33,24.5,23.7,77.7,1.3,0,1,,0.2,SW
107,130,31,23.2,23.4,76.2,1.6,0,,,0.2,W
107,138,35.3,26.1,26.1,62.5,2.4,0,1,1,0,W
107,143,34.6,25.6,24,67.6,1.1,0,1,,0.4,NW
107,152,33.7,24.4,23.7,74.4,0.6,0,1,,0.3,NW
107,159,32.3,26.4,26.4,72.8,2.5,0,,1,0.1,S
107,162,32.5,24.2,23.7,81.2,1.5,0,,,0.1,S
107,257,34.4,24.4,24.9,80.5,1.5,0,1,,0,SW
107,271,31.9,19.8,19,80.7,1.1,0,,,0,NW
107,278,34.4,22.6,20.4,77.3,1.1,0,1,,0,N
107,285,35.2,24.3,22.4,79,0.6,0,1,,0.1,SW
107,288,36.8,25.4,24.7,72.4,1.1,0,1,,0.1,W
107,311,30.3,19.8,16.8,89.8,0.7,0,,,0.1,S
107,800,35.6,22.5,21.1,76,2.2,0,1,,0.3,SW
107,804,34.4,23.3,22.2,72,2.1,0,1,,0,W
107,808,35.8,25,26.2,70.3,2.1,0,1,1,0,W
107,828,35.4,24.5,23.8,84.7,0.5,0,1,,0.2,NW
107,830,35.3,22.6,21.6,67.1,1.6,0,1,,0,W
107,843,34.2,22.1,21.6,68,1.8,0,1,,0,W
107,845,35.7,24.8,23.1,74.5,0.7,0,1,,0.1,W
107,846,34.7,25,24.4,71.2,0.4,0,1,,0,NW
107,852,30.8,23.6,24.4,72,1.7,0,,,0.1,SW
107,860,35.2,26.3,25.3,65.1,1.2,0,1,1,0.1,NW
107,905,35.2,23.4,22.6,77.9,1.4,0,1,,0.1,NW
107,915,34.3,23,22.4,85.4,1.5,0,1,,0,NE
107,922,33.7,22.4,21.6,79.7,0.7,0,1,,0.4,NE
107,927,34.6,23.3,22,80.6,1,0,1,,0.1,SW
107,935,35.1,24.4,22.6,88,1,0,1,,0.1,W
107,991,35.5,24.9,23.7,81.7,1.1,0,1,,0,W
107,992,35.1,23.9,22.2,82,0.8,0,1,,0.2,NE
107,995,34.9,23.7,23,78.6,1.2,0,1,,0.1,SW
108,130,33.7,23.4,24.3,65.1,1.7,0,1,,0.2,W
108,138,34.3,26.1,25.8,59.3,2.6,0,1,1,0,W
108,143,34,24,24.9,66.4,1.5,0,1,,0.3,NW
108,152,33.9,23.7,24.1,70.7,0.1,0,1,,,
108,159,33.4,26.4,26.7,73.4,3.4,0,1,1,0,SW
108,162,31.9,23.7,24.6,80.3,1.7,0,,,0.1,S
108,257,35.7,24.9,24.7,76.1,1.5,0,1,,0,S
108,271,32.1,19,19.7,78.7,1.2,0,,,0.1,NW
108,278,33.7,20.4,22.2,77,1.1,0,1,,0,N
108,285,34.6,22.4,23.9,79.9,0.6,0,1,,0.2,SW
108,288,36.2,24.7,24.8,72.1,1.3,0,1,,0.1,NW
108,311,28.3,16.8,19.3,91.9,0.6,0,,,0,S
108,800,34.6,21.1,22.6,74.2,1.7,0,1,,0.3,S
108,804,34.6,22.2,23.2,69.1,2.3,0,1,,0.1,SW
108,808,34.7,26.2,27,65.2,2.7,0,1,1,0,W
108,828,34.1,23.8,24.1,84.6,0.8,0,1,,0,NW
108,830,34.5,21.6,21.8,67.1,1.8,0,1,,0,W
108,843,34.7,21.6,23.5,62.7,2.1,0,1,,0,W
108,845,35.1,23.1,23.9,74.3,0.8,0,1,,0.1,W
108,846,33.1,24.4,24.4,70.5,0.5,0,1,,0,NW
108,852,31.6,24.4,25.4,63.9,1.8,0,,1,0.1,SW
108,860,33.9,25.3,25.9,64,1.4,0,1,1,0.1,NW
108,905,35.2,22.6,22.8,73.9,1.6,0,1,,0.1,NW
108,915,33.9,22.4,22.6,84.2,1.5,0,1,,0.2,NE
108,922,33.8,21.6,21.4,78.3,0.7,0,1,,0.2,NE
108,927,34,22,22,81.2,1,0,1,,0.2,NW
108,935,33.3,22.6,23.8,89.2,1.2,0,1,,0.1,SW
108,991,34.2,23.7,23.9,80.8,1,0,1,,0.1,SW
108,992,34.2,22.2,22.9,81.1,1,0,1,,0.1,N
108,995,34,23,22.8,76,2,0,1,,0,SW
109,130,36,24.3,27.7,67.7,1.6,0,1,1,0,W
109,138,35,25.8,27.7,59.5,2.6,0,1,1,0,SW
109,143,34.7,24.9,26.9,65.5,1.1,0,1,1,0.4,NW
109,152,34.3,24.1,25.8,66.5,,0,1,1,,
109,159,32.7,26.7,26.9,74.4,3.3,0,,1,0,S
109,162,32,24.6,25,80.6,1.9,0,,1,0,S
109,257,35.5,24.7,25.8,77.4,1.9,0,1,1,0,SW
109,271,31.8,19.7,21.4,81.5,0.8,0,,,0.1,NW
109,278,34.5,22.2,23.4,77.4,0.9,0,1,,0,W
109,285,35.4,23.9,24.6,77.9,0.9,0,1,,0,SW
109,288,35.8,24.8,25.6,70.6,1.4,0,1,1,0.2,W
109,311,30.3,19.3,19.8,88.4,0.6,0,,,0.1,S
109,800,34.9,22.6,24,76.2,1.6,0,1,,0.1,S
109,804,34.2,23.2,24.1,72.9,2.4,0,1,,0.1,SW
109,808,34,27,27.4,63.6,2.7,0,1,1,0,W
109,828,34.6,24.1,24.8,86,0.8,0,1,,0.2,S
109,830,35.4,21.8,23.6,67,1.5,0,1,,0,W
109,843,31.4,23.5,25.7,68.7,1.8,0,,1,0.1,W
109,845,35.7,23.9,26.4,72.7,0.6,0,1,1,0,W
109,846,34.3,24.4,25.6,70.3,0.4,0,1,1,0,W
109,852,33.1,25.4,26.6,66.7,1.7,0,1,1,0.1,SW
109,860,35.1,25.9,27.1,63.4,1.1,0,1,1,0.3,NW
109,905,34.5,22.8,24.5,77.1,1.3,0,1,,0.1,W
109,915,33.3,22.6,23.8,86.3,1.3,0,1,,0.1,NE
109,922,33.5,21.4,23.5,79.2,0.7,0,1,,0.2,NW
109,927,34,22,23.8,79.7,1,0,1,,0.2,SW
109,935,34.4,23.8,24.3,87.7,1.3,0,1,,0.1,SW
109,991,35.1,23.9,25,79,1.2,0,1,1,0,W
109,992,35,22.9,24.2,83.8,0.7,0,1,,0.2,N
109,995,35.5,22.8,25.2,75.7,1.6,0,1,1,0,SW
110,130,37.7,27.8,25.2,54.7,2.1,0,1,1,0,SW
110,138,35,27.7,27.5,61.1,2.8,0,1,1,0,SW
110,143,34.7,26.9,26.6,64.2,1.5,0,1,1,0.1,W
110,152,34,25.8,25.2,67,,0,1,1,0,SW
110,159,32,26.9,26.4,73.7,4.6,0,,1,0,SW
110,162,32.3,25,25.1,78.1,2.3,0,,1,0,SW
110,257,33.7,25.8,24.8,77.3,2.4,0,1,,0,SW
110,271,32.5,21.4,20.4,76.8,1.3,0,,,0,NW
110,278,34.9,23.4,23.9,74.3,1.4,0,1,,0,W
110,285,34.5,24.6,23.9,77.2,1.2,0,1,,0,SW
110,288,35.7,25.6,24.8,70.8,1.5,0,1,,0,W
110,311,29.8,19.8,20,87.9,0.6,0,,,0.1,S
110,800,35.5,24,23.8,69.5,1.9,0,1,,0.1,SW
110,804,34.1,24.1,25.5,71.4,2.6,0,1,1,0,SW
110,808,34.2,27.4,27.2,68.1,2.7,0,1,1,0,W
110,828,34.7,24.8,24.6,83,1.5,0,1,,0,S
110,830,35.2,23.6,24.8,62.7,1.9,0,1,,0,W
110,843,34.5,25.7,25.2,59.9,2.5,0,1,1,0.1,W
110,845,35.7,26.4,26.3,70.1,1.4,0,1,1,0,W
110,846,34.5,25.6,25.3,69.2,0.7,0,1,1,0,W
110,852,36.1,26.7,25.6,57.4,2.1,0,1,1,0,SW
110,860,35.1,27.1,26.8,63.8,1.2,0,1,1,0.3,NW
110,905,34.8,24.4,23.2,77.7,1.6,0,1,,0.1,S
110,915,32.8,23.8,22.9,84.7,1.6,0,,,0,SW
110,922,33.3,23.5,22.1,78.9,0.7,0,1,,0.3,NE
110,927,33.8,23.8,23,78.6,1.5,0,1,,0.2,S
110,935,34.2,24.3,23.7,88,1.2,0,1,,0.2,S
110,991,34.7,25,24.7,74.9,2,0,1,,0,SW
110,992,34.6,24.2,24,79.8,1.6,0,1,,0.1,SW
110,995,34.4,25.2,25.7,75.1,1.7,0,1,1,0.1,SW
111,130,34.2,25.2,24.5,67,1.9,0,1,,0.1,W
111,138,35.2,27.5,27,60.8,2.9,0,1,1,0,SW
111,143,35.7,26.6,26.6,64.2,1.5,0,1,1,0.2,NW
111,152,33.1,25.2,24.2,69.1,2.1,0,1,,0.1,SW
111,159,32.1,26.4,26.3,75.9,4.1,0,,1,0,SW
111,162,31.5,25.1,24.7,80.9,2.1,0,,,0,S
111,257,33.7,24.8,24.2,78.5,2,0,1,,0,SW
111,271,32.3,20.4,19.3,78.1,1.1,0,,,0.1,NW
111,278,35.3,23.9,23.8,73.2,1.1,0,1,,0,W
111,285,34.3,23.9,25,78.1,0.9,0,1,1,0,SW
111,288,34.8,24.8,24.9,73.2,1.5,0,1,,0,S
111,311,30.6,20,20.7,88,0.6,0,,,0.1,S
111,800,34.3,23.8,23.7,73.5,2.3,0,1,,0.1,S
111,804,34.2,25.5,24.8,69.1,2.5,0,1,,0,SW
111,808,33.8,27.2,26.1,67.9,3,0,1,1,0,W
111,828,33.9,24.6,24.5,84.5,1.5,0,1,,0.1,S
111,830,35.3,24.8,24.4,58.8,1.9,0,1,,0,W
111,843,34.4,25.2,23.2,61.5,2.1,0,1,,0.2,W
111,845,35.5,26.3,26,69.1,1.4,0,1,1,0,W
111,846,34.5,25.3,25.3,68,0.6,0,1,1,0,W
111,852,31.7,25.6,24.9,66.5,2.2,0,,,0,S
111,860,35.7,26.8,27,63.5,1.3,0,1,1,0.3,NW
111,905,33.8,23.2,22.6,79.9,1.6,0,1,,0.1,S
111,915,33.6,22.9,23.3,86.1,1.4,0,1,,0.1,NE
111,922,33.5,22.1,21.7,79.2,0.7,0,1,,0.4,E
111,927,33.7,23,22.5,79.3,1.6,0,1,,0.1,SW
111,935,34.2,23.7,24.1,88.3,1.7,0,1,,0.4,SE
111,991,34.8,24.7,25.1,75.3,2.1,0,1,1,0,SW
111,992,34.6,24,24.4,78.8,1.5,0,1,,0.1,SW
111,995,34.1,25.7,25.3,73.7,1.7,0,1,1,0,SW
112,130,32.6,24.5,24.5,74.8,1.5,0,,,0.3,W
112,138,32.8,26.3,25.4,66.2,2.4,0.2,,1,0.4,SW
112,143,35.4,26.6,25.1,65.1,1.3,0,1,1,0.3,NW
112,152,33.3,24.2,24.9,71.3,1.2,0,1,,0.3,S
112,159,33.1,26.3,26.7,70.4,2.6,0,1,1,0,S
112,162,33,24.7,24.3,78.2,1.6,0,1,,0.1,S
112,257,36,24.2,24.4,74.8,1.5,0,1,,0,S
112,271,34.2,19.3,20.4,77.8,1,0,1,,0.2,NW
112,278,35.9,23.8,23.2,72.1,1,0,1,,0.1,W
112,285,34.2,25,24.4,80.2,0.6,0.1,1,,0.2,SW
112,288,35.9,24.9,24.8,77.1,1.3,9.6,1,,0.1,W
112,311,28.5,20.7,20.6,92.7,0.6,0,,,0.1,S
112,800,33.4,23.7,23.2,75.9,1.7,0,1,,0.4,S
112,804,32.8,23.7,23.6,76.7,1.7,0,,,0.2,W
112,808,32.9,25,23.4,69.6,2.4,0,,,0.1,S
112,828,35.2,24.5,24.6,82.4,1.1,0,1,,0,NW
112,830,35.4,24.4,23.5,62.2,1.5,0,1,,0.1,W
112,843,33.6,23.2,23,68.1,1.8,0,1,,0.2,W
112,845,36.1,26,25.1,69.2,0.8,0,1,1,0.2,NE
112,846,35.2,25.3,25.3,67.4,0.4,0,1,1,0.1,W
112,852,30.6,24.9,24.2,72.1,1.6,0,,,0.2,S
112,860,34.8,27,26.4,64.3,1.3,0,1,1,0.3,NW
112,905,35.2,22.6,22.8,81.8,1.4,1,1,,0.1,NW
112,915,34.4,23.3,23.5,86.6,1.1,0,1,,0.2,NE
112,922,33.5,21.7,22.2,84.2,0.7,17.5,1,,0.4,SE
112,927,34.5,22.5,23.1,82.1,1,0,1,,0.1,S
112,935,35.4,24.1,24.7,87.8,1.4,0,1,,0.4,SW
112,991,35.8,25.1,24.6,76.8,1.4,0,1,,0.1,W
112,992,35.4,24.4,23.8,79.9,1,0,1,,0.2,N
112,995,33.9,24.3,22.9,75.6,1.1,0,1,,0.2,SW
113,130,31.5,24.5,24.8,77.1,1.7,0,,,0.1,S
113,138,32.8,25.4,27.2,71.8,2.4,0.2,,1,0.3,SW
113,143,36,25.1,25.4,68.1,1.3,0,1,1,0.3,NW
113,152,32.3,24.9,25.8,75.1,1.4,0,,1,0.1,S
113,159,32.2,26.7,26.9,75.5,2.3,0,,1,0.1,S
113,162,32.1,24.3,24.6,79.8,1.8,0,,,0.1,S
113,257,35.6,24.4,26.4,77.9,1.5,0,1,1,0,SW
113,271,34,20.4,19.4,76.1,1.1,0,1,,0.1,NW
113,278,36,23.2,22,73.5,1.1,0,1,,0.1,N
113,285,35.8,24.4,25.4,82.3,0.8,0.1,1,1,0.5,E
113,288,35.8,24.8,24.8,74.7,1.2,9.6,1,,0.2,W
113,311,30.5,20.6,19.6,89.4,0.7,0,,,0.1,S
113,800,33.1,23.2,22.7,80.5,2.9,0,1,,0,S
113,804,33.2,23.6,25.9,79.1,2,0,1,1,0.3,SW
113,808,32.4,23.4,24.4,76.3,2.4,0,,,0.1,S
113,828,35.1,24.6,24.7,89.9,0.9,0,1,,0.1,NW
113,830,36.8,23.5,23.1,62.9,1.5,0,1,,0.1,NW
113,843,36.1,23,26.5,61.2,2,0,1,1,0,W
113,845,36.4,25.1,24.5,76.5,0.6,0,1,,0,W
113,846,36.1,25.3,25.4,72.6,0.4,0,1,1,0,W
113,852,29.5,24.2,25.6,77.5,2,0,,1,0,SW
113,860,35.8,26.4,26.4,67.1,1.2,0,1,1,0.2,NW
113,905,35.2,22.8,24.2,79.8,1.4,1,1,,0.1,NW
113,915,35,23.5,24.4,86.2,1.4,0,1,,0.2,NE
113,922,33.9,22.2,23,83.2,0.7,17.5,1,,0.3,NW
113,927,34.6,23.1,23.1,81.1,1.2,0,1,,0.1,SW
113,935,35,24.7,24.8,92.3,1.4,43,1,,0.4,E
113,991,36,24.6,24.5,83.1,1.5,0,1,,0,W
113,992,35.1,23.8,23.6,84.8,0.9,0,1,,0.2,N
113,995,35.9,22.9,26.5,78.2,1,0,1,1,0.3,SW
114,130,34.2,24.8,24.3,64.1,1.7,0,1,,0.3,W
114,138,36.1,26.1,25.8,63.6,2.6,0,1,1,0.3,SW
114,143,37,25.4,25.8,60.4,1.3,0,1,1,0.2,NW
114,152,34.9,25.8,24.7,66.5,1.4,0,1,,0.1,NW
114,159,34.2,26.9,26.1,72.5,3.2,0,1,1,0,S
114,162,32.5,24.6,24.7,77.3,2.1,0,,,0,SE
114,257,36.6,26.4,25.4,77.2,1.9,0,1,1,0,SW
114,271,34.7,19.4,20.9,78,1.1,0,1,,0.2,N
114,278,35.8,22,23.9,74.2,1.1,0,1,,0.1,N
114,285,35.8,25.4,24.5,78.1,0.7,0,1,,0.1,SW
114,288,35.7,24.8,24.7,77.7,1.1,3.7,1,,0.1,W
114,311,29.8,19.6,20.9,89.9,0.7,0,,,0,S
114,800,34.9,22.7,23.2,68.4,1.7,0,1,,0.5,E
114,804,34.8,24.7,23.3,66.4,2.3,0,1,,0.4,SW
114,808,35.2,25.2,25.1,68,2.9,0,1,1,0,W
114,828,35.4,24.7,24.8,83.5,0.7,0,1,,0,NW
114,830,37.2,23.1,23.1,56.3,1.6,0,1,,0.1,W
114,843,36.4,25.6,24.6,56.6,2.9,0,1,,0.3,W
114,845,36.7,24.5,25.2,70.5,0.8,0,1,1,0.1,SW
114,846,35.9,25.4,25.7,66.2,0.3,0,1,1,0,W
114,852,32.2,26,24.9,60.8,1.6,0,,,0.3,SW
114,860,36.6,26.4,27,59.8,1.3,0,1,1,0.1,NW
114,905,35.6,24.2,23.5,74.9,1.6,0,1,,0,NW
114,915,35.4,24.4,23.6,83.3,1.2,0,1,,0.1,NE
114,922,33.6,23,21.6,80.1,0.6,0,1,,0.3,NE
114,927,35,23.1,22.1,78.6,1.1,0,1,,0.1,SW
114,935,34.6,24.8,24.5,90.5,1.1,43,1,,0.3,NW
114,991,36.1,24.5,25.1,77.2,1.3,0,1,1,0.1,W
114,992,36.4,23.6,23.9,79.3,0.9,0,1,,0.1,W
114,995,36,24.9,23.8,68.5,1.8,0,1,,0.1,SW
115,130,29.8,24.3,24.4,79,1.5,0,,,0.3,SE
115,138,36,25.8,28,62.9,2.1,0,1,1,0.2,SW
115,143,35.6,25.8,26.8,63.6,0.9,0,1,1,0.4,NW
115,152,34.8,24.7,25.6,68.4,1.4,0,1,1,0.1,NW
115,159,34.2,26.1,27,75.3,3.2,0,1,1,0,S
115,162,32.8,24.7,24.9,80.7,1.8,0,,,0,S
115,257,36.4,25.4,25.9,77.7,1.9,0,1,1,0,SW
115,271,34.4,20.9,21.3,75.9,0.9,0,1,,0.1,NW
115,278,37,23.9,23.9,72.7,0.9,0,1,,0.1,N
115,285,35.4,24.5,25.3,78.2,0.6,0,1,1,0.2,SW
115,288,36,24.7,25.7,74.6,1.2,0,1,1,0.2,W
115,311,30.8,20.9,20.6,91.4,0.5,0,,,0.1,S
115,800,33.3,23.2,23.7,75.8,1.7,0,1,,0.3,S
115,804,36.4,23.3,24.1,73.9,1.8,0,1,,0.3,SW
115,808,33.5,24.9,23.4,69.3,1.7,0,1,,0,S
115,828,35.6,24.8,25.4,85.3,0.6,0,1,1,0.1,S
115,830,37.9,23.1,24.4,59.1,1.1,0,1,,0.1,W
115,843,34.7,24.6,24.4,68.9,1.4,0,1,,0.3,SE
115,845,37.3,25.2,26.1,71,0.7,0,1,1,0,W
115,846,36.1,25.7,26.2,67.7,0.4,0,1,1,0,W
115,852,29.9,24.9,24.8,76.2,1.6,0,,,0.1,S
115,860,36.1,27,27.4,62.7,1.1,0,1,1,0.2,NW
115,905,36.2,23.5,24,78.9,1.5,0,1,,0.2,NW
115,915,35.8,23.6,24,84.9,1.2,0,1,,0.1,NE
115,922,34,21.6,23.1,80.3,0.6,0,1,,0.3,SE
115,927,35.3,22.1,23.8,79,1.1,0,1,,0.1,SW
115,935,34.9,24.5,25,,1,0,1,1,0.2,SW
115,991,36.3,25.1,26.2,76,1.6,0,1,1,0,SW
115,992,36.5,23.9,24.8,79.3,1.1,0,1,,0.2,SW
115,995,36,23.8,25.7,76.3,0.8,0,1,1,0.1,S
116,130,31.6,24.4,26.3,77.4,1.6,0,,1,0.1,SE
116,138,36.3,28,27.6,60.5,2.9,0,1,1,0,SW
116,143,36.7,26.8,26.4,64.4,1.6,0,1,1,0.1,NW
116,152,34.3,25.6,26.4,68.4,2.3,0,1,1,0.1,SW
116,159,32.7,27,27.1,74.8,4.5,0,,1,0,SW
116,162,32.6,24.9,26.1,79.1,2.3,0,,1,0,SW
116,257,34.9,25.9,26.1,78.6,2.2,0,1,1,0,SW
116,271,34.1,21.3,23.3,74.7,1.1,0,1,,0.1,NW
116,278,36.6,23.9,24.7,74.9,1.1,0.2,1,,0,W
116,285,35.7,25.3,24.4,77.9,1.2,0,1,,0,SW
116,288,35.4,25.7,25.5,75.1,1.5,0,1,1,0,W
116,311,29.8,20.6,21.5,88,0.6,0,,,0.1,S
116,800,34.9,23.7,26.3,77,2.1,0,1,1,0.1,S
116,804,35.1,24.1,25.8,70.4,2.4,0,1,1,0.1,SW
116,808,34.8,23.4,24,70.7,2.1,0,1,,0.1,S
116,828,34.7,25.4,25.8,85,1.7,0,1,1,0,S
116,830,36.9,24.4,26.1,57.6,1.7,0,1,1,0,SW
116,843,36.5,24.4,27,63,1.8,0,1,1,0.1,W
116,845,36.2,26.1,26.1,71.4,1.5,0,1,1,0,SW
116,846,35.6,26.2,26.8,69.7,0.7,0,1,1,0,SW
116,852,31.3,24.8,25.9,78,1.9,0,,1,0,S
116,860,36.6,27.4,27.1,65,1.5,0,1,1,0.2,NW
116,905,34.6,24,23.6,79.2,1.4,0,1,,0,W
116,915,34.9,24,23.3,84.3,1.6,0,1,,0,W
116,922,33.3,23.1,22.5,81.5,0.8,0,1,,0.3,NE
116,927,34.6,23.8,23.4,78.6,1.8,0,1,,0.1,S
116,935,34.6,25,23.8,,1.6,0,1,,0.3,S
116,991,35.4,26.2,25.7,75.2,2.5,0,1,1,0,SW
116,992,35.4,24.8,26.2,78.4,2.2,0,1,1,0.1,S
116,995,35.6,25.7,25.5,70.3,1.6,0,1,1,0.2,SW
117,130,34,26.3,23.4,65.9,1.9,0,1,,0,SW
117,138,35.4,27.6,25.3,59.6,3.3,0,1,1,0,SW
117,143,34.2,26.3,23.4,64.2,2,0,1,,0.1,W
117,152,33.4,26.1,23.9,65,2.8,0,1,,0,SW
117,159,32.2,26.8,26.6,75.1,4.2,0,,1,0,SW
117,162,31.8,25.5,24.4,79.2,2.5,0,,,0,W
117,257,35.3,26.1,25.6,77.2,2.7,0,1,1,0,SW
117,271,29.3,22.5,19.3,82.9,1.3,0,,,0,S
117,278,32.2,23.5,21.7,82.6,1.3,0.2,,,0,W
117,285,32.9,24.2,22.6,85,0.7,0,,,0,SW
117,288,33.6,25.4,23.9,78,1.5,0,1,,0,NW
117,311,27.2,20,18,94,0.6,2,,,0.1,S
117,800,34.4,24.7,22.7,68.4,3,0,1,,0,SW
117,804,34.1,25.3,22.4,68.3,3.6,0,1,,0,SW
117,808,36.5,24,25.8,63.1,2.8,0,1,1,0,W
117,828,32.7,24.4,23.2,92,1.4,0,,,0.1,S
117,830,35.4,24.2,22.6,56.1,2.8,0,1,,0,W
117,843,32.2,24.5,21.7,66.4,3,0,,,0,W
117,845,35.3,25.6,22.7,72.7,1.5,0,1,,0.1,W
117,846,34.5,25.5,23.4,68.9,0.9,0,1,,0,W
117,852,34.4,25.9,23.8,64.8,2.1,0,1,,0,SW
117,860,34.5,26.9,24.9,64,1.2,0,1,,0.4,SE
117,905,34.1,23.6,23.1,80.8,1.2,2.5,1,,0,SW
117,915,32.5,23.3,21.8,91.8,1.3,0.5,,,0.1,NE
117,922,31.9,22.5,22.3,83.7,0.8,0,,,0.3,NW
117,927,32.5,23.2,21.6,83.5,1.6,2,,,0.2,NE
117,935,32.1,23.8,22.7,,1.3,1,,,0.2,SW
117,991,33.5,24.8,22.4,78.2,2.4,0,1,,0,SW
117,992,33.9,23.9,21.9,80.3,2.3,0,1,,0.1,SW
117,995,34.4,24.1,23.3,68,2.4,0,1,,0,SW
118,130,30.9,23.4,22.7,74.1,1.7,0,,,0.5,E
118,138,29.8,24.8,24.1,73.6,2.4,0,,,0.5,NE
118,143,35.2,23.4,24,65.5,1.9,0,1,,0.7,E
118,152,31.3,23.9,22.9,72.4,2.2,0,,,0.5,E
118,159,32.9,26.6,25.5,72.2,2.5,0,,1,0.6,E
118,162,31.2,24.4,24.2,82,1.5,0,,,0.1,S
118,257,33.9,25.6,25,74.1,1.8,0,1,1,0.5,SE
118,271,32.7,19.3,20.3,75,1.2,0,,,0.3,N
118,278,34.7,21.7,21.7,73.5,1,0,1,,0.2,SE
118,285,33.7,22.6,22.6,78,,0,1,,0.3,SW
118,288,35.1,23.9,23.5,70.8,1.5,0,1,,0.3,NE
118,311,27.9,18,18.7,91.4,0.6,2,,,0.1,S
118,800,29.8,22.7,22.6,78,2,0,,,0.4,NE
118,804,30.5,22.4,22,78.9,2.4,0.5,,,0.4,NE
118,808,29.2,24,23.7,76.8,2.1,0,,,0,W
118,828,33.7,23.2,22.8,80.1,1,0,1,,0,NW
118,830,33.7,22.6,22.2,63.1,1.8,0,1,,0.5,E
118,843,30.2,21.7,20.6,74.5,2.3,0,,,0.5,SE
118,845,35.1,22.7,24.8,70.9,1.2,0,1,,0.6,E
118,846,34.2,23.4,24.5,69.2,0.9,0,1,,0.5,SE
118,852,27.6,23.8,22.7,73,2.4,0,,,0.5,NE
118,860,35.6,24.9,25,64,1.5,0,1,1,0.5,E
118,905,34.1,23.1,22.4,77.1,1.2,2.5,1,,0.3,NW
118,915,34.3,21.8,22.5,82.3,1.3,0.5,1,,0.3,NE
118,922,32.6,22.1,20.3,76.9,0.9,0,,,0.3,SE
118,927,33.6,21.6,20.8,79.4,1,2,1,,0.2,S
118,935,33.3,22.7,21.9,,1.3,1,1,,0.2,W
118,991,34.8,22.4,23,76.1,1.6,0,1,,0.3,W
118,992,34.2,21.9,22.6,75.8,1.7,0,1,,0.3,SE
118,995,30.2,23.3,22.8,80.2,1.7,0,,,0.3,NE
119,130,27.9,22.7,23.6,84.3,1.7,0,,,0.1,W
119,138,29.8,24.1,26.1,76.9,2,0,,1,0.5,NE
119,143,34.9,24,25.6,66.3,1.7,0,1,1,0.4,SE
119,152,30.7,22.9,24.1,81.1,1.4,2.4,,,0.3,NE
119,159,32.6,25.5,26,74.6,2.5,0,,1,0.4,NE
119,162,31.5,24.2,23.9,80.3,2.2,0,,,0.2,NE
119,257,34.3,25,24.5,76,2,0,1,,0.5,NE
119,271,31,20.3,20.9,75.2,1,0,,,0.1,N
119,278,34,21.7,22.4,69.6,0.9,0,1,,0.2,W
119,285,33.4,22.6,23.5,77.8,0.7,0,1,,0.2,SW
119,288,34,23.5,24,73.7,1.3,0,1,,0.2,W
119,311,28.4,18.7,20,90.4,0.5,0,,,0.1,S
119,800,29.5,22.6,23.9,83.7,2.7,0,,,0,S
119,804,29.6,22,23.9,84.6,1.7,0.5,,,0.3,SE
119,808,29.7,23.7,24.8,81.7,1.9,0,,,0.1,NW
119,828,33.2,22.8,24.3,85.3,0.9,0,1,,0,S
119,830,33.3,22.2,22.9,67.9,1.4,0,1,,0.3,NW
119,843,33.3,20.6,23.3,69.9,1.1,0,1,,0,W
119,845,34.6,24.8,24.7,69.8,1,0,1,,0.6,E
119,846,33.5,24.5,24.8,67.2,1.8,0,1,,0.4,SE
119,852,27.3,22.7,23.3,84.2,2.8,0,,,0,S
119,860,34.6,25,26,64.9,1.6,0,1,1,0.6,SE
119,905,33.2,22.4,22.8,79.4,1.5,0,1,,0.1,NW
119,915,33.7,22.5,23.1,85,1.1,0,1,,0.4,E
119,922,32.2,20.3,21.3,82.2,0.5,0,,,0.3,S
119,927,33.1,20.8,21.7,80.3,1.1,0,1,,0.1,SW
119,935,32.5,21.9,23.2,,1.1,0,,,0.2,SW
119,991,34,23,24.3,76.1,1.5,0,1,,0.1,SW
119,992,33.7,22.6,23.1,76.6,1.6,0,1,,0.2,SW
119,995,31.4,22.8,23.6,83.8,,0,,,0.2,SW
120,130,37.3,26.3,27.5,58.8,2.1,0,1,1,0,W
120,138,35.8,26.1,26.8,59.7,2.7,0,1,1,0,SW
120,143,36.1,25.6,25.3,61.4,1.4,0,1,1,0.1,NW
120,152,35.4,24.1,25.1,67.1,1.8,2.4,1,1,0.1,W
120,159,32.9,26,26.8,73,3.6,0,,1,0,SW
120,162,32.7,23.9,24.5,79.9,1.9,0,,,0,S
120,257,35.1,24.5,25.6,76.3,2.2,0,1,1,0,SW
120,271,31.9,20.9,20.6,80,1.2,0,,,0,NW
120,278,35.7,22.4,21.9,72.9,1.2,0,1,,0.1,W
120,285,36.2,23.5,23.2,74.4,0.9,0,1,,0,SW
120,288,36,24,24.9,73.9,1.2,0,1,,0.1,W
120,311,29.9,20,18.7,87.4,0.7,0,,,0.2,S
120,800,35.3,23.9,24,66.8,2.4,0,1,,0.1,W
120,804,35.1,23.9,23.1,68.7,2.7,0,1,,0,SW
120,808,36.3,24.8,27,67,2.2,0,1,1,0,W
120,828,36,24.3,24.2,82.3,0.8,0,1,,0.1,S
120,830,36.1,22.9,21.5,60.3,1.9,0,1,,0,W
120,843,34,23.3,24.1,64,2.1,0,1,,0,W
120,845,36.9,24.7,23.9,70.2,0.8,0,1,,0,W
120,846,35.1,24.8,24.6,66.7,1.6,0,1,,0,W
120,852,35.9,23.9,26.9,59.4,2.2,0,1,1,0,SW
120,860,36.6,26,26.3,61.8,1.2,0,1,1,0.1,NW
120,905,35.9,22.8,23.6,76.5,1.5,0,1,,0.1,NW
120,915,35.3,23.1,23.3,84.6,1.5,0,1,,0,W
120,922,34,21.3,22.2,80.8,0.6,0,1,,0.2,NW
120,927,34.6,21.7,22.9,78.6,1.1,0,1,,0.2,S
120,935,34.7,23.2,23.6,,1.2,0,1,,0.2,SW
120,991,35.9,24.3,23.7,75.8,1.6,0,1,,0,W
120,992,35.7,23.1,22.4,78.4,1,0,1,,0.2,NW
120,995,35.8,23.6,24.9,73,1.6,0,1,,0,SW
121,130,32.1,25.5,23.4,73.5,1.7,0,,,0.4,W
121,138,36.1,26.3,25.5,61.6,2.3,0,1,1,0.3,SW
121,143,36.4,25.3,25.7,55.9,1,0,1,1,0.3,NW
121,152,34.1,25.1,24.5,68.3,1.4,0,1,,0.1,NW
121,159,33.4,26.8,27.1,71.2,3.3,0,1,1,0,S
121,162,32.3,24.5,25,79.9,1.6,0,,1,0.1,S
121,257,35.4,25.6,25,75.3,1.9,0,1,1,0,SW
121,271,33.9,20.6,20.2,76.9,1,0,1,,0,NW
121,278,36.2,21.9,22.3,71.7,0.9,0,1,,0.1,N
121,285,36.4,23.2,24.1,73.2,0.7,0,1,,0.3,SW
121,288,36.5,24.9,24.5,71.9,1.2,0,1,,0.1,W
121,311,29,18.7,20.2,89.8,0.6,0,,,0,S
121,800,33.8,24,22.8,77.9,1.8,0,1,,0.5,E
121,804,33.8,23.1,22.8,70.6,2.1,0,1,,0.5,NE
121,808,33.9,25.2,25.1,68.1,2.6,0,1,1,0,W
121,828,36.2,24.2,24.7,78.7,0.7,0,1,,0.1,NW
121,830,37.7,21.5,22.8,58.5,1.1,0,1,,0.2,NW
121,843,33.5,23.7,23,69.7,1.9,0,1,,0.4,SE
121,845,37.3,23.9,25.3,66.6,0.6,0,1,1,0.2,NW
121,846,36.5,24.6,25.6,63.5,1.3,0,1,1,0.1,W
121,852,29.9,25.1,23.8,74,2.3,0,,,0.4,NE
121,860,36.7,26.3,26.7,56.8,1.3,0,1,1,0.1,NW
121,905,36.2,23.6,23.4,74.3,1.6,0,1,,0.2,NW
121,915,36,23.3,22.9,82.2,1.2,0,1,,0.2,NE
121,922,34.8,22.2,22,77.7,0.6,0,1,,0.4,E
121,927,35.6,22.9,22.2,76.2,0.9,0,1,,0.1,W
121,935,35.7,23.6,23.6,,0.9,0,1,,0.2,SW
121,991,36.5,23.7,24.9,73.2,1.2,0,1,,0.1,W
121,992,36,22.4,23.6,76.9,0.8,0,1,,0.2,N
121,995,36.6,24.6,23.7,70.9,1.2,0,1,,0.2,SW
122,130,29.4,23.4,24.6,79.7,1.6,0,,,0.1,SW
122,138,33.6,25.5,26.4,70.1,2.1,0,1,1,0.1,SW
122,143,33.6,25.1,24.7,74.5,1.1,2.9,1,,0.5,SE
122,152,31.9,24.5,25.4,74.6,1.8,0.5,,1,0.1,SW
122,159,31.5,26.7,25.7,78.8,2.8,0.9,,1,0,SW
122,162,29.5,24.9,24.8,87.2,1.1,,,,0.2,S
122,257,32.3,25,25.6,83.6,1.6,3.3,,1,0,SW
122,271,31.8,20.2,22.5,85.6,0.8,1.4,,,0,NW
122,278,35,22.3,24.3,78.2,1.1,0,1,,0,W
122,285,31.9,24.1,24.6,89.1,0.6,5.9,,,0.1,S
122,288,31.6,24.5,25.6,82.2,1.2,2.4,,1,0,S
122,311,28.1,20.2,20.9,94.2,0.6,4,,,0.1,S
122,800,32.3,22.8,24.4,85.2,2.1,4.5,,,0.1,S
122,804,33.2,22.8,25.1,76.9,2.3,0,1,1,0.1,SW
122,808,31.1,24.6,23.6,79.8,2.1,0,,,0,S
122,828,32.4,24,23.9,95.6,1.1,24.5,,,0.1,S
122,830,34.6,22.8,24.6,62.2,1.3,0,1,,0.1,S
122,843,34.9,23,24.5,68.6,1.6,0,1,,0.1,W
122,845,34,24.4,24.4,83.2,0.8,3.5,1,,0.1,SW
122,846,32.7,24,24,79.4,1.3,2,,,0,W
122,852,28.4,23.8,24,80,1.8,1.5,,,0,SW
122,860,33.4,25.6,24.9,73.3,1.1,4,1,,0.2,NW
122,905,32.2,23.4,24,84.2,1.5,3.5,,,0.1,NW
122,915,29.9,22.9,24.4,96.6,1.2,17,,,0.1,W
122,922,30.4,22,23.6,88.5,0.5,12.5,,,0.3,N
122,927,30.6,22.2,24,88,1,0,,,0.3,SW
122,935,30.6,23.6,23.5,,1.4,45,,,0.3,SW
122,991,32.2,24.4,24.2,86.4,1.9,5,,,0,SW
122,992,32.6,23.6,23.8,89.2,1.4,8,,,0.2,S
122,995,33.3,23.7,24.2,83,0.7,0,1,,0.1,SW
123,130,34.4,23.9,23.8,72,2,0,1,,0,S
123,138,33.1,26.4,26.3,68.2,3.2,0,1,1,0,SW
123,143,32.3,24.7,24.8,76.6,1.3,11.7,,,0.4,SE
123,152,30.3,25.4,24.2,79.3,3,0.5,,,0,SW
123,159,30.2,25,25.1,85.8,4.1,6.6,,1,0,SW
123,162,27.2,24.8,24.6,92.4,1.8,,,,0.1,S
123,257,29.6,25.6,25.6,94.3,2.1,6.2,,1,0,SW
123,271,32.1,22.8,22.4,82.4,1.2,1.4,,,0.1,S
123,278,33.7,24.3,23.7,80.3,1.4,0.2,1,,0,SW
123,285,31.6,24.6,23.8,87.6,,5.9,,,0,SW
123,288,30.6,25.6,24.6,85.6,1.7,2.4,,,0.1,SE
123,311,26.9,20.9,21,94.5,0.5,4,,,0.3,SE
123,800,33,24.4,24.5,77.1,3.3,4.5,1,,0,S
123,804,31.7,24.9,23.6,73.3,3.9,0,,,0,SW
123,808,32.9,22.7,22.7,77.3,2.1,0,,,0,S
123,828,30.2,23.9,24.7,97.7,2.1,24.5,,,0,S
123,830,32.8,24.6,24.4,61.3,2.1,0,,,0,W
123,843,33,24.7,23.7,63.6,2.6,0,1,,0,W
123,845,32.9,24.4,24.7,81.2,1.5,6,,,0,SW
123,846,32.3,24.1,24.9,79.6,1.8,4.5,,,0,SW
123,852,32.6,24,23.1,73.9,2.4,1.5,,,0,SW
123,860,32.9,24.9,25.9,75.1,1.1,6.5,,1,0.3,SE
123,905,29.5,23.8,23.3,91.4,1.3,6,,,0,S
123,915,30.1,24.4,24,95.7,1.3,17,,,0,SW
123,922,28.3,23.1,22.4,92.3,0.6,12.5,,,0.2,NW
123,927,29.3,24.2,23.6,86.5,1.9,4.5,,,0.2,S
123,935,30.6,23.5,23.4,,2,45,,,0.3,S
123,991,31.4,24.2,24.8,84.8,2.1,6,,,0,S
123,992,31.7,23.9,24.3,87.2,2.2,8,,,0.1,S
123,995,32.6,24.2,23.5,79.7,1.3,0,,,0.1,SW
124,130,27.9,23.5,20.3,84.6,1.1,4.1,,,0.4,NE
124,138,30.1,23.6,22.5,80,1.7,5.4,,,0.3,SW
124,143,31.2,24.8,23.2,73.1,1.4,11.7,,,0.4,NW
124,152,30.4,23.5,22,84.8,1.3,6.7,,,0.2,SW
124,159,30.8,25.1,24.1,84.1,2.9,6.6,,,0.1,SW
124,162,30.5,24.6,23.7,86.3,1.7,0,,,0,S
124,257,30.4,24.6,23.2,93.2,1.5,28.4,,,0.2,SW
124,271,29.2,18.5,16.7,80.7,1.1,1.6,,,0,NW
124,278,30.9,19.7,18.7,82.2,0.9,1.2,,,0,W
124,285,33.7,23.8,23.3,85.5,0.5,0.8,1,,0.2,S
124,288,31.3,24.6,23.8,88,1,2.5,,,0,W
124,311,26.3,19.6,18.3,95.5,0.5,4,,,0.1,S
124,800,28.6,22.9,20.2,84.4,1.6,0,,,0.5,E
124,804,29.3,22.6,20.7,86.8,1.7,7.5,,,0.3,S
124,808,30.2,23.1,21.9,86.8,1.3,10,,,0.1,S
124,828,31.4,23.9,23.3,94.6,1.1,14,,,0.1,S
124,830,29.9,23.3,20.8,71,1.5,3.5,,,0.4,SE
124,843,28,21.6,19.9,82.8,1.4,3.5,,,0.4,SE
124,845,32.7,24.7,23.5,78.7,0.9,0,,,0.1,W
124,846,31.7,24.9,23.5,75,1.8,4.5,,,0.1,NW
124,852,27.8,22.9,21.1,86.1,1.4,2.5,,,0.2,NE
124,860,31.3,25.7,23.8,71.5,1.3,6.5,,,0.2,NW
124,905,30.7,23,21.3,,1.1,6.5,,,0.1,W
124,915,31.7,23.9,22.7,91.5,1.4,15,,,0.1,NE
124,922,28,22.1,20.3,94.8,0.4,20.5,,,0.2,W
124,927,29.7,23,21.1,89.3,1,4.5,,,0.3,SW
124,935,32.8,23.4,22.5,,1.4,20,,,0.3,NE
124,991,31.3,23,22.3,84.4,1.4,6,,,0.1,W
124,992,31.6,22.2,21.5,84.2,1.3,0,,,0.2,NE
124,995,30.6,22.8,21.5,90.3,0.8,22,,,0,SW
125,130,27.5,20.3,21.9,85.2,1.5,4.1,,,0.4,W
125,138,27.7,22.5,24.6,84.4,1.8,5.4,,,0.5,NE
125,143,31.9,23.2,23.9,71.7,2.5,0,,,0.9,E
125,152,29.6,22,23.4,80.1,1.9,6.7,,,0.5,E
125,159,31.4,24.1,25.9,74.1,2.4,0.2,,1,0.9,NE
125,162,32.3,23.7,24.6,78.2,2.1,0,,,0.4,NE
125,257,32.8,23.2,25.7,79.7,2,28.4,,1,0.9,E
125,271,31.7,16.7,18.4,78.3,1.2,1.6,,,0.3,SE
125,278,33.1,18.7,21.1,75.9,0.9,1.2,1,,0.4,E
125,285,33.2,23.3,22.8,80.6,0.5,0.8,1,,0.3,SE
125,288,33.9,23.8,22.3,76.4,1.3,2.5,1,,0.6,E
125,311,26.1,18.3,19.7,93.9,0.5,2,,,0.1,S
125,800,28.2,20.2,22.6,84.7,1.5,0,,,0.5,E
125,804,28.9,20.7,22,85.2,1.9,7.5,,,0.5,NE
125,808,27.8,21.9,23.4,88.2,1.6,10,,,0,NW
125,828,32.5,23.3,22.8,90.7,1.1,0,,,0,NW
125,830,31.4,20.8,22.3,68.8,1.5,3.5,,,0.5,E
125,843,28.1,19.9,20.1,81.4,1.7,3.5,,,0.4,SE
125,845,33.9,23.5,24.1,73.9,1.4,0,1,,0.8,NE
125,846,33.6,23.5,24.5,69.7,2.2,0,1,,0.7,E
125,852,29.4,21.1,23.1,81.2,1.2,2.5,,,0.1,SE
125,860,34.1,23.8,24.9,68.9,1.8,0,1,,1,E
125,905,32.2,21.3,22.4,82.2,1.7,6,,,0.4,NW
125,915,32.6,22.7,21.7,88.6,1.2,0,,,0.2,NE
125,922,30.8,20.3,19.7,82.4,1.1,20.5,,,0.4,SE
125,927,33,21.1,20.1,83.1,0.8,0,1,,0.2,S
125,935,33.5,22.5,22.3,,1,0,1,,0.5,NE
125,991,33.3,22.3,22.2,79,1.6,0,1,,0.5,E
125,992,33.7,21.5,23.1,77,1.7,0,1,,0.6,SE
125,995,27.7,21.5,23.1,89.6,1.4,22,,,0.1,NE
126,130,25.2,21.9,22.6,92.8,1.6,37.7,,,0.1,NW
126,138,29.3,24.1,24.1,81.6,2.9,1,,,0.6,NE
126,143,32.9,23.9,24.1,73.3,2.4,0.4,,,0.7,SE
126,152,31,23.4,23.7,81.8,2.4,0.1,,,0.5,E
126,159,33.6,25.9,25.8,73.4,2.7,0,1,1,0.9,NE
126,162,33.3,24.6,24,73,2.4,0,1,,0.5,NE
126,257,33.1,25.7,25.4,77.7,2.7,0,1,1,1,NE
126,271,28.6,18.4,18.3,78.6,1.5,0,,,0.3,NW
126,278,32.9,21.1,22.2,75.4,1.2,0.6,,,0.5,NE
126,285,33.7,22.8,23.3,81.5,0.8,0,1,,0.6,E
126,288,34.2,22.3,25.1,75.6,1.4,0,1,1,0.3,NW
126,311,26.1,19.7,19.5,94.3,0.5,5,,,0.1,S
126,800,29.2,22.6,22.6,89,1.6,44.5,,,0.2,NE
126,804,30,22.5,23.3,85.3,3.3,0.5,,,0.4,NE
126,808,28.9,23.6,23.5,88.2,3.7,2,,,0,N
126,828,33.6,22.8,24,89.7,1.2,12.5,1,,0,NW
126,830,32.8,22.7,22.8,66.9,1.8,0,,,0.5,E
126,843,24.6,20.1,19.6,90.8,0.7,56,,,0.1,NW
126,845,34.9,24.1,23.7,79,1.1,1,1,,0.6,NE
126,846,34.7,24.2,23.6,74.9,2.1,4,1,,0.7,E
126,852,25.1,22.2,23.5,87.9,2.9,17.5,,,0.3,NW
126,860,34.5,24.9,25.1,70.7,2,1,1,1,1,SE
126,905,32.4,22.4,23.7,81,1.5,0,,,0.4,E
126,915,32.7,21.7,22.4,87,1.6,0,,,0.5,NE
126,922,31.4,19.7,22,83.3,0.8,0,,,0.3,SE
126,927,32.9,20.1,24.1,81.1,1.4,0,,,0.3,NE
126,935,33,22.3,23.7,,1.3,3,1,,0.2,W
126,991,34.4,22.2,23.6,83.1,1.5,27,1,,0.4,NE
126,992,33.4,23.1,23.2,82.8,1.2,27,1,,0.5,NE
126,995,28.6,23.2,23.2,90.2,2.1,0.5,,,0.4,NE
127,130,29.5,22.6,22.8,82.8,1.7,37.7,,,0.3,NW
127,138,28.2,24.3,24.7,76.1,2.7,1,,,0.6,NE
127,143,33.6,23.3,23,71.3,1.5,12.6,1,,0.6,SE
127,152,30.1,23.7,22.3,74.1,2.5,0.2,,,0.4,E
127,159,32.5,25.8,25.3,68.8,2.5,0,,1,0.7,E
127,162,31.4,24,23.6,76.4,2,0,,,0.2,NE
127,257,33.8,25.4,23.4,73.8,1.8,0,1,,0.8,NE
127,271,32.7,18.3,19.3,73.1,1.1,0,,,0.2,NW
127,278,34.6,22.2,23.4,67,1.1,0.6,1,,0.1,S
127,285,33.1,23.3,23,80.7,1,6.9,1,,0.3,SW
127,288,35.4,25.1,23,69.3,1.7,0,1,,0.2,SE
127,311,26.1,19.5,20.4,96,0.5,5,,,0,S
127,800,28.9,22.1,22,80.6,2.2,44.5,,,0.4,NE
127,804,28.7,21.9,21.9,78.3,3.3,2,,,0.4,NE
127,808,27.8,23.5,23.5,83,2.9,2,,,0,N
127,828,32.9,24,23.5,85.9,1.3,12.5,,,0.1,NW
127,830,31.6,22.8,22.5,63,1.7,2,,,0.4,NW
127,843,29,19.6,20.4,81.5,1.4,56,,,0.4,SE
127,845,34.8,23.2,22.8,78.4,0.7,9.5,1,,0.5,NE
127,846,34.2,22.4,22.4,76,1.2,25,1,,0.2,NW
127,852,27.8,23.1,23.1,80.2,3,17.5,,,0.4,NE
127,860,34.2,23.3,23.3,70.2,1.3,21.5,1,,0.5,E
127,905,32.3,23.3,21.1,75.6,1.7,0,,,0.5,E
127,915,32.5,22.4,22.2,87.8,1.6,0,,,0.3,NE
127,922,31.1,22,20.5,79.2,0.8,0,,,0.3,SE
127,927,33.5,24.3,21.4,76,1.7,0,1,,0.2,NE
127,935,33.3,23.7,23.3,,1.7,3,1,,0.2,W
127,991,33.8,23.6,23.2,82.3,1.3,27,1,,0.3,NE
127,992,33.8,23.2,22.3,83.1,1.1,27,1,,0.5,E
127,995,27.8,22.1,22.1,81.7,2.5,0,,,0.5,NE
128,130,34.8,22.8,26.1,70.3,1.9,0,1,1,0,SW
128,138,34.8,24.7,26.1,62.9,3,0.1,1,1,0,SW
128,143,34.1,23,24.7,70.8,1.5,12.6,1,,0.3,SW
128,152,32.8,22.3,26.7,70.4,2.5,0.2,,1,0.1,SW
128,159,31.8,25.3,27.1,74.4,3.6,0,,1,0.1,SW
128,162,31.5,23.6,26.4,79.9,2.6,0,,1,0,SW
128,257,33,23.4,26.9,80.2,2.2,0,1,1,0,SW
128,271,31,19.3,22.5,78.4,1.1,0,,,0,NW
128,278,34.3,23.4,23.4,71.6,1.2,0.8,1,,0.1,SW
128,285,32.5,23,24.8,86,0.9,7.5,,,0,SW
128,288,33.8,23,26,76.7,1.4,0.1,1,1,0,S
128,311,27.6,20.4,21.3,93.8,0.6,3,,,0.2,S
128,800,32.7,22,25.4,73.3,2.9,1,,1,0,SW
128,804,33.1,21.9,24.8,71.9,3.2,2,1,,0,SW
128,808,33.7,23.5,25.3,72.9,1.9,0,1,1,0,SW
128,828,32.4,23.5,24.8,91.6,1.5,1,,,0.1,S
128,830,34.6,22.5,25.1,59,2,2,1,1,0,W
128,843,32.7,20.4,24.4,70.6,2.2,0,,,0.1,W
128,845,34,22.8,24.6,79.6,1.3,0,1,,0.1,SW
128,846,32.6,22.9,24.4,77.6,1.6,25,,,0.1,SW
128,852,34.1,23.5,26.8,69.5,2.5,0.5,1,1,0,SW
128,860,34,23.7,25.1,71.5,1,21.5,1,1,0.4,SE
128,905,32.5,21.1,25.6,80.6,1.3,0,,1,0,S
128,915,31.7,22.2,24.1,91.1,1.5,1,,,0,W
128,922,30.8,20.5,24.1,84.2,0.7,0.5,,,0.4,E
128,927,31.8,21.4,24.9,80.8,1.8,0,,,0.1,S
128,935,31.8,23.3,24.6,,1.5,0.5,,,0.2,S
128,991,33.2,23.2,24.8,81.8,2,17.5,1,,0.1,SW
128,992,33.3,22.3,24.7,84.1,2.2,7.5,1,,0.2,S
128,995,33.6,22.1,24.7,76.7,1.5,0,1,,0,SW
129,130,29.1,23.1,17.5,80.9,1.4,0.2,,,0.3,W
129,138,29.3,26.1,23.2,72.2,2.8,0.1,,,0,SW
129,143,29.1,24.7,21,82.9,1.6,5.5,,,0.1,NW
129,152,31.8,25.3,23.7,68.8,2.2,0,,,0,SW
129,159,32.9,26.5,25.7,76.4,5.4,0.9,,1,0,SW
129,162,31.5,24.8,24.4,82.1,2.5,0,,,0,W
129,257,34.5,24.7,25,84.9,1.9,38,1,1,0,SW
129,271,29.3,16.9,12.5,83,1.2,4.4,,,0.1,NW
129,278,29.5,22.2,19.9,89.6,0.9,9,,,0,SW
129,285,28.1,24.6,23.1,93.9,0.5,7.3,,,0,SW
129,288,32.5,25.5,24.4,80.6,1.3,0.1,,,0.1,W
129,311,24.2,20.2,14.2,97.3,0.5,16.5,,,0.2,S
129,800,29.8,23.5,17.1,80.8,1.8,0,,,0.3,NE
129,804,28.7,23.9,18.7,78.8,2.5,0,,,0.1,SW
129,808,29.9,25,23.4,75.1,2.4,0,,,0,W
129,828,28.3,24.8,22.8,99.9,1.1,7.5,,,0,S
129,830,29.3,24.4,19.8,68.4,2.3,0.5,,,0,NW
129,843,29.8,20.7,16.4,78.9,2.4,0,,,0.3,W
129,845,28.8,24.4,20.1,93,0.7,11,,,0,W
129,846,27.6,24.4,20.8,88.4,1.5,6.5,,,0,W
129,852,28.9,23.8,20.7,79.7,2.1,0.5,,,0.4,NE
129,860,28.7,25.1,22.1,82.5,1.1,8,,,0.1,NW
129,905,32.6,24.4,23.2,80.1,1.4,0,,,0.2,W
129,915,28.5,23.9,23.6,98,1.1,1,,,0.1,W
129,922,31.2,23.1,22.3,84.6,0.9,0.5,,,0.2,NE
129,927,30.4,24,23.1,81,1.7,0,,,0.2,S
129,935,28.7,24.6,23.7,,1,1.5,,,0.2,W
129,991,28.4,24.8,21.2,90.8,1.8,9.5,,,0,SW
129,992,28.1,24.3,20.3,95.2,1.2,14,,,0.2,SW
129,995,28.8,23.8,21.5,81.8,1.3,0,,,0.1,SW
130,130,28.5,17.5,21.3,72.4,1.3,0.2,,,0.1,W
130,138,27.5,20.6,18.4,68.1,2,3.4,,,0.4,NE
130,143,27.9,19.1,18,70.1,1.4,8,,,0.2,NW
130,152,30.3,23.4,18.4,71.3,1.4,0,,,0.4,NE
130,159,31.1,25.7,21.6,74.5,2.2,0.9,,,0.5,NW
130,162,31.3,24.4,22,81.9,1.2,0,,,0.1,S
130,257,33.7,25,21.9,82.3,1.3,38,1,,0.1,SW
130,271,27.5,12.5,18.3,75.6,0.8,4.4,,,0.1,NW
130,278,26.7,19.7,18.7,83.3,0.8,9,,,0.1,SW
130,285,27.6,20.6,18.4,89,,7.3,,,0.6,E
130,288,32.5,23.7,20,77.1,1.2,0,,,0.1,NW
130,311,22.7,14.2,14.9,95.4,0.5,16.5,,,0.1,S
130,800,28.5,17.1,21,76.4,1.5,0,,,0.2,S
130,804,27.9,18.7,17.6,72.5,1.5,0,,,0.4,SW
130,808,27.9,18.4,18.3,73.9,1.7,1,,,0.1,NW
130,828,27.5,20.3,17.9,91.8,1.3,7.5,,,0,NW
130,830,30.3,18.6,17,54.6,1.7,2.5,,,0.1,NW
130,843,29.2,16.4,19.6,66.2,1.5,0,,,0.3,W
130,845,27.6,19.1,18.4,81.8,0.4,11,,,0.1,NW
130,846,26.3,19,17.4,75.4,1.4,6.5,,,0,NW
130,852,28.2,20.7,24.2,67,2,0.5,,,0,S
130,860,27.9,19.3,18.3,68.6,1.1,8,,,0.1,NW
130,905,32.2,23,20.3,80.1,1.2,0,,,0.2,NW
130,915,28.6,20.7,18.5,91.6,1.1,2.5,,,0.4,NE
130,922,30.7,22.3,19.4,82,0.5,0,,,0.3,NW
130,927,30.3,22.6,17.9,79.1,1.1,0,,,0.2,NW
130,935,27.4,20.5,17.9,,1.6,1.5,,,0.4,NE
130,991,27.1,20.2,18.2,86.8,0.9,10,,,0.1,NW
130,992,26.1,20,19.1,88.8,0.8,14,,,0.3,E
130,995,29,19.9,18.2,78.9,0.7,1,,,0.3,SW
131,130,25.6,21.3,19.4,74.4,1.5,0.8,,,0,W
131,138,22.7,18.4,20.1,88.4,1.9,38.5,,,0.1,W
131,143,21.6,18,19.6,91.5,0.9,61.5,,,0.3,NW
131,152,23.4,18.4,20,86.8,2,17.2,,,0.2,NE
131,159,26.2,21.6,22.2,78.4,2.2,2.2,,,0.6,NE
131,162,25.5,21.3,21.3,82,3.6,1.1,,,0.2,NE
131,257,26.1,21.7,21.7,88.2,1.9,13,,,0.8,NE
131,271,21.7,17.9,17.2,89.4,0.8,0.9,,,0.2,SE
131,278,21.1,18.7,19.3,95,0.7,11,,,0.1,N
131,285,21.2,18.4,19.8,96.4,0.1,52.1,,,,
131,288,24.5,20,20.8,87.9,1.1,21.1,,,0.2,NE
131,311,19.1,15.7,17.5,98.8,0.5,42.5,,,0.2,S
131,800,23.6,20.2,19.6,84.9,1,11.5,,,0.1,SW
131,804,23.6,17.6,19.4,91.1,1.3,45.5,,,0.2,S
131,808,23.3,18.3,20.4,89.2,2.2,33.5,,,0.1,W
131,828,21.1,17.9,19.9,99.9,1.6,58,,,0,NW
131,830,22.9,17,19.9,79.5,1.9,51.5,,,0.1,NW
131,843,23.4,18,18,81.3,0.9,1.5,,,0.1,W
131,845,21.6,18.4,19.7,99.2,0.6,57.5,,,0.2,W
131,846,20.2,17.4,19.3,96.3,1.4,51.5,,,0.1,NE
131,852,25.6,22.4,19.1,65.7,3,0.5,,,0.4,NE
131,860,21.2,18.3,19.8,91.5,0.8,57.5,,,0.2,NW
131,905,23.6,20.3,20.3,92.1,1.1,23,,,0.2,S
131,915,22.1,18.5,19.4,98.6,1.4,72,,,0.7,E
131,922,22.7,19.4,19.4,92.6,0.6,17.5,,,0.2,NW
131,927,22.8,17.9,19.6,93.4,1,28.5,,,0.3,SE
131,935,21.6,17.9,19.5,,1.8,42,,,0,W
131,991,21.2,18.2,19.8,98,1.3,55.5,,,0.2,NW
131,992,20.8,19.1,19.7,99,0.9,40,,,0.3,E
131,995,22.4,18.2,19.5,94.4,0.5,32,,,0.3,SW
132,130,27.5,19.4,18.3,85.9,1.5,4,,,0.2,NW
132,138,25.4,20.1,20.9,85.7,2.4,38.5,,,0.5,NE
132,143,26.1,19.6,18.2,85.2,0.9,61.8,,,0.5,SE
132,152,25.7,20,20.8,81.7,2.4,17.2,,,0.3,NE
132,159,30.2,22.7,22.7,72.5,2.7,2.2,,,0.8,NE
132,162,29.7,21.4,21.4,78.6,3,1.1,,,0.4,NE
132,257,29,22.3,22.7,78.9,2.7,13,,,1,NE
132,271,28.4,14.7,10.8,77.6,1.2,0.9,,,0.1,N
132,278,29.5,18.4,15.8,82.8,1,13.7,,,0.4,NE
132,285,26.6,19.8,19,91.4,,54.9,,,0.7,E
132,288,28,21,19.7,80.9,1.3,21.1,,,0.3,NE
132,311,20.8,15.6,14.1,98,0.4,42.5,,,0.2,S
132,800,27.2,19.6,18,86.2,1.9,21,,,0.1,NE
132,804,25.2,19.2,18,88.6,3.1,46,,,0.4,NE
132,808,25,20.6,22.3,88.3,3.9,33.5,,,0,N
132,828,25.7,19.8,18.9,97.3,1.5,60.5,,,0,N
132,830,26.5,18.6,17.5,76.1,1.2,52,,,0.2,NW
132,843,26.9,17.1,15.1,86.1,1.2,5,,,0.2,NW
132,845,26.5,19.7,17.9,92.6,0.5,57.5,,,0.3,NE
132,846,25.6,19.4,18.7,87.7,1.2,51.5,,,0.2,NE
132,852,25.8,19.1,20.5,83.1,2.9,5,,,0.4,NE
132,860,26.2,19.8,18.7,85.2,0.6,57.5,,,0.5,E
132,905,26.2,19.7,19.2,84.9,1.4,23,,,0.5,E
132,915,27.1,19.4,17.1,93.8,1.7,74,,,0.8,E
132,922,27.1,17.5,16.8,90.6,0.6,17.5,,,0.2,NW
132,927,27.4,18.4,17.8,87.4,1.6,28.5,,,0.3,NE
132,935,26.5,19.5,18.3,,1.1,42.5,,,0,W
132,991,26.5,19.3,18.1,92.9,1.4,55.5,,,0.1,NE
132,992,27.2,19.5,17.9,92.4,0.7,40,,,0.2,NE
132,995,23.9,19.6,20.9,91.4,2,32,,,0.8,NE
133,130,28.7,18.3,20.6,77.9,1.9,4,,,0.3,NW
133,138,26.1,20.9,23.8,76.6,3.6,2.7,,,0.5,NE
133,143,28.2,18.2,21.4,75.1,1.9,13.1,,,0.9,SE
133,152,25.9,20.8,22.9,79.1,2.8,0.2,,,0.3,NE
133,159,30.3,22.7,24.2,69.9,3.4,0,,,1,NE
133,162,29.9,21.4,23.4,69.8,2.7,0,,,0.6,NE
133,257,31,22.7,24.5,76.5,3,0,,,1,E
133,271,29.3,10.8,16.8,69.2,1.6,0.2,,,0.3,NW
133,278,30.4,15.8,18.3,76.2,1.2,13.7,,,0.6,E
133,285,29.7,19,20.6,85.1,,13.8,,,,
133,288,29.9,19.7,24.2,74.2,1.9,0.7,,,0.5,NE
133,311,23.2,14.1,18.7,90,0.8,2,,,0,S
133,800,27.1,18,20.2,80.7,2.7,21,,,0,NE
133,804,26.5,18,22.5,79.3,4.3,10,,,0,NE
133,808,25.6,22.3,23.3,84,4.1,5.5,,,0,N
133,828,29.7,18.9,20.8,83.9,1.7,15.5,,,0.2,NW
133,830,28.2,17.5,20.9,66.5,2,8,,,0.4,NE
133,843,27.1,15.1,18.1,80.5,2.1,5,,,0.2,SE
133,845,30,17.9,20.6,79.7,1.4,21,,,0.8,E
133,846,29.2,18.7,21.1,74.3,2.5,20.5,,,0.6,NE
133,852,26.8,20.5,21.8,73.2,3.9,5,,,0.6,NE
133,860,29.7,18.7,22.2,73.4,1.4,21,,,0.7,E
133,905,27.7,19.2,23.1,78.6,2.3,0,,,0.4,NE
133,915,28.5,17.1,19.5,88.5,1.6,11,,,0.5,NE
133,922,28.6,16.8,21,79.2,1.2,0,,,0.2,S
133,927,28.9,17.8,21.7,81.4,2.7,0.5,,,0.2,NE
133,935,29.3,18.3,19.9,,2.3,11.5,,,0.3,W
133,991,29.2,18.1,21.4,80.6,2.6,28,,,0.6,E
133,992,29.1,17.9,19.4,83.6,1.3,17.5,,,0.6,NE
133,995,24.4,21.1,22.3,86.4,3.1,1,,,0.8,NE
134,130,26,20.6,21.2,86,1.5,16.9,,,0.1,NW
134,138,25.2,23.5,22.8,77.8,3.3,1.5,,,0.6,E
134,143,26.3,21.4,22.5,80.8,1.9,0.5,,,0.7,SE
134,152,25.7,23,22.2,81.6,2.4,0.2,,,0.2,NE
134,159,29.8,24.2,25.2,73.7,2.8,0,,1,1,NE
134,162,29.5,23.4,24.5,73.8,2.5,0,,,0.4,NE
134,257,29.4,24.5,24.5,79.2,3.1,0,,,1,NE
134,271,25.4,16.8,19.8,79.4,1.1,2.8,,,0.4,N
134,278,26.9,18.3,21.4,89.2,0.8,7.6,,,0.4,NE
134,285,26.1,20.6,22.5,90.6,0.5,0.5,,,0.5,E
134,288,28.9,23.7,22.7,76.4,1.7,0,,,0.4,NE
134,311,21.3,19.2,19.7,93.5,0.8,10.5,,,0,SW
134,800,25.9,20.2,22.1,86.2,1.2,16,,,0,NE
134,804,24.6,22.4,22.3,81.5,3.4,3.5,,,0.1,NE
134,808,24.5,22.9,22.6,87.6,3.7,2,,,0,N
134,828,28,20.8,22.7,93.3,1.6,0.5,,,0,NW
134,830,26.4,21.8,23,67.1,1.6,2.5,,,0.6,NE
134,843,24.1,18.1,20.2,90.4,0.8,8,,,0.1,W
134,845,26.7,20.6,22.6,87.8,0.6,1,,,0.5,NE
134,846,26.5,21.1,22.3,80.9,1.8,2.5,,,0.6,E
134,852,25.8,21.4,21.1,81.7,2.9,16,,,0.4,NW
134,860,27.3,22.2,22.8,77.6,1.4,0.5,,,0.6,SE
134,905,27.4,23.1,22.8,80.4,1.8,0,,,0.4,E
134,915,25.5,19.5,22.2,95.7,1.4,1.5,,,0.6,NE
134,922,27.2,21,21.7,80.3,1.3,0,,,0.2,S
134,927,28.7,21.8,22.2,82.5,2,0,,,0.4,NE
134,935,26.2,19.9,22.2,,1.4,0.5,,,0,W
134,991,26.4,21.4,22.2,87,1.8,1,,,0.3,NE
134,992,25.5,19.4,22.3,93.1,0.6,3,,,0.4,NE
134,995,23.5,21.9,21.9,90.8,1.2,2.5,,,0.7,E
135,130,23.4,20.8,20.3,93,1.8,17.2,,,0.1,W
135,138,29.5,21.8,20.6,88.6,2.1,11.9,,,0.5,NE
135,143,31.5,22.1,20.6,84,2.4,10,,,0.6,SE
135,152,29.7,20.6,20.5,89.7,1.9,11.5,,,0.1,SW
135,159,29.2,23.2,22.6,86.2,4.2,28.7,,,0.3,SW
135,162,29.4,24.6,23.1,86.8,3,12.9,,,0,SW
135,257,31.7,23.4,23.3,90.4,2.2,16.8,,,0.3,SW
135,271,25.1,20.3,19.1,90.3,1,23.4,,,0.2,N
135,278,29.2,20.7,20.4,94.1,0.8,21.2,,,0.1,S
135,285,29.4,22.5,22,94.8,0.5,12.8,,,0,SW
135,288,31.1,22.7,22.1,88.9,1.3,12.2,,,0.1,SE
135,311,25.9,19.7,19.1,98,0.5,15,,,0.1,S
135,800,24.8,21.4,20.5,90.9,2.1,16,,,0,NE
135,804,29.6,20.4,19.9,93.8,2.6,35.5,,,0.3,NE
135,808,28.7,21.8,21.1,89.8,3.1,9.5,,,0,NE
135,828,30.3,22.3,21.3,99.4,2,11,,,0,S
135,830,32.1,21.3,20.5,77.6,1.6,13.5,,,0.6,SE
135,843,23.9,19.2,18.9,94.4,1.1,21,,,0.5,SE
135,845,30.7,20.9,20.6,92.7,1.2,20,,,0.5,NE
135,846,30,20.4,20.2,87.3,1.6,19.5,,,0.3,E
135,852,23.2,20.8,20.9,90.9,4.7,16,,,0.5,NE
135,860,31,22.1,20.7,83.7,1.4,10.5,,,0.7,SE
135,905,30.4,21.7,21.5,90.2,1.4,13,,,0.1,S
135,915,30.1,22.2,22.3,97.1,1.3,23.5,,,0.1,W
135,922,28.3,21.7,21.4,93,0.9,13,,,0.1,NW
135,927,29.6,22.1,21.3,90.4,1.9,11,,,0.1,SW
135,935,29.4,22.2,21.5,,2.3,8.5,,,0.4,SE
135,991,31.2,21.1,20.9,89.8,2.2,20.5,,,0.2,SW
135,992,29.7,21.6,21.2,92.6,1.9,14,,,0.3,S
135,995,29.9,20.3,20,93.3,1,10,,,0.4,NE
136,130,25.9,20.3,19.9,84.1,1.4,13.2,,,0.1,W
136,138,27.2,20.6,23.5,85.2,1.3,11.9,,,0.1,NW
136,143,28.5,20.6,22.2,78.3,1.9,10,,,0.5,SE
136,152,27.8,20.5,22.9,87.6,0.9,11.5,,,0.2,NW
136,159,29.3,22.6,24.7,78.9,2.6,28.7,,,0.5,NE
136,162,29.6,23.1,23,81.7,1.7,0,,,0.1,S
136,257,31.2,23.3,24.1,82.5,1.8,16.8,,,0.5,NE
136,271,24.8,18.2,17.4,88.2,0.7,23.4,,,0,NW
136,278,27.9,20.4,20.4,88.1,0.7,21.3,,,0.1,N
136,285,29.6,22,22.4,85,0.8,12.8,,,0.7,NE
136,288,30.9,22.1,22.8,82.7,1.1,12.2,,,0.4,NE
136,311,23.5,19.1,17.9,95.4,0.6,15,,,0,NW
136,800,26.6,20.5,20.3,87.1,1.4,14.5,,,0,S
136,804,27.1,19.9,21.1,90.8,1.3,35.5,,,0.3,NE
136,808,27.4,21.1,22.6,88,1.9,9.5,,,0.1,NW
136,828,29.6,21.3,22.7,93.5,1.1,11,,,0,NW
136,830,28.1,20.5,20.8,76.4,0.9,13.5,,,0.1,NW
136,843,26.5,18.9,19.6,84.2,1,21,,,0.1,NW
136,845,28.7,20.6,22,88.3,0.7,20,,,0.4,NE
136,846,29.2,20.2,22.2,82.2,1.6,19.5,,,0.5,E
136,852,25.4,20.9,22.3,79.7,1.9,13.5,,,0,S
136,860,28.5,20.7,22.9,78,1.3,10.5,,,0.5,SE
136,905,30.5,21.5,22.4,85.3,0.9,13,,,0.1,NW
136,915,30.2,22.3,22,90.1,1.2,23.5,,,0.4,NE
136,922,28.7,21.4,21.1,86.9,0.7,13,,,0.2,NW
136,927,29.2,21.3,21.1,89.3,0.7,11,,,0.1,W
136,935,29,21.5,22.3,,1.3,8.5,,,0.6,NE
136,991,28.9,20.9,22.1,87,1.2,21,,,0.3,NE
136,992,29.2,21.2,21.4,87.4,1,14,,,0.3,NE
136,995,27.5,20,21.5,93.5,0.7,10,,,0.1,SW
137,130,29.1,19.9,22,79.3,1.5,0,,,0.1,W
137,138,29,23.5,24.6,74.7,1.9,1.4,,,0.2,W
137,143,29.6,22.2,23,76.6,1,1.7,,,0.3,NW
137,152,29.2,22.9,22.6,79.6,1.1,0,,,0.2,S
137,159,31,24.7,25.5,74.8,2.2,0,,1,0.1,S
137,162,30.5,23,23.5,84.6,1.1,1,,,0.2,S
137,257,32.3,24.1,24.2,84.1,1.2,0,,,0.1,SW
137,271,28.8,17.4,17.8,84.8,0.6,0,,,0.2,N
137,278,31,20.4,22,85.3,0.5,1.2,,,0.2,NE
137,285,28.4,22.4,22.8,91.5,0.2,1.2,,,0.2,SW
137,288,30.6,22.8,22.9,82.4,0.8,0.4,,,0.1,W
137,311,25.3,17.9,19.2,95.4,0.6,1,,,0,S
137,800,30.4,20.3,20.9,79,1.3,0,,,0.1,S
137,804,29.3,21.1,21.8,78.9,1.6,1,,,0.4,SW
137,808,28.9,23.5,23.5,76.7,1.7,2,,,0.1,W
137,828,29.2,22.7,22.9,96.6,0.7,0.5,,,0,NW
137,830,32,20.8,21.6,67.6,1.1,2.5,,,0.1,NW
137,843,30.9,19.6,22.3,74,1.5,0.5,,,0.3,W
137,845,29.9,22,22.4,86.9,0.6,8,,,0.2,W
137,846,29.3,22.2,22.8,82.8,1.1,9,,,0.1,W
137,852,28.3,22.3,22.9,72.2,2.2,0,,,0,S
137,860,29.9,22.9,23.6,76.3,0.6,8.5,,,0.2,NW
137,905,30.9,22.4,22.1,84.2,1,0,,,0.2,NW
137,915,28.9,22,22.4,93.3,1,0,,,0.3,NE
137,922,29,21.1,21.3,87.9,0.4,0.5,,,0.3,NW
137,927,30,21.1,22.4,87.3,0.7,0.5,,,0.2,SW
137,935,29.5,22.3,23,,0.9,0.5,,,0.1,W
137,991,29.2,22.1,22.4,89.8,1.1,7,,,0.1,SW
137,992,29.7,21.4,21.7,89.1,0.9,0,,,0.2,S
137,995,30.4,21.5,22.2,85,0.8,0.5,,,0.3,SW
138,130,28.2,22,23.1,78.6,1.8,19.3,,,0.2,W
138,138,33.9,24.6,25.6,70.5,2.4,0.8,1,1,0,SW
138,143,33.9,23,24.3,75,1.1,0,1,,0.3,NW
138,152,32.7,22.6,24.1,76.6,2,0,,,0.1,SW
138,159,31.7,25.5,25.8,78,3.5,0,,1,0,SW
138,162,31.4,23.5,25.2,82,2.2,1,,1,0,SW
138,257,33.2,24.2,24.8,84.6,1.9,0,1,,0,SW
138,271,29.4,17.8,19.8,87.1,0.8,8.1,,,0.1,NW
138,278,32.9,22,22.2,86.2,0.9,0,,,0.1,N
138,285,33.3,22.8,22.7,85.9,0.8,0,1,,0.1,SW
138,288,33.6,22.9,24.7,81.8,1.2,0.3,1,,0.1,S
138,311,28.6,19.2,19.9,92.5,0.6,1,,,0.1,S
138,800,33,20.9,22.8,81.8,2,0,1,,0.2,S
138,804,32.4,21.9,22.2,76.9,2.3,0,,,0.1,SW
138,808,33.1,23.6,23.9,75.3,2.6,0,1,,0,W
138,828,32.6,22.9,24.1,91.4,1.5,0,,,0.1,S
138,830,34,21.6,23.7,68.9,1.3,0,1,,0.2,W
138,843,31.7,21.1,21,75.3,1.7,2.5,,,0.1,W
138,845,34,22.4,23.8,84.7,0.9,0,1,,0.3,SW
138,846,32.5,22.8,24.4,78.7,1.4,0,,,0,W
138,852,28.2,22.9,23.6,75.9,1.6,14,,,0.2,SW
138,860,33.8,23.6,25.1,75.9,0.9,0,1,1,0.2,NW
138,905,33.2,22.1,23.2,83.2,1.1,0,1,,0.1,W
138,915,31.6,22.4,22.7,91.5,1.1,0,,,0.1,W
138,922,31.2,21.3,23.3,89.1,0.6,5,,,0.2,NW
138,927,32.7,22.4,24.2,86.2,1.3,0,,,0.2,SW
138,935,32.2,23,22.8,,1.3,0,,,0.2,SE
138,991,32.9,22.4,24,83.9,1.7,0,,,0,SW
138,992,33.1,21.7,22.8,87.8,1.1,0,1,,0.2,S
138,995,32.8,22.2,22.5,84,0.9,0,,,0.1,SW
139,130,29.2,19.5,18,83.6,1.8,19.3,,,0.2,W
139,138,33.8,22.2,20.4,74.6,2,7.1,1,,0.1,SW
139,143,33.2,23.4,21.8,80.6,1.3,6.6,1,,0.3,NW
139,152,33.1,22.7,21,75.1,2.1,0,1,,0.1,SW
139,159,31.5,25.5,22.8,78.2,4.8,3.5,,,0,SW
139,162,31.5,24.4,22.9,82.4,2.3,2.5,,,0,SW
139,257,33.7,24.6,23.2,87.6,1.9,12.9,1,,0,SW
139,271,26.3,18.6,18.2,94.3,0.7,21.3,,,0.2,N
139,278,31,22.2,20.7,91.3,0.9,4.4,,,0,S
139,285,32.4,22.7,21.7,91,0.8,10.9,,,0,SW
139,288,34,22.8,22.3,82.6,1.5,0.3,1,,0,W
139,311,27.2,19.5,17.6,94,0.6,10,,,0.2,S
139,800,31.6,20.4,19.4,84.4,1.6,8,,,0.2,NE
139,804,32.1,20.9,19.2,83.8,2,5,,,0.2,SW
139,808,30.7,22.2,20.5,83.7,2.7,13,,,0.1,W
139,828,32.1,22.6,22.2,94.4,1.5,35,,,0.1,S
139,830,33.7,22.2,20.2,75.4,1.6,8,1,,0.2,W
139,843,27.8,18.8,17.4,90,1,20,,,0.4,SE
139,845,33.6,22.8,21.3,88.8,0.9,1.5,1,,0.2,N
139,846,32.4,23.1,21.1,82.2,1.5,1,,,0,W
139,852,28.1,19.7,18.4,82.3,3.7,14,,,0.4,NE
139,860,32.9,23.8,22.2,80.3,0.8,7,,,0.3,NW
139,905,33.6,22.6,21.4,84.6,1.4,6,1,,0.1,S
139,915,32.3,22.5,20.3,94.7,1.4,7,,,0.1,W
139,922,31.7,21.5,20.8,87.3,0.8,5,,,0.3,NW
139,927,32.3,21.7,21.2,84.3,1.6,0.5,,,0.1,S
139,935,32.5,21.9,21.2,,1.3,20.5,,,0.3,SW
139,991,32.5,23.1,21.4,89.1,1.9,5,,,0,SW
139,992,32.6,22.3,20.3,91.6,1.4,2,,,0.2,S
139,995,33,20.9,19.5,85.7,1,6,1,,0.2,SW
140,130,22.8,18,18.3,86.8,1.8,8.5,,,0.1,W
140,138,22.5,20.4,21.4,76.1,3.1,7.1,,,0.6,NE
140,143,23.8,20,19.9,72.7,3.1,6.6,,,0.7,SE
140,152,22.6,20.3,20.2,76.9,2.6,0,,,0.4,NE
140,159,25.7,21,20.9,73.6,2.8,3.5,,,0.8,NE
140,162,26.1,21.3,20.3,75.8,1.9,2.5,,,0.5,NE
140,257,25.3,21.8,21.6,80.8,2.4,12.9,,,0.8,E
140,271,21.6,13.8,13.8,82.6,1.4,21.6,,,0.4,NW
140,278,23.3,16.4,16.2,83,1.2,4.4,,,0.6,NE
140,285,26.2,19.9,18.8,82.8,0.9,10.9,,,0.7,E
140,288,25.3,21.4,19.5,76.7,1.8,0.3,,,0.5,NE
140,311,21.3,16.2,15.3,89.3,0.6,10,,,0,S
140,800,23.3,17,17,85.8,1.7,8,,,0,NE
140,804,22.1,17.5,17.5,83.3,3.1,5,,,0.2,NE
140,808,22.7,20.5,21.8,76.4,5,13,,,0,NE
140,828,25.6,20.3,19.5,88.5,0.9,35,,,0.1,NW
140,830,22.8,18.5,18.3,85.7,1.4,2.5,,,0.4,NE
140,843,21,15.1,15.1,88.9,1,20,,,0.4,SE
140,845,24.9,19.3,19.3,77.9,1.5,1.5,,,0.7,E
140,846,24.6,20.8,19.6,72.1,2.7,1,,,0.7,SE
140,852,22.7,18.4,19.6,78.5,4.2,8.5,,,0.7,NE
140,860,24.5,20.7,20.6,71,1.9,7,,,0.7,E
140,905,22.7,19.4,18.9,80.7,1.7,6,,,0.3,NW
140,915,26.1,18.7,17.5,90.1,1.8,7,,,0.6,NE
140,922,23.9,18.1,18.1,81.1,1.2,0.5,,,0.3,S
140,927,23.9,18.8,18.2,82.2,2.3,0.5,,,0.2,NE
140,935,25.3,19.5,18.1,80.3,1.8,0,,,0.4,E
140,991,25.2,20.9,19.1,79.6,3,5,,,0.7,E
140,992,24.1,18.7,18.5,83,1.9,2,,,0.7,E
140,995,21.5,19.4,16.9,85.2,2.3,6,,,0.8,NE
141,130,22.9,16.2,16.2,81.3,1.3,14.4,,,0.2,NW
141,138,24.7,20.6,19.6,65.3,3.4,1.4,,,0.8,NE
141,143,24.3,19.9,19.1,67,2.7,0,,,0.8,E
141,152,24.4,20.2,19.4,68,2.1,0,,,0.4,NE
141,159,27.7,20.9,22.9,65.9,2.9,0,,,1,NE
141,162,27,20.3,22.9,67.1,2.1,0,,,0.7,NE
141,257,26.6,21.6,21.4,69.6,2.6,0,,,1,E
141,271,21.1,13.9,14.7,86.1,1,14.6,,,0.3,N
141,278,23.7,16.2,18.1,79.4,0.6,0.2,,,0.5,NE
141,285,24.9,18.8,19.9,81.2,0.4,0,,,0.6,E
141,288,26.8,19.5,20.6,67.6,1.3,0,,,0.4,NE
141,311,20.5,15.3,16.9,87,0.6,0.5,,,0,S
141,800,23.9,17.8,17.9,81.4,1.3,3,,,0.1,NE
141,804,23.6,18,18.5,72.8,2.9,2,,,0.1,NE
141,808,24.6,20.1,19.6,67.8,3.9,0.5,,,0.4,NE
141,828,25.5,19.5,19.7,84.5,1.2,0,,,0,NW
141,830,25.1,18.3,18.8,77.9,1.3,2.5,,,0.4,NE
141,843,21.4,14.5,14.5,85.8,0.9,12.5,,,0.2,SE
141,845,25.5,19.3,19.4,71.5,1.5,0.5,,,0.8,E
141,846,24.9,19.6,18.8,66.6,2.5,0,,,0.9,E
141,852,22.1,16.3,16.3,70.7,2.6,15.5,,,0.7,NE
141,860,25.4,20.6,19.6,65.3,1.7,0,,,1,E
141,905,25.5,18.9,19.7,70.9,1.6,0,,,0.2,NW
141,915,24.6,17.5,19.7,87.6,1.3,0,,,0.4,NE
141,922,24.4,18.1,21.3,67.6,1.4,0,,,0.2,S
141,927,26.1,18.2,19.5,72.1,1.7,0,,,0.3,NE
141,935,25.8,18.1,19.3,78.4,1.1,0,,,0,W
141,991,25.5,19.1,19.4,74.6,2.7,0,,,0.8,NE
141,992,25,18.5,19.2,78.2,1.7,0,,,0.7,E
141,995,22.8,16.9,18.9,81.8,1.6,4.5,,,0.6,NE
142,130,22.9,16.7,16.8,95,2,67,,,0,NW
142,138,23.9,19.6,18.8,84.6,2.1,20.5,,,0.5,NE
142,143,26.8,18.8,17,77.4,2.2,8.9,,,0.2,W
142,152,27,19,18,80.3,1.6,1.5,,,0.2,NW
142,159,29.7,22.5,19.9,75.3,3.2,7.2,,,0.2,SW
142,162,28.9,20.8,18.6,78.1,2.4,23.1,,,0.1,W
142,257,31.1,19.9,17.7,82.4,1.7,12.1,,,0.3,SW
142,271,21.6,15.6,15.8,93.5,1,57.7,,,0.1,NW
142,278,25.2,17.5,17.3,90.4,1.1,34.1,,,0.1,NW
142,285,29,18.2,16.3,84.3,0.7,3.7,,,0.2,SW
142,288,30.2,18.9,16.6,78.6,1.5,2.1,,,0.1,NW
142,311,23.7,14,13.5,91.9,0.9,12.5,,,0.2,S
142,800,23,18,17.8,89.8,1.6,49.5,,,0.1,NE
142,804,24.2,18.5,15.4,88.9,2.2,18,,,0.5,NE
142,808,23.9,19.5,20.1,86.8,3.5,24,,,0,N
142,828,28.7,18.8,17.8,92,1.7,9,,,0,N
142,830,28,18.7,16.4,86.3,1.9,17,,,0.2,NW
142,843,20.1,15.1,15.9,95.3,0.9,68.5,,,0.4,SE
142,845,27.8,18,16.6,83.9,1.2,11.5,,,0.2,NW
142,846,28.2,18.8,16.9,80.7,2,9.5,,,0.2,W
142,852,21.7,16.6,17.1,93.7,4.5,83,,,0.4,NW
142,860,27.7,19.6,17.8,76.8,1.2,11.5,,,0.3,SE
142,905,29.5,17.1,16.1,82.3,1.6,3,,,0.1,W
142,915,27.2,16.4,14.5,89.7,2.2,3,,,0.2,NW
142,922,28.5,16.2,14.5,81,1.5,1,,,0.4,SE
142,927,29.3,16.3,15,83.4,1.8,1,,,0.1,SW
142,935,29.2,17.8,16.2,80.3,2.1,2,,,0.2,W
142,991,27.4,17.5,16,88.2,1.6,10.5,,,0.1,NW
142,992,27.8,17.1,15.9,86.9,1.6,8.5,,,0.3,NE
142,995,26.9,18.9,17.3,90.8,1.4,7,,,0.4,NE
143,130,23.9,16.2,15.6,83,2.1,67,,,0.1,NW
143,138,23.8,18.8,20,71.3,3.3,20.5,,,0.6,NE
143,143,25.5,17,16.1,72.6,2.4,8.9,,,0.8,SE
143,152,22.9,18,18.6,75.2,2.8,0,,,0.3,NE
143,159,27,19.9,20,67.1,2.8,7.2,,,0.8,NE
143,162,27.4,18.6,19.7,70.8,2.4,23.1,,,0.5,NE
143,257,26.4,17.7,21,76.8,2.4,12.1,,,0.9,NE
143,271,22.4,11.8,10.6,79.9,1.5,57.7,,,0.3,NE
143,278,26.5,15.5,15.1,76,1.4,34.1,,,0.6,NE
143,285,27.2,16.3,15.6,82.3,0.8,3.7,,,0.5,E
143,288,27.2,16.6,16.5,73.3,1.6,2.1,,,0.4,NE
143,311,20.5,13.5,14.3,88.3,0.7,12.5,,,0.1,S
143,800,24.1,15.9,15.2,79.8,2.3,49.5,,,0,NE
143,804,24.4,15.4,15.9,75.8,4.2,18,,,0.1,NE
143,808,,,,,,24,,,,
143,828,26.9,17.8,17.7,81.7,1.5,9,,,0.2,N
143,830,26.6,16.4,16,78,1.5,17,,,0.4,NE
143,843,21.2,14.3,13,86.1,1,68.5,,,0.3,SE
143,845,27.4,16.6,15.8,76.6,1.3,11.5,,,0.6,E
143,846,25.8,16.9,16.1,71.8,2.1,9.5,,,0.6,E
143,852,22.3,17.1,17.4,77.8,4.5,83,,,0.6,NE
143,860,27,17.8,17.1,70.1,1.5,11.5,,,0.8,E
143,905,24.9,16.1,17,76,2.4,3,,,0.3,NW
143,915,26.7,14.5,14.7,86.5,2,3,,,0.6,NE
143,922,23.9,14.5,14.1,79.6,1,1,,,0.1,W
143,927,25.9,15,14.8,78.5,2.2,1,,,0.3,NE
143,935,26.4,16.2,15.3,76.9,1.8,2,,,0.3,W
143,991,26.4,16,15.5,77.8,2.5,10.5,,,0.5,E
143,992,26.1,15.6,14.7,81,1.3,8.5,,,0.5,E
143,995,22.7,17.3,16.1,79.5,3.4,7,,,0.7,NE
144,130,24.6,15.6,16.8,77.6,1.9,2.1,,,0.3,NW
144,138,24.4,19.9,19.6,64.7,3.6,0,,,0.6,NE
144,143,24.7,16.1,16.9,69.7,2.3,0,,,0.9,E
144,152,24.4,18.5,17.7,63.6,2.8,0,,,0.5,NE
144,159,27.4,20,20.3,60.6,3.5,0,,,1,NE
144,162,26.7,19.7,19.6,61.1,3,0,,,0.6,NE
144,257,26.7,20.9,20.9,64.5,3.1,0,,,1,E
144,271,22.2,10.6,12.5,80.3,1.4,0.2,,,0.4,NW
144,278,25.3,15.1,16.1,79.2,0.9,0,,,0.5,E
144,285,25.4,15.6,17.2,81.8,0.8,0,,,0.3,NE
144,288,26.8,16.5,18.4,65,1.4,0,,,0.4,NE
144,311,19.6,14.1,12.8,83,0.9,0,,,0,S
144,800,25.2,15.2,15.8,79.6,1.8,0.5,,,0.2,NE
144,804,24.3,15.8,15.3,75.3,2.9,0,,,0.4,NE
144,808,,,21,,,0,,,,
144,828,25.8,17.3,17.3,79.6,1.6,0,,,0.1,NW
144,830,25.5,16,15.8,78.7,2.1,0,,,0.5,NW
144,843,21.7,13,14.5,84.6,1.3,1,,,0.2,SE
144,845,25.6,15.8,16.7,75.6,1.3,0,,,0.6,NE
144,846,25,16.1,16.7,67.4,2.5,0,,,0.6,E
144,852,23.2,17.4,18.1,70.1,3,2,,,0.5,NW
144,860,25.6,17.1,17.5,66.5,1.4,0,,,0.7,E
144,905,25.6,16.9,16.9,66.3,2,0,,,0.2,N
144,915,25.4,14.7,16.4,85.8,1.5,0,,,0.7,NE
144,922,24.2,14.1,14.4,72.3,1.2,0,,,0.1,S
144,927,26.4,14.8,15,70.6,2,0,,,0.4,NE
144,935,25.7,15.3,16.5,74.9,1.7,0,,,0.3,W
144,991,25,15.5,17.2,75.7,2.8,0,,,0.6,E
144,992,25.7,14.7,15.8,80.7,1.4,0,,,0.6,E
144,995,24.1,15.1,15.1,79.4,1.5,0,,,0.4,NE
145,130,25,16.8,18,77.2,1.8,0,,,0.3,NW
145,138,24.8,19.6,22,64,2.9,0.1,,,0.5,NE
145,143,25.9,16.9,20.3,67.5,2.5,0,,,0.8,E
145,152,25.1,17.7,20.5,65.3,2.5,0,,,0.4,NE
145,159,28.5,20.3,22.4,60.5,3,0,,,1,NE
145,162,28.1,19.6,22,60.4,2.9,0,,,0.5,NE
145,257,28.1,20.9,22.9,63.1,2.8,0,,,1,E
145,271,23.5,12.5,14.4,77.6,1.2,0,,,0.3,NW
145,278,27.2,16.1,16.9,77.5,0.9,0,,,0.4,E
145,285,27.2,17.2,19.4,77.5,0.7,0,,,0.4,NE
145,288,29,18.7,19.2,62.8,1.5,0,,,0.5,NE
145,311,20.5,12.8,13.9,86.1,0.7,0,,,0,S
145,800,24.9,15.8,18.5,79.6,1.9,0,,,0,NE
145,804,24.6,15.3,18,75.5,3,0,,,0.1,NE
145,808,25.2,21,22.3,74.4,4,0,,,0.8,NE
145,828,28,18.5,19.7,78.4,1.5,0,,,0.1,NW
145,830,26.2,15.8,18.2,78.5,1.9,0,,,0.3,NW
145,843,22.7,14.5,16.1,82.1,1.6,0,,,0.2,SE
145,845,27.4,16.7,20.1,70.1,1.5,0,,,0.6,E
145,846,26.6,16.7,20.2,65.1,2.4,0,,,0.6,E
145,852,23.3,18.1,19.7,71.3,3.3,0,,,0.5,NW
145,860,27.2,17.5,21.3,64.4,1.7,0,,,0.7,E
145,905,27.2,16.9,20.6,67.4,1.7,0,,,0.4,SE
145,915,26.9,16.4,17.9,83.8,1.6,0,,,0.6,NE
145,922,26.1,14.9,17.6,74.1,0.9,0,,,0.2,S
145,927,28.8,15.2,17.5,71.4,1.7,0,,,0.4,NE
145,935,27,16.6,19,72.1,1.5,0,,,0.3,W
145,991,26.9,17.2,19,73.4,2.7,0,,,0.6,E
145,992,27.2,15.8,19,75.2,1.8,0,,,0.6,NE
145,995,23.8,15.2,19.6,81.3,1.8,0,,,0.3,NE
146,130,26,18,22.8,85.4,1.6,0,,,0,SW
146,138,27.7,22.1,24.1,78.4,1.6,0.3,,,0.3,NE
146,143,27.9,20.6,22.9,74.3,1.1,0,,,0.5,SE
146,152,28.1,20.5,22.3,87.4,1.2,0.1,,,0.2,NE
146,159,30,22.4,24.7,81.7,2.8,0.2,,,0.3,NE
146,162,29.7,22,22.4,80.7,2.5,1.6,,,0.1,NE
146,257,29.9,22,23.5,86.5,1.9,1.8,,,0.4,NE
146,271,24.6,14.4,19.7,87.3,0.8,0.1,,,0.1,NW
146,278,27.7,16.9,21.5,86.3,0.5,0,,,0.1,SW
146,285,27.1,19.4,22.3,87.6,0.3,0.5,,,0.3,S
146,288,29,19.2,22.4,84.3,0.8,9.8,,,0.1,NW
146,311,23.6,14.6,18.8,95.7,0.5,0,,,0.1,S
146,800,26.8,18.5,22.9,84.5,2.2,0,,,0.1,S
146,804,27.8,19.3,22.5,84.3,1.7,0,,,0.3,S
146,808,26.2,22.3,23.5,87.8,2,0,,,0.1,SW
146,828,26.8,19.7,23,94.1,0.9,0,,,0.1,S
146,830,28.3,18.7,23.3,86.7,1,0,,,0.2,SE
146,843,27.3,16.1,20.8,80.6,1.3,0,,,0,W
146,845,28.1,20.5,22.7,80.2,0.5,0,,,0.2,W
146,846,27.1,20.2,22.4,76.8,1.2,0,,,0.2,W
146,852,25.6,19.7,22.1,80.7,2.4,0,,,0,S
146,860,28.1,21.3,22.8,73.9,0.8,0,,,0.5,SE
146,905,28.2,20.6,22.2,88.8,1.2,14.5,,,0.1,S
146,915,26.3,17.9,22.4,93.6,0.8,8.5,,,0.3,W
146,922,28.6,17.6,21.1,87.2,0.5,12,,,0.3,NW
146,927,29.2,17.5,21.6,87.1,1.2,3.5,,,0.1,SW
146,935,27.3,19,22.1,82.2,1,0.5,,,0.3,W
146,991,27.3,19,22.7,83.9,1.7,0,,,0,SW
146,992,27.2,19,22.4,85.9,0.9,0,,,0.2,S
146,995,27.9,19.9,22.3,92.4,0.3,2,,,,
147,130,27.3,19.4,14.8,84.7,1.3,1.9,,,0.1,W
147,138,25.9,23.8,20.8,81.8,2,4.1,,,0,SW
147,143,26.3,22.8,19.8,86.8,1,8.1,,,0.1,NW
147,152,25.3,21.8,20.5,93,1.3,0,,,0.2,NW
147,159,26.9,23.5,22.6,88.1,2.1,2,,,0.1,SW
147,162,25.6,22.1,21.9,94.3,0.9,6.2,,,0.2,NE
147,257,27.5,23.5,21.9,95.4,1.1,1.8,,,0,SW
147,271,23.2,15,11.5,95.1,0.7,9.6,,,0.1,S
147,278,26.4,21.3,18.2,95.1,0.6,21.9,,,0.1,SW
147,285,25.7,22,20.4,97.5,0.4,2.9,,,0,SW
147,288,27.1,22.3,20.2,94,0.6,9.8,,,0.1,NW
147,311,21.9,17.9,14.9,98.4,0.4,14,,,0.2,S
147,800,26.8,19.6,16,85,1.7,3.5,,,0.1,SW
147,804,26.3,21.4,18.2,87.7,1.8,3.5,,,0.1,S
147,808,26.4,23,20.5,88.3,1.9,2,,,0,SW
147,828,25.4,21.8,20.4,99.9,0.8,3,,,0.1,S
147,830,26.3,21.5,17.5,88.7,1.5,5.5,,,0.1,NW
147,843,25.3,17.9,13.7,85.6,1.1,1.5,,,0.2,W
147,845,26.6,22.4,18.8,95.8,0.5,8.5,,,0.1,W
147,846,25.5,22.4,20.1,93,0.9,7.5,,,0,W
147,852,25.8,19.8,18.4,85.5,1.9,3,,,0.1,W
147,860,26.3,22.8,20.5,87.3,0.4,8,,,0.2,NW
147,905,26.5,21.5,19.1,94.8,0.9,2.5,,,0.1,NW
147,915,24.9,21.6,21,99.8,0.9,8.5,,,0.3,W
147,922,25.4,21.1,18.9,96.7,0.2,12,,,0.1,NW
147,927,25.9,21.6,19.7,95.8,0.5,3.5,,,0.2,W
147,935,26.3,22.1,20.4,91.2,0.8,2.5,,,0.1,W
147,991,26.2,21.6,19.2,96.6,1,10,,,0.1,W
147,992,26.5,22.3,18.8,96.8,0.8,5,,,0.3,NE
147,995,25,21,18.7,94.7,0.5,2.5,,,0.2,SW
148,130,25.7,14.8,15.4,75.4,1.7,1.9,,,0.3,NW
148,138,26.1,20.3,19.8,70,1.7,4.1,,,0.3,W
148,143,28,19.8,18.9,69.3,1.5,8.1,,,0.5,SE
148,152,27.1,18.7,18.3,75.4,1.9,0,,,0.4,E
148,159,29.2,22.6,22.3,72.6,2.2,2,,,0.5,NW
148,162,28.7,21.9,21.3,83.2,1.5,6.2,,,0.2,S
148,257,31.2,21.9,21.7,76.7,1.4,0.4,,,0.3,SW
148,271,26.2,11.5,12.4,82.6,0.8,9.6,,,0.1,NW
148,278,26.7,17,16.3,87,0.6,21.9,,,0,N
148,285,29.2,20.3,19.5,80.7,0.6,2.9,,,0.5,E
148,288,30.6,20.2,20,75,0.9,2.5,,,0.2,W
148,311,23.4,14.9,15.3,93.9,0.6,14,,,0.1,S
148,800,27,16,15.3,75.9,1.6,3.5,,,0.3,S
148,804,26.3,15.7,15.7,77.4,1.8,3.5,,,0.3,SW
148,808,25.8,20.5,20.1,79.1,2.1,2,,,0.2,NE
148,828,28.3,20.2,19.8,84.2,1.2,0,,,0,NW
148,830,28.4,16.1,16.1,80.5,1.5,5.5,,,0.3,NW
148,843,26.5,13.7,13.3,72.7,1.6,1.5,,,0.2,W
148,845,28.4,18.8,19,78.7,0.7,8.5,,,0.2,NE
148,846,27.4,20.1,19.3,69.7,1.7,7.5,,,0.2,NW
148,852,24.3,18.4,18.4,63.8,2,3,,,0.4,NE
148,860,28.4,20.5,19.4,68,1,8,,,0.5,SE
148,905,30.3,19.1,18.7,78.1,1.4,2.5,,,0.2,NW
148,915,29,20,19.1,87.9,1.4,6,,,0.5,NE
148,922,28.5,17.6,17.6,82,0.5,2.5,,,0.2,NW
148,927,29.9,17.5,17.4,79.2,0.9,3,,,0.3,W
148,935,28.7,19.4,19.2,74.8,1.3,2.5,,,0.2,NE
148,991,28.3,19.2,18.7,83.3,1,10,,,0.2,SW
148,992,28.3,18,18,84.8,0.9,5,,,0.2,NE
148,995,25.3,16.8,16.8,80.4,1.2,2.5,,,0.2,NE
149,130,24.9,15.4,18.1,84.8,1.5,0,,,0.3,W
149,138,25.4,19.8,20.7,74.9,2,0,,,0.4,NE
149,143,27.3,18.9,20.4,69.9,2.4,0,,,0.9,E
149,152,26.3,18.3,19.3,73.5,1.9,0,,,0.5,E
149,159,28.7,22.3,22.8,67.3,2.5,0,,,0.8,NE
149,162,29.3,21.3,21.8,74.4,2.4,0.2,,,0.3,NE
149,257,29.2,21.7,21.6,70.1,2.4,0,,,0.9,NE
149,271,25.4,12.4,14.6,82.3,1,0,,,0.2,NW
149,278,28.7,16.3,18,80.6,0.7,0,,,0.1,SW
149,285,28.3,19.5,20.7,81.6,0.6,0,,,0.4,E
149,288,30.3,20,20.6,71.8,1.2,0,,,0.4,W
149,311,21.7,15.3,17.1,93.5,0.5,0,,,0.1,S
149,800,26.3,15.3,17.2,81.2,1.4,0,,,0.3,S
149,804,25.9,16.5,18.2,83.2,1.8,0,,,0.3,SW
149,808,25.2,20.1,20.5,81.4,2.5,0,,,0.6,NE
149,828,29,19.8,20.1,86.4,1,0,,,0,NW
149,830,27.9,16.4,18.3,82.1,1.4,0,,,0.4,E
149,843,24.9,13.3,15.3,81,1,0,,,0.3,NW
149,845,28.9,19,20.8,73.4,1.5,0,,,0.8,NE
149,846,27.5,19.3,20.6,70.1,2.2,0,,,0.7,SE
149,852,24.5,18.4,19,76.8,1.7,0,,,0.2,NW
149,860,28.5,19.4,21,68.3,1.5,0,,,1,E
149,905,28.6,18.7,18.7,76.1,1.7,0,,,0.3,NW
149,915,28.9,19.1,19.4,87.4,1,0.5,,,0.4,NE
149,922,27.2,17.7,17.9,79.4,0.8,0,,,0.2,SE
149,927,29.7,17.4,18.7,79.2,0.9,0,,,0.3,S
149,935,29.4,19.2,20.1,74.6,0.9,0,,,0.4,E
149,991,29,18.7,19.6,79.8,1.4,0,,,0.4,E
149,992,28.9,18.2,19.8,77.9,1.7,0,,,0.7,E
149,995,24.9,17.6,18.1,88.1,1.4,0,,,0.1,NE
150,130,24.4,18.1,17.7,89.2,1.4,9.2,,,0.1,W
150,138,25.8,20.7,20.2,74.9,1.9,0,,,0,W
150,143,24.9,20.4,19.8,82.8,1.7,1.8,,,0.4,W
150,152,25.9,19.3,19.2,78.3,2.1,0.2,,,0.1,SW
150,159,27.8,22.7,21.2,73.4,2.9,2.2,,,0.1,NE
150,162,25.3,21.8,20.5,80.3,2.1,0.2,,,0,NE
150,257,27.3,21.5,20.7,85.7,1.6,4.8,,,0.2,SW
150,271,19.7,14.6,15,96.1,0.5,23.8,,,0.2,SE
150,278,22,18,18,97.4,0.4,6.1,,,0.1,SW
150,285,27.4,20.6,18.9,88.6,0.9,0.8,,,0.1,SW
150,288,26.5,20.6,19.6,82.6,1.1,0.4,,,0.2,NE
150,311,20.9,16.2,15.3,97.2,0.5,3.5,,,0.1,S
150,800,24.7,17.2,17.9,89.6,1.6,8,,,0.1,S
150,804,24.4,18.4,18.5,83.8,2.2,0.5,,,0,SW
150,808,26.2,20.5,21,80.7,2.1,0,,,0.1,W
150,828,25.4,20.1,20.1,98.7,1.6,0,,,0,S
150,830,25.2,18.3,18.1,88.2,1.5,0,,,0.1,NW
150,843,23.8,15.3,15.7,89.6,0.9,10,,,0.2,W
150,845,25.7,19.3,18.5,89.7,1,2.5,,,0.3,NE
150,846,24.9,19.2,18.8,83.9,1.7,1.5,,,0.2,NW
150,852,23.3,19,19.4,85.5,3,12.5,,,0.3,SW
150,860,25.8,20.8,20.2,82.8,0.9,3,,,0.6,E
150,905,26.8,18.7,18.5,82.2,1.4,0,,,0.1,SW
150,915,24.4,19.4,17.7,97,1.5,4.5,,,0.1,NE
150,922,24.3,17.9,17.7,87.6,0.7,0.5,,,0.2,NW
150,927,24.7,18.7,18.3,86.1,1.5,0,,,0.1,SW
150,935,27.2,19.6,18.4,81.6,1.9,0.5,,,0.3,SW
150,991,26.4,19.6,18.7,89.8,1.6,1,,,0.2,SW
150,992,24.4,19.2,18.1,93.4,1.2,3,,,0.2,S
150,995,27,18.1,19.1,82.5,1.4,0,,,0,SW
151,130,24.2,15.6,14.3,81.9,1.7,9.2,,,0.2,NW
151,138,23.8,19.1,17.1,68.6,2.3,0,,,0.4,NE
151,143,26.8,18.6,15.8,64.5,2.3,1.8,,,0.2,W
151,152,24.7,16.9,15.5,72.6,2,0,,,0.4,NE
151,159,26.9,20.4,19,67.9,2.2,2.2,,,0.4,NW
151,162,26.3,19.3,18.6,71.1,1.7,0,,,0.2,NE
151,257,28.6,20.6,17.2,72.7,1.6,4.8,,,0.6,SE
151,271,23.1,15,13.7,84.8,0.9,23.8,,,0.1,SE
151,278,26.1,15.9,13.7,83,0.7,6.1,,,0.1,SW
151,285,26.6,18.2,16.2,82.6,0.5,0.8,,,0.5,E
151,288,27.5,19.6,17,70.3,1.4,0.4,,,0.4,NE
151,311,21.3,13.7,12.1,91.1,0.6,0,,,0.2,S
151,800,24.6,16.4,13.9,79.9,1.7,8,,,0.1,NE
151,804,24.3,15.8,14.2,76.1,2.6,0.5,,,0.2,NE
151,808,23.7,19.1,17.7,72.9,3.3,0,,,0.3,NE
151,828,26.8,18.4,16.8,82.7,1.4,0,,,0,N
151,830,25.5,14.9,12.8,81,1.5,0,,,0.3,NW
151,843,23.4,15,13.6,81.7,1.2,10,,,0.3,SE
151,845,27.2,17.6,15.6,75.9,0.9,2.5,,,0.1,W
151,846,26,18.8,16.1,69.3,1.6,1.5,,,0.2,NW
151,852,22.6,18.2,15.7,75,3.8,12.5,,,0.5,NE
151,860,26.4,19.7,16.6,65.2,1.1,3,,,0.4,NW
151,905,27.1,17,14.9,74.1,1.2,0,,,0.3,SE
151,915,26.3,17.3,15.6,88.3,1.2,4.5,,,0.3,NE
151,922,26.2,16.6,14.7,74.8,0.9,0.5,,,0.2,NW
151,927,26.7,16.8,14.6,75.3,1.2,0,,,0.3,NE
151,935,26.8,17.3,15.8,77.3,0.9,0.5,,,0.1,SW
151,991,27,17.7,15.2,79,1.1,1,,,0.3,NW
151,992,26.6,17.3,14.1,82.4,1.1,3,,,0.3,NE
151,995,23.6,15.9,14.4,78.3,1.7,0,,,0.2,NE
152,130,24.3,14.3,,81,1.5,0,,,0.1,W
152,138,24.6,17.1,,69.9,2.1,0.5,,,0.2,SW
152,143,26.2,15.8,,74.4,1.2,0,,,0.6,SE
152,152,25.8,15.5,,74.8,1.2,0,,,0.3,SE
152,159,26.5,19,,66.4,1.8,0,,,0.6,NE
152,162,26.6,18.6,,76.2,1.9,0,,,0.1,NE
152,257,27,17.2,,77.6,1,0,,,0.5,NE
152,271,23,12.8,,86.2,0.9,0,,,0.1,NW
152,278,25.9,13.7,,84.1,0.6,0,,,0.1,N
152,285,25.9,16.2,,86,0.5,0,,,0.2,SW
152,288,26.8,17,,77.6,1.1,0,,,0.2,NE
152,311,20.4,12.1,,92.2,0.5,0,,,0.1,S
152,800,25,13.9,,81.1,1.9,0,,,0,S
152,804,24.9,14.2,,79.3,1.9,0,,,0.2,SW
152,808,24.7,17.7,,78.1,2.2,0,,,0.2,W
152,828,26.2,16.8,,90.6,1,0,,,0,NW
152,830,26,12.8,,82.7,0.8,0,,,0.2,SE
152,843,25.3,13.6,,77.3,1.1,0,,,0,W
152,845,26.9,15.6,,76.7,0.9,0,,,0.3,NE
152,846,24.9,16.1,,73.9,1.2,0,,,0.1,W
152,852,22.8,15.7,,74.9,2.4,0,,,0,S
152,860,26,16.6,,71.3,0.9,0,,,0.4,NE
152,905,26.2,14.9,,81.4,1.3,0,,,0.1,NW
152,915,25.6,15.6,,90.9,1.2,0,,,0.2,NE
152,922,24.4,14.7,,82.7,0.5,0,,,0.2,NW
152,927,26.4,14.6,,83.8,0.8,0,,,0.2,SE
152,935,25.5,15.8,,79.3,1,0,,,0.2,W
152,991,25.9,15.2,,84.2,1.2,0,,,0.1,SW
152,992,26.6,14.1,,85.7,0.9,0,,,0.3,S
152,995,25.3,14.4,,82.3,0.7,0,,,0.2,SW
